Timestamp,PM2.5 (µg/m³),PM10 (µg/m³),NO (µg/m³),NO2 (µg/m³),NOx (ppb),NH3 (µg/m³),SO2 (µg/m³),CO (mg/m³),Ozone (µg/m³),Benzene (µg/m³),Toluene (µg/m³),Xylene (µg/m³),O Xylene (µg/m³),Eth-Benzene (µg/m³),MP-Xylene (µg/m³),AT (°C),RH (%),WS (m/s),WD (deg),RF (mm),TOT-RF (mm),SR (W/mt2),BP (mmHg),VWS (m/s)
2024-01-01 00:00:00,75.75,128.25,4.55,3.55,5.55,8.25,3.25,0.64,15.53,3.6,,,,,,,71.5,0.92,139.0,0.0,0.0,5.75,745.0,
2024-01-01 01:00:00,115.0,152.5,5.05,5.95,7.3,8.0,3.52,0.68,11.57,3.75,,,,,,,74.25,0.78,52.75,0.0,0.0,5.75,744.0,
2024-01-01 02:00:00,101.0,199.75,9.12,12.4,14.0,8.22,4.3,0.78,6.01,4.32,,,,,,,79.25,0.7,25.5,0.0,0.0,6.0,744.0,
2024-01-01 03:00:00,183.0,353.0,8.18,11.45,12.72,9.62,3.82,0.39,7.06,2.07,,,,,,,80.75,0.78,228.5,0.0,0.0,6.0,744.0,
2024-01-01 04:00:00,165.0,263.25,8.18,7.82,10.78,8.68,4.68,0.6,8.39,3.35,,,,,,,79.5,1.4,80.25,0.0,0.0,6.5,744.0,
2024-01-01 05:00:00,119.75,164.0,8.0,5.65,9.5,8.35,3.2,0.57,8.86,3.18,,,,,,,80.25,1.5,69.75,0.0,0.0,6.75,744.0,
2024-01-01 06:00:00,93.25,135.25,7.48,6.98,9.78,8.62,4.15,0.57,8.44,3.22,,,,,,,80.0,1.45,78.5,0.0,0.0,12.0,745.0,
2024-01-01 07:00:00,98.25,142.5,7.1,5.88,8.88,8.82,4.78,0.61,10.41,3.33,,,,,,,77.0,2.12,97.75,0.0,0.0,57.5,745.25,
2024-01-01 08:00:00,108.5,160.5,6.28,7.18,8.9,9.52,3.5,0.7,11.05,3.9,,,,,,,72.5,2.22,103.75,0.0,0.0,143.75,746.0,
2024-01-01 09:00:00,127.25,182.25,6.25,6.15,8.38,9.62,3.4,0.69,12.31,3.77,,,,,,,69.0,2.15,105.0,0.0,0.0,228.25,746.0,
2024-01-01 10:00:00,117.25,168.0,5.35,5.25,7.12,9.78,4.83,0.94,12.64,24.33,,,,,,,65.0,2.53,144.75,0.0,0.0,299.5,746.0,
2024-01-01 11:00:00,88.0,127.5,5.67,2.57,6.0,9.83,6.33,0.79,12.07,4.47,,,,,,,62.75,2.78,180.0,0.0,0.0,356.5,746.0,
2024-01-01 12:00:00,70.0,115.0,5.47,3.3,6.2,8.43,4.1,0.63,12.43,3.5,2.0,,,,,,63.25,2.82,173.5,0.0,0.0,332.0,745.25,
2024-01-01 13:00:00,69.75,117.75,3.45,4.22,5.05,7.25,4.0,0.48,12.98,2.7,1.9,,,,,,64.0,3.12,194.75,0.0,0.0,297.25,745.0,
2024-01-01 14:00:00,68.5,113.75,3.38,2.33,3.98,8.38,1.73,0.41,13.12,2.3,,,,,,,64.25,2.9,191.25,0.0,0.0,231.25,744.25,
2024-01-01 15:00:00,68.75,104.0,3.55,2.55,4.25,8.02,1.23,0.36,14.38,2.0,,,,,,,66.5,2.92,184.0,0.0,0.0,148.25,744.0,
2024-01-01 16:00:00,71.25,103.25,3.67,3.3,4.77,8.63,1.82,0.62,15.32,3.45,,,,,,,66.0,2.58,177.0,0.0,0.0,74.0,743.5,
2024-01-01 17:00:00,65.75,104.0,3.3,2.35,3.92,9.12,2.75,0.71,16.28,3.97,,,,,,,67.25,1.8,164.25,0.0,0.0,20.25,744.0,
2024-01-01 18:00:00,73.0,109.0,4.05,2.25,4.5,8.55,2.28,0.73,16.65,4.1,,,,,,,68.0,2.02,169.5,0.0,0.0,6.0,744.0,
2024-01-01 19:00:00,77.25,104.5,3.88,3.1,4.82,8.38,3.3,0.71,16.64,4.0,,,,,,,69.0,2.12,165.0,0.0,0.0,5.75,745.0,
2024-01-01 20:00:00,87.0,114.75,4.38,2.92,5.12,7.3,1.3,0.47,15.43,2.6,,,,,,,69.0,1.95,160.5,0.0,0.0,6.5,745.25,
2024-01-01 21:00:00,48.5,76.5,3.78,2.58,4.4,7.28,,0.41,15.73,2.28,,,,,,,69.25,2.0,167.0,0.0,0.0,6.75,745.75,
2024-01-01 22:00:00,42.0,72.0,4.2,2.9,4.92,6.98,0.45,0.42,15.84,2.38,,,,,,,70.0,1.68,154.75,0.0,0.0,6.75,745.0,
2024-01-01 23:00:00,44.75,74.25,4.08,2.33,4.55,7.38,0.88,0.41,16.22,2.33,,,,,,,70.0,1.45,172.25,0.0,0.0,6.75,745.0,
2024-01-02 00:00:00,45.0,77.25,4.2,2.72,4.85,7.88,3.72,0.52,16.51,2.88,,,,,,,71.0,1.45,173.0,0.0,0.0,6.75,744.25,
2024-01-02 01:00:00,45.0,63.25,3.35,2.7,4.15,7.88,5.62,0.54,15.68,3.02,,,,,,,71.5,1.35,159.75,0.0,0.0,6.75,744.0,
2024-01-02 02:00:00,35.25,56.75,4.72,2.33,5.08,7.7,1.55,0.52,15.4,2.92,,,,,,,72.0,1.1,148.0,0.0,0.0,6.75,743.25,
2024-01-02 03:00:00,32.5,60.25,4.7,3.0,5.42,7.72,1.42,0.54,14.86,2.97,,,,,,,71.75,1.12,140.0,0.0,0.0,6.75,743.0,
2024-01-02 04:00:00,28.75,55.75,4.92,3.48,5.85,6.62,0.95,0.42,11.91,2.35,,,,,,,73.25,0.88,196.0,0.0,0.0,6.75,743.0,
2024-01-02 05:00:00,36.0,80.25,8.0,10.75,12.2,7.22,0.2,0.41,4.64,2.32,,,,,,,79.75,0.5,259.25,0.0,0.0,6.75,743.25,
2024-01-02 06:00:00,78.75,147.25,7.72,11.18,12.22,7.68,0.15,0.47,5.54,2.62,,,,,,,80.25,0.78,78.0,0.0,0.0,13.0,744.0,
2024-01-02 07:00:00,83.75,151.5,11.85,10.18,15.02,8.0,0.4,0.52,5.22,2.9,,,,,,,80.25,0.62,82.5,0.0,0.0,42.75,744.5,
2024-01-02 08:00:00,97.25,166.0,9.18,8.83,12.15,8.43,2.95,0.57,7.83,3.18,,,,,,,76.5,1.68,103.0,0.0,0.0,61.75,745.0,
2024-01-02 09:00:00,111.0,176.75,8.98,9.9,12.6,8.98,4.25,0.63,9.69,3.47,,,,,,,73.25,1.32,85.75,0.0,0.0,99.5,746.0,
2024-01-02 10:00:00,94.0,161.25,7.85,6.1,9.6,8.7,4.3,0.76,10.42,23.33,,,,,,,66.5,1.85,169.25,0.0,0.0,251.0,745.75,
2024-01-02 11:00:00,59.75,120.0,8.03,3.83,8.57,8.02,4.37,0.64,11.24,3.6,,,,,,,64.0,2.12,187.75,0.0,0.0,329.75,745.0,
2024-01-02 12:00:00,54.75,102.75,7.17,3.03,7.43,8.17,3.32,0.57,11.91,3.18,,,,,,,64.75,1.92,187.25,0.0,0.0,203.25,744.25,
2024-01-02 13:00:00,52.25,104.5,5.28,2.7,5.75,7.48,2.75,0.45,12.59,2.52,,,,,,,65.75,2.22,176.25,0.0,0.0,188.5,743.75,
2024-01-02 14:00:00,58.5,106.0,3.58,3.75,4.92,7.4,1.45,0.41,13.49,2.33,,,,,,,66.25,2.12,174.75,0.0,0.0,163.75,743.0,
2024-01-02 15:00:00,66.0,117.0,3.58,3.3,4.7,7.75,0.5,0.38,13.6,2.1,,,,,,,67.0,2.1,183.75,0.0,0.0,126.0,743.0,
2024-01-02 16:00:00,67.0,123.5,3.47,3.5,4.67,8.5,1.63,0.51,14.25,2.85,,,,,,,67.25,2.05,165.0,0.0,0.0,71.75,743.0,
2024-01-02 17:00:00,69.25,125.0,3.32,3.48,4.6,8.8,2.6,0.58,14.58,3.22,,,,,,,67.75,1.58,183.25,0.0,0.0,25.25,743.25,
2024-01-02 18:00:00,69.5,124.25,3.48,4.58,5.28,8.3,2.18,0.61,14.22,3.35,,,,,,,70.75,1.65,169.25,0.0,0.0,7.0,744.0,
2024-01-02 19:00:00,73.5,117.5,2.35,5.22,4.68,8.38,2.85,0.58,14.58,3.23,,,,,,,70.75,1.68,155.25,0.0,0.0,6.75,744.25,
2024-01-02 20:00:00,60.25,102.25,3.62,4.55,5.35,7.95,1.1,0.52,13.14,2.88,,,,,,,71.0,1.48,144.75,0.0,0.0,7.5,745.0,
2024-01-02 21:00:00,50.25,89.5,4.32,3.12,5.2,6.98,,0.42,13.91,2.35,,,,,,,71.5,1.78,146.5,0.0,0.0,6.75,745.0,
2024-01-02 22:00:00,43.25,64.75,3.08,4.25,4.75,10.6,3.6,0.54,14.59,3.0,,,,,,,72.0,1.92,157.5,0.0,0.0,,744.75,
2024-01-02 23:00:00,38.25,59.25,3.82,4.32,5.4,12.08,4.5,0.52,15.66,3.75,,,,,,,72.0,1.85,159.75,0.0,0.0,,744.0,
2024-01-03 00:00:00,38.0,60.25,4.6,5.7,6.75,12.85,3.12,0.4,14.1,2.22,,,,,,,73.25,1.27,106.5,0.0,0.0,,744.0,
2024-01-03 01:00:00,35.25,58.0,4.55,5.42,6.6,13.78,3.05,0.29,11.34,1.6,,,,,,,75.75,0.95,76.25,0.0,0.0,,743.25,
2024-01-03 02:00:00,42.25,111.25,4.6,10.55,9.38,14.15,2.5,0.36,8.27,2.02,,,,,,,78.0,0.8,35.25,0.0,0.0,,743.0,
2024-01-03 03:00:00,62.25,206.0,7.1,14.0,13.23,14.92,3.78,0.48,6.65,2.6,,,,,,,79.0,0.5,36.5,0.0,0.0,,743.0,
2024-01-03 04:00:00,66.25,170.5,12.48,13.9,17.52,14.7,1.38,0.68,6.36,3.78,,,,,,,80.5,0.57,59.5,0.0,0.0,,743.0,
2024-01-03 05:00:00,80.5,158.0,14.1,13.05,18.42,15.38,0.3,0.71,6.92,3.98,,,,,,,82.5,0.57,297.5,0.0,0.0,,743.0,
2024-01-03 06:00:00,114.25,145.5,15.97,12.72,19.75,15.4,1.7,0.72,7.32,4.03,,,,,,,83.0,0.43,337.0,0.0,0.0,9.0,743.0,
2024-01-03 07:00:00,101.5,167.25,18.9,13.72,22.7,15.45,2.12,0.83,7.94,4.57,,,,,,,80.5,0.75,277.75,0.0,0.0,36.5,744.0,
2024-01-03 08:00:00,121.25,208.0,15.9,14.9,20.82,16.18,1.62,1.14,8.62,6.38,,,,,,,77.0,1.2,140.75,0.0,0.0,63.5,744.75,
2024-01-03 09:00:00,113.0,202.0,14.1,11.8,17.75,16.2,1.35,2.1,9.74,11.7,,,,,,,75.5,2.1,101.0,0.0,0.0,85.5,745.0,
2024-01-03 10:00:00,,,,,,,,,,,,,,,,,,,,,0.0,,,
2024-01-03 11:00:00,,,,,,,,,,,,,,,,,,,,,0.0,,,
2024-01-03 12:00:00,,,,,,,,,,,,,,,,,,,,,0.0,,,
2024-01-03 13:00:00,,,,,,,,,,,,,,,,,,,,,0.0,,,
2024-01-03 14:00:00,,,,,,,,,,,,,,,,,,,,,0.0,,,
2024-01-03 15:00:00,,,,,,,,,,,,,,,,,,,,,0.0,,,
2024-01-03 16:00:00,113.0,202.0,,,,,,,2.51,,,,,,,,71.0,1.9,198.0,0.0,0.0,52.0,743.0,
2024-01-03 17:00:00,62.0,108.0,,3.2,1.1,5.3,3.45,0.86,11.85,4.8,,,,,,,72.0,2.12,169.25,0.0,0.0,25.0,743.0,
2024-01-03 18:00:00,57.75,105.0,2.0,6.85,4.68,7.95,1.2,1.0,15.68,5.58,,,,,,,73.5,1.78,178.5,0.0,0.0,9.5,744.0,
2024-01-03 19:00:00,44.25,92.75,2.65,6.45,5.6,8.65,1.02,1.07,14.69,5.98,,,,,,,74.0,1.8,179.5,0.0,0.0,8.75,744.0,
2024-01-03 20:00:00,40.5,83.0,3.58,5.0,5.52,8.5,3.1,0.64,14.61,2.77,,,,,,,74.0,1.58,164.5,0.0,0.0,11.0,744.0,
2024-01-03 21:00:00,36.0,79.75,3.52,3.78,4.88,8.22,4.38,0.42,15.23,2.35,,,,,,,74.0,1.42,172.75,0.0,0.0,7.25,744.0,
2024-01-03 22:00:00,33.0,66.5,3.4,3.3,4.53,7.98,2.72,0.46,14.46,2.55,,,,,,,74.25,1.25,157.25,0.0,0.0,5.75,744.0,
2024-01-03 23:00:00,24.0,59.0,4.85,3.58,5.82,6.22,2.3,0.42,13.79,2.33,,,,,,,74.75,1.12,158.0,0.0,0.0,6.0,744.0,
2024-01-04 00:00:00,24.25,66.75,4.25,2.82,4.95,6.15,2.72,0.44,14.58,2.67,,,,,,,75.5,1.02,164.75,0.0,0.0,6.0,743.75,
2024-01-04 01:00:00,23.5,56.75,3.82,2.85,4.62,5.92,3.5,0.48,15.08,2.62,,,,,,,76.0,1.08,143.75,0.0,0.0,5.75,743.25,
2024-01-04 02:00:00,17.75,39.75,5.8,3.05,6.38,6.75,3.55,0.5,14.3,2.82,,,,,,,77.75,0.82,190.5,0.0,0.0,6.0,743.0,
2024-01-04 03:00:00,23.75,62.75,12.98,13.88,17.92,9.15,4.2,0.54,6.0,3.02,,,,,,,80.75,0.68,225.75,0.0,0.0,5.5,743.0,
2024-01-04 04:00:00,56.25,115.25,9.9,13.15,15.02,8.6,1.68,0.52,5.15,2.7,,,,,,,81.75,0.95,59.5,0.0,0.0,5.75,743.0,
2024-01-04 05:00:00,62.5,107.5,8.07,10.58,12.18,8.1,0.72,0.5,5.98,2.8,,,,,,,81.0,1.08,93.0,0.0,0.0,5.75,743.0,
2024-01-04 06:00:00,62.0,100.75,9.3,12.02,13.95,8.72,2.65,0.42,5.75,2.3,,,,,,,82.0,1.42,53.25,0.0,0.0,6.75,744.0,
2024-01-04 07:00:00,98.0,139.25,12.18,10.92,15.7,7.48,3.0,0.53,6.06,2.95,,,,,,,82.75,0.7,187.0,0.0,0.0,27.25,744.75,
2024-01-04 08:00:00,120.25,175.0,15.68,13.88,20.08,8.18,2.82,0.77,6.95,4.47,,,,,,,79.25,0.75,242.25,0.0,0.0,91.5,745.0,
2024-01-04 09:00:00,127.75,193.0,13.42,11.85,17.2,9.2,3.25,0.86,10.22,4.8,,,,,,,73.25,1.32,149.25,0.0,0.0,161.5,745.25,
2024-01-04 10:00:00,93.0,150.75,10.92,3.88,10.98,8.95,4.33,0.79,10.96,23.83,,,,,,,66.75,2.1,166.5,0.0,0.0,295.0,745.75,
2024-01-04 11:00:00,39.5,82.25,9.43,3.03,9.3,9.63,4.67,0.75,12.47,4.18,,,,,,,66.25,2.02,197.0,0.0,0.0,317.0,745.0,
2024-01-04 12:00:00,51.5,95.25,7.9,4.03,8.6,9.53,2.88,0.74,13.04,4.03,,,,,,,68.0,1.95,184.25,0.0,0.0,231.5,744.25,
2024-01-04 13:00:00,53.5,94.5,7.65,2.7,7.68,9.28,2.65,0.98,12.74,5.45,,,,,,,67.75,1.78,201.75,0.0,0.0,229.25,743.75,
2024-01-04 14:00:00,44.75,88.5,7.12,4.12,8.0,8.28,1.32,0.94,13.55,5.22,,,,,,,71.0,2.25,197.0,0.0,0.0,153.75,743.0,
2024-01-04 15:00:00,43.25,87.0,5.8,3.55,6.58,8.0,0.85,0.92,15.55,5.1,,,,,,,76.0,2.08,187.5,0.0,0.0,44.5,743.0,
2024-01-04 16:00:00,50.75,88.75,5.23,3.93,6.33,7.57,2.8,0.52,15.69,2.5,,,,,,,83.0,1.72,134.75,0.5,0.5,11.25,743.0,
2024-01-04 17:00:00,52.5,63.5,2.95,6.72,5.95,8.55,3.78,0.44,13.71,2.48,,,,,,,85.75,1.58,158.25,0.25,0.25,4.33,743.0,
2024-01-04 18:00:00,53.0,59.0,5.45,16.2,13.08,8.43,2.82,0.54,7.23,3.02,,,,,,,86.25,0.78,288.5,0.0,0.0,2.25,744.0,
2024-01-04 19:00:00,65.5,82.0,12.45,17.62,19.47,9.55,1.02,0.78,5.94,4.35,,,,,,,87.0,0.52,254.25,0.0,0.0,1.75,744.0,
2024-01-04 20:00:00,80.25,95.5,10.2,11.35,14.3,9.52,1.23,0.66,11.02,3.3,,,,,,,80.75,1.62,200.25,0.0,0.0,1.75,744.0,
2024-01-04 21:00:00,61.25,83.0,9.27,4.42,9.93,9.2,0.82,0.54,17.19,2.98,,,,,,,75.25,1.5,146.25,0.0,0.0,1.0,744.25,
2024-01-04 22:00:00,48.0,60.25,8.22,4.78,9.25,8.85,0.43,0.51,18.47,2.85,,,,,,,76.0,1.7,148.75,0.0,0.0,1.5,744.0,
2024-01-04 23:00:00,49.5,65.0,8.2,2.92,8.22,9.02,1.2,0.46,18.66,2.58,,,,,,,76.0,1.4,159.25,0.0,0.0,1.75,744.0,
2024-01-05 00:00:00,45.25,68.0,6.8,2.78,7.0,8.38,1.18,0.53,18.96,3.2,,,,,,,76.0,1.05,156.75,0.0,0.0,2.0,744.0,
2024-01-05 01:00:00,46.25,69.75,6.15,2.95,6.6,7.95,1.15,0.55,18.2,3.05,,,,,,,76.0,1.02,145.0,0.0,0.0,2.5,743.5,
2024-01-05 02:00:00,48.0,74.5,5.85,3.2,6.48,8.8,0.78,0.5,18.63,2.8,,,,,,,76.25,1.02,138.0,0.0,0.0,3.0,743.0,
2024-01-05 03:00:00,51.0,73.25,6.55,5.85,8.45,9.7,2.15,0.47,14.23,2.6,,,,,,,78.75,0.8,89.5,0.0,0.0,2.75,743.0,
2024-01-05 04:00:00,54.0,75.75,8.82,10.62,12.88,9.6,3.18,0.56,6.76,3.2,,,,,,,81.75,0.52,27.25,0.0,0.0,2.75,743.0,
2024-01-05 05:00:00,66.5,89.0,10.18,13.4,15.4,10.1,3.4,0.71,5.5,3.97,,,,,,,83.0,1.02,111.75,0.0,0.0,2.5,743.0,
2024-01-05 06:00:00,77.75,113.75,8.55,12.8,13.75,10.3,1.82,0.73,6.75,4.05,,,,,,,83.0,1.23,71.75,0.0,0.0,4.25,744.0,
2024-01-05 07:00:00,82.5,119.5,8.38,12.12,13.25,9.8,0.8,0.74,6.9,4.12,,,,,,,82.0,1.23,137.0,0.0,0.0,12.0,744.5,
2024-01-05 08:00:00,96.0,136.75,11.28,13.15,16.15,9.25,2.2,0.71,7.65,3.9,,,,,,,80.5,1.45,75.75,0.0,0.0,54.25,745.0,
2024-01-05 09:00:00,110.5,152.75,10.18,11.62,14.45,10.22,3.55,0.76,9.62,4.23,,,,,,,76.0,1.8,86.25,0.0,0.0,174.0,745.25,
2024-01-05 10:00:00,91.0,129.75,11.3,8.82,13.88,10.32,4.67,0.9,11.34,24.33,,,,,,,72.0,2.17,96.25,0.0,0.0,241.25,745.0,
2024-01-05 11:00:00,60.0,93.0,9.9,8.7,12.67,9.78,4.97,0.77,11.56,4.28,,,,,,,68.75,2.52,131.25,0.0,0.0,294.75,744.75,
2024-01-05 12:00:00,45.75,73.25,9.2,5.37,10.3,11.07,4.9,0.68,12.15,3.77,,,,,,,66.25,2.6,157.25,0.0,0.0,336.0,744.0,
2024-01-05 13:00:00,37.75,69.5,7.3,4.7,8.45,10.2,3.6,0.62,11.93,3.42,,,,,,,65.0,2.4,158.75,0.0,0.0,317.75,743.0,
2024-01-05 14:00:00,35.75,72.25,9.15,2.97,9.0,9.57,2.78,0.59,11.34,3.3,,,,,,,64.5,2.4,167.5,0.0,0.0,263.25,743.0,
2024-01-05 15:00:00,39.25,67.25,7.02,3.28,7.42,9.88,3.12,0.57,12.76,3.2,,,,,,,69.25,2.42,170.75,0.0,0.0,112.25,743.0,
2024-01-05 16:00:00,34.5,71.25,6.13,5.57,7.97,7.23,1.05,0.63,12.55,3.53,,,,,,,70.5,2.4,154.75,0.0,0.0,53.5,743.0,
2024-01-05 17:00:00,38.0,82.75,5.45,5.65,7.4,8.0,1.3,0.46,12.4,2.55,,,,,,,71.75,2.05,138.75,0.0,0.0,12.5,743.0,
2024-01-05 18:00:00,43.0,84.0,5.58,6.45,7.95,7.75,2.18,0.5,12.87,2.78,,,,,,,73.75,2.1,116.5,0.0,0.0,4.25,744.0,
2024-01-05 19:00:00,41.5,72.0,4.85,7.05,7.7,8.45,2.33,0.4,11.38,2.25,,,,,,,75.75,2.08,122.0,0.0,0.0,5.75,744.0,
2024-01-05 20:00:00,43.0,67.0,5.08,4.53,6.52,9.95,2.88,0.53,13.14,3.17,,,,,,,77.5,1.92,132.25,0.0,0.0,5.0,744.5,
2024-01-05 21:00:00,32.25,51.5,5.65,4.8,7.15,9.05,3.32,0.72,12.95,4.03,,,,,,,77.0,1.85,127.25,0.0,0.0,4.75,745.0,
2024-01-05 22:00:00,25.75,47.75,5.25,4.0,6.4,9.4,1.88,0.72,13.06,4.02,,,,,,,77.75,1.82,128.5,0.0,0.0,4.25,744.5,
2024-01-05 23:00:00,22.5,41.75,5.5,3.22,6.18,9.32,2.12,0.67,13.24,3.75,,,,,,,78.0,1.88,130.0,0.0,0.0,4.75,744.0,
2024-01-06 00:00:00,25.0,43.0,5.98,2.62,6.25,7.85,2.62,0.36,14.09,1.6,,,,,,,78.0,2.15,128.75,0.0,0.0,5.75,744.0,
2024-01-06 01:00:00,26.75,39.0,4.65,2.35,5.08,8.68,3.25,0.25,13.92,1.38,,,,,,,78.75,2.0,131.5,0.0,0.0,5.75,743.5,
2024-01-06 02:00:00,24.0,37.5,5.42,2.08,5.52,9.02,1.42,0.23,13.41,1.27,,,,,,,79.0,1.85,104.25,0.0,0.0,6.0,743.0,
2024-01-06 03:00:00,25.25,43.0,4.68,2.18,4.95,9.18,1.23,0.21,13.78,1.18,,,,,,,79.25,1.83,98.5,0.0,0.0,6.0,743.0,
2024-01-06 04:00:00,22.0,44.25,4.65,4.62,6.22,9.52,1.12,0.41,10.31,2.6,,,,,,,82.5,1.72,76.75,0.0,0.0,5.0,743.0,
2024-01-06 05:00:00,26.5,36.25,5.05,4.25,6.4,9.52,1.35,0.48,10.96,2.7,,,,,,,82.25,2.1,110.5,0.0,0.0,3.75,743.0,
2024-01-06 06:00:00,22.75,29.75,5.95,5.0,7.55,9.75,2.17,0.5,11.51,2.75,,,,,,,80.5,2.15,98.25,0.0,0.0,6.0,743.25,
2024-01-06 07:00:00,25.0,36.5,6.08,6.3,8.25,9.0,1.7,0.5,10.75,2.8,,,,,,,78.5,2.33,104.5,0.0,0.0,18.5,744.0,
2024-01-06 08:00:00,25.5,41.75,5.52,5.2,7.25,8.75,1.3,0.49,11.77,2.77,,,,,,,78.0,2.4,116.25,0.0,0.0,30.25,744.75,
2024-01-06 09:00:00,27.25,44.5,4.6,3.9,5.78,9.3,1.08,0.52,12.84,2.87,,,,,,,78.25,2.28,121.75,0.0,0.0,49.75,745.0,
2024-01-06 10:00:00,27.25,44.75,5.85,4.97,7.4,9.3,2.07,0.67,12.24,23.13,,,,,,,81.25,2.1,113.5,0.0,0.0,63.25,745.0,
2024-01-06 11:00:00,25.0,41.75,5.53,7.0,8.2,9.12,3.63,0.59,10.28,3.3,,,,,,,81.5,2.0,108.0,0.0,0.0,72.75,744.5,
2024-01-06 12:00:00,24.25,46.25,5.67,5.6,7.6,10.8,4.38,0.57,12.21,3.27,,,,,,,77.25,2.52,138.0,0.0,0.0,137.0,744.0,
2024-01-06 13:00:00,22.25,48.5,3.62,6.65,6.5,9.75,3.95,0.53,14.84,2.95,,,,,,,74.75,2.55,148.0,0.0,0.0,167.5,743.0,
2024-01-06 14:00:00,21.75,37.25,4.1,4.5,5.72,9.4,3.28,0.46,12.18,2.58,,,,,,,74.75,2.85,141.75,0.0,0.0,190.25,743.0,
2024-01-06 15:00:00,19.0,44.75,3.7,4.08,5.15,8.62,2.45,0.47,11.93,2.62,,,,,,,74.0,3.08,156.75,0.0,0.0,113.0,743.0,
2024-01-06 16:00:00,18.75,46.5,2.67,3.57,4.03,7.83,0.9,0.47,10.85,2.67,,,,,,,75.25,2.72,161.25,0.0,0.0,57.5,743.0,
2024-01-06 17:00:00,8.5,43.5,4.05,3.5,5.15,7.58,,0.5,10.17,2.78,,,,,,,76.75,2.5,157.0,0.0,0.0,18.75,743.5,
2024-01-06 18:00:00,6.75,37.75,4.08,4.85,5.95,8.15,2.28,0.52,9.28,2.85,,,,,,,77.0,2.22,120.25,0.0,0.0,5.25,744.0,
2024-01-06 19:00:00,6.75,35.5,3.98,8.88,7.95,7.25,2.68,0.55,8.07,3.05,,,,,,,77.0,1.88,120.75,0.0,0.0,4.75,744.0,
2024-01-06 20:00:00,10.25,42.0,6.38,8.55,9.72,8.85,3.45,0.5,8.66,2.73,,,,,,,76.75,1.95,110.0,0.0,0.0,4.75,744.5,
2024-01-06 21:00:00,16.0,50.25,5.0,8.95,8.85,8.48,3.4,0.51,7.66,2.85,,,,,,,77.5,1.55,62.0,0.0,0.0,4.75,745.0,
2024-01-06 22:00:00,25.0,61.0,6.4,8.7,9.82,9.22,1.58,0.56,7.05,3.12,,,,,,,78.25,1.52,68.25,0.0,0.0,4.5,745.0,
2024-01-06 23:00:00,31.25,72.0,5.62,6.18,7.85,9.05,0.7,0.54,8.78,3.0,,,,,,,79.0,1.8,88.0,0.0,0.0,4.25,744.0,
2024-01-07 00:00:00,21.5,64.5,6.52,4.28,7.57,8.6,1.05,0.47,9.88,2.5,,,,,,,79.0,1.88,112.75,0.0,0.0,4.5,744.0,
2024-01-07 01:00:00,17.25,47.75,6.25,3.65,7.0,8.78,1.58,0.44,11.04,2.45,,,,,,,79.25,2.08,130.5,0.0,0.0,4.5,744.0,
2024-01-07 02:00:00,19.75,39.0,4.75,3.97,6.0,8.68,3.75,0.44,10.65,2.45,,,,,,,80.0,1.82,127.5,0.0,0.0,5.25,743.25,
2024-01-07 03:00:00,23.25,42.0,6.02,4.0,7.02,9.1,4.0,0.41,11.79,2.32,,,,,,,80.0,1.75,133.75,0.0,0.0,3.75,743.25,
2024-01-07 04:00:00,18.5,42.5,7.32,4.08,8.12,9.07,2.7,0.45,12.85,2.6,,,,,,,80.5,1.78,140.75,0.0,0.0,3.0,743.0,
2024-01-07 05:00:00,16.5,37.75,4.98,2.82,5.52,9.95,3.02,0.46,12.67,2.58,,,,,,,82.5,1.62,202.25,0.0,0.0,1.5,743.5,
2024-01-07 06:00:00,6.75,18.25,4.5,4.12,5.85,8.78,3.8,0.47,9.56,2.6,,,,,,,84.5,0.62,127.25,0.5,0.5,4.25,744.0,
2024-01-07 07:00:00,11.0,20.5,4.53,11.38,9.75,8.88,3.6,0.51,4.3,2.82,,,,,,,86.0,0.4,124.5,0.0,0.0,14.25,744.5,
2024-01-07 08:00:00,19.0,36.5,4.35,9.25,8.45,8.78,2.1,0.6,6.96,3.37,,,,,,,85.75,1.1,242.75,0.25,0.25,13.75,745.25,
2024-01-07 09:00:00,26.5,44.25,6.48,5.85,8.38,8.45,2.0,0.66,9.94,3.67,,,,,,,86.0,1.42,143.5,0.0,0.0,84.5,746.0,
2024-01-07 10:00:00,31.0,45.0,7.45,5.98,9.22,9.65,1.05,0.9,8.18,24.57,,,,,,,86.75,2.28,86.25,0.0,0.0,117.75,745.5,
2024-01-07 11:00:00,17.0,18.0,6.87,6.4,9.0,9.27,0.8,0.78,9.07,4.38,,,,,,,84.5,2.48,105.25,0.0,0.0,87.5,745.0,
2024-01-07 12:00:00,17.0,18.0,8.5,6.0,10.13,8.47,1.3,0.65,10.29,3.43,,,,,,,84.25,2.62,96.5,0.0,0.0,99.5,744.0,
2024-01-07 13:00:00,20.0,30.0,9.3,7.12,11.32,8.85,1.08,0.66,10.43,3.68,,,,,,,84.0,2.25,115.25,0.0,0.0,78.0,743.25,
2024-01-07 14:00:00,20.0,30.0,8.05,7.07,10.32,9.18,3.28,0.62,10.08,3.45,,,,,,,86.25,2.7,127.25,0.0,0.0,66.0,743.0,
2024-01-07 15:00:00,14.0,27.0,7.32,5.1,8.65,9.48,3.15,0.58,11.23,3.22,,,,,,,86.75,3.15,119.5,0.0,0.0,76.0,742.75,
2024-01-07 16:00:00,13.75,25.0,7.8,5.43,9.23,8.6,4.5,0.52,9.87,2.87,,,,,,,87.0,2.42,100.5,0.0,0.0,28.25,742.75,
2024-01-07 17:00:00,14.25,19.25,6.68,6.55,8.88,8.05,4.42,0.51,9.17,2.85,,,,,,,87.0,2.08,143.75,0.5,0.5,10.5,743.0,
2024-01-07 18:00:00,17.75,21.25,7.32,4.8,8.52,8.1,2.02,0.52,10.01,2.88,,,,,,,88.75,2.15,138.25,1.75,1.75,5.75,743.75,
2024-01-07 19:00:00,14.5,20.75,5.9,4.62,7.28,8.22,0.88,0.51,10.24,2.85,,,,,,,89.0,2.8,134.0,1.0,1.0,5.25,744.0,
2024-01-07 20:00:00,6.5,8.25,5.72,4.3,6.98,8.22,2.68,0.45,12.3,2.4,,,,,,,88.75,3.3,140.25,0.25,0.25,5.25,744.25,
2024-01-07 21:00:00,5.0,10.0,4.8,4.78,6.42,8.65,3.08,0.42,10.51,2.35,,,,,,,87.0,2.45,119.75,0.0,0.0,4.25,744.5,
2024-01-07 22:00:00,5.5,14.75,5.6,4.5,6.95,9.22,2.68,0.44,9.15,2.42,,,,,,,86.5,1.65,98.5,0.0,0.0,2.0,744.0,
2024-01-07 23:00:00,7.0,20.5,5.42,6.48,7.85,8.4,2.12,0.41,6.78,2.28,,,,,,,87.75,1.15,61.5,0.0,0.0,2.0,744.0,
2024-01-08 00:00:00,7.0,22.0,7.92,6.18,9.7,8.65,0.95,0.45,6.11,2.63,,,,,,,88.25,1.15,75.25,3.25,3.25,5.0,744.0,
2024-01-08 01:00:00,,,7.25,5.03,8.55,7.75,0.45,0.5,6.55,2.75,,,,,,,89.75,0.88,42.5,0.0,0.0,4.0,743.25,
2024-01-08 02:00:00,,,8.35,5.03,9.48,8.1,2.1,0.44,6.7,2.5,,,,,,,90.0,1.15,89.75,1.25,1.25,5.5,743.0,
2024-01-08 03:00:00,12.0,16.0,7.12,1.4,6.55,8.55,2.98,0.44,12.73,2.45,,,,,,,90.0,1.45,140.75,0.75,0.75,5.5,743.0,
2024-01-08 04:00:00,11.0,16.25,6.9,1.78,6.52,7.78,1.95,0.44,12.2,2.47,,,,,,,88.25,2.35,154.75,0.0,0.0,4.5,743.0,
2024-01-08 05:00:00,9.0,17.25,6.12,3.95,7.08,8.52,2.08,0.46,8.16,2.55,,,,,,,87.75,1.15,113.25,0.0,0.0,3.75,743.25,
2024-01-08 06:00:00,13.25,19.25,6.98,5.75,8.7,8.5,2.38,0.47,7.77,2.62,,,,,,,89.0,1.15,75.25,0.25,0.25,5.0,744.0,
2024-01-08 07:00:00,17.0,23.0,8.28,6.52,10.2,8.88,1.92,0.41,10.48,2.28,,,,,,,89.0,1.45,160.75,2.75,2.75,10.5,744.75,
2024-01-08 08:00:00,,,8.45,4.15,9.1,8.65,2.0,0.48,13.61,2.77,,,,,,,89.5,1.72,160.25,0.75,0.75,20.0,745.5,
2024-01-08 09:00:00,14.0,22.0,7.82,4.65,8.82,8.12,0.75,0.56,13.95,3.1,,,,,,,88.0,2.02,150.0,0.0,0.0,31.25,746.0,
2024-01-08 10:00:00,13.5,24.25,8.5,7.0,10.62,8.62,2.33,0.71,9.66,23.53,,,,,,,87.0,1.52,103.5,0.0,0.0,23.5,746.0,
2024-01-08 11:00:00,14.5,36.0,7.5,6.23,9.4,7.95,5.67,0.62,12.07,3.48,,,,,,,84.0,2.1,141.75,0.0,0.0,34.5,745.5,
2024-01-08 12:00:00,22.5,51.5,7.53,2.5,7.43,8.4,1.48,0.54,15.56,2.87,,,,,,,80.75,2.65,154.75,0.0,0.0,59.0,744.75,
2024-01-08 13:00:00,25.25,51.0,7.88,2.6,7.8,8.28,1.25,0.5,17.54,2.8,,,,,,,79.75,2.72,151.75,0.0,0.0,85.5,744.25,
2024-01-08 14:00:00,28.5,49.5,7.75,3.3,8.07,8.72,3.78,0.5,15.31,2.78,,,,,,,79.5,2.2,133.75,0.0,0.0,67.75,744.0,
2024-01-08 15:00:00,28.0,64.0,7.45,3.45,7.95,8.6,4.1,0.49,14.89,2.75,,,,,,,80.25,1.92,138.5,0.0,0.0,51.0,744.0,
2024-01-08 16:00:00,32.0,70.5,6.7,5.27,8.23,8.63,3.38,0.53,13.74,2.97,,,,,,,81.5,1.58,131.0,0.0,0.0,24.0,744.0,
2024-01-08 17:00:00,37.25,79.25,6.42,5.5,8.15,7.88,3.7,0.56,12.85,3.12,,,,,,,82.0,1.65,120.5,0.0,0.0,7.5,744.0,
2024-01-08 18:00:00,45.0,74.75,4.97,5.0,6.72,8.45,2.78,0.6,15.65,3.3,,,,,,,81.5,2.0,142.0,0.0,0.0,2.75,744.0,
2024-01-08 19:00:00,49.25,77.5,3.52,4.9,5.48,8.25,2.78,0.56,17.7,3.15,,,,,,,80.0,2.38,165.5,0.0,0.0,2.5,744.5,
2024-01-08 20:00:00,55.0,80.25,5.32,3.88,6.38,8.72,2.45,0.55,17.9,2.9,,,,,,,80.25,1.55,161.0,0.0,0.0,2.0,745.0,
2024-01-08 21:00:00,59.75,85.0,4.88,4.0,6.1,9.52,2.45,0.54,17.8,3.0,,,,,,,80.25,1.25,165.25,0.0,0.0,1.0,745.0,
2024-01-08 22:00:00,55.0,84.75,4.1,2.7,4.75,9.57,2.08,0.51,18.71,2.82,,,,,,,80.0,1.55,158.75,0.0,0.0,1.0,745.0,
2024-01-08 23:00:00,51.0,75.5,4.65,3.25,5.52,9.0,2.1,0.49,19.72,2.75,,,,,,,80.25,1.23,153.5,0.0,0.0,1.0,745.0,
2024-01-09 00:00:00,47.0,75.75,4.15,2.3,4.62,8.82,1.5,0.48,18.8,2.67,,,,,,,80.0,1.45,178.5,0.0,0.0,1.0,744.25,
2024-01-09 01:00:00,44.75,76.0,5.18,1.42,4.95,8.32,,0.49,18.45,2.75,,,,,,,80.0,1.12,184.5,0.0,0.0,1.0,744.0,
2024-01-09 02:00:00,45.0,82.0,4.28,1.38,4.25,8.78,1.65,0.47,17.72,2.58,,,,,,,80.25,1.05,154.0,0.0,0.0,1.75,744.0,
2024-01-09 03:00:00,39.5,63.5,4.82,2.28,5.12,8.93,2.6,0.45,18.31,2.52,,,,,,,81.0,1.12,170.0,0.0,0.0,1.75,743.0,
2024-01-09 04:00:00,41.0,63.25,4.85,2.82,5.45,7.88,4.55,0.46,19.1,2.53,,,,,,,80.25,1.38,149.75,0.0,0.0,1.75,743.0,
2024-01-09 05:00:00,42.25,67.5,4.95,2.35,5.28,8.25,4.92,0.44,20.39,2.42,,,,,,,79.5,1.95,173.5,0.0,0.0,2.5,743.5,
2024-01-09 06:00:00,46.5,70.0,5.5,5.15,7.22,8.65,2.45,0.47,17.26,2.65,,,,,,,80.0,1.38,148.0,0.0,0.0,7.75,744.0,
2024-01-09 07:00:00,46.5,74.0,5.25,5.48,7.18,8.57,1.35,0.47,17.22,2.62,,,,,,,78.25,2.0,166.75,0.0,0.0,63.5,745.0,
2024-01-09 08:00:00,42.5,74.75,5.82,3.95,6.88,8.55,3.08,0.44,17.43,2.43,,,,,,,75.75,2.6,198.25,0.0,0.0,134.75,746.0,
2024-01-09 09:00:00,41.75,69.75,6.1,3.12,6.62,8.23,3.45,0.46,16.61,2.57,,,,,,,74.75,2.78,197.0,0.0,0.0,174.0,746.0,
2024-01-09 10:00:00,36.75,76.25,5.65,2.98,6.18,9.0,3.2,0.57,16.79,22.63,,,,,,,74.0,2.6,205.75,0.0,0.0,212.75,746.75,
2024-01-09 11:00:00,42.5,81.5,4.4,2.67,5.0,9.17,3.47,0.49,16.0,2.72,,,,,,,73.0,3.0,207.0,0.0,0.0,310.25,746.0,
2024-01-09 12:00:00,44.0,86.75,5.67,4.2,6.87,9.33,3.52,0.49,15.11,2.77,,,,,,,72.0,2.68,190.75,0.0,0.0,274.5,745.75,
2024-01-09 13:00:00,44.0,87.5,6.22,4.5,7.45,8.52,4.53,0.48,14.28,2.7,,,,,,,71.0,2.35,191.75,0.0,0.0,247.75,745.0,
2024-01-09 14:00:00,43.5,84.5,5.75,2.35,5.92,8.85,2.92,0.46,15.65,2.55,,,,,,,70.5,2.33,194.25,0.0,0.0,246.75,744.25,
2024-01-09 15:00:00,43.5,89.25,4.57,3.88,5.8,8.8,2.65,0.45,15.83,2.5,,,,,,,71.5,2.65,183.25,0.0,0.0,181.0,744.0,
2024-01-09 16:00:00,46.5,90.5,4.97,3.63,5.97,8.5,1.58,0.5,16.31,2.87,,,,,,,74.5,2.48,194.0,0.0,0.0,65.75,744.0,
2024-01-09 17:00:00,42.75,91.75,3.82,5.38,5.98,6.65,0.5,0.53,16.32,2.98,,,,,,,76.75,1.98,199.0,0.0,0.0,13.0,744.0,
2024-01-09 18:00:00,46.75,91.0,1.42,7.6,5.18,7.4,3.58,0.6,31.47,3.32,,,,,,,78.25,2.15,188.5,0.0,0.0,7.25,744.75,
2024-01-09 19:00:00,53.0,89.75,3.35,4.92,5.32,7.25,4.47,0.62,52.81,3.42,,,,,,,78.5,2.55,199.25,0.0,0.0,7.75,745.0,
2024-01-09 20:00:00,54.5,85.5,4.0,3.75,5.18,7.28,2.2,0.53,77.51,2.77,,,,,,,77.0,2.53,214.5,0.0,0.0,7.5,745.25,
2024-01-09 21:00:00,48.75,83.0,3.15,3.12,4.2,8.5,,0.5,82.91,2.8,,,,,,,77.25,2.42,204.0,0.0,0.0,6.5,745.0,
2024-01-09 22:00:00,45.25,79.5,4.32,2.82,5.03,7.75,0.75,0.48,78.78,2.7,,,,,,,76.0,2.68,199.0,0.0,0.0,6.25,745.0,
2024-01-09 23:00:00,45.75,79.75,4.47,2.12,4.78,7.95,0.98,0.47,74.64,2.62,,,,,,,76.0,3.08,214.0,0.0,0.0,6.25,745.0,
2024-01-10 00:00:00,45.75,81.75,4.92,1.85,4.97,8.43,0.9,0.47,67.19,2.6,,,,,,,76.5,2.65,207.25,0.0,0.0,6.5,744.5,
2024-01-10 01:00:00,47.0,70.5,3.5,2.4,4.15,6.62,0.97,0.37,68.75,2.1,,,,,,,76.5,2.55,190.5,0.0,0.0,7.0,744.0,
2024-01-10 02:00:00,43.25,63.75,2.9,2.45,3.65,7.3,1.58,0.34,72.37,1.9,,,,,,,76.25,2.8,191.5,0.0,0.0,7.0,744.0,
2024-01-10 03:00:00,39.5,57.5,3.4,2.02,3.82,7.3,2.12,0.31,69.54,1.7,,,,,,,76.0,2.22,175.75,0.0,0.0,8.0,744.0,
2024-01-10 04:00:00,35.75,61.25,2.05,2.1,2.78,7.15,,0.34,66.11,1.97,,,,,,,76.0,2.2,167.75,0.0,0.0,7.75,743.75,
2024-01-10 05:00:00,36.75,67.75,2.15,3.45,3.6,7.48,,0.36,59.34,2.02,,,,,,,76.5,1.7,162.0,0.0,0.0,7.5,744.0,
2024-01-10 06:00:00,36.0,70.0,4.53,3.28,5.42,7.95,2.62,0.36,52.49,2.0,,,,,,,76.25,2.17,175.5,0.0,0.0,9.75,744.0,
2024-01-10 07:00:00,43.25,79.0,5.6,3.35,6.32,8.0,3.9,0.38,48.32,2.05,,,,,,,74.75,1.9,171.5,0.0,0.0,54.25,744.75,
2024-01-10 08:00:00,38.0,84.0,4.52,5.98,6.85,8.28,4.45,0.44,38.34,2.57,,,,,,,72.0,1.8,169.75,0.0,0.0,136.25,745.25,
2024-01-10 09:00:00,38.0,96.5,3.55,5.7,5.92,7.85,4.6,0.48,28.64,2.7,,,,,,,70.0,2.17,181.75,0.0,0.0,222.25,746.0,
2024-01-10 10:00:00,38.5,86.5,4.53,3.15,5.35,8.1,1.87,0.58,27.34,22.57,,,,,,,69.25,2.5,185.5,0.0,0.0,320.0,746.0,
2024-01-10 11:00:00,39.5,82.25,4.63,2.8,5.27,7.32,1.27,0.47,27.91,2.62,,,,,,,67.5,2.1,199.0,0.0,0.0,364.25,746.0,
2024-01-10 12:00:00,39.0,91.0,4.13,3.33,5.13,8.03,3.05,0.38,27.49,1.93,,,,,,,66.75,2.2,182.75,0.0,0.0,363.75,745.0,
2024-01-10 13:00:00,41.5,86.25,5.98,3.02,6.45,8.07,3.62,0.36,26.11,2.0,,,,,,,66.25,1.92,183.75,0.0,0.0,307.25,744.25,
2024-01-10 14:00:00,39.75,80.25,5.75,2.35,5.95,8.67,3.2,0.33,23.51,1.9,,,,,,,67.0,2.22,175.5,0.0,0.0,207.25,743.75,
2024-01-10 15:00:00,39.25,80.5,5.38,2.72,5.82,8.68,2.08,0.32,23.36,1.8,,,,,,,68.5,2.1,178.5,0.0,0.0,172.0,743.0,
2024-01-10 16:00:00,40.25,87.25,2.87,5.37,5.17,9.5,1.85,0.38,83.89,2.2,,,,,,,71.0,2.08,173.25,0.0,0.0,83.75,744.0,
2024-01-10 17:00:00,42.75,87.25,3.95,4.55,5.62,8.92,1.52,0.37,,2.1,,,,,,,73.5,1.78,175.0,0.0,0.0,26.0,744.0,
2024-01-10 18:00:00,48.75,93.25,3.05,5.78,5.5,7.15,0.7,0.33,162.5,1.85,,,,,,,75.25,1.85,143.5,0.0,0.0,7.0,744.5,
2024-01-10 19:00:00,53.5,93.75,3.6,6.85,6.55,6.95,1.1,0.39,122.22,2.2,,,,,,,76.25,1.45,164.0,0.0,0.0,7.0,745.0,
2024-01-10 20:00:00,59.75,101.25,2.9,5.45,5.28,7.12,2.2,0.54,98.89,3.2,,,,,,,77.25,1.7,152.25,0.0,0.0,6.5,745.5,
2024-01-10 21:00:00,56.25,97.25,4.2,4.88,6.02,8.6,2.25,0.62,84.86,3.48,,,,,,,77.75,1.75,131.25,0.0,0.0,5.75,746.0,
2024-01-10 22:00:00,57.0,90.5,4.12,5.0,6.0,9.6,3.4,0.61,94.18,3.38,,,,,,,76.75,1.85,135.5,0.0,0.0,5.5,745.75,
2024-01-10 23:00:00,55.25,86.5,3.98,4.53,5.68,9.48,3.68,0.56,96.45,3.12,,,,,,,76.5,1.5,132.75,0.0,0.0,5.25,745.25,
2024-01-11 00:00:00,49.25,88.75,5.58,3.62,6.48,9.02,2.9,0.55,85.82,3.03,,,,,,,76.5,1.2,123.5,0.0,0.0,5.25,745.0,
2024-01-11 01:00:00,48.0,89.5,4.4,3.5,5.42,8.45,1.68,0.55,88.73,3.02,,,,,,,78.0,0.92,138.0,0.0,0.0,6.5,745.0,
2024-01-11 02:00:00,52.25,85.0,5.22,2.95,5.82,7.98,1.85,0.49,76.11,2.72,,,,,,,77.5,1.2,134.75,0.0,0.0,6.75,744.25,
2024-01-11 03:00:00,58.0,86.75,4.6,2.52,5.07,8.32,2.28,0.52,51.9,2.88,,,,,,,77.75,1.23,113.0,0.0,0.0,7.0,744.0,
2024-01-11 04:00:00,61.75,91.0,4.55,3.55,5.57,7.7,4.55,0.49,48.54,2.6,,,,,,,76.75,1.05,116.5,0.0,0.0,6.75,744.0,
2024-01-11 05:00:00,55.0,87.5,5.5,3.1,6.1,8.7,5.2,0.48,46.96,2.68,,,,,,,75.25,1.08,149.75,0.0,0.0,6.25,744.0,
2024-01-11 06:00:00,57.0,88.0,4.9,5.1,6.7,8.3,2.4,0.49,46.18,2.72,,,,,,,75.0,1.45,142.5,0.0,0.0,13.0,744.75,
2024-01-11 07:00:00,60.25,94.75,5.62,5.28,7.38,8.75,1.88,0.5,48.04,2.8,,,,,,,74.5,1.4,159.0,0.0,0.0,52.0,745.25,
2024-01-11 08:00:00,50.75,95.5,5.58,4.8,7.1,7.88,3.35,0.52,51.76,2.9,,,,,,,71.25,1.8,160.0,0.0,0.0,143.0,746.5,
2024-01-11 09:00:00,47.0,90.25,4.55,4.72,6.2,8.2,4.15,0.54,56.13,3.0,,,,,,,69.75,2.22,167.5,0.0,0.0,206.5,747.0,
2024-01-11 10:00:00,46.25,88.5,5.25,5.75,7.3,7.18,3.43,0.61,61.29,22.9,,,,,,,68.0,2.3,165.5,0.0,0.0,330.0,747.0,
2024-01-11 11:00:00,43.5,89.5,4.9,4.57,6.4,7.3,4.6,0.52,54.66,2.9,,,,,,,66.5,2.17,188.75,0.0,0.0,364.75,746.75,
2024-01-11 12:00:00,45.75,102.0,4.1,7.27,7.2,8.7,1.42,0.56,51.24,3.2,,,,,,,66.5,2.48,169.0,0.0,0.0,349.25,746.25,
2024-01-11 13:00:00,62.25,137.25,4.35,4.1,5.72,8.8,0.72,0.61,45.63,3.38,,,,,,,66.5,2.48,160.0,0.0,0.0,306.75,745.5,
2024-01-11 14:00:00,70.0,112.5,5.05,3.7,6.08,8.75,1.62,0.59,39.87,3.25,,,,,,,67.0,2.5,166.25,0.0,0.0,267.5,743.5,
2024-01-11 15:00:00,45.5,97.75,4.62,4.4,6.12,8.62,2.48,0.56,31.84,3.15,,,,,,,68.5,3.0,158.25,0.0,0.0,190.5,743.75,
2024-01-11 16:00:00,44.75,93.5,5.83,3.77,6.77,8.87,2.95,0.56,34.46,3.07,,,,,,,69.0,2.7,156.25,0.0,0.0,112.75,744.0,
2024-01-11 17:00:00,48.0,92.0,5.78,5.55,7.62,7.88,2.58,0.54,42.76,2.98,,,,,,,72.75,2.22,157.25,0.0,0.0,35.75,744.0,
2024-01-11 18:00:00,52.5,91.25,6.12,5.15,7.75,7.28,1.5,0.5,51.62,2.8,,,,,,,76.0,2.28,145.75,0.0,0.0,14.75,744.0,
2024-01-11 19:00:00,58.0,87.75,5.78,5.8,7.78,7.62,1.2,0.53,61.74,2.95,,,,,,,76.75,2.1,130.75,0.0,0.0,14.5,744.75,
2024-01-11 20:00:00,61.75,88.5,5.48,5.88,7.55,7.68,2.3,0.55,61.1,3.07,,,,,,,77.25,1.75,136.5,0.0,0.0,14.0,745.0,
2024-01-11 21:00:00,64.75,100.25,4.47,5.42,6.55,9.15,2.62,0.6,55.43,3.3,,,,,,,78.0,1.68,125.5,0.0,0.0,13.0,745.25,
2024-01-11 22:00:00,68.75,96.0,6.68,4.5,7.8,9.52,3.8,0.62,47.86,3.45,,,,,,,78.0,1.5,137.5,0.0,0.0,11.5,745.25,
2024-01-11 23:00:00,72.75,101.0,5.8,3.7,6.7,9.55,4.2,0.61,45.38,3.32,,,,,,,77.5,1.58,132.25,0.0,0.0,11.5,745.0,
2024-01-12 00:00:00,68.25,101.75,5.65,3.4,6.45,9.35,2.85,0.58,45.61,3.23,,,,,,,78.25,1.27,110.75,0.0,0.0,11.5,745.0,
2024-01-12 01:00:00,62.75,85.75,5.03,3.48,5.98,8.85,1.12,0.56,47.55,3.18,,,,,,,79.5,1.15,104.0,0.0,0.0,12.5,744.75,
2024-01-12 02:00:00,54.0,83.25,4.38,2.28,4.78,8.95,0.57,0.55,57.25,3.05,,,,,,,79.5,1.23,118.25,0.0,0.0,13.25,744.0,
2024-01-12 03:00:00,56.75,78.0,4.03,3.68,5.2,8.93,0.82,0.54,61.43,2.98,,,,,,,80.25,1.02,102.5,0.0,0.0,13.75,744.0,
2024-01-12 04:00:00,56.75,83.75,4.0,4.53,5.68,8.82,1.95,0.54,51.13,2.9,,,,,,,80.75,0.9,99.5,0.0,0.0,13.25,744.0,
2024-01-12 05:00:00,67.25,115.0,7.7,12.18,12.75,9.05,3.15,0.57,36.78,3.25,,,,,,,85.0,0.32,74.5,0.0,0.0,12.0,744.0,
2024-01-12 06:00:00,95.75,158.25,10.22,10.08,13.7,10.15,1.8,0.64,37.66,3.52,,,,,,,86.25,0.45,336.5,0.0,0.0,15.25,744.5,
2024-01-12 07:00:00,113.25,170.0,12.32,11.6,16.18,10.62,1.23,0.72,36.46,3.97,,,,,,,85.25,0.82,226.75,0.0,0.0,54.75,745.0,
2024-01-12 08:00:00,132.25,197.5,9.12,12.4,14.05,10.1,1.25,0.74,39.42,4.13,,,,,,,79.25,1.45,95.0,0.0,0.0,141.75,746.0,
2024-01-12 09:00:00,114.25,181.5,10.35,4.85,10.98,9.32,1.32,0.65,42.33,3.67,,,,,,,70.75,1.95,168.75,0.0,0.0,230.5,747.0,
2024-01-12 10:00:00,56.75,102.75,8.8,3.82,9.18,8.98,1.47,0.7,42.48,23.27,,,,,,,67.75,1.85,236.25,0.0,0.0,318.25,747.0,
2024-01-12 11:00:00,52.25,101.0,6.23,5.0,7.73,8.87,2.15,0.61,37.01,3.4,,,,,,,66.0,1.7,254.5,0.0,0.0,365.75,746.5,
2024-01-12 12:00:00,49.0,87.75,6.63,2.6,6.8,7.2,3.55,0.55,34.37,3.07,,,,,,,64.5,1.75,218.25,0.0,0.0,372.0,746.0,
2024-01-12 13:00:00,46.5,82.25,5.08,3.9,6.2,8.05,3.78,0.51,32.58,2.85,,,,,,,65.75,2.08,192.25,0.0,0.0,333.25,745.0,
2024-01-12 14:00:00,47.75,80.75,4.6,3.25,5.42,8.92,1.92,0.5,33.28,2.78,,,,,,,67.0,1.95,195.0,0.0,0.0,258.25,744.25,
2024-01-12 15:00:00,45.75,92.75,5.98,2.6,6.25,9.28,1.23,0.48,31.8,2.62,,,,,,,68.25,1.65,157.0,0.0,0.0,161.25,744.0,
2024-01-12 16:00:00,45.75,96.0,5.37,4.2,6.6,9.13,3.2,0.48,29.1,2.63,,,,,,,69.75,1.65,147.0,0.0,0.0,97.75,744.0,
2024-01-12 17:00:00,56.0,99.0,4.7,3.7,5.8,8.5,4.47,0.47,31.57,2.65,,,,,,,73.5,2.02,148.75,0.0,0.0,33.25,744.0,
2024-01-12 18:00:00,53.5,99.0,5.12,4.6,6.65,7.85,4.3,0.46,44.44,2.55,,,,,,,76.0,1.98,126.0,0.0,0.0,13.5,744.25,
2024-01-12 19:00:00,56.75,99.75,4.35,5.75,6.58,7.55,3.65,0.48,54.23,2.68,,,,,,,76.5,1.7,142.0,0.0,0.0,13.5,745.0,
2024-01-12 20:00:00,60.75,100.75,4.08,6.05,6.55,7.62,2.25,0.52,55.84,2.9,,,,,,,78.0,1.48,141.75,0.0,0.0,13.5,745.0,
2024-01-12 21:00:00,58.5,98.0,4.4,5.35,6.4,8.93,2.65,0.55,55.13,3.05,,,,,,,78.25,1.15,156.25,0.0,0.0,12.75,745.75,
2024-01-12 22:00:00,62.75,101.0,6.0,4.68,7.35,9.4,0.9,0.57,46.98,3.22,,,,,,,79.5,0.88,125.75,0.0,0.0,11.5,745.0,
2024-01-12 23:00:00,62.0,111.5,6.5,7.4,9.22,9.28,0.57,0.56,43.54,3.12,,,,,,,80.5,0.65,86.0,0.0,0.0,11.5,745.0,
2024-01-13 00:00:00,69.25,156.25,6.68,8.28,9.82,9.7,1.52,0.6,44.37,3.4,,,,,,,81.0,0.72,74.5,0.0,0.0,11.25,744.75,
2024-01-13 01:00:00,85.25,178.0,6.42,7.28,9.15,9.1,1.25,0.63,40.8,3.48,,,,,,,81.5,0.85,60.0,0.0,0.0,11.75,744.0,
2024-01-13 02:00:00,72.0,140.75,5.72,9.6,9.75,8.7,3.18,0.64,46.9,3.55,,,,,,,83.0,1.12,83.5,0.0,0.0,12.75,744.0,
2024-01-13 03:00:00,82.5,179.0,7.4,7.78,10.15,8.75,4.0,0.63,54.21,3.5,,,,,,,84.0,1.2,105.0,0.0,0.0,13.0,744.0,
2024-01-13 04:00:00,80.0,153.5,8.52,10.18,12.32,9.02,3.42,0.66,50.58,3.63,,,,,,,84.5,0.75,43.0,0.0,0.0,12.5,744.0,
2024-01-13 05:00:00,93.5,181.5,7.52,8.3,10.55,9.62,2.53,0.66,50.23,3.62,,,,,,,85.25,1.42,56.0,0.0,0.0,12.0,744.5,
2024-01-13 06:00:00,117.75,169.25,7.78,7.02,10.07,10.35,3.32,0.66,47.13,3.7,,,,,,,86.0,1.55,75.0,0.0,0.0,15.0,745.0,
2024-01-13 07:00:00,120.25,161.0,7.45,8.02,10.35,10.35,3.65,0.66,42.99,3.7,,,,,,,85.75,1.7,80.0,0.0,0.0,53.25,745.25,
2024-01-13 08:00:00,111.75,153.0,5.92,10.5,10.4,10.95,4.05,0.75,47.37,4.23,,,,,,,81.75,1.72,81.0,0.0,0.0,129.0,746.0,
2024-01-13 09:00:00,108.0,151.5,4.92,7.35,7.9,10.35,3.95,0.78,42.85,4.33,,,,,,,76.5,1.98,107.75,0.0,0.0,206.0,746.25,
2024-01-13 10:00:00,97.75,136.0,4.9,3.6,5.9,9.93,4.57,0.81,41.44,23.77,,,,,,,69.25,2.4,140.0,0.0,0.0,309.75,747.0,
2024-01-13 11:00:00,94.25,131.5,5.77,2.27,5.93,9.33,5.67,0.73,36.42,4.08,,,,,,,67.0,2.12,169.0,0.0,0.0,335.0,746.75,
2024-01-13 12:00:00,96.75,142.25,3.8,4.3,5.4,9.23,3.7,0.64,31.56,3.5,,,,,,,66.25,1.8,177.5,0.0,0.0,337.25,746.0,
2024-01-13 13:00:00,100.75,155.75,3.55,4.3,5.18,9.75,3.75,0.59,27.7,3.3,,,,,,,66.75,1.78,185.75,0.0,0.0,295.75,745.25,
2024-01-13 14:00:00,98.25,140.25,3.78,2.75,4.53,11.08,4.65,0.61,26.18,3.35,,,,,,,67.75,1.6,183.5,0.0,0.0,241.75,744.75,
2024-01-13 15:00:00,102.25,145.0,4.5,3.25,5.4,11.2,5.48,0.57,24.65,3.2,,,,,,,69.0,1.52,220.0,0.0,0.0,177.25,744.0,
2024-01-13 16:00:00,104.0,156.5,4.6,3.7,5.67,10.77,2.5,0.6,28.58,3.37,,,,,,,72.75,1.6,195.25,0.0,0.0,94.5,744.0,
2024-01-13 17:00:00,106.0,156.5,4.4,4.38,5.92,10.58,1.48,0.62,40.61,3.45,,,,,,,76.0,1.2,203.25,0.0,0.0,31.25,744.0,
2024-01-13 18:00:00,104.0,155.25,2.9,4.42,4.72,9.62,1.78,0.6,48.59,3.35,,,,,,,78.5,1.35,171.25,0.0,0.0,12.75,744.25,
2024-01-13 19:00:00,105.25,141.75,5.05,3.7,6.08,9.6,1.32,0.7,44.28,3.85,,,,,,,79.75,1.23,173.25,0.0,0.0,12.75,745.0,
2024-01-13 20:00:00,101.5,149.5,4.65,4.08,5.92,9.48,2.35,0.6,39.34,3.17,,,,,,,80.0,1.3,159.25,0.0,0.0,12.5,745.5,
2024-01-13 21:00:00,108.75,140.5,4.4,3.52,5.42,10.8,2.6,0.54,36.96,3.05,,,,,,,80.5,1.3,157.75,0.0,0.0,12.5,746.0,
2024-01-13 22:00:00,117.25,143.75,3.15,4.95,5.2,11.68,0.98,0.65,42.92,3.6,,,,,,,81.5,1.02,141.5,0.0,0.0,11.0,746.0,
2024-01-13 23:00:00,117.75,150.5,4.1,3.9,5.4,11.32,0.4,0.6,38.27,3.35,,,,,,,82.25,0.45,108.75,0.0,0.0,10.5,745.0,
2024-01-14 00:00:00,117.0,176.75,4.2,3.2,5.1,11.55,0.4,0.66,34.38,3.73,,,,,,,83.0,0.3,137.5,0.0,0.0,10.25,745.0,
2024-01-14 01:00:00,120.0,181.75,4.72,9.48,8.88,11.32,0.87,0.68,24.46,3.8,,,,,,,84.5,0.3,128.5,0.0,0.0,10.5,745.0,
2024-01-14 02:00:00,130.75,240.5,5.05,8.2,8.48,10.28,3.42,0.63,23.81,3.52,,,,,,,85.5,0.42,134.75,0.0,0.0,11.75,744.5,
2024-01-14 03:00:00,140.25,244.25,6.68,10.5,11.0,10.85,4.53,0.57,21.71,3.2,,,,,,,86.0,0.48,148.0,0.0,0.0,12.0,744.0,
2024-01-14 04:00:00,164.5,294.5,14.98,13.08,19.08,10.95,2.55,0.63,19.3,3.63,,,,,,,86.75,0.32,138.75,0.0,0.0,11.5,744.0,
2024-01-14 05:00:00,250.0,382.75,26.78,15.38,29.92,14.2,1.98,0.88,23.1,4.92,,,,,,,88.0,0.32,126.75,0.0,0.0,11.0,744.0,
2024-01-14 06:00:00,435.75,589.0,25.4,15.4,28.85,16.68,1.35,1.03,23.44,5.8,,,,,,,88.0,0.48,231.5,0.0,0.0,12.0,744.5,
2024-01-14 07:00:00,494.0,563.5,20.1,16.02,24.88,14.3,1.45,0.9,19.27,4.95,,,,,,,88.0,0.7,272.0,0.0,0.0,32.0,745.0,
2024-01-14 08:00:00,375.0,410.0,17.95,14.15,22.1,14.48,1.5,1.18,20.24,7.1,,,,,,,86.25,0.78,316.75,0.0,0.0,83.25,746.0,
2024-01-14 09:00:00,371.25,414.75,15.65,11.9,19.02,14.92,1.4,1.48,21.33,8.23,,,,,,,78.75,1.0,210.25,0.0,0.0,165.75,746.0,
2024-01-14 10:00:00,324.0,370.0,12.72,9.55,15.42,12.7,2.8,1.43,22.71,27.3,,,,,,,73.75,0.82,151.75,0.0,0.0,181.75,746.0,
2024-01-14 11:00:00,224.5,283.0,10.57,6.6,12.1,12.0,2.87,1.12,22.74,6.2,,,,,,,67.75,1.58,144.75,0.0,0.0,313.5,746.0,
2024-01-14 12:00:00,155.75,211.75,6.4,5.17,7.97,10.5,3.7,1.01,18.31,5.7,,,,,,,60.25,1.7,156.25,0.0,0.0,365.75,745.25,
2024-01-14 13:00:00,113.75,158.75,5.08,5.88,7.22,10.0,3.18,0.97,16.19,5.48,,,,,,,59.75,1.6,171.0,0.0,0.0,339.5,744.75,
2024-01-14 14:00:00,106.75,155.0,5.35,5.55,7.3,10.68,3.6,0.89,16.55,4.97,,,,,,,61.5,1.25,200.25,0.0,0.0,284.75,744.0,
2024-01-14 15:00:00,104.25,151.25,3.65,4.1,5.12,11.1,3.75,0.85,16.16,4.72,,,,,,,59.5,1.4,180.25,0.0,0.0,203.0,743.25,
2024-01-14 16:00:00,97.25,141.75,3.67,3.6,4.9,10.73,3.25,0.92,16.61,5.27,,,,,,,61.5,1.12,192.0,0.0,0.0,109.0,743.0,
2024-01-14 17:00:00,95.25,145.25,3.85,2.92,4.72,10.52,3.02,0.82,17.18,4.58,,,,,,,70.5,1.35,173.75,0.0,0.0,35.5,743.75,
2024-01-14 18:00:00,106.5,138.25,4.22,4.3,5.72,8.93,1.68,0.86,16.82,4.78,,,,,,,77.0,1.55,160.5,0.0,0.0,14.25,744.0,
2024-01-14 19:00:00,108.75,132.75,4.38,2.02,4.68,10.1,1.0,1.02,14.27,5.72,,,,,,,78.0,1.4,152.75,0.0,0.0,13.25,744.25,
2024-01-14 20:00:00,103.5,129.5,4.45,4.3,5.92,9.3,1.67,0.67,13.42,3.2,,,,,,,78.0,1.25,156.75,0.0,0.0,13.25,745.0,
2024-01-14 21:00:00,107.75,126.0,4.03,4.03,5.4,10.35,1.52,0.6,16.82,3.35,,,,,,,78.25,0.8,155.0,0.0,0.0,13.25,745.0,
2024-01-14 22:00:00,105.5,135.25,3.88,3.55,5.05,10.7,0.53,0.59,17.62,3.28,,,,,,,77.5,0.7,142.0,0.0,0.0,12.5,745.0,
2024-01-14 23:00:00,102.0,129.75,4.42,3.42,5.42,10.72,0.35,0.57,16.8,3.15,,,,,,,78.5,0.4,176.0,0.0,0.0,12.5,744.75,
2024-01-15 00:00:00,106.5,141.25,4.1,3.5,5.2,10.78,2.65,0.64,17.1,3.7,,,,,,,78.5,0.3,178.25,0.0,0.0,11.75,744.0,
2024-01-15 01:00:00,107.5,144.5,4.28,3.5,5.32,10.35,4.22,0.66,17.57,3.7,,,,,,,79.0,0.32,213.75,0.0,0.0,11.75,744.0,
2024-01-15 02:00:00,100.5,150.5,4.55,3.2,5.38,9.52,3.3,0.63,17.25,3.45,,,,,,,78.75,0.3,243.0,0.0,0.0,13.5,744.0,
2024-01-15 03:00:00,115.25,243.75,8.35,9.12,11.62,9.98,4.05,0.47,8.13,2.58,,,,,,,81.5,0.3,257.75,0.0,0.0,14.0,744.0,
2024-01-15 04:00:00,128.5,291.75,7.75,10.88,12.08,9.57,2.95,0.6,6.33,3.53,,,,,,,84.75,0.35,289.75,0.0,0.0,13.5,744.0,
2024-01-15 05:00:00,132.5,278.75,10.98,9.95,14.22,9.95,3.05,0.6,6.32,3.3,,,,,,,86.25,0.3,224.75,0.0,0.0,13.25,744.0,
2024-01-15 06:00:00,145.25,255.75,21.25,11.32,23.32,11.05,2.68,0.63,5.29,3.5,,,,,,,87.5,0.3,240.5,0.0,0.0,14.75,744.5,
2024-01-15 07:00:00,162.75,230.0,16.8,12.12,20.08,12.5,3.2,0.67,5.9,3.75,,,,,,,87.75,0.68,200.25,0.0,0.0,52.0,745.0,
2024-01-15 08:00:00,159.75,180.5,13.12,8.65,15.25,11.55,3.72,0.74,4.93,4.2,,,,,,,86.5,1.0,280.25,0.0,0.0,92.25,745.75,
2024-01-15 09:00:00,131.75,151.0,11.0,7.6,13.0,11.02,2.38,0.78,7.68,4.33,,,,,,,77.5,0.98,242.5,0.0,0.0,221.5,746.0,
2024-01-15 10:00:00,122.0,153.75,8.88,4.72,9.72,10.25,2.13,0.83,11.92,23.87,,,,,,,70.25,1.2,215.75,0.0,0.0,261.5,746.0,
2024-01-15 11:00:00,114.5,146.0,8.17,4.27,8.93,9.9,3.03,0.76,13.84,4.28,,,,,,,64.25,1.58,205.75,0.0,0.0,371.5,746.0,
2024-01-15 12:00:00,91.5,143.75,3.8,5.43,6.03,9.53,2.33,0.64,15.24,3.37,,,,,,,64.0,1.75,235.25,0.0,0.0,369.5,745.25,
2024-01-15 13:00:00,89.5,117.5,2.45,5.05,4.68,8.93,1.1,0.42,16.27,2.35,,,,,,,64.0,1.72,233.25,0.0,0.0,335.5,744.0,
2024-01-15 14:00:00,85.75,113.25,3.58,3.47,4.75,10.15,1.4,0.41,10.86,2.33,,,,,,,62.75,1.68,221.0,0.0,0.0,273.5,743.75,
2024-01-15 15:00:00,76.75,114.0,3.12,2.98,4.12,9.78,3.08,0.41,13.41,2.25,,,,,,,62.5,1.52,230.25,0.0,0.0,186.75,743.25,
2024-01-15 16:00:00,70.75,111.75,2.87,2.77,3.8,9.77,3.08,0.52,14.63,3.13,,,,,,,63.25,1.38,240.75,0.0,0.0,105.5,743.0,
2024-01-15 17:00:00,74.0,109.25,3.85,3.7,5.07,8.82,3.3,0.54,14.98,3.02,,,,,,,66.25,1.15,243.75,0.0,0.0,35.5,743.0,
2024-01-15 18:00:00,76.5,120.5,4.12,3.85,5.42,7.72,1.35,0.5,15.58,2.8,,,,,,,68.75,0.98,213.25,0.0,0.0,14.5,743.25,
2024-01-15 19:00:00,75.5,121.5,3.45,5.08,5.52,7.98,,0.52,15.4,2.88,,,,,,,69.25,0.6,190.5,0.0,0.0,14.25,744.0,
2024-01-15 20:00:00,76.0,132.75,4.25,4.8,5.98,8.55,1.82,0.56,15.02,3.2,,,,,,,70.0,0.45,186.0,0.0,0.0,14.5,744.0,
2024-01-15 21:00:00,72.25,114.75,3.32,4.7,5.22,8.45,3.32,0.57,12.84,3.2,,,,,,,70.25,0.32,160.75,0.0,0.0,14.5,745.0,
2024-01-15 22:00:00,68.5,106.5,3.28,4.65,5.12,9.35,1.55,0.57,15.44,3.2,,,,,,,71.25,0.32,183.25,0.0,0.0,13.25,744.25,
2024-01-15 23:00:00,66.75,107.5,4.05,3.18,4.95,9.12,1.48,0.54,16.26,3.0,,,,,,,72.0,0.3,189.5,0.0,0.0,13.0,744.0,
2024-01-16 00:00:00,72.75,118.75,4.18,4.78,5.92,8.8,1.78,0.52,15.54,2.9,,,,,,,72.75,0.32,143.0,0.0,0.0,12.5,744.0,
2024-01-16 01:00:00,71.5,124.5,5.6,8.57,9.18,8.85,1.65,0.53,7.54,2.95,,,,,,,78.25,0.3,52.0,0.0,0.0,12.25,743.25,
2024-01-16 02:00:00,87.5,176.75,6.18,9.48,10.05,8.35,2.48,0.6,6.26,3.3,,,,,,,78.5,0.3,221.75,0.0,0.0,13.75,743.0,
2024-01-16 03:00:00,77.0,122.0,4.97,3.52,5.95,8.2,2.25,0.49,14.43,2.75,,,,,,,71.25,0.38,241.25,0.0,0.0,14.75,743.0,
2024-01-16 04:00:00,49.25,67.0,5.05,3.6,6.02,7.85,2.38,0.5,16.73,2.77,,,,,,,70.0,0.35,274.75,0.0,0.0,14.5,743.0,
2024-01-16 05:00:00,47.25,65.5,3.68,3.55,4.9,7.92,2.38,0.49,16.56,2.75,,,,,,,70.75,0.32,228.5,0.0,0.0,14.5,743.0,
2024-01-16 06:00:00,56.25,105.25,6.68,9.75,10.62,9.0,2.02,0.58,9.29,3.22,,,,,,,77.25,0.3,227.75,0.0,0.0,17.0,744.0,
2024-01-16 07:00:00,91.25,204.25,13.45,13.38,18.1,9.98,2.58,0.74,6.88,4.15,,,,,,,82.5,0.35,304.5,0.0,0.0,58.5,744.25,
2024-01-16 08:00:00,121.0,174.25,7.38,12.32,12.58,9.57,2.3,0.68,8.38,3.73,,,,,,,77.75,0.68,167.75,0.0,0.0,150.0,745.0,
2024-01-16 09:00:00,111.0,139.0,6.05,7.72,9.05,10.78,2.02,0.66,12.0,3.67,,,,,,,69.5,0.75,153.25,0.0,0.0,236.5,745.75,
2024-01-16 10:00:00,76.0,104.5,7.05,4.9,8.35,8.68,2.3,0.73,11.95,23.37,,,,,,,61.25,1.3,195.25,0.0,0.0,322.25,746.0,
2024-01-16 11:00:00,33.75,55.25,5.27,4.27,6.53,8.03,0.77,0.61,11.87,3.38,,,,,,,59.0,1.45,206.75,0.0,0.0,379.0,745.25,
2024-01-16 12:00:00,28.75,52.5,4.47,3.5,5.5,7.83,2.82,0.6,11.23,3.37,,,,,,,57.75,1.7,181.0,0.0,0.0,390.25,744.5,
2024-01-16 13:00:00,15.5,41.75,3.38,3.82,4.78,6.95,3.45,0.57,9.88,3.15,,,,,,,55.25,1.52,196.25,0.0,0.0,366.25,743.75,
2024-01-16 14:00:00,16.25,38.25,4.03,3.02,4.9,7.18,1.82,0.52,9.98,2.95,,,,,,,57.0,1.7,207.5,0.0,0.0,308.0,742.75,
2024-01-16 15:00:00,23.0,33.5,3.1,2.82,4.05,7.88,1.72,0.54,11.39,3.0,,,,,,,58.0,1.48,206.0,0.0,0.0,220.5,742.75,
2024-01-16 16:00:00,23.0,44.5,2.97,3.4,4.23,7.63,1.8,0.49,11.26,2.6,,,,,,,60.5,1.23,200.75,0.0,0.0,119.0,742.0,
2024-01-16 17:00:00,24.0,49.75,4.0,2.68,4.68,7.88,1.9,0.51,11.86,2.85,,,,,,,64.25,1.02,213.75,0.0,0.0,36.0,742.5,
2024-01-16 18:00:00,25.75,61.0,4.65,3.88,5.82,7.1,2.52,0.53,11.94,2.92,,,,,,,68.25,0.9,182.25,0.0,0.0,13.5,743.0,
2024-01-16 19:00:00,23.5,67.0,4.43,3.88,5.68,5.9,0.6,0.46,11.16,2.52,,,,,,,69.75,0.6,226.5,0.0,0.0,13.5,743.0,
2024-01-16 20:00:00,27.0,77.75,3.65,4.58,5.38,6.3,2.45,0.34,10.72,1.67,,,,,,,70.0,0.55,234.25,0.0,0.0,14.5,744.0,
2024-01-16 21:00:00,22.75,54.75,3.47,4.92,5.45,6.42,3.22,0.1,10.96,0.6,,,,,,,70.75,0.52,259.0,0.0,0.0,13.75,744.0,
2024-01-16 22:00:00,20.0,49.25,3.25,4.6,5.08,6.95,3.68,0.03,11.42,0.2,,,,,,,71.0,0.5,286.75,0.0,0.0,13.25,744.0,
2024-01-16 23:00:00,23.5,39.75,3.4,2.8,4.28,7.7,4.47,0.01,11.67,0.1,,,,,,,72.25,0.4,291.0,0.0,0.0,13.0,743.25,
2024-01-17 00:00:00,25.0,27.0,2.9,2.1,3.47,7.48,1.23,0.32,11.71,2.37,,,,,,,72.0,0.38,285.0,0.0,0.0,13.25,743.0,
2024-01-17 01:00:00,13.0,20.0,2.92,2.0,3.45,7.55,0.1,0.36,11.28,2.03,,,,,,,72.5,0.32,278.75,0.0,0.0,13.25,743.0,
2024-01-17 02:00:00,12.75,26.75,2.17,3.9,3.8,7.48,2.95,,10.25,,,,,,,,73.0,0.3,327.0,0.0,0.0,13.75,743.0,
2024-01-17 03:00:00,15.0,55.5,2.5,3.5,3.95,7.08,4.6,0.02,10.53,0.1,,,,,,,72.5,0.3,244.25,0.0,0.0,14.75,743.0,
2024-01-17 04:00:00,43.25,189.75,4.22,9.12,8.28,6.82,1.95,0.34,5.66,1.9,,,,,,,77.5,0.3,304.0,0.0,0.0,14.5,743.0,
2024-01-17 05:00:00,87.75,411.0,5.07,10.45,9.7,7.28,1.32,0.13,4.51,0.7,,,,,,,82.5,0.3,307.0,0.0,0.0,13.75,743.0,
2024-01-17 06:00:00,50.5,97.75,13.12,10.78,16.4,8.25,2.58,,5.06,41.35,,,,,,,85.0,0.3,265.5,0.0,0.0,17.25,743.75,
2024-01-17 07:00:00,56.75,101.5,9.75,10.98,13.78,9.05,2.78,,5.44,45.3,,,,,,,83.75,0.3,77.0,0.0,0.0,58.5,744.0,
2024-01-17 08:00:00,53.75,95.75,6.18,8.68,9.62,9.02,2.15,3.37,7.5,25.1,,,,,,,73.5,0.38,285.5,0.0,0.0,169.75,745.0,
2024-01-17 09:00:00,47.5,81.5,4.35,5.0,6.2,8.52,1.68,,9.0,47.27,,,,,,,64.75,0.62,188.0,0.0,0.0,264.75,745.0,
2024-01-17 10:00:00,20.75,47.75,2.55,4.22,4.35,8.65,3.03,1.94,8.8,91.75,,,,,,,61.0,0.85,286.25,0.0,0.0,335.25,745.0,
2024-01-17 11:00:00,17.0,50.5,2.7,4.43,4.53,7.37,1.9,2.74,10.16,18.13,,,,,,,57.0,1.02,250.75,0.0,0.0,375.25,744.75,
2024-01-17 12:00:00,18.5,88.25,2.5,3.03,2.57,7.43,0.2,0.87,9.26,2.5,,,,,,,58.75,1.48,188.25,0.0,0.0,382.0,744.0,
2024-01-17 13:00:00,21.5,99.75,1.6,4.88,3.92,6.22,,1.0,10.24,5.62,,,,,,,60.0,1.62,218.25,0.0,0.0,352.5,743.0,
2024-01-17 14:00:00,15.0,47.75,2.05,3.72,3.68,7.28,1.33,0.85,11.4,4.73,,,,,,,60.75,1.65,176.0,0.0,0.0,293.5,742.25,
2024-01-17 15:00:00,11.5,39.5,2.8,4.53,4.7,7.68,2.33,0.01,13.48,,,,,,,,62.0,1.62,165.75,0.0,0.0,208.5,742.0,
2024-01-17 16:00:00,21.5,51.0,0.4,5.17,2.6,7.7,3.52,0.25,14.63,1.4,,,,,,,64.5,1.38,136.5,0.0,0.0,114.75,742.0,
2024-01-17 17:00:00,26.0,68.75,2.25,4.2,4.05,7.88,3.65,0.23,11.61,1.3,,,,,,,66.5,1.23,186.25,0.0,0.0,39.5,742.25,
2024-01-17 18:00:00,17.25,64.0,2.82,4.72,4.8,6.85,3.42,0.48,11.15,2.65,,,,,,,69.75,0.72,89.5,0.0,0.0,13.5,743.0,
2024-01-17 19:00:00,18.5,72.0,2.38,5.95,5.1,5.88,3.05,0.62,10.37,3.4,,,,,,,70.75,0.52,209.75,0.0,0.0,14.25,743.5,
2024-01-17 20:00:00,20.75,51.25,1.7,6.02,4.55,6.2,3.75,0.69,9.61,3.88,,,,,,,71.5,0.5,217.5,0.0,0.0,14.5,744.0,
2024-01-17 21:00:00,20.75,51.0,1.77,7.25,4.88,5.82,4.3,,8.72,,,,,,,,72.25,0.32,203.5,0.0,0.0,14.5,744.0,
2024-01-17 22:00:00,14.75,47.25,2.08,5.25,4.5,6.68,3.25,0.54,8.93,3.05,,,,,,,73.0,0.3,205.0,0.0,0.0,14.0,744.0,
2024-01-17 23:00:00,15.5,46.75,1.98,4.32,3.92,7.72,3.32,0.72,9.35,4.03,,,,,,,74.75,0.3,213.25,0.0,0.0,12.75,744.0,
2024-01-18 00:00:00,14.25,57.0,1.68,4.18,3.58,7.9,1.0,0.55,8.94,3.02,,,,,,,76.0,0.3,211.25,0.0,0.0,13.0,743.25,
2024-01-18 01:00:00,23.0,67.25,2.42,2.95,3.55,7.7,,0.6,9.54,3.35,,,,,,,76.5,0.3,191.5,0.0,0.0,12.5,743.0,
2024-01-18 02:00:00,20.5,63.5,2.9,4.15,4.58,8.0,1.37,0.84,9.46,4.68,,,,,,,76.5,0.3,128.5,0.0,0.0,13.5,743.0,
2024-01-18 03:00:00,25.5,107.25,1.95,9.12,6.42,7.15,1.65,0.78,4.82,4.53,,,,,,,80.5,0.3,130.25,0.0,0.0,14.0,743.0,
2024-01-18 04:00:00,37.5,140.25,2.22,11.18,7.78,7.3,2.75,0.67,4.58,3.78,,,,,,,82.5,0.3,120.75,0.0,0.0,13.75,743.0,
2024-01-18 05:00:00,41.5,121.5,2.47,9.82,7.25,7.78,3.35,0.95,4.47,5.32,,,,,,,84.0,0.3,119.0,0.0,0.0,13.5,743.0,
2024-01-18 06:00:00,46.75,108.0,2.05,12.22,8.15,8.02,3.8,1.0,5.33,5.6,,,,,,,84.25,0.3,111.5,0.0,0.0,16.5,744.0,
2024-01-18 07:00:00,66.75,131.5,1.88,11.62,7.7,9.3,5.12,0.66,5.7,4.03,,,,,,,82.75,0.3,110.5,0.0,0.0,48.25,744.25,
2024-01-18 08:00:00,67.5,125.5,1.75,13.85,8.78,9.6,2.82,0.79,6.28,4.4,,,,,,,75.25,0.4,98.5,0.0,0.0,140.0,745.0,
2024-01-18 09:00:00,71.0,139.0,1.4,11.72,6.85,9.88,2.2,0.91,7.68,5.07,,,,,,,69.25,0.57,90.25,0.0,0.0,238.75,746.0,
2024-01-18 10:00:00,60.0,121.5,2.17,7.58,5.2,9.43,2.17,1.05,7.52,24.77,,,,,,,64.25,0.9,101.75,0.0,0.0,314.75,746.0,
2024-01-18 11:00:00,29.75,61.75,1.97,7.37,5.5,7.0,1.9,0.83,7.74,4.83,,,,,,,62.75,1.42,192.25,0.0,0.0,395.5,745.5,
2024-01-18 12:00:00,13.75,43.75,1.03,6.33,4.17,6.03,3.78,0.45,8.34,2.52,,,,,,,62.0,1.6,176.25,0.0,0.0,386.0,744.75,
2024-01-18 13:00:00,20.0,54.25,3.03,5.95,6.27,6.68,3.85,0.2,8.38,1.12,,,,,,,62.75,1.8,179.25,0.0,0.0,357.75,744.0,
2024-01-18 14:00:00,15.25,53.25,2.5,4.55,3.72,6.98,3.92,0.13,8.51,0.73,,,,,,,65.0,1.9,203.75,0.0,0.0,292.0,743.0,
2024-01-18 15:00:00,18.25,56.5,2.23,5.2,4.0,7.95,4.08,0.73,9.04,4.17,,,,,,,67.5,1.7,184.0,0.0,0.0,190.5,743.0,
2024-01-18 16:00:00,18.75,60.75,2.03,4.5,4.07,8.0,2.95,0.77,8.69,4.28,,,,,,,70.0,1.55,143.75,0.0,0.0,112.0,743.0,
2024-01-18 17:00:00,24.75,71.5,2.62,3.22,3.85,8.28,2.65,1.12,8.56,6.22,,,,,,,71.0,1.42,117.0,0.0,0.0,41.5,743.0,
2024-01-18 18:00:00,18.0,54.75,2.78,4.6,4.7,7.4,2.95,1.15,8.26,6.45,,,,,,,73.75,0.85,105.5,0.0,0.0,13.25,743.25,
2024-01-18 19:00:00,18.5,61.75,2.88,3.08,3.98,6.3,2.62,0.97,8.23,5.93,,,,,,,73.75,0.62,104.75,0.0,0.0,14.25,744.0,
2024-01-18 20:00:00,19.5,60.0,2.63,3.7,3.5,5.92,1.7,0.55,8.59,3.1,,,,,,,74.5,0.38,138.75,0.0,0.0,14.25,744.0,
2024-01-18 21:00:00,18.25,62.5,1.88,3.1,3.22,6.65,1.5,,8.71,,,,,,,,75.25,0.4,90.25,0.0,0.0,14.25,744.5,
2024-01-18 22:00:00,20.5,52.75,1.4,4.92,3.72,7.05,1.12,,8.69,,,,,,,,76.75,0.3,80.5,0.0,0.0,13.75,744.0,
2024-01-18 23:00:00,25.75,60.5,1.48,4.3,3.5,8.5,1.92,,9.24,,,,,,,,77.75,0.3,87.5,0.0,0.0,12.5,744.0,
2024-01-19 00:00:00,26.5,73.75,1.55,3.5,3.12,8.7,0.78,0.54,8.93,3.0,,,,,,,78.0,0.3,92.75,0.0,0.0,12.75,743.75,
2024-01-19 01:00:00,21.25,59.75,2.58,2.72,3.55,8.5,0.4,0.49,9.63,2.7,,,,,,,78.75,0.3,93.75,0.0,0.0,12.5,743.0,
2024-01-19 02:00:00,20.5,58.75,2.17,5.28,4.58,8.72,2.9,0.5,8.27,2.78,,,,,,,79.75,0.3,97.75,0.0,0.0,13.25,743.0,
2024-01-19 03:00:00,27.75,108.0,3.08,10.22,7.95,7.88,3.85,0.54,3.7,2.97,,,,,,,82.25,0.3,98.5,0.0,0.0,14.5,743.0,
2024-01-19 04:00:00,38.5,141.5,2.77,10.35,7.15,7.75,4.03,0.6,3.36,3.32,,,,,,,84.0,0.3,95.75,0.0,0.0,13.75,743.0,
2024-01-19 05:00:00,47.0,111.0,2.43,9.75,7.15,8.3,4.55,1.49,4.71,8.3,,,,,,,85.0,0.32,100.5,0.0,0.0,13.75,743.5,
2024-01-19 06:00:00,52.0,98.5,1.2,10.92,6.78,8.75,2.3,1.88,4.54,10.45,,,,,,,84.5,0.42,89.5,0.0,0.0,17.25,744.0,
2024-01-19 07:00:00,63.0,114.5,2.48,12.02,8.4,9.82,2.25,2.48,5.4,14.73,,,,,,,83.0,0.88,61.25,0.0,0.0,57.75,744.5,
2024-01-19 08:00:00,75.25,133.5,2.65,8.75,6.82,10.38,1.48,0.46,7.41,2.58,,,,,,,77.75,1.0,64.5,0.0,0.0,152.75,745.75,
2024-01-19 09:00:00,58.75,105.25,2.52,5.92,5.22,10.12,2.22,0.13,6.63,0.7,,,,,,,70.5,1.55,96.25,0.0,0.0,271.0,746.0,
2024-01-19 10:00:00,30.25,74.75,2.98,4.12,4.62,11.15,3.1,0.34,6.38,20.7,,,,,,,67.75,1.95,147.75,0.0,0.0,333.25,746.0,
2024-01-19 11:00:00,18.5,61.25,2.15,4.72,4.25,8.55,2.37,0.16,7.0,0.8,,,,,,,67.0,1.7,106.0,0.0,0.0,351.75,745.75,
2024-01-19 12:00:00,20.0,61.0,2.02,3.58,3.52,8.3,5.18,0.59,7.02,3.3,,,,,,,65.5,1.8,136.75,0.0,0.0,381.25,745.0,
2024-01-19 13:00:00,25.25,61.75,3.08,2.9,4.03,8.43,5.82,0.51,6.66,2.85,,,,,,,66.0,1.7,130.25,0.0,0.0,291.75,744.25,
2024-01-19 14:00:00,15.25,49.0,1.58,3.15,2.95,8.62,2.88,0.45,6.86,2.55,,,,,,,66.0,1.6,161.0,0.0,0.0,287.5,744.0,
2024-01-19 15:00:00,22.5,60.25,1.65,3.38,3.15,9.9,2.2,0.94,7.79,5.13,,,,,,,66.75,1.45,127.0,0.0,0.0,201.25,743.0,
2024-01-19 16:00:00,29.75,70.0,2.97,3.03,4.03,9.77,1.6,0.56,7.74,3.1,,,,,,,69.5,1.45,121.25,0.0,0.0,106.25,743.0,
2024-01-19 17:00:00,21.25,77.5,2.23,2.1,2.45,10.22,1.68,0.63,8.5,3.52,,,,,,,72.5,1.2,141.5,0.0,0.0,37.5,743.25,
2024-01-19 18:00:00,26.5,71.75,2.45,4.05,4.12,9.88,2.58,0.56,8.74,3.1,,,,,,,75.25,0.62,74.75,0.0,0.0,13.25,744.0,
2024-01-19 19:00:00,29.5,67.5,2.3,4.62,4.32,7.28,2.02,0.49,8.02,2.77,,,,,,,76.0,0.48,77.75,0.0,0.0,14.25,744.0,
2024-01-19 20:00:00,25.0,64.25,2.07,3.88,3.08,7.92,1.35,0.52,8.13,2.82,,,,,,,76.75,0.45,113.5,0.0,0.0,14.5,744.0,
2024-01-19 21:00:00,24.75,56.25,2.42,4.42,4.35,7.42,0.53,0.52,8.14,2.92,,,,,,,76.75,0.62,89.75,0.0,0.0,13.75,745.0,
2024-01-19 22:00:00,24.0,48.5,1.82,4.2,3.72,8.28,1.3,0.53,8.56,2.95,,,,,,,77.0,0.5,87.0,0.0,0.0,13.5,744.75,
2024-01-19 23:00:00,24.25,50.0,1.4,2.78,2.62,10.18,2.22,0.55,9.46,3.17,,,,,,,77.0,0.68,94.25,0.0,0.0,12.5,744.0,
2024-01-20 00:00:00,26.0,47.25,1.55,1.88,2.25,10.05,1.35,0.13,9.43,0.75,,,,,,,78.0,0.52,68.25,0.0,0.0,13.0,744.0,
2024-01-20 01:00:00,29.5,42.0,1.9,2.02,2.12,10.52,0.95,0.17,9.69,0.92,,,,,,,76.25,0.32,62.75,0.0,0.0,12.75,743.75,
2024-01-20 02:00:00,30.0,51.25,2.5,2.9,3.58,10.35,0.43,0.17,10.04,0.92,,,,,,,77.0,0.32,72.5,0.0,0.0,13.0,743.0,
2024-01-20 03:00:00,27.5,54.25,2.3,2.8,3.32,8.98,1.27,0.15,9.23,0.6,,,,,,,77.0,0.3,85.25,0.0,0.0,14.25,743.25,
2024-01-20 04:00:00,33.75,76.0,2.6,9.78,7.35,8.5,3.02,0.6,4.89,3.3,,,,,,,81.25,0.3,90.5,0.0,0.0,14.5,744.0,
2024-01-20 05:00:00,50.0,113.0,2.0,9.22,6.55,9.43,3.92,0.6,4.33,3.32,,,,,,,84.0,0.3,96.25,0.0,0.0,14.25,744.0,
2024-01-20 06:00:00,56.0,96.0,1.88,8.4,6.02,9.8,2.42,0.61,4.93,3.38,,,,,,,84.75,0.42,83.0,0.0,0.0,17.5,745.0,
2024-01-20 07:00:00,62.0,122.25,2.02,10.05,7.0,10.5,2.17,0.72,5.72,4.03,,,,,,,82.5,0.65,65.75,0.0,0.0,57.5,745.5,
2024-01-20 08:00:00,79.75,138.0,3.08,9.57,7.58,10.48,4.45,0.84,6.58,4.7,,,,,,,77.5,1.03,60.0,0.0,0.0,140.25,746.25,
2024-01-20 09:00:00,70.25,126.5,1.7,5.82,4.5,10.95,5.62,0.76,7.74,4.23,,,,,,,70.5,1.08,101.25,0.0,0.0,178.5,747.0,
2024-01-20 10:00:00,38.75,85.5,2.02,3.58,3.55,11.08,3.63,0.73,6.94,22.97,,,,,,,67.25,1.02,147.0,0.0,0.0,246.0,747.0,
2024-01-20 11:00:00,22.25,66.25,2.23,2.9,2.6,9.02,3.0,0.6,6.0,3.43,,,,,,,66.25,1.62,147.5,0.0,0.0,290.75,746.25,
2024-01-20 12:00:00,31.75,68.75,1.98,2.8,2.7,8.35,3.75,0.5,6.4,2.82,,,,,,,65.25,1.88,144.75,0.0,0.0,342.75,746.0,
2024-01-20 13:00:00,55.75,69.5,2.4,2.72,2.75,7.98,4.08,0.36,6.42,1.98,,,,,,,65.75,1.7,164.5,0.0,0.0,333.5,745.0,
2024-01-20 14:00:00,22.25,58.5,2.2,2.52,3.12,7.8,3.35,0.18,6.6,1.02,,,,,,,66.5,1.75,180.75,0.0,0.0,285.0,744.5,
2024-01-20 15:00:00,22.25,67.0,1.92,2.6,2.95,9.75,3.2,0.34,7.26,1.8,,,,,,,67.0,1.4,134.0,0.0,0.0,183.5,744.0,
2024-01-20 16:00:00,20.5,70.0,1.37,4.07,3.3,9.0,3.28,0.37,7.12,2.1,,,,,,,70.75,0.95,133.75,0.0,0.0,66.25,744.0,
2024-01-20 17:00:00,22.25,71.25,2.5,2.0,3.12,9.85,3.18,0.5,7.5,2.8,,,,,,,72.75,0.62,115.75,0.0,0.0,29.5,744.0,
2024-01-20 18:00:00,24.0,73.25,1.82,3.92,3.58,9.32,2.92,0.28,7.51,1.55,,,,,,,74.0,0.43,87.75,0.0,0.0,13.5,744.0,
2024-01-20 19:00:00,25.75,69.0,2.35,3.7,3.9,7.78,1.58,0.12,7.28,0.35,,,,,,,74.0,0.38,114.75,0.0,0.0,14.25,745.0,
2024-01-20 20:00:00,22.5,73.5,2.53,3.68,3.45,7.9,1.08,0.66,7.75,3.62,,,,,,,74.0,0.35,97.25,0.0,0.0,14.5,745.0,
2024-01-20 21:00:00,24.25,73.25,2.28,4.0,3.98,8.72,1.38,0.62,7.82,3.5,,,,,,,74.0,0.4,76.25,0.0,0.0,14.5,745.25,
2024-01-20 22:00:00,23.25,58.75,2.6,3.0,3.7,8.32,3.53,0.6,7.34,3.38,,,,,,,74.75,0.35,82.5,0.0,0.0,14.0,745.25,
2024-01-20 23:00:00,19.75,60.25,1.82,3.68,3.4,9.48,3.1,0.5,8.38,2.8,,,,,,,75.75,0.3,112.25,0.0,0.0,12.0,745.0,
2024-01-21 00:00:00,24.25,69.0,1.2,4.12,3.2,9.45,3.22,0.6,8.04,3.38,,,,,,,76.5,0.3,137.75,0.0,0.0,13.25,745.0,
2024-01-21 01:00:00,22.0,72.0,3.08,2.75,3.95,9.48,2.42,0.56,7.73,3.12,,,,,,,77.0,0.3,171.25,0.0,0.0,12.75,744.75,
2024-01-21 02:00:00,24.25,64.75,1.7,4.68,3.85,9.32,2.4,0.36,8.09,2.02,,,,,,,77.5,0.3,176.5,0.0,0.0,13.0,744.0,
2024-01-21 03:00:00,27.75,69.25,1.98,5.18,4.4,8.4,2.95,0.26,6.66,1.33,,,,,,,78.0,0.3,184.75,0.0,0.0,14.25,744.0,
2024-01-21 04:00:00,29.25,92.5,0.88,10.95,6.52,8.18,6.32,0.69,4.1,3.8,,,,,,,82.0,0.3,123.25,0.0,0.0,14.0,744.0,
2024-01-21 05:00:00,62.75,166.0,1.88,9.2,6.42,9.2,7.8,1.0,4.69,5.6,,,,,,,83.5,0.3,121.25,0.0,0.0,13.5,744.0,
2024-01-21 06:00:00,68.75,179.75,1.73,10.35,6.48,8.9,4.65,1.03,5.03,5.78,,,,,,,84.0,0.3,140.25,0.0,0.0,16.75,745.0,
2024-01-21 07:00:00,86.5,227.5,1.73,12.05,7.0,10.32,3.35,1.04,5.25,5.93,,,,,,,82.25,0.3,133.75,0.0,0.0,55.75,745.5,
2024-01-21 08:00:00,79.0,161.25,2.55,12.38,8.62,10.52,2.05,0.76,6.21,4.22,,,,,,,75.5,0.38,94.5,0.0,0.0,151.75,746.75,
2024-01-21 09:00:00,70.5,131.75,3.3,6.85,6.35,9.93,1.27,0.73,7.18,4.1,,,,,,,67.0,0.57,94.25,0.0,0.0,252.0,747.0,
2024-01-21 10:00:00,38.0,75.0,1.8,4.28,3.35,10.18,4.7,0.79,7.7,23.27,,,,,,,64.5,1.15,150.5,0.0,0.0,299.75,747.0,
2024-01-21 11:00:00,14.75,43.0,2.58,3.52,3.98,8.38,4.77,0.74,6.46,4.2,,,,,,,62.0,1.18,193.25,0.0,0.0,373.0,746.75,
2024-01-21 12:00:00,10.25,42.75,2.9,3.9,4.4,7.57,1.38,0.57,6.62,3.15,,,,,,,62.0,1.23,194.0,0.0,0.0,381.25,745.75,
2024-01-21 13:00:00,15.75,34.75,2.52,2.12,3.18,7.85,0.63,0.5,6.13,2.78,,,,,,,61.25,1.3,191.75,0.0,0.0,361.25,745.0,
2024-01-21 14:00:00,11.0,38.75,3.0,3.03,4.05,7.1,1.62,0.43,6.14,2.42,,,,,,,61.75,1.2,177.0,0.0,0.0,301.5,744.25,
2024-01-21 15:00:00,10.0,35.75,2.03,2.4,2.92,8.88,2.4,0.45,6.59,2.43,,,,,,,64.25,1.45,192.25,0.0,0.0,214.25,744.0,
2024-01-21 16:00:00,16.0,37.25,2.25,2.8,2.3,8.87,2.45,0.57,6.64,3.18,,,,,,,65.75,1.25,209.5,0.0,0.0,120.25,744.0,
2024-01-21 17:00:00,16.75,35.75,2.4,2.85,3.48,9.12,2.38,0.58,7.43,3.18,,,,,,,67.75,0.62,187.25,0.0,0.0,40.5,744.0,
2024-01-21 18:00:00,19.75,40.0,2.68,3.88,4.2,8.9,4.1,0.63,7.64,3.48,,,,,,,72.0,0.32,181.0,0.0,0.0,13.0,744.0,
2024-01-21 19:00:00,21.0,45.5,2.62,3.52,4.0,7.5,3.55,0.93,7.54,5.47,,,,,,,72.75,0.3,203.0,0.0,0.0,13.5,745.0,
2024-01-21 20:00:00,17.75,46.0,2.05,3.78,3.7,6.9,3.4,0.53,7.1,2.92,,,,,,,73.5,0.3,193.25,0.0,0.0,13.75,745.0,
2024-01-21 21:00:00,17.25,56.5,2.03,4.78,4.2,7.12,3.92,0.55,6.68,3.1,,,,,,,75.0,0.3,180.75,0.0,0.0,13.75,745.0,
2024-01-21 22:00:00,19.25,67.0,2.43,4.25,4.25,7.82,1.72,0.58,5.96,3.22,,,,,,,76.0,0.3,183.5,0.0,0.0,13.25,745.75,
2024-01-21 23:00:00,25.75,66.25,2.75,4.78,4.72,9.2,1.85,0.6,7.46,3.27,,,,,,,76.5,0.3,158.25,0.0,0.0,12.5,745.0,
2024-01-22 00:00:00,31.75,83.0,1.68,3.35,3.12,8.95,3.02,0.68,8.08,3.78,,,,,,,76.25,0.3,96.25,0.0,0.0,12.5,745.0,
2024-01-22 01:00:00,25.0,59.0,2.47,2.18,2.5,9.55,2.52,0.67,8.02,3.7,,,,,,,77.0,0.3,99.5,0.0,0.0,12.75,745.0,
2024-01-22 02:00:00,12.0,45.0,2.48,2.22,3.22,9.2,3.0,0.7,7.25,3.85,,,,,,,77.75,0.3,98.75,0.0,0.0,13.25,745.0,
2024-01-22 03:00:00,13.0,46.25,2.2,3.32,3.55,8.22,4.15,0.64,7.46,3.7,,,,,,,78.0,0.3,97.5,0.0,0.0,14.0,744.5,
2024-01-22 04:00:00,19.75,58.5,2.38,4.85,4.5,7.95,2.85,0.49,5.78,2.7,,,,,,,79.25,0.3,97.0,0.0,0.0,14.25,745.0,
2024-01-22 05:00:00,53.75,185.25,2.05,9.43,6.68,7.92,2.6,0.47,4.02,2.62,,,,,,,83.0,0.3,97.75,0.0,0.0,13.5,745.0,
2024-01-22 06:00:00,106.75,406.75,1.42,9.12,6.0,8.72,1.6,0.56,4.56,3.12,,,,,,,84.0,0.3,104.0,0.0,0.0,16.5,745.25,
2024-01-22 07:00:00,62.25,150.25,1.78,9.77,6.65,9.68,1.3,0.6,4.78,3.3,,,,,,,82.25,0.3,103.75,0.0,0.0,56.0,746.25,
2024-01-22 08:00:00,65.25,123.25,2.22,12.32,8.38,10.05,1.02,0.72,5.26,4.03,,,,,,,76.75,0.3,114.0,0.0,0.0,116.25,747.0,
2024-01-22 09:00:00,59.0,129.5,1.6,7.3,5.2,10.15,0.82,0.75,5.36,4.17,,,,,,,68.75,0.65,138.25,0.0,0.0,258.25,747.5,
2024-01-22 10:00:00,41.0,108.5,1.88,3.88,3.55,10.62,2.1,0.78,5.64,23.2,,,,,,,64.75,1.27,185.25,0.0,0.0,324.25,747.25,
2024-01-22 11:00:00,23.5,47.5,1.33,4.15,2.97,9.43,3.43,0.7,5.8,4.03,,,,,,,63.25,1.18,180.5,0.0,0.0,371.5,747.0,
2024-01-22 12:00:00,23.0,39.5,2.35,3.65,3.82,7.38,3.02,1.68,6.41,9.4,,,,,,,64.0,1.65,190.5,0.0,0.0,367.0,746.5,
2024-01-22 13:00:00,18.25,38.0,2.63,3.25,3.15,7.4,1.75,2.48,6.27,13.85,,,,,,,63.0,1.52,202.5,0.0,0.0,343.25,746.0,
2024-01-22 14:00:00,21.0,37.25,1.65,3.55,3.22,7.18,0.82,2.39,6.28,13.35,,,,,,,63.25,1.55,208.75,0.0,0.0,288.25,745.25,
2024-01-22 15:00:00,18.5,36.25,1.65,2.72,2.78,8.18,0.35,2.22,6.84,13.27,,,,,,,64.5,1.62,175.0,0.0,0.0,212.5,745.0,
2024-01-22 16:00:00,20.5,43.0,1.53,4.0,3.37,8.43,3.65,0.5,7.1,2.8,,,,,,,65.5,1.25,191.75,0.0,0.0,120.25,745.0,
2024-01-22 17:00:00,22.75,53.25,2.0,2.85,2.72,9.32,4.32,0.57,7.58,3.18,,,,,,,69.0,0.68,211.75,0.0,0.0,41.5,745.0,
2024-01-22 18:00:00,26.5,58.5,2.58,4.3,4.4,9.0,2.2,0.57,7.52,3.2,,,,,,,71.5,0.35,217.0,0.0,0.0,13.5,745.0,
2024-01-22 19:00:00,30.5,63.0,1.5,5.52,4.15,8.1,0.8,0.57,7.74,3.27,,,,,,,72.25,0.3,212.5,0.0,0.0,13.5,745.25,
2024-01-22 20:00:00,30.5,64.25,2.35,4.68,4.42,7.15,1.88,0.48,7.92,2.68,,,,,,,73.75,0.3,213.5,0.0,0.0,14.5,746.0,
2024-01-22 21:00:00,33.0,67.0,2.12,5.0,4.38,7.45,1.5,0.4,7.66,2.15,,,,,,,74.25,0.3,209.5,0.0,0.0,14.5,746.0,
2024-01-22 22:00:00,28.5,63.75,2.38,5.55,4.9,7.2,1.98,0.44,7.3,2.45,,,,,,,75.0,0.3,210.25,0.0,0.0,13.75,746.0,
2024-01-22 23:00:00,33.0,72.25,1.6,6.42,4.7,8.18,1.82,0.44,7.26,2.43,,,,,,,77.0,0.3,189.0,0.0,0.0,13.5,746.0,
2024-01-23 00:00:00,32.25,99.0,1.82,5.82,4.53,8.73,2.5,0.54,8.05,2.98,,,,,,,77.25,0.3,168.0,0.0,0.0,13.0,745.25,
2024-01-23 01:00:00,27.25,85.0,2.45,3.22,3.7,9.07,3.25,0.54,9.13,3.05,,,,,,,76.25,0.3,176.5,0.0,0.0,13.0,745.0,
2024-01-23 02:00:00,20.25,50.5,2.5,3.55,3.95,9.2,3.02,0.53,9.66,2.92,,,,,,,76.0,0.3,189.5,0.0,0.0,13.25,745.0,
2024-01-23 03:00:00,21.5,43.5,2.45,3.48,3.82,9.15,2.58,0.45,9.89,2.5,,,,,,,75.75,0.35,202.5,0.0,0.0,13.75,745.0,
2024-01-23 04:00:00,17.25,38.25,2.05,2.8,3.15,8.25,1.15,0.46,10.55,2.55,,,,,,,75.0,0.4,206.0,0.0,0.0,14.25,745.0,
2024-01-23 05:00:00,28.0,45.5,2.68,3.85,4.25,8.15,1.1,0.48,10.71,2.65,,,,,,,75.5,0.38,208.75,0.0,0.0,14.5,745.0,
2024-01-23 06:00:00,33.0,52.0,2.33,4.8,4.45,8.5,0.85,0.5,10.32,2.78,,,,,,,75.75,0.35,208.5,0.0,0.0,17.0,745.75,
2024-01-23 07:00:00,39.25,71.5,2.47,6.22,5.3,9.65,1.23,0.61,8.99,3.37,,,,,,,74.0,0.35,199.75,0.0,0.0,65.5,746.25,
2024-01-23 08:00:00,52.5,108.25,1.98,12.58,8.3,10.85,2.28,0.66,6.63,3.68,,,,,,,74.0,0.38,172.0,0.0,0.0,157.0,747.0,
2024-01-23 09:00:00,78.0,157.75,2.28,4.53,4.25,10.72,2.3,0.65,8.65,3.57,,,,,,,67.75,0.78,185.25,0.0,0.0,247.5,747.5,
2024-01-23 10:00:00,41.0,87.5,2.22,3.38,3.58,10.38,4.1,0.72,8.92,22.9,,,,,,,66.5,1.45,200.25,0.0,0.0,325.25,747.0,
2024-01-23 11:00:00,35.5,61.5,2.33,3.5,3.75,10.3,6.17,0.62,8.13,3.47,,,,,,,65.25,1.62,197.75,0.0,0.0,373.0,746.75,
2024-01-23 12:00:00,30.0,69.0,2.22,3.2,3.5,8.07,1.38,0.5,8.77,2.75,,,,,,,65.5,1.9,201.0,0.0,0.0,379.5,746.0,
2024-01-23 13:00:00,33.0,69.25,2.3,2.42,3.15,8.35,0.92,0.42,8.91,2.33,,,,,,,64.5,2.12,210.0,0.0,0.0,356.75,745.0,
2024-01-23 14:00:00,24.75,67.75,1.5,3.02,2.82,7.62,0.73,0.41,8.57,2.28,,,,,,,64.0,1.9,214.5,0.0,0.0,272.75,744.5,
2024-01-23 15:00:00,27.0,59.5,1.63,3.38,2.8,8.28,0.3,0.32,8.91,1.57,,,,,,,65.75,1.7,211.5,0.0,0.0,191.0,744.0,
2024-01-23 16:00:00,29.75,58.0,2.8,3.17,3.97,9.23,2.78,0.59,9.5,3.28,,,,,,,66.25,1.62,213.0,0.0,0.0,118.0,744.0,
2024-01-23 17:00:00,38.75,68.75,1.68,3.62,3.3,9.73,3.95,0.64,9.47,3.58,,,,,,,68.75,1.05,216.25,0.0,0.0,42.0,744.0,
2024-01-23 18:00:00,40.25,75.75,1.92,5.42,4.45,9.9,2.38,0.69,10.02,3.82,,,,,,,72.0,0.4,220.25,0.0,0.0,13.75,744.25,
2024-01-23 19:00:00,39.5,83.75,1.3,6.8,4.68,9.0,1.42,0.7,9.02,4.1,,,,,,,73.0,0.38,216.0,0.0,0.0,13.25,745.0,
2024-01-23 20:00:00,43.5,93.25,1.9,6.3,4.92,7.42,1.23,0.52,8.84,2.85,,,,,,,73.5,0.32,220.25,0.0,0.0,14.5,745.0,
2024-01-23 21:00:00,40.5,92.75,1.37,7.2,4.6,7.8,0.85,0.57,8.86,3.2,,,,,,,74.0,0.38,215.25,0.0,0.0,14.25,745.75,
2024-01-23 22:00:00,37.0,79.75,1.72,6.38,4.8,8.7,2.05,0.56,8.32,3.12,,,,,,,74.0,0.3,222.5,0.0,0.0,14.5,745.75,
2024-01-23 23:00:00,40.0,83.0,1.23,7.18,4.85,8.8,2.17,0.56,8.36,3.1,,,,,,,75.0,0.3,240.75,0.0,0.0,14.0,745.0,
2024-01-24 00:00:00,42.0,97.75,2.62,7.52,6.15,9.62,2.65,0.58,7.5,3.22,,,,,,,77.5,0.3,230.5,0.0,0.0,13.0,745.0,
2024-01-24 01:00:00,61.0,192.25,3.1,8.85,7.2,9.72,3.32,0.48,5.43,2.7,,,,,,,79.75,0.3,236.75,0.0,0.0,13.0,744.25,
2024-01-24 02:00:00,100.25,411.5,1.6,9.12,6.15,10.05,2.58,0.46,5.15,2.58,,,,,,,80.25,0.3,229.0,0.0,0.0,13.0,744.0,
2024-01-24 03:00:00,85.5,233.75,2.2,4.7,4.28,10.32,1.92,0.46,8.53,2.53,,,,,,,76.25,0.3,221.0,0.0,0.0,13.5,744.0,
2024-01-24 04:00:00,40.25,61.5,2.4,8.43,6.42,8.05,1.23,0.54,6.78,3.0,,,,,,,78.5,0.3,245.75,0.0,0.0,14.5,744.0,
2024-01-24 05:00:00,50.0,109.0,3.15,9.6,7.7,8.62,0.82,0.56,4.45,3.1,,,,,,,83.25,0.3,221.75,0.0,0.0,14.25,744.75,
2024-01-24 06:00:00,70.5,197.25,1.38,11.78,7.4,9.2,3.25,0.62,4.68,3.45,,,,,,,85.0,0.3,221.75,0.0,0.0,17.25,745.0,
2024-01-24 07:00:00,77.25,180.25,3.02,14.38,10.1,9.4,3.75,0.65,5.18,3.53,,,,,,,82.25,0.3,230.0,0.0,0.0,57.5,745.75,
2024-01-24 08:00:00,80.5,181.5,2.58,11.9,8.43,11.18,4.58,0.82,5.72,4.58,,,,,,,75.25,0.32,280.75,0.0,0.0,145.0,746.75,
2024-01-24 09:00:00,91.0,197.75,1.7,9.5,6.42,10.65,4.7,0.87,6.65,4.9,,,,,,,70.5,0.48,267.0,0.0,0.0,211.25,747.0,
2024-01-24 10:00:00,63.25,143.75,1.82,5.22,4.28,11.05,4.63,0.9,6.78,23.87,,,,,,,65.0,1.12,230.0,0.0,0.0,285.5,747.0,
2024-01-24 11:00:00,32.5,86.5,1.72,4.47,3.78,10.22,2.9,0.75,6.9,4.37,,,,,,,63.0,1.55,219.25,0.0,0.0,364.0,746.25,
2024-01-24 12:00:00,31.5,70.0,1.9,4.18,3.75,8.15,3.45,0.48,7.23,2.68,,,,,,,60.75,2.12,215.25,0.0,0.0,386.25,746.0,
2024-01-24 13:00:00,40.0,69.5,2.7,4.72,4.7,7.55,2.12,0.38,7.44,2.12,,,,,,,60.75,1.98,217.25,0.0,0.0,358.75,745.0,
2024-01-24 14:00:00,33.25,65.75,2.38,4.42,4.28,7.1,2.12,0.29,7.7,1.62,,,,,,,60.75,1.82,211.0,0.0,0.0,302.75,744.25,
2024-01-24 15:00:00,31.5,61.25,1.8,4.58,3.9,7.35,2.12,0.3,7.42,1.53,,,,,,,62.5,2.08,212.0,0.0,0.0,219.5,744.0,
2024-01-24 16:00:00,32.5,69.0,1.4,4.0,3.23,9.43,3.05,0.65,8.08,3.6,,,,,,,64.25,2.05,215.75,0.0,0.0,124.75,743.75,
2024-01-24 17:00:00,31.75,71.0,2.5,4.45,4.38,9.32,4.18,0.72,8.61,4.05,,,,,,,67.5,1.3,214.0,0.0,0.0,43.0,744.0,
2024-01-24 18:00:00,36.0,71.75,2.25,4.8,4.42,9.6,2.15,0.74,8.71,4.1,,,,,,,70.75,0.38,220.5,0.0,0.0,13.75,744.0,
2024-01-24 19:00:00,42.5,83.5,1.95,6.28,4.92,9.12,2.22,0.73,8.02,4.17,,,,,,,71.5,0.32,219.5,0.0,0.0,12.75,744.75,
2024-01-24 20:00:00,46.75,89.5,2.25,7.85,6.02,7.2,1.4,0.74,7.13,4.12,,,,,,,72.25,0.3,219.75,0.0,0.0,14.25,745.0,
2024-01-24 21:00:00,53.75,102.75,2.25,8.75,6.5,7.35,,1.69,6.56,9.43,,,,,,,73.75,0.3,212.5,0.0,0.0,14.5,745.5,
2024-01-24 22:00:00,47.25,94.0,1.95,6.52,5.05,7.8,1.2,1.7,7.87,9.55,,,,,,,73.75,0.3,212.75,0.0,0.0,14.25,745.25,
2024-01-24 23:00:00,37.75,70.75,2.88,6.02,5.52,7.62,2.05,1.55,8.3,9.27,,,,,,,73.5,0.32,218.25,0.0,0.0,14.25,745.0,
2024-01-25 00:00:00,34.25,71.75,2.72,6.12,5.48,9.05,1.95,0.67,8.57,3.72,,,,,,,75.75,0.3,217.5,0.0,0.0,12.75,744.75,
2024-01-25 01:00:00,36.0,67.75,2.2,4.58,3.02,9.65,2.28,0.68,8.46,3.78,,,,,,,76.0,0.3,217.75,0.0,0.0,13.0,744.5,
2024-01-25 02:00:00,46.25,112.75,2.7,9.45,7.2,9.52,1.92,0.76,4.82,4.2,,,,,,,79.25,0.3,217.0,0.0,0.0,13.0,744.0,
2024-01-25 03:00:00,84.75,309.75,2.1,12.02,7.6,9.82,1.98,0.77,4.27,4.37,,,,,,,81.0,0.3,217.0,0.0,0.0,13.25,744.0,
2024-01-25 04:00:00,132.5,476.5,1.45,12.3,7.7,8.85,3.95,0.62,4.62,3.45,,,,,,,81.0,0.3,216.0,0.0,0.0,14.0,744.0,
2024-01-25 05:00:00,115.0,387.75,2.98,10.75,8.12,9.25,4.65,0.68,5.04,3.75,,,,,,,82.25,0.3,216.0,0.0,0.0,14.0,744.75,
2024-01-25 06:00:00,97.25,252.25,1.73,10.8,6.82,10.55,3.82,0.86,5.97,4.82,,,,,,,84.25,0.3,218.0,0.0,0.0,18.5,745.0,
2024-01-25 07:00:00,125.25,292.25,1.95,14.72,9.4,9.7,3.72,0.91,5.63,5.13,,,,,,,81.75,0.3,242.0,0.0,0.0,55.5,746.0,
2024-01-25 08:00:00,92.5,221.0,2.15,9.35,6.7,11.02,1.55,0.81,5.2,4.5,,,,,,,73.0,0.5,241.75,0.0,0.0,149.0,746.75,
2024-01-25 09:00:00,61.75,120.25,3.0,3.95,4.53,11.1,0.9,0.75,5.29,4.17,,,,,,,66.5,0.82,218.5,0.0,0.0,259.25,747.25,
2024-01-25 10:00:00,28.75,61.25,1.85,5.4,4.38,11.2,1.1,0.84,5.22,23.53,,,,,,,64.25,0.9,212.25,0.0,0.0,333.0,747.25,
2024-01-25 11:00:00,30.25,59.5,2.57,4.68,3.95,11.02,0.8,0.75,5.31,4.27,,,,,,,63.25,1.6,218.5,0.0,0.0,360.0,747.0,
2024-01-25 12:00:00,27.75,53.25,2.58,4.45,4.47,8.48,1.65,0.49,5.72,2.72,,,,,,,63.25,1.98,217.25,0.0,0.0,376.75,746.5,
2024-01-25 13:00:00,26.25,59.5,2.72,3.25,3.95,8.75,1.68,0.39,5.86,2.22,,,,,,,61.25,1.68,216.5,0.0,0.0,350.0,746.0,
2024-01-25 14:00:00,25.0,63.0,1.98,3.05,3.18,8.43,2.52,0.3,6.05,1.72,,,,,,,60.5,1.42,206.75,0.0,0.0,307.75,745.0,
2024-01-25 15:00:00,27.25,50.25,2.95,2.8,3.88,8.3,2.2,0.25,6.05,1.43,,,,,,,61.75,1.25,207.5,0.0,0.0,220.75,745.0,
2024-01-25 16:00:00,27.5,50.0,2.3,2.13,2.97,10.17,3.32,0.61,6.77,3.4,,,,,,,64.25,1.1,198.0,0.0,0.0,124.0,745.0,
2024-01-25 17:00:00,33.25,58.0,2.82,2.8,3.8,9.72,3.3,0.64,7.14,3.55,,,,,,,68.25,0.62,202.25,0.0,0.0,42.5,745.0,
2024-01-25 18:00:00,30.5,69.0,2.02,4.35,3.98,10.02,1.25,0.72,7.24,4.0,,,,,,,70.75,0.3,195.25,0.0,0.0,13.5,745.0,
2024-01-25 19:00:00,35.75,84.25,2.52,6.05,5.25,10.02,0.2,0.75,7.0,4.23,,,,,,,71.5,0.3,196.75,0.0,0.0,12.5,746.0,
2024-01-25 20:00:00,29.0,86.0,2.85,4.08,4.5,7.98,0.2,0.57,7.2,3.12,,,,,,,70.5,0.3,180.5,0.0,0.0,14.25,746.75,
2024-01-25 21:00:00,30.75,85.25,1.42,4.38,3.48,8.4,0.2,0.5,7.78,2.75,,,,,,,70.25,0.3,204.5,0.0,0.0,14.5,747.0,
2024-01-25 22:00:00,37.0,72.75,1.8,5.12,3.3,8.8,0.88,0.52,7.68,2.85,,,,,,,71.25,0.3,204.25,0.0,0.0,14.25,747.0,
2024-01-25 23:00:00,37.5,65.5,1.77,4.15,3.2,9.3,0.4,0.44,7.81,2.53,,,,,,,72.0,0.3,197.75,0.0,0.0,14.0,746.75,
2024-01-26 00:00:00,30.75,60.5,1.45,5.1,3.9,10.68,1.67,0.7,8.03,3.9,,,,,,,73.75,0.3,193.25,0.0,0.0,13.0,746.0,
2024-01-26 01:00:00,32.5,76.0,1.98,3.9,3.68,11.42,1.4,0.73,8.23,4.05,,,,,,,75.0,0.3,201.0,0.0,0.0,12.75,746.0,
2024-01-26 02:00:00,32.75,76.75,1.75,4.22,3.68,11.85,1.42,0.69,8.29,3.88,,,,,,,76.0,0.3,196.0,0.0,0.0,13.0,745.75,
2024-01-26 03:00:00,64.75,208.75,2.38,10.98,7.72,12.55,2.55,0.74,4.18,4.13,,,,,,,78.25,0.3,201.0,0.0,0.0,13.0,745.0,
2024-01-26 04:00:00,124.5,476.75,3.75,9.75,8.22,10.8,5.0,0.58,4.49,3.22,,,,,,,79.75,0.3,296.75,0.0,0.0,14.25,746.0,
2024-01-26 05:00:00,66.75,191.75,2.58,10.62,7.72,10.82,5.58,0.58,4.37,3.25,,,,,,,81.75,0.3,145.25,0.0,0.0,14.25,746.0,
2024-01-26 06:00:00,77.75,178.0,2.55,10.95,7.88,11.28,2.07,0.63,4.77,3.52,,,,,,,82.0,0.3,296.5,0.0,0.0,17.5,746.5,
2024-01-26 07:00:00,77.0,156.75,2.72,9.9,7.48,12.1,1.08,0.66,4.45,3.63,,,,,,,80.75,0.3,298.25,0.0,0.0,51.25,747.0,
2024-01-26 08:00:00,79.75,158.5,2.48,11.35,8.02,13.55,2.62,0.82,5.24,4.58,,,,,,,75.5,0.3,191.0,0.0,0.0,118.5,748.0,
2024-01-26 09:00:00,84.5,156.5,2.68,9.57,7.3,13.6,3.15,0.92,5.72,5.17,,,,,,,70.75,0.57,113.25,0.0,0.0,201.0,748.75,
2024-01-26 10:00:00,63.0,112.5,1.7,4.32,3.7,13.55,2.37,0.95,5.14,24.13,,,,,,,65.0,0.72,165.5,0.0,0.0,301.5,748.75,
2024-01-26 11:00:00,32.75,79.75,2.15,4.45,4.1,13.3,1.53,0.78,5.57,4.4,,,,,,,65.75,0.52,176.75,0.0,0.0,188.25,748.0,
2024-01-26 12:00:00,38.0,107.75,3.12,3.85,4.6,9.9,2.58,0.6,5.88,3.32,,,,,,,68.5,0.6,171.75,0.0,0.0,179.0,747.5,
2024-01-26 13:00:00,27.5,68.0,2.8,3.82,4.3,9.9,2.02,0.52,5.28,2.9,,,,,,,67.5,0.9,178.25,0.0,0.0,298.25,747.0,
2024-01-26 14:00:00,24.75,64.75,1.95,3.32,3.35,9.98,0.82,0.44,5.39,2.45,,,,,,,64.75,1.58,178.25,0.0,0.0,286.75,746.25,
2024-01-26 15:00:00,28.25,59.25,2.65,3.0,3.75,9.45,1.32,0.41,5.82,2.27,,,,,,,68.25,1.48,192.75,0.0,0.0,214.5,746.0,
2024-01-26 16:00:00,24.25,70.75,2.03,3.6,3.57,11.43,4.95,0.65,6.98,3.65,,,,,,,69.25,0.68,180.5,0.0,0.0,116.5,746.0,
2024-01-26 17:00:00,28.25,66.25,2.33,2.78,3.38,12.18,5.03,0.73,7.21,4.08,,,,,,,72.25,0.5,174.25,0.0,0.0,37.0,746.0,
2024-01-26 18:00:00,30.5,63.5,2.2,2.98,3.38,11.62,2.78,0.72,7.93,4.0,,,,,,,73.25,0.7,167.25,0.0,0.0,13.75,746.0,
2024-01-26 19:00:00,34.5,60.75,2.9,2.78,3.15,11.82,2.1,0.7,8.02,3.97,,,,,,,72.75,0.52,161.5,0.0,0.0,13.0,747.0,
2024-01-26 20:00:00,32.25,58.0,2.3,3.58,3.72,10.0,1.2,0.55,7.18,3.02,,,,,,,73.5,0.55,158.0,0.0,0.0,14.0,747.0,
2024-01-26 21:00:00,28.75,58.25,2.37,2.0,2.52,10.07,,0.47,8.11,2.62,,,,,,,73.0,0.8,161.25,0.0,0.0,13.5,747.0,
2024-01-26 22:00:00,25.5,48.75,2.22,1.8,2.75,10.0,2.63,0.48,8.25,2.65,,,,,,,73.0,0.6,160.75,0.0,0.0,14.25,747.25,
2024-01-26 23:00:00,26.25,47.0,1.68,1.82,2.35,10.42,3.82,0.81,8.77,4.6,,,,,,,73.0,0.7,159.75,0.0,0.0,14.25,747.0,
2024-01-27 00:00:00,27.0,54.5,1.85,3.08,3.15,12.02,2.88,0.62,9.92,3.48,,,,,,,73.5,0.68,159.25,0.0,0.0,13.5,747.0,
2024-01-27 01:00:00,35.5,55.5,1.75,2.28,2.65,11.98,2.68,0.78,9.67,4.4,,,,,,,74.25,0.57,150.75,0.0,0.0,13.5,747.0,
2024-01-27 02:00:00,34.25,45.75,1.8,1.58,2.33,12.78,0.73,0.84,10.13,4.62,,,,,,,74.5,0.65,155.5,0.0,0.0,13.5,746.0,
2024-01-27 03:00:00,35.25,54.25,2.28,1.55,2.65,13.42,0.72,0.79,9.22,4.5,,,,,,,74.75,0.4,122.75,0.0,0.0,13.75,746.0,
2024-01-27 04:00:00,33.75,77.25,2.75,3.35,4.02,11.05,0.82,0.52,8.14,2.95,,,,,,,76.0,0.43,84.5,0.0,0.0,14.5,746.25,
2024-01-27 05:00:00,29.75,84.0,1.78,5.05,4.18,11.1,0.48,0.52,6.77,2.88,,,,,,,77.0,0.38,117.5,0.0,0.0,14.75,746.75,
2024-01-27 06:00:00,38.75,68.25,2.0,4.75,3.62,11.18,1.58,0.55,8.4,3.05,,,,,,,76.25,0.48,130.0,0.0,0.0,18.25,747.0,
2024-01-27 07:00:00,46.5,85.75,1.6,8.55,5.85,11.0,1.42,0.62,5.99,3.37,,,,,,,77.75,0.5,115.25,0.0,0.0,55.0,747.25,
2024-01-27 08:00:00,63.0,118.75,1.52,8.48,5.75,12.9,3.2,0.76,7.15,4.2,,,,,,,74.0,0.78,110.5,0.0,0.0,145.0,748.0,
2024-01-27 09:00:00,56.25,112.0,1.7,4.45,3.75,12.42,4.4,0.72,7.76,4.07,,,,,,,69.75,1.35,144.5,0.0,0.0,247.5,748.25,
2024-01-27 10:00:00,34.5,80.75,1.27,3.78,3.05,12.85,4.3,0.87,7.1,23.7,,,,,,,67.75,1.82,156.0,0.0,0.0,338.0,748.0,
2024-01-27 11:00:00,30.0,70.25,2.3,2.62,3.25,13.12,4.53,0.74,6.98,4.2,,,,,,,66.0,1.68,183.75,0.0,0.0,349.5,748.0,
2024-01-27 12:00:00,30.25,78.5,2.78,3.08,3.9,9.93,2.38,0.48,6.28,2.65,,,,,,,65.75,1.92,183.5,0.0,0.0,340.25,747.25,
2024-01-27 13:00:00,29.5,86.5,1.73,3.3,2.8,9.32,0.78,0.33,6.88,1.82,,,,,,,65.25,2.4,187.5,0.0,0.0,354.25,746.75,
2024-01-27 14:00:00,26.5,100.25,2.17,3.72,3.28,9.02,3.02,0.27,7.17,1.52,,,,,,,66.5,2.42,206.75,0.0,0.0,294.0,746.0,
2024-01-27 15:00:00,31.75,104.75,2.58,3.3,3.82,8.68,4.05,0.28,6.99,1.47,,,,,,,67.25,2.65,203.0,0.0,0.0,216.25,746.0,
2024-01-27 16:00:00,33.25,88.25,2.37,3.53,3.83,10.63,3.52,0.6,7.16,3.3,,,,,,,67.75,2.1,191.5,0.0,0.0,127.75,746.0,
2024-01-27 17:00:00,30.75,82.5,1.38,3.4,2.95,10.9,4.5,0.68,7.64,3.75,,,,,,,71.25,1.5,181.5,0.0,0.0,45.5,746.0,
2024-01-27 18:00:00,30.25,72.25,3.02,3.38,4.28,11.55,3.22,0.72,7.62,4.03,,,,,,,73.75,0.98,161.0,0.0,0.0,14.0,746.0,
2024-01-27 19:00:00,31.0,72.25,2.05,4.5,4.08,11.32,3.45,0.69,8.08,3.97,,,,,,,74.75,0.7,158.0,0.0,0.0,13.0,746.0,
2024-01-27 20:00:00,31.0,65.75,2.12,4.4,4.05,9.57,3.42,0.52,8.35,2.92,,,,,,,73.75,0.95,177.5,0.0,0.0,14.25,747.0,
2024-01-27 21:00:00,28.0,52.75,2.7,3.28,3.95,8.68,2.22,0.47,9.64,2.62,,,,,,,74.5,0.92,172.5,0.0,0.0,14.5,747.0,
2024-01-27 22:00:00,20.25,53.5,2.37,2.68,2.75,8.88,3.78,0.49,8.91,2.72,,,,,,,75.25,0.57,177.75,0.0,0.0,14.5,747.0,
2024-01-27 23:00:00,24.25,60.25,1.92,2.38,2.82,9.35,4.28,0.48,9.3,2.7,,,,,,,75.0,0.62,171.0,0.0,0.0,14.5,747.0,
2024-01-28 00:00:00,25.75,64.75,2.1,1.98,2.75,10.48,2.22,0.58,10.64,3.22,,,,,,,73.5,0.6,186.0,0.0,0.0,13.75,746.75,
2024-01-28 01:00:00,28.0,57.5,1.8,2.5,2.78,10.88,2.0,0.88,10.75,4.9,,,,,,,73.5,0.5,179.75,0.0,0.0,13.5,746.0,
2024-01-28 02:00:00,30.0,57.25,1.23,2.3,1.8,11.45,2.3,1.02,11.29,5.72,,,,,,,74.25,0.48,173.5,0.0,0.0,13.75,746.0,
2024-01-28 03:00:00,35.25,62.25,2.5,2.7,3.5,11.7,3.62,0.97,10.8,5.57,,,,,,,74.0,0.43,183.25,0.0,0.0,13.75,745.5,
2024-01-28 04:00:00,29.75,63.75,2.42,3.02,3.6,9.52,1.7,0.51,11.0,2.88,,,,,,,74.25,0.48,175.0,0.0,0.0,14.25,745.75,
2024-01-28 05:00:00,22.5,57.25,2.53,2.2,3.25,9.32,0.5,0.46,10.78,2.58,,,,,,,75.0,0.57,166.0,0.0,0.0,14.75,746.0,
2024-01-28 06:00:00,29.5,62.75,1.92,2.48,2.9,9.27,1.9,0.45,10.66,2.52,,,,,,,74.5,0.55,183.25,0.0,0.0,17.0,746.5,
2024-01-28 07:00:00,28.5,78.5,2.5,3.28,3.78,9.6,2.45,0.5,10.56,2.8,,,,,,,73.75,0.57,183.0,0.0,0.0,56.5,747.0,
2024-01-28 08:00:00,33.75,86.25,2.35,2.92,3.48,10.9,2.12,0.55,9.68,3.05,,,,,,,70.5,0.7,183.0,0.0,0.0,136.25,748.0,
2024-01-28 09:00:00,45.0,100.5,1.35,3.28,2.8,11.28,2.1,0.57,8.9,3.2,,,,,,,67.75,1.02,187.75,0.0,0.0,249.0,748.0,
2024-01-28 10:00:00,41.5,103.75,2.15,3.12,3.4,11.4,1.63,0.72,8.54,22.9,,,,,,,65.25,1.48,186.5,0.0,0.0,333.0,748.0,
2024-01-28 11:00:00,32.25,79.0,2.1,2.98,3.38,11.0,3.83,0.57,8.4,3.13,,,,,,,66.5,1.52,176.75,0.0,0.0,273.5,748.0,
2024-01-28 12:00:00,36.75,93.5,2.85,2.17,3.45,9.5,3.68,0.5,7.43,2.75,,,,,,,64.0,1.48,185.5,0.0,0.0,347.25,747.0,
2024-01-28 13:00:00,35.5,81.0,2.53,2.3,3.28,8.52,3.2,0.34,9.13,1.95,,,,,,,68.25,1.95,166.25,0.0,0.0,181.75,746.5,
2024-01-28 14:00:00,29.25,84.0,2.45,3.22,3.72,8.62,2.45,0.36,15.92,2.0,,,,,,,68.0,1.52,170.75,0.0,0.0,208.5,746.0,
2024-01-28 15:00:00,42.75,108.75,1.72,2.82,2.95,8.32,2.02,0.33,17.88,1.7,,,,,,,67.0,1.68,172.25,0.0,0.0,171.0,745.75,
2024-01-28 16:00:00,48.25,102.75,1.53,3.1,2.93,10.03,0.78,0.68,15.91,3.82,,,,,,,68.75,1.12,169.0,0.0,0.0,70.25,745.0,
2024-01-28 17:00:00,56.75,103.75,1.98,2.0,2.7,10.28,1.22,0.72,14.46,4.05,,,,,,,69.0,0.85,160.25,0.0,0.0,35.0,746.0,
2024-01-28 18:00:00,54.25,101.25,2.72,2.75,3.68,10.0,1.05,0.78,14.0,4.35,,,,,,,70.5,0.65,154.5,0.0,0.0,14.0,746.0,
2024-01-28 19:00:00,56.75,106.25,1.83,3.3,2.82,10.45,1.38,0.77,14.66,4.4,,,,,,,69.25,0.72,149.0,0.0,0.0,13.5,746.5,
2024-01-28 20:00:00,53.0,105.25,2.65,2.5,3.47,9.28,1.12,0.6,14.84,3.32,,,,,,,70.0,0.62,152.0,0.0,0.0,14.5,747.0,
2024-01-28 21:00:00,54.0,90.75,2.45,2.78,3.48,8.85,0.52,0.55,14.82,3.05,,,,,,,71.25,0.52,149.5,0.0,0.0,14.5,747.0,
2024-01-28 22:00:00,59.25,88.25,2.65,2.82,3.65,8.8,0.9,0.56,14.94,3.1,,,,,,,72.25,0.43,159.25,0.0,0.0,14.25,747.0,
2024-01-28 23:00:00,63.25,85.25,2.45,1.58,2.8,9.22,0.62,0.57,15.15,3.23,,,,,,,73.0,0.55,155.75,0.0,0.0,14.5,747.0,
2024-01-29 00:00:00,54.5,93.25,2.0,2.12,2.3,10.28,3.05,0.66,15.86,3.7,,,,,,,72.5,0.57,158.25,0.0,0.0,14.0,746.5,
2024-01-29 01:00:00,53.75,93.5,2.95,2.15,3.55,10.05,5.08,0.66,16.48,3.65,,,,,,,72.0,0.6,148.75,0.0,0.0,14.25,746.0,
2024-01-29 02:00:00,56.25,85.75,3.28,1.32,3.38,10.48,4.7,0.68,16.72,3.72,,,,,,,72.0,0.42,160.0,0.0,0.0,14.0,745.5,
2024-01-29 03:00:00,56.75,92.75,1.82,1.6,2.12,11.08,4.35,0.65,16.77,3.63,,,,,,,70.0,0.5,145.5,0.0,0.0,13.75,745.0,
2024-01-29 04:00:00,55.75,97.75,2.1,2.15,2.85,9.5,4.5,0.56,16.3,3.15,,,,,,,71.0,0.35,149.0,0.0,0.0,14.75,745.25,
2024-01-29 05:00:00,52.25,111.5,1.05,2.28,2.08,8.93,4.0,0.53,16.22,2.92,,,,,,,68.75,0.55,161.25,0.0,0.0,15.5,746.0,
2024-01-29 06:00:00,47.0,77.0,1.58,3.53,3.12,8.7,3.08,0.55,15.67,3.1,,,,,,,68.0,0.4,141.5,0.0,0.0,18.5,746.25,
2024-01-29 07:00:00,56.5,93.75,1.45,5.45,4.08,8.82,2.72,0.64,14.79,3.53,,,,,,,67.75,0.4,137.5,0.0,0.0,63.0,747.0,
2024-01-29 08:00:00,56.5,111.75,2.17,4.6,4.2,9.57,2.12,0.62,13.63,3.42,,,,,,,64.5,0.68,146.0,0.0,0.0,159.0,747.75,
2024-01-29 09:00:00,49.0,93.5,2.02,3.58,3.55,9.68,2.2,0.57,12.52,3.23,,,,,,,61.75,1.08,179.75,0.0,0.0,264.25,748.0,
2024-01-29 10:00:00,40.5,86.5,2.05,2.7,3.1,10.25,1.13,0.68,12.26,22.7,,,,,,,61.5,1.92,185.0,0.0,0.0,342.5,748.0,
2024-01-29 11:00:00,42.5,87.0,1.58,3.58,3.15,10.0,1.13,0.58,11.53,3.23,,,,,,,59.75,2.25,183.5,0.0,0.0,392.0,747.5,
2024-01-29 12:00:00,42.0,82.5,2.33,2.78,3.35,8.48,3.22,0.55,11.33,3.08,,,,,,,59.75,2.25,176.0,0.0,0.0,400.0,747.0,
2024-01-29 13:00:00,34.25,82.5,2.0,3.55,3.5,7.3,2.7,0.4,11.02,2.25,,,,,,,59.75,2.42,182.0,0.0,0.0,374.75,746.0,
2024-01-29 14:00:00,27.75,92.0,2.38,3.0,3.53,7.02,1.68,1.33,10.8,7.45,,,,,,,59.75,2.68,189.5,0.0,0.0,325.0,745.5,
2024-01-29 15:00:00,28.5,82.75,1.75,2.17,2.58,6.8,1.02,2.42,11.16,14.53,,,,,,,61.25,2.6,194.75,0.0,0.0,236.25,745.0,
2024-01-29 16:00:00,40.0,91.75,1.5,2.67,2.63,7.6,3.68,0.63,11.66,3.5,,,,,,,62.75,2.52,188.5,0.0,0.0,136.0,745.0,
2024-01-29 17:00:00,33.75,90.5,1.98,4.4,3.9,8.72,5.22,0.77,12.96,4.25,,,,,,,65.0,2.02,172.0,0.0,0.0,52.75,745.0,
2024-01-29 18:00:00,33.5,82.25,2.42,4.42,4.32,8.88,2.88,0.84,13.44,4.72,,,,,,,67.5,1.5,174.5,0.0,0.0,15.25,745.75,
2024-01-29 19:00:00,35.25,84.75,1.27,3.15,2.7,9.78,2.28,0.82,14.16,4.73,,,,,,,67.25,0.78,160.25,0.0,0.0,14.0,746.0,
2024-01-29 20:00:00,35.5,72.5,2.15,3.68,3.65,8.3,2.78,0.56,13.89,3.1,,,,,,,66.75,0.6,158.25,0.0,0.0,15.0,746.75,
2024-01-29 21:00:00,35.75,73.75,2.0,3.38,3.42,7.25,2.6,0.47,14.25,2.58,,,,,,,67.25,0.55,154.0,0.0,0.0,15.25,747.0,
2024-01-29 22:00:00,40.25,72.25,1.85,2.88,3.02,7.48,1.18,0.45,14.61,2.52,,,,,,,68.0,0.48,141.5,0.0,0.0,15.25,747.0,
2024-01-29 23:00:00,39.5,71.0,2.28,2.75,3.35,7.45,0.45,0.46,15.5,2.5,,,,,,,68.75,0.4,155.5,0.0,0.0,15.5,746.5,
2024-01-30 00:00:00,45.5,72.75,1.42,3.32,2.95,8.45,3.22,0.56,15.15,3.12,,,,,,,68.5,0.35,144.5,0.0,0.0,15.0,746.0,
2024-01-30 01:00:00,48.5,67.25,2.2,1.83,2.52,9.07,4.95,0.56,15.9,3.12,,,,,,,69.25,0.3,128.75,0.0,0.0,14.5,746.0,
2024-01-30 02:00:00,42.5,64.0,1.27,3.45,2.88,9.22,3.03,0.6,16.02,3.35,,,,,,,69.5,0.32,142.0,0.0,0.0,14.75,745.25,
2024-01-30 03:00:00,41.75,80.25,2.42,7.5,5.98,9.75,2.62,0.62,8.15,3.37,,,,,,,73.0,0.32,252.25,0.0,0.0,14.0,745.0,
2024-01-30 04:00:00,62.0,122.5,3.15,9.85,7.8,8.95,2.15,0.62,5.83,3.42,,,,,,,77.75,0.3,193.25,0.0,0.0,14.25,745.0,
2024-01-30 05:00:00,86.75,155.5,2.45,9.9,7.25,8.52,1.58,0.56,6.47,3.15,,,,,,,78.25,0.3,283.25,0.0,0.0,15.25,745.0,
2024-01-30 06:00:00,79.25,146.5,2.48,12.5,8.62,8.48,0.82,0.61,5.63,3.38,,,,,,,78.5,0.3,227.0,0.0,0.0,18.25,745.5,
2024-01-30 07:00:00,80.0,142.75,2.28,13.75,9.15,8.7,1.5,0.75,6.16,4.2,,,,,,,76.75,0.32,213.0,0.0,0.0,56.75,746.0,
2024-01-30 08:00:00,86.5,167.75,2.22,10.32,7.32,9.6,2.48,0.74,8.57,4.15,,,,,,,70.25,0.65,105.5,0.0,0.0,165.25,747.0,
2024-01-30 09:00:00,75.25,147.25,1.32,7.25,4.9,9.72,3.32,0.65,10.83,3.57,,,,,,,66.5,0.65,112.75,0.0,0.0,252.5,747.0,
2024-01-30 10:00:00,57.75,116.5,2.28,4.62,4.32,9.78,2.8,0.71,10.1,22.73,,,,,,,62.0,1.27,154.75,0.0,0.0,364.0,747.0,
2024-01-30 11:00:00,37.0,105.0,2.52,4.35,4.35,8.85,3.27,0.6,9.09,3.3,,,,,,,60.75,1.42,193.25,0.0,0.0,384.75,746.75,
2024-01-30 12:00:00,30.5,127.75,2.05,4.38,4.0,7.9,3.8,0.54,9.58,2.98,,,,,,,62.5,2.15,194.5,0.0,0.0,388.25,746.0,
2024-01-30 13:00:00,31.25,97.5,1.15,4.32,3.22,6.5,3.6,0.4,10.2,2.2,,,,,,,65.25,2.48,185.25,0.0,0.0,357.75,745.25,
2024-01-30 14:00:00,35.25,97.25,2.58,3.12,3.78,6.5,1.68,0.37,10.0,2.1,,,,,,,66.25,2.5,186.25,0.0,0.0,296.75,744.5,
2024-01-30 15:00:00,28.5,90.25,2.1,2.33,2.98,6.78,0.65,0.37,10.05,2.0,,,,,,,67.0,2.5,190.25,0.0,0.0,204.75,744.0,
2024-01-30 16:00:00,30.5,82.25,2.2,3.23,3.5,6.87,1.92,0.51,9.44,2.85,,,,,,,66.5,2.3,188.0,0.0,0.0,134.0,744.0,
2024-01-30 17:00:00,22.25,75.5,2.38,3.62,3.85,7.65,3.12,0.6,10.34,3.3,,,,,,,69.0,2.33,190.5,0.0,0.0,48.25,744.0,
2024-01-30 18:00:00,22.25,74.75,1.9,2.85,3.05,8.25,4.92,0.61,11.06,3.42,,,,,,,71.5,1.6,177.5,0.0,0.0,15.5,745.0,
2024-01-30 19:00:00,28.0,59.0,1.33,3.47,2.38,7.95,6.55,0.65,11.42,3.7,,,,,,,72.25,0.95,173.0,0.0,0.0,14.5,745.25,
2024-01-30 20:00:00,24.75,58.0,2.2,3.58,3.72,7.58,2.17,0.56,11.22,3.1,,,,,,,73.0,0.52,172.25,0.0,0.0,14.75,746.0,
2024-01-30 21:00:00,22.0,56.0,1.42,4.28,3.45,6.15,,0.46,11.34,2.55,,,,,,,73.5,0.45,165.0,0.0,0.0,15.5,746.0,
2024-01-30 22:00:00,16.75,54.25,1.27,4.22,3.28,6.95,1.85,0.44,11.04,2.42,,,,,,,73.75,0.4,150.25,0.0,0.0,15.75,746.0,
2024-01-30 23:00:00,19.0,41.0,2.25,2.42,3.12,7.02,3.18,0.42,11.96,2.33,,,,,,,74.25,0.48,137.0,0.0,0.0,15.75,746.0,
2024-01-31 00:00:00,18.5,44.25,1.47,4.08,3.08,7.02,4.95,0.64,11.2,3.6,,,,,,,75.25,0.43,117.75,0.0,0.0,15.25,746.0,
2024-01-31 01:00:00,18.25,46.5,1.6,3.68,2.58,8.12,5.38,0.68,11.09,3.78,,,,,,,76.0,0.38,143.0,0.0,0.0,14.5,745.5,
2024-01-31 02:00:00,25.5,72.25,1.47,7.88,5.05,8.2,1.6,0.62,6.61,3.42,,,,,,,78.0,0.3,257.75,0.0,0.0,14.75,745.0,
2024-01-31 03:00:00,37.0,130.0,3.2,10.6,8.25,8.57,0.8,0.6,4.74,3.27,,,,,,,78.75,0.3,189.0,0.0,0.0,14.25,744.75,
2024-01-31 04:00:00,45.5,119.25,2.95,10.78,8.18,8.1,2.4,0.57,4.11,3.2,,,,,,,81.0,0.3,180.0,0.0,0.0,14.0,745.0,
2024-01-31 05:00:00,63.25,139.0,1.98,10.68,7.3,8.18,3.78,0.53,4.42,2.92,,,,,,,81.75,0.3,320.25,0.0,0.0,14.75,745.0,
2024-01-31 06:00:00,65.75,131.75,2.08,11.65,7.92,7.8,2.7,0.58,4.37,3.2,,,,,,,83.0,0.3,278.5,0.0,0.0,17.75,745.0,
2024-01-31 07:00:00,63.75,134.75,2.15,11.98,8.1,8.43,2.3,0.64,4.95,3.6,,,,,,,80.75,0.32,224.75,0.0,0.0,63.75,745.75,
2024-01-31 08:00:00,71.25,159.25,1.92,14.08,9.07,8.25,2.88,0.7,5.9,3.92,,,,,,,74.0,0.5,157.0,0.0,0.0,160.75,747.0,
2024-01-31 09:00:00,68.0,152.5,1.9,7.72,5.65,9.2,3.3,0.69,7.53,3.8,,,,,,,68.5,0.65,170.0,0.0,0.0,266.5,747.0,
2024-01-31 10:00:00,33.0,82.5,2.65,4.53,4.55,9.07,2.77,0.77,6.62,23.13,,,,,,,65.5,1.02,203.0,0.0,0.0,325.5,747.0,
2024-01-31 11:00:00,17.5,48.5,2.38,3.92,4.0,8.95,2.8,0.42,7.46,2.37,,,,,,,64.25,1.15,207.25,0.0,0.0,392.25,746.75,
2024-01-31 12:00:00,16.75,53.25,2.35,3.88,3.98,7.58,4.45,0.4,7.51,2.2,,,,,,,64.25,1.55,198.5,0.0,0.0,395.75,746.0,
2024-01-31 13:00:00,17.5,58.75,2.28,4.7,4.35,5.98,3.97,,7.04,,,,,,,,65.0,1.42,204.25,0.0,0.0,373.25,745.75,
2024-01-31 14:00:00,15.5,50.25,2.85,3.68,4.28,6.08,2.22,,7.79,,,,,,,,67.0,1.82,211.25,0.0,0.0,312.5,745.0,
2024-01-31 15:00:00,24.25,69.5,2.3,4.0,3.98,5.98,2.68,,7.73,,,,,,,,68.25,1.78,207.25,0.0,0.0,224.75,744.75,
2024-01-31 16:00:00,26.75,83.75,1.63,3.47,3.17,6.1,1.18,0.56,8.1,3.12,,,,,,,71.0,1.78,206.0,0.0,0.0,128.0,744.0,
2024-01-31 17:00:00,22.0,71.0,2.38,4.3,4.18,7.93,1.83,0.71,8.45,3.97,,,,,,,73.0,0.75,192.75,0.0,0.0,45.5,744.0,
2024-01-31 18:00:00,19.0,74.0,1.9,4.32,3.82,7.78,2.28,0.7,8.41,3.92,,,,,,,74.75,0.52,205.0,0.0,0.0,15.5,744.25,
2024-01-31 19:00:00,18.75,63.25,1.48,5.12,3.92,7.55,2.55,0.7,7.61,4.03,,,,,,,76.0,0.45,198.0,0.0,0.0,13.5,745.0,
2024-01-31 20:00:00,19.5,81.25,2.5,4.15,4.22,7.58,4.38,0.62,7.58,3.45,,,,,,,77.0,0.57,192.75,0.0,0.0,13.75,745.5,
2024-01-31 21:00:00,22.25,65.0,2.8,3.08,3.9,5.9,3.7,0.5,7.42,2.78,,,,,,,78.0,0.5,196.5,0.0,0.0,15.25,746.0,
2024-01-31 22:00:00,17.5,49.0,2.3,3.65,3.85,5.7,2.42,0.43,8.0,2.4,,,,,,,78.0,0.45,196.75,0.0,0.0,15.5,746.0,
2024-01-31 23:00:00,19.0,46.0,2.43,4.17,4.17,6.2,1.83,0.4,8.07,2.27,,,,,,,78.67,0.4,177.33,0.0,0.0,16.0,746.0,
2024-02-01 00:00:00,16.0,54.75,2.4,2.82,3.45,6.38,2.8,0.56,7.92,3.12,,,,,,,78.75,0.35,193.5,0.0,0.0,15.0,745.75,
2024-02-01 01:00:00,14.25,34.5,1.78,2.92,3.02,8.4,3.18,0.6,7.73,3.32,,,,,,,80.0,0.3,184.25,0.0,0.0,14.0,745.0,
2024-02-01 02:00:00,17.5,30.0,2.33,2.42,3.15,8.28,2.92,0.63,7.55,3.48,,,,,,,79.5,0.4,203.75,0.0,0.0,14.0,744.5,
2024-02-01 03:00:00,14.75,29.75,2.55,2.38,3.32,8.95,2.78,0.69,7.97,3.9,,,,,,,80.75,0.35,212.0,0.0,0.0,13.75,744.0,
2024-02-01 04:00:00,14.0,40.0,1.8,6.5,4.95,8.45,1.3,0.5,6.12,2.75,,,,,,,81.75,0.3,213.75,0.0,0.0,13.25,744.5,
2024-02-01 05:00:00,34.5,131.5,2.3,9.72,7.05,7.32,2.4,0.44,3.95,2.45,,,,,,,82.75,0.3,244.5,0.0,0.0,14.5,745.0,
2024-02-01 06:00:00,67.75,266.75,2.25,8.6,6.38,8.05,3.6,0.5,4.65,2.75,,,,,,,84.0,0.3,88.75,0.0,0.0,17.25,745.5,
2024-02-01 07:00:00,70.5,148.5,3.3,10.2,8.15,8.7,4.3,0.58,4.95,3.27,,,,,,,83.25,0.3,308.5,0.0,0.0,51.5,746.0,
2024-02-01 08:00:00,88.75,164.0,2.73,13.8,8.9,9.27,3.8,0.85,4.82,4.75,,,,,,,79.25,0.55,142.25,0.0,0.0,88.75,747.0,
2024-02-01 09:00:00,79.75,171.25,1.7,9.88,6.6,10.38,3.95,0.89,5.6,5.0,,,,,,,75.0,0.75,163.25,0.0,0.0,170.75,747.25,
2024-02-01 10:00:00,52.5,100.5,1.72,4.58,3.85,9.88,4.33,0.93,5.46,24.1,,,,,,,73.25,1.42,207.75,0.0,0.0,224.75,747.5,
2024-02-01 11:00:00,16.25,41.25,2.62,3.02,3.75,9.62,4.7,0.78,5.1,4.4,,,,,,,70.75,1.62,211.0,0.0,0.0,370.5,747.0,
2024-02-01 12:00:00,12.75,50.5,2.33,4.45,3.7,8.72,2.45,0.58,6.16,3.28,,,,,,,69.75,1.82,215.25,0.0,0.0,371.25,746.25,
2024-02-01 13:00:00,16.5,54.5,2.72,4.15,4.42,6.48,1.35,0.4,9.97,2.2,,,,,,,70.0,2.03,215.75,0.0,0.0,337.25,745.75,
2024-02-01 14:00:00,11.0,41.5,2.0,2.68,3.18,6.68,2.6,0.29,28.16,1.6,,,,,,,71.0,2.17,219.67,0.0,0.0,271.0,745.0,
2024-02-01 15:00:00,10.0,37.5,2.6,3.48,3.65,5.1,1.7,0.3,40.34,1.53,,,,,,,72.0,2.15,219.5,0.0,0.0,204.75,744.0,
2024-02-01 16:00:00,14.25,46.5,1.45,3.37,2.37,5.37,1.85,0.58,34.72,3.22,,,,,,,73.25,1.85,214.25,0.0,0.0,115.25,744.0,
2024-02-01 17:00:00,8.5,41.0,2.15,4.05,3.88,7.38,2.5,0.66,18.21,3.7,,,,,,,76.5,1.75,210.25,0.0,0.0,42.5,744.0,
2024-02-01 18:00:00,9.5,36.0,2.3,3.45,3.7,7.68,3.2,0.75,11.71,4.18,,,,,,,78.75,1.65,208.75,0.0,0.0,15.5,744.75,
2024-02-01 19:00:00,16.25,32.75,2.1,4.05,3.85,7.6,3.28,0.65,8.57,3.73,,,,,,,79.5,1.6,205.0,0.0,0.0,14.5,745.0,
2024-02-01 20:00:00,12.75,39.5,1.88,4.15,3.72,7.48,2.2,0.58,7.43,3.25,,,,,,,79.0,1.6,203.25,0.0,0.0,14.25,745.0,
2024-02-01 21:00:00,8.75,34.5,2.92,3.82,4.42,6.0,2.6,0.53,6.15,2.95,,,,,,,79.0,1.7,209.25,0.0,0.0,15.25,746.0,
2024-02-01 22:00:00,7.5,31.5,1.92,2.4,2.82,6.32,0.93,0.46,5.52,2.52,,,,,,,79.0,1.55,209.25,0.0,0.0,15.5,746.0,
2024-02-01 23:00:00,7.25,25.25,2.4,3.2,3.65,6.58,0.7,0.44,5.06,2.5,,,,,,,80.0,1.5,205.5,0.0,0.0,15.5,745.75,
2024-02-02 00:00:00,9.5,19.0,1.72,2.12,2.52,6.42,1.65,0.5,4.68,2.78,,,,,,,80.0,1.15,203.25,0.0,0.0,15.5,745.0,
2024-02-02 01:00:00,5.75,19.0,1.72,3.15,3.1,8.4,2.32,0.51,5.34,2.82,,,,,,,80.0,0.95,195.5,0.0,0.0,14.0,745.0,
2024-02-02 02:00:00,8.0,25.5,1.75,3.02,3.02,8.8,4.1,0.51,5.59,2.82,,,,,,,80.25,1.05,200.0,0.0,0.0,14.0,745.0,
2024-02-02 03:00:00,8.25,18.25,1.42,1.82,2.15,9.72,4.42,0.51,5.75,2.83,,,,,,,81.0,0.82,205.25,0.0,0.0,14.0,744.5,
2024-02-02 04:00:00,9.75,21.25,2.15,2.62,3.12,9.32,3.95,0.46,5.9,2.6,,,,,,,81.0,1.0,207.5,0.0,0.0,13.75,745.0,
2024-02-02 05:00:00,12.25,28.75,2.97,3.25,4.1,7.58,3.48,0.4,5.03,2.17,,,,,,,80.5,0.95,208.5,0.0,0.0,14.75,745.0,
2024-02-02 06:00:00,16.75,38.5,2.1,4.7,4.2,7.6,2.02,0.42,4.62,2.38,,,,,,,80.75,0.95,209.75,0.0,0.0,19.25,745.25,
2024-02-02 07:00:00,27.0,59.5,2.62,5.28,4.95,8.2,1.0,0.48,4.96,2.7,,,,,,,78.5,0.98,209.25,0.0,0.0,67.75,746.0,
2024-02-02 08:00:00,21.5,53.25,2.48,3.28,3.75,8.25,1.9,0.52,4.94,2.88,,,,,,,74.0,1.35,212.75,0.0,0.0,156.25,746.75,
2024-02-02 09:00:00,15.5,48.0,1.12,3.2,2.6,9.75,2.98,0.52,5.69,2.87,,,,,,,70.75,1.38,221.25,0.0,0.0,260.25,747.0,
2024-02-02 10:00:00,18.0,45.75,2.05,2.88,3.18,10.02,2.67,0.64,4.97,22.53,,,,,,,68.5,1.7,230.0,0.0,0.0,340.75,747.5,
2024-02-02 11:00:00,12.0,36.75,2.95,2.88,3.92,9.65,2.6,0.52,5.05,2.93,,,,,,,67.25,1.75,231.0,0.0,0.0,368.5,747.0,
2024-02-02 12:00:00,12.5,34.5,2.9,2.48,3.65,9.57,1.55,0.49,5.42,2.72,,,,,,,67.5,1.98,239.0,0.0,0.0,385.0,746.0,
2024-02-02 13:00:00,13.25,44.75,3.13,1.87,3.53,8.23,1.02,0.13,5.12,0.75,,,,,,,65.5,1.85,236.75,0.0,0.0,361.25,745.25,
2024-02-02 14:00:00,12.25,36.5,,,,,2.48,0.38,5.23,2.1,,,,,,,66.75,2.1,237.0,0.0,0.0,304.25,745.0,
2024-02-02 15:00:00,16.25,39.75,5.45,12.5,11.05,,1.6,0.51,5.68,2.87,,,,,,,68.5,2.1,239.25,0.0,0.0,223.0,744.5,
2024-02-02 16:00:00,17.0,39.0,3.07,20.03,13.2,,1.7,0.5,4.72,2.78,,,,,,,69.5,1.92,226.75,0.0,0.0,132.25,744.0,
2024-02-02 17:00:00,17.5,46.25,3.08,27.18,16.95,,2.58,0.64,5.1,3.55,,,,,,,72.75,1.5,215.25,0.0,0.0,48.5,744.0,
2024-02-02 18:00:00,18.25,42.75,4.38,26.08,17.45,,3.3,0.72,5.82,4.05,,,,,,,75.5,0.62,211.25,0.0,0.0,16.5,744.25,
2024-02-02 19:00:00,15.0,47.0,3.78,26.6,17.25,,3.52,0.74,5.83,4.13,,,,,,,77.0,0.5,208.0,0.0,0.0,15.5,745.0,
2024-02-02 20:00:00,10.75,43.0,4.12,26.35,17.4,,1.35,0.58,5.66,3.3,,,,,,,77.75,0.45,204.0,0.0,0.0,15.25,745.0,
2024-02-02 21:00:00,7.25,38.75,4.62,22.72,15.85,,1.03,0.53,5.2,2.98,,,,,,,78.0,0.55,208.5,0.0,0.0,16.25,746.0,
2024-02-02 22:00:00,8.25,33.0,5.18,23.2,16.52,,0.47,0.53,5.03,2.95,,,,,,,78.0,0.52,209.5,0.0,0.0,16.75,745.5,
2024-02-02 23:00:00,9.75,32.75,4.88,22.38,15.9,,1.68,0.51,5.59,2.83,,,,,,,77.75,0.57,212.5,0.0,0.0,16.0,745.5,
2024-02-03 00:00:00,11.75,43.25,4.5,23.42,16.12,,3.22,1.74,5.58,9.68,,,,,,,78.5,0.4,199.25,0.0,0.0,16.0,745.0,
2024-02-03 01:00:00,11.5,24.0,4.92,27.78,18.77,,3.9,2.1,5.68,11.75,,,,,,,78.5,0.4,206.75,0.0,0.0,14.5,745.0,
2024-02-03 02:00:00,13.25,28.0,5.52,27.2,18.98,,2.92,2.1,6.65,11.75,,,,,,,78.0,0.5,210.5,0.0,0.0,14.75,745.0,
2024-02-03 03:00:00,15.0,31.5,6.45,28.2,20.25,,2.4,1.98,6.8,11.73,,,,,,,78.0,0.4,215.75,0.0,0.0,14.5,745.0,
2024-02-03 04:00:00,16.75,33.25,5.85,27.9,19.6,,0.4,0.55,6.43,3.02,,,,,,,77.5,0.32,210.0,0.0,0.0,14.5,745.0,
2024-02-03 05:00:00,13.75,37.5,6.12,26.95,19.35,,,0.44,5.48,2.47,,,,,,,77.0,0.3,215.25,0.0,0.0,15.5,745.0,
2024-02-03 06:00:00,22.0,53.25,7.2,27.68,20.58,,,0.44,4.68,2.45,,,,,,,78.25,0.3,208.25,0.0,0.0,19.75,745.5,
2024-02-03 07:00:00,40.5,71.75,7.35,28.32,21.08,,,0.46,5.74,2.57,,,,,,,75.75,0.35,213.75,0.0,0.0,69.5,746.25,
2024-02-03 08:00:00,38.25,73.75,7.38,25.45,19.55,,0.93,0.58,5.8,3.25,,,,,,,70.5,0.5,206.75,0.0,0.0,161.0,747.25,
2024-02-03 09:00:00,26.0,56.5,11.7,30.58,25.8,,1.0,0.59,5.02,3.3,,,,,,,68.0,0.98,209.25,0.0,0.0,269.5,748.0,
2024-02-03 10:00:00,20.5,58.75,11.92,32.25,26.9,,1.67,0.79,5.76,23.27,,,,,,,66.25,1.32,214.25,0.0,0.0,336.75,747.75,
2024-02-03 11:00:00,15.25,53.0,11.0,30.77,25.3,,1.0,0.67,5.6,3.87,,,,,,,66.0,1.38,209.75,0.0,0.0,356.25,747.0,
2024-02-03 12:00:00,20.5,59.5,8.7,29.17,22.6,,2.42,0.56,5.54,3.08,,,,,,,64.75,1.32,209.5,0.0,0.0,375.0,746.5,
2024-02-03 13:00:00,16.75,67.25,7.72,25.18,19.68,,1.68,0.4,5.58,2.17,,,,,,,64.0,1.3,209.5,0.0,0.0,374.25,746.0,
2024-02-03 14:00:00,18.25,58.25,6.78,21.08,16.7,,1.85,0.2,5.48,1.15,,,,,,,64.75,1.55,201.75,0.0,0.0,309.5,745.5,
2024-02-03 15:00:00,16.25,56.0,4.95,20.4,14.88,,0.67,0.19,5.59,0.87,,,,,,,67.0,1.6,186.25,0.0,0.0,219.5,745.0,
2024-02-03 16:00:00,17.0,59.25,4.83,21.97,15.6,,1.15,0.54,5.28,3.02,,,,,,,67.75,1.38,195.75,0.0,0.0,133.25,745.0,
2024-02-03 17:00:00,17.75,71.25,5.28,24.45,17.27,,1.42,0.63,5.69,3.5,,,,,,,71.25,1.42,180.75,0.0,0.0,49.0,745.0,
2024-02-03 18:00:00,22.0,81.5,6.58,26.08,19.2,,1.55,0.69,6.06,3.88,,,,,,,73.75,1.32,190.5,0.0,0.0,16.0,745.0,
2024-02-03 19:00:00,27.25,85.5,6.7,26.88,19.77,,1.68,0.64,6.29,3.63,,,,,,,74.0,1.5,183.25,0.0,0.0,14.5,746.0,
2024-02-03 20:00:00,22.75,64.25,6.55,27.65,20.02,,3.3,0.56,6.01,3.15,,,,,,,74.0,1.23,189.0,0.0,0.0,14.5,746.5,
2024-02-03 21:00:00,16.5,57.0,5.95,23.78,17.5,,4.18,0.54,6.03,3.05,,,,,,,74.0,0.68,175.0,0.0,0.0,15.5,747.0,
2024-02-03 22:00:00,19.0,50.25,6.3,21.8,16.7,,1.1,0.44,6.22,2.48,,,,,,,74.25,0.48,167.75,0.0,0.0,16.0,747.0,
2024-02-03 23:00:00,20.75,49.25,6.42,21.55,16.73,,,0.34,5.99,1.93,,,,,,,74.0,0.4,181.75,0.0,0.0,16.25,747.0,
2024-02-04 00:00:00,17.0,50.75,5.8,22.52,16.75,,1.47,0.51,5.9,2.8,,,,,,,74.75,0.35,173.25,0.0,0.0,16.5,746.0,
2024-02-04 01:00:00,14.75,40.5,5.5,25.7,18.15,,2.85,0.56,5.7,3.08,,,,,,,75.0,0.3,190.0,0.0,0.0,15.0,746.0,
2024-02-04 02:00:00,10.25,34.0,6.78,26.1,19.38,,1.92,0.58,6.2,3.25,,,,,,,75.25,0.3,195.25,0.0,0.0,14.75,745.75,
2024-02-04 03:00:00,14.0,44.5,7.28,28.17,20.9,,1.48,0.58,5.45,3.27,,,,,,,76.5,0.3,193.5,0.0,0.0,14.75,745.0,
2024-02-04 04:00:00,7.25,37.75,6.28,28.72,20.35,,2.42,0.48,5.5,2.68,,,,,,,77.0,0.3,202.75,0.0,0.0,14.5,745.0,
2024-02-04 05:00:00,15.0,34.75,6.82,25.95,19.35,,2.17,0.47,5.02,2.62,,,,,,,77.25,0.3,212.5,0.0,0.0,15.25,745.75,
2024-02-04 06:00:00,19.75,58.75,13.08,26.4,24.7,,3.92,0.43,3.06,2.4,,,,,,,79.75,0.3,149.0,0.0,0.0,18.75,746.75,
2024-02-04 07:00:00,31.25,95.5,14.38,29.38,27.3,,5.2,0.48,3.64,2.67,,,,,,,79.0,0.3,269.75,0.0,0.0,65.5,747.5,
2024-02-04 08:00:00,51.5,109.0,14.85,31.25,28.67,,2.0,0.57,4.9,3.15,,,,,,,72.5,0.4,226.5,0.0,0.0,152.25,748.5,
2024-02-04 09:00:00,47.75,137.5,13.02,26.55,24.72,,0.5,0.51,4.49,2.83,,,,,,,66.5,0.7,188.5,0.0,0.0,251.25,749.0,
2024-02-04 10:00:00,20.5,55.75,10.88,30.72,25.22,,2.67,0.72,4.94,22.93,,,,,,,64.0,1.17,196.25,0.0,0.0,326.0,749.0,
2024-02-04 11:00:00,13.25,41.25,11.2,27.53,23.77,,3.67,0.6,5.18,3.37,,,,,,,63.5,1.2,198.5,0.0,0.0,384.5,748.5,
2024-02-04 12:00:00,13.75,46.75,9.73,26.47,22.0,,1.4,0.51,4.85,2.85,,,,,,,62.0,1.38,197.75,0.0,0.0,397.75,747.75,
2024-02-04 13:00:00,11.75,48.75,8.55,23.28,19.32,,0.88,0.16,5.01,0.88,,,,,,,62.75,1.65,211.25,0.0,0.0,374.75,747.0,
2024-02-04 14:00:00,8.0,43.75,7.45,20.25,16.85,,3.32,,5.22,,,,,,,,63.5,1.55,201.75,0.0,0.0,319.25,746.75,
2024-02-04 15:00:00,9.25,55.0,6.22,20.15,15.78,,3.58,0.13,4.54,,,,,,,,65.5,1.82,199.75,0.0,0.0,236.25,746.0,
2024-02-04 16:00:00,14.5,47.75,5.37,19.87,14.93,,1.58,0.44,4.67,2.48,,,,,,,67.5,1.45,205.75,0.0,0.0,138.5,746.0,
2024-02-04 17:00:00,18.5,52.75,6.45,20.32,16.02,,1.12,0.43,4.65,2.38,,,,,,,70.75,0.95,186.75,0.0,0.0,51.5,746.0,
2024-02-04 18:00:00,16.25,52.75,6.22,25.4,18.6,,3.0,0.55,5.34,3.02,,,,,,,74.0,0.48,189.25,0.0,0.0,16.0,746.0,
2024-02-04 19:00:00,15.25,53.75,6.2,25.55,18.65,,4.1,0.56,5.38,3.13,,,,,,,75.0,0.43,189.0,0.0,0.0,14.5,746.5,
2024-02-04 20:00:00,17.0,50.0,6.95,23.28,18.02,,2.8,0.47,5.29,2.62,,,,,,,75.0,0.4,181.5,0.0,0.0,14.5,747.0,
2024-02-04 21:00:00,11.0,48.75,7.35,22.88,18.12,,3.12,0.54,5.0,2.95,,,,,,,75.0,0.45,179.75,0.0,0.0,15.5,747.25,
2024-02-04 22:00:00,10.5,42.0,6.98,18.73,15.6,,3.7,0.44,5.51,2.42,,,,,,,75.0,0.48,174.0,0.0,0.0,16.0,747.25,
2024-02-04 23:00:00,10.25,35.0,5.85,20.02,15.42,,3.88,0.43,5.77,2.33,,,,,,,75.0,0.38,174.25,0.0,0.0,16.25,747.0,
2024-02-05 00:00:00,13.25,37.0,5.22,21.1,15.48,,1.68,0.55,5.56,3.02,,,,,,,74.75,0.5,163.25,0.0,0.0,16.0,747.0,
2024-02-05 01:00:00,10.5,32.75,5.3,22.58,16.3,,1.08,0.55,5.61,3.0,,,,,,,74.75,0.32,165.0,0.0,0.0,15.5,746.25,
2024-02-05 02:00:00,9.75,53.5,5.3,25.82,18.08,,3.12,0.62,6.45,3.42,,,,,,,75.75,0.3,166.5,0.0,0.0,15.0,746.0,
2024-02-05 03:00:00,12.25,41.25,6.15,25.8,18.75,,4.12,0.59,6.48,3.33,,,,,,,75.75,0.3,167.0,0.0,0.0,14.75,746.0,
2024-02-05 04:00:00,12.75,29.25,6.35,24.95,18.4,,3.08,0.42,6.39,2.35,,,,,,,75.75,0.3,149.25,0.0,0.0,14.25,746.0,
2024-02-05 05:00:00,14.5,36.0,7.48,26.95,20.42,,2.33,0.36,4.71,2.02,,,,,,,78.0,0.3,64.75,0.0,0.0,14.75,746.0,
2024-02-05 06:00:00,24.75,45.5,12.75,27.02,24.75,,2.78,0.36,3.52,2.0,,,,,,,82.25,0.3,309.0,0.0,0.0,18.75,746.75,
2024-02-05 07:00:00,36.25,82.25,15.85,29.35,28.48,,2.82,0.46,3.44,2.47,,,,,,,81.5,0.3,295.5,0.0,0.0,63.0,747.0,
2024-02-05 08:00:00,50.5,114.0,14.35,32.05,28.7,,1.12,0.72,4.44,4.03,,,,,,,74.25,0.4,164.0,0.0,0.0,168.25,748.25,
2024-02-05 09:00:00,56.25,119.5,12.78,26.18,24.28,,0.47,0.67,5.35,3.77,,,,,,,66.75,0.82,174.5,0.0,0.0,256.0,749.0,
2024-02-05 10:00:00,32.0,73.5,11.32,29.9,25.1,,2.17,0.88,6.23,23.8,,,,,,,65.75,1.27,180.75,0.0,0.0,327.0,749.0,
2024-02-05 11:00:00,27.5,74.25,11.0,27.93,23.83,,4.57,0.68,5.66,3.9,,,,,,,63.25,1.52,199.25,0.0,0.0,394.25,748.25,
2024-02-05 12:00:00,23.0,72.0,9.2,25.3,20.93,,1.0,0.6,5.94,3.3,,,,,,,63.0,1.45,191.0,0.0,0.0,404.75,747.75,
2024-02-05 13:00:00,21.75,68.0,7.1,25.75,19.48,,,0.54,5.87,3.02,,,,,,,63.0,1.62,186.0,0.0,0.0,378.75,747.0,
2024-02-05 14:00:00,19.25,60.0,6.18,20.02,15.68,,0.3,0.29,6.0,1.6,,,,,,,63.75,1.58,182.25,0.0,0.0,322.0,746.75,
2024-02-05 15:00:00,23.0,72.0,3.62,19.8,13.5,,,0.24,6.39,1.23,,,,,,,65.0,1.82,186.0,0.0,0.0,238.25,746.0,
2024-02-05 16:00:00,24.0,71.0,2.1,22.6,13.73,,,0.52,6.45,2.88,,,,,,,66.5,1.7,179.5,0.0,0.0,141.25,746.0,
2024-02-05 17:00:00,28.5,71.0,3.05,23.72,15.1,,2.12,0.58,6.78,3.2,,,,,,,69.0,0.85,190.25,0.0,0.0,54.75,746.0,
2024-02-05 18:00:00,34.5,82.0,2.65,25.48,15.7,,1.48,1.03,7.6,3.63,,,,,,,72.0,0.48,189.5,0.0,0.0,17.25,746.0,
2024-02-05 19:00:00,39.5,89.0,3.3,26.5,16.77,,1.0,0.56,7.38,3.2,,,,,,,73.5,0.4,196.5,0.0,0.0,15.5,747.0,
2024-02-05 20:00:00,39.75,91.25,3.75,25.5,16.6,,0.2,0.42,7.37,2.3,,,,,,,74.0,0.4,192.75,0.0,0.0,15.25,747.0,
2024-02-05 21:00:00,34.5,86.5,5.1,24.28,17.02,,0.5,0.17,7.55,0.95,,,,,,,74.0,0.35,194.75,0.0,0.0,15.75,747.75,
2024-02-05 22:00:00,31.25,78.75,4.18,21.4,14.8,,0.1,0.04,7.52,0.23,,,,,,,74.0,0.32,199.0,0.0,0.0,17.0,748.0,
2024-02-05 23:00:00,34.75,75.75,4.53,23.12,16.0,,0.25,0.12,7.76,0.6,,,,,,,75.0,0.3,199.75,0.0,0.0,17.25,747.5,
2024-02-06 00:00:00,33.25,69.0,3.25,22.58,14.65,,1.65,0.5,7.5,2.8,,,,,,,76.0,0.3,193.0,0.0,0.0,17.5,747.0,
2024-02-06 01:00:00,33.25,67.5,4.02,24.45,16.25,,3.48,0.5,7.38,2.78,,,,,,,76.75,0.3,197.75,0.0,0.0,16.5,746.75,
2024-02-06 02:00:00,41.0,68.5,4.42,27.6,18.25,,2.95,0.58,8.02,3.18,,,,,,,77.75,0.3,213.0,0.0,0.0,15.75,746.0,
2024-02-06 03:00:00,44.25,82.25,4.55,27.05,18.12,,2.35,0.55,7.84,3.1,,,,,,,78.0,0.3,210.75,0.0,0.0,15.75,745.5,
2024-02-06 04:00:00,54.5,128.75,19.05,30.5,31.7,,1.5,0.52,4.69,2.82,,,,,,,80.5,0.3,186.5,0.0,0.0,14.75,745.5,
2024-02-06 05:00:00,84.75,256.25,21.5,32.83,34.92,,2.1,0.59,4.25,3.28,,,,,,,83.75,0.3,142.25,0.0,0.0,15.25,746.0,
2024-02-06 06:00:00,91.5,146.25,24.4,31.4,36.55,,0.7,0.54,4.28,3.02,,,,,,,84.25,0.3,76.25,0.0,0.0,16.5,746.5,
2024-02-06 07:00:00,94.25,146.5,25.02,33.88,38.38,,,0.58,5.3,3.27,,,,,,,83.75,0.3,233.25,0.0,0.0,59.25,747.0,
2024-02-06 08:00:00,84.25,146.0,22.6,32.22,35.55,,2.03,0.62,5.0,3.5,,,,,,,76.5,0.4,176.25,0.0,0.0,157.5,748.0,
2024-02-06 09:00:00,68.5,149.5,19.23,29.15,31.15,,2.02,0.63,5.89,3.5,,,,,,,69.25,0.72,190.0,0.0,0.0,243.5,748.25,
2024-02-06 10:00:00,59.25,136.25,15.55,32.4,29.88,,1.97,0.88,7.47,24.1,,,,,,,67.0,0.92,201.25,0.0,0.0,299.0,748.0,
2024-02-06 11:00:00,47.0,92.0,14.53,31.83,28.7,,2.93,0.72,7.24,4.03,,,,,,,65.5,1.25,185.25,0.0,0.0,339.0,748.0,
2024-02-06 12:00:00,51.5,93.0,8.73,30.73,23.47,,1.6,0.6,6.7,3.28,,,,,,,63.75,1.5,195.0,0.0,0.0,400.25,747.5,
2024-02-06 13:00:00,46.5,91.75,6.1,19.1,22.1,8.3,1.15,0.56,31.46,3.1,,,,,,,64.5,1.68,197.0,0.0,0.0,355.0,747.0,
2024-02-06 14:00:00,43.5,81.25,2.3,2.2,3.1,7.8,0.75,0.38,20.98,2.15,,,,,,,64.0,1.78,198.5,0.0,0.0,321.25,746.0,
2024-02-06 15:00:00,39.75,89.75,3.52,1.53,3.45,18.25,,0.22,12.08,1.2,,,,,,,65.0,1.6,180.0,0.0,0.0,224.25,746.0,
2024-02-06 16:00:00,43.5,92.0,3.43,3.03,4.4,6.43,0.8,0.43,8.24,2.4,,,,,,,67.0,1.38,187.75,0.0,0.0,130.5,745.75,
2024-02-06 17:00:00,47.0,86.5,2.85,2.12,3.47,6.6,0.2,0.38,6.97,2.12,,,,,,,69.0,1.02,185.5,0.0,0.0,46.5,745.75,
2024-02-06 18:00:00,46.0,100.75,3.22,4.22,4.88,8.2,1.75,0.43,7.61,2.4,,,,,,,72.0,0.42,170.25,0.0,0.0,12.0,746.0,
2024-02-06 19:00:00,52.75,115.75,4.68,3.4,5.58,9.0,3.5,0.52,6.93,2.9,,,,,,,73.75,0.32,176.5,0.0,0.0,10.75,746.0,
2024-02-06 20:00:00,55.0,125.0,5.28,3.1,5.95,8.85,2.55,0.62,7.34,3.42,,,,,,,74.0,0.32,176.5,0.0,0.0,10.75,746.25,
2024-02-06 21:00:00,54.5,115.75,4.95,4.38,6.38,8.62,2.1,0.62,6.98,3.45,,,,,,,74.25,0.3,173.0,0.0,0.0,10.75,747.0,
2024-02-06 22:00:00,52.75,104.5,4.5,4.3,5.95,9.15,3.22,0.72,5.75,4.0,,,,,,,75.0,0.3,170.25,0.0,0.0,9.0,746.5,
2024-02-06 23:00:00,50.75,97.25,7.5,3.15,7.8,7.3,3.62,1.43,7.01,8.53,,,,,,,75.5,0.3,159.75,0.0,0.0,11.5,746.25,
2024-02-07 00:00:00,47.25,88.0,4.45,2.58,5.0,7.25,1.4,0.48,7.56,2.68,,,,,,,76.5,0.3,167.5,0.0,0.0,11.5,746.0,
2024-02-07 01:00:00,48.0,89.5,6.35,2.7,6.62,7.78,1.38,0.52,6.39,2.85,,,,,,,77.75,0.3,154.0,0.0,0.0,11.25,745.75,
2024-02-07 02:00:00,51.25,118.75,7.38,7.32,9.9,9.05,2.25,0.54,3.25,3.02,,,,,,,80.75,0.3,141.5,0.0,0.0,10.75,745.0,
2024-02-07 03:00:00,61.25,155.0,10.38,8.75,13.08,9.25,2.85,0.62,3.61,3.43,,,,,,,82.0,0.3,139.75,0.0,0.0,10.0,745.0,
2024-02-07 04:00:00,67.75,138.5,27.1,11.4,28.1,9.02,1.72,2.05,3.16,11.42,,,,,,,83.5,0.3,142.5,0.0,0.0,9.75,745.0,
2024-02-07 05:00:00,89.5,195.5,46.0,10.18,42.8,10.02,2.1,2.13,3.36,11.88,,,,,,,84.75,0.3,141.25,0.0,0.0,9.5,745.25,
2024-02-07 06:00:00,104.25,206.5,45.45,10.72,42.65,10.22,2.42,2.4,3.65,13.4,,,,,,,85.5,0.3,150.75,0.0,0.0,13.0,746.0,
2024-02-07 07:00:00,110.0,177.75,57.12,12.62,53.15,10.38,3.3,2.38,2.91,13.9,,,,,,,84.0,0.3,179.0,0.0,0.0,61.25,746.25,
2024-02-07 08:00:00,107.75,184.5,44.05,9.85,41.03,10.62,3.55,0.68,3.46,3.78,,,,,,,76.0,0.43,213.5,0.0,0.0,149.75,747.5,
2024-02-07 09:00:00,83.5,152.0,38.38,11.1,37.12,8.98,3.6,0.61,5.29,3.4,,,,,,,71.25,0.6,169.75,0.0,0.0,233.0,748.0,
2024-02-07 10:00:00,80.5,142.5,32.33,7.72,30.38,9.82,4.0,1.46,5.82,21.2,,,,,,,65.5,1.1,188.5,0.0,0.0,346.0,748.0,
2024-02-07 11:00:00,66.0,121.5,26.87,5.83,24.93,11.43,4.9,0.63,7.02,1.77,,,,,,,63.75,1.23,195.75,0.0,0.0,392.5,748.0,
2024-02-07 12:00:00,59.75,113.0,17.07,7.13,17.67,10.0,3.22,0.66,6.8,1.58,,,,,,,62.5,1.3,197.75,0.0,0.0,409.0,747.25,
2024-02-07 13:00:00,48.0,95.5,15.62,4.82,15.28,9.68,2.07,0.59,5.87,1.23,,,,,,,61.75,1.2,194.75,0.0,0.0,386.75,746.75,
2024-02-07 14:00:00,41.5,77.25,11.38,3.42,11.1,9.55,1.52,0.51,5.8,1.1,,,,,,,61.75,1.42,186.0,0.0,0.0,326.25,745.75,
2024-02-07 15:00:00,40.5,74.25,9.38,1.92,8.65,8.32,1.45,0.4,5.14,0.83,,,,,,,62.75,1.23,189.25,0.0,0.0,241.0,745.0,
2024-02-07 16:00:00,41.5,81.75,8.22,3.4,8.48,7.18,2.55,0.49,5.93,1.0,,,,,,,64.25,1.0,183.25,0.0,0.0,141.75,745.0,
2024-02-07 17:00:00,40.0,85.5,6.15,2.72,6.45,7.65,2.35,0.43,6.32,0.9,,,,,,,68.25,0.78,190.5,0.0,0.0,49.25,745.0,
2024-02-07 18:00:00,41.0,96.5,6.4,4.55,7.62,7.42,3.9,0.47,6.05,1.03,,,,,,,73.5,0.35,177.0,0.0,0.0,12.75,745.25,
2024-02-07 19:00:00,44.25,112.75,6.38,4.9,7.8,9.12,4.97,0.55,6.4,1.1,,,,,,,74.75,0.32,183.75,0.0,0.0,10.5,745.75,
2024-02-07 20:00:00,47.0,107.5,6.8,4.85,8.07,9.98,3.75,0.56,5.82,1.18,,,,,,,75.75,0.3,178.5,0.0,0.0,10.5,746.0,
2024-02-07 21:00:00,49.75,111.75,7.08,4.0,7.85,9.82,3.08,0.55,5.74,1.12,,,,,,,76.75,0.3,204.75,0.0,0.0,10.5,746.0,
2024-02-07 22:00:00,37.75,82.5,7.6,4.32,8.45,9.22,2.33,0.57,5.63,1.15,,,,,,,77.5,0.3,204.25,0.0,0.0,10.5,746.0,
2024-02-07 23:00:00,29.25,73.25,8.22,3.12,8.35,7.92,1.82,0.46,5.65,0.97,,,,,,,78.25,0.3,206.5,0.0,0.0,11.0,746.0,
2024-02-08 00:00:00,23.75,56.25,7.92,2.88,7.95,7.88,2.08,0.54,5.67,1.1,,,,,,,79.5,0.3,207.0,0.0,0.0,10.75,745.75,
2024-02-08 01:00:00,32.5,98.5,10.62,7.48,12.6,8.2,3.1,0.47,3.5,1.0,,,,,,,81.25,0.3,232.5,0.0,0.0,10.75,745.0,
2024-02-08 02:00:00,55.25,212.75,11.23,8.18,13.48,8.02,3.65,0.46,3.21,0.98,,,,,,,83.25,0.3,281.5,0.0,0.0,10.75,745.0,
2024-02-08 03:00:00,43.0,121.5,13.42,8.12,15.2,9.95,3.35,0.54,3.22,1.1,,,,,,,85.0,0.3,292.75,0.0,0.0,10.0,744.0,
2024-02-08 04:00:00,68.75,238.0,24.88,8.4,24.7,9.93,1.3,0.6,3.19,1.25,,,,,,,86.0,0.3,299.25,0.0,0.0,9.75,744.0,
2024-02-08 05:00:00,94.0,356.0,33.3,8.78,31.75,10.45,1.25,0.62,3.28,1.27,,,,,,,86.5,0.3,255.75,0.0,0.0,9.5,744.75,
2024-02-08 06:00:00,75.75,210.0,43.25,8.55,39.67,10.88,1.38,0.64,3.32,1.35,,,,,,,87.0,0.3,254.0,0.0,0.0,13.0,745.0,
2024-02-08 07:00:00,81.0,178.0,40.33,9.3,37.72,9.68,1.58,0.61,2.98,1.27,,,,,,,85.0,0.3,220.25,0.0,0.0,69.0,745.5,
2024-02-08 08:00:00,69.75,128.75,34.1,8.52,32.22,9.32,2.3,0.62,3.1,1.27,,,,,,,77.25,0.38,230.25,0.0,0.0,166.75,746.5,
2024-02-08 09:00:00,65.5,157.5,32.2,7.0,29.9,10.32,3.4,0.65,3.49,1.33,,,,,,,70.5,0.4,229.0,0.0,0.0,268.25,747.0,
2024-02-08 10:00:00,65.75,195.25,25.78,6.72,24.52,10.28,3.0,0.8,4.96,9.3,,,,,,,66.75,0.85,199.25,0.0,0.0,333.5,747.0,
2024-02-08 11:00:00,44.75,97.5,21.13,6.03,20.43,11.28,2.67,0.7,7.24,1.5,,,,,,,67.5,1.27,204.25,0.0,0.0,364.75,747.0,
2024-02-08 12:00:00,46.25,96.75,13.43,4.2,13.17,11.63,2.68,0.53,8.39,1.1,,,,,,,67.25,1.1,195.75,0.0,0.0,330.75,746.25,
2024-02-08 13:00:00,41.75,81.75,11.25,4.25,11.4,10.55,1.6,0.38,7.35,0.82,,,,,,,65.75,1.18,209.0,0.0,0.0,354.75,745.75,
2024-02-08 14:00:00,31.0,54.0,8.62,3.02,8.6,10.22,0.73,0.46,4.94,1.0,,,,,,,65.25,1.08,207.25,0.0,0.0,295.75,744.75,
2024-02-08 15:00:00,17.5,48.0,7.72,2.72,7.72,8.35,,0.35,5.29,0.77,,,,,,,66.25,1.23,202.75,0.0,0.0,220.0,744.25,
2024-02-08 16:00:00,15.75,57.5,7.18,3.08,7.5,7.35,1.87,0.42,5.24,0.85,,,,,,,68.25,1.4,213.0,0.0,0.0,135.75,744.0,
2024-02-08 17:00:00,24.25,60.25,7.52,2.88,7.62,7.88,2.78,0.42,5.14,0.88,,,,,,,72.0,0.88,212.5,0.0,0.0,45.0,744.0,
2024-02-08 18:00:00,26.5,70.5,6.82,3.78,7.55,7.7,3.15,0.42,4.82,0.88,,,,,,,75.75,0.5,218.75,0.0,0.0,12.0,744.25,
2024-02-08 19:00:00,30.75,85.75,7.0,3.28,7.42,9.82,3.4,0.47,6.26,0.97,,,,,,,77.0,0.32,198.25,0.0,0.0,10.5,745.0,
2024-02-08 20:00:00,29.75,69.5,7.82,3.97,8.5,10.25,3.1,0.52,5.08,1.1,,,,,,,77.75,0.32,199.0,0.0,0.0,10.5,745.25,
2024-02-08 21:00:00,29.5,61.25,7.78,3.7,8.3,10.72,2.88,0.55,5.56,1.15,,,,,,,79.0,0.3,197.75,0.0,0.0,10.25,746.0,
2024-02-08 22:00:00,29.25,66.75,7.62,4.8,8.72,10.85,1.25,0.56,5.46,1.15,,,,,,,79.75,0.3,208.75,0.0,0.0,10.0,746.0,
2024-02-08 23:00:00,22.75,59.0,8.38,3.52,8.65,9.38,0.78,0.48,5.57,1.03,,,,,,,80.0,0.3,209.25,0.0,0.0,10.75,746.0,
2024-02-09 00:00:00,18.5,45.25,7.3,1.68,6.82,9.9,1.48,0.46,6.54,0.98,,,,,,,80.0,0.35,204.75,0.0,0.0,10.75,745.75,
2024-02-09 01:00:00,18.75,43.75,8.78,3.58,9.05,8.93,2.33,0.44,6.34,0.92,,,,,,,79.25,0.35,207.25,0.0,0.0,10.75,745.0,
2024-02-09 02:00:00,23.75,50.0,8.22,2.3,7.9,10.15,2.78,0.43,4.84,0.9,,,,,,,79.5,0.3,208.75,0.0,0.0,11.0,745.0,
2024-02-09 03:00:00,26.25,44.5,7.7,4.15,8.48,12.25,3.72,0.48,6.07,1.03,,,,,,,79.5,0.32,214.75,0.0,0.0,10.0,745.0,
2024-02-09 04:00:00,39.5,99.5,13.45,6.82,14.58,12.0,1.72,0.45,3.29,0.98,,,,,,,82.5,0.32,232.5,0.0,0.0,9.75,745.0,
2024-02-09 05:00:00,52.25,177.25,22.18,6.72,21.62,12.42,0.88,0.47,2.17,1.02,,,,,,,84.5,0.3,185.25,0.0,0.0,9.5,745.0,
2024-02-09 06:00:00,67.75,171.75,27.25,7.82,26.38,12.65,1.4,0.55,3.08,1.15,,,,,,,86.0,0.3,40.25,0.0,0.0,12.5,745.75,
2024-02-09 07:00:00,88.5,167.5,34.28,7.4,31.78,11.2,1.82,0.52,3.4,1.13,,,,,,,85.0,0.3,247.0,0.0,0.0,56.75,746.0,
2024-02-09 08:00:00,76.25,158.0,29.32,11.18,29.78,10.88,1.5,0.67,2.6,1.38,,,,,,,78.25,0.32,221.5,0.0,0.0,127.0,747.0,
2024-02-09 09:00:00,77.25,145.5,25.82,5.75,24.05,11.3,1.9,0.6,3.44,1.23,,,,,,,70.5,0.75,191.0,0.0,0.0,231.5,747.75,
2024-02-09 10:00:00,37.75,91.0,22.22,3.5,19.92,11.32,2.0,0.66,3.94,9.1,,,,,,,66.5,1.15,199.75,0.0,0.0,331.5,748.0,
2024-02-09 11:00:00,26.25,78.25,17.4,4.1,16.33,13.23,2.73,0.6,4.2,1.27,,,,,,,64.25,1.42,210.5,0.0,0.0,391.75,747.25,
2024-02-09 12:00:00,29.25,103.75,12.97,2.9,12.1,13.07,2.35,0.47,4.5,1.0,,,,,,,63.75,1.42,195.5,0.0,0.0,388.75,747.0,
2024-02-09 13:00:00,27.75,74.75,6.02,3.85,6.95,12.15,1.52,0.34,5.2,0.7,,,,,,,64.25,1.7,213.25,0.0,0.0,369.75,746.0,
2024-02-09 14:00:00,28.75,60.75,2.95,2.88,3.92,11.32,3.05,0.22,5.36,0.45,,,,,,,64.5,1.68,215.25,0.0,0.0,310.0,745.5,
2024-02-09 15:00:00,25.0,58.5,3.2,2.57,3.97,8.93,2.22,0.14,4.98,0.3,,,,,,,65.5,1.55,206.75,0.0,0.0,231.75,745.0,
2024-02-09 16:00:00,25.0,66.5,163.93,9.33,138.27,9.4,2.68,0.4,5.32,0.85,,,,,,,68.0,1.7,209.0,0.0,0.0,139.0,745.0,
2024-02-09 17:00:00,26.5,81.25,2.78,3.48,4.08,8.18,2.3,0.43,45.02,0.9,,,,,,,71.25,1.6,201.25,0.0,0.0,48.5,745.0,
2024-02-09 18:00:00,32.0,97.0,2.9,3.78,4.38,7.5,0.4,0.41,5.33,0.88,,,,,,,73.25,1.3,198.0,0.0,0.0,12.25,745.5,
2024-02-09 19:00:00,37.25,104.25,4.0,3.78,5.28,9.65,,0.48,5.47,1.0,,,,,,,74.0,1.02,188.25,0.0,0.0,10.5,746.0,
2024-02-09 20:00:00,42.0,96.75,5.72,2.72,6.12,10.07,1.52,0.45,5.48,0.92,,,,,,,74.0,1.05,179.75,0.0,0.0,10.0,746.5,
2024-02-09 21:00:00,34.5,87.0,5.55,2.85,6.0,10.2,2.05,0.45,6.06,0.92,,,,,,,74.25,1.05,186.75,0.0,0.0,10.0,747.0,
2024-02-09 22:00:00,28.75,73.25,5.68,2.2,5.8,10.45,1.15,0.43,6.31,0.9,,,,,,,74.75,1.08,183.0,0.0,0.0,10.0,747.0,
2024-02-09 23:00:00,24.75,59.75,6.85,2.33,6.78,8.9,0.38,0.4,5.94,0.87,,,,,,,74.5,1.1,177.0,0.0,0.0,10.5,747.0,
2024-02-10 00:00:00,24.75,62.25,6.48,1.8,5.98,8.32,1.23,0.42,6.0,0.88,,,,,,,74.25,1.08,193.0,0.0,0.0,10.75,747.0,
2024-02-10 01:00:00,25.25,59.25,6.4,2.38,6.48,8.68,2.52,0.43,5.75,0.9,,,,,,,73.5,0.98,185.25,0.0,0.0,10.75,746.5,
2024-02-10 02:00:00,23.25,53.25,6.0,2.67,5.88,9.05,1.27,0.4,5.67,0.85,,,,,,,72.5,0.92,171.5,0.0,0.0,11.0,746.0,
2024-02-10 03:00:00,34.25,71.0,5.22,2.8,5.75,11.18,1.4,0.44,7.46,0.93,,,,,,,72.25,0.62,175.75,0.0,0.0,11.0,746.0,
2024-02-10 04:00:00,37.25,74.75,6.7,2.33,6.68,10.95,4.03,0.39,6.64,0.85,,,,,,,74.5,0.5,185.0,0.0,0.0,10.25,746.0,
2024-02-10 05:00:00,35.0,69.75,6.2,3.62,6.98,11.1,5.78,0.38,6.16,0.8,,,,,,,77.25,0.35,176.25,0.0,0.0,9.75,746.0,
2024-02-10 06:00:00,39.5,91.0,8.57,5.72,10.02,11.58,3.45,0.48,4.74,0.98,,,,,,,78.75,0.3,206.75,0.0,0.0,14.0,746.5,
2024-02-10 07:00:00,57.25,158.0,23.05,10.7,24.45,10.22,2.12,0.52,3.22,1.1,,,,,,,78.25,0.3,190.75,0.0,0.0,58.0,747.25,
2024-02-10 08:00:00,68.0,190.5,15.52,7.02,16.4,10.07,3.45,0.62,4.7,1.27,,,,,,,72.5,0.48,253.25,0.0,0.0,147.5,748.0,
2024-02-10 09:00:00,58.5,112.75,13.65,3.87,12.62,9.7,2.8,0.6,5.53,1.23,,,,,,,68.0,1.02,185.75,0.0,0.0,247.25,749.0,
2024-02-10 10:00:00,47.75,98.75,10.42,1.75,9.4,10.82,2.47,0.7,5.24,9.23,,,,,,,66.75,1.38,192.75,0.0,0.0,334.0,749.0,
2024-02-10 11:00:00,49.0,96.0,8.37,4.4,9.17,11.12,4.1,0.59,5.47,1.23,,,,,,,66.0,1.6,209.75,0.0,0.0,382.5,748.25,
2024-02-10 12:00:00,55.25,106.0,6.4,4.0,7.33,12.97,2.45,0.53,5.86,1.1,,,,,,,65.0,1.65,213.0,0.0,0.0,394.0,747.5,
2024-02-10 13:00:00,57.5,121.75,5.12,3.05,5.78,12.68,1.0,0.47,6.23,0.98,,,,,,,64.25,1.55,213.25,0.0,0.0,368.0,747.0,
2024-02-10 14:00:00,59.5,102.5,2.4,3.1,3.58,12.55,1.62,0.42,6.34,0.88,,,,,,,66.0,1.78,212.5,0.0,0.0,303.75,746.5,
2024-02-10 15:00:00,53.5,94.5,3.2,3.6,4.03,11.42,1.1,0.37,6.12,0.8,,,,,,,67.0,1.7,215.25,0.0,0.0,224.25,746.0,
2024-02-10 16:00:00,57.5,101.5,3.8,1.6,3.95,9.75,1.65,0.33,6.26,0.7,,,,,,,69.25,1.58,220.0,0.0,0.0,127.0,746.0,
2024-02-10 17:00:00,59.0,106.75,3.45,3.22,4.53,9.6,1.35,0.29,6.14,0.6,,,,,,,71.75,1.42,194.75,0.0,0.0,51.0,746.0,
2024-02-10 18:00:00,68.25,129.75,2.72,3.48,4.05,9.75,0.85,0.23,6.8,0.48,,,,,,,74.25,1.1,193.75,0.0,0.0,17.25,746.0,
2024-02-10 19:00:00,69.0,136.0,2.68,4.15,4.4,11.15,2.47,0.22,8.05,0.43,,,,,,,75.25,1.18,182.25,0.0,0.0,13.75,746.0,
2024-02-10 20:00:00,70.0,129.25,3.7,2.82,4.53,12.05,2.78,0.47,8.07,0.98,,,,,,,75.25,1.23,194.25,0.0,0.0,13.5,747.0,
2024-02-10 21:00:00,72.25,124.25,4.55,3.7,5.7,11.08,2.45,0.32,8.37,0.68,,,,,,,75.75,1.18,188.5,0.0,0.0,13.25,747.0,
2024-02-10 22:00:00,69.5,112.0,5.35,1.88,5.35,11.2,1.15,0.12,9.41,0.25,,,,,,,76.0,1.18,196.5,0.0,0.0,13.5,747.0,
2024-02-10 23:00:00,64.25,103.5,4.72,2.08,4.9,10.07,,,8.73,,,,,,,,75.25,1.1,197.75,0.0,0.0,13.75,747.0,
2024-02-11 00:00:00,53.5,111.0,3.65,3.0,4.55,9.3,1.7,0.5,9.25,1.05,,,,,,,75.75,1.12,190.5,0.0,0.0,14.0,747.0,
2024-02-11 01:00:00,52.75,99.0,3.75,2.6,4.4,9.43,2.12,0.46,9.71,0.98,,,,,,,75.0,1.12,189.5,0.0,0.0,14.0,746.75,
2024-02-11 02:00:00,46.5,87.25,4.75,2.25,5.08,9.65,2.3,0.48,9.74,0.98,,,,,,,74.75,0.9,201.75,0.0,0.0,14.25,746.0,
2024-02-11 03:00:00,46.25,79.5,3.55,2.28,4.1,10.88,3.25,0.28,10.06,0.53,,,,,,,74.5,0.6,189.5,0.0,0.0,13.75,746.0,
2024-02-11 04:00:00,41.75,80.25,4.0,2.75,4.72,10.88,3.22,0.36,10.5,0.77,,,,,,,74.25,0.38,169.25,0.0,0.0,13.0,746.0,
2024-02-11 05:00:00,44.0,79.75,4.82,2.6,5.28,11.08,3.22,,10.31,,,,,,,,74.75,0.35,180.5,0.0,0.0,13.0,746.0,
2024-02-11 06:00:00,44.75,87.25,3.95,3.5,5.08,11.2,2.2,0.05,10.17,0.13,,,,,,,74.75,0.35,167.5,0.0,0.0,16.0,747.0,
2024-02-11 07:00:00,46.25,95.75,4.97,3.0,5.6,10.18,2.22,0.09,10.51,0.2,,,,,,,72.5,0.68,170.25,0.0,0.0,81.75,747.5,
2024-02-11 08:00:00,45.5,104.75,4.95,3.02,5.6,9.7,1.25,0.49,9.52,1.05,,,,,,,68.5,1.6,174.5,0.0,0.0,174.25,748.75,
2024-02-11 09:00:00,48.0,113.25,3.68,2.5,4.35,10.05,1.38,0.5,9.17,1.03,,,,,,,66.0,2.15,190.25,0.0,0.0,257.75,749.0,
2024-02-11 10:00:00,42.5,105.0,3.95,2.95,4.78,10.3,3.33,0.7,,9.33,,,,,,,63.5,2.15,207.75,0.0,0.0,343.0,749.0,
2024-02-11 11:00:00,44.0,105.75,3.0,2.57,3.83,10.77,4.73,,9.23,,,,,,,,63.25,1.98,215.75,0.0,0.0,380.75,749.0,
2024-02-11 12:00:00,48.5,114.5,3.3,2.4,3.97,12.53,4.42,0.51,9.61,1.05,,,,,,,62.5,2.12,216.75,0.0,0.0,387.25,748.5,
2024-02-11 13:00:00,58.25,129.0,4.08,2.9,4.82,11.15,4.22,0.51,9.48,1.08,,,,,,,61.75,2.0,225.25,0.0,0.0,376.75,747.75,
2024-02-11 14:00:00,47.0,108.25,2.85,2.5,3.68,10.95,1.37,0.44,9.59,0.92,,,,,,,62.75,2.0,222.75,0.0,0.0,322.25,747.0,
2024-02-11 15:00:00,46.5,91.25,3.22,1.8,3.55,9.93,0.3,0.56,9.83,1.2,,,,,,,64.5,1.95,219.75,0.0,0.0,206.5,746.5,
2024-02-11 16:00:00,43.5,89.75,3.18,1.58,3.4,8.35,3.25,0.36,10.04,0.78,,,,,,,65.75,1.85,220.5,0.0,0.0,131.5,746.0,
2024-02-11 17:00:00,39.5,84.25,2.62,3.13,3.38,7.88,3.6,0.28,10.61,0.6,,,,,,,68.5,1.68,209.5,0.0,0.0,50.0,747.0,
2024-02-11 18:00:00,42.5,90.25,3.35,2.22,3.9,8.07,1.3,0.3,11.53,0.6,,,,,,,70.5,1.15,203.25,0.0,0.0,16.0,747.0,
2024-02-11 19:00:00,47.0,99.5,3.48,2.9,4.38,8.98,0.83,0.33,11.7,0.63,,,,,,,72.0,0.82,182.75,0.0,0.0,14.25,747.0,
2024-02-11 20:00:00,48.0,108.0,1.95,4.85,4.12,10.05,0.78,0.52,11.68,1.08,,,,,,,70.5,0.48,183.5,0.0,0.0,13.75,747.5,
2024-02-11 21:00:00,50.75,106.75,4.97,2.95,5.62,10.12,0.62,0.55,11.85,1.12,,,,,,,70.25,0.4,189.25,0.0,0.0,13.75,747.75,
2024-02-11 22:00:00,48.5,92.0,3.55,4.0,5.0,10.28,,0.57,12.3,1.2,,,,,,,70.75,0.32,185.25,0.0,0.0,13.75,747.0,
2024-02-11 23:00:00,44.0,82.0,4.68,2.12,4.97,9.25,,0.54,11.64,1.2,,,,,,,71.0,0.35,185.0,0.0,0.0,13.75,747.0,
2024-02-12 00:00:00,43.5,70.0,4.4,2.3,4.8,7.82,,0.33,12.98,0.7,,,,,,,71.75,0.3,189.75,0.0,0.0,14.5,746.75,
2024-02-12 01:00:00,40.5,66.25,2.82,2.52,3.62,8.35,0.4,0.33,12.67,0.7,,,,,,,72.75,0.3,165.25,0.0,0.0,14.5,746.0,
2024-02-12 02:00:00,35.75,56.75,3.38,2.75,4.2,8.72,0.52,0.34,12.22,0.7,,,,,,,72.75,0.38,168.5,0.0,0.0,14.75,746.0,
2024-02-12 03:00:00,36.5,63.0,3.22,2.7,4.08,8.93,1.32,0.34,13.0,0.7,,,,,,,73.25,0.32,117.5,0.0,0.0,14.5,746.0,
2024-02-12 04:00:00,39.75,65.0,3.3,3.02,4.3,9.48,3.8,0.47,11.44,0.98,,,,,,,73.25,0.32,165.0,0.0,0.0,13.5,746.0,
2024-02-12 05:00:00,33.25,60.25,3.42,3.35,4.58,9.52,4.8,0.47,11.28,1.0,,,,,,,72.25,0.38,169.5,0.0,0.0,13.75,746.0,
2024-02-12 06:00:00,23.75,55.75,2.95,2.72,3.85,9.52,1.45,0.47,11.58,1.0,,,,,,,71.5,0.45,173.0,0.0,0.0,18.5,746.75,
2024-02-12 07:00:00,22.25,62.0,4.4,2.6,4.92,8.9,0.73,0.48,10.86,1.0,,,,,,,69.75,0.35,187.5,0.0,0.0,70.5,747.25,
2024-02-12 08:00:00,27.25,81.75,3.95,4.3,5.48,7.95,2.52,0.48,9.43,1.0,,,,,,,66.25,0.78,202.75,0.0,0.0,154.25,748.0,
2024-02-12 09:00:00,22.25,102.25,3.75,2.85,4.58,8.35,2.98,0.43,8.91,0.9,,,,,,,64.75,1.48,206.0,0.0,0.0,245.0,749.0,
2024-02-12 10:00:00,21.25,88.75,3.9,2.02,4.28,8.43,4.7,0.5,8.3,8.9,,,,,,,63.5,1.7,219.75,0.0,0.0,347.0,749.0,
2024-02-12 11:00:00,16.0,70.75,4.33,2.63,4.9,7.72,4.2,0.29,8.18,0.57,,,,,,,61.0,1.62,220.75,0.0,0.0,422.25,748.75,
2024-02-12 12:00:00,16.0,63.75,2.3,3.7,3.83,9.2,4.15,0.48,8.9,1.02,,,,,,,62.25,1.88,210.25,0.0,0.0,408.25,747.75,
2024-02-12 13:00:00,15.5,60.0,2.02,2.2,2.85,8.45,2.65,0.41,9.24,0.88,,,,,,,62.75,1.72,217.5,0.0,0.0,347.5,747.0,
2024-02-12 14:00:00,13.75,55.0,1.7,3.38,3.18,7.82,0.85,0.32,8.18,0.65,,,,,,,63.0,1.78,221.0,0.0,0.0,328.0,746.5,
2024-02-12 15:00:00,12.5,66.25,1.62,3.18,2.98,7.28,1.2,0.3,8.37,0.6,,,,,,,63.75,1.9,210.0,0.0,0.0,244.0,746.0,
2024-02-12 16:00:00,12.75,64.0,3.02,3.38,4.22,5.38,2.8,0.29,8.45,0.6,,,,,,,64.25,1.68,201.5,0.0,0.0,155.5,746.0,
2024-02-12 17:00:00,17.75,78.0,1.55,4.4,2.35,5.42,2.15,0.26,8.36,0.55,,,,,,,67.25,1.48,199.75,0.0,0.0,60.5,746.0,
2024-02-12 18:00:00,19.5,76.0,1.9,4.62,4.03,5.1,4.85,0.39,9.16,0.9,,,,,,,70.5,1.25,194.75,0.0,0.0,16.25,746.0,
2024-02-12 19:00:00,25.75,71.0,2.4,3.58,3.85,6.2,4.85,0.48,8.73,0.97,,,,,,,70.5,0.57,191.25,0.0,0.0,14.25,747.0,
2024-02-12 20:00:00,22.75,73.0,4.45,2.95,5.2,7.9,3.38,0.5,8.44,1.02,,,,,,,71.75,0.38,196.0,0.0,0.0,13.5,747.0,
2024-02-12 21:00:00,24.25,65.0,3.12,3.3,4.28,7.82,2.88,0.53,8.24,1.1,,,,,,,72.75,0.38,198.75,0.0,0.0,13.5,747.25,
2024-02-12 22:00:00,22.0,50.0,3.65,3.72,4.92,7.92,0.98,0.54,8.95,1.1,,,,,,,73.0,0.38,190.5,0.0,0.0,13.5,747.75,
2024-02-12 23:00:00,16.0,35.0,5.3,1.8,5.28,7.82,0.48,0.5,8.56,1.1,,,,,,,74.0,0.3,189.25,0.0,0.0,13.5,747.0,
2024-02-13 00:00:00,16.0,35.0,4.62,2.62,5.15,5.75,0.27,0.29,8.43,0.6,,,,,,,74.25,0.32,172.5,0.0,0.0,13.75,747.0,
2024-02-13 01:00:00,24.0,29.0,5.0,1.55,4.9,6.25,0.25,0.32,8.51,0.68,,,,,,,75.0,0.3,169.75,0.0,0.0,14.25,746.25,
2024-02-13 02:00:00,22.75,32.0,4.12,1.68,4.2,6.95,1.83,0.37,8.06,0.78,,,,,,,75.75,0.3,136.25,0.0,0.0,14.25,746.0,
2024-02-13 03:00:00,20.0,46.5,4.82,3.48,5.78,7.28,2.62,0.4,7.03,0.8,,,,,,,76.0,0.3,130.75,0.0,0.0,14.25,745.75,
2024-02-13 04:00:00,25.5,68.25,4.8,7.05,7.62,8.07,1.45,0.45,4.95,0.95,,,,,,,78.0,0.3,87.5,0.0,0.0,13.25,745.0,
2024-02-13 05:00:00,38.5,86.5,10.15,9.78,13.42,8.75,1.02,0.7,3.75,1.45,,,,,,,78.75,0.3,173.5,0.0,0.0,12.75,745.5,
2024-02-13 06:00:00,54.25,99.75,17.38,9.1,18.98,9.43,0.15,0.87,2.62,1.82,,,,,,,80.5,0.3,292.0,0.0,0.0,16.5,746.0,
2024-02-13 07:00:00,56.0,125.5,14.68,11.58,18.12,8.68,0.45,0.89,3.46,1.93,,,,,,,79.25,0.43,90.5,0.0,0.0,41.75,746.75,
2024-02-13 08:00:00,67.5,146.25,15.23,8.48,16.88,7.75,1.38,0.52,3.98,1.1,,,,,,,75.75,0.72,112.75,0.0,0.0,152.0,747.75,
2024-02-13 09:00:00,62.0,128.5,12.28,7.1,13.72,7.98,2.1,0.53,5.6,1.1,,,,,,,70.5,0.95,152.75,0.0,0.0,245.75,748.0,
2024-02-13 10:00:00,43.75,110.0,11.45,4.18,11.52,8.57,3.07,0.73,5.91,9.5,,,,,,,67.25,1.7,178.0,0.0,0.0,358.25,748.0,
2024-02-13 11:00:00,24.5,86.75,9.77,2.9,9.5,8.3,3.8,0.5,5.58,1.07,,,,,,,65.5,1.8,213.75,0.0,0.0,411.5,748.0,
2024-02-13 12:00:00,22.0,86.5,8.7,1.75,7.67,10.13,2.7,0.63,5.84,1.32,,,,,,,66.5,2.33,220.5,0.0,0.0,407.0,747.0,
2024-02-13 13:00:00,19.75,74.75,6.3,2.48,6.42,9.0,1.95,0.58,6.24,1.2,,,,,,,66.25,2.33,218.25,0.0,0.0,373.25,746.25,
2024-02-13 14:00:00,22.75,63.25,5.35,2.15,5.48,8.3,2.42,0.42,6.07,0.92,,,,,,,66.5,1.92,209.0,0.0,0.0,281.25,745.75,
2024-02-13 15:00:00,25.5,69.5,4.88,3.35,5.75,7.98,1.2,0.38,5.91,0.8,,,,,,,68.5,2.2,198.25,0.0,0.0,196.25,745.0,
2024-02-13 16:00:00,24.5,78.5,4.68,3.25,5.55,6.5,1.18,0.33,5.63,0.65,,,,,,,70.0,2.38,207.25,0.0,0.0,116.25,745.25,
2024-02-13 17:00:00,17.75,78.75,5.25,1.85,5.22,6.05,0.2,0.22,6.68,0.43,,,,,,,72.0,2.25,203.0,0.0,0.0,47.75,746.0,
2024-02-13 18:00:00,20.0,65.5,3.85,2.62,4.47,6.32,0.77,0.24,7.04,0.5,,,,,,,74.25,1.75,194.75,0.0,0.0,16.5,746.0,
2024-02-13 19:00:00,19.75,64.0,4.75,3.3,5.62,6.62,0.78,0.25,7.28,0.5,,,,,,,75.0,0.98,196.0,0.0,0.0,14.5,746.0,
2024-02-13 20:00:00,18.75,61.75,4.43,1.88,4.62,8.32,0.55,0.58,6.62,1.2,,,,,,,75.0,0.98,187.0,0.0,0.0,13.75,746.75,
2024-02-13 21:00:00,18.25,53.0,4.42,3.08,5.22,8.85,0.62,0.64,8.4,1.32,,,,,,,75.0,0.82,180.5,0.0,0.0,13.5,747.0,
2024-02-13 22:00:00,21.0,49.25,4.2,3.08,5.02,8.7,2.08,0.68,8.85,1.4,,,,,,,76.0,0.75,173.0,0.0,0.0,13.5,747.0,
2024-02-13 23:00:00,26.25,53.5,4.88,2.92,5.5,9.22,2.6,0.67,7.56,1.4,,,,,,,76.0,0.72,158.75,0.0,0.0,13.5,747.0,
2024-02-14 00:00:00,22.75,45.0,3.92,1.88,4.18,7.15,1.23,0.23,8.63,0.5,,,,,,,76.0,0.9,156.25,0.0,0.0,14.25,746.0,
2024-02-14 01:00:00,17.5,41.0,3.48,2.6,3.88,6.7,0.37,0.17,8.41,0.35,,,,,,,76.5,0.5,172.0,0.0,0.0,14.5,746.0,
2024-02-14 02:00:00,13.0,38.75,4.25,2.05,4.58,7.55,,0.18,8.71,0.4,,,,,,,77.0,0.48,152.5,0.0,0.0,14.5,745.25,
2024-02-14 03:00:00,14.0,40.75,4.12,2.43,4.62,7.78,1.35,0.2,8.04,0.4,,,,,,,77.5,0.38,156.75,0.0,0.0,14.5,745.0,
2024-02-14 04:00:00,18.25,40.25,3.52,3.05,4.5,8.45,3.42,0.51,8.16,1.05,,,,,,,77.75,0.4,151.75,0.0,0.0,13.5,745.0,
2024-02-14 05:00:00,23.5,46.25,3.08,4.72,5.03,8.9,4.53,0.58,7.61,1.2,,,,,,,78.0,0.3,153.25,0.0,0.0,11.75,745.0,
2024-02-14 06:00:00,28.0,62.0,4.12,3.5,5.22,9.57,2.08,0.68,7.13,1.42,,,,,,,78.0,0.35,139.0,0.0,0.0,16.75,746.0,
2024-02-14 07:00:00,33.75,77.75,8.1,7.5,10.6,8.98,1.38,0.7,4.13,1.5,,,,,,,77.75,0.3,189.0,0.0,0.0,66.25,746.5,
2024-02-14 08:00:00,51.25,120.25,7.08,7.75,9.9,8.43,1.52,0.38,5.29,0.78,,,,,,,72.5,0.78,151.0,0.0,0.0,205.75,747.25,
2024-02-14 09:00:00,43.75,101.0,5.95,4.53,7.22,7.38,1.32,0.27,6.72,0.53,,,,,,,68.75,1.42,177.25,0.0,0.0,282.25,748.0,
2024-02-14 10:00:00,22.5,85.25,5.52,3.78,6.48,7.95,2.97,0.52,6.92,9.1,,,,,,,68.25,1.88,168.5,0.0,0.0,349.0,748.0,
2024-02-14 11:00:00,30.75,85.25,6.37,2.43,6.47,7.5,4.27,0.3,6.47,0.63,,,,,,,65.5,2.12,187.25,0.0,0.0,416.5,747.5,
2024-02-14 12:00:00,23.5,91.5,4.4,2.57,4.9,9.63,1.8,0.61,6.9,1.27,,,,,,,66.0,2.42,192.0,0.0,0.0,424.25,746.5,
2024-02-14 13:00:00,23.75,90.25,4.22,2.25,4.65,8.65,1.2,0.61,6.84,1.3,,,,,,,65.25,2.65,193.75,0.0,0.0,397.5,746.0,
2024-02-14 14:00:00,29.5,92.5,4.0,2.08,4.4,8.85,3.12,0.58,6.93,1.18,,,,,,,63.75,2.5,182.75,0.0,0.0,338.5,745.25,
2024-02-14 15:00:00,32.0,94.75,4.15,2.25,4.58,8.02,3.4,0.48,7.08,1.03,,,,,,,65.25,2.38,183.0,0.0,0.0,250.75,745.0,
2024-02-14 16:00:00,33.25,88.25,4.53,2.0,4.73,7.28,2.98,0.41,7.17,0.85,,,,,,,66.75,2.05,172.0,0.0,0.0,149.0,745.0,
2024-02-14 17:00:00,28.0,88.75,2.68,3.65,4.1,6.65,1.92,0.26,7.56,0.52,,,,,,,69.25,1.9,165.25,0.0,0.0,56.75,745.0,
2024-02-14 18:00:00,30.0,85.75,3.9,3.02,4.8,6.68,2.12,0.25,7.52,0.5,,,,,,,72.5,1.17,156.0,0.0,0.0,16.25,745.0,
2024-02-14 19:00:00,37.0,81.25,3.95,4.22,5.48,6.35,2.68,0.24,8.17,0.43,,,,,,,72.0,0.57,159.25,0.0,0.0,14.75,745.75,
2024-02-14 20:00:00,38.75,86.75,4.0,3.72,5.25,8.52,2.33,0.63,8.24,1.3,,,,,,,72.5,0.55,175.75,0.0,0.0,13.75,746.0,
2024-02-14 21:00:00,34.0,79.5,4.95,3.9,6.08,8.45,2.75,0.71,9.08,1.5,,,,,,,73.0,0.55,163.0,0.0,0.0,13.5,746.0,
2024-02-14 22:00:00,31.0,67.75,4.15,3.18,5.05,8.55,4.35,0.75,9.29,1.58,,,,,,,73.5,0.57,147.0,0.0,0.0,13.5,746.0,
2024-02-14 23:00:00,32.25,65.25,5.28,3.1,5.92,9.07,5.15,0.74,9.45,1.57,,,,,,,74.0,0.4,154.0,0.0,0.0,13.5,746.0,
2024-02-15 00:00:00,33.25,64.5,5.58,1.95,5.58,7.78,1.83,0.35,8.11,0.75,,,,,,,73.5,0.5,137.75,0.0,0.0,14.0,746.0,
2024-02-15 01:00:00,26.5,53.0,5.03,2.33,5.32,6.98,,0.22,7.01,0.45,,,,,,,74.0,0.3,162.75,0.0,0.0,14.5,745.5,
2024-02-15 02:00:00,30.25,58.25,3.65,1.9,4.0,7.65,2.97,0.22,9.04,0.43,,,,,,,74.0,0.32,145.75,0.0,0.0,15.0,745.0,
2024-02-15 03:00:00,27.75,55.75,4.32,3.45,5.32,7.78,4.32,0.22,8.2,0.4,,,,,,,73.25,0.38,113.75,0.0,0.0,14.75,745.0,
2024-02-15 04:00:00,27.75,60.0,4.88,5.2,6.72,8.22,2.38,0.5,5.96,1.05,,,,,,,75.25,0.3,74.0,0.0,0.0,13.5,745.0,
2024-02-15 05:00:00,38.0,85.25,5.1,7.78,8.3,9.38,2.45,0.49,2.98,1.0,,,,,,,78.0,0.3,81.25,0.0,0.0,13.5,745.0,
2024-02-15 06:00:00,67.5,123.5,5.55,8.43,8.98,10.12,2.7,,3.14,,,,,,,,79.5,0.3,164.0,0.0,0.0,17.5,745.5,
2024-02-15 07:00:00,87.75,155.25,8.02,10.5,12.1,10.1,2.12,0.08,4.44,0.0,,,,,,,77.25,0.4,88.25,0.0,0.0,69.5,746.25,
2024-02-15 08:00:00,90.75,170.5,8.43,6.85,10.5,8.65,2.58,0.47,5.04,1.0,,,,,,,70.75,0.92,140.0,0.0,0.0,162.25,747.0,
2024-02-15 09:00:00,59.0,121.75,6.55,3.32,7.08,8.5,1.4,0.41,5.3,0.87,,,,,,,67.0,1.68,164.5,0.0,0.0,236.0,748.0,
2024-02-15 10:00:00,38.25,88.5,5.12,4.22,6.4,8.15,2.03,0.96,6.93,10.03,,,,,,,65.5,1.68,142.75,0.0,0.0,326.25,748.0,
2024-02-15 11:00:00,39.5,91.75,4.43,2.1,4.7,8.57,1.2,0.68,6.06,1.47,,,,,,,63.75,1.8,149.0,0.0,0.0,411.75,747.75,
2024-02-15 12:00:00,40.25,96.5,3.07,4.07,4.67,10.13,2.25,0.58,8.0,1.2,,,,,,,63.75,1.75,151.0,0.0,0.0,388.75,747.0,
2024-02-15 13:00:00,36.75,90.0,2.0,4.4,3.95,8.95,2.72,0.62,7.62,1.27,,,,,,,63.5,1.78,148.0,0.0,0.0,386.75,746.25,
2024-02-15 14:00:00,32.0,75.5,1.15,3.6,2.82,8.75,2.33,0.48,7.53,1.0,,,,,,,63.25,1.55,145.25,0.0,0.0,313.5,745.75,
2024-02-15 15:00:00,30.0,79.75,1.25,2.15,2.2,8.68,2.25,0.42,7.44,0.9,,,,,,,64.75,1.7,140.75,0.0,0.0,228.5,745.0,
2024-02-15 16:00:00,32.5,85.5,1.62,4.7,3.8,9.72,2.2,0.54,8.18,1.15,,,,,,,66.75,1.88,134.75,0.0,0.0,120.75,745.0,
2024-02-15 17:00:00,31.75,84.25,4.2,4.45,5.78,7.42,1.65,0.57,9.1,1.23,,,,,,,69.0,1.75,118.75,0.0,0.0,47.75,745.0,
2024-02-15 18:00:00,35.0,100.25,3.95,3.2,4.93,6.2,0.77,0.29,8.58,0.6,,,,,,,70.5,1.35,132.25,0.0,0.0,16.0,745.25,
2024-02-15 19:00:00,38.25,88.75,2.7,3.05,3.82,6.22,0.52,0.24,8.84,0.5,,,,,,,71.25,0.95,126.5,0.0,0.0,14.75,746.0,
2024-02-15 20:00:00,37.0,78.75,3.32,3.08,4.35,6.57,1.32,0.45,9.25,0.95,,,,,,,70.5,0.52,150.0,0.0,0.0,14.0,746.0,
2024-02-15 21:00:00,32.0,77.25,3.2,3.85,4.65,8.18,2.45,0.62,8.3,1.27,,,,,,,70.0,0.52,118.5,0.0,0.0,13.5,746.0,
2024-02-15 22:00:00,35.0,71.75,4.32,3.15,5.22,8.28,2.05,0.69,8.67,1.42,,,,,,,70.75,0.7,120.75,0.0,0.0,13.5,746.0,
2024-02-15 23:00:00,33.5,61.75,3.85,2.48,4.45,8.35,2.35,0.68,9.77,1.4,,,,,,,72.0,0.5,113.5,0.0,0.0,13.5,746.0,
2024-02-16 00:00:00,29.5,60.0,4.05,2.05,4.4,8.12,3.55,0.45,9.74,0.95,,,,,,,72.75,0.5,138.25,0.0,0.0,13.75,746.0,
2024-02-16 01:00:00,30.25,55.75,4.25,2.25,4.65,6.5,2.52,0.28,9.18,0.57,,,,,,,72.5,0.48,136.5,0.0,0.0,14.25,745.75,
2024-02-16 02:00:00,27.75,53.5,4.95,2.55,5.38,6.85,1.35,0.25,8.8,0.5,,,,,,,73.0,0.48,137.75,0.0,0.0,14.0,745.0,
2024-02-16 03:00:00,27.5,55.5,3.7,2.1,4.1,7.12,1.32,0.27,9.06,0.53,,,,,,,72.5,0.52,117.5,0.0,0.0,14.25,745.0,
2024-02-16 04:00:00,28.75,50.5,4.05,3.18,4.98,6.82,3.05,0.44,8.08,0.9,,,,,,,73.0,0.62,131.0,0.0,0.0,13.75,745.0,
2024-02-16 05:00:00,28.5,59.5,3.35,3.88,4.78,8.8,4.35,0.48,9.46,1.02,,,,,,,73.0,0.7,122.25,0.0,0.0,13.5,745.5,
2024-02-16 06:00:00,31.5,67.25,4.7,6.75,7.45,8.43,3.85,0.5,7.96,1.05,,,,,,,74.75,0.55,174.25,0.0,0.0,19.75,746.0,
2024-02-16 07:00:00,48.25,100.75,11.02,10.6,14.6,9.12,3.05,0.68,2.94,1.4,,,,,,,77.5,0.35,195.5,0.0,0.0,76.5,746.75,
2024-02-16 08:00:00,74.0,151.5,7.98,5.32,9.32,8.95,1.78,0.47,7.09,0.98,,,,,,,70.25,1.23,113.0,0.0,0.0,162.75,747.25,
2024-02-16 09:00:00,39.25,100.0,8.35,2.42,8.02,7.55,0.75,0.34,7.49,0.73,,,,,,,69.0,1.6,148.5,0.0,0.0,218.75,748.0,
2024-02-16 10:00:00,40.25,117.5,6.68,3.35,7.18,7.42,2.47,0.56,7.16,9.3,,,,,,,67.25,1.83,152.25,0.0,0.0,331.75,748.0,
2024-02-16 11:00:00,54.0,81.0,5.73,2.7,6.13,7.8,3.4,0.3,6.84,0.67,,,,,,,65.75,2.0,161.0,0.0,0.0,408.25,748.0,
2024-02-16 12:00:00,37.75,83.25,3.03,2.47,3.77,8.6,3.38,0.43,7.65,0.9,,,,,,,66.25,2.45,162.5,0.0,0.0,415.5,747.25,
2024-02-16 13:00:00,35.25,80.5,2.25,3.2,3.5,8.93,4.05,0.48,8.19,1.02,,,,,,,66.0,2.5,173.0,0.0,0.0,395.5,746.5,
2024-02-16 14:00:00,36.0,77.5,3.12,2.62,3.92,8.93,2.55,0.51,7.74,1.08,,,,,,,66.75,2.72,170.25,0.0,0.0,322.5,746.0,
2024-02-16 15:00:00,31.75,77.25,2.68,2.9,3.7,8.15,2.22,0.45,7.53,0.97,,,,,,,66.75,2.6,165.75,0.0,0.0,237.0,745.5,
2024-02-16 16:00:00,42.0,87.75,3.1,3.22,3.55,8.35,2.52,0.4,8.15,0.85,,,,,,,68.25,2.5,166.0,0.0,0.0,146.25,745.25,
2024-02-16 17:00:00,29.75,80.0,3.42,2.95,4.35,6.38,2.68,0.35,7.64,0.75,,,,,,,70.5,2.1,166.0,0.0,0.0,53.25,745.75,
2024-02-16 18:00:00,30.0,75.75,2.78,2.8,3.75,5.95,1.35,0.22,7.27,0.43,,,,,,,72.0,1.68,161.5,0.0,0.0,16.5,746.0,
2024-02-16 19:00:00,33.75,72.0,3.22,3.05,4.25,5.35,0.1,0.18,8.21,0.4,,,,,,,72.25,1.27,158.75,0.0,0.0,14.75,746.0,
2024-02-16 20:00:00,34.75,68.75,3.47,2.8,4.35,5.82,0.68,0.38,8.32,0.78,,,,,,,73.0,1.35,157.5,0.0,0.0,14.5,746.75,
2024-02-16 21:00:00,30.75,59.75,3.05,4.08,4.65,7.32,1.35,0.56,8.85,1.18,,,,,,,74.0,1.05,161.75,0.0,0.0,13.5,746.75,
2024-02-16 22:00:00,28.5,58.5,4.6,2.62,5.12,8.1,3.88,0.7,8.62,1.45,,,,,,,73.5,1.02,159.5,0.0,0.0,13.5,746.25,
2024-02-16 23:00:00,25.5,51.25,4.42,2.68,5.03,8.28,4.55,0.7,8.03,1.5,,,,,,,73.75,0.75,155.75,0.0,0.0,13.5,746.5,
2024-02-17 00:00:00,29.25,56.0,5.62,1.92,5.6,8.43,2.15,0.42,8.38,0.88,,,,,,,74.75,0.62,144.5,0.0,0.0,13.0,746.0,
2024-02-17 01:00:00,26.0,43.5,5.1,2.2,5.35,7.05,1.05,0.24,7.7,0.52,,,,,,,75.75,0.65,139.5,0.0,0.0,13.75,745.0,
2024-02-17 02:00:00,26.25,53.75,3.98,6.0,6.4,6.62,2.65,0.17,6.94,0.38,,,,,,,76.75,0.52,115.0,0.0,0.0,14.0,745.0,
2024-02-17 03:00:00,35.5,61.25,4.62,5.78,6.8,7.25,3.22,0.19,5.87,0.4,,,,,,,77.75,0.5,107.75,0.0,0.0,14.25,745.0,
2024-02-17 04:00:00,32.75,61.25,4.92,4.6,6.45,6.88,2.07,0.45,5.04,0.95,,,,,,,79.25,0.32,59.5,0.0,0.0,13.5,745.0,
2024-02-17 05:00:00,32.75,73.25,5.98,6.25,8.15,8.48,1.42,0.57,4.1,1.2,,,,,,,80.5,0.45,80.5,0.0,0.0,12.5,745.0,
2024-02-17 06:00:00,49.5,96.5,6.65,6.88,9.07,9.3,1.0,0.66,3.02,1.38,,,,,,,81.5,0.62,58.75,0.0,0.0,17.0,745.0,
2024-02-17 07:00:00,65.25,118.5,7.18,6.95,9.55,8.85,0.27,0.69,2.98,1.47,,,,,,,81.0,0.98,80.75,0.0,0.0,76.25,746.0,
2024-02-17 08:00:00,63.0,119.75,8.1,5.82,9.68,8.9,2.53,0.52,3.75,1.08,,,,,,,76.25,1.35,99.75,0.0,0.0,177.75,746.5,
2024-02-17 09:00:00,57.0,118.25,7.57,4.6,8.6,7.95,3.88,0.47,5.27,1.0,,,,,,,70.25,1.68,132.0,0.0,0.0,272.5,747.0,
2024-02-17 10:00:00,35.25,83.5,6.68,3.3,7.18,8.15,1.8,0.72,5.77,9.67,,,,,,,66.75,2.08,162.5,0.0,0.0,367.5,747.25,
2024-02-17 11:00:00,25.75,69.75,5.2,3.17,5.93,7.9,0.8,0.43,5.97,0.97,,,,,,,65.5,2.2,174.25,0.0,0.0,411.0,747.0,
2024-02-17 12:00:00,28.75,76.75,3.93,3.3,4.93,7.37,2.98,0.32,6.03,0.68,,,,,,,65.0,2.38,172.0,0.0,0.0,424.75,746.25,
2024-02-17 13:00:00,22.5,72.0,4.9,2.95,5.55,8.57,3.05,0.38,6.55,0.78,,,,,,,65.0,2.72,168.25,0.0,0.0,399.5,745.25,
2024-02-17 14:00:00,21.5,70.5,4.12,3.2,5.08,8.57,2.12,0.4,5.53,0.82,,,,,,,65.75,2.55,179.5,0.0,0.0,340.5,745.0,
2024-02-17 15:00:00,16.5,77.0,4.4,3.12,5.25,7.6,1.42,0.33,4.9,0.73,,,,,,,66.5,2.48,180.25,0.0,0.0,253.5,744.0,
2024-02-17 16:00:00,23.75,80.75,5.05,2.33,5.32,7.28,1.75,0.39,5.86,0.8,,,,,,,67.5,2.4,178.0,0.0,0.0,152.5,744.0,
2024-02-17 17:00:00,24.5,72.0,4.05,2.65,4.75,6.7,1.38,0.35,6.7,0.72,,,,,,,69.5,1.72,171.0,0.0,0.0,55.75,744.5,
2024-02-17 18:00:00,28.75,67.5,3.9,2.7,4.62,6.32,0.6,0.22,7.04,0.45,,,,,,,72.75,1.58,168.25,0.0,0.0,16.0,745.0,
2024-02-17 19:00:00,28.0,71.0,5.1,2.5,5.5,6.02,,0.22,7.25,0.4,,,,,,,74.0,1.3,181.75,0.0,0.0,14.5,745.0,
2024-02-17 20:00:00,28.0,65.75,4.5,2.7,5.08,6.02,,0.41,7.07,0.88,,,,,,,74.5,0.85,175.5,0.0,0.0,14.5,745.25,
2024-02-17 21:00:00,27.75,61.25,3.72,3.22,4.72,8.15,0.3,0.6,7.2,1.27,,,,,,,74.75,0.52,172.25,0.0,0.0,13.5,746.0,
2024-02-17 22:00:00,26.25,65.0,4.8,2.35,5.18,8.72,2.68,0.69,7.48,1.45,,,,,,,75.75,0.43,162.75,0.0,0.0,13.5,746.0,
2024-02-17 23:00:00,27.75,61.5,5.42,3.95,6.48,8.02,3.45,0.87,7.69,1.9,,,,,,,76.5,0.4,168.75,0.0,0.0,13.25,745.75,
2024-02-18 00:00:00,37.0,79.25,5.05,3.4,5.92,8.45,1.9,0.42,7.34,0.88,,,,,,,77.25,0.3,185.25,0.0,0.0,13.0,745.0,
2024-02-18 01:00:00,28.0,74.75,5.75,2.9,6.2,7.25,1.25,0.31,8.41,0.65,,,,,,,78.0,0.3,176.75,0.0,0.0,13.75,745.0,
2024-02-18 02:00:00,23.75,65.0,10.88,8.55,13.4,6.72,4.1,0.23,2.72,0.45,,,,,,,80.5,0.3,87.0,0.0,0.0,13.75,744.25,
2024-02-18 03:00:00,39.0,112.75,11.85,7.9,13.82,7.52,5.22,0.26,2.07,0.53,,,,,,,82.0,0.3,12.75,0.0,0.0,13.0,744.0,
2024-02-18 04:00:00,44.5,126.5,20.35,8.82,21.25,6.92,2.17,0.4,3.23,0.82,,,,,,,82.75,0.3,271.0,0.0,0.0,13.25,744.0,
2024-02-18 05:00:00,54.5,139.25,22.32,9.78,23.35,9.35,1.55,0.52,2.72,1.1,,,,,,,85.0,0.3,338.0,0.0,0.0,12.0,744.0,
2024-02-18 06:00:00,67.5,130.5,27.28,11.48,28.28,8.93,1.92,0.6,2.56,1.25,,,,,,,86.0,0.3,338.0,0.0,0.0,16.0,744.25,
2024-02-18 07:00:00,108.0,150.75,36.98,10.5,35.65,10.32,1.02,0.68,2.51,1.43,,,,,,,84.25,0.3,323.5,0.0,0.0,56.25,745.0,
2024-02-18 08:00:00,164.25,186.75,27.12,11.75,28.3,10.8,2.4,0.6,3.02,1.27,,,,,,,76.25,0.45,289.5,0.0,0.0,144.5,746.25,
2024-02-18 09:00:00,117.0,180.0,25.17,5.88,23.62,8.5,2.7,0.49,4.37,1.07,,,,,,,68.75,1.02,184.5,0.0,0.0,275.25,747.0,
2024-02-18 10:00:00,36.0,68.0,20.72,4.35,19.18,8.22,1.3,0.78,5.55,9.77,,,,,,,66.0,1.27,212.75,0.0,0.0,354.0,747.0,
2024-02-18 11:00:00,35.5,68.25,14.93,3.93,14.23,7.55,1.53,0.41,4.97,0.9,,,,,,,65.0,1.48,223.75,0.0,0.0,415.25,747.0,
2024-02-18 12:00:00,33.25,69.0,10.53,4.43,10.93,7.13,1.37,0.41,5.16,0.88,,,,,,,65.0,1.55,242.25,0.0,0.0,426.25,746.25,
2024-02-18 13:00:00,32.0,65.75,7.95,3.68,8.43,8.43,1.02,0.48,5.4,1.0,,,,,,,64.75,1.85,243.75,0.0,0.0,401.75,745.25,
2024-02-18 14:00:00,36.25,59.0,4.25,3.95,5.58,9.22,0.72,0.51,7.14,1.1,,,,,,,65.75,2.1,251.5,0.0,0.0,340.25,744.25,
2024-02-18 15:00:00,39.5,67.75,4.97,3.58,5.95,8.0,0.92,0.49,7.06,1.07,,,,,,,66.0,1.78,240.5,0.0,0.0,255.75,744.0,
2024-02-18 16:00:00,38.75,67.25,4.32,1.3,4.22,8.2,2.5,0.43,6.79,0.9,,,,,,,66.5,1.7,237.5,0.0,0.0,154.75,744.0,
2024-02-18 17:00:00,39.75,69.5,3.15,2.28,3.78,7.43,2.9,0.38,7.8,0.8,,,,,,,69.5,1.38,222.25,0.0,0.0,57.25,744.0,
2024-02-18 18:00:00,38.25,77.75,3.62,2.05,4.05,6.88,2.58,0.22,6.88,0.48,,,,,,,73.25,0.85,191.5,0.0,0.0,16.5,744.0,
2024-02-18 19:00:00,44.75,86.25,5.15,2.9,5.72,6.2,2.53,0.23,7.08,0.47,,,,,,,74.0,0.48,191.75,0.0,0.0,14.5,744.75,
2024-02-18 20:00:00,43.25,78.25,4.68,3.7,5.72,6.78,2.42,0.52,7.67,1.08,,,,,,,74.0,0.43,193.5,0.0,0.0,14.5,745.0,
2024-02-18 21:00:00,40.75,77.25,3.45,4.1,5.0,8.12,3.78,0.62,7.72,1.27,,,,,,,74.75,0.5,207.75,0.0,0.0,13.5,745.75,
2024-02-18 22:00:00,41.75,68.0,4.45,3.02,5.22,8.75,3.42,0.71,7.79,1.48,,,,,,,74.25,0.6,223.25,0.0,0.0,12.75,745.25,
2024-02-18 23:00:00,42.75,56.0,4.88,2.7,5.4,8.5,3.7,0.71,8.82,1.5,,,,,,,74.0,0.7,220.0,0.0,0.0,12.75,745.0,
2024-02-19 00:00:00,31.25,55.0,4.68,2.78,5.28,8.52,3.0,0.45,9.62,0.98,,,,,,,74.0,0.92,213.0,0.0,0.0,12.75,745.0,
2024-02-19 01:00:00,33.75,48.75,4.82,1.35,4.65,7.93,2.88,0.38,9.69,0.78,,,,,,,74.0,0.7,209.0,0.0,0.0,13.75,744.75,
2024-02-19 02:00:00,29.5,43.25,4.22,2.42,4.75,6.95,1.82,0.29,9.47,0.57,,,,,,,74.75,0.38,216.0,0.0,0.0,14.0,744.0,
2024-02-19 03:00:00,32.75,100.5,10.62,6.78,12.25,7.72,1.62,0.32,4.55,0.63,,,,,,,76.75,0.3,205.0,0.0,0.0,14.25,744.0,
2024-02-19 04:00:00,55.25,240.5,18.28,9.78,20.05,7.85,4.12,0.45,2.14,0.95,,,,,,,80.5,0.3,252.0,0.0,0.0,13.5,744.0,
2024-02-19 05:00:00,75.25,220.5,20.55,10.15,22.1,8.7,5.18,0.56,7.71,1.2,,,,,,,83.5,0.3,253.0,0.0,0.0,12.25,744.0,
2024-02-19 06:00:00,72.75,107.5,28.45,11.15,29.02,9.85,2.8,0.64,3.76,1.35,,,,,,,84.5,0.35,229.25,0.0,0.0,16.0,745.0,
2024-02-19 07:00:00,101.75,119.25,26.4,9.9,26.7,9.98,2.78,0.65,4.66,1.4,,,,,,,82.75,0.3,292.5,0.0,0.0,59.0,745.75,
2024-02-19 08:00:00,82.25,114.5,23.02,10.02,24.05,9.9,3.12,0.58,10.18,1.23,,,,,,,74.75,0.48,236.0,0.0,0.0,166.5,746.5,
2024-02-19 09:00:00,74.0,137.75,20.15,6.12,19.65,9.2,2.15,0.56,5.54,1.17,,,,,,,68.75,0.98,210.75,0.0,0.0,279.75,747.0,
2024-02-19 10:00:00,50.75,108.25,15.2,4.7,14.85,8.62,1.5,0.83,6.61,10.0,,,,,,,66.0,1.15,198.75,0.0,0.0,328.75,747.25,
2024-02-19 11:00:00,35.0,67.75,11.0,6.07,12.2,7.4,1.77,0.42,6.33,0.97,,,,,,,64.0,1.55,210.25,0.0,0.0,346.75,747.0,
2024-02-19 12:00:00,34.0,70.5,9.1,4.77,9.97,7.73,2.9,0.4,6.56,0.82,,,,,,,63.0,1.62,205.5,0.0,0.0,403.5,746.0,
2024-02-19 13:00:00,36.25,72.25,6.02,4.47,7.3,7.78,1.8,0.39,6.26,0.8,,,,,,,62.0,2.0,217.75,0.0,0.0,393.25,745.25,
2024-02-19 14:00:00,47.25,71.75,5.48,3.45,6.28,8.8,1.2,0.54,6.64,1.1,,,,,,,62.25,1.82,217.5,0.0,0.0,330.75,744.75,
2024-02-19 15:00:00,31.0,66.5,5.38,2.42,5.65,8.8,0.72,0.47,6.69,1.0,,,,,,,62.5,1.62,207.5,0.0,0.0,246.25,744.0,
2024-02-19 16:00:00,24.75,63.5,3.6,2.2,4.08,8.3,2.8,0.42,6.89,0.9,,,,,,,64.5,1.38,208.25,0.0,0.0,146.0,744.0,
2024-02-19 17:00:00,25.25,68.0,3.5,3.2,4.55,7.42,4.2,0.4,6.81,0.88,,,,,,,68.0,1.25,208.25,0.0,0.0,55.75,744.0,
2024-02-19 18:00:00,30.5,69.75,4.3,3.2,5.2,6.45,2.25,0.25,6.43,0.5,,,,,,,71.75,1.1,209.0,0.0,0.0,16.5,745.0,
2024-02-19 19:00:00,34.5,72.25,5.15,3.62,6.12,6.55,2.07,0.19,6.55,0.4,,,,,,,72.5,0.92,208.5,0.0,0.0,14.75,745.0,
2024-02-19 20:00:00,32.5,65.5,4.15,4.75,5.88,6.45,1.48,0.44,6.51,0.9,,,,,,,73.75,0.52,208.75,0.0,0.0,14.75,746.0,
2024-02-19 21:00:00,32.25,69.0,4.22,4.53,5.85,7.32,2.17,0.51,6.52,1.05,,,,,,,74.5,0.43,207.5,0.0,0.0,14.0,746.0,
2024-02-19 22:00:00,35.25,62.25,4.03,4.52,5.68,7.98,1.17,0.66,7.1,1.38,,,,,,,75.0,0.43,204.75,0.0,0.0,13.5,746.0,
2024-02-19 23:00:00,32.25,51.25,5.1,2.72,5.6,8.9,0.37,0.66,7.15,1.4,,,,,,,75.75,0.38,203.75,0.0,0.0,13.25,745.5,
2024-02-20 00:00:00,29.75,49.0,5.48,2.88,6.0,9.1,1.02,0.42,7.74,0.88,,,,,,,76.0,0.45,204.25,0.0,0.0,13.25,745.0,
2024-02-20 01:00:00,27.5,40.0,4.85,3.95,6.02,8.12,2.02,0.38,7.6,0.8,,,,,,,77.25,0.32,200.75,0.0,0.0,13.5,745.0,
2024-02-20 02:00:00,23.5,43.75,5.5,4.5,6.85,7.12,2.2,0.18,7.57,0.4,,,,,,,78.0,0.3,212.75,0.0,0.0,14.0,744.5,
2024-02-20 03:00:00,26.0,54.5,5.72,3.98,6.72,7.65,2.22,0.19,7.1,0.4,,,,,,,78.5,0.3,216.25,0.0,0.0,14.0,744.0,
2024-02-20 04:00:00,29.0,56.25,5.58,5.85,7.62,7.45,1.8,0.46,6.35,0.95,,,,,,,78.25,0.3,221.25,0.0,0.0,13.75,744.0,
2024-02-20 05:00:00,42.0,116.0,12.32,10.98,15.85,8.43,1.58,0.56,3.2,1.18,,,,,,,81.75,0.3,267.75,0.0,0.0,13.25,744.75,
2024-02-20 06:00:00,80.25,262.5,23.0,10.9,24.48,9.65,0.85,0.71,3.12,1.48,,,,,,,83.25,0.3,275.0,0.0,0.0,17.0,745.0,
2024-02-20 07:00:00,79.75,233.25,27.88,10.4,28.2,9.68,0.6,0.75,3.16,1.6,,,,,,,81.75,0.3,303.75,0.0,0.0,73.75,745.75,
2024-02-20 08:00:00,86.0,173.25,22.4,10.88,23.98,11.18,2.1,0.57,3.04,1.15,,,,,,,74.75,0.32,290.0,0.0,0.0,164.25,746.5,
2024-02-20 09:00:00,81.5,154.5,20.8,7.95,21.12,10.8,3.4,0.66,4.99,1.4,,,,,,,68.75,0.52,209.5,0.0,0.0,249.25,747.0,
2024-02-20 10:00:00,52.5,122.75,17.98,6.15,17.85,9.38,2.37,0.87,5.09,10.13,,,,,,,64.5,1.2,198.25,0.0,0.0,354.25,747.0,
2024-02-20 11:00:00,34.75,90.5,13.23,7.5,14.73,8.43,1.93,0.49,5.72,1.07,,,,,,,63.75,1.38,196.75,0.0,0.0,401.5,746.75,
2024-02-20 12:00:00,38.75,76.25,9.8,5.57,10.93,9.0,0.35,0.42,6.32,0.85,,,,,,,63.75,1.72,205.25,0.0,0.0,413.0,746.0,
2024-02-20 13:00:00,36.25,73.75,6.8,5.22,8.3,8.98,0.3,0.33,5.94,0.7,,,,,,,63.75,1.88,206.0,0.0,0.0,386.5,745.0,
2024-02-20 14:00:00,41.0,72.0,4.62,4.38,6.08,10.62,3.9,0.41,7.03,0.82,,,,,,,63.75,2.22,213.75,0.0,0.0,329.25,744.0,
2024-02-20 15:00:00,42.0,71.75,3.15,4.78,5.08,9.48,4.23,0.39,6.68,0.8,,,,,,,64.75,2.3,215.25,0.0,0.0,243.0,743.75,
2024-02-20 16:00:00,36.75,80.75,3.05,4.28,4.78,9.75,3.15,0.39,7.18,0.8,,,,,,,66.75,2.22,214.0,0.0,0.0,143.5,743.75,
2024-02-20 17:00:00,38.0,83.5,2.9,4.88,4.95,9.25,3.1,0.41,7.13,0.85,,,,,,,69.5,2.05,216.5,0.0,0.0,53.25,743.5,
2024-02-20 18:00:00,34.0,85.0,4.25,4.45,5.82,7.12,2.08,0.3,6.97,0.65,,,,,,,72.5,1.82,220.75,0.0,0.0,16.0,744.0,
2024-02-20 19:00:00,35.0,85.25,4.47,4.82,6.22,6.82,1.23,0.22,6.61,0.47,,,,,,,73.75,0.98,221.5,0.0,0.0,14.5,744.75,
2024-02-20 20:00:00,45.5,85.25,4.82,3.08,5.55,7.42,1.98,0.43,6.47,0.9,,,,,,,74.5,0.5,219.5,0.0,0.0,14.5,745.0,
2024-02-20 21:00:00,42.25,82.0,4.72,5.52,6.8,7.68,2.3,0.48,6.36,1.02,,,,,,,75.25,0.57,215.25,0.0,0.0,14.0,745.0,
2024-02-20 22:00:00,44.5,75.75,3.2,5.82,5.65,9.22,3.1,0.65,7.04,1.32,,,,,,,75.75,0.57,215.75,0.0,0.0,13.25,745.0,
2024-02-20 23:00:00,40.0,66.0,4.68,4.75,6.35,9.15,3.78,0.58,6.54,1.3,,,,,,,76.75,0.45,219.25,0.0,0.0,13.0,745.0,
2024-02-21 00:00:00,40.5,68.25,4.78,4.1,6.05,9.93,1.65,0.44,6.16,0.95,,,,,,,78.0,0.32,232.25,0.0,0.0,12.75,744.5,
2024-02-21 01:00:00,41.25,74.25,5.72,5.55,7.65,9.45,1.82,0.46,5.19,1.0,,,,,,,80.0,0.3,238.75,0.0,0.0,12.75,744.0,
2024-02-21 02:00:00,41.75,85.25,6.9,8.85,10.28,7.65,1.0,0.24,3.53,0.5,,,,,,,82.0,0.3,254.5,0.0,0.0,13.25,743.75,
2024-02-21 03:00:00,53.25,134.5,10.28,7.88,12.52,8.6,,0.26,3.05,0.53,,,,,,,84.25,0.3,255.0,0.0,0.0,13.25,743.75,
2024-02-21 04:00:00,58.75,158.5,10.18,9.27,13.2,8.3,0.82,0.47,2.87,1.0,,,,,,,85.0,0.3,285.75,0.0,0.0,12.75,743.25,
2024-02-21 05:00:00,50.0,149.5,12.2,7.32,13.85,9.07,1.35,0.51,2.66,1.08,,,,,,,85.0,0.3,292.0,0.0,0.0,12.5,744.0,
2024-02-21 06:00:00,58.5,147.0,10.82,7.82,12.98,10.07,1.8,0.69,3.21,1.45,,,,,,,85.0,0.3,300.75,0.0,0.0,17.25,744.0,
2024-02-21 07:00:00,51.5,104.5,10.88,6.25,12.15,10.58,1.7,0.74,3.48,1.63,,,,,,,83.25,0.32,282.5,0.0,0.0,72.0,744.75,
2024-02-21 08:00:00,59.75,120.0,10.88,5.75,11.92,10.52,2.35,0.5,3.71,1.05,,,,,,,76.75,0.55,280.5,0.0,0.0,166.5,745.25,
2024-02-21 09:00:00,54.25,122.75,9.95,4.53,10.48,11.12,2.82,0.08,4.95,0.3,,,,,,,72.25,1.1,278.5,0.0,0.0,262.75,746.0,
2024-02-21 10:00:00,53.0,129.25,8.55,3.32,8.68,9.18,3.3,0.5,4.93,13.65,,,,,,,65.25,1.3,280.0,0.0,0.0,344.0,746.0,
2024-02-21 11:00:00,39.75,95.75,6.93,4.23,7.9,9.37,3.27,0.22,6.79,,,,,,,,64.5,2.08,218.5,0.0,0.0,388.75,745.5,
2024-02-21 12:00:00,44.75,97.5,5.5,4.87,7.03,9.23,2.1,0.41,8.38,0.85,,,,,,,64.5,2.65,219.75,0.0,0.0,399.25,744.25,
2024-02-21 13:00:00,42.5,109.25,3.68,4.58,5.42,8.82,1.6,0.3,9.3,0.67,,,,,,,65.75,2.75,217.75,0.0,0.0,374.0,743.25,
2024-02-21 14:00:00,40.0,91.0,2.12,4.22,3.95,11.0,2.85,0.66,10.1,1.38,,,,,,,66.75,2.7,219.0,0.0,0.0,316.75,742.25,
2024-02-21 15:00:00,45.0,80.25,2.68,4.7,4.75,10.62,4.42,0.71,9.49,1.53,,,,,,,66.5,2.62,216.75,0.0,0.0,234.25,742.0,
2024-02-21 16:00:00,40.5,83.25,3.6,4.12,5.12,9.93,1.83,0.4,8.64,0.88,,,,,,,68.0,2.88,222.0,0.0,0.0,136.5,742.0,
2024-02-21 17:00:00,37.5,82.25,3.75,5.32,5.88,9.68,0.6,0.4,8.77,0.87,,,,,,,70.5,2.58,218.25,0.0,0.0,51.5,742.0,
2024-02-21 18:00:00,42.0,84.25,4.08,5.98,6.48,8.3,1.25,0.34,9.15,0.7,,,,,,,73.75,1.78,221.75,0.0,0.0,16.0,742.0,
2024-02-21 19:00:00,41.75,78.5,4.05,6.28,6.62,8.22,,0.23,8.92,0.5,,,,,,,74.5,0.95,223.0,0.0,0.0,14.5,742.5,
2024-02-21 20:00:00,41.0,76.5,3.78,6.0,6.25,8.43,2.73,0.5,8.5,1.05,,,,,,,75.75,0.98,222.75,0.0,0.0,14.0,743.0,
2024-02-21 21:00:00,41.25,76.0,3.78,6.38,6.48,8.3,3.8,0.51,8.54,1.07,,,,,,,76.0,0.85,222.25,0.0,0.0,13.75,743.75,
2024-02-21 22:00:00,42.5,76.75,4.3,5.48,6.42,10.85,3.9,0.68,8.63,1.42,,,,,,,77.25,0.6,223.75,0.0,0.0,13.0,744.0,
2024-02-21 23:00:00,43.0,69.75,4.82,6.22,7.25,11.28,3.65,0.76,8.33,1.67,,,,,,,78.0,0.57,224.25,0.0,0.0,13.0,743.0,
2024-02-22 00:00:00,39.75,66.0,5.2,5.48,7.15,11.28,3.22,0.44,8.94,0.9,,,,,,,78.0,0.55,226.0,0.0,0.0,12.75,743.0,
2024-02-22 01:00:00,39.75,60.0,5.2,4.47,6.58,11.78,3.22,0.44,8.43,0.9,,,,,,,79.0,0.35,228.75,0.0,0.0,12.75,743.0,
2024-02-22 02:00:00,42.75,69.75,5.75,4.08,6.82,10.4,2.95,0.28,4.86,0.57,,,,,,,80.0,0.32,261.75,0.0,0.0,13.25,742.0,
2024-02-22 03:00:00,42.5,69.25,5.62,5.9,7.7,10.68,2.12,0.24,5.85,0.53,,,,,,,81.75,0.3,287.25,0.0,0.0,13.25,742.0,
2024-02-22 04:00:00,36.5,58.5,5.55,5.75,7.58,10.5,2.5,0.4,6.66,0.85,,,,,,,82.5,0.35,293.25,0.0,0.0,12.75,742.0,
2024-02-22 05:00:00,39.25,54.25,5.25,5.1,6.92,10.5,2.15,0.38,6.92,0.83,,,,,,,82.0,0.38,279.25,0.0,0.0,12.5,743.0,
2024-02-22 06:00:00,38.25,69.0,5.92,7.55,8.85,12.27,2.55,0.53,5.07,1.1,,,,,,,82.75,0.35,299.25,0.0,0.0,16.0,743.0,
2024-02-22 07:00:00,50.75,86.0,6.25,8.2,9.45,12.88,3.02,0.6,4.8,1.27,,,,,,,82.0,0.38,309.5,0.0,0.0,59.5,744.0,
2024-02-22 08:00:00,51.75,102.25,6.48,7.68,9.38,12.2,2.88,0.48,6.6,1.0,,,,,,,77.0,0.6,282.5,0.0,0.0,131.5,745.0,
2024-02-22 09:00:00,54.75,132.75,6.78,4.62,8.0,12.5,3.48,0.49,7.5,1.03,,,,,,,73.75,1.05,278.25,0.0,0.0,220.25,745.5,
2024-02-22 10:00:00,45.5,125.25,5.85,4.18,6.98,10.75,2.97,0.87,8.56,10.33,,,,,,,68.0,1.6,261.0,0.0,0.0,321.75,745.75,
2024-02-22 11:00:00,38.0,105.5,5.5,4.5,6.87,9.65,1.6,0.31,9.64,0.7,,,,,,,66.75,2.17,242.0,0.0,0.0,349.5,744.75,
2024-02-22 12:00:00,37.0,101.75,4.1,4.7,5.8,9.23,0.98,0.36,9.99,0.72,,,,,,,67.75,2.8,241.0,0.0,0.0,368.25,744.0,
2024-02-22 13:00:00,34.5,87.5,3.8,4.05,4.47,9.6,1.18,0.28,9.27,0.6,,,,,,,68.0,3.5,234.0,0.0,0.0,367.25,743.0,
2024-02-22 14:00:00,36.75,91.0,2.25,4.28,4.1,11.68,2.85,0.64,9.13,1.35,,,,,,,68.0,3.18,225.0,0.0,0.0,310.75,742.25,
2024-02-22 15:00:00,39.0,86.25,3.45,4.2,5.03,11.6,3.65,0.69,8.59,1.5,,,,,,,68.25,3.02,224.25,0.0,0.0,235.0,742.0,
2024-02-22 16:00:00,37.0,83.25,3.18,3.05,4.2,11.05,3.1,0.38,8.54,0.8,,,,,,,72.25,3.25,221.75,0.0,0.0,135.75,742.0,
2024-02-22 17:00:00,31.0,85.5,2.65,4.15,4.35,10.82,2.25,0.38,8.64,0.8,,,,,,,74.5,2.5,223.5,0.0,0.0,51.25,742.0,
2024-02-22 18:00:00,30.25,72.25,4.7,4.7,6.28,9.35,1.62,0.35,7.68,0.72,,,,,,,76.0,1.98,222.25,0.0,0.0,16.0,742.5,
2024-02-22 19:00:00,27.75,70.5,4.05,4.97,5.98,8.93,1.05,0.24,7.63,0.5,,,,,,,77.0,1.88,220.25,0.0,0.0,14.5,743.0,
2024-02-22 20:00:00,27.5,62.5,4.38,4.65,6.02,9.02,4.85,0.47,7.76,1.0,,,,,,,77.0,1.65,222.5,0.0,0.0,14.25,743.5,
2024-02-22 21:00:00,26.5,61.5,4.68,4.2,6.08,9.07,5.45,0.47,8.07,1.03,,,,,,,77.5,1.6,219.75,0.0,0.0,14.5,744.0,
2024-02-22 22:00:00,22.0,59.0,4.25,2.8,4.93,11.12,4.47,0.57,8.66,1.2,,,,,,,77.75,1.85,221.5,0.0,0.0,13.5,744.0,
2024-02-22 23:00:00,30.5,46.75,2.92,4.62,4.85,11.5,4.07,0.6,8.69,1.3,,,,,,,78.5,1.45,221.75,0.0,0.0,13.5,744.0,
2024-02-23 00:00:00,29.0,44.75,3.48,3.58,4.7,11.42,2.75,0.4,9.07,0.85,,,,,,,79.0,0.92,235.0,0.0,0.0,13.0,743.75,
2024-02-23 01:00:00,28.0,45.5,5.02,3.32,5.85,11.5,2.15,0.41,8.55,0.9,,,,,,,79.75,0.43,256.5,0.0,0.0,12.75,743.0,
2024-02-23 02:00:00,25.5,55.5,4.78,4.5,6.25,10.32,3.18,0.27,6.48,0.57,,,,,,,81.0,0.3,305.75,0.0,0.0,13.75,743.0,
2024-02-23 03:00:00,28.75,45.75,5.32,3.45,6.15,9.8,2.65,0.18,6.82,0.37,,,,,,,82.25,0.32,290.75,0.0,0.0,13.75,743.0,
2024-02-23 04:00:00,34.0,51.5,5.3,5.7,7.38,9.3,2.1,0.4,5.61,0.85,,,,,,,83.0,0.3,270.25,0.0,0.0,13.5,743.0,
2024-02-23 05:00:00,32.25,59.25,5.25,3.22,5.98,10.05,2.42,0.39,6.71,0.83,,,,,,,83.75,0.32,292.25,0.0,0.0,13.0,743.0,
2024-02-23 06:00:00,29.75,55.25,4.62,4.68,6.25,11.72,4.1,0.59,5.67,1.25,,,,,,,84.0,0.35,263.25,0.0,0.0,17.5,743.75,
2024-02-23 07:00:00,41.25,70.75,6.25,5.52,8.02,11.95,4.6,0.64,5.31,1.33,,,,,,,83.0,0.48,151.5,0.0,0.0,65.0,744.0,
2024-02-23 08:00:00,50.75,84.25,6.58,3.78,7.35,12.05,2.82,0.45,6.85,0.98,,,,,,,78.0,0.88,282.25,0.0,0.0,146.75,744.75,
2024-02-23 09:00:00,48.5,107.25,4.95,3.82,6.05,12.72,1.72,0.46,8.7,1.0,,,,,,,71.0,1.65,277.25,0.0,0.0,256.75,745.0,
2024-02-23 10:00:00,41.25,121.0,5.15,3.95,6.32,11.38,2.87,0.87,9.15,10.4,,,,,,,66.0,1.88,286.25,0.0,0.0,306.75,745.0,
2024-02-23 11:00:00,34.75,94.0,3.43,4.33,5.07,9.6,2.67,0.24,8.99,0.57,,,,,,,67.75,2.0,238.25,0.0,0.0,295.0,744.5,
2024-02-23 12:00:00,39.0,84.0,4.37,3.53,5.43,9.1,2.88,0.4,9.11,0.85,,,,,,,68.75,2.62,229.5,0.0,0.0,332.5,743.5,
2024-02-23 13:00:00,35.75,81.5,2.75,4.18,4.45,8.52,1.92,0.33,8.66,0.7,,,,,,,68.0,2.78,234.75,0.0,0.0,340.25,742.75,
2024-02-23 14:00:00,34.5,83.75,3.58,4.12,5.08,10.15,0.85,0.56,7.79,1.18,,,,,,,69.0,3.18,238.75,0.0,0.0,304.5,742.0,
2024-02-23 15:00:00,33.5,84.0,3.68,3.48,4.82,10.75,0.72,0.64,7.82,1.4,,,,,,,72.0,3.6,243.75,0.0,0.0,221.25,742.0,
2024-02-23 16:00:00,33.5,75.5,4.38,3.68,5.52,10.22,2.5,0.38,7.53,0.8,,,,,,,74.75,3.0,229.75,0.0,0.0,129.5,742.0,
2024-02-23 17:00:00,31.5,69.75,5.52,5.1,7.2,9.78,2.45,0.37,7.06,0.8,,,,,,,77.25,2.98,222.75,0.0,0.0,50.25,742.0,
2024-02-23 18:00:00,37.0,72.0,5.3,5.15,7.02,9.0,1.95,0.39,6.69,0.8,,,,,,,79.5,2.28,220.5,0.0,0.0,15.25,742.0,
2024-02-23 19:00:00,30.5,63.0,5.32,5.35,7.15,7.9,0.82,0.26,6.95,0.53,,,,,,,80.0,1.88,217.0,0.0,0.0,13.5,742.75,
2024-02-23 20:00:00,30.0,60.5,4.45,3.58,5.52,8.48,0.4,0.42,7.3,0.88,,,,,,,80.0,1.6,220.5,0.0,0.0,14.0,743.0,
2024-02-23 21:00:00,32.5,54.25,2.95,2.72,3.85,8.45,0.15,0.43,7.51,0.93,,,,,,,80.25,1.42,220.25,0.0,0.0,13.75,743.5,
2024-02-23 22:00:00,32.25,57.5,4.18,3.52,5.22,9.9,2.35,0.6,7.69,1.25,,,,,,,80.25,1.52,223.5,0.0,0.0,12.75,743.25,
2024-02-23 23:00:00,34.5,55.0,4.52,2.5,5.05,11.3,3.7,0.74,7.67,1.57,,,,,,,81.0,1.1,219.75,0.0,0.0,12.5,743.25,
2024-02-24 00:00:00,28.75,50.75,4.35,2.85,5.05,11.0,2.82,0.41,7.6,0.88,,,,,,,81.75,1.42,221.25,0.0,0.0,12.25,743.0,
2024-02-24 01:00:00,25.5,46.75,5.0,2.38,5.35,10.52,2.0,0.36,8.1,0.77,,,,,,,82.0,1.02,215.5,0.0,0.0,12.25,742.25,
2024-02-24 02:00:00,26.5,45.0,5.2,2.75,5.7,9.15,2.25,0.31,7.81,0.65,,,,,,,82.0,0.7,214.5,0.0,0.0,13.0,742.75,
2024-02-24 03:00:00,26.25,43.25,4.82,3.8,5.92,8.82,1.98,0.2,7.95,0.4,,,,,,,81.25,0.92,213.5,0.0,0.0,13.5,742.25,
2024-02-24 04:00:00,31.0,45.25,5.0,2.75,5.5,8.75,2.1,0.38,7.97,0.8,,,,,,,81.0,0.82,213.5,0.0,0.0,13.0,742.25,
2024-02-24 05:00:00,34.0,42.0,5.38,3.9,6.45,8.75,2.35,0.39,7.38,0.83,,,,,,,80.5,0.95,218.0,0.0,0.0,13.0,742.75,
2024-02-24 06:00:00,33.75,49.25,4.85,4.03,6.12,10.02,3.38,0.51,7.46,1.08,,,,,,,80.0,1.18,223.0,0.0,0.0,17.25,743.0,
2024-02-24 07:00:00,33.75,56.25,5.32,5.38,7.18,10.52,3.82,0.62,7.62,1.3,,,,,,,78.0,1.18,222.5,0.0,0.0,61.0,744.0,
2024-02-24 08:00:00,34.25,64.25,5.35,4.05,6.52,10.7,3.58,0.42,8.14,0.88,,,,,,,73.75,2.02,225.75,0.0,0.0,157.5,744.75,
2024-02-24 09:00:00,28.0,60.25,5.25,3.6,6.18,10.58,4.03,0.44,7.84,0.9,,,,,,,70.25,1.95,231.25,0.0,0.0,272.75,745.25,
2024-02-24 10:00:00,25.5,64.0,4.32,4.1,5.7,10.52,4.2,0.99,7.24,10.73,,,,,,,67.0,1.98,236.25,0.0,0.0,339.0,745.75,
2024-02-24 11:00:00,27.0,65.25,4.9,4.6,6.43,14.2,4.3,0.27,6.56,0.67,,,,,,,67.75,2.85,252.0,0.0,0.0,363.5,744.75,
2024-02-24 12:00:00,25.75,71.75,4.33,3.7,5.5,13.17,2.6,0.76,8.04,1.6,,,,,,,66.75,2.45,238.75,0.0,0.0,401.5,744.25,
2024-02-24 13:00:00,25.25,77.5,5.22,3.0,5.85,8.12,0.67,0.62,7.63,1.35,,,,,,,67.0,2.82,242.75,0.0,0.0,378.5,743.75,
2024-02-24 14:00:00,34.0,68.25,4.53,3.28,5.42,7.3,2.08,0.32,7.17,0.65,,,,,,,68.0,2.9,236.0,0.0,0.0,316.25,743.0,
2024-02-24 15:00:00,29.5,61.75,3.52,3.02,4.47,7.35,2.3,0.26,7.08,0.53,,,,,,,67.5,2.38,227.75,0.0,0.0,235.25,743.0,
2024-02-24 16:00:00,26.25,56.25,3.9,3.12,4.82,8.75,2.35,0.52,7.34,1.08,,,,,,,68.75,2.2,222.25,0.0,0.0,131.25,743.0,
2024-02-24 17:00:00,29.25,54.25,3.28,2.7,4.08,8.78,3.35,0.52,7.4,1.1,,,,,,,70.75,1.7,214.25,0.0,0.0,50.0,743.0,
2024-02-24 18:00:00,28.75,63.75,4.38,3.8,5.58,8.18,2.98,0.42,6.77,0.88,,,,,,,73.75,1.72,213.25,0.0,0.0,15.25,743.0,
2024-02-24 19:00:00,33.75,66.5,4.55,3.9,5.75,8.45,2.8,0.43,6.6,0.9,,,,,,,74.5,1.45,215.0,0.0,0.0,13.75,743.0,
2024-02-24 20:00:00,31.5,73.5,6.15,2.85,6.5,7.15,2.78,0.37,7.32,0.78,,,,,,,74.75,1.55,213.0,0.0,0.0,14.25,744.0,
2024-02-24 21:00:00,26.0,60.5,5.08,2.62,5.55,7.12,0.47,0.26,7.56,0.53,,,,,,,74.5,1.25,209.5,0.0,0.0,14.5,744.0,
2024-02-24 22:00:00,23.25,51.5,4.68,3.78,5.8,6.65,2.62,0.38,7.76,0.78,,,,,,,74.75,1.0,208.0,0.0,0.0,14.5,744.0,
2024-02-24 23:00:00,24.25,46.25,4.1,1.23,4.0,7.18,3.78,0.31,8.23,0.67,,,,,,,74.25,1.08,209.75,0.0,0.0,14.5,744.0,
2024-02-25 00:00:00,25.5,41.25,3.95,2.15,4.3,9.02,2.72,0.49,8.74,1.02,,,,,,,74.0,0.75,209.5,0.0,0.0,13.5,744.0,
2024-02-25 01:00:00,26.0,35.25,4.1,2.62,4.75,9.02,3.65,0.54,8.57,1.17,,,,,,,74.0,0.68,213.75,0.0,0.0,13.5,743.5,
2024-02-25 02:00:00,22.25,39.75,4.2,2.82,4.9,8.72,1.7,0.38,8.81,0.8,,,,,,,74.75,0.62,215.25,0.0,0.0,13.5,742.75,
2024-02-25 03:00:00,21.0,33.25,4.7,2.38,5.08,9.62,1.4,0.46,9.41,0.93,,,,,,,74.25,0.62,211.0,0.0,0.0,13.5,742.0,
2024-02-25 04:00:00,22.5,34.25,4.45,2.15,4.72,7.12,2.12,0.23,9.27,0.48,,,,,,,74.0,0.45,208.0,0.0,0.0,13.75,742.25,
2024-02-25 05:00:00,18.0,38.25,4.55,3.48,5.52,6.85,1.02,0.12,8.6,0.27,,,,,,,74.0,0.38,208.25,0.0,0.0,14.0,743.0,
2024-02-25 06:00:00,19.5,49.75,5.42,3.95,6.5,7.18,1.98,0.39,8.35,0.8,,,,,,,74.0,0.35,209.75,0.0,0.0,20.0,743.0,
2024-02-25 07:00:00,23.75,55.25,4.35,4.25,5.85,7.18,1.68,0.4,8.28,0.83,,,,,,,72.5,0.45,206.25,0.0,0.0,77.5,744.0,
2024-02-25 08:00:00,23.25,54.75,4.47,2.08,4.72,8.8,0.7,0.5,8.96,1.02,,,,,,,68.25,0.88,200.25,0.0,0.0,179.25,744.75,
2024-02-25 09:00:00,24.0,51.25,4.72,2.15,5.03,9.55,0.3,0.56,8.81,1.13,,,,,,,66.0,1.12,208.25,0.0,0.0,242.0,745.0,
2024-02-25 10:00:00,25.0,53.25,3.82,2.88,4.62,9.85,0.87,1.15,7.94,11.07,,,,,,,65.0,1.5,220.5,0.0,0.0,358.75,745.0,
2024-02-25 11:00:00,27.0,57.5,3.93,3.07,4.8,9.73,1.77,0.54,7.81,1.13,,,,,,,63.25,1.42,212.0,0.0,0.0,407.75,745.0,
2024-02-25 12:00:00,23.0,58.25,3.93,3.37,5.03,7.77,2.33,0.2,7.49,0.42,,,,,,,62.0,1.8,216.75,0.0,0.0,413.75,744.5,
2024-02-25 13:00:00,21.0,52.25,4.58,1.75,4.68,7.02,1.3,,7.28,,,,,,,,63.0,1.42,215.75,0.0,0.0,353.5,744.0,
2024-02-25 14:00:00,24.75,42.75,3.05,1.87,3.25,7.05,1.9,0.32,6.98,0.68,,,,,,,63.0,1.5,212.0,0.0,0.0,293.0,743.75,
2024-02-25 15:00:00,25.0,46.5,3.92,1.48,3.98,6.7,2.65,0.3,7.23,0.6,,,,,,,64.75,1.23,206.0,0.0,0.0,183.75,743.0,
2024-02-25 16:00:00,20.5,43.5,3.75,2.3,4.28,8.15,3.88,0.42,7.08,0.88,,,,,,,66.25,1.4,199.75,0.0,0.0,124.0,743.0,
2024-02-25 17:00:00,25.5,48.75,4.0,1.92,4.28,8.12,4.05,0.48,7.09,1.03,,,,,,,69.0,1.27,202.25,0.0,0.0,49.0,743.0,
2024-02-25 18:00:00,27.75,54.75,3.38,4.12,4.92,7.88,2.2,0.33,7.11,0.68,,,,,,,71.0,0.78,193.75,0.0,0.0,15.5,743.0,
2024-02-25 19:00:00,28.5,66.75,4.12,2.95,4.9,7.9,1.83,0.27,6.99,0.6,,,,,,,70.5,0.48,199.5,0.0,0.0,13.75,743.5,
2024-02-25 20:00:00,24.0,64.25,5.2,3.35,5.95,6.9,1.95,0.36,6.98,0.75,,,,,,,71.25,0.45,200.75,0.0,0.0,14.75,744.0,
2024-02-25 21:00:00,23.0,50.25,4.75,4.15,6.08,6.0,1.05,0.19,7.11,0.43,,,,,,,72.0,0.48,201.5,0.0,0.0,14.75,744.5,
2024-02-25 22:00:00,21.0,51.0,4.42,2.5,4.9,6.2,1.92,0.4,6.67,0.85,,,,,,,73.0,0.43,194.25,0.0,0.0,14.75,745.0,
2024-02-25 23:00:00,22.0,49.5,5.08,2.15,5.25,6.82,3.6,0.4,7.01,0.87,,,,,,,73.75,0.4,195.0,0.0,0.0,14.75,744.75,
2024-02-26 00:00:00,16.5,43.5,4.82,2.2,5.08,8.52,3.42,0.5,7.19,1.02,,,,,,,74.75,0.38,178.5,0.0,0.0,13.75,744.0,
2024-02-26 01:00:00,19.25,38.0,5.5,2.9,5.22,8.78,3.62,0.6,7.57,1.27,,,,,,,75.75,0.48,174.25,0.0,0.0,13.75,744.0,
2024-02-26 02:00:00,22.0,33.25,4.08,1.7,4.25,9.1,2.78,0.35,7.36,0.72,,,,,,,76.5,0.5,171.75,0.0,0.0,13.75,743.25,
2024-02-26 03:00:00,19.0,30.75,4.62,1.82,4.72,9.22,1.82,0.45,8.1,0.97,,,,,,,76.75,0.5,177.75,0.0,0.0,13.5,743.0,
2024-02-26 04:00:00,19.0,39.25,4.88,2.0,5.03,7.8,1.63,0.22,7.42,0.5,,,,,,,76.5,0.45,183.5,0.0,0.0,13.75,743.5,
2024-02-26 05:00:00,18.5,40.25,5.3,2.62,5.7,7.1,1.23,0.13,7.15,0.27,,,,,,,76.5,0.45,186.0,0.0,0.0,13.75,744.0,
2024-02-26 06:00:00,19.75,45.0,4.72,4.15,6.05,7.12,0.8,0.38,6.9,0.8,,,,,,,76.0,0.7,183.5,0.0,0.0,18.25,744.0,
2024-02-26 07:00:00,28.0,59.25,5.18,2.8,5.7,7.35,,0.39,7.21,0.8,,,,,,,71.75,0.85,200.0,0.0,0.0,99.75,744.75,
2024-02-26 08:00:00,30.0,71.75,4.7,4.2,6.08,8.3,3.1,0.5,7.49,1.02,,,,,,,69.5,1.42,196.75,0.0,0.0,193.5,745.75,
2024-02-26 09:00:00,34.0,86.75,4.45,3.0,5.22,8.82,4.3,0.59,7.65,1.2,,,,,,,66.75,1.9,209.75,0.0,0.0,297.0,746.0,
2024-02-26 10:00:00,25.5,80.75,4.75,2.85,5.4,9.82,1.87,1.12,7.3,11.03,,,,,,,65.75,1.85,212.25,0.0,0.0,359.25,746.0,
2024-02-26 11:00:00,19.5,85.0,3.8,2.17,4.23,8.28,0.97,0.4,7.18,0.87,,,,,,,64.75,2.02,203.5,0.0,0.0,402.75,746.0,
2024-02-26 12:00:00,23.75,89.0,5.13,2.57,5.53,8.47,0.3,0.36,6.98,0.75,,,,,,,65.5,2.05,195.5,0.0,0.0,396.0,745.75,
2024-02-26 13:00:00,23.5,82.25,4.9,2.08,5.08,6.9,,0.07,6.96,0.13,,,,,,,65.75,2.2,200.5,0.0,0.0,376.25,745.0,
2024-02-26 14:00:00,25.75,81.5,2.98,2.78,3.9,6.55,1.52,0.32,7.82,0.68,,,,,,,66.5,2.33,207.25,0.0,0.0,305.5,744.25,
2024-02-26 15:00:00,28.5,85.25,4.28,3.3,5.22,6.6,2.68,0.31,7.23,0.7,,,,,,,67.0,2.22,200.75,0.0,0.0,239.25,744.0,
2024-02-26 16:00:00,30.0,82.25,4.38,3.42,5.4,7.35,3.3,0.38,7.28,0.82,,,,,,,69.5,2.15,208.75,0.0,0.0,110.25,743.5,
2024-02-26 17:00:00,32.5,83.5,4.03,3.48,5.12,8.3,3.95,0.51,7.8,1.1,,,,,,,72.0,1.92,183.5,0.0,0.0,45.5,743.75,
2024-02-26 18:00:00,38.25,90.25,4.7,3.98,5.95,8.07,3.42,0.27,7.65,0.55,,,,,,,73.75,1.42,193.0,0.0,0.0,16.0,744.0,
2024-02-26 19:00:00,32.0,76.25,4.4,2.7,5.03,8.22,2.9,0.25,7.67,0.5,,,,,,,74.0,0.88,178.0,0.0,0.0,13.75,744.0,
2024-02-26 20:00:00,29.5,65.75,5.32,3.8,6.32,7.22,1.4,0.38,7.55,0.78,,,,,,,74.0,0.7,187.0,0.0,0.0,14.5,745.0,
2024-02-26 21:00:00,29.0,56.25,5.03,4.2,5.32,6.38,,0.27,8.03,0.6,,,,,,,74.0,0.78,188.75,0.0,0.0,15.0,745.0,
2024-02-26 22:00:00,23.5,47.25,4.55,2.05,4.78,7.05,1.88,0.38,8.28,0.8,,,,,,,74.5,0.78,157.5,0.0,0.0,14.75,745.75,
2024-02-26 23:00:00,25.75,45.5,3.85,2.12,4.22,7.22,3.4,0.4,8.64,0.93,,,,,,,75.0,0.85,192.0,0.0,0.0,14.5,745.0,
2024-02-27 00:00:00,28.25,47.0,3.95,2.45,4.53,7.5,3.55,0.46,8.82,0.95,,,,,,,75.0,0.65,194.75,0.0,0.0,14.25,745.0,
2024-02-27 01:00:00,28.75,47.75,3.8,2.32,4.35,8.7,3.95,0.55,9.24,1.17,,,,,,,75.25,0.6,189.0,0.0,0.0,13.5,744.75,
2024-02-27 02:00:00,29.75,49.25,3.18,1.82,3.55,8.75,3.3,0.38,9.69,0.8,,,,,,,76.0,0.57,194.25,0.0,0.0,13.75,744.0,
2024-02-27 03:00:00,33.25,47.0,4.98,1.98,5.08,8.82,3.5,0.49,9.53,1.03,,,,,,,76.5,0.57,180.75,0.0,0.0,13.5,744.0,
2024-02-27 04:00:00,27.75,48.0,4.68,2.05,4.85,8.2,3.68,0.26,9.43,0.52,,,,,,,77.0,0.52,159.0,0.0,0.0,13.75,744.0,
2024-02-27 05:00:00,28.75,50.0,4.97,1.68,4.92,7.1,2.62,0.09,10.0,0.25,,,,,,,75.75,0.65,143.0,0.0,0.0,13.75,744.25,
2024-02-27 06:00:00,31.75,49.5,4.35,2.68,4.95,7.0,2.47,0.36,8.84,0.75,,,,,,,75.5,0.88,147.25,0.0,0.0,20.5,745.0,
2024-02-27 07:00:00,26.0,62.25,4.25,3.68,5.42,6.72,1.85,0.41,8.39,0.83,,,,,,,72.5,1.35,153.25,0.0,0.0,96.25,745.5,
2024-02-27 08:00:00,28.75,77.25,4.08,2.92,4.85,8.0,1.5,0.38,8.28,0.8,,,,,,,69.5,1.95,164.25,0.0,0.0,170.5,746.0,
2024-02-27 09:00:00,30.0,82.0,4.18,2.52,4.72,9.12,1.62,0.51,7.52,1.07,,,,,,,68.25,2.35,169.25,0.0,0.0,312.75,746.75,
2024-02-27 10:00:00,35.25,96.5,4.68,2.75,5.25,9.32,2.87,1.15,6.95,11.1,,,,,,,66.75,2.35,200.0,0.0,0.0,375.25,747.0,
2024-02-27 11:00:00,31.5,82.0,4.97,2.47,5.33,9.38,4.93,0.45,7.96,1.0,,,,,,,65.25,2.15,205.25,0.0,0.0,429.75,746.25,
2024-02-27 12:00:00,27.5,90.75,2.33,2.57,3.27,8.13,0.73,0.28,8.27,0.57,,,,,,,65.75,2.17,204.5,0.0,0.0,440.25,746.0,
2024-02-27 13:00:00,26.5,71.25,2.78,2.08,3.35,6.42,,0.07,7.72,0.2,,,,,,,65.75,2.22,195.5,0.0,0.0,411.5,745.25,
2024-02-27 14:00:00,19.75,70.0,3.2,1.68,3.5,6.05,0.9,0.28,6.87,0.6,,,,,,,65.5,2.35,186.75,0.0,0.0,348.25,744.75,
2024-02-27 15:00:00,23.5,72.0,2.45,1.85,2.98,6.08,0.55,0.25,7.01,0.5,,,,,,,66.25,2.4,182.5,0.0,0.0,261.5,744.0,
2024-02-27 16:00:00,27.25,71.25,4.28,2.8,4.97,6.22,3.58,0.35,6.88,0.72,,,,,,,68.75,2.32,183.0,0.0,0.0,144.25,744.0,
2024-02-27 17:00:00,26.25,80.5,5.0,3.3,5.8,6.98,5.1,0.43,7.0,0.9,,,,,,,71.5,1.72,190.5,0.0,0.0,55.0,744.0,
2024-02-27 18:00:00,29.5,83.25,4.3,3.88,5.52,7.02,2.2,0.34,7.57,0.7,,,,,,,74.25,1.65,177.0,0.0,0.0,16.25,744.5,
2024-02-27 19:00:00,28.0,69.0,3.88,3.38,5.0,7.08,1.48,0.34,8.3,0.7,,,,,,,74.75,1.35,166.75,0.0,0.0,13.5,745.5,
2024-02-27 20:00:00,36.0,64.0,4.22,2.82,4.92,7.02,2.05,0.36,8.81,0.75,,,,,,,75.75,0.78,169.0,0.0,0.0,13.75,746.0,
2024-02-27 21:00:00,33.0,62.5,4.62,2.35,5.0,5.8,1.48,0.3,8.18,0.63,,,,,,,76.5,0.85,166.0,0.0,0.0,14.5,746.5,
2024-02-27 22:00:00,24.75,54.5,4.15,2.28,4.6,5.62,2.7,0.33,8.74,0.7,,,,,,,76.25,0.85,149.25,0.0,0.0,14.5,747.0,
2024-02-27 23:00:00,25.25,43.5,4.65,1.33,4.25,6.18,2.88,0.34,9.64,0.73,,,,,,,76.0,0.82,158.0,0.0,0.0,14.5,746.75,
2024-02-28 00:00:00,21.25,43.0,4.22,2.05,4.53,6.92,2.98,0.41,8.96,0.85,,,,,,,76.5,0.68,146.25,0.0,0.0,14.0,746.0,
2024-02-28 01:00:00,26.25,46.25,3.6,2.95,4.47,7.72,4.65,0.54,9.66,1.1,,,,,,,76.75,0.7,127.5,0.0,0.0,13.5,746.0,
2024-02-28 02:00:00,30.25,49.0,4.7,5.05,6.52,8.0,2.12,0.44,7.33,0.92,,,,,,,78.0,0.38,66.75,0.0,0.0,13.25,745.5,
2024-02-28 03:00:00,25.5,56.75,5.98,7.5,8.88,8.43,1.15,0.53,5.3,1.17,,,,,,,78.5,0.35,101.0,0.0,0.0,13.0,745.25,
2024-02-28 04:00:00,15.0,63.25,6.38,6.9,8.88,7.82,1.18,0.33,5.92,0.68,,,,,,,79.25,0.45,68.5,0.0,0.0,12.75,745.75,
2024-02-28 05:00:00,36.25,66.75,5.22,6.45,7.7,6.25,0.4,0.17,5.92,0.37,,,,,,,80.0,0.45,84.75,0.0,0.0,13.5,746.0,
2024-02-28 06:00:00,52.5,77.5,6.48,7.6,9.28,7.35,3.5,0.49,4.89,1.08,,,,,,,80.5,0.62,86.5,0.0,0.0,19.25,746.0,
2024-02-28 07:00:00,66.0,109.25,6.95,7.95,9.93,6.85,5.1,0.51,5.8,1.1,,,,,,,78.0,1.0,99.75,0.0,0.0,87.25,746.75,
2024-02-28 08:00:00,48.0,100.5,6.25,6.65,8.6,7.3,2.3,0.5,7.16,1.05,,,,,,,73.75,1.35,115.0,0.0,0.0,184.25,747.25,
2024-02-28 09:00:00,44.5,95.0,5.92,4.6,7.25,8.38,2.02,0.55,7.5,1.13,,,,,,,67.75,1.72,177.75,0.0,0.0,311.0,748.0,
2024-02-28 10:00:00,32.5,81.75,6.22,3.08,6.7,9.35,3.47,1.31,7.88,11.43,,,,,,,66.75,1.95,189.0,0.0,0.0,366.5,748.0,
2024-02-28 11:00:00,28.5,84.25,4.6,3.13,5.37,8.8,5.73,0.57,7.52,1.27,,,,,,,65.25,1.68,201.0,0.0,0.0,433.25,747.75,
2024-02-28 12:00:00,28.5,97.0,3.03,3.7,4.43,7.03,2.97,0.3,8.59,0.62,,,,,,,65.25,1.9,214.75,0.0,0.0,449.25,747.0,
2024-02-28 13:00:00,24.75,76.5,4.72,2.28,5.08,5.55,1.68,0.05,7.84,0.2,,,,,,,63.25,2.22,192.5,0.0,0.0,426.0,746.25,
2024-02-28 14:00:00,24.25,70.0,3.52,2.48,4.15,5.42,2.58,0.32,7.43,0.68,,,,,,,64.75,2.05,200.5,0.0,0.0,365.25,745.5,
2024-02-28 15:00:00,19.0,73.5,2.0,4.1,3.82,5.38,3.18,0.29,7.0,0.6,,,,,,,65.75,1.92,191.5,0.0,0.0,276.75,745.0,
2024-02-28 16:00:00,28.5,74.5,3.78,2.68,4.5,5.62,1.5,0.34,7.18,0.7,,,,,,,67.75,1.92,198.5,0.0,0.0,167.25,745.0,
2024-02-28 17:00:00,30.0,74.5,3.2,2.6,4.0,6.62,0.37,0.42,8.34,0.87,,,,,,,71.25,1.85,180.5,0.0,0.0,62.5,745.0,
2024-02-28 18:00:00,30.75,78.0,4.68,3.12,5.48,7.08,1.98,0.35,8.43,0.75,,,,,,,74.5,0.8,164.0,0.0,0.0,15.75,745.0,
2024-02-28 19:00:00,32.25,74.5,3.85,3.4,4.95,7.1,2.52,0.38,8.14,0.8,,,,,,,75.75,0.48,192.75,0.0,0.0,13.5,745.0,
2024-02-28 20:00:00,30.75,72.0,4.35,3.62,5.48,7.08,2.95,0.4,7.86,0.82,,,,,,,76.0,0.43,165.25,0.0,0.0,13.75,746.0,
2024-02-28 21:00:00,29.75,64.25,4.47,3.42,5.48,5.3,2.22,0.32,8.79,0.7,,,,,,,73.75,0.52,161.25,0.0,0.0,14.75,746.5,
2024-02-28 22:00:00,19.75,52.0,3.82,3.12,4.78,5.38,2.9,0.36,9.32,0.75,,,,,,,73.75,0.6,157.25,0.0,0.0,14.75,747.0,
2024-02-28 23:00:00,19.75,57.25,4.2,2.58,4.75,5.85,2.92,0.33,9.56,0.67,,,,,,,75.0,0.62,154.25,0.0,0.0,14.75,746.75,
2024-02-29 00:00:00,23.75,54.25,4.03,1.02,3.82,6.75,2.52,0.41,9.78,0.85,,,,,,,75.0,0.52,150.25,0.0,0.0,14.25,746.0,
2024-02-29 01:00:00,30.75,53.0,3.52,2.92,4.45,7.55,3.1,0.51,10.01,1.07,,,,,,,75.5,0.5,118.75,0.0,0.0,13.5,746.0,
2024-02-29 02:00:00,35.5,59.0,4.45,3.32,5.4,8.02,3.45,0.39,8.79,0.8,,,,,,,76.25,0.4,116.5,0.0,0.0,13.75,745.5,
2024-02-29 03:00:00,34.0,65.25,4.9,2.75,5.45,8.6,3.58,0.5,9.03,1.07,,,,,,,76.5,0.32,103.75,0.0,0.0,13.5,745.0,
2024-02-29 04:00:00,35.25,61.5,9.22,9.72,12.72,8.12,3.98,0.38,3.78,0.8,,,,,,,79.25,0.3,55.25,0.0,0.0,12.75,745.0,
2024-02-29 05:00:00,42.0,81.0,10.25,10.4,13.85,6.45,2.88,0.26,3.41,0.5,,,,,,,79.75,0.3,129.5,0.0,0.0,13.25,745.5,
2024-02-29 06:00:00,57.5,116.0,28.75,12.12,29.85,7.85,1.2,0.46,3.0,0.98,,,,,,,82.75,0.3,293.5,0.0,0.0,20.0,746.0,
2024-02-29 07:00:00,82.5,168.25,32.3,14.02,33.7,8.43,1.4,0.53,2.88,1.1,,,,,,,80.0,0.3,275.5,0.0,0.0,74.5,746.75,
2024-02-29 08:00:00,93.0,167.0,20.85,11.12,22.88,8.12,3.42,0.49,4.16,1.05,,,,,,,74.0,0.65,144.0,0.0,0.0,191.5,747.75,
2024-02-29 09:00:00,66.25,142.25,18.08,5.38,17.58,9.0,5.12,0.54,6.36,1.1,,,,,,,68.75,0.92,201.75,0.0,0.0,304.25,748.25,
2024-02-29 10:00:00,38.75,106.75,14.12,4.4,13.8,9.3,3.8,1.31,7.46,11.47,,,,,,,68.0,1.25,195.5,0.0,0.0,382.75,748.25,
2024-02-29 11:00:00,33.75,84.5,10.17,5.9,11.4,8.8,3.2,0.51,7.89,1.1,,,,,,,66.25,1.35,202.75,0.0,0.0,434.5,748.0,
2024-02-29 12:00:00,30.25,73.75,4.5,3.5,5.53,9.37,1.92,0.33,7.82,0.7,,,,,,,65.0,1.35,206.25,0.0,0.0,443.0,747.25,
2024-02-29 13:00:00,30.0,73.25,3.15,3.98,4.68,6.18,1.25,0.08,7.64,0.23,,,,,,,63.0,1.38,200.25,0.0,0.0,415.5,747.0,
2024-02-29 14:00:00,28.75,77.75,3.35,2.45,4.05,6.55,3.35,0.34,7.46,0.68,,,,,,,63.25,1.5,192.75,0.0,0.0,350.75,746.25,
2024-02-29 15:00:00,36.0,91.75,3.8,3.88,5.15,6.25,4.97,0.33,6.97,0.7,,,,,,,65.75,1.58,193.25,0.0,0.0,261.25,746.0,
2024-02-29 16:00:00,40.5,97.75,4.9,4.0,6.1,6.05,2.92,0.32,7.07,0.68,,,,,,,68.0,1.38,191.5,0.0,0.0,156.25,746.0,
2024-02-29 17:00:00,36.75,94.0,3.3,3.72,4.68,7.58,3.6,0.42,7.58,0.87,,,,,,,71.5,0.92,194.5,0.0,0.0,57.5,746.0,
2024-02-29 18:00:00,39.0,106.5,4.18,4.32,5.7,7.02,1.28,0.34,7.4,0.7,,,,,,,74.5,0.62,189.0,0.0,0.0,16.25,746.75,
2024-02-29 19:00:00,40.5,109.75,3.58,5.57,5.85,7.02,0.5,0.38,7.23,0.8,,,,,,,76.0,0.62,178.75,0.0,0.0,13.75,747.0,
2024-02-29 20:00:00,44.75,91.0,5.22,5.08,6.98,7.12,2.42,0.76,8.17,1.6,,,,,,,75.5,0.65,179.0,0.0,0.0,13.75,747.75,
2024-02-29 21:00:00,43.25,98.0,4.05,4.65,5.78,6.12,2.43,1.84,8.46,4.07,,,,,,,76.0,0.43,183.5,0.0,0.0,14.5,748.25,
2024-02-29 22:00:00,40.75,88.25,4.45,4.28,5.9,6.5,2.68,0.41,8.59,0.88,,,,,,,76.0,0.42,161.0,0.0,0.0,14.5,748.75,
2024-02-29 23:00:00,40.0,77.0,5.23,4.0,6.4,6.97,3.47,0.4,8.47,0.87,,,,,,,76.33,0.33,179.0,0.0,0.0,15.0,748.33,
2024-03-01 00:00:00,29.25,64.5,5.0,3.02,5.65,6.95,3.5,0.41,9.16,0.88,,,,,,,77.25,0.3,178.75,0.0,0.0,13.75,748.0,
2024-03-01 01:00:00,33.75,62.0,5.0,4.47,6.42,8.75,3.9,0.51,8.45,1.07,,,,,,,78.5,0.3,172.25,0.0,0.0,13.25,747.0,
2024-03-01 02:00:00,42.5,77.25,4.47,4.2,5.9,9.07,3.1,0.31,8.86,0.65,,,,,,,79.25,0.3,177.75,0.0,0.0,13.0,747.0,
2024-03-01 03:00:00,33.75,72.75,4.22,3.52,5.28,9.83,3.02,0.5,9.44,1.07,,,,,,,80.0,0.3,170.5,0.0,0.0,13.0,747.0,
2024-03-01 04:00:00,32.25,58.5,9.3,6.08,10.8,9.75,2.02,0.35,7.72,0.72,,,,,,,80.25,0.3,155.25,0.0,0.0,12.5,747.0,
2024-03-01 05:00:00,37.75,68.0,25.2,12.12,26.92,8.6,1.48,0.23,2.94,0.47,,,,,,,82.75,0.3,11.5,0.0,0.0,12.5,747.25,
2024-03-01 06:00:00,37.5,85.25,29.4,13.0,30.82,8.45,4.0,0.44,2.85,0.95,,,,,,,82.5,0.3,102.0,0.0,0.0,23.75,748.0,
2024-03-01 07:00:00,58.0,111.0,31.9,14.45,33.65,10.4,4.5,0.56,2.82,1.17,,,,,,,80.5,0.3,230.75,0.0,0.0,84.0,748.75,
2024-03-01 08:00:00,80.75,158.25,19.95,8.6,20.8,9.72,4.58,0.43,4.51,0.9,,,,,,,72.75,0.57,162.75,0.0,0.0,185.5,749.5,
2024-03-01 09:00:00,55.75,122.25,16.25,7.05,16.95,10.05,4.53,0.5,7.36,1.07,,,,,,,68.75,0.72,174.25,0.0,0.0,271.0,750.0,
2024-03-01 10:00:00,43.5,95.75,14.62,4.65,14.35,11.68,2.7,1.4,7.31,11.63,,,,,,,65.75,1.0,184.75,0.0,0.0,376.0,750.0,
2024-03-01 11:00:00,36.0,76.5,11.43,4.3,11.57,10.68,1.67,0.59,7.21,1.3,,,,,,,62.25,0.98,208.75,0.0,0.0,421.25,749.25,
2024-03-01 12:00:00,35.25,73.5,9.83,3.2,9.7,11.37,2.48,0.32,7.68,0.68,,,,,,,60.25,1.35,218.75,0.0,0.0,439.0,748.5,
2024-03-01 13:00:00,31.75,69.25,7.0,4.08,7.82,8.65,1.85,0.14,7.53,0.33,,,,,,,61.0,1.68,219.5,0.0,0.0,417.25,748.0,
2024-03-01 14:00:00,29.25,75.25,4.82,3.75,5.92,7.82,1.82,0.29,7.74,0.57,,,,,,,64.0,1.8,212.5,0.0,0.0,349.5,747.25,
2024-03-01 15:00:00,34.75,92.5,3.8,3.22,4.8,8.25,2.6,0.26,7.47,0.57,,,,,,,66.0,1.88,207.0,0.0,0.0,253.5,747.0,
2024-03-01 16:00:00,38.5,97.75,3.02,3.97,4.58,7.85,0.78,0.36,7.36,0.78,,,,,,,68.0,1.45,211.0,0.0,0.0,143.75,747.0,
2024-03-01 17:00:00,38.25,100.5,2.7,4.25,4.45,9.88,0.32,0.46,7.67,0.93,,,,,,,70.75,0.85,207.75,0.0,0.0,60.5,747.0,
2024-03-01 18:00:00,52.25,106.0,3.02,5.82,5.55,9.45,2.8,0.37,7.8,0.8,,,,,,,74.75,0.57,194.25,0.0,0.0,16.5,747.0,
2024-03-01 19:00:00,53.5,112.0,4.92,6.45,7.45,9.43,2.28,0.38,7.64,0.8,,,,,,,76.0,0.5,209.75,0.0,0.0,13.5,747.25,
2024-03-01 20:00:00,46.5,91.25,4.47,5.15,6.4,9.9,1.98,0.4,8.4,0.82,,,,,,,77.0,0.48,208.5,0.0,0.0,13.5,748.0,
2024-03-01 21:00:00,45.5,83.0,4.35,4.28,5.8,8.93,1.58,0.38,8.66,0.83,,,,,,,77.75,0.43,209.25,0.0,0.0,14.25,748.75,
2024-03-01 22:00:00,38.25,80.75,4.47,3.62,5.55,8.78,0.3,0.38,8.6,0.78,,,,,,,78.5,0.4,210.0,0.0,0.0,14.25,749.0,
2024-03-01 23:00:00,41.25,74.0,3.5,3.8,4.88,8.72,,0.38,9.1,0.83,,,,,,,79.0,0.3,212.0,0.0,0.0,14.25,748.5,
2024-03-02 00:00:00,45.75,73.75,16.35,5.75,16.38,8.62,1.03,0.38,8.36,0.8,,,,,,,79.75,0.3,203.25,0.0,0.0,13.5,748.0,
2024-03-02 01:00:00,47.5,94.75,30.3,16.48,33.38,11.22,2.95,0.5,3.08,1.0,,,,,,,82.25,0.3,202.75,0.0,0.0,12.75,747.5,
2024-03-02 02:00:00,78.75,184.25,21.28,15.8,25.68,11.92,2.6,0.48,3.33,1.0,,,,,,,82.25,0.3,210.25,0.0,0.0,12.75,747.0,
2024-03-02 03:00:00,96.0,257.5,26.8,16.92,30.82,11.75,3.25,0.55,3.54,1.17,,,,,,,83.5,0.3,198.75,0.0,0.0,12.0,747.0,
2024-03-02 04:00:00,94.0,267.75,47.62,17.62,48.1,11.6,3.48,0.38,2.88,0.8,,,,,,,84.0,0.3,193.75,0.0,0.0,11.75,747.0,
2024-03-02 05:00:00,89.5,298.25,57.55,13.0,53.7,9.8,2.42,0.29,2.9,0.67,,,,,,,85.5,0.3,213.25,0.0,0.0,11.75,747.0,
2024-03-02 06:00:00,92.75,283.75,71.72,15.7,66.62,9.85,2.35,0.52,3.03,1.08,,,,,,,86.0,0.3,194.5,0.0,0.0,22.5,747.5,
2024-03-02 07:00:00,88.0,189.25,56.85,15.45,54.45,10.82,3.32,0.56,2.84,1.2,,,,,,,83.25,0.3,261.5,0.0,0.0,78.0,748.25,
2024-03-02 08:00:00,87.75,153.5,43.35,13.85,42.6,11.75,3.25,0.5,4.22,1.05,,,,,,,76.75,0.32,275.5,0.0,0.0,150.25,749.25,
2024-03-02 09:00:00,87.75,147.25,36.25,10.0,34.83,11.98,3.18,0.54,7.56,1.13,,,,,,,69.5,0.7,216.75,0.0,0.0,259.0,750.0,
2024-03-02 10:00:00,59.75,105.75,30.32,8.22,29.02,12.58,3.17,1.52,9.5,11.97,,,,,,,66.0,0.82,221.75,0.0,0.0,324.25,750.0,
2024-03-02 11:00:00,51.5,105.5,23.37,8.43,23.43,12.85,4.27,0.65,10.66,1.4,,,,,,,65.75,1.02,212.5,0.0,0.0,356.25,749.0,
2024-03-02 12:00:00,54.75,110.5,16.0,7.57,17.07,11.9,1.85,0.35,9.66,0.7,,,,,,,64.75,1.38,215.25,0.0,0.0,409.25,749.0,
2024-03-02 13:00:00,49.25,113.0,12.3,6.25,13.35,9.82,0.5,0.16,8.19,0.4,,,,,,,66.25,1.9,213.0,0.0,0.0,317.75,748.0,
2024-03-02 14:00:00,43.5,84.75,8.6,4.75,9.52,8.5,0.5,0.34,8.01,0.7,,,,,,,66.5,1.88,211.25,0.0,0.0,249.0,747.5,
2024-03-02 15:00:00,40.5,72.0,6.12,4.75,7.52,8.38,0.25,0.29,8.32,0.6,,,,,,,67.0,1.75,211.0,0.0,0.0,219.5,747.0,
2024-03-02 16:00:00,37.25,71.25,4.42,3.65,5.55,8.68,2.17,0.39,8.02,0.82,,,,,,,66.5,1.5,207.5,0.0,0.0,136.0,747.0,
2024-03-02 17:00:00,42.25,72.0,3.72,4.75,5.55,11.32,3.12,0.6,8.05,1.23,,,,,,,69.0,1.25,207.0,0.0,0.0,53.5,747.0,
2024-03-02 18:00:00,45.75,79.5,4.2,5.8,6.5,9.55,2.55,0.26,8.9,0.55,,,,,,,71.25,0.85,201.75,0.0,0.0,15.25,747.0,
2024-03-02 19:00:00,43.75,75.0,4.18,4.38,5.72,9.93,2.42,0.2,9.46,0.4,,,,,,,73.0,0.85,205.25,0.0,0.0,13.5,747.5,
2024-03-02 20:00:00,41.5,75.5,4.6,4.7,6.22,10.3,4.85,0.38,9.49,0.78,,,,,,,74.0,0.65,203.75,0.0,0.0,13.5,748.0,
2024-03-02 21:00:00,43.5,74.5,4.47,5.4,6.5,10.22,5.28,0.4,9.75,0.83,,,,,,,75.25,0.57,204.75,0.0,0.0,13.75,748.25,
2024-03-02 22:00:00,34.75,66.0,3.45,4.4,5.12,9.1,3.12,0.32,9.44,0.65,,,,,,,76.5,0.6,201.75,0.0,0.0,14.0,748.5,
2024-03-02 23:00:00,32.25,61.75,3.4,2.85,4.28,9.4,2.42,0.33,10.16,0.7,,,,,,,77.75,0.55,202.5,0.0,0.0,13.75,748.75,
2024-03-03 00:00:00,34.75,57.25,3.72,2.88,4.55,9.5,3.6,0.45,10.41,0.95,,,,,,,78.0,0.5,202.25,0.0,0.0,13.5,748.0,
2024-03-03 01:00:00,33.0,56.75,4.0,4.15,5.45,11.0,4.15,0.51,10.24,1.07,,,,,,,78.75,0.48,206.0,0.0,0.0,13.0,747.5,
2024-03-03 02:00:00,39.75,58.25,4.03,3.38,5.08,12.48,2.6,0.42,10.79,0.9,,,,,,,79.0,0.43,204.25,0.0,0.0,12.75,747.0,
2024-03-03 03:00:00,40.5,50.0,3.95,3.05,4.85,13.35,2.28,0.56,10.26,1.17,,,,,,,78.25,0.32,206.75,0.0,0.0,13.0,747.0,
2024-03-03 04:00:00,37.25,59.5,2.88,4.53,4.75,12.8,3.28,0.36,10.81,0.75,,,,,,,78.0,0.32,203.5,0.0,0.0,12.5,747.0,
2024-03-03 05:00:00,39.75,61.25,4.18,4.5,5.8,12.0,3.88,0.3,10.23,0.67,,,,,,,77.25,0.3,209.25,0.0,0.0,12.75,747.5,
2024-03-03 06:00:00,39.5,70.0,3.88,5.58,6.15,10.72,2.65,0.38,8.61,0.8,,,,,,,77.0,0.3,214.5,0.0,0.0,19.0,748.0,
2024-03-03 07:00:00,51.5,107.0,6.8,10.2,10.98,10.6,2.5,0.42,6.49,0.87,,,,,,,74.5,0.3,230.75,0.0,0.0,81.5,748.5,
2024-03-03 08:00:00,54.0,125.5,5.12,2.7,5.6,10.82,1.85,0.38,10.56,0.8,,,,,,,69.25,0.52,216.5,0.0,0.0,193.75,749.0,
2024-03-03 09:00:00,47.0,67.5,4.77,3.92,5.98,11.6,1.8,0.4,9.77,0.83,,,,,,,67.25,0.7,232.5,0.0,0.0,266.25,750.0,
2024-03-03 10:00:00,44.75,80.0,4.1,3.38,5.12,13.32,1.2,1.48,9.66,11.93,,,,,,,65.25,1.15,224.25,0.0,0.0,373.75,750.0,
2024-03-03 11:00:00,44.25,83.75,4.53,2.0,4.73,12.08,2.0,0.54,9.38,1.17,,,,,,,63.75,1.23,224.25,0.0,0.0,415.25,749.5,
2024-03-03 12:00:00,38.25,77.0,3.9,3.63,5.1,12.73,4.75,0.36,9.6,0.75,,,,,,,61.75,1.12,219.0,0.0,0.0,431.5,749.0,
2024-03-03 13:00:00,42.0,75.0,3.32,3.28,4.47,11.42,5.28,0.24,9.48,0.53,,,,,,,60.0,1.4,217.0,0.0,0.0,409.5,748.0,
2024-03-03 14:00:00,34.25,71.25,3.58,2.42,4.18,9.62,2.85,0.24,9.26,0.48,,,,,,,61.5,2.02,214.25,0.0,0.0,351.0,747.5,
2024-03-03 15:00:00,37.5,76.75,3.78,2.45,4.38,8.62,1.0,0.17,9.3,0.4,,,,,,,62.5,1.98,217.25,0.0,0.0,263.25,747.0,
2024-03-03 16:00:00,37.25,70.5,3.3,3.28,4.42,8.4,3.05,0.34,9.41,0.7,,,,,,,64.5,1.95,207.25,0.0,0.0,158.75,747.0,
2024-03-03 17:00:00,42.0,68.0,3.47,2.65,4.22,9.72,4.28,0.37,9.63,0.73,,,,,,,67.5,1.05,208.0,0.0,0.0,60.5,747.0,
2024-03-03 18:00:00,47.0,84.25,3.0,3.82,4.47,10.98,2.82,0.4,10.95,0.88,,,,,,,70.0,0.65,198.75,0.0,0.0,16.0,747.0,
2024-03-03 19:00:00,52.75,87.0,4.45,3.65,5.58,10.6,2.28,0.44,11.67,0.93,,,,,,,70.0,0.57,197.25,0.0,0.0,13.75,748.0,
2024-03-03 20:00:00,50.25,85.25,3.15,2.9,4.07,11.0,2.6,0.38,11.89,0.78,,,,,,,70.5,0.55,203.5,0.0,0.0,13.75,748.0,
2024-03-03 21:00:00,44.0,85.25,3.45,5.03,5.5,10.15,2.78,0.34,11.68,0.73,,,,,,,70.0,0.5,203.25,0.0,0.0,14.25,748.5,
2024-03-03 22:00:00,41.0,71.25,1.8,4.3,3.78,8.07,2.05,0.18,11.68,0.4,,,,,,,70.5,0.45,205.75,0.0,0.0,14.75,749.0,
2024-03-03 23:00:00,41.25,61.75,3.68,2.58,4.35,8.57,1.52,0.11,12.62,0.23,,,,,,,71.5,0.38,205.0,0.0,0.0,14.5,748.25,
2024-03-04 00:00:00,41.0,56.5,2.8,2.88,3.8,8.57,2.82,0.45,12.54,0.95,,,,,,,72.0,0.3,209.75,0.0,0.0,14.5,748.0,
2024-03-04 01:00:00,39.5,52.75,3.08,4.4,4.82,9.22,3.15,0.5,11.22,1.03,,,,,,,73.5,0.3,213.5,0.0,0.0,14.25,747.5,
2024-03-04 02:00:00,53.75,102.5,20.65,17.68,26.2,11.25,2.55,0.45,3.72,0.95,,,,,,,77.25,0.3,217.25,0.0,0.0,13.75,747.0,
2024-03-04 03:00:00,81.5,229.25,15.82,17.25,22.02,12.3,3.0,0.63,4.01,1.3,,,,,,,78.0,0.3,222.75,0.0,0.0,13.5,747.0,
2024-03-04 04:00:00,73.5,176.75,15.25,14.38,20.05,11.1,0.5,0.34,3.8,0.7,,,,,,,78.75,0.3,231.0,0.0,0.0,12.75,747.0,
2024-03-04 05:00:00,65.25,160.25,14.02,14.0,18.82,10.9,,0.34,3.28,0.73,,,,,,,81.0,0.3,246.0,0.0,0.0,12.75,747.5,
2024-03-04 06:00:00,71.25,167.25,25.48,13.5,27.92,9.48,1.07,0.44,2.86,0.92,,,,,,,81.75,0.3,301.75,0.0,0.0,20.25,748.0,
2024-03-04 07:00:00,70.5,194.0,26.0,14.6,28.9,10.4,1.23,0.47,2.69,1.0,,,,,,,80.5,0.3,307.25,0.0,0.0,65.75,748.5,
2024-03-04 08:00:00,74.5,184.25,18.77,11.08,21.12,10.4,0.2,0.45,5.46,0.95,,,,,,,72.0,0.3,290.75,0.0,0.0,184.25,749.5,
2024-03-04 09:00:00,66.0,146.0,16.23,6.22,16.5,10.0,0.15,0.4,8.04,0.87,,,,,,,64.75,0.6,210.0,0.0,0.0,311.0,750.0,
2024-03-04 10:00:00,43.5,87.75,12.92,5.52,13.45,11.68,2.4,1.54,8.85,12.03,,,,,,,62.75,1.0,209.0,0.0,0.0,358.0,750.0,
2024-03-04 11:00:00,36.75,77.0,8.93,5.47,10.2,10.68,6.23,0.53,9.16,1.17,,,,,,,62.75,1.2,209.25,0.0,0.0,408.25,749.75,
2024-03-04 12:00:00,30.25,77.5,6.47,4.4,7.63,15.2,3.18,0.34,7.46,0.7,,,,,,,62.75,1.2,206.75,0.0,0.0,415.25,749.0,
2024-03-04 13:00:00,30.75,59.75,6.92,5.15,8.38,13.1,4.58,0.8,8.78,1.7,,,,,,,62.75,1.6,205.5,0.0,0.0,410.75,748.75,
2024-03-04 14:00:00,30.0,59.5,6.5,2.78,6.78,9.8,2.82,0.31,8.6,0.65,,,,,,,63.25,1.45,203.75,0.0,0.0,346.25,748.0,
2024-03-04 15:00:00,29.25,69.5,4.22,3.65,5.38,8.9,2.38,0.22,8.17,0.5,,,,,,,64.0,1.68,205.75,0.0,0.0,258.25,747.75,
2024-03-04 16:00:00,28.5,68.5,3.3,3.72,4.7,7.82,1.38,0.33,8.24,0.7,,,,,,,64.5,1.2,201.0,0.0,0.0,158.0,747.25,
2024-03-04 17:00:00,32.25,70.5,2.8,3.9,4.4,7.35,2.0,0.29,8.71,0.6,,,,,,,67.0,0.78,202.25,0.0,0.0,61.0,748.0,
2024-03-04 18:00:00,32.5,76.25,3.05,4.9,5.08,7.28,4.47,0.35,9.01,0.78,,,,,,,70.25,0.52,200.75,0.0,0.0,17.75,748.0,
2024-03-04 19:00:00,40.0,89.25,3.6,5.92,6.1,9.1,5.08,0.46,9.44,0.97,,,,,,,71.0,0.55,203.0,0.0,0.0,14.5,748.25,
2024-03-04 20:00:00,39.0,89.0,3.32,5.38,5.52,9.45,2.72,0.38,9.62,0.78,,,,,,,71.75,0.52,202.5,0.0,0.0,14.0,749.0,
2024-03-04 21:00:00,35.75,86.75,4.55,5.48,6.6,8.8,1.6,0.4,9.78,0.83,,,,,,,72.25,0.48,204.5,0.0,0.0,14.0,749.25,
2024-03-04 22:00:00,35.0,85.25,3.78,5.28,5.88,9.05,2.17,0.38,10.01,0.8,,,,,,,73.5,0.55,201.75,0.0,0.0,13.5,749.25,
2024-03-04 23:00:00,31.75,69.5,2.8,4.38,4.6,7.82,2.22,0.32,10.7,0.7,,,,,,,74.25,0.5,206.25,0.0,0.0,14.5,749.0,
2024-03-05 00:00:00,24.0,53.25,3.85,2.85,4.65,7.5,3.08,0.3,10.88,0.62,,,,,,,75.0,0.32,208.75,0.0,0.0,14.5,749.0,
2024-03-05 01:00:00,28.5,49.0,3.32,5.1,5.4,7.5,3.58,0.32,9.86,0.7,,,,,,,75.25,0.3,213.75,0.0,0.0,14.5,748.75,
2024-03-05 02:00:00,26.75,65.0,4.18,5.82,6.5,7.92,3.88,0.38,8.9,0.8,,,,,,,75.5,0.3,212.5,0.0,0.0,14.75,748.0,
2024-03-05 03:00:00,38.25,87.5,4.1,10.3,8.88,9.75,4.62,0.5,5.16,1.03,,,,,,,78.0,0.3,240.5,0.0,0.0,13.75,748.0,
2024-03-05 04:00:00,46.5,121.5,8.43,10.58,12.48,10.92,2.2,0.37,3.46,0.78,,,,,,,80.25,0.3,303.25,0.0,0.0,12.75,748.0,
2024-03-05 05:00:00,49.75,158.25,10.42,11.42,14.55,9.88,2.3,0.4,3.14,0.83,,,,,,,82.0,0.3,302.5,0.0,0.0,12.5,748.0,
2024-03-05 06:00:00,78.25,255.0,41.68,13.12,40.85,10.0,2.9,0.38,3.14,0.82,,,,,,,83.0,0.3,307.25,0.0,0.0,20.75,748.0,
2024-03-05 07:00:00,91.5,262.5,32.17,13.75,33.48,10.25,3.72,0.35,2.86,0.77,,,,,,,78.75,0.3,312.5,0.0,0.0,91.0,748.75,
2024-03-05 08:00:00,80.0,187.5,23.85,11.8,25.68,9.4,2.15,0.41,5.71,0.88,,,,,,,70.75,0.3,275.75,0.0,0.0,183.5,749.75,
2024-03-05 09:00:00,60.75,128.25,18.95,6.58,18.9,9.55,1.68,0.4,7.56,0.83,,,,,,,66.0,0.42,251.25,0.0,0.0,271.5,750.25,
2024-03-05 10:00:00,37.5,94.0,15.3,5.5,15.38,9.58,1.73,1.35,7.7,11.63,,,,,,,64.25,0.95,206.25,0.0,0.0,372.75,750.0,
2024-03-05 11:00:00,35.25,77.25,10.9,5.87,12.0,10.53,1.33,0.43,8.8,0.9,,,,,,,64.25,1.08,204.25,0.0,0.0,411.5,750.0,
2024-03-05 12:00:00,41.5,72.0,7.3,4.67,8.43,11.43,1.25,0.41,8.84,0.88,,,,,,,64.0,1.38,206.0,0.0,0.0,423.25,749.25,
2024-03-05 13:00:00,36.0,72.75,6.02,4.05,7.02,10.05,0.62,0.24,7.81,0.53,,,,,,,64.5,1.6,218.5,0.0,0.0,405.5,748.75,
2024-03-05 14:00:00,24.25,74.25,4.18,3.25,5.12,11.82,1.8,0.36,7.54,0.75,,,,,,,63.5,1.32,211.25,0.0,0.0,348.0,748.0,
2024-03-05 15:00:00,24.75,68.75,2.35,4.2,4.12,11.85,1.85,1.49,8.38,,,,,,,,64.5,1.15,203.75,0.0,0.0,254.75,748.0,
2024-03-05 16:00:00,25.75,60.75,51.8,22.17,53.9,8.97,1.9,0.28,8.14,0.57,,,,,,,65.75,1.0,202.0,0.0,0.0,149.5,748.0,
2024-03-05 17:00:00,32.25,68.75,2.83,4.62,3.98,8.3,1.48,0.22,19.43,0.43,,,,,,,68.75,0.75,199.5,0.0,0.0,60.0,748.0,
2024-03-05 18:00:00,36.75,77.0,2.5,3.18,3.7,7.62,2.33,0.36,8.37,0.75,,,,,,,72.0,0.62,196.75,0.0,0.0,17.5,748.0,
2024-03-05 19:00:00,38.75,82.0,2.42,5.78,5.1,8.35,3.28,0.42,7.88,0.83,,,,,,,73.0,0.45,200.75,0.0,0.0,14.5,748.25,
2024-03-05 20:00:00,40.0,94.0,2.95,4.3,4.65,8.85,4.55,0.41,8.26,0.88,,,,,,,73.0,0.38,203.0,0.0,0.0,13.75,749.0,
2024-03-05 21:00:00,45.0,83.0,2.58,7.6,6.15,8.4,4.8,0.44,7.69,0.97,,,,,,,73.75,0.43,196.25,0.0,0.0,14.0,749.0,
2024-03-05 22:00:00,41.25,75.0,3.58,4.55,5.32,8.43,3.68,0.38,7.81,0.78,,,,,,,74.0,0.43,203.5,0.0,0.0,14.25,749.0,
2024-03-05 23:00:00,36.25,66.25,3.78,3.85,5.12,8.02,4.1,0.32,8.33,0.7,,,,,,,74.0,0.57,210.75,0.0,0.0,14.5,749.0,
2024-03-06 00:00:00,27.25,56.25,4.05,4.15,5.52,6.98,1.3,0.29,8.04,0.6,,,,,,,74.25,0.45,209.5,0.0,0.0,14.5,749.0,
2024-03-06 01:00:00,26.0,49.5,3.85,4.32,5.42,7.25,0.1,0.31,7.38,0.6,,,,,,,75.0,0.3,217.5,0.0,0.0,14.5,748.5,
2024-03-06 02:00:00,48.25,178.25,37.88,13.48,37.98,7.93,4.05,0.44,3.78,0.92,,,,,,,77.75,0.3,190.0,0.0,0.0,14.75,748.0,
2024-03-06 03:00:00,122.75,613.5,56.32,16.7,54.7,9.43,6.38,0.53,3.09,1.1,,,,,,,79.75,0.3,189.5,0.0,0.0,14.0,748.0,
2024-03-06 04:00:00,152.75,633.25,68.82,14.9,63.88,10.65,4.45,0.38,2.98,0.78,,,,,,,81.25,0.3,199.5,0.0,0.0,13.25,748.0,
2024-03-06 05:00:00,91.75,334.5,44.28,13.8,43.32,10.52,3.2,0.42,3.11,0.87,,,,,,,82.5,0.3,264.25,0.0,0.0,12.5,748.0,
2024-03-06 06:00:00,90.75,219.0,52.53,11.95,49.05,11.0,3.18,0.44,3.12,0.92,,,,,,,83.75,0.3,322.75,0.0,0.0,19.0,748.0,
2024-03-06 07:00:00,90.0,206.0,47.38,14.75,46.4,9.75,3.2,0.44,2.97,0.97,,,,,,,81.0,0.3,308.0,0.0,0.0,62.25,749.25,
2024-03-06 08:00:00,81.25,159.25,37.62,11.02,36.42,9.45,2.88,0.45,4.04,0.98,,,,,,,74.75,0.35,293.5,0.0,0.0,146.75,750.0,
2024-03-06 09:00:00,54.0,132.5,31.8,7.4,29.8,10.75,2.35,0.47,5.9,1.0,,,,,,,69.5,0.45,281.0,0.0,0.0,218.25,751.0,
2024-03-06 10:00:00,47.25,114.5,27.12,5.25,24.85,10.78,2.87,1.63,7.05,12.1,,,,,,,66.5,0.62,290.25,0.0,0.0,268.0,751.0,
2024-03-06 11:00:00,38.0,99.25,21.93,5.7,20.9,10.78,4.0,0.52,6.92,1.13,,,,,,,63.25,0.85,264.5,0.0,0.0,343.0,750.25,
2024-03-06 12:00:00,42.5,111.5,14.37,6.53,15.17,11.2,2.6,0.41,6.95,0.85,,,,,,,63.5,1.08,217.75,0.0,0.0,378.75,749.5,
2024-03-06 13:00:00,34.5,78.0,12.48,4.97,12.8,10.5,2.78,0.38,6.77,0.8,,,,,,,64.0,1.35,228.0,0.0,0.0,362.5,749.0,
2024-03-06 14:00:00,23.5,63.25,8.43,4.55,9.28,10.42,1.35,0.34,6.43,0.7,,,,,,,63.75,1.45,217.5,0.0,0.0,330.0,748.25,
2024-03-06 15:00:00,24.75,64.75,7.35,4.2,8.2,9.45,1.6,0.28,6.26,0.6,,,,,,,65.0,1.5,220.25,0.0,0.0,254.0,748.0,
2024-03-06 16:00:00,31.5,64.25,6.58,2.45,6.68,8.1,2.45,0.29,6.52,0.6,,,,,,,65.75,1.4,215.5,0.0,0.0,150.0,748.0,
2024-03-06 17:00:00,29.25,59.5,5.58,3.58,6.45,7.95,2.48,0.26,6.37,0.5,,,,,,,68.75,0.98,216.75,0.0,0.0,55.75,748.0,
2024-03-06 18:00:00,34.5,71.25,5.05,6.1,7.32,7.65,3.32,0.42,6.38,0.88,,,,,,,71.5,0.7,216.25,0.0,0.0,17.0,748.0,
2024-03-06 19:00:00,32.75,79.75,5.18,8.07,8.5,9.52,4.42,0.55,5.38,1.17,,,,,,,72.75,0.48,217.75,0.0,0.0,14.75,748.5,
2024-03-06 20:00:00,40.5,88.75,5.68,5.72,7.65,10.88,3.0,0.44,5.64,0.9,,,,,,,73.75,0.57,212.0,0.0,0.0,13.5,749.0,
2024-03-06 21:00:00,36.75,74.0,5.85,5.55,7.72,11.12,2.85,0.46,5.59,1.0,,,,,,,74.75,0.48,214.0,0.0,0.0,13.5,749.0,
2024-03-06 22:00:00,29.75,72.5,5.9,7.1,8.6,10.7,3.0,0.42,5.31,0.88,,,,,,,76.0,0.42,211.25,0.0,0.0,13.5,749.0,
2024-03-06 23:00:00,28.75,57.5,5.58,5.3,7.32,10.25,2.15,0.37,5.76,0.83,,,,,,,76.25,0.32,209.0,0.0,0.0,13.75,749.0,
2024-03-07 00:00:00,28.0,52.25,6.88,4.0,7.7,8.35,2.15,0.28,6.42,0.57,,,,,,,77.0,0.3,207.0,0.0,0.0,14.0,748.75,
2024-03-07 01:00:00,27.25,50.25,6.28,3.0,6.68,9.25,3.02,0.29,6.58,0.6,,,,,,,76.25,0.35,208.75,0.0,0.0,14.5,748.0,
2024-03-07 02:00:00,24.25,48.0,6.28,3.58,6.98,9.45,3.3,0.36,6.46,0.75,,,,,,,77.25,0.3,210.5,0.0,0.0,14.25,747.75,
2024-03-07 03:00:00,23.25,46.25,4.32,5.88,6.6,11.18,2.8,0.4,4.43,0.8,,,,,,,79.25,0.3,259.25,0.0,0.0,13.75,747.25,
2024-03-07 04:00:00,30.5,72.25,6.6,6.62,8.93,11.98,3.0,0.39,3.84,0.82,,,,,,,81.0,0.3,236.5,0.0,0.0,12.5,747.0,
2024-03-07 05:00:00,38.5,78.25,5.85,6.8,8.4,12.28,4.15,0.42,4.4,0.9,,,,,,,79.25,0.5,222.5,0.0,0.0,12.5,747.0,
2024-03-07 06:00:00,32.25,62.0,9.7,8.2,12.25,11.82,3.38,0.42,3.91,0.88,,,,,,,79.75,0.32,283.25,0.0,0.0,19.75,748.0,
2024-03-07 07:00:00,38.25,81.25,12.88,9.07,15.3,11.3,3.25,0.46,3.13,1.03,,,,,,,80.75,0.32,320.75,0.0,0.0,82.0,748.75,
2024-03-07 08:00:00,47.5,105.75,10.88,9.1,13.65,10.12,3.68,0.4,3.98,0.85,,,,,,,74.0,0.43,286.0,0.0,0.0,197.25,749.75,
2024-03-07 09:00:00,51.5,117.5,9.45,5.08,10.4,11.15,2.95,0.41,5.69,0.87,,,,,,,70.0,0.8,286.0,0.0,0.0,273.25,750.0,
2024-03-07 10:00:00,39.25,118.75,7.55,4.18,8.38,10.8,2.57,1.55,6.54,11.97,,,,,,,64.75,1.2,290.5,0.0,0.0,332.75,750.0,
2024-03-07 11:00:00,33.25,87.75,6.53,3.97,7.43,10.2,3.57,0.35,6.9,0.73,,,,,,,63.5,1.42,260.0,0.0,0.0,381.5,750.0,
2024-03-07 12:00:00,30.5,78.25,5.3,4.17,6.5,13.1,3.95,0.46,7.31,1.0,,,,,,,63.5,1.95,238.25,0.0,0.0,444.25,749.25,
2024-03-07 13:00:00,27.25,75.0,4.8,3.65,5.85,11.38,4.03,0.34,6.81,0.73,,,,,,,63.5,1.55,231.5,0.0,0.0,301.5,748.75,
2024-03-07 14:00:00,22.75,64.0,3.92,4.45,5.58,11.02,3.4,0.37,6.96,0.78,,,,,,,61.25,1.72,229.25,0.0,0.0,353.0,747.75,
2024-03-07 15:00:00,26.5,67.75,5.08,3.6,6.05,9.98,2.4,0.3,7.19,0.63,,,,,,,61.75,1.98,233.0,0.0,0.0,258.0,747.0,
2024-03-07 16:00:00,32.75,71.0,3.95,2.92,4.78,8.68,3.58,0.26,7.02,0.57,,,,,,,63.75,1.95,223.75,0.0,0.0,143.25,747.0,
2024-03-07 17:00:00,36.25,76.25,3.25,5.3,5.48,7.92,4.08,0.25,7.14,0.5,,,,,,,67.75,1.55,214.0,0.0,0.0,51.25,747.0,
2024-03-07 18:00:00,31.5,83.0,4.05,5.42,6.2,7.95,2.92,0.37,7.06,0.78,,,,,,,70.0,1.12,214.0,0.0,0.0,18.5,747.75,
2024-03-07 19:00:00,33.5,83.75,4.0,6.38,6.68,8.85,2.17,0.41,5.73,0.83,,,,,,,71.5,1.0,214.5,0.0,0.0,15.0,748.5,
2024-03-07 20:00:00,35.75,79.75,4.25,5.82,6.55,10.6,3.08,0.47,6.46,1.0,,,,,,,72.0,1.32,212.75,0.0,0.0,14.5,749.0,
2024-03-07 21:00:00,36.25,60.5,4.57,5.12,6.45,10.05,3.08,0.44,6.37,0.9,,,,,,,74.25,1.0,211.25,0.0,0.0,14.25,749.0,
2024-03-07 22:00:00,31.5,57.5,4.55,2.82,5.2,10.38,3.97,0.38,7.07,0.82,,,,,,,76.5,0.92,212.5,0.0,0.0,13.75,749.0,
2024-03-07 23:00:00,30.25,51.5,4.8,2.3,5.15,10.12,5.0,0.34,6.86,0.73,,,,,,,77.75,0.85,212.75,0.0,0.0,13.75,749.0,
2024-03-08 00:00:00,22.5,47.0,4.78,2.08,5.0,9.15,4.82,0.28,6.84,0.57,,,,,,,78.0,1.15,216.25,0.0,0.0,14.25,749.0,
2024-03-08 01:00:00,24.0,47.25,4.28,3.42,5.3,8.65,3.98,0.27,6.48,0.6,,,,,,,78.0,0.75,219.75,0.0,0.0,14.0,748.5,
2024-03-08 02:00:00,25.25,49.75,4.8,3.82,5.9,9.48,2.95,0.38,5.97,0.78,,,,,,,78.25,0.62,224.0,0.0,0.0,14.0,748.0,
2024-03-08 03:00:00,30.75,55.75,2.78,4.05,4.4,10.72,2.88,0.38,5.64,0.77,,,,,,,79.5,0.52,244.25,0.0,0.0,13.75,748.0,
2024-03-08 04:00:00,38.75,61.0,5.3,6.88,7.95,11.18,3.92,0.4,4.04,0.82,,,,,,,81.25,0.38,266.5,0.0,0.0,12.5,748.0,
2024-03-08 05:00:00,43.5,69.0,5.55,3.85,6.6,11.62,4.12,0.43,4.56,0.9,,,,,,,82.5,0.5,293.0,0.0,0.0,12.5,748.0,
2024-03-08 06:00:00,47.5,85.25,7.62,7.9,10.42,12.98,3.75,0.5,3.2,1.02,,,,,,,84.5,0.3,306.25,0.0,0.0,20.25,748.25,
2024-03-08 07:00:00,80.75,131.5,9.0,7.4,11.25,12.0,2.55,0.46,3.16,1.0,,,,,,,81.5,0.32,289.75,0.0,0.0,79.75,749.25,
2024-03-08 08:00:00,49.25,105.0,8.2,5.5,9.55,10.65,1.65,0.4,4.14,0.82,,,,,,,75.25,0.48,284.25,0.0,0.0,186.75,750.25,
2024-03-08 09:00:00,49.5,136.75,6.65,4.75,7.92,10.45,1.32,0.41,5.31,0.87,,,,,,,71.0,0.85,280.0,0.0,0.0,284.75,751.0,
2024-03-08 10:00:00,52.25,144.0,6.15,4.47,7.38,10.4,2.27,1.57,6.28,12.03,,,,,,,63.75,1.12,264.25,0.0,0.0,370.75,751.0,
2024-03-08 11:00:00,38.0,94.25,5.43,3.2,6.13,10.1,3.6,0.29,6.34,0.6,,,,,,,65.75,1.88,230.5,0.0,0.0,407.0,750.5,
2024-03-08 12:00:00,36.25,90.25,4.0,3.63,5.17,12.3,1.98,0.48,7.06,1.0,,,,,,,65.5,2.25,228.25,0.0,0.0,413.0,750.0,
2024-03-08 13:00:00,32.25,88.75,4.42,3.18,5.28,10.92,2.28,0.39,6.89,0.83,,,,,,,64.25,2.28,225.0,0.0,0.0,385.5,749.0,
2024-03-08 14:00:00,36.0,76.75,2.9,2.8,3.85,10.25,0.75,0.4,6.7,0.82,,,,,,,64.0,2.2,216.75,0.0,0.0,324.75,748.5,
2024-03-08 15:00:00,35.5,84.25,3.05,3.05,4.1,10.05,0.4,0.3,6.5,0.6,,,,,,,64.25,2.08,213.0,0.0,0.0,242.0,748.0,
2024-03-08 16:00:00,34.25,74.25,4.53,1.92,4.7,9.0,1.58,0.28,6.7,0.57,,,,,,,67.0,1.98,212.5,0.0,0.0,144.5,748.0,
2024-03-08 17:00:00,36.5,78.25,3.95,3.2,4.88,8.52,1.78,0.22,6.65,0.47,,,,,,,71.75,1.68,210.0,0.0,0.0,56.25,748.0,
2024-03-08 18:00:00,41.75,78.0,2.82,4.88,4.92,7.9,3.08,0.34,6.33,0.72,,,,,,,73.75,1.02,207.25,0.0,0.0,17.25,748.0,
2024-03-08 19:00:00,44.75,76.25,4.32,4.6,5.95,8.82,4.18,0.4,5.63,0.83,,,,,,,74.5,0.9,208.0,0.0,0.0,14.5,749.0,
2024-03-08 20:00:00,49.0,77.25,3.22,4.42,4.97,10.18,3.88,0.42,6.82,0.88,,,,,,,75.25,0.9,207.25,0.0,0.0,13.5,749.0,
2024-03-08 21:00:00,51.0,68.25,3.77,3.88,5.12,9.95,3.4,0.46,7.04,0.97,,,,,,,76.25,1.23,207.0,0.0,0.0,13.5,749.0,
2024-03-08 22:00:00,39.25,64.25,3.78,4.8,5.62,9.98,3.18,0.36,7.54,0.72,,,,,,,77.0,1.27,211.5,0.0,0.0,13.5,749.25,
2024-03-08 23:00:00,38.5,60.0,4.3,5.35,6.35,9.67,4.05,0.34,7.26,0.73,,,,,,,77.0,1.0,215.5,0.0,0.0,13.5,749.5,
2024-03-09 00:00:00,33.75,61.0,4.05,2.5,4.6,8.48,2.68,0.22,7.18,0.45,,,,,,,77.5,1.4,215.75,0.0,0.0,13.75,749.0,
2024-03-09 01:00:00,33.75,53.25,3.35,2.28,3.98,9.3,1.88,0.22,7.42,0.47,,,,,,,78.25,1.32,219.75,0.0,0.0,14.0,749.0,
2024-03-09 02:00:00,35.75,50.0,4.55,2.68,5.12,9.07,2.5,0.32,7.02,0.68,,,,,,,79.25,0.57,225.75,0.0,0.0,13.75,748.5,
2024-03-09 03:00:00,35.75,65.0,5.4,5.42,7.25,9.7,2.58,0.34,4.22,0.67,,,,,,,81.25,0.3,247.25,0.0,0.0,13.25,748.0,
2024-03-09 04:00:00,51.25,152.0,10.7,9.72,13.85,11.32,3.3,0.4,3.23,0.85,,,,,,,82.75,0.3,294.75,0.0,0.0,12.25,748.0,
2024-03-09 05:00:00,81.0,275.5,7.32,7.72,10.05,10.72,4.1,0.44,3.07,0.9,,,,,,,83.75,0.3,301.0,0.0,0.0,11.75,748.0,
2024-03-09 06:00:00,52.5,109.25,13.7,8.05,15.42,10.98,3.12,0.37,3.08,0.78,,,,,,,84.75,0.3,307.0,0.0,0.0,20.25,748.75,
2024-03-09 07:00:00,56.0,118.5,13.27,10.35,16.3,11.22,2.5,0.4,3.25,0.83,,,,,,,81.5,0.3,305.25,0.0,0.0,82.5,749.75,
2024-03-09 08:00:00,53.0,110.25,10.72,5.7,11.75,9.5,2.5,0.28,3.74,0.57,,,,,,,75.0,0.35,286.0,0.0,0.0,158.75,750.75,
2024-03-09 09:00:00,51.25,91.5,10.1,3.85,10.27,9.75,2.25,0.24,5.08,0.5,,,,,,,70.25,0.43,281.25,0.0,0.0,234.75,751.0,
2024-03-09 10:00:00,48.25,104.0,7.75,3.78,8.3,10.0,3.47,1.67,5.9,12.13,,,,,,,67.0,0.82,236.0,0.0,0.0,303.5,751.0,
2024-03-09 11:00:00,50.75,114.0,7.0,4.87,8.27,9.4,4.77,0.28,5.74,0.6,,,,,,,66.5,1.4,226.0,0.0,0.0,400.25,750.75,
2024-03-09 12:00:00,37.5,75.0,5.0,1.6,4.87,11.9,4.92,0.49,6.24,1.03,,,,,,,66.0,1.5,220.0,0.0,0.0,410.25,750.0,
2024-03-09 13:00:00,35.25,81.75,3.95,3.25,4.92,10.7,4.65,0.42,6.79,0.93,,,,,,,67.25,1.8,225.0,0.0,0.0,381.0,749.25,
2024-03-09 14:00:00,34.25,75.0,3.02,3.1,4.12,9.88,1.98,0.32,5.55,0.65,,,,,,,66.25,1.55,219.75,0.0,0.0,321.0,749.0,
2024-03-09 15:00:00,35.25,73.75,3.18,3.32,4.35,9.52,1.18,0.23,5.7,0.5,,,,,,,66.75,1.58,219.25,0.0,0.0,229.5,748.25,
2024-03-09 16:00:00,26.0,70.5,3.0,2.65,3.88,12.75,3.2,0.68,5.18,1.45,,,,,,,68.0,1.5,218.25,0.0,0.0,132.0,748.5,
2024-03-09 17:00:00,24.0,71.25,4.1,3.72,5.35,11.08,3.78,0.64,6.47,1.4,,,,,,,70.25,1.35,213.25,0.0,0.0,51.25,749.0,
2024-03-09 18:00:00,27.75,71.5,4.15,3.28,5.12,8.43,3.42,0.18,6.39,0.38,,,,,,,72.75,0.98,204.25,0.0,0.0,13.5,749.0,
2024-03-09 19:00:00,32.25,76.75,4.32,3.92,5.6,7.45,3.12,0.12,6.1,0.23,,,,,,,73.75,0.65,203.75,0.0,0.0,11.5,749.25,
2024-03-09 20:00:00,38.0,67.25,4.18,3.48,5.25,7.55,3.8,0.33,6.24,0.68,,,,,,,75.25,0.98,201.5,0.0,0.0,11.5,750.0,
2024-03-09 21:00:00,34.75,63.5,3.8,4.5,5.48,9.38,4.03,0.46,6.72,0.97,,,,,,,76.0,0.9,207.0,0.0,0.0,10.5,750.0,
2024-03-09 22:00:00,31.75,70.25,3.18,3.78,4.58,9.7,4.6,0.39,6.62,0.82,,,,,,,76.75,0.82,201.0,0.0,0.0,10.75,750.75,
2024-03-09 23:00:00,25.0,49.5,4.1,3.42,5.18,9.43,4.08,0.35,6.58,0.73,,,,,,,77.0,0.85,210.5,0.0,0.0,10.75,751.0,
2024-03-10 00:00:00,23.5,44.75,3.58,2.25,4.12,9.43,3.02,0.38,7.02,0.78,,,,,,,77.5,0.85,207.25,0.0,0.0,10.75,750.0,
2024-03-10 01:00:00,17.5,35.75,4.2,2.08,4.5,7.8,1.85,0.25,6.98,0.53,,,,,,,78.0,0.78,210.25,0.0,0.0,10.75,750.0,
2024-03-10 02:00:00,13.25,38.0,3.62,1.83,3.92,7.5,0.8,0.26,7.46,0.57,,,,,,,78.0,0.85,214.25,0.0,0.0,11.0,750.0,
2024-03-10 03:00:00,18.0,39.75,4.7,1.98,4.88,8.0,1.3,0.3,7.65,0.6,,,,,,,78.0,0.68,214.75,0.0,0.0,11.0,750.0,
2024-03-10 04:00:00,30.25,47.75,3.72,3.52,4.88,7.6,2.85,0.37,7.4,0.78,,,,,,,78.0,0.6,215.0,0.0,0.0,10.75,750.0,
2024-03-10 05:00:00,33.25,57.5,3.95,4.22,5.42,10.17,3.97,0.52,7.03,1.1,,,,,,,78.0,0.45,221.5,0.0,0.0,10.5,750.0,
2024-03-10 06:00:00,39.75,65.0,5.03,6.48,7.55,9.8,1.4,0.36,5.55,0.78,,,,,,,79.0,0.3,248.5,0.0,0.0,19.25,750.5,
2024-03-10 07:00:00,41.0,85.0,8.83,7.95,11.4,10.05,0.6,0.4,3.64,0.87,,,,,,,77.75,0.3,306.0,0.0,0.0,83.75,751.25,
2024-03-10 08:00:00,47.75,113.25,7.0,4.78,8.25,10.6,1.1,0.38,5.72,0.78,,,,,,,73.0,0.38,297.5,0.0,0.0,183.75,752.0,
2024-03-10 09:00:00,45.75,95.0,5.6,3.75,6.55,9.3,1.38,0.26,6.58,0.53,,,,,,,66.75,0.55,272.25,0.0,0.0,281.75,753.0,
2024-03-10 10:00:00,32.25,79.25,4.68,3.35,5.58,9.2,2.47,1.63,6.5,12.1,,,,,,,64.5,1.0,234.25,0.0,0.0,366.0,753.0,
2024-03-10 11:00:00,29.25,66.25,4.33,2.03,4.6,8.97,4.13,0.2,6.66,0.4,,,,,,,61.0,1.1,222.0,0.0,0.0,412.75,752.5,
2024-03-10 12:00:00,27.0,65.0,3.7,3.67,4.93,8.07,3.78,0.3,6.45,0.62,,,,,,,62.75,1.52,230.75,0.0,0.0,419.5,751.75,
2024-03-10 13:00:00,27.75,72.5,4.1,2.38,4.62,9.88,4.65,0.37,6.94,0.77,,,,,,,64.75,1.48,225.25,0.0,0.0,389.0,751.0,
2024-03-10 14:00:00,28.0,58.25,3.42,2.28,3.98,9.38,4.8,0.33,6.14,0.68,,,,,,,62.75,1.1,215.5,0.0,0.0,333.0,750.25,
2024-03-10 15:00:00,23.5,54.5,3.87,2.52,3.6,9.43,5.88,0.32,5.91,0.7,,,,,,,64.75,1.38,213.75,0.0,0.0,247.25,750.0,
2024-03-10 16:00:00,28.25,50.25,3.2,1.68,3.52,9.4,3.6,0.32,6.25,0.68,,,,,,,66.0,1.08,202.0,0.0,0.0,146.75,750.0,
2024-03-10 17:00:00,30.25,54.75,4.62,2.42,5.03,8.27,2.82,0.3,7.24,0.63,,,,,,,68.5,0.95,204.75,0.0,0.0,55.5,750.0,
2024-03-10 18:00:00,33.75,69.25,3.35,2.2,3.9,7.82,2.65,0.29,6.77,0.6,,,,,,,71.75,0.65,193.0,0.0,0.0,14.0,750.25,
2024-03-10 19:00:00,33.25,80.25,4.35,2.45,4.82,7.48,2.98,0.28,6.31,0.6,,,,,,,73.25,0.57,194.75,0.0,0.0,11.75,751.0,
2024-03-10 20:00:00,35.25,79.75,3.82,2.85,4.6,7.68,1.15,0.3,6.36,0.6,,,,,,,74.0,0.57,187.5,0.0,0.0,11.75,751.75,
2024-03-10 21:00:00,38.0,68.25,3.62,3.25,4.7,9.52,0.75,0.41,6.54,0.83,,,,,,,74.5,0.6,191.75,0.0,0.0,11.25,752.0,
2024-03-10 22:00:00,35.25,68.25,4.45,2.78,5.12,9.4,0.6,0.34,6.6,0.75,,,,,,,75.25,0.62,201.75,0.0,0.0,10.75,752.0,
2024-03-10 23:00:00,36.75,56.5,4.85,2.52,5.3,9.25,0.2,0.32,6.79,0.7,,,,,,,75.75,0.45,196.5,0.0,0.0,10.75,752.0,
2024-03-11 00:00:00,40.5,55.5,3.65,2.38,4.22,9.78,1.48,0.35,7.58,0.72,,,,,,,76.5,0.62,210.75,0.0,0.0,10.5,751.5,
2024-03-11 01:00:00,41.0,55.5,3.82,1.72,4.0,8.78,1.7,0.27,7.95,0.6,,,,,,,76.5,0.9,218.75,0.0,0.0,10.75,751.0,
2024-03-11 02:00:00,30.0,52.25,4.7,1.53,4.42,8.07,1.65,0.26,8.45,0.52,,,,,,,77.0,0.45,213.25,0.0,0.0,11.5,751.0,
2024-03-11 03:00:00,36.0,56.25,2.82,3.45,4.15,8.62,2.5,0.3,8.47,0.6,,,,,,,77.0,0.45,215.5,0.0,0.0,11.5,751.0,
2024-03-11 04:00:00,44.0,59.5,3.6,3.1,4.57,8.05,1.55,0.41,8.73,0.88,,,,,,,77.0,0.42,216.5,0.0,0.0,11.0,751.0,
2024-03-11 05:00:00,44.75,69.5,3.58,3.88,4.97,10.42,1.6,0.56,8.24,1.17,,,,,,,77.0,0.38,214.0,0.0,0.0,10.5,751.0,
2024-03-11 06:00:00,55.25,81.5,4.25,5.8,6.52,10.0,3.05,0.4,7.94,0.82,,,,,,,77.75,0.38,221.25,0.0,0.0,20.0,751.75,
2024-03-11 07:00:00,51.5,96.5,5.3,5.05,6.98,10.32,3.05,0.45,8.6,1.0,,,,,,,74.0,0.48,226.25,0.0,0.0,78.75,752.25,
2024-03-11 08:00:00,47.0,98.75,5.02,3.38,5.85,10.05,4.28,0.38,9.52,0.78,,,,,,,69.25,0.57,222.75,0.0,0.0,180.5,753.0,
2024-03-11 09:00:00,44.0,92.5,4.82,2.48,5.25,9.57,4.7,0.32,9.36,0.7,,,,,,,67.0,0.8,224.0,0.0,0.0,250.0,754.0,
2024-03-11 10:00:00,35.75,88.75,4.43,3.4,5.38,8.32,3.97,1.48,9.0,11.83,,,,,,,64.75,1.25,221.25,0.0,0.0,355.75,753.75,
2024-03-11 11:00:00,37.0,73.0,2.97,3.2,4.13,8.03,3.7,0.07,9.07,0.17,,,,,,,64.25,1.45,220.75,0.0,0.0,402.0,753.0,
2024-03-11 12:00:00,32.75,75.5,3.13,2.97,4.1,8.4,3.08,0.28,9.35,0.57,,,,,,,64.0,1.65,229.0,0.0,0.0,415.75,752.75,
2024-03-11 13:00:00,30.5,80.5,3.0,3.1,4.1,9.2,2.9,0.33,9.23,0.63,,,,,,,63.25,1.68,224.5,0.0,0.0,389.0,751.75,
2024-03-11 14:00:00,33.0,71.5,3.2,2.92,4.12,9.15,1.0,0.33,8.91,0.7,,,,,,,61.25,1.72,223.0,0.0,0.0,327.25,751.0,
2024-03-11 15:00:00,28.5,67.0,2.68,2.98,3.75,8.75,1.23,0.31,8.82,0.6,,,,,,,63.25,1.92,218.5,0.0,0.0,239.5,750.5,
2024-03-11 16:00:00,33.0,67.25,3.45,2.92,4.4,8.5,1.78,0.34,9.3,0.7,,,,,,,66.75,1.55,209.25,0.0,0.0,140.0,750.0,
2024-03-11 17:00:00,32.25,67.75,3.22,2.35,3.85,8.4,1.75,0.32,9.65,0.7,,,,,,,68.5,1.05,206.0,0.0,0.0,55.0,751.0,
2024-03-11 18:00:00,30.0,67.75,3.02,3.65,4.4,7.12,3.6,0.3,9.68,0.6,,,,,,,71.25,0.72,205.75,0.0,0.0,17.25,751.0,
2024-03-11 19:00:00,29.25,73.25,4.45,6.55,7.1,6.95,4.08,0.31,8.71,0.63,,,,,,,72.0,0.7,206.75,0.0,0.0,15.25,751.25,
2024-03-11 20:00:00,27.25,82.5,4.28,6.85,7.12,6.68,2.48,0.31,8.56,0.65,,,,,,,72.75,0.6,208.0,0.0,0.0,15.0,752.0,
2024-03-11 21:00:00,29.75,78.0,4.25,8.45,7.93,8.18,2.25,0.42,8.65,0.83,,,,,,,73.0,0.52,206.5,0.0,0.0,14.5,752.0,
2024-03-11 22:00:00,33.0,66.0,3.9,6.4,6.58,8.72,2.2,0.36,9.49,0.78,,,,,,,73.75,0.45,209.25,0.0,0.0,14.25,752.0,
2024-03-11 23:00:00,28.0,54.75,2.55,4.25,4.35,8.78,1.62,0.36,10.38,0.77,,,,,,,74.0,0.45,210.25,0.0,0.0,14.0,752.0,
2024-03-12 00:00:00,28.75,46.5,4.18,3.1,5.08,8.68,1.65,0.34,10.88,0.7,,,,,,,75.0,0.5,211.25,0.0,0.0,13.5,751.5,
2024-03-12 01:00:00,22.0,44.75,4.4,2.22,4.78,7.65,1.98,0.29,10.88,0.63,,,,,,,76.25,0.55,216.0,0.0,0.0,14.25,751.0,
2024-03-12 02:00:00,22.0,52.75,3.1,3.95,4.62,7.38,4.8,0.26,10.45,0.52,,,,,,,77.5,0.45,218.5,0.0,0.0,14.75,751.0,
2024-03-12 03:00:00,22.5,53.5,4.03,4.88,5.88,7.45,6.35,0.31,8.29,0.63,,,,,,,78.25,0.32,271.0,0.0,0.0,14.75,750.5,
2024-03-12 04:00:00,25.75,60.0,4.4,8.3,8.0,7.8,5.12,0.38,5.95,0.78,,,,,,,79.5,0.3,289.75,0.0,0.0,14.0,751.0,
2024-03-12 05:00:00,32.75,72.5,3.32,8.98,7.5,8.98,4.95,0.46,4.49,0.97,,,,,,,82.0,0.3,295.0,0.0,0.0,12.75,751.0,
2024-03-12 06:00:00,40.5,92.5,6.0,10.88,10.68,9.57,5.12,0.39,3.49,0.82,,,,,,,83.0,0.3,283.0,0.0,0.0,22.5,751.0,
2024-03-12 07:00:00,46.5,96.25,8.98,8.15,11.65,10.45,3.75,0.45,4.25,0.97,,,,,,,79.0,0.3,286.75,0.0,0.0,89.0,751.75,
2024-03-12 08:00:00,42.0,105.0,6.9,5.8,8.7,10.0,2.52,0.4,7.05,0.85,,,,,,,73.75,0.6,305.5,0.0,0.0,179.75,752.75,
2024-03-12 09:00:00,40.25,115.5,5.95,4.53,7.22,9.2,1.8,0.37,8.22,0.77,,,,,,,69.25,0.9,292.5,0.0,0.0,282.75,753.0,
2024-03-12 10:00:00,34.5,121.0,5.3,4.6,6.78,8.3,1.37,1.67,8.36,12.2,,,,,,,65.75,1.3,237.75,0.0,0.0,348.5,753.0,
2024-03-12 11:00:00,32.0,91.5,4.63,3.23,5.53,7.97,4.4,0.19,8.96,0.4,,,,,,,65.0,1.9,231.75,0.0,0.0,405.5,752.75,
2024-03-12 12:00:00,27.75,77.5,4.23,2.73,4.9,6.23,2.95,0.3,8.97,0.62,,,,,,,65.0,2.5,229.5,0.0,0.0,415.0,752.0,
2024-03-12 13:00:00,25.0,84.0,2.28,5.22,4.6,8.18,3.35,0.37,9.01,0.77,,,,,,,64.25,2.78,226.75,0.0,0.0,388.5,751.0,
2024-03-12 14:00:00,26.5,82.0,3.25,3.08,4.28,8.9,3.72,0.36,8.96,0.75,,,,,,,65.0,2.98,222.5,0.0,0.0,327.5,750.5,
2024-03-12 15:00:00,22.0,83.25,2.72,3.05,3.85,8.25,3.82,0.31,8.8,0.63,,,,,,,66.75,3.12,222.0,0.0,0.0,243.0,750.0,
2024-03-12 16:00:00,24.25,74.5,3.2,3.68,4.55,8.1,5.48,0.3,8.84,0.65,,,,,,,68.0,2.22,219.75,0.0,0.0,145.5,750.0,
2024-03-12 17:00:00,29.5,66.25,3.82,4.03,5.22,7.42,6.08,0.3,8.98,0.63,,,,,,,71.75,1.82,216.75,0.0,0.0,55.75,750.0,
2024-03-12 18:00:00,25.75,74.75,3.7,3.78,5.0,7.25,3.3,0.3,9.09,0.6,,,,,,,74.75,1.45,216.75,0.0,0.0,17.25,750.0,
2024-03-12 19:00:00,28.0,78.25,3.97,5.3,6.05,6.4,1.95,0.29,8.94,0.6,,,,,,,75.75,1.08,220.0,0.0,0.0,15.0,750.25,
2024-03-12 20:00:00,26.75,74.0,3.98,5.42,6.1,6.72,3.38,0.36,9.2,0.75,,,,,,,76.0,1.02,219.0,0.0,0.0,14.5,751.0,
2024-03-12 21:00:00,26.0,78.0,3.65,5.0,5.62,8.8,4.28,0.48,9.45,1.0,,,,,,,77.0,1.12,222.0,0.0,0.0,14.25,751.0,
2024-03-12 22:00:00,34.75,77.25,3.75,4.75,5.55,9.3,2.85,0.38,10.27,0.8,,,,,,,77.75,0.92,221.0,0.0,0.0,13.5,751.0,
2024-03-12 23:00:00,32.75,65.25,3.95,4.32,5.52,9.32,1.38,0.39,10.5,0.8,,,,,,,78.25,0.75,226.5,0.0,0.0,13.5,751.0,
2024-03-13 00:00:00,29.25,61.5,3.92,3.5,5.05,9.2,2.6,0.45,10.26,0.98,,,,,,,79.0,0.57,231.25,0.0,0.0,13.0,750.25,
2024-03-13 01:00:00,30.0,60.0,4.25,5.12,6.18,8.35,3.18,0.38,8.57,0.83,,,,,,,80.75,0.65,283.5,0.0,0.0,12.75,750.0,
2024-03-13 02:00:00,29.25,67.25,4.75,5.42,6.75,7.58,1.35,0.26,7.83,0.5,,,,,,,82.0,0.72,267.75,0.0,0.0,13.5,750.0,
2024-03-13 03:00:00,29.75,69.5,4.53,5.78,6.72,7.45,0.92,0.3,6.23,0.63,,,,,,,83.5,0.65,283.25,0.0,0.0,12.75,749.0,
2024-03-13 04:00:00,37.25,91.0,4.7,5.52,6.75,7.82,0.6,0.34,6.06,0.72,,,,,,,84.25,0.95,274.0,0.0,0.0,12.5,749.25,
2024-03-13 05:00:00,36.75,85.5,2.82,7.12,6.08,8.93,,0.4,4.41,0.83,,,,,,,85.5,0.45,287.5,0.0,0.0,11.5,749.5,
2024-03-13 06:00:00,41.25,81.0,3.45,6.02,5.98,9.55,1.75,0.38,5.22,0.8,,,,,,,85.75,0.55,282.5,0.0,0.0,20.75,750.0,
2024-03-13 07:00:00,40.5,94.0,4.82,6.7,7.5,9.32,2.2,0.42,5.08,0.9,,,,,,,83.0,0.6,294.5,0.0,0.0,88.0,750.75,
2024-03-13 08:00:00,47.0,109.75,5.78,4.9,7.32,9.65,1.12,0.39,7.07,0.85,,,,,,,77.25,1.0,296.5,0.0,0.0,183.25,751.5,
2024-03-13 09:00:00,50.25,125.5,4.92,5.78,7.1,8.72,1.02,0.34,8.67,0.73,,,,,,,70.25,1.65,261.5,0.0,0.0,287.25,752.0,
2024-03-13 10:00:00,41.5,135.25,4.45,5.12,6.35,8.35,0.77,1.56,8.86,11.97,,,,,,,66.25,2.02,254.0,0.0,0.0,369.0,752.0,
2024-03-13 11:00:00,38.5,125.0,2.6,5.0,4.77,7.97,1.45,0.03,9.4,0.07,,,,,,,65.0,2.68,260.25,0.0,0.0,411.0,751.5,
2024-03-13 12:00:00,35.25,126.25,2.77,4.3,4.53,7.73,2.28,0.3,9.45,0.62,,,,,,,65.25,2.62,253.5,0.0,0.0,413.5,751.0,
2024-03-13 13:00:00,39.5,117.0,3.35,3.58,4.68,8.3,2.78,0.3,9.02,0.6,,,,,,,65.25,2.98,235.75,0.0,0.0,384.0,750.75,
2024-03-13 14:00:00,40.25,104.5,3.25,2.98,4.2,9.02,2.75,0.35,8.85,0.75,,,,,,,64.25,3.12,244.0,0.0,0.0,328.75,750.0,
2024-03-13 15:00:00,39.0,100.0,2.68,5.05,4.85,8.55,2.6,0.32,9.17,0.67,,,,,,,64.25,2.9,228.75,0.0,0.0,237.25,749.25,
2024-03-13 16:00:00,40.25,89.25,2.28,3.95,3.92,7.95,4.32,0.33,9.22,0.68,,,,,,,65.5,2.85,222.5,0.0,0.0,152.0,749.0,
2024-03-13 17:00:00,34.75,82.75,2.82,4.95,4.92,7.6,4.6,0.27,9.44,0.57,,,,,,,67.75,2.4,221.5,0.0,0.0,67.25,749.0,
2024-03-13 18:00:00,33.0,77.75,4.38,4.4,5.92,7.0,2.0,0.31,8.74,0.65,,,,,,,73.5,2.15,219.5,0.0,0.0,18.5,749.75,
2024-03-13 19:00:00,32.5,75.0,3.7,5.0,5.62,6.98,0.7,0.29,8.55,0.6,,,,,,,75.0,1.68,218.5,0.0,0.0,14.75,750.0,
2024-03-13 20:00:00,39.5,76.75,3.35,5.2,5.48,6.6,3.53,0.32,9.06,0.68,,,,,,,76.75,1.6,219.5,0.0,0.0,14.5,750.75,
2024-03-13 21:00:00,37.5,73.0,2.98,5.92,5.6,7.75,5.5,0.37,8.59,0.73,,,,,,,77.5,1.35,218.75,0.0,0.0,14.0,751.0,
2024-03-13 22:00:00,37.25,72.25,3.65,5.35,5.82,9.02,3.22,0.42,9.42,0.88,,,,,,,77.5,1.5,215.75,0.0,0.0,13.5,751.0,
2024-03-13 23:00:00,39.75,67.25,3.2,4.15,4.8,8.62,2.52,0.4,10.45,0.9,,,,,,,77.25,1.4,216.75,0.0,0.0,13.5,751.0,
2024-03-14 00:00:00,33.25,57.25,3.52,2.65,4.28,8.93,1.58,0.23,10.9,0.5,,,,,,,78.25,1.4,218.0,0.0,0.0,13.0,750.75,
2024-03-14 01:00:00,24.75,52.25,4.47,2.75,5.12,8.22,0.88,0.2,10.77,0.4,,,,,,,79.0,1.5,225.75,0.0,0.0,13.0,750.0,
2024-03-14 02:00:00,26.25,56.5,3.42,2.55,4.18,7.85,0.5,0.32,9.85,0.68,,,,,,,80.25,1.0,263.25,0.0,0.0,13.75,750.0,
2024-03-14 03:00:00,31.5,61.75,3.6,3.02,4.55,8.25,1.75,0.3,7.52,0.67,,,,,,,82.75,0.78,277.5,0.0,0.0,13.25,749.5,
2024-03-14 04:00:00,27.25,48.75,4.38,5.0,6.25,7.55,3.88,0.37,6.69,0.78,,,,,,,83.5,0.82,296.25,0.0,0.0,12.5,749.25,
2024-03-14 05:00:00,31.0,61.5,3.92,6.25,6.52,8.52,4.53,0.43,5.4,0.83,,,,,,,84.0,0.6,287.25,0.0,0.0,12.0,750.0,
2024-03-14 06:00:00,39.75,76.25,5.08,6.5,7.58,9.02,3.4,0.37,5.58,0.78,,,,,,,84.0,1.25,296.0,0.0,0.0,22.0,750.0,
2024-03-14 07:00:00,41.75,82.5,4.08,5.08,6.02,9.68,2.4,0.4,6.2,0.83,,,,,,,81.25,1.3,302.5,0.0,0.0,86.0,751.0,
2024-03-14 08:00:00,50.25,90.25,4.5,4.35,5.98,9.68,4.02,0.38,7.8,0.82,,,,,,,76.0,1.45,282.25,0.0,0.0,166.5,752.0,
2024-03-14 09:00:00,48.75,103.25,4.35,4.15,5.75,8.88,4.5,0.41,9.18,0.87,,,,,,,71.0,1.8,284.0,0.0,0.0,277.25,752.0,
2024-03-14 10:00:00,41.75,133.0,4.32,4.3,5.82,8.22,3.73,1.71,8.57,12.33,,,,,,,64.0,1.75,273.5,0.0,0.0,360.0,752.0,
2024-03-14 11:00:00,40.75,106.75,3.77,4.8,5.63,7.67,4.33,0.17,9.64,0.4,,,,,,,66.0,2.45,226.0,0.0,0.0,401.5,751.75,
2024-03-14 12:00:00,38.75,91.25,2.5,4.47,4.43,8.47,3.9,0.3,10.66,0.62,,,,,,,64.5,2.45,233.5,0.0,0.0,411.0,751.0,
2024-03-14 13:00:00,36.5,94.0,2.08,3.92,3.82,8.4,4.75,0.4,11.04,0.87,,,,,,,64.5,2.98,231.25,0.0,0.0,384.25,750.5,
2024-03-14 14:00:00,41.75,96.5,2.72,3.7,4.18,8.95,4.45,0.43,11.08,0.92,,,,,,,67.75,3.0,227.0,0.0,0.0,319.25,749.5,
2024-03-14 15:00:00,43.5,85.5,2.2,3.78,3.82,8.68,4.12,0.36,9.44,0.8,,,,,,,67.5,2.8,225.5,0.0,0.0,234.0,749.0,
2024-03-14 16:00:00,42.0,84.0,2.65,4.42,4.53,8.12,2.0,0.36,9.48,0.72,,,,,,,68.25,2.5,226.5,0.0,0.0,139.25,749.0,
2024-03-14 17:00:00,31.0,73.0,3.35,4.1,4.9,8.05,1.88,0.38,9.62,0.8,,,,,,,70.5,2.22,216.75,0.0,0.0,54.75,749.0,
2024-03-14 18:00:00,33.25,75.5,3.12,4.6,4.97,7.1,1.85,0.24,10.09,0.52,,,,,,,73.25,1.8,216.0,0.0,0.0,17.25,749.25,
2024-03-14 19:00:00,37.75,81.75,2.78,4.68,4.75,7.05,2.22,0.22,10.07,0.47,,,,,,,74.0,1.48,211.5,0.0,0.0,14.75,750.0,
2024-03-14 20:00:00,30.0,72.75,3.75,4.1,5.25,6.48,4.47,0.32,10.68,0.68,,,,,,,74.0,1.58,208.75,0.0,0.0,15.0,750.0,
2024-03-14 21:00:00,26.5,54.0,2.6,4.53,4.55,7.02,5.42,0.33,11.02,0.7,,,,,,,74.0,1.62,212.25,0.0,0.0,14.75,750.0,
2024-03-14 22:00:00,27.0,45.25,2.1,3.98,3.8,8.8,4.0,0.47,11.08,1.0,,,,,,,74.0,1.5,212.0,0.0,0.0,14.0,750.0,
2024-03-14 23:00:00,30.25,45.0,2.88,3.1,4.0,8.1,3.08,0.5,11.04,1.1,,,,,,,74.0,1.15,210.75,0.0,0.0,13.75,750.25,
2024-03-15 00:00:00,21.25,38.75,2.95,2.88,3.9,8.7,2.33,0.33,10.9,0.68,,,,,,,74.25,1.45,217.5,0.0,0.0,13.5,750.0,
2024-03-15 01:00:00,18.5,32.0,3.65,2.55,4.35,8.6,2.38,0.32,9.6,0.7,,,,,,,75.5,1.27,219.5,0.0,0.0,13.75,749.0,
2024-03-15 02:00:00,19.0,40.25,3.4,2.78,4.28,6.9,1.42,0.19,9.87,0.4,,,,,,,76.25,0.92,226.5,0.0,0.0,14.75,749.0,
2024-03-15 03:00:00,26.5,41.0,2.9,4.15,4.58,7.25,2.0,0.23,8.19,0.47,,,,,,,77.5,0.4,294.75,0.0,0.0,14.5,749.0,
2024-03-15 04:00:00,30.5,53.0,3.68,6.62,6.5,7.6,2.48,0.34,7.3,0.7,,,,,,,78.75,0.32,276.75,0.0,0.0,13.5,749.0,
2024-03-15 05:00:00,30.0,64.5,4.05,5.4,6.18,7.9,2.5,0.71,6.48,1.4,,,,,,,80.0,0.32,288.25,0.0,0.0,13.5,749.0,
2024-03-15 06:00:00,34.25,75.5,5.3,8.78,9.0,8.5,3.75,0.43,4.71,0.9,,,,,,,81.5,0.3,282.75,0.0,0.0,23.75,750.0,
2024-03-15 07:00:00,37.5,87.0,4.97,8.9,8.78,9.32,4.22,0.46,5.98,0.97,,,,,,,77.5,0.32,267.25,0.0,0.0,80.25,750.75,
2024-03-15 08:00:00,36.75,91.75,6.18,5.03,7.72,9.12,3.18,0.86,8.14,1.8,,,,,,,72.0,0.78,291.0,0.0,0.0,179.75,751.5,
2024-03-15 09:00:00,36.25,98.25,11.3,5.3,12.02,8.02,3.12,0.86,7.23,1.8,,,,,,,66.5,1.15,271.75,0.0,0.0,264.0,752.0,
2024-03-15 10:00:00,28.0,98.0,12.85,9.9,15.7,6.6,3.67,1.6,7.07,12.1,,,,,,,63.0,1.48,239.5,0.0,0.0,307.5,752.0,
2024-03-15 11:00:00,27.0,84.0,6.93,5.93,8.83,6.52,3.83,0.05,8.02,0.1,,,,,,,63.25,2.45,230.25,0.0,0.0,409.5,751.75,
2024-03-15 12:00:00,23.5,75.25,5.2,4.1,6.4,8.13,1.92,0.4,7.85,0.85,,,,,,,63.75,2.3,250.0,0.0,0.0,417.0,751.0,
2024-03-15 13:00:00,21.5,66.75,3.22,4.5,5.03,6.85,0.88,0.32,7.64,0.7,,,,,,,65.25,3.1,255.75,0.0,0.0,391.25,750.0,
2024-03-15 14:00:00,20.0,67.0,3.55,3.42,4.7,8.35,3.18,0.41,7.46,0.88,,,,,,,66.25,2.85,256.0,0.0,0.0,329.25,749.25,
2024-03-15 15:00:00,20.75,65.0,5.12,4.05,6.32,7.45,3.42,0.38,7.07,0.8,,,,,,,66.5,2.8,258.75,0.0,0.0,244.75,749.0,
2024-03-15 16:00:00,22.75,48.5,3.68,3.82,5.05,7.58,3.0,0.3,6.98,0.62,,,,,,,68.0,2.48,242.5,0.0,0.0,145.75,749.0,
2024-03-15 17:00:00,21.5,47.0,4.6,4.88,6.32,7.12,2.5,0.3,7.24,0.63,,,,,,,68.75,2.35,227.75,0.0,0.0,58.0,749.0,
2024-03-15 18:00:00,20.5,58.75,4.22,4.88,6.02,6.15,4.05,0.25,7.8,0.55,,,,,,,70.75,1.6,220.0,0.0,0.0,17.25,749.25,
2024-03-15 19:00:00,24.75,66.25,3.95,4.7,5.72,6.2,4.0,0.2,7.5,0.4,,,,,,,74.5,1.2,216.25,0.0,0.0,15.5,750.0,
2024-03-15 20:00:00,32.0,65.5,4.75,5.4,6.75,6.28,2.95,0.35,7.4,0.72,,,,,,,74.5,0.8,216.25,0.0,0.0,15.5,750.5,
2024-03-15 21:00:00,26.0,66.75,3.25,5.58,5.58,6.9,2.55,0.36,7.21,0.8,,,,,,,75.75,1.15,215.25,0.0,0.0,14.75,751.0,
2024-03-15 22:00:00,21.0,54.25,4.27,4.2,5.75,8.28,4.1,0.45,8.32,0.95,,,,,,,76.0,1.32,217.25,0.0,0.0,13.5,751.0,
2024-03-15 23:00:00,29.25,45.0,3.55,3.78,4.88,8.07,5.8,0.56,8.47,1.2,,,,,,,77.0,1.18,216.5,0.0,0.0,13.5,751.0,
2024-03-16 00:00:00,19.25,41.25,2.95,3.22,4.07,8.15,2.88,0.33,7.88,0.68,,,,,,,78.0,1.08,218.0,0.0,0.0,13.5,750.25,
2024-03-16 01:00:00,22.25,36.5,4.15,2.95,4.92,8.43,2.4,0.32,7.83,0.7,,,,,,,79.0,0.78,222.5,0.0,0.0,13.0,750.0,
2024-03-16 02:00:00,18.5,30.25,4.32,3.42,5.35,6.92,1.37,0.18,7.32,0.4,,,,,,,78.0,0.6,223.75,0.0,0.0,14.0,750.0,
2024-03-16 03:00:00,16.0,36.5,4.45,4.25,5.88,7.0,0.77,0.18,7.29,0.37,,,,,,,78.25,0.32,244.25,0.0,0.0,14.0,750.0,
2024-03-16 04:00:00,22.5,48.25,4.8,6.45,7.32,7.25,0.92,0.4,5.16,0.8,,,,,,,79.75,0.35,290.5,0.0,0.0,13.5,750.0,
2024-03-16 05:00:00,25.25,58.25,5.3,4.92,6.93,7.18,0.4,0.39,5.65,0.87,,,,,,,81.25,0.3,285.75,0.0,0.0,13.5,750.0,
2024-03-16 06:00:00,28.5,49.5,5.03,4.82,6.68,8.48,3.12,0.4,5.34,0.82,,,,,,,81.75,0.32,299.25,0.0,0.0,23.0,750.75,
2024-03-16 07:00:00,28.5,54.0,4.25,5.52,6.38,8.52,4.6,0.48,5.94,1.0,,,,,,,79.25,0.62,293.5,0.0,0.0,87.0,751.0,
2024-03-16 08:00:00,30.25,72.75,5.9,2.62,6.2,8.73,3.9,0.36,6.66,0.78,,,,,,,74.0,0.82,278.0,0.0,0.0,192.75,752.0,
2024-03-16 09:00:00,22.25,77.0,4.68,3.82,5.82,9.0,3.12,0.39,6.79,0.8,,,,,,,69.5,1.0,281.0,0.0,0.0,230.75,752.25,
2024-03-16 10:00:00,22.0,82.0,5.22,3.08,5.85,7.57,2.03,1.68,6.44,12.27,,,,,,,68.75,1.42,259.0,0.0,0.0,213.5,752.25,
2024-03-16 11:00:00,18.75,77.75,4.77,3.1,5.53,7.6,2.17,0.1,5.84,0.2,,,,,,,69.0,2.95,254.25,0.0,0.0,391.75,752.0,
2024-03-16 12:00:00,18.5,72.75,4.47,3.67,5.57,6.63,2.8,0.26,6.0,0.52,,,,,,,68.25,3.4,272.0,0.0,0.0,417.5,751.0,
2024-03-16 13:00:00,19.75,68.25,3.58,3.22,4.62,6.22,2.5,0.14,5.73,0.3,,,,,,,67.75,3.3,280.5,0.0,0.0,399.75,750.75,
2024-03-16 14:00:00,17.75,63.5,4.18,2.28,4.58,8.02,3.9,0.43,5.9,0.9,,,,,,,67.75,2.98,285.5,0.0,0.0,336.75,750.0,
2024-03-16 15:00:00,13.5,54.5,3.03,2.88,3.98,7.62,4.03,0.41,5.46,0.8,,,,,,,68.25,2.9,292.25,0.0,0.0,247.5,750.0,
2024-03-16 16:00:00,13.5,49.5,3.92,2.6,4.53,7.15,2.05,0.3,5.2,0.62,,,,,,,69.75,2.65,288.25,0.0,0.0,147.5,750.0,
2024-03-16 17:00:00,17.0,49.0,4.15,3.78,5.38,6.85,1.78,0.31,5.82,0.63,,,,,,,71.75,2.25,287.0,0.0,0.0,58.5,750.0,
2024-03-16 18:00:00,14.5,51.0,4.97,3.42,5.85,6.15,1.68,0.28,6.03,0.57,,,,,,,74.25,1.48,259.75,0.0,0.0,16.75,750.0,
2024-03-16 19:00:00,14.0,47.25,3.85,4.15,5.32,5.9,0.62,0.21,6.2,0.4,,,,,,,76.0,0.95,219.75,0.0,0.0,14.5,750.5,
2024-03-16 20:00:00,9.25,43.25,4.6,3.28,5.48,6.48,3.82,0.33,5.83,0.7,,,,,,,76.0,0.62,209.0,0.0,0.0,14.5,751.0,
2024-03-16 21:00:00,11.75,37.25,4.25,3.25,5.15,6.0,4.92,0.34,5.78,0.7,,,,,,,76.0,0.65,203.75,0.0,0.0,14.5,751.0,
2024-03-16 22:00:00,9.25,33.5,4.15,3.08,5.03,7.78,6.08,0.48,6.44,0.98,,,,,,,76.5,0.88,208.5,0.0,0.0,13.5,751.0,
2024-03-16 23:00:00,12.0,26.5,4.05,1.9,4.3,7.92,6.9,0.49,6.47,1.1,,,,,,,77.0,0.78,205.5,0.0,0.0,13.5,751.0,
2024-03-17 00:00:00,9.0,20.25,4.18,1.72,4.3,7.75,4.3,0.34,6.16,0.72,,,,,,,77.25,0.65,205.75,0.0,0.0,13.5,750.75,
2024-03-17 01:00:00,8.75,20.25,4.28,1.35,4.2,7.52,2.68,0.34,6.46,0.7,,,,,,,78.0,0.82,204.5,0.0,0.0,13.0,750.0,
2024-03-17 02:00:00,8.0,9.0,4.58,1.18,4.32,6.25,3.82,0.22,6.6,0.45,,,,,,,77.75,0.75,207.75,0.0,0.0,14.0,750.0,
2024-03-17 03:00:00,7.0,19.0,4.22,1.85,4.4,6.3,3.9,0.19,6.55,0.43,,,,,,,77.5,0.55,208.5,0.0,0.0,14.5,750.0,
2024-03-17 04:00:00,6.75,20.5,3.85,2.35,4.38,6.22,3.62,0.38,6.26,0.8,,,,,,,76.75,0.48,214.0,0.0,0.0,13.75,750.0,
2024-03-17 05:00:00,6.5,24.75,4.35,3.68,5.5,6.58,3.15,0.4,5.16,0.9,,,,,,,77.0,0.43,219.75,0.0,0.0,13.5,750.5,
2024-03-17 06:00:00,10.25,32.25,3.85,6.9,6.8,7.65,4.38,0.46,4.4,0.98,,,,,,,76.75,0.3,217.5,0.0,0.0,22.75,751.0,
2024-03-17 07:00:00,15.75,57.25,5.3,5.88,7.42,8.3,5.5,0.51,5.14,1.1,,,,,,,74.25,0.55,215.75,0.0,0.0,100.25,751.75,
2024-03-17 08:00:00,13.0,52.0,3.8,2.75,4.58,8.3,5.08,0.31,5.68,0.68,,,,,,,69.25,1.02,212.75,0.0,0.0,217.0,752.5,
2024-03-17 09:00:00,14.0,33.25,4.97,2.7,5.52,8.4,4.57,0.33,5.16,0.7,,,,,,,67.5,1.38,208.75,0.0,0.0,323.25,753.0,
2024-03-17 10:00:00,7.25,30.25,4.5,2.52,5.0,7.05,3.67,1.66,4.91,12.23,,,,,,,66.5,1.72,212.25,0.0,0.0,361.0,753.0,
2024-03-17 11:00:00,5.75,28.5,3.9,2.27,4.4,6.7,3.33,0.05,5.14,0.13,,,,,,,65.25,2.1,214.0,0.0,0.0,430.25,752.5,
2024-03-17 12:00:00,7.75,30.0,5.4,2.43,5.67,6.5,3.75,0.23,5.06,0.48,,,,,,,63.25,2.02,213.25,0.0,0.0,431.5,752.0,
2024-03-17 13:00:00,6.75,29.25,3.2,2.6,3.98,4.95,3.78,0.17,4.72,0.4,,,,,,,65.0,2.17,211.0,0.0,0.0,400.0,751.5,
2024-03-17 14:00:00,6.25,27.25,2.78,3.02,3.88,6.75,0.75,1.26,5.18,2.65,,,,,,,64.75,2.42,220.5,0.0,0.0,342.25,750.75,
2024-03-17 15:00:00,6.5,25.75,3.58,1.02,3.47,6.85,,1.69,4.89,3.7,,,,,,,65.5,2.42,220.75,0.0,0.0,254.75,750.0,
2024-03-17 16:00:00,5.0,20.0,4.55,2.2,4.88,6.98,2.53,0.27,4.85,0.55,,,,,,,66.25,1.85,218.25,0.0,0.0,152.75,750.0,
2024-03-17 17:00:00,4.25,24.5,4.0,2.5,4.6,6.55,3.5,0.29,5.26,0.6,,,,,,,69.5,1.62,216.25,0.0,0.0,59.25,750.0,
2024-03-17 18:00:00,3.75,31.25,4.18,3.28,5.15,6.18,3.8,0.31,5.13,0.62,,,,,,,72.5,1.03,216.25,0.0,0.0,16.75,750.75,
2024-03-17 19:00:00,11.5,37.5,4.92,4.42,6.32,5.2,2.7,0.24,4.96,0.5,,,,,,,73.5,0.92,217.5,0.0,0.0,14.5,751.0,
2024-03-17 20:00:00,14.75,34.5,5.22,3.95,6.38,4.97,3.12,0.31,5.04,0.62,,,,,,,73.75,0.75,213.5,0.0,0.0,14.5,751.75,
2024-03-17 21:00:00,2.75,28.0,4.62,4.05,5.92,5.5,3.42,0.36,4.58,0.77,,,,,,,74.25,0.48,208.75,0.0,0.0,14.5,752.0,
2024-03-17 22:00:00,6.0,21.25,4.5,3.95,5.78,6.98,2.92,0.44,5.31,0.92,,,,,,,75.25,0.43,205.0,0.0,0.0,13.5,752.0,
2024-03-17 23:00:00,8.75,18.25,4.03,2.2,4.4,7.98,3.02,0.5,5.56,1.1,,,,,,,76.0,0.4,198.75,0.0,0.0,13.25,751.75,
2024-03-18 00:00:00,6.5,15.5,4.8,2.82,5.38,7.18,2.98,0.32,6.28,0.68,,,,,,,76.25,0.4,207.25,0.0,0.0,13.0,751.0,
2024-03-18 01:00:00,4.25,17.75,5.0,1.95,5.1,7.42,2.9,0.34,6.01,0.67,,,,,,,77.0,0.3,208.5,0.0,0.0,12.75,751.0,
2024-03-18 02:00:00,11.0,29.0,5.12,2.35,5.4,6.42,1.3,0.24,5.74,0.5,,,,,,,77.25,0.3,212.5,0.0,0.0,13.75,750.0,
2024-03-18 03:00:00,3.0,19.0,4.22,2.5,4.75,6.82,0.63,0.24,5.4,0.53,,,,,,,78.0,0.3,208.25,0.0,0.0,13.75,750.0,
2024-03-18 04:00:00,2.75,18.75,4.8,3.12,5.55,5.98,2.9,0.29,5.82,0.6,,,,,,,77.0,0.32,212.0,0.0,0.0,13.5,750.0,
2024-03-18 05:00:00,5.5,18.5,4.62,3.35,5.52,6.43,4.28,0.3,5.63,0.63,,,,,,,77.0,0.5,215.75,0.0,0.0,13.5,750.0,
2024-03-18 06:00:00,16.25,27.0,5.62,6.0,7.78,7.58,5.38,0.44,4.98,0.92,,,,,,,76.5,0.3,226.5,0.0,0.0,25.75,750.75,
2024-03-18 07:00:00,18.5,56.25,7.55,7.25,10.0,8.0,5.52,0.5,3.71,1.07,,,,,,,75.25,0.32,302.5,0.0,0.0,87.5,751.5,
2024-03-18 08:00:00,22.25,78.25,6.35,6.08,8.35,7.82,3.62,0.33,4.39,0.68,,,,,,,72.0,0.38,268.0,0.0,0.0,140.0,752.5,
2024-03-18 09:00:00,20.75,79.5,7.75,5.03,8.98,7.98,2.55,0.35,5.55,0.73,,,,,,,66.5,0.68,260.0,0.0,0.0,279.75,753.0,
2024-03-18 10:00:00,19.5,95.25,6.2,2.85,6.55,7.32,2.27,1.76,4.87,12.43,,,,,,,63.5,1.4,219.75,0.0,0.0,379.75,753.0,
2024-03-18 11:00:00,12.5,53.0,5.83,3.73,6.77,5.58,1.05,0.08,5.23,0.23,,,,,,,64.25,1.88,217.0,0.0,0.0,424.0,752.75,
2024-03-18 12:00:00,18.75,39.0,4.07,3.4,5.1,5.9,2.68,0.29,4.87,0.6,,,,,,,63.25,1.85,212.5,0.0,0.0,431.0,751.75,
2024-03-18 13:00:00,7.5,34.25,4.2,2.82,4.92,5.42,1.7,0.24,4.99,0.53,,,,,,,63.75,2.38,222.0,0.0,0.0,402.25,751.0,
2024-03-18 14:00:00,12.0,38.25,3.95,3.6,5.12,6.62,2.12,0.34,5.83,0.7,,,,,,,64.5,2.33,218.25,0.0,0.0,340.25,750.25,
2024-03-18 15:00:00,12.0,36.25,4.35,2.6,4.95,6.95,1.85,0.39,5.38,0.83,,,,,,,65.75,2.17,214.75,0.0,0.0,251.0,750.0,
2024-03-18 16:00:00,10.75,30.5,4.58,3.22,5.42,6.22,2.65,0.32,5.29,0.68,,,,,,,66.75,2.02,216.0,0.0,0.0,149.75,749.5,
2024-03-18 17:00:00,7.25,39.0,4.5,3.15,5.28,6.2,3.32,0.34,5.27,0.73,,,,,,,68.75,1.52,211.0,0.0,0.0,57.75,750.0,
2024-03-18 18:00:00,9.25,42.75,5.88,2.95,6.35,6.12,1.88,0.34,5.06,0.72,,,,,,,72.25,1.3,211.5,0.0,0.0,16.75,750.0,
2024-03-18 19:00:00,13.75,45.25,4.8,3.3,5.62,5.62,0.78,0.28,5.05,0.57,,,,,,,74.25,0.62,211.75,0.0,0.0,14.5,751.0,
2024-03-18 20:00:00,14.25,43.5,5.35,3.18,6.02,5.6,2.22,0.32,5.03,0.65,,,,,,,75.75,0.7,208.5,0.0,0.0,14.5,751.0,
2024-03-18 21:00:00,11.0,38.5,4.82,4.5,6.32,5.42,2.72,0.33,4.82,0.7,,,,,,,76.5,0.8,209.25,0.0,0.0,14.5,751.25,
2024-03-18 22:00:00,19.0,46.5,4.72,4.25,6.12,7.28,3.42,0.48,5.92,1.0,,,,,,,77.25,0.57,209.25,0.0,0.0,13.5,751.25,
2024-03-18 23:00:00,21.5,41.0,3.92,2.75,4.62,7.78,3.72,0.55,5.59,1.13,,,,,,,78.0,0.57,205.75,0.0,0.0,13.25,751.0,
2024-03-19 00:00:00,10.25,20.75,4.42,2.62,5.0,8.1,2.15,0.36,6.05,0.78,,,,,,,78.75,0.4,202.5,0.0,0.0,12.75,751.0,
2024-03-19 01:00:00,8.0,20.5,4.68,2.9,5.3,7.45,1.75,0.35,6.06,0.73,,,,,,,79.0,0.43,211.5,0.0,0.0,12.5,750.25,
2024-03-19 02:00:00,8.0,15.5,4.42,2.9,5.12,6.88,3.18,0.27,5.33,0.57,,,,,,,79.5,0.55,213.25,0.0,0.0,13.5,750.0,
2024-03-19 03:00:00,7.75,24.5,5.32,3.18,6.0,6.5,3.02,0.22,5.67,0.47,,,,,,,79.0,0.4,213.5,0.0,0.0,13.5,750.0,
2024-03-19 04:00:00,8.0,33.0,5.3,5.2,7.1,5.7,1.38,0.38,4.63,0.8,,,,,,,79.25,0.32,220.0,0.0,0.0,13.0,750.0,
2024-03-19 05:00:00,11.5,45.5,5.18,6.62,7.75,6.55,1.65,0.42,3.68,0.9,,,,,,,81.0,0.3,275.75,0.0,0.0,12.75,750.0,
2024-03-19 06:00:00,15.25,51.25,9.45,7.28,11.55,7.78,0.7,0.38,3.33,0.82,,,,,,,82.25,0.3,320.25,0.0,0.0,23.5,750.5,
2024-03-19 07:00:00,25.0,74.25,20.05,9.12,21.12,8.18,0.95,0.44,3.48,0.97,,,,,,,79.5,0.3,318.5,0.0,0.0,88.5,751.25,
2024-03-19 08:00:00,34.0,102.75,10.32,6.25,11.7,8.32,2.6,0.4,4.58,0.82,,,,,,,72.25,0.38,264.0,0.0,0.0,182.5,752.5,
2024-03-19 09:00:00,35.25,101.25,9.9,4.18,10.28,8.32,2.92,0.43,5.44,0.9,,,,,,,68.25,0.8,216.25,0.0,0.0,272.75,753.0,
2024-03-19 10:00:00,35.5,106.0,8.95,3.7,9.25,8.12,2.1,1.9,4.86,12.7,,,,,,,66.0,1.45,216.75,0.0,0.0,378.25,753.0,
2024-03-19 11:00:00,26.5,71.25,6.9,3.43,7.47,6.08,1.45,0.11,5.7,0.3,,,,,,,65.0,1.82,216.5,0.0,0.0,421.5,752.25,
2024-03-19 12:00:00,31.5,66.25,4.03,4.53,5.7,6.67,2.17,0.33,5.88,0.7,,,,,,,65.25,1.65,211.75,0.0,0.0,427.25,752.0,
2024-03-19 13:00:00,32.5,66.25,4.22,2.82,4.95,6.05,2.85,0.21,5.85,0.43,,,,,,,65.5,1.85,215.0,0.0,0.0,402.0,751.0,
2024-03-19 14:00:00,32.0,67.25,2.95,3.4,4.22,7.52,2.72,0.31,6.03,0.65,,,,,,,66.25,1.95,232.75,0.0,0.0,339.0,750.5,
2024-03-19 15:00:00,35.25,75.25,3.18,2.6,3.98,8.25,2.6,0.35,5.72,0.7,,,,,,,67.0,1.75,233.25,0.0,0.0,249.75,750.0,
2024-03-19 16:00:00,38.0,72.5,1.98,4.25,3.88,8.22,3.18,0.3,6.54,0.65,,,,,,,67.5,1.7,221.5,0.0,0.0,147.5,750.0,
2024-03-19 17:00:00,43.5,82.25,2.45,4.15,4.25,8.18,3.1,0.32,7.6,0.63,,,,,,,69.5,1.42,216.75,0.0,0.0,57.25,750.25,
2024-03-19 18:00:00,42.5,89.5,4.3,4.12,5.68,7.08,2.43,0.38,6.97,0.78,,,,,,,72.5,0.98,219.0,0.0,0.0,16.75,750.75,
2024-03-19 19:00:00,44.75,90.75,2.62,5.15,4.9,5.98,1.4,0.3,7.18,0.63,,,,,,,72.75,0.95,218.0,0.0,0.0,15.0,751.0,
2024-03-19 20:00:00,47.25,88.75,3.75,4.28,5.3,5.78,3.75,0.34,7.32,0.7,,,,,,,73.5,0.95,214.75,0.0,0.0,14.5,752.0,
2024-03-19 21:00:00,45.5,80.75,4.12,3.22,5.1,6.75,4.05,0.34,7.93,0.73,,,,,,,74.0,0.85,210.5,0.0,0.0,14.75,752.0,
2024-03-19 22:00:00,37.5,69.0,3.15,4.0,4.68,7.55,3.75,0.4,9.12,0.85,,,,,,,74.0,0.65,205.0,0.0,0.0,14.25,752.0,
2024-03-19 23:00:00,37.0,68.75,3.9,2.52,4.5,8.38,3.92,0.53,9.54,1.1,,,,,,,74.0,0.7,207.0,0.0,0.0,13.5,752.0,
2024-03-20 00:00:00,41.25,57.25,2.98,2.92,3.98,8.0,2.98,0.35,10.28,0.72,,,,,,,74.25,0.7,209.5,0.0,0.0,13.5,751.5,
2024-03-20 01:00:00,44.0,54.75,3.6,1.48,3.72,8.07,3.25,0.36,10.73,0.77,,,,,,,75.5,0.57,212.0,0.0,0.0,13.5,751.0,
2024-03-20 02:00:00,41.0,62.75,2.92,2.35,3.62,7.62,2.25,0.32,10.1,0.65,,,,,,,75.25,0.52,211.75,0.0,0.0,14.0,750.25,
2024-03-20 03:00:00,42.0,70.5,3.65,3.72,4.97,6.75,1.1,0.22,10.17,0.47,,,,,,,75.0,0.48,215.0,0.0,0.0,14.75,750.0,
2024-03-20 04:00:00,43.5,90.0,3.48,4.82,5.42,6.25,3.2,0.31,9.57,0.68,,,,,,,75.25,0.4,220.5,0.0,0.0,14.5,750.0,
2024-03-20 05:00:00,40.25,78.25,3.85,5.3,5.9,6.62,3.4,0.33,8.05,0.7,,,,,,,77.25,0.32,281.75,0.0,0.0,14.25,750.75,
2024-03-20 06:00:00,50.0,125.75,14.32,13.65,18.92,7.45,6.0,0.4,3.92,0.82,,,,,,,80.5,0.3,314.75,0.0,0.0,26.0,751.0,
2024-03-20 07:00:00,68.5,197.0,10.6,10.85,14.38,8.78,7.08,0.52,4.77,1.07,,,,,,,75.5,0.3,315.5,0.0,0.0,96.25,752.0,
2024-03-20 08:00:00,66.25,146.0,7.48,7.28,9.98,8.52,4.65,0.42,7.59,0.88,,,,,,,68.75,0.48,246.75,0.0,0.0,232.0,753.0,
2024-03-20 09:00:00,51.25,125.0,6.8,5.5,8.4,7.98,3.95,0.44,8.2,0.9,,,,,,,66.0,1.12,219.0,0.0,0.0,290.25,753.0,
2024-03-20 10:00:00,40.25,108.5,5.65,4.3,6.88,7.98,3.07,1.95,8.01,12.77,,,,,,,65.25,1.35,221.75,0.0,0.0,327.25,753.0,
2024-03-20 11:00:00,39.0,84.25,5.6,3.57,6.47,6.6,0.75,0.14,8.36,0.3,,,,,,,63.75,1.58,218.25,0.0,0.0,424.25,753.0,
2024-03-20 12:00:00,32.5,76.25,4.63,3.93,5.87,6.87,2.78,0.23,7.56,0.5,,,,,,,63.5,1.68,222.5,0.0,0.0,429.75,752.25,
2024-03-20 13:00:00,29.25,69.5,2.88,3.98,4.47,6.38,3.02,0.15,8.1,0.4,,,,,,,64.0,1.85,224.0,0.0,0.0,411.5,752.0,
2024-03-20 14:00:00,24.25,72.25,2.35,2.68,3.35,7.5,1.85,0.35,6.92,0.72,,,,,,,64.0,1.85,228.75,0.0,0.0,349.0,751.75,
2024-03-20 15:00:00,26.5,65.75,3.47,2.5,4.22,7.9,2.25,0.42,6.88,0.87,,,,,,,64.5,1.68,221.5,0.0,0.0,260.25,751.0,
2024-03-20 16:00:00,32.0,59.75,2.65,2.33,3.38,7.42,1.0,0.33,6.78,0.68,,,,,,,66.0,1.7,221.75,0.0,0.0,159.0,751.0,
2024-03-20 17:00:00,33.5,55.25,2.33,3.65,3.85,7.5,0.8,0.32,7.37,0.67,,,,,,,68.5,1.1,211.5,0.0,0.0,60.75,751.0,
2024-03-20 18:00:00,30.5,63.25,3.5,4.03,4.97,6.88,1.58,0.36,6.34,0.78,,,,,,,71.75,0.98,209.25,0.0,0.0,16.5,751.25,
2024-03-20 19:00:00,34.0,69.5,3.78,4.03,5.2,5.92,1.18,0.34,5.72,0.73,,,,,,,73.25,0.7,203.25,0.0,0.0,14.75,752.0,
2024-03-20 20:00:00,29.0,72.0,4.32,4.22,5.75,5.45,2.28,0.31,6.04,0.65,,,,,,,73.25,0.75,207.25,0.0,0.0,14.75,752.0,
2024-03-20 21:00:00,22.75,55.25,3.9,4.35,5.48,5.38,3.32,0.31,5.74,0.7,,,,,,,74.25,0.57,197.75,0.0,0.0,14.5,753.0,
2024-03-20 22:00:00,21.0,50.75,3.58,4.28,5.2,6.08,1.08,0.34,6.03,0.72,,,,,,,74.25,0.52,201.0,0.0,0.0,14.0,752.75,
2024-03-20 23:00:00,20.5,50.25,4.25,3.05,5.1,7.25,0.3,0.52,6.61,1.1,,,,,,,75.5,0.62,205.0,0.0,0.0,13.5,752.0,
2024-03-21 00:00:00,25.0,41.25,4.03,2.42,4.58,7.38,0.53,0.33,6.38,0.7,,,,,,,76.25,0.9,209.0,0.0,0.0,13.5,752.0,
2024-03-21 01:00:00,15.25,37.75,3.12,2.43,3.82,7.52,0.63,0.34,6.9,0.7,,,,,,,76.25,0.9,209.25,0.0,0.0,13.5,752.0,
2024-03-21 02:00:00,14.5,34.0,3.15,2.25,3.75,6.98,2.22,0.34,6.96,0.7,,,,,,,76.0,0.7,205.5,0.0,0.0,13.75,752.0,
2024-03-21 03:00:00,17.75,33.25,3.58,2.42,4.18,5.95,2.68,0.2,6.5,0.47,,,,,,,76.0,0.57,196.75,0.0,0.0,14.75,752.0,
2024-03-21 04:00:00,15.25,30.75,3.68,2.35,4.25,5.82,3.78,0.41,6.71,0.85,,,,,,,75.25,0.62,205.0,0.0,0.0,14.5,752.0,
2024-03-21 05:00:00,18.5,32.0,3.82,2.65,4.53,6.1,4.08,0.41,6.69,0.87,,,,,,,76.0,0.55,199.5,0.0,0.0,14.0,752.25,
2024-03-21 06:00:00,19.5,41.0,4.58,3.42,5.52,6.7,1.68,0.37,6.4,0.78,,,,,,,75.75,0.45,199.5,0.0,0.0,28.0,753.0,
2024-03-21 07:00:00,27.25,54.0,4.32,3.42,5.35,8.07,2.68,0.48,7.15,1.0,,,,,,,73.75,0.65,197.75,0.0,0.0,101.25,753.25,
2024-03-21 08:00:00,26.75,68.0,3.28,4.15,4.88,8.0,2.65,0.39,6.39,0.82,,,,,,,69.0,1.0,194.25,0.0,0.0,212.25,754.25,
2024-03-21 09:00:00,24.25,75.0,3.88,4.0,5.3,8.02,3.52,0.42,5.91,0.9,,,,,,,67.75,1.45,203.5,0.0,0.0,311.0,755.0,
2024-03-21 10:00:00,26.0,75.75,4.0,2.98,4.82,8.3,2.0,1.93,6.1,12.73,,,,,,,65.75,1.68,211.75,0.0,0.0,380.25,755.0,
2024-03-21 11:00:00,19.75,70.25,4.9,1.3,4.67,6.55,2.0,0.12,6.17,0.3,,,,,,,65.75,1.82,200.5,0.0,0.0,426.5,754.5,
2024-03-21 12:00:00,17.5,72.25,2.77,2.37,3.53,6.53,0.52,0.26,6.27,0.55,,,,,,,65.75,1.9,210.0,0.0,0.0,425.25,754.0,
2024-03-21 13:00:00,12.75,63.25,2.95,2.78,3.85,5.72,0.62,0.18,5.68,0.4,,,,,,,66.0,1.78,209.0,0.0,0.0,393.5,754.0,
2024-03-21 14:00:00,13.5,51.0,2.98,3.1,4.1,6.55,3.58,0.31,6.14,0.65,,,,,,,66.5,1.8,197.5,0.0,0.0,340.0,753.0,
2024-03-21 15:00:00,18.5,49.25,3.82,3.02,4.7,7.45,4.68,0.38,5.98,0.77,,,,,,,66.25,1.55,202.25,0.0,0.0,254.25,753.0,
2024-03-21 16:00:00,20.75,53.0,3.5,2.08,3.95,7.28,3.65,0.3,6.3,0.65,,,,,,,67.75,1.52,206.25,0.0,0.0,148.25,753.0,
2024-03-21 17:00:00,21.5,54.25,2.62,2.78,3.6,7.58,3.75,0.32,6.13,0.67,,,,,,,70.75,0.95,193.5,0.0,0.0,55.5,753.0,
2024-03-21 18:00:00,18.5,59.0,2.92,3.2,4.08,6.98,2.08,0.36,5.89,0.75,,,,,,,74.0,0.88,197.75,0.0,0.0,16.25,753.0,
2024-03-21 19:00:00,23.0,60.25,4.32,2.15,4.62,6.15,1.02,0.34,6.21,0.73,,,,,,,74.25,0.8,203.25,0.0,0.0,14.75,754.0,
2024-03-21 20:00:00,23.25,53.0,4.8,3.3,5.68,5.75,2.15,0.31,5.93,0.62,,,,,,,74.5,0.78,201.75,0.0,0.0,14.75,754.5,
2024-03-21 21:00:00,23.75,47.75,3.92,3.48,5.03,6.02,2.42,0.3,6.48,0.6,,,,,,,74.75,0.65,200.0,0.0,0.0,14.75,755.0,
2024-03-21 22:00:00,23.25,47.5,3.78,3.32,4.82,6.15,5.1,0.31,7.28,0.65,,,,,,,76.0,0.52,197.0,0.0,0.0,12.25,755.0,
2024-03-21 23:00:00,22.75,41.0,3.6,3.32,4.68,7.5,6.78,0.46,7.94,1.0,,,,,,,76.0,0.52,192.25,0.0,0.0,10.5,754.5,
2024-03-22 00:00:00,17.75,43.0,3.75,3.43,4.38,7.72,4.97,0.35,8.55,0.72,,,,,,,76.0,0.52,193.5,0.0,0.0,10.25,754.0,
2024-03-22 01:00:00,13.5,41.25,4.88,2.5,4.9,7.38,4.15,0.31,8.37,0.63,,,,,,,77.0,0.38,198.5,0.0,0.0,10.0,753.5,
2024-03-22 02:00:00,12.25,42.75,4.47,1.9,4.62,8.0,1.35,0.34,7.89,0.72,,,,,,,77.5,0.32,201.0,0.0,0.0,10.0,753.0,
2024-03-22 03:00:00,12.75,35.75,4.55,2.12,4.8,6.68,,0.27,7.52,0.6,,,,,,,78.0,0.38,207.0,0.0,0.0,11.0,753.25,
2024-03-22 04:00:00,13.5,37.5,3.55,2.85,4.42,6.25,2.72,0.29,7.26,0.62,,,,,,,78.0,0.3,203.5,0.0,0.0,13.5,753.25,
2024-03-22 05:00:00,19.5,45.75,4.08,4.75,5.8,6.45,4.78,0.34,6.86,0.67,,,,,,,78.0,0.3,202.5,0.0,0.0,13.75,754.0,
2024-03-22 06:00:00,25.5,54.0,4.18,5.45,6.3,6.98,4.47,0.36,5.92,0.78,,,,,,,78.5,0.3,176.75,0.0,0.0,28.75,754.0,
2024-03-22 07:00:00,28.0,68.25,4.38,4.95,6.2,7.8,3.9,0.49,7.32,1.07,,,,,,,74.0,0.3,158.25,0.0,0.0,103.25,755.25,
2024-03-22 08:00:00,22.5,53.0,4.72,2.65,5.25,8.3,4.22,0.36,7.46,0.75,,,,,,,70.0,0.52,173.75,0.0,0.0,215.25,757.25,
2024-03-22 09:00:00,23.75,44.75,4.0,3.8,5.3,8.25,4.15,0.39,6.56,0.83,,,,,,,68.0,1.15,199.5,0.0,0.0,325.5,758.25,
2024-03-22 10:00:00,22.75,53.75,3.95,2.7,4.65,8.9,3.0,1.95,6.6,12.77,,,,,,,66.5,1.12,204.25,0.0,0.0,389.75,756.5,
2024-03-22 11:00:00,22.0,50.75,3.73,2.9,4.6,6.8,2.23,0.18,6.75,0.43,,,,,,,65.75,1.55,210.0,0.0,0.0,436.75,756.25,
2024-03-22 12:00:00,21.5,58.0,5.1,2.6,5.53,7.4,2.22,0.27,6.4,0.55,,,,,,,65.25,1.7,212.25,0.0,0.0,443.5,760.0,
2024-03-22 13:00:00,19.25,48.25,3.42,2.42,4.08,5.92,1.62,0.19,6.22,0.4,,,,,,,65.75,1.98,215.75,0.0,0.0,415.25,755.25,
2024-03-22 14:00:00,17.5,53.75,3.7,2.15,4.12,6.65,2.45,0.32,5.74,0.68,,,,,,,65.5,1.78,216.25,0.0,0.0,353.0,754.75,
2024-03-22 15:00:00,19.0,48.5,3.75,1.85,4.03,7.38,3.35,0.39,5.92,0.83,,,,,,,66.5,1.4,210.25,0.0,0.0,262.25,754.0,
2024-03-22 16:00:00,21.75,47.25,3.75,1.95,4.1,7.38,1.7,0.34,6.52,0.7,,,,,,,67.75,1.32,205.75,0.0,0.0,156.75,754.0,
2024-03-22 17:00:00,28.5,54.75,3.12,2.98,4.1,7.6,1.75,0.36,6.96,0.77,,,,,,,70.75,0.92,208.0,0.0,0.0,58.5,754.75,
2024-03-22 18:00:00,26.5,50.0,3.68,3.85,5.05,7.5,2.72,0.33,6.62,0.7,,,,,,,73.5,0.8,201.25,0.0,0.0,16.5,755.0,
2024-03-22 19:00:00,33.25,57.5,4.88,2.98,5.52,6.22,2.0,0.36,7.3,0.8,,,,,,,74.25,0.7,202.75,0.0,0.0,14.5,755.0,
2024-03-22 20:00:00,26.25,60.25,4.58,2.55,5.12,6.2,4.25,0.31,6.88,0.65,,,,,,,74.75,0.75,205.5,0.0,0.0,14.5,756.0,
2024-03-22 21:00:00,14.5,53.75,4.3,4.22,5.75,6.52,4.28,0.3,6.32,0.6,,,,,,,75.0,0.5,206.75,0.0,0.0,14.75,756.0,
2024-03-22 22:00:00,21.25,51.25,4.25,3.1,5.1,6.43,3.05,0.31,6.83,0.65,,,,,,,75.25,0.4,204.25,0.0,0.0,14.75,755.75,
2024-03-22 23:00:00,20.5,52.5,3.95,3.65,5.15,7.85,3.58,0.44,7.48,0.9,,,,,,,76.0,0.38,202.25,0.0,0.0,13.5,755.0,
2024-03-23 00:00:00,24.5,42.5,5.05,2.55,5.5,8.02,2.72,0.36,7.2,0.75,,,,,,,77.5,0.38,203.75,0.0,0.0,13.5,754.25,
2024-03-23 01:00:00,23.5,36.25,4.15,3.1,5.0,7.98,2.33,0.36,7.87,0.77,,,,,,,77.25,0.38,210.0,0.0,0.0,13.0,754.0,
2024-03-23 02:00:00,25.75,43.75,3.45,3.85,4.85,7.92,2.52,0.36,7.42,0.78,,,,,,,76.75,0.4,208.0,0.0,0.0,13.5,753.5,
2024-03-23 03:00:00,28.0,51.75,4.78,3.92,5.98,6.55,2.72,0.32,6.7,0.7,,,,,,,76.5,0.38,213.0,0.0,0.0,14.5,753.5,
2024-03-23 04:00:00,27.75,46.0,3.95,5.58,6.18,6.4,0.85,0.32,6.34,0.68,,,,,,,77.0,0.32,247.0,0.0,0.0,14.25,753.0,
2024-03-23 05:00:00,29.0,62.25,5.62,6.35,7.95,6.48,0.5,0.33,4.85,0.73,,,,,,,79.75,0.3,312.0,0.0,0.0,13.5,753.5,
2024-03-23 06:00:00,39.25,86.75,7.4,8.68,10.65,6.98,2.28,0.44,3.44,0.92,,,,,,,81.75,0.3,229.25,0.0,0.0,27.75,754.0,
2024-03-23 07:00:00,53.25,125.25,10.02,9.95,13.4,8.6,3.95,0.56,4.04,1.17,,,,,,,77.5,0.3,302.0,0.0,0.0,101.25,754.75,
2024-03-23 08:00:00,57.25,133.0,8.28,7.65,10.8,8.78,3.08,0.44,6.31,0.92,,,,,,,72.0,0.52,265.0,0.0,0.0,191.75,756.0,
2024-03-23 09:00:00,50.25,109.5,5.62,4.85,7.18,7.98,2.85,0.44,6.9,0.9,,,,,,,65.25,1.08,206.5,0.0,0.0,320.75,756.5,
2024-03-23 10:00:00,25.25,58.25,5.32,2.68,5.8,8.93,2.7,2.01,6.66,12.9,,,,,,,63.0,1.35,209.25,0.0,0.0,386.25,756.0,
2024-03-23 11:00:00,19.0,62.0,4.3,4.0,5.63,6.87,0.83,0.29,6.76,0.7,,,,,,,61.5,1.9,212.5,0.0,0.0,430.75,755.75,
2024-03-23 12:00:00,17.75,62.5,3.47,2.83,4.33,6.3,4.22,0.28,7.05,0.6,,,,,,,62.5,2.52,218.25,0.0,0.0,439.0,754.5,
2024-03-23 13:00:00,20.75,61.0,3.37,3.88,4.08,5.9,4.85,0.17,6.77,0.4,,,,,,,64.0,2.35,214.0,0.0,0.0,410.75,753.75,
2024-03-23 14:00:00,14.0,53.0,2.5,2.92,3.6,5.95,5.2,0.32,6.87,0.65,,,,,,,64.25,2.3,215.5,0.0,0.0,348.5,753.0,
2024-03-23 15:00:00,15.5,55.75,3.0,2.45,3.72,7.5,5.95,0.38,6.48,0.8,,,,,,,65.75,2.1,212.0,0.0,0.0,259.25,753.0,
2024-03-23 16:00:00,21.25,50.75,3.5,2.08,3.95,7.18,4.68,0.35,6.25,0.72,,,,,,,67.25,1.78,212.5,0.0,0.0,155.75,753.0,
2024-03-23 17:00:00,23.75,42.25,3.82,3.52,4.97,7.0,4.58,0.38,6.7,0.8,,,,,,,69.75,1.33,215.25,0.0,0.0,60.75,753.0,
2024-03-23 18:00:00,22.5,55.5,3.32,3.82,4.72,7.65,5.05,0.34,7.43,0.7,,,,,,,72.5,0.8,206.75,0.0,0.0,16.25,753.0,
2024-03-23 19:00:00,28.25,59.25,3.78,3.68,5.03,6.52,4.3,0.38,6.47,0.83,,,,,,,74.0,0.85,214.0,0.0,0.0,14.5,754.0,
2024-03-23 20:00:00,21.25,64.75,5.22,3.92,6.35,5.92,1.57,0.32,6.58,0.7,,,,,,,73.75,0.72,209.0,0.0,0.0,14.75,754.75,
2024-03-23 21:00:00,16.75,61.0,4.47,3.55,5.52,6.3,,0.3,6.87,0.6,,,,,,,73.5,0.72,210.75,0.0,0.0,15.5,755.0,
2024-03-23 22:00:00,19.75,56.75,3.52,3.95,4.95,6.02,0.6,0.36,6.87,0.75,,,,,,,73.0,0.85,213.25,0.0,0.0,14.75,755.25,
2024-03-23 23:00:00,23.5,43.0,3.98,4.05,5.35,7.62,2.2,0.45,7.79,0.9,,,,,,,73.5,1.08,217.5,0.0,0.0,14.25,755.0,
2024-03-24 00:00:00,25.5,37.5,3.48,3.48,4.65,7.5,4.22,0.36,8.04,0.75,,,,,,,73.75,0.95,220.75,0.0,0.0,13.75,755.0,
2024-03-24 01:00:00,17.75,34.0,4.32,3.53,5.35,7.38,4.8,0.38,7.74,0.8,,,,,,,74.5,0.45,219.0,0.0,0.0,13.5,754.5,
2024-03-24 02:00:00,22.75,63.5,4.03,5.55,6.22,7.82,4.85,0.36,5.69,0.75,,,,,,,76.25,0.3,211.75,0.0,0.0,13.75,754.0,
2024-03-24 03:00:00,35.5,102.5,5.12,5.35,7.02,7.08,4.22,0.34,5.27,0.77,,,,,,,77.5,0.3,279.25,0.0,0.0,14.25,754.0,
2024-03-24 04:00:00,22.0,66.5,5.42,6.45,7.85,6.2,3.35,0.36,4.23,0.72,,,,,,,79.5,0.3,304.0,0.0,0.0,13.5,754.0,
2024-03-24 05:00:00,25.0,80.0,6.2,8.65,9.62,6.42,2.95,0.38,3.66,0.8,,,,,,,81.25,0.3,309.5,0.0,0.0,13.5,754.0,
2024-03-24 06:00:00,33.0,81.5,7.52,8.57,10.68,6.62,3.0,0.37,3.33,0.78,,,,,,,81.75,0.3,305.75,0.0,0.0,30.5,754.75,
2024-03-24 07:00:00,34.5,93.0,10.07,8.95,12.95,8.33,4.05,0.49,3.99,1.03,,,,,,,76.5,0.3,314.5,0.0,0.0,107.75,755.75,
2024-03-24 08:00:00,49.25,110.5,6.98,6.7,9.2,8.12,3.08,0.41,6.66,0.88,,,,,,,70.5,0.43,268.25,0.0,0.0,186.5,756.75,
2024-03-24 09:00:00,46.75,93.5,6.95,3.82,7.68,8.28,2.98,0.41,6.85,0.87,,,,,,,66.5,0.78,226.5,0.0,0.0,263.25,757.0,
2024-03-24 10:00:00,27.0,69.5,5.42,3.3,6.12,8.95,2.2,2.01,6.46,12.9,,,,,,,65.0,1.48,212.25,0.0,0.0,385.75,757.0,
2024-03-24 11:00:00,23.0,54.5,5.7,2.93,6.23,7.15,3.2,0.29,6.75,0.7,,,,,,,65.25,1.58,213.75,0.0,0.0,394.5,759.5,
2024-03-24 12:00:00,21.75,49.25,4.3,1.6,4.33,7.1,3.3,0.25,6.82,0.52,,,,,,,64.25,1.6,216.25,0.0,0.0,420.25,770.5,
2024-03-24 13:00:00,25.25,45.5,4.1,3.28,5.1,5.5,2.95,0.16,6.17,0.37,,,,,,,64.5,2.05,219.5,0.0,0.0,404.5,768.0,
2024-03-24 14:00:00,18.5,43.25,3.28,2.02,3.78,5.75,4.12,0.31,6.16,0.68,,,,,,,65.75,2.25,217.75,0.0,0.0,325.25,767.0,
2024-03-24 15:00:00,16.0,47.75,2.48,2.02,3.12,7.18,4.72,0.36,6.3,0.73,,,,,,,66.5,1.98,216.5,0.0,0.0,227.5,767.0,
2024-03-24 16:00:00,22.5,42.0,3.45,1.9,3.82,7.1,5.0,0.36,6.29,0.72,,,,,,,67.75,1.5,213.5,0.0,0.0,137.75,766.75,
2024-03-24 17:00:00,22.5,45.5,3.88,2.38,4.45,6.75,5.7,0.39,6.42,0.83,,,,,,,69.25,1.35,211.75,0.0,0.0,67.0,765.25,
2024-03-24 18:00:00,19.25,46.25,4.03,3.02,4.88,6.6,1.78,0.34,6.58,0.72,,,,,,,72.0,0.78,207.5,0.0,0.0,17.5,766.75,
2024-03-24 19:00:00,21.5,43.0,4.18,4.25,5.65,5.68,0.73,0.38,6.69,0.8,,,,,,,73.5,0.57,205.5,0.0,0.0,14.25,767.0,
2024-03-24 20:00:00,17.75,41.25,4.47,2.97,5.2,5.52,0.75,0.29,6.6,0.6,,,,,,,74.25,0.55,203.5,0.0,0.0,14.5,767.0,
2024-03-24 21:00:00,18.0,45.75,4.28,3.45,5.32,5.2,0.63,0.25,6.43,0.5,,,,,,,74.25,0.43,202.75,0.0,0.0,14.5,768.0,
2024-03-24 22:00:00,12.5,46.5,3.95,2.28,4.45,5.68,0.8,0.38,7.01,0.82,,,,,,,74.25,0.4,203.0,0.0,0.0,14.5,767.0,
2024-03-24 23:00:00,15.0,40.0,4.35,2.92,5.05,7.65,2.1,0.48,7.57,0.97,,,,,,,76.0,0.32,207.75,0.0,0.0,13.5,767.0,
2024-03-25 00:00:00,17.5,31.5,4.4,2.68,4.97,7.6,3.62,0.38,8.02,0.8,,,,,,,76.0,0.3,206.75,0.0,0.0,13.5,766.75,
2024-03-25 01:00:00,16.5,26.25,3.9,2.3,4.38,7.55,4.08,0.37,7.64,0.8,,,,,,,76.5,0.3,205.5,0.0,0.0,13.0,766.75,
2024-03-25 02:00:00,17.5,33.25,4.18,2.92,4.95,8.28,4.72,0.35,7.33,0.72,,,,,,,77.75,0.3,209.0,0.0,0.0,13.0,766.5,
2024-03-25 03:00:00,17.5,33.75,3.18,2.6,3.98,7.4,5.4,0.36,7.04,0.8,,,,,,,77.5,0.3,208.0,0.0,0.0,14.0,765.75,
2024-03-25 04:00:00,20.0,33.75,4.35,2.33,4.8,6.25,3.88,0.29,7.53,0.6,,,,,,,76.25,0.3,208.25,0.0,0.0,13.5,767.0,
2024-03-25 05:00:00,15.5,41.0,4.9,3.58,5.88,6.7,3.42,0.33,7.17,0.7,,,,,,,76.0,0.3,209.5,0.0,0.0,14.0,767.0,
2024-03-25 06:00:00,21.0,57.75,15.4,7.68,16.6,5.68,1.98,0.38,5.46,0.8,,,,,,,76.75,0.3,217.0,0.0,0.0,26.0,767.5,
2024-03-25 07:00:00,30.5,83.0,25.18,12.1,26.88,8.3,2.78,0.53,3.42,1.13,,,,,,,75.25,0.35,187.75,0.0,0.0,110.0,769.0,
2024-03-25 08:00:00,42.0,122.75,10.68,4.12,10.85,8.12,2.1,0.35,5.89,0.72,,,,,,,67.25,0.7,208.5,0.0,0.0,217.75,769.0,
2024-03-25 09:00:00,17.75,61.0,9.3,4.3,9.82,7.78,2.08,0.37,6.48,0.8,,,,,,,65.25,1.02,214.25,0.0,0.0,292.5,767.5,
2024-03-25 10:00:00,16.75,54.0,7.62,2.58,7.6,9.1,2.03,1.94,6.34,12.77,,,,,,,64.75,1.08,214.5,0.0,0.0,371.0,766.0,
2024-03-25 11:00:00,14.25,39.75,6.6,3.07,7.03,7.62,2.13,0.24,6.88,0.57,,,,,,,64.25,1.4,226.75,0.0,0.0,402.5,763.5,
2024-03-25 12:00:00,10.0,35.75,5.1,3.33,5.9,6.27,5.58,0.22,6.8,0.43,,,,,,,63.25,1.1,203.75,0.0,0.0,413.25,761.75,
2024-03-25 13:00:00,14.0,43.5,5.0,2.33,5.28,5.6,5.8,0.11,6.28,0.23,,,,,,,63.25,1.18,209.5,0.0,0.0,386.75,760.5,
2024-03-25 14:00:00,15.5,41.5,4.0,2.48,4.58,5.52,3.4,0.24,6.69,0.48,,,,,,,63.5,1.18,212.25,0.0,0.0,333.25,759.25,
2024-03-25 15:00:00,11.75,41.75,3.3,3.9,4.78,6.8,3.3,0.31,6.63,0.63,,,,,,,63.25,1.03,217.75,0.0,0.0,248.25,758.0,
2024-03-25 16:00:00,13.75,48.0,4.3,1.77,4.12,7.48,2.25,0.34,6.04,0.72,,,,,,,65.0,1.08,201.0,0.0,0.0,149.5,759.0,
2024-03-25 17:00:00,16.0,49.5,3.97,1.58,4.08,7.2,2.38,0.4,6.27,0.83,,,,,,,67.75,0.72,201.75,0.0,0.0,58.5,759.0,
2024-03-25 18:00:00,22.25,44.25,4.47,2.58,4.97,7.02,2.88,0.34,7.13,0.72,,,,,,,70.75,0.48,207.25,0.0,0.0,16.5,759.0,
2024-03-25 19:00:00,12.75,42.5,3.98,3.15,4.92,6.85,2.08,0.37,6.62,0.8,,,,,,,71.75,0.48,201.25,0.0,0.0,14.75,759.75,
2024-03-25 20:00:00,11.25,43.5,4.12,3.12,4.97,6.12,1.95,0.26,6.7,0.55,,,,,,,71.5,0.4,201.0,0.0,0.0,15.25,760.5,
2024-03-25 21:00:00,17.5,41.0,3.78,3.92,5.12,5.62,1.65,0.24,6.66,0.5,,,,,,,72.0,0.3,200.75,0.0,0.0,15.5,761.0,
2024-03-25 22:00:00,17.0,43.0,4.32,4.55,5.95,5.82,1.55,0.39,6.97,0.82,,,,,,,72.5,0.3,192.5,0.0,0.0,15.0,761.5,
2024-03-25 23:00:00,21.75,54.0,3.75,4.15,5.22,7.45,1.25,0.45,7.18,0.97,,,,,,,73.5,0.3,201.75,0.0,0.0,13.75,761.5,
2024-03-26 00:00:00,23.5,40.25,4.62,3.32,5.55,7.98,2.95,0.37,7.76,0.75,,,,,,,74.0,0.3,206.0,0.0,0.0,13.5,761.0,
2024-03-26 01:00:00,14.0,34.0,3.48,2.6,4.22,8.02,4.05,0.39,8.03,0.8,,,,,,,73.5,0.3,210.75,0.0,0.0,13.5,760.75,
2024-03-26 02:00:00,18.5,32.0,4.5,2.6,5.05,8.43,4.78,0.34,8.09,0.68,,,,,,,73.5,0.3,207.0,0.0,0.0,13.75,760.0,
2024-03-26 03:00:00,20.25,34.75,4.12,3.0,4.97,8.07,4.53,0.37,7.44,0.83,,,,,,,74.0,0.3,206.25,0.0,0.0,14.5,760.0,
2024-03-26 04:00:00,15.25,39.5,19.02,7.42,19.42,5.88,5.48,0.26,5.79,0.55,,,,,,,75.25,0.3,205.75,0.0,0.0,14.5,760.0,
2024-03-26 05:00:00,31.25,80.75,29.75,10.52,29.75,6.75,6.6,0.28,4.44,0.57,,,,,,,76.0,0.3,210.75,0.0,0.0,14.25,760.0,
2024-03-26 06:00:00,48.0,148.5,23.52,11.85,25.38,7.6,2.72,0.39,3.3,0.8,,,,,,,76.25,0.4,230.25,0.0,0.0,32.75,760.5,
2024-03-26 07:00:00,38.5,115.0,19.98,7.7,20.38,8.15,1.65,0.38,5.07,0.8,,,,,,,69.25,0.48,215.25,0.0,0.0,119.0,761.0,
2024-03-26 08:00:00,26.75,69.25,16.8,5.95,16.8,8.18,3.0,0.41,6.18,0.85,,,,,,,65.75,1.08,219.0,0.0,0.0,210.75,762.0,
2024-03-26 09:00:00,22.25,59.25,13.08,5.7,13.7,8.22,2.55,0.49,6.13,1.03,,,,,,,64.5,1.18,225.0,0.0,0.0,315.5,763.0,
2024-03-26 10:00:00,19.0,60.0,11.2,3.7,11.08,9.05,2.87,1.87,5.7,12.67,,,,,,,63.5,1.6,230.25,0.0,0.0,396.75,762.5,
2024-03-26 11:00:00,15.0,49.5,7.0,4.2,7.93,8.2,3.93,0.23,6.03,0.5,,,,,,,63.0,1.45,217.75,0.0,0.0,434.25,762.25,
2024-03-26 12:00:00,13.75,53.25,7.5,3.3,7.87,7.03,2.7,0.13,6.18,0.3,,,,,,,61.75,1.7,218.75,0.0,0.0,448.0,762.0,
2024-03-26 13:00:00,17.5,66.75,4.22,3.38,5.25,5.62,2.4,,5.99,,,,,,,,62.0,2.0,225.5,0.0,0.0,416.75,762.0,
2024-03-26 14:00:00,14.0,33.5,3.95,2.7,4.65,5.98,1.88,0.35,6.16,0.72,,,,,,,62.0,2.02,226.25,0.0,0.0,355.0,767.5,
2024-03-26 15:00:00,16.75,34.75,3.9,2.97,4.72,6.88,1.65,0.38,5.61,0.8,,,,,,,62.75,1.82,222.25,0.0,0.0,263.75,768.25,
2024-03-26 16:00:00,13.75,34.5,4.0,3.65,5.18,7.32,2.45,0.37,5.7,0.78,,,,,,,62.75,1.4,219.25,0.0,0.0,161.5,766.75,
2024-03-26 17:00:00,10.0,37.25,3.45,3.82,4.85,6.8,3.05,0.33,6.22,0.7,,,,,,,65.5,1.15,218.0,0.0,0.0,63.5,766.5,
2024-03-26 18:00:00,20.0,42.75,4.72,4.18,6.08,6.8,3.88,0.31,5.63,0.65,,,,,,,68.5,0.5,209.75,0.0,0.0,16.75,766.5,
2024-03-26 19:00:00,20.75,49.0,4.22,3.5,5.32,6.72,3.48,0.36,5.4,0.73,,,,,,,70.5,0.55,207.5,0.0,0.0,14.75,767.0,
2024-03-26 20:00:00,15.0,50.0,5.25,3.3,6.0,5.65,2.38,0.28,5.65,0.55,,,,,,,71.0,0.65,209.0,0.0,0.0,15.25,767.0,
2024-03-26 21:00:00,15.75,43.5,4.6,3.97,5.85,5.82,2.35,0.23,6.04,0.5,,,,,,,71.0,0.62,210.0,0.0,0.0,15.25,768.0,
2024-03-26 22:00:00,11.0,40.0,4.6,2.65,5.18,6.15,2.97,0.38,6.61,0.82,,,,,,,71.5,0.55,208.5,0.0,0.0,15.25,768.75,
2024-03-26 23:00:00,16.25,32.75,4.5,3.32,5.42,7.0,3.2,0.42,6.5,0.87,,,,,,,72.75,0.5,212.25,0.0,0.0,14.25,768.5,
2024-03-27 00:00:00,14.5,32.75,4.55,2.65,5.15,7.92,3.82,0.46,6.85,0.95,,,,,,,73.75,0.45,212.75,0.0,0.0,13.5,769.0,
2024-03-27 01:00:00,16.75,39.25,4.58,2.42,5.0,7.92,4.38,0.55,6.12,1.2,,,,,,,74.25,0.35,204.25,0.0,0.0,13.5,769.0,
2024-03-27 02:00:00,17.5,26.25,3.55,2.92,4.5,7.92,3.32,0.38,6.39,0.82,,,,,,,75.0,0.3,207.75,0.0,0.0,13.75,769.0,
2024-03-27 03:00:00,15.25,28.75,5.1,3.35,5.9,7.9,3.95,0.5,6.01,1.07,,,,,,,74.75,0.3,215.5,0.0,0.0,14.25,768.25,
2024-03-27 04:00:00,36.25,96.0,25.1,9.42,25.42,6.22,2.4,0.18,3.33,0.35,,,,,,,76.5,0.3,252.5,0.0,0.0,14.5,768.0,
2024-03-27 05:00:00,77.25,260.0,26.4,8.3,25.88,7.55,1.55,0.24,2.98,0.5,,,,,,,78.25,0.3,253.0,0.0,0.0,14.0,769.0,
2024-03-27 06:00:00,65.75,111.25,32.38,10.18,31.75,7.08,3.15,0.43,2.99,0.92,,,,,,,78.5,0.3,308.5,0.0,0.0,31.75,769.5,
2024-03-27 07:00:00,47.0,102.0,25.42,10.5,26.25,8.1,3.0,0.48,3.6,1.0,,,,,,,72.5,0.32,246.25,0.0,0.0,114.0,771.0,
2024-03-27 08:00:00,44.25,90.25,20.85,8.65,21.52,8.32,3.75,0.51,5.34,1.05,,,,,,,67.5,0.4,201.25,0.0,0.0,229.5,772.5,
2024-03-27 09:00:00,33.25,86.75,17.25,5.82,17.12,8.55,4.2,0.6,5.96,1.27,,,,,,,65.0,0.65,204.5,0.0,0.0,325.75,769.75,
2024-03-27 10:00:00,22.25,69.25,13.35,5.6,13.82,8.88,3.23,1.99,5.99,12.87,,,,,,,65.0,1.08,209.75,0.0,0.0,401.75,768.25,
2024-03-27 11:00:00,12.5,50.25,10.6,3.6,10.53,8.43,2.3,0.26,5.14,0.57,,,,,,,64.5,1.18,209.5,0.0,0.0,443.0,766.75,
2024-03-27 12:00:00,8.75,38.25,7.33,3.87,8.0,7.1,2.35,0.19,5.26,0.42,,,,,,,64.0,1.45,217.75,0.0,0.0,450.5,765.25,
2024-03-27 13:00:00,11.25,40.75,6.0,3.02,6.5,5.92,1.8,0.05,5.21,0.13,,,,,,,64.5,1.48,216.5,0.0,0.0,422.25,764.75,
2024-03-27 14:00:00,12.25,31.25,4.22,3.12,5.1,6.2,4.62,0.32,4.68,0.68,,,,,,,64.75,1.85,224.75,0.0,0.0,357.75,762.25,
2024-03-27 15:00:00,12.5,40.75,3.92,2.33,4.45,7.3,4.6,0.3,4.38,0.6,,,,,,,66.0,2.1,223.75,0.0,0.0,266.5,762.25,
2024-03-27 16:00:00,12.75,41.0,3.78,3.12,4.7,7.22,3.18,0.36,4.77,0.78,,,,,,,66.75,1.7,222.5,0.0,0.0,163.0,764.25,
2024-03-27 17:00:00,18.25,43.25,5.78,2.17,5.82,7.28,2.78,0.44,4.74,0.9,,,,,,,69.5,1.5,219.5,0.0,0.0,62.0,770.0,
2024-03-27 18:00:00,17.75,44.5,4.75,3.0,5.42,7.72,2.25,0.34,5.0,0.7,,,,,,,72.5,0.9,213.75,0.0,0.0,15.75,770.0,
2024-03-27 19:00:00,15.0,54.0,5.32,4.58,6.75,6.98,2.3,0.39,5.26,0.8,,,,,,,73.75,1.18,218.0,0.0,0.0,14.0,769.5,
2024-03-27 20:00:00,19.25,50.0,4.85,4.7,6.42,6.43,1.85,0.28,4.78,0.57,,,,,,,75.25,1.08,216.75,0.0,0.0,14.5,769.25,
2024-03-27 21:00:00,23.0,44.75,5.68,3.1,6.25,6.22,1.12,0.23,4.92,0.47,,,,,,,76.0,1.27,218.25,0.0,0.0,14.5,769.0,
2024-03-27 22:00:00,19.5,37.5,4.92,3.92,6.15,6.1,2.45,0.31,5.33,0.65,,,,,,,76.0,1.02,216.5,0.0,0.0,14.5,769.5,
2024-03-27 23:00:00,10.25,35.5,5.1,4.0,6.25,6.58,2.92,0.28,5.36,0.57,,,,,,,77.5,0.82,217.25,0.0,0.0,14.0,769.0,
2024-03-28 00:00:00,14.75,35.25,4.95,3.4,5.82,8.3,2.92,0.44,5.62,0.95,,,,,,,78.5,0.4,241.25,0.0,0.0,12.75,768.5,
2024-03-28 01:00:00,18.75,39.75,6.58,5.6,8.32,8.5,3.08,0.51,4.48,1.07,,,,,,,80.25,0.3,308.0,0.0,0.0,12.5,768.25,
2024-03-28 02:00:00,30.0,79.75,27.88,8.38,27.12,8.35,2.78,0.34,2.87,0.7,,,,,,,82.0,0.3,322.25,0.0,0.0,12.5,768.0,
2024-03-28 03:00:00,44.75,161.25,23.68,8.05,23.52,8.82,3.0,0.41,3.46,0.87,,,,,,,82.75,0.3,280.25,0.0,0.0,12.0,768.0,
2024-03-28 04:00:00,36.0,90.5,28.0,8.78,27.45,6.18,1.9,0.19,3.24,0.4,,,,,,,83.0,0.3,274.25,0.0,0.0,12.75,768.0,
2024-03-28 05:00:00,41.25,157.5,37.75,8.22,35.08,7.3,2.15,0.15,3.16,0.37,,,,,,,84.0,0.3,254.75,0.0,0.0,12.5,768.5,
2024-03-28 06:00:00,49.0,141.75,39.33,9.0,36.75,7.45,2.65,0.4,3.18,0.85,,,,,,,83.0,0.3,299.25,0.0,0.0,28.25,769.75,
2024-03-28 07:00:00,50.0,141.75,28.85,9.02,28.25,8.0,2.92,0.44,3.12,0.93,,,,,,,77.0,0.3,306.75,0.0,0.0,114.25,770.5,
2024-03-28 08:00:00,43.0,106.0,24.9,8.4,24.67,8.93,3.8,0.46,3.65,1.0,,,,,,,72.25,0.38,263.75,0.0,0.0,179.25,772.0,
2024-03-28 09:00:00,34.5,91.75,21.0,4.97,19.7,9.1,4.38,0.51,3.92,1.1,,,,,,,66.75,0.9,215.0,0.0,0.0,330.5,769.5,
2024-03-28 10:00:00,18.0,65.5,16.75,5.6,16.6,9.2,3.93,2.04,3.88,12.97,,,,,,,66.0,1.32,213.75,0.0,0.0,398.25,768.25,
2024-03-28 11:00:00,14.0,58.25,13.77,5.6,14.17,8.78,4.4,0.33,5.3,0.73,,,,,,,65.5,1.5,206.5,0.0,0.0,433.0,766.75,
2024-03-28 12:00:00,14.75,48.75,10.67,5.33,11.47,6.3,2.32,0.17,5.05,0.35,,,,,,,65.25,1.8,203.0,0.0,0.0,438.25,765.5,
2024-03-28 13:00:00,17.75,45.5,7.98,4.0,8.57,6.52,2.38,0.02,4.26,0.05,,,,,,,65.25,2.12,207.75,0.0,0.0,409.25,766.25,
2024-03-28 14:00:00,16.75,43.75,6.3,2.72,6.52,6.35,3.92,0.31,4.23,0.65,,,,,,,65.5,2.2,213.0,0.0,0.0,345.25,766.0,
2024-03-28 15:00:00,7.25,37.25,5.62,3.12,6.25,6.88,4.03,0.27,4.33,0.53,,,,,,,65.0,1.85,212.0,0.0,0.0,255.25,767.5,
2024-03-28 16:00:00,8.75,44.75,4.82,3.0,5.5,7.95,5.08,0.32,4.62,0.68,,,,,,,66.75,1.55,205.5,0.0,0.0,152.5,768.25,
2024-03-28 17:00:00,13.25,39.75,4.78,4.0,6.0,7.68,6.18,0.4,4.25,0.83,,,,,,,69.5,1.27,210.75,0.0,0.0,58.5,768.0,
2024-03-28 18:00:00,19.75,45.75,5.08,3.78,6.12,7.45,3.88,0.32,4.86,0.65,,,,,,,71.25,0.78,208.75,0.0,0.0,16.0,768.75,
2024-03-28 19:00:00,18.5,50.5,5.25,4.08,6.45,7.38,2.98,0.36,4.7,0.73,,,,,,,73.25,0.9,210.5,0.0,0.0,13.75,768.75,
2024-03-28 20:00:00,16.75,56.25,5.9,4.6,7.25,6.5,2.88,0.26,4.66,0.55,,,,,,,74.25,0.85,215.75,0.0,0.0,14.5,769.0,
2024-03-28 21:00:00,15.5,48.25,5.5,4.35,6.82,6.65,1.85,0.19,4.98,0.4,,,,,,,75.25,1.0,214.25,0.0,0.0,14.5,769.0,
2024-03-28 22:00:00,14.5,40.5,6.3,2.82,6.65,6.45,1.4,0.32,5.06,0.68,,,,,,,76.0,0.7,216.0,0.0,0.0,14.5,769.0,
2024-03-28 23:00:00,16.25,41.5,4.95,4.03,6.15,7.0,0.95,0.32,5.18,0.67,,,,,,,76.75,0.72,217.25,0.0,0.0,13.75,769.25,
2024-03-29 00:00:00,15.0,40.0,5.82,2.8,6.28,8.25,3.12,0.46,5.77,0.98,,,,,,,77.75,0.88,220.0,0.0,0.0,12.75,768.25,
2024-03-29 01:00:00,10.25,39.0,4.38,3.48,5.42,8.6,3.95,0.49,5.86,1.07,,,,,,,78.0,0.57,228.0,0.0,0.0,12.5,768.0,
2024-03-29 02:00:00,12.5,34.5,4.58,4.53,6.15,8.28,4.95,0.34,5.04,0.7,,,,,,,78.75,0.45,279.25,0.0,0.0,12.75,767.0,
2024-03-29 03:00:00,9.5,34.25,5.92,5.2,7.6,9.43,5.2,0.49,3.87,0.87,,,,,,,81.75,0.3,289.0,0.0,0.0,12.5,767.0,
2024-03-29 04:00:00,18.75,62.25,9.95,5.98,11.25,6.9,3.32,0.15,2.88,0.32,,,,,,,82.75,0.3,306.5,0.0,0.0,12.75,767.0,
2024-03-29 05:00:00,28.25,92.75,7.55,5.88,9.28,7.15,2.25,0.06,3.24,0.17,,,,,,,84.0,0.3,304.75,0.0,0.0,12.75,767.0,
2024-03-29 06:00:00,17.25,53.75,9.05,5.4,10.25,7.08,3.7,0.36,3.04,0.75,,,,,,,83.25,0.3,302.0,0.0,0.0,31.75,768.0,
2024-03-29 07:00:00,29.75,73.75,9.22,4.5,9.88,8.07,4.05,0.38,3.32,0.8,,,,,,,79.0,0.52,289.5,0.0,0.0,110.75,769.5,
2024-03-29 08:00:00,35.5,72.0,8.1,3.8,8.62,9.25,2.2,0.46,3.8,0.98,,,,,,,73.5,0.68,278.0,0.0,0.0,208.75,771.25,
2024-03-29 09:00:00,26.75,80.75,6.12,4.42,7.3,9.1,2.3,0.55,4.57,1.13,,,,,,,68.0,0.7,270.0,0.0,0.0,266.0,769.25,
2024-03-29 10:00:00,21.5,107.25,6.98,3.52,7.55,10.38,2.33,2.0,4.69,12.87,,,,,,,67.0,1.72,217.25,0.0,0.0,383.5,766.75,
2024-03-29 11:00:00,17.75,76.75,5.03,3.33,5.87,10.33,2.87,0.34,4.53,0.7,,,,,,,66.0,2.05,219.25,0.0,0.0,425.75,765.75,
2024-03-29 12:00:00,18.5,65.25,5.1,3.2,5.87,7.33,1.32,0.17,5.25,0.35,,,,,,,65.75,2.17,225.0,0.0,0.0,436.5,764.0,
2024-03-29 13:00:00,14.5,63.25,4.1,4.18,5.58,6.98,1.23,0.02,5.45,0.1,,,,,,,66.5,2.45,221.5,0.0,0.0,406.75,760.5,
2024-03-29 14:00:00,18.25,52.75,3.25,3.48,4.5,7.25,1.0,0.32,5.74,0.68,,,,,,,67.5,3.08,226.5,0.0,0.0,344.5,759.25,
2024-03-29 15:00:00,22.25,70.5,3.55,2.68,4.3,7.2,1.58,0.31,4.66,0.7,,,,,,,68.25,2.92,220.5,0.0,0.0,256.75,759.0,
2024-03-29 16:00:00,14.0,59.75,3.48,2.35,4.1,8.8,3.1,0.39,4.93,0.82,,,,,,,69.25,2.92,226.25,0.0,0.0,151.75,758.75,
2024-03-29 17:00:00,14.75,49.5,4.65,3.52,5.68,7.88,3.4,0.42,4.62,0.9,,,,,,,72.25,2.78,226.25,0.0,0.0,58.75,758.5,
2024-03-29 18:00:00,15.75,47.75,5.15,3.05,5.8,8.22,3.4,0.36,5.2,0.72,,,,,,,75.0,1.8,224.75,0.0,0.0,15.5,759.0,
2024-03-29 19:00:00,13.0,46.75,3.98,4.22,5.48,8.32,3.08,0.39,5.13,0.8,,,,,,,76.0,1.12,224.25,0.0,0.0,12.75,759.25,
2024-03-29 20:00:00,16.5,44.5,5.48,4.28,6.72,6.95,3.92,0.29,5.0,0.57,,,,,,,76.25,1.15,219.25,0.0,0.0,13.5,760.0,
2024-03-29 21:00:00,16.25,37.75,4.5,4.15,5.88,6.75,3.7,0.22,5.52,0.43,,,,,,,75.75,1.2,221.25,0.0,0.0,14.0,760.25,
2024-03-29 22:00:00,11.5,33.0,4.15,4.42,5.75,6.75,4.62,0.36,5.03,0.78,,,,,,,77.25,0.77,223.0,0.0,0.0,14.0,760.75,
2024-03-29 23:00:00,14.0,37.0,5.5,3.58,6.38,7.48,3.85,0.35,5.32,0.77,,,,,,,78.75,0.62,220.25,0.0,0.0,13.5,760.25,
2024-03-30 00:00:00,17.75,33.0,4.32,4.78,6.05,9.15,2.92,0.5,5.64,1.08,,,,,,,79.75,0.57,223.0,0.0,0.0,12.25,760.0,
2024-03-30 01:00:00,20.0,42.5,4.82,5.88,7.02,9.1,2.92,0.57,4.1,1.2,,,,,,,81.25,0.32,295.25,0.0,0.0,11.75,760.0,
2024-03-30 02:00:00,20.0,52.25,6.48,6.5,8.75,9.57,3.4,0.36,3.39,0.78,,,,,,,82.5,0.35,308.75,0.0,0.0,11.75,760.0,
2024-03-30 03:00:00,20.5,54.25,8.25,7.52,10.7,10.2,4.75,0.4,3.13,0.87,,,,,,,84.5,0.32,316.5,0.0,0.0,11.5,760.0,
2024-03-30 04:00:00,22.5,64.0,8.85,6.4,10.6,8.0,4.92,0.19,3.28,0.4,,,,,,,85.0,0.32,291.5,0.0,0.0,11.75,760.0,
2024-03-30 05:00:00,23.75,54.25,7.85,5.2,9.12,8.0,5.6,0.15,3.25,0.3,,,,,,,85.25,0.32,309.75,0.0,0.0,11.75,760.0,
2024-03-30 06:00:00,23.5,54.5,12.75,8.43,14.82,7.85,3.7,0.46,3.18,0.98,,,,,,,85.75,0.3,304.0,0.0,0.0,35.5,760.25,
2024-03-30 07:00:00,26.0,64.75,11.52,7.82,13.52,8.65,3.72,0.5,2.99,1.1,,,,,,,80.0,0.42,307.0,0.0,0.0,120.75,761.0,
2024-03-30 08:00:00,26.75,70.25,9.5,3.78,9.72,10.05,3.75,0.44,3.87,0.92,,,,,,,73.5,0.88,300.0,0.0,0.0,218.25,761.75,
2024-03-30 09:00:00,20.5,63.75,7.68,3.85,8.28,10.15,3.25,0.49,4.32,1.07,,,,,,,64.5,1.0,272.25,0.0,0.0,324.25,761.0,
2024-03-30 10:00:00,18.25,64.25,7.35,4.22,8.22,10.62,2.7,1.97,5.21,12.8,,,,,,,60.75,2.05,227.25,0.0,0.0,397.5,760.75,
2024-03-30 11:00:00,11.0,57.25,6.3,3.87,7.2,9.78,2.67,0.22,4.86,0.5,,,,,,,60.25,2.55,230.0,0.0,0.0,440.25,760.0,
2024-03-30 12:00:00,20.25,72.0,4.47,4.87,6.23,6.43,2.2,0.25,5.78,0.52,,,,,,,59.25,2.82,233.0,0.0,0.0,450.0,759.25,
2024-03-30 13:00:00,11.25,50.75,2.45,4.88,4.58,6.42,1.02,0.06,5.83,0.1,,,,,,,58.5,3.08,228.5,0.0,0.0,423.0,758.25,
2024-03-30 14:00:00,8.75,47.5,3.1,3.42,4.32,6.22,2.1,0.28,4.95,0.57,,,,,,,55.25,2.92,226.25,0.0,0.0,358.25,757.5,
2024-03-30 15:00:00,8.0,40.5,2.8,3.32,4.03,5.72,2.72,0.26,4.83,0.5,,,,,,,58.5,2.88,226.25,0.0,0.0,266.5,757.0,
2024-03-30 16:00:00,8.25,39.75,4.08,2.28,4.55,7.48,3.18,0.38,5.06,0.8,,,,,,,64.5,2.92,226.75,0.0,0.0,162.25,757.0,
2024-03-30 17:00:00,10.25,35.25,3.68,4.42,5.35,7.2,2.52,0.43,5.27,0.9,,,,,,,68.25,2.5,224.25,0.0,0.0,61.5,757.0,
2024-03-30 18:00:00,12.0,44.0,4.25,4.65,5.95,7.15,3.25,0.34,5.05,0.72,,,,,,,71.5,1.78,227.25,0.0,0.0,15.75,757.0,
2024-03-30 19:00:00,9.0,47.5,3.92,4.6,5.65,7.18,3.88,0.37,5.3,0.77,,,,,,,72.75,0.78,221.5,0.0,0.0,13.0,757.5,
2024-03-30 20:00:00,15.0,40.5,5.22,4.58,6.68,6.9,3.05,0.4,5.47,0.85,,,,,,,74.25,0.73,225.25,0.0,0.0,14.25,758.25,
2024-03-30 21:00:00,7.5,43.25,5.38,3.95,6.48,6.88,2.33,0.33,4.61,0.7,,,,,,,75.75,0.7,218.25,0.0,0.0,14.0,759.0,
2024-03-30 22:00:00,11.75,46.5,5.4,5.0,7.02,5.88,5.82,0.34,4.69,0.7,,,,,,,76.0,0.75,217.0,0.0,0.0,14.0,759.0,
2024-03-30 23:00:00,10.0,40.0,4.97,3.2,5.72,6.3,7.08,0.31,5.42,0.63,,,,,,,75.75,0.95,216.5,0.0,0.0,14.25,759.0,
2024-03-31 00:00:00,6.0,24.25,4.95,3.7,5.98,8.57,6.18,0.48,5.65,1.0,,,,,,,75.75,0.72,220.5,0.0,0.0,13.25,758.75,
2024-03-31 01:00:00,3.0,23.5,5.28,3.2,6.0,8.4,6.52,0.58,5.8,1.23,,,,,,,75.0,0.62,221.25,0.0,0.0,13.0,758.0,
2024-03-31 02:00:00,7.0,26.75,4.75,3.45,5.7,8.98,5.1,0.36,5.23,0.75,,,,,,,77.25,0.35,217.0,0.0,0.0,12.75,758.0,
2024-03-31 03:00:00,30.5,127.75,23.1,8.85,23.48,10.18,5.15,0.44,4.1,0.93,,,,,,,80.0,0.3,229.0,0.0,0.0,12.75,758.0,
2024-03-31 04:00:00,82.75,366.75,14.0,6.72,14.92,7.35,3.82,0.26,3.03,0.57,,,,,,,81.25,0.3,331.0,0.0,0.0,12.75,758.0,
2024-03-31 05:00:00,33.0,154.0,17.75,8.85,19.18,6.65,2.6,0.14,3.19,0.33,,,,,,,83.0,0.3,329.5,0.0,0.0,12.75,759.0,
2024-03-31 06:00:00,47.0,182.0,30.02,8.8,29.08,6.82,2.1,0.33,3.09,0.7,,,,,,,83.0,0.3,320.0,0.0,0.0,38.5,759.0,
2024-03-31 07:00:00,39.75,128.75,19.4,5.95,18.92,8.32,1.25,0.34,3.6,0.8,,,,,,,75.5,0.3,280.75,0.0,0.0,127.75,760.0,
2024-03-31 08:00:00,28.0,68.0,16.48,5.85,16.48,9.3,3.68,0.42,4.05,0.88,,,,,,,70.25,0.35,309.25,0.0,0.0,194.25,761.0,
2024-03-31 09:00:00,29.0,66.75,14.62,4.9,14.5,9.52,4.62,0.51,5.32,1.07,,,,,,,68.75,0.88,280.75,0.0,0.0,258.5,760.5,
2024-03-31 10:00:00,20.5,55.75,11.35,4.45,11.62,10.52,3.53,1.99,4.35,12.87,,,,,,,65.0,1.62,223.25,0.0,0.0,411.5,760.25,
2024-03-31 11:00:00,11.5,37.5,7.83,3.03,8.0,10.63,4.7,0.31,4.4,0.63,,,,,,,65.5,2.1,220.0,0.0,0.0,441.75,759.75,
2024-03-31 12:00:00,6.0,46.25,8.87,2.03,8.3,7.83,3.18,0.27,4.69,0.57,,,,,,,66.75,2.55,223.75,0.0,0.0,445.75,759.0,
2024-03-31 13:00:00,5.25,40.25,5.5,2.8,5.92,7.02,2.22,0.06,4.86,0.13,,,,,,,67.25,2.68,225.0,0.0,0.0,417.0,758.0,
2024-03-31 14:00:00,10.75,37.0,4.55,3.4,5.5,6.98,1.23,0.32,4.99,0.68,,,,,,,67.75,2.55,222.0,0.0,0.0,353.25,757.25,
2024-03-31 15:00:00,6.0,33.75,3.95,4.03,5.35,6.8,1.98,0.32,4.47,0.67,,,,,,,68.25,2.5,221.0,0.0,0.0,264.75,756.75,
2024-03-31 16:00:00,4.25,30.75,4.47,2.98,5.28,8.55,2.6,0.29,4.39,0.6,,,,,,,69.25,2.58,218.25,0.0,0.0,162.5,756.0,
2024-03-31 17:00:00,10.0,23.75,4.05,2.1,4.42,8.32,2.9,0.36,4.36,0.7,,,,,,,72.0,2.52,217.75,0.0,0.0,61.5,756.0,
2024-03-31 18:00:00,16.75,28.75,4.57,2.08,4.82,8.22,2.65,0.33,4.36,0.7,,,,,,,74.75,1.78,215.25,0.0,0.0,15.0,756.0,
2024-03-31 19:00:00,17.25,42.25,4.78,3.52,5.75,8.45,2.9,0.34,4.73,0.7,,,,,,,75.0,1.02,210.5,0.0,0.0,12.75,756.25,
2024-03-31 20:00:00,10.75,30.75,5.28,2.98,5.85,7.93,2.38,0.35,4.6,0.75,,,,,,,75.0,1.0,208.75,0.0,0.0,13.5,757.0,
2024-03-31 21:00:00,6.5,28.5,4.25,2.72,4.9,7.32,2.85,0.25,4.47,0.53,,,,,,,76.0,1.25,212.75,0.0,0.0,13.5,757.0,
2024-03-31 22:00:00,4.5,22.25,4.88,1.82,4.9,7.0,2.68,0.3,4.77,0.6,,,,,,,77.75,1.1,213.25,0.0,0.0,13.5,757.0,
2024-03-31 23:00:00,3.0,17.0,5.4,2.13,5.53,6.63,3.4,0.27,4.98,0.57,,,,,,,78.0,1.03,214.33,0.0,0.0,14.0,757.0,
2024-04-01 00:00:00,8.75,18.0,4.65,2.05,4.85,8.93,3.72,0.42,4.6,0.88,,,,,,,79.75,0.92,216.25,0.0,0.0,12.5,756.25,
2024-04-01 01:00:00,10.25,19.25,4.5,2.35,4.92,9.68,4.9,0.53,4.75,1.13,,,,,,,80.0,0.57,232.5,0.0,0.0,12.5,756.0,
2024-04-01 02:00:00,16.25,34.75,5.35,2.33,5.6,9.75,2.95,0.33,4.65,0.7,,,,,,,80.5,0.42,273.5,0.0,0.0,12.25,755.5,
2024-04-01 03:00:00,13.75,82.75,8.1,4.97,9.25,10.27,2.55,0.37,2.81,0.8,,,,,,,82.25,0.3,324.0,0.0,0.0,11.75,755.0,
2024-04-01 04:00:00,11.75,100.5,7.1,4.65,8.22,8.77,1.82,0.29,2.84,0.62,,,,,,,83.0,0.3,312.75,0.0,0.0,11.75,755.75,
2024-04-01 05:00:00,10.5,46.5,10.9,6.15,12.12,7.25,0.45,0.12,3.12,0.27,,,,,,,84.0,0.3,325.25,0.0,0.0,11.75,756.0,
2024-04-01 06:00:00,15.75,64.25,11.9,6.58,13.12,7.8,1.88,0.39,2.78,0.8,,,,,,,83.75,0.3,285.0,0.0,0.0,33.25,756.25,
2024-04-01 07:00:00,10.75,50.75,14.1,5.92,14.62,8.25,2.45,0.42,2.98,0.87,,,,,,,77.75,0.35,249.5,0.0,0.0,109.25,757.5,
2024-04-01 08:00:00,19.25,56.5,11.7,5.5,12.45,10.05,2.45,0.52,3.5,1.1,,,,,,,73.75,0.4,281.25,0.0,0.0,150.0,758.0,
2024-04-01 09:00:00,26.0,65.75,8.7,2.88,8.6,10.7,3.32,0.65,3.28,1.37,,,,,,,67.25,0.68,300.75,0.0,0.0,257.75,758.0,
2024-04-01 10:00:00,16.75,62.25,8.4,4.62,9.32,11.02,3.13,1.95,4.01,12.7,,,,,,,65.25,1.05,230.0,0.0,0.0,394.5,757.75,
2024-04-01 11:00:00,14.0,57.0,7.27,3.47,7.73,10.73,3.97,0.26,4.36,0.53,,,,,,,64.0,2.02,235.0,0.0,0.0,435.5,757.0,
2024-04-01 12:00:00,8.75,40.25,6.03,3.17,6.63,8.5,2.1,0.26,4.49,0.55,,,,,,,63.75,2.25,229.75,0.0,0.0,439.75,756.0,
2024-04-01 13:00:00,11.25,40.75,5.08,3.25,5.85,7.78,0.48,0.04,4.48,0.1,,,,,,,65.5,2.52,228.5,0.0,0.0,412.25,755.5,
2024-04-01 14:00:00,11.0,33.75,4.0,2.3,4.5,7.62,4.18,0.26,4.09,0.52,,,,,,,66.5,2.7,229.75,0.0,0.0,349.75,754.25,
2024-04-01 15:00:00,7.5,41.0,4.78,2.8,5.38,7.15,5.65,0.25,3.91,0.5,,,,,,,66.0,2.48,228.0,0.0,0.0,264.0,754.0,
2024-04-01 16:00:00,6.5,43.0,4.75,2.4,5.18,8.93,5.52,0.31,4.38,0.68,,,,,,,67.75,2.7,227.25,0.0,0.0,160.75,754.0,
2024-04-01 17:00:00,10.5,56.75,4.78,2.8,5.38,8.88,5.78,0.36,3.92,0.73,,,,,,,70.25,2.6,224.75,0.0,0.0,61.0,754.0,
2024-04-01 18:00:00,17.75,52.5,5.7,3.98,6.78,9.02,4.45,0.32,3.92,0.7,,,,,,,73.5,1.68,225.25,0.0,0.0,15.25,754.0,
2024-04-01 19:00:00,18.25,48.25,6.32,3.02,6.72,8.9,3.8,0.34,4.05,0.73,,,,,,,73.75,1.3,218.5,0.0,0.0,12.75,754.25,
2024-04-01 20:00:00,20.5,39.0,6.32,2.35,6.35,8.18,2.75,0.38,4.26,0.78,,,,,,,74.25,1.58,217.75,0.0,0.0,13.5,755.0,
2024-04-01 21:00:00,16.0,35.25,5.85,4.1,6.95,7.38,2.1,0.32,4.68,0.67,,,,,,,77.0,1.75,219.75,0.0,0.0,13.5,755.0,
2024-04-01 22:00:00,14.0,31.0,4.97,3.88,6.15,7.22,3.4,0.33,4.92,0.7,,,,,,,77.0,1.68,224.0,0.0,0.0,13.5,755.0,
2024-04-01 23:00:00,8.0,23.0,5.3,2.6,5.68,7.08,4.2,0.28,4.79,0.6,,,,,,,76.0,1.3,223.0,0.0,0.0,13.5,755.0,
2024-04-02 00:00:00,9.0,19.75,4.72,4.22,6.1,8.78,3.0,0.38,4.56,0.8,,,,,,,77.75,0.82,227.5,0.0,0.0,13.0,754.25,
2024-04-02 01:00:00,11.0,26.5,5.68,2.62,6.0,9.68,3.6,0.5,4.72,1.07,,,,,,,78.25,0.6,270.5,0.0,0.0,12.5,753.75,
2024-04-02 02:00:00,8.0,27.75,5.68,4.85,7.2,9.88,3.9,0.34,3.53,0.72,,,,,,,80.5,0.6,296.25,0.0,0.0,12.75,753.25,
2024-04-02 03:00:00,10.0,45.75,6.4,3.2,6.9,11.08,3.9,0.39,3.56,0.83,,,,,,,82.0,0.52,303.25,0.0,0.0,12.0,753.0,
2024-04-02 04:00:00,16.0,50.75,8.43,5.2,9.65,9.02,3.02,0.32,2.9,0.65,,,,,,,83.0,0.43,305.5,0.0,0.0,11.75,753.25,
2024-04-02 05:00:00,14.75,56.25,7.55,4.8,8.72,7.52,2.25,0.11,3.11,0.3,,,,,,,83.25,0.43,317.25,0.0,0.0,12.75,754.0,
2024-04-02 06:00:00,13.25,48.0,10.52,5.48,11.45,8.1,3.5,0.38,2.74,0.82,,,,,,,83.25,0.4,305.0,0.0,0.0,36.0,754.5,
2024-04-02 07:00:00,19.5,51.75,9.72,4.72,10.42,8.4,3.58,0.42,2.89,0.93,,,,,,,77.5,1.12,304.25,0.0,0.0,127.75,755.5,
2024-04-02 08:00:00,19.5,67.5,8.28,4.58,9.2,9.38,3.4,0.42,3.3,0.88,,,,,,,72.5,1.38,301.75,0.0,0.0,206.5,756.25,
2024-04-02 09:00:00,25.25,95.75,7.68,3.42,8.05,10.85,4.85,0.56,3.96,1.17,,,,,,,67.0,1.45,291.0,0.0,0.0,291.0,757.5,
2024-04-02 10:00:00,27.25,123.25,6.8,3.7,7.45,11.05,3.9,2.02,3.91,12.93,,,,,,,64.25,2.02,249.0,0.0,0.0,385.75,757.5,
2024-04-02 11:00:00,21.0,70.0,6.17,4.4,7.37,10.37,3.1,0.28,4.56,0.6,,,,,,,64.75,2.7,235.5,0.0,0.0,440.5,756.5,
2024-04-02 12:00:00,17.0,61.25,6.07,3.2,6.6,9.47,3.45,0.29,4.53,0.6,,,,,,,64.25,3.18,237.25,0.0,0.0,446.0,755.75,
2024-04-02 13:00:00,12.5,61.0,5.7,3.5,6.52,7.02,1.98,0.1,4.74,0.23,,,,,,,64.5,3.08,239.5,0.0,0.0,417.25,755.0,
2024-04-02 14:00:00,10.75,59.25,4.82,3.82,5.92,7.3,4.25,0.3,4.58,0.6,,,,,,,66.0,3.18,238.25,0.0,0.0,352.0,754.25,
2024-04-02 15:00:00,20.0,60.5,5.05,2.52,5.43,7.98,4.7,0.3,4.54,0.6,,,,,,,68.75,3.18,249.25,0.0,0.0,268.5,754.0,
2024-04-02 16:00:00,23.0,50.75,4.82,3.18,5.62,8.82,4.65,0.3,4.64,0.62,,,,,,,71.0,2.98,229.75,0.0,0.0,164.75,753.5,
2024-04-02 17:00:00,21.25,43.5,5.4,3.95,6.52,8.62,4.58,0.32,4.78,0.63,,,,,,,74.5,2.65,228.5,0.0,0.0,62.25,753.5,
2024-04-02 18:00:00,17.5,42.0,5.3,2.4,5.55,9.22,3.7,0.36,4.8,0.72,,,,,,,77.5,2.3,228.0,0.0,0.0,15.75,753.75,
2024-04-02 19:00:00,20.5,41.5,5.22,3.58,6.18,8.75,2.65,0.39,4.06,0.8,,,,,,,77.75,2.15,224.5,0.0,0.0,13.25,754.0,
2024-04-02 20:00:00,12.5,37.5,5.5,3.02,6.08,8.5,3.35,0.39,4.08,0.82,,,,,,,77.75,2.22,223.25,0.0,0.0,13.25,754.0,
2024-04-02 21:00:00,3.0,30.25,5.65,2.78,6.05,7.75,2.55,0.32,3.49,0.7,,,,,,,78.25,2.12,228.75,0.0,0.0,13.5,755.0,
2024-04-02 22:00:00,7.25,28.0,6.52,3.18,7.02,7.4,2.17,0.31,3.61,0.62,,,,,,,78.0,1.78,222.5,0.0,0.0,13.75,755.0,
2024-04-02 23:00:00,10.25,19.0,6.35,2.65,6.57,7.08,2.02,0.26,4.03,0.53,,,,,,,77.5,1.6,223.5,0.0,0.0,13.5,755.0,
2024-04-03 00:00:00,8.0,19.75,5.9,2.5,6.12,8.52,3.72,0.24,4.15,0.5,,,,,,,78.5,1.68,219.5,0.0,0.0,13.0,754.75,
2024-04-03 01:00:00,8.75,23.5,6.22,1.48,5.82,10.07,5.6,0.06,3.86,0.1,,,,,,,80.0,1.32,226.0,0.0,0.0,12.5,754.0,
2024-04-03 02:00:00,9.75,38.5,5.28,2.58,5.68,9.88,3.7,0.33,3.79,0.7,,,,,,,81.25,0.77,292.75,0.0,0.0,12.0,754.0,
2024-04-03 03:00:00,6.75,64.0,7.42,3.35,7.82,11.32,3.32,0.4,3.74,0.83,,,,,,,82.0,0.78,320.0,0.0,0.0,11.75,754.0,
2024-04-03 04:00:00,11.0,51.75,8.6,5.52,9.93,9.32,1.28,0.33,2.88,0.68,,,,,,,83.0,0.62,315.25,0.0,0.0,11.75,754.0,
2024-04-03 05:00:00,14.5,60.5,9.38,4.9,10.22,7.48,0.1,0.14,2.91,0.3,,,,,,,83.25,1.1,306.25,0.0,0.0,12.75,755.0,
2024-04-03 06:00:00,9.5,39.0,21.12,7.42,21.1,7.82,3.03,0.46,2.64,0.98,,,,,,,83.25,0.57,313.5,0.0,0.0,39.5,754.0,
2024-04-03 07:00:00,18.75,56.5,25.48,7.08,24.5,7.95,3.4,0.48,2.94,1.07,,,,,,,78.75,0.92,296.25,0.0,0.0,129.25,755.0,
2024-04-03 08:00:00,24.25,73.25,27.28,7.18,25.98,9.43,2.62,0.36,2.78,0.78,,,,,,,73.25,1.3,309.25,0.0,0.0,213.5,756.0,
2024-04-03 09:00:00,24.25,80.25,16.98,4.6,16.27,10.45,2.68,0.49,3.64,1.0,,,,,,,66.75,2.0,290.5,0.0,0.0,312.75,756.0,
2024-04-03 10:00:00,21.25,98.25,14.4,4.25,14.0,10.95,2.9,2.03,3.74,12.97,,,,,,,62.75,1.82,282.0,0.0,0.0,343.0,755.5,
2024-04-03 11:00:00,15.75,88.75,11.6,5.17,12.17,10.15,4.07,0.26,3.7,0.57,,,,,,,63.25,2.78,234.5,0.0,0.0,406.25,755.0,
2024-04-03 12:00:00,6.75,68.25,9.5,3.07,9.37,9.6,1.05,0.29,3.95,0.6,,,,,,,63.75,3.15,246.75,0.0,0.0,453.5,754.0,
2024-04-03 13:00:00,8.75,67.75,6.65,3.92,7.5,7.32,0.2,0.12,3.61,0.3,,,,,,,63.75,3.42,243.5,0.0,0.0,420.0,754.0,
2024-04-03 14:00:00,8.25,52.25,5.9,2.82,6.3,7.42,2.42,0.29,3.58,0.6,,,,,,,64.25,3.2,245.75,0.0,0.0,359.75,753.25,
2024-04-03 15:00:00,9.5,46.75,6.12,3.2,6.68,7.12,2.92,0.28,3.76,0.6,,,,,,,64.25,3.1,240.75,0.0,0.0,272.5,753.0,
2024-04-03 16:00:00,11.0,51.0,5.08,3.97,6.28,7.62,0.75,0.3,3.65,0.6,,,,,,,67.0,3.02,239.0,0.0,0.0,169.0,753.0,
2024-04-03 17:00:00,11.25,38.75,5.05,2.9,5.7,8.72,0.7,0.31,3.5,0.6,,,,,,,71.5,2.88,232.25,0.0,0.0,64.0,753.0,
2024-04-03 18:00:00,12.0,38.75,6.45,2.75,6.7,8.98,4.0,0.35,3.62,0.72,,,,,,,77.25,2.5,227.5,0.0,0.0,14.5,753.0,
2024-04-03 19:00:00,11.0,37.0,6.43,2.22,6.43,8.82,5.5,0.37,3.89,0.77,,,,,,,79.5,2.2,230.5,0.0,0.0,12.25,753.0,
2024-04-03 20:00:00,8.75,27.0,7.2,3.58,7.72,8.12,3.35,0.36,3.51,0.75,,,,,,,79.25,1.62,234.25,0.0,0.0,12.5,753.25,
2024-04-03 21:00:00,11.0,31.5,7.72,3.55,8.15,6.9,2.4,0.32,3.7,0.7,,,,,,,80.0,1.48,233.25,0.0,0.0,13.0,754.0,
2024-04-03 22:00:00,10.25,27.25,7.28,4.6,8.38,6.58,2.98,0.27,3.38,0.57,,,,,,,80.25,1.2,227.25,0.0,0.0,13.0,754.0,
2024-04-03 23:00:00,8.25,26.75,7.52,2.42,7.4,6.65,2.35,0.23,3.26,0.5,,,,,,,81.0,1.08,221.25,0.0,0.0,12.5,754.0,
2024-04-04 00:00:00,8.25,20.75,6.35,3.5,7.02,7.95,5.35,0.36,3.4,0.72,,,,,,,81.0,1.3,217.5,0.0,0.0,11.5,753.75,
2024-04-04 01:00:00,6.5,13.25,6.65,2.58,6.78,8.38,7.4,0.46,3.69,1.0,,,,,,,81.75,1.42,224.25,0.0,0.0,11.5,753.0,
2024-04-04 02:00:00,8.0,15.0,6.95,2.48,7.02,9.32,5.48,0.36,3.36,0.72,,,,,,,82.0,0.5,243.75,0.0,0.0,11.75,753.0,
2024-04-04 03:00:00,6.75,27.5,6.15,4.08,7.15,9.75,4.68,0.42,3.26,0.9,,,,,,,83.5,0.52,304.25,0.0,0.0,11.25,753.0,
2024-04-04 04:00:00,7.25,37.5,8.55,5.48,9.85,8.93,2.3,0.35,3.08,0.75,,,,,,,84.25,0.43,310.5,0.0,0.0,10.75,753.0,
2024-04-04 05:00:00,17.0,54.75,7.32,4.15,8.18,7.28,1.0,0.22,2.52,0.5,,,,,,,84.0,0.38,298.75,0.0,0.0,12.0,753.5,
2024-04-04 06:00:00,8.0,35.0,9.95,4.72,10.6,7.22,3.52,0.34,2.95,0.72,,,,,,,84.0,0.32,307.25,0.0,0.0,39.0,754.0,
2024-04-04 07:00:00,8.75,48.75,8.75,4.42,9.5,7.38,4.88,0.39,3.29,0.8,,,,,,,79.0,0.82,297.25,0.0,0.0,121.5,754.75,
2024-04-04 08:00:00,11.0,47.75,8.15,2.98,8.22,7.82,3.4,0.4,3.64,0.85,,,,,,,73.5,1.12,288.0,0.0,0.0,210.5,756.0,
2024-04-04 09:00:00,10.5,65.0,5.95,3.98,6.98,9.82,3.38,0.51,4.07,1.07,,,,,,,67.0,1.35,273.25,0.0,0.0,293.0,756.0,
2024-04-04 10:00:00,8.75,84.25,7.2,2.85,7.32,10.52,2.67,2.07,4.88,13.03,,,,,,,65.5,1.75,238.5,0.0,0.0,389.25,756.0,
2024-04-04 11:00:00,7.5,57.25,5.93,3.03,6.43,9.8,3.73,0.29,4.8,0.6,,,,,,,66.75,2.68,228.5,0.0,0.0,442.5,755.25,
2024-04-04 12:00:00,6.0,47.0,5.23,2.73,5.73,9.37,4.2,0.26,4.4,0.55,,,,,,,66.5,3.1,233.0,0.0,0.0,437.5,754.75,
2024-04-04 13:00:00,6.25,48.75,4.82,2.62,5.3,7.55,3.08,0.17,4.51,0.4,,,,,,,66.0,3.58,241.5,0.0,0.0,405.5,754.0,
2024-04-04 14:00:00,6.0,42.25,3.7,3.02,4.58,7.08,1.98,0.26,4.18,0.57,,,,,,,66.5,3.3,239.5,0.0,0.0,336.75,753.5,
2024-04-04 15:00:00,2.5,34.0,4.5,2.8,5.18,6.52,1.38,0.25,3.62,0.5,,,,,,,69.0,3.48,236.25,0.0,0.0,253.75,753.25,
2024-04-04 16:00:00,1.25,33.0,5.15,1.95,5.22,7.3,2.75,0.27,3.79,0.57,,,,,,,70.25,2.95,226.25,0.0,0.0,161.75,753.0,
2024-04-04 17:00:00,4.25,31.25,5.25,2.68,5.68,8.18,3.0,0.25,3.54,0.47,,,,,,,73.0,2.35,233.0,0.0,0.0,58.0,753.0,
2024-04-04 18:00:00,10.25,35.25,5.48,2.58,5.82,8.88,4.18,0.35,3.75,0.75,,,,,,,77.25,1.42,229.25,0.0,0.0,15.75,753.0,
2024-04-04 19:00:00,8.75,37.25,5.55,4.75,7.02,8.25,4.35,0.39,3.7,0.83,,,,,,,78.25,1.05,236.5,0.0,0.0,12.75,753.0,
2024-04-04 20:00:00,11.5,40.5,7.52,4.95,8.75,8.32,3.9,0.34,3.06,0.7,,,,,,,79.75,0.82,238.25,0.0,0.0,12.5,753.25,
2024-04-04 21:00:00,11.5,39.0,6.92,4.72,8.12,7.08,3.52,0.36,3.59,0.77,,,,,,,80.0,0.8,236.75,0.0,0.0,13.25,754.0,
2024-04-04 22:00:00,6.0,36.0,7.8,4.53,8.72,6.75,2.55,0.32,3.22,0.7,,,,,,,80.75,0.68,246.75,0.0,0.0,13.0,754.0,
2024-04-04 23:00:00,3.0,24.5,8.23,2.98,8.28,6.55,3.25,0.27,3.1,0.57,,,,,,,82.0,0.6,287.25,0.0,0.0,12.5,754.0,
2024-04-05 00:00:00,2.5,17.0,7.38,3.55,7.92,6.2,0.97,0.3,3.15,0.6,,,,,,,83.75,0.38,268.5,0.0,0.0,12.5,753.75,
2024-04-05 01:00:00,1.0,16.75,7.05,3.25,7.5,8.75,1.5,0.37,3.28,0.77,,,,,,,84.5,0.45,265.75,0.0,0.0,11.25,753.0,
2024-04-05 02:00:00,1.5,17.0,6.78,3.8,7.55,9.12,3.3,0.41,2.82,0.88,,,,,,,84.75,0.72,302.0,0.0,0.0,11.0,753.0,
2024-04-05 03:00:00,5.25,19.25,6.45,4.03,7.4,9.48,4.12,0.48,3.83,1.03,,,,,,,84.25,0.72,281.5,0.0,0.0,11.0,753.0,
2024-04-05 04:00:00,10.25,14.5,7.18,3.52,7.75,9.12,1.62,0.3,3.88,0.62,,,,,,,84.5,1.02,294.5,0.0,0.0,10.75,753.0,
2024-04-05 05:00:00,5.0,9.25,6.18,2.92,6.58,7.72,0.43,0.21,2.82,0.53,,,,,,,85.25,0.43,299.25,0.0,0.0,11.5,753.0,
2024-04-05 06:00:00,19.0,19.75,7.72,4.8,8.82,7.32,2.3,0.36,2.75,0.75,,,,,,,85.25,0.42,322.75,0.0,0.0,41.0,753.5,
2024-04-05 07:00:00,16.25,32.25,7.68,3.9,8.3,6.88,2.78,0.38,3.3,0.83,,,,,,,79.5,0.88,299.0,0.0,0.0,126.0,755.0,
2024-04-05 08:00:00,8.0,41.0,7.88,2.92,7.95,6.42,3.4,0.34,3.43,0.7,,,,,,,75.25,1.1,295.5,0.0,0.0,186.0,755.75,
2024-04-05 09:00:00,8.25,70.0,6.22,3.58,6.98,8.7,4.4,0.41,4.1,0.87,,,,,,,67.25,1.27,259.0,0.0,0.0,330.5,756.5,
2024-04-05 10:00:00,10.0,97.75,5.9,3.9,6.88,9.75,5.17,0.8,4.73,13.03,,,,,,,67.75,2.12,233.0,0.0,0.0,391.25,756.0,
2024-04-05 11:00:00,12.5,55.5,4.6,4.0,5.9,9.4,5.63,0.32,4.84,0.7,,,,,,,67.75,2.78,228.75,0.0,0.0,434.25,756.25,
2024-04-05 12:00:00,10.25,56.5,5.07,3.87,6.17,9.63,6.0,0.26,4.56,0.53,,,,,,,67.5,2.85,235.5,0.0,0.0,436.25,759.0,
2024-04-05 13:00:00,6.5,50.75,4.65,3.22,5.48,10.5,5.82,3.22,4.99,,,,,,,,68.5,3.42,231.75,0.0,0.0,405.25,755.75,
2024-04-05 14:00:00,2.0,37.0,4.9,3.6,5.88,8.1,5.15,0.17,19.98,0.4,,,,,,,66.5,2.95,233.0,0.0,0.0,343.75,755.25,
2024-04-05 15:00:00,5.0,34.0,69.65,32.65,74.0,7.7,4.47,0.17,4.38,0.37,,,,,,,66.25,2.9,230.5,0.0,0.0,248.0,753.75,
2024-04-05 16:00:00,4.5,34.25,5.08,3.98,6.22,5.65,2.38,0.15,3.34,0.32,,,,,,,68.75,2.65,236.0,0.0,0.0,153.0,753.0,
2024-04-05 17:00:00,4.0,35.75,4.4,4.1,5.75,7.12,2.45,0.08,3.15,0.17,,,,,,,72.5,2.42,231.25,0.0,0.0,64.75,753.0,
2024-04-05 18:00:00,6.75,37.5,4.9,3.43,5.8,9.5,2.3,0.48,2.37,1.02,,,,,,,75.75,1.18,227.5,0.0,0.0,18.25,753.0,
2024-04-05 19:00:00,7.5,36.5,,,,,1.95,0.6,2.6,1.33,,,,,,,78.0,0.95,231.0,0.0,0.0,14.75,753.0,
2024-04-05 20:00:00,11.0,37.5,,,,,1.82,0.36,2.85,0.72,,,,,,,79.5,0.8,230.25,0.0,0.0,14.5,753.0,
2024-04-05 21:00:00,6.75,35.75,,,,,1.08,0.36,3.16,0.8,,,,,,,80.25,0.88,229.5,0.0,0.0,15.25,754.0,
2024-04-05 22:00:00,5.25,33.75,,,,,0.1,0.3,3.68,0.65,,,,,,,81.0,0.82,229.0,0.0,0.0,17.75,754.0,
2024-04-05 23:00:00,10.75,28.0,10.03,6.13,10.83,8.63,,0.2,2.86,0.43,,,,,,,82.0,0.8,221.5,0.0,0.0,11.5,753.25,
2024-04-06 00:00:00,7.5,22.25,8.82,4.1,9.38,6.55,,0.29,2.66,0.57,,,,,,,82.75,0.35,256.5,0.0,0.0,9.75,753.0,
2024-04-06 01:00:00,9.5,21.5,8.4,3.4,8.6,6.8,0.67,0.3,3.04,0.53,,,,,,,84.75,0.45,311.25,0.0,0.0,8.75,753.0,
2024-04-06 02:00:00,13.25,30.25,,,,,1.88,0.36,2.48,0.75,,,,,,,85.5,0.38,318.0,0.0,0.0,8.5,752.75,
2024-04-06 03:00:00,16.25,57.25,,,,,2.3,0.38,3.61,0.77,,,,,,,84.5,0.8,297.5,0.0,0.0,9.0,752.5,
2024-04-06 04:00:00,6.0,20.25,,,,,2.02,0.32,2.96,0.62,,,,,,,85.0,0.92,296.5,0.0,0.0,8.5,752.5,
2024-04-06 05:00:00,8.5,23.75,11.9,7.0,13.4,5.5,1.95,0.28,2.7,0.63,,,,,,,85.0,0.5,305.5,0.0,0.0,9.0,753.0,
2024-04-06 06:00:00,7.25,27.75,11.5,4.92,11.98,6.15,0.7,0.18,3.02,0.4,,,,,,,84.25,0.68,303.0,0.0,0.0,37.0,753.25,
2024-04-06 07:00:00,9.0,40.0,11.73,5.1,12.23,5.9,0.2,0.18,2.9,0.4,,,,,,,80.75,1.0,309.0,0.0,0.0,95.75,754.5,
2024-04-06 08:00:00,11.25,34.5,9.95,3.78,10.1,6.52,2.72,0.32,3.45,0.65,,,,,,,76.25,1.23,296.0,0.0,0.0,174.5,755.5,
2024-04-06 09:00:00,11.5,44.5,10.95,4.65,11.35,7.75,4.58,0.41,4.41,0.83,,,,,,,68.5,1.5,306.75,0.0,0.0,300.5,756.0,
2024-04-06 10:00:00,16.5,68.5,,,,,4.95,0.4,5.47,0.85,,,,,,,63.25,1.4,297.5,0.0,0.0,381.25,756.75,
2024-04-06 11:00:00,10.75,63.25,5.35,3.2,6.05,9.4,5.35,0.4,6.36,0.9,,,,,,,60.75,1.5,266.75,0.0,0.0,418.5,756.75,
2024-04-06 12:00:00,14.75,61.75,5.4,5.03,7.05,8.52,2.12,0.09,5.93,0.18,,,,,,,66.0,2.45,230.5,0.0,0.0,421.5,756.75,
2024-04-06 13:00:00,11.75,62.5,4.6,5.1,6.45,8.05,0.37,0.18,7.16,0.4,,,,,,,65.25,2.82,239.25,0.0,0.0,394.25,756.0,
2024-04-06 14:00:00,14.0,56.75,3.92,4.45,5.55,7.12,2.38,0.26,6.92,0.5,,,,,,,64.5,2.45,227.25,0.0,0.0,333.75,755.5,
2024-04-06 15:00:00,13.75,56.25,4.0,4.03,5.4,7.6,2.4,0.22,6.42,0.43,,,,,,,62.5,2.0,226.0,0.0,0.0,234.75,753.5,
2024-04-06 16:00:00,14.0,66.25,4.53,4.8,6.22,7.25,3.4,0.33,7.02,0.68,,,,,,,67.75,2.58,224.25,0.0,0.0,121.25,753.0,
2024-04-06 17:00:00,18.75,65.0,3.2,4.72,5.1,8.72,3.75,0.41,7.03,0.83,,,,,,,72.25,2.2,221.25,0.0,0.0,52.0,753.0,
2024-04-06 18:00:00,22.0,58.25,5.77,4.6,7.13,8.77,2.52,0.4,6.68,0.82,,,,,,,76.25,1.3,226.75,0.0,0.0,11.5,753.0,
2024-04-06 19:00:00,18.0,56.0,,,,,1.83,0.45,5.68,0.93,,,,,,,77.5,0.92,232.75,0.0,0.0,9.75,753.0,
2024-04-06 20:00:00,19.75,53.25,,,,,3.25,0.35,4.74,0.72,,,,,,,78.5,0.95,228.75,0.0,0.0,9.5,754.0,
2024-04-06 21:00:00,7.0,43.5,8.03,4.27,8.8,8.53,4.05,0.3,3.78,0.67,,,,,,,79.0,1.0,224.0,0.0,0.0,9.75,754.0,
2024-04-06 22:00:00,8.5,36.5,6.92,5.1,8.32,7.28,2.08,0.24,3.71,0.5,,,,,,,79.75,0.92,217.25,0.0,0.0,10.25,754.0,
2024-04-06 23:00:00,12.75,29.25,7.7,5.15,9.02,6.85,1.78,0.17,3.77,0.4,,,,,,,80.0,0.82,221.0,0.0,0.0,10.0,754.0,
2024-04-07 00:00:00,11.0,31.0,7.65,3.98,8.4,7.35,2.1,0.32,3.97,0.68,,,,,,,80.0,0.88,225.0,0.0,0.0,10.0,754.0,
2024-04-07 01:00:00,9.0,35.75,7.7,4.15,8.45,7.6,2.45,0.32,4.11,0.6,,,,,,,80.25,0.72,269.75,0.0,0.0,9.5,753.25,
2024-04-07 02:00:00,11.0,35.5,8.5,4.1,9.1,11.1,3.45,0.44,3.9,0.9,,,,,,,82.5,0.78,292.5,0.0,0.0,9.0,753.0,
2024-04-07 03:00:00,8.0,21.75,8.28,4.03,8.82,10.6,3.52,0.54,3.64,1.1,,,,,,,83.5,0.9,287.75,0.0,0.0,9.0,753.0,
2024-04-07 04:00:00,9.25,30.75,8.68,3.6,8.95,10.25,4.95,0.27,3.5,0.57,,,,,,,84.0,0.8,294.25,0.0,0.0,8.75,753.0,
2024-04-07 05:00:00,14.25,34.5,8.95,5.78,10.35,9.62,5.58,0.23,2.99,0.53,,,,,,,84.75,0.92,302.0,0.0,0.0,9.0,753.25,
2024-04-07 06:00:00,18.0,40.75,8.18,3.3,8.38,8.38,3.95,0.06,3.34,0.17,,,,,,,84.25,1.03,300.75,0.0,0.0,37.5,754.0,
2024-04-07 07:00:00,15.25,44.5,8.07,2.75,8.02,7.95,3.05,0.11,3.76,0.23,,,,,,,80.25,1.6,299.0,0.0,0.0,109.75,754.75,
2024-04-07 08:00:00,8.75,36.0,8.88,2.58,8.57,8.05,1.42,0.35,3.97,0.72,,,,,,,77.0,1.98,298.75,0.0,0.0,204.25,755.75,
2024-04-07 09:00:00,15.25,31.0,8.02,2.35,7.8,9.15,1.42,0.39,4.42,0.77,,,,,,,67.25,1.72,297.0,0.0,0.0,313.25,756.0,
2024-04-07 10:00:00,17.75,53.25,,,,,1.05,0.5,6.42,1.05,,,,,,,60.5,1.92,305.25,0.0,0.0,384.0,756.5,
2024-04-07 11:00:00,15.25,61.0,,,,,0.57,0.55,6.09,1.17,,,,,,,60.5,1.98,268.25,0.0,0.0,422.75,756.75,
2024-04-07 12:00:00,17.75,70.5,,,,,3.35,0.29,6.32,0.6,,,,,,,66.5,3.2,239.5,0.0,0.0,425.25,765.25,
2024-04-07 13:00:00,13.25,60.5,2.0,3.3,3.4,9.4,4.0,0.3,6.38,0.63,,,,,,,67.25,3.1,239.0,0.0,0.0,397.75,772.75,
2024-04-07 14:00:00,9.75,51.25,4.82,3.2,5.65,8.2,2.2,0.22,5.88,0.45,,,,,,,67.25,2.65,237.75,0.0,0.0,337.5,771.25,
2024-04-07 15:00:00,7.75,46.0,3.4,3.22,4.5,8.35,1.2,0.11,5.95,0.2,,,,,,,68.5,2.92,233.5,0.0,0.0,250.5,771.0,
2024-04-07 16:00:00,11.75,45.0,3.55,2.8,4.4,7.65,0.78,0.3,5.93,0.6,,,,,,,69.5,2.52,232.5,0.0,0.0,150.25,770.75,
2024-04-07 17:00:00,7.75,41.5,4.45,3.2,5.32,8.52,0.62,0.32,5.82,0.63,,,,,,,72.75,2.0,225.25,0.0,0.0,56.5,770.0,
2024-04-07 18:00:00,8.75,40.0,5.8,2.77,6.13,9.07,2.58,0.35,5.25,0.75,,,,,,,77.25,1.52,221.5,0.0,0.0,12.5,771.75,
2024-04-07 19:00:00,13.75,42.0,,,,,2.85,0.4,5.13,0.83,,,,,,,79.25,1.15,229.5,0.0,0.0,9.75,772.75,
2024-04-07 20:00:00,14.25,46.25,,,,,3.12,0.32,4.33,0.65,,,,,,,80.75,1.25,236.5,0.0,0.0,9.25,770.5,
2024-04-07 21:00:00,16.75,39.25,6.85,3.4,7.4,8.7,2.38,0.34,4.42,0.73,,,,,,,82.75,1.38,241.5,0.0,0.0,8.75,769.5,
2024-04-07 22:00:00,11.75,31.25,7.35,3.05,7.6,7.92,2.55,0.22,4.51,0.45,,,,,,,84.0,1.27,227.75,0.0,0.0,9.5,769.25,
2024-04-07 23:00:00,7.5,22.25,6.98,3.72,7.65,7.62,2.35,0.17,4.17,0.37,,,,,,,85.0,1.38,236.25,0.0,0.0,8.75,769.5,
2024-04-08 00:00:00,5.0,18.0,7.43,2.45,7.32,7.12,1.2,0.28,4.65,0.57,,,,,,,85.0,1.3,236.5,0.0,0.0,8.75,769.0,
2024-04-08 01:00:00,2.75,11.75,7.82,2.48,7.68,8.7,0.82,0.31,4.77,0.6,,,,,,,85.5,0.68,288.75,0.0,0.0,8.75,769.0,
2024-04-08 02:00:00,6.0,12.75,8.05,2.52,7.88,10.32,3.22,0.4,4.6,0.82,,,,,,,86.5,0.62,313.75,0.0,0.0,8.5,769.0,
2024-04-08 03:00:00,8.25,18.25,7.93,3.98,8.55,11.62,4.78,0.48,4.74,1.03,,,,,,,87.0,0.72,296.75,0.0,0.0,8.5,769.0,
2024-04-08 04:00:00,6.0,19.0,8.65,1.72,7.92,9.85,3.15,0.29,5.18,0.6,,,,,,,85.75,1.6,299.0,0.0,0.0,8.25,769.0,
2024-04-08 05:00:00,6.0,11.0,7.62,1.73,6.78,10.12,2.52,0.29,5.26,0.63,,,,,,,85.25,1.88,309.25,0.0,0.0,8.75,769.25,
2024-04-08 06:00:00,6.0,14.25,7.78,3.08,7.95,7.8,2.12,0.16,4.67,0.32,,,,,,,85.0,1.42,311.75,0.0,0.0,30.5,770.75,
2024-04-08 07:00:00,9.25,30.75,7.82,4.35,8.7,7.7,2.52,0.13,5.03,0.27,,,,,,,81.0,1.88,306.0,0.0,0.0,117.75,771.75,
2024-04-08 08:00:00,18.75,52.25,6.22,3.8,7.1,7.9,3.7,0.32,5.58,0.68,,,,,,,74.75,2.4,311.5,0.0,0.0,225.0,773.5,
2024-04-08 09:00:00,19.0,69.5,5.18,4.12,6.38,9.12,4.35,0.39,6.09,0.8,,,,,,,68.5,1.88,290.5,0.0,0.0,319.5,772.25,
2024-04-08 10:00:00,22.25,103.5,4.85,4.4,6.28,10.38,2.8,0.52,6.66,1.08,,,,,,,64.0,2.15,259.0,0.0,0.0,388.75,770.5,
2024-04-08 11:00:00,22.0,86.0,6.45,3.25,6.95,10.12,,0.56,6.47,1.2,,,,,,,64.75,3.22,251.25,0.0,0.0,427.0,770.25,
2024-04-08 12:00:00,19.25,94.25,5.08,3.98,6.28,9.22,1.23,0.31,7.28,0.65,,,,,,,64.5,3.65,249.25,0.0,0.0,429.75,769.5,
2024-04-08 13:00:00,19.25,92.25,3.92,3.9,5.28,9.5,2.47,0.3,6.6,0.63,,,,,,,65.5,3.55,250.0,0.0,0.0,397.75,768.25,
2024-04-08 14:00:00,17.0,63.25,4.2,3.5,5.25,8.4,3.25,0.19,6.59,0.4,,,,,,,66.25,3.25,245.5,0.0,0.0,334.5,767.75,
2024-04-08 15:00:00,16.75,53.0,4.18,2.4,4.7,8.22,3.58,0.12,6.76,0.23,,,,,,,70.25,2.6,227.75,0.0,0.0,243.5,767.75,
2024-04-08 16:00:00,15.5,49.0,4.2,2.98,4.97,7.62,2.75,0.29,6.25,0.6,,,,,,,71.25,2.33,227.75,0.0,0.0,147.5,768.0,
2024-04-08 17:00:00,14.0,51.0,3.78,2.68,4.47,8.2,1.95,0.31,6.44,0.6,,,,,,,73.5,1.85,220.25,0.0,0.0,53.0,768.75,
2024-04-08 18:00:00,15.25,39.0,4.92,3.6,5.9,8.95,2.95,0.32,6.77,0.68,,,,,,,76.5,1.3,213.75,0.0,0.0,12.5,771.5,
2024-04-08 19:00:00,18.75,39.0,4.7,4.35,6.15,8.82,3.15,0.36,6.32,0.73,,,,,,,77.0,1.1,209.75,0.0,0.0,9.75,773.0,
2024-04-08 20:00:00,18.0,40.5,5.28,4.0,6.45,8.65,3.6,0.34,6.12,0.72,,,,,,,77.0,1.18,210.5,0.0,0.0,9.75,773.5,
2024-04-08 21:00:00,16.5,42.5,5.3,3.58,6.2,8.8,2.72,0.34,6.3,0.73,,,,,,,77.75,1.35,211.75,0.0,0.0,9.75,774.0,
2024-04-08 22:00:00,12.5,34.0,5.98,1.92,5.92,7.82,1.38,0.2,6.22,0.42,,,,,,,76.5,1.25,212.0,0.0,0.0,10.5,775.0,
2024-04-08 23:00:00,13.75,30.25,5.3,2.53,5.28,7.4,0.9,0.13,6.15,0.27,,,,,,,77.5,1.02,209.5,0.0,0.0,10.5,774.25,
2024-04-09 00:00:00,13.0,28.0,5.3,3.22,6.0,6.45,2.33,0.29,6.3,0.57,,,,,,,77.5,0.72,209.75,0.0,0.0,10.25,773.5,
2024-04-09 01:00:00,8.0,29.0,6.02,1.88,5.93,7.88,2.05,0.3,5.94,0.6,,,,,,,78.25,0.57,212.25,0.0,0.0,10.0,772.5,
2024-04-09 02:00:00,9.25,28.5,5.6,2.4,5.88,9.78,5.3,0.45,6.35,0.95,,,,,,,78.0,0.48,208.5,0.0,0.0,9.75,772.0,
2024-04-09 03:00:00,13.0,28.75,6.98,2.02,6.72,10.58,7.32,0.56,7.29,1.2,,,,,,,78.5,0.52,207.0,0.0,0.0,9.5,771.75,
2024-04-09 04:00:00,13.75,34.5,5.95,2.65,6.22,10.32,4.7,0.3,6.49,0.6,,,,,,,78.75,0.43,209.0,0.0,0.0,9.0,771.25,
2024-04-09 05:00:00,18.75,35.75,7.3,3.0,7.55,9.75,3.4,0.29,6.28,0.6,,,,,,,78.5,0.35,208.5,0.0,0.0,9.5,772.0,
2024-04-09 06:00:00,27.25,40.0,8.72,4.23,9.35,8.18,3.22,0.11,5.63,0.23,,,,,,,77.75,0.3,209.0,0.0,0.0,27.25,773.0,
2024-04-09 07:00:00,27.75,54.0,7.2,3.92,7.93,8.32,3.0,,6.3,,,,,,,,73.75,0.55,221.0,0.0,0.0,103.0,773.0,
2024-04-09 08:00:00,27.25,52.0,6.62,3.5,7.28,7.95,2.4,0.34,6.66,0.72,,,,,,,67.5,0.65,213.25,0.0,0.0,215.0,773.0,
2024-04-09 09:00:00,27.75,59.5,7.45,1.98,7.12,8.45,1.52,0.36,6.15,0.73,,,,,,,66.25,0.95,216.5,0.0,0.0,302.5,771.5,
2024-04-09 10:00:00,25.75,67.75,6.05,2.58,6.32,10.68,1.62,0.48,6.11,1.0,,,,,,,66.0,1.15,197.75,0.0,0.0,360.5,771.0,
2024-04-09 11:00:00,22.25,52.0,5.6,2.8,6.02,10.58,2.68,0.5,5.63,1.1,,,,,,,65.5,1.45,209.75,0.0,0.0,415.5,769.5,
2024-04-09 12:00:00,22.75,55.5,5.62,1.7,5.45,10.78,1.58,0.3,6.14,0.6,,,,,,,64.5,1.62,207.0,0.0,0.0,417.5,768.5,
2024-04-09 13:00:00,24.25,66.0,5.15,2.08,5.3,10.15,1.65,0.27,5.42,0.53,,,,,,,65.25,1.88,204.75,0.0,0.0,387.5,767.75,
2024-04-09 14:00:00,30.0,64.0,4.62,3.02,5.38,8.78,2.25,0.22,5.45,0.45,,,,,,,64.5,1.78,193.0,0.0,0.0,324.0,767.0,
2024-04-09 15:00:00,27.25,57.75,5.22,1.88,5.25,8.45,1.62,0.14,5.42,0.3,,,,,,,65.75,1.8,202.75,0.0,0.0,234.75,767.0,
2024-04-09 16:00:00,27.0,59.5,5.5,2.68,5.9,8.8,1.88,0.32,5.28,0.68,,,,,,,68.0,1.65,201.5,0.0,0.0,137.5,767.0,
2024-04-09 17:00:00,25.25,67.5,5.08,3.25,5.85,8.93,1.65,0.32,6.04,0.7,,,,,,,70.25,1.18,207.75,0.0,0.0,52.0,767.0,
2024-04-09 18:00:00,30.75,73.0,4.62,3.9,5.82,10.2,2.1,0.41,6.12,0.88,,,,,,,72.0,0.75,205.25,0.0,0.0,12.5,768.0,
2024-04-09 19:00:00,33.0,81.0,5.58,3.82,6.55,9.55,2.45,0.43,6.15,0.9,,,,,,,72.25,0.6,198.25,0.0,0.0,10.5,768.25,
2024-04-09 20:00:00,25.5,67.75,5.88,3.5,6.62,9.57,1.78,0.32,6.08,0.65,,,,,,,74.5,0.5,182.75,0.0,0.0,9.75,769.5,
2024-04-09 21:00:00,28.75,61.75,7.52,3.38,7.92,9.2,1.92,0.31,6.72,0.6,,,,,,,75.0,0.7,181.0,0.0,0.0,10.0,770.0,
2024-04-09 22:00:00,23.0,56.5,7.25,2.3,7.1,8.35,1.8,0.25,6.35,0.5,,,,,,,74.75,0.52,171.0,0.0,0.0,10.5,771.0,
2024-04-09 23:00:00,18.25,57.75,6.18,2.82,6.55,8.07,1.02,0.14,6.53,0.3,,,,,,,75.5,0.42,174.25,0.0,0.0,10.5,771.0,
2024-04-10 00:00:00,22.75,49.0,5.3,1.98,5.38,7.82,1.98,0.32,6.76,0.68,,,,,,,76.5,0.3,185.0,0.0,0.0,10.5,771.0,
2024-04-10 01:00:00,25.5,52.0,7.18,1.88,6.85,8.45,2.68,0.31,6.99,0.7,,,,,,,77.0,0.3,186.75,0.0,0.0,10.5,770.25,
2024-04-10 02:00:00,27.25,51.0,6.35,2.8,6.65,10.38,4.42,0.55,7.46,1.15,,,,,,,77.75,0.3,186.5,0.0,0.0,9.75,770.0,
2024-04-10 03:00:00,29.75,50.75,5.7,2.82,6.15,11.12,6.05,0.73,8.15,1.57,,,,,,,78.0,0.3,148.0,0.0,0.0,9.75,770.0,
2024-04-10 04:00:00,33.0,57.5,7.45,3.03,7.2,10.55,4.85,0.28,7.74,0.57,,,,,,,77.5,0.3,173.0,0.0,0.0,9.75,770.75,
2024-04-10 05:00:00,30.0,58.25,9.95,5.78,11.18,10.7,4.15,0.3,5.66,0.63,,,,,,,78.5,0.3,171.25,0.0,0.0,9.75,771.0,
2024-04-10 06:00:00,39.25,79.25,10.02,7.38,12.1,8.05,1.52,0.12,5.05,0.28,,,,,,,77.75,0.3,183.25,0.0,0.0,31.25,772.0,
2024-04-10 07:00:00,38.25,88.5,8.65,4.65,9.5,8.07,0.25,0.02,6.96,0.1,,,,,,,72.5,0.32,182.25,0.0,0.0,116.75,773.25,
2024-04-10 08:00:00,33.75,69.0,8.35,2.6,8.15,8.2,2.17,0.33,7.07,0.68,,,,,,,68.25,0.42,193.0,0.0,0.0,217.75,773.5,
2024-04-10 09:00:00,35.25,74.25,7.02,3.1,7.32,8.4,2.75,0.29,6.5,0.63,,,,,,,66.5,0.7,195.25,0.0,0.0,291.25,772.25,
2024-04-10 10:00:00,34.75,85.75,6.28,2.1,6.22,10.48,4.5,0.6,7.16,1.25,,,,,,,65.5,0.98,199.5,0.0,0.0,381.5,770.5,
2024-04-10 11:00:00,38.25,75.75,5.72,2.65,6.05,10.62,5.78,0.64,6.72,1.37,,,,,,,66.25,1.32,199.5,0.0,0.0,424.25,769.25,
2024-04-10 12:00:00,33.5,83.25,5.78,2.6,6.08,10.42,3.98,0.29,6.9,0.6,,,,,,,66.0,1.55,202.5,0.0,0.0,424.25,768.0,
2024-04-10 13:00:00,35.0,78.25,4.15,3.35,5.18,10.07,3.12,0.26,6.27,0.57,,,,,,,66.0,1.6,213.0,0.0,0.0,417.0,766.75,
2024-04-10 14:00:00,34.75,68.0,5.2,1.67,5.07,9.45,2.1,0.34,5.8,0.72,,,,,,,66.5,1.52,214.5,0.0,0.0,308.5,765.75,
2024-04-10 15:00:00,31.5,66.25,4.38,2.82,5.05,9.12,1.75,0.26,5.99,0.53,,,,,,,67.0,1.38,196.25,0.0,0.0,226.5,766.5,
2024-04-10 16:00:00,23.0,75.0,6.12,1.98,6.02,8.65,1.78,0.33,6.06,0.7,,,,,,,68.5,1.2,209.75,0.0,0.0,138.5,767.0,
2024-04-10 17:00:00,22.5,67.25,3.95,2.85,4.75,8.57,1.1,0.34,6.72,0.73,,,,,,,70.75,0.98,201.25,0.0,0.0,52.5,767.0,
2024-04-10 18:00:00,32.25,79.25,3.92,4.18,5.45,9.95,1.1,0.5,7.42,1.05,,,,,,,74.25,0.65,205.25,0.0,0.0,12.75,767.75,
2024-04-10 19:00:00,36.75,74.25,4.65,3.6,5.72,9.98,1.08,0.53,7.22,1.13,,,,,,,75.0,0.55,194.5,0.0,0.0,10.25,768.5,
2024-04-10 20:00:00,29.25,66.75,5.2,3.8,6.28,9.4,0.9,0.34,6.94,0.7,,,,,,,75.0,0.6,203.75,0.0,0.0,10.0,769.0,
2024-04-10 21:00:00,28.5,67.75,6.75,3.1,7.15,9.32,0.8,0.35,6.79,0.73,,,,,,,75.0,0.42,198.0,0.0,0.0,10.0,769.75,
2024-04-10 22:00:00,32.0,61.75,5.52,4.12,6.68,8.12,2.33,0.38,6.68,0.82,,,,,,,75.75,0.38,186.75,0.0,0.0,10.5,770.0,
2024-04-10 23:00:00,28.5,53.75,5.8,2.82,6.22,7.65,2.58,0.26,7.15,0.53,,,,,,,76.0,0.38,197.25,0.0,0.0,10.5,770.75,
2024-04-11 00:00:00,26.5,48.0,6.72,1.48,6.2,7.42,4.42,0.32,7.59,0.68,,,,,,,77.0,0.32,200.25,0.0,0.0,10.5,771.0,
2024-04-11 01:00:00,25.0,42.0,7.48,0.9,6.42,7.62,4.65,0.29,7.16,0.6,,,,,,,77.0,0.3,191.5,0.0,0.0,10.5,771.0,
2024-04-11 02:00:00,25.75,44.25,5.38,2.5,5.72,10.1,2.68,0.5,7.71,1.05,,,,,,,77.25,0.3,164.25,0.0,0.0,10.0,771.0,
2024-04-11 03:00:00,28.5,49.5,6.88,1.78,6.52,10.7,2.68,0.76,7.56,1.63,,,,,,,77.5,0.3,182.5,0.0,0.0,10.0,771.0,
2024-04-11 04:00:00,28.5,45.5,7.32,2.4,7.22,9.48,4.25,0.24,7.53,0.48,,,,,,,76.75,0.3,204.25,0.0,0.0,9.75,771.5,
2024-04-11 05:00:00,25.25,49.75,6.9,2.3,6.85,9.78,4.3,0.28,6.65,0.57,,,,,,,77.75,0.3,200.75,0.0,0.0,10.0,772.0,
2024-04-11 06:00:00,29.5,64.25,8.07,3.82,8.62,8.25,2.75,0.27,5.88,0.6,,,,,,,76.5,0.3,155.25,0.0,0.0,37.25,773.0,
2024-04-11 07:00:00,28.0,71.75,7.8,1.5,7.12,7.88,1.2,0.12,6.85,0.27,,,,,,,71.0,0.4,174.5,0.0,0.0,125.0,774.0,
2024-04-11 08:00:00,19.25,41.5,6.45,2.25,6.42,7.88,2.12,0.31,6.22,0.65,,,,,,,67.75,0.72,198.0,0.0,0.0,228.25,773.75,
2024-04-11 09:00:00,21.0,53.0,6.68,2.28,6.62,7.38,1.92,0.34,5.48,0.7,,,,,,,63.25,0.72,207.75,0.0,0.0,324.5,771.5,
2024-04-11 10:00:00,26.5,56.5,5.4,2.67,5.35,9.82,2.75,0.62,6.08,1.27,,,,,,,63.0,1.28,210.5,0.0,0.0,391.25,770.0,
2024-04-11 11:00:00,34.0,56.0,4.82,3.28,5.62,9.78,4.25,0.68,6.33,1.5,,,,,,,64.0,1.35,217.75,0.0,0.0,429.25,768.75,
2024-04-11 12:00:00,28.75,51.25,3.45,4.18,5.03,8.38,2.68,0.24,6.23,0.52,,,,,,,64.0,1.52,220.0,0.0,0.0,435.75,767.5,
2024-04-11 13:00:00,16.0,53.75,2.62,2.88,3.65,8.15,2.58,0.27,5.7,0.53,,,,,,,64.25,1.6,216.5,0.0,0.0,405.75,766.5,
2024-04-11 14:00:00,23.25,49.0,4.15,2.12,4.47,7.75,2.6,0.25,5.47,0.52,,,,,,,63.5,1.7,219.25,0.0,0.0,342.25,766.0,
2024-04-11 15:00:00,20.5,51.75,3.5,2.55,4.2,6.8,3.2,0.15,5.24,0.33,,,,,,,65.5,1.98,215.5,0.0,0.0,252.75,765.75,
2024-04-11 16:00:00,26.0,69.25,3.78,2.68,4.47,6.95,3.02,0.23,5.74,0.48,,,,,,,67.5,1.85,211.0,0.0,0.0,148.25,766.25,
2024-04-11 17:00:00,19.5,65.75,4.7,2.08,4.92,7.05,2.75,0.24,5.53,0.5,,,,,,,69.5,1.52,211.75,0.0,0.0,61.5,767.0,
2024-04-11 18:00:00,20.5,52.75,4.97,3.1,5.7,7.82,4.93,0.38,5.68,0.78,,,,,,,72.5,1.08,208.25,0.0,0.0,17.75,767.5,
2024-04-11 19:00:00,26.75,53.0,5.6,2.95,6.15,8.12,5.68,0.43,6.03,0.9,,,,,,,73.75,0.98,204.0,0.0,0.0,14.5,768.75,
2024-04-11 20:00:00,23.0,54.0,6.18,3.1,6.65,8.07,2.15,0.32,6.34,0.65,,,,,,,74.5,0.8,198.5,0.0,0.0,14.5,769.0,
2024-04-11 21:00:00,21.75,44.25,5.75,2.95,6.25,8.0,0.37,0.32,6.23,0.7,,,,,,,75.75,0.78,201.75,0.0,0.0,14.5,770.0,
2024-04-11 22:00:00,16.75,33.5,6.22,2.52,6.4,7.22,0.1,0.34,5.97,0.72,,,,,,,76.0,0.68,202.5,0.0,0.0,15.0,770.75,
2024-04-11 23:00:00,12.5,33.5,5.92,2.35,6.08,6.68,0.27,0.24,6.14,0.53,,,,,,,76.25,0.52,197.0,0.0,0.0,15.0,771.0,
2024-04-12 00:00:00,10.0,27.75,6.15,1.95,6.02,6.32,1.65,0.28,6.33,0.57,,,,,,,77.25,0.62,198.5,0.0,0.0,15.0,771.0,
2024-04-12 01:00:00,7.5,23.75,6.18,1.4,5.78,6.28,2.4,0.26,6.4,0.53,,,,,,,77.0,0.55,190.75,0.0,0.0,15.0,771.0,
2024-04-12 02:00:00,10.0,24.75,5.05,2.78,5.58,8.45,4.32,0.37,7.31,0.78,,,,,,,77.5,0.5,197.25,0.0,0.0,14.0,771.0,
2024-04-12 03:00:00,13.25,28.0,6.0,2.4,5.85,9.28,6.12,0.67,8.13,1.4,,,,,,,78.0,0.45,201.0,0.0,0.0,13.75,771.0,
2024-04-12 04:00:00,14.5,22.75,5.8,2.1,5.8,8.78,4.5,0.3,6.98,0.6,,,,,,,78.0,0.57,206.75,0.0,0.0,13.5,771.5,
2024-04-12 05:00:00,17.5,26.25,6.05,2.88,6.42,8.22,4.88,0.26,7.18,0.5,,,,,,,78.0,0.68,205.75,0.0,0.0,13.75,772.0,
2024-04-12 06:00:00,20.5,34.5,6.25,2.82,6.52,7.12,3.62,0.28,6.77,0.6,,,,,,,77.25,0.7,208.0,0.0,0.0,43.25,773.25,
2024-04-12 07:00:00,16.0,46.0,5.6,3.15,6.22,6.55,2.2,0.07,6.89,0.13,,,,,,,73.75,0.88,215.0,0.0,0.0,129.75,774.0,
2024-04-12 08:00:00,17.75,41.75,4.97,2.12,5.15,6.48,1.8,0.3,6.36,0.62,,,,,,,69.75,1.05,201.0,0.0,0.0,236.5,773.25,
2024-04-12 09:00:00,21.75,45.75,5.03,3.12,5.75,6.05,2.0,0.38,6.02,0.8,,,,,,,67.5,1.42,206.5,0.0,0.0,333.0,770.75,
2024-04-12 10:00:00,19.75,46.25,4.85,3.1,5.6,7.72,2.85,0.37,6.66,0.78,,,,,,,66.5,1.72,211.0,0.0,0.0,399.0,769.75,
2024-04-12 11:00:00,24.5,55.5,5.58,3.18,6.22,8.15,4.5,0.47,6.47,1.03,,,,,,,65.75,1.62,213.5,0.0,0.0,435.75,769.0,
2024-04-12 12:00:00,22.25,44.0,4.7,1.52,4.65,8.07,3.45,0.3,6.57,0.62,,,,,,,66.0,1.6,218.0,0.0,0.0,436.25,768.25,
2024-04-12 13:00:00,19.5,41.0,4.22,2.12,4.55,8.38,3.48,0.3,6.34,0.6,,,,,,,65.75,1.92,218.75,0.0,0.0,401.5,767.75,
2024-04-12 14:00:00,17.75,40.75,4.18,2.12,4.55,7.38,2.85,0.33,5.98,0.7,,,,,,,66.25,1.85,217.0,0.0,0.0,337.75,767.0,
2024-04-12 15:00:00,15.5,40.0,4.12,2.08,4.47,7.12,2.62,0.25,5.8,0.53,,,,,,,67.75,1.95,218.5,0.0,0.0,255.75,767.0,
2024-04-12 16:00:00,10.0,42.5,2.95,2.52,3.75,6.8,3.02,0.29,6.37,0.57,,,,,,,69.0,1.65,221.5,0.0,0.0,147.5,767.0,
2024-04-12 17:00:00,9.5,48.5,4.5,2.5,4.97,7.18,2.3,0.3,6.97,0.6,,,,,,,71.5,1.1,216.0,0.0,0.0,62.75,767.5,
2024-04-12 18:00:00,17.75,46.25,3.32,3.22,4.42,8.0,3.02,0.39,7.01,0.82,,,,,,,74.75,0.92,209.0,0.0,0.0,17.5,768.0,
2024-04-12 19:00:00,21.25,54.25,4.97,3.15,5.7,7.8,3.6,0.47,7.12,1.0,,,,,,,75.75,0.92,208.0,0.0,0.0,14.5,769.0,
2024-04-12 20:00:00,26.25,60.0,5.57,3.78,6.52,7.88,2.17,0.34,6.9,0.7,,,,,,,76.0,0.7,207.75,0.0,0.0,14.5,769.5,
2024-04-12 21:00:00,27.25,61.5,5.98,3.3,6.62,8.07,1.88,0.33,7.07,0.7,,,,,,,76.0,0.62,211.25,0.0,0.0,14.5,770.0,
2024-04-12 22:00:00,17.0,46.0,5.7,3.95,6.72,7.22,2.65,0.36,6.89,0.75,,,,,,,76.25,0.52,206.75,0.0,0.0,15.0,770.0,
2024-04-12 23:00:00,12.25,37.5,6.35,2.02,6.22,6.68,1.95,0.25,7.37,0.5,,,,,,,77.0,0.43,207.0,0.0,0.0,15.5,770.0,
2024-04-13 00:00:00,15.0,29.5,6.12,2.52,6.32,6.12,2.4,0.32,7.52,0.68,,,,,,,76.5,0.38,208.25,0.0,0.0,15.5,770.0,
2024-04-13 01:00:00,13.25,26.75,5.35,2.28,5.55,6.62,2.58,0.29,7.96,0.6,,,,,,,77.75,0.4,212.25,0.0,0.0,15.0,770.0,
2024-04-13 02:00:00,16.25,23.0,5.88,3.55,6.68,7.28,3.78,0.35,7.65,0.75,,,,,,,78.0,0.32,211.0,0.0,0.0,14.5,770.0,
2024-04-13 03:00:00,15.25,25.0,6.52,2.45,6.6,9.3,4.12,0.69,7.94,1.47,,,,,,,78.0,0.3,204.5,0.0,0.0,14.0,770.0,
2024-04-13 04:00:00,18.25,30.25,6.2,2.75,6.5,8.22,2.5,0.27,7.94,0.57,,,,,,,78.5,0.3,207.0,0.0,0.0,13.5,770.75,
2024-04-13 05:00:00,17.75,46.75,9.07,5.9,10.5,7.6,1.88,0.28,6.82,0.57,,,,,,,79.25,0.3,209.0,0.0,0.0,13.75,771.0,
2024-04-13 06:00:00,25.75,99.5,25.1,12.5,27.02,7.7,2.8,0.3,2.7,0.62,,,,,,,80.25,0.3,211.0,0.0,0.0,33.0,771.75,
2024-04-13 07:00:00,35.0,87.0,18.5,10.78,20.78,7.3,1.78,0.09,3.8,0.13,,,,,,,74.75,0.65,159.5,0.0,0.0,138.75,773.25,
2024-04-13 08:00:00,40.0,86.25,15.28,7.8,16.55,7.4,4.18,0.31,5.62,0.65,,,,,,,69.25,0.45,208.0,0.0,0.0,205.25,772.75,
2024-04-13 09:00:00,36.75,91.0,12.0,3.25,11.48,6.55,4.95,0.3,6.25,0.63,,,,,,,64.75,0.68,200.0,0.0,0.0,318.0,771.25,
2024-04-13 10:00:00,11.5,54.75,9.23,3.35,9.25,7.93,2.68,0.43,6.56,0.9,,,,,,,64.5,0.77,185.0,0.0,0.0,359.25,770.0,
2024-04-13 11:00:00,19.75,43.25,8.28,2.7,8.18,8.75,3.4,0.57,6.24,1.27,,,,,,,63.25,0.92,209.5,0.0,0.0,409.25,769.25,
2024-04-13 12:00:00,21.0,39.0,5.98,3.72,6.85,8.18,2.92,0.3,6.45,0.65,,,,,,,64.25,1.25,204.0,0.0,0.0,422.75,768.25,
2024-04-13 13:00:00,17.5,41.75,5.72,3.3,6.4,7.58,3.32,0.3,6.24,0.6,,,,,,,63.75,1.27,207.25,0.0,0.0,397.75,767.25,
2024-04-13 14:00:00,16.0,42.5,5.52,2.1,5.58,8.1,2.38,0.34,5.72,0.72,,,,,,,64.25,1.38,212.0,0.0,0.0,329.75,767.0,
2024-04-13 15:00:00,16.5,48.0,4.88,3.52,5.82,12.28,3.08,0.29,4.55,0.8,,,,,,,65.75,1.42,207.0,0.0,0.0,225.25,767.0,
2024-04-13 16:00:00,17.0,55.0,5.5,3.6,6.38,15.15,2.28,0.44,7.05,0.9,,,,,,,66.5,1.12,198.75,0.0,0.0,127.75,767.0,
2024-04-13 17:00:00,14.0,67.0,6.25,6.25,8.4,16.25,2.7,0.46,7.3,1.0,,,,,,,68.0,0.85,204.5,0.0,0.0,76.0,764.0,
2024-04-13 18:00:00,,,,,,,,,,,,,,,,,,,,,0.0,,,
2024-04-13 19:00:00,,,,,,,,,,,,,,,,,,,,,0.0,,,
2024-04-13 20:00:00,,,,,,,,,,,,,,,,,,,,,0.0,,,
2024-04-13 21:00:00,,,,,,,,,,,,,,,,,,,,,0.0,,,
2024-04-13 22:00:00,,,,,,,,,,,,,,,,,,,,,0.0,,,
2024-04-13 23:00:00,,,,,,,,,,,,,,,,,,,,,0.0,,,
2024-04-14 00:00:00,,,,,,,,,,,,,,,,,,,,,0.0,,,
2024-04-14 01:00:00,,,,,,,,,,,,,,,,,,,,,0.0,,,
2024-04-14 02:00:00,,,,,,,,,,,,,,,,,,,,,0.0,,,
2024-04-14 03:00:00,,,,,,,,,,,,,,,,,,,,,0.0,,,
2024-04-14 04:00:00,,,,,,,,,,,,,,,,,,,,,0.0,,,
2024-04-14 05:00:00,,,,,,,,,,,,,,,,,,,,,0.0,,,
2024-04-14 06:00:00,,,,,,,,,,,,,,,,,,,,,0.0,,,
2024-04-14 07:00:00,,,,,,,,,,,,,,,,,,,,,0.0,,,
2024-04-14 08:00:00,,,,,,,,,,,,,,,,,,,,,0.0,,,
2024-04-14 09:00:00,,,,,,,,,47.61,,,,,,,,67.0,1.4,206.0,0.0,0.0,333.0,745.0,
2024-04-14 10:00:00,46.0,90.0,3.7,2.1,4.13,12.07,5.43,1.08,48.19,2.25,,,,,,,66.0,1.1,201.0,0.0,0.0,354.5,745.0,
2024-04-14 11:00:00,47.25,89.0,4.22,2.95,5.03,13.08,6.08,,21.83,,,,,,,,65.25,1.15,198.25,0.0,0.0,385.5,744.75,
2024-04-14 12:00:00,49.75,87.0,3.52,2.08,3.95,12.62,2.32,0.29,26.51,0.6,,,,,,,65.25,1.27,201.25,0.0,0.0,393.25,743.75,
2024-04-14 13:00:00,44.5,90.5,5.65,3.78,6.58,11.5,0.67,0.28,12.87,0.57,,,,,,,65.0,1.25,202.5,0.0,0.0,384.5,743.0,
2024-04-14 14:00:00,39.5,86.5,4.38,1.72,4.47,11.72,1.05,0.35,11.39,0.72,,,,,,,65.25,1.52,199.5,0.0,0.0,331.75,743.0,
2024-04-14 15:00:00,39.0,76.25,4.5,1.9,4.7,11.62,2.08,0.37,16.49,0.8,,,,,,,65.5,1.25,201.75,0.0,0.0,246.75,742.25,
2024-04-14 16:00:00,42.0,87.75,4.32,2.6,4.88,11.2,1.32,0.48,8.86,1.0,,,,,,,67.5,1.1,198.5,0.0,0.0,146.25,742.0,
2024-04-14 17:00:00,45.5,76.25,4.6,2.98,5.3,11.15,1.12,0.48,9.03,1.07,,,,,,,70.25,0.75,197.75,0.0,0.0,52.75,742.0,
2024-04-14 18:00:00,55.0,101.25,4.25,3.92,5.55,10.52,4.08,0.32,9.77,0.7,,,,,,,73.0,0.7,199.25,0.0,0.0,12.25,742.0,
2024-04-14 19:00:00,50.5,82.75,4.9,3.53,5.88,11.15,4.45,0.31,9.97,0.6,,,,,,,73.5,0.52,199.5,0.0,0.0,9.75,742.5,
2024-04-14 20:00:00,43.5,75.25,5.98,2.8,6.35,10.68,3.1,0.4,9.38,0.85,,,,,,,74.5,0.32,198.25,0.0,0.0,9.75,743.0,
2024-04-14 21:00:00,34.25,62.0,5.95,2.42,6.12,10.3,2.12,0.38,9.37,0.83,,,,,,,74.5,0.3,199.25,0.0,0.0,11.0,743.5,
2024-04-14 22:00:00,26.75,53.25,6.02,3.62,6.85,8.82,3.1,0.3,8.79,0.65,,,,,,,75.0,0.3,201.0,0.0,0.0,12.25,744.0,
2024-04-14 23:00:00,19.25,42.0,5.72,2.33,5.9,8.45,2.58,0.25,8.51,0.5,,,,,,,76.0,0.3,205.75,0.0,0.0,12.5,743.75,
2024-04-15 00:00:00,16.25,32.5,5.92,2.45,6.1,8.22,1.05,0.34,8.54,0.7,,,,,,,76.25,0.3,204.75,0.0,0.0,12.5,743.0,
2024-04-15 01:00:00,17.25,31.0,6.25,2.28,6.3,9.05,0.9,0.32,8.56,0.63,,,,,,,77.0,0.3,208.75,0.0,0.0,12.0,742.5,
2024-04-15 02:00:00,28.5,52.25,15.78,7.55,16.88,11.15,0.8,0.42,6.71,0.9,,,,,,,77.75,0.3,200.25,0.0,0.0,11.0,742.0,
2024-04-15 03:00:00,36.0,118.0,12.42,11.42,16.18,11.05,1.9,0.45,5.03,1.0,,,,,,,79.0,0.3,201.75,0.0,0.0,11.0,742.0,
2024-04-15 04:00:00,42.0,106.0,11.52,6.5,12.8,10.35,3.18,0.32,5.48,0.7,,,,,,,79.5,0.3,235.0,0.0,0.0,10.75,742.0,
2024-04-15 05:00:00,34.75,61.0,13.72,9.95,16.42,9.98,4.07,0.31,4.05,0.7,,,,,,,80.0,0.3,266.75,0.0,0.0,11.25,743.0,
2024-04-15 06:00:00,38.5,81.25,12.7,7.72,14.45,8.27,2.82,0.26,4.56,0.5,,,,,,,79.0,0.3,280.75,0.0,0.0,38.75,743.0,
2024-04-15 07:00:00,34.25,64.25,12.3,8.2,14.35,8.7,0.82,0.24,5.12,0.5,,,,,,,76.0,0.3,301.75,0.0,0.0,77.75,744.0,
2024-04-15 08:00:00,34.5,76.75,10.88,4.22,11.08,7.7,1.45,0.34,5.84,0.7,,,,,,,67.75,0.35,251.75,0.0,0.0,228.75,745.0,
2024-04-15 09:00:00,31.0,79.5,10.98,2.3,10.12,8.62,1.3,0.32,5.87,0.73,,,,,,,64.75,0.57,215.75,0.0,0.0,327.75,745.0,
2024-04-15 10:00:00,23.25,59.0,8.68,4.3,9.35,9.72,4.35,0.45,6.28,0.98,,,,,,,64.0,0.85,200.0,0.0,0.0,391.0,745.0,
2024-04-15 11:00:00,19.0,47.75,6.88,3.85,7.62,9.75,5.43,0.4,6.5,0.9,,,,,,,64.25,0.98,208.25,0.0,0.0,423.25,745.0,
2024-04-15 12:00:00,22.0,48.75,6.62,2.8,6.88,9.7,2.68,0.34,6.46,0.7,,,,,,,64.5,1.15,218.75,0.0,0.0,424.25,744.25,
2024-04-15 13:00:00,21.25,44.0,6.75,2.02,6.55,9.75,0.7,0.32,5.76,0.7,,,,,,,64.5,1.2,214.25,0.0,0.0,406.75,744.0,
2024-04-15 14:00:00,17.25,40.5,4.53,2.05,4.78,8.55,2.38,1.29,6.1,2.7,,,,,,,65.75,1.7,219.75,0.0,0.0,342.75,743.0,
2024-04-15 15:00:00,13.5,47.5,4.95,1.9,5.03,8.52,2.28,1.28,5.57,3.2,,,,,,,65.5,1.55,207.75,0.0,0.0,254.5,743.0,
2024-04-15 16:00:00,17.5,60.67,5.35,2.4,5.62,7.95,1.3,0.3,6.27,0.6,,,,,,,66.25,1.72,208.25,0.0,0.0,155.0,742.5,
2024-04-15 17:00:00,17.0,41.25,4.53,3.38,5.48,8.95,0.35,0.29,6.99,0.6,,,,,,,69.75,0.95,207.75,0.0,0.0,56.0,742.0,
2024-04-15 18:00:00,20.75,58.75,7.1,3.9,7.8,9.15,0.35,0.38,6.86,0.8,,,,,,,72.75,0.8,215.75,0.0,0.0,13.75,742.0,
2024-04-15 19:00:00,25.5,63.75,6.45,4.15,7.45,9.1,0.57,0.4,6.61,0.9,,,,,,,74.5,0.95,218.5,0.0,0.0,11.25,742.75,
2024-04-15 20:00:00,31.5,61.0,6.85,4.28,7.85,9.55,1.38,0.36,6.5,0.72,,,,,,,75.25,0.82,221.75,0.0,0.0,10.75,743.0,
2024-04-15 21:00:00,25.25,55.5,6.42,5.52,8.18,9.4,1.27,0.36,6.28,0.8,,,,,,,76.0,0.57,218.75,0.0,0.0,11.25,743.5,
2024-04-15 22:00:00,20.75,58.25,7.25,3.7,7.85,8.32,1.17,0.28,6.62,0.57,,,,,,,76.25,0.4,216.0,0.0,0.0,12.5,744.0,
2024-04-15 23:00:00,24.5,62.25,7.32,5.82,9.05,7.85,,0.25,4.58,0.5,,,,,,,77.5,0.3,295.0,0.0,0.0,12.75,743.75,
2024-04-16 00:00:00,27.5,59.0,8.7,3.45,8.9,7.68,,0.32,5.64,0.68,,,,,,,78.25,0.3,277.0,0.0,0.0,12.75,743.0,
2024-04-16 01:00:00,30.5,92.75,14.12,7.58,15.55,8.22,0.6,0.29,3.87,0.57,,,,,,,80.5,0.3,304.75,0.0,0.0,12.0,742.75,
2024-04-16 02:00:00,47.5,193.25,11.15,9.85,14.28,10.8,2.65,0.55,3.95,1.15,,,,,,,81.25,0.3,304.75,0.0,0.0,10.75,742.0,
2024-04-16 03:00:00,33.75,81.75,11.28,8.45,13.65,10.72,3.42,0.59,4.6,1.37,,,,,,,82.0,0.3,317.75,0.0,0.0,11.0,742.0,
2024-04-16 04:00:00,37.75,75.5,12.7,7.72,14.42,10.12,1.55,0.33,3.61,0.68,,,,,,,82.5,0.3,303.5,0.0,0.0,10.75,742.0,
2024-04-16 05:00:00,25.0,63.5,10.48,5.98,11.7,10.22,1.35,0.32,3.8,0.7,,,,,,,83.0,0.3,306.75,0.0,0.0,11.25,742.0,
2024-04-16 06:00:00,28.5,65.0,22.7,8.2,22.78,8.48,0.95,0.24,3.55,0.48,,,,,,,82.0,0.3,298.75,0.0,0.0,41.25,743.0,
2024-04-16 07:00:00,38.0,105.25,14.68,7.75,16.02,8.02,0.2,0.21,3.72,0.43,,,,,,,76.25,0.35,286.0,0.0,0.0,125.5,743.75,
2024-04-16 08:00:00,34.0,90.5,14.22,3.98,13.68,8.62,1.23,0.38,5.49,0.78,,,,,,,69.75,0.52,294.0,0.0,0.0,227.75,744.0,
2024-04-16 09:00:00,29.25,93.5,12.4,3.52,11.95,8.32,1.08,0.4,6.09,0.87,,,,,,,64.25,0.85,284.75,0.0,0.0,319.5,744.0,
2024-04-16 10:00:00,26.5,105.25,9.1,4.95,10.02,10.62,3.53,0.64,6.98,1.35,,,,,,,62.75,1.38,247.5,0.0,0.0,386.25,744.0,
2024-04-16 11:00:00,31.5,93.5,6.52,5.45,8.2,10.05,5.5,0.6,6.65,1.4,,,,,,,63.0,2.35,232.25,0.0,0.0,424.75,743.5,
2024-04-16 12:00:00,20.75,72.75,4.9,5.4,6.88,9.65,3.7,0.34,7.82,0.7,,,,,,,60.75,2.2,238.75,0.0,0.0,431.75,743.0,
2024-04-16 13:00:00,11.75,71.25,3.9,3.92,5.25,9.18,2.5,0.3,7.13,0.63,,,,,,,61.75,2.78,236.25,0.0,0.0,403.5,742.25,
2024-04-16 14:00:00,14.75,76.5,4.25,2.92,5.03,8.8,3.2,0.23,7.62,0.48,,,,,,,64.25,2.7,245.25,0.0,0.0,338.5,742.0,
2024-04-16 15:00:00,14.5,71.25,3.8,4.68,5.6,8.0,3.62,0.22,6.81,0.43,,,,,,,63.75,2.5,234.0,0.0,0.0,250.0,741.75,
2024-04-16 16:00:00,10.0,67.75,3.15,5.0,5.22,8.25,5.28,0.36,6.26,0.75,,,,,,,64.0,2.3,235.0,0.0,0.0,153.25,741.0,
2024-04-16 17:00:00,16.0,64.0,2.95,5.85,5.58,9.35,5.82,0.41,7.06,0.9,,,,,,,66.75,1.9,229.0,0.0,0.0,56.75,741.25,
2024-04-16 18:00:00,10.0,74.0,5.1,5.2,6.92,9.38,3.95,0.41,5.56,0.85,,,,,,,70.5,1.12,224.75,0.0,0.0,18.0,741.25,
2024-04-16 19:00:00,22.0,70.25,4.05,6.0,6.5,9.5,2.08,0.42,5.58,0.9,,,,,,,72.0,0.9,229.5,0.0,0.0,15.5,742.0,
2024-04-16 20:00:00,29.0,53.0,5.75,6.42,8.1,9.12,0.9,0.39,5.25,0.8,,,,,,,73.75,0.9,232.5,0.0,0.0,15.0,742.0,
2024-04-16 21:00:00,19.0,37.25,6.72,6.02,8.68,9.35,,0.39,5.01,0.9,,,,,,,75.25,0.72,222.75,0.0,0.0,15.25,742.75,
2024-04-16 22:00:00,9.25,43.0,8.75,4.08,9.28,8.72,0.43,1.59,3.18,3.3,,,,,,,76.25,0.57,226.75,0.0,0.0,16.75,743.0,
2024-04-16 23:00:00,14.0,38.5,7.52,4.47,8.52,8.1,,1.35,1.74,3.3,,,,,,,77.5,0.7,231.5,0.0,0.0,16.75,742.25,
2024-04-17 00:00:00,8.25,33.0,7.92,3.55,8.3,8.0,2.15,0.34,3.22,0.7,,,,,,,78.5,0.82,232.75,0.0,0.0,16.75,741.75,
2024-04-17 01:00:00,8.5,30.0,7.95,2.6,7.85,8.75,3.12,0.33,4.76,0.7,,,,,,,78.25,0.6,238.5,0.0,0.0,16.75,741.0,
2024-04-17 02:00:00,11.0,31.0,8.12,3.45,8.45,11.42,2.65,0.58,5.49,1.23,,,,,,,78.5,0.35,256.75,0.0,0.0,15.5,741.0,
2024-04-17 03:00:00,21.5,33.75,7.75,5.32,9.12,12.58,3.38,0.64,4.91,1.5,,,,,,,80.75,0.35,307.25,0.0,0.0,14.75,741.0,
2024-04-17 04:00:00,15.5,33.0,8.18,4.42,9.0,11.62,2.52,0.32,4.87,0.68,,,,,,,81.25,0.4,299.25,0.0,0.0,14.5,741.0,
2024-04-17 05:00:00,12.75,34.5,9.35,5.48,10.52,12.02,1.62,0.31,3.35,0.7,,,,,,,83.25,0.32,307.75,0.0,0.0,14.25,741.25,
2024-04-17 06:00:00,17.75,41.75,9.25,5.32,10.38,10.05,1.08,0.23,3.88,0.5,,,,,,,82.75,0.72,302.25,0.0,0.0,44.5,742.0,
2024-04-17 07:00:00,18.5,50.25,9.02,4.55,9.75,8.98,0.7,0.17,4.75,0.3,,,,,,,79.25,0.98,298.75,0.0,0.0,125.5,742.5,
2024-04-17 08:00:00,22.25,52.75,7.55,2.42,7.4,8.78,0.73,0.38,4.66,0.8,,,,,,,74.0,1.3,299.0,0.0,0.0,219.0,743.0,
2024-04-17 09:00:00,20.5,65.0,6.52,3.0,6.92,9.4,0.92,0.39,5.72,0.87,,,,,,,67.5,1.32,303.5,0.0,0.0,322.0,743.75,
2024-04-17 10:00:00,21.25,84.25,5.62,4.32,6.85,11.52,1.65,0.54,7.12,1.12,,,,,,,62.75,1.6,292.75,0.0,0.0,378.5,743.0,
2024-04-17 11:00:00,20.0,75.0,5.9,3.78,6.82,11.88,2.48,0.57,7.2,1.3,,,,,,,64.5,2.02,260.25,0.0,0.0,393.75,742.75,
2024-04-17 12:00:00,22.25,69.5,2.72,5.4,5.08,11.35,2.5,0.32,7.28,0.68,,,,,,,67.5,3.28,248.75,0.0,0.0,401.25,742.0,
2024-04-17 13:00:00,21.25,86.0,2.55,5.6,5.05,11.0,,0.3,8.04,0.6,,,,,,,67.0,3.32,249.5,0.0,0.0,353.0,741.0,
2024-04-17 14:00:00,21.5,71.5,3.15,4.72,5.1,9.48,2.75,0.34,7.07,0.75,,,,,,,67.75,3.32,241.25,0.0,0.0,308.25,741.0,
2024-04-17 15:00:00,12.75,55.75,3.32,4.92,5.32,9.32,3.78,0.31,7.46,0.63,,,,,,,68.5,3.0,236.75,0.0,0.0,222.25,741.0,
2024-04-17 16:00:00,17.0,57.25,4.4,3.9,5.68,9.12,1.5,0.3,6.25,0.6,,,,,,,70.75,2.85,232.0,0.0,0.0,129.25,741.0,
2024-04-17 17:00:00,14.75,54.0,3.15,4.6,5.0,9.28,0.4,0.21,6.22,0.5,,,,,,,73.5,2.62,238.0,0.0,0.0,49.5,741.0,
2024-04-17 18:00:00,15.75,47.25,4.12,3.52,5.22,10.78,0.92,0.46,6.14,0.98,,,,,,,76.5,1.9,224.25,0.0,0.0,16.75,741.0,
2024-04-17 19:00:00,13.5,40.0,5.58,4.5,6.92,10.58,1.65,0.48,5.8,1.1,,,,,,,77.25,1.23,225.75,0.0,0.0,15.0,741.0,
2024-04-17 20:00:00,16.25,49.25,7.5,3.3,7.85,11.42,3.45,0.38,5.17,0.8,,,,,,,77.75,1.23,225.0,0.0,0.0,14.5,741.5,
2024-04-17 21:00:00,12.25,38.5,6.78,3.38,7.32,11.15,2.8,0.35,5.47,0.77,,,,,,,78.5,1.52,228.25,0.0,0.0,14.75,742.0,
2024-04-17 22:00:00,14.0,29.5,6.32,3.02,6.75,9.98,1.52,0.33,5.08,0.68,,,,,,,80.0,1.35,221.75,0.0,0.0,15.75,742.0,
2024-04-17 23:00:00,7.5,23.0,6.6,2.85,6.9,9.43,0.55,0.25,4.87,0.53,,,,,,,80.0,1.38,229.75,0.0,0.0,16.5,741.5,
2024-04-18 00:00:00,6.0,17.5,7.62,2.08,7.28,8.72,0.88,0.32,4.96,0.65,,,,,,,81.0,1.4,230.5,0.0,0.0,16.0,741.0,
2024-04-18 01:00:00,6.25,18.5,7.75,2.55,7.65,8.38,1.5,0.29,5.78,0.6,,,,,,,81.0,1.1,249.75,0.0,0.0,15.5,741.0,
2024-04-18 02:00:00,6.75,18.5,6.45,3.9,7.32,12.2,2.98,0.46,5.57,0.98,,,,,,,81.75,0.9,292.5,0.0,0.0,14.75,741.0,
2024-04-18 03:00:00,6.25,23.0,6.52,4.3,7.6,13.22,4.22,0.55,5.39,1.27,,,,,,,82.0,1.05,298.25,0.0,0.0,14.25,741.0,
2024-04-18 04:00:00,8.5,23.0,8.48,3.82,8.93,11.95,2.42,0.26,4.26,0.55,,,,,,,81.25,1.1,300.0,0.0,0.0,14.0,741.0,
2024-04-18 05:00:00,12.75,23.5,8.25,4.12,8.9,12.2,2.4,0.24,3.8,0.5,,,,,,,81.75,1.0,301.5,0.0,0.0,14.5,741.0,
2024-04-18 06:00:00,12.25,25.0,9.35,3.85,9.62,9.65,1.4,0.27,3.54,0.55,,,,,,,81.5,1.05,278.0,0.0,0.0,45.25,741.5,
2024-04-18 07:00:00,12.5,26.5,8.6,2.8,8.52,9.05,,0.17,4.84,0.37,,,,,,,78.0,1.8,297.0,0.0,0.0,121.0,742.5,
2024-04-18 08:00:00,10.0,37.75,6.68,4.32,7.7,8.52,1.23,0.34,5.51,0.72,,,,,,,72.25,2.52,300.0,0.0,0.0,218.0,743.0,
2024-04-18 09:00:00,9.75,61.0,6.85,4.35,7.85,8.15,1.83,0.34,5.66,0.77,,,,,,,68.25,2.3,300.0,0.0,0.0,301.0,743.0,
2024-04-18 10:00:00,16.75,70.75,5.1,4.4,6.48,10.95,1.82,0.4,6.46,0.85,,,,,,,63.25,2.0,296.5,0.0,0.0,381.25,743.0,
2024-04-18 11:00:00,14.0,70.5,3.58,4.4,5.28,11.05,3.3,0.47,7.21,1.1,,,,,,,58.75,1.8,265.75,0.0,0.0,416.5,742.25,
2024-04-18 12:00:00,15.0,63.25,2.88,4.53,4.75,10.48,1.88,0.25,6.9,0.5,,,,,,,64.5,2.9,238.0,0.0,0.0,412.75,741.5,
2024-04-18 13:00:00,8.0,61.25,2.58,4.3,4.4,10.02,1.6,0.26,6.06,0.53,,,,,,,64.25,3.22,244.5,0.0,0.0,369.5,741.0,
2024-04-18 14:00:00,4.25,50.0,3.18,3.45,4.42,9.22,2.7,0.3,6.01,0.62,,,,,,,65.5,3.15,241.25,0.0,0.0,287.5,740.75,
2024-04-18 15:00:00,2.0,40.25,3.5,3.08,4.5,8.5,2.4,0.24,6.22,0.5,,,,,,,67.75,3.1,247.25,0.0,0.0,215.25,740.0,
2024-04-18 16:00:00,1.75,38.75,3.9,3.62,5.08,7.85,1.95,0.3,6.26,0.6,,,,,,,71.75,2.88,233.0,0.0,0.0,120.75,740.0,
2024-04-18 17:00:00,2.0,39.75,2.45,3.65,3.95,7.98,1.0,0.27,6.34,0.6,,,,,,,75.5,2.9,233.25,0.0,0.0,69.0,740.0,
2024-04-18 18:00:00,5.0,34.5,4.62,3.22,5.45,9.82,0.3,0.39,6.63,0.8,,,,,,,77.5,2.3,231.5,0.0,0.0,19.25,740.0,
2024-04-18 19:00:00,5.5,26.75,4.42,3.58,5.5,9.95,0.77,0.42,5.71,0.9,,,,,,,79.0,1.78,230.0,0.0,0.0,14.5,740.0,
2024-04-18 20:00:00,7.0,19.0,6.65,4.0,7.52,9.62,0.82,0.35,5.89,,,,,,,,80.0,1.55,229.25,0.0,0.0,14.5,740.75,
2024-04-18 21:00:00,5.75,23.5,5.82,4.0,6.85,9.78,0.63,0.36,5.53,,,,,,,,80.0,1.3,241.75,0.0,0.0,14.5,741.0,
2024-04-18 22:00:00,2.0,19.0,6.1,4.45,7.28,8.65,0.63,0.31,5.34,,,,,,,,80.25,1.27,230.75,0.0,0.0,15.5,741.0,
2024-04-18 23:00:00,,17.25,7.5,3.98,8.22,7.6,,0.23,5.97,,,,,,,,81.25,1.55,234.75,0.0,0.0,15.75,741.0,
2024-04-19 00:00:00,,12.5,7.0,1.4,6.45,8.4,2.0,0.29,6.09,,,,,,,,81.0,1.3,244.5,0.0,0.0,15.75,740.5,
2024-04-19 01:00:00,,12.75,5.8,2.98,6.32,8.05,2.38,0.3,6.46,,,,,,,,81.5,1.1,260.25,0.0,0.0,15.5,740.0,
2024-04-19 02:00:00,1.0,8.0,4.97,3.75,6.05,10.1,2.1,0.31,6.04,,,,,,,,82.75,1.3,278.75,0.0,0.0,14.5,740.0,
2024-04-19 03:00:00,1.0,5.0,6.6,2.77,6.42,11.62,3.32,0.41,5.95,,,,,,,,83.75,1.23,277.0,0.0,0.0,13.75,740.0,
2024-04-19 04:00:00,2.0,5.0,6.42,2.68,6.62,10.25,4.55,0.29,5.43,,,,,,,,83.75,1.35,274.5,0.0,0.0,13.75,740.0,
2024-04-19 05:00:00,1.75,4.5,6.3,2.38,6.38,10.52,4.5,0.27,5.78,,,,,,,,81.5,1.68,275.0,0.0,0.0,14.25,740.0,
2024-04-19 06:00:00,1.0,4.0,6.52,1.95,6.35,9.25,1.85,0.29,5.88,,,,,,,,80.25,1.3,270.5,0.0,0.0,45.0,740.5,
2024-04-19 07:00:00,,10.25,5.9,2.52,6.15,7.7,0.23,0.19,5.53,,,,,,,,76.25,1.78,279.25,0.0,0.0,132.5,741.0,
2024-04-19 08:00:00,,21.0,6.1,2.97,6.55,7.85,1.15,0.32,6.06,,,,,,,,70.25,2.17,277.0,0.0,0.0,230.0,741.5,
2024-04-19 09:00:00,,25.0,6.42,2.62,6.6,8.07,2.1,0.33,6.04,,,,,,,,64.75,1.8,270.5,0.0,0.0,317.75,742.0,
2024-04-19 10:00:00,12.0,35.0,3.55,3.95,5.0,9.75,3.5,0.41,6.97,,,,,,,,63.0,2.17,242.75,0.0,0.0,378.75,741.5,
2024-04-19 11:00:00,10.75,57.25,3.58,4.2,5.12,9.98,5.82,0.44,7.25,,,,,,,,65.75,3.18,228.25,0.0,0.0,413.25,741.0,
2024-04-19 12:00:00,6.0,63.0,3.58,2.42,4.2,9.48,1.95,0.26,6.95,,,,,,,,67.5,3.7,229.25,0.0,0.0,417.5,740.5,
2024-04-19 13:00:00,4.25,60.5,3.88,3.3,4.88,9.38,,0.25,6.69,,,,,,,,68.25,3.12,230.0,0.0,0.0,384.25,740.0,
2024-04-19 14:00:00,7.25,36.25,4.03,3.22,5.0,9.07,0.2,0.31,6.32,,,,,,,,69.75,3.28,227.25,0.0,0.0,324.0,739.5,
2024-04-19 15:00:00,6.0,42.5,3.72,2.72,4.47,8.52,,0.22,6.37,,,,,,,,71.25,3.3,226.0,0.0,0.0,240.5,739.0,
2024-04-19 16:00:00,8.25,43.25,3.47,3.2,4.53,8.4,2.43,0.29,6.47,,,,,,,,73.75,2.92,227.75,0.0,0.0,143.75,739.0,
2024-04-19 17:00:00,5.0,26.75,4.3,2.42,4.78,7.75,2.68,0.3,6.56,,,,,,,,77.5,2.82,226.75,0.0,0.0,50.75,739.0,
2024-04-19 18:00:00,2.0,35.75,4.12,2.33,4.58,9.35,3.4,0.34,6.6,,,,,,,,79.75,1.95,222.25,0.0,0.0,17.25,739.0,
2024-04-19 19:00:00,11.0,28.0,4.7,3.35,5.58,9.52,4.2,0.38,7.0,,,,,,,,81.0,1.92,221.75,0.0,0.0,14.5,739.75,
2024-04-19 20:00:00,9.75,24.25,5.28,3.52,6.12,9.48,4.45,0.32,6.75,,,,,,,,82.0,1.95,224.25,0.0,0.0,13.75,740.0,
2024-04-19 21:00:00,6.0,19.5,5.58,2.02,5.62,9.48,5.05,0.32,7.04,,,,,,,,82.0,2.1,223.0,0.0,0.0,13.75,741.0,
2024-04-19 22:00:00,,12.25,6.22,1.97,5.8,9.18,3.05,0.31,6.78,,,,,,,,82.0,1.92,225.0,0.0,0.0,14.5,741.0,
2024-04-19 23:00:00,,12.5,5.28,2.12,5.43,7.88,1.23,0.23,6.59,,,,,,,,82.0,2.0,226.25,0.0,0.0,15.5,740.75,
2024-04-20 00:00:00,,11.75,5.05,1.78,5.05,7.9,0.3,0.3,6.43,,,,,,,,82.75,1.8,229.5,0.0,0.0,15.5,740.0,
2024-04-20 01:00:00,,14.75,5.48,1.9,5.15,7.58,,0.28,6.8,,,,,,,,82.0,1.85,233.5,0.0,0.0,15.5,740.0,
2024-04-20 02:00:00,,17.75,5.55,1.78,5.48,9.0,1.72,0.32,7.57,,,,,,,,81.25,1.82,259.25,0.0,0.0,15.0,739.75,
2024-04-20 03:00:00,,15.75,5.1,2.5,5.12,10.68,4.28,0.47,7.5,,,,,,,,82.0,1.52,264.25,0.0,0.0,14.25,739.25,
2024-04-20 04:00:00,2.0,3.5,5.92,3.15,6.48,9.45,5.22,0.22,7.26,,,,,,,,82.0,1.55,269.0,0.0,0.0,13.75,740.0,
2024-04-20 05:00:00,2.0,7.25,6.4,2.02,6.25,9.68,5.03,0.2,6.6,,,,,,,,82.0,1.68,261.75,0.0,0.0,14.75,739.75,
2024-04-20 06:00:00,3.5,16.0,5.75,2.42,5.95,9.1,3.3,0.27,6.01,,,,,,,,82.0,1.35,264.5,0.0,0.0,36.75,740.25,
2024-04-20 07:00:00,7.25,23.75,5.8,2.2,5.9,7.42,1.18,0.19,5.53,,,,,,,,79.25,1.32,275.0,0.0,0.0,94.5,741.0,
2024-04-20 08:00:00,5.75,30.0,5.62,2.98,6.15,7.5,3.0,0.31,6.25,,,,,,,,73.5,1.85,262.75,0.0,0.0,193.0,741.75,
2024-04-20 09:00:00,7.75,38.0,4.05,3.42,5.08,7.78,2.45,0.3,5.9,,,,,,,,67.25,1.78,246.75,0.0,0.0,296.75,742.0,
2024-04-20 10:00:00,8.5,53.0,4.38,4.0,5.68,9.15,2.8,0.35,6.69,,,,,,,,68.75,2.22,225.25,0.0,0.0,336.0,741.75,
2024-04-20 11:00:00,12.75,54.5,5.0,3.72,6.05,9.82,3.45,0.44,7.1,,,,,,,,68.5,3.1,227.25,0.0,0.0,421.25,741.0,
2024-04-20 12:00:00,13.0,60.25,4.05,3.68,5.22,9.22,4.32,0.3,6.86,,,,,,,,67.25,3.08,229.0,0.0,0.0,408.0,741.0,
2024-04-20 13:00:00,15.25,59.25,4.35,3.35,5.32,9.07,4.9,0.28,9.24,,,,,,,,67.25,3.32,226.25,0.0,0.0,381.75,740.25,
2024-04-20 14:00:00,11.5,44.0,3.2,3.98,4.7,9.07,2.4,0.34,18.82,,,,,,,,68.25,3.47,228.25,0.0,0.0,302.0,739.75,
2024-04-20 15:00:00,7.0,39.5,3.78,3.9,5.12,7.62,0.3,0.27,13.81,,,,,,,,69.0,3.15,223.0,0.0,0.0,227.5,739.0,
2024-04-20 16:00:00,7.5,34.0,4.3,3.22,5.25,7.65,0.3,0.32,9.72,,,,,,,,72.75,2.62,222.5,0.0,0.0,108.75,739.0,
2024-04-20 17:00:00,8.25,31.0,3.85,2.72,4.58,7.62,,0.32,7.8,,,,,,,,75.5,2.38,223.75,0.0,0.0,51.75,739.0,
2024-04-20 18:00:00,7.25,31.0,4.78,3.92,5.95,8.43,2.48,0.37,7.77,,,,,,,,79.0,2.35,223.25,0.0,0.0,15.5,739.0,
2024-04-20 19:00:00,11.0,30.25,3.3,3.02,4.3,9.45,5.45,0.37,7.11,,,,,,,,80.75,2.42,224.5,0.0,0.0,12.5,740.0,
2024-04-20 20:00:00,10.25,28.5,4.35,3.58,5.45,9.7,3.95,0.36,6.53,,,,,,,,81.0,1.62,224.5,0.0,0.0,12.5,740.75,
2024-04-20 21:00:00,7.5,27.0,6.18,3.45,6.82,9.52,3.5,0.36,6.19,,,,,,,,81.75,1.62,222.5,0.0,0.0,12.25,741.0,
2024-04-20 22:00:00,5.25,17.5,6.55,3.72,7.3,8.68,1.27,0.34,6.06,,,,,,,,82.75,2.17,223.75,0.0,0.0,12.5,741.0,
2024-04-20 23:00:00,2.5,14.25,7.15,1.75,6.7,7.95,0.1,0.26,6.12,,,,,,,,83.0,1.98,223.5,0.0,0.0,13.0,741.0,
2024-04-21 00:00:00,1.0,8.25,5.85,3.12,6.42,6.88,0.28,0.32,6.29,,,,,,,,82.75,1.68,226.5,0.0,0.0,13.25,741.0,
2024-04-21 01:00:00,1.0,6.0,5.2,1.6,4.8,7.38,0.75,0.28,7.21,,,,,,,,82.0,1.62,232.25,0.0,0.0,13.0,740.0,
2024-04-21 02:00:00,1.5,7.5,5.28,3.03,5.9,8.57,0.4,0.3,6.67,,,,,,,,82.0,1.38,242.0,0.0,0.0,12.75,740.0,
2024-04-21 03:00:00,4.5,13.25,5.4,2.3,5.65,10.77,2.35,0.42,7.46,,,,,,,,82.75,1.27,250.75,0.0,0.0,12.0,740.0,
2024-04-21 04:00:00,8.0,15.0,5.82,3.32,6.52,9.25,2.8,0.29,6.21,,,,,,,,83.5,1.05,264.75,0.0,0.0,11.5,740.0,
2024-04-21 05:00:00,5.0,12.75,5.5,3.72,6.45,9.48,2.55,0.28,4.92,,,,,,,,84.75,0.62,263.0,0.0,0.0,11.75,740.0,
2024-04-21 06:00:00,5.0,22.5,6.07,3.38,6.7,9.05,2.33,0.32,5.33,,,,,,,,84.0,0.95,275.0,0.0,0.0,32.75,740.75,
2024-04-21 07:00:00,6.0,20.75,7.0,2.72,7.1,7.7,2.38,0.2,6.04,,,,,,,,79.25,1.52,270.0,0.0,0.0,112.25,741.0,
2024-04-21 08:00:00,8.25,26.5,5.72,2.85,6.2,7.75,4.45,0.33,7.05,,,,,,,,75.0,2.05,282.0,0.0,0.0,183.5,742.0,
2024-04-21 09:00:00,6.25,25.25,5.5,3.22,6.2,7.65,5.08,0.33,5.6,,,,,,,,66.25,1.7,240.0,0.0,0.0,345.25,742.0,
2024-04-21 10:00:00,7.25,40.75,5.18,3.38,6.0,8.9,3.1,0.35,6.4,,,,,,,,68.5,2.55,236.75,0.0,0.0,411.25,742.0,
2024-04-21 11:00:00,7.25,34.5,4.8,3.0,5.48,9.65,2.58,0.42,6.56,,,,,,,,69.0,2.8,244.0,0.0,0.0,436.0,741.5,
2024-04-21 12:00:00,4.5,42.5,4.9,3.02,5.6,8.98,4.7,0.3,6.21,,,,,,,,68.5,3.12,247.25,0.0,0.0,439.5,741.0,
2024-04-21 13:00:00,3.75,34.5,4.65,2.1,4.88,8.98,4.65,0.27,6.32,,,,,,,,69.5,3.55,250.0,0.0,0.0,403.5,740.5,
2024-04-21 14:00:00,5.25,31.75,4.18,3.0,5.0,8.95,3.0,0.3,6.1,,,,,,,,69.5,3.8,242.75,0.0,0.0,348.0,740.0,
2024-04-21 15:00:00,5.0,26.5,5.28,2.85,5.82,7.42,0.88,0.25,6.28,,,,,,,,70.5,3.32,247.5,0.0,0.0,261.0,740.0,
2024-04-21 16:00:00,9.5,22.5,4.42,2.52,4.92,7.7,1.8,0.3,5.91,,,,,,,,71.5,3.0,235.0,0.0,0.0,159.5,740.0,
2024-04-21 17:00:00,4.0,26.5,4.28,2.98,5.03,7.35,1.12,0.28,6.32,,,,,,,,74.5,2.68,229.5,0.0,0.0,51.5,740.0,
2024-04-21 18:00:00,2.5,31.75,4.78,2.55,5.22,8.02,1.15,0.33,6.6,,,,,,,,78.0,2.3,224.25,0.0,0.0,16.5,740.0,
2024-04-21 19:00:00,6.75,23.5,5.38,3.8,6.42,8.8,2.02,0.38,6.77,,,,,,,,79.5,2.28,222.0,0.0,0.0,12.75,740.75,
2024-04-21 20:00:00,5.25,19.75,5.03,4.42,6.45,8.62,2.75,0.33,6.44,,,,,,,,80.25,1.88,222.0,0.0,0.0,12.5,741.0,
2024-04-21 21:00:00,3.0,20.75,7.28,3.58,7.82,8.65,2.78,0.33,5.91,,,,,,,,80.75,1.78,220.75,0.0,0.0,12.5,741.0,
2024-04-21 22:00:00,3.0,16.75,7.18,2.58,7.18,8.78,2.85,0.28,6.57,,,,,,,,81.75,1.95,222.5,0.0,0.0,12.5,741.0,
2024-04-21 23:00:00,3.5,15.0,6.9,1.98,6.68,7.78,2.2,0.22,6.35,,,,,,,,82.25,1.75,225.0,0.0,0.0,13.25,741.0,
2024-04-22 00:00:00,4.0,13.5,5.65,2.35,5.82,6.9,2.15,0.29,5.58,,,,,,,,83.5,1.32,224.75,0.0,0.0,12.75,741.0,
2024-04-22 01:00:00,1.0,16.5,7.3,1.82,6.9,6.95,2.3,0.25,5.19,,,,,,,,83.5,0.95,274.5,0.0,0.0,12.75,741.0,
2024-04-22 02:00:00,,12.0,6.48,2.17,6.42,8.45,0.95,0.3,6.35,,,,,,,,82.75,1.05,285.0,0.0,0.0,13.0,740.5,
2024-04-22 03:00:00,5.0,13.0,6.55,2.95,6.9,10.05,1.08,0.4,6.19,,,,,,,,83.25,1.12,277.25,0.0,0.0,12.0,740.0,
2024-04-22 04:00:00,4.5,16.0,6.72,2.5,6.4,9.43,2.33,0.3,5.75,,,,,,,,84.0,1.1,275.0,0.0,0.0,11.5,740.5,
2024-04-22 05:00:00,2.75,15.5,6.07,4.38,7.28,9.43,3.4,0.29,4.85,,,,,,,,84.25,1.1,278.5,0.0,0.0,12.25,741.0,
2024-04-22 06:00:00,2.75,15.5,7.05,3.25,7.45,9.05,4.0,0.36,4.64,,,,,,,,83.75,1.35,284.75,0.0,0.0,46.0,741.25,
2024-04-22 07:00:00,5.0,24.5,6.8,3.32,7.28,7.4,1.8,0.27,5.58,,,,,,,,77.5,1.42,276.25,0.0,0.0,140.0,742.0,
2024-04-22 08:00:00,5.5,41.25,7.2,2.85,7.38,6.52,2.33,0.28,5.88,,,,,,,,72.75,1.8,275.75,0.0,0.0,227.5,743.0,
2024-04-22 09:00:00,8.0,57.0,6.12,4.7,7.5,6.4,3.62,0.3,6.14,,,,,,,,65.5,1.72,261.0,0.0,0.0,340.75,743.0,
2024-04-22 10:00:00,10.5,67.75,5.15,4.6,6.65,7.55,2.25,0.34,6.69,,,,,,,,65.25,2.35,219.75,0.0,0.0,404.25,743.0,
2024-04-22 11:00:00,10.0,48.25,2.82,5.65,5.25,8.48,2.45,0.42,8.29,,,,,,,,64.25,2.58,225.0,0.0,0.0,440.25,742.5,
2024-04-22 12:00:00,11.75,51.75,1.9,5.82,4.68,7.6,1.82,0.29,8.27,,,,,,,,63.5,2.8,231.25,0.0,0.0,441.5,741.75,
2024-04-22 13:00:00,6.75,42.5,3.25,4.9,5.22,7.45,1.68,0.29,7.12,,,,,,,,64.75,2.85,231.5,0.0,0.0,415.25,741.0,
2024-04-22 14:00:00,3.5,41.25,3.25,3.92,4.72,7.62,3.0,0.33,6.85,,,,,,,,65.0,3.02,231.0,0.0,0.0,353.75,741.0,
2024-04-22 15:00:00,5.25,35.75,2.78,4.03,4.38,6.48,2.15,0.31,5.92,,,,,,,,67.5,2.9,233.0,0.0,0.0,266.25,740.75,
2024-04-22 16:00:00,4.75,40.75,3.82,3.85,5.2,6.2,2.98,0.29,5.3,,,,,,,,69.25,2.85,228.75,0.0,0.0,163.5,740.0,
2024-04-22 17:00:00,1.0,28.75,4.45,2.48,4.9,6.7,3.22,0.26,6.1,,,,,,,,72.5,2.62,226.5,0.0,0.0,55.25,740.0,
2024-04-22 18:00:00,1.0,24.75,5.18,3.32,5.98,7.22,3.22,0.3,6.92,,,,,,,,75.0,2.2,225.75,0.0,0.0,16.75,740.75,
2024-04-22 19:00:00,2.25,32.5,5.38,4.78,6.9,7.6,4.1,0.39,5.84,,,,,,,,77.0,1.88,222.25,0.0,0.0,13.0,741.0,
2024-04-22 20:00:00,5.25,30.5,4.8,4.82,6.48,8.0,2.08,0.36,5.55,,,,,,,,77.5,1.75,223.0,0.0,0.0,12.5,741.0,
2024-04-22 21:00:00,3.0,26.25,5.95,3.92,6.88,8.0,1.9,0.35,6.14,,,,,,,,77.75,2.08,226.5,0.0,0.0,12.5,741.0,
2024-04-22 22:00:00,,16.5,6.62,4.5,7.75,7.1,0.8,0.33,6.41,,,,,,,,79.0,1.6,223.5,0.0,0.0,12.75,742.0,
2024-04-22 23:00:00,,11.0,6.3,3.78,7.1,6.65,,0.26,5.51,,,,,,,,80.25,1.33,224.75,0.0,0.0,13.5,741.5,
2024-04-23 00:00:00,,11.0,7.38,2.75,7.45,6.52,1.83,0.26,6.22,,,,,,,,81.0,1.18,228.5,0.0,0.0,13.5,741.0,
2024-04-23 01:00:00,1.0,18.25,7.32,3.65,7.9,6.85,1.78,0.25,5.6,,,,,,,,81.5,0.6,297.75,0.0,0.0,13.25,741.0,
2024-04-23 02:00:00,1.25,13.0,10.52,4.68,11.05,7.48,1.62,0.51,4.95,,,,,,,,82.0,0.72,289.25,0.0,0.0,12.75,740.25,
2024-04-23 03:00:00,2.0,14.25,31.12,5.72,28.38,9.62,5.38,2.53,4.16,,,,,,,,83.25,0.68,287.5,0.0,0.0,11.75,740.0,
2024-04-23 04:00:00,2.75,18.25,24.5,5.98,23.1,8.45,2.22,0.8,3.79,,,,,,,,84.5,0.65,293.5,0.0,0.0,11.25,740.0,
2024-04-23 05:00:00,5.25,19.0,20.1,5.45,19.23,8.3,1.35,0.44,3.66,,,,,,,,85.0,0.7,295.5,0.0,0.0,11.5,740.25,
2024-04-23 06:00:00,4.75,20.0,18.42,4.8,17.52,8.55,2.7,0.68,3.92,,,,,,,,83.25,1.08,286.0,0.0,0.0,50.0,741.0,
2024-04-23 07:00:00,1.5,24.25,14.78,4.52,14.42,7.35,1.72,0.42,4.73,,,,,,,,78.25,1.6,277.5,0.0,0.0,126.0,741.5,
2024-04-23 08:00:00,5.25,34.0,12.68,5.2,13.08,6.42,0.8,0.54,5.42,,,,,,,,73.75,1.52,272.5,0.0,0.0,191.25,742.25,
2024-04-23 09:00:00,13.5,59.25,11.5,4.95,11.98,6.32,2.22,0.43,5.56,,,,,,,,65.5,1.65,252.0,0.0,0.0,341.75,742.75,
2024-04-23 10:00:00,15.75,72.75,28.62,5.65,26.28,6.92,3.7,2.68,5.74,,,,,,,,62.75,2.0,230.75,0.0,0.0,408.75,742.25,
2024-04-23 11:00:00,9.0,49.75,36.1,6.93,33.0,9.77,4.73,2.76,6.12,,,,,,,,62.75,2.22,224.25,0.0,0.0,440.5,742.0,
2024-04-23 12:00:00,8.25,53.75,31.23,8.87,30.1,9.17,4.18,1.74,6.51,,,,,,,,63.0,2.3,226.5,0.0,0.0,443.0,741.0,
2024-04-23 13:00:00,5.0,50.0,16.15,9.48,18.2,7.82,1.48,0.68,6.57,,,,,,,,61.75,2.08,223.5,0.0,0.0,410.0,741.0,
2024-04-23 14:00:00,2.75,47.0,7.78,6.05,9.52,7.68,,0.37,6.64,,,,,,,,61.75,2.4,226.75,0.0,0.0,345.5,740.75,
2024-04-23 15:00:00,4.5,36.25,4.35,5.3,6.35,6.22,0.1,0.08,6.74,,,,,,,,61.5,2.38,229.5,0.0,0.0,257.25,740.0,
2024-04-23 16:00:00,3.5,30.5,2.88,4.2,4.58,6.25,2.7,0.3,6.92,,,,,,,,66.75,2.25,223.5,0.0,0.0,155.0,740.0,
2024-04-23 17:00:00,5.75,29.5,3.1,4.72,4.4,6.08,3.1,0.2,6.54,,,,,,,,70.25,1.95,221.5,0.0,0.0,54.25,740.0,
2024-04-23 18:00:00,7.75,31.5,4.8,3.55,5.78,6.5,2.68,0.39,7.0,,,,,,,,74.25,1.9,222.75,0.0,0.0,16.75,740.0,
2024-04-23 19:00:00,7.25,29.5,4.05,4.6,5.75,7.88,3.55,0.42,6.6,,,,,,,,75.75,1.6,226.75,0.0,0.0,12.5,740.0,
2024-04-23 20:00:00,7.75,21.5,5.28,4.5,6.68,7.88,3.12,0.4,6.14,,,,,,,,76.0,1.6,229.0,0.0,0.0,12.0,741.0,
2024-04-23 21:00:00,6.75,29.5,6.22,5.2,7.82,7.18,2.98,0.36,6.4,,,,,,,,77.0,1.4,232.0,0.0,0.0,11.75,741.0,
2024-04-23 22:00:00,4.75,28.75,6.8,4.45,7.85,7.42,2.28,0.38,6.72,,,,,,,,77.75,1.15,231.0,0.0,0.0,11.75,741.0,
2024-04-23 23:00:00,1.0,18.5,6.32,3.08,6.78,6.8,1.82,0.34,7.13,,,,,,,,78.5,1.2,232.5,0.0,0.0,12.75,741.0,
2024-04-24 00:00:00,,9.25,7.05,2.4,7.02,6.42,1.6,0.31,6.09,,,,,,,,79.0,0.82,240.5,0.0,0.0,13.0,740.25,
2024-04-24 01:00:00,,13.75,6.3,4.68,7.6,6.4,2.35,0.28,4.81,,,,,,,,80.0,0.7,301.25,0.0,0.0,12.75,740.0,
2024-04-24 02:00:00,3.0,23.5,8.57,7.58,11.05,6.38,2.65,0.46,4.07,,,,,,,,81.5,0.6,311.75,0.0,0.0,12.75,739.5,
2024-04-24 03:00:00,5.0,45.5,23.0,8.95,23.45,9.15,4.7,1.64,3.89,,,,,,,,82.0,0.48,313.5,0.0,0.0,11.75,739.0,
2024-04-24 04:00:00,13.25,55.0,24.08,10.15,24.98,8.62,5.42,0.49,3.06,,,,,,,,82.5,0.45,311.0,0.0,0.0,11.0,739.75,
2024-04-24 05:00:00,18.0,76.0,19.5,5.62,18.8,9.18,5.05,0.28,3.48,,,,,,,,83.0,0.75,301.75,0.0,0.0,11.5,740.0,
2024-04-24 06:00:00,11.75,38.25,15.65,5.65,15.7,9.43,3.28,0.59,3.91,,,,,,,,82.0,0.9,297.75,0.0,0.0,44.0,740.75,
2024-04-24 07:00:00,10.5,31.5,15.05,4.62,14.73,7.3,1.7,0.42,4.27,,,,,,,,76.0,1.38,287.25,0.0,0.0,141.75,741.25,
2024-04-24 08:00:00,9.75,31.5,13.12,5.15,13.42,6.55,0.62,0.46,4.49,,,,,,,,71.75,1.82,283.75,0.0,0.0,240.5,742.0,
2024-04-24 09:00:00,11.75,49.5,10.28,4.0,10.48,7.2,0.32,0.4,5.1,,,,,,,,64.75,1.85,281.5,0.0,0.0,332.75,742.0,
2024-04-24 10:00:00,10.5,61.25,20.8,5.8,20.0,6.58,5.47,2.02,5.74,,,,,,,,60.25,1.9,249.5,0.0,0.0,399.75,742.0,
2024-04-24 11:00:00,8.75,53.75,24.5,7.4,23.87,9.0,8.8,1.91,6.4,,,,,,,,64.75,2.42,227.75,0.0,0.0,432.75,741.25,
2024-04-24 12:00:00,8.25,51.0,20.93,9.3,21.93,9.07,3.4,1.25,7.15,,,,,,,,65.5,2.65,229.75,0.0,0.0,430.0,741.0,
2024-04-24 13:00:00,11.0,57.75,10.4,7.38,12.4,9.0,2.2,0.44,8.58,,,,,,,,66.5,2.78,235.0,0.0,0.0,394.25,740.75,
2024-04-24 14:00:00,14.5,42.5,3.3,5.05,5.38,8.55,2.75,0.26,7.85,,,,,,,,67.25,3.08,232.0,0.0,0.0,334.25,740.0,
2024-04-24 15:00:00,6.5,41.25,3.32,5.38,5.6,7.58,3.32,0.18,7.57,,,,,,,,68.75,2.75,228.5,0.0,0.0,245.0,740.0,
2024-04-24 16:00:00,5.0,33.0,2.22,5.0,4.47,8.4,4.05,0.28,6.62,,,,,,,,71.25,2.6,231.25,0.0,0.0,149.25,739.75,
2024-04-24 17:00:00,4.25,33.5,4.03,3.48,5.12,7.02,4.03,0.27,6.92,,,,,,,,74.5,2.33,222.5,0.0,0.0,55.25,740.0,
2024-04-24 18:00:00,2.0,33.5,3.85,4.03,5.28,6.55,0.58,0.31,6.48,,,,,,,,77.5,1.78,219.75,0.0,0.0,15.0,740.0,
2024-04-24 19:00:00,,28.75,3.6,5.38,5.75,8.12,0.75,0.37,5.63,,,,,,,,78.5,1.45,223.25,0.0,0.0,11.5,740.0,
2024-04-24 20:00:00,6.0,27.0,6.05,3.98,7.02,7.98,2.95,0.39,5.64,,,,,,,,79.5,1.5,221.5,0.0,0.0,11.0,740.5,
2024-04-24 21:00:00,6.5,23.5,5.82,4.22,6.98,7.98,2.92,0.38,5.61,,,,,,,,80.0,1.48,219.25,0.0,0.0,10.75,741.0,
2024-04-24 22:00:00,7.25,21.5,6.28,4.55,7.52,8.45,4.32,0.34,5.12,,,,,,,,80.5,1.05,221.0,0.0,0.0,10.75,741.0,
2024-04-24 23:00:00,4.5,18.5,6.0,3.42,6.7,7.15,3.65,0.28,5.5,,,,,,,,81.0,1.25,226.5,0.0,0.0,11.75,741.0,
2024-04-25 00:00:00,3.0,13.5,6.07,4.92,7.55,6.12,2.62,0.3,5.38,,,,,,,,82.0,0.9,239.25,0.0,0.0,11.75,740.75,
2024-04-25 01:00:00,,12.5,7.18,3.58,7.72,6.82,2.8,0.25,4.57,,,,,,,,82.25,0.72,267.25,0.0,0.0,11.5,740.0,
2024-04-25 02:00:00,1.0,14.5,8.8,4.28,9.43,7.28,2.58,0.38,4.22,,,,,,,,83.5,0.95,288.25,0.0,0.0,11.75,740.0,
2024-04-25 03:00:00,1.5,14.25,16.65,4.22,15.8,10.02,4.22,1.18,5.46,,,,,,,,83.0,0.82,290.75,0.0,0.0,11.0,740.0,
2024-04-25 04:00:00,3.0,11.25,13.48,5.1,13.7,9.7,2.62,0.55,5.08,,,,,,,,83.0,0.75,298.0,0.0,0.0,10.0,739.75,
2024-04-25 05:00:00,4.0,17.5,11.28,4.5,11.55,10.25,1.2,0.4,5.2,,,,,,,,82.75,0.68,292.0,0.0,0.0,10.75,740.0,
2024-04-25 06:00:00,7.0,21.75,11.58,5.85,12.52,10.7,1.6,0.51,4.8,,,,,,,,82.25,0.82,272.25,0.0,0.0,43.5,740.5,
2024-04-25 07:00:00,5.5,36.5,11.38,3.68,11.2,9.05,1.2,0.38,4.89,,,,,,,,77.0,1.1,275.75,0.0,0.0,134.25,741.25,
2024-04-25 08:00:00,2.75,33.25,10.05,3.42,9.98,8.18,0.5,0.38,5.08,,,,,,,,71.75,1.42,227.75,0.0,0.0,233.0,742.0,
2024-04-25 09:00:00,8.0,42.25,7.25,4.1,8.1,8.3,,0.33,4.99,,,,,,,,69.25,2.0,211.5,0.0,0.0,326.0,742.0,
2024-04-25 10:00:00,7.25,32.0,14.25,4.58,14.02,8.12,3.13,1.5,5.07,,,,,,,,68.5,2.55,218.0,0.0,0.0,385.0,742.0,
2024-04-25 11:00:00,4.5,32.5,16.3,4.83,15.83,10.07,5.53,1.26,5.52,,,,,,,,67.5,2.8,224.75,0.0,0.0,422.0,741.5,
2024-04-25 12:00:00,3.5,27.5,16.0,6.07,16.23,9.6,2.78,0.96,5.66,,,,,,,,65.5,2.9,220.5,0.0,0.0,423.0,741.0,
2024-04-25 13:00:00,4.25,31.75,9.45,6.45,11.12,9.12,1.92,0.46,4.89,,,,,,,,65.5,2.68,218.25,0.0,0.0,391.5,741.0,
2024-04-25 14:00:00,2.75,24.0,5.0,4.85,6.65,8.75,1.6,0.37,5.38,,,,,,,,66.25,3.02,228.0,0.0,0.0,330.5,740.25,
2024-04-25 15:00:00,4.0,31.0,4.85,3.45,5.82,8.12,2.28,0.19,4.93,,,,,,,,67.5,2.68,227.5,0.0,0.0,244.25,740.0,
2024-04-25 16:00:00,2.0,38.75,5.25,3.6,6.18,7.58,2.85,0.32,4.14,,,,,,,,69.0,2.72,228.75,0.0,0.0,148.5,740.0,
2024-04-25 17:00:00,5.5,56.5,5.7,3.42,6.48,7.48,2.95,0.25,4.81,,,,,,,,71.75,2.53,227.5,0.0,0.0,54.0,740.0,
2024-04-25 18:00:00,6.5,60.5,5.12,4.03,6.28,7.35,2.33,0.36,5.16,,,,,,,,74.5,2.1,225.25,0.0,0.0,15.0,740.0,
2024-04-25 19:00:00,5.5,41.25,6.3,4.47,7.48,8.88,2.85,0.38,4.7,,,,,,,,75.25,1.88,228.0,0.0,0.0,12.25,740.5,
2024-04-25 20:00:00,7.25,42.0,6.82,4.47,7.95,8.68,2.0,0.37,4.94,,,,,,,,75.0,1.55,234.0,0.0,0.0,11.5,741.0,
2024-04-25 21:00:00,7.75,42.0,6.72,3.82,7.52,8.9,1.18,0.37,4.36,,,,,,,,75.75,1.42,233.5,0.0,0.0,11.5,741.0,
2024-04-25 22:00:00,5.5,41.5,7.12,3.58,7.72,9.22,1.95,0.37,4.46,,,,,,,,77.5,0.75,280.0,0.0,0.0,11.25,741.0,
2024-04-25 23:00:00,1.0,40.0,8.57,5.78,10.02,8.38,2.1,0.32,3.82,,,,,,,,78.25,0.57,284.25,0.0,0.0,12.25,741.0,
2024-04-26 00:00:00,1.0,36.75,8.45,3.28,8.62,7.28,1.3,0.28,4.36,,,,,,,,79.0,0.68,256.75,0.0,0.0,12.5,740.0,
2024-04-26 01:00:00,1.25,26.0,8.48,4.88,9.48,6.65,1.1,0.2,4.16,,,,,,,,79.75,0.9,287.0,0.0,0.0,12.25,740.0,
2024-04-26 02:00:00,2.25,23.0,9.7,2.8,9.38,7.2,2.68,0.39,4.36,,,,,,,,80.5,0.92,252.5,0.0,0.0,12.5,740.0,
2024-04-26 03:00:00,3.5,25.5,14.68,4.95,14.52,9.5,4.58,0.99,4.24,,,,,,,,82.0,0.75,265.5,0.0,0.0,11.25,739.25,
2024-04-26 04:00:00,5.0,29.25,13.25,5.72,13.8,9.38,1.38,0.53,3.96,,,,,,,,83.0,0.98,270.5,0.0,0.0,10.25,739.75,
2024-04-26 05:00:00,5.5,28.25,14.35,6.55,15.15,9.85,0.98,0.42,2.76,,,,,,,,84.25,0.48,248.75,0.0,0.0,10.5,740.0,
2024-04-26 06:00:00,10.25,69.25,25.25,7.8,24.68,10.4,2.9,0.47,3.07,,,,,,,,83.0,0.4,246.25,0.0,0.0,45.75,740.5,
2024-04-26 07:00:00,18.25,87.75,16.5,4.78,15.98,9.3,3.58,0.34,3.14,,,,,,,,76.25,0.92,279.5,0.0,0.0,131.0,741.25,
2024-04-26 08:00:00,11.75,60.25,14.28,4.92,14.23,7.1,3.62,0.34,4.24,,,,,,,,71.25,1.45,237.0,0.0,0.0,231.0,742.0,
2024-04-26 09:00:00,6.75,79.75,12.8,4.55,12.85,7.6,3.32,0.28,4.06,,,,,,,,68.0,2.17,217.5,0.0,0.0,327.5,742.0,
2024-04-26 10:00:00,4.25,54.0,15.98,4.7,15.48,7.2,2.73,1.1,4.33,,,,,,,,66.0,2.35,220.25,0.0,0.0,393.75,742.0,
2024-04-26 11:00:00,9.5,52.75,17.23,6.53,17.47,9.5,2.27,0.84,5.92,,,,,,,,65.75,2.55,225.75,0.0,0.0,427.0,741.75,
2024-04-26 12:00:00,12.25,57.75,15.07,4.13,14.47,9.8,3.0,0.86,7.17,,,,,,,,66.5,2.98,226.75,0.0,0.0,434.5,741.0,
2024-04-26 13:00:00,6.0,54.25,10.68,4.08,10.85,9.07,2.58,0.49,6.9,,,,,,,,66.0,2.92,221.75,0.0,0.0,386.75,740.25,
2024-04-26 14:00:00,4.0,48.5,8.3,3.58,8.6,9.0,1.15,0.45,7.27,,,,,,,,65.5,2.98,221.5,0.0,0.0,335.25,739.75,
2024-04-26 15:00:00,8.0,57.75,6.88,4.4,7.9,8.55,,0.2,7.07,,,,,,,,67.0,3.08,229.0,0.0,0.0,255.25,739.5,
2024-04-26 16:00:00,11.0,63.0,3.6,4.4,5.28,7.68,2.43,0.3,6.64,,,,,,,,68.75,2.72,225.0,0.0,0.0,154.75,739.0,
2024-04-26 17:00:00,,,3.82,2.72,4.55,7.1,2.35,0.23,7.46,,,,,,,,71.5,2.5,226.0,0.0,0.0,55.5,739.0,
2024-04-26 18:00:00,13.75,46.0,4.15,3.52,5.22,6.85,0.48,0.34,7.48,,,,,,,,73.5,1.95,221.5,0.0,0.0,17.25,739.75,
2024-04-26 19:00:00,22.0,56.0,5.18,3.9,6.28,7.82,1.05,0.34,9.16,,,,,,,,75.25,2.1,224.75,0.0,0.0,14.0,740.0,
2024-04-26 20:00:00,19.5,55.75,5.32,4.6,6.78,8.48,0.47,0.34,9.96,,,,,,,,76.5,1.8,222.75,0.0,0.0,12.5,740.0,
2024-04-26 21:00:00,13.5,48.25,5.78,4.6,7.12,8.3,0.25,0.36,10.91,,,,,,,,77.5,1.68,222.5,0.0,0.0,12.5,740.0,
2024-04-26 22:00:00,16.0,53.5,6.3,3.78,7.18,8.98,1.58,0.35,12.08,,,,,,,,77.75,1.3,221.5,0.0,0.0,12.5,740.0,
2024-04-26 23:00:00,10.25,48.0,7.15,2.85,7.32,8.57,2.15,0.32,11.89,,,,,,,,78.75,1.18,218.5,0.0,0.0,13.5,740.0,
2024-04-27 00:00:00,10.5,44.25,7.8,3.25,8.07,7.8,1.62,0.31,12.66,,,,,,,,80.25,1.08,230.5,0.0,0.0,14.0,740.0,
2024-04-27 01:00:00,11.25,41.25,7.45,3.28,7.78,7.45,1.48,0.25,15.7,,,,,,,,81.0,0.9,245.25,0.0,0.0,13.75,739.5,
2024-04-27 02:00:00,18.5,44.5,9.57,5.03,10.5,8.25,1.25,0.41,13.09,,,,,,,,82.25,0.48,292.0,0.0,0.0,13.75,739.0,
2024-04-27 03:00:00,23.5,83.25,17.8,8.62,19.05,9.75,2.88,0.86,21.85,,,,,,,,82.75,0.55,300.75,0.0,0.0,14.0,739.0,
2024-04-27 04:00:00,30.0,123.5,12.68,5.72,13.35,10.18,1.2,0.5,27.28,,,,,,,,82.25,0.72,266.0,0.0,0.0,17.5,739.25,
2024-04-27 05:00:00,16.25,42.75,13.42,6.05,14.12,10.02,0.43,0.44,19.4,,,,,,,,83.0,0.75,283.25,0.0,0.0,18.0,740.0,
2024-04-27 06:00:00,13.25,48.25,14.45,5.8,14.82,10.52,0.75,0.49,12.99,,,,,,,,82.25,0.5,296.75,0.0,0.0,54.25,740.25,
2024-04-27 07:00:00,20.25,73.5,13.2,5.72,13.78,9.98,1.0,0.41,12.46,,,,,,,,75.0,0.75,285.0,0.0,0.0,145.25,741.25,
2024-04-27 08:00:00,20.25,66.25,11.62,4.03,11.62,7.95,1.1,0.34,10.94,,,,,,,,71.5,1.48,249.25,0.0,0.0,231.5,742.0,
2024-04-27 09:00:00,17.75,70.0,8.82,3.92,9.25,8.33,0.88,0.3,10.13,,,,,,,,66.75,1.78,232.75,0.0,0.0,344.0,742.0,
2024-04-27 10:00:00,16.0,77.0,12.3,3.02,11.65,8.7,2.6,0.76,7.59,,,,,,,,66.25,2.58,225.25,0.0,0.0,409.5,742.0,
2024-04-27 11:00:00,15.75,67.25,14.07,4.6,13.87,9.17,5.77,0.58,7.19,,,,,,,,65.25,2.62,222.75,0.0,0.0,442.5,741.5,
2024-04-27 12:00:00,21.25,54.0,13.87,5.1,13.97,10.93,2.38,0.92,7.37,,,,,,,,66.75,2.6,220.75,0.0,0.0,442.25,741.0,
2024-04-27 13:00:00,14.25,46.75,6.9,4.5,8.02,9.3,0.67,0.46,6.86,,,,,,,,66.25,2.82,241.25,0.0,0.0,412.0,741.0,
2024-04-27 14:00:00,16.0,42.25,6.12,3.65,6.95,8.22,0.83,0.37,6.43,,,,,,,,66.0,2.6,237.25,0.0,0.0,345.75,740.5,
2024-04-27 15:00:00,10.25,41.5,5.4,2.55,5.78,7.72,,0.21,5.06,,,,,,,,66.25,2.52,232.0,0.0,0.0,251.5,740.0,
2024-04-27 16:00:00,9.5,45.75,5.03,2.55,5.45,7.3,,0.31,4.3,,,,,,,,68.25,2.58,235.0,0.0,0.0,154.0,739.75,
2024-04-27 17:00:00,6.5,47.25,5.28,2.58,5.65,7.58,,0.27,5.03,,,,,,,,70.5,2.17,234.5,0.0,0.0,53.5,739.0,
2024-04-27 18:00:00,9.75,53.25,4.88,4.12,6.15,6.9,2.65,0.36,4.2,,,,,,,,74.25,2.0,239.25,0.0,0.0,16.0,740.0,
2024-04-27 19:00:00,7.0,50.25,7.52,4.88,8.7,7.98,3.75,0.36,3.7,,,,,,,,75.0,1.32,234.0,0.0,0.0,12.5,740.0,
2024-04-27 20:00:00,11.5,49.75,8.02,5.35,9.35,8.07,1.7,0.42,3.55,,,,,,,,76.0,1.35,245.25,0.0,0.0,11.75,740.0,
2024-04-27 21:00:00,16.0,53.75,8.55,5.38,9.82,7.98,1.38,0.42,3.59,,,,,,,,76.5,1.27,238.0,0.0,0.0,11.75,740.0,
2024-04-27 22:00:00,15.75,48.0,9.05,4.55,9.75,8.15,0.63,0.38,3.9,,,,,,,,78.0,1.42,234.5,0.0,0.0,11.75,741.0,
2024-04-27 23:00:00,13.75,39.75,9.12,4.03,9.55,8.1,0.92,0.38,3.99,,,,,,,,78.5,1.25,238.0,0.0,0.0,12.0,740.5,
2024-04-28 00:00:00,9.25,31.25,8.45,3.45,8.7,6.8,0.3,0.24,3.74,,,,,,,,79.75,1.0,236.5,0.0,0.0,12.5,740.25,
2024-04-28 01:00:00,7.5,36.0,10.2,4.68,10.8,7.22,,0.19,2.83,,,,,,,,80.75,0.62,302.75,0.0,0.0,12.0,740.0,
2024-04-28 02:00:00,8.0,58.0,10.52,4.7,11.08,7.55,1.73,0.37,3.58,,,,,,,,80.75,0.85,293.5,0.0,0.0,12.25,740.0,
2024-04-28 03:00:00,6.25,34.25,13.95,3.4,13.12,8.62,2.9,0.71,3.65,,,,,,,,82.5,0.7,305.75,0.0,0.0,11.5,740.0,
2024-04-28 04:00:00,10.25,33.0,12.77,3.38,12.18,8.82,2.4,0.49,3.2,,,,,,,,82.25,1.02,300.5,0.0,0.0,10.75,740.0,
2024-04-28 05:00:00,10.0,33.0,14.58,5.5,14.8,8.95,2.65,0.45,2.65,,,,,,,,84.0,0.6,278.5,0.0,0.0,11.25,740.0,
2024-04-28 06:00:00,6.75,50.75,14.85,5.88,15.2,8.98,3.92,0.48,3.42,,,,,,,,82.5,0.75,291.5,0.0,0.0,49.25,740.0,
2024-04-28 07:00:00,6.25,47.5,13.22,3.75,12.78,9.12,4.1,0.4,3.59,,,,,,,,75.75,1.2,289.75,0.0,0.0,146.25,741.0,
2024-04-28 08:00:00,9.0,40.75,11.55,2.85,10.88,7.48,2.9,0.26,3.85,,,,,,,,70.75,1.42,275.5,0.0,0.0,245.0,741.75,
2024-04-28 09:00:00,13.5,45.75,10.1,2.8,9.72,7.85,2.45,0.26,3.57,,,,,,,,65.5,1.68,248.25,0.0,0.0,334.75,742.0,
2024-04-28 10:00:00,7.75,51.5,13.1,4.12,12.88,7.62,3.9,1.78,3.98,,,,,,,,66.5,2.6,222.25,0.0,0.0,399.25,741.5,
2024-04-28 11:00:00,4.0,44.0,13.5,3.37,12.77,8.03,6.27,0.24,3.85,,,,,,,,66.5,3.08,227.5,0.0,0.0,431.5,741.0,
2024-04-28 12:00:00,4.0,42.75,14.33,3.6,13.53,9.83,3.8,0.76,4.24,,,,,,,,66.0,2.92,220.5,0.0,0.0,431.25,740.75,
2024-04-28 13:00:00,4.0,41.25,11.7,3.62,11.45,8.62,3.18,0.51,4.28,,,,,,,,66.25,3.15,223.25,0.0,0.0,395.75,740.0,
2024-04-28 14:00:00,3.5,46.0,8.05,3.1,8.2,8.32,1.85,0.39,3.74,,,,,,,,68.0,3.1,221.25,0.0,0.0,339.0,740.0,
2024-04-28 15:00:00,1.75,38.0,6.98,3.05,7.3,8.1,1.23,0.22,4.52,,,,,,,,70.5,3.58,228.75,0.0,0.0,248.75,740.0,
2024-04-28 16:00:00,1.25,31.25,6.32,3.02,6.78,7.55,1.72,0.35,4.66,,,,,,,,72.0,3.2,233.75,0.0,0.0,154.0,740.0,
2024-04-28 17:00:00,2.0,26.75,5.35,3.38,6.12,7.48,1.4,0.28,3.9,,,,,,,,73.75,3.0,228.0,0.0,0.0,54.75,740.0,
2024-04-28 18:00:00,,21.0,7.08,2.92,7.28,7.2,0.6,0.38,3.46,,,,,,,,76.75,2.22,223.25,0.0,0.0,16.5,740.0,
2024-04-28 19:00:00,,24.75,7.38,2.35,7.25,8.2,,0.34,3.21,,,,,,,,78.0,2.17,227.0,0.0,0.0,12.0,740.0,
2024-04-28 20:00:00,,26.0,7.98,2.12,7.6,8.72,0.33,0.38,3.47,,,,,,,,79.0,2.08,225.5,0.0,0.0,11.0,740.5,
2024-04-28 21:00:00,5.0,21.25,8.25,2.42,8.0,8.25,0.83,0.36,3.3,,,,,,,,79.75,1.85,223.25,0.0,0.0,10.75,741.0,
2024-04-28 22:00:00,4.75,16.0,7.68,2.88,7.78,8.57,3.4,0.37,3.04,,,,,,,,80.5,1.6,222.0,0.0,0.0,10.75,741.0,
2024-04-28 23:00:00,4.0,16.25,7.02,2.58,7.1,8.75,4.6,0.3,2.8,,,,,,,,81.5,1.62,222.75,0.0,0.0,10.75,741.0,
2024-04-29 00:00:00,,13.75,8.32,1.33,7.28,7.55,4.72,0.24,2.98,,,,,,,,82.0,1.32,221.0,0.0,0.0,11.5,741.0,
2024-04-29 01:00:00,,4.5,7.75,1.9,7.28,7.28,4.35,0.2,3.4,,,,,,,,82.75,1.27,225.25,0.0,0.0,11.25,740.75,
2024-04-29 02:00:00,2.0,7.0,9.55,1.45,8.52,7.7,4.12,0.36,3.2,,,,,,,,83.0,1.15,222.5,0.0,0.0,11.0,740.0,
2024-04-29 03:00:00,2.0,10.5,12.12,2.28,11.08,9.02,5.28,0.65,3.31,,,,,,,,83.25,1.08,264.25,0.0,0.0,10.75,740.0,
2024-04-29 04:00:00,2.0,10.5,11.52,2.53,10.32,10.5,3.62,0.48,3.47,,,,,,,,84.5,1.08,282.0,0.0,0.0,8.5,740.0,
2024-04-29 05:00:00,,5.0,15.15,4.95,14.92,15.45,4.38,0.54,3.03,,,,,,,,85.0,1.15,270.5,0.0,0.0,,740.75,
2024-04-29 06:00:00,,5.5,12.98,5.48,13.48,17.18,1.87,0.54,3.14,,,,,,,,84.0,0.82,302.5,0.0,0.0,36.0,741.25,
2024-04-29 07:00:00,5.0,22.0,12.6,4.9,12.82,19.3,0.1,0.56,4.04,,,,,,,,78.0,1.48,288.5,0.0,0.0,128.25,742.0,
2024-04-29 08:00:00,6.25,43.25,11.6,6.12,12.68,19.65,1.05,0.48,4.08,,,,,,,,73.0,1.52,278.75,0.0,0.0,180.5,743.0,
2024-04-29 09:00:00,10.75,59.5,13.92,6.15,14.6,20.58,1.32,0.35,4.74,,,,,,,,65.75,1.5,265.25,0.0,0.0,285.5,743.0,
2024-04-29 10:00:00,13.0,69.25,14.88,4.55,14.55,17.48,1.6,1.32,5.06,,,,,,,,65.0,1.9,232.75,0.0,0.0,378.5,743.25,
2024-04-29 11:00:00,12.25,40.0,15.57,4.2,14.87,13.85,0.27,0.8,5.58,,,,,,,,66.5,2.6,226.0,0.0,0.0,437.25,742.5,
2024-04-29 12:00:00,9.25,44.0,12.53,1.53,11.03,9.93,0.67,0.21,5.26,,,,,,,,66.5,3.25,241.75,0.0,0.0,439.0,741.75,
2024-04-29 13:00:00,6.25,50.25,10.12,2.8,9.68,8.9,,0.14,4.63,,,,,,,,66.25,3.15,231.75,0.0,0.0,409.0,741.0,
2024-04-29 14:00:00,4.0,30.75,9.15,3.85,9.52,8.25,2.07,0.42,4.49,,,,,,,,66.5,2.68,228.5,0.0,0.0,345.0,741.0,
2024-04-29 15:00:00,,26.0,8.43,2.3,8.07,8.0,2.12,0.3,3.4,,,,,,,,67.25,2.68,221.0,0.0,0.0,259.25,740.25,
2024-04-29 16:00:00,1.0,31.75,8.48,3.22,8.65,7.28,4.95,0.38,3.48,,,,,,,,69.25,2.28,215.75,0.0,0.0,163.5,740.0,
2024-04-29 17:00:00,1.75,30.25,7.18,3.6,7.78,7.48,5.52,0.34,3.07,,,,,,,,72.75,2.17,215.25,0.0,0.0,52.75,740.0,
2024-04-29 18:00:00,3.5,27.75,8.57,2.28,8.2,8.05,3.58,0.47,4.04,,,,,,,,76.75,2.12,216.5,0.0,0.0,14.0,740.0,
2024-04-29 19:00:00,3.25,28.5,9.15,2.82,8.93,7.7,2.52,0.45,3.38,,,,,,,,78.75,1.9,217.0,0.0,0.0,10.75,740.0,
2024-04-29 20:00:00,6.5,32.5,8.82,3.12,8.82,7.3,2.75,0.29,3.44,,,,,,,,79.0,1.72,214.0,0.0,0.0,10.75,740.5,
2024-04-29 21:00:00,4.0,29.0,8.07,3.92,8.68,6.88,2.9,0.26,3.52,,,,,,,,80.0,1.82,213.0,0.0,0.0,10.75,741.0,
2024-04-29 22:00:00,1.0,21.25,9.18,2.62,8.88,6.95,0.97,0.38,3.74,,,,,,,,80.0,2.4,218.75,0.0,0.0,11.75,741.75,
2024-04-29 23:00:00,,17.5,9.55,2.17,8.9,6.9,,0.3,3.53,,,,,,,,81.0,2.33,218.0,0.0,0.0,11.75,741.5,
2024-04-30 00:00:00,,18.25,8.78,2.17,8.28,6.65,1.37,0.3,3.66,,,,,,,,80.25,1.08,221.0,0.0,0.0,11.75,741.0,
2024-04-30 01:00:00,,8.25,8.62,2.4,8.28,6.65,2.6,0.26,3.58,,,,,,,,80.75,0.98,223.5,0.0,0.0,11.5,740.5,
2024-04-30 02:00:00,,14.0,8.98,2.48,8.57,7.82,1.75,0.42,3.78,,,,,,,,81.0,0.57,249.25,0.0,0.0,10.75,740.0,
2024-04-30 03:00:00,,17.5,9.4,2.75,9.12,8.25,2.62,0.51,2.97,,,,,,,,82.0,0.38,275.5,0.0,0.0,10.5,740.0,
2024-04-30 04:00:00,5.0,11.75,9.45,2.78,9.18,7.78,3.6,0.36,3.24,,,,,,,,83.0,0.3,282.0,0.0,0.0,9.75,740.0,
2024-04-30 05:00:00,5.5,20.0,12.62,3.52,12.12,8.05,2.35,0.33,2.82,,,,,,,,83.5,0.3,296.5,0.0,0.0,11.0,740.0,
2024-04-30 06:00:00,7.0,34.5,13.62,4.58,13.52,7.18,0.95,0.34,2.82,,,,,,,,82.0,0.4,278.25,0.0,0.0,52.75,740.75,
2024-04-30 07:00:00,7.5,49.5,11.28,1.65,10.05,7.62,,0.28,2.94,,,,,,,,76.5,0.95,281.75,0.0,0.0,141.25,741.5,
2024-04-30 08:00:00,8.0,53.25,9.85,3.85,10.05,6.8,0.1,0.34,2.79,,,,,,,,71.0,1.05,269.75,0.0,0.0,245.5,742.0,
2024-04-30 09:00:00,4.25,74.0,9.25,3.12,9.2,7.18,,0.32,3.4,,,,,,,,67.25,1.27,284.75,0.0,0.0,261.5,742.0,
2024-04-30 10:00:00,2.75,63.0,8.05,4.2,8.78,9.02,2.43,0.97,4.34,,,,,,,,63.5,1.12,265.25,0.0,0.0,291.5,741.75,
2024-04-30 11:00:00,5.0,59.25,6.03,5.0,7.57,8.68,4.57,0.47,4.68,,,,,,,,64.25,2.33,229.5,0.0,0.0,452.0,741.0,
2024-04-30 12:00:00,5.0,42.75,4.77,3.27,5.6,9.83,2.75,0.34,3.88,,,,,,,,62.75,3.1,232.25,0.0,0.0,434.0,741.0,
2024-04-30 13:00:00,4.75,55.25,5.95,2.65,6.22,8.32,0.62,0.22,4.29,,,,,,,,61.75,3.12,234.5,0.0,0.0,402.5,740.0,
2024-04-30 14:00:00,4.5,57.75,4.53,4.15,5.88,7.15,1.85,0.31,3.58,,,,,,,,61.75,3.32,233.25,0.0,0.0,341.0,739.75,
2024-04-30 15:00:00,6.0,49.25,4.27,2.78,5.0,6.78,1.88,0.25,3.36,,,,,,,,65.0,3.18,232.0,0.0,0.0,256.5,739.0,
2024-04-30 16:00:00,6.0,36.75,4.05,3.35,5.08,6.62,1.68,0.3,4.06,,,,,,,,68.5,3.0,230.25,0.0,0.0,159.5,739.0,
2024-04-30 17:00:00,5.75,40.75,4.25,2.9,5.0,6.65,1.88,0.28,4.14,,,,,,,,72.5,2.68,231.25,0.0,0.0,51.75,739.0,
2024-04-30 18:00:00,5.5,34.5,4.97,3.08,5.7,7.4,3.7,0.34,3.82,,,,,,,,78.25,1.78,221.75,0.0,0.0,12.75,739.0,
2024-04-30 19:00:00,6.75,28.75,6.08,2.3,6.15,6.98,4.58,0.34,3.91,,,,,,,,79.5,1.58,223.5,0.0,0.0,9.75,739.25,
2024-04-30 20:00:00,5.5,30.75,6.95,2.68,7.05,6.98,1.9,0.34,3.2,,,,,,,,80.0,1.27,230.25,0.0,0.0,9.75,740.0,
2024-04-30 21:00:00,3.5,22.75,7.75,3.22,8.05,6.65,1.58,0.35,3.31,,,,,,,,80.0,0.98,231.25,0.0,0.0,9.75,740.0,
2024-04-30 22:00:00,2.0,25.5,9.1,2.2,8.57,6.9,2.25,0.38,3.08,,,,,,,,80.0,1.23,233.5,0.0,0.0,9.75,740.0,
2024-04-30 23:00:00,,18.0,7.9,2.87,7.97,6.57,2.97,0.31,3.54,,,,,,,,80.0,0.97,233.0,0.0,0.0,10.33,740.0,
2024-05-01 00:00:00,,13.75,10.6,5.72,11.65,8.82,1.62,0.32,2.58,,,,,,,,80.75,1.02,263.5,0.0,0.0,7.0,740.0,
2024-05-01 01:00:00,,6.5,10.48,1.47,9.12,7.3,1.48,0.18,3.64,,,,,,,,82.0,1.18,278.25,0.0,0.0,9.75,739.5,
2024-05-01 02:00:00,,4.25,9.78,1.5,8.75,7.45,1.38,0.28,3.85,,,,,,,,82.75,1.18,279.5,0.0,0.0,9.5,739.0,
2024-05-01 03:00:00,,2.5,9.28,3.42,9.32,8.3,2.92,0.44,3.03,,,,,,,,83.0,0.88,280.0,0.0,0.0,9.0,738.75,
2024-05-01 04:00:00,,4.0,10.28,2.25,9.55,8.02,1.72,0.38,2.82,,,,,,,,83.0,0.6,260.5,0.0,0.0,8.5,738.5,
2024-05-01 05:00:00,,6.0,8.35,3.33,8.07,8.1,1.5,0.33,3.46,,,,,,,,82.75,0.6,266.75,0.0,0.0,10.25,739.0,
2024-05-01 06:00:00,1.0,15.5,9.32,1.85,8.55,8.0,3.72,0.32,2.82,,,,,,,,81.25,0.7,276.25,0.0,0.0,54.5,739.0,
2024-05-01 07:00:00,3.5,30.75,8.78,3.7,9.12,7.02,3.48,0.22,3.46,,,,,,,,73.5,1.4,270.75,0.0,0.0,150.5,740.0,
2024-05-01 08:00:00,11.5,46.25,9.1,3.38,9.17,7.15,9.3,0.3,3.48,,,,,,,,66.5,2.0,287.0,0.0,0.0,241.25,740.25,
2024-05-01 09:00:00,12.0,59.5,7.48,4.53,8.5,8.5,10.78,0.36,3.51,,,,,,,,60.75,1.65,288.0,0.0,0.0,328.75,740.75,
2024-05-01 10:00:00,9.75,98.75,7.42,2.92,7.6,7.72,5.13,1.69,4.41,,,,,,,,56.5,1.25,275.75,0.0,0.0,396.5,740.0,
2024-05-01 11:00:00,11.5,120.75,6.67,5.47,8.33,10.2,5.3,0.23,5.82,,,,,,,,55.25,1.72,266.75,0.0,0.0,418.0,739.5,
2024-05-01 12:00:00,10.75,87.25,4.67,6.23,7.1,12.13,4.22,0.42,5.68,,,,,,,,60.5,3.25,229.25,0.0,0.0,427.25,738.75,
2024-05-01 13:00:00,14.0,73.25,4.18,4.25,5.62,9.0,2.88,0.12,7.2,,,,,,,,60.75,3.4,235.0,0.0,0.0,397.25,738.0,
2024-05-01 14:00:00,20.5,61.25,4.35,4.15,5.75,9.18,3.25,0.32,7.78,,,,,,,,63.0,3.28,228.75,0.0,0.0,333.25,737.25,
2024-05-01 15:00:00,26.5,71.75,3.4,4.47,5.12,9.18,2.17,0.24,8.52,,,,,,,,65.5,3.08,229.0,0.0,0.0,246.75,737.0,
2024-05-01 16:00:00,11.5,53.25,3.25,4.42,5.0,8.02,2.0,0.38,8.56,,,,,,,,67.0,2.8,224.25,0.0,0.0,148.5,737.0,
2024-05-01 17:00:00,7.0,44.5,3.85,4.1,5.32,6.8,1.02,0.28,7.45,,,,,,,,70.25,2.88,222.25,0.0,0.0,45.75,737.0,
2024-05-01 18:00:00,7.5,43.0,4.0,3.75,5.25,6.78,1.9,0.37,7.86,,,,,,,,75.5,2.28,220.0,0.0,0.0,11.25,737.0,
2024-05-01 19:00:00,8.25,38.75,4.38,3.85,5.62,6.72,1.78,0.56,7.73,,,,,,,,78.5,2.42,223.75,0.0,0.0,8.25,737.5,
2024-05-01 20:00:00,7.25,26.5,4.68,4.22,6.05,7.05,3.55,0.34,6.58,,,,,,,,80.25,2.02,224.25,0.0,0.0,7.25,738.0,
2024-05-01 21:00:00,9.75,27.5,5.05,3.48,5.95,6.95,4.12,0.34,5.97,,,,,,,,81.5,1.75,231.0,0.0,0.0,7.25,738.0,
2024-05-01 22:00:00,5.5,24.0,4.95,2.42,5.3,6.88,3.2,0.34,5.92,,,,,,,,82.0,1.58,230.25,0.0,0.0,6.5,738.75,
2024-05-01 23:00:00,4.0,17.25,4.8,3.2,5.2,6.45,3.05,0.31,5.91,,,,,,,,81.0,1.52,233.75,0.0,0.0,7.0,738.25,
2024-05-02 00:00:00,,13.5,4.12,2.2,4.53,6.78,2.15,0.36,5.62,,,,,,,,80.0,1.08,246.25,0.0,0.0,7.25,738.5,
2024-05-02 01:00:00,,7.25,5.1,2.0,5.22,6.32,0.82,0.3,5.48,,,,,,,,79.5,1.48,261.5,0.0,0.0,7.25,738.0,
2024-05-02 02:00:00,,3.0,4.95,1.75,4.97,6.28,3.12,0.32,5.59,,,,,,,,80.0,1.58,279.5,0.0,0.0,7.0,738.0,
2024-05-02 03:00:00,,5.0,4.92,1.12,4.6,6.42,3.92,0.3,5.62,,,,,,,,80.0,1.5,274.25,0.0,0.0,6.75,738.0,
2024-05-02 04:00:00,1.0,2.5,4.03,2.42,4.55,7.02,2.9,0.26,5.46,,,,,,,,80.0,1.7,268.5,0.0,0.0,6.5,738.0,
2024-05-02 05:00:00,1.0,5.75,5.08,3.08,5.72,7.2,3.3,0.31,5.54,,,,,,,,80.25,1.78,278.25,0.0,0.0,7.5,738.25,
2024-05-02 06:00:00,6.0,14.0,4.42,3.48,5.48,6.95,2.33,0.33,5.02,,,,,,,,79.25,1.45,256.0,0.0,0.0,40.0,739.0,
2024-05-02 07:00:00,6.25,30.0,4.55,3.32,5.48,7.4,2.02,0.33,5.54,,,,,,,,73.0,2.02,262.75,0.0,0.0,142.5,739.25,
2024-05-02 08:00:00,7.5,53.75,4.53,3.15,5.38,7.3,2.38,0.33,6.07,,,,,,,,66.75,2.3,274.0,0.0,0.0,239.0,740.0,
2024-05-02 09:00:00,9.5,75.5,3.48,4.25,5.08,6.12,1.35,0.31,6.22,,,,,,,,61.75,2.72,292.0,0.0,0.0,320.25,740.25,
2024-05-02 10:00:00,11.5,110.75,3.82,4.55,5.5,6.58,0.73,0.32,6.37,,,,,,,,63.0,2.55,260.25,0.0,0.0,378.0,740.0,
2024-05-02 11:00:00,14.0,97.75,3.35,3.48,4.58,6.88,0.5,0.31,6.22,,,,,,,,66.5,3.3,234.0,0.0,0.0,404.75,739.75,
2024-05-02 12:00:00,16.5,104.5,1.75,5.03,4.08,8.62,3.22,0.3,7.26,,,,,,,,66.75,3.7,234.25,0.0,0.0,416.0,739.0,
2024-05-02 13:00:00,15.0,95.75,2.7,4.45,4.55,8.3,5.65,0.38,6.51,,,,,,,,68.0,3.58,225.75,0.0,0.0,387.5,738.25,
2024-05-02 14:00:00,,76.5,3.4,3.85,4.82,8.22,3.62,0.26,6.84,,,,,,,,70.0,3.8,229.0,0.0,0.0,320.5,737.75,
2024-05-02 15:00:00,6.0,58.0,2.2,4.12,3.55,10.32,4.0,0.33,7.24,,,,,,,,70.25,3.9,227.75,0.0,0.0,241.75,737.0,
2024-05-02 16:00:00,6.25,57.25,3.95,3.05,4.82,8.85,5.1,0.14,6.0,,,,,,,,72.0,3.58,227.75,0.0,0.0,136.25,738.0,
2024-05-02 17:00:00,7.0,45.0,3.8,3.6,5.0,7.48,4.03,0.13,6.59,,,,,,,,76.0,2.9,228.25,0.0,0.0,35.5,738.0,
2024-05-02 18:00:00,5.75,42.25,3.9,3.88,5.22,7.22,3.35,0.31,6.11,,,,,,,,77.0,2.15,227.75,0.0,0.0,13.5,738.75,
2024-05-02 19:00:00,4.0,42.75,4.78,4.2,6.1,7.48,3.28,0.32,5.71,,,,,,,,78.0,2.0,228.0,0.0,0.0,11.0,739.0,
2024-05-02 20:00:00,12.0,42.5,4.47,3.55,5.52,7.95,2.4,0.34,6.38,,,,,,,,78.5,1.82,231.25,0.0,0.0,10.5,739.0,
2024-05-02 21:00:00,16.25,42.5,5.35,3.72,6.38,7.88,2.25,0.35,6.02,,,,,,,,79.0,2.33,229.75,0.0,0.0,10.5,739.75,
2024-05-02 22:00:00,9.75,36.75,5.35,2.95,5.92,7.78,2.2,0.34,6.46,,,,,,,,79.0,2.48,241.25,0.0,0.0,11.0,739.25,
2024-05-02 23:00:00,7.0,31.75,4.4,3.6,5.5,7.9,1.98,0.32,6.87,,,,,,,,79.0,2.1,249.75,0.0,0.0,10.5,739.0,
2024-05-03 00:00:00,8.75,26.25,4.95,3.38,5.8,7.62,1.35,0.43,6.68,,,,,,,,80.0,1.52,268.5,0.0,0.0,10.25,739.0,
2024-05-03 01:00:00,5.0,19.0,3.97,1.6,4.08,7.12,,0.35,6.48,,,,,,,,80.75,1.68,264.75,0.0,0.0,10.5,738.5,
2024-05-03 02:00:00,,15.0,4.97,1.78,4.97,7.28,1.87,0.3,5.96,,,,,,,,80.0,1.88,272.75,0.0,0.0,10.25,738.0,
2024-05-03 03:00:00,5.0,20.75,4.58,2.82,5.22,6.8,1.62,0.27,6.0,,,,,,,,80.5,1.75,274.0,0.0,0.0,10.75,738.0,
2024-05-03 04:00:00,5.0,21.0,2.88,2.58,3.72,8.58,4.0,0.4,5.24,,,,,,,,81.75,1.85,281.5,0.0,0.0,10.0,738.0,
2024-05-03 05:00:00,6.5,23.25,3.85,2.2,4.3,8.68,5.6,0.42,5.14,,,,,,,,81.0,1.95,278.25,0.0,0.0,10.75,738.5,
2024-05-03 06:00:00,12.25,27.0,4.0,2.52,4.62,8.52,1.98,0.34,6.01,,,,,,,,79.5,1.55,276.25,0.0,0.0,48.25,739.0,
2024-05-03 07:00:00,17.0,51.5,5.1,4.03,6.3,8.78,0.9,0.36,5.69,,,,,,,,73.25,1.55,258.25,0.0,0.0,126.75,740.0,
2024-05-03 08:00:00,20.0,75.0,5.35,4.75,6.88,8.35,3.97,0.38,4.62,,,,,,,,65.75,1.75,260.5,0.0,0.0,222.0,740.75,
2024-05-03 09:00:00,21.5,99.5,4.78,4.43,6.25,7.95,6.28,0.38,5.7,,,,,,,,60.25,2.12,265.5,0.0,0.0,305.25,741.0,
2024-05-03 10:00:00,23.75,127.25,3.85,4.78,5.6,7.85,4.05,0.39,6.48,,,,,,,,59.0,1.78,241.5,0.0,0.0,365.0,741.0,
2024-05-03 11:00:00,19.25,94.5,3.55,5.78,5.95,7.12,3.72,0.36,6.77,,,,,,,,64.75,2.92,219.5,0.0,0.0,400.25,740.75,
2024-05-03 12:00:00,24.75,86.75,2.85,5.58,5.3,8.0,1.62,0.29,7.11,,,,,,,,66.0,3.55,219.5,0.0,0.0,403.0,739.75,
2024-05-03 13:00:00,18.75,91.5,2.72,3.12,3.9,8.68,0.98,0.32,5.72,,,,,,,,66.75,3.5,222.5,0.0,0.0,374.5,739.0,
2024-05-03 14:00:00,11.75,77.5,3.45,4.4,5.15,8.93,1.08,0.31,5.43,,,,,,,,69.75,4.03,229.0,0.0,0.0,306.0,738.5,
2024-05-03 15:00:00,9.75,68.75,3.53,5.35,5.7,16.62,4.4,0.37,4.16,,,,,,,,72.0,3.85,228.5,0.0,0.0,213.25,738.0,
2024-05-03 16:00:00,8.5,72.25,3.8,5.92,6.25,15.6,3.88,0.59,6.6,,,,,,,,75.25,3.28,225.75,0.0,0.0,122.5,738.75,
2024-05-03 17:00:00,16.0,63.5,3.35,5.15,5.48,9.8,1.52,0.4,6.3,,,,,,,,78.0,2.9,225.75,0.0,0.0,28.75,739.0,
2024-05-03 18:00:00,13.25,53.25,4.95,4.53,6.45,9.85,3.35,0.56,5.96,,,,,,,,79.0,2.48,227.25,0.0,0.0,9.0,739.25,
2024-05-03 19:00:00,6.75,52.5,5.38,4.55,6.8,7.62,1.9,0.28,6.41,,,,,,,,79.0,2.45,226.5,0.0,0.0,7.5,740.0,
2024-05-03 20:00:00,12.25,46.5,5.28,3.7,6.25,7.92,2.12,0.42,5.7,,,,,,,,78.5,2.6,226.75,0.0,0.0,7.75,740.0,
2024-05-03 21:00:00,12.5,41.5,5.62,2.85,6.05,7.45,2.22,0.39,5.78,,,,,,,,78.25,2.65,230.25,0.0,0.0,7.75,740.5,
2024-05-03 22:00:00,10.5,38.75,4.28,3.9,5.55,7.9,4.1,0.36,5.8,,,,,,,,78.25,2.92,235.0,0.0,0.0,7.75,740.0,
2024-05-03 23:00:00,8.5,32.75,5.75,2.33,5.95,7.55,5.05,0.35,6.2,,,,,,,,79.0,2.38,239.0,0.0,0.0,7.75,740.0,
2024-05-04 00:00:00,6.5,26.0,4.4,1.9,4.58,8.12,3.5,0.34,5.83,,,,,,,,79.5,2.2,244.5,0.0,0.0,7.5,740.0,
2024-05-04 01:00:00,6.0,23.5,3.98,2.48,4.58,7.65,3.82,0.32,5.85,,,,,,,,79.75,2.17,252.5,0.0,0.0,7.5,739.0,
2024-05-04 02:00:00,8.0,16.0,4.95,1.88,4.97,7.65,2.38,0.32,6.34,,,,,,,,79.0,1.92,271.0,0.0,0.0,7.5,739.0,
2024-05-04 03:00:00,5.0,14.25,5.03,1.0,4.47,6.85,0.78,0.26,6.5,,,,,,,,78.75,2.08,279.0,0.0,0.0,7.75,739.0,
2024-05-04 04:00:00,1.0,11.25,4.58,2.25,4.88,6.95,0.33,0.28,5.96,,,,,,,,79.5,1.85,281.75,0.0,0.0,7.75,739.5,
2024-05-04 05:00:00,1.75,18.0,4.62,1.9,4.78,7.0,0.1,0.26,5.48,,,,,,,,80.0,1.6,269.75,0.0,0.0,9.25,740.0,
2024-05-04 06:00:00,4.25,19.25,4.22,3.6,5.32,7.88,3.08,0.32,5.47,,,,,,,,79.0,1.62,265.75,0.0,0.0,37.25,740.0,
2024-05-04 07:00:00,9.75,27.25,4.8,2.6,5.3,8.1,4.22,0.34,5.62,,,,,,,,74.25,1.92,274.5,0.0,0.0,122.0,740.75,
2024-05-04 08:00:00,21.0,41.0,5.2,2.58,5.55,8.45,2.35,0.33,5.83,,,,,,,,68.25,2.15,273.0,0.0,0.0,191.75,741.25,
2024-05-04 09:00:00,11.5,54.0,4.28,4.32,5.78,8.25,2.02,0.31,6.3,,,,,,,,62.75,2.4,285.0,0.0,0.0,289.75,741.75,
2024-05-04 10:00:00,13.0,86.25,2.82,4.4,4.65,8.75,3.95,0.36,12.28,,,,,,,,60.0,2.25,272.75,0.0,0.0,335.0,741.25,
2024-05-04 11:00:00,20.75,90.0,2.8,6.15,5.55,8.2,4.95,0.32,13.07,,,,,,,,66.0,2.88,233.0,0.0,0.0,368.5,741.0,
2024-05-04 12:00:00,15.75,79.25,3.75,10.25,8.5,4.42,3.82,0.07,,,,,,,,,67.25,3.5,231.0,0.0,0.0,381.5,740.25,
2024-05-04 13:00:00,11.75,71.0,3.5,12.02,9.25,3.5,3.45,0.17,,,,,,,,,66.0,3.52,229.5,0.0,0.0,380.0,739.75,
2024-05-04 14:00:00,11.0,62.75,2.58,8.55,6.65,7.02,5.62,0.18,2.06,,,,,,,,66.0,3.52,226.25,0.0,0.0,299.0,739.0,
2024-05-04 15:00:00,11.25,65.0,3.1,7.6,6.58,7.48,6.02,0.64,12.66,,,,,,,,68.0,3.38,224.75,0.0,0.0,218.5,738.0,
2024-05-04 16:00:00,12.0,65.0,4.15,6.2,6.7,8.45,2.85,1.5,38.62,,,,,,,,74.0,3.6,238.0,0.0,0.0,117.0,738.0,
2024-05-04 17:00:00,9.67,54.0,4.47,5.37,6.5,7.63,2.33,1.48,20.98,,,,,,,,78.5,2.6,226.0,0.0,0.0,17.5,738.0,
2024-05-04 18:00:00,5.75,44.5,3.5,4.92,5.48,8.18,1.0,0.98,12.5,,,,,,,,79.0,2.5,228.75,0.0,0.0,11.5,738.75,
2024-05-04 19:00:00,4.25,36.25,3.88,5.42,6.02,7.7,0.37,0.44,8.74,,,,,,,,78.0,2.3,235.0,0.0,0.0,11.5,740.0,
2024-05-04 20:00:00,11.0,43.0,4.73,5.38,6.68,8.15,0.73,0.46,6.99,,,,,,,,76.5,2.2,237.25,0.0,0.0,11.5,740.0,
2024-05-04 21:00:00,10.5,43.75,4.47,5.3,6.45,8.07,0.65,0.46,6.3,,,,,,,,74.25,2.0,236.25,0.0,0.0,11.75,740.0,
2024-05-04 22:00:00,9.0,44.0,5.2,4.53,6.62,8.5,1.52,0.46,5.34,,,,,,,,73.75,1.7,241.5,0.0,0.0,11.25,740.0,
2024-05-04 23:00:00,8.25,35.25,4.82,3.58,5.82,8.78,1.6,0.5,5.18,,,,,,,,73.5,1.72,261.75,0.0,0.0,10.75,739.75,
2024-05-05 00:00:00,5.0,26.75,3.62,2.92,4.5,10.05,3.18,0.46,5.3,,,,,,,,73.5,1.3,255.75,0.0,0.0,10.75,739.0,
2024-05-05 01:00:00,2.5,25.25,4.47,2.3,4.88,10.52,3.7,0.44,4.88,,,,,,,,75.0,1.23,247.75,0.0,0.0,10.5,738.25,
2024-05-05 02:00:00,4.5,24.0,5.38,2.7,5.8,11.02,2.75,0.42,4.9,,,,,,,,75.75,1.52,235.75,0.0,0.0,10.75,738.0,
2024-05-05 03:00:00,7.0,26.25,4.5,2.8,5.15,9.8,2.5,0.34,4.96,,,,,,,,74.5,1.58,246.5,0.0,0.0,11.75,738.0,
2024-05-05 04:00:00,9.0,23.25,4.8,2.8,5.38,9.28,2.95,0.35,4.86,,,,,,,,75.75,1.45,273.75,0.0,0.0,11.5,738.5,
2024-05-05 05:00:00,6.0,21.75,5.03,2.78,5.58,9.05,2.78,0.36,5.17,,,,,,,,77.5,1.32,251.0,0.0,0.0,12.25,739.0,
2024-05-05 06:00:00,5.75,28.0,3.7,3.38,4.8,10.2,2.7,0.41,4.51,,,,,,,,78.0,1.48,252.25,0.0,0.0,42.5,739.0,
2024-05-05 07:00:00,6.5,41.0,4.62,3.18,5.45,11.4,3.65,0.49,5.18,,,,,,,,74.25,1.95,249.0,0.0,0.0,126.0,740.0,
2024-05-05 08:00:00,14.0,52.5,4.35,3.18,5.2,11.15,3.0,0.43,4.97,,,,,,,,68.0,2.42,262.75,0.0,0.0,219.75,740.0,
2024-05-05 09:00:00,22.25,75.0,3.7,4.7,5.52,10.98,3.3,0.39,5.07,,,,,,,,63.75,2.33,264.0,0.0,0.0,303.25,740.5,
2024-05-05 10:00:00,19.25,67.5,3.0,4.95,5.08,11.2,2.48,0.42,5.33,,,,,,,,68.0,2.75,231.5,0.0,0.0,356.75,740.0,
2024-05-05 11:00:00,16.5,72.0,3.75,3.3,4.82,10.12,1.15,0.38,4.98,,,,,,,,70.75,3.78,224.5,0.0,0.0,398.25,740.0,
2024-05-05 12:00:00,15.25,73.25,3.3,3.7,4.6,9.65,0.63,0.37,5.24,,,,,,,,69.75,3.9,223.5,0.0,0.0,395.25,739.25,
2024-05-05 13:00:00,16.0,77.25,3.22,3.12,4.25,10.05,0.83,0.37,5.03,,,,,,,,70.25,3.97,226.0,0.0,0.0,275.5,739.0,
2024-05-05 14:00:00,14.5,73.5,3.42,2.72,4.22,10.95,2.5,0.39,4.69,,,,,,,,71.0,3.7,224.5,0.0,0.0,309.25,738.25,
2024-05-05 15:00:00,10.0,56.25,2.95,3.3,4.15,10.02,3.55,0.4,5.04,,,,,,,,72.5,3.5,226.0,0.0,0.0,220.75,737.75,
2024-05-05 16:00:00,10.5,44.5,4.38,1.58,4.38,10.15,1.6,0.37,4.97,,,,,,,,73.0,2.98,224.75,0.0,0.0,127.75,737.5,
2024-05-05 17:00:00,11.75,43.25,3.92,2.72,4.65,10.22,1.8,0.36,5.45,,,,,,,,76.25,2.52,228.75,0.0,0.0,49.0,737.5,
2024-05-05 18:00:00,12.5,45.25,4.15,3.7,5.35,9.85,2.2,0.4,5.02,,,,,,,,78.5,2.17,228.0,0.0,0.0,12.75,738.0,
2024-05-05 19:00:00,16.0,47.5,4.45,3.82,5.65,9.62,3.48,0.39,5.6,,,,,,,,78.0,1.98,223.5,0.0,0.0,11.25,738.5,
2024-05-05 20:00:00,13.75,44.75,4.35,4.7,6.05,9.88,2.0,0.4,5.31,,,,,,,,78.0,1.98,228.75,0.0,0.0,11.25,739.25,
2024-05-05 21:00:00,15.25,48.0,3.3,4.03,4.88,9.43,1.32,0.41,5.5,,,,,,,,76.5,1.78,232.75,0.0,0.0,11.5,740.0,
2024-05-05 22:00:00,12.5,41.0,3.45,3.45,4.62,9.6,0.63,0.41,4.88,,,,,,,,76.25,1.7,234.0,0.0,0.0,11.0,740.0,
2024-05-05 23:00:00,11.0,35.5,4.35,3.4,5.35,10.25,,0.45,4.86,,,,,,,,76.0,1.4,245.25,0.0,0.0,10.75,740.0,
2024-05-06 00:00:00,10.5,28.25,3.95,2.72,4.68,10.58,0.4,0.41,5.14,,,,,,,,76.5,1.42,251.5,0.0,0.0,10.5,739.25,
2024-05-06 01:00:00,9.25,27.75,3.8,2.2,4.22,10.4,0.35,0.39,5.16,,,,,,,,77.5,1.75,248.25,0.0,0.0,10.25,739.0,
2024-05-06 02:00:00,9.75,25.75,4.38,2.0,4.58,9.88,2.7,0.39,5.49,,,,,,,,78.75,1.72,245.0,0.0,0.0,10.25,738.25,
2024-05-06 03:00:00,9.5,29.0,5.0,1.5,4.47,9.5,1.95,0.32,5.4,,,,,,,,80.0,1.5,243.75,0.0,0.0,10.5,739.0,
2024-05-06 04:00:00,10.5,25.0,3.2,2.92,4.15,8.93,2.95,0.3,5.15,,,,,,,,81.0,1.38,239.75,0.0,0.0,10.25,739.0,
2024-05-06 05:00:00,8.25,32.0,3.0,3.08,4.08,8.85,3.9,0.3,4.99,,,,,,,,81.75,1.55,228.0,0.0,0.0,10.75,739.0,
2024-05-06 06:00:00,9.75,36.25,3.6,4.28,5.18,9.95,2.5,0.36,5.57,,,,,,,,81.25,1.9,232.5,0.0,0.0,44.25,739.75,
2024-05-06 07:00:00,19.75,41.25,4.9,3.65,5.95,10.48,2.6,0.45,5.64,,,,,,,,77.0,2.05,233.75,0.0,0.0,122.75,740.0,
2024-05-06 08:00:00,15.75,49.5,3.45,4.72,5.32,10.6,4.5,0.47,5.38,,,,,,,,71.75,2.12,237.5,0.0,0.0,216.5,740.75,
2024-05-06 09:00:00,15.5,73.5,4.8,4.28,6.18,10.38,4.42,0.47,5.47,,,,,,,,69.5,2.33,232.25,0.0,0.0,284.25,741.0,
2024-05-06 10:00:00,16.0,101.0,3.85,3.88,5.2,10.48,2.55,0.45,5.45,,,,,,,,68.75,3.02,220.25,0.0,0.0,350.75,741.0,
2024-05-06 11:00:00,15.0,89.25,2.67,4.6,3.85,10.1,0.72,0.41,5.7,,,,,,,,71.0,3.75,223.0,0.0,0.0,385.0,740.75,
2024-05-06 12:00:00,18.25,84.0,2.42,4.62,4.42,10.18,0.7,0.44,5.48,,,,,,,,72.0,3.72,220.0,0.0,0.0,391.25,740.0,
2024-05-06 13:00:00,10.25,64.25,3.95,3.0,4.82,9.57,0.4,0.46,5.57,,,,,,,,71.5,3.82,222.25,0.0,0.0,368.25,739.75,
2024-05-06 14:00:00,12.25,60.5,1.02,4.88,3.45,10.6,0.5,0.35,5.02,,,,,,,,72.25,3.7,225.5,0.0,0.0,304.75,739.0,
2024-05-06 15:00:00,16.5,62.25,2.0,3.58,3.52,9.6,0.45,0.3,5.54,,,,,,,,73.25,3.58,219.75,0.0,0.0,224.0,738.25,
2024-05-06 16:00:00,16.5,54.25,4.75,3.95,5.95,10.95,0.45,0.92,5.62,,,,,,,,75.0,3.28,223.75,0.0,0.0,134.0,738.25,
2024-05-06 17:00:00,11.25,56.5,4.82,4.95,6.55,10.78,,0.46,5.58,,,,,,,,78.25,2.98,219.75,0.0,0.0,50.0,738.25,
2024-05-06 18:00:00,12.5,61.25,36.45,17.02,38.72,10.52,0.5,0.48,5.41,,,,,,,,80.75,2.75,220.75,0.0,0.0,15.0,738.75,
2024-05-06 19:00:00,21.25,60.75,3.45,6.35,6.18,7.85,1.82,0.55,5.64,,,,,,,,82.0,2.25,220.75,0.0,0.0,10.5,739.5,
2024-05-06 20:00:00,16.25,55.25,3.98,4.32,5.5,8.6,1.92,0.54,5.47,,,,,,,,82.0,2.45,219.5,0.0,0.0,10.5,740.0,
2024-05-06 21:00:00,15.25,49.5,3.05,4.78,5.05,8.38,1.6,0.5,5.86,,,,,,,,81.0,2.22,220.75,0.0,0.0,10.5,740.5,
2024-05-06 22:00:00,9.25,45.25,3.82,3.1,4.8,8.82,3.45,0.49,5.58,,,,,,,,82.0,1.72,223.25,0.0,0.0,10.0,740.25,
2024-05-06 23:00:00,7.0,37.25,4.92,2.85,5.55,8.57,4.58,0.49,5.42,,,,,,,,81.25,1.35,236.5,0.0,0.0,9.5,740.25,
2024-05-07 00:00:00,9.0,35.75,4.08,2.78,4.82,8.62,2.95,0.45,5.2,,,,,,,,80.75,1.18,266.5,0.0,0.0,9.5,740.0,
2024-05-07 01:00:00,12.25,32.25,4.45,1.68,4.53,9.05,2.72,0.4,5.64,,,,,,,,80.0,1.75,255.75,0.0,0.0,9.5,739.5,
2024-05-07 02:00:00,4.75,38.75,3.82,1.9,3.8,9.15,3.32,0.4,5.22,,,,,,,,79.0,1.83,259.0,0.0,0.0,9.75,739.25,
2024-05-07 03:00:00,6.75,28.75,5.2,1.23,4.85,8.07,3.05,0.34,5.68,,,,,,,,77.5,1.67,258.75,0.0,0.0,10.75,740.0,
2024-05-07 04:00:00,7.0,29.75,3.75,3.32,4.8,7.3,4.68,0.31,5.58,,,,,,,,76.25,1.5,245.5,0.0,0.0,10.75,740.0,
2024-05-07 05:00:00,10.5,36.75,4.28,3.05,5.15,8.05,4.53,0.35,5.1,,,,,,,,78.25,0.95,235.5,0.0,0.0,11.5,740.0,
2024-05-07 06:00:00,12.0,45.25,4.2,4.82,6.0,8.15,1.23,0.37,5.18,,,,,,,,78.75,0.98,233.5,0.0,0.0,33.5,740.75,
2024-05-07 07:00:00,15.0,55.5,4.95,4.08,6.18,9.78,1.25,0.45,5.36,,,,,,,,76.5,1.08,226.75,0.0,0.0,103.25,741.0,
2024-05-07 08:00:00,22.0,59.75,3.85,4.3,5.4,9.23,1.8,0.46,5.46,,,,,,,,71.25,1.5,230.0,0.0,0.0,224.75,742.0,
2024-05-07 09:00:00,17.5,72.75,3.62,4.7,5.45,11.48,2.0,0.42,5.12,,,,,,,,68.0,2.05,221.5,0.0,0.0,294.75,742.0,
2024-05-07 10:00:00,20.75,80.75,3.85,3.0,4.7,10.1,2.4,0.49,5.57,,,,,,,,68.0,2.55,216.0,0.0,0.0,323.5,742.0,
2024-05-07 11:00:00,15.5,63.5,4.07,3.13,4.97,8.6,1.13,0.44,5.2,,,,,,,,65.75,3.08,216.75,0.0,0.0,361.75,742.0,
2024-05-07 12:00:00,10.75,66.5,3.53,3.07,4.53,9.57,0.62,0.41,5.74,,,,,,,,68.5,2.92,217.5,0.0,0.0,380.25,741.25,
2024-05-07 13:00:00,10.0,57.25,3.7,3.82,5.05,8.48,1.6,0.4,5.68,,,,,,,,67.75,2.78,218.75,0.0,0.0,388.0,741.0,
2024-05-07 14:00:00,8.75,43.75,4.45,2.62,5.05,8.07,0.85,0.39,5.25,,,,,,,,68.25,2.72,215.25,0.0,0.0,320.0,741.0,
2024-05-07 15:00:00,6.25,46.75,4.0,3.05,4.88,9.1,1.08,0.35,5.06,,,,,,,,67.5,2.7,220.0,0.0,0.0,239.5,740.0,
2024-05-07 16:00:00,10.75,49.0,3.45,2.85,4.32,8.9,3.38,0.39,5.69,,,,,,,,71.0,2.62,214.75,0.0,0.0,144.75,740.0,
2024-05-07 17:00:00,13.5,49.0,3.62,4.2,5.18,8.45,2.92,0.41,5.44,,,,,,,,75.25,1.88,212.25,0.0,0.0,56.75,739.5,
2024-05-07 18:00:00,16.25,50.25,4.25,4.15,5.65,8.2,3.48,0.45,5.72,,,,,,,,77.75,1.12,203.25,0.0,0.0,14.25,740.0,
2024-05-07 19:00:00,17.25,51.0,4.35,4.4,5.88,7.82,4.07,0.49,5.71,,,,,,,,78.25,0.88,201.5,0.0,0.0,10.75,740.5,
2024-05-07 20:00:00,7.75,38.5,3.98,2.82,4.75,7.75,2.1,0.47,5.79,,,,,,,,78.25,1.1,204.25,0.0,0.0,10.75,741.0,
2024-05-07 21:00:00,3.25,28.0,4.8,3.22,5.62,7.3,1.35,0.44,5.62,,,,,,,,78.25,1.42,201.0,0.0,0.0,11.0,741.0,
2024-05-07 22:00:00,1.25,25.25,4.28,3.2,5.15,6.95,1.48,0.4,5.49,,,,,,,,79.0,1.27,201.0,0.0,0.0,11.0,742.0,
2024-05-07 23:00:00,2.0,17.25,3.72,1.3,3.72,8.22,2.05,0.4,5.22,,,,,,,,79.0,1.23,201.25,0.0,0.0,10.0,741.25,
2024-05-08 00:00:00,,17.5,4.18,1.98,4.42,8.02,2.17,0.39,5.46,,,,,,,,79.0,0.95,200.25,0.0,0.0,9.75,741.0,
2024-05-08 01:00:00,,13.0,4.62,2.22,4.9,7.88,2.15,0.38,5.45,,,,,,,,79.25,0.7,203.5,0.0,0.0,9.75,741.0,
2024-05-08 02:00:00,,5.75,5.12,3.58,6.08,8.02,1.55,0.37,4.84,,,,,,,,80.0,0.3,228.0,0.0,0.0,9.5,741.0,
2024-05-08 03:00:00,7.0,29.25,16.45,7.08,17.12,7.93,1.5,0.36,4.23,,,,,,,,81.0,0.52,105.5,0.0,0.0,9.75,741.0,
2024-05-08 04:00:00,8.0,95.75,7.75,2.98,7.85,7.25,3.5,0.31,5.76,,,,,,,,75.25,2.25,76.75,0.0,0.0,10.75,741.75,
2024-05-08 05:00:00,10.0,104.0,6.18,4.6,7.5,7.4,3.52,0.38,7.05,,,,,,,,74.75,1.9,82.75,0.0,0.0,12.5,741.75,
2024-05-08 06:00:00,7.0,26.75,4.42,4.9,6.2,7.9,3.1,0.39,6.82,,,,,,,,75.75,1.52,78.75,0.0,0.0,47.25,742.0,
2024-05-08 07:00:00,7.75,39.0,4.15,8.18,7.75,8.48,3.02,0.46,6.44,,,,,,,,70.0,0.62,200.75,0.0,0.0,129.5,742.5,
2024-05-08 08:00:00,12.5,48.5,3.7,7.5,7.0,8.22,1.78,0.44,7.07,,,,,,,,62.5,0.8,255.25,0.0,0.0,243.0,743.0,
2024-05-08 09:00:00,19.25,71.75,2.8,5.62,5.28,7.98,1.9,0.41,7.34,,,,,,,,57.0,0.75,266.5,0.0,0.0,328.5,742.75,
2024-05-08 10:00:00,16.5,80.5,2.65,4.78,4.65,8.55,3.67,0.47,8.14,,,,,,,,56.0,1.3,227.5,0.0,0.0,387.5,741.75,
2024-05-08 11:00:00,16.25,71.0,3.83,3.6,5.0,9.13,5.6,0.44,7.99,,,,,,,,58.5,1.25,202.0,0.0,0.0,349.75,741.0,
2024-05-08 12:00:00,20.25,67.25,3.77,2.53,4.4,9.3,2.65,0.43,8.21,,,,,,,,60.5,1.32,212.75,0.0,0.0,331.25,741.0,
2024-05-08 13:00:00,19.5,66.0,2.38,5.05,4.6,7.42,0.5,0.42,9.38,,,,,,,,65.0,1.4,207.0,0.0,0.0,314.25,741.0,
2024-05-08 14:00:00,15.0,42.25,1.1,3.88,2.98,8.07,3.62,0.4,9.27,,,,,,,,67.75,1.42,213.0,0.0,0.0,287.5,741.0,
2024-05-08 15:00:00,15.0,39.0,2.3,2.72,3.32,9.5,5.4,0.42,8.99,,,,,,,,67.75,1.25,204.0,0.0,0.0,216.0,740.0,
2024-05-08 16:00:00,2.0,24.75,3.45,2.7,4.22,7.7,3.58,0.36,6.42,,,,,,,,71.25,1.15,204.5,0.0,0.0,100.75,740.0,
2024-05-08 17:00:00,2.75,17.75,2.58,3.38,3.88,7.28,2.6,0.32,6.18,,,,,,,,73.25,0.88,202.0,0.0,0.0,68.25,739.5,
2024-05-08 18:00:00,6.0,22.75,4.0,2.82,4.75,7.35,2.5,0.34,5.69,,,,,,,,74.5,0.48,202.0,0.0,0.0,14.25,739.75,
2024-05-08 19:00:00,9.25,37.25,4.1,4.4,5.68,6.7,1.92,0.41,5.21,,,,,,,,75.75,0.7,205.75,0.0,0.0,11.25,740.0,
2024-05-08 20:00:00,8.0,29.0,3.92,3.9,5.28,6.98,2.33,0.41,5.06,,,,,,,,77.5,0.98,218.5,0.0,0.0,11.25,740.75,
2024-05-08 21:00:00,2.0,24.25,4.1,5.05,6.02,6.45,2.4,0.42,5.12,,,,,,,,78.0,0.92,223.25,0.0,0.0,10.75,741.0,
2024-05-08 22:00:00,,9.75,4.93,4.3,6.28,6.32,3.05,0.4,5.04,,,,,,,,78.25,0.65,219.25,0.0,0.0,10.75,741.0,
2024-05-08 23:00:00,1.0,10.0,4.55,3.7,5.7,7.42,3.32,0.41,4.33,,,,,,,,78.5,0.43,222.75,0.0,0.0,10.0,740.25,
2024-05-09 00:00:00,1.0,12.0,4.65,3.12,5.45,7.5,4.07,0.41,4.96,,,,,,,,79.0,0.62,217.5,0.0,0.0,9.75,740.0,
2024-05-09 01:00:00,,8.0,4.0,3.08,4.9,7.9,3.92,0.39,5.62,,,,,,,,80.0,0.5,218.5,0.0,0.0,9.0,740.0,
2024-05-09 02:00:00,,6.75,4.53,2.05,4.78,7.98,1.08,0.37,5.24,,,,,,,,81.0,0.57,219.5,0.0,0.0,8.75,739.75,
2024-05-09 03:00:00,,12.25,5.4,2.68,5.85,7.58,0.1,0.34,5.28,,,,,,,,80.25,0.4,217.0,0.0,0.0,9.5,739.5,
2024-05-09 04:00:00,2.0,15.0,6.02,2.58,6.25,7.0,0.58,0.3,5.13,,,,,,,,80.5,0.3,220.5,0.0,0.0,9.75,740.0,
2024-05-09 05:00:00,2.0,21.0,5.4,4.53,6.8,6.75,0.35,0.32,5.26,,,,,,,,81.0,0.32,234.0,0.0,0.0,11.5,740.0,
2024-05-09 06:00:00,5.0,28.5,8.0,7.05,10.22,7.72,3.45,0.4,4.51,,,,,,,,80.5,0.3,291.5,0.0,0.0,35.0,740.5,
2024-05-09 07:00:00,8.75,56.0,8.62,7.0,10.75,8.82,4.98,0.48,5.19,,,,,,,,76.5,0.32,230.25,0.0,0.0,90.25,741.0,
2024-05-09 08:00:00,20.25,70.25,6.92,5.28,8.43,9.72,2.82,0.46,5.11,,,,,,,,73.75,0.3,236.75,0.0,0.0,172.5,741.5,
2024-05-09 09:00:00,16.0,54.75,5.48,3.05,6.08,9.02,1.92,0.34,4.9,,,,,,,,69.0,0.88,201.75,0.0,0.0,345.25,742.0,
2024-05-09 10:00:00,1.25,16.5,5.35,3.85,6.4,8.82,2.03,0.39,5.08,,,,,,,,68.0,1.27,208.75,0.0,0.0,381.0,742.0,
2024-05-09 11:00:00,2.0,20.75,4.63,2.9,5.33,8.78,2.93,0.34,5.11,,,,,,,,66.75,1.7,211.5,0.0,0.0,441.75,741.5,
2024-05-09 12:00:00,2.0,19.25,6.03,2.13,6.0,7.97,0.7,0.33,5.48,,,,,,,,64.5,1.5,204.5,0.0,0.0,381.0,741.0,
2024-05-09 13:00:00,1.0,15.5,3.68,2.88,4.5,6.98,,0.32,7.29,,,,,,,,68.0,1.42,204.75,0.0,0.0,249.25,741.0,
2024-05-09 14:00:00,1.0,13.75,3.88,3.52,5.03,7.62,1.75,0.33,10.98,,,,,,,,68.75,1.27,201.25,0.0,0.0,250.25,740.25,
2024-05-09 15:00:00,,20.25,3.05,4.75,5.03,7.5,3.32,0.26,7.88,,,,,,,,67.0,1.72,209.25,0.0,0.0,274.25,740.0,
2024-05-09 16:00:00,,20.5,2.85,5.55,5.28,7.28,3.4,0.38,3.19,,,,,,,,71.0,1.62,207.0,0.0,0.0,133.0,739.5,
2024-05-09 17:00:00,,37.25,2.82,4.88,4.93,6.82,3.4,0.3,2.05,,,,,,,,75.0,1.35,203.5,0.0,0.0,48.0,739.0,
2024-05-09 18:00:00,,33.75,3.8,4.38,5.4,6.0,1.7,0.31,1.63,,,,,,,,75.75,0.85,200.75,0.0,0.0,13.25,740.0,
2024-05-09 19:00:00,,21.0,3.65,4.28,5.28,6.43,,0.34,1.44,,,,,,,,76.25,0.78,204.75,0.0,0.0,9.25,740.0,
2024-05-09 20:00:00,,20.0,3.68,3.42,4.82,6.32,3.55,0.35,1.4,,,,,,,,76.25,1.05,209.5,0.0,0.0,9.5,740.75,
2024-05-09 21:00:00,,15.5,3.98,3.5,5.1,6.35,4.15,0.37,1.19,,,,,,,,77.5,0.98,215.5,0.0,0.0,9.5,741.0,
2024-05-09 22:00:00,,12.0,4.85,2.58,5.32,6.48,4.32,0.36,1.42,,,,,,,,77.75,1.08,214.5,0.0,0.0,9.5,741.0,
2024-05-09 23:00:00,,12.5,3.9,3.8,5.2,6.98,4.22,0.38,1.01,,,,,,,,77.0,0.88,215.75,0.0,0.0,9.25,741.0,
2024-05-10 00:00:00,,5.25,4.25,2.42,4.75,7.62,3.95,0.37,1.29,,,,,,,,77.25,0.52,222.0,0.0,0.0,8.75,741.0,
2024-05-10 01:00:00,,8.5,4.12,2.82,4.85,7.42,3.88,0.33,1.37,,,,,,,,77.75,0.45,233.0,0.0,0.0,8.75,740.25,
2024-05-10 02:00:00,,14.25,4.75,4.03,6.0,7.62,3.12,0.32,1.16,,,,,,,,77.5,0.32,256.75,0.0,0.0,8.75,740.0,
2024-05-10 03:00:00,,8.25,5.58,2.6,5.95,8.12,2.62,0.31,0.95,,,,,,,,79.0,0.3,259.75,0.0,0.0,8.75,740.0,
2024-05-10 04:00:00,,7.75,6.08,4.55,7.35,7.12,1.72,0.3,0.92,,,,,,,,79.75,0.3,242.75,0.0,0.0,9.0,740.0,
2024-05-10 05:00:00,,12.25,5.42,2.42,5.72,7.85,1.32,0.33,1.06,,,,,,,,80.0,0.32,277.0,0.0,0.0,11.0,740.25,
2024-05-10 06:00:00,1.0,16.0,6.05,5.62,7.9,7.9,0.65,0.36,0.78,,,,,,,,78.75,0.3,285.5,0.0,0.0,55.5,741.0,
2024-05-10 07:00:00,2.0,31.0,5.28,5.58,7.22,9.05,0.53,0.4,0.96,,,,,,,,72.5,0.32,281.25,0.0,0.0,146.0,742.0,
2024-05-10 08:00:00,4.75,23.75,5.58,3.65,6.48,8.93,2.8,0.38,1.34,,,,,,,,66.0,0.4,261.75,0.0,0.0,273.25,742.5,
2024-05-10 09:00:00,4.0,40.0,5.88,3.65,6.75,9.32,3.55,0.35,1.33,,,,,,,,63.25,0.88,231.5,0.0,0.0,324.75,742.5,
2024-05-10 10:00:00,4.0,69.75,5.65,4.28,6.85,10.12,3.97,0.37,1.44,,,,,,,,63.0,1.92,211.25,0.0,0.0,423.0,742.0,
2024-05-10 11:00:00,,53.75,4.27,3.43,5.3,10.37,2.83,0.36,1.48,,,,,,,,65.25,1.75,199.75,0.0,0.0,411.75,742.0,
2024-05-10 12:00:00,,33.25,3.73,9.03,7.83,5.77,1.3,0.38,2.02,,,,,,,,64.25,2.52,214.5,0.0,0.0,434.0,741.75,
2024-05-10 13:00:00,,24.75,3.58,5.18,5.65,6.38,1.48,0.34,1.88,,,,,,,,65.75,2.2,201.75,0.0,0.0,410.25,741.0,
2024-05-10 14:00:00,,15.25,4.05,3.55,5.18,6.72,1.25,0.25,1.2,,,,,,,,65.25,2.47,209.0,0.0,0.0,348.25,740.75,
2024-05-10 15:00:00,,17.5,2.98,2.2,3.6,7.6,1.88,0.3,,,,,,,,,65.5,2.1,202.0,0.0,0.0,262.25,740.0,
2024-05-10 16:00:00,,22.0,3.1,1.6,3.52,6.78,2.8,0.32,,,,,,,,,67.5,1.78,196.25,0.0,0.0,152.25,740.0,
2024-05-10 17:00:00,,,2.5,2.85,3.52,6.6,2.72,0.35,,,,,,,,,71.5,0.98,200.25,0.0,0.0,38.5,739.5,
2024-05-10 18:00:00,1.0,37.0,3.0,2.9,3.98,6.58,1.38,0.36,,,,,,,,,73.5,0.82,201.5,0.0,0.0,12.0,740.0,
2024-05-10 19:00:00,2.25,37.0,3.58,2.12,4.03,6.4,0.6,0.36,,,,,,,,,75.75,1.02,200.75,0.0,0.0,8.75,740.5,
2024-05-10 20:00:00,5.75,33.0,3.68,3.22,4.7,6.28,0.75,0.39,,,,,,,,,77.0,1.23,208.25,0.0,0.0,8.75,741.0,
2024-05-10 21:00:00,4.0,20.75,4.82,3.4,5.72,6.15,0.43,0.38,,,,,,,,,76.5,1.23,218.25,0.0,0.0,8.75,742.0,
2024-05-10 22:00:00,1.0,18.25,5.4,2.68,5.8,6.28,2.55,0.4,,,,,,,,,77.5,0.72,221.25,0.0,0.0,9.5,742.0,
2024-05-10 23:00:00,,11.5,4.3,2.2,4.68,6.58,2.72,0.4,,,,,,,,,78.0,0.78,222.0,0.0,0.0,9.25,741.75,
2024-05-11 00:00:00,,7.75,5.42,2.13,5.28,7.45,0.82,0.39,,,,,,,,,77.75,0.52,221.5,0.0,0.0,8.75,741.0,
2024-05-11 01:00:00,,10.75,5.3,2.45,5.62,7.62,0.5,0.35,,,,,,,,,78.0,0.38,242.75,0.0,0.0,8.75,741.0,
2024-05-11 02:00:00,,15.0,5.22,3.18,5.9,7.78,3.98,0.35,,,,,,,,,79.0,0.3,280.25,0.0,0.0,8.5,740.75,
2024-05-11 03:00:00,,20.0,4.85,1.75,4.88,8.18,5.72,0.36,,,,,,,,,79.0,0.3,272.0,0.0,0.0,8.75,740.25,
2024-05-11 04:00:00,,15.75,5.4,5.03,7.05,7.15,2.05,0.35,,,,,,,,,79.75,0.3,288.25,0.0,0.0,10.25,741.0,
2024-05-11 05:00:00,,12.75,6.5,2.8,6.75,7.68,0.65,0.35,,,,,,,,,79.5,0.3,257.5,0.0,0.0,12.25,741.0,
2024-05-11 06:00:00,,20.0,9.0,5.2,10.07,8.4,2.1,0.41,,,,,,,,,78.0,0.35,252.0,0.0,0.0,70.25,742.0,
2024-05-11 07:00:00,,30.5,7.0,3.03,7.32,7.22,2.0,0.34,,,,,,,,,71.75,0.65,218.25,0.0,0.0,152.0,742.25,
2024-05-11 08:00:00,,21.25,6.3,2.48,6.42,8.45,2.42,0.42,,,,,,,,,68.75,0.98,217.25,0.0,0.0,250.5,743.0,
2024-05-11 09:00:00,,34.75,4.95,2.1,5.18,8.18,2.4,0.39,,,,,,,,,66.25,1.7,218.0,0.0,0.0,335.0,743.0,
2024-05-11 10:00:00,,34.75,3.68,1.58,3.8,7.35,3.7,0.41,,,,,,,,,67.0,1.92,204.0,0.0,0.0,423.5,743.0,
2024-05-11 11:00:00,,25.25,3.73,0.67,3.4,6.87,4.2,0.39,,,,,,,,,66.5,2.52,214.0,0.0,0.0,445.0,742.25,
2024-05-11 12:00:00,,22.25,3.2,2.03,3.7,5.9,3.62,0.51,,,,,,,,,67.0,2.9,219.75,0.0,0.0,445.5,742.0,
2024-05-11 13:00:00,,36.75,1.35,2.65,2.5,6.65,3.6,0.44,,,,,,,,,66.5,2.98,218.0,0.0,0.0,415.0,741.5,
2024-05-11 14:00:00,,35.25,2.0,1.45,2.4,3.85,1.1,0.34,1.51,,,,,,,,66.5,2.62,216.0,0.0,0.0,352.25,741.0,
2024-05-11 15:00:00,,43.0,3.2,1.62,3.48,4.82,0.3,0.3,6.0,,,,,,,,67.75,2.35,212.5,0.0,0.0,266.25,741.0,
2024-05-11 16:00:00,6.0,46.5,2.92,1.4,3.08,4.58,1.58,0.33,7.84,,,,,,,,69.75,2.4,218.5,0.0,0.0,168.25,740.0,
2024-05-11 17:00:00,5.5,44.0,2.68,1.5,2.22,4.28,3.9,0.35,5.75,,,,,,,,72.0,2.02,221.0,0.0,0.0,66.75,740.0,
2024-05-11 18:00:00,4.0,36.0,3.3,0.57,2.82,4.25,1.17,0.36,9.23,,,,,,,,75.25,1.38,215.5,0.0,0.0,14.5,740.25,
2024-05-11 19:00:00,,44.25,2.62,0.95,2.65,3.88,,0.4,9.11,,,,,,,,76.25,1.32,215.75,0.0,0.0,13.0,741.0,
2024-05-11 20:00:00,,31.5,3.42,0.8,3.12,4.32,0.2,0.4,7.27,,,,,,,,76.5,1.23,218.25,0.0,0.0,12.25,741.75,
2024-05-11 21:00:00,,24.5,4.4,1.3,4.25,5.05,0.4,0.4,7.11,,,,,,,,77.0,1.12,221.75,0.0,0.0,12.0,742.0,
2024-05-11 22:00:00,,14.5,3.72,2.28,4.25,4.95,1.58,0.4,6.64,,,,,,,,77.0,0.98,221.75,0.0,0.0,11.5,742.0,
2024-05-11 23:00:00,,6.5,4.78,1.27,4.4,5.25,2.45,0.4,6.94,,,,,,,,76.0,1.12,222.25,0.0,0.0,11.5,742.0,
2024-05-12 00:00:00,,5.5,3.58,1.72,3.85,5.3,1.65,0.38,6.88,,,,,,,,77.75,0.78,220.5,0.0,0.0,11.25,741.5,
2024-05-12 01:00:00,,7.0,3.88,0.8,3.4,4.78,2.42,0.32,7.47,,,,,,,,78.0,0.8,226.0,0.0,0.0,10.75,741.0,
2024-05-12 02:00:00,,8.5,2.98,0.48,2.65,4.8,0.82,0.66,7.63,,,,,,,,78.0,0.7,234.75,0.0,0.0,11.0,741.0,
2024-05-12 03:00:00,,11.25,4.03,1.1,3.1,5.72,0.78,2.05,6.3,,,,,,,,78.0,0.4,288.25,0.0,0.0,11.0,741.0,
2024-05-12 04:00:00,,6.25,4.53,1.33,4.12,5.48,1.2,1.2,5.62,,,,,,,,78.75,0.42,241.5,0.0,0.0,11.5,740.5,
2024-05-12 05:00:00,,10.75,4.6,2.28,4.95,5.52,1.37,0.29,5.25,,,,,,,,79.75,0.35,261.5,0.0,0.0,13.75,741.0,
2024-05-12 06:00:00,,19.0,4.58,2.1,4.82,5.6,3.0,0.32,6.58,,,,,,,,76.5,0.75,262.75,0.0,0.0,45.0,741.75,
2024-05-12 07:00:00,,15.25,5.5,1.98,5.5,5.28,4.47,0.37,7.8,,,,,,,,71.0,0.68,280.25,0.0,0.0,140.75,742.5,
2024-05-12 08:00:00,4.0,36.5,4.85,0.7,4.0,6.12,4.0,0.39,7.44,,,,,,,,70.25,1.1,270.5,0.0,0.0,186.0,743.0,
2024-05-12 09:00:00,3.5,47.0,4.18,1.32,4.05,5.58,3.35,0.3,7.74,,,,,,,,68.5,1.45,263.75,0.0,0.0,244.0,743.0,
2024-05-12 10:00:00,2.0,35.0,3.55,1.0,3.25,6.42,1.6,0.33,6.97,,,,,,,,64.25,1.78,213.5,0.0,0.0,420.75,743.0,
2024-05-12 11:00:00,,51.0,4.63,0.5,3.73,6.9,1.47,0.34,6.33,,,,,,,,64.0,2.22,211.5,0.0,0.0,447.75,742.75,
2024-05-12 12:00:00,,40.75,4.6,1.6,3.67,6.13,1.9,0.35,6.75,,,,,,,,65.75,2.52,220.25,0.0,0.0,447.75,742.0,
2024-05-12 13:00:00,,24.25,3.15,0.65,2.92,6.05,1.88,0.34,7.72,,,,,,,,67.0,2.65,217.0,0.0,0.0,417.75,741.25,
2024-05-12 14:00:00,,16.25,3.45,0.6,2.98,6.15,0.5,0.32,7.61,,,,,,,,66.0,2.17,205.25,0.0,0.0,356.75,741.0,
2024-05-12 15:00:00,,26.75,3.5,1.27,3.52,5.95,0.1,0.31,7.46,,,,,,,,66.0,2.05,201.75,0.0,0.0,272.75,740.75,
2024-05-12 16:00:00,,31.5,2.68,0.53,2.38,6.1,,0.3,6.16,,,,,,,,67.5,2.1,208.75,0.0,0.0,168.75,740.0,
2024-05-12 17:00:00,,34.25,3.88,1.8,3.25,4.75,,0.26,5.82,,,,,,,,70.0,2.15,212.0,0.0,0.0,72.25,740.0,
2024-05-12 18:00:00,,20.0,3.62,0.55,2.98,5.12,3.82,0.31,7.8,,,,,,,,74.0,1.3,211.75,0.0,0.0,13.5,740.0,
2024-05-12 19:00:00,4.0,26.0,2.58,1.6,2.7,5.1,4.62,0.36,7.08,,,,,,,,75.0,1.35,213.0,0.0,0.0,11.5,740.75,
2024-05-12 20:00:00,4.0,37.25,4.68,1.1,4.22,5.05,2.4,0.36,6.92,,,,,,,,75.75,1.28,216.75,0.0,0.0,12.0,741.5,
2024-05-12 21:00:00,,16.5,4.82,0.53,4.1,6.08,2.98,0.34,6.82,,,,,,,,76.0,0.98,215.75,0.0,0.0,11.75,742.0,
2024-05-12 22:00:00,,15.0,4.42,1.13,3.95,6.2,2.55,0.38,6.48,,,,,,,,76.0,0.88,216.0,0.0,0.0,12.0,741.75,
2024-05-12 23:00:00,,15.0,4.18,1.03,3.98,5.68,2.1,0.4,6.35,,,,,,,,75.75,0.55,215.5,0.0,0.0,12.25,741.75,
2024-05-13 00:00:00,,15.0,4.0,0.85,3.18,6.15,2.4,0.39,6.31,,,,,,,,76.0,0.48,224.25,0.0,0.0,11.5,741.0,
2024-05-13 01:00:00,,5.0,3.58,0.7,3.15,5.25,2.72,0.39,6.21,,,,,,,,76.0,0.3,227.5,0.0,0.0,11.5,741.0,
2024-05-13 02:00:00,,7.5,4.1,0.8,3.75,5.82,2.33,0.38,6.46,,,,,,,,77.0,0.32,276.0,0.0,0.0,11.75,740.0,
2024-05-13 03:00:00,,14.25,4.9,1.45,4.72,6.08,3.32,0.34,5.18,,,,,,,,78.5,0.3,282.75,0.0,0.0,11.75,740.0,
2024-05-13 04:00:00,,14.25,5.98,1.8,5.52,5.38,2.75,0.37,5.3,,,,,,,,79.25,0.3,285.0,0.0,0.0,11.75,740.0,
2024-05-13 05:00:00,9.0,36.5,9.73,3.15,9.55,5.48,2.3,0.36,5.57,,,,,,,,80.25,0.3,262.5,0.0,0.0,13.5,741.0,
2024-05-13 06:00:00,9.0,74.75,11.15,3.4,10.85,6.48,0.92,0.38,7.26,,,,,,,,79.0,0.3,258.0,0.0,0.0,51.0,741.25,
2024-05-13 07:00:00,9.25,53.0,9.38,2.35,8.88,6.58,1.18,0.37,7.99,,,,,,,,73.0,0.32,291.0,0.0,0.0,144.25,742.0,
2024-05-13 08:00:00,8.5,54.75,6.98,2.4,6.98,6.52,2.08,0.38,7.69,,,,,,,,69.75,0.32,208.25,0.0,0.0,144.5,742.25,
2024-05-13 09:00:00,4.0,41.25,6.65,2.08,6.52,6.18,2.35,0.42,8.22,,,,,,,,66.5,0.3,216.0,0.0,0.0,148.0,742.25,
2024-05-13 10:00:00,6.0,63.75,5.32,2.42,5.6,6.48,1.57,0.46,10.63,,,,,,,,63.75,0.9,198.25,0.0,0.0,399.25,742.0,
2024-05-13 11:00:00,5.75,51.0,4.4,0.73,3.97,6.6,2.43,0.41,8.72,,,,,,,,65.25,1.32,204.75,0.0,0.0,413.25,742.0,
2024-05-13 12:00:00,5.0,34.0,4.67,1.4,4.53,5.97,1.62,0.41,8.22,,,,,,,,65.25,1.18,199.25,0.0,0.0,456.25,741.0,
2024-05-13 13:00:00,,37.5,3.78,1.6,3.92,6.5,0.95,0.41,13.87,,,,,,,,66.75,1.65,199.0,0.0,0.0,409.0,741.0,
2024-05-13 14:00:00,10.0,43.25,3.12,2.48,3.88,6.12,1.92,0.39,12.08,,,,,,,,67.75,1.65,189.75,0.0,0.0,362.25,740.5,
2024-05-13 15:00:00,10.25,50.5,3.05,1.3,2.95,6.25,1.92,0.38,9.0,,,,,,,,68.25,1.35,182.25,0.0,0.0,203.5,740.0,
2024-05-13 16:00:00,9.75,32.5,2.32,1.08,2.48,6.5,2.02,0.38,7.3,,,,,,,,70.0,1.1,189.5,0.0,0.0,132.75,740.0,
2024-05-13 17:00:00,6.25,31.75,3.65,0.65,3.28,6.12,1.7,0.44,7.88,,,,,,,,69.75,0.85,190.75,0.0,0.0,62.75,740.0,
2024-05-13 18:00:00,6.5,42.0,3.5,1.23,3.45,5.62,3.02,0.39,7.15,,,,,,,,73.25,0.57,194.0,0.0,0.0,17.0,740.0,
2024-05-13 19:00:00,6.0,40.25,4.1,1.5,4.12,5.78,3.82,0.4,6.36,,,,,,,,74.75,0.48,189.75,0.0,0.0,12.5,740.75,
2024-05-13 20:00:00,7.75,39.75,5.05,1.2,4.08,6.25,3.15,0.41,7.85,,,,,,,,75.0,0.38,193.0,0.0,0.0,13.0,741.0,
2024-05-13 21:00:00,3.5,29.0,5.62,1.32,5.3,6.0,4.03,0.44,6.03,,,,,,,,74.5,0.5,202.25,0.0,0.0,13.5,741.0,
2024-05-13 22:00:00,3.0,33.5,4.85,1.68,4.8,6.18,2.1,0.42,6.18,,,,,,,,75.5,0.43,198.0,0.0,0.0,12.0,741.0,
2024-05-13 23:00:00,5.0,24.75,5.8,0.47,4.88,6.32,1.7,0.41,6.81,,,,,,,,76.0,0.43,204.25,0.0,0.0,13.25,741.0,
2024-05-14 00:00:00,2.0,12.75,5.05,1.0,4.5,6.6,2.72,0.4,7.01,,,,,,,,75.75,0.35,212.75,0.0,0.0,13.0,740.75,
2024-05-14 01:00:00,2.0,16.25,4.15,0.7,3.52,6.75,3.52,0.4,5.48,,,,,,,,76.0,0.3,217.75,0.0,0.0,12.75,740.0,
2024-05-14 02:00:00,2.5,20.0,4.47,1.5,3.95,6.52,1.5,0.38,5.86,,,,,,,,75.5,0.3,187.75,0.0,0.0,13.0,740.0,
2024-05-14 03:00:00,4.25,20.25,5.9,1.45,5.12,6.92,,0.36,5.35,,,,,,,,75.0,0.3,160.0,0.0,0.0,12.75,740.0,
2024-05-14 04:00:00,5.5,39.75,9.85,2.68,9.4,6.62,3.68,0.39,4.3,,,,,,,,76.0,0.3,323.75,0.0,0.0,13.0,740.0,
2024-05-14 05:00:00,8.5,97.25,12.2,2.75,11.38,6.0,4.42,0.38,5.33,,,,,,,,76.25,0.3,154.0,0.0,0.0,16.25,740.25,
2024-05-14 06:00:00,12.25,90.0,14.65,4.32,14.22,6.4,2.95,0.39,6.69,,,,,,,,75.0,0.3,67.25,0.0,0.0,55.75,741.0,
2024-05-14 07:00:00,8.75,51.0,10.3,1.75,9.35,6.75,2.68,0.38,7.82,,,,,,,,70.0,0.52,189.5,0.0,0.0,157.25,741.5,
2024-05-14 08:00:00,6.0,36.75,9.15,1.17,7.88,7.05,2.65,0.39,5.33,,,,,,,,67.75,0.68,182.5,0.0,0.0,250.25,742.0,
2024-05-14 09:00:00,8.25,51.75,6.85,1.98,6.58,7.38,2.35,0.41,6.29,,,,,,,,64.75,0.65,189.25,0.0,0.0,316.75,742.0,
2024-05-14 10:00:00,5.0,60.5,6.12,0.63,5.18,7.12,2.3,0.43,5.72,,,,,,,,64.25,0.9,197.0,0.0,0.0,373.75,742.0,
2024-05-14 11:00:00,3.25,48.5,4.7,0.93,4.27,5.75,2.6,0.36,5.83,,,,,,,,65.25,1.3,194.0,0.0,0.0,426.5,742.0,
2024-05-14 12:00:00,6.75,37.25,4.53,0.15,3.73,5.73,0.92,0.37,5.46,,,,,,,,64.75,1.58,195.75,0.0,0.0,437.5,741.75,
2024-05-14 13:00:00,4.75,38.5,3.72,1.08,3.62,5.6,,0.41,7.31,,,,,,,,65.75,1.48,193.5,0.0,0.0,415.5,741.0,
2024-05-14 14:00:00,2.0,26.0,2.95,0.6,2.4,6.1,2.12,0.38,5.7,,,,,,,,67.5,1.3,198.25,0.0,0.0,239.75,741.0,
2024-05-14 15:00:00,4.75,37.25,2.82,1.1,2.7,5.72,2.02,0.35,5.0,,,,,,,,70.5,1.05,199.0,0.0,0.0,159.0,740.5,
2024-05-14 16:00:00,3.25,35.0,3.12,1.02,3.05,5.72,3.25,0.36,5.84,,,,,,,,71.75,1.08,198.0,0.0,0.0,98.0,740.0,
2024-05-14 17:00:00,2.25,35.5,3.35,1.32,3.42,5.52,3.05,0.38,9.79,,,,,,,,73.25,0.82,197.75,0.0,0.0,42.5,740.0,
2024-05-14 18:00:00,5.75,37.25,4.32,0.92,4.0,5.35,1.98,0.4,7.57,,,,,,,,74.0,0.68,192.25,0.0,0.0,19.25,741.0,
2024-05-14 19:00:00,4.75,36.75,3.2,1.83,3.2,5.42,2.15,0.42,8.22,,,,,,,,73.0,0.43,192.75,0.0,0.0,16.75,741.0,
2024-05-14 20:00:00,3.25,29.75,4.62,1.33,4.25,5.35,1.55,0.44,9.83,,,,,,,,76.0,0.45,200.5,0.0,0.0,17.5,741.5,
2024-05-14 21:00:00,1.0,19.5,5.03,1.15,4.68,5.52,1.38,0.43,8.96,,,,,,,,76.5,0.57,209.0,0.0,0.0,18.0,742.0,
2024-05-14 22:00:00,,26.75,4.9,1.4,4.57,5.95,2.2,0.42,6.89,,,,,,,,76.0,0.43,203.25,0.0,0.0,17.75,742.0,
2024-05-14 23:00:00,,41.25,4.58,1.05,4.3,5.65,1.98,0.38,9.35,,,,,,,,76.0,0.57,218.0,0.0,0.0,17.5,742.0,
2024-05-15 00:00:00,,7.0,5.28,0.47,4.38,6.1,0.62,0.37,8.17,,,,,,,,76.0,0.7,217.25,0.0,0.0,17.25,741.0,
2024-05-15 01:00:00,,9.75,5.42,0.75,4.3,6.68,1.02,0.41,9.35,,,,,,,,76.0,0.6,227.25,0.0,0.0,16.5,741.0,
2024-05-15 02:00:00,,10.5,4.25,1.07,3.68,6.7,2.7,0.39,9.06,,,,,,,,76.0,0.45,234.5,0.0,0.0,16.75,741.0,
2024-05-15 03:00:00,,13.5,5.03,1.07,4.42,6.93,2.82,0.36,6.56,,,,,,,,76.75,0.35,279.5,0.0,0.0,16.75,741.0,
2024-05-15 04:00:00,,9.5,4.75,2.5,4.85,6.38,1.85,0.36,6.32,,,,,,,,77.75,0.3,274.25,0.0,0.0,16.75,741.0,
2024-05-15 05:00:00,1.0,43.25,6.88,4.32,7.9,6.08,1.05,0.3,7.18,,,,,,,,79.25,0.3,297.5,0.0,0.0,18.0,741.0,
2024-05-15 06:00:00,1.25,116.25,8.27,4.28,9.0,6.42,3.2,0.36,5.94,,,,,,,,79.25,0.3,260.0,0.0,0.0,44.5,741.0,
2024-05-15 07:00:00,2.5,44.75,7.55,2.82,7.68,6.75,4.08,0.39,7.63,,,,,,,,76.0,0.38,134.25,0.0,0.0,115.5,742.0,
2024-05-15 08:00:00,5.25,40.0,6.58,3.22,7.02,6.88,3.28,0.39,7.14,,,,,,,,71.75,0.38,139.5,0.0,0.0,149.25,742.0,
2024-05-15 09:00:00,9.75,39.0,6.08,4.2,7.2,7.68,3.65,0.42,8.6,,,,,,,,68.5,0.5,146.25,0.0,0.0,210.5,742.0,
2024-05-15 10:00:00,12.25,76.0,5.7,3.0,6.22,8.52,1.47,0.47,23.05,,,,,,,,64.5,0.7,162.5,0.0,0.0,235.0,742.0,
2024-05-15 11:00:00,13.5,83.5,4.0,4.83,5.83,8.2,1.43,0.45,19.64,,,,,,,,63.25,0.82,187.25,0.0,0.0,278.5,741.5,
2024-05-15 12:00:00,14.0,71.5,1.43,3.63,3.1,7.13,2.45,0.45,27.38,,,,,,,,65.5,0.95,173.5,0.0,0.0,256.25,741.0,
2024-05-15 13:00:00,9.75,69.0,2.0,3.0,3.22,6.78,1.55,0.42,11.28,,,,,,,,62.75,1.15,167.25,0.0,0.0,403.75,741.0,
2024-05-15 14:00:00,5.0,48.75,3.05,2.3,3.7,6.3,2.28,0.38,10.38,,,,,,,,64.0,1.27,175.25,0.0,0.0,311.0,741.0,
2024-05-15 15:00:00,2.75,55.0,3.05,2.4,3.72,6.82,3.02,0.38,11.21,,,,,,,,68.5,1.92,169.0,0.0,0.0,258.25,741.0,
2024-05-15 16:00:00,5.0,59.5,2.05,2.72,3.12,6.82,2.15,0.37,8.44,,,,,,,,70.25,1.2,191.5,0.0,0.0,113.5,740.75,
2024-05-15 17:00:00,,38.75,3.12,2.15,3.7,6.68,2.33,0.4,7.97,,,,,,,,71.25,0.78,183.75,0.0,0.0,58.75,740.0,
2024-05-15 18:00:00,,43.0,3.4,1.25,3.45,6.0,2.02,0.38,9.83,,,,,,,,74.25,1.25,196.25,0.0,0.0,17.5,741.0,
2024-05-15 19:00:00,,39.75,3.35,2.05,3.82,5.8,0.6,0.41,11.7,,,,,,,,73.75,0.75,199.75,0.0,0.0,14.5,741.0,
2024-05-15 20:00:00,,33.0,3.32,1.72,3.6,5.75,3.38,0.4,8.57,,,,,,,,75.25,0.78,193.25,0.0,0.0,14.75,742.0,
2024-05-15 21:00:00,,15.0,3.8,1.08,3.7,6.18,4.68,0.36,8.83,,,,,,,,77.0,1.15,206.25,0.0,0.0,14.75,742.25,
2024-05-15 22:00:00,,13.75,3.95,1.13,3.55,5.8,2.5,0.37,7.29,,,,,,,,76.25,0.88,205.5,0.0,0.0,14.75,742.75,
2024-05-15 23:00:00,,8.75,4.6,0.83,4.05,5.5,2.3,0.39,9.68,,,,,,,,77.75,0.7,204.75,0.0,0.0,15.0,742.0,
2024-05-16 00:00:00,,6.75,4.4,0.75,3.65,6.08,3.65,0.34,7.58,,,,,,,,77.0,0.5,207.75,0.0,0.0,15.0,742.0,
2024-05-16 01:00:00,,10.75,3.68,0.88,3.48,6.98,4.07,0.38,8.73,,,,,,,,77.75,0.6,217.5,0.0,0.0,11.5,741.0,
2024-05-16 02:00:00,,16.25,5.88,3.85,6.82,10.52,2.9,0.39,7.88,,,,,,,,80.0,0.32,296.5,0.0,0.0,,740.25,
2024-05-16 03:00:00,2.0,68.75,8.5,5.38,9.78,13.85,4.03,0.68,4.13,,,,,,,,79.5,0.3,306.25,0.0,0.0,,740.0,
2024-05-16 04:00:00,3.0,147.25,11.85,6.5,13.08,14.15,4.35,0.48,45.06,,,,,,,,81.0,0.3,326.75,0.0,0.0,,740.0,
2024-05-16 05:00:00,4.75,135.25,13.12,7.85,14.82,14.72,4.03,0.21,23.72,,,,,,,,81.25,0.45,307.5,0.0,0.0,,740.75,
2024-05-16 06:00:00,1.0,48.0,7.12,3.58,7.65,14.4,1.68,0.4,29.87,,,,,,,,85.25,0.57,185.0,1.0,1.0,15.33,741.0,
2024-05-16 07:00:00,2.0,8.0,6.62,4.03,7.55,14.68,1.08,0.61,39.9,,,,,,,,86.0,0.32,170.25,0.0,0.0,20.0,742.0,
2024-05-16 08:00:00,2.0,4.75,6.55,3.82,7.38,14.22,0.82,0.69,58.44,,,,,,,,85.75,0.32,234.25,0.0,0.0,26.5,742.25,
2024-05-16 09:00:00,,4.0,6.07,4.8,7.5,12.77,1.25,0.71,50.65,,,,,,,,85.0,0.43,291.0,0.0,0.0,38.67,742.0,
2024-05-16 10:00:00,,,,,,,,,,,,,,,,,,,,,0.0,,,
2024-05-16 11:00:00,,4.0,,,,4.8,6.55,0.94,4.06,,,,,,,,85.0,0.3,221.0,0.0,0.0,12.0,742.0,
2024-05-16 12:00:00,,,,,,,,,,,,,,,,,,,,,0.0,,,
2024-05-16 13:00:00,,,,,,,,,,,,,,,,,,,,,0.0,,,
2024-05-16 14:00:00,,,,,,,,,,,,,,,,,,,,,0.0,,,
2024-05-16 15:00:00,,,,,,,5.4,0.51,5.27,,,,,,,,86.0,0.37,211.33,0.0,0.0,55.33,740.0,
2024-05-16 16:00:00,,,3.1,3.97,4.62,5.0,3.55,0.52,6.75,,,,,,,,85.25,0.32,211.75,0.5,0.5,40.0,740.25,
2024-05-16 17:00:00,,16.0,2.0,1.42,2.4,3.7,3.38,0.6,6.37,,,,,,,,84.5,0.32,197.5,0.0,0.0,30.5,740.0,
2024-05-16 18:00:00,,14.75,2.97,2.2,1.35,1.13,1.1,0.54,6.42,,,,,,,,84.0,0.32,213.0,0.0,0.0,15.5,740.0,
2024-05-16 19:00:00,,13.75,3.02,1.82,3.42,1.92,,0.72,5.76,,,,,,,,83.5,0.32,218.5,0.0,0.0,11.5,741.0,
2024-05-16 20:00:00,,22.5,3.15,3.82,4.55,2.28,,0.66,6.23,,,,,,,,82.25,0.3,216.0,0.0,0.0,10.75,741.75,
2024-05-16 21:00:00,1.0,27.25,2.7,2.53,3.22,1.25,0.1,0.71,5.82,,,,,,,,83.0,0.3,241.0,0.0,0.0,10.5,742.0,
2024-05-16 22:00:00,3.25,34.25,2.55,0.95,1.85,1.35,2.85,0.81,6.23,,,,,,,,84.0,0.3,272.0,0.0,0.0,9.5,741.25,
2024-05-16 23:00:00,8.75,26.5,1.83,0.3,1.3,,3.72,0.69,6.2,,,,,,,,84.75,0.3,272.5,0.0,0.0,9.0,741.0,
2024-05-17 00:00:00,4.0,30.75,1.98,,0.4,,1.55,0.72,5.19,,,,,,,,85.5,0.3,271.5,0.0,0.0,9.0,740.25,
2024-05-17 01:00:00,1.0,36.25,1.63,,1.4,0.7,0.95,0.7,5.49,,,,,,,,86.5,0.3,293.5,0.0,0.0,9.0,740.0,
2024-05-17 02:00:00,,27.75,2.25,,1.03,,2.55,0.77,4.62,,,,,,,,87.0,0.3,329.5,0.0,0.0,9.25,740.0,
2024-05-17 03:00:00,1.0,24.25,2.48,,1.17,,2.3,0.78,3.12,,,,,,,,87.0,0.3,322.5,0.0,0.0,9.5,740.0,
2024-05-17 04:00:00,1.25,17.75,1.73,1.6,0.62,,0.45,0.59,5.91,,,,,,,,87.0,0.3,338.0,0.0,0.0,9.5,740.0,
2024-05-17 05:00:00,4.5,25.75,2.8,,1.35,,0.75,0.6,6.39,,,,,,,,87.5,0.3,338.75,0.0,0.0,11.25,741.0,
2024-05-17 06:00:00,16.25,39.75,1.78,,0.98,0.2,4.28,0.59,6.16,,,,,,,,86.5,0.3,340.25,0.0,0.0,54.75,741.0,
2024-05-17 07:00:00,28.75,57.0,2.3,,0.75,,5.48,0.64,6.12,,,,,,,,77.0,0.3,289.25,0.0,0.0,162.0,741.75,
2024-05-17 08:00:00,23.5,52.75,2.0,,0.75,,1.95,0.64,6.35,,,,,,,,73.5,0.3,271.0,0.0,0.0,185.0,742.0,
2024-05-17 09:00:00,8.5,37.0,2.25,,1.3,,0.78,0.58,6.4,,,,,,,,69.75,0.3,252.75,0.0,0.0,249.75,742.0,
2024-05-17 10:00:00,4.0,30.25,2.33,1.1,1.35,,1.37,0.62,7.37,,,,,,,,79.75,0.68,221.25,4.25,4.25,68.75,742.0,
2024-05-17 11:00:00,2.0,34.75,1.7,,0.2,,0.9,0.62,6.8,,,,,,,,82.25,0.38,211.0,0.0,0.0,227.5,742.0,
2024-05-17 12:00:00,2.0,25.25,1.7,,0.63,,3.08,0.54,7.67,,,,,,,,75.75,1.0,246.5,0.0,0.0,200.0,741.75,
2024-05-17 13:00:00,,14.0,7.22,8.35,9.53,10.53,3.95,0.46,6.48,,,,,,,,78.5,0.57,245.0,0.0,0.0,111.25,741.0,
2024-05-17 14:00:00,,7.75,6.35,5.0,7.78,14.75,0.58,0.44,6.13,,,,,,,,77.75,0.85,223.75,0.0,0.0,122.5,740.75,
2024-05-17 15:00:00,,16.0,7.5,3.28,7.2,16.2,1.55,0.34,5.14,,,,,,,,79.25,1.0,227.0,0.0,0.0,97.5,740.0,
2024-05-17 16:00:00,,16.0,5.65,3.68,6.55,17.7,0.45,0.3,6.18,,,,,,,,78.25,0.68,221.5,0.0,0.0,91.75,740.0,
2024-05-17 17:00:00,,15.0,5.03,3.95,6.18,17.08,,0.3,7.38,,,,,,,,78.75,0.68,227.5,0.0,0.0,40.5,740.0,
2024-05-17 18:00:00,,14.75,7.93,5.1,9.15,15.55,2.48,0.35,5.61,,,,,,,,81.5,0.43,233.75,0.0,0.0,11.0,740.75,
2024-05-17 19:00:00,,26.75,10.35,5.22,11.2,15.18,3.55,0.41,6.06,,,,,,,,80.5,0.3,231.75,0.0,0.0,9.5,741.0,
2024-05-17 20:00:00,,36.75,10.15,7.2,12.05,15.2,4.2,0.64,5.6,,,,,,,,80.0,0.35,231.75,0.0,0.0,9.25,741.0,
2024-05-17 21:00:00,,32.0,9.65,7.9,12.08,14.22,3.95,0.67,5.58,,,,,,,,80.25,0.3,237.5,0.0,0.0,9.5,741.0,
2024-05-17 22:00:00,,30.0,11.8,8.12,13.9,15.58,2.82,0.61,5.62,,,,,,,,82.0,0.3,247.25,0.0,0.0,8.75,741.0,
2024-05-17 23:00:00,,33.0,19.15,7.62,19.62,17.4,3.0,0.63,4.81,,,,,,,,83.0,0.3,250.25,0.0,0.0,8.75,741.0,
2024-05-18 00:00:00,,41.0,27.82,6.78,26.22,17.9,3.1,0.59,5.58,,,,,,,,83.5,0.3,251.25,0.0,0.0,8.75,741.0,
2024-05-18 01:00:00,,53.0,17.45,6.0,17.35,17.88,2.15,0.55,5.58,,,,,,,,84.25,0.3,252.25,0.0,0.0,6.0,740.25,
2024-05-18 02:00:00,,18.0,19.2,6.45,19.05,16.62,4.92,0.49,5.15,,,,,,,,85.25,0.3,299.5,0.0,0.0,7.25,740.0,
2024-05-18 03:00:00,,24.25,27.8,6.88,26.25,15.85,5.9,0.4,4.27,,,,,,,,86.0,0.3,297.75,0.0,0.0,8.5,740.0,
2024-05-18 04:00:00,,36.0,29.85,6.82,27.88,15.35,2.1,0.47,5.47,,,,,,,,86.0,0.3,296.75,0.0,0.0,8.75,740.0,
2024-05-18 05:00:00,,37.0,27.38,6.32,25.62,15.25,1.05,0.47,5.22,,,,,,,,86.0,0.3,293.5,0.0,0.0,11.0,740.0,
2024-05-18 06:00:00,,25.25,29.35,7.7,27.95,15.2,0.4,0.57,5.68,,,,,,,,84.0,0.3,261.75,0.0,0.0,45.5,740.5,
2024-05-18 07:00:00,,34.25,24.08,5.45,22.48,16.25,0.68,0.62,6.07,,,,,,,,75.0,0.3,281.25,0.0,0.0,168.0,741.0,
2024-05-18 08:00:00,,27.0,21.4,3.08,19.08,15.98,3.95,0.51,5.13,,,,,,,,70.0,0.3,242.0,0.0,0.0,199.0,741.75,
2024-05-18 09:00:00,,10.75,20.28,2.6,17.9,16.4,3.82,0.44,5.67,,,,,,,,67.25,0.35,212.75,0.0,0.0,339.25,742.0,
2024-05-18 10:00:00,,6.5,19.15,2.08,16.65,18.32,2.4,0.43,4.95,,,,,,,,64.75,0.5,205.25,0.0,0.0,421.5,742.0,
2024-05-18 11:00:00,,5.25,16.8,2.17,14.8,17.88,1.57,0.37,5.7,,,,,,,,65.5,0.75,203.5,0.0,0.0,453.5,742.0,
2024-05-18 12:00:00,,8.25,17.4,6.1,17.4,30.65,1.68,0.36,5.63,,,,,,,,66.5,0.98,204.5,0.0,0.0,436.75,741.0,
2024-05-18 13:00:00,,15.0,7.93,4.12,8.62,18.02,0.98,0.36,6.59,,,,,,,,67.25,1.18,211.5,0.0,0.0,414.5,740.5,
2024-05-18 14:00:00,,14.0,5.75,3.38,6.48,20.15,2.4,0.31,5.8,,,,,,,,66.75,1.27,215.75,0.0,0.0,359.0,740.0,
2024-05-18 15:00:00,,11.5,7.35,2.02,7.02,22.08,3.22,0.3,6.46,,,,,,,,67.25,1.38,211.75,0.0,0.0,275.25,739.0,
2024-05-18 16:00:00,,13.5,6.28,2.5,6.45,21.4,2.95,0.35,6.85,,,,,,,,68.75,1.25,214.0,0.0,0.0,176.75,739.0,
2024-05-18 17:00:00,,14.25,6.0,1.78,5.82,20.48,1.83,0.42,6.36,,,,,,,,70.0,0.72,200.5,0.0,0.0,78.5,739.0,
2024-05-18 18:00:00,,16.0,5.95,3.45,6.65,18.95,3.4,0.32,6.18,,,,,,,,73.5,0.48,202.0,0.0,0.0,13.25,739.5,
2024-05-18 19:00:00,,26.5,7.52,2.58,7.5,17.98,3.0,0.26,6.12,,,,,,,,75.5,0.48,202.75,0.0,0.0,10.75,740.0,
2024-05-18 20:00:00,,23.0,7.68,4.2,8.45,16.85,0.88,0.38,7.27,,,,,,,,75.75,0.45,208.75,0.0,0.0,10.75,741.0,
2024-05-18 21:00:00,,22.5,8.82,2.88,8.72,16.02,0.45,0.35,6.33,,,,,,,,76.5,0.48,212.5,0.0,0.0,10.75,741.0,
2024-05-18 22:00:00,,11.5,8.35,3.72,8.78,16.08,0.92,0.38,6.97,,,,,,,,76.75,0.32,215.25,0.0,0.0,10.75,741.0,
2024-05-18 23:00:00,,11.25,8.68,2.3,8.3,18.23,1.75,0.43,5.77,,,,,,,,77.75,0.3,235.5,0.0,0.0,10.5,740.5,
2024-05-19 00:00:00,,14.5,8.72,5.6,10.1,17.88,1.92,0.4,6.26,,,,,,,,77.75,0.3,293.75,0.0,0.0,10.75,740.0,
2024-05-19 01:00:00,,14.25,9.95,4.8,10.68,17.8,1.58,0.36,5.12,,,,,,,,79.75,0.3,297.0,0.0,0.0,10.75,739.75,
2024-05-19 02:00:00,6.0,53.5,21.88,6.42,21.22,17.65,1.75,0.38,4.44,,,,,,,,80.5,0.3,309.0,0.0,0.0,10.75,739.0,
2024-05-19 03:00:00,5.75,125.0,14.25,5.45,14.5,15.62,1.82,0.3,4.69,,,,,,,,81.75,0.3,236.0,0.0,0.0,11.0,739.0,
2024-05-19 04:00:00,5.0,16.0,11.9,4.82,12.2,14.75,1.12,0.35,4.47,,,,,,,,79.0,0.3,277.5,0.0,0.0,10.75,739.0,
2024-05-19 05:00:00,,25.0,19.12,5.92,18.7,13.62,0.95,0.32,5.83,,,,,,,,80.25,0.3,262.75,0.0,0.0,13.0,739.0,
2024-05-19 06:00:00,1.0,86.25,31.88,6.98,29.62,14.9,1.68,0.41,4.73,,,,,,,,80.75,0.3,243.25,0.0,0.0,50.0,739.75,
2024-05-19 07:00:00,3.0,73.0,20.95,6.82,20.65,17.3,2.0,0.59,4.7,,,,,,,,72.5,0.3,246.0,0.0,0.0,154.0,740.75,
2024-05-19 08:00:00,9.5,48.0,17.9,4.2,16.8,17.35,1.4,0.43,6.57,,,,,,,,67.75,0.3,250.5,0.0,0.0,254.25,741.0,
2024-05-19 09:00:00,11.0,43.75,13.65,4.28,13.38,17.18,0.2,0.39,7.9,,,,,,,,67.75,0.3,251.75,0.0,0.0,159.5,741.0,
2024-05-19 10:00:00,8.0,36.0,13.28,3.28,12.52,17.52,2.57,0.47,7.05,,,,,,,,66.5,0.5,209.0,0.0,0.0,368.25,741.0,
2024-05-19 11:00:00,,20.5,10.8,3.9,10.87,14.0,2.97,0.51,5.56,,,,,,,,64.0,0.82,209.5,0.0,0.0,449.0,741.0,
2024-05-19 12:00:00,,14.0,9.67,2.73,9.33,13.47,2.88,0.5,6.03,,,,,,,,65.25,1.2,205.75,0.0,0.0,407.0,740.75,
2024-05-19 13:00:00,,22.25,8.95,2.38,8.55,13.2,1.8,0.48,6.01,,,,,,,,67.25,1.27,214.0,0.0,0.0,397.75,740.0,
2024-05-19 14:00:00,,11.0,6.5,3.25,7.0,13.3,3.2,0.46,17.36,,,,,,,,67.5,0.75,203.25,0.0,0.0,172.0,739.0,
2024-05-19 15:00:00,5.0,20.0,4.42,3.15,5.25,14.28,2.95,0.42,29.88,,,,,,,,68.25,0.72,211.25,0.0,0.0,147.25,738.5,
2024-05-19 16:00:00,4.75,20.5,5.28,2.45,5.57,13.78,1.42,0.36,18.15,,,,,,,,71.5,0.82,213.5,0.0,0.0,110.75,738.0,
2024-05-19 17:00:00,3.5,19.5,5.75,1.75,5.6,14.3,0.5,0.34,12.08,,,,,,,,76.75,0.68,225.0,0.0,0.0,34.25,738.0,
2024-05-19 18:00:00,2.75,26.0,6.22,2.65,6.48,16.02,2.08,0.37,9.62,,,,,,,,77.0,0.5,216.75,0.0,0.0,16.75,738.25,
2024-05-19 19:00:00,5.0,56.5,6.08,3.88,6.98,14.35,2.92,0.43,8.48,,,,,,,,76.75,0.65,220.75,0.0,0.0,15.5,739.75,
2024-05-19 20:00:00,,19.75,6.28,2.6,6.45,13.78,2.33,0.39,7.61,,,,,,,,77.0,0.82,217.5,0.0,0.0,15.75,740.0,
2024-05-19 21:00:00,,14.0,6.8,2.3,6.75,13.6,2.88,0.4,10.02,,,,,,,,77.5,0.65,225.0,0.0,0.0,15.75,741.0,
2024-05-19 22:00:00,,15.5,6.82,2.25,6.75,14.05,1.0,0.48,9.11,,,,,,,,78.0,0.45,215.5,0.0,0.0,15.5,740.75,
2024-05-19 23:00:00,1.0,11.25,6.7,2.28,6.65,15.62,0.85,0.44,6.08,,,,,,,,79.0,0.32,233.0,0.0,0.0,15.25,740.0,
2024-05-20 00:00:00,1.0,11.75,6.3,3.42,6.93,15.4,0.83,0.41,4.19,,,,,,,,80.25,0.3,273.75,0.0,0.0,14.75,740.0,
2024-05-20 01:00:00,,9.75,7.35,4.7,8.48,15.7,0.2,0.41,4.78,,,,,,,,81.75,0.3,293.5,0.0,0.0,14.75,739.0,
2024-05-20 02:00:00,,13.75,10.18,6.05,11.45,15.95,1.3,0.42,3.28,,,,,,,,82.75,0.3,305.5,0.0,0.0,15.0,739.0,
2024-05-20 03:00:00,,43.5,17.05,7.58,17.9,14.42,2.38,0.36,6.5,,,,,,,,82.75,0.3,259.5,0.0,0.0,15.75,739.0,
2024-05-20 04:00:00,15.0,61.5,16.38,8.48,17.8,13.82,4.62,0.52,9.19,,,,,,,,83.25,0.3,109.75,0.0,0.0,15.5,739.0,
2024-05-20 05:00:00,12.25,50.0,18.68,7.95,19.4,14.65,5.28,0.53,5.59,,,,,,,,83.25,0.3,236.25,0.0,0.0,16.0,739.5,
2024-05-20 06:00:00,3.25,22.75,14.42,5.82,14.88,13.88,2.8,0.46,11.55,,,,,,,,85.0,0.38,139.5,1.0,1.0,32.75,740.0,
2024-05-20 07:00:00,1.0,4.0,13.32,4.88,13.42,16.05,2.08,0.49,10.74,,,,,,,,82.25,0.3,129.75,0.0,0.0,77.5,740.0,
2024-05-20 08:00:00,,,16.23,7.4,17.12,15.27,1.95,0.48,5.35,,,,,,,,77.75,0.3,157.75,0.0,0.0,89.75,741.0,
2024-05-20 09:00:00,10.0,32.0,14.35,7.4,15.62,15.62,1.15,0.47,6.28,,,,,,,,78.75,0.3,279.75,0.0,0.0,139.0,741.0,
2024-05-20 10:00:00,11.75,36.75,14.62,8.25,16.27,18.1,3.43,0.63,7.92,,,,,,,,76.0,0.3,271.25,0.0,0.0,238.5,741.0,
2024-05-20 11:00:00,16.0,49.75,13.1,6.6,14.1,14.32,5.4,0.55,9.12,,,,,,,,70.5,0.3,179.75,0.0,0.0,167.75,741.0,
2024-05-20 12:00:00,12.0,41.0,10.5,4.37,10.83,12.87,2.4,0.55,8.0,,,,,,,,68.25,0.4,171.5,0.0,0.0,310.75,741.0,
2024-05-20 13:00:00,7.75,22.5,8.68,4.05,9.2,11.8,,0.58,6.82,,,,,,,,66.25,0.45,191.0,0.0,0.0,357.25,740.0,
2024-05-20 14:00:00,4.0,12.0,8.75,1.98,8.18,12.1,1.4,0.52,7.04,,,,,,,,67.25,0.68,198.75,0.0,0.0,372.25,739.25,
2024-05-20 15:00:00,,13.0,7.75,2.88,7.85,13.52,2.7,0.48,12.7,,,,,,,,67.75,0.8,204.75,0.0,0.0,298.0,739.0,
2024-05-20 16:00:00,,15.25,6.78,2.82,7.0,14.4,0.6,0.4,6.99,,,,,,,,68.5,0.65,205.0,0.0,0.0,183.0,738.5,
2024-05-20 17:00:00,,15.0,5.28,2.98,5.88,14.4,1.05,0.3,6.94,,,,,,,,73.25,0.38,195.5,0.0,0.0,42.5,738.75,
2024-05-20 18:00:00,4.0,19.5,4.8,4.03,6.05,14.88,1.95,0.34,8.09,,,,,,,,74.75,0.32,204.0,0.0,0.0,17.75,739.0,
2024-05-20 19:00:00,4.0,15.0,6.95,4.28,7.92,13.45,2.8,0.5,7.2,,,,,,,,74.5,0.48,209.25,0.0,0.0,15.75,739.75,
2024-05-20 20:00:00,3.25,14.0,7.02,3.2,7.4,12.05,1.88,0.42,8.16,,,,,,,,74.25,0.4,210.0,0.0,0.0,15.75,741.0,
2024-05-20 21:00:00,1.0,12.75,7.35,4.58,8.4,11.78,2.22,0.46,6.44,,,,,,,,75.25,0.35,211.25,0.0,0.0,16.25,741.0,
2024-05-20 22:00:00,2.0,16.75,8.28,2.05,7.85,12.62,2.95,0.48,6.43,,,,,,,,80.5,0.6,232.75,0.0,0.0,16.5,741.0,
2024-05-20 23:00:00,2.5,12.0,6.8,2.52,6.85,14.82,4.25,0.54,4.68,,,,,,,,79.75,0.3,228.5,0.0,0.0,15.5,740.5,
2024-05-21 00:00:00,4.0,8.5,7.28,3.42,7.72,14.4,1.92,0.4,3.05,,,,,,,,80.0,0.3,256.75,0.0,0.0,15.5,740.0,
2024-05-21 01:00:00,2.0,7.0,7.72,4.18,8.52,14.7,1.15,0.39,4.43,,,,,,,,81.75,0.3,291.75,0.0,0.0,15.5,739.5,
2024-05-21 02:00:00,2.0,6.75,8.95,4.58,9.7,14.75,0.4,0.44,2.81,,,,,,,,80.5,0.3,312.75,0.0,0.0,15.75,739.0,
2024-05-21 03:00:00,2.0,5.75,8.32,5.48,9.7,13.88,0.57,0.44,3.43,,,,,,,,82.25,0.3,290.0,0.0,0.0,9.5,739.0,
2024-05-21 04:00:00,4.0,5.5,13.48,6.15,14.25,12.45,1.23,0.38,7.5,,,,,,,,84.0,0.3,252.75,0.0,0.0,11.75,739.0,
2024-05-21 05:00:00,4.25,9.25,12.05,5.32,12.65,12.52,2.78,0.34,3.63,,,,,,,,84.75,0.32,72.25,0.0,0.0,10.75,739.0,
2024-05-21 06:00:00,5.5,18.5,12.42,6.15,13.38,12.85,2.08,0.48,10.18,,,,,,,,84.75,0.3,86.0,0.0,0.0,43.5,739.0,
2024-05-21 07:00:00,6.5,23.5,12.75,5.08,13.1,15.22,3.6,0.48,59.35,,,,,,,,81.0,0.3,76.0,0.0,0.0,119.5,739.5,
2024-05-21 08:00:00,5.0,16.0,12.95,4.55,12.92,15.25,2.62,0.44,55.49,,,,,,,,73.5,0.45,133.25,0.0,0.0,268.5,740.5,
2024-05-21 09:00:00,6.0,11.0,12.62,2.82,11.78,15.8,2.15,0.46,73.56,,,,,,,,70.5,0.75,144.75,0.0,0.0,317.0,741.0,
2024-05-21 10:00:00,4.75,9.75,11.98,2.75,11.18,19.98,1.67,0.43,60.59,,,,,,,,68.75,0.78,161.5,0.0,0.0,391.5,740.75,
2024-05-21 11:00:00,1.75,11.0,7.77,3.0,7.9,26.62,5.5,0.55,37.08,,,,,,,,68.0,0.72,160.25,0.0,0.0,394.25,740.5,
2024-05-21 12:00:00,3.5,24.75,4.87,2.17,5.13,15.6,1.6,0.33,5.38,,,,,,,,67.5,0.78,175.5,0.0,0.0,408.5,740.0,
2024-05-21 13:00:00,2.0,19.0,5.52,2.08,5.6,11.5,,0.34,5.53,,,,,,,,67.25,1.05,192.0,0.0,0.0,369.5,740.0,
2024-05-21 14:00:00,,13.75,6.22,3.32,6.85,10.48,1.7,0.41,5.72,,,,,,,,69.75,0.75,213.75,0.0,0.0,195.25,739.0,
2024-05-21 15:00:00,,17.25,4.15,3.72,5.38,10.42,2.62,0.4,5.89,,,,,,,,74.75,0.82,190.75,0.0,0.0,85.75,739.0,
2024-05-21 16:00:00,,20.0,4.62,2.98,5.35,11.6,0.78,0.36,5.65,,,,,,,,78.75,0.4,123.5,0.0,0.0,53.0,738.75,
2024-05-21 17:00:00,4.0,21.25,4.82,4.35,6.22,11.5,0.7,0.38,5.4,,,,,,,,77.25,0.3,186.75,0.0,0.0,38.75,738.25,
2024-05-21 18:00:00,5.75,33.75,6.3,3.8,7.18,10.85,1.38,0.42,5.6,,,,,,,,76.0,0.3,188.25,0.0,0.0,13.0,739.0,
2024-05-21 19:00:00,9.75,29.0,6.4,1.98,6.25,12.1,1.68,0.44,5.99,,,,,,,,77.75,0.3,199.0,0.0,0.0,10.75,739.0,
2024-05-21 20:00:00,6.0,16.75,7.02,2.35,6.98,12.7,2.17,0.42,6.0,,,,,,,,78.5,0.3,172.0,0.0,0.0,10.75,740.0,
2024-05-21 21:00:00,,16.25,8.75,4.4,9.45,10.55,2.28,0.38,5.09,,,,,,,,79.0,0.3,162.0,0.0,0.0,11.0,740.0,
2024-05-21 22:00:00,,20.0,13.25,5.52,13.72,9.72,1.68,0.41,5.19,,,,,,,,80.0,0.3,202.75,0.0,0.0,11.5,740.0,
2024-05-21 23:00:00,5.0,36.0,14.92,4.9,14.73,11.28,1.75,0.44,5.07,,,,,,,,80.5,0.3,128.75,0.0,0.0,11.25,740.25,
2024-05-22 00:00:00,5.25,68.0,14.12,6.38,14.88,11.58,3.88,0.42,4.7,,,,,,,,80.0,0.3,234.0,0.0,0.0,10.75,739.75,
2024-05-22 01:00:00,6.25,92.75,19.68,5.95,19.18,12.05,4.62,0.46,4.6,,,,,,,,80.75,0.3,167.75,0.0,0.0,10.75,739.0,
2024-05-22 02:00:00,11.75,75.5,19.45,7.12,19.62,15.0,6.02,0.49,5.52,,,,,,,,81.75,0.3,87.75,0.0,0.0,11.0,738.25,
2024-05-22 03:00:00,23.5,89.75,15.78,5.95,15.98,14.62,6.55,0.45,3.7,,,,,,,,81.75,0.3,100.75,0.0,0.0,11.25,738.0,
2024-05-22 04:00:00,13.75,57.5,14.85,4.68,14.52,13.0,3.68,0.48,4.63,,,,,,,,81.5,0.32,74.0,0.0,0.0,11.75,738.75,
2024-05-22 05:00:00,9.0,34.75,13.72,4.25,13.4,12.05,2.28,0.42,4.72,,,,,,,,82.0,0.3,99.0,0.0,0.0,13.25,739.0,
2024-05-22 06:00:00,15.25,37.75,15.1,6.45,15.72,11.8,3.25,0.4,4.74,,,,,,,,81.5,0.32,109.25,0.0,0.0,43.25,739.75,
2024-05-22 07:00:00,14.25,42.5,14.98,3.3,13.92,12.42,3.97,0.4,4.88,,,,,,,,78.75,0.68,88.75,0.0,0.0,119.5,740.0,
2024-05-22 08:00:00,8.0,24.5,12.38,4.4,12.4,12.98,3.68,0.45,5.24,,,,,,,,72.0,0.52,105.75,0.0,0.0,206.0,740.0,
2024-05-22 09:00:00,4.0,28.25,11.52,3.62,11.3,13.32,3.68,0.44,5.23,,,,,,,,68.75,0.43,148.5,0.0,0.0,296.5,741.0,
2024-05-22 10:00:00,1.0,31.0,9.7,2.25,9.1,13.7,3.03,0.46,6.34,,,,,,,,70.25,0.55,217.0,0.0,0.0,207.25,740.25,
2024-05-22 11:00:00,,35.5,10.37,2.83,9.9,12.93,5.0,0.44,4.46,,,,,,,,79.75,0.75,162.25,0.25,0.25,349.75,739.5,
2024-05-22 12:00:00,,4.5,10.37,2.47,9.77,12.77,2.22,0.44,5.64,,,,,,,,72.5,1.48,162.25,0.0,0.0,463.25,739.25,
2024-05-22 13:00:00,,6.75,10.1,2.33,9.43,10.2,0.6,0.39,5.24,,,,,,,,69.5,1.72,160.75,0.0,0.0,419.25,739.0,
2024-05-22 14:00:00,,9.0,9.62,1.78,8.72,10.6,2.32,0.38,5.36,,,,,,,,70.25,1.8,162.5,0.0,0.0,361.75,738.5,
2024-05-22 15:00:00,,9.25,8.6,1.83,7.98,9.98,2.38,0.35,5.55,,,,,,,,70.25,1.48,160.75,0.0,0.0,271.25,738.0,
2024-05-22 16:00:00,,11.5,7.68,1.62,7.12,10.88,2.75,0.33,5.42,,,,,,,,72.5,1.38,163.5,0.0,0.0,136.75,738.0,
2024-05-22 17:00:00,9.0,20.25,7.43,2.55,7.4,11.72,3.97,0.31,5.01,,,,,,,,74.0,0.72,161.5,0.0,0.0,61.25,738.0,
2024-05-22 18:00:00,8.0,29.25,7.3,3.4,7.75,12.3,3.78,0.33,5.68,,,,,,,,76.25,0.48,171.25,0.0,0.0,14.75,738.0,
2024-05-22 19:00:00,5.0,19.25,7.88,3.08,8.07,12.75,2.8,0.33,5.12,,,,,,,,76.25,0.38,201.0,0.0,0.0,10.5,738.75,
2024-05-22 20:00:00,,20.25,7.4,2.72,7.48,12.35,3.8,0.37,5.42,,,,,,,,76.75,0.35,207.0,0.0,0.0,9.75,739.25,
2024-05-22 21:00:00,1.0,11.75,7.98,2.82,7.98,10.85,4.95,0.4,4.69,,,,,,,,77.0,0.3,204.5,0.0,0.0,10.75,740.0,
2024-05-22 22:00:00,1.0,10.75,8.43,2.72,8.3,10.52,2.6,0.36,6.36,,,,,,,,77.75,0.3,204.25,0.0,0.0,11.25,740.0,
2024-05-22 23:00:00,,10.25,7.95,2.33,7.7,9.85,1.42,0.29,5.12,,,,,,,,77.0,0.42,189.5,0.0,0.0,10.75,740.0,
2024-05-23 00:00:00,2.0,9.5,8.05,2.48,7.85,10.95,3.1,0.34,5.15,,,,,,,,81.75,0.38,254.25,0.25,0.25,5.75,739.25,
2024-05-23 01:00:00,2.0,5.0,8.5,3.12,8.55,12.15,3.98,0.48,4.69,,,,,,,,82.75,0.3,286.25,0.0,0.0,8.5,738.25,
2024-05-23 02:00:00,,32.0,21.65,6.2,20.92,12.2,3.1,0.45,3.94,,,,,,,,83.5,0.3,298.0,0.0,0.0,9.0,737.5,
2024-05-23 03:00:00,1.0,41.0,26.25,7.22,25.18,12.62,2.68,0.47,3.35,,,,,,,,84.0,0.3,283.25,0.0,0.0,9.75,737.25,
2024-05-23 04:00:00,4.75,63.25,38.5,6.75,34.85,12.65,2.98,0.46,5.11,,,,,,,,85.0,0.3,132.0,0.0,0.0,9.75,737.25,
2024-05-23 05:00:00,18.5,53.75,37.72,6.88,34.35,11.25,2.0,0.5,5.7,,,,,,,,85.25,0.3,294.25,0.0,0.0,11.75,738.25,
2024-05-23 06:00:00,24.5,63.0,42.4,6.68,38.02,12.02,2.4,0.56,5.03,,,,,,,,84.75,0.3,273.75,0.0,0.0,40.75,739.0,
2024-05-23 07:00:00,18.75,45.25,32.55,8.5,31.0,11.88,2.5,0.58,5.56,,,,,,,,78.75,0.3,219.5,0.0,0.0,118.5,740.0,
2024-05-23 08:00:00,14.25,40.25,26.88,6.92,25.55,11.88,4.12,0.39,5.03,,,,,,,,72.0,0.3,233.75,0.0,0.0,197.0,740.0,
2024-05-23 09:00:00,14.0,51.5,23.72,7.88,23.5,13.4,6.32,0.42,5.08,,,,,,,,67.25,0.3,277.5,0.0,0.0,205.25,740.0,
2024-05-23 10:00:00,22.25,58.25,17.73,8.52,18.92,15.45,7.07,0.44,6.06,,,,,,,,64.5,0.3,238.5,0.0,0.0,265.5,740.0,
2024-05-23 11:00:00,28.75,67.0,10.83,10.3,14.3,15.1,7.03,0.34,9.23,,,,,,,,65.75,0.52,227.75,0.0,0.0,364.75,739.75,
2024-05-23 12:00:00,32.25,81.25,1.53,11.63,7.43,19.13,5.3,0.54,15.77,,,,,,,,65.5,0.78,208.75,0.0,0.0,437.75,739.0,
2024-05-23 13:00:00,45.0,104.0,2.4,10.32,6.95,14.58,5.22,0.63,13.81,,,,,,,,65.0,0.82,208.75,0.0,0.0,402.75,738.75,
2024-05-23 14:00:00,40.75,89.0,2.25,9.6,6.9,15.55,6.4,0.38,11.84,,,,,,,,64.0,0.78,206.75,0.0,0.0,327.75,738.0,
2024-05-23 15:00:00,21.25,54.5,2.68,5.12,4.88,13.95,6.78,0.26,8.48,,,,,,,,65.0,0.75,201.0,0.0,0.0,253.75,738.0,
2024-05-23 16:00:00,1.0,33.25,4.7,4.35,6.1,12.45,4.12,0.27,6.12,,,,,,,,68.0,0.57,199.25,0.0,0.0,168.0,737.75,
2024-05-23 17:00:00,1.0,32.25,4.5,2.75,5.12,12.85,2.85,0.29,6.86,,,,,,,,69.5,0.52,204.0,0.0,0.0,68.75,737.25,
2024-05-23 18:00:00,1.0,18.75,5.48,2.82,5.95,11.88,2.62,0.32,4.57,,,,,,,,73.25,0.48,204.25,0.0,0.0,18.5,738.0,
2024-05-23 19:00:00,,20.25,5.52,3.0,6.08,11.62,1.6,0.37,5.14,,,,,,,,74.75,0.52,212.25,0.0,0.0,15.5,738.25,
2024-05-23 20:00:00,,24.0,6.58,3.98,7.45,11.55,3.55,0.39,7.21,,,,,,,,75.25,1.1,222.5,0.0,0.0,15.75,739.0,
2024-05-23 21:00:00,34.0,48.5,7.1,4.55,8.18,11.92,3.85,0.41,7.06,,,,,,,,76.5,0.55,231.25,0.0,0.0,16.0,739.0,
2024-05-23 22:00:00,42.0,70.75,6.9,4.38,7.98,13.6,3.15,0.42,8.93,,,,,,,,76.5,0.32,221.5,0.0,0.0,16.5,739.0,
2024-05-23 23:00:00,56.5,70.5,6.52,3.82,7.32,12.52,2.48,0.54,8.21,,,,,,,,78.0,0.3,228.0,0.0,0.0,16.5,739.5,
2024-05-24 00:00:00,24.75,41.0,6.25,3.22,6.82,12.1,1.58,0.42,7.38,,,,,,,,79.0,0.32,243.0,0.0,0.0,16.25,739.0,
2024-05-24 01:00:00,12.75,25.5,5.68,2.48,5.92,13.1,1.38,0.4,6.98,,,,,,,,79.0,0.3,233.5,0.0,0.0,15.5,738.0,
2024-05-24 02:00:00,5.75,16.25,5.58,3.9,6.6,13.35,3.22,0.4,6.43,,,,,,,,79.25,0.3,288.25,0.0,0.0,15.5,738.0,
2024-05-24 03:00:00,7.0,21.5,5.3,4.68,6.82,13.95,4.25,0.38,8.09,,,,,,,,77.25,0.3,281.75,0.0,0.0,15.75,737.5,
2024-05-24 04:00:00,16.5,35.75,6.62,7.85,9.52,13.02,1.3,0.41,5.18,,,,,,,,76.25,0.3,280.25,0.0,0.0,15.75,737.0,
2024-05-24 05:00:00,23.0,57.25,7.08,4.58,8.2,10.82,0.45,0.4,5.43,,,,,,,,75.5,0.3,257.5,0.0,0.0,17.0,738.0,
2024-05-24 06:00:00,12.75,39.5,6.45,6.1,8.52,10.35,2.55,0.4,4.69,,,,,,,,75.25,0.3,284.25,0.0,0.0,50.5,738.0,
2024-05-24 07:00:00,20.25,59.75,7.98,6.55,9.98,10.82,3.35,0.41,6.62,,,,,,,,71.0,0.3,292.75,0.0,0.0,164.75,739.0,
2024-05-24 08:00:00,24.75,73.75,6.25,5.68,8.1,10.7,2.7,0.47,6.71,,,,,,,,67.75,0.4,290.25,0.0,0.0,221.75,740.0,
2024-05-24 09:00:00,19.0,82.75,5.15,5.35,7.05,13.25,3.78,0.51,7.2,,,,,,,,65.25,0.48,296.25,0.0,0.0,273.5,739.5,
2024-05-24 10:00:00,21.75,84.25,4.5,4.3,5.95,14.3,3.63,0.47,8.1,,,,,,,,61.5,0.5,276.25,0.0,0.0,406.75,739.0,
2024-05-24 11:00:00,21.5,79.5,4.07,4.2,5.53,14.13,3.23,0.48,9.58,,,,,,,,58.5,0.48,239.5,0.0,0.0,441.75,739.0,
2024-05-24 12:00:00,27.25,79.25,5.03,7.5,8.07,16.0,2.8,0.44,10.58,,,,,,,,65.75,1.18,211.75,0.0,0.0,346.25,738.0,
2024-05-24 13:00:00,40.0,98.0,8.0,30.95,22.98,37.02,3.88,2.39,24.57,,,,,,,,66.5,1.67,216.5,0.0,0.0,401.0,738.0,
2024-05-24 14:00:00,44.0,100.0,4.38,14.1,11.05,33.45,3.92,2.73,18.34,,,,,,,,68.5,2.17,221.75,0.0,0.0,297.75,737.25,
2024-05-24 15:00:00,49.0,119.0,2.98,6.78,6.0,23.55,3.8,2.18,10.67,,,,,,,,71.0,2.1,223.0,0.0,0.0,183.25,737.0,
2024-05-24 16:00:00,26.75,76.0,2.7,5.22,4.97,16.92,3.28,1.5,6.96,,,,,,,,73.75,1.55,220.0,0.0,0.0,126.25,737.0,
2024-05-24 17:00:00,23.25,71.25,2.75,4.62,4.7,15.85,3.6,1.11,6.74,,,,,,,,75.25,1.8,223.0,0.0,0.0,73.0,736.25,
2024-05-24 18:00:00,22.0,60.75,3.52,3.6,4.78,14.62,3.0,0.98,5.75,,,,,,,,76.25,1.27,220.75,0.0,0.0,17.75,737.0,
2024-05-24 19:00:00,13.5,53.0,2.6,5.8,5.2,13.38,2.3,1.39,5.56,,,,,,,,75.75,0.7,224.5,0.0,0.0,11.5,737.75,
2024-05-24 20:00:00,7.0,67.5,3.88,4.38,5.45,13.05,0.8,0.96,5.03,,,,,,,,76.0,0.68,230.5,0.0,0.0,11.5,738.0,
2024-05-24 21:00:00,9.75,40.0,3.98,4.97,5.88,12.15,,0.87,4.92,,,,,,,,77.5,0.55,233.0,0.0,0.0,11.75,738.25,
2024-05-24 22:00:00,8.5,42.0,4.05,3.9,5.4,12.0,0.87,0.74,4.92,,,,,,,,78.5,0.43,242.0,0.0,0.0,11.75,739.0,
2024-05-24 23:00:00,7.75,36.25,5.45,1.68,5.32,11.82,1.65,0.67,4.14,,,,,,,,79.0,0.43,260.0,0.0,0.0,11.75,738.75,
2024-05-25 00:00:00,9.0,26.5,5.18,2.12,5.32,11.68,3.92,0.66,4.78,,,,,,,,80.0,0.4,269.75,0.0,0.0,11.75,738.25,
2024-05-25 01:00:00,7.0,24.75,4.35,2.17,4.68,13.98,5.85,0.64,5.54,,,,,,,,79.0,0.78,280.75,0.0,0.0,11.0,737.25,
2024-05-25 02:00:00,10.5,37.25,4.08,3.38,5.08,14.12,1.4,0.6,4.5,,,,,,,,78.5,0.42,270.25,0.0,0.0,11.0,737.0,
2024-05-25 03:00:00,13.25,44.25,4.8,2.78,5.38,14.5,0.43,0.57,3.14,,,,,,,,76.25,0.62,279.0,0.0,0.0,11.0,736.5,
2024-05-25 04:00:00,18.0,33.75,4.08,4.58,5.75,13.65,2.1,0.52,3.81,,,,,,,,76.0,0.4,287.75,0.0,0.0,10.75,736.0,
2024-05-25 05:00:00,22.25,58.5,4.85,4.25,6.2,11.8,1.45,0.52,5.36,,,,,,,,76.0,0.3,293.75,0.0,0.0,12.5,736.75,
2024-05-25 06:00:00,27.25,71.75,5.8,6.68,8.28,10.82,2.65,0.56,4.4,,,,,,,,75.25,0.3,270.25,0.0,0.0,35.75,737.0,
2024-05-25 07:00:00,30.5,74.5,5.75,6.3,8.0,11.38,2.22,0.57,5.3,,,,,,,,71.75,0.32,282.5,0.0,0.0,97.75,737.75,
2024-05-25 08:00:00,28.75,87.0,5.52,7.28,8.32,11.05,1.12,0.58,4.51,,,,,,,,65.0,0.6,260.75,0.0,0.0,195.25,738.5,
2024-05-25 09:00:00,28.0,93.5,4.18,5.45,6.3,13.08,0.75,0.52,5.86,,,,,,,,60.0,0.68,261.0,0.0,0.0,250.25,738.25,
2024-05-25 10:00:00,29.0,94.5,3.2,4.65,5.05,14.42,3.1,0.75,5.5,,,,,,,,59.0,0.48,257.5,0.0,0.0,219.0,738.25,
2024-05-25 11:00:00,31.75,102.0,3.17,6.97,6.3,13.95,4.73,0.82,7.06,,,,,,,,58.75,0.3,271.25,0.0,0.0,194.75,738.0,
2024-05-25 12:00:00,32.0,124.25,2.63,8.8,6.83,13.5,1.15,0.59,6.44,,,,,,,,58.0,0.3,269.5,0.0,0.0,175.0,738.0,
2024-05-25 13:00:00,34.0,111.0,4.3,8.9,8.2,11.15,,0.59,6.31,,,,,,,,57.5,0.48,263.0,0.0,0.0,195.5,737.75,
2024-05-25 14:00:00,31.0,114.5,2.38,4.72,4.4,10.85,2.9,0.55,5.68,,,,,,,,60.0,0.95,236.5,0.0,0.0,175.5,737.25,
2024-05-25 15:00:00,28.75,110.75,2.48,4.42,4.38,10.82,3.85,0.53,3.74,,,,,,,,71.5,2.33,228.75,0.0,0.0,99.25,737.0,
2024-05-25 16:00:00,24.75,97.25,3.2,8.15,6.92,10.8,2.1,0.57,5.06,,,,,,,,72.75,1.12,220.75,0.0,0.0,78.25,737.0,
2024-05-25 17:00:00,37.0,109.5,2.8,7.38,6.22,12.58,1.02,0.62,5.43,,,,,,,,72.0,0.5,212.0,0.0,0.0,35.25,737.0,
2024-05-25 18:00:00,48.25,131.25,3.0,8.22,6.82,12.95,3.72,0.65,5.3,,,,,,,,74.5,0.3,174.0,0.0,0.0,17.25,737.75,
2024-05-25 19:00:00,42.25,128.25,3.22,5.62,5.6,13.65,5.0,0.66,4.89,,,,,,,,78.75,0.52,197.25,0.0,0.0,15.5,738.5,
2024-05-25 20:00:00,31.0,71.5,2.92,5.45,5.28,13.08,2.33,0.66,5.44,,,,,,,,78.5,1.32,211.5,0.0,0.0,15.75,739.0,
2024-05-25 21:00:00,28.75,72.0,2.7,5.6,5.18,12.15,1.15,0.69,5.55,,,,,,,,77.25,1.0,217.25,0.0,0.0,16.25,739.25,
2024-05-25 22:00:00,21.0,69.0,3.35,4.85,5.3,11.38,0.75,0.57,5.86,,,,,,,,72.75,0.65,242.75,0.0,0.0,16.75,739.5,
2024-05-25 23:00:00,17.75,48.0,4.28,5.43,6.38,11.12,0.38,0.53,7.04,,,,,,,,75.0,0.52,236.75,0.0,0.0,16.5,739.0,
2024-05-26 00:00:00,17.25,59.25,4.53,2.85,5.18,11.35,1.0,0.61,4.84,,,,,,,,77.25,0.5,267.5,0.0,0.0,16.5,738.5,
2024-05-26 01:00:00,21.25,49.75,3.55,6.12,6.15,13.48,1.85,0.64,4.67,,,,,,,,74.5,0.57,275.25,0.0,0.0,15.75,738.0,
2024-05-26 02:00:00,30.0,94.75,3.28,7.38,6.58,13.35,2.3,0.55,4.8,,,,,,,,66.5,1.2,247.5,0.0,0.0,16.0,737.75,
2024-05-26 03:00:00,25.5,128.5,3.6,5.92,6.05,13.52,3.3,0.49,3.04,,,,,,,,64.0,1.68,241.5,0.0,0.0,16.0,737.25,
2024-05-26 04:00:00,18.75,100.0,4.28,4.7,5.98,12.25,3.78,0.47,4.47,,,,,,,,62.5,1.48,249.25,0.0,0.0,15.75,738.0,
2024-05-26 05:00:00,13.0,62.0,3.95,4.62,5.68,11.35,3.2,0.46,4.74,,,,,,,,64.0,1.95,248.75,0.0,0.0,17.5,738.0,
2024-05-26 06:00:00,16.5,79.75,5.05,7.0,7.82,10.2,4.25,0.44,5.72,,,,,,,,65.0,1.52,250.0,0.0,0.0,36.0,739.0,
2024-05-26 07:00:00,19.25,77.25,5.38,5.85,7.45,10.45,5.18,0.44,81.02,,,,,,,,64.75,1.32,255.25,0.0,0.0,71.75,739.25,
2024-05-26 08:00:00,22.5,104.25,4.8,5.7,6.95,9.8,3.7,0.46,61.22,,,,,,,,62.25,2.33,250.0,0.0,0.0,127.0,739.0,
2024-05-26 09:00:00,20.75,117.25,3.42,4.4,5.12,12.62,3.08,0.51,26.01,,,,,,,,59.5,2.18,250.0,0.0,0.0,183.5,739.25,
2024-05-26 10:00:00,18.75,104.75,4.25,3.25,5.15,12.68,4.7,0.6,50.69,,,,,,,,57.0,1.98,233.5,0.0,0.0,340.5,740.0,
2024-05-26 11:00:00,15.25,92.25,3.53,3.87,4.97,12.83,5.4,0.55,123.99,,,,,,,,55.0,1.65,246.25,0.0,0.0,291.5,739.5,
2024-05-26 12:00:00,17.25,92.75,3.2,4.23,4.9,12.47,3.0,0.47,128.5,,,,,,,,54.0,1.9,241.75,0.0,0.0,328.25,739.0,
2024-05-26 13:00:00,22.5,92.5,3.8,3.3,4.88,11.58,2.42,0.36,87.8,,,,,,,,53.75,1.45,250.75,0.0,0.0,301.25,738.5,
2024-05-26 14:00:00,25.25,90.25,2.98,3.55,4.3,10.25,2.72,0.4,63.8,,,,,,,,53.0,1.33,255.75,0.0,0.0,223.75,737.75,
2024-05-26 15:00:00,21.5,78.25,2.72,4.25,4.47,10.15,3.48,0.46,14.56,,,,,,,,52.75,0.88,248.75,0.0,0.0,156.0,737.0,
2024-05-26 16:00:00,26.0,78.75,2.82,4.28,4.55,10.5,2.45,0.38,20.87,,,,,,,,54.25,0.68,278.75,0.0,0.0,96.25,737.0,
2024-05-26 17:00:00,26.75,92.0,3.02,5.3,5.28,12.0,1.83,0.3,17.01,,,,,,,,59.0,0.75,244.75,0.0,0.0,42.5,737.0,
2024-05-26 18:00:00,31.25,110.75,3.38,6.4,6.18,11.98,3.12,0.39,37.6,,,,,,,,63.5,0.65,226.5,0.0,0.0,19.75,737.0,
2024-05-26 19:00:00,36.25,120.75,3.52,5.3,5.72,11.95,2.9,0.24,33.53,,,,,,,,61.0,0.68,244.5,0.0,0.0,15.75,737.5,
2024-05-26 20:00:00,31.75,117.75,4.05,8.25,7.68,12.02,4.35,0.44,9.17,,,,,,,,67.5,0.78,233.0,0.0,0.0,15.75,738.25,
2024-05-26 21:00:00,31.0,110.5,3.58,4.05,5.05,12.75,4.45,0.28,,,,,,,,,70.75,0.88,250.25,0.0,0.0,16.0,739.0,
2024-05-26 22:00:00,20.25,80.5,3.9,3.3,4.92,11.72,3.15,,34.86,,,,,,,,69.75,0.78,260.75,0.0,0.0,16.5,739.0,
2024-05-26 23:00:00,16.75,75.5,4.12,3.75,5.38,11.62,2.88,,110.84,,,,,,,,67.25,0.4,281.25,0.0,0.0,16.75,739.25,
2024-05-27 00:00:00,22.25,72.5,4.95,3.6,5.92,11.45,0.78,,85.88,,,,,,,,64.0,0.48,266.0,0.0,0.0,16.75,739.0,
2024-05-27 01:00:00,21.0,65.0,4.5,3.22,5.35,12.65,0.3,,8.52,,,,,,,,62.25,0.55,249.75,0.0,0.0,16.25,738.0,
2024-05-27 02:00:00,15.75,54.75,3.62,2.15,4.12,13.9,0.2,0.9,39.42,,,,,,,,63.0,0.4,262.75,0.0,0.0,16.0,737.5,
2024-05-27 03:00:00,16.75,50.75,3.35,2.65,4.15,14.42,,2.29,6.41,,,,,,,,63.75,0.57,252.0,0.0,0.0,16.5,737.25,
2024-05-27 04:00:00,13.75,51.5,4.25,2.15,4.62,13.55,1.58,2.94,70.34,,,,,,,,63.5,0.55,268.0,0.0,0.0,16.0,737.25,
2024-05-27 05:00:00,16.0,58.75,4.72,4.45,6.2,12.8,2.1,,37.78,,,,,,,,66.25,0.32,280.0,0.0,0.0,18.25,738.25,
2024-05-27 06:00:00,18.0,68.5,6.35,5.0,7.8,11.05,1.7,4.13,,,,,,,,,67.75,0.32,282.0,0.0,0.0,52.75,739.0,
2024-05-27 07:00:00,26.25,80.5,5.32,4.35,6.65,10.92,1.45,,42.84,,,,,,,,65.25,0.52,274.5,0.0,0.0,121.0,739.0,
2024-05-27 08:00:00,31.5,101.25,5.65,4.58,7.05,10.68,1.2,,60.77,,,,,,,,61.0,0.8,259.0,0.0,0.0,224.25,740.0,
2024-05-27 09:00:00,25.75,105.25,4.47,4.55,6.08,13.1,1.3,,62.27,,,,,,,,58.0,2.08,233.5,0.0,0.0,313.0,740.0,
2024-05-27 10:00:00,22.5,121.75,4.07,4.53,5.75,14.95,1.97,2.8,109.56,,,,,,,,56.0,1.52,230.5,0.0,0.0,371.25,740.0,
2024-05-27 11:00:00,22.5,87.0,4.27,4.03,5.57,15.53,1.8,1.88,13.57,,,,,,,,53.5,1.12,201.5,0.0,0.0,384.5,740.0,
2024-05-27 12:00:00,18.5,86.75,2.27,3.87,3.9,15.97,3.35,,2.94,,,,,,,,52.0,0.9,239.75,0.0,0.0,379.5,739.75,
2024-05-27 13:00:00,20.5,91.75,2.65,5.05,4.85,15.25,4.08,0.92,3.19,,,,,,,,52.0,1.02,254.25,0.0,0.0,309.75,739.0,
2024-05-27 14:00:00,21.75,80.5,2.58,5.2,4.88,13.7,3.0,0.87,3.85,,,,,,,,51.0,0.95,251.25,0.0,0.0,268.75,738.0,
2024-05-27 15:00:00,20.25,83.75,2.72,6.15,5.45,13.2,1.65,,3.86,,,,,,,,52.0,0.6,267.0,0.0,0.0,165.5,738.0,
2024-05-27 16:00:00,24.75,123.25,2.35,5.8,4.97,14.88,3.5,0.19,3.76,,,,,,,,61.25,1.42,222.25,0.0,0.0,133.5,737.25,
2024-05-27 17:00:00,48.0,169.25,2.8,6.65,5.8,16.2,3.95,,3.85,,,,,,,,66.25,1.42,222.75,0.0,0.0,58.25,737.0,
2024-05-27 18:00:00,57.0,156.25,3.88,7.42,7.1,16.77,2.85,0.97,4.52,,,,,,,,67.0,1.0,231.0,0.0,0.0,15.75,737.5,
2024-05-27 19:00:00,50.0,135.25,4.4,5.03,6.25,16.8,2.35,3.43,3.44,,,,,,,,70.5,1.2,237.75,0.0,0.0,11.75,738.25,
2024-05-27 20:00:00,28.25,111.0,3.62,3.8,4.97,16.5,3.1,1.5,3.29,,,,,,,,73.5,0.72,243.75,0.0,0.0,11.75,739.0,
2024-05-27 21:00:00,23.25,91.25,4.03,3.45,5.12,15.65,3.5,2.91,3.14,,,,,,,,74.75,0.57,249.5,0.0,0.0,12.5,739.5,
2024-05-27 22:00:00,15.25,64.75,4.45,4.78,6.12,14.58,1.35,1.06,4.05,,,,,,,,76.0,0.6,256.0,0.0,0.0,12.75,739.75,
2024-05-27 23:00:00,15.75,53.5,4.9,8.22,8.38,13.92,0.9,1.32,3.7,,,,,,,,76.0,0.5,254.25,0.0,0.0,12.75,739.75,
2024-05-28 00:00:00,15.0,46.25,5.3,3.58,6.22,14.22,3.2,0.9,4.54,,,,,,,,76.0,0.57,262.0,0.0,0.0,12.75,739.0,
2024-05-28 01:00:00,15.75,38.25,4.18,2.62,4.78,14.9,4.32,1.54,3.37,,,,,,,,76.25,0.85,257.5,0.0,0.0,12.25,738.25,
2024-05-28 02:00:00,19.0,39.0,4.9,2.4,5.25,16.15,3.05,0.68,3.03,,,,,,,,77.0,0.62,264.75,0.0,0.0,12.0,738.25,
2024-05-28 03:00:00,21.75,41.5,5.4,2.6,5.78,17.45,3.0,0.71,3.46,,,,,,,,77.25,0.5,268.75,0.0,0.0,11.75,738.75,
2024-05-28 04:00:00,20.75,48.75,5.52,2.82,5.98,16.32,2.58,0.59,3.04,,,,,,,,78.0,0.45,265.0,0.0,0.0,11.75,739.0,
2024-05-28 05:00:00,20.5,53.5,5.6,4.62,7.0,15.05,1.82,,3.77,,,,,,,,76.75,0.32,274.75,0.0,0.0,13.25,739.0,
2024-05-28 06:00:00,24.25,76.5,6.22,6.8,8.68,12.38,2.48,0.44,4.31,,,,,,,,72.75,0.35,276.25,0.0,0.0,40.75,739.5,
2024-05-28 07:00:00,30.5,99.25,6.32,5.3,7.95,12.45,3.0,0.53,4.1,,,,,,,,65.5,0.7,254.75,0.0,0.0,112.5,740.0,
2024-05-28 08:00:00,29.5,109.25,5.15,5.58,7.12,12.32,3.42,0.35,3.4,,,,,,,,61.25,1.27,251.5,0.0,0.0,216.5,741.0,
2024-05-28 09:00:00,29.75,121.0,4.03,5.3,6.08,13.58,3.92,0.33,3.34,,,,,,,,56.5,2.03,238.0,0.0,0.0,303.75,741.0,
2024-05-28 10:00:00,26.0,152.25,3.15,5.03,5.25,14.65,2.77,1.76,3.21,,,,,,,,55.75,2.3,237.0,0.0,0.0,367.25,740.25,
2024-05-28 11:00:00,24.75,139.25,2.6,7.07,5.9,16.8,1.33,1.96,3.31,,,,,,,,54.25,1.7,222.75,0.0,0.0,380.75,740.0,
2024-05-28 12:00:00,22.25,118.5,2.2,5.83,4.9,14.53,1.55,0.99,3.74,,,,,,,,52.5,1.38,222.75,0.0,0.0,402.75,739.75,
2024-05-28 13:00:00,24.0,118.25,3.35,4.03,4.85,12.8,0.85,1.14,2.27,,,,,,,,51.25,1.02,231.0,0.0,0.0,368.75,739.0,
2024-05-28 14:00:00,18.5,99.75,2.8,3.82,4.32,11.7,2.15,0.85,2.26,,,,,,,,50.75,1.05,250.75,0.0,0.0,292.75,739.0,
2024-05-28 15:00:00,22.25,116.75,2.05,5.4,4.58,12.48,2.4,0.67,2.74,,,,,,,,53.5,1.18,242.75,0.0,0.0,190.0,738.0,
2024-05-28 16:00:00,34.0,128.25,2.38,6.65,5.45,14.78,3.62,0.53,2.4,,,,,,,,65.75,1.32,211.5,0.0,0.0,119.5,738.0,
2024-05-28 17:00:00,51.75,143.0,2.33,8.58,6.48,16.05,4.6,0.62,2.56,,,,,,,,65.25,1.4,221.25,0.0,0.0,75.75,738.0,
2024-05-28 18:00:00,62.75,161.25,2.38,10.85,7.68,17.5,4.02,0.94,3.22,,,,,,,,66.5,0.92,227.25,0.0,0.0,18.5,738.25,
2024-05-28 19:00:00,63.25,162.25,2.4,6.45,5.38,16.38,2.8,0.92,2.52,,,,,,,,66.0,0.82,240.5,0.0,0.0,12.0,739.0,
2024-05-28 20:00:00,37.0,132.25,2.68,5.38,5.02,15.25,2.42,1.1,3.32,,,,,,,,66.25,0.85,240.25,0.0,0.0,12.0,739.0,
2024-05-28 21:00:00,26.25,115.5,3.15,5.2,5.3,14.35,3.0,1.4,2.66,,,,,,,,68.75,0.68,245.75,0.0,0.0,12.5,739.75,
2024-05-28 22:00:00,19.5,93.5,3.75,4.22,5.28,13.85,3.92,0.84,3.01,,,,,,,,72.75,0.68,252.25,0.0,0.0,12.5,740.0,
2024-05-28 23:00:00,14.0,73.5,4.4,3.6,5.5,12.9,3.02,0.94,2.48,,,,,,,,74.5,0.42,247.0,0.0,0.0,12.5,739.75,
2024-05-29 00:00:00,11.0,61.5,3.85,2.85,4.68,13.15,2.1,0.75,3.07,,,,,,,,76.0,0.35,259.75,0.0,0.0,12.5,739.0,
2024-05-29 01:00:00,13.5,55.25,4.3,4.05,5.65,13.62,1.9,0.38,2.69,,,,,,,,76.0,0.32,250.25,0.0,0.0,12.5,738.0,
2024-05-29 02:00:00,21.0,51.5,4.82,4.47,6.3,15.2,3.02,0.76,3.77,,,,,,,,76.5,0.5,259.75,0.0,0.0,11.75,738.0,
2024-05-29 03:00:00,21.75,58.75,5.35,4.9,6.92,15.52,3.0,1.06,2.2,,,,,,,,74.25,0.42,257.75,0.0,0.0,12.0,738.0,
2024-05-29 04:00:00,23.0,66.5,5.32,5.38,7.2,14.72,2.08,0.65,3.76,,,,,,,,72.75,0.32,275.75,0.0,0.0,11.75,738.25,
2024-05-29 05:00:00,20.25,67.25,5.8,4.78,7.28,14.02,2.55,0.47,3.99,,,,,,,,70.0,0.38,270.75,0.0,0.0,13.25,739.0,
2024-05-29 06:00:00,23.75,78.5,6.35,5.8,8.22,11.82,2.33,0.75,3.32,,,,,,,,67.25,0.52,264.75,0.0,0.0,42.75,739.75,
2024-05-29 07:00:00,30.0,91.25,5.65,5.12,7.3,11.68,2.28,0.66,3.76,,,,,,,,66.25,0.8,256.0,0.0,0.0,94.75,740.0,
2024-05-29 08:00:00,22.5,93.0,5.75,4.82,7.22,10.55,6.05,0.63,2.74,,,,,,,,61.25,1.58,235.75,0.0,0.0,204.75,741.0,
2024-05-29 09:00:00,17.5,108.75,4.53,5.48,6.58,11.38,7.5,0.42,2.79,,,,,,,,59.0,1.75,241.5,0.0,0.0,259.75,740.75,
2024-05-29 10:00:00,16.5,123.0,4.2,5.38,6.28,13.58,2.97,3.34,2.84,,,,,,,,55.75,1.23,224.75,0.0,0.0,343.75,740.0,
2024-05-29 11:00:00,18.5,127.5,4.13,4.87,5.9,13.48,1.87,1.85,2.55,,,,,,,,52.5,1.25,214.25,0.0,0.0,424.25,740.0,
2024-05-29 12:00:00,18.75,109.5,2.73,5.7,5.3,14.3,3.28,0.7,2.91,,,,,,,,50.5,0.95,220.5,0.0,0.0,400.0,739.5,
2024-05-29 13:00:00,16.75,93.75,2.72,3.12,3.85,12.05,4.58,0.62,1.7,,,,,,,,49.75,0.68,232.25,0.0,0.0,358.5,739.0,
2024-05-29 14:00:00,21.75,87.25,2.38,6.0,5.12,11.38,4.47,2.07,2.16,,,,,,,,50.5,0.85,255.25,0.0,0.0,283.25,738.5,
2024-05-29 15:00:00,22.75,88.5,2.12,6.05,4.95,11.65,5.62,0.62,0.9,,,,,,,,50.0,0.8,263.25,0.0,0.0,236.0,738.0,
2024-05-29 16:00:00,28.25,99.5,2.78,7.65,6.32,12.15,2.75,0.6,1.52,,,,,,,,59.75,1.65,231.75,0.0,0.0,151.25,738.0,
2024-05-29 17:00:00,31.5,128.25,2.78,6.92,5.95,13.65,1.35,0.89,0.51,,,,,,,,68.0,1.4,214.25,0.0,0.0,59.5,738.0,
2024-05-29 18:00:00,41.75,131.5,3.92,6.58,6.7,14.28,0.88,0.89,0.56,,,,,,,,68.0,1.0,228.0,0.0,0.0,19.75,738.25,
2024-05-29 19:00:00,44.5,133.0,3.38,7.08,6.5,14.35,1.82,2.46,2.62,,,,,,,,68.25,1.1,237.75,0.0,0.0,16.0,739.0,
2024-05-29 20:00:00,25.25,105.75,3.58,5.32,5.78,14.1,2.58,0.78,0.45,,,,,,,,71.5,0.78,242.75,0.0,0.0,16.5,740.0,
2024-05-29 21:00:00,15.75,72.5,3.85,4.82,5.68,13.9,2.12,0.82,1.36,,,,,,,,73.75,0.65,248.75,0.0,0.0,16.5,740.0,
2024-05-29 22:00:00,10.75,52.5,4.95,2.5,5.38,12.92,3.1,0.84,1.48,,,,,,,,74.25,0.52,247.75,0.0,0.0,17.5,740.0,
2024-05-29 23:00:00,7.5,41.25,4.38,2.72,5.0,12.42,3.4,0.79,2.6,,,,,,,,75.75,0.52,254.5,0.0,0.0,17.5,740.0,
2024-05-30 00:00:00,7.75,33.25,4.32,2.08,4.65,12.1,3.42,0.52,2.16,,,,,,,,75.75,0.57,257.25,0.0,0.0,17.5,740.0,
2024-05-30 01:00:00,4.25,16.5,3.95,1.95,4.25,12.75,3.48,0.59,1.39,,,,,,,,75.0,0.6,258.25,0.0,0.0,17.0,739.0,
2024-05-30 02:00:00,5.0,20.0,4.28,1.88,4.42,13.58,2.95,0.61,1.84,,,,,,,,75.0,0.62,264.5,0.0,0.0,16.75,739.0,
2024-05-30 03:00:00,5.5,24.0,4.68,2.08,4.92,13.3,3.1,0.54,2.28,,,,,,,,75.5,0.57,266.5,0.0,0.0,16.75,739.0,
2024-05-30 04:00:00,7.75,18.0,4.97,2.48,5.35,13.22,4.12,0.73,1.29,,,,,,,,76.25,0.45,273.5,0.0,0.0,16.5,739.0,
2024-05-30 05:00:00,10.0,21.75,4.58,2.7,5.18,13.52,4.48,1.52,2.31,,,,,,,,77.25,0.5,276.5,0.0,0.0,18.25,739.25,
2024-05-30 06:00:00,12.5,37.0,4.85,4.58,6.38,10.82,5.62,0.46,2.99,,,,,,,,77.75,0.55,279.0,0.0,0.0,56.25,740.0,
2024-05-30 07:00:00,19.0,50.5,4.88,3.02,5.58,11.5,4.88,0.48,2.5,,,,,,,,74.5,0.62,274.5,0.0,0.0,144.5,740.5,
2024-05-30 08:00:00,16.0,61.5,4.82,5.12,6.65,10.25,3.52,0.62,1.74,,,,,,,,68.75,0.57,277.25,0.0,0.0,237.0,741.0,
2024-05-30 09:00:00,18.0,88.25,3.72,4.95,5.7,12.22,2.62,0.4,1.32,,,,,,,,62.0,0.85,268.75,0.0,0.0,321.0,741.0,
2024-05-30 10:00:00,24.75,114.0,3.48,5.3,5.68,14.2,4.0,0.71,0.43,,,,,,,,55.75,0.75,236.75,0.0,0.0,388.0,741.0,
2024-05-30 11:00:00,26.25,120.75,2.23,3.77,3.8,13.53,5.9,0.83,3.59,,,,,,,,52.75,0.75,182.5,0.0,0.0,421.75,740.5,
2024-05-30 12:00:00,21.0,112.0,2.93,3.83,4.4,16.2,2.12,0.69,,,,,,,,,56.75,0.85,180.25,0.0,0.0,420.0,740.0,
2024-05-30 13:00:00,13.5,122.0,2.3,4.6,4.35,13.32,1.6,0.34,,,,,,,,,61.0,1.62,207.5,0.0,0.0,387.5,739.0,
2024-05-30 14:00:00,17.75,90.5,3.0,4.77,5.0,16.42,2.33,0.87,,,,,,,,,63.25,2.25,215.5,0.0,0.0,332.0,739.0,
2024-05-30 15:00:00,17.75,93.0,3.35,5.55,5.7,14.6,1.7,0.58,,,,,,,,,64.75,2.1,214.0,0.0,0.0,250.75,739.0,
2024-05-30 16:00:00,21.75,95.5,1.52,7.08,5.03,14.0,2.85,0.69,,,,,,,,,66.25,1.78,216.5,0.0,0.0,152.25,738.75,
2024-05-30 17:00:00,28.0,122.75,4.82,21.2,15.18,15.92,4.8,1.15,,,,,,,,,70.0,1.62,216.75,0.0,0.0,59.25,738.75,
2024-05-30 18:00:00,32.5,119.75,2.8,14.8,10.15,15.18,4.32,1.18,0.69,,,,,,,,74.0,1.23,219.5,0.0,0.0,18.0,739.0,
2024-05-30 19:00:00,36.0,93.5,4.4,6.08,6.78,13.65,3.12,1.82,,,,,,,,,76.75,0.82,224.0,0.0,0.0,15.75,739.75,
2024-05-30 20:00:00,34.25,91.75,4.03,7.25,7.15,13.38,3.88,0.8,,,,,,,,,74.75,0.6,224.75,0.0,0.0,16.25,740.0,
2024-05-30 21:00:00,38.0,103.0,3.28,6.98,6.38,14.05,5.12,0.46,,,,,,,,,72.5,0.45,223.5,0.0,0.0,16.5,740.75,
2024-05-30 22:00:00,31.75,102.0,4.4,5.12,6.3,12.88,4.45,0.54,,,,,,,,,72.25,0.73,229.75,0.0,0.0,17.25,741.0,
2024-05-30 23:00:00,12.25,71.0,4.4,4.45,5.95,12.12,3.1,0.17,0.5,,,,,,,,73.75,0.48,227.75,0.0,0.0,17.5,740.5,
2024-05-31 00:00:00,9.75,62.5,4.03,4.97,5.9,11.95,1.45,0.64,1.1,,,,,,,,75.75,0.35,252.75,0.0,0.0,17.5,740.0,
2024-05-31 01:00:00,8.5,42.25,5.03,2.25,5.25,12.28,0.72,0.81,0.82,,,,,,,,77.0,0.4,226.25,0.0,0.0,17.25,739.75,
2024-05-31 02:00:00,7.75,32.5,4.7,2.3,5.03,13.15,1.48,0.66,,,,,,,,,78.75,0.57,231.0,0.0,0.0,17.0,739.0,
2024-05-31 03:00:00,10.0,36.0,3.48,3.68,4.75,14.1,1.78,1.11,,,,,,,,,78.0,0.4,272.5,0.0,0.0,16.5,739.0,
2024-05-31 04:00:00,11.75,33.5,3.85,3.48,4.97,12.3,4.25,0.69,0.64,,,,,,,,79.0,0.35,266.0,0.0,0.0,16.5,739.0,
2024-05-31 05:00:00,16.75,38.75,6.35,2.92,6.72,12.8,5.92,0.38,0.78,,,,,,,,78.75,0.35,287.5,0.0,0.0,18.0,740.0,
2024-05-31 06:00:00,19.25,60.5,5.9,6.2,8.12,11.88,2.92,0.75,1.33,,,,,,,,76.75,0.3,274.5,0.0,0.0,54.25,740.0,
2024-05-31 07:00:00,28.5,91.0,6.35,6.72,8.78,11.52,2.55,1.0,1.9,,,,,,,,70.75,0.3,273.75,0.0,0.0,141.0,741.0,
2024-05-31 08:00:00,26.25,92.0,4.4,6.75,7.18,10.6,3.47,2.27,0.71,,,,,,,,61.0,0.57,236.5,0.0,0.0,241.0,741.25,
2024-05-31 09:00:00,24.75,106.0,3.82,5.78,6.2,10.38,2.75,3.88,0.06,,,,,,,,56.25,1.0,141.25,0.0,0.0,330.5,741.5,
2024-05-31 10:00:00,26.75,113.5,4.47,4.5,6.0,12.5,4.4,1.98,,,,,,,,,54.25,0.95,122.5,0.0,0.0,390.25,741.0,
2024-05-31 11:00:00,26.75,117.75,2.47,5.17,4.73,12.53,8.57,1.3,,,,,,,,,58.0,0.82,197.5,0.0,0.0,419.0,741.0,
2024-05-31 12:00:00,27.25,115.5,2.63,4.57,4.57,15.03,5.6,0.28,,,,,,,,,60.75,1.15,199.0,0.0,0.0,423.5,740.0,
2024-05-31 13:00:00,22.25,107.75,3.08,3.3,4.28,11.98,3.98,1.01,,,,,,,,,61.75,1.12,204.0,0.0,0.0,388.75,739.5,
2024-05-31 14:00:00,22.5,94.75,2.15,4.35,4.08,11.95,4.35,2.41,,,,,,,,,63.5,2.02,212.25,0.0,0.0,325.75,739.0,
2024-05-31 15:00:00,21.0,85.5,2.55,5.55,5.03,10.9,3.9,0.32,,,,,,,,,65.0,1.55,210.0,0.0,0.0,240.0,739.0,
2024-05-31 16:00:00,20.75,89.0,1.82,6.5,4.92,10.82,2.9,0.95,6.07,,,,,,,,67.75,1.98,219.5,0.0,0.0,147.5,738.5,
2024-05-31 17:00:00,22.0,94.5,3.3,4.88,5.28,11.88,2.65,1.02,9.91,,,,,,,,70.0,1.62,221.0,0.0,0.0,61.5,739.0,
2024-05-31 18:00:00,29.25,95.0,2.22,5.8,4.85,13.0,3.05,0.43,9.68,,,,,,,,74.0,1.1,218.5,0.0,0.0,18.75,739.0,
2024-05-31 19:00:00,30.75,92.25,2.88,4.65,4.82,12.12,2.58,,10.82,,,,,,,,77.5,1.27,219.0,0.0,0.0,16.25,739.75,
2024-05-31 20:00:00,23.0,67.0,3.9,5.12,5.9,12.0,2.98,,11.63,,,,,,,,77.25,0.8,225.25,0.0,0.0,16.25,740.0,
2024-05-31 21:00:00,19.25,68.0,4.53,4.92,6.3,12.05,2.9,0.42,12.37,,,,,,,,77.75,1.15,228.5,0.0,0.0,16.25,740.5,
2024-05-31 22:00:00,14.5,59.25,4.6,3.6,5.65,11.9,3.02,0.6,13.18,,,,,,,,78.0,0.7,255.75,0.0,0.0,16.5,741.0,
2024-05-31 23:00:00,7.0,51.0,3.37,3.5,4.6,11.53,3.37,1.56,13.44,,,,,,,,78.0,0.63,246.67,0.0,0.0,18.0,741.0,
2024-06-01 00:00:00,9.25,41.75,4.2,2.85,4.92,11.35,1.88,2.34,13.5,,,,,,,,78.75,0.65,274.0,0.0,0.0,17.25,740.25,
2024-06-01 01:00:00,9.75,31.0,4.9,1.8,4.92,11.35,1.1,,13.65,,,,,,,,79.0,0.62,275.75,0.0,0.0,17.25,740.0,
2024-06-01 02:00:00,10.0,35.75,4.12,2.25,4.53,12.48,1.7,0.64,13.01,,,,,,,,78.75,0.4,259.0,0.0,0.0,16.5,739.25,
2024-06-01 03:00:00,13.5,32.75,3.85,3.72,5.15,12.22,2.15,0.21,14.53,,,,,,,,78.0,0.3,243.5,0.0,0.0,16.5,739.0,
2024-06-01 04:00:00,14.25,36.25,5.6,3.55,6.4,12.28,3.38,0.1,15.24,,,,,,,,78.0,0.35,250.5,0.0,0.0,16.25,739.0,
2024-06-01 05:00:00,11.75,37.25,5.65,2.88,6.1,13.38,4.5,,14.36,,,,,,,,78.0,0.38,277.5,0.0,0.0,17.0,740.0,
2024-06-01 06:00:00,13.75,37.0,5.25,4.15,6.48,12.12,4.4,0.98,15.79,,,,,,,,77.5,0.35,270.0,0.0,0.0,46.5,740.75,
2024-06-01 07:00:00,21.75,61.5,6.68,4.53,7.85,11.22,4.0,0.94,15.37,,,,,,,,74.75,0.5,293.25,0.0,0.0,124.25,741.0,
2024-06-01 08:00:00,22.25,62.0,5.35,4.35,6.68,11.02,4.82,,14.19,,,,,,,,70.5,0.43,271.0,0.0,0.0,198.5,742.0,
2024-06-01 09:00:00,26.5,68.75,5.03,4.2,6.32,10.42,3.62,,13.82,,,,,,,,66.25,0.57,257.5,0.0,0.0,257.75,742.0,
2024-06-01 10:00:00,29.0,95.75,3.35,4.97,5.38,12.05,4.72,,12.35,,,,,,,,66.5,0.92,210.0,0.0,0.0,377.25,741.75,
2024-06-01 11:00:00,31.75,91.5,1.68,6.15,4.62,12.8,5.05,,9.69,,,,,,,,65.5,1.18,204.0,0.0,0.0,407.0,741.0,
2024-06-01 12:00:00,28.75,103.25,3.0,6.0,5.62,13.72,4.28,0.62,3.68,,,,,,,,68.0,1.65,218.5,0.0,0.0,346.5,740.5,
2024-06-01 13:00:00,23.0,109.25,2.9,5.03,5.05,13.3,3.22,0.56,3.47,,,,,,,,67.75,1.82,217.5,0.0,0.0,370.25,739.75,
2024-06-01 14:00:00,26.5,91.5,2.12,5.2,4.5,13.4,4.68,0.81,3.51,,,,,,,,68.75,2.65,225.5,0.0,0.0,321.25,739.0,
2024-06-01 15:00:00,28.0,95.25,3.38,3.78,4.75,12.48,5.03,0.89,6.2,,,,,,,,71.25,2.02,219.25,0.0,0.0,235.5,739.0,
2024-06-01 16:00:00,25.25,79.5,2.45,2.78,3.45,13.12,3.12,0.55,7.28,,,,,,,,75.0,2.45,226.25,0.0,0.0,140.25,739.0,
2024-06-01 17:00:00,16.5,65.75,3.7,2.6,4.42,11.88,1.5,0.29,8.78,,,,,,,,78.5,1.7,217.5,0.0,0.0,60.25,739.75,
2024-06-01 18:00:00,13.5,62.25,4.25,2.58,4.8,12.3,3.5,0.61,10.45,,,,,,,,81.5,1.92,219.0,0.0,0.0,14.5,740.0,
2024-06-01 19:00:00,9.5,55.75,3.42,3.7,4.72,11.9,4.6,0.8,10.44,,,,,,,,82.0,1.72,224.75,0.0,0.0,11.5,740.0,
2024-06-01 20:00:00,12.25,59.75,3.4,2.53,4.08,11.7,3.45,0.6,9.92,,,,,,,,82.0,1.68,234.5,0.0,0.0,11.5,741.0,
2024-06-01 21:00:00,16.5,55.5,4.45,3.88,5.68,11.45,3.35,0.6,8.74,,,,,,,,81.0,0.95,252.0,0.0,0.0,12.25,741.25,
2024-06-01 22:00:00,16.75,52.5,2.35,2.72,3.32,11.68,3.95,0.7,8.38,,,,,,,,79.25,0.9,270.5,0.0,0.0,12.5,742.0,
2024-06-01 23:00:00,13.0,58.0,3.95,6.35,6.6,10.72,4.05,0.75,9.84,,,,,,,,75.0,0.42,215.25,0.0,0.0,9.0,741.5,
2024-06-02 00:00:00,13.75,85.75,4.85,6.42,7.35,10.95,3.85,0.68,8.6,,,,,,,,78.25,0.72,231.0,0.0,0.0,11.5,741.0,
2024-06-02 01:00:00,17.25,82.5,4.18,5.42,6.32,10.58,3.98,0.73,7.99,,,,,,,,75.0,0.6,256.75,0.0,0.0,11.75,740.75,
2024-06-02 02:00:00,22.25,115.5,3.08,8.68,7.12,11.18,3.32,0.58,9.26,,,,,,,,73.0,0.3,249.0,0.0,0.0,14.5,740.5,
2024-06-02 03:00:00,25.25,169.5,4.38,7.05,7.35,11.6,3.52,0.67,10.25,,,,,,,,72.25,0.3,287.5,0.0,0.0,14.75,740.0,
2024-06-02 04:00:00,21.0,106.25,4.45,4.65,6.1,11.95,2.15,0.38,9.32,,,,,,,,72.0,0.3,234.75,0.0,0.0,15.0,740.0,
2024-06-02 05:00:00,15.25,44.0,5.22,4.78,6.75,11.15,1.82,0.31,8.82,,,,,,,,72.5,0.45,227.5,0.0,0.0,16.0,741.25,
2024-06-02 06:00:00,17.0,60.25,4.97,3.6,5.95,11.12,3.48,0.61,10.11,,,,,,,,72.25,0.35,279.25,0.0,0.0,51.25,742.0,
2024-06-02 07:00:00,17.25,55.25,5.15,3.12,5.85,9.7,4.32,0.76,10.09,,,,,,,,70.5,0.45,290.0,0.0,0.0,153.5,743.0,
2024-06-02 08:00:00,11.0,54.5,4.52,4.88,6.22,9.77,5.32,0.93,9.19,,,,,,,,66.75,0.62,252.5,0.0,0.0,197.75,743.0,
2024-06-02 09:00:00,17.25,52.75,4.08,5.88,6.45,9.8,5.42,0.9,8.3,,,,,,,,62.75,0.45,216.75,0.0,0.0,314.75,743.0,
2024-06-02 10:00:00,20.25,65.0,3.9,5.75,6.25,11.1,6.42,1.12,4.66,,,,,,,,59.5,0.43,258.5,0.0,0.0,372.0,743.0,
2024-06-02 11:00:00,27.25,74.0,3.25,4.42,5.0,11.95,6.15,1.07,3.24,,,,,,,,60.75,0.88,218.75,0.0,0.0,408.5,742.25,
2024-06-02 12:00:00,28.25,70.5,2.22,4.9,4.45,12.05,3.0,0.52,1.87,,,,,,,,60.75,0.85,210.25,0.0,0.0,405.25,741.75,
2024-06-02 13:00:00,24.75,76.75,2.9,3.85,4.42,11.5,1.22,0.28,3.8,,,,,,,,63.0,1.35,219.25,0.0,0.0,372.75,741.0,
2024-06-02 14:00:00,11.75,46.0,3.35,3.28,4.47,11.15,2.38,0.41,2.39,,,,,,,,66.75,2.48,226.0,0.0,0.0,310.0,741.0,
2024-06-02 15:00:00,12.25,46.5,2.98,2.68,3.85,10.75,2.5,0.45,6.3,,,,,,,,66.75,1.25,223.75,0.0,0.0,195.75,741.0,
2024-06-02 16:00:00,15.75,56.25,3.92,3.72,5.18,11.12,2.58,0.45,4.94,,,,,,,,72.25,1.5,218.5,0.0,0.0,129.5,740.75,
2024-06-02 17:00:00,17.0,78.75,3.32,3.22,4.42,12.5,3.25,0.55,3.5,,,,,,,,73.25,0.98,219.75,0.0,0.0,54.25,741.0,
2024-06-02 18:00:00,25.0,67.75,3.03,2.98,4.05,11.82,1.88,0.33,4.46,,,,,,,,75.25,1.0,218.75,0.0,0.0,18.0,741.75,
2024-06-02 19:00:00,29.0,54.5,3.42,3.62,4.72,12.02,1.58,0.23,5.35,,,,,,,,77.0,0.92,221.75,0.0,0.0,15.5,742.0,
2024-06-02 20:00:00,19.75,48.5,3.9,3.38,4.95,11.38,2.2,0.38,6.39,,,,,,,,77.0,1.12,224.75,0.0,0.0,15.5,742.0,
2024-06-02 21:00:00,10.5,36.75,3.58,2.72,4.35,11.35,2.12,0.41,5.4,,,,,,,,75.75,0.72,214.0,0.0,0.0,15.5,743.0,
2024-06-02 22:00:00,12.75,40.75,2.88,3.82,4.38,11.48,1.9,0.34,4.44,,,,,,,,76.25,1.02,217.25,0.0,0.0,15.5,743.0,
2024-06-02 23:00:00,13.5,37.75,3.32,3.32,4.47,11.08,1.68,0.28,5.82,,,,,,,,79.0,1.67,226.25,0.0,0.0,16.0,743.0,
2024-06-03 00:00:00,10.0,35.25,4.05,1.8,3.98,10.28,1.32,0.23,5.48,,,,,,,,79.5,0.48,272.25,0.0,0.0,15.5,742.25,
2024-06-03 01:00:00,13.5,22.75,4.03,2.28,4.47,10.55,0.78,0.07,7.39,,,,,,,,81.0,0.82,289.0,0.0,0.0,11.5,741.25,
2024-06-03 02:00:00,14.0,25.5,3.9,2.02,4.25,10.82,2.85,0.5,7.98,,,,,,,,82.25,0.72,279.0,0.0,0.0,14.5,740.75,
2024-06-03 03:00:00,12.75,19.5,2.85,3.62,4.25,12.8,3.25,0.53,7.66,,,,,,,,81.25,0.35,304.0,0.0,0.0,14.75,740.25,
2024-06-03 04:00:00,20.25,27.75,4.7,8.72,8.5,12.15,2.75,0.48,11.86,,,,,,,,82.0,0.3,176.75,0.0,0.0,14.5,741.0,
2024-06-03 05:00:00,24.5,37.5,5.15,7.65,8.25,12.38,1.9,0.35,12.7,,,,,,,,80.25,0.3,197.5,0.0,0.0,16.5,741.5,
2024-06-03 06:00:00,16.75,34.0,6.4,10.35,10.7,12.05,0.75,0.13,13.03,,,,,,,,77.5,0.3,315.25,0.0,0.0,58.5,742.0,
2024-06-03 07:00:00,18.75,36.0,6.6,7.78,9.52,11.0,0.5,0.09,11.6,,,,,,,,72.75,0.3,102.0,0.0,0.0,90.5,743.0,
2024-06-03 08:00:00,24.75,36.75,5.92,4.82,7.42,10.98,0.98,0.17,9.88,,,,,,,,69.75,0.45,213.75,0.0,0.0,197.5,743.0,
2024-06-03 09:00:00,20.0,56.75,4.82,6.6,7.42,11.02,0.82,0.17,7.3,,,,,,,,67.5,1.3,116.5,0.0,0.0,201.5,744.0,
2024-06-03 10:00:00,24.0,81.25,3.92,6.55,6.72,10.7,2.85,0.5,6.53,,,,,,,,66.25,1.1,118.75,0.0,0.0,309.75,743.75,
2024-06-03 11:00:00,17.5,75.5,1.88,6.9,5.18,11.88,2.95,0.56,1.1,,,,,,,,63.75,1.4,122.75,0.0,0.0,332.25,743.0,
2024-06-03 12:00:00,19.0,73.75,2.25,7.38,5.78,12.22,2.52,0.44,5.02,,,,,,,,62.0,1.27,120.0,0.0,0.0,326.75,743.0,
2024-06-03 13:00:00,28.0,73.75,2.02,6.65,5.2,11.52,1.9,0.34,6.88,,,,,,,,63.5,0.73,153.5,0.0,0.0,207.5,742.5,
2024-06-03 14:00:00,28.25,74.0,2.33,9.45,6.25,13.58,2.72,0.47,8.08,,,,,,,,63.75,0.62,158.75,0.0,0.0,158.0,741.75,
2024-06-03 15:00:00,25.75,70.5,2.6,6.95,5.82,10.9,3.2,0.55,6.86,,,,,,,,64.0,0.68,146.0,0.0,0.0,138.0,741.0,
2024-06-03 16:00:00,14.5,78.0,2.08,7.12,5.45,10.58,3.55,0.62,6.22,,,,,,,,69.0,0.45,176.75,0.0,0.0,92.75,741.0,
2024-06-03 17:00:00,9.25,49.0,2.1,9.62,6.82,11.55,2.72,0.49,6.35,,,,,,,,71.25,0.32,172.0,0.0,0.0,51.25,741.0,
2024-06-03 18:00:00,6.5,46.75,2.6,5.3,4.9,11.2,1.32,0.23,8.79,,,,,,,,73.25,0.32,202.5,0.0,0.0,20.5,742.0,
2024-06-03 19:00:00,5.25,40.0,3.58,4.5,5.32,11.42,0.98,0.19,9.67,,,,,,,,74.25,0.3,202.5,0.0,0.0,16.25,742.0,
2024-06-03 20:00:00,7.0,40.5,4.22,4.38,5.75,10.98,1.62,0.28,9.88,,,,,,,,75.5,0.3,213.0,0.0,0.0,16.5,742.25,
2024-06-03 21:00:00,9.0,43.5,4.28,5.0,6.12,11.9,3.35,0.57,10.79,,,,,,,,76.0,0.3,254.75,0.0,0.0,16.5,743.0,
2024-06-03 22:00:00,5.75,45.75,4.25,6.72,7.02,11.62,1.1,0.19,12.24,,,,,,,,76.0,0.3,284.75,0.0,0.0,16.5,742.75,
2024-06-03 23:00:00,6.0,44.5,4.75,5.6,6.82,11.85,0.13,0.02,11.08,,,,,,,,76.25,0.3,221.75,0.0,0.0,16.5,743.0,
2024-06-04 00:00:00,9.25,54.25,4.65,3.42,5.62,11.88,0.78,0.13,10.15,,,,,,,,78.5,0.3,229.75,0.0,0.0,16.5,742.75,
2024-06-04 01:00:00,10.0,34.0,4.0,4.58,5.7,12.15,1.92,0.3,12.08,,,,,,,,79.25,0.3,302.25,0.0,0.0,16.5,742.0,
2024-06-04 02:00:00,10.0,35.25,4.0,4.82,5.8,12.55,2.62,0.46,11.5,,,,,,,,79.5,0.3,252.5,0.0,0.0,16.5,742.0,
2024-06-04 03:00:00,10.75,37.5,3.58,3.05,4.53,13.55,2.15,0.33,12.49,,,,,,,,80.75,0.3,296.75,0.0,0.0,16.25,742.0,
2024-06-04 04:00:00,15.5,34.5,4.47,3.82,5.68,12.65,1.72,0.3,13.46,,,,,,,,82.0,0.3,297.5,0.0,0.0,16.0,742.0,
2024-06-04 05:00:00,24.25,41.5,3.65,3.5,4.82,12.5,0.6,0.11,12.34,,,,,,,,79.75,0.45,289.0,0.0,0.0,17.25,742.0,
2024-06-04 06:00:00,28.25,48.25,4.5,2.55,5.0,12.12,1.4,0.24,11.32,,,,,,,,77.75,0.4,291.25,0.0,0.0,53.75,743.0,
2024-06-04 07:00:00,27.33,48.75,4.28,3.62,5.42,13.1,2.08,0.37,11.37,,,,,,,,76.0,0.42,288.25,0.0,0.0,127.25,743.0,
2024-06-04 08:00:00,24.5,60.75,4.95,4.25,6.28,12.85,3.6,0.63,13.66,,,,,,,,72.25,0.72,294.25,0.0,0.0,209.5,744.0,
2024-06-04 09:00:00,25.5,71.5,4.82,3.3,5.68,13.18,7.02,1.23,13.59,,,,,,,,68.5,0.92,293.5,0.0,0.0,288.75,744.0,
2024-06-04 10:00:00,24.5,73.0,3.8,4.0,5.22,13.02,3.35,0.58,13.42,,,,,,,,65.0,0.75,270.75,0.0,0.0,354.25,743.75,
2024-06-04 11:00:00,24.75,79.75,3.28,3.3,4.4,15.4,3.03,0.55,12.62,,,,,,,,62.75,0.8,254.75,0.0,0.0,394.0,743.25,
2024-06-04 12:00:00,23.5,78.75,2.82,4.85,4.9,13.48,4.78,0.84,11.38,,,,,,,,68.25,1.68,224.75,0.0,0.0,306.75,743.0,
2024-06-04 13:00:00,31.75,96.75,3.02,5.15,5.15,14.22,5.62,1.0,10.0,,,,,,,,69.5,2.72,234.5,0.0,0.0,367.5,742.25,
2024-06-04 14:00:00,32.75,96.5,3.1,4.53,4.95,14.32,2.38,0.42,10.21,,,,,,,,68.75,2.82,237.0,0.0,0.0,331.5,741.75,
2024-06-04 15:00:00,29.0,89.0,2.78,4.1,4.45,13.15,2.1,0.39,10.49,,,,,,,,71.0,2.38,227.75,0.0,0.0,135.5,741.0,
2024-06-04 16:00:00,28.5,85.0,4.08,3.35,5.12,11.38,3.05,0.53,10.92,,,,,,,,72.25,1.98,222.5,0.0,0.0,107.25,741.0,
2024-06-04 17:00:00,25.5,78.0,3.3,4.03,4.8,10.78,2.98,0.53,10.9,,,,,,,,75.0,2.8,155.75,0.5,0.5,18.75,741.75,
2024-06-04 18:00:00,17.5,76.25,3.22,6.8,6.25,11.1,0.9,0.16,12.29,,,,,,,,85.5,1.02,222.0,2.0,2.0,8.25,741.75,
2024-06-04 19:00:00,7.0,26.0,3.55,9.0,7.68,12.12,0.4,0.06,12.6,,,,,,,,84.5,0.3,287.0,0.0,0.0,10.75,742.0,
2024-06-04 20:00:00,22.0,50.0,4.35,8.43,8.0,11.85,1.0,0.18,12.17,,,,,,,,82.5,0.3,251.0,0.0,0.0,13.25,742.5,
2024-06-04 21:00:00,22.25,53.25,5.5,10.15,9.88,11.62,0.67,0.11,14.12,,,,,,,,80.0,0.32,224.75,0.0,0.0,13.75,743.0,
2024-06-04 22:00:00,21.5,59.75,5.82,6.52,8.2,11.82,3.78,0.66,14.02,,,,,,,,81.0,0.48,243.0,0.0,0.0,14.25,743.0,
2024-06-04 23:00:00,16.0,46.25,6.2,4.38,7.38,11.48,4.82,0.88,14.51,,,,,,,,81.25,0.35,247.25,0.0,0.0,14.25,743.0,
2024-06-05 00:00:00,12.5,32.75,6.48,3.88,7.35,11.62,3.72,0.65,15.17,,,,,,,,81.75,0.4,245.0,0.0,0.0,14.5,743.0,
2024-06-05 01:00:00,10.75,25.25,6.95,2.47,6.98,11.68,4.03,0.67,14.12,,,,,,,,80.5,0.72,270.0,0.0,0.0,14.5,742.5,
2024-06-05 02:00:00,10.5,25.5,7.12,2.82,7.3,12.35,4.92,0.86,15.2,,,,,,,,80.0,1.05,307.0,0.0,0.0,14.5,742.0,
2024-06-05 03:00:00,12.75,32.5,6.0,3.32,6.65,12.9,4.88,0.81,17.02,,,,,,,,81.0,0.45,309.0,0.0,0.0,14.5,742.0,
2024-06-05 04:00:00,16.5,31.0,7.58,3.68,8.1,12.15,2.15,0.38,14.78,,,,,,,,82.0,0.43,300.25,0.0,0.0,14.5,742.0,
2024-06-05 05:00:00,18.5,31.5,7.12,3.62,7.72,12.62,,,16.82,,,,,,,,81.25,0.35,282.0,0.0,0.0,15.5,742.25,
2024-06-05 06:00:00,12.25,31.75,7.5,3.85,8.15,12.22,1.1,0.18,15.32,,,,,,,,78.0,0.45,292.25,0.0,0.0,47.0,743.0,
2024-06-05 07:00:00,16.0,32.0,7.0,4.3,8.0,11.82,1.98,0.34,15.9,,,,,,,,75.75,0.52,290.0,0.0,0.0,111.75,743.5,
2024-06-05 08:00:00,16.5,42.75,7.15,4.68,8.32,11.58,3.25,0.56,13.73,,,,,,,,72.0,0.48,295.75,0.0,0.0,226.75,744.0,
2024-06-05 09:00:00,17.25,43.5,6.35,4.35,7.48,11.98,3.75,0.65,13.11,,,,,,,,67.25,0.57,299.25,0.0,0.0,361.0,744.0,
2024-06-05 10:00:00,15.25,57.0,6.22,5.68,8.12,11.55,3.52,0.62,12.12,,,,,,,,62.75,0.35,267.0,0.0,0.0,414.25,744.0,
2024-06-05 11:00:00,17.5,63.0,4.03,6.02,6.48,12.7,3.2,0.56,7.17,,,,,,,,62.0,0.5,303.0,0.0,0.0,417.5,743.75,
2024-06-05 12:00:00,20.75,79.0,2.6,6.82,5.75,12.92,2.8,0.49,7.69,,,,,,,,60.75,0.78,263.0,0.0,0.0,428.5,743.0,
2024-06-05 13:00:00,18.25,72.25,3.1,5.15,5.25,12.98,2.8,0.48,10.74,,,,,,,,66.75,2.22,240.75,0.0,0.0,421.5,742.5,
2024-06-05 14:00:00,22.0,73.75,3.28,5.32,5.48,12.1,2.4,0.42,10.74,,,,,,,,71.0,2.4,242.25,0.0,0.0,225.75,741.75,
2024-06-05 15:00:00,21.5,72.5,3.32,5.8,5.8,10.7,2.72,0.46,10.59,,,,,,,,78.25,1.08,215.75,2.0,2.0,18.75,742.0,
2024-06-05 16:00:00,20.0,35.0,2.17,4.82,4.35,9.28,3.82,0.67,11.39,,,,,,,,86.75,0.32,222.75,1.75,1.75,9.75,742.0,
2024-06-05 17:00:00,12.0,26.0,2.25,13.55,9.02,9.95,5.32,0.92,11.36,,,,,,,,86.0,0.3,207.25,0.0,0.0,10.0,742.0,
2024-06-05 18:00:00,12.0,22.75,3.15,10.2,7.98,10.25,5.22,0.92,14.81,,,,,,,,85.5,0.3,269.25,0.0,0.0,9.25,742.0,
2024-06-05 19:00:00,11.75,13.0,4.75,9.0,8.68,11.4,4.75,0.83,13.55,,,,,,,,85.0,0.3,312.25,0.0,0.0,9.25,742.0,
2024-06-05 20:00:00,11.25,13.0,5.82,11.68,10.95,11.68,3.92,0.68,16.11,,,,,,,,84.25,0.32,245.75,0.0,0.0,11.0,743.0,
2024-06-05 21:00:00,12.0,19.75,5.58,12.48,11.2,11.88,3.1,0.53,15.78,,,,,,,,81.5,0.35,251.25,0.0,0.0,12.25,743.0,
2024-06-05 22:00:00,11.25,35.25,6.15,6.88,8.68,12.58,1.25,0.22,14.98,,,,,,,,83.0,0.42,260.5,0.0,0.0,12.5,743.0,
2024-06-05 23:00:00,7.75,19.5,6.78,4.88,8.1,12.2,1.38,0.25,14.87,,,,,,,,82.0,0.4,271.25,0.0,0.0,13.0,743.0,
2024-06-06 00:00:00,3.5,13.5,7.8,3.78,8.35,11.78,0.43,0.08,15.14,,,,,,,,82.0,0.3,321.0,0.0,0.0,13.5,743.0,
2024-06-06 01:00:00,2.75,10.75,6.68,4.08,7.58,11.32,0.67,0.12,15.01,,,,,,,,82.75,0.35,310.75,0.0,0.0,13.5,743.0,
2024-06-06 02:00:00,6.5,18.0,6.18,3.45,6.88,11.65,0.77,0.13,14.94,,,,,,,,83.5,0.38,317.0,0.0,0.0,13.5,742.75,
2024-06-06 03:00:00,11.0,23.5,6.0,4.78,7.4,12.6,0.7,0.08,15.3,,,,,,,,84.5,0.3,319.5,0.0,0.0,13.5,742.0,
2024-06-06 04:00:00,12.25,24.5,6.8,4.6,7.95,13.42,1.1,0.19,14.98,,,,,,,,85.0,0.3,268.5,0.0,0.0,13.5,742.0,
2024-06-06 05:00:00,15.0,29.75,7.85,3.02,8.0,13.75,1.38,0.19,15.61,,,,,,,,84.5,0.3,279.0,0.0,0.0,13.75,743.0,
2024-06-06 06:00:00,11.75,23.0,8.22,4.03,8.82,13.82,1.8,0.32,16.18,,,,,,,,84.25,0.32,301.75,0.0,0.0,29.5,743.5,
2024-06-06 07:00:00,12.25,24.25,7.95,3.32,8.25,13.42,1.55,0.27,15.33,,,,,,,,83.5,0.38,291.25,0.0,0.0,42.75,744.0,
2024-06-06 08:00:00,14.25,25.5,8.07,3.92,8.6,12.1,0.6,0.1,14.52,,,,,,,,81.0,0.32,308.5,0.0,0.0,79.25,744.0,
2024-06-06 09:00:00,8.25,21.75,8.88,6.82,10.82,11.92,0.2,0.05,15.7,,,,,,,,77.0,0.3,305.5,0.0,0.0,129.75,744.0,
2024-06-06 10:00:00,7.5,36.25,8.25,6.2,10.0,12.48,1.32,0.25,15.35,,,,,,,,74.25,0.3,295.0,0.0,0.0,202.25,744.0,
2024-06-06 11:00:00,10.75,44.25,4.42,7.92,7.8,12.2,0.98,0.77,13.42,,,,,,,,71.5,0.38,289.75,0.0,0.0,245.0,744.0,
2024-06-06 12:00:00,7.0,40.5,1.83,6.7,5.03,12.55,3.25,0.9,12.48,,,,,,,,68.25,0.35,290.0,0.0,0.0,238.0,744.0,
2024-06-06 13:00:00,6.5,39.75,2.25,5.55,4.78,11.58,4.25,1.44,12.04,,,,,,,,64.75,0.3,256.25,0.0,0.0,306.5,743.25,
2024-06-06 14:00:00,6.5,33.25,2.78,5.1,4.95,11.38,2.05,0.8,8.42,,,,,,,,64.25,0.3,240.75,0.0,0.0,234.0,743.0,
2024-06-06 15:00:00,16.75,68.0,2.17,5.98,4.95,11.75,1.75,0.56,11.88,,,,,,,,72.5,1.25,210.25,0.0,0.0,217.75,742.5,
2024-06-06 16:00:00,32.5,83.25,2.62,5.32,4.98,12.45,3.3,0.65,10.43,,,,,,,,77.5,1.15,213.75,0.0,0.0,123.0,742.0,
2024-06-06 17:00:00,29.25,70.25,2.05,5.52,4.57,13.12,3.65,0.7,11.21,,,,,,,,79.25,1.38,220.75,0.0,0.0,47.25,742.0,
2024-06-06 18:00:00,28.75,77.25,3.68,5.43,5.88,12.82,3.05,0.73,12.26,,,,,,,,81.25,1.15,225.25,0.0,0.0,12.5,742.25,
2024-06-06 19:00:00,15.25,56.5,4.2,4.97,6.07,12.92,3.45,0.74,15.24,,,,,,,,80.25,0.78,250.5,0.0,0.0,10.25,743.0,
2024-06-06 20:00:00,11.25,37.25,4.12,5.55,6.3,10.8,1.52,0.62,13.83,,,,,,,,84.25,0.45,268.5,0.25,0.25,5.0,743.25,
2024-06-06 21:00:00,6.0,8.75,3.52,4.8,5.38,12.18,0.5,0.72,12.46,,,,,,,,85.5,0.38,263.25,0.0,0.0,4.25,744.0,
2024-06-06 22:00:00,,2.0,4.12,4.95,5.92,11.65,0.5,0.56,12.05,,,,,,,,87.0,0.3,312.5,0.0,0.0,3.75,743.75,
2024-06-06 23:00:00,,,4.15,6.6,6.92,12.32,0.6,0.56,13.7,,,,,,,,87.5,0.3,305.75,0.0,0.0,4.0,743.0,
2024-06-07 00:00:00,,,4.85,5.38,6.78,15.25,1.58,0.69,12.6,,,,,,,,86.25,0.43,293.25,0.0,0.0,4.0,743.0,
2024-06-07 01:00:00,7.0,,5.32,4.22,6.55,15.52,2.1,0.68,13.98,,,,,,,,86.5,0.38,298.25,0.0,0.0,4.75,743.0,
2024-06-07 02:00:00,7.0,,5.65,5.38,7.45,15.82,1.05,0.69,16.5,,,,,,,,87.75,0.3,295.75,0.0,0.0,4.0,742.25,
2024-06-07 03:00:00,7.0,,5.4,4.78,6.92,16.35,,0.66,15.46,,,,,,,,88.0,0.3,289.5,0.0,0.0,4.0,741.75,
2024-06-07 04:00:00,2.0,7.0,6.28,6.0,8.32,13.75,2.65,0.52,15.84,,,,,,,,88.0,0.3,251.0,0.0,0.0,4.25,741.25,
2024-06-07 05:00:00,2.5,7.75,7.0,5.72,8.77,12.5,3.28,0.43,14.62,,,,,,,,87.75,0.3,236.5,0.0,0.0,6.0,742.0,
2024-06-07 06:00:00,4.0,10.0,8.62,11.05,12.85,11.95,3.2,0.6,16.56,,,,,,,,87.0,0.3,222.0,0.0,0.0,15.5,743.0,
2024-06-07 07:00:00,,,8.8,7.28,11.0,11.95,3.3,0.67,14.91,,,,,,,,86.75,0.3,245.0,0.0,0.0,35.25,743.0,
2024-06-07 08:00:00,16.0,21.0,10.38,6.22,11.72,14.25,3.35,0.81,16.58,,,,,,,,86.0,0.3,288.75,0.0,0.0,75.25,743.0,
2024-06-07 09:00:00,13.75,19.75,12.12,5.08,12.58,14.88,2.95,0.9,17.1,,,,,,,,82.75,0.38,294.25,0.0,0.0,168.5,744.0,
2024-06-07 10:00:00,7.0,18.0,9.93,3.92,10.18,14.88,1.75,0.67,15.19,,,,,,,,79.75,0.68,277.5,0.0,0.0,124.75,743.5,
2024-06-07 11:00:00,9.5,25.75,7.35,5.65,9.0,15.2,1.88,0.57,15.27,,,,,,,,77.0,0.5,279.75,0.0,0.0,144.0,743.0,
2024-06-07 12:00:00,15.75,31.0,6.8,5.92,8.7,13.45,4.18,0.59,14.84,,,,,,,,75.25,0.48,277.25,0.0,0.0,191.75,743.0,
2024-06-07 13:00:00,13.0,33.75,4.25,5.95,6.6,12.5,3.58,0.52,12.81,,,,,,,,73.0,0.62,264.5,0.0,0.0,235.25,743.0,
2024-06-07 14:00:00,14.25,39.25,3.35,5.3,5.52,12.55,2.78,0.54,11.5,,,,,,,,68.75,0.65,264.25,0.0,0.0,307.5,742.25,
2024-06-07 15:00:00,8.0,34.25,3.68,6.85,6.65,11.85,2.32,0.5,11.42,,,,,,,,67.5,0.62,250.25,0.0,0.0,201.5,742.0,
2024-06-07 16:00:00,6.5,43.75,3.6,5.85,6.02,13.08,2.22,0.63,11.95,,,,,,,,74.25,1.0,215.0,0.0,0.0,139.0,741.75,
2024-06-07 17:00:00,11.5,42.0,4.03,6.5,6.75,12.55,2.33,0.55,10.47,,,,,,,,77.0,1.45,232.5,0.0,0.0,53.75,741.0,
2024-06-07 18:00:00,12.0,42.5,3.45,7.62,6.88,12.62,3.05,0.62,12.89,,,,,,,,80.5,0.98,235.75,0.0,0.0,15.5,741.75,
2024-06-07 19:00:00,10.75,51.75,3.32,7.1,6.45,12.85,2.52,0.64,12.41,,,,,,,,82.0,0.62,239.0,0.0,0.0,8.0,742.0,
2024-06-07 20:00:00,13.75,46.75,4.68,5.12,6.52,13.95,3.6,0.64,16.42,,,,,,,,83.0,0.52,242.75,0.0,0.0,10.0,742.25,
2024-06-07 21:00:00,6.5,40.75,5.32,4.35,6.62,11.32,2.88,0.63,9.03,,,,,,,,83.0,0.62,243.25,0.0,0.0,9.75,743.0,
2024-06-07 22:00:00,5.0,33.5,6.3,3.62,7.0,11.72,1.92,0.71,17.3,,,,,,,,82.25,0.92,262.0,0.0,0.0,9.75,743.0,
2024-06-07 23:00:00,4.25,29.5,6.43,1.85,6.25,11.75,1.6,0.8,18.28,,,,,,,,82.0,0.57,280.75,0.0,0.0,9.75,743.0,
2024-06-08 00:00:00,2.5,23.25,6.4,2.92,6.75,12.18,0.97,0.67,31.24,,,,,,,,79.0,1.2,92.0,0.0,0.0,10.5,742.75,
2024-06-08 01:00:00,4.75,25.25,5.48,6.12,7.68,12.52,0.5,0.65,28.29,,,,,,,,81.0,0.3,261.0,0.0,0.0,10.0,742.0,
2024-06-08 02:00:00,6.75,20.0,5.62,4.62,7.02,13.2,1.5,0.56,28.19,,,,,,,,80.25,0.3,295.5,0.0,0.0,10.0,742.0,
2024-06-08 03:00:00,5.0,16.25,6.15,3.22,6.72,13.25,1.9,0.45,13.3,,,,,,,,77.25,0.32,287.5,0.0,0.0,10.25,742.0,
2024-06-08 04:00:00,2.0,4.25,5.62,5.0,7.28,12.6,3.28,0.57,157.54,,,,,,,,77.25,0.32,281.75,0.0,0.0,9.75,742.0,
2024-06-08 05:00:00,,3.0,5.5,4.88,7.05,10.98,4.38,0.49,62.88,,,,,,,,79.0,0.3,297.5,0.0,0.0,11.0,742.0,
2024-06-08 06:00:00,,8.75,6.05,2.92,6.48,10.4,4.6,0.61,95.9,,,,,,,,80.5,0.4,300.75,0.0,0.0,34.25,742.5,
2024-06-08 07:00:00,5.0,18.25,6.9,2.58,7.0,10.45,3.88,0.55,,,,,,,,,80.75,0.42,305.5,0.0,0.0,79.25,743.0,
2024-06-08 08:00:00,6.75,25.25,7.9,3.45,8.25,11.85,3.4,0.67,114.23,,,,,,,,79.5,1.12,303.5,0.0,0.0,131.5,743.0,
2024-06-08 09:00:00,12.0,36.75,7.65,3.6,8.15,13.25,4.25,1.48,105.56,,,,,,,,76.75,0.75,309.75,0.0,0.0,177.0,743.0,
2024-06-08 10:00:00,13.0,45.5,7.05,4.03,7.85,13.42,5.48,0.46,70.08,,,,,,,,72.75,0.62,297.0,0.0,0.0,271.25,743.0,
2024-06-08 11:00:00,14.25,54.75,7.0,2.65,7.08,13.1,6.82,0.56,126.5,,,,,,,,68.75,0.8,281.75,0.0,0.0,371.75,743.0,
2024-06-08 12:00:00,9.0,48.0,4.6,5.05,6.4,12.95,5.12,0.44,13.71,,,,,,,,65.25,1.05,294.25,0.0,0.0,453.5,743.0,
2024-06-08 13:00:00,8.0,39.75,4.28,4.72,6.02,10.4,2.5,0.46,13.7,,,,,,,,63.75,1.02,289.5,0.0,0.0,315.75,742.75,
2024-06-08 14:00:00,9.0,51.0,3.3,5.72,5.72,9.35,4.53,0.69,11.99,,,,,,,,67.75,1.0,262.0,0.0,0.0,166.25,741.75,
2024-06-08 15:00:00,21.25,76.25,3.35,5.75,5.78,11.02,5.85,0.97,11.9,,,,,,,,71.0,0.98,257.25,0.0,0.0,176.25,741.0,
2024-06-08 16:00:00,20.75,70.75,3.68,5.15,5.68,11.5,4.9,0.7,12.05,,,,,,,,72.0,1.18,255.25,0.0,0.0,94.5,741.0,
2024-06-08 17:00:00,14.5,67.25,4.18,3.82,5.42,11.92,5.22,0.61,13.83,,,,,,,,76.0,1.12,262.0,0.0,0.0,51.75,741.0,
2024-06-08 18:00:00,7.0,57.5,4.12,4.6,5.82,11.4,5.22,0.8,14.26,,,,,,,,78.75,1.23,257.0,0.0,0.0,14.75,741.0,
2024-06-08 19:00:00,8.25,57.5,5.08,3.9,6.22,11.78,4.9,0.7,15.5,,,,,,,,80.0,1.15,266.0,0.0,0.0,10.75,741.5,
2024-06-08 20:00:00,11.5,65.75,5.65,4.62,7.05,11.62,2.2,0.82,15.57,,,,,,,,79.0,0.9,283.75,0.0,0.0,10.25,742.0,
2024-06-08 21:00:00,9.0,46.75,5.25,2.85,5.75,10.8,0.82,0.71,15.68,,,,,,,,79.75,0.8,290.75,0.0,0.0,10.5,743.0,
2024-06-08 22:00:00,5.0,35.75,4.72,2.5,5.15,10.35,0.68,0.73,14.68,,,,,,,,77.75,0.98,298.5,0.0,0.0,10.5,743.0,
2024-06-08 23:00:00,2.0,28.25,5.98,2.15,5.98,10.18,1.08,0.71,13.94,,,,,,,,76.75,1.0,293.5,0.0,0.0,10.5,742.5,
2024-06-09 00:00:00,1.0,17.25,5.1,1.75,5.08,11.28,3.4,0.48,14.17,,,,,,,,79.0,1.12,310.0,0.0,0.0,10.75,742.0,
2024-06-09 01:00:00,3.0,25.0,5.68,1.88,5.58,11.95,4.42,0.51,15.3,,,,,,,,79.0,0.72,300.75,0.0,0.0,10.75,741.75,
2024-06-09 02:00:00,9.5,39.0,6.05,1.67,5.78,12.25,3.5,0.64,15.57,,,,,,,,80.0,0.62,297.0,0.0,0.0,10.75,741.0,
2024-06-09 03:00:00,11.0,18.0,4.47,2.17,4.8,11.88,3.5,0.93,16.31,,,,,,,,81.25,0.8,311.0,0.0,0.0,10.75,741.5,
2024-06-09 04:00:00,5.0,16.0,5.35,1.95,5.35,12.2,3.98,0.75,16.95,,,,,,,,82.0,0.48,307.5,0.0,0.0,10.25,741.25,
2024-06-09 05:00:00,5.25,18.5,6.38,2.72,6.6,10.8,4.0,0.96,16.27,,,,,,,,83.0,0.5,304.25,0.0,0.0,11.75,741.25,
2024-06-09 06:00:00,6.25,26.75,7.62,1.8,7.18,10.3,3.95,0.46,16.56,,,,,,,,82.0,0.5,307.25,0.0,0.0,51.5,742.0,
2024-06-09 07:00:00,6.75,33.0,5.75,3.5,6.52,9.88,4.4,0.36,17.23,,,,,,,,75.25,0.38,294.5,0.0,0.0,167.0,742.75,
2024-06-09 08:00:00,9.5,45.25,5.82,3.52,6.62,10.65,4.75,0.82,14.58,,,,,,,,69.75,0.52,300.75,0.0,0.0,257.25,743.0,
2024-06-09 09:00:00,17.5,45.75,4.88,4.3,6.28,12.22,5.52,0.94,14.41,,,,,,,,65.5,0.95,303.25,0.0,0.0,311.0,743.25,
2024-06-09 10:00:00,10.25,41.0,5.15,2.72,5.65,11.52,4.28,0.54,13.34,,,,,,,,62.75,0.78,302.25,0.0,0.0,320.5,743.0,
2024-06-09 11:00:00,9.75,28.75,4.6,3.1,5.4,11.6,3.97,0.53,13.81,,,,,,,,60.0,1.23,304.75,0.0,0.0,472.75,743.0,
2024-06-09 12:00:00,6.0,31.75,4.85,2.15,5.1,11.18,4.38,0.48,13.57,,,,,,,,60.75,1.02,288.25,0.0,0.0,319.25,742.75,
2024-06-09 13:00:00,8.75,50.25,4.9,3.15,5.65,9.98,4.6,0.35,11.99,,,,,,,,66.25,0.8,279.0,0.0,0.0,204.0,742.0,
2024-06-09 14:00:00,18.25,73.0,3.75,4.0,5.18,9.9,3.48,0.98,11.54,,,,,,,,69.0,1.58,263.0,0.0,0.0,188.75,741.0,
2024-06-09 15:00:00,23.0,75.0,3.4,3.9,4.82,10.2,2.98,0.89,10.95,,,,,,,,70.25,1.08,265.25,0.0,0.0,134.5,741.0,
2024-06-09 16:00:00,26.25,74.25,3.78,3.65,5.03,11.45,4.75,0.6,9.87,,,,,,,,69.75,1.23,271.25,0.0,0.0,104.5,740.5,
2024-06-09 17:00:00,29.75,85.25,3.18,4.68,5.08,11.58,5.3,0.69,11.81,,,,,,,,72.0,0.9,248.75,0.0,0.0,52.25,740.5,
2024-06-09 18:00:00,32.5,87.0,3.68,4.55,5.35,11.62,4.9,0.61,13.05,,,,,,,,75.25,1.02,262.5,0.0,0.0,15.75,741.0,
2024-06-09 19:00:00,16.0,53.25,4.1,2.85,4.88,12.2,4.88,0.57,12.95,,,,,,,,78.0,0.55,275.5,0.0,0.0,8.25,741.25,
2024-06-09 20:00:00,14.5,43.75,4.68,4.72,6.35,11.08,2.48,0.73,14.8,,,,,,,,81.25,0.35,265.75,0.0,0.0,7.5,742.0,
2024-06-09 21:00:00,9.25,23.75,5.42,3.48,6.25,10.4,0.97,0.68,14.25,,,,,,,,80.5,0.38,276.0,0.0,0.0,8.75,742.25,
2024-06-09 22:00:00,6.5,28.75,4.55,3.62,5.65,10.52,2.0,0.55,14.75,,,,,,,,80.5,0.45,264.5,0.0,0.0,9.25,743.0,
2024-06-09 23:00:00,5.5,26.5,4.92,1.7,4.92,10.28,2.17,0.63,14.22,,,,,,,,82.0,0.65,250.0,0.0,0.0,9.5,742.25,
2024-06-10 00:00:00,7.5,22.25,5.1,2.08,5.25,10.85,1.75,0.77,14.18,,,,,,,,82.0,0.55,276.75,0.0,0.0,9.75,742.0,
2024-06-10 01:00:00,9.25,23.0,5.32,2.02,5.42,12.28,2.68,0.66,15.4,,,,,,,,83.0,0.48,293.25,0.0,0.0,9.75,742.0,
2024-06-10 02:00:00,10.0,23.75,5.22,1.75,5.15,11.98,3.75,0.69,15.8,,,,,,,,83.5,0.35,272.25,0.0,0.0,9.75,741.0,
2024-06-10 03:00:00,8.75,25.0,5.43,2.12,5.55,12.42,3.5,0.68,16.37,,,,,,,,83.5,0.4,285.75,0.0,0.0,9.75,741.0,
2024-06-10 04:00:00,5.25,21.5,5.45,1.9,5.42,12.18,3.7,0.4,16.72,,,,,,,,83.5,0.52,289.75,0.0,0.0,9.75,741.0,
2024-06-10 05:00:00,7.0,20.0,5.25,3.75,6.22,10.65,2.52,0.44,16.91,,,,,,,,82.5,0.3,275.75,0.0,0.0,11.5,741.25,
2024-06-10 06:00:00,10.75,24.5,6.62,3.32,7.12,10.48,0.9,0.73,16.08,,,,,,,,79.5,0.3,287.75,0.0,0.0,59.5,742.0,
2024-06-10 07:00:00,13.0,40.0,8.0,3.72,8.43,9.88,,1.06,15.51,,,,,,,,70.0,0.5,280.25,0.0,0.0,168.75,742.75,
2024-06-10 08:00:00,12.0,45.5,7.08,3.32,7.52,10.45,0.63,0.91,14.72,,,,,,,,65.5,0.82,267.75,0.0,0.0,269.0,743.0,
2024-06-10 09:00:00,9.25,47.25,6.05,3.6,6.82,11.62,1.45,1.08,14.35,,,,,,,,62.0,1.12,277.5,0.0,0.0,350.25,743.0,
2024-06-10 10:00:00,8.75,55.25,6.0,3.72,6.85,11.48,4.78,0.64,14.48,,,,,,,,59.25,1.1,253.75,0.0,0.0,418.0,743.0,
2024-06-10 11:00:00,5.0,47.5,3.95,3.82,5.25,11.45,5.8,2.13,12.94,,,,,,,,56.75,1.05,247.25,0.0,0.0,465.25,743.0,
2024-06-10 12:00:00,1.0,39.25,3.78,4.05,5.25,10.78,4.65,0.99,11.95,,,,,,,,55.0,1.05,263.75,0.0,0.0,433.25,742.25,
2024-06-10 13:00:00,1.0,34.75,3.0,4.25,4.72,9.52,4.42,1.14,11.21,,,,,,,,53.75,1.1,254.5,0.0,0.0,408.25,742.0,
2024-06-10 14:00:00,2.25,31.5,3.22,9.25,7.55,11.5,3.45,1.47,7.24,,,,,,,,55.75,1.18,273.5,0.0,0.0,358.25,742.0,
2024-06-10 15:00:00,11.75,53.75,2.75,8.43,6.72,15.3,3.88,3.71,8.04,,,,,,,,65.0,1.55,268.25,0.0,0.0,205.75,741.0,
2024-06-10 16:00:00,24.75,85.75,2.55,6.5,5.52,14.62,3.55,1.93,11.46,,,,,,,,68.25,1.72,267.75,0.0,0.0,153.25,741.0,
2024-06-10 17:00:00,13.25,84.5,3.9,6.58,6.62,14.55,3.0,,10.84,,,,,,,,79.5,1.92,244.5,1.5,1.5,19.5,741.0,
2024-06-10 18:00:00,17.0,110.0,5.87,11.5,10.83,21.93,4.13,,14.3,,,,,,,,83.33,0.7,183.33,0.0,0.0,,741.0,
2024-06-10 19:00:00,,,,,,,,,,,,,,,,,,,,,0.0,,,
2024-06-10 20:00:00,2.0,21.0,3.45,10.3,7.03,9.23,4.5,,15.4,,,,,,,,78.25,0.3,271.0,0.0,0.0,11.25,740.0,
2024-06-10 21:00:00,15.0,56.0,5.0,9.55,9.1,9.57,8.48,,14.95,,,,,,,,72.75,0.35,291.0,0.0,0.0,10.5,740.0,
2024-06-10 22:00:00,13.75,51.5,5.85,8.38,9.22,10.42,4.25,,14.74,,,,,,,,70.5,0.45,302.5,0.0,0.0,9.75,740.75,
2024-06-10 23:00:00,8.75,33.5,5.68,3.48,6.42,12.02,3.28,0.58,14.65,,,,,,,,69.25,0.55,280.25,0.0,0.0,9.75,740.75,
2024-06-11 00:00:00,4.0,17.25,5.72,2.72,6.1,9.9,2.5,0.43,13.66,,,,,,,,71.75,0.6,298.0,0.0,0.0,9.75,740.0,
2024-06-11 01:00:00,1.75,11.25,6.35,3.8,7.18,10.05,1.5,0.33,14.13,,,,,,,,73.0,0.38,300.25,0.0,0.0,9.75,739.5,
2024-06-11 02:00:00,5.5,20.0,5.4,4.85,6.95,9.9,2.5,0.44,14.32,,,,,,,,74.25,0.38,302.5,0.0,0.0,9.75,739.0,
2024-06-11 03:00:00,10.5,29.5,7.25,4.7,8.35,11.18,3.68,0.63,14.97,,,,,,,,76.0,0.3,321.75,0.0,0.0,10.0,739.0,
2024-06-11 04:00:00,12.25,38.75,6.93,6.05,8.88,12.12,2.17,0.37,15.44,,,,,,,,76.25,0.3,318.75,0.0,0.0,10.0,739.0,
2024-06-11 05:00:00,13.5,34.5,7.62,5.58,9.15,12.0,1.85,0.33,16.58,,,,,,,,76.25,0.3,317.75,0.0,0.0,11.75,739.0,
2024-06-11 06:00:00,15.0,35.75,10.18,7.02,12.02,11.88,4.57,0.8,17.42,,,,,,,,75.0,0.3,318.5,0.0,0.0,48.25,739.75,
2024-06-11 07:00:00,13.5,45.5,9.3,5.82,10.7,12.72,6.48,1.15,16.37,,,,,,,,72.0,0.3,297.5,0.0,0.0,90.75,740.25,
2024-06-11 08:00:00,10.5,50.25,9.68,5.68,10.88,11.45,4.47,0.78,15.76,,,,,,,,68.0,0.35,289.25,0.0,0.0,164.0,741.0,
2024-06-11 09:00:00,13.5,49.75,8.48,5.32,9.7,10.75,3.52,0.65,14.68,,,,,,,,64.25,0.98,271.25,0.0,0.0,273.25,741.0,
2024-06-11 10:00:00,8.25,44.5,7.58,5.05,8.82,10.72,4.03,0.7,13.6,,,,,,,,61.25,1.62,261.5,0.0,0.0,380.25,741.0,
2024-06-11 11:00:00,5.75,38.25,5.58,5.75,7.58,10.98,3.0,0.55,10.8,,,,,,,,59.75,1.45,264.75,0.0,0.0,371.75,741.0,
2024-06-11 12:00:00,4.75,39.0,3.18,4.92,5.2,11.62,2.45,0.41,11.51,,,,,,,,58.0,1.25,275.75,0.0,0.0,411.75,740.25,
2024-06-11 13:00:00,3.25,49.5,3.35,5.25,5.48,11.38,2.55,,8.8,,,,,,,,57.0,1.0,271.5,0.0,0.0,315.75,740.0,
2024-06-11 14:00:00,1.0,30.75,3.0,4.47,4.82,13.58,2.65,,9.53,,,,,,,,57.5,0.88,283.0,0.0,0.0,223.0,739.5,
2024-06-11 15:00:00,4.0,39.5,3.03,5.28,5.22,13.3,2.28,,10.43,,,,,,,,57.75,0.68,288.25,0.0,0.0,148.5,739.0,
2024-06-11 16:00:00,4.25,34.75,2.38,5.48,4.88,13.98,5.05,,10.23,,,,,,,,57.25,1.03,299.25,0.0,0.0,171.25,739.0,
2024-06-11 17:00:00,5.0,44.25,3.22,6.22,5.95,13.85,5.42,1.01,11.32,,,,,,,,58.0,0.75,303.75,0.0,0.0,71.75,739.0,
2024-06-11 18:00:00,8.0,56.75,3.12,9.27,7.5,13.68,3.58,0.63,12.82,,,,,,,,63.25,0.65,274.25,0.0,0.0,15.5,739.0,
2024-06-11 19:00:00,16.5,77.25,4.45,5.8,6.68,14.32,3.18,0.56,11.54,,,,,,,,73.75,0.68,259.5,0.0,0.0,9.5,739.0,
2024-06-11 20:00:00,13.75,56.25,4.22,4.68,5.95,15.4,0.85,0.15,13.39,,,,,,,,79.0,1.0,246.0,0.0,0.0,10.25,739.75,
2024-06-11 21:00:00,11.75,41.75,4.28,4.92,6.1,16.65,,,14.14,,,,,,,,79.75,0.6,138.25,0.0,0.0,8.75,740.0,
2024-06-11 22:00:00,17.0,32.0,5.9,6.38,8.2,17.32,1.27,0.23,14.92,,,,,,,,82.5,0.3,149.5,0.0,0.0,8.5,740.0,
2024-06-11 23:00:00,15.0,55.0,6.52,9.48,10.32,19.1,2.0,0.39,16.07,,,,,,,,82.25,0.3,176.75,0.0,0.0,9.25,740.0,
2024-06-12 00:00:00,14.25,51.0,8.28,10.3,12.22,16.62,1.4,0.24,16.06,,,,,,,,82.5,0.3,237.75,0.0,0.0,8.25,740.0,
2024-06-12 01:00:00,11.75,37.75,10.9,10.72,14.58,17.8,1.05,0.14,16.3,,,,,,,,84.0,0.3,327.25,0.0,0.0,5.75,739.0,
2024-06-12 02:00:00,12.0,32.25,9.5,6.78,11.3,17.68,3.78,0.66,16.18,,,,,,,,82.75,0.3,264.5,0.0,0.0,5.75,739.5,
2024-06-12 03:00:00,14.5,26.25,9.02,5.32,10.18,18.5,3.0,0.49,14.95,,,,,,,,80.25,0.32,278.5,0.0,0.0,5.5,739.0,
2024-06-12 04:00:00,13.75,23.75,10.32,5.05,11.1,20.05,2.1,0.36,16.24,,,,,,,,79.25,0.3,300.25,0.0,0.0,7.0,739.75,
2024-06-12 05:00:00,13.75,24.25,9.52,6.58,11.25,19.95,1.75,0.3,15.68,,,,,,,,78.25,0.3,288.0,0.0,0.0,8.5,740.25,
2024-06-12 06:00:00,8.5,30.75,11.62,5.12,12.22,20.0,3.9,0.68,16.32,,,,,,,,78.25,0.3,310.0,0.0,0.0,21.25,740.75,
2024-06-12 07:00:00,14.75,41.75,11.8,6.78,13.2,19.8,4.62,0.81,17.69,,,,,,,,78.0,0.32,315.5,0.0,0.0,51.5,741.0,
2024-06-12 08:00:00,18.75,47.5,12.82,6.12,13.7,17.92,2.82,0.49,16.29,,,,,,,,71.25,0.48,283.75,0.0,0.0,104.5,741.25,
2024-06-12 09:00:00,14.0,41.0,11.12,5.7,12.08,15.77,2.78,0.5,15.18,,,,,,,,67.5,0.52,276.0,0.0,0.0,153.0,742.0,
2024-06-12 10:00:00,10.5,43.5,9.1,5.85,10.5,15.1,3.0,0.53,14.21,,,,,,,,63.75,0.72,266.25,0.0,0.0,260.5,742.0,
2024-06-12 11:00:00,7.75,39.75,6.48,4.65,7.72,15.48,3.1,0.52,13.15,,,,,,,,61.0,1.25,250.0,0.0,0.0,296.0,741.5,
2024-06-12 12:00:00,3.5,36.0,3.5,6.0,6.02,16.35,1.82,0.32,12.03,,,,,,,,59.75,0.8,287.25,0.0,0.0,284.75,741.0,
2024-06-12 13:00:00,2.75,46.0,4.15,4.75,5.88,15.98,0.65,0.11,12.44,,,,,,,,59.0,0.78,288.5,0.0,0.0,267.5,741.0,
2024-06-12 14:00:00,5.5,50.5,2.92,5.6,5.35,15.6,1.0,0.18,12.26,,,,,,,,58.5,0.95,288.25,0.0,0.0,234.25,740.0,
2024-06-12 15:00:00,7.5,57.5,2.88,5.92,5.5,15.52,1.72,0.23,11.75,,,,,,,,59.5,0.68,299.25,0.0,0.0,167.75,740.0,
2024-06-12 16:00:00,9.25,62.25,2.88,6.92,6.0,13.45,2.5,0.44,12.12,,,,,,,,60.0,0.43,307.0,0.0,0.0,110.5,739.25,
2024-06-12 17:00:00,9.25,58.5,2.82,9.3,7.2,12.62,1.95,0.32,11.96,,,,,,,,61.25,0.3,294.75,0.0,0.0,45.5,740.0,
2024-06-12 18:00:00,9.5,73.5,3.2,11.78,8.88,12.38,2.22,0.38,12.85,,,,,,,,63.0,0.3,298.75,0.0,0.0,17.5,740.0,
2024-06-12 19:00:00,16.75,75.0,3.82,9.35,8.07,12.7,1.55,0.27,13.88,,,,,,,,63.25,0.3,301.75,0.0,0.0,12.75,740.0,
2024-06-12 20:00:00,15.75,65.25,4.47,7.3,7.5,14.2,2.85,0.5,14.71,,,,,,,,64.0,0.3,285.25,0.0,0.0,12.5,741.0,
2024-06-12 21:00:00,15.75,61.5,5.2,4.03,6.38,14.82,2.98,0.53,14.67,,,,,,,,66.5,0.32,261.0,0.0,0.0,12.5,741.0,
2024-06-12 22:00:00,16.25,57.5,5.4,4.2,6.62,14.88,3.35,0.59,13.72,,,,,,,,73.5,1.02,230.5,1.0,1.0,8.25,741.0,
2024-06-12 23:00:00,9.75,59.0,5.35,3.38,6.12,15.9,2.7,0.48,14.11,,,,,,,,84.75,1.28,167.25,0.75,0.75,5.25,741.0,
2024-06-13 00:00:00,4.75,,6.1,9.75,10.15,14.22,1.0,0.17,16.36,,,,,,,,83.25,0.3,243.0,0.0,0.0,6.5,740.25,
2024-06-13 01:00:00,1.0,,5.88,8.07,9.07,13.7,,,16.0,,,,,,,,81.0,0.3,102.5,0.0,0.0,8.75,740.0,
2024-06-13 02:00:00,,6.0,8.15,11.15,12.5,13.48,0.9,0.16,16.21,,,,,,,,81.0,0.3,304.25,0.0,0.0,9.5,740.0,
2024-06-13 03:00:00,5.0,7.5,9.0,7.1,11.05,14.62,1.18,0.2,14.94,,,,,,,,80.0,0.35,298.0,0.0,0.0,10.25,740.0,
2024-06-13 04:00:00,5.5,11.5,8.2,5.65,9.68,18.32,1.62,0.28,15.17,,,,,,,,78.25,0.3,295.5,0.0,0.0,10.75,740.5,
2024-06-13 05:00:00,6.5,12.75,8.45,5.28,9.68,18.05,2.25,0.37,16.05,,,,,,,,77.25,0.3,310.75,0.0,0.0,11.5,741.0,
2024-06-13 06:00:00,5.5,23.0,8.3,6.55,10.22,18.32,1.25,0.22,16.57,,,,,,,,75.5,0.32,291.75,0.0,0.0,55.0,741.0,
2024-06-13 07:00:00,7.75,31.75,9.43,6.02,10.85,18.42,1.0,0.16,16.09,,,,,,,,69.5,0.32,293.5,0.0,0.0,143.5,741.25,
2024-06-13 08:00:00,10.0,37.25,8.75,5.05,9.8,15.28,2.12,0.38,14.88,,,,,,,,65.5,0.57,286.5,0.0,0.0,265.5,742.0,
2024-06-13 09:00:00,9.0,31.0,8.45,4.9,9.48,14.5,1.92,0.38,13.96,,,,,,,,62.75,0.88,287.5,0.0,0.0,295.25,742.0,
2024-06-13 10:00:00,5.0,35.0,6.62,4.1,7.55,14.5,0.82,0.15,12.76,,,,,,,,60.5,1.2,288.0,0.0,0.0,324.0,742.0,
2024-06-13 11:00:00,3.25,31.0,4.48,6.12,6.9,14.92,1.18,0.17,11.37,,,,,,,,60.0,0.9,282.0,0.0,0.0,322.75,741.0,
2024-06-13 12:00:00,8.25,41.5,3.8,7.0,6.8,17.15,3.22,0.56,10.56,,,,,,,,59.0,0.82,282.25,0.0,0.0,206.5,741.0,
2024-06-13 13:00:00,11.5,56.5,3.4,6.78,6.38,15.95,3.08,0.54,12.06,,,,,,,,58.5,0.9,271.0,0.0,0.0,196.0,740.75,
2024-06-13 14:00:00,9.25,61.0,3.85,5.4,6.02,16.6,1.52,0.26,11.39,,,,,,,,58.25,0.72,288.5,0.0,0.0,130.5,740.0,
2024-06-13 15:00:00,6.75,54.0,3.1,8.52,7.05,17.62,0.98,0.2,11.78,,,,,,,,59.0,0.3,298.5,0.0,0.0,112.5,739.75,
2024-06-13 16:00:00,15.25,71.25,4.03,9.35,8.25,18.68,3.85,0.67,8.43,,,,,,,,68.25,0.57,231.5,0.0,0.0,115.25,739.0,
2024-06-13 17:00:00,39.0,114.5,3.1,8.95,7.25,17.73,4.08,0.76,10.0,,,,,,,,69.5,0.88,275.5,0.0,0.0,34.25,739.0,
2024-06-13 18:00:00,21.25,74.0,4.22,9.85,8.7,15.02,2.88,0.5,11.57,,,,,,,,73.25,0.32,287.25,0.0,0.0,14.25,740.0,
2024-06-13 19:00:00,4.75,30.25,4.72,9.0,8.62,14.72,2.85,0.54,11.74,,,,,,,,76.0,0.32,295.25,0.0,0.0,11.0,740.0,
2024-06-13 20:00:00,6.75,34.0,4.3,8.32,7.88,17.02,1.4,0.25,14.07,,,,,,,,76.75,0.35,286.5,0.0,0.0,11.0,741.0,
2024-06-13 21:00:00,6.25,32.5,4.92,5.78,7.08,17.0,1.4,0.23,13.31,,,,,,,,74.5,0.45,304.75,0.0,0.0,11.0,741.0,
2024-06-13 22:00:00,6.5,26.25,3.6,6.2,6.22,17.68,3.92,0.68,14.62,,,,,,,,75.0,0.45,315.5,0.0,0.0,11.0,740.75,
2024-06-13 23:00:00,4.75,20.0,4.95,5.98,7.2,17.65,4.7,0.79,14.43,,,,,,,,77.25,0.3,302.75,0.0,0.0,10.75,740.0,
2024-06-14 00:00:00,3.25,17.0,4.35,4.47,5.88,17.08,2.6,0.46,14.58,,,,,,,,78.25,0.3,302.5,0.0,0.0,10.75,740.0,
2024-06-14 01:00:00,1.0,18.0,5.92,4.92,7.42,15.58,0.98,0.17,15.7,,,,,,,,79.5,0.3,311.25,0.0,0.0,10.75,739.75,
2024-06-14 02:00:00,2.0,20.25,5.52,4.58,6.9,15.35,3.32,0.58,15.12,,,,,,,,78.25,0.3,317.75,0.0,0.0,10.75,739.25,
2024-06-14 03:00:00,2.0,19.0,6.22,4.28,7.35,14.55,4.47,0.77,14.84,,,,,,,,78.0,0.3,291.5,0.0,0.0,11.0,739.25,
2024-06-14 04:00:00,3.25,21.75,6.35,3.78,7.18,17.4,4.0,0.7,14.56,,,,,,,,78.75,0.43,290.25,0.0,0.0,10.75,739.0,
2024-06-14 05:00:00,6.5,23.5,6.55,2.85,6.85,17.68,4.78,0.81,16.03,,,,,,,,79.25,0.45,300.75,0.0,0.0,11.75,740.0,
2024-06-14 06:00:00,5.25,32.75,6.32,5.48,8.02,17.85,3.0,0.53,16.2,,,,,,,,80.0,0.3,303.5,0.0,0.0,24.75,740.0,
2024-06-14 07:00:00,9.0,39.75,7.32,5.92,9.1,18.05,2.17,0.41,16.72,,,,,,,,78.25,0.3,334.75,0.0,0.0,41.0,740.75,
2024-06-14 08:00:00,18.5,56.75,10.58,7.78,12.72,17.73,1.47,0.26,16.87,,,,,,,,74.75,0.3,323.75,0.0,0.0,96.5,741.0,
2024-06-14 09:00:00,18.75,89.5,7.98,7.85,10.68,15.92,,,15.42,,,,,,,,69.75,0.35,312.75,0.0,0.0,153.5,741.0,
2024-06-14 10:00:00,13.75,75.5,7.5,7.12,9.9,15.5,2.8,0.49,14.77,,,,,,,,66.0,1.0,259.5,0.0,0.0,175.0,741.0,
2024-06-14 11:00:00,11.25,56.75,6.55,6.12,8.6,14.98,2.85,0.55,13.26,,,,,,,,62.5,1.23,278.0,0.0,0.0,329.25,741.0,
2024-06-14 12:00:00,15.5,78.5,4.25,7.52,7.42,17.58,2.35,0.41,11.56,,,,,,,,58.75,1.48,254.75,0.0,0.0,442.0,740.25,
2024-06-14 13:00:00,16.5,117.75,2.95,7.65,6.45,17.8,3.08,0.54,7.8,,,,,,,,57.25,1.55,240.5,0.0,0.0,370.5,740.0,
2024-06-14 14:00:00,15.0,63.25,2.48,6.78,5.6,17.42,2.68,0.47,7.99,,,,,,,,56.5,1.2,215.5,0.0,0.0,331.75,739.0,
2024-06-14 15:00:00,,75.5,3.1,8.88,7.25,16.42,1.8,0.34,6.79,,,,,,,,56.0,1.02,199.75,0.0,0.0,211.5,739.0,
2024-06-14 16:00:00,18.0,101.25,2.03,15.5,9.88,22.08,1.48,0.26,8.32,,,,,,,,56.0,0.45,265.75,0.0,0.0,112.25,739.0,
2024-06-14 17:00:00,17.75,144.25,4.6,12.02,10.1,15.85,2.22,0.4,10.47,,,,,,,,57.75,0.38,220.25,0.0,0.0,62.0,739.0,
2024-06-14 18:00:00,21.25,114.5,3.38,10.8,8.5,14.88,2.15,0.37,6.03,,,,,,,,69.0,0.38,216.75,0.0,0.0,20.5,739.0,
2024-06-14 19:00:00,38.75,128.5,3.78,8.28,7.48,14.72,1.72,0.36,4.02,,,,,,,,72.0,0.6,224.75,0.0,0.0,12.0,739.75,
2024-06-14 20:00:00,57.5,123.75,3.28,7.15,6.5,19.02,2.65,0.46,2.72,,,,,,,,74.0,0.42,220.5,0.0,0.0,11.75,740.0,
2024-06-14 21:00:00,62.5,124.0,4.28,6.38,6.85,19.95,3.7,0.64,7.21,,,,,,,,75.0,0.3,241.5,0.0,0.0,11.5,740.5,
2024-06-14 22:00:00,31.75,89.25,4.68,6.2,7.1,20.72,3.05,0.54,10.39,,,,,,,,77.25,0.3,264.25,0.0,0.0,11.5,740.0,
2024-06-14 23:00:00,15.75,56.0,4.05,4.15,5.48,21.35,2.52,0.47,11.04,,,,,,,,79.0,0.4,260.5,0.0,0.0,11.5,740.0,
2024-06-15 00:00:00,15.0,48.25,5.18,4.03,6.38,20.27,3.4,0.59,12.43,,,,,,,,80.25,0.43,277.25,0.0,0.0,11.25,739.75,
2024-06-15 01:00:00,1.0,35.25,5.03,3.92,6.2,18.27,2.55,0.47,12.16,,,,,,,,81.5,0.4,264.5,0.0,0.0,11.5,739.0,
2024-06-15 02:00:00,1.25,38.5,5.28,3.1,5.95,17.73,2.4,0.42,12.82,,,,,,,,81.25,0.45,279.75,0.0,0.0,11.5,739.0,
2024-06-15 03:00:00,5.25,40.5,5.0,3.82,6.1,17.77,3.48,0.61,12.6,,,,,,,,79.5,0.92,298.0,0.0,0.0,11.75,739.0,
2024-06-15 04:00:00,15.0,51.75,5.12,4.82,6.72,19.48,4.08,0.71,12.38,,,,,,,,79.75,0.45,286.25,0.0,0.0,11.5,739.0,
2024-06-15 05:00:00,16.25,55.75,6.38,3.25,6.92,20.65,4.12,0.71,14.84,,,,,,,,80.5,0.38,303.25,0.0,0.0,12.5,739.0,
2024-06-15 06:00:00,21.0,67.0,6.68,4.47,7.8,21.2,3.4,0.59,14.52,,,,,,,,80.0,0.38,311.25,0.0,0.0,26.5,739.75,
2024-06-15 07:00:00,24.0,86.25,7.28,6.0,9.1,21.08,1.88,0.31,15.64,,,,,,,,76.25,0.35,300.5,0.0,0.0,40.5,740.0,
2024-06-15 08:00:00,23.75,86.75,7.1,7.0,9.5,18.92,2.42,0.43,15.86,,,,,,,,69.75,0.57,272.0,0.0,0.0,83.25,740.0,
2024-06-15 09:00:00,21.25,89.75,7.58,6.8,9.78,16.9,1.92,0.33,14.1,,,,,,,,66.25,0.48,269.25,0.0,0.0,84.25,740.0,
2024-06-15 10:00:00,16.5,126.25,7.9,7.45,10.4,15.3,3.95,0.69,13.64,,,,,,,,65.0,0.55,275.25,0.0,0.0,103.0,740.0,
2024-06-15 11:00:00,18.0,116.75,5.65,9.4,9.57,14.95,5.38,0.96,12.2,,,,,,,,64.5,0.75,275.0,0.0,0.0,147.75,740.0,
2024-06-15 12:00:00,19.25,102.5,3.92,7.8,7.3,16.25,2.6,0.46,8.38,,,,,,,,62.75,0.62,283.0,0.0,0.0,163.25,740.0,
2024-06-15 13:00:00,23.0,98.0,3.4,6.18,6.05,16.65,1.92,0.33,8.37,,,,,,,,61.75,0.48,286.5,0.0,0.0,206.25,739.25,
2024-06-15 14:00:00,25.75,101.5,3.68,7.2,6.8,16.9,2.62,0.46,6.23,,,,,,,,63.75,0.3,312.75,0.0,0.0,167.75,739.0,
2024-06-15 15:00:00,32.25,107.5,3.18,7.58,6.6,17.08,2.98,0.55,5.5,,,,,,,,63.25,0.3,323.5,0.0,0.0,143.75,738.5,
2024-06-15 16:00:00,28.25,101.25,3.88,8.98,7.93,16.42,1.68,0.29,7.4,,,,,,,,63.0,0.3,316.0,0.0,0.0,87.75,738.75,
2024-06-15 17:00:00,29.75,123.75,2.88,9.75,7.52,14.2,1.92,0.3,7.66,,,,,,,,63.0,0.3,298.5,0.0,0.0,48.0,738.75,
2024-06-15 18:00:00,25.0,127.75,2.65,11.52,8.28,13.95,2.33,0.4,9.68,,,,,,,,65.0,0.3,278.0,0.0,0.0,16.0,739.0,
2024-06-15 19:00:00,30.25,131.75,3.88,14.88,11.05,14.65,3.15,0.53,11.34,,,,,,,,71.5,0.32,252.5,0.0,0.0,11.75,739.0,
2024-06-15 20:00:00,30.75,124.5,4.78,8.9,8.6,16.98,3.08,0.54,4.81,,,,,,,,74.0,0.4,240.75,0.0,0.0,11.5,739.5,
2024-06-15 21:00:00,38.0,109.0,3.32,6.15,5.98,18.92,2.33,0.39,5.34,,,,,,,,77.0,0.5,237.0,0.0,0.0,11.75,740.0,
2024-06-15 22:00:00,31.25,86.75,3.82,5.25,5.9,18.65,2.42,0.42,8.73,,,,,,,,78.5,0.52,244.25,0.0,0.0,11.5,740.0,
2024-06-15 23:00:00,17.5,62.0,3.92,4.08,5.32,19.17,2.4,0.44,9.58,,,,,,,,79.0,0.38,244.5,0.0,0.0,12.0,740.0,
2024-06-16 00:00:00,9.0,51.25,4.03,3.9,5.35,18.08,1.9,0.33,11.06,,,,,,,,80.25,0.3,266.5,0.0,0.0,11.5,740.0,
2024-06-16 01:00:00,6.0,46.5,5.22,2.25,5.42,16.8,2.02,0.34,12.52,,,,,,,,81.5,0.35,293.75,0.0,0.0,11.5,739.25,
2024-06-16 02:00:00,6.0,51.5,4.58,1.4,4.47,16.98,1.1,0.19,12.07,,,,,,,,83.0,0.3,324.75,0.0,0.0,11.5,739.0,
2024-06-16 03:00:00,6.25,56.0,5.55,3.6,5.9,15.58,,,13.43,,,,,,,,84.0,0.3,292.75,0.0,0.0,11.5,739.0,
2024-06-16 04:00:00,8.0,39.25,5.08,2.4,5.4,17.58,2.2,0.38,13.6,,,,,,,,84.0,0.32,292.5,0.0,0.0,11.5,739.0,
2024-06-16 05:00:00,12.5,43.5,5.35,2.98,5.9,19.12,3.88,0.68,15.08,,,,,,,,84.5,0.3,304.25,0.0,0.0,13.5,739.25,
2024-06-16 06:00:00,20.0,55.5,6.25,4.6,7.52,19.05,1.67,0.29,14.67,,,,,,,,82.25,0.4,321.0,0.0,0.0,67.0,740.0,
2024-06-16 07:00:00,29.75,83.0,6.75,4.82,8.07,19.77,1.08,0.18,14.08,,,,,,,,74.75,0.43,296.25,0.0,0.0,158.5,740.25,
2024-06-16 08:00:00,31.0,74.0,7.02,5.4,8.6,18.58,3.78,0.66,13.67,,,,,,,,66.25,0.72,287.25,0.0,0.0,250.5,741.0,
2024-06-16 09:00:00,26.0,80.75,5.3,5.2,7.1,15.9,4.75,0.88,12.04,,,,,,,,58.75,1.25,273.75,0.0,0.0,338.25,741.0,
2024-06-16 10:00:00,18.0,74.75,3.7,5.0,5.65,14.92,2.82,0.5,10.18,,,,,,,,55.5,1.42,267.75,0.0,0.0,398.5,741.0,
2024-06-16 11:00:00,13.5,80.0,3.62,4.8,5.48,13.98,2.6,0.5,10.3,,,,,,,,54.5,1.25,256.0,0.0,0.0,433.0,741.0,
2024-06-16 12:00:00,17.5,87.25,3.8,4.8,5.65,14.38,2.12,0.37,9.13,,,,,,,,52.5,1.15,241.0,0.0,0.0,412.5,740.0,
2024-06-16 13:00:00,16.5,72.75,3.22,3.08,4.25,14.58,2.12,0.36,9.48,,,,,,,,52.0,0.65,252.0,0.0,0.0,325.0,739.5,
2024-06-16 14:00:00,17.75,49.0,2.22,3.62,3.72,14.85,3.3,0.58,7.32,,,,,,,,59.5,1.18,221.75,0.0,0.0,322.0,739.0,
2024-06-16 15:00:00,16.75,59.75,3.42,3.95,4.85,14.75,2.85,0.49,4.6,,,,,,,,64.25,1.48,224.25,0.0,0.0,231.0,738.5,
2024-06-16 16:00:00,15.25,57.5,3.05,3.12,4.15,15.8,3.32,0.57,6.67,,,,,,,,62.75,1.08,219.25,0.0,0.0,162.5,738.0,
2024-06-16 17:00:00,17.5,64.75,3.02,4.4,4.8,14.1,3.8,0.64,2.87,,,,,,,,70.75,1.95,232.0,0.0,0.0,40.5,738.0,
2024-06-16 18:00:00,27.0,68.5,4.7,3.95,5.92,13.4,2.98,0.52,2.26,,,,,,,,71.0,0.92,229.25,0.0,0.0,16.25,739.0,
2024-06-16 19:00:00,18.0,57.5,3.2,5.38,5.48,13.55,1.75,0.31,2.87,,,,,,,,71.25,0.78,230.75,0.0,0.0,12.0,739.0,
2024-06-16 20:00:00,23.5,63.0,4.6,4.12,5.92,14.22,0.95,0.16,6.45,,,,,,,,75.75,0.75,235.75,0.0,0.0,12.25,740.0,
2024-06-16 21:00:00,12.0,55.25,3.55,3.9,4.95,15.82,1.32,0.24,8.83,,,,,,,,76.5,0.55,273.0,0.0,0.0,11.75,740.75,
2024-06-16 22:00:00,10.5,52.75,4.22,5.88,6.55,16.3,3.65,0.64,11.38,,,,,,,,74.5,0.3,245.75,0.0,0.0,11.75,741.0,
2024-06-16 23:00:00,14.0,50.0,4.15,3.53,5.25,16.62,4.7,0.85,9.93,,,,,,,,70.0,0.6,269.5,0.0,0.0,11.75,740.5,
2024-06-17 00:00:00,10.0,15.25,4.5,2.2,4.8,16.35,1.85,0.32,10.36,,,,,,,,74.0,0.55,282.25,0.0,0.0,11.75,740.0,
2024-06-17 01:00:00,6.25,12.0,4.47,2.68,5.03,12.95,1.02,0.17,9.29,,,,,,,,74.0,0.55,278.5,0.0,0.0,12.0,740.0,
2024-06-17 02:00:00,4.5,37.25,3.6,4.88,5.55,13.52,1.7,0.3,9.64,,,,,,,,76.5,0.8,245.25,0.0,0.0,11.75,739.5,
2024-06-17 03:00:00,5.75,77.0,4.42,3.38,5.38,13.28,2.68,0.5,9.81,,,,,,,,74.5,0.5,279.5,0.0,0.0,12.0,739.25,
2024-06-17 04:00:00,4.75,19.0,3.25,2.85,4.15,14.77,1.58,0.27,8.41,,,,,,,,76.25,0.32,259.5,0.0,0.0,11.75,739.0,
2024-06-17 05:00:00,6.0,13.25,4.48,2.12,4.8,16.02,1.12,0.21,10.68,,,,,,,,79.5,0.52,291.75,0.0,0.0,13.25,739.25,
2024-06-17 06:00:00,11.25,39.0,8.57,6.75,10.58,20.65,3.28,0.57,12.07,,,,,,,,78.0,0.3,308.5,0.0,0.0,27.0,740.0,
2024-06-17 07:00:00,9.25,57.5,13.38,7.92,15.08,27.0,4.93,0.78,14.12,,,,,,,,71.5,0.38,298.0,0.0,0.0,117.5,740.5,
2024-06-17 08:00:00,9.75,52.5,10.2,6.42,11.72,30.28,3.2,0.55,12.59,,,,,,,,67.25,0.85,304.75,0.0,0.0,239.5,741.0,
2024-06-17 09:00:00,9.75,62.75,11.5,6.55,12.82,30.85,2.85,0.48,12.39,,,,,,,,64.5,0.88,305.25,0.0,0.0,268.75,741.0,
2024-06-17 10:00:00,14.0,71.0,10.62,5.75,11.68,32.25,2.95,0.52,11.43,,,,,,,,60.75,0.78,297.25,0.0,0.0,402.5,741.0,
2024-06-17 11:00:00,20.25,70.25,10.32,7.43,12.3,33.3,3.18,0.55,10.74,,,,,,,,58.0,0.72,276.25,0.0,0.0,424.0,740.75,
2024-06-17 12:00:00,20.25,67.25,8.35,6.9,10.48,34.12,3.38,0.6,9.92,,,,,,,,56.25,0.57,263.5,0.0,0.0,397.25,740.0,
2024-06-17 13:00:00,18.5,67.75,7.75,5.05,8.98,36.98,2.9,0.49,8.36,,,,,,,,62.25,1.35,236.0,0.0,0.0,375.25,739.75,
2024-06-17 14:00:00,20.0,76.0,8.1,5.77,9.67,38.4,3.8,0.63,9.04,,,,,,,,66.5,1.3,223.5,0.0,0.0,357.0,739.0,
2024-06-17 15:00:00,,,,,,,,,,,,,,,,,,,,,0.0,,,
2024-06-17 16:00:00,,,,,,,,,,,,,,,,,,,,,0.0,,,
2024-06-17 17:00:00,,,,,,,,,,,,,,,,,,,,,0.0,,,
2024-06-17 18:00:00,30.5,92.5,3.0,7.4,6.4,21.2,5.5,0.97,5.66,,,,,,,,74.0,1.1,231.0,0.0,0.0,19.0,739.0,
2024-06-17 19:00:00,15.0,77.25,5.82,7.32,8.62,17.02,6.18,1.07,8.23,,,,,,,,76.5,1.02,237.5,0.0,0.0,19.5,739.75,
2024-06-17 20:00:00,12.0,66.5,4.92,6.9,7.68,15.77,1.8,0.27,9.07,,,,,,,,78.25,1.15,236.5,0.0,0.0,14.5,740.0,
2024-06-17 21:00:00,13.25,65.25,4.97,6.68,7.62,14.4,1.05,0.05,9.88,,,,,,,,79.0,0.92,238.75,0.0,0.0,13.25,740.0,
2024-06-17 22:00:00,15.0,58.0,5.82,3.75,6.75,14.75,1.5,0.23,10.34,,,,,,,,79.0,1.08,239.75,0.0,0.0,12.75,741.0,
2024-06-17 23:00:00,10.5,255.75,5.9,2.68,6.25,11.82,0.8,0.13,9.77,,,,,,,,79.0,0.95,256.5,0.0,0.0,12.5,741.0,
2024-06-18 00:00:00,15.0,840.0,5.52,2.55,5.9,11.72,3.97,0.61,9.4,,,,,,,,78.75,0.72,276.5,0.0,0.0,12.5,740.25,
2024-06-18 01:00:00,16.0,333.0,5.2,2.68,5.65,13.88,5.68,0.87,11.3,,,,,,,,78.0,1.92,270.5,0.0,0.0,11.0,740.0,
2024-06-18 02:00:00,12.25,250.75,4.97,4.62,6.52,20.48,5.7,0.88,7.97,,,,,,,,87.0,2.35,239.25,8.5,8.5,5.0,740.0,
2024-06-18 03:00:00,1.0,4.25,4.47,4.05,5.82,24.28,6.92,1.04,9.12,,,,,,,,89.0,0.38,164.75,2.5,2.5,4.0,739.5,
2024-06-18 04:00:00,1.0,4.0,7.08,7.6,9.8,15.68,4.25,0.65,10.39,,,,,,,,88.75,0.45,251.25,0.0,0.0,4.75,739.25,
2024-06-18 05:00:00,,1.0,4.92,6.88,7.68,14.5,2.85,0.45,11.05,,,,,,,,87.75,0.35,294.5,0.0,0.0,8.5,739.0,
2024-06-18 06:00:00,7.0,4.5,4.53,7.85,7.88,13.75,4.35,0.66,11.36,,,,,,,,85.25,0.35,299.5,0.0,0.0,16.75,740.0,
2024-06-18 07:00:00,6.5,14.25,6.85,8.6,10.15,13.8,4.97,0.76,11.82,,,,,,,,81.75,0.43,276.75,0.0,0.0,27.0,740.25,
2024-06-18 08:00:00,7.75,17.25,8.4,11.7,13.05,13.75,4.95,0.76,11.05,,,,,,,,79.5,0.32,299.0,0.0,0.0,45.5,740.5,
2024-06-18 09:00:00,14.75,33.5,8.4,9.65,11.98,14.0,4.12,0.61,11.28,,,,,,,,75.75,0.43,286.75,0.0,0.0,77.75,740.5,
2024-06-18 10:00:00,12.25,38.25,9.05,10.52,12.98,14.92,3.4,0.52,11.37,,,,,,,,73.25,0.5,292.5,0.0,0.0,153.0,740.75,
2024-06-18 11:00:00,15.0,50.25,8.2,9.85,11.9,15.05,3.65,0.57,8.2,,,,,,,,68.25,0.5,284.25,0.0,0.0,324.25,740.0,
2024-06-18 12:00:00,10.5,54.0,5.1,6.8,7.75,17.2,2.35,0.36,10.19,,,,,,,,63.5,0.92,284.5,0.0,0.0,383.0,740.0,
2024-06-18 13:00:00,5.0,42.0,5.35,7.5,8.35,14.98,2.85,0.47,8.62,,,,,,,,62.0,0.98,264.5,0.0,0.0,367.75,740.0,
2024-06-18 14:00:00,2.75,35.25,4.6,9.7,8.93,14.62,1.12,0.17,7.45,,,,,,,,60.5,0.55,266.0,0.0,0.0,320.0,739.25,
2024-06-18 15:00:00,6.25,45.75,4.03,11.2,9.25,13.92,0.5,0.52,7.6,,,,,,,,66.75,0.7,239.75,0.0,0.0,193.5,739.0,
2024-06-18 16:00:00,13.0,59.25,3.58,7.6,6.92,13.68,1.05,0.73,5.02,,,,,,,,70.75,1.23,225.75,0.0,0.0,188.75,738.25,
2024-06-18 17:00:00,24.75,66.0,2.88,7.22,6.18,12.92,0.8,0.68,2.36,,,,,,,,74.0,1.72,237.0,0.0,0.0,65.5,738.0,
2024-06-18 18:00:00,128.75,,2.33,6.95,5.58,14.48,2.08,0.71,6.06,,,,,,,,77.25,1.0,232.75,0.0,0.0,20.25,738.5,
2024-06-18 19:00:00,378.25,,4.08,5.95,6.48,14.32,2.8,0.71,10.75,,,,,,,,80.0,0.72,234.0,0.0,0.0,15.5,739.0,
2024-06-18 20:00:00,208.0,51.0,4.0,4.6,5.7,16.77,3.95,0.64,12.42,,,,,,,,81.0,1.45,242.25,0.0,0.0,15.25,739.5,
2024-06-18 21:00:00,29.25,50.25,5.95,4.1,7.05,14.88,4.92,0.6,12.02,,,,,,,,79.5,2.0,243.75,0.0,0.0,15.5,740.25,
2024-06-18 22:00:00,5.75,38.75,5.05,4.18,6.32,14.22,2.55,0.61,9.01,,,,,,,,85.5,0.95,264.75,8.5,8.5,7.0,741.0,
2024-06-18 23:00:00,4.0,9.5,3.35,4.0,4.88,14.4,1.45,0.58,9.5,,,,,,,,88.25,0.78,286.25,0.5,0.5,6.0,740.5,
2024-06-19 00:00:00,1.0,5.0,4.53,5.25,6.45,14.32,5.1,0.68,11.14,,,,,,,,88.0,0.52,281.75,0.0,0.0,6.75,740.0,
2024-06-19 01:00:00,,,4.78,5.62,6.88,14.68,5.22,0.64,11.45,,,,,,,,87.75,0.5,243.75,0.0,0.0,7.5,739.0,
2024-06-19 02:00:00,4.0,7.0,4.05,4.72,5.78,16.02,2.33,0.6,12.75,,,,,,,,86.25,0.6,303.0,0.0,0.0,10.75,739.0,
2024-06-19 03:00:00,3.25,7.0,4.07,4.18,5.52,15.73,0.88,0.58,13.3,,,,,,,,84.5,0.8,269.5,0.0,0.0,12.0,739.0,
2024-06-19 04:00:00,2.0,6.75,4.58,3.12,5.35,18.38,2.75,0.5,12.86,,,,,,,,83.25,0.6,280.0,0.0,0.0,12.5,738.75,
2024-06-19 05:00:00,5.0,6.0,4.72,3.8,5.82,15.3,4.82,0.48,13.82,,,,,,,,85.0,0.52,288.5,0.0,0.0,14.25,739.0,
2024-06-19 06:00:00,6.0,10.0,4.82,3.75,5.92,14.45,3.25,0.55,14.14,,,,,,,,84.75,0.5,284.25,0.0,0.0,52.0,739.0,
2024-06-19 07:00:00,7.75,12.5,5.65,6.58,8.05,14.22,1.95,0.59,13.72,,,,,,,,81.25,0.45,316.5,0.0,0.0,123.25,739.75,
2024-06-19 08:00:00,14.0,24.5,8.28,7.35,10.65,13.85,3.95,0.72,12.75,,,,,,,,73.75,0.48,302.0,0.0,0.0,232.0,740.0,
2024-06-19 09:00:00,16.75,38.25,9.6,9.65,12.98,14.3,4.65,0.75,13.0,,,,,,,,71.0,0.62,289.0,0.0,0.0,292.5,740.25,
2024-06-19 10:00:00,17.25,40.0,7.52,8.12,10.45,15.28,4.47,0.69,11.28,,,,,,,,67.75,0.7,295.5,0.0,0.0,352.5,740.75,
2024-06-19 11:00:00,21.0,45.0,5.08,7.05,7.88,15.38,5.08,0.67,11.17,,,,,,,,66.75,0.8,285.5,0.0,0.0,303.75,740.0,
2024-06-19 12:00:00,23.5,50.5,3.85,7.88,7.32,16.82,6.12,0.62,7.52,,,,,,,,66.75,0.88,307.0,0.0,0.0,314.75,740.0,
2024-06-19 13:00:00,27.0,46.25,4.6,10.07,9.12,15.75,7.48,0.61,9.19,,,,,,,,65.25,0.95,303.5,0.0,0.0,381.25,739.0,
2024-06-19 14:00:00,14.0,38.25,6.28,17.27,14.32,14.4,4.55,0.65,10.4,,,,,,,,63.5,0.62,305.0,0.0,0.0,279.75,738.75,
2024-06-19 15:00:00,10.5,39.0,6.72,17.02,14.55,15.68,3.5,0.64,9.71,,,,,,,,72.25,1.03,278.75,2.0,2.0,56.5,737.5,
2024-06-19 16:00:00,11.25,43.0,3.92,13.52,10.4,17.77,3.48,0.74,10.77,,,,,,,,83.25,0.98,243.25,0.0,0.0,33.75,737.0,
2024-06-19 17:00:00,18.5,58.0,3.1,14.55,10.25,14.8,3.58,0.8,9.37,,,,,,,,82.0,0.62,239.5,0.0,0.0,28.5,737.75,
2024-06-19 18:00:00,18.25,58.5,6.25,11.2,11.02,15.2,3.85,0.78,11.42,,,,,,,,79.75,1.12,272.75,0.0,0.0,19.25,738.0,
2024-06-19 19:00:00,15.0,34.25,7.42,11.2,11.98,15.65,3.72,0.78,11.48,,,,,,,,75.25,0.55,280.5,0.0,0.0,13.5,738.5,
2024-06-19 20:00:00,18.0,36.5,8.3,10.32,12.25,16.73,4.05,0.76,12.14,,,,,,,,76.5,0.57,295.25,0.0,0.0,13.5,739.0,
2024-06-19 21:00:00,7.75,28.5,6.35,6.0,8.35,14.7,4.22,0.67,11.65,,,,,,,,80.25,1.3,294.25,3.25,3.25,10.25,740.0,
2024-06-19 22:00:00,4.0,18.0,7.0,3.62,7.6,13.98,1.45,0.68,10.56,,,,,,,,86.25,0.75,309.5,0.0,0.0,6.5,740.0,
2024-06-19 23:00:00,1.0,2.0,5.8,2.8,6.2,14.1,0.37,0.65,11.42,,,,,,,,84.75,0.62,298.0,0.0,0.0,9.75,740.0,
2024-06-20 00:00:00,1.0,2.0,4.68,2.98,5.42,14.25,2.68,0.63,10.04,,,,,,,,83.75,0.62,274.75,0.0,0.0,11.5,740.0,
2024-06-20 01:00:00,,2.75,3.7,3.5,4.92,14.8,4.58,0.66,12.21,,,,,,,,82.75,0.65,282.75,0.0,0.0,12.75,739.0,
2024-06-20 02:00:00,,5.5,4.78,3.7,5.88,14.75,1.88,0.62,12.94,,,,,,,,82.25,0.38,299.5,0.0,0.0,12.75,739.0,
2024-06-20 03:00:00,,6.5,4.32,3.58,5.42,14.65,0.1,0.61,13.69,,,,,,,,82.0,0.32,298.75,0.0,0.0,13.0,738.25,
2024-06-20 04:00:00,,6.5,6.12,4.97,7.62,14.98,3.52,0.57,14.24,,,,,,,,82.0,0.3,326.0,0.0,0.0,12.75,738.0,
2024-06-20 05:00:00,6.0,11.0,4.85,5.2,6.7,14.85,4.1,0.55,15.86,,,,,,,,83.25,0.3,328.75,0.0,0.0,14.0,738.5,
2024-06-20 06:00:00,5.5,14.0,5.9,5.08,7.52,14.08,3.8,0.59,15.12,,,,,,,,82.75,0.32,326.75,0.0,0.0,56.0,739.0,
2024-06-20 07:00:00,6.75,26.0,8.2,6.3,10.02,14.2,4.38,0.62,14.18,,,,,,,,78.75,0.57,318.75,0.0,0.0,161.25,739.75,
2024-06-20 08:00:00,14.0,32.0,9.55,6.4,11.15,14.1,3.3,0.64,13.54,,,,,,,,73.5,0.88,302.0,0.0,0.0,237.5,740.25,
2024-06-20 09:00:00,11.0,27.0,11.6,9.0,14.22,15.28,3.9,0.72,13.89,,,,,,,,69.5,1.12,301.25,0.0,0.0,322.25,741.0,
2024-06-20 10:00:00,11.0,38.75,10.55,7.68,12.68,15.22,2.15,0.68,13.14,,,,,,,,65.25,0.82,301.25,0.0,0.0,401.5,741.0,
2024-06-20 11:00:00,10.0,38.5,7.88,6.25,9.72,15.05,1.72,0.66,12.98,,,,,,,,62.5,1.12,290.75,0.0,0.0,391.75,740.75,
2024-06-20 12:00:00,8.25,41.25,7.12,8.57,10.35,15.05,4.38,0.62,10.56,,,,,,,,61.5,1.4,270.25,0.0,0.0,415.25,740.0,
2024-06-20 13:00:00,12.25,49.0,4.32,7.68,7.6,13.9,5.0,0.55,10.3,,,,,,,,61.5,1.02,303.75,0.0,0.0,335.25,739.75,
2024-06-20 14:00:00,12.5,58.25,5.7,8.65,9.2,13.22,6.62,0.62,11.03,,,,,,,,61.5,0.85,295.0,0.0,0.0,315.25,739.0,
2024-06-20 15:00:00,12.25,51.75,5.72,10.3,10.12,12.82,6.48,0.61,9.99,,,,,,,,61.75,0.88,312.25,0.0,0.0,215.75,738.75,
2024-06-20 16:00:00,13.75,57.0,4.28,10.62,9.1,13.95,4.5,0.61,9.9,,,,,,,,63.75,0.75,309.0,0.0,0.0,136.25,738.0,
2024-06-20 17:00:00,16.0,71.25,3.92,9.78,8.43,14.88,5.42,0.71,7.28,,,,,,,,69.5,1.1,256.0,0.0,0.0,67.25,738.0,
2024-06-20 18:00:00,42.75,117.25,3.15,11.18,8.5,16.2,3.3,0.77,7.1,,,,,,,,73.75,0.62,272.0,0.0,0.0,22.75,738.0,
2024-06-20 19:00:00,40.25,118.25,4.42,9.72,8.75,17.32,2.72,0.8,7.84,,,,,,,,74.0,0.55,279.5,0.0,0.0,15.5,738.25,
2024-06-20 20:00:00,29.0,82.75,4.45,6.65,7.15,17.2,4.7,0.78,9.57,,,,,,,,76.0,0.6,283.5,0.0,0.0,15.5,739.0,
2024-06-20 21:00:00,9.75,48.25,4.03,4.35,5.58,16.12,5.05,0.68,12.06,,,,,,,,83.0,1.2,192.0,1.5,1.5,9.0,739.5,
2024-06-20 22:00:00,5.75,23.25,4.55,4.1,5.9,13.62,4.03,0.7,12.02,,,,,,,,84.5,0.3,166.5,0.0,0.0,8.0,739.0,
2024-06-20 23:00:00,6.0,9.75,4.8,6.48,7.32,13.68,3.92,0.71,14.1,,,,,,,,82.5,0.42,253.0,0.0,0.0,11.5,739.0,
2024-06-21 00:00:00,9.5,12.75,5.18,3.12,5.88,14.58,5.9,0.7,12.48,,,,,,,,81.25,0.4,283.0,0.0,0.0,13.25,739.0,
2024-06-21 01:00:00,10.75,15.75,4.53,3.58,5.55,15.42,6.95,0.71,11.83,,,,,,,,80.0,0.38,303.75,0.0,0.0,13.75,739.0,
2024-06-21 02:00:00,9.25,17.5,5.12,3.3,5.92,16.95,4.8,0.69,13.5,,,,,,,,79.5,0.55,321.25,0.0,0.0,13.75,739.0,
2024-06-21 03:00:00,7.5,17.0,7.0,1.42,6.42,17.23,2.4,0.69,14.25,,,,,,,,78.25,0.4,321.75,0.0,0.0,14.0,738.75,
2024-06-21 04:00:00,8.0,21.75,6.22,3.38,6.85,16.97,2.08,0.64,14.69,,,,,,,,77.75,0.42,319.5,0.0,0.0,14.25,739.0,
2024-06-21 05:00:00,7.5,25.25,6.82,5.03,8.2,15.38,2.05,0.61,15.64,,,,,,,,78.75,0.3,328.5,0.0,0.0,15.0,739.0,
2024-06-21 06:00:00,15.75,25.5,8.78,5.32,10.0,13.35,2.25,0.65,16.01,,,,,,,,78.5,0.3,325.0,0.0,0.0,42.0,739.0,
2024-06-21 07:00:00,18.5,41.0,10.72,6.42,12.15,12.5,3.3,0.66,15.2,,,,,,,,74.0,0.32,303.25,0.0,0.0,110.25,740.0,
2024-06-21 08:00:00,19.0,40.0,12.3,7.72,14.1,12.45,4.7,0.71,14.4,,,,,,,,69.75,0.38,303.25,0.0,0.0,220.75,740.0,
2024-06-21 09:00:00,17.5,49.5,11.72,8.88,14.25,14.3,5.8,0.78,12.92,,,,,,,,65.75,0.78,297.25,0.0,0.0,341.5,740.0,
2024-06-21 10:00:00,19.75,57.75,9.95,5.85,11.25,15.25,5.38,0.77,12.48,,,,,,,,62.0,1.15,270.75,0.0,0.0,398.75,740.0,
2024-06-21 11:00:00,15.5,53.75,7.3,7.1,9.72,15.05,5.25,0.74,11.62,,,,,,,,60.25,1.32,260.75,0.0,0.0,415.5,740.0,
2024-06-21 12:00:00,21.5,63.0,4.1,7.98,7.57,14.08,3.88,0.64,10.7,,,,,,,,59.5,1.23,270.25,0.0,0.0,414.0,739.25,
2024-06-21 13:00:00,15.5,61.75,2.88,5.9,5.48,13.9,3.25,0.57,9.0,,,,,,,,58.5,1.25,267.0,0.0,0.0,392.5,739.0,
2024-06-21 14:00:00,10.5,50.25,2.3,6.3,5.25,11.85,3.2,0.56,8.27,,,,,,,,57.5,1.0,268.75,0.0,0.0,342.0,738.5,
2024-06-21 15:00:00,11.75,67.0,3.22,8.43,7.12,11.45,3.12,0.56,8.63,,,,,,,,56.5,0.85,300.75,0.0,0.0,261.25,738.0,
2024-06-21 16:00:00,19.5,104.0,3.45,12.05,9.22,13.22,5.72,0.63,7.95,,,,,,,,58.5,0.77,299.5,0.0,0.0,157.0,737.75,
2024-06-21 17:00:00,26.25,112.0,2.65,10.22,7.6,20.35,8.4,0.74,5.55,,,,,,,,68.25,1.48,232.5,0.0,0.0,49.75,737.25,
2024-06-21 18:00:00,42.5,128.0,3.8,9.02,7.9,19.98,4.45,0.76,10.31,,,,,,,,77.0,1.2,257.5,0.75,0.75,11.5,737.75,
2024-06-21 19:00:00,18.75,44.75,4.72,9.65,8.98,18.7,1.25,0.81,11.21,,,,,,,,80.75,0.55,231.75,0.0,0.0,9.25,737.75,
2024-06-21 20:00:00,22.5,31.5,4.97,8.93,8.75,14.35,4.08,0.82,11.19,,,,,,,,77.0,0.4,249.75,0.0,0.0,13.25,738.75,
2024-06-21 21:00:00,17.75,40.75,4.53,8.95,8.43,14.82,4.47,0.78,12.13,,,,,,,,78.0,0.52,298.5,0.0,0.0,13.75,739.0,
2024-06-21 22:00:00,14.5,43.0,5.3,5.42,7.2,15.0,5.58,0.78,13.86,,,,,,,,78.0,0.52,311.5,0.0,0.0,14.25,739.0,
2024-06-21 23:00:00,7.5,29.25,6.38,2.92,6.78,14.55,5.9,0.7,10.82,,,,,,,,78.5,0.32,265.75,0.0,0.0,13.75,739.0,
2024-06-22 00:00:00,9.5,15.5,5.68,4.32,6.88,12.38,3.8,0.69,11.81,,,,,,,,78.75,0.3,326.75,0.0,0.0,13.75,738.25,
2024-06-22 01:00:00,10.75,18.5,6.1,3.3,6.72,12.9,4.03,0.68,12.94,,,,,,,,78.75,0.3,322.25,0.0,0.0,14.0,738.0,
2024-06-22 02:00:00,11.25,27.0,6.7,5.52,8.35,13.0,4.0,0.69,13.84,,,,,,,,78.25,0.3,321.25,0.0,0.0,13.75,737.0,
2024-06-22 03:00:00,14.0,37.25,7.1,6.42,9.22,14.22,4.78,0.75,14.36,,,,,,,,77.75,0.3,321.5,0.0,0.0,14.5,737.25,
2024-06-22 04:00:00,12.0,36.75,7.8,6.1,9.6,14.82,6.9,0.73,14.95,,,,,,,,79.0,0.3,323.75,0.0,0.0,14.5,737.0,
2024-06-22 05:00:00,15.25,45.25,6.68,5.58,8.4,15.7,7.65,0.72,13.43,,,,,,,,79.5,0.3,324.75,0.0,0.0,16.0,738.0,
2024-06-22 06:00:00,16.0,31.75,8.9,5.28,10.07,15.6,6.92,0.7,15.22,,,,,,,,78.5,0.32,327.75,0.0,0.0,61.75,738.0,
2024-06-22 07:00:00,16.0,43.75,10.75,6.22,12.05,14.28,5.85,0.67,14.18,,,,,,,,73.5,0.52,325.0,0.0,0.0,162.0,738.75,
2024-06-22 08:00:00,16.5,47.25,11.15,5.78,12.12,13.22,3.08,0.7,14.28,,,,,,,,69.25,0.72,314.0,0.0,0.0,219.25,739.0,
2024-06-22 09:00:00,16.25,48.75,8.28,6.25,10.05,12.55,1.92,0.66,11.54,,,,,,,,65.75,1.18,269.75,0.0,0.0,299.0,739.0,
2024-06-22 10:00:00,12.25,42.25,6.72,6.55,8.98,12.42,4.95,0.64,11.23,,,,,,,,62.25,1.1,257.0,0.0,0.0,379.0,739.0,
2024-06-22 11:00:00,15.0,44.25,5.4,4.08,6.52,14.22,6.98,0.69,12.24,,,,,,,,60.25,1.27,260.0,0.0,0.0,439.0,738.75,
2024-06-22 12:00:00,12.75,50.75,4.55,3.9,5.78,14.12,3.92,0.62,11.43,,,,,,,,60.0,1.25,264.0,0.0,0.0,433.0,738.0,
2024-06-22 13:00:00,15.5,57.5,5.03,3.88,6.15,13.8,3.58,0.6,10.85,,,,,,,,59.75,0.88,277.5,0.0,0.0,393.5,737.5,
2024-06-22 14:00:00,16.0,56.25,4.2,3.88,5.45,14.3,2.9,0.58,10.16,,,,,,,,58.75,0.9,284.75,0.0,0.0,355.75,737.0,
2024-06-22 15:00:00,13.75,67.5,4.45,6.18,6.9,14.02,2.15,0.56,10.23,,,,,,,,59.0,0.8,286.5,0.0,0.0,218.5,736.0,
2024-06-22 16:00:00,17.0,71.5,4.12,7.57,7.38,13.05,3.08,0.58,11.34,,,,,,,,60.0,0.45,278.5,0.0,0.0,108.5,736.0,
2024-06-22 17:00:00,23.75,83.25,4.82,6.38,7.3,14.52,4.28,0.61,6.1,,,,,,,,69.75,1.1,242.5,0.0,0.0,51.0,736.25,
2024-06-22 18:00:00,36.25,117.25,4.1,7.15,7.12,16.72,4.12,0.68,7.34,,,,,,,,74.5,0.88,241.75,0.0,0.0,21.25,737.0,
2024-06-22 19:00:00,35.75,96.0,3.78,6.28,6.4,15.15,3.18,0.7,7.56,,,,,,,,74.5,0.85,248.75,0.0,0.0,15.75,737.0,
2024-06-22 20:00:00,19.75,79.75,4.18,5.92,6.52,15.42,5.1,0.72,9.22,,,,,,,,74.75,0.9,248.25,0.0,0.0,15.75,738.0,
2024-06-22 21:00:00,11.5,61.5,4.92,4.68,6.48,16.02,6.0,0.71,9.5,,,,,,,,73.5,0.72,263.0,0.0,0.0,15.75,738.0,
2024-06-22 22:00:00,15.0,43.5,5.78,3.42,6.55,16.33,4.47,0.69,10.37,,,,,,,,75.25,0.43,254.5,0.0,0.0,16.25,739.0,
2024-06-22 23:00:00,11.25,34.75,5.85,2.32,6.0,16.62,4.28,0.64,15.17,,,,,,,,75.75,0.68,268.25,0.0,0.0,15.5,739.0,
2024-06-23 00:00:00,8.25,20.5,5.42,2.05,5.55,14.25,3.8,0.63,9.78,,,,,,,,78.25,0.65,265.25,0.0,0.0,15.5,738.5,
2024-06-23 01:00:00,5.75,23.25,3.82,1.88,4.12,14.62,3.58,0.62,10.12,,,,,,,,77.75,0.8,286.75,0.0,0.0,15.5,738.0,
2024-06-23 02:00:00,4.25,38.25,4.08,2.8,4.8,14.38,2.12,0.62,10.46,,,,,,,,78.25,1.0,310.5,0.0,0.0,15.5,737.5,
2024-06-23 03:00:00,2.5,17.75,4.47,2.4,4.9,15.6,1.62,0.64,10.02,,,,,,,,79.75,0.45,315.75,0.0,0.0,15.5,737.0,
2024-06-23 04:00:00,5.25,19.25,4.95,2.0,5.1,16.7,3.22,0.63,12.12,,,,,,,,80.25,0.32,307.25,0.0,0.0,15.5,737.0,
2024-06-23 05:00:00,9.0,26.0,4.68,2.45,5.08,17.35,2.78,0.62,12.96,,,,,,,,81.0,0.3,303.75,0.0,0.0,16.5,737.25,
2024-06-23 06:00:00,9.25,27.75,5.05,4.3,6.38,16.65,5.28,0.62,13.68,,,,,,,,80.75,0.38,310.75,0.0,0.0,46.5,738.0,
2024-06-23 07:00:00,10.25,35.25,6.62,3.32,7.18,16.62,6.4,0.61,14.4,,,,,,,,75.25,0.42,318.75,0.0,0.0,154.75,738.25,
2024-06-23 08:00:00,12.5,43.75,6.32,4.05,7.3,14.4,5.58,0.61,12.97,,,,,,,,69.25,0.55,292.25,0.0,0.0,249.0,739.0,
2024-06-23 09:00:00,16.75,45.0,4.47,4.32,5.95,13.95,4.42,0.59,11.9,,,,,,,,63.5,0.88,282.25,0.0,0.0,328.5,739.0,
2024-06-23 10:00:00,13.75,34.25,3.95,5.12,5.95,13.22,4.62,0.6,10.13,,,,,,,,61.25,0.95,292.75,0.0,0.0,403.0,739.0,
2024-06-23 11:00:00,9.0,40.5,3.85,4.95,5.75,13.65,3.9,0.62,8.99,,,,,,,,58.75,0.78,274.75,0.0,0.0,409.25,738.0,
2024-06-23 12:00:00,15.0,49.75,4.7,3.03,5.0,14.82,6.52,0.62,7.65,,,,,,,,57.0,0.8,266.25,0.0,0.0,442.0,738.0,
2024-06-23 13:00:00,14.25,53.75,3.6,3.25,4.65,14.15,7.08,0.61,8.38,,,,,,,,56.0,0.92,269.0,0.0,0.0,382.75,737.0,
2024-06-23 14:00:00,11.5,48.0,3.92,3.4,5.0,13.12,4.58,0.6,9.19,,,,,,,,55.75,0.78,291.0,0.0,0.0,365.5,736.75,
2024-06-23 15:00:00,10.75,47.75,4.42,3.22,5.32,14.12,3.4,0.62,6.56,,,,,,,,67.25,2.52,243.5,0.0,0.0,213.0,736.0,
2024-06-23 16:00:00,19.5,74.75,2.98,4.88,5.0,13.58,4.05,0.6,3.5,,,,,,,,70.75,2.78,234.5,0.0,0.0,153.0,736.0,
2024-06-23 17:00:00,36.0,98.5,2.55,3.95,4.15,13.2,3.68,0.6,4.27,,,,,,,,68.0,2.05,260.75,0.0,0.0,72.25,736.0,
2024-06-23 18:00:00,30.75,80.75,2.05,3.55,3.6,13.95,5.1,0.62,3.85,,,,,,,,70.5,1.5,267.0,0.0,0.0,25.0,736.0,
2024-06-23 19:00:00,36.5,72.0,3.78,5.48,6.02,13.65,5.1,0.66,6.98,,,,,,,,71.0,0.6,252.5,0.0,0.0,16.5,736.25,
2024-06-23 20:00:00,19.25,57.0,3.6,4.4,5.25,14.45,4.82,0.69,8.97,,,,,,,,72.0,1.2,239.75,0.0,0.0,16.5,737.25,
2024-06-23 21:00:00,16.0,53.5,4.55,4.68,6.15,14.82,4.2,0.7,9.72,,,,,,,,74.75,0.55,249.25,0.0,0.0,16.5,738.0,
2024-06-23 22:00:00,11.5,41.75,5.15,3.25,5.9,14.88,3.2,0.65,8.61,,,,,,,,77.75,0.75,277.0,0.0,0.0,16.5,738.0,
2024-06-23 23:00:00,7.75,35.5,5.2,1.95,5.28,15.75,2.6,0.62,10.76,,,,,,,,77.5,0.82,288.75,0.0,0.0,15.5,738.0,
2024-06-24 00:00:00,9.0,26.5,4.08,2.85,4.8,13.15,3.62,0.59,10.06,,,,,,,,75.5,0.57,274.75,0.0,0.0,15.5,738.0,
2024-06-24 01:00:00,6.0,20.5,4.45,1.85,4.65,12.6,3.28,0.57,10.88,,,,,,,,75.0,0.5,298.75,0.0,0.0,16.0,738.0,
2024-06-24 02:00:00,5.75,14.75,3.85,2.5,4.48,12.25,2.88,0.6,11.33,,,,,,,,73.75,0.32,318.75,0.0,0.0,16.0,738.0,
2024-06-24 03:00:00,4.0,10.5,4.55,2.65,5.1,13.05,4.9,0.61,11.96,,,,,,,,72.5,0.3,308.0,0.0,0.0,15.75,737.75,
2024-06-24 04:00:00,1.0,9.0,5.08,2.38,5.4,14.12,5.42,0.63,12.7,,,,,,,,75.5,0.3,266.5,0.0,0.0,15.5,737.0,
2024-06-24 05:00:00,7.0,15.0,5.03,2.65,5.55,14.42,6.35,0.64,12.6,,,,,,,,76.25,0.3,298.0,0.0,0.0,16.5,737.0,
2024-06-24 06:00:00,7.5,18.25,6.08,4.38,7.28,14.35,5.4,0.64,13.59,,,,,,,,76.0,0.35,301.25,0.0,0.0,34.5,737.5,
2024-06-24 07:00:00,9.5,29.75,7.28,3.92,8.0,14.45,5.03,0.64,14.88,,,,,,,,76.0,0.5,312.25,0.0,0.0,67.5,738.0,
2024-06-24 08:00:00,12.0,40.25,10.38,6.12,11.7,12.48,5.08,0.63,15.64,,,,,,,,73.5,0.4,316.25,0.0,0.0,108.0,738.0,
2024-06-24 09:00:00,13.5,64.25,7.42,5.8,9.12,12.5,5.1,0.64,13.87,,,,,,,,70.25,0.5,319.75,0.0,0.0,151.75,738.0,
2024-06-24 10:00:00,10.0,86.0,9.45,6.22,10.98,12.42,4.53,0.67,12.61,,,,,,,,66.75,0.7,306.25,0.0,0.0,197.75,738.0,
2024-06-24 11:00:00,12.5,77.25,7.28,10.28,11.35,13.42,5.15,0.68,9.84,,,,,,,,64.5,0.85,315.0,0.0,0.0,280.75,738.0,
2024-06-24 12:00:00,10.5,76.25,4.25,10.92,9.25,13.58,3.95,0.66,8.86,,,,,,,,63.25,0.85,307.25,0.0,0.0,233.5,738.0,
2024-06-24 13:00:00,7.75,65.5,4.7,9.05,8.62,12.52,4.6,0.65,8.98,,,,,,,,61.5,0.9,300.0,0.0,0.0,299.75,737.75,
2024-06-24 14:00:00,8.25,58.5,6.22,10.58,10.65,12.2,3.22,0.62,10.32,,,,,,,,58.25,1.15,303.25,0.0,0.0,321.25,737.0,
2024-06-24 15:00:00,20.0,81.5,4.45,12.38,10.2,12.78,3.2,0.61,9.86,,,,,,,,57.0,1.2,297.0,0.0,0.0,279.25,737.0,
2024-06-24 16:00:00,17.25,71.0,4.72,7.98,8.07,11.6,2.85,0.57,10.4,,,,,,,,58.0,1.08,264.0,0.0,0.0,134.5,736.0,
2024-06-24 17:00:00,18.75,93.0,3.95,7.22,7.08,11.25,3.32,0.57,6.43,,,,,,,,71.0,2.02,224.75,0.0,0.0,43.75,736.0,
2024-06-24 18:00:00,19.0,103.5,4.9,6.6,7.48,10.28,4.0,0.66,7.68,,,,,,,,72.75,1.05,233.75,0.0,0.0,20.75,736.5,
2024-06-24 19:00:00,12.5,91.0,4.03,5.9,6.38,11.48,3.72,0.7,5.47,,,,,,,,73.0,1.05,238.25,0.0,0.0,16.75,737.0,
2024-06-24 20:00:00,11.0,64.5,2.42,4.97,4.62,12.9,3.68,0.71,9.61,,,,,,,,75.75,1.1,240.5,0.0,0.0,16.5,738.0,
2024-06-24 21:00:00,11.0,54.0,4.05,3.32,5.08,13.45,4.68,0.7,9.14,,,,,,,,74.75,0.62,261.75,0.0,0.0,16.5,738.0,
2024-06-24 22:00:00,10.5,43.25,4.62,2.58,5.1,13.82,3.53,0.68,10.72,,,,,,,,73.5,0.55,257.75,0.0,0.0,16.5,738.0,
2024-06-24 23:00:00,8.25,36.25,5.22,2.5,5.55,14.68,3.28,0.67,10.02,,,,,,,,76.25,0.43,277.0,0.0,0.0,16.0,738.0,
2024-06-25 00:00:00,7.5,30.5,5.05,2.12,5.25,12.4,3.3,0.58,10.86,,,,,,,,75.75,0.68,302.5,0.0,0.0,16.25,737.25,
2024-06-25 01:00:00,12.0,30.5,4.95,3.55,5.9,12.0,2.7,0.57,11.73,,,,,,,,75.5,0.45,307.75,0.0,0.0,16.0,737.0,
2024-06-25 02:00:00,12.25,36.0,5.25,4.22,6.5,12.72,4.3,0.6,12.81,,,,,,,,75.25,0.32,318.0,0.0,0.0,16.25,737.0,
2024-06-25 03:00:00,12.75,41.25,5.03,6.58,7.57,13.32,4.78,0.63,12.48,,,,,,,,76.0,0.3,314.75,0.0,0.0,16.25,737.0,
2024-06-25 04:00:00,14.0,53.0,6.6,5.82,8.45,14.82,7.28,0.68,14.65,,,,,,,,76.0,0.3,318.0,0.0,0.0,16.25,737.0,
2024-06-25 05:00:00,20.25,65.25,5.75,6.88,8.35,15.28,7.38,0.7,16.25,,,,,,,,76.5,0.3,309.0,0.0,0.0,17.0,737.0,
2024-06-25 06:00:00,21.25,62.0,7.92,8.15,10.78,14.88,6.45,0.68,16.01,,,,,,,,73.5,0.3,310.25,0.0,0.0,63.25,738.0,
2024-06-25 07:00:00,21.0,80.0,11.12,7.68,13.15,15.38,6.22,0.68,15.98,,,,,,,,66.5,0.5,320.0,0.0,0.0,176.0,738.0,
2024-06-25 08:00:00,16.0,87.0,10.42,7.17,12.3,12.9,5.22,0.61,14.97,,,,,,,,62.5,0.85,310.5,0.0,0.0,261.75,739.0,
2024-06-25 09:00:00,11.25,86.0,8.52,10.55,12.5,12.7,5.42,0.6,11.64,,,,,,,,59.75,0.95,315.25,0.0,0.0,346.75,739.0,
2024-06-25 10:00:00,14.0,93.5,4.08,9.02,8.1,12.02,3.1,0.64,12.21,,,,,,,,58.25,1.55,292.5,0.0,0.0,420.0,738.5,
2024-06-25 11:00:00,11.25,72.25,4.38,7.43,7.5,13.58,2.88,0.64,11.76,,,,,,,,57.75,1.1,297.25,0.0,0.0,285.75,738.0,
2024-06-25 12:00:00,14.75,72.5,6.12,6.1,8.25,13.48,3.22,0.61,10.69,,,,,,,,59.0,1.1,291.0,0.0,0.0,243.75,737.75,
2024-06-25 13:00:00,20.5,60.25,3.48,6.3,6.15,12.8,3.68,0.58,10.28,,,,,,,,57.5,1.4,303.75,0.0,0.0,308.25,737.0,
2024-06-25 14:00:00,12.25,56.25,3.98,7.55,7.25,13.62,2.58,0.56,10.21,,,,,,,,58.25,1.5,301.25,0.0,0.0,285.5,736.5,
2024-06-25 15:00:00,9.0,67.25,3.4,7.3,6.65,12.65,2.1,0.56,11.34,,,,,,,,58.75,1.65,309.75,0.0,0.0,234.25,736.0,
2024-06-25 16:00:00,9.0,93.0,3.5,8.1,7.15,12.78,3.45,0.56,7.21,,,,,,,,61.5,1.48,268.0,0.0,0.0,150.5,736.0,
2024-06-25 17:00:00,25.0,114.75,2.8,7.85,6.43,16.05,4.12,0.62,3.46,,,,,,,,67.0,1.7,240.75,0.0,0.0,63.25,736.0,
2024-06-25 18:00:00,39.5,128.25,2.3,8.88,6.6,14.28,4.92,0.65,5.72,,,,,,,,71.5,0.98,227.75,0.0,0.0,26.0,736.0,
2024-06-25 19:00:00,18.25,78.75,3.3,6.58,6.18,13.62,4.12,0.67,8.18,,,,,,,,73.5,1.02,229.75,0.0,0.0,16.5,736.5,
2024-06-25 20:00:00,12.0,69.5,3.9,5.8,6.28,14.65,5.3,0.78,10.2,,,,,,,,74.0,0.6,234.75,0.0,0.0,16.5,737.5,
2024-06-25 21:00:00,11.25,64.75,4.3,5.98,6.68,15.2,5.8,0.8,10.52,,,,,,,,72.5,0.38,257.0,0.0,0.0,16.25,737.75,
2024-06-25 22:00:00,13.75,62.5,4.47,4.42,5.98,15.6,2.92,0.72,11.54,,,,,,,,72.0,0.98,302.5,0.0,0.0,16.25,738.0,
2024-06-25 23:00:00,1.25,28.25,4.58,4.38,6.05,15.75,1.9,0.69,13.59,,,,,,,,71.75,0.82,294.0,0.0,0.0,16.25,738.0,
2024-06-26 00:00:00,2.5,20.5,5.7,4.97,7.3,14.1,2.82,0.6,14.14,,,,,,,,71.75,0.65,274.5,0.0,0.0,16.25,738.0,
2024-06-26 01:00:00,5.25,23.5,5.85,4.55,7.18,12.7,3.42,0.56,14.4,,,,,,,,73.0,0.38,299.25,0.0,0.0,16.5,737.0,
2024-06-26 02:00:00,8.25,30.75,5.18,4.7,6.72,13.18,4.6,0.6,14.02,,,,,,,,73.0,0.32,289.25,0.0,0.0,16.5,737.0,
2024-06-26 03:00:00,6.0,47.5,6.58,5.5,8.25,13.52,4.82,0.6,14.1,,,,,,,,73.0,0.3,298.25,0.0,0.0,16.5,737.0,
2024-06-26 04:00:00,7.25,64.0,7.25,5.05,8.6,15.7,5.0,0.68,14.7,,,,,,,,74.5,0.3,308.5,0.0,0.0,16.25,737.0,
2024-06-26 05:00:00,12.25,38.75,11.48,5.2,12.1,15.35,4.97,0.72,13.58,,,,,,,,74.5,0.3,312.25,0.0,0.0,16.5,737.0,
2024-06-26 06:00:00,15.75,47.75,9.15,5.25,10.25,16.0,4.93,0.64,15.62,,,,,,,,75.0,0.3,321.0,0.0,0.0,30.75,737.0,
2024-06-26 07:00:00,15.25,61.75,12.1,6.48,13.28,16.6,5.68,0.66,15.99,,,,,,,,74.5,0.38,318.75,0.0,0.0,65.75,737.25,
2024-06-26 08:00:00,17.0,71.75,13.22,6.92,14.45,14.92,3.7,0.63,15.0,,,,,,,,71.5,0.48,300.75,0.0,0.0,80.0,738.0,
2024-06-26 09:00:00,20.0,82.5,12.98,7.72,14.68,13.42,2.12,0.64,15.2,,,,,,,,69.75,0.55,306.25,0.0,0.0,102.5,738.0,
2024-06-26 10:00:00,19.25,95.5,14.8,8.85,16.7,13.8,3.2,0.68,14.78,,,,,,,,68.25,0.52,309.25,0.0,0.0,138.0,738.0,
2024-06-26 11:00:00,17.75,96.75,12.98,8.7,15.2,13.68,3.38,0.67,12.04,,,,,,,,65.75,0.52,313.75,0.0,0.0,216.25,738.0,
2024-06-26 12:00:00,19.0,119.75,9.43,5.12,10.4,15.0,5.22,0.73,13.48,,,,,,,,60.75,1.23,301.75,0.0,0.0,359.25,738.0,
2024-06-26 13:00:00,15.25,75.5,3.65,6.92,6.68,13.92,6.1,0.66,9.39,,,,,,,,61.0,0.95,284.0,0.0,0.0,212.25,738.0,
2024-06-26 14:00:00,13.0,60.5,3.8,7.62,7.12,14.5,4.8,0.62,11.16,,,,,,,,61.5,0.72,309.25,0.0,0.0,186.25,737.0,
2024-06-26 15:00:00,11.5,81.75,5.9,7.98,9.02,14.68,3.88,0.63,10.78,,,,,,,,62.75,0.72,271.5,0.0,0.0,245.0,737.0,
2024-06-26 16:00:00,6.75,82.0,4.32,8.5,8.02,14.4,1.82,0.62,11.6,,,,,,,,65.25,0.98,290.0,0.0,0.0,164.0,736.5,
2024-06-26 17:00:00,7.25,88.5,5.7,9.8,9.88,13.45,0.8,0.6,11.86,,,,,,,,66.0,0.62,304.25,0.0,0.0,75.25,736.75,
2024-06-26 18:00:00,10.75,71.75,4.78,9.35,8.82,13.6,1.18,0.63,13.89,,,,,,,,65.5,0.5,276.75,0.0,0.0,23.0,737.0,
2024-06-26 19:00:00,11.5,68.25,5.32,5.25,7.12,13.5,1.95,0.64,9.39,,,,,,,,69.75,0.57,261.5,0.0,0.0,17.25,738.0,
2024-06-26 20:00:00,14.5,57.5,4.35,4.35,5.85,15.7,3.68,0.74,8.09,,,,,,,,71.25,0.57,264.5,0.0,0.0,17.5,738.0,
2024-06-26 21:00:00,9.75,49.5,4.8,3.38,5.65,17.1,4.9,0.76,18.87,,,,,,,,71.25,0.55,275.0,0.0,0.0,17.5,738.0,
2024-06-26 22:00:00,8.5,45.5,4.8,3.68,5.88,17.5,5.3,0.64,11.35,,,,,,,,70.0,0.57,299.25,0.0,0.0,17.5,739.0,
2024-06-26 23:00:00,6.75,36.75,5.72,4.12,6.85,17.65,6.12,0.64,12.07,,,,,,,,69.75,0.5,299.25,0.0,0.0,17.25,738.5,
2024-06-27 00:00:00,10.0,50.75,4.97,4.18,6.28,16.1,3.48,0.61,12.72,,,,,,,,70.0,0.55,311.0,0.0,0.0,16.75,738.0,
2024-06-27 01:00:00,19.5,91.25,4.82,4.05,6.08,15.08,2.08,0.57,13.19,,,,,,,,69.5,0.48,298.25,0.0,0.0,16.75,738.0,
2024-06-27 02:00:00,12.75,50.5,4.22,3.3,5.22,15.42,4.88,0.61,13.38,,,,,,,,69.75,0.48,303.25,0.0,0.0,16.75,738.0,
2024-06-27 03:00:00,11.75,40.5,4.05,3.02,4.88,14.32,5.35,0.59,12.72,,,,,,,,70.0,0.5,273.75,0.0,0.0,17.0,737.0,
2024-06-27 04:00:00,5.75,36.0,4.15,4.35,5.72,16.2,6.0,0.68,11.88,,,,,,,,71.5,0.38,284.75,0.0,0.0,16.5,737.5,
2024-06-27 05:00:00,15.25,45.25,5.42,4.65,6.88,16.7,7.3,0.7,15.08,,,,,,,,72.25,0.32,292.75,0.0,0.0,17.0,738.0,
2024-06-27 06:00:00,11.5,49.5,6.38,5.38,8.07,17.25,6.72,0.65,14.92,,,,,,,,73.0,0.3,303.75,0.0,0.0,28.75,738.0,
2024-06-27 07:00:00,16.25,64.75,8.05,8.85,11.25,16.77,5.38,0.67,13.03,,,,,,,,72.25,0.3,312.0,0.0,0.0,49.5,739.0,
2024-06-27 08:00:00,18.0,84.0,11.32,8.45,13.68,15.5,4.45,0.66,24.03,,,,,,,,71.25,0.3,316.0,0.0,0.0,80.75,739.5,
2024-06-27 09:00:00,19.5,108.5,9.28,8.0,11.75,14.85,3.45,0.68,19.86,,,,,,,,69.0,0.3,296.25,0.0,0.0,147.5,739.75,
2024-06-27 10:00:00,14.5,131.25,5.95,13.98,12.25,13.72,1.9,0.78,14.86,,,,,,,,66.5,0.3,300.5,0.0,0.0,139.0,739.75,
2024-06-27 11:00:00,14.75,114.75,6.65,13.27,12.48,14.08,0.85,0.73,13.26,,,,,,,,64.0,0.32,305.75,0.0,0.0,193.25,739.5,
2024-06-27 12:00:00,19.25,106.25,6.75,12.25,12.0,14.9,0.57,0.71,12.78,,,,,,,,61.75,0.85,291.75,0.0,0.0,267.5,739.0,
2024-06-27 13:00:00,16.75,72.25,4.72,7.25,7.7,14.75,0.7,0.69,11.02,,,,,,,,60.75,1.58,291.75,0.0,0.0,246.5,739.0,
2024-06-27 14:00:00,13.5,63.0,3.1,6.6,6.0,14.9,4.55,0.61,10.23,,,,,,,,61.0,0.88,292.25,0.0,0.0,175.25,739.0,
2024-06-27 15:00:00,6.0,57.75,3.85,6.85,6.78,15.52,5.38,0.59,11.38,,,,,,,,60.25,0.78,282.25,0.0,0.0,150.75,738.5,
2024-06-27 16:00:00,8.5,87.75,3.53,9.18,7.75,15.32,3.42,0.55,11.4,,,,,,,,63.0,0.45,283.5,0.0,0.0,93.0,738.0,
2024-06-27 17:00:00,15.25,115.0,4.25,8.55,8.02,13.78,2.17,0.55,12.04,,,,,,,,66.0,0.35,258.5,0.0,0.0,43.25,738.0,
2024-06-27 18:00:00,14.25,108.0,5.12,10.4,9.7,14.82,3.28,0.65,12.31,,,,,,,,63.75,0.38,291.25,0.0,0.0,19.5,738.5,
2024-06-27 19:00:00,17.5,105.0,5.98,7.52,8.85,12.78,2.88,0.64,13.15,,,,,,,,61.0,0.4,286.0,0.0,0.0,17.25,739.0,
2024-06-27 20:00:00,13.25,96.75,4.35,5.58,6.5,15.18,2.8,0.72,9.35,,,,,,,,71.0,0.35,268.0,0.0,0.0,17.0,739.25,
2024-06-27 21:00:00,5.25,69.0,4.28,3.62,5.38,17.5,3.88,0.76,11.62,,,,,,,,74.75,0.4,281.0,0.0,0.0,17.0,739.5,
2024-06-27 22:00:00,6.25,57.0,4.75,4.1,6.07,17.75,1.62,0.67,14.57,,,,,,,,66.5,0.57,283.25,0.0,0.0,17.5,740.0,
2024-06-27 23:00:00,7.5,47.25,5.48,2.3,5.7,17.65,1.62,0.64,13.88,,,,,,,,63.25,0.77,272.5,0.0,0.0,17.5,740.0,
2024-06-28 00:00:00,9.5,43.0,4.75,2.52,5.22,16.88,1.85,0.57,15.12,,,,,,,,64.0,0.88,262.75,0.0,0.0,16.5,739.75,
2024-06-28 01:00:00,11.0,33.5,4.12,3.15,5.05,14.42,1.05,0.5,14.39,,,,,,,,64.25,0.52,264.0,0.0,0.0,16.5,739.5,
2024-06-28 02:00:00,10.0,21.25,5.48,1.12,5.05,14.2,2.25,0.54,13.62,,,,,,,,65.25,0.52,287.5,0.0,0.0,16.5,739.25,
2024-06-28 03:00:00,7.5,20.25,4.42,3.82,5.65,14.12,2.92,0.53,14.28,,,,,,,,66.25,0.38,293.5,0.0,0.0,16.5,739.5,
2024-06-28 04:00:00,9.5,38.75,5.12,4.15,6.35,14.98,3.35,0.56,13.54,,,,,,,,67.5,0.32,293.75,0.0,0.0,16.75,739.75,
2024-06-28 05:00:00,10.5,56.0,4.85,5.42,6.85,15.82,4.4,0.62,14.49,,,,,,,,68.5,0.35,288.0,0.0,0.0,17.75,740.0,
2024-06-28 06:00:00,10.5,58.75,5.92,4.38,7.15,16.02,4.82,0.58,15.57,,,,,,,,69.75,0.3,295.5,0.0,0.0,41.25,740.0,
2024-06-28 07:00:00,18.25,73.5,10.82,6.92,12.48,16.77,5.9,0.62,15.9,,,,,,,,68.5,0.32,303.0,0.0,0.0,95.0,740.75,
2024-06-28 08:00:00,27.0,93.25,9.43,4.75,10.2,17.48,3.53,0.6,15.76,,,,,,,,63.5,0.52,297.5,0.0,0.0,224.75,741.0,
2024-06-28 09:00:00,20.75,95.5,10.32,5.3,11.25,14.18,2.05,0.56,14.9,,,,,,,,61.5,0.85,305.75,0.0,0.0,260.0,741.0,
2024-06-28 10:00:00,10.75,94.75,8.88,5.48,10.12,16.3,6.7,0.63,14.41,,,,,,,,59.0,1.4,290.5,0.0,0.0,374.0,741.0,
2024-06-28 11:00:00,10.25,78.5,8.3,6.12,10.0,13.32,7.38,0.59,13.08,,,,,,,,57.5,1.12,281.5,0.0,0.0,375.5,740.25,
2024-06-28 12:00:00,11.0,95.25,6.72,4.3,7.78,13.75,5.12,0.55,11.57,,,,,,,,56.0,1.7,260.25,0.0,0.0,477.5,739.75,
2024-06-28 13:00:00,11.25,135.0,5.72,6.05,7.85,14.1,4.68,0.59,12.59,,,,,,,,55.75,1.38,289.75,0.0,0.0,385.5,739.0,
2024-06-28 14:00:00,17.0,141.75,5.82,9.88,10.0,18.8,2.3,0.57,12.23,,,,,,,,56.0,1.98,311.0,0.0,0.0,353.75,739.0,
2024-06-28 15:00:00,28.25,251.75,5.0,8.5,8.6,15.05,1.65,0.6,13.49,,,,,,,,56.0,1.0,287.5,0.0,0.0,260.0,738.75,
2024-06-28 16:00:00,22.5,120.5,5.6,10.28,9.98,15.62,1.5,0.6,6.63,,,,,,,,66.5,2.8,231.25,0.0,0.0,139.5,738.0,
2024-06-28 17:00:00,34.5,125.75,4.28,7.08,7.22,17.23,4.93,0.59,8.26,,,,,,,,67.5,1.9,228.75,0.0,0.0,69.5,738.0,
2024-06-28 18:00:00,18.25,96.5,9.57,8.25,12.12,15.72,3.7,0.64,9.83,,,,,,,,70.0,1.5,231.5,0.0,0.0,24.5,738.0,
2024-06-28 19:00:00,11.5,79.25,8.18,8.25,11.05,15.0,1.82,0.66,10.72,,,,,,,,75.25,1.1,233.0,0.0,0.0,17.5,738.75,
2024-06-28 20:00:00,14.25,65.0,4.6,5.85,6.88,15.62,4.82,0.68,11.82,,,,,,,,77.0,0.98,229.25,0.0,0.0,17.5,739.0,
2024-06-28 21:00:00,8.25,55.5,7.02,4.5,8.1,16.75,6.35,0.73,11.57,,,,,,,,76.5,1.0,233.75,0.0,0.0,17.5,739.0,
2024-06-28 22:00:00,6.25,53.0,6.2,2.32,6.25,18.48,4.58,0.7,13.46,,,,,,,,78.0,1.23,234.5,0.0,0.0,17.5,739.0,
2024-06-28 23:00:00,6.25,48.25,6.88,2.68,6.98,18.6,4.93,0.67,12.73,,,,,,,,78.5,0.92,245.0,0.0,0.0,17.5,739.0,
2024-06-29 00:00:00,3.5,40.5,5.42,2.22,5.58,19.15,3.95,0.64,13.12,,,,,,,,79.0,0.95,273.25,0.0,0.0,16.75,739.0,
2024-06-29 01:00:00,1.75,32.0,6.55,0.95,5.82,18.75,2.82,0.59,14.77,,,,,,,,78.25,0.92,299.5,0.0,0.0,16.5,739.0,
2024-06-29 02:00:00,2.5,30.5,5.85,2.05,5.88,15.78,2.1,0.57,13.35,,,,,,,,77.5,0.82,300.25,0.0,0.0,17.25,739.0,
2024-06-29 03:00:00,7.75,37.75,5.42,3.05,6.05,15.6,2.02,0.56,14.48,,,,,,,,77.0,0.62,298.5,0.0,0.0,17.25,739.0,
2024-06-29 04:00:00,9.25,47.0,7.0,3.42,7.5,14.92,6.4,0.58,14.57,,,,,,,,78.0,0.82,312.5,0.0,0.0,16.75,739.0,
2024-06-29 05:00:00,7.75,49.0,6.9,4.25,7.85,17.32,8.35,0.64,14.48,,,,,,,,78.5,0.65,314.5,0.0,0.0,18.0,739.75,
2024-06-29 06:00:00,13.0,48.25,7.42,4.97,8.7,18.0,4.15,0.64,15.67,,,,,,,,78.0,0.4,307.25,0.0,0.0,47.0,740.0,
2024-06-29 07:00:00,21.75,60.75,9.18,4.58,9.9,18.42,2.88,0.65,16.06,,,,,,,,71.5,0.3,313.25,0.0,0.0,123.5,740.75,
2024-06-29 08:00:00,20.75,79.25,9.22,5.6,10.5,18.12,5.95,0.67,14.0,,,,,,,,68.25,0.38,305.5,0.0,0.0,169.5,741.0,
2024-06-29 09:00:00,24.5,124.5,8.28,6.55,10.22,16.95,7.62,0.62,14.66,,,,,,,,62.75,0.7,280.5,0.0,0.0,284.5,741.0,
2024-06-29 10:00:00,33.0,208.75,8.15,6.43,10.02,14.18,7.32,0.6,13.2,,,,,,,,59.75,0.88,275.25,0.0,0.0,335.75,741.0,
2024-06-29 11:00:00,24.0,134.0,6.62,6.4,8.77,13.62,6.22,0.58,11.89,,,,,,,,57.0,0.72,278.5,0.0,0.0,387.25,740.75,
2024-06-29 12:00:00,38.5,246.0,6.08,7.78,9.05,13.75,4.6,0.62,11.71,,,,,,,,56.0,0.62,284.5,0.0,0.0,384.0,740.0,
2024-06-29 13:00:00,24.0,143.5,5.6,5.85,7.68,13.72,4.62,0.65,11.1,,,,,,,,55.0,0.75,288.75,0.0,0.0,375.0,740.0,
2024-06-29 14:00:00,11.75,73.25,4.42,4.28,5.9,14.35,4.47,0.64,8.96,,,,,,,,64.75,1.27,221.25,0.0,0.0,261.0,739.25,
2024-06-29 15:00:00,16.0,93.0,3.75,4.85,5.65,14.68,4.0,0.64,6.02,,,,,,,,71.25,1.72,222.0,0.0,0.0,126.5,739.0,
2024-06-29 16:00:00,31.5,119.75,3.42,4.15,5.0,15.92,3.48,0.64,7.12,,,,,,,,67.75,1.2,223.5,0.0,0.0,163.75,739.0,
2024-06-29 17:00:00,34.0,111.5,2.88,4.8,4.88,16.38,2.4,0.63,7.26,,,,,,,,71.25,1.5,225.5,0.0,0.0,66.25,739.0,
2024-06-29 18:00:00,31.75,105.0,3.9,3.85,5.22,14.7,3.02,0.63,8.7,,,,,,,,76.5,1.42,230.75,0.0,0.0,25.0,739.0,
2024-06-29 19:00:00,12.5,70.75,4.45,4.35,5.92,13.82,3.32,0.64,11.04,,,,,,,,78.75,1.12,227.5,0.0,0.0,18.0,739.75,
2024-06-29 20:00:00,3.75,65.25,4.85,3.9,6.02,13.38,3.92,0.66,11.74,,,,,,,,79.5,1.08,239.5,0.0,0.0,18.25,740.0,
2024-06-29 21:00:00,10.0,58.75,4.52,3.68,5.62,14.05,3.92,0.68,11.75,,,,,,,,77.0,1.5,245.75,0.0,0.0,18.5,740.75,
2024-06-29 22:00:00,11.25,52.75,4.4,2.58,4.92,15.78,2.58,0.65,13.84,,,,,,,,76.25,1.05,246.25,0.0,0.0,18.0,741.0,
2024-06-29 23:00:00,5.5,42.75,4.95,1.9,5.03,16.32,1.08,0.63,14.12,,,,,,,,77.0,0.85,253.25,0.0,0.0,17.75,740.75,
2024-06-30 00:00:00,4.5,33.5,4.97,2.35,5.3,16.18,1.15,0.62,13.7,,,,,,,,77.25,0.7,268.75,0.0,0.0,18.25,740.0,
2024-06-30 01:00:00,5.75,34.25,4.72,2.08,4.92,16.3,2.95,0.58,14.1,,,,,,,,78.0,0.62,280.25,0.0,0.0,17.5,740.0,
2024-06-30 02:00:00,4.75,31.25,5.45,1.45,5.2,14.35,2.5,0.54,14.19,,,,,,,,78.75,0.65,293.25,0.0,0.0,17.5,740.0,
2024-06-30 03:00:00,4.5,28.5,5.78,1.4,5.18,14.28,1.65,0.53,13.61,,,,,,,,79.25,0.42,297.25,0.0,0.0,17.5,739.0,
2024-06-30 04:00:00,6.25,28.5,5.72,1.7,5.52,14.0,2.05,0.54,13.68,,,,,,,,78.5,0.55,305.0,0.0,0.0,17.5,740.0,
2024-06-30 05:00:00,7.0,30.5,5.82,2.28,5.92,14.58,2.75,0.57,13.38,,,,,,,,79.75,0.62,311.25,0.0,0.0,18.0,740.0,
2024-06-30 06:00:00,7.0,25.75,6.88,2.82,7.1,16.95,4.95,0.57,14.82,,,,,,,,80.25,0.72,307.5,0.0,0.0,33.5,740.75,
2024-06-30 07:00:00,7.75,38.75,5.15,2.05,5.28,16.48,6.82,0.59,14.07,,,,,,,,78.5,0.6,300.5,0.0,0.0,89.75,741.0,
2024-06-30 08:00:00,16.25,112.75,7.28,2.65,7.32,16.48,7.78,0.58,15.1,,,,,,,,75.25,0.88,307.25,0.0,0.0,154.0,741.0,
2024-06-30 09:00:00,32.0,258.75,4.97,4.32,6.38,16.1,9.1,0.57,14.7,,,,,,,,70.0,0.62,294.5,0.0,0.0,234.0,741.0,
2024-06-30 10:00:00,26.75,158.25,7.35,6.8,9.6,13.52,7.78,0.57,13.6,,,,,,,,67.5,0.5,305.25,0.0,0.0,141.25,741.0,
2024-06-30 11:00:00,35.75,143.25,8.1,8.07,10.92,13.55,5.28,0.61,13.01,,,,,,,,67.5,0.35,304.0,0.0,0.0,106.0,741.0,
2024-06-30 12:00:00,32.25,126.75,5.18,5.85,7.3,13.38,4.72,0.67,11.35,,,,,,,,66.5,0.3,311.0,0.0,0.0,169.5,741.0,
2024-06-30 13:00:00,38.5,168.0,3.18,5.08,5.3,14.22,5.5,0.68,8.98,,,,,,,,63.75,0.35,295.25,0.0,0.0,211.25,740.75,
2024-06-30 14:00:00,25.0,90.25,3.82,3.45,4.9,14.38,3.25,0.74,10.34,,,,,,,,63.75,0.4,288.25,0.0,0.0,193.25,740.0,
2024-06-30 15:00:00,15.75,71.5,3.38,4.78,5.28,14.15,2.95,0.73,8.01,,,,,,,,72.5,0.88,222.5,0.0,0.0,157.0,739.75,
2024-06-30 16:00:00,15.25,69.25,4.12,3.62,5.3,14.12,4.18,0.66,9.12,,,,,,,,75.25,0.88,226.5,0.0,0.0,110.25,739.0,
2024-06-30 17:00:00,16.5,74.5,4.03,3.58,5.15,14.62,4.2,0.66,7.6,,,,,,,,76.75,1.28,227.75,0.0,0.0,75.5,739.5,
2024-06-30 18:00:00,16.75,67.25,3.35,4.0,4.88,14.15,5.9,0.62,8.99,,,,,,,,78.5,1.0,236.75,0.0,0.0,23.25,740.0,
2024-06-30 19:00:00,12.75,58.5,3.15,3.85,4.6,12.92,6.68,0.62,9.63,,,,,,,,80.25,0.8,243.25,0.0,0.0,17.75,740.5,
2024-06-30 20:00:00,10.75,56.25,3.98,3.6,5.12,12.78,4.47,0.65,11.03,,,,,,,,81.25,1.08,259.75,0.0,0.0,17.5,741.0,
2024-06-30 21:00:00,6.75,51.75,4.0,4.12,5.45,12.8,3.5,0.65,10.56,,,,,,,,80.25,0.9,255.5,0.0,0.0,17.5,741.0,
2024-06-30 22:00:00,6.0,41.0,4.38,3.08,5.2,13.7,4.82,0.72,10.96,,,,,,,,76.25,0.78,288.0,0.0,0.0,17.5,741.0,
2024-06-30 23:00:00,6.0,29.0,5.1,2.5,5.47,14.03,5.63,0.71,12.31,,,,,,,,76.33,0.93,296.0,0.0,0.0,18.0,741.33,
2024-07-01 00:00:00,6.75,66.25,4.68,4.62,6.25,13.82,4.28,0.61,13.0,,,,,,,,76.25,0.32,233.5,0.0,0.0,17.75,741.0,
2024-07-01 01:00:00,10.5,123.25,5.1,7.15,7.98,14.1,2.72,0.61,14.66,,,,,,,,78.0,0.3,310.0,0.0,0.0,17.5,740.5,
2024-07-01 02:00:00,12.5,113.75,4.82,2.33,5.18,13.52,2.1,0.5,13.9,,,,,,,,79.0,0.32,301.75,0.0,0.0,17.5,740.0,
2024-07-01 03:00:00,4.75,10.75,5.2,1.05,4.8,12.62,1.2,0.48,13.76,,,,,,,,80.25,0.35,305.25,0.0,0.0,17.5,740.0,
2024-07-01 04:00:00,4.5,14.5,5.62,2.1,5.68,12.3,2.4,0.54,19.12,,,,,,,,81.0,0.3,304.5,0.0,0.0,17.5,740.0,
2024-07-01 05:00:00,6.0,30.75,6.2,2.72,6.5,12.4,2.9,0.54,12.86,,,,,,,,81.75,0.3,298.25,0.0,0.0,17.5,740.0,
2024-07-01 06:00:00,6.0,37.75,6.22,2.72,6.52,14.28,6.5,0.65,15.14,,,,,,,,82.75,0.4,305.75,0.0,0.0,22.5,740.25,
2024-07-01 07:00:00,6.25,35.5,7.85,4.78,8.93,14.95,6.45,0.69,15.28,,,,,,,,83.0,0.32,314.5,0.0,0.0,33.5,741.0,
2024-07-01 08:00:00,12.25,51.75,7.78,4.3,8.6,15.02,4.45,0.65,16.31,,,,,,,,81.75,0.42,317.75,0.0,0.0,55.75,741.0,
2024-07-01 09:00:00,32.25,88.5,9.5,4.65,10.22,15.02,4.0,0.67,17.22,,,,,,,,79.5,0.6,315.0,0.0,0.0,120.25,741.0,
2024-07-01 10:00:00,39.5,96.0,9.32,2.95,9.15,14.1,4.92,0.61,16.06,,,,,,,,75.0,0.45,296.5,0.0,0.0,180.0,741.0,
2024-07-01 11:00:00,20.0,99.25,7.78,4.9,8.88,12.25,4.85,0.57,13.91,,,,,,,,69.0,0.52,300.5,0.0,0.0,268.5,741.0,
2024-07-01 12:00:00,13.5,79.5,8.1,6.57,10.07,12.08,4.88,0.62,12.56,,,,,,,,64.5,0.45,299.25,0.0,0.0,334.25,741.0,
2024-07-01 13:00:00,19.75,72.0,7.88,8.82,11.1,12.08,4.08,0.62,12.82,,,,,,,,62.0,0.68,303.25,0.0,0.0,283.0,740.25,
2024-07-01 14:00:00,13.5,74.5,5.6,5.18,7.3,13.15,4.85,0.68,10.78,,,,,,,,62.0,0.57,293.25,0.0,0.0,212.25,740.0,
2024-07-01 15:00:00,8.75,85.25,8.1,7.5,10.6,12.62,4.97,0.69,12.14,,,,,,,,63.0,0.62,300.0,0.0,0.0,168.5,739.75,
2024-07-01 16:00:00,18.75,98.75,7.55,7.98,10.38,12.52,2.65,0.62,13.38,,,,,,,,63.75,0.8,314.75,0.0,0.0,130.25,739.0,
2024-07-01 17:00:00,21.25,108.75,5.9,6.75,8.38,13.22,1.48,0.65,11.21,,,,,,,,68.25,0.5,264.5,0.0,0.0,66.25,739.0,
2024-07-01 18:00:00,18.0,107.75,5.72,7.05,8.4,13.02,4.58,0.66,10.81,,,,,,,,75.25,0.5,221.5,0.0,0.0,24.75,739.5,
2024-07-01 19:00:00,32.0,116.5,3.72,8.02,7.28,12.5,6.4,0.67,8.43,,,,,,,,75.5,0.38,255.0,0.0,0.0,18.25,740.0,
2024-07-01 20:00:00,30.5,113.0,4.95,5.2,6.78,12.8,6.45,0.74,7.62,,,,,,,,75.0,0.43,273.5,0.0,0.0,17.5,740.75,
2024-07-01 21:00:00,36.25,94.75,4.8,5.3,6.7,12.65,5.7,0.72,8.19,,,,,,,,76.0,0.32,294.25,0.0,0.0,17.75,741.0,
2024-07-01 22:00:00,34.0,77.5,4.18,3.58,5.3,14.55,5.48,0.78,7.07,,,,,,,,78.0,0.55,319.5,0.0,0.0,17.75,741.0,
2024-07-01 23:00:00,14.5,53.5,4.1,3.88,5.38,14.42,5.38,0.78,11.68,,,,,,,,78.75,0.35,316.0,0.0,0.0,17.5,740.75,
2024-07-02 00:00:00,12.75,50.75,4.35,3.68,5.48,14.98,5.82,0.72,13.3,,,,,,,,79.0,0.3,285.5,0.0,0.0,17.5,740.0,
2024-07-02 01:00:00,20.0,52.5,4.92,2.62,5.38,15.32,5.98,0.71,12.14,,,,,,,,80.5,0.3,302.0,0.0,0.0,17.5,739.75,
2024-07-02 02:00:00,15.5,38.75,4.6,3.12,5.42,14.3,5.82,0.62,14.17,,,,,,,,82.0,0.3,311.5,0.0,0.0,16.75,739.0,
2024-07-02 03:00:00,10.75,28.5,5.03,3.2,5.8,12.75,5.58,0.58,14.4,,,,,,,,82.0,0.35,319.25,0.0,0.0,17.0,739.0,
2024-07-02 04:00:00,11.25,29.0,5.03,3.75,6.1,12.55,5.32,0.62,13.7,,,,,,,,80.75,0.3,320.0,0.0,0.0,17.0,739.0,
2024-07-02 05:00:00,14.25,35.0,5.38,3.45,6.18,12.62,6.28,0.61,15.18,,,,,,,,79.0,0.3,323.5,0.0,0.0,18.0,739.5,
2024-07-02 06:00:00,12.75,50.0,8.18,6.42,10.02,13.88,5.55,0.71,15.9,,,,,,,,76.5,0.35,329.0,0.0,0.0,53.25,740.0,
2024-07-02 07:00:00,15.0,94.5,9.68,7.75,11.98,14.85,4.82,0.76,15.16,,,,,,,,71.5,0.3,317.25,0.0,0.0,121.25,740.5,
2024-07-02 08:00:00,15.5,92.0,10.07,4.65,10.65,15.1,3.32,0.7,15.12,,,,,,,,64.75,0.43,321.25,0.0,0.0,249.75,741.0,
2024-07-02 09:00:00,17.25,91.25,7.1,3.88,7.82,13.78,2.0,0.66,13.86,,,,,,,,60.0,0.72,309.0,0.0,0.0,333.0,741.0,
2024-07-02 10:00:00,15.75,98.0,6.4,6.42,8.6,12.08,1.9,0.57,13.84,,,,,,,,58.0,1.45,290.25,0.0,0.0,363.5,741.0,
2024-07-02 11:00:00,10.5,98.75,4.4,6.52,7.05,10.12,1.62,0.5,13.7,,,,,,,,57.0,1.35,290.25,0.0,0.0,428.25,741.0,
2024-07-02 12:00:00,14.0,93.5,3.68,3.88,5.03,9.62,2.78,0.54,12.45,,,,,,,,56.5,1.48,285.5,0.0,0.0,387.5,740.0,
2024-07-02 13:00:00,11.5,100.0,3.32,5.3,5.52,9.88,2.88,0.54,9.72,,,,,,,,56.5,1.4,286.75,0.0,0.0,332.25,740.0,
2024-07-02 14:00:00,12.5,155.75,3.5,3.92,4.92,9.55,3.6,0.56,11.98,,,,,,,,56.25,1.68,302.5,0.0,0.0,328.25,739.0,
2024-07-02 15:00:00,9.75,68.75,3.22,3.95,4.72,9.72,5.18,0.55,13.05,,,,,,,,56.25,1.65,304.5,0.0,0.0,269.25,738.5,
2024-07-02 16:00:00,8.75,87.0,3.55,3.92,5.03,9.8,3.95,0.54,10.36,,,,,,,,56.0,1.0,292.0,0.0,0.0,155.75,738.0,
2024-07-02 17:00:00,16.0,87.5,3.55,4.22,5.12,10.6,3.02,0.58,9.54,,,,,,,,63.0,1.52,250.5,0.0,0.0,90.0,738.0,
2024-07-02 18:00:00,17.0,106.25,3.62,5.8,6.02,11.92,4.07,0.6,8.18,,,,,,,,67.5,1.4,236.75,0.0,0.0,29.25,738.5,
2024-07-02 19:00:00,28.5,106.5,3.88,7.88,7.35,11.5,5.38,0.66,7.64,,,,,,,,70.25,0.52,231.25,0.0,0.0,18.5,739.0,
2024-07-02 20:00:00,25.5,102.5,5.4,6.28,7.7,11.98,4.5,0.7,8.56,,,,,,,,72.75,0.65,254.0,0.0,0.0,18.75,739.0,
2024-07-02 21:00:00,18.0,63.75,4.35,5.45,6.42,11.62,3.02,0.68,7.5,,,,,,,,75.0,0.72,269.0,0.0,0.0,18.75,740.0,
2024-07-02 22:00:00,8.25,50.75,3.45,3.85,4.88,13.15,4.1,0.72,7.53,,,,,,,,77.75,0.72,272.5,0.0,0.0,19.0,739.75,
2024-07-02 23:00:00,7.25,47.0,4.5,2.82,5.15,14.4,4.03,0.72,8.64,,,,,,,,78.0,0.55,264.5,0.0,0.0,18.75,739.5,
2024-07-03 00:00:00,9.75,34.5,3.42,1.82,3.78,14.72,3.1,0.65,10.11,,,,,,,,78.75,0.52,284.75,0.0,0.0,18.5,739.0,
2024-07-03 01:00:00,7.0,24.5,4.1,1.98,4.38,15.5,2.17,0.64,11.66,,,,,,,,80.25,0.32,294.75,0.0,0.0,18.5,739.0,
2024-07-03 02:00:00,9.0,25.25,4.42,1.85,4.55,15.88,3.48,0.62,16.45,,,,,,,,80.0,0.38,295.25,0.0,0.0,17.75,739.0,
2024-07-03 03:00:00,7.0,23.75,4.9,3.05,5.6,13.32,3.15,0.57,11.12,,,,,,,,80.5,0.35,316.75,0.0,0.0,18.25,739.0,
2024-07-03 04:00:00,10.0,26.5,4.85,4.18,6.15,13.8,3.62,0.62,13.53,,,,,,,,80.25,0.35,315.25,0.0,0.0,18.0,739.0,
2024-07-03 05:00:00,10.0,28.75,6.42,3.6,7.1,14.42,4.38,0.62,13.7,,,,,,,,80.25,0.3,324.5,0.0,0.0,17.25,740.0,
2024-07-03 06:00:00,10.75,39.75,7.75,5.62,9.27,23.12,8.05,0.7,14.51,,,,,,,,78.75,0.4,306.0,0.0,0.0,52.25,740.0,
2024-07-03 07:00:00,12.75,66.25,11.2,8.22,13.52,26.82,10.88,0.75,16.99,,,,,,,,73.25,0.43,295.75,0.0,0.0,145.5,740.5,
2024-07-03 08:00:00,11.5,72.5,9.95,5.82,11.18,28.85,8.45,0.7,12.36,,,,,,,,67.0,0.6,295.25,0.0,0.0,226.75,741.0,
2024-07-03 09:00:00,12.0,95.5,13.75,9.35,16.12,30.15,7.45,0.74,14.08,,,,,,,,62.0,0.72,295.5,0.0,0.0,300.75,741.25,
2024-07-03 10:00:00,15.75,107.0,10.22,5.78,11.38,30.45,6.25,0.71,14.74,,,,,,,,59.75,0.65,292.25,0.0,0.0,333.0,741.5,
2024-07-03 11:00:00,9.25,99.75,9.3,6.7,11.08,30.68,6.65,0.74,9.88,,,,,,,,57.5,0.92,288.25,0.0,0.0,393.75,741.0,
2024-07-03 12:00:00,11.75,135.0,10.75,6.78,12.35,31.85,6.88,0.76,12.35,,,,,,,,56.0,1.15,272.25,0.0,0.0,419.0,740.5,
2024-07-03 13:00:00,15.5,84.25,7.12,7.4,9.72,22.92,6.28,0.72,9.73,,,,,,,,55.25,1.3,276.5,0.0,0.0,403.25,740.0,
2024-07-03 14:00:00,10.75,67.0,4.0,3.95,5.32,14.75,3.78,0.6,10.2,,,,,,,,54.75,1.15,295.0,0.0,0.0,333.75,739.0,
2024-07-03 15:00:00,11.75,74.75,4.7,7.0,7.52,11.28,2.12,0.56,11.02,,,,,,,,54.5,1.25,307.25,0.0,0.0,221.0,738.25,
2024-07-03 16:00:00,21.0,105.5,4.78,8.0,8.15,11.1,0.92,0.61,7.14,,,,,,,,61.5,1.3,248.75,0.0,0.0,165.25,738.0,
2024-07-03 17:00:00,34.5,128.0,3.92,6.25,6.5,12.58,1.35,0.63,2.94,,,,,,,,69.75,2.05,226.5,0.0,0.0,89.25,738.0,
2024-07-03 18:00:00,37.0,121.75,3.85,7.3,7.0,12.62,3.7,0.69,2.48,,,,,,,,73.5,1.35,232.0,0.0,0.0,22.0,739.0,
2024-07-03 19:00:00,27.25,93.75,3.95,5.92,6.32,11.55,4.4,0.7,4.5,,,,,,,,74.5,1.02,236.5,0.0,0.0,17.5,739.0,
2024-07-03 20:00:00,13.25,71.75,4.3,4.22,5.75,11.28,2.98,0.68,8.05,,,,,,,,76.5,1.83,213.5,0.0,0.0,17.5,740.25,
2024-07-03 21:00:00,4.25,74.5,4.05,3.65,5.22,11.15,3.9,0.61,10.98,,,,,,,,84.5,2.28,239.0,8.0,8.0,9.75,741.0,
2024-07-03 22:00:00,2.5,31.0,4.0,4.95,5.88,9.78,4.78,0.62,9.77,,,,,,,,88.75,0.38,295.25,0.5,0.5,4.5,740.75,
2024-07-03 23:00:00,4.0,,3.6,5.3,5.75,10.2,4.7,0.62,9.83,,,,,,,,88.0,0.3,167.5,0.0,0.0,4.75,740.0,
2024-07-04 00:00:00,,,4.5,6.02,6.85,10.18,4.42,0.65,16.15,,,,,,,,87.75,0.3,181.75,0.0,0.0,5.25,739.5,
2024-07-04 01:00:00,9.0,16.0,5.45,5.78,7.52,11.82,4.92,0.63,18.82,,,,,,,,86.75,0.5,231.75,0.0,0.0,8.0,739.75,
2024-07-04 02:00:00,8.25,15.25,6.0,7.3,8.73,11.62,2.52,0.62,14.67,,,,,,,,85.5,0.32,245.5,0.0,0.0,9.0,739.75,
2024-07-04 03:00:00,5.75,14.0,6.48,3.68,7.22,11.78,1.55,0.6,12.5,,,,,,,,86.0,0.3,236.5,0.0,0.0,9.5,739.0,
2024-07-04 04:00:00,5.0,18.5,7.08,4.53,8.18,11.92,2.68,0.61,23.22,,,,,,,,85.5,0.3,261.5,0.0,0.0,9.75,739.0,
2024-07-04 05:00:00,7.75,21.75,6.35,1.95,6.2,12.92,2.25,0.61,16.65,,,,,,,,84.0,0.3,297.25,0.0,0.0,10.75,739.25,
2024-07-04 06:00:00,14.5,18.75,7.0,4.25,7.98,12.62,6.4,0.64,13.36,,,,,,,,84.0,0.3,278.75,0.0,0.0,22.75,740.0,
2024-07-04 07:00:00,12.0,22.75,10.38,6.78,12.02,13.4,8.7,0.69,16.34,,,,,,,,82.5,0.3,298.25,0.0,0.0,67.75,740.75,
2024-07-04 08:00:00,20.0,33.0,14.05,10.85,17.18,13.22,5.48,0.71,15.05,,,,,,,,78.25,0.3,292.0,0.0,0.0,138.75,741.0,
2024-07-04 09:00:00,23.5,47.5,10.25,8.38,12.78,14.0,4.53,0.72,13.54,,,,,,,,72.5,0.35,287.25,0.0,0.0,255.75,741.0,
2024-07-04 10:00:00,15.0,45.0,10.02,7.3,12.05,13.95,8.3,0.64,10.54,,,,,,,,65.0,0.75,284.25,0.0,0.0,355.5,741.0,
2024-07-04 11:00:00,12.75,42.25,11.65,9.3,14.4,13.65,9.52,0.66,11.91,,,,,,,,62.25,1.08,276.25,0.0,0.0,416.75,741.0,
2024-07-04 12:00:00,14.0,51.5,6.35,9.6,10.25,11.78,4.8,0.62,7.77,,,,,,,,60.5,0.98,276.25,0.0,0.0,335.75,740.25,
2024-07-04 13:00:00,12.25,67.75,3.7,8.72,7.62,11.35,3.5,0.63,7.29,,,,,,,,61.0,0.7,280.0,0.0,0.0,207.5,740.0,
2024-07-04 14:00:00,17.5,42.5,5.35,10.98,10.2,9.18,4.12,0.65,6.1,,,,,,,,60.0,0.52,276.0,0.0,0.0,228.75,739.0,
2024-07-04 15:00:00,20.25,50.0,6.32,14.05,12.62,12.52,3.45,0.65,4.37,,,,,,,,61.25,0.48,271.0,0.0,0.0,142.0,739.0,
2024-07-04 16:00:00,16.5,56.0,6.78,12.32,12.05,9.48,4.88,0.61,9.41,,,,,,,,63.0,0.55,233.75,0.0,0.0,146.75,738.75,
2024-07-04 17:00:00,21.0,74.0,4.6,10.4,9.2,10.4,5.2,0.66,1.86,,,,,,,,70.0,0.6,223.0,0.0,0.0,77.0,738.0,
2024-07-04 18:00:00,,,,,,,,,,,,,,,,,,,,,0.0,,,
2024-07-04 19:00:00,,,,,,,,,,,,,,,,,,,,,0.0,,,
2024-07-04 20:00:00,,,,,,,,,,,,,,,,,,,,,0.0,,,
2024-07-04 21:00:00,,,,,,,,,,,,,,,,,,,,,0.0,,,
2024-07-04 22:00:00,,,,,,,,,,,,,,,,,,,,,0.0,,,
2024-07-04 23:00:00,,,,,,,,,,,,,,,,,,,,,0.0,,,
2024-07-05 00:00:00,,,,,,,,,,,,,,,,,,,,,0.0,,,
2024-07-05 01:00:00,,,,,,,,,,,,,,,,,,,,,0.0,,,
2024-07-05 02:00:00,,,,,,,,,,,,,,,,,,,,,0.0,,,
2024-07-05 03:00:00,,,,,,,,,,,,,,,,,,,,,0.0,,,
2024-07-05 04:00:00,,,,,,,,,,,,,,,,,,,,,0.0,,,
2024-07-05 05:00:00,,,,,,,,,,,,,,,,,,,,,0.0,,,
2024-07-05 06:00:00,,,,,,,,,,,,,,,,,,,,,0.0,,,
2024-07-05 07:00:00,,,,,,,,,,,,,,,,,,,,,0.0,,,
2024-07-05 08:00:00,,,,,,,,,,,,,,,,,,,,,0.0,,,
2024-07-05 09:00:00,,,,,,,,,,,,,,,,,,,,,0.0,,,
2024-07-05 10:00:00,,,,,,,,,,,,,,,,,,,,,0.0,,,
2024-07-05 11:00:00,,,,,,,,,,,,,,,,,,,,,0.0,,,
2024-07-05 12:00:00,,,,,,,,,,,,,,,,,,,,,0.0,,,
2024-07-05 13:00:00,,,,,,,,,,,,,,,,,,,,,0.0,,,
2024-07-05 14:00:00,,,,,,,,,,,,,,,,,,,,,0.0,,,
2024-07-05 15:00:00,,,,,,,,,,,,,,,,,,,,,0.0,,,
2024-07-05 16:00:00,,,,,,,,,,,,,,,,,,,,,0.0,,,
2024-07-05 17:00:00,,,,,,,,,,,,,,,,,,,,,0.0,,,
2024-07-05 18:00:00,,,,,,,,,,,,,,,,,,,,,0.0,,,
2024-07-05 19:00:00,,,,,,,,,,,,,,,,,,,,,0.0,,,
2024-07-05 20:00:00,,,,,,,,,,,,,,,,,,,,,0.0,,,
2024-07-05 21:00:00,,,,,,,,,,,,,,,,,,,,,0.0,,,
2024-07-05 22:00:00,,,,,,,,,,,,,,,,,,,,,0.0,,,
2024-07-05 23:00:00,,,,,,,,,,,,,,,,,,,,,0.0,,,
2024-07-06 00:00:00,,,,,,,,,,,,,,,,,,,,,0.0,,,
2024-07-06 01:00:00,,,,,,,,,,,,,,,,,,,,,0.0,,,
2024-07-06 02:00:00,,,,,,,,,,,,,,,,,,,,,0.0,,,
2024-07-06 03:00:00,,,,,,,,,,,,,,,,,,,,,0.0,,,
2024-07-06 04:00:00,,,,,,,,,,,,,,,,,,,,,0.0,,,
2024-07-06 05:00:00,,,,,,,,,,,,,,,,,,,,,0.0,,,
2024-07-06 06:00:00,,,,,,,,,,,,,,,,,,,,,0.0,,,
2024-07-06 07:00:00,,,,,,,,,,,,,,,,,,,,,0.0,,,
2024-07-06 08:00:00,,,,,,,,,,,,,,,,,,,,,0.0,,,
2024-07-06 09:00:00,,,,,,,,,,,,,,,,,,,,,0.0,,,
2024-07-06 10:00:00,,,,,,,,,,,,,,,,,,,,,0.0,,,
2024-07-06 11:00:00,,,,,,,,,,,,,,,,,,,,,0.0,,,
2024-07-06 12:00:00,,,,,,,,,,,,,,,,,,,,,0.0,,,
2024-07-06 13:00:00,,74.0,,,,,,,8.8,,,,,,,,,,,,0.0,,,
2024-07-06 14:00:00,17.0,71.75,,,,,3.77,0.66,18.8,,,,,,,,70.75,0.3,278.0,0.0,0.0,125.25,738.75,
2024-07-06 15:00:00,22.25,70.75,6.2,13.0,11.95,25.02,4.9,0.83,46.08,,,,,,,,73.75,0.3,223.25,0.0,0.0,102.0,738.0,
2024-07-06 16:00:00,36.5,96.5,8.4,14.68,14.62,29.35,3.5,0.79,13.05,,,,,,,,73.5,0.3,238.5,0.0,0.0,81.25,738.0,
2024-07-06 17:00:00,30.75,112.75,4.68,8.28,8.22,27.88,3.35,0.85,13.39,,,,,,,,77.0,0.3,215.5,0.0,0.0,57.75,738.0,
2024-07-06 18:00:00,24.5,85.0,6.0,11.22,10.88,26.7,2.42,0.87,13.27,,,,,,,,78.75,0.35,215.25,0.0,0.0,19.0,738.0,
2024-07-06 19:00:00,18.25,85.75,7.08,12.15,12.23,25.95,2.3,0.96,14.83,,,,,,,,80.0,0.3,218.5,0.0,0.0,12.5,738.0,
2024-07-06 20:00:00,26.25,91.25,7.72,11.18,12.25,24.6,4.97,0.98,15.31,,,,,,,,79.75,0.3,214.5,0.0,0.0,12.5,739.0,
2024-07-06 21:00:00,33.75,100.5,4.65,14.85,11.7,24.0,5.98,0.99,15.74,,,,,,,,79.0,0.38,218.0,0.0,0.0,11.5,739.0,
2024-07-06 22:00:00,18.75,86.75,6.67,5.68,9.3,22.68,4.65,0.86,13.0,,,,,,,,79.5,0.5,220.25,0.0,0.0,11.5,739.0,
2024-07-06 23:00:00,18.0,46.75,8.38,5.5,9.78,20.48,4.32,0.82,12.42,,,,,,,,80.75,0.35,217.0,0.0,0.0,11.0,739.0,
2024-07-07 00:00:00,8.25,35.75,4.08,4.25,5.57,21.32,2.72,0.77,13.82,,,,,,,,81.25,0.32,225.75,0.0,0.0,11.0,739.0,
2024-07-07 01:00:00,5.5,31.0,7.28,2.82,7.42,20.85,1.35,0.74,14.04,,,,,,,,82.0,0.32,253.0,0.0,0.0,11.0,738.75,
2024-07-07 02:00:00,4.5,28.0,6.95,2.17,6.82,20.45,3.65,0.71,14.5,,,,,,,,82.75,0.45,273.25,0.0,0.0,11.0,738.0,
2024-07-07 03:00:00,6.0,27.75,7.45,2.08,7.12,20.92,4.45,0.7,15.24,,,,,,,,80.25,0.3,258.25,0.0,0.0,11.25,738.0,
2024-07-07 04:00:00,5.5,28.25,6.7,5.0,8.15,28.7,3.12,0.7,15.5,,,,,,,,79.75,0.3,269.0,0.0,0.0,10.5,737.5,
2024-07-07 05:00:00,7.5,35.0,7.68,5.85,9.32,20.35,2.48,0.74,16.66,,,,,,,,80.25,0.3,276.0,0.0,0.0,12.0,738.0,
2024-07-07 06:00:00,19.25,47.25,5.95,7.42,8.82,19.18,3.62,0.71,16.49,,,,,,,,77.75,0.3,275.25,0.0,0.0,36.0,738.5,
2024-07-07 07:00:00,20.5,60.25,9.28,7.38,11.48,17.5,2.75,0.72,15.32,,,,,,,,75.0,0.3,277.75,0.0,0.0,80.0,739.0,
2024-07-07 08:00:00,13.5,66.25,10.98,9.38,13.9,15.9,3.45,0.72,16.04,,,,,,,,71.75,0.3,273.25,0.0,0.0,115.75,740.0,
2024-07-07 09:00:00,15.5,56.5,8.2,5.95,9.8,16.35,4.0,0.71,14.66,,,,,,,,66.75,0.42,267.0,0.0,0.0,306.0,740.0,
2024-07-07 10:00:00,15.25,58.5,9.02,4.08,9.5,17.2,3.98,0.75,14.74,,,,,,,,60.0,0.82,254.5,0.0,0.0,419.5,740.0,
2024-07-07 11:00:00,10.25,52.25,11.12,7.9,13.22,15.95,4.3,0.73,15.64,,,,,,,,58.75,0.7,266.25,0.0,0.0,436.5,739.75,
2024-07-07 12:00:00,10.0,52.75,11.5,4.55,11.8,15.8,4.47,0.63,14.48,,,,,,,,58.25,0.9,254.25,0.0,0.0,437.75,739.25,
2024-07-07 13:00:00,7.0,43.0,10.85,7.12,12.6,15.78,5.25,0.62,14.72,,,,,,,,57.0,0.55,252.0,0.0,0.0,379.0,739.0,
2024-07-07 14:00:00,7.0,42.25,8.12,5.92,9.8,14.9,3.92,0.56,13.3,,,,,,,,56.75,0.62,253.5,0.0,0.0,316.75,738.75,
2024-07-07 15:00:00,6.5,42.75,5.48,5.4,7.3,14.7,2.45,0.55,11.91,,,,,,,,62.0,1.18,237.25,0.0,0.0,253.25,738.0,
2024-07-07 16:00:00,7.75,51.5,4.45,4.62,6.1,14.42,2.25,0.57,10.26,,,,,,,,68.75,1.65,215.0,0.0,0.0,137.75,738.0,
2024-07-07 17:00:00,20.0,52.25,3.15,4.92,5.18,14.95,2.48,0.58,10.4,,,,,,,,75.75,1.08,180.25,1.5,1.5,22.5,738.0,
2024-07-07 18:00:00,26.5,41.25,4.4,5.7,6.6,14.45,4.2,0.68,12.88,,,,,,,,81.75,1.05,240.0,0.0,0.0,8.5,737.25,
2024-07-07 19:00:00,10.0,15.0,3.98,4.72,5.75,15.55,4.97,0.68,12.56,,,,,,,,81.0,0.73,249.75,0.0,0.0,10.5,738.75,
2024-07-07 20:00:00,,,5.38,6.38,7.72,15.68,6.78,0.61,13.59,,,,,,,,81.5,0.82,176.25,0.0,0.0,10.25,739.0,
2024-07-07 21:00:00,2.0,10.0,4.45,5.8,6.7,16.55,7.48,0.62,13.58,,,,,,,,84.25,0.72,149.25,0.0,0.0,10.25,739.0,
2024-07-07 22:00:00,2.75,9.75,3.12,6.62,6.05,16.97,2.42,0.62,13.98,,,,,,,,85.5,0.32,203.0,0.0,0.0,9.75,739.5,
2024-07-07 23:00:00,4.75,9.5,5.15,7.45,8.18,15.58,0.3,0.62,14.83,,,,,,,,84.25,0.3,259.25,0.0,0.0,10.75,739.0,
2024-07-08 00:00:00,5.25,11.5,4.9,7.72,8.1,15.58,0.63,0.6,15.45,,,,,,,,84.0,0.3,93.0,0.0,0.0,11.25,739.0,
2024-07-08 01:00:00,9.5,14.75,4.75,8.85,8.6,15.35,1.1,0.6,15.7,,,,,,,,82.5,0.3,277.5,0.0,0.0,10.25,738.25,
2024-07-08 02:00:00,10.75,20.5,5.82,6.65,8.32,16.95,4.1,0.68,15.99,,,,,,,,83.0,0.3,266.0,0.0,0.0,8.75,738.0,
2024-07-08 03:00:00,9.75,21.5,5.32,5.32,7.2,17.35,4.78,0.69,16.19,,,,,,,,82.0,0.3,277.5,0.0,0.0,9.5,737.75,
2024-07-08 04:00:00,8.5,20.5,6.28,8.7,9.72,17.88,6.62,0.64,16.38,,,,,,,,83.0,0.3,269.5,0.0,0.0,10.5,737.75,
2024-07-08 05:00:00,8.25,21.75,7.5,6.95,9.8,17.27,6.85,0.65,16.53,,,,,,,,83.5,0.3,274.25,0.0,0.0,11.0,738.0,
2024-07-08 06:00:00,12.25,23.5,9.1,8.65,12.0,17.25,4.72,0.66,17.56,,,,,,,,83.5,0.3,274.0,0.0,0.0,16.25,738.0,
2024-07-08 07:00:00,13.75,31.25,11.42,8.8,13.95,15.65,3.9,0.68,16.4,,,,,,,,83.0,0.3,281.0,0.0,0.0,38.25,738.75,
2024-07-08 08:00:00,22.0,38.25,13.68,10.0,16.45,15.58,3.68,0.78,16.2,,,,,,,,81.0,0.3,268.25,0.0,0.0,86.0,739.0,
2024-07-08 09:00:00,35.0,59.75,16.05,10.38,18.58,14.88,3.05,0.81,16.51,,,,,,,,75.75,0.3,259.75,0.0,0.0,138.0,739.0,
2024-07-08 10:00:00,20.5,72.75,15.75,13.28,19.9,15.5,4.45,0.85,15.47,,,,,,,,71.75,0.42,275.75,0.0,0.0,199.75,739.0,
2024-07-08 11:00:00,20.25,78.5,10.6,12.52,15.3,16.52,5.72,0.82,13.98,,,,,,,,67.75,0.65,273.5,0.0,0.0,259.75,739.0,
2024-07-08 12:00:00,15.5,60.75,10.0,10.62,13.8,17.75,2.88,0.76,14.2,,,,,,,,64.5,0.78,262.25,0.0,0.0,326.25,739.0,
2024-07-08 13:00:00,15.0,71.75,6.02,7.0,8.62,16.52,1.78,0.72,13.7,,,,,,,,62.5,0.9,266.75,0.0,0.0,342.75,738.75,
2024-07-08 14:00:00,10.5,39.0,12.98,12.82,17.4,15.98,4.15,0.7,14.82,,,,,,,,62.75,0.6,275.0,0.0,0.0,178.0,738.0,
2024-07-08 15:00:00,17.0,92.0,10.62,11.52,14.75,15.05,4.62,0.65,13.63,,,,,,,,63.5,0.48,274.75,0.0,0.0,137.0,737.25,
2024-07-08 16:00:00,21.75,215.0,12.4,11.55,16.25,15.6,5.22,0.66,14.0,,,,,,,,62.25,0.38,274.25,0.0,0.0,122.5,737.0,
2024-07-08 17:00:00,18.5,,11.27,12.32,15.72,15.48,4.65,0.7,13.77,,,,,,,,64.25,0.32,246.25,0.0,0.0,62.25,737.0,
2024-07-08 18:00:00,20.0,,9.18,11.32,13.5,17.92,3.75,0.77,12.69,,,,,,,,71.5,0.55,219.5,0.0,0.0,18.0,737.25,
2024-07-08 19:00:00,21.0,,6.95,9.38,10.62,19.3,3.7,0.86,10.13,,,,,,,,77.75,0.48,221.0,0.0,0.0,11.75,738.0,
2024-07-08 20:00:00,28.75,,6.4,10.25,10.68,20.15,3.42,0.92,11.38,,,,,,,,77.5,0.3,220.75,0.0,0.0,11.75,738.0,
2024-07-08 21:00:00,42.0,,5.45,9.35,9.43,21.72,3.58,0.89,12.48,,,,,,,,77.25,0.35,218.25,0.0,0.0,11.75,739.0,
2024-07-08 22:00:00,34.5,,6.15,6.75,8.6,20.35,3.42,0.82,12.87,,,,,,,,76.0,0.3,243.5,0.0,0.0,11.75,739.0,
2024-07-08 23:00:00,19.75,,5.75,8.6,9.23,17.9,2.15,0.77,14.16,,,,,,,,76.75,0.3,275.75,0.0,0.0,11.75,739.0,
2024-07-09 00:00:00,17.25,,6.48,9.35,10.22,17.8,5.35,0.76,15.71,,,,,,,,74.5,0.3,270.0,0.0,0.0,12.0,739.0,
2024-07-09 01:00:00,19.5,,7.3,8.88,10.7,17.1,5.72,0.73,15.8,,,,,,,,74.0,0.3,272.75,0.0,0.0,12.25,738.5,
2024-07-09 02:00:00,17.0,,6.7,6.45,8.9,20.02,6.72,0.75,15.36,,,,,,,,73.75,0.3,269.0,0.0,0.0,12.0,738.0,
2024-07-09 03:00:00,19.75,,8.82,9.12,12.0,20.27,7.88,0.78,16.27,,,,,,,,75.0,0.3,278.25,0.0,0.0,11.75,738.0,
2024-07-09 04:00:00,10.5,,10.75,8.57,13.3,21.4,4.12,0.79,16.47,,,,,,,,77.75,0.3,261.75,0.0,0.0,10.25,738.0,
2024-07-09 05:00:00,11.5,,9.48,5.72,10.7,20.6,2.68,0.79,17.2,,,,,,,,78.25,0.3,276.25,0.0,0.0,10.0,738.0,
2024-07-09 06:00:00,10.25,,15.15,10.95,18.15,18.7,3.05,0.8,17.15,,,,,,,,80.0,0.3,269.25,0.0,0.0,15.25,738.75,
2024-07-09 07:00:00,13.25,,20.0,13.4,23.38,15.68,2.45,0.79,16.22,,,,,,,,78.25,0.3,256.5,0.0,0.0,36.75,739.75,
2024-07-09 08:00:00,23.25,,22.68,10.95,24.28,15.2,3.88,0.79,16.31,,,,,,,,76.75,0.3,270.0,0.0,0.0,72.25,740.0,
2024-07-09 09:00:00,31.75,,19.9,12.45,22.8,14.4,4.42,0.86,16.32,,,,,,,,73.5,0.3,272.25,0.0,0.0,136.5,740.0,
2024-07-09 10:00:00,25.25,,14.68,11.38,18.0,17.73,3.8,0.82,14.46,,,,,,,,70.5,0.38,267.75,0.0,0.0,201.75,740.0,
2024-07-09 11:00:00,17.75,66.0,12.28,15.82,18.4,18.2,5.2,0.84,14.1,,,,,,,,67.5,0.32,269.5,0.0,0.0,210.0,740.0,
2024-07-09 12:00:00,16.5,62.25,7.25,10.02,11.22,18.62,4.1,0.77,13.65,,,,,,,,64.5,0.7,273.5,0.0,0.0,213.75,740.0,
2024-07-09 13:00:00,9.0,49.5,8.35,11.7,13.02,18.5,3.45,0.71,13.94,,,,,,,,64.0,0.45,265.75,0.0,0.0,175.25,740.0,
2024-07-09 14:00:00,18.0,45.0,14.55,13.35,18.95,17.68,2.6,0.68,13.96,,,,,,,,62.5,0.4,271.25,0.0,0.0,248.75,740.0,
2024-07-09 15:00:00,16.0,47.25,11.9,11.42,15.75,16.08,0.7,0.64,13.96,,,,,,,,60.25,0.48,257.25,0.0,0.0,247.25,739.0,
2024-07-09 16:00:00,10.25,54.25,7.8,6.88,10.0,17.52,2.28,0.68,11.24,,,,,,,,68.75,0.95,210.75,0.0,0.0,168.5,739.0,
2024-07-09 17:00:00,12.0,59.0,5.12,7.45,8.12,17.68,3.7,0.71,8.0,,,,,,,,74.5,0.62,206.25,0.0,0.0,52.75,739.0,
2024-07-09 18:00:00,18.0,74.25,7.2,12.88,12.72,19.45,2.08,0.75,10.22,,,,,,,,77.0,0.52,217.5,0.0,0.0,22.0,739.0,
2024-07-09 19:00:00,29.0,82.0,5.98,8.02,9.12,21.1,1.6,0.8,9.62,,,,,,,,79.75,0.62,220.75,0.0,0.0,15.75,739.25,
2024-07-09 20:00:00,34.75,80.0,6.48,7.32,9.18,22.02,2.7,0.82,10.28,,,,,,,,78.0,0.45,225.0,0.0,0.0,16.0,740.0,
2024-07-09 21:00:00,28.25,82.25,4.95,5.92,7.2,22.05,3.92,0.8,11.22,,,,,,,,78.5,0.65,225.75,0.0,0.0,15.75,740.0,
2024-07-09 22:00:00,10.0,49.25,5.9,5.25,7.6,21.05,4.2,0.76,13.76,,,,,,,,80.0,0.45,226.0,0.0,0.0,15.0,740.0,
2024-07-09 23:00:00,6.5,40.5,5.65,5.25,7.38,17.98,3.1,0.72,13.17,,,,,,,,80.0,0.32,236.75,0.0,0.0,14.5,740.5,
2024-07-10 00:00:00,5.25,42.0,5.03,3.48,5.95,18.2,4.68,0.69,12.64,,,,,,,,79.25,0.4,236.5,0.0,0.0,15.0,740.0,
2024-07-10 01:00:00,7.25,24.75,5.95,1.48,5.62,17.35,4.9,0.66,12.98,,,,,,,,79.0,0.5,239.0,0.0,0.0,15.25,740.0,
2024-07-10 02:00:00,12.0,28.25,5.0,3.95,6.15,19.4,5.1,0.65,13.62,,,,,,,,78.25,0.4,240.5,0.0,0.0,15.5,740.0,
2024-07-10 03:00:00,14.0,31.75,6.02,3.3,6.68,20.6,6.25,0.69,14.35,,,,,,,,77.75,0.38,250.0,0.0,0.0,15.25,740.0,
2024-07-10 04:00:00,10.75,29.25,5.7,4.05,6.78,19.4,5.9,0.66,15.24,,,,,,,,79.75,0.3,269.5,0.0,0.0,15.5,740.0,
2024-07-10 05:00:00,10.0,25.75,5.52,4.97,7.18,19.48,5.78,0.66,16.21,,,,,,,,81.25,0.3,271.5,0.0,0.0,16.0,740.5,
2024-07-10 06:00:00,12.75,38.25,6.72,6.95,9.15,19.2,3.78,0.7,16.97,,,,,,,,80.25,0.3,273.0,0.0,0.0,51.75,741.0,
2024-07-10 07:00:00,22.75,62.75,7.98,5.18,9.25,16.05,2.58,0.69,15.38,,,,,,,,75.5,0.3,275.0,0.0,0.0,142.75,741.0,
2024-07-10 08:00:00,24.25,72.25,7.12,6.72,9.38,15.75,2.9,0.7,14.72,,,,,,,,67.25,0.65,278.0,0.0,0.0,252.0,741.75,
2024-07-10 09:00:00,14.0,69.75,5.95,5.98,8.02,14.48,3.08,0.67,13.37,,,,,,,,61.25,1.08,249.75,0.0,0.0,342.0,742.0,
2024-07-10 10:00:00,15.0,50.5,4.35,5.78,6.62,15.85,5.35,0.65,11.6,,,,,,,,57.75,0.72,230.25,0.0,0.0,409.5,741.75,
2024-07-10 11:00:00,9.75,51.5,4.85,4.62,6.4,15.78,7.25,0.66,11.55,,,,,,,,57.0,0.92,214.25,0.0,0.0,441.75,741.0,
2024-07-10 12:00:00,11.5,59.25,3.47,4.42,5.18,15.32,2.98,0.64,10.26,,,,,,,,55.5,0.45,251.0,0.0,0.0,448.0,741.0,
2024-07-10 13:00:00,12.0,65.25,4.3,5.08,6.2,14.95,1.27,0.64,9.36,,,,,,,,58.75,1.1,242.5,0.0,0.0,400.25,740.75,
2024-07-10 14:00:00,17.5,78.5,3.1,4.12,4.75,16.05,3.12,0.61,9.42,,,,,,,,64.0,1.52,210.75,0.0,0.0,319.5,740.0,
2024-07-10 15:00:00,16.0,70.0,4.47,3.58,5.58,14.2,3.55,0.58,7.82,,,,,,,,66.25,1.83,208.5,0.0,0.0,257.75,740.0,
2024-07-10 16:00:00,17.25,67.25,4.32,4.68,6.0,13.5,3.75,0.62,7.16,,,,,,,,67.75,1.75,217.0,0.0,0.0,183.5,740.0,
2024-07-10 17:00:00,20.0,70.25,2.7,5.65,5.18,13.62,3.85,0.63,7.34,,,,,,,,69.25,1.55,214.0,0.0,0.0,85.0,740.0,
2024-07-10 18:00:00,16.0,76.25,4.6,6.2,7.0,13.4,4.03,0.67,8.12,,,,,,,,72.5,0.78,215.0,0.0,0.0,25.0,740.0,
2024-07-10 19:00:00,12.5,72.25,3.45,5.75,5.82,15.0,4.78,0.73,9.23,,,,,,,,76.75,0.8,216.25,0.0,0.0,17.25,740.0,
2024-07-10 20:00:00,14.25,69.25,3.8,6.08,6.3,16.02,3.82,0.76,8.25,,,,,,,,77.5,0.8,216.5,0.0,0.0,16.75,741.0,
2024-07-10 21:00:00,21.75,69.75,4.88,4.85,6.58,15.9,2.42,0.73,9.62,,,,,,,,79.5,1.12,220.25,0.0,0.0,16.5,741.0,
2024-07-10 22:00:00,13.5,50.5,4.15,5.28,6.18,17.02,1.05,0.71,13.04,,,,,,,,79.5,1.0,225.0,0.0,0.0,15.75,741.0,
2024-07-10 23:00:00,8.0,50.0,5.8,2.45,6.05,14.42,0.85,0.65,13.22,,,,,,,,77.25,1.42,242.25,0.0,0.0,16.5,741.0,
2024-07-11 00:00:00,5.0,53.25,4.72,2.75,5.3,13.2,1.65,0.62,11.74,,,,,,,,79.5,1.65,243.75,0.0,0.0,10.5,741.25,
2024-07-11 01:00:00,4.75,54.0,4.12,5.68,6.38,13.6,2.75,0.61,12.45,,,,,,,,82.0,0.42,242.25,0.0,0.0,10.25,741.0,
2024-07-11 02:00:00,4.0,,4.15,5.15,6.12,14.05,3.1,0.58,12.26,,,,,,,,83.0,0.32,276.5,0.0,0.0,13.25,741.0,
2024-07-11 03:00:00,,,3.55,4.95,5.52,15.18,4.47,0.62,13.44,,,,,,,,83.75,0.3,250.75,0.0,0.0,11.25,740.75,
2024-07-11 04:00:00,,,4.72,7.75,7.95,15.38,3.7,0.62,15.94,,,,,,,,86.25,0.48,118.75,0.0,0.0,7.0,740.0,
2024-07-11 05:00:00,6.0,7.0,5.65,7.62,8.65,15.4,2.98,0.64,15.74,,,,,,,,87.0,0.57,138.75,0.0,0.0,6.75,740.0,
2024-07-11 06:00:00,7.0,8.0,6.68,10.35,10.92,16.08,3.55,0.66,16.54,,,,,,,,87.0,0.3,184.25,0.0,0.0,10.0,740.25,
2024-07-11 07:00:00,9.75,13.5,6.12,10.75,10.7,13.28,3.28,0.7,15.74,,,,,,,,86.0,0.3,181.75,0.0,0.0,23.25,741.0,
2024-07-11 08:00:00,12.25,23.0,12.78,14.92,18.32,13.0,3.62,0.78,15.98,,,,,,,,85.25,0.3,247.5,0.0,0.0,40.5,741.0,
2024-07-11 09:00:00,20.5,28.25,13.2,10.78,16.45,13.1,3.18,0.75,16.29,,,,,,,,83.25,0.32,268.5,0.0,0.0,80.5,741.0,
2024-07-11 10:00:00,16.0,28.25,10.5,6.28,11.9,14.1,4.35,0.73,14.63,,,,,,,,81.25,0.45,277.25,0.0,0.0,165.5,741.0,
2024-07-11 11:00:00,17.25,49.5,8.55,4.68,9.42,16.32,6.7,0.78,12.49,,,,,,,,77.5,0.4,271.5,0.0,0.0,190.0,741.0,
2024-07-11 12:00:00,23.75,101.0,6.48,7.92,9.45,15.98,4.03,0.78,10.92,,,,,,,,73.75,0.45,270.25,0.0,0.0,192.25,740.25,
2024-07-11 13:00:00,29.75,107.5,3.15,6.75,6.15,14.58,3.85,0.74,10.75,,,,,,,,70.25,0.55,261.75,0.0,0.0,190.75,740.0,
2024-07-11 14:00:00,22.75,59.0,2.42,5.85,5.05,14.85,4.22,0.74,10.61,,,,,,,,67.25,0.43,269.25,0.0,0.0,191.75,739.75,
2024-07-11 15:00:00,20.75,69.75,2.52,6.3,5.38,12.45,2.97,0.71,9.32,,,,,,,,66.25,0.32,245.0,0.0,0.0,133.25,739.0,
2024-07-11 16:00:00,18.0,67.0,3.0,7.15,6.22,12.78,2.85,0.69,9.12,,,,,,,,77.0,1.35,214.5,0.0,0.0,93.0,739.0,
2024-07-11 17:00:00,21.75,71.75,3.9,5.48,6.08,12.2,3.42,0.69,10.58,,,,,,,,78.75,1.55,213.25,0.0,0.0,55.5,739.0,
2024-07-11 18:00:00,23.25,71.5,3.85,6.98,6.85,13.48,2.85,0.71,8.74,,,,,,,,80.0,0.88,216.75,0.0,0.0,20.5,739.0,
2024-07-11 19:00:00,20.25,56.0,5.12,7.12,7.98,14.85,3.58,0.78,9.39,,,,,,,,80.0,0.6,217.0,0.0,0.0,15.5,739.0,
2024-07-11 20:00:00,18.0,57.75,4.25,6.15,6.7,15.38,3.6,0.8,9.62,,,,,,,,80.0,0.55,222.5,0.0,0.0,15.5,739.0,
2024-07-11 21:00:00,20.5,57.0,4.65,7.85,7.95,15.3,3.82,0.83,10.26,,,,,,,,80.5,0.57,221.0,0.0,0.0,15.5,739.0,
2024-07-11 22:00:00,25.25,61.5,4.22,6.82,7.08,15.5,3.32,0.78,9.98,,,,,,,,81.5,0.62,219.5,0.0,0.0,15.0,739.75,
2024-07-11 23:00:00,18.75,50.0,3.82,4.9,5.72,14.0,1.85,0.74,9.11,,,,,,,,81.25,0.38,221.5,0.0,0.0,15.0,739.5,
2024-07-12 00:00:00,23.75,52.75,4.03,4.47,5.65,13.5,1.72,0.72,9.26,,,,,,,,82.75,0.3,235.25,0.0,0.0,15.25,739.0,
2024-07-12 01:00:00,20.25,42.0,4.58,2.4,4.95,13.62,2.95,0.68,10.68,,,,,,,,83.0,0.32,244.25,0.0,0.0,15.0,739.0,
2024-07-12 02:00:00,11.25,37.25,5.82,2.72,6.18,13.6,4.95,0.67,11.19,,,,,,,,82.5,0.32,239.75,0.0,0.0,15.25,738.0,
2024-07-12 03:00:00,10.75,31.25,7.62,3.9,8.28,15.3,6.7,0.7,13.88,,,,,,,,83.0,0.35,243.75,0.0,0.0,15.5,738.0,
2024-07-12 04:00:00,14.25,30.0,5.6,2.85,6.05,15.25,5.18,0.68,13.82,,,,,,,,84.0,0.75,272.0,0.0,0.0,15.0,738.0,
2024-07-12 05:00:00,14.5,35.25,5.95,3.28,6.58,15.42,4.55,0.7,12.87,,,,,,,,84.0,0.5,274.5,0.0,0.0,15.75,738.75,
2024-07-12 06:00:00,28.25,45.75,7.45,5.48,8.95,16.12,4.8,0.77,16.12,,,,,,,,83.75,0.32,269.25,0.0,0.0,48.0,739.0,
2024-07-12 07:00:00,19.25,53.5,7.6,4.4,8.52,14.02,3.98,0.82,15.02,,,,,,,,77.75,0.45,266.25,0.0,0.0,147.75,739.75,
2024-07-12 08:00:00,19.25,50.25,7.3,5.15,8.7,13.55,5.15,0.85,13.94,,,,,,,,71.5,0.5,273.0,0.0,0.0,248.75,740.0,
2024-07-12 09:00:00,25.25,73.0,7.88,6.65,9.95,13.42,6.0,0.82,11.83,,,,,,,,65.5,0.55,266.25,0.0,0.0,338.75,740.0,
2024-07-12 10:00:00,21.75,73.75,5.72,5.42,7.52,13.3,4.5,0.79,10.2,,,,,,,,62.25,0.55,266.75,0.0,0.0,362.75,740.0,
2024-07-12 11:00:00,20.25,82.25,5.12,5.42,7.05,14.98,5.75,0.79,9.3,,,,,,,,60.5,0.7,248.75,0.0,0.0,437.0,739.75,
2024-07-12 12:00:00,29.5,144.25,4.2,3.95,5.52,14.52,5.82,0.76,8.79,,,,,,,,58.75,0.88,247.0,0.0,0.0,449.75,739.0,
2024-07-12 13:00:00,32.25,158.75,2.33,5.45,4.8,13.98,6.45,0.73,9.34,,,,,,,,57.75,0.72,260.5,0.0,0.0,393.75,739.0,
2024-07-12 14:00:00,21.75,67.25,3.65,4.15,5.18,15.08,4.28,0.72,7.42,,,,,,,,63.5,1.65,223.25,0.0,0.0,322.75,738.0,
2024-07-12 15:00:00,33.25,101.5,3.15,4.85,5.12,13.6,3.38,0.68,5.29,,,,,,,,67.75,2.95,219.75,0.0,0.0,261.5,737.25,
2024-07-12 16:00:00,30.75,99.25,3.4,4.82,5.32,12.75,4.08,0.65,7.06,,,,,,,,71.5,3.42,221.5,0.0,0.0,182.25,737.0,
2024-07-12 17:00:00,20.0,81.25,2.17,4.15,3.95,12.52,4.65,0.64,9.6,,,,,,,,76.75,2.72,223.25,0.0,0.0,79.75,737.0,
2024-07-12 18:00:00,15.75,62.75,3.28,5.52,5.6,12.4,4.5,0.66,10.64,,,,,,,,78.75,1.8,225.5,0.0,0.0,23.0,737.0,
2024-07-12 19:00:00,13.25,66.5,4.2,6.02,6.62,13.48,6.08,0.72,11.52,,,,,,,,80.0,1.98,230.0,0.0,0.0,16.75,737.5,
2024-07-12 20:00:00,17.25,67.25,3.62,4.3,5.22,14.35,6.78,0.67,10.38,,,,,,,,77.25,2.7,224.5,0.5,0.5,16.67,738.5,
2024-07-12 21:00:00,13.75,64.5,4.15,6.52,6.82,17.38,6.45,0.7,13.27,,,,,,,,87.25,0.8,212.75,1.0,1.0,5.67,739.0,
2024-07-12 22:00:00,2.25,9.75,4.05,7.38,7.2,12.98,4.12,0.66,12.46,,,,,,,,87.0,0.32,281.5,0.0,0.0,5.75,739.5,
2024-07-12 23:00:00,5.75,10.5,5.03,5.25,6.85,14.25,3.9,0.61,12.88,,,,,,,,87.25,0.95,253.5,2.0,2.0,4.25,740.0,
2024-07-13 00:00:00,5.0,6.0,5.42,3.2,6.1,12.48,2.4,0.68,13.78,,,,,,,,88.0,0.43,261.25,0.75,0.75,3.75,739.25,
2024-07-13 01:00:00,,,5.18,3.15,5.9,11.3,1.23,0.66,13.18,,,,,,,,88.0,0.38,278.0,0.75,0.75,3.75,739.0,
2024-07-13 02:00:00,,,4.05,5.4,6.18,11.02,4.08,0.57,14.51,,,,,,,,88.0,0.32,279.0,0.0,0.0,4.5,738.25,
2024-07-13 03:00:00,,,5.3,6.15,7.6,12.45,4.7,0.58,17.98,,,,,,,,88.0,0.3,284.75,0.0,0.0,4.75,738.0,
2024-07-13 04:00:00,,,6.15,5.25,7.8,13.3,3.7,0.64,21.42,,,,,,,,88.0,0.3,279.0,0.0,0.0,5.25,738.0,
2024-07-13 05:00:00,4.0,,6.25,5.0,7.75,13.52,2.98,0.63,14.62,,,,,,,,88.0,0.32,243.0,0.0,0.0,5.5,738.0,
2024-07-13 06:00:00,4.0,,6.22,4.03,7.2,13.48,5.22,0.61,15.92,,,,,,,,85.75,0.52,225.5,0.0,0.0,13.0,738.0,
2024-07-13 07:00:00,,,6.82,3.97,7.62,13.88,6.25,0.63,23.78,,,,,,,,84.0,0.38,212.75,0.0,0.0,39.5,738.0,
2024-07-13 08:00:00,5.0,16.0,8.35,4.9,9.4,10.72,4.55,0.62,15.92,,,,,,,,81.0,0.45,206.75,0.0,0.0,83.75,739.0,
2024-07-13 09:00:00,4.25,14.75,8.55,4.55,9.4,10.8,3.68,0.62,17.7,,,,,,,,76.75,0.75,241.5,0.0,0.0,151.5,739.0,
2024-07-13 10:00:00,2.75,23.5,8.28,5.48,9.65,10.9,3.68,0.64,14.74,,,,,,,,72.5,1.1,250.0,0.0,0.0,232.75,739.0,
2024-07-13 11:00:00,5.0,52.5,6.4,5.5,8.15,11.35,3.68,0.62,13.61,,,,,,,,69.25,1.2,247.75,0.0,0.0,331.5,739.0,
2024-07-13 12:00:00,7.5,30.0,5.35,4.62,6.82,12.82,3.68,0.64,11.92,,,,,,,,64.5,1.08,248.75,0.0,0.0,348.5,739.0,
2024-07-13 13:00:00,13.75,36.5,4.28,7.48,7.45,11.8,3.58,0.62,9.95,,,,,,,,63.5,0.88,266.0,0.0,0.0,297.0,738.75,
2024-07-13 14:00:00,9.25,31.5,3.05,4.7,4.97,11.5,5.6,0.62,10.7,,,,,,,,65.5,0.8,267.5,0.0,0.0,162.75,738.0,
2024-07-13 15:00:00,9.75,47.5,3.58,6.28,6.25,12.68,7.15,0.65,10.61,,,,,,,,70.25,0.55,250.5,0.0,0.0,111.25,737.75,
2024-07-13 16:00:00,24.25,78.25,3.08,9.02,7.32,12.22,5.98,0.67,9.89,,,,,,,,75.5,0.78,224.5,0.0,0.0,78.5,737.0,
2024-07-13 17:00:00,39.5,90.75,3.42,8.15,7.12,10.98,4.68,0.69,6.04,,,,,,,,77.25,0.65,223.0,0.0,0.0,53.75,737.0,
2024-07-13 18:00:00,28.25,83.0,3.75,11.75,9.3,11.22,4.1,0.81,11.01,,,,,,,,78.0,0.3,218.75,0.0,0.0,18.25,737.75,
2024-07-13 19:00:00,25.5,91.25,5.48,12.22,10.95,11.65,3.9,0.85,11.02,,,,,,,,78.5,0.32,216.25,0.0,0.0,13.5,738.0,
2024-07-13 20:00:00,21.0,88.75,4.97,9.2,8.93,13.4,4.88,0.86,12.09,,,,,,,,79.75,0.42,225.75,0.0,0.0,13.75,738.0,
2024-07-13 21:00:00,11.5,53.0,5.72,4.12,6.82,13.72,4.75,0.82,12.26,,,,,,,,80.5,0.62,263.75,0.0,0.0,13.75,738.25,
2024-07-13 22:00:00,10.25,27.0,5.15,3.42,6.02,13.65,5.3,0.75,12.61,,,,,,,,78.25,0.85,282.75,0.0,0.0,13.5,738.25,
2024-07-13 23:00:00,9.75,20.0,6.48,3.65,7.2,13.58,5.3,0.72,13.55,,,,,,,,76.75,0.35,268.0,0.0,0.0,13.25,738.0,
2024-07-14 00:00:00,6.75,19.5,6.1,4.38,7.28,12.05,2.05,0.65,14.42,,,,,,,,76.5,1.02,107.75,0.0,0.0,13.5,738.0,
2024-07-14 01:00:00,8.25,22.5,4.92,2.5,5.32,11.95,0.8,0.62,13.37,,,,,,,,77.25,0.95,83.25,0.0,0.0,13.75,737.75,
2024-07-14 02:00:00,5.75,11.25,5.1,3.65,6.08,11.3,4.4,0.63,14.52,,,,,,,,79.25,0.32,121.75,0.0,0.0,13.5,737.25,
2024-07-14 03:00:00,5.0,19.0,5.98,3.45,6.68,12.48,5.15,0.6,15.2,,,,,,,,79.5,0.3,239.5,0.0,0.0,14.25,738.0,
2024-07-14 04:00:00,6.5,23.75,6.12,6.42,8.4,14.65,6.12,0.64,16.35,,,,,,,,80.5,0.3,277.75,0.0,0.0,13.75,738.0,
2024-07-14 05:00:00,10.75,28.25,7.28,6.6,9.4,14.42,6.48,0.64,17.19,,,,,,,,81.25,0.3,274.0,0.0,0.0,13.75,738.0,
2024-07-14 06:00:00,10.75,33.0,9.82,7.02,11.75,14.35,6.62,0.65,16.84,,,,,,,,81.0,0.3,269.0,0.0,0.0,21.0,738.0,
2024-07-14 07:00:00,14.25,54.0,9.12,7.55,11.42,14.58,5.92,0.66,17.58,,,,,,,,80.25,0.3,264.5,0.0,0.0,42.0,738.0,
2024-07-14 08:00:00,17.75,53.25,11.2,7.12,12.9,12.32,3.52,0.67,16.15,,,,,,,,79.5,0.3,284.5,0.0,0.0,58.0,738.0,
2024-07-14 09:00:00,18.0,55.0,11.1,7.05,12.8,12.18,3.52,0.72,18.12,,,,,,,,77.5,0.3,255.25,0.0,0.0,74.5,738.0,
2024-07-14 10:00:00,23.5,74.0,11.22,8.1,13.42,12.52,3.47,0.79,15.53,,,,,,,,76.5,0.3,238.25,0.0,0.0,93.0,738.0,
2024-07-14 11:00:00,27.5,84.75,10.3,6.38,11.75,12.5,3.0,0.77,13.26,,,,,,,,74.5,0.3,286.75,0.0,0.0,154.0,738.0,
2024-07-14 12:00:00,21.5,57.5,10.4,5.3,11.3,15.3,2.58,0.84,13.54,,,,,,,,70.25,0.3,238.5,0.0,0.0,133.75,738.0,
2024-07-14 13:00:00,46.5,77.25,7.28,7.38,9.85,15.3,3.12,0.89,11.34,,,,,,,,71.5,0.3,112.0,0.0,0.0,140.25,737.25,
2024-07-14 14:00:00,63.75,90.25,7.1,6.18,9.07,14.8,2.12,0.83,11.43,,,,,,,,70.75,0.3,265.25,0.0,0.0,162.0,737.0,
2024-07-14 15:00:00,12.75,46.5,5.55,5.15,7.25,15.23,1.75,0.82,10.56,,,,,,,,75.5,0.38,215.25,0.0,0.0,113.25,736.5,
2024-07-14 16:00:00,15.0,50.0,5.68,6.48,8.1,12.0,2.08,0.75,12.24,,,,,,,,75.0,0.3,212.75,0.0,0.0,78.75,736.5,
2024-07-14 17:00:00,14.25,53.0,5.32,5.4,7.2,12.38,2.0,0.73,10.83,,,,,,,,76.5,0.72,235.25,0.0,0.0,44.0,737.0,
2024-07-14 18:00:00,15.5,48.25,4.3,6.75,7.08,11.95,4.5,0.79,7.73,,,,,,,,79.25,0.68,241.5,0.0,0.0,19.25,737.0,
2024-07-14 19:00:00,25.5,61.0,4.03,7.25,7.12,13.82,6.2,0.79,7.6,,,,,,,,80.0,0.32,231.25,0.0,0.0,15.25,737.0,
2024-07-14 20:00:00,25.25,59.5,3.65,6.35,6.32,16.12,4.1,0.85,8.59,,,,,,,,80.0,0.3,246.0,0.0,0.0,14.75,737.5,
2024-07-14 21:00:00,28.5,56.5,4.35,5.98,6.72,15.88,3.1,0.89,16.22,,,,,,,,81.75,0.3,246.75,0.0,0.0,13.25,738.0,
2024-07-14 22:00:00,27.5,60.0,3.5,11.38,8.9,16.05,3.62,0.93,14.28,,,,,,,,82.0,0.3,212.75,0.0,0.0,13.0,738.0,
2024-07-14 23:00:00,26.25,49.75,4.7,5.0,6.5,16.2,4.42,0.82,15.16,,,,,,,,78.5,0.32,278.25,0.0,0.0,13.5,738.0,
2024-07-15 00:00:00,15.25,24.75,5.82,2.2,5.9,13.32,3.12,0.72,15.14,,,,,,,,74.5,0.4,293.75,0.0,0.0,14.5,737.75,
2024-07-15 01:00:00,6.75,15.5,6.42,2.05,6.35,12.42,2.35,0.67,15.08,,,,,,,,73.75,0.3,282.0,0.0,0.0,14.5,737.0,
2024-07-15 02:00:00,5.0,15.5,4.75,3.42,5.68,12.42,2.05,0.66,15.26,,,,,,,,77.0,0.35,279.5,0.0,0.0,12.0,737.0,
2024-07-15 03:00:00,1.75,10.0,5.0,2.12,5.15,12.5,2.48,0.62,15.39,,,,,,,,79.75,0.43,287.75,0.0,0.0,11.75,737.0,
2024-07-15 04:00:00,1.0,6.25,5.72,2.95,6.28,14.0,5.38,0.67,15.84,,,,,,,,79.75,0.4,289.25,0.0,0.0,12.5,737.0,
2024-07-15 05:00:00,,4.5,6.28,3.5,6.95,14.9,6.58,0.68,15.85,,,,,,,,79.0,0.38,287.75,0.0,0.0,13.75,737.0,
2024-07-15 06:00:00,2.0,6.75,7.82,4.38,8.7,14.62,5.1,0.65,16.24,,,,,,,,80.0,0.38,286.5,0.0,0.0,24.25,737.0,
2024-07-15 07:00:00,3.0,12.75,7.95,4.65,8.93,16.4,4.68,0.66,16.12,,,,,,,,79.25,0.62,295.0,0.0,0.0,49.5,737.5,
2024-07-15 08:00:00,5.75,20.5,8.25,3.58,8.62,13.42,2.45,0.63,18.92,,,,,,,,80.0,0.62,295.75,0.0,0.0,93.75,738.0,
2024-07-15 09:00:00,4.25,15.25,8.6,3.65,8.9,11.42,1.72,0.62,15.81,,,,,,,,76.75,0.98,293.25,0.0,0.0,129.5,738.0,
2024-07-15 10:00:00,2.75,32.5,7.65,3.78,8.25,11.5,2.42,0.64,13.36,,,,,,,,74.25,0.78,286.75,0.0,0.0,176.5,738.0,
2024-07-15 11:00:00,5.25,33.75,12.25,4.97,12.6,12.6,3.28,0.62,14.48,,,,,,,,72.75,0.7,287.75,0.0,0.0,174.0,738.0,
2024-07-15 12:00:00,5.75,22.5,21.42,5.78,20.5,20.45,4.82,0.72,14.69,,,,,,,,77.0,0.52,296.25,0.0,0.0,117.5,738.0,
2024-07-15 13:00:00,4.25,18.0,19.15,5.58,18.52,23.78,5.98,0.72,14.61,,,,,,,,78.75,0.48,302.0,0.0,0.0,93.75,737.0,
2024-07-15 14:00:00,4.0,20.25,17.4,5.85,17.27,25.98,5.7,0.72,11.51,,,,,,,,81.25,0.3,302.25,0.0,0.0,59.5,736.75,
2024-07-15 15:00:00,9.0,24.75,14.0,6.55,14.9,28.72,4.9,0.76,20.45,,,,,,,,82.25,0.3,292.5,0.0,0.0,44.25,736.25,
2024-07-15 16:00:00,6.75,17.5,12.15,7.02,13.62,25.6,3.6,0.74,14.46,,,,,,,,82.5,0.3,271.75,0.0,0.0,75.0,736.0,
2024-07-15 17:00:00,11.25,19.25,9.88,6.15,11.32,13.32,1.2,0.7,13.04,,,,,,,,81.25,0.48,308.0,0.0,0.0,45.5,736.0,
2024-07-15 18:00:00,15.25,30.0,6.93,9.48,10.68,12.3,0.88,0.8,14.94,,,,,,,,80.25,0.4,302.5,0.0,0.0,15.25,736.0,
2024-07-15 19:00:00,8.0,34.25,6.68,7.32,9.32,12.45,0.88,0.79,14.76,,,,,,,,80.0,0.48,306.0,0.0,0.0,11.75,736.75,
2024-07-15 20:00:00,11.0,34.25,7.95,5.92,9.62,12.82,2.15,0.77,14.18,,,,,,,,80.0,0.52,306.25,0.0,0.0,12.25,737.0,
2024-07-15 21:00:00,11.0,24.5,5.5,6.4,7.88,11.3,3.85,0.77,14.65,,,,,,,,80.75,0.6,306.75,0.0,0.0,12.25,737.0,
2024-07-15 22:00:00,10.0,26.75,6.95,5.5,8.6,10.4,5.05,0.73,14.0,,,,,,,,80.0,0.52,303.5,0.0,0.0,12.75,737.0,
2024-07-15 23:00:00,7.75,20.75,6.5,4.58,7.7,10.68,4.58,0.71,14.52,,,,,,,,81.5,0.3,300.75,0.0,0.0,12.75,737.0,
2024-07-16 00:00:00,9.75,22.25,5.8,4.08,6.88,10.38,4.38,0.69,14.65,,,,,,,,82.0,0.57,299.5,0.0,0.0,13.0,737.0,
2024-07-16 01:00:00,8.5,21.0,5.32,3.2,6.02,12.3,3.7,0.68,15.14,,,,,,,,82.25,0.7,309.75,0.0,0.0,12.75,736.5,
2024-07-16 02:00:00,7.0,21.75,6.65,4.05,7.58,13.98,5.12,0.71,15.62,,,,,,,,82.25,0.65,306.0,0.0,0.0,12.75,736.0,
2024-07-16 03:00:00,6.5,13.5,5.62,2.82,6.1,14.3,4.93,0.69,15.79,,,,,,,,81.0,0.88,308.5,0.0,0.0,13.0,736.75,
2024-07-16 04:00:00,5.0,8.0,6.8,2.72,6.98,13.82,4.92,0.62,15.17,,,,,,,,80.25,0.78,309.0,0.0,0.0,13.25,736.0,
2024-07-16 05:00:00,,4.25,6.0,2.95,6.42,11.68,3.75,0.59,15.85,,,,,,,,78.5,0.75,310.5,0.0,0.0,13.25,737.0,
2024-07-16 06:00:00,,4.0,7.95,2.72,7.93,10.28,4.97,0.57,15.11,,,,,,,,78.0,0.45,300.25,0.0,0.0,27.75,737.0,
2024-07-16 07:00:00,1.0,9.25,6.22,3.82,7.05,10.38,5.0,0.57,15.22,,,,,,,,78.5,0.7,304.5,0.0,0.0,70.0,737.75,
2024-07-16 08:00:00,1.0,12.0,7.2,3.62,7.8,10.42,4.28,0.62,15.02,,,,,,,,76.0,0.78,302.0,0.0,0.0,132.25,738.0,
2024-07-16 09:00:00,1.75,31.0,6.98,4.75,8.22,12.88,4.05,0.62,15.26,,,,,,,,71.5,0.98,289.25,0.0,0.0,222.5,738.0,
2024-07-16 10:00:00,3.5,38.25,7.12,4.15,8.0,14.28,4.57,0.65,14.36,,,,,,,,68.75,1.05,273.25,0.0,0.0,256.0,738.0,
2024-07-16 11:00:00,2.75,27.5,5.75,4.95,7.3,14.88,3.32,0.65,13.83,,,,,,,,69.5,0.85,290.75,0.0,0.0,154.75,737.75,
2024-07-16 12:00:00,6.75,39.75,5.58,4.58,7.0,14.72,2.6,0.64,12.6,,,,,,,,71.25,0.55,291.5,0.0,0.0,143.25,737.75,
2024-07-16 13:00:00,11.25,43.0,5.42,4.1,6.55,13.55,3.1,0.62,12.6,,,,,,,,70.75,0.78,312.5,0.0,0.0,203.75,737.0,
2024-07-16 14:00:00,8.0,33.75,5.4,4.4,6.72,12.0,3.75,0.57,11.59,,,,,,,,68.5,0.8,297.0,0.0,0.0,198.25,737.0,
2024-07-16 15:00:00,6.5,28.75,3.25,5.4,5.5,12.65,4.0,0.56,11.74,,,,,,,,68.75,0.5,305.75,0.0,0.0,103.75,737.0,
2024-07-16 16:00:00,9.75,43.25,3.9,5.85,6.28,12.28,4.3,0.6,11.09,,,,,,,,71.0,0.52,296.25,0.0,0.0,83.25,736.0,
2024-07-16 17:00:00,5.75,38.75,2.88,6.55,5.82,15.58,4.92,0.61,9.95,,,,,,,,73.5,1.08,302.5,0.0,0.0,41.75,736.0,
2024-07-16 18:00:00,5.5,23.25,3.58,5.42,5.8,15.02,4.6,0.62,13.02,,,,,,,,76.25,0.82,308.5,0.0,0.0,20.0,737.0,
2024-07-16 19:00:00,7.75,24.5,3.62,4.22,5.2,15.0,3.48,0.62,13.4,,,,,,,,76.25,0.75,306.75,0.0,0.0,14.75,737.0,
2024-07-16 20:00:00,10.25,27.5,3.88,4.4,5.52,15.08,2.65,0.65,13.66,,,,,,,,77.25,0.48,299.5,0.0,0.0,15.25,737.75,
2024-07-16 21:00:00,12.0,31.0,4.97,4.32,6.35,14.72,3.35,0.64,14.61,,,,,,,,77.0,0.55,307.25,0.0,0.0,15.0,738.0,
2024-07-16 22:00:00,13.0,24.75,3.28,4.85,5.22,12.62,4.1,0.58,14.31,,,,,,,,76.5,0.7,305.75,0.0,0.0,15.25,738.0,
2024-07-16 23:00:00,7.5,17.75,3.62,2.28,4.15,12.8,4.5,0.56,13.54,,,,,,,,75.25,0.98,299.75,0.0,0.0,15.5,738.0,
2024-07-17 00:00:00,8.0,26.75,4.95,2.8,5.5,11.95,3.55,0.57,13.96,,,,,,,,75.75,0.6,296.5,0.0,0.0,14.5,737.25,
2024-07-17 01:00:00,6.0,32.25,4.2,3.55,5.28,14.32,4.5,0.58,14.78,,,,,,,,77.0,0.72,301.5,0.0,0.0,15.25,737.0,
2024-07-17 02:00:00,8.5,37.5,5.3,3.48,6.15,15.38,4.65,0.61,14.88,,,,,,,,77.0,0.75,298.75,0.0,0.0,16.25,737.0,
2024-07-17 03:00:00,8.0,25.0,4.9,3.85,6.02,14.8,4.22,0.61,15.42,,,,,,,,78.0,0.52,297.0,0.0,0.0,16.25,737.0,
2024-07-17 04:00:00,11.5,29.75,5.3,2.95,5.88,15.7,5.45,0.6,15.9,,,,,,,,79.0,0.38,294.75,0.0,0.0,16.0,737.0,
2024-07-17 05:00:00,12.0,32.75,5.7,3.88,6.7,14.78,7.05,0.59,15.87,,,,,,,,79.75,0.3,295.25,0.0,0.0,15.5,737.25,
2024-07-17 06:00:00,9.25,30.0,7.08,4.62,8.25,12.22,6.65,0.61,15.66,,,,,,,,80.0,0.3,308.5,0.0,0.0,28.75,738.0,
2024-07-17 07:00:00,11.25,42.5,6.72,5.52,8.4,12.0,7.1,0.63,15.68,,,,,,,,79.0,0.3,302.0,0.0,0.0,40.5,738.75,
2024-07-17 08:00:00,14.5,45.25,8.55,4.72,9.43,11.7,4.88,0.68,15.74,,,,,,,,78.25,0.3,286.5,0.0,0.0,81.75,739.0,
2024-07-17 09:00:00,12.0,49.5,7.68,4.7,8.72,13.25,4.18,0.7,16.23,,,,,,,,74.5,0.3,296.0,0.0,0.0,157.25,739.0,
2024-07-17 10:00:00,10.5,56.75,8.85,5.42,10.1,15.95,4.68,0.74,15.53,,,,,,,,72.5,0.32,295.0,0.0,0.0,202.25,739.0,
2024-07-17 11:00:00,13.75,84.25,7.85,4.8,8.95,16.0,3.75,0.74,13.6,,,,,,,,66.5,0.8,281.25,0.0,0.0,381.5,739.0,
2024-07-17 12:00:00,11.5,104.75,6.05,3.75,6.88,15.75,4.42,0.64,13.25,,,,,,,,62.25,1.35,266.25,0.0,0.0,387.25,738.25,
2024-07-17 13:00:00,15.25,69.75,4.9,4.95,6.62,14.18,4.15,0.6,12.67,,,,,,,,62.25,0.98,259.0,0.0,0.0,292.75,738.5,
2024-07-17 14:00:00,14.0,60.25,4.18,4.02,5.55,12.38,2.8,0.58,12.52,,,,,,,,60.75,0.82,273.0,0.0,0.0,268.75,738.0,
2024-07-17 15:00:00,15.25,72.25,4.72,3.42,5.62,12.38,1.4,0.56,11.69,,,,,,,,61.0,0.57,259.75,0.0,0.0,198.75,737.25,
2024-07-17 16:00:00,9.75,77.75,3.62,3.7,4.9,12.65,2.95,0.6,9.8,,,,,,,,67.75,0.6,257.0,0.0,0.0,98.0,737.0,
2024-07-17 17:00:00,13.25,85.0,4.45,7.6,7.68,14.1,3.48,0.65,10.03,,,,,,,,71.25,0.62,240.25,0.0,0.0,57.0,737.25,
2024-07-17 18:00:00,24.75,113.5,4.45,8.55,8.18,15.25,4.62,0.72,13.16,,,,,,,,73.0,0.4,236.0,0.0,0.0,19.5,737.75,
2024-07-17 19:00:00,17.5,87.0,5.38,5.25,7.18,15.38,5.05,0.68,14.37,,,,,,,,70.0,0.62,276.5,0.0,0.0,16.25,738.0,
2024-07-17 20:00:00,7.0,47.25,4.03,4.75,5.8,15.77,4.82,0.68,14.3,,,,,,,,69.75,0.7,283.75,0.0,0.0,16.5,739.0,
2024-07-17 21:00:00,7.0,46.5,4.45,3.62,5.58,16.0,4.55,0.65,13.32,,,,,,,,69.25,0.57,283.5,0.0,0.0,15.5,739.25,
2024-07-17 22:00:00,6.75,46.25,4.32,4.68,6.0,13.82,3.45,0.63,13.92,,,,,,,,70.0,0.4,270.75,0.0,0.0,15.5,739.5,
2024-07-17 23:00:00,5.5,30.0,5.2,2.9,5.78,13.62,3.75,0.61,13.74,,,,,,,,70.25,0.42,276.25,0.0,0.0,15.5,739.0,
2024-07-18 00:00:00,4.5,26.0,5.78,2.55,6.05,13.62,2.78,0.58,14.94,,,,,,,,71.75,0.35,269.0,0.0,0.0,15.5,739.0,
2024-07-18 01:00:00,5.5,28.5,4.25,3.85,5.5,15.68,3.4,0.58,14.39,,,,,,,,72.75,0.3,262.5,0.0,0.0,15.75,738.0,
2024-07-18 02:00:00,4.0,18.5,5.45,1.65,5.3,17.32,5.05,0.6,15.46,,,,,,,,73.25,0.5,281.75,0.0,0.0,15.75,737.5,
2024-07-18 03:00:00,4.0,22.25,5.4,2.72,5.85,15.88,5.0,0.58,15.7,,,,,,,,74.0,0.5,280.5,0.0,0.0,16.25,737.5,
2024-07-18 04:00:00,3.25,25.5,5.43,3.18,6.07,16.45,5.48,0.56,15.86,,,,,,,,73.75,0.38,266.25,0.0,0.0,16.0,737.5,
2024-07-18 05:00:00,2.5,22.75,4.4,3.12,5.25,15.72,6.0,0.56,14.95,,,,,,,,73.25,0.4,264.5,0.0,0.0,15.75,737.75,
2024-07-18 06:00:00,7.0,42.25,5.9,4.15,6.98,12.9,1.77,0.52,15.5,,,,,,,,74.0,0.4,270.25,0.0,0.0,25.5,738.0,
2024-07-18 07:00:00,8.0,37.25,7.93,3.88,8.48,13.42,0.2,0.55,15.51,,,,,,,,74.0,0.32,277.25,0.0,0.0,57.5,738.75,
2024-07-18 08:00:00,10.75,59.75,8.43,6.02,10.02,13.28,1.65,0.6,15.44,,,,,,,,73.0,0.3,278.75,0.0,0.0,58.25,739.0,
2024-07-18 09:00:00,10.25,91.5,9.02,6.25,10.62,14.7,2.3,0.66,15.68,,,,,,,,72.5,0.3,281.25,0.0,0.0,106.75,739.0,
2024-07-18 10:00:00,10.75,144.25,7.18,4.75,8.35,16.6,1.98,0.69,15.9,,,,,,,,68.75,0.6,287.0,0.0,0.0,215.0,739.0,
2024-07-18 11:00:00,13.0,116.0,7.42,5.5,8.98,16.35,2.55,0.68,14.03,,,,,,,,66.75,0.5,269.5,0.0,0.0,178.25,739.0,
2024-07-18 12:00:00,20.5,114.5,6.35,5.12,7.9,16.27,3.88,0.64,13.92,,,,,,,,68.0,0.45,279.5,0.0,0.0,180.0,738.75,
2024-07-18 13:00:00,14.25,120.0,6.9,4.5,8.0,16.88,4.68,0.62,13.66,,,,,,,,64.25,0.68,269.25,0.0,0.0,151.25,738.0,
2024-07-18 14:00:00,8.25,106.0,5.25,4.97,6.9,14.35,3.3,0.6,12.34,,,,,,,,66.5,0.6,282.5,0.0,0.0,156.0,738.0,
2024-07-18 15:00:00,11.5,176.75,4.62,4.88,6.35,15.08,3.1,0.6,11.63,,,,,,,,69.5,0.55,276.0,0.0,0.0,126.25,737.0,
2024-07-18 16:00:00,23.5,263.75,3.82,5.72,6.15,15.0,3.97,0.62,12.79,,,,,,,,68.25,0.65,277.0,0.0,0.0,105.0,737.0,
2024-07-18 17:00:00,14.0,168.5,4.9,3.82,6.02,18.27,4.7,0.6,12.72,,,,,,,,74.75,1.0,257.0,2.5,2.5,31.5,737.0,
2024-07-18 18:00:00,21.0,153.25,5.65,6.5,8.07,17.8,2.4,0.73,15.58,,,,,,,,85.75,0.35,260.25,0.0,0.0,5.0,737.0,
2024-07-18 19:00:00,7.0,13.0,4.6,5.82,6.82,19.95,2.22,0.72,16.16,,,,,,,,82.75,0.57,279.75,0.0,0.0,7.0,738.0,
2024-07-18 20:00:00,9.25,13.75,5.9,4.75,7.32,19.2,2.7,0.66,16.12,,,,,,,,81.25,0.48,265.5,0.0,0.0,10.0,737.75,
2024-07-18 21:00:00,5.5,16.5,5.58,4.75,7.1,18.7,2.72,0.63,15.98,,,,,,,,77.25,0.62,275.5,0.0,0.0,11.25,738.0,
2024-07-18 22:00:00,1.0,15.25,6.2,3.15,6.7,17.85,3.68,0.62,14.85,,,,,,,,76.0,0.85,272.0,0.0,0.0,11.75,738.0,
2024-07-18 23:00:00,1.0,7.75,6.22,2.52,6.42,14.65,4.03,0.56,14.4,,,,,,,,73.75,1.05,266.0,0.0,0.0,11.75,738.0,
2024-07-19 00:00:00,1.0,9.75,6.85,2.08,6.68,14.35,4.45,0.56,14.46,,,,,,,,74.75,0.88,257.5,0.0,0.0,12.25,737.75,
2024-07-19 01:00:00,,9.0,5.6,2.35,5.8,13.78,4.03,0.55,14.42,,,,,,,,75.5,0.35,282.5,0.0,0.0,12.75,737.0,
2024-07-19 02:00:00,,11.75,5.25,3.45,6.08,15.05,3.95,0.55,15.64,,,,,,,,76.0,0.4,289.5,0.0,0.0,13.0,737.0,
2024-07-19 03:00:00,,18.25,5.92,3.6,6.72,17.55,5.0,0.6,15.24,,,,,,,,77.0,0.4,309.5,0.0,0.0,13.0,737.0,
2024-07-19 04:00:00,5.0,14.0,6.2,3.65,6.98,17.08,4.15,0.57,14.87,,,,,,,,76.0,0.43,302.0,0.0,0.0,13.25,737.0,
2024-07-19 05:00:00,5.25,19.25,6.88,4.03,7.75,16.92,3.72,0.57,15.25,,,,,,,,77.0,0.48,300.75,0.0,0.0,13.75,737.75,
2024-07-19 06:00:00,6.0,27.75,6.45,4.38,7.55,16.82,5.85,0.57,15.24,,,,,,,,76.5,0.4,293.5,0.0,0.0,27.5,738.0,
2024-07-19 07:00:00,7.75,35.25,8.07,4.9,9.2,14.05,4.88,0.56,15.64,,,,,,,,76.25,0.32,294.0,0.0,0.0,64.5,738.0,
2024-07-19 08:00:00,12.25,40.25,8.22,4.85,9.22,13.42,5.4,0.62,14.6,,,,,,,,74.0,0.48,278.5,0.0,0.0,143.25,739.0,
2024-07-19 09:00:00,10.0,38.75,7.1,4.35,8.07,13.28,6.75,0.6,14.44,,,,,,,,68.75,0.95,278.75,0.0,0.0,270.75,739.0,
2024-07-19 10:00:00,9.0,49.0,7.08,3.78,7.78,15.15,4.75,0.6,14.44,,,,,,,,67.5,1.18,282.75,0.0,0.0,318.0,738.75,
2024-07-19 11:00:00,7.25,47.0,6.08,4.28,7.2,16.95,5.08,0.63,13.78,,,,,,,,66.25,1.48,296.0,0.0,0.0,311.75,738.0,
2024-07-19 12:00:00,11.25,47.0,5.3,3.08,5.95,17.25,6.12,0.63,13.38,,,,,,,,66.5,1.65,294.25,0.0,0.0,268.25,738.0,
2024-07-19 13:00:00,11.75,37.25,5.32,4.1,6.48,16.27,6.52,0.61,14.11,,,,,,,,68.75,1.02,290.0,0.0,0.0,171.0,737.25,
2024-07-19 14:00:00,10.0,38.75,5.42,3.2,6.1,17.45,5.32,0.58,11.96,,,,,,,,69.75,1.15,293.0,0.0,0.0,189.0,737.0,
2024-07-19 15:00:00,6.5,48.75,4.08,4.62,5.8,14.62,5.32,0.53,12.2,,,,,,,,67.75,2.22,283.25,0.0,0.0,150.5,736.5,
2024-07-19 16:00:00,5.5,47.0,3.9,5.0,5.82,14.4,4.95,0.57,12.32,,,,,,,,70.75,1.78,296.75,0.0,0.0,99.25,736.0,
2024-07-19 17:00:00,7.0,51.25,2.55,4.88,4.65,14.58,4.1,0.58,12.9,,,,,,,,72.0,1.28,287.75,0.0,0.0,74.75,736.25,
2024-07-19 18:00:00,8.5,50.0,3.15,5.18,5.32,15.7,3.88,0.59,12.97,,,,,,,,72.75,0.68,267.5,0.0,0.0,23.75,737.0,
2024-07-19 19:00:00,13.0,60.75,3.75,4.2,5.28,17.45,5.22,0.63,14.52,,,,,,,,73.75,0.72,264.0,0.0,0.0,17.25,737.5,
2024-07-19 20:00:00,13.0,52.75,4.4,4.35,5.92,17.82,5.08,0.68,14.9,,,,,,,,75.25,0.42,262.0,0.0,0.0,17.25,738.0,
2024-07-19 21:00:00,11.5,35.5,4.58,4.32,6.08,17.7,5.95,0.66,15.21,,,,,,,,76.0,0.45,270.25,0.0,0.0,17.5,738.0,
2024-07-19 22:00:00,6.75,20.5,5.85,2.48,6.08,18.25,5.52,0.62,15.12,,,,,,,,75.25,0.48,277.75,0.0,0.0,17.0,738.0,
2024-07-19 23:00:00,5.5,15.0,5.42,3.35,6.2,14.62,4.9,0.58,14.04,,,,,,,,74.0,0.52,280.25,0.0,0.0,16.75,738.0,
2024-07-20 00:00:00,4.25,17.75,5.7,2.5,5.98,14.7,4.08,0.56,14.63,,,,,,,,74.75,0.38,296.0,0.0,0.0,17.0,737.75,
2024-07-20 01:00:00,4.75,34.25,5.98,2.72,6.3,14.5,3.45,0.55,15.25,,,,,,,,75.75,0.3,293.75,0.0,0.0,17.0,737.25,
2024-07-20 02:00:00,4.0,30.0,5.85,3.15,6.45,15.15,3.38,0.55,15.07,,,,,,,,74.75,0.35,285.75,0.0,0.0,17.5,737.0,
2024-07-20 03:00:00,5.25,24.75,6.08,2.9,6.52,17.58,4.75,0.57,15.3,,,,,,,,73.75,0.38,271.0,0.0,0.0,17.5,737.0,
2024-07-20 04:00:00,9.75,28.5,6.6,4.6,7.8,17.9,5.95,0.56,15.96,,,,,,,,72.0,0.55,276.75,0.0,0.0,17.25,737.5,
2024-07-20 05:00:00,11.25,31.25,7.38,4.38,8.3,17.85,6.78,0.56,15.22,,,,,,,,73.5,0.3,285.75,0.0,0.0,17.25,738.0,
2024-07-20 06:00:00,10.75,32.0,8.72,5.03,9.78,17.73,4.4,0.6,17.16,,,,,,,,76.25,0.3,272.25,0.0,0.0,34.25,738.0,
2024-07-20 07:00:00,16.25,51.0,10.4,5.55,11.35,14.7,2.02,0.58,15.77,,,,,,,,74.75,0.3,282.5,0.0,0.0,69.5,739.0,
2024-07-20 08:00:00,17.0,59.5,9.88,5.08,10.72,14.12,5.82,0.63,15.95,,,,,,,,73.25,0.3,301.25,0.0,0.0,114.25,739.0,
2024-07-20 09:00:00,17.25,110.0,9.05,5.7,10.4,13.92,6.6,0.63,15.47,,,,,,,,70.25,0.35,290.0,0.0,0.0,165.25,739.25,
2024-07-20 10:00:00,16.75,192.0,8.65,2.9,8.6,15.3,6.88,0.63,14.94,,,,,,,,67.25,0.55,292.5,0.0,0.0,240.0,739.25,
2024-07-20 11:00:00,15.0,146.5,6.62,2.7,6.82,18.18,7.22,0.64,14.61,,,,,,,,64.5,1.05,277.5,0.0,0.0,335.0,739.0,
2024-07-20 12:00:00,21.0,186.25,5.85,2.95,6.3,17.73,4.08,0.64,13.4,,,,,,,,62.75,1.1,282.75,0.0,0.0,325.5,738.5,
2024-07-20 13:00:00,18.75,146.25,4.75,3.95,5.98,17.32,3.05,0.62,13.74,,,,,,,,62.0,1.2,265.25,0.0,0.0,304.0,738.0,
2024-07-20 14:00:00,20.0,153.75,5.0,2.7,5.5,18.45,3.18,0.59,12.98,,,,,,,,62.0,0.9,252.5,0.0,0.0,215.0,738.0,
2024-07-20 15:00:00,47.25,438.0,4.65,4.27,6.1,15.55,2.02,0.57,12.54,,,,,,,,63.0,0.42,267.0,0.0,0.0,127.75,737.5,
2024-07-20 16:00:00,47.75,359.75,4.78,3.78,5.9,15.62,2.62,0.58,12.51,,,,,,,,60.75,0.68,261.75,0.0,0.0,159.5,737.0,
2024-07-20 17:00:00,21.5,106.75,5.0,3.85,6.1,15.22,3.02,0.6,12.49,,,,,,,,61.5,0.52,265.25,0.0,0.0,81.0,737.25,
2024-07-20 18:00:00,25.25,123.75,4.6,6.12,6.98,16.25,6.12,0.64,12.86,,,,,,,,65.5,0.3,258.5,0.0,0.0,21.25,737.75,
2024-07-20 19:00:00,20.25,94.5,4.28,5.8,6.55,18.2,7.9,0.72,13.61,,,,,,,,69.5,0.3,253.0,0.0,0.0,17.25,738.0,
2024-07-20 20:00:00,13.25,91.5,4.65,6.8,7.42,18.8,5.68,0.75,13.98,,,,,,,,70.0,0.3,262.75,0.0,0.0,17.5,738.5,
2024-07-20 21:00:00,17.75,93.0,5.5,5.28,7.25,19.18,5.28,0.74,15.21,,,,,,,,67.5,0.35,277.25,0.0,0.0,17.5,739.0,
2024-07-20 22:00:00,18.25,85.0,5.32,3.65,6.3,19.75,4.55,0.68,15.06,,,,,,,,66.0,0.4,276.75,0.0,0.0,17.0,739.0,
2024-07-20 23:00:00,15.5,88.25,6.35,3.45,7.0,15.9,5.15,0.63,14.58,,,,,,,,66.5,0.38,276.25,0.0,0.0,16.5,739.0,
2024-07-21 00:00:00,20.5,82.0,5.35,4.1,6.58,15.75,3.0,0.61,14.82,,,,,,,,67.75,0.32,283.25,0.0,0.0,16.5,738.75,
2024-07-21 01:00:00,13.0,61.5,5.32,3.35,6.12,15.45,2.17,0.58,14.9,,,,,,,,68.5,0.3,269.5,0.0,0.0,16.5,738.0,
2024-07-21 02:00:00,13.0,63.5,6.12,4.18,7.22,15.85,1.98,0.59,15.57,,,,,,,,69.5,0.3,270.5,0.0,0.0,16.5,738.0,
2024-07-21 03:00:00,13.75,61.0,6.02,3.32,6.65,18.65,3.2,0.61,15.97,,,,,,,,70.0,0.3,258.75,0.0,0.0,16.75,738.0,
2024-07-21 04:00:00,14.75,51.5,6.98,2.22,6.85,18.77,3.58,0.59,15.36,,,,,,,,70.0,0.3,274.75,0.0,0.0,17.0,738.0,
2024-07-21 05:00:00,12.25,58.5,7.5,4.68,8.57,17.98,3.2,0.58,15.99,,,,,,,,71.0,0.3,280.0,0.0,0.0,17.5,738.0,
2024-07-21 06:00:00,16.0,59.5,9.5,4.7,10.2,18.62,4.47,0.62,15.73,,,,,,,,71.0,0.3,270.0,0.0,0.0,53.25,738.5,
2024-07-21 07:00:00,14.5,82.0,9.05,2.65,8.82,16.15,4.1,0.6,15.25,,,,,,,,70.0,0.32,275.5,0.0,0.0,111.75,739.0,
2024-07-21 08:00:00,9.75,115.75,7.5,3.3,7.88,16.35,3.95,0.57,14.84,,,,,,,,66.75,0.55,278.5,0.0,0.0,229.5,740.0,
2024-07-21 09:00:00,10.0,81.0,7.78,2.55,7.7,16.3,2.5,0.56,14.17,,,,,,,,63.0,1.0,281.25,0.0,0.0,294.5,740.0,
2024-07-21 10:00:00,12.25,81.0,5.38,4.32,6.68,17.45,4.58,0.56,13.4,,,,,,,,61.75,1.02,275.0,0.0,0.0,275.25,740.0,
2024-07-21 11:00:00,11.75,86.5,4.68,2.68,5.2,20.72,7.05,0.6,12.93,,,,,,,,63.0,0.82,276.75,0.0,0.0,235.5,739.75,
2024-07-21 12:00:00,16.75,73.5,5.12,2.78,5.6,20.38,5.15,0.61,12.12,,,,,,,,61.75,0.98,279.75,0.0,0.0,366.75,739.0,
2024-07-21 13:00:00,14.25,64.75,5.12,3.65,6.15,20.2,4.35,0.58,13.23,,,,,,,,59.75,1.12,273.25,0.0,0.0,366.5,738.75,
2024-07-21 14:00:00,9.0,59.0,4.32,4.08,5.68,20.5,5.1,0.58,12.57,,,,,,,,59.5,1.2,278.75,0.0,0.0,247.5,738.0,
2024-07-21 15:00:00,9.75,53.75,4.45,2.48,4.92,17.7,5.1,0.56,11.65,,,,,,,,60.25,0.92,270.25,0.0,0.0,164.25,738.0,
2024-07-21 16:00:00,12.0,58.5,3.62,1.98,4.05,16.75,6.22,0.54,11.36,,,,,,,,62.25,0.52,259.25,0.0,0.0,117.75,738.0,
2024-07-21 17:00:00,14.5,74.25,3.4,4.78,5.3,16.35,5.98,0.58,10.81,,,,,,,,69.25,0.5,227.25,0.0,0.0,64.25,738.0,
2024-07-21 18:00:00,20.75,90.75,4.18,4.3,5.68,15.82,5.12,0.56,13.02,,,,,,,,61.5,0.78,270.0,0.0,0.0,21.25,738.0,
2024-07-21 19:00:00,14.0,72.75,4.45,3.55,5.48,17.65,5.12,0.59,13.26,,,,,,,,64.5,1.55,259.5,0.0,0.0,16.5,739.0,
2024-07-21 20:00:00,6.5,79.75,3.82,5.45,6.0,17.88,2.6,0.63,14.5,,,,,,,,66.25,0.5,258.25,0.0,0.0,16.5,739.75,
2024-07-21 21:00:00,11.5,38.75,4.62,5.75,6.8,18.45,1.48,0.62,14.11,,,,,,,,67.25,0.7,257.0,0.0,0.0,17.0,740.0,
2024-07-21 22:00:00,12.25,35.75,5.0,4.97,6.7,18.98,5.2,0.6,15.94,,,,,,,,68.25,0.3,267.25,0.0,0.0,16.75,740.0,
2024-07-21 23:00:00,9.75,36.5,4.6,3.6,5.65,15.15,5.22,0.55,14.35,,,,,,,,65.5,0.4,255.25,0.0,0.0,17.0,740.0,
2024-07-22 00:00:00,8.0,32.25,4.8,2.0,5.0,14.2,4.0,0.56,13.81,,,,,,,,65.5,0.42,250.25,0.0,0.0,17.25,739.0,
2024-07-22 01:00:00,5.5,31.25,5.65,1.55,5.42,14.28,2.78,0.55,14.25,,,,,,,,64.75,0.35,263.75,0.0,0.0,17.0,739.0,
2024-07-22 02:00:00,7.0,27.75,4.97,1.88,5.05,15.0,3.4,0.54,14.34,,,,,,,,66.75,0.3,282.25,0.0,0.0,17.25,739.0,
2024-07-22 03:00:00,7.5,31.75,5.82,2.08,5.82,17.23,4.45,0.56,14.56,,,,,,,,67.75,0.3,278.25,0.0,0.0,17.75,739.0,
2024-07-22 04:00:00,9.0,30.75,5.3,3.7,6.28,17.33,3.12,0.55,15.47,,,,,,,,69.75,0.3,270.25,0.0,0.0,17.75,739.0,
2024-07-22 05:00:00,10.5,42.0,6.3,4.88,7.7,17.73,2.55,0.56,15.55,,,,,,,,71.0,0.3,272.75,0.0,0.0,17.75,739.0,
2024-07-22 06:00:00,15.5,53.0,7.62,5.12,8.88,18.15,4.6,0.56,16.04,,,,,,,,71.0,0.3,273.25,0.0,0.0,37.0,740.0,
2024-07-22 07:00:00,15.5,59.75,9.98,5.1,10.82,16.23,3.92,0.6,15.59,,,,,,,,69.75,0.3,274.5,0.0,0.0,80.5,740.75,
2024-07-22 08:00:00,11.0,64.0,7.12,6.08,9.0,16.18,3.18,0.61,14.55,,,,,,,,66.5,0.38,258.25,0.0,0.0,121.25,741.0,
2024-07-22 09:00:00,11.5,78.25,7.75,4.95,8.93,15.68,3.55,0.63,13.82,,,,,,,,64.25,0.52,274.0,0.0,0.0,175.25,741.0,
2024-07-22 10:00:00,12.5,99.0,6.72,3.28,7.22,16.05,6.2,0.61,12.51,,,,,,,,62.0,0.95,279.25,0.0,0.0,290.0,741.0,
2024-07-22 11:00:00,10.5,84.75,5.45,3.5,6.28,18.82,7.75,0.61,12.78,,,,,,,,59.75,1.35,283.0,0.0,0.0,367.5,741.0,
2024-07-22 12:00:00,8.25,81.75,3.95,4.25,5.48,17.58,6.35,0.62,11.87,,,,,,,,60.25,1.0,276.5,0.0,0.0,304.0,741.0,
2024-07-22 13:00:00,7.25,87.75,3.42,5.98,5.95,18.35,6.1,0.62,12.13,,,,,,,,61.75,0.75,261.0,0.0,0.0,199.5,740.0,
2024-07-22 14:00:00,14.0,94.25,2.85,6.85,5.95,19.0,4.88,0.66,11.98,,,,,,,,64.25,0.55,239.0,0.0,0.0,153.5,739.5,
2024-07-22 15:00:00,29.75,206.25,3.72,8.25,7.42,18.08,3.85,0.69,9.79,,,,,,,,68.25,0.55,232.0,0.0,0.0,106.75,739.0,
2024-07-22 16:00:00,47.0,315.0,4.5,9.38,8.65,16.9,3.62,0.72,9.51,,,,,,,,69.5,0.3,231.75,0.0,0.0,67.5,739.25,
2024-07-22 17:00:00,36.75,211.5,2.82,11.0,8.12,16.55,4.05,0.77,9.12,,,,,,,,70.5,0.32,226.0,0.0,0.0,60.0,739.0,
2024-07-22 18:00:00,29.75,133.0,3.52,8.98,7.65,16.18,3.28,0.76,11.13,,,,,,,,69.0,0.38,263.5,0.0,0.0,23.75,739.0,
2024-07-22 19:00:00,20.5,102.75,3.95,8.8,7.88,18.68,3.48,0.84,13.96,,,,,,,,68.5,0.3,276.0,0.0,0.0,18.5,740.0,
2024-07-22 20:00:00,21.0,106.5,5.52,7.98,8.75,19.05,4.05,0.86,16.26,,,,,,,,66.25,0.32,278.25,0.0,0.0,18.5,740.75,
2024-07-22 21:00:00,16.75,87.75,5.7,5.82,7.72,19.45,4.0,0.82,15.49,,,,,,,,64.5,0.4,276.5,0.0,0.0,18.5,741.0,
2024-07-22 22:00:00,12.75,68.0,5.48,5.1,7.15,19.85,3.95,0.76,14.26,,,,,,,,64.75,0.6,274.0,0.0,0.0,18.25,741.0,
2024-07-22 23:00:00,10.5,48.5,5.32,5.2,7.1,16.4,3.35,0.7,14.32,,,,,,,,66.5,0.4,274.25,0.0,0.0,18.25,741.0,
2024-07-23 00:00:00,8.25,37.75,5.65,3.78,6.6,15.65,3.72,0.7,14.44,,,,,,,,67.5,0.3,270.25,0.0,0.0,18.5,741.0,
2024-07-23 01:00:00,14.5,66.25,5.58,3.3,6.28,15.6,3.28,0.66,14.42,,,,,,,,68.75,0.3,267.75,0.0,0.0,18.0,740.75,
2024-07-23 02:00:00,13.5,42.5,7.08,3.25,7.45,15.22,1.4,0.65,14.29,,,,,,,,69.0,0.38,270.25,0.0,0.0,18.25,740.0,
2024-07-23 03:00:00,13.75,38.25,5.9,3.12,6.5,18.4,0.45,0.66,14.44,,,,,,,,69.5,0.32,273.25,0.0,0.0,18.5,740.0,
2024-07-23 04:00:00,9.0,49.25,6.6,4.88,7.98,18.9,3.12,0.64,14.19,,,,,,,,69.5,0.3,274.0,0.0,0.0,18.5,740.0,
2024-07-23 05:00:00,5.5,23.75,5.9,3.38,6.58,18.88,4.75,0.63,15.61,,,,,,,,69.75,0.3,273.25,0.0,0.0,18.75,740.75,
2024-07-23 06:00:00,4.75,29.75,7.15,4.95,8.45,19.02,2.52,0.66,15.04,,,,,,,,70.75,0.3,279.75,0.0,0.0,44.0,741.0,
2024-07-23 07:00:00,9.25,62.5,7.65,4.7,8.72,16.48,2.5,0.65,15.39,,,,,,,,68.75,0.48,280.0,0.0,0.0,102.0,741.0,
2024-07-23 08:00:00,14.75,50.75,9.28,4.32,9.85,15.18,6.22,0.62,13.75,,,,,,,,67.5,0.48,280.25,0.0,0.0,197.5,741.5,
2024-07-23 09:00:00,11.25,76.5,7.12,5.5,8.73,19.92,8.4,0.6,13.32,,,,,,,,62.25,0.82,269.75,0.0,0.0,330.25,741.25,
2024-07-23 10:00:00,11.75,112.25,6.52,4.47,7.7,27.98,5.52,0.71,13.71,,,,,,,,59.25,1.83,262.5,0.0,0.0,389.25,741.0,
2024-07-23 11:00:00,9.75,113.5,6.45,4.62,7.7,33.2,5.45,0.74,26.9,,,,,,,,58.5,2.05,252.75,0.0,0.0,384.5,741.0,
2024-07-23 12:00:00,5.0,99.75,5.5,4.1,6.65,36.17,4.47,0.68,5.81,,,,,,,,58.0,2.42,251.5,0.0,0.0,397.0,740.75,
2024-07-23 13:00:00,3.25,74.75,6.25,5.42,7.98,37.58,4.92,0.7,12.54,,,,,,,,57.5,2.35,249.5,0.0,0.0,362.75,740.0,
2024-07-23 14:00:00,,,,,,,,,,,,,,,,,,,,,0.0,,,
2024-07-23 15:00:00,,,,,,,,,,,,,,,,,,,,,0.0,,,
2024-07-23 16:00:00,,,,,,,,,,,,,,,,,,,,,0.0,,,
2024-07-23 17:00:00,7.0,56.0,,,,,,,28.18,,,,,,,,60.0,0.5,283.0,0.0,0.0,37.0,739.0,
2024-07-23 18:00:00,18.0,98.0,1.85,9.9,6.75,16.65,11.82,0.77,47.44,,,,,,,,61.0,0.35,276.75,0.0,0.0,26.25,739.5,
2024-07-23 19:00:00,18.5,95.5,3.3,7.65,6.75,15.92,14.35,0.8,13.57,,,,,,,,65.25,0.52,203.0,0.0,0.0,16.5,740.0,
2024-07-23 20:00:00,20.0,88.0,4.58,4.7,6.22,15.8,5.65,0.8,13.14,,,,,,,,82.25,0.68,195.75,0.5,0.5,6.5,740.0,
2024-07-23 21:00:00,,,5.72,6.62,8.2,14.92,2.85,0.86,14.54,,,,,,,,81.75,0.3,250.0,0.0,0.0,10.5,740.25,
2024-07-23 22:00:00,6.0,22.0,6.1,7.82,9.15,14.58,4.3,0.85,14.28,,,,,,,,79.75,0.45,231.5,0.0,0.0,12.75,741.0,
2024-07-23 23:00:00,6.0,22.0,6.7,7.25,9.32,19.2,5.5,0.85,15.54,,,,,,,,79.5,0.3,277.75,0.0,0.0,10.25,740.25,
2024-07-24 00:00:00,16.0,24.0,9.45,8.52,12.25,15.52,3.75,0.83,16.41,,,,,,,,79.25,0.3,290.0,0.0,0.0,12.5,740.0,
2024-07-24 01:00:00,13.5,25.75,9.72,7.35,11.82,14.58,3.62,0.78,15.51,,,,,,,,77.75,0.3,282.25,0.0,0.0,12.75,740.0,
2024-07-24 02:00:00,8.5,33.25,9.68,5.95,11.02,14.58,4.28,0.78,14.56,,,,,,,,78.0,0.3,287.75,0.0,0.0,13.25,740.0,
2024-07-24 03:00:00,15.0,41.25,9.18,5.0,10.07,16.15,4.45,0.77,16.19,,,,,,,,76.5,0.4,283.5,0.0,0.0,13.5,739.25,
2024-07-24 04:00:00,10.25,39.75,7.72,4.25,8.55,17.15,4.2,0.73,15.01,,,,,,,,75.0,0.62,272.75,0.0,0.0,13.75,739.0,
2024-07-24 05:00:00,5.0,23.5,8.62,4.42,9.4,17.12,4.28,0.69,16.9,,,,,,,,74.0,0.4,286.5,0.0,0.0,14.5,739.0,
2024-07-24 06:00:00,6.25,24.75,9.93,6.92,11.78,17.48,6.55,0.7,15.79,,,,,,,,73.75,0.3,282.5,0.0,0.0,43.75,739.5,
2024-07-24 07:00:00,10.25,32.5,10.78,5.2,11.52,17.48,7.3,0.67,15.93,,,,,,,,69.75,0.43,272.75,0.0,0.0,114.5,740.0,
2024-07-24 08:00:00,12.25,40.75,10.32,4.25,10.62,18.45,4.7,0.71,15.8,,,,,,,,68.0,0.57,280.5,0.0,0.0,180.75,740.5,
2024-07-24 09:00:00,12.25,67.25,12.82,6.78,14.02,14.92,4.28,0.74,16.2,,,,,,,,62.5,0.9,253.25,0.0,0.0,329.5,741.0,
2024-07-24 10:00:00,4.75,78.5,9.95,5.18,10.85,17.23,3.75,0.68,14.65,,,,,,,,60.25,1.52,250.0,0.0,0.0,392.25,740.5,
2024-07-24 11:00:00,17.0,156.5,7.35,5.55,8.98,18.58,3.45,0.62,12.92,,,,,,,,59.0,1.32,247.75,0.0,0.0,433.75,740.0,
2024-07-24 12:00:00,17.25,195.5,6.8,7.52,9.52,19.83,3.55,0.63,17.4,,,,,,,,58.0,1.72,257.75,0.0,0.0,414.0,739.0,
2024-07-24 13:00:00,9.25,121.0,4.53,5.1,6.4,21.08,4.2,0.58,10.49,,,,,,,,56.75,2.68,243.25,0.0,0.0,420.75,739.0,
2024-07-24 14:00:00,10.5,75.75,3.6,5.2,5.68,23.1,4.47,0.56,13.72,,,,,,,,55.75,2.8,239.25,0.0,0.0,318.25,738.25,
2024-07-24 15:00:00,13.0,94.75,245.55,14.1,207.15,22.3,5.08,0.82,12.36,,,,,,,,55.25,2.58,245.0,0.0,0.0,249.0,738.0,
2024-07-24 16:00:00,13.25,112.0,3.12,5.78,5.6,18.25,4.15,0.84,11.83,,,,,,,,56.0,2.42,257.25,0.0,0.0,159.75,738.0,
2024-07-24 17:00:00,6.75,73.75,3.88,8.22,7.55,17.12,2.23,0.78,10.57,,,,,,,,58.25,1.67,252.75,0.0,0.0,57.0,738.0,
2024-07-24 18:00:00,14.0,93.5,2.68,12.18,8.65,15.88,3.5,0.73,11.4,,,,,,,,60.75,0.9,256.0,0.0,0.0,20.5,738.0,
2024-07-24 19:00:00,21.0,94.25,4.08,11.15,9.25,16.02,3.2,0.78,12.72,,,,,,,,62.0,0.52,262.75,0.0,0.0,16.25,738.0,
2024-07-24 20:00:00,21.25,98.0,4.58,8.95,8.48,16.9,5.32,0.79,14.99,,,,,,,,62.75,0.3,271.75,0.0,0.0,16.5,739.0,
2024-07-24 21:00:00,12.75,94.0,6.6,7.65,9.45,18.23,5.95,0.83,15.29,,,,,,,,64.75,0.3,272.0,0.0,0.0,16.5,739.0,
2024-07-24 22:00:00,16.25,113.0,6.38,7.58,9.22,18.6,5.62,0.8,14.97,,,,,,,,65.25,0.35,272.25,0.0,0.0,16.75,739.5,
2024-07-24 23:00:00,22.75,105.0,7.68,5.22,9.0,18.82,5.58,0.76,14.56,,,,,,,,65.5,0.45,265.5,0.0,0.0,16.0,739.0,
2024-07-25 00:00:00,4.75,44.25,6.48,4.58,7.7,15.75,3.18,0.7,15.25,,,,,,,,67.0,0.3,257.5,0.0,0.0,14.75,739.0,
2024-07-25 01:00:00,9.0,51.25,6.95,4.03,7.78,15.8,1.65,0.7,14.96,,,,,,,,68.25,0.32,285.75,0.0,0.0,14.75,738.25,
2024-07-25 02:00:00,14.25,76.25,7.42,4.28,8.3,16.25,4.0,0.7,15.4,,,,,,,,69.0,0.32,278.0,0.0,0.0,14.75,738.0,
2024-07-25 03:00:00,11.5,61.5,7.3,3.65,7.93,18.45,5.0,0.69,17.82,,,,,,,,69.0,0.48,279.25,0.0,0.0,15.25,738.0,
2024-07-25 04:00:00,9.75,44.75,7.55,3.85,8.23,19.9,3.92,0.72,15.74,,,,,,,,69.75,0.35,278.0,0.0,0.0,15.5,738.0,
2024-07-25 05:00:00,9.0,53.25,8.3,4.32,9.07,20.95,3.68,0.72,15.11,,,,,,,,70.0,0.3,275.75,0.0,0.0,15.75,738.0,
2024-07-25 06:00:00,9.0,57.0,8.65,4.82,9.57,22.05,4.65,0.7,16.51,,,,,,,,70.0,0.3,275.0,0.0,0.0,34.25,738.75,
2024-07-25 07:00:00,9.25,59.0,8.18,4.5,9.02,23.32,5.45,0.71,16.3,,,,,,,,69.25,0.3,268.25,0.0,0.0,59.0,739.0,
2024-07-25 08:00:00,12.0,42.25,9.1,4.22,9.62,20.72,2.6,0.7,15.1,,,,,,,,69.0,0.48,284.75,0.0,0.0,123.25,739.0,
2024-07-25 09:00:00,16.5,81.5,9.8,5.1,10.65,19.85,0.2,0.7,14.82,,,,,,,,66.0,0.85,283.5,0.0,0.0,245.25,739.0,
2024-07-25 10:00:00,10.75,148.5,8.15,3.52,8.48,20.3,2.8,0.7,12.82,,,,,,,,61.75,1.1,276.25,0.0,0.0,291.5,739.0,
2024-07-25 11:00:00,9.75,116.75,6.3,3.62,7.05,20.65,2.68,0.68,12.98,,,,,,,,60.25,1.3,274.25,0.0,0.0,407.5,739.0,
2024-07-25 12:00:00,16.5,129.5,3.15,5.32,5.4,21.55,2.98,0.66,12.29,,,,,,,,58.75,1.82,265.75,0.0,0.0,351.25,738.0,
2024-07-25 13:00:00,12.0,98.25,2.88,4.7,4.82,22.22,2.05,0.62,11.84,,,,,,,,58.25,1.83,267.25,0.0,0.0,312.0,737.75,
2024-07-25 14:00:00,10.5,55.5,2.5,3.58,3.92,21.98,5.2,0.6,11.93,,,,,,,,56.5,2.25,273.0,0.0,0.0,325.5,737.0,
2024-07-25 15:00:00,7.5,84.5,3.45,3.92,4.88,20.05,6.45,0.59,11.94,,,,,,,,56.0,1.92,255.75,0.0,0.0,210.5,736.75,
2024-07-25 16:00:00,12.0,71.75,3.55,5.2,5.62,18.62,4.15,0.57,11.2,,,,,,,,56.75,1.88,247.5,0.0,0.0,87.5,737.0,
2024-07-25 17:00:00,12.75,61.5,3.85,6.5,6.58,17.55,1.55,0.57,10.71,,,,,,,,58.25,1.23,249.0,0.0,0.0,84.5,737.0,
2024-07-25 18:00:00,15.75,81.0,3.9,6.62,6.7,17.32,3.8,0.66,11.95,,,,,,,,65.75,1.98,277.5,0.0,0.0,17.25,737.5,
2024-07-25 19:00:00,13.75,73.0,4.4,5.12,6.3,17.12,4.75,0.66,12.32,,,,,,,,72.75,1.85,257.5,0.0,0.0,15.5,738.0,
2024-07-25 20:00:00,1.0,25.0,4.3,7.52,7.5,17.92,2.75,0.68,14.42,,,,,,,,69.75,1.52,256.5,0.0,0.0,15.75,738.75,
2024-07-25 21:00:00,10.0,35.25,5.32,8.32,8.75,19.23,2.65,0.7,15.54,,,,,,,,69.75,0.35,268.0,0.0,0.0,16.25,739.0,
2024-07-25 22:00:00,9.0,37.75,6.62,7.8,9.55,19.0,3.6,0.7,15.86,,,,,,,,68.5,0.32,268.75,0.0,0.0,16.5,739.0,
2024-07-25 23:00:00,5.75,36.5,6.42,5.68,8.23,20.62,3.45,0.7,14.81,,,,,,,,69.25,0.35,269.25,0.0,0.0,16.0,739.0,
2024-07-26 00:00:00,4.75,43.5,7.68,5.4,9.07,17.1,4.97,0.64,15.86,,,,,,,,72.75,0.38,282.25,0.0,0.0,16.25,739.0,
2024-07-26 01:00:00,4.0,35.75,6.25,3.58,6.95,16.92,4.42,0.63,12.95,,,,,,,,74.25,0.5,275.25,0.0,0.0,16.5,738.25,
2024-07-26 02:00:00,4.5,18.75,6.92,3.25,7.35,16.75,2.98,0.65,14.98,,,,,,,,76.0,0.45,281.25,0.0,0.0,16.5,738.0,
2024-07-26 03:00:00,5.75,23.75,7.85,2.8,7.85,17.88,3.0,0.65,15.08,,,,,,,,75.75,0.38,286.25,0.0,0.0,16.75,738.0,
2024-07-26 04:00:00,5.5,24.0,6.88,4.5,7.98,19.45,4.65,0.69,17.11,,,,,,,,74.25,0.45,288.5,0.0,0.0,16.5,738.0,
2024-07-26 05:00:00,7.75,28.0,6.55,3.35,7.12,20.25,6.02,0.68,15.56,,,,,,,,73.75,0.45,284.0,0.0,0.0,17.0,738.0,
2024-07-26 06:00:00,9.25,35.25,6.28,4.68,7.58,20.5,5.03,0.7,15.38,,,,,,,,73.75,0.3,282.0,0.0,0.0,33.5,738.0,
2024-07-26 07:00:00,9.5,52.5,7.88,5.03,9.07,23.3,4.45,0.72,16.68,,,,,,,,72.0,0.5,287.25,0.0,0.0,102.5,739.0,
2024-07-26 08:00:00,14.5,67.75,8.48,3.62,8.8,20.38,4.2,0.67,15.5,,,,,,,,67.0,0.6,278.25,0.0,0.0,219.75,739.5,
2024-07-26 09:00:00,8.25,77.75,8.12,4.15,8.8,17.7,3.45,0.64,13.78,,,,,,,,62.75,1.02,265.25,0.0,0.0,327.75,739.0,
2024-07-26 10:00:00,11.75,101.75,7.08,3.4,7.55,16.85,5.12,0.66,13.36,,,,,,,,60.25,1.7,248.25,0.0,0.0,347.75,739.25,
2024-07-26 11:00:00,10.0,138.75,5.62,4.2,6.82,15.8,6.72,0.63,12.22,,,,,,,,60.5,1.8,259.5,0.0,0.0,247.75,739.0,
2024-07-26 12:00:00,9.0,157.25,4.88,5.28,6.78,17.42,3.78,0.65,10.34,,,,,,,,60.0,2.35,255.0,0.0,0.0,282.0,738.5,
2024-07-26 13:00:00,12.5,121.5,3.18,4.85,5.12,17.82,4.25,0.66,11.84,,,,,,,,57.75,1.98,250.75,0.0,0.0,382.75,737.75,
2024-07-26 14:00:00,6.0,68.5,3.15,3.9,4.62,17.92,2.68,0.61,11.42,,,,,,,,58.0,2.98,245.0,0.0,0.0,243.75,737.0,
2024-07-26 15:00:00,10.0,105.25,3.68,3.53,4.88,17.6,1.35,0.6,12.6,,,,,,,,57.5,2.88,240.25,0.0,0.0,235.25,737.0,
2024-07-26 16:00:00,14.75,114.75,3.22,3.85,4.7,17.82,4.88,0.57,11.54,,,,,,,,57.75,2.05,233.75,0.0,0.0,143.75,737.0,
2024-07-26 17:00:00,20.25,114.25,3.62,4.5,5.35,16.0,5.9,0.56,10.05,,,,,,,,60.25,1.15,259.5,0.0,0.0,50.0,737.0,
2024-07-26 18:00:00,18.75,85.75,3.68,7.62,7.02,14.98,4.28,0.58,11.31,,,,,,,,61.25,0.57,255.25,0.0,0.0,23.25,737.75,
2024-07-26 19:00:00,14.0,85.75,4.97,7.85,8.22,14.48,3.68,0.62,11.79,,,,,,,,63.75,0.55,283.0,0.0,0.0,17.0,738.25,
2024-07-26 20:00:00,19.0,94.5,3.9,6.38,6.58,15.98,3.65,0.68,14.62,,,,,,,,68.0,0.48,283.0,0.0,0.0,17.5,739.0,
2024-07-26 21:00:00,15.0,60.25,4.55,7.1,7.48,16.6,5.3,0.72,15.18,,,,,,,,68.5,0.48,270.5,0.0,0.0,17.5,739.0,
2024-07-26 22:00:00,10.75,59.25,6.15,5.12,7.68,16.92,4.8,0.68,15.51,,,,,,,,66.0,1.15,245.5,0.0,0.0,17.5,739.25,
2024-07-26 23:00:00,6.5,50.5,5.75,5.75,7.75,17.23,5.32,0.66,16.55,,,,,,,,66.25,0.6,267.75,0.0,0.0,17.5,739.25,
2024-07-27 00:00:00,5.0,38.0,6.18,4.5,7.4,16.92,1.92,0.6,15.82,,,,,,,,67.25,0.65,250.0,0.0,0.0,16.75,739.0,
2024-07-27 01:00:00,2.0,33.75,5.65,4.75,7.1,14.28,0.6,0.58,15.88,,,,,,,,68.75,0.65,255.75,0.0,0.0,17.5,738.75,
2024-07-27 02:00:00,2.5,35.25,5.62,2.98,6.15,14.02,2.35,0.6,15.46,,,,,,,,69.5,0.5,258.75,0.0,0.0,17.25,738.0,
2024-07-27 03:00:00,5.25,23.75,5.28,2.6,5.65,14.38,3.15,0.58,15.04,,,,,,,,70.0,0.35,267.0,0.0,0.0,17.5,738.0,
2024-07-27 04:00:00,9.25,27.75,5.4,4.25,6.65,15.38,4.55,0.58,14.13,,,,,,,,70.5,0.3,272.25,0.0,0.0,17.5,738.0,
2024-07-27 05:00:00,9.75,40.75,6.78,2.9,7.05,17.18,5.4,0.62,14.82,,,,,,,,70.25,0.3,275.75,0.0,0.0,17.75,738.0,
2024-07-27 06:00:00,8.0,37.0,6.85,4.25,7.82,17.35,1.53,0.62,15.52,,,,,,,,69.5,0.4,260.75,0.0,0.0,43.5,738.25,
2024-07-27 07:00:00,4.25,37.5,7.2,3.68,7.8,18.2,0.13,0.63,15.24,,,,,,,,67.25,0.78,255.5,0.0,0.0,102.25,739.25,
2024-07-27 08:00:00,2.0,44.75,7.93,4.05,8.6,17.33,3.9,0.58,15.16,,,,,,,,65.75,1.1,237.5,0.0,0.0,116.75,739.75,
2024-07-27 09:00:00,2.75,67.0,7.6,4.25,8.43,15.2,4.6,0.57,14.29,,,,,,,,62.5,1.02,238.25,0.0,0.0,261.75,740.0,
2024-07-27 10:00:00,5.0,81.0,4.92,3.72,5.98,15.08,5.25,0.6,13.02,,,,,,,,60.0,1.25,221.75,0.0,0.0,292.25,739.5,
2024-07-27 11:00:00,7.5,81.0,4.03,4.28,5.55,14.28,5.98,0.57,13.68,,,,,,,,60.25,1.52,238.75,0.0,0.0,313.5,739.0,
2024-07-27 12:00:00,13.0,85.5,2.68,6.45,5.62,15.62,4.62,0.58,12.94,,,,,,,,59.75,1.38,234.5,0.0,0.0,317.5,738.5,
2024-07-27 13:00:00,6.5,77.5,2.1,4.0,3.82,14.82,4.3,0.57,7.7,,,,,,,,57.5,2.3,243.75,0.0,0.0,302.0,737.5,
2024-07-27 14:00:00,6.75,96.25,2.68,3.02,3.8,13.45,4.05,0.56,9.11,,,,,,,,56.75,2.45,234.75,0.0,0.0,282.75,737.0,
2024-07-27 15:00:00,10.75,98.0,2.7,2.88,3.72,13.52,3.92,0.56,9.85,,,,,,,,55.5,2.33,237.5,0.0,0.0,252.0,736.0,
2024-07-27 16:00:00,7.5,83.5,3.05,2.98,4.05,15.5,5.48,0.56,10.32,,,,,,,,57.25,1.4,254.5,0.0,0.0,125.25,736.0,
2024-07-27 17:00:00,11.75,85.75,3.45,4.35,5.12,14.08,5.85,0.57,10.37,,,,,,,,58.25,0.78,267.5,0.0,0.0,54.25,737.0,
2024-07-27 18:00:00,19.25,91.25,3.35,6.45,6.12,13.5,3.88,0.63,10.94,,,,,,,,60.25,0.57,280.0,0.0,0.0,20.5,737.0,
2024-07-27 19:00:00,16.0,97.75,2.48,6.6,5.55,14.02,3.38,0.66,12.22,,,,,,,,60.75,0.57,277.0,0.0,0.0,14.75,738.0,
2024-07-27 20:00:00,12.75,85.75,5.18,6.42,7.65,13.5,6.02,0.68,14.01,,,,,,,,60.0,0.4,270.0,0.0,0.0,15.25,738.25,
2024-07-27 21:00:00,13.0,81.75,5.75,6.1,7.93,13.42,6.82,0.71,15.27,,,,,,,,60.75,0.3,286.5,0.0,0.0,15.5,739.0,
2024-07-27 22:00:00,17.0,90.0,5.85,8.57,9.32,14.05,5.32,0.74,16.66,,,,,,,,61.75,0.3,281.25,0.0,0.0,15.5,739.0,
2024-07-27 23:00:00,18.25,97.5,6.95,7.55,9.68,14.38,4.05,0.72,16.18,,,,,,,,62.0,0.4,277.0,0.0,0.0,15.5,739.0,
2024-07-28 00:00:00,17.5,141.5,7.65,5.82,9.3,16.82,4.65,0.7,15.23,,,,,,,,63.0,0.35,289.75,0.0,0.0,15.0,739.0,
2024-07-28 01:00:00,27.0,167.0,7.55,3.68,8.1,16.12,5.12,0.68,15.28,,,,,,,,64.0,0.38,267.25,0.0,0.0,14.75,738.0,
2024-07-28 02:00:00,12.75,51.5,7.32,3.45,7.8,15.55,3.42,0.62,14.86,,,,,,,,62.25,0.38,267.25,0.0,0.0,15.0,738.0,
2024-07-28 03:00:00,6.25,53.0,8.12,2.45,7.9,15.3,2.75,0.61,15.16,,,,,,,,62.0,0.3,269.75,0.0,0.0,15.5,738.0,
2024-07-28 04:00:00,7.75,46.25,8.05,4.5,8.93,15.78,3.58,0.61,15.69,,,,,,,,63.0,0.32,280.25,0.0,0.0,15.25,738.0,
2024-07-28 05:00:00,11.5,57.75,8.82,4.78,9.72,17.08,4.12,0.64,16.16,,,,,,,,64.5,0.3,298.25,0.0,0.0,16.25,738.0,
2024-07-28 06:00:00,15.75,70.75,9.52,5.03,10.4,17.25,2.28,0.64,15.74,,,,,,,,65.5,0.3,279.25,0.0,0.0,48.75,738.0,
2024-07-28 07:00:00,15.0,83.0,9.6,3.7,9.78,18.08,2.42,0.64,15.9,,,,,,,,62.5,0.3,278.5,0.0,0.0,123.75,738.5,
2024-07-28 08:00:00,14.0,113.5,9.2,3.7,9.43,19.52,1.42,0.63,14.82,,,,,,,,60.5,0.43,259.5,0.0,0.0,155.5,739.0,
2024-07-28 09:00:00,9.75,63.25,8.07,3.3,8.3,17.55,0.65,0.61,13.69,,,,,,,,59.5,0.88,257.5,0.0,0.0,201.25,739.0,
2024-07-28 10:00:00,6.0,68.75,7.45,2.4,7.3,18.12,4.03,0.61,12.33,,,,,,,,59.0,1.02,268.5,0.0,0.0,273.0,739.0,
2024-07-28 11:00:00,7.75,65.5,5.15,3.12,5.82,18.25,5.38,0.61,12.38,,,,,,,,58.0,1.12,271.25,0.0,0.0,385.0,738.5,
2024-07-28 12:00:00,12.25,67.25,3.8,3.58,5.03,18.4,4.4,0.58,11.25,,,,,,,,56.25,1.5,270.0,0.0,0.0,334.5,738.0,
2024-07-28 13:00:00,9.75,64.5,2.68,3.3,3.98,17.23,4.4,0.58,12.79,,,,,,,,56.25,0.9,265.25,0.0,0.0,261.75,737.0,
2024-07-28 14:00:00,8.5,57.0,3.72,2.52,4.38,17.42,4.12,0.58,11.54,,,,,,,,56.25,1.9,270.75,0.0,0.0,230.5,736.5,
2024-07-28 15:00:00,7.0,66.5,4.2,2.98,5.0,17.3,3.08,0.58,11.22,,,,,,,,56.25,1.48,277.25,0.0,0.0,193.0,736.0,
2024-07-28 16:00:00,7.5,64.5,4.1,2.43,4.62,19.95,5.7,0.55,11.89,,,,,,,,56.75,1.08,276.25,0.0,0.0,144.75,736.0,
2024-07-28 17:00:00,9.5,58.75,4.55,2.3,4.9,18.05,5.52,0.55,10.96,,,,,,,,58.5,0.6,275.5,0.0,0.0,58.25,736.0,
2024-07-28 18:00:00,11.5,73.0,4.42,3.5,5.5,17.02,3.9,0.59,11.96,,,,,,,,59.75,0.57,265.0,0.0,0.0,21.75,736.0,
2024-07-28 19:00:00,14.25,76.0,4.22,4.35,5.75,16.6,2.42,0.62,12.43,,,,,,,,60.0,0.32,257.25,0.0,0.0,14.75,736.5,
2024-07-28 20:00:00,18.5,80.75,4.75,4.0,6.02,16.6,0.82,0.63,14.08,,,,,,,,60.75,0.57,263.75,0.0,0.0,15.25,737.0,
2024-07-28 21:00:00,19.5,68.5,4.18,3.08,5.05,16.08,0.5,0.64,12.97,,,,,,,,60.25,0.82,272.75,0.0,0.0,15.75,737.0,
2024-07-28 22:00:00,17.25,66.0,5.5,3.78,6.48,16.82,2.58,0.66,13.32,,,,,,,,61.25,0.52,275.5,0.0,0.0,15.75,737.0,
2024-07-28 23:00:00,14.25,53.75,5.0,3.08,5.7,16.9,2.85,0.64,14.36,,,,,,,,62.25,0.6,267.75,0.0,0.0,15.75,737.0,
2024-07-29 00:00:00,11.25,49.75,4.35,2.47,4.85,18.9,4.98,0.62,14.2,,,,,,,,63.5,0.45,257.75,0.0,0.0,15.25,737.0,
2024-07-29 01:00:00,9.25,41.0,3.95,2.25,4.4,17.35,5.2,0.61,14.41,,,,,,,,64.5,0.35,260.25,0.0,0.0,14.75,737.0,
2024-07-29 02:00:00,9.25,41.75,5.1,1.43,4.68,16.62,2.45,0.56,13.8,,,,,,,,65.0,0.52,273.0,0.0,0.0,14.75,736.75,
2024-07-29 03:00:00,7.0,31.5,4.92,1.2,4.62,15.9,1.52,0.55,14.44,,,,,,,,65.75,0.32,272.75,0.0,0.0,14.75,736.75,
2024-07-29 04:00:00,7.0,25.5,6.12,1.5,5.78,15.82,3.58,0.54,14.8,,,,,,,,65.0,0.32,252.25,0.0,0.0,14.75,736.75,
2024-07-29 05:00:00,6.5,36.5,5.65,3.08,6.22,16.0,6.38,0.55,14.79,,,,,,,,65.5,0.3,266.5,0.0,0.0,16.25,737.0,
2024-07-29 06:00:00,7.0,38.0,7.02,4.45,8.07,16.35,4.4,0.6,15.81,,,,,,,,66.75,0.3,272.75,0.0,0.0,39.5,737.5,
2024-07-29 07:00:00,11.5,67.0,7.28,4.3,8.2,16.88,3.6,0.61,15.74,,,,,,,,64.25,0.3,264.25,0.0,0.0,95.0,738.0,
2024-07-29 08:00:00,10.25,84.0,8.0,3.55,8.43,17.48,4.03,0.65,14.87,,,,,,,,62.25,0.52,285.0,0.0,0.0,192.0,738.25,
2024-07-29 09:00:00,17.5,120.75,7.28,5.1,8.6,16.15,4.03,0.63,13.72,,,,,,,,58.5,0.7,275.75,0.0,0.0,277.0,739.0,
2024-07-29 10:00:00,10.25,119.25,5.6,3.1,6.22,16.45,4.3,0.6,12.61,,,,,,,,57.25,0.75,270.5,0.0,0.0,369.0,738.25,
2024-07-29 11:00:00,10.0,86.5,3.8,4.42,5.48,17.32,4.28,0.55,12.77,,,,,,,,57.25,1.58,265.0,0.0,0.0,373.25,738.0,
2024-07-29 12:00:00,8.5,106.0,2.55,4.05,4.2,18.5,4.9,0.6,11.24,,,,,,,,57.25,2.1,259.5,0.0,0.0,324.75,737.5,
2024-07-29 13:00:00,12.25,99.75,2.85,3.18,3.97,18.15,5.05,0.6,10.2,,,,,,,,57.25,1.6,268.0,0.0,0.0,321.75,737.0,
2024-07-29 14:00:00,9.75,61.0,3.45,3.85,4.85,16.1,4.5,0.57,10.26,,,,,,,,57.0,1.23,276.0,0.0,0.0,184.25,736.0,
2024-07-29 15:00:00,12.5,92.75,3.18,5.42,5.48,16.82,4.08,0.6,8.35,,,,,,,,62.5,2.0,222.25,0.0,0.0,161.25,736.0,
2024-07-29 16:00:00,24.5,129.5,2.72,5.12,4.95,18.27,5.5,0.62,5.74,,,,,,,,66.0,2.9,217.25,0.0,0.0,135.0,736.0,
2024-07-29 17:00:00,34.0,134.5,3.25,6.55,6.1,18.6,6.58,0.62,4.14,,,,,,,,70.5,2.22,218.5,0.0,0.0,44.0,736.0,
2024-07-29 18:00:00,41.25,99.5,2.48,4.97,4.65,17.38,3.7,0.66,8.67,,,,,,,,75.25,1.35,219.5,0.0,0.0,17.75,736.25,
2024-07-29 19:00:00,15.25,68.25,3.98,3.98,5.38,16.45,2.17,0.68,10.93,,,,,,,,76.25,0.75,228.0,0.0,0.0,14.75,737.25,
2024-07-29 20:00:00,7.75,57.5,4.15,4.0,5.48,16.35,0.72,0.69,11.03,,,,,,,,76.25,0.32,252.5,0.0,0.0,15.0,738.0,
2024-07-29 21:00:00,9.75,49.0,4.28,2.58,4.85,17.23,0.38,0.7,12.4,,,,,,,,77.0,0.35,271.5,0.0,0.0,15.0,738.0,
2024-07-29 22:00:00,9.0,46.75,4.6,2.42,5.03,18.27,3.5,0.68,12.23,,,,,,,,78.0,0.38,275.25,0.0,0.0,15.0,739.0,
2024-07-29 23:00:00,12.75,89.25,4.97,5.98,7.25,17.95,5.6,0.68,14.23,,,,,,,,77.5,0.32,211.25,0.0,0.0,15.0,739.0,
2024-07-30 00:00:00,23.0,178.25,5.5,6.28,7.8,19.1,5.7,0.68,14.82,,,,,,,,76.25,0.3,279.25,0.0,0.0,14.75,739.0,
2024-07-30 01:00:00,19.5,78.0,4.23,6.55,6.92,18.23,4.95,0.69,14.05,,,,,,,,77.25,0.3,238.75,0.0,0.0,14.75,739.0,
2024-07-30 02:00:00,18.5,63.5,6.72,6.6,8.98,17.5,3.3,0.69,15.09,,,,,,,,79.0,0.3,198.0,0.0,0.0,14.75,738.0,
2024-07-30 03:00:00,19.5,70.5,7.15,7.95,10.02,17.55,3.88,0.7,15.38,,,,,,,,78.75,0.3,220.5,0.0,0.0,14.75,738.0,
2024-07-30 04:00:00,20.5,80.5,7.75,8.07,10.6,17.1,3.28,0.66,15.4,,,,,,,,78.5,0.3,262.0,0.0,0.0,14.75,738.0,
2024-07-30 05:00:00,27.0,62.25,8.35,6.55,10.3,17.7,3.6,0.67,15.18,,,,,,,,76.75,0.3,278.5,0.0,0.0,15.0,738.75,
2024-07-30 06:00:00,27.25,68.0,7.7,7.2,10.07,17.73,3.97,0.72,15.3,,,,,,,,76.0,0.3,277.25,0.0,0.0,38.0,739.0,
2024-07-30 07:00:00,34.75,76.0,9.57,5.93,10.95,17.6,3.65,0.74,14.86,,,,,,,,71.5,0.38,278.75,0.0,0.0,139.5,739.25,
2024-07-30 08:00:00,25.0,97.75,9.3,3.7,9.55,18.18,4.05,0.72,14.96,,,,,,,,64.5,0.62,282.0,0.0,0.0,254.25,740.0,
2024-07-30 09:00:00,16.0,163.75,7.25,4.05,8.07,16.92,3.75,0.72,13.4,,,,,,,,61.75,0.9,292.25,0.0,0.0,333.5,740.0,
2024-07-30 10:00:00,15.25,189.0,6.12,3.78,7.0,15.58,4.95,0.68,11.46,,,,,,,,59.0,0.85,283.5,0.0,0.0,383.5,740.0,
2024-07-30 11:00:00,12.5,95.25,3.85,3.55,5.05,15.42,4.32,0.65,9.81,,,,,,,,56.25,0.78,264.25,0.0,0.0,451.75,740.0,
2024-07-30 12:00:00,10.75,95.5,3.12,4.5,4.97,14.15,4.68,0.6,10.12,,,,,,,,55.5,0.95,240.25,0.0,0.0,356.5,739.25,
2024-07-30 13:00:00,10.25,93.75,2.15,3.1,3.4,13.18,5.52,0.57,8.1,,,,,,,,56.0,0.9,258.25,0.0,0.0,369.5,739.0,
2024-07-30 14:00:00,10.5,63.75,2.8,2.92,3.85,13.08,4.5,0.6,8.33,,,,,,,,55.0,1.02,262.5,0.0,0.0,327.0,738.0,
2024-07-30 15:00:00,9.0,61.0,2.15,3.52,3.62,12.85,3.9,0.6,8.85,,,,,,,,54.75,1.27,260.5,0.0,0.0,266.25,738.0,
2024-07-30 16:00:00,9.75,78.75,2.52,5.08,4.72,14.88,4.6,0.59,5.62,,,,,,,,57.0,1.27,221.0,0.0,0.0,188.25,738.0,
2024-07-30 17:00:00,15.75,102.5,3.38,6.1,5.95,15.68,3.4,0.62,5.76,,,,,,,,67.0,2.08,216.25,0.0,0.0,88.75,738.0,
2024-07-30 18:00:00,28.0,117.5,3.25,5.9,5.78,14.7,2.72,0.66,6.12,,,,,,,,71.75,1.2,209.75,0.0,0.0,19.75,738.5,
2024-07-30 19:00:00,29.75,99.25,3.22,5.55,5.55,15.38,2.38,0.68,5.44,,,,,,,,71.5,1.02,222.5,0.0,0.0,14.75,739.25,
2024-07-30 20:00:00,23.75,77.5,3.32,4.2,4.97,15.05,3.38,0.68,7.96,,,,,,,,77.25,0.65,235.0,0.5,0.5,7.5,740.0,
2024-07-30 21:00:00,16.0,47.75,4.12,4.47,5.75,14.32,3.48,0.72,10.97,,,,,,,,78.75,0.4,212.5,0.0,0.0,7.25,739.75,
2024-07-30 22:00:00,12.25,25.25,4.42,6.08,6.85,14.85,4.22,0.74,11.67,,,,,,,,80.0,0.3,229.5,0.0,0.0,8.0,740.0,
2024-07-30 23:00:00,8.75,22.5,5.3,6.25,7.65,16.02,4.15,0.74,13.72,,,,,,,,80.25,0.3,272.75,0.0,0.0,9.25,739.75,
2024-07-31 00:00:00,4.25,22.25,6.22,4.7,7.55,17.02,4.62,0.72,14.07,,,,,,,,76.5,0.35,287.25,0.0,0.0,9.75,739.0,
2024-07-31 01:00:00,2.5,24.75,5.98,4.9,7.5,15.4,4.05,0.69,14.48,,,,,,,,67.25,0.5,281.75,0.0,0.0,9.75,739.0,
2024-07-31 02:00:00,6.0,24.25,5.9,6.98,8.52,14.95,4.25,0.65,14.41,,,,,,,,68.0,0.35,286.25,0.0,0.0,9.75,739.25,
2024-07-31 03:00:00,11.25,32.25,7.68,4.35,8.55,14.22,5.03,0.64,13.87,,,,,,,,67.0,0.6,266.0,0.0,0.0,10.5,739.0,
2024-07-31 04:00:00,10.5,24.5,6.4,4.75,7.7,14.1,5.75,0.62,13.81,,,,,,,,67.25,0.48,277.0,0.0,0.0,10.75,740.0,
2024-07-31 05:00:00,12.25,18.0,6.3,4.55,7.55,13.4,5.98,0.62,13.89,,,,,,,,68.0,0.32,281.0,0.0,0.0,11.25,740.0,
2024-07-31 06:00:00,5.5,25.0,7.25,5.2,8.65,13.45,3.85,0.65,15.63,,,,,,,,69.25,0.3,304.75,0.0,0.0,25.5,740.25,
2024-07-31 07:00:00,12.75,42.75,8.85,6.78,10.82,14.3,3.58,0.69,15.29,,,,,,,,68.0,0.3,286.25,0.0,0.0,111.75,741.0,
2024-07-31 08:00:00,18.75,60.0,8.57,5.1,9.68,14.68,4.55,0.69,14.08,,,,,,,,63.5,0.57,292.0,0.0,0.0,232.75,741.25,
2024-07-31 09:00:00,10.75,58.75,7.68,3.92,8.32,14.42,4.08,0.68,14.1,,,,,,,,61.0,1.18,289.5,0.0,0.0,320.5,741.5,
2024-07-31 10:00:00,5.75,53.5,7.3,3.92,8.02,13.18,3.68,0.62,13.07,,,,,,,,59.0,1.48,268.75,0.0,0.0,370.75,741.0,
2024-07-31 11:00:00,3.25,53.0,5.88,4.4,7.12,13.35,3.2,0.61,12.5,,,,,,,,58.25,1.7,284.0,0.0,0.0,405.0,741.0,
2024-07-31 12:00:00,7.5,78.0,5.18,4.03,6.32,13.68,3.58,0.59,11.3,,,,,,,,57.5,1.23,273.5,0.0,0.0,319.5,740.5,
2024-07-31 13:00:00,10.5,105.25,4.08,3.85,5.35,13.45,4.0,0.59,11.3,,,,,,,,57.5,1.12,277.25,0.0,0.0,249.25,740.0,
2024-07-31 14:00:00,19.0,114.75,3.1,3.55,4.38,13.58,3.7,0.58,10.76,,,,,,,,57.0,1.1,282.75,0.0,0.0,260.5,739.75,
2024-07-31 15:00:00,27.75,226.75,4.03,3.9,5.35,14.15,2.62,0.58,10.68,,,,,,,,56.0,0.88,264.75,0.0,0.0,232.0,739.0,
2024-07-31 16:00:00,22.0,176.75,3.9,4.15,5.38,14.75,5.1,0.58,10.41,,,,,,,,55.5,0.78,277.5,0.0,0.0,159.25,739.0,
2024-07-31 17:00:00,29.5,209.25,3.72,6.65,6.58,15.4,5.42,0.62,10.87,,,,,,,,58.0,0.58,256.5,0.0,0.0,65.0,739.0,
2024-07-31 18:00:00,16.25,137.75,2.5,6.15,5.3,15.58,2.85,0.66,8.04,,,,,,,,70.5,1.35,220.25,0.0,0.0,18.75,739.0,
2024-07-31 19:00:00,18.75,86.0,4.22,6.4,6.82,15.52,2.28,0.7,5.92,,,,,,,,71.75,1.05,226.0,0.0,0.0,13.0,739.25,
2024-07-31 20:00:00,25.0,92.5,4.03,6.45,6.7,17.42,4.12,0.78,8.54,,,,,,,,72.75,0.6,226.25,0.0,0.0,13.0,740.0,
2024-07-31 21:00:00,24.75,82.25,4.28,6.58,6.95,15.68,3.62,0.78,12.2,,,,,,,,72.75,0.35,232.0,0.0,0.0,13.75,740.25,
2024-07-31 22:00:00,14.0,70.75,4.3,3.05,5.15,15.75,2.4,0.72,10.33,,,,,,,,73.0,0.68,256.0,0.0,0.0,14.0,740.5,
2024-07-31 23:00:00,11.0,61.0,3.57,2.07,3.97,16.27,2.17,0.7,10.98,,,,,,,,72.33,1.07,274.0,0.0,0.0,14.0,740.33,
2024-08-01 00:00:00,11.75,45.25,4.65,3.75,5.78,16.45,3.08,0.7,12.18,,,,,,,,71.75,0.38,278.75,0.0,0.0,13.75,740.0,
2024-08-01 01:00:00,20.25,61.25,5.03,5.58,7.02,17.4,2.82,0.7,12.96,,,,,,,,70.25,0.62,259.0,0.0,0.0,13.25,739.5,
2024-08-01 02:00:00,17.25,67.75,4.62,3.4,5.6,15.9,3.88,0.64,13.11,,,,,,,,69.25,0.72,257.5,0.0,0.0,12.75,739.0,
2024-08-01 03:00:00,5.5,83.0,3.88,2.48,4.5,15.7,4.92,0.62,13.13,,,,,,,,69.0,0.78,260.75,0.0,0.0,12.75,739.0,
2024-08-01 04:00:00,8.75,80.0,4.6,4.03,5.85,14.88,3.68,0.6,14.34,,,,,,,,70.0,0.32,265.25,0.0,0.0,12.75,739.0,
2024-08-01 05:00:00,19.0,84.5,5.72,3.48,6.5,15.18,2.85,0.6,14.92,,,,,,,,70.25,0.32,270.5,0.0,0.0,13.5,739.0,
2024-08-01 06:00:00,7.0,67.0,6.1,3.98,7.08,15.32,2.5,0.62,14.34,,,,,,,,71.0,0.35,280.5,0.0,0.0,35.75,739.75,
2024-08-01 07:00:00,9.25,52.75,5.92,3.32,6.6,15.82,1.62,0.63,14.46,,,,,,,,70.25,0.38,285.25,0.0,0.0,91.75,740.0,
2024-08-01 08:00:00,14.5,46.75,6.58,3.68,7.28,15.5,0.8,0.64,13.95,,,,,,,,68.0,0.52,286.5,0.0,0.0,165.5,741.0,
2024-08-01 09:00:00,10.0,55.0,5.48,3.92,6.58,16.18,0.67,0.66,13.02,,,,,,,,65.25,0.62,290.75,0.0,0.0,188.5,741.0,
2024-08-01 10:00:00,19.5,131.75,5.52,4.22,6.75,14.58,1.28,0.65,11.29,,,,,,,,62.25,0.8,273.75,0.0,0.0,195.0,741.0,
2024-08-01 11:00:00,43.75,278.25,4.1,4.5,5.75,14.35,1.88,0.64,10.38,,,,,,,,60.25,1.23,262.75,0.0,0.0,263.25,741.0,
2024-08-01 12:00:00,28.5,173.5,3.4,4.58,5.2,14.0,3.38,0.64,9.57,,,,,,,,59.0,0.95,269.5,0.0,0.0,223.25,740.5,
2024-08-01 13:00:00,20.0,115.0,3.1,3.58,4.4,13.8,3.88,0.62,9.3,,,,,,,,56.25,1.15,264.25,0.0,0.0,366.0,740.0,
2024-08-01 14:00:00,16.5,86.0,3.72,3.22,4.75,13.78,2.82,0.64,9.33,,,,,,,,54.25,0.9,250.75,0.0,0.0,355.25,739.5,
2024-08-01 15:00:00,15.25,100.0,3.2,4.03,4.78,13.08,2.33,0.63,9.69,,,,,,,,53.75,1.12,275.5,0.0,0.0,273.5,739.0,
2024-08-01 16:00:00,16.5,84.5,3.42,3.8,4.8,12.78,2.45,0.59,8.5,,,,,,,,54.0,0.92,275.5,0.0,0.0,156.0,739.0,
2024-08-01 17:00:00,20.25,102.25,3.22,5.6,5.6,14.3,2.7,0.64,8.11,,,,,,,,61.75,1.62,234.5,0.0,0.0,51.0,739.0,
2024-08-01 18:00:00,30.75,104.25,3.92,5.98,6.38,13.42,3.45,0.66,5.2,,,,,,,,67.75,0.9,221.75,0.0,0.0,18.0,739.0,
2024-08-01 19:00:00,43.5,100.5,2.75,6.93,5.9,14.12,2.75,0.68,5.12,,,,,,,,72.75,0.98,229.25,0.0,0.0,14.0,739.75,
2024-08-01 20:00:00,40.5,93.75,4.58,2.82,5.25,13.82,2.72,0.7,7.29,,,,,,,,75.0,0.7,247.75,0.0,0.0,13.75,740.25,
2024-08-01 21:00:00,15.0,55.75,3.85,3.4,4.95,13.32,3.5,0.68,9.2,,,,,,,,73.5,0.45,259.75,0.0,0.0,14.25,741.0,
2024-08-01 22:00:00,7.0,41.0,3.88,2.55,4.5,13.6,3.05,0.68,10.25,,,,,,,,73.25,0.48,283.75,0.0,0.0,14.25,741.0,
2024-08-01 23:00:00,9.75,33.0,4.32,2.2,4.7,14.02,2.15,0.68,10.5,,,,,,,,74.5,0.3,285.75,0.0,0.0,13.75,740.75,
2024-08-02 00:00:00,9.25,31.5,4.4,3.8,5.62,14.6,3.7,0.68,12.55,,,,,,,,73.5,0.3,291.75,0.0,0.0,14.0,740.0,
2024-08-02 01:00:00,9.25,42.5,4.88,3.45,5.8,15.8,4.45,0.67,13.33,,,,,,,,71.25,0.3,290.75,0.0,0.0,13.5,740.0,
2024-08-02 02:00:00,8.5,39.5,5.72,4.05,6.8,14.42,6.78,0.64,14.68,,,,,,,,72.5,0.3,311.5,0.0,0.0,12.75,740.0,
2024-08-02 03:00:00,12.75,52.0,6.12,5.03,7.65,14.32,7.15,0.64,14.84,,,,,,,,73.25,0.3,300.75,0.0,0.0,12.75,739.0,
2024-08-02 04:00:00,15.0,50.0,7.0,5.25,8.48,13.58,4.78,0.66,14.71,,,,,,,,74.0,0.3,300.25,0.0,0.0,12.0,739.0,
2024-08-02 05:00:00,21.0,55.0,6.6,5.78,8.48,14.0,5.05,0.66,14.89,,,,,,,,75.5,0.3,277.5,0.0,0.0,12.75,739.0,
2024-08-02 06:00:00,14.25,64.25,8.57,4.82,9.52,14.4,3.7,0.7,15.58,,,,,,,,75.5,0.3,309.25,0.0,0.0,34.5,739.5,
2024-08-02 07:00:00,21.25,73.0,9.02,5.3,10.15,14.52,3.52,0.72,15.58,,,,,,,,72.25,0.3,303.75,0.0,0.0,94.0,740.25,
2024-08-02 08:00:00,22.25,77.75,9.07,5.95,10.55,14.62,4.53,0.72,14.81,,,,,,,,68.0,0.35,302.25,0.0,0.0,188.0,741.0,
2024-08-02 09:00:00,22.5,99.75,7.62,5.3,9.0,15.28,4.03,0.74,13.32,,,,,,,,63.75,0.55,298.25,0.0,0.0,280.5,741.0,
2024-08-02 10:00:00,19.5,90.5,6.3,4.08,7.3,14.08,6.35,0.7,11.2,,,,,,,,61.75,1.02,302.5,0.0,0.0,344.75,741.0,
2024-08-02 11:00:00,15.75,94.5,5.15,4.3,6.48,13.42,7.05,0.66,11.8,,,,,,,,60.25,0.9,299.0,0.0,0.0,285.0,741.0,
2024-08-02 12:00:00,16.75,135.25,4.38,3.72,5.52,12.9,5.05,0.66,10.62,,,,,,,,61.0,0.7,302.0,0.0,0.0,216.0,740.0,
2024-08-02 13:00:00,13.5,67.25,4.22,3.1,5.1,12.42,4.58,0.62,10.15,,,,,,,,59.5,0.9,304.25,0.0,0.0,262.0,740.0,
2024-08-02 14:00:00,16.5,77.0,4.32,3.25,5.25,12.22,1.9,0.63,10.74,,,,,,,,59.75,0.85,310.5,0.0,0.0,169.25,739.0,
2024-08-02 15:00:00,22.5,149.75,4.1,4.0,5.45,13.12,,0.64,7.66,,,,,,,,64.0,0.98,260.75,0.0,0.0,129.5,738.75,
2024-08-02 16:00:00,32.5,126.0,3.68,5.92,6.18,14.92,2.12,0.69,2.11,,,,,,,,71.75,1.45,218.0,0.0,0.0,74.25,738.75,
2024-08-02 17:00:00,53.0,127.25,2.88,5.8,5.45,16.45,3.95,0.7,1.2,,,,,,,,73.75,1.25,221.5,0.0,0.0,30.5,739.0,
2024-08-02 18:00:00,56.75,115.25,3.68,4.6,5.45,14.95,3.75,0.71,4.46,,,,,,,,74.5,0.65,242.0,0.0,0.0,17.5,739.25,
2024-08-02 19:00:00,29.75,82.75,4.03,7.55,7.28,14.35,3.4,0.76,8.06,,,,,,,,77.5,0.35,226.75,0.0,0.0,11.0,739.75,
2024-08-02 20:00:00,23.25,50.75,3.95,11.1,9.15,14.72,3.92,0.83,11.7,,,,,,,,79.0,0.3,271.75,0.0,0.0,12.0,740.0,
2024-08-02 21:00:00,21.75,69.25,4.97,7.8,8.18,14.8,4.7,0.77,13.48,,,,,,,,76.25,1.23,261.0,0.5,0.5,11.75,741.0,
2024-08-02 22:00:00,13.0,63.75,4.32,4.5,5.9,14.85,3.9,0.74,14.25,,,,,,,,82.25,0.3,174.5,0.25,0.25,4.5,741.0,
2024-08-02 23:00:00,7.0,9.0,4.82,6.4,7.32,14.88,3.68,0.74,14.8,,,,,,,,81.25,0.3,41.5,0.0,0.0,5.5,740.75,
2024-08-03 00:00:00,6.0,13.0,6.05,7.08,8.7,15.75,4.92,0.72,15.89,,,,,,,,79.0,0.3,292.75,0.0,0.0,8.0,740.75,
2024-08-03 01:00:00,5.5,11.5,7.38,6.78,9.62,16.3,4.65,0.7,15.72,,,,,,,,78.0,0.3,263.25,0.0,0.0,8.75,740.0,
2024-08-03 02:00:00,3.25,8.0,7.88,4.58,8.82,14.25,4.12,0.64,15.58,,,,,,,,78.0,0.3,265.25,0.0,0.0,9.5,740.0,
2024-08-03 03:00:00,4.5,13.75,9.93,4.3,10.38,13.52,4.15,0.63,15.97,,,,,,,,79.0,0.3,321.5,0.0,0.0,9.75,739.5,
2024-08-03 04:00:00,15.0,22.5,10.42,6.7,12.0,12.82,4.53,0.65,16.34,,,,,,,,78.0,0.3,317.25,0.0,0.0,9.75,739.5,
2024-08-03 05:00:00,14.5,27.25,11.15,6.65,12.62,13.22,4.08,0.63,15.38,,,,,,,,78.75,0.3,309.0,0.0,0.0,10.25,740.0,
2024-08-03 06:00:00,14.25,38.75,13.12,5.92,13.82,14.52,3.98,0.69,16.3,,,,,,,,76.25,0.35,275.5,0.0,0.0,42.75,740.25,
2024-08-03 07:00:00,18.5,46.5,12.08,5.25,12.6,15.02,3.55,0.72,15.39,,,,,,,,73.75,0.32,273.0,0.0,0.0,133.75,741.0,
2024-08-03 08:00:00,18.25,54.5,11.28,4.82,11.73,15.15,3.52,0.72,15.08,,,,,,,,68.0,0.65,272.5,0.0,0.0,233.0,741.0,
2024-08-03 09:00:00,12.75,61.0,10.92,3.7,10.82,21.42,4.35,0.69,13.51,,,,,,,,62.5,0.78,265.0,0.0,0.0,305.75,741.0,
2024-08-03 10:00:00,11.25,66.75,9.9,2.7,9.48,25.4,6.0,0.7,15.27,,,,,,,,60.0,0.8,264.75,0.0,0.0,369.75,741.0,
2024-08-03 11:00:00,8.0,41.75,7.38,4.97,8.65,29.65,6.78,0.73,12.62,,,,,,,,58.25,1.23,277.75,0.0,0.0,384.75,741.0,
2024-08-03 12:00:00,,,,,,,,,,,,,,,,,,,,,0.0,,,
2024-08-03 13:00:00,,,,,,,,,,,,,,,,,,,,,0.0,,,
2024-08-03 14:00:00,,,,,,,,,,,,,,,,,,,,,0.0,,,
2024-08-03 15:00:00,,,,,,,11.3,0.03,19.6,,,,,,,,,,,,0.0,,,
2024-08-03 16:00:00,11.0,,1.93,5.53,4.5,15.8,14.22,0.77,11.07,,,,,,,,69.0,0.9,213.25,0.0,0.0,92.5,739.5,
2024-08-03 17:00:00,11.0,70.0,3.47,7.28,6.7,15.62,8.55,0.83,9.34,,,,,,,,69.25,1.0,223.75,0.0,0.0,43.5,739.75,
2024-08-03 18:00:00,13.25,73.5,2.45,8.35,6.45,15.78,8.05,0.76,8.34,,,,,,,,71.25,0.6,230.25,0.0,0.0,15.5,740.0,
2024-08-03 19:00:00,20.0,80.0,2.98,5.95,5.58,15.98,7.72,0.76,9.03,,,,,,,,70.0,0.5,271.5,0.0,0.0,12.0,741.0,
2024-08-03 20:00:00,20.25,67.25,4.82,5.1,6.65,14.7,5.35,0.76,13.42,,,,,,,,69.25,0.3,296.25,0.0,0.0,12.75,741.0,
2024-08-03 21:00:00,24.25,68.25,4.97,4.97,6.68,15.32,4.42,0.76,13.73,,,,,,,,71.0,0.5,300.5,0.0,0.0,12.75,741.0,
2024-08-03 22:00:00,29.75,69.75,4.47,4.15,5.82,15.73,3.75,0.72,11.72,,,,,,,,74.75,0.62,184.0,1.0,1.0,11.5,742.0,
2024-08-03 23:00:00,17.0,45.0,3.6,4.12,5.12,16.6,3.12,0.73,13.04,,,,,,,,85.25,0.32,160.75,2.0,2.0,4.25,742.0,
2024-08-04 00:00:00,,,4.8,4.2,6.12,16.08,3.6,0.7,13.8,,,,,,,,86.25,0.3,259.5,0.5,0.5,3.75,741.0,
2024-08-04 01:00:00,1.0,10.0,5.22,3.5,6.12,15.25,3.58,0.68,13.87,,,,,,,,84.75,0.35,276.5,0.0,0.0,4.5,741.0,
2024-08-04 02:00:00,1.0,9.75,5.05,2.17,5.25,15.22,1.32,0.66,13.76,,,,,,,,83.5,0.38,272.75,0.0,0.0,6.5,740.0,
2024-08-04 03:00:00,1.0,8.5,5.18,3.18,5.9,15.52,0.15,0.64,13.68,,,,,,,,83.25,0.45,306.75,0.0,0.0,7.5,740.5,
2024-08-04 04:00:00,1.0,7.0,4.9,1.57,4.5,16.62,1.82,0.64,13.12,,,,,,,,83.25,0.45,318.25,0.0,0.0,8.0,740.0,
2024-08-04 05:00:00,2.0,11.0,4.7,1.7,4.72,17.02,2.5,0.65,13.53,,,,,,,,83.5,0.65,318.0,0.0,0.0,8.0,740.0,
2024-08-04 06:00:00,1.75,11.0,5.12,2.35,5.42,16.9,4.08,0.62,13.51,,,,,,,,83.0,0.57,308.25,0.0,0.0,27.5,740.5,
2024-08-04 07:00:00,2.0,12.75,5.48,2.02,5.52,17.65,6.15,0.64,14.38,,,,,,,,81.5,0.35,303.25,0.0,0.0,84.25,741.0,
2024-08-04 08:00:00,5.5,18.0,6.22,2.88,6.62,16.52,4.45,0.61,14.96,,,,,,,,76.5,0.38,291.5,0.0,0.0,172.0,741.75,
2024-08-04 09:00:00,7.5,18.75,6.82,2.98,7.12,14.65,2.17,0.6,12.5,,,,,,,,69.25,0.57,285.0,0.0,0.0,330.5,742.0,
2024-08-04 10:00:00,9.25,24.25,4.5,5.18,6.4,14.08,5.85,0.61,10.67,,,,,,,,64.5,0.55,275.25,0.0,0.0,395.75,742.0,
2024-08-04 11:00:00,9.25,33.5,5.08,4.15,6.32,14.6,7.65,0.6,9.22,,,,,,,,62.0,0.62,277.5,0.0,0.0,383.75,741.5,
2024-08-04 12:00:00,6.75,31.75,3.75,3.8,5.08,14.8,6.45,0.68,8.39,,,,,,,,62.25,0.52,294.25,0.0,0.0,378.25,741.0,
2024-08-04 13:00:00,7.0,33.25,4.05,4.18,5.5,13.9,6.22,0.68,8.22,,,,,,,,63.25,1.45,259.5,0.0,0.0,358.25,740.75,
2024-08-04 14:00:00,10.5,40.5,3.7,4.1,5.2,14.75,6.22,0.62,8.51,,,,,,,,69.25,2.3,242.0,0.0,0.0,345.75,740.0,
2024-08-04 15:00:00,14.25,45.0,3.85,3.78,5.15,14.95,5.65,0.64,6.17,,,,,,,,72.25,2.7,235.75,0.0,0.0,148.75,739.25,
2024-08-04 16:00:00,21.25,51.0,2.78,4.65,4.75,14.5,3.75,0.62,6.02,,,,,,,,71.5,1.92,232.5,0.0,0.0,120.25,739.0,
2024-08-04 17:00:00,17.75,40.75,3.53,3.35,4.65,13.32,1.5,0.59,7.64,,,,,,,,74.0,1.32,196.75,0.0,0.0,11.25,739.5,
2024-08-04 18:00:00,4.25,32.75,3.5,6.42,6.25,12.72,3.32,0.63,12.62,,,,,,,,80.75,0.32,216.0,0.0,0.0,6.25,739.25,
2024-08-04 19:00:00,4.75,23.0,5.32,9.3,9.28,13.28,3.88,0.73,14.62,,,,,,,,80.25,0.3,166.5,0.0,0.0,7.5,740.0,
2024-08-04 20:00:00,13.5,34.5,6.6,8.43,9.85,14.0,2.6,0.86,15.09,,,,,,,,79.75,0.3,247.0,0.0,0.0,8.5,740.75,
2024-08-04 21:00:00,16.75,41.0,9.98,13.15,15.12,13.95,2.48,0.98,14.98,,,,,,,,80.75,0.3,300.25,0.0,0.0,9.25,741.0,
2024-08-04 22:00:00,21.0,37.75,8.88,10.2,12.65,15.75,2.33,0.96,15.81,,,,,,,,80.0,0.3,286.5,0.0,0.0,9.75,741.25,
2024-08-04 23:00:00,18.0,37.25,7.65,8.68,10.8,15.62,2.2,0.94,15.18,,,,,,,,78.5,0.3,239.75,0.0,0.0,9.75,741.0,
2024-08-05 00:00:00,17.75,35.0,8.1,4.8,9.15,16.4,3.38,0.82,15.61,,,,,,,,79.75,0.3,303.0,0.5,0.5,7.75,741.0,
2024-08-05 01:00:00,17.0,26.0,7.95,3.52,8.35,14.35,2.88,0.77,14.35,,,,,,,,84.25,0.57,283.0,2.0,2.0,3.75,740.75,
2024-08-05 02:00:00,,,7.98,1.85,7.45,13.18,4.27,0.7,13.09,,,,,,,,87.75,0.8,270.0,4.75,4.75,2.75,740.5,
2024-08-05 03:00:00,,,5.95,1.5,5.62,12.92,4.53,0.66,12.9,,,,,,,,89.0,0.82,273.75,3.5,3.5,2.75,741.0,
2024-08-05 04:00:00,4.0,,5.95,0.83,5.15,14.8,1.78,0.73,12.6,,,,,,,,89.0,1.0,309.75,1.0,1.0,3.0,740.5,
2024-08-05 05:00:00,4.0,,5.42,2.8,5.9,15.02,1.5,0.72,14.79,,,,,,,,89.0,0.4,187.0,1.0,1.0,2.75,740.75,
2024-08-05 06:00:00,,,5.22,4.32,6.58,15.18,1.58,0.65,15.04,,,,,,,,89.0,0.35,92.0,0.0,0.0,4.5,741.0,
2024-08-05 07:00:00,10.0,13.0,5.62,8.05,8.85,15.3,2.42,0.7,15.79,,,,,,,,89.0,0.3,272.5,0.0,0.0,16.25,741.0,
2024-08-05 08:00:00,10.25,14.0,8.1,6.45,10.02,15.58,3.7,0.71,16.69,,,,,,,,88.5,0.3,303.25,0.0,0.0,41.5,741.0,
2024-08-05 09:00:00,10.75,16.75,8.22,5.92,9.85,14.7,4.38,0.74,15.36,,,,,,,,86.5,0.35,293.75,0.0,0.0,98.0,741.0,
2024-08-05 10:00:00,11.5,20.25,8.6,6.35,10.38,14.38,2.68,0.74,15.25,,,,,,,,80.25,0.35,294.25,0.0,0.0,147.75,741.0,
2024-08-05 11:00:00,16.0,33.25,9.05,5.42,10.25,14.08,1.55,0.73,12.5,,,,,,,,74.25,0.35,226.0,0.0,0.0,222.5,741.0,
2024-08-05 12:00:00,14.75,38.25,7.52,5.92,9.28,14.6,0.95,0.8,8.19,,,,,,,,70.75,0.38,281.0,0.0,0.0,238.0,741.0,
2024-08-05 13:00:00,12.25,51.0,5.98,6.28,8.18,15.1,2.05,0.79,6.3,,,,,,,,69.75,0.35,261.0,0.0,0.0,208.0,741.0,
2024-08-05 14:00:00,16.5,66.25,4.92,3.82,6.02,14.92,3.22,0.74,8.98,,,,,,,,70.5,0.5,234.25,0.0,0.0,208.0,740.75,
2024-08-05 15:00:00,16.0,93.25,5.15,5.35,7.02,13.55,4.1,0.73,9.91,,,,,,,,73.75,0.77,217.5,0.0,0.0,171.75,740.0,
2024-08-05 16:00:00,9.75,37.25,4.42,4.65,6.1,14.82,5.42,0.72,8.09,,,,,,,,76.5,1.23,222.5,0.0,0.0,127.25,739.75,
2024-08-05 17:00:00,9.75,35.5,4.65,5.62,6.8,13.2,4.62,0.71,7.93,,,,,,,,78.75,1.2,222.25,0.0,0.0,58.0,739.0,
2024-08-05 18:00:00,10.5,27.5,5.0,5.15,6.8,12.82,1.68,0.71,7.64,,,,,,,,81.0,1.0,225.5,0.0,0.0,14.0,740.0,
2024-08-05 19:00:00,7.25,30.25,5.52,8.85,9.2,12.28,0.77,0.76,10.81,,,,,,,,80.75,0.35,221.75,0.0,0.0,7.75,740.5,
2024-08-05 20:00:00,12.25,41.5,6.35,5.68,8.2,13.9,3.8,0.74,11.16,,,,,,,,79.0,0.9,274.75,0.0,0.0,8.0,741.0,
2024-08-05 21:00:00,16.0,31.5,5.35,4.2,6.58,14.05,5.2,0.72,12.56,,,,,,,,78.5,0.5,276.25,0.0,0.0,8.75,741.0,
2024-08-05 22:00:00,5.0,21.0,6.02,5.5,7.8,14.1,2.52,0.72,13.67,,,,,,,,79.5,0.3,305.75,0.0,0.0,8.75,741.0,
2024-08-05 23:00:00,6.0,34.5,5.35,3.62,6.25,15.22,1.82,0.7,13.78,,,,,,,,80.25,0.3,298.75,0.0,0.0,8.75,741.0,
2024-08-06 00:00:00,8.25,21.5,6.9,4.88,8.2,15.1,3.05,0.7,14.96,,,,,,,,80.25,0.3,296.0,0.0,0.0,8.25,741.0,
2024-08-06 01:00:00,6.0,25.75,6.95,6.92,9.35,13.08,3.02,0.66,15.68,,,,,,,,80.5,0.3,317.5,0.0,0.0,8.75,740.5,
2024-08-06 02:00:00,6.0,31.25,6.55,4.32,7.6,12.78,3.52,0.63,14.74,,,,,,,,81.5,0.3,284.75,0.0,0.0,8.75,740.0,
2024-08-06 03:00:00,7.0,22.75,7.2,4.42,8.22,12.1,3.28,0.62,15.36,,,,,,,,82.5,0.3,272.75,0.0,0.0,8.75,740.0,
2024-08-06 04:00:00,9.75,21.75,8.0,7.7,10.55,12.98,4.08,0.62,15.43,,,,,,,,81.75,0.38,294.5,0.0,0.0,8.75,740.0,
2024-08-06 05:00:00,8.5,21.25,6.68,4.6,7.88,14.28,4.78,0.66,14.3,,,,,,,,82.0,0.43,279.5,0.0,0.0,9.0,740.0,
2024-08-06 06:00:00,7.0,21.5,7.88,4.88,9.0,13.8,5.0,0.68,14.72,,,,,,,,81.75,0.3,287.5,0.0,0.0,25.0,740.0,
2024-08-06 07:00:00,8.0,21.5,8.65,4.68,9.52,14.22,5.1,0.7,14.56,,,,,,,,79.0,0.3,273.25,0.0,0.0,84.0,740.0,
2024-08-06 08:00:00,11.25,31.75,8.72,5.1,9.8,15.15,4.25,0.7,13.86,,,,,,,,72.75,0.42,289.5,0.0,0.0,205.75,741.0,
2024-08-06 09:00:00,11.5,55.25,7.65,4.38,8.52,14.8,4.0,0.67,12.46,,,,,,,,68.75,0.6,270.5,0.0,0.0,293.0,741.0,
2024-08-06 10:00:00,9.25,67.0,7.12,4.88,8.35,13.95,2.8,0.7,9.78,,,,,,,,67.0,0.72,261.25,0.0,0.0,349.5,741.0,
2024-08-06 11:00:00,7.0,44.5,5.55,5.2,7.28,11.95,2.5,0.66,8.74,,,,,,,,64.5,0.68,204.25,0.0,0.0,362.25,741.0,
2024-08-06 12:00:00,1.0,40.0,2.78,6.57,5.75,12.65,4.93,0.62,8.96,,,,,,,,62.75,0.85,217.5,0.0,0.0,400.75,740.5,
2024-08-06 13:00:00,1.25,37.0,3.3,3.85,4.7,12.02,5.82,0.62,10.09,,,,,,,,61.75,0.68,210.0,0.0,0.0,397.75,740.0,
2024-08-06 14:00:00,2.5,29.0,4.15,3.22,5.12,11.52,5.05,0.6,10.25,,,,,,,,60.0,0.62,222.25,0.0,0.0,299.0,739.75,
2024-08-06 15:00:00,4.5,37.75,4.8,3.05,5.52,12.32,5.85,0.62,8.34,,,,,,,,68.5,1.92,247.5,0.0,0.0,236.25,739.0,
2024-08-06 16:00:00,4.75,49.75,4.18,3.45,5.18,13.6,3.28,0.64,7.54,,,,,,,,73.5,1.7,231.0,0.0,0.0,144.75,738.5,
2024-08-06 17:00:00,3.0,35.0,3.32,4.02,4.9,12.42,2.92,0.62,5.04,,,,,,,,75.25,0.88,228.75,0.0,0.0,54.5,739.0,
2024-08-06 18:00:00,9.25,41.75,3.68,4.85,5.58,12.2,4.95,0.64,5.44,,,,,,,,76.25,0.4,193.0,0.0,0.0,11.5,739.75,
2024-08-06 19:00:00,8.5,43.75,3.65,4.08,5.12,11.95,5.78,0.62,9.46,,,,,,,,81.75,1.7,230.25,4.25,4.25,5.0,740.25,
2024-08-06 20:00:00,4.25,16.5,3.82,8.78,7.75,14.3,4.2,0.74,13.74,,,,,,,,88.0,0.3,140.75,0.25,0.25,3.5,740.25,
2024-08-06 21:00:00,4.25,17.5,4.58,11.8,10.0,14.2,3.28,0.83,15.6,,,,,,,,87.0,0.3,153.0,0.25,0.25,3.75,740.25,
2024-08-06 22:00:00,2.5,15.0,5.35,10.38,9.88,14.78,3.32,0.82,15.73,,,,,,,,85.75,0.4,313.25,0.0,0.0,3.25,740.5,
2024-08-06 23:00:00,4.25,11.25,5.28,8.0,8.55,14.72,3.2,0.76,15.62,,,,,,,,85.75,0.32,268.0,0.0,0.0,4.5,740.75,
2024-08-07 00:00:00,5.0,9.0,5.0,5.4,6.92,15.8,3.8,0.72,14.88,,,,,,,,85.25,0.5,297.25,0.0,0.0,5.75,740.75,
2024-08-07 01:00:00,5.0,7.75,6.42,2.08,6.3,14.68,4.28,0.67,14.25,,,,,,,,85.25,1.25,293.0,0.0,0.0,6.5,740.75,
2024-08-07 02:00:00,,4.0,5.5,2.1,5.58,13.3,2.9,0.61,14.61,,,,,,,,86.25,1.35,317.0,0.5,0.5,5.25,740.0,
2024-08-07 03:00:00,,1.0,4.35,3.38,5.3,11.55,2.42,0.59,13.93,,,,,,,,88.0,0.35,132.0,0.0,0.0,4.0,739.25,
2024-08-07 04:00:00,2.0,2.0,5.45,5.28,7.25,12.68,2.38,0.6,13.81,,,,,,,,87.0,0.3,255.75,0.0,0.0,4.25,739.0,
2024-08-07 05:00:00,1.75,5.25,3.95,4.22,5.45,14.95,2.7,0.63,15.61,,,,,,,,86.25,0.4,308.5,0.0,0.0,5.25,740.0,
2024-08-07 06:00:00,1.0,9.75,6.65,4.0,7.52,14.1,3.68,0.65,15.6,,,,,,,,86.25,0.38,297.75,0.0,0.0,16.75,740.0,
2024-08-07 07:00:00,2.0,21.25,7.0,4.85,8.28,14.62,4.9,0.68,15.47,,,,,,,,84.75,0.4,301.25,0.0,0.0,42.0,740.5,
2024-08-07 08:00:00,3.25,20.75,7.98,5.18,9.28,15.3,5.42,0.71,16.32,,,,,,,,82.5,0.3,264.25,0.0,0.0,81.75,741.0,
2024-08-07 09:00:00,6.75,18.5,8.57,7.18,10.8,14.5,4.58,0.76,15.32,,,,,,,,78.5,0.3,143.75,0.0,0.0,124.75,741.0,
2024-08-07 10:00:00,5.75,25.0,6.32,10.0,10.45,13.28,3.55,0.81,14.92,,,,,,,,74.75,0.3,186.25,0.0,0.0,160.0,741.0,
2024-08-07 11:00:00,8.25,33.0,4.95,9.6,9.15,13.52,2.62,0.74,11.27,,,,,,,,72.5,0.35,262.75,0.0,0.0,177.0,741.0,
2024-08-07 12:00:00,16.75,38.0,5.7,7.25,8.48,14.25,4.5,0.96,8.93,,,,,,,,71.75,0.35,243.0,0.0,0.0,182.5,740.5,
2024-08-07 13:00:00,12.25,34.5,4.35,6.68,7.1,11.65,5.48,0.87,8.06,,,,,,,,70.5,0.43,248.25,0.0,0.0,184.0,740.0,
2024-08-07 14:00:00,9.0,31.5,2.68,4.5,4.6,11.8,5.05,0.68,7.9,,,,,,,,68.25,0.4,141.75,0.0,0.0,225.0,740.0,
2024-08-07 15:00:00,5.5,28.75,3.9,3.95,5.28,11.42,4.85,0.68,8.95,,,,,,,,67.75,0.4,152.75,0.0,0.0,167.0,739.25,
2024-08-07 16:00:00,4.75,34.0,4.25,3.22,5.18,12.32,5.72,0.67,8.89,,,,,,,,68.25,0.3,192.75,0.0,0.0,102.5,739.0,
2024-08-07 17:00:00,6.5,38.75,3.82,4.3,5.4,11.55,3.85,0.68,9.3,,,,,,,,70.75,0.3,91.0,0.0,0.0,45.0,739.25,
2024-08-07 18:00:00,5.25,53.25,3.42,7.5,6.8,10.8,5.18,0.8,10.72,,,,,,,,74.0,0.3,125.0,0.0,0.0,13.0,740.0,
2024-08-07 19:00:00,7.75,57.25,4.35,9.8,8.78,10.7,4.22,0.9,8.55,,,,,,,,79.0,0.3,210.75,0.0,0.0,7.75,740.0,
2024-08-07 20:00:00,16.5,69.25,4.47,11.88,9.98,11.02,3.22,0.98,10.39,,,,,,,,80.5,0.3,207.75,0.0,0.0,8.0,740.75,
2024-08-07 21:00:00,23.5,70.25,4.12,8.05,7.6,12.15,3.92,0.97,10.48,,,,,,,,81.25,0.3,215.5,0.0,0.0,8.75,741.0,
2024-08-07 22:00:00,11.5,49.0,6.05,5.65,7.92,12.32,5.1,0.96,10.5,,,,,,,,81.75,0.3,213.75,0.0,0.0,8.5,741.0,
2024-08-07 23:00:00,6.25,35.5,5.5,5.15,7.22,12.68,5.8,0.92,11.26,,,,,,,,82.0,0.3,218.75,0.0,0.0,8.75,741.0,
2024-08-08 00:00:00,4.0,29.0,5.35,3.12,6.02,14.02,3.12,0.84,12.45,,,,,,,,81.25,0.52,273.25,0.0,0.0,8.25,740.75,
2024-08-08 01:00:00,,23.0,4.45,3.15,5.3,11.72,2.42,0.76,13.52,,,,,,,,84.5,0.38,309.0,0.0,0.0,7.5,740.0,
2024-08-08 02:00:00,,4.0,5.03,2.82,5.58,11.58,5.52,0.72,13.83,,,,,,,,85.0,0.48,306.75,0.0,0.0,7.0,740.0,
2024-08-08 03:00:00,,4.25,5.03,2.9,5.62,11.18,7.08,0.68,13.37,,,,,,,,85.75,0.32,288.5,0.0,0.0,7.75,740.0,
2024-08-08 04:00:00,2.0,6.25,6.42,3.78,7.25,11.12,5.5,0.68,14.42,,,,,,,,86.0,0.3,284.0,0.0,0.0,6.75,740.0,
2024-08-08 05:00:00,3.25,10.0,6.18,4.18,7.25,12.25,6.4,0.7,15.4,,,,,,,,86.5,0.35,280.25,0.0,0.0,4.0,740.0,
2024-08-08 06:00:00,7.75,11.75,6.28,4.5,7.48,13.25,5.28,0.72,15.33,,,,,,,,87.0,0.3,292.25,0.0,0.0,13.0,740.0,
2024-08-08 07:00:00,10.5,19.75,6.62,4.85,7.93,13.48,3.58,0.75,15.0,,,,,,,,85.5,0.3,297.75,0.0,0.0,49.25,741.0,
2024-08-08 08:00:00,12.25,28.0,6.4,4.55,7.62,13.9,5.28,0.72,14.86,,,,,,,,82.25,0.38,285.75,0.0,0.0,109.0,741.0,
2024-08-08 09:00:00,13.75,28.25,8.0,5.48,9.38,13.92,6.5,0.74,14.06,,,,,,,,74.75,0.57,258.75,0.0,0.0,295.0,741.25,
2024-08-08 10:00:00,12.5,30.0,6.8,4.0,7.68,12.85,5.28,0.7,12.04,,,,,,,,68.0,0.72,251.25,0.0,0.0,344.25,741.25,
2024-08-08 11:00:00,2.5,30.0,5.48,3.98,6.52,11.48,3.4,0.65,11.36,,,,,,,,65.25,0.78,222.0,0.0,0.0,390.25,741.0,
2024-08-08 12:00:00,5.25,22.75,4.72,2.82,5.35,11.85,3.12,0.64,11.89,,,,,,,,64.5,0.78,209.25,0.0,0.0,345.0,741.0,
2024-08-08 13:00:00,8.25,30.25,4.6,3.58,5.62,10.6,3.75,0.64,11.3,,,,,,,,64.25,0.48,260.5,0.0,0.0,264.0,740.75,
2024-08-08 14:00:00,6.75,41.0,4.7,3.08,5.45,10.7,4.6,0.61,11.4,,,,,,,,63.0,0.52,250.75,0.0,0.0,220.75,740.0,
2024-08-08 15:00:00,10.0,55.0,3.75,4.45,5.42,10.9,4.1,0.62,8.92,,,,,,,,72.5,0.68,223.75,0.5,0.5,82.25,739.75,
2024-08-08 16:00:00,11.5,52.25,3.92,4.4,5.52,11.75,3.98,0.66,10.87,,,,,,,,80.75,0.65,245.75,0.0,0.0,57.0,739.0,
2024-08-08 17:00:00,7.0,26.5,5.7,6.62,8.15,11.65,3.8,0.69,12.98,,,,,,,,82.0,0.32,237.5,0.0,0.0,25.75,739.0,
2024-08-08 18:00:00,7.75,29.75,7.4,8.12,10.35,10.42,3.95,0.73,15.29,,,,,,,,82.75,0.3,250.75,0.0,0.0,9.0,739.5,
2024-08-08 19:00:00,8.75,34.5,7.1,6.8,9.35,10.92,3.6,0.74,14.85,,,,,,,,81.0,0.45,258.0,0.0,0.0,6.25,740.5,
2024-08-08 20:00:00,4.0,30.75,6.82,3.95,7.65,10.55,4.92,0.71,13.0,,,,,,,,80.25,0.4,286.25,0.0,0.0,7.25,741.0,
2024-08-08 21:00:00,1.75,21.25,7.22,3.72,7.88,11.12,5.85,0.74,14.01,,,,,,,,82.5,0.3,272.75,0.0,0.0,7.75,741.0,
2024-08-08 22:00:00,3.5,15.0,7.02,4.4,8.02,11.45,4.68,0.71,14.98,,,,,,,,82.5,0.32,270.25,0.0,0.0,7.75,741.0,
2024-08-08 23:00:00,2.0,18.75,7.4,2.75,7.5,11.45,3.55,0.69,14.29,,,,,,,,82.25,0.32,294.5,0.0,0.0,7.75,741.0,
2024-08-09 00:00:00,,11.75,6.78,3.2,7.2,11.88,5.18,0.67,13.64,,,,,,,,82.25,0.4,297.0,0.0,0.0,7.75,741.0,
2024-08-09 01:00:00,2.0,12.0,7.62,3.4,8.0,12.25,6.05,0.66,14.78,,,,,,,,83.0,0.52,291.25,0.0,0.0,7.75,741.0,
2024-08-09 02:00:00,3.0,18.5,7.5,2.62,7.48,10.8,6.0,0.63,14.46,,,,,,,,84.0,1.2,303.5,2.75,2.75,5.5,740.5,
2024-08-09 03:00:00,6.0,29.0,7.62,2.33,7.12,10.88,5.35,0.61,14.09,,,,,,,,87.25,1.65,298.75,0.5,0.5,2.0,740.0,
2024-08-09 04:00:00,2.0,9.0,6.9,2.72,7.05,10.45,3.08,0.59,14.28,,,,,,,,86.25,1.2,273.0,0.0,0.0,3.5,740.25,
2024-08-09 05:00:00,2.0,9.0,5.75,2.45,5.95,11.5,3.32,0.62,14.82,,,,,,,,85.5,1.38,265.25,0.0,0.0,5.25,740.0,
2024-08-09 06:00:00,6.0,17.0,6.0,2.5,6.2,11.65,5.38,0.62,15.58,,,,,,,,84.5,0.8,258.75,0.0,0.0,49.25,740.5,
2024-08-09 07:00:00,5.0,19.25,6.75,3.35,7.28,12.0,6.18,0.64,15.61,,,,,,,,78.25,0.5,199.0,0.0,0.0,121.25,741.0,
2024-08-09 08:00:00,2.75,26.5,9.68,3.5,9.75,12.45,4.95,0.63,14.66,,,,,,,,73.5,0.88,225.5,0.0,0.0,230.0,741.0,
2024-08-09 09:00:00,4.75,26.5,9.65,3.35,9.65,12.02,4.25,0.62,14.04,,,,,,,,70.5,0.85,193.0,0.0,0.0,322.5,741.0,
2024-08-09 10:00:00,3.25,21.75,7.42,2.52,7.35,11.7,4.15,0.62,12.22,,,,,,,,67.0,0.7,203.5,0.0,0.0,390.75,741.0,
2024-08-09 11:00:00,3.75,21.25,5.48,3.68,6.4,11.12,4.03,0.62,8.81,,,,,,,,65.25,0.65,188.25,0.0,0.0,430.0,741.0,
2024-08-09 12:00:00,11.5,27.25,5.1,4.5,6.52,9.93,1.7,0.62,7.08,,,,,,,,64.75,0.48,184.25,0.0,0.0,254.5,741.0,
2024-08-09 13:00:00,13.0,51.5,2.65,5.52,5.1,10.62,0.92,0.65,2.72,,,,,,,,67.5,0.5,183.0,0.0,0.0,198.25,740.0,
2024-08-09 14:00:00,19.25,73.0,2.6,5.28,4.9,10.12,3.68,0.64,4.74,,,,,,,,70.0,0.43,222.75,0.0,0.0,147.0,740.0,
2024-08-09 15:00:00,11.0,58.0,3.58,3.38,4.68,10.05,4.08,0.63,7.78,,,,,,,,71.25,0.52,224.5,0.0,0.0,104.25,740.0,
2024-08-09 16:00:00,10.0,46.5,4.25,3.8,5.45,10.32,6.6,0.66,9.98,,,,,,,,75.25,0.4,215.0,0.0,0.0,50.75,739.25,
2024-08-09 17:00:00,5.75,41.25,3.3,3.35,4.47,11.22,6.93,0.65,10.76,,,,,,,,75.75,0.35,188.0,0.0,0.0,36.25,740.0,
2024-08-09 18:00:00,3.75,45.5,4.15,6.38,6.78,9.7,3.22,0.68,11.21,,,,,,,,77.5,0.88,94.5,0.0,0.0,9.25,740.75,
2024-08-09 19:00:00,11.25,44.0,5.75,8.38,9.12,9.55,1.45,0.76,13.35,,,,,,,,77.0,0.3,189.75,0.0,0.0,8.75,740.75,
2024-08-09 20:00:00,18.0,67.75,7.02,10.52,11.32,10.62,3.55,0.89,14.06,,,,,,,,76.25,0.4,254.5,0.0,0.0,9.0,741.0,
2024-08-09 21:00:00,14.5,78.75,6.25,8.68,9.7,10.5,4.53,0.88,12.96,,,,,,,,79.25,0.4,263.0,0.0,0.0,9.0,741.0,
2024-08-09 22:00:00,4.5,56.0,6.75,5.82,8.57,10.8,5.05,0.88,11.14,,,,,,,,80.75,0.4,270.5,0.0,0.0,8.75,741.25,
2024-08-09 23:00:00,6.75,41.25,6.12,3.82,7.02,10.68,4.62,0.82,10.27,,,,,,,,81.0,0.45,304.0,0.0,0.0,8.75,741.0,
2024-08-10 00:00:00,9.0,28.5,6.02,3.0,6.52,10.78,1.62,0.75,12.35,,,,,,,,79.5,0.95,307.0,0.0,0.0,9.0,741.0,
2024-08-10 01:00:00,,15.25,4.35,2.42,4.82,11.88,0.75,0.71,13.39,,,,,,,,80.75,0.6,298.5,0.0,0.0,8.75,741.0,
2024-08-10 02:00:00,,13.75,5.25,2.48,5.58,10.42,1.87,0.69,13.22,,,,,,,,81.0,0.45,292.0,0.0,0.0,8.75,740.75,
2024-08-10 03:00:00,,6.5,5.0,2.33,5.3,10.4,2.5,0.66,13.38,,,,,,,,80.5,0.38,305.75,0.0,0.0,8.75,740.5,
2024-08-10 04:00:00,,5.5,5.58,1.88,5.52,10.55,4.38,0.64,13.26,,,,,,,,81.75,0.52,267.0,0.0,0.0,8.75,741.0,
2024-08-10 05:00:00,,8.5,5.6,3.1,6.18,11.12,5.98,0.65,14.22,,,,,,,,82.0,0.45,274.5,0.0,0.0,9.25,741.0,
2024-08-10 06:00:00,,13.75,6.2,2.9,6.6,11.6,3.5,0.65,14.26,,,,,,,,81.75,0.35,261.0,0.0,0.0,33.25,741.0,
2024-08-10 07:00:00,,16.25,5.35,3.15,6.02,11.8,2.12,0.65,14.9,,,,,,,,80.75,0.38,177.0,0.0,0.0,40.75,741.0,
2024-08-10 08:00:00,1.0,20.0,5.78,2.8,6.18,11.88,3.45,0.66,13.93,,,,,,,,75.25,0.95,166.75,0.0,0.0,211.0,741.75,
2024-08-10 09:00:00,1.0,28.75,5.52,3.3,6.25,11.98,3.72,0.68,13.48,,,,,,,,70.0,1.18,112.5,0.0,0.0,303.25,741.0,
2024-08-10 10:00:00,,28.75,4.97,3.42,5.88,10.07,3.15,0.62,11.15,,,,,,,,64.0,1.05,128.25,0.0,0.0,368.0,741.0,
2024-08-10 11:00:00,9.0,36.75,4.18,4.4,5.75,9.88,2.4,0.63,7.89,,,,,,,,63.0,1.2,155.25,0.0,0.0,409.75,741.0,
2024-08-10 12:00:00,9.75,53.75,3.1,3.8,4.53,10.48,3.32,0.69,3.02,,,,,,,,70.0,1.35,251.0,0.0,0.0,334.25,741.0,
2024-08-10 13:00:00,11.5,50.25,2.48,4.25,4.28,9.62,4.47,0.7,1.1,,,,,,,,70.25,1.27,253.25,0.0,0.0,404.25,740.75,
2024-08-10 14:00:00,10.5,40.75,2.5,3.32,3.8,9.72,1.4,0.69,2.04,,,,,,,,69.25,1.2,257.5,0.0,0.0,333.5,740.0,
2024-08-10 15:00:00,12.0,40.5,2.92,3.1,4.03,9.4,0.2,0.66,2.0,,,,,,,,69.75,1.0,254.5,0.0,0.0,247.75,740.0,
2024-08-10 16:00:00,12.75,51.0,2.42,3.92,4.08,9.78,1.62,0.67,2.07,,,,,,,,71.25,0.92,252.75,0.0,0.0,163.25,739.75,
2024-08-10 17:00:00,14.25,50.25,2.62,3.62,4.08,10.65,2.3,0.68,3.44,,,,,,,,73.75,0.72,242.75,0.0,0.0,60.0,740.0,
2024-08-10 18:00:00,12.0,47.0,2.75,4.8,4.82,9.85,4.8,0.67,3.39,,,,,,,,77.5,0.45,246.75,0.0,0.0,11.75,740.0,
2024-08-10 19:00:00,11.25,49.75,3.6,5.15,5.65,10.0,6.12,0.7,5.32,,,,,,,,78.0,0.32,249.25,0.0,0.0,9.75,740.0,
2024-08-10 20:00:00,11.75,66.0,3.58,5.62,5.9,10.28,3.95,0.71,5.5,,,,,,,,78.0,0.3,250.75,0.0,0.0,9.5,740.75,
2024-08-10 21:00:00,18.75,65.25,3.18,6.02,5.75,10.22,3.05,0.74,7.33,,,,,,,,78.5,0.3,231.25,0.0,0.0,9.75,741.0,
2024-08-10 22:00:00,13.75,70.75,4.72,5.7,6.85,10.45,3.7,0.76,8.11,,,,,,,,79.25,0.3,273.0,0.0,0.0,9.75,741.0,
2024-08-10 23:00:00,11.25,62.75,4.2,4.72,5.92,11.0,3.92,0.74,10.4,,,,,,,,80.5,0.3,285.75,0.0,0.0,9.75,741.0,
2024-08-11 00:00:00,13.5,49.75,2.92,5.1,5.1,11.0,4.15,0.74,10.09,,,,,,,,81.0,0.3,257.25,0.0,0.0,9.75,740.25,
2024-08-11 01:00:00,7.0,44.0,4.08,3.72,5.3,12.15,4.6,0.73,11.81,,,,,,,,81.5,0.38,255.75,0.0,0.0,9.75,739.75,
2024-08-11 02:00:00,1.0,31.5,5.25,3.0,5.88,10.82,1.75,0.68,12.2,,,,,,,,77.75,0.4,280.0,0.0,0.0,9.75,739.5,
2024-08-11 03:00:00,1.75,39.0,5.0,3.03,5.7,10.88,0.35,0.66,12.48,,,,,,,,79.25,0.68,306.5,0.0,0.0,9.5,740.0,
2024-08-11 04:00:00,3.25,34.5,5.3,1.35,5.0,10.42,3.05,0.63,11.05,,,,,,,,80.75,1.68,312.5,0.0,0.0,9.75,740.5,
2024-08-11 05:00:00,1.0,19.75,4.85,1.5,4.75,10.72,5.72,0.59,10.88,,,,,,,,78.75,1.7,304.25,0.0,0.0,10.25,740.75,
2024-08-11 06:00:00,,17.25,4.22,2.92,5.03,10.95,5.1,0.61,12.05,,,,,,,,74.75,0.45,281.75,0.0,0.0,35.75,740.0,
2024-08-11 07:00:00,,21.75,5.08,3.05,5.78,11.1,4.85,0.62,12.39,,,,,,,,70.75,0.32,156.0,0.0,0.0,130.5,740.0,
2024-08-11 08:00:00,9.0,26.5,5.38,3.32,6.15,11.38,6.4,0.62,11.12,,,,,,,,67.0,0.5,105.0,0.0,0.0,236.5,740.25,
2024-08-11 09:00:00,8.25,37.0,5.52,4.1,6.65,11.42,6.62,0.64,9.96,,,,,,,,65.25,1.18,118.25,0.0,0.0,328.0,740.0,
2024-08-11 10:00:00,6.25,46.75,3.75,3.25,4.78,10.6,5.15,0.63,9.03,,,,,,,,63.25,1.12,162.5,0.0,0.0,392.25,740.75,
2024-08-11 11:00:00,8.25,56.0,3.72,4.1,5.22,10.2,4.08,0.65,3.82,,,,,,,,63.25,1.58,246.0,0.0,0.0,427.75,740.5,
2024-08-11 12:00:00,10.75,69.25,2.9,3.88,4.42,10.58,3.78,0.66,4.47,,,,,,,,64.0,1.4,254.0,0.0,0.0,420.0,740.0,
2024-08-11 13:00:00,8.0,49.75,3.3,3.38,4.47,10.28,4.05,0.65,2.72,,,,,,,,63.0,0.82,238.75,0.0,0.0,331.25,739.0,
2024-08-11 14:00:00,11.25,60.75,2.3,2.2,3.02,9.85,3.22,0.65,5.62,,,,,,,,61.25,0.62,216.75,0.0,0.0,324.25,738.75,
2024-08-11 15:00:00,13.25,62.5,3.02,2.42,3.72,9.48,4.05,0.64,5.85,,,,,,,,61.75,0.57,207.75,0.0,0.0,250.25,738.0,
2024-08-11 16:00:00,16.5,66.75,3.25,3.85,4.72,9.57,4.62,0.61,3.51,,,,,,,,65.25,0.62,248.0,0.0,0.0,112.25,738.0,
2024-08-11 17:00:00,13.5,53.5,2.9,3.05,4.0,10.65,4.12,0.62,4.2,,,,,,,,68.5,0.6,239.5,0.0,0.0,33.75,738.0,
2024-08-11 18:00:00,9.5,47.0,3.0,4.55,4.88,9.52,2.65,0.64,4.21,,,,,,,,71.25,0.48,251.75,0.0,0.0,13.0,738.0,
2024-08-11 19:00:00,10.5,57.0,3.25,3.72,4.6,9.45,2.58,0.66,3.81,,,,,,,,73.5,0.35,234.25,0.0,0.0,10.75,739.0,
2024-08-11 20:00:00,10.0,50.5,3.22,3.62,4.55,9.22,1.92,0.7,4.38,,,,,,,,74.25,0.52,261.0,0.0,0.0,10.75,739.5,
2024-08-11 21:00:00,13.0,46.5,4.35,3.12,5.18,9.43,3.12,0.69,5.39,,,,,,,,76.0,0.65,259.25,0.0,0.0,11.25,739.5,
2024-08-11 22:00:00,12.5,40.0,3.48,3.3,4.55,11.58,5.1,0.7,6.03,,,,,,,,78.0,0.48,246.0,0.0,0.0,11.25,740.0,
2024-08-11 23:00:00,9.5,39.0,4.08,2.25,4.55,9.9,5.12,0.68,5.74,,,,,,,,79.0,0.85,238.5,0.0,0.0,11.0,739.5,
2024-08-12 00:00:00,5.0,26.25,3.52,1.5,3.45,10.88,4.53,0.65,6.02,,,,,,,,78.75,0.78,243.5,0.0,0.0,11.25,739.25,
2024-08-12 01:00:00,4.0,22.25,3.58,1.5,3.72,11.3,3.9,0.63,7.32,,,,,,,,79.5,0.5,296.5,0.0,0.0,10.5,739.75,
2024-08-12 02:00:00,3.5,17.0,4.4,1.68,4.45,10.8,5.9,0.6,9.76,,,,,,,,82.5,1.23,263.75,0.0,0.0,9.75,740.0,
2024-08-12 03:00:00,2.0,,3.78,2.02,4.12,9.7,6.38,0.57,10.7,,,,,,,,83.25,1.1,263.5,0.0,0.0,10.25,739.5,
2024-08-12 04:00:00,,2.0,4.42,1.6,4.45,9.32,6.75,0.57,11.3,,,,,,,,83.25,0.98,280.25,0.0,0.0,10.75,739.75,
2024-08-12 05:00:00,,2.0,3.82,3.1,4.75,9.7,6.5,0.55,11.35,,,,,,,,82.5,0.38,246.75,0.0,0.0,10.25,740.0,
2024-08-12 06:00:00,,7.0,3.62,3.88,4.97,9.95,5.5,0.59,12.4,,,,,,,,83.75,0.38,263.0,0.0,0.0,31.0,739.75,
2024-08-12 07:00:00,,6.75,5.38,3.62,6.3,10.12,3.88,0.61,12.5,,,,,,,,80.25,0.35,205.25,0.0,0.0,97.5,740.0,
2024-08-12 08:00:00,,8.5,4.8,4.4,6.25,10.45,5.65,0.62,11.73,,,,,,,,75.5,0.52,221.25,0.0,0.0,177.0,740.0,
2024-08-12 09:00:00,4.0,20.5,4.75,4.4,6.18,10.9,6.32,0.64,11.18,,,,,,,,72.75,0.8,261.75,0.0,0.0,291.25,740.0,
2024-08-12 10:00:00,3.25,36.0,4.8,3.28,5.65,10.02,5.08,0.61,9.09,,,,,,,,67.5,0.88,224.5,0.0,0.0,396.75,740.0,
2024-08-12 11:00:00,1.0,36.5,3.0,3.42,4.25,9.57,4.28,0.6,8.3,,,,,,,,64.5,1.08,165.5,0.0,0.0,449.0,739.75,
2024-08-12 12:00:00,2.0,25.0,2.98,3.53,4.28,9.78,3.3,0.62,5.27,,,,,,,,62.5,0.82,122.25,0.0,0.0,430.0,739.0,
2024-08-12 13:00:00,3.0,46.25,1.67,4.82,3.92,9.15,2.75,0.64,3.07,,,,,,,,61.5,0.75,170.25,0.0,0.0,398.5,738.75,
2024-08-12 14:00:00,8.25,67.25,2.42,6.52,5.45,10.9,4.03,0.73,0.74,,,,,,,,66.75,1.4,207.75,0.0,0.0,349.0,738.0,
2024-08-12 15:00:00,14.5,74.5,2.65,6.6,5.68,11.92,5.1,0.79,,,,,,,,,67.75,0.92,214.25,0.0,0.0,252.75,738.0,
2024-08-12 16:00:00,12.0,71.0,2.62,7.15,5.98,13.38,3.7,0.75,15.17,,,,,,,,69.5,1.05,208.75,0.0,0.0,160.75,738.0,
2024-08-12 17:00:00,9.5,53.0,2.8,6.08,5.52,10.48,2.1,0.7,,,,,,,,,72.25,1.08,223.5,0.0,0.0,69.75,738.0,
2024-08-12 18:00:00,10.0,43.75,3.02,5.52,5.38,9.6,3.53,0.7,1.57,,,,,,,,75.5,0.75,220.5,0.0,0.0,16.75,738.0,
2024-08-12 19:00:00,7.0,40.75,2.78,4.88,4.85,9.45,4.58,0.71,2.8,,,,,,,,78.0,0.82,217.5,0.0,0.0,10.75,738.75,
2024-08-12 20:00:00,8.0,37.0,2.38,5.03,4.62,9.4,5.9,0.75,5.39,,,,,,,,78.25,0.62,216.75,0.0,0.0,10.25,739.25,
2024-08-12 21:00:00,11.5,45.75,4.08,3.9,5.35,9.85,7.42,0.74,7.99,,,,,,,,77.5,0.68,219.25,0.0,0.0,10.75,740.0,
2024-08-12 22:00:00,11.5,40.25,4.85,2.92,5.48,10.62,5.55,0.74,9.62,,,,,,,,76.75,0.85,221.0,0.0,0.0,11.25,740.0,
2024-08-12 23:00:00,5.75,26.0,3.48,2.12,3.97,10.78,4.08,0.72,9.09,,,,,,,,78.25,0.77,220.5,0.0,0.0,11.25,740.0,
2024-08-13 00:00:00,1.75,26.25,3.82,1.7,4.02,10.42,5.5,0.69,10.28,,,,,,,,79.25,0.52,220.75,0.0,0.0,11.75,739.75,
2024-08-13 01:00:00,1.25,24.0,3.82,2.3,4.32,11.3,6.42,0.69,11.29,,,,,,,,81.0,0.38,224.25,0.0,0.0,11.0,739.5,
2024-08-13 02:00:00,2.0,14.5,4.78,1.55,4.7,10.78,6.25,0.63,11.09,,,,,,,,81.5,0.3,227.25,0.0,0.0,10.75,739.0,
2024-08-13 03:00:00,4.0,17.5,5.55,3.98,6.6,10.65,5.45,0.62,13.04,,,,,,,,81.75,0.3,277.25,0.0,0.0,10.75,739.5,
2024-08-13 04:00:00,4.0,32.5,5.5,4.7,6.98,10.9,5.5,0.62,13.91,,,,,,,,82.75,0.3,268.0,0.0,0.0,10.75,739.5,
2024-08-13 05:00:00,5.75,43.5,6.62,6.07,8.6,11.02,5.42,0.62,13.69,,,,,,,,83.75,0.3,285.5,0.0,0.0,11.0,740.0,
2024-08-13 06:00:00,12.5,61.25,6.72,6.25,8.82,11.92,5.65,0.69,14.57,,,,,,,,83.25,0.3,256.75,0.0,0.0,40.0,740.0,
2024-08-13 07:00:00,15.0,53.0,6.48,3.82,7.28,12.28,5.32,0.7,13.68,,,,,,,,77.75,0.32,278.0,0.0,0.0,121.0,740.75,
2024-08-13 08:00:00,9.0,47.0,6.58,3.0,6.98,12.52,4.97,0.7,12.67,,,,,,,,72.75,0.45,281.75,0.0,0.0,214.0,741.0,
2024-08-13 09:00:00,8.5,62.5,5.78,2.78,6.15,12.2,4.62,0.7,13.22,,,,,,,,70.0,0.57,250.75,0.0,0.0,292.75,741.0,
2024-08-13 10:00:00,7.5,76.25,5.12,3.5,6.02,11.28,3.92,0.65,12.12,,,,,,,,68.5,1.23,224.75,0.0,0.0,380.25,741.0,
2024-08-13 11:00:00,9.0,59.25,4.9,4.05,6.15,11.32,4.12,0.64,12.46,,,,,,,,66.5,1.85,217.5,0.0,0.0,441.0,741.0,
2024-08-13 12:00:00,9.5,71.0,4.35,3.55,5.45,9.88,3.02,0.64,11.75,,,,,,,,66.0,2.08,214.25,0.0,0.0,444.75,740.5,
2024-08-13 13:00:00,10.0,90.0,3.4,2.82,4.25,10.68,2.45,0.62,10.98,,,,,,,,65.0,1.68,209.75,0.0,0.0,414.25,740.0,
2024-08-13 14:00:00,6.25,49.5,3.02,3.38,4.22,10.45,1.42,0.59,12.74,,,,,,,,65.25,2.42,214.0,0.0,0.0,357.0,739.0,
2024-08-13 15:00:00,3.25,56.25,4.0,3.4,5.08,9.48,0.3,0.58,13.36,,,,,,,,66.5,2.6,216.25,0.0,0.0,273.75,739.0,
2024-08-13 16:00:00,1.25,63.0,4.75,3.35,5.65,10.78,3.68,0.6,12.34,,,,,,,,70.0,2.65,221.25,0.0,0.0,175.75,738.5,
2024-08-13 17:00:00,2.0,56.0,4.62,4.47,6.12,12.62,6.08,0.64,13.72,,,,,,,,73.5,1.5,211.0,0.0,0.0,66.75,738.0,
2024-08-13 18:00:00,1.75,60.0,4.8,4.97,6.52,9.85,4.15,0.61,13.7,,,,,,,,76.0,1.12,216.0,0.0,0.0,16.25,738.75,
2024-08-13 19:00:00,2.25,56.5,4.62,4.03,5.9,9.38,4.1,0.62,13.26,,,,,,,,77.0,0.9,216.25,0.0,0.0,11.75,739.25,
2024-08-13 20:00:00,6.0,42.5,5.9,2.58,6.2,9.07,5.6,0.64,14.2,,,,,,,,78.5,0.8,215.75,0.0,0.0,11.75,740.0,
2024-08-13 21:00:00,5.0,32.25,6.1,2.78,6.45,9.85,5.82,0.63,14.27,,,,,,,,79.0,1.05,220.75,0.0,0.0,11.75,740.0,
2024-08-13 22:00:00,1.75,32.5,6.08,3.1,6.58,10.1,4.2,0.66,14.36,,,,,,,,78.5,1.23,221.0,0.0,0.0,11.75,740.0,
2024-08-13 23:00:00,1.0,28.25,6.65,2.1,6.52,10.72,3.48,0.65,14.86,,,,,,,,79.0,0.9,221.0,0.0,0.0,11.75,740.0,
2024-08-14 00:00:00,,19.5,6.65,2.28,6.62,11.28,5.6,0.62,14.55,,,,,,,,79.75,0.5,217.25,0.0,0.0,11.75,739.5,
2024-08-14 01:00:00,,16.0,6.5,2.22,6.5,12.08,6.55,0.62,15.09,,,,,,,,80.25,0.48,221.25,0.0,0.0,11.5,739.0,
2024-08-14 02:00:00,,14.25,7.38,1.85,7.0,11.2,4.42,0.57,15.62,,,,,,,,80.75,0.42,219.25,0.0,0.0,11.75,739.0,
2024-08-14 03:00:00,,25.5,7.28,2.7,7.35,10.98,3.68,0.57,15.3,,,,,,,,80.75,0.3,225.5,0.0,0.0,13.5,739.0,
2024-08-14 04:00:00,,32.5,8.5,3.88,8.95,11.08,4.12,0.57,15.47,,,,,,,,81.25,0.3,267.0,0.0,0.0,14.25,739.0,
2024-08-14 05:00:00,2.0,74.75,12.78,5.1,13.1,11.48,4.2,0.57,16.08,,,,,,,,83.0,0.3,266.0,0.0,0.0,17.25,739.0,
2024-08-14 06:00:00,3.0,89.25,12.52,4.38,12.52,12.8,5.82,0.64,15.88,,,,,,,,82.25,0.3,264.0,0.0,0.0,49.25,739.5,
2024-08-14 07:00:00,6.0,53.75,12.4,2.02,11.12,13.38,5.52,0.64,15.62,,,,,,,,75.0,0.3,288.25,0.0,0.0,151.25,740.0,
2024-08-14 08:00:00,,26.25,10.18,3.1,9.95,12.4,3.52,0.63,15.4,,,,,,,,72.25,0.3,218.75,0.0,0.0,248.75,740.75,
2024-08-14 09:00:00,,33.0,9.98,1.72,9.02,13.0,2.55,0.63,15.24,,,,,,,,65.5,0.52,206.0,0.0,0.0,406.0,741.0,
2024-08-14 10:00:00,,44.75,9.18,1.27,8.12,11.52,4.68,0.56,15.78,,,,,,,,67.25,0.85,181.75,0.0,0.0,432.5,741.0,
2024-08-14 11:00:00,,26.5,8.77,1.57,7.7,11.18,5.85,0.54,15.48,,,,,,,,68.5,1.2,192.5,0.0,0.0,447.5,740.0,
2024-08-14 12:00:00,,33.5,7.3,1.9,6.98,10.2,3.38,0.57,15.03,,,,,,,,68.25,1.48,197.5,0.0,0.0,438.75,739.75,
2024-08-14 13:00:00,,44.0,6.35,1.68,6.08,10.62,1.78,0.55,14.8,,,,,,,,67.25,1.6,207.5,0.0,0.0,428.5,739.0,
2024-08-14 14:00:00,,24.75,7.52,0.3,6.28,10.95,4.85,0.54,15.16,,,,,,,,69.0,2.08,207.25,0.0,0.0,370.0,738.75,
2024-08-14 15:00:00,,18.75,6.58,2.0,6.1,10.2,5.35,0.52,15.72,,,,,,,,68.75,1.5,193.75,0.0,0.0,288.75,738.0,
2024-08-14 16:00:00,,15.5,6.28,0.95,5.62,10.52,4.5,0.55,15.36,,,,,,,,70.0,1.52,204.75,0.0,0.0,190.0,738.0,
2024-08-14 17:00:00,,26.5,6.88,1.82,6.52,10.4,3.85,0.56,14.26,,,,,,,,73.25,1.38,208.75,0.0,0.0,72.0,738.0,
2024-08-14 18:00:00,,28.75,6.12,2.1,6.1,10.4,5.38,0.51,14.89,,,,,,,,75.75,1.12,210.5,0.0,0.0,20.75,738.75,
2024-08-14 19:00:00,,31.5,7.05,3.27,7.05,9.8,5.65,0.54,14.68,,,,,,,,77.0,0.82,215.5,0.0,0.0,17.75,739.25,
2024-08-14 20:00:00,,31.25,6.82,1.4,6.28,9.88,4.78,0.58,14.57,,,,,,,,78.0,0.68,207.0,0.0,0.0,17.75,740.0,
2024-08-14 21:00:00,,24.0,7.92,1.92,7.45,10.12,4.35,0.56,14.57,,,,,,,,77.25,0.57,211.0,0.0,0.0,18.0,740.0,
2024-08-14 22:00:00,,18.0,7.48,2.7,7.5,11.05,4.75,0.61,15.48,,,,,,,,77.25,0.45,219.25,0.0,0.0,18.5,740.0,
2024-08-14 23:00:00,,15.75,7.62,1.95,7.25,11.68,3.68,0.6,14.61,,,,,,,,78.5,0.68,221.5,0.0,0.0,18.5,739.75,
2024-08-15 00:00:00,,9.0,7.22,2.12,7.0,11.65,4.7,0.56,14.07,,,,,,,,78.5,0.9,222.25,0.0,0.0,18.5,739.0,
2024-08-15 01:00:00,,8.0,8.4,2.1,7.92,12.45,5.48,0.56,14.86,,,,,,,,79.0,0.48,223.5,0.0,0.0,18.25,739.0,
2024-08-15 02:00:00,,5.5,8.22,1.45,7.02,11.52,3.65,0.51,15.33,,,,,,,,79.0,0.3,247.5,0.0,0.0,17.25,739.0,
2024-08-15 03:00:00,,6.5,8.32,2.68,8.22,10.95,2.78,0.5,14.67,,,,,,,,80.0,0.3,257.0,0.0,0.0,17.0,739.0,
2024-08-15 04:00:00,,9.0,8.3,1.45,7.52,11.78,5.38,0.54,15.12,,,,,,,,81.25,0.38,281.25,0.0,0.0,15.25,739.0,
2024-08-15 05:00:00,,23.75,9.52,4.4,10.1,11.8,6.45,0.53,15.3,,,,,,,,82.25,0.3,306.25,0.0,0.0,14.75,739.0,
2024-08-15 06:00:00,,32.5,11.3,6.58,12.7,12.78,6.5,0.63,15.84,,,,,,,,83.0,0.3,275.25,0.0,0.0,29.5,739.0,
2024-08-15 07:00:00,4.0,32.5,11.52,3.75,11.35,13.22,6.4,0.66,15.6,,,,,,,,80.0,0.3,273.25,0.0,0.0,81.5,739.0,
2024-08-15 08:00:00,4.25,25.5,10.38,2.22,9.62,13.22,6.25,0.62,15.46,,,,,,,,75.5,0.42,254.75,0.0,0.0,197.25,740.0,
2024-08-15 09:00:00,5.0,18.0,9.07,1.7,8.27,13.73,5.17,0.62,13.6,,,,,,,,73.5,0.35,265.0,0.0,0.0,126.0,740.0,
2024-08-15 10:00:00,,,,,,,,,,,,,,,,,,,,,0.0,,,
2024-08-15 11:00:00,,,,,,,,,,,,,,,,,,,,,0.0,,,
2024-08-15 12:00:00,,,,,,,,,,,,,,,,,,,,,0.0,,,
2024-08-15 13:00:00,,,,,,,,,,,,,,,,,,,,,0.0,,,
2024-08-15 14:00:00,,,,,,,,,,,,,,,,,,,,,0.0,,,
2024-08-15 15:00:00,,,,,,,,,,,,,,,,,,,,,0.0,,,
2024-08-15 16:00:00,,,,,,,,,,,,,,,,,,,,,0.0,,,
2024-08-15 17:00:00,,,,,,,,,,,,,,,,,,,,,0.0,,,
2024-08-15 18:00:00,,,,,,,,,,,,,,,,,,,,,0.0,,,
2024-08-15 19:00:00,,,,,,,,,,,,,,,,,,,,,0.0,,,
2024-08-15 20:00:00,,,,,,,,,,,,,,,,,,,,,0.0,,,
2024-08-15 21:00:00,,,,,,,,,,,,,,,,,,,,,0.0,,,
2024-08-15 22:00:00,,,,,,,,,,,,,,,,,,,,,0.0,,,
2024-08-15 23:00:00,,18.0,5.4,2.2,5.5,10.4,3.7,0.57,10.05,,,,,,,,73.0,1.8,224.0,0.0,0.0,191.0,739.0,
2024-08-16 00:00:00,,18.5,5.78,2.33,5.62,12.0,5.4,0.58,13.43,,,,,,,,79.0,0.43,223.5,0.0,0.0,18.75,739.0,
2024-08-16 01:00:00,,18.0,6.28,0.5,5.08,12.92,4.8,0.58,13.29,,,,,,,,78.75,0.55,228.75,0.0,0.0,18.5,738.75,
2024-08-16 02:00:00,1.0,14.5,6.3,1.62,5.98,10.78,4.8,0.5,13.56,,,,,,,,79.0,0.43,234.75,0.0,0.0,18.25,738.0,
2024-08-16 03:00:00,1.0,21.0,6.32,1.3,5.58,10.7,3.62,0.49,12.68,,,,,,,,80.25,0.3,257.0,0.0,0.0,18.75,738.0,
2024-08-16 04:00:00,,16.0,6.88,0.57,5.9,10.92,4.22,0.53,14.08,,,,,,,,81.0,0.38,256.75,0.0,0.0,18.5,738.0,
2024-08-16 05:00:00,,10.75,6.52,1.17,5.8,11.28,4.5,0.51,14.38,,,,,,,,81.25,0.38,259.5,0.0,0.0,18.75,738.25,
2024-08-16 06:00:00,6.0,14.25,6.18,1.7,5.68,12.8,3.92,0.59,14.96,,,,,,,,82.0,0.32,277.0,0.0,0.0,46.0,738.0,
2024-08-16 07:00:00,6.25,20.0,6.75,1.78,6.42,12.42,4.9,0.6,14.72,,,,,,,,78.0,0.48,281.5,0.0,0.0,121.0,739.0,
2024-08-16 08:00:00,5.75,28.0,6.18,2.33,6.28,12.18,4.22,0.6,14.3,,,,,,,,74.25,0.48,284.75,0.0,0.0,209.25,739.25,
2024-08-16 09:00:00,2.0,35.0,6.62,3.1,7.0,12.18,4.03,0.6,15.23,,,,,,,,70.5,0.68,290.25,0.0,0.0,199.75,739.75,
2024-08-16 10:00:00,,37.75,8.02,3.7,8.5,11.95,4.15,0.52,15.14,,,,,,,,70.0,0.35,265.0,0.0,0.0,134.25,739.0,
2024-08-16 11:00:00,1.0,39.0,7.6,3.42,8.02,9.82,4.45,0.53,13.58,,,,,,,,68.25,0.52,252.25,0.0,0.0,239.5,739.0,
2024-08-16 12:00:00,1.0,46.25,6.5,1.85,6.3,10.15,4.3,0.56,14.05,,,,,,,,67.5,2.35,223.25,0.0,0.0,401.5,739.0,
2024-08-16 13:00:00,1.75,51.5,5.62,3.22,6.32,9.38,3.82,0.56,13.76,,,,,,,,66.5,2.52,223.5,0.0,0.0,412.75,738.25,
2024-08-16 14:00:00,3.5,54.0,6.0,1.6,5.75,11.38,6.4,0.52,13.96,,,,,,,,68.25,3.48,224.75,0.0,0.0,351.25,738.0,
2024-08-16 15:00:00,2.0,48.25,4.85,1.92,4.97,10.92,7.85,0.53,14.94,,,,,,,,68.75,3.88,224.5,0.0,0.0,264.0,737.5,
2024-08-16 16:00:00,,50.0,4.95,2.5,5.38,10.45,7.07,0.55,14.44,,,,,,,,70.75,2.88,226.75,0.0,0.0,170.0,737.0,
2024-08-16 17:00:00,,51.75,5.25,2.52,5.62,10.6,7.28,0.56,14.57,,,,,,,,73.75,2.12,225.0,0.0,0.0,62.25,737.0,
2024-08-16 18:00:00,,45.75,6.35,2.17,6.28,10.5,4.53,0.58,14.66,,,,,,,,77.0,1.7,225.75,0.0,0.0,16.25,737.75,
2024-08-16 19:00:00,1.0,40.25,5.42,2.52,5.75,9.7,2.35,0.59,14.3,,,,,,,,77.5,1.08,220.0,0.0,0.0,12.75,738.25,
2024-08-16 20:00:00,1.25,43.75,5.98,2.8,6.35,8.9,5.18,0.57,14.03,,,,,,,,78.0,1.12,217.75,0.0,0.0,12.75,739.0,
2024-08-16 21:00:00,2.75,40.0,5.82,3.68,6.7,8.48,5.62,0.58,14.32,,,,,,,,78.75,1.08,220.25,0.0,0.0,13.25,739.0,
2024-08-16 22:00:00,4.75,27.75,6.45,2.4,6.5,10.8,6.45,0.58,12.96,,,,,,,,79.25,1.38,222.25,0.0,0.0,13.5,739.0,
2024-08-16 23:00:00,4.0,19.25,7.32,2.0,7.05,10.85,7.48,0.58,13.44,,,,,,,,79.25,1.62,220.0,0.0,0.0,13.5,739.0,
2024-08-17 00:00:00,,20.25,6.6,1.92,6.38,11.0,6.38,0.59,13.65,,,,,,,,80.25,1.23,221.5,0.0,0.0,13.5,739.0,
2024-08-17 01:00:00,,12.75,6.38,2.08,6.3,10.98,5.38,0.58,13.33,,,,,,,,80.0,0.62,225.25,0.0,0.0,13.75,739.0,
2024-08-17 02:00:00,,17.0,6.5,1.47,5.75,10.95,4.5,0.59,14.59,,,,,,,,79.5,0.38,233.5,0.0,0.0,12.75,739.0,
2024-08-17 03:00:00,,20.25,6.68,2.15,6.58,9.52,3.62,0.56,13.71,,,,,,,,80.0,0.3,272.75,0.0,0.0,13.5,739.0,
2024-08-17 04:00:00,,12.75,6.68,2.28,6.68,9.6,3.98,0.53,14.28,,,,,,,,81.5,0.3,282.75,0.0,0.0,13.0,739.0,
2024-08-17 05:00:00,,16.5,7.4,1.6,6.85,9.85,4.58,0.54,14.03,,,,,,,,82.5,0.3,294.25,0.0,0.0,13.0,738.75,
2024-08-17 06:00:00,1.0,23.75,6.28,3.65,7.02,11.58,5.72,0.55,14.24,,,,,,,,82.25,0.3,276.25,0.0,0.0,36.75,739.0,
2024-08-17 07:00:00,1.75,34.75,7.57,3.97,8.28,11.88,6.32,0.58,14.98,,,,,,,,79.0,0.3,268.75,0.0,0.0,105.75,739.0,
2024-08-17 08:00:00,3.5,43.0,6.98,2.8,7.12,11.55,5.92,0.6,14.56,,,,,,,,74.0,0.35,270.5,0.0,0.0,189.75,740.0,
2024-08-17 09:00:00,2.0,46.0,6.15,1.3,5.68,12.0,5.05,0.61,14.63,,,,,,,,70.75,0.3,217.5,0.0,0.0,223.75,740.0,
2024-08-17 10:00:00,5.5,58.25,6.05,2.65,6.35,10.65,4.62,0.61,15.52,,,,,,,,69.5,0.68,207.25,0.0,0.0,321.75,740.0,
2024-08-17 11:00:00,12.5,60.5,5.78,1.58,5.52,9.8,2.95,0.57,14.29,,,,,,,,68.75,1.62,204.5,0.0,0.0,455.75,740.0,
2024-08-17 12:00:00,2.0,42.25,4.9,1.52,4.78,9.12,4.9,0.53,14.1,,,,,,,,69.0,1.62,216.0,0.0,0.0,447.25,739.5,
2024-08-17 13:00:00,,49.25,4.45,1.45,4.35,8.7,5.22,0.52,13.94,,,,,,,,67.5,1.33,206.0,0.0,0.0,401.75,739.0,
2024-08-17 14:00:00,,31.75,4.15,1.12,3.98,10.07,5.4,0.5,14.56,,,,,,,,68.75,1.6,205.5,0.0,0.0,366.25,738.75,
2024-08-17 15:00:00,,33.25,5.0,1.88,5.08,9.07,5.2,0.5,14.47,,,,,,,,69.0,1.5,208.75,0.0,0.0,277.25,738.0,
2024-08-17 16:00:00,2.0,38.25,5.03,2.05,5.2,9.2,4.2,0.54,13.93,,,,,,,,70.75,1.67,208.25,0.0,0.0,172.75,738.0,
2024-08-17 17:00:00,1.75,34.5,4.75,1.95,4.9,8.98,3.9,0.55,13.87,,,,,,,,73.0,1.32,212.5,0.0,0.0,67.0,738.0,
2024-08-17 18:00:00,1.0,40.0,3.75,2.2,4.18,9.82,4.85,0.57,13.81,,,,,,,,76.5,0.92,212.0,0.0,0.0,16.25,738.5,
2024-08-17 19:00:00,1.75,43.5,5.2,1.92,5.25,9.25,4.97,0.58,13.41,,,,,,,,76.0,1.05,220.75,0.0,0.0,13.5,739.0,
2024-08-17 20:00:00,4.0,42.0,5.58,1.52,5.35,9.28,2.48,0.56,13.38,,,,,,,,77.5,1.5,222.0,0.0,0.0,13.5,739.75,
2024-08-17 21:00:00,,33.0,4.6,2.13,4.58,9.2,2.18,0.56,13.39,,,,,,,,79.0,1.32,220.75,0.0,0.0,13.5,740.0,
2024-08-17 22:00:00,,32.75,5.52,1.78,5.48,9.95,3.98,0.56,12.94,,,,,,,,79.0,1.08,223.25,0.0,0.0,13.75,740.25,
2024-08-17 23:00:00,2.0,30.0,6.38,2.4,6.5,10.32,5.05,0.56,13.86,,,,,,,,79.5,0.8,222.0,0.0,0.0,13.75,740.0,
2024-08-18 00:00:00,1.75,24.75,6.32,1.0,5.65,10.85,3.42,0.57,14.07,,,,,,,,80.0,0.48,227.0,0.0,0.0,13.5,740.0,
2024-08-18 01:00:00,1.75,27.25,5.98,1.18,5.45,10.95,2.78,0.57,12.88,,,,,,,,80.0,0.3,257.75,0.0,0.0,13.25,739.0,
2024-08-18 02:00:00,3.5,25.5,6.15,1.32,5.68,11.1,2.72,0.57,13.76,,,,,,,,81.5,0.35,284.25,0.0,0.0,12.0,739.0,
2024-08-18 03:00:00,2.5,23.0,6.42,1.15,5.82,9.68,2.15,0.56,14.27,,,,,,,,82.0,0.32,290.0,0.0,0.0,12.75,739.0,
2024-08-18 04:00:00,4.25,34.5,5.58,1.82,5.48,9.88,2.52,0.55,14.17,,,,,,,,82.0,0.3,297.75,0.0,0.0,12.75,739.0,
2024-08-18 05:00:00,4.75,29.5,6.4,2.42,6.52,9.68,3.2,0.55,14.92,,,,,,,,82.0,0.3,273.0,0.0,0.0,13.0,739.0,
2024-08-18 06:00:00,4.5,46.5,6.65,3.1,7.08,11.2,3.35,0.55,14.3,,,,,,,,82.75,0.3,278.75,0.0,0.0,44.5,739.25,
2024-08-18 07:00:00,6.25,48.0,7.62,2.98,7.78,11.6,3.25,0.57,15.08,,,,,,,,74.75,0.3,270.0,0.0,0.0,144.25,740.0,
2024-08-18 08:00:00,6.25,43.75,6.65,2.58,6.78,10.9,3.65,0.58,13.72,,,,,,,,67.5,0.35,271.25,0.0,0.0,243.75,740.75,
2024-08-18 09:00:00,5.75,31.0,5.62,2.55,5.95,11.35,3.75,0.57,12.8,,,,,,,,65.25,0.3,262.5,0.0,0.0,238.75,741.0,
2024-08-18 10:00:00,9.75,33.25,5.35,2.05,5.4,10.9,4.97,0.61,11.71,,,,,,,,63.5,0.35,231.5,0.0,0.0,375.75,741.0,
2024-08-18 11:00:00,7.5,45.0,4.1,2.7,4.78,9.98,4.68,0.6,9.41,,,,,,,,64.75,1.15,210.0,0.0,0.0,379.5,740.25,
2024-08-18 12:00:00,12.25,60.75,2.58,4.22,4.35,9.5,3.42,0.56,8.06,,,,,,,,63.75,1.23,201.75,0.0,0.0,447.25,740.0,
2024-08-18 13:00:00,15.0,60.0,2.6,3.62,4.03,9.45,3.1,0.56,8.98,,,,,,,,63.5,1.45,203.25,0.0,0.0,421.75,739.75,
2024-08-18 14:00:00,19.5,50.75,3.25,1.65,3.48,10.55,4.55,0.53,10.43,,,,,,,,64.5,2.1,208.25,0.0,0.0,363.5,739.0,
2024-08-18 15:00:00,12.25,44.75,3.32,1.65,3.58,10.07,6.25,0.53,11.36,,,,,,,,66.25,2.62,213.0,0.0,0.0,282.75,738.75,
2024-08-18 16:00:00,6.75,33.25,3.8,1.8,4.03,9.78,4.65,0.55,9.83,,,,,,,,69.0,2.35,217.5,0.0,0.0,180.75,738.5,
2024-08-18 17:00:00,13.0,46.75,3.55,1.65,3.78,10.18,3.95,0.56,9.39,,,,,,,,72.0,1.85,216.75,0.0,0.0,63.75,738.0,
2024-08-18 18:00:00,5.75,46.75,3.95,1.9,4.25,10.4,5.0,0.6,10.0,,,,,,,,75.25,1.05,211.25,0.0,0.0,16.5,738.75,
2024-08-18 19:00:00,9.75,45.75,4.35,2.33,4.78,10.7,4.32,0.61,9.85,,,,,,,,76.0,0.8,212.25,0.0,0.0,13.0,739.0,
2024-08-18 20:00:00,33.0,53.25,4.53,2.48,4.97,9.4,4.35,0.61,11.34,,,,,,,,77.5,1.23,215.5,0.0,0.0,12.75,739.75,
2024-08-18 21:00:00,,23.75,5.32,2.52,5.65,9.02,5.3,0.6,12.51,,,,,,,,78.0,1.1,215.25,0.0,0.0,13.0,740.25,
2024-08-18 22:00:00,,22.75,5.32,1.92,5.35,9.4,3.4,0.57,12.23,,,,,,,,78.5,1.12,218.75,0.0,0.0,13.5,741.0,
2024-08-18 23:00:00,,20.75,4.1,2.17,4.53,10.22,3.72,0.57,13.57,,,,,,,,78.5,0.82,231.25,0.0,0.0,13.5,740.75,
2024-08-19 00:00:00,1.0,15.25,4.88,1.82,4.95,10.3,4.12,0.61,13.19,,,,,,,,79.0,0.57,228.25,0.0,0.0,13.5,740.25,
2024-08-19 01:00:00,1.0,9.75,5.32,1.38,5.05,10.58,3.2,0.6,12.57,,,,,,,,79.0,0.35,239.0,0.0,0.0,13.0,740.0,
2024-08-19 02:00:00,,8.25,5.05,0.67,4.35,11.1,1.8,0.58,13.07,,,,,,,,80.0,0.3,254.25,0.0,0.0,12.75,739.0,
2024-08-19 03:00:00,,6.0,5.35,0.9,4.7,9.35,,0.56,13.2,,,,,,,,81.0,0.38,274.25,0.0,0.0,12.75,739.0,
2024-08-19 04:00:00,,2.0,5.58,0.95,4.6,9.52,3.08,0.5,13.78,,,,,,,,81.0,0.35,259.75,0.0,0.0,12.75,739.0,
2024-08-19 05:00:00,,5.25,6.42,0.88,5.68,9.38,4.6,0.51,14.46,,,,,,,,81.75,0.4,261.25,0.0,0.0,13.0,739.0,
2024-08-19 06:00:00,,17.75,5.68,3.2,6.3,9.78,5.12,0.49,14.37,,,,,,,,80.75,0.45,270.5,0.0,0.0,26.5,739.25,
2024-08-19 07:00:00,,29.5,7.15,1.72,6.68,11.12,5.57,0.52,14.64,,,,,,,,81.0,0.52,281.25,0.0,0.0,41.75,740.0,
2024-08-19 08:00:00,4.0,45.0,6.5,2.4,6.55,10.77,3.72,0.62,15.24,,,,,,,,77.0,0.62,283.25,0.0,0.0,161.25,740.25,
2024-08-19 09:00:00,4.25,73.5,5.52,2.72,5.95,11.02,2.85,0.64,14.52,,,,,,,,73.75,0.45,282.25,0.0,0.0,163.25,740.5,
2024-08-19 10:00:00,4.75,103.5,5.52,3.25,6.2,10.28,4.62,0.6,13.36,,,,,,,,67.25,0.6,271.0,0.0,0.0,310.25,741.0,
2024-08-19 11:00:00,4.0,72.5,5.62,2.65,6.0,9.4,4.35,0.59,12.98,,,,,,,,67.5,1.35,238.5,0.0,0.0,358.0,740.25,
2024-08-19 12:00:00,28.0,80.0,4.0,4.0,5.38,9.45,5.35,0.57,9.3,,,,,,,,68.5,1.58,227.25,0.0,0.0,229.25,739.75,
2024-08-19 13:00:00,28.75,94.0,3.82,3.78,5.08,10.1,6.5,0.57,7.72,,,,,,,,71.5,1.78,222.25,0.0,0.0,143.25,739.0,
2024-08-19 14:00:00,27.25,75.75,2.95,3.1,4.0,10.1,6.08,0.56,8.43,,,,,,,,70.75,1.5,219.0,0.0,0.0,241.5,738.5,
2024-08-19 15:00:00,16.0,50.0,2.42,2.6,3.35,10.38,5.78,0.57,10.85,,,,,,,,71.75,1.62,216.0,0.0,0.0,201.0,738.0,
2024-08-19 16:00:00,2.0,33.75,3.45,2.82,4.3,9.68,5.65,0.6,11.56,,,,,,,,72.5,1.55,214.75,0.0,0.0,157.75,737.25,
2024-08-19 17:00:00,2.0,44.25,4.55,2.08,4.8,9.65,5.2,0.6,12.73,,,,,,,,74.75,1.62,220.25,0.0,0.0,68.5,737.0,
2024-08-19 18:00:00,1.75,33.25,4.62,3.02,5.4,9.57,4.25,0.66,13.82,,,,,,,,77.75,1.15,230.0,0.0,0.0,18.0,738.0,
2024-08-19 19:00:00,5.25,34.75,4.53,3.88,5.75,8.73,3.08,0.66,13.46,,,,,,,,78.0,0.62,236.0,0.0,0.0,13.25,739.0,
2024-08-19 20:00:00,18.0,37.0,3.95,3.05,4.82,8.9,3.4,0.62,12.88,,,,,,,,78.5,0.6,242.5,0.0,0.0,13.5,739.5,
2024-08-19 21:00:00,4.0,38.5,4.42,2.55,4.97,9.02,4.1,0.61,13.19,,,,,,,,79.0,1.15,227.0,0.0,0.0,13.75,740.0,
2024-08-19 22:00:00,4.5,43.0,3.7,3.55,4.92,9.88,3.4,0.6,12.38,,,,,,,,77.75,0.68,232.25,0.0,0.0,13.75,740.0,
2024-08-19 23:00:00,5.0,37.75,5.12,2.72,5.65,10.9,4.38,0.62,12.77,,,,,,,,77.5,0.43,243.5,0.0,0.0,13.5,740.0,
2024-08-20 00:00:00,2.0,23.5,5.03,2.55,5.45,10.88,4.55,0.62,13.32,,,,,,,,78.5,0.38,246.25,0.0,0.0,13.5,739.5,
2024-08-20 01:00:00,4.0,24.75,4.72,2.0,4.88,10.98,4.75,0.6,13.78,,,,,,,,80.5,0.32,263.25,0.0,0.0,12.75,739.0,
2024-08-20 02:00:00,4.0,14.0,4.88,2.4,5.25,11.22,4.12,0.61,14.0,,,,,,,,79.5,0.7,292.25,0.0,0.0,12.75,739.0,
2024-08-20 03:00:00,3.5,10.75,4.7,3.48,5.68,8.98,3.32,0.57,15.4,,,,,,,,78.75,0.35,288.75,0.0,0.0,12.75,738.25,
2024-08-20 04:00:00,2.0,11.75,5.35,3.7,6.32,9.1,4.98,0.55,13.72,,,,,,,,79.0,0.32,278.75,0.0,0.0,13.0,738.5,
2024-08-20 05:00:00,,13.75,6.25,2.3,6.3,9.02,5.72,0.55,13.66,,,,,,,,78.5,0.38,266.25,0.0,0.0,13.25,738.25,
2024-08-20 06:00:00,1.0,13.75,6.35,3.45,7.02,9.32,4.82,0.53,13.78,,,,,,,,77.75,0.48,272.25,0.0,0.0,47.0,739.0,
2024-08-20 07:00:00,1.0,43.0,5.75,3.3,6.45,11.08,5.65,0.58,14.6,,,,,,,,75.75,0.35,269.0,0.0,0.0,82.5,740.0,
2024-08-20 08:00:00,1.0,42.75,7.25,3.6,7.8,10.25,5.03,0.64,14.85,,,,,,,,75.5,0.38,281.0,0.0,0.0,108.75,740.0,
2024-08-20 09:00:00,9.0,43.75,6.25,3.95,7.18,11.32,6.32,0.66,14.8,,,,,,,,73.75,0.4,271.75,0.0,0.0,151.75,740.0,
2024-08-20 10:00:00,9.0,50.25,7.48,3.5,7.92,10.75,5.58,0.64,14.15,,,,,,,,68.25,0.38,263.25,0.0,0.0,373.0,740.5,
2024-08-20 11:00:00,7.75,59.5,5.78,3.18,6.4,8.9,2.28,0.62,10.88,,,,,,,,65.25,0.75,229.75,0.0,0.0,420.75,741.0,
2024-08-20 12:00:00,8.5,75.25,3.92,4.47,5.6,9.0,4.35,0.62,8.54,,,,,,,,67.0,1.8,220.0,0.0,0.0,462.25,740.0,
2024-08-20 13:00:00,22.25,71.75,2.82,4.5,4.72,9.35,5.3,0.61,7.7,,,,,,,,66.75,2.92,222.5,0.0,0.0,404.25,739.5,
2024-08-20 14:00:00,18.5,62.0,2.82,2.85,3.82,8.95,5.07,0.54,10.63,,,,,,,,66.5,3.25,221.75,0.0,0.0,369.25,739.0,
2024-08-20 15:00:00,15.25,57.0,2.9,3.05,4.0,10.02,5.72,0.55,10.82,,,,,,,,68.0,2.85,219.5,0.0,0.0,216.25,738.75,
2024-08-20 16:00:00,37.0,86.25,3.28,3.02,4.28,9.28,5.7,0.6,9.78,,,,,,,,72.25,2.92,218.25,0.0,0.0,103.75,738.0,
2024-08-20 17:00:00,8.0,56.25,3.9,2.38,4.47,9.0,4.18,0.6,12.93,,,,,,,,74.75,2.02,223.25,0.0,0.0,64.0,738.0,
2024-08-20 18:00:00,2.0,49.75,3.85,2.62,4.5,9.62,4.6,0.59,12.26,,,,,,,,78.0,2.0,219.0,0.0,0.0,19.75,738.25,
2024-08-20 19:00:00,1.75,39.0,4.75,3.25,5.58,8.8,3.9,0.61,13.7,,,,,,,,79.25,1.8,221.5,0.0,0.0,13.0,739.0,
2024-08-20 20:00:00,1.0,42.0,4.07,2.3,4.55,7.98,2.2,0.61,13.09,,,,,,,,78.75,1.35,223.5,0.0,0.0,13.75,740.0,
2024-08-20 21:00:00,,32.75,4.65,2.25,4.97,7.4,0.1,0.61,13.12,,,,,,,,79.25,1.27,226.25,0.0,0.0,13.75,740.75,
2024-08-20 22:00:00,,32.25,5.05,2.1,5.22,8.65,2.1,0.57,12.83,,,,,,,,78.0,1.65,230.0,0.0,0.0,14.0,741.0,
2024-08-20 23:00:00,1.0,33.0,4.85,1.38,4.68,9.88,3.35,0.57,12.86,,,,,,,,77.75,1.35,235.5,0.0,0.0,13.75,741.0,
2024-08-21 00:00:00,1.0,32.0,4.62,1.9,4.8,9.65,4.32,0.58,13.7,,,,,,,,77.75,0.75,240.25,0.0,0.0,13.75,740.25,
2024-08-21 01:00:00,,27.0,5.72,0.9,4.93,9.35,5.48,0.57,13.56,,,,,,,,79.0,0.48,255.75,0.0,0.0,13.75,740.0,
2024-08-21 02:00:00,,21.0,5.03,1.4,4.85,9.9,2.62,0.56,14.29,,,,,,,,80.0,0.48,261.5,0.0,0.0,13.25,740.0,
2024-08-21 03:00:00,2.0,18.25,5.32,1.08,4.9,8.5,1.78,0.55,15.04,,,,,,,,80.0,0.6,270.5,0.0,0.0,12.75,740.0,
2024-08-21 04:00:00,2.0,11.75,5.1,0.9,4.62,8.75,3.85,0.53,14.91,,,,,,,,81.0,0.5,261.25,0.0,0.0,12.75,740.0,
2024-08-21 05:00:00,,14.5,5.3,2.35,5.55,8.4,4.53,0.54,15.62,,,,,,,,80.75,0.52,274.75,0.0,0.0,13.0,740.0,
2024-08-21 06:00:00,4.0,15.0,6.55,3.25,7.05,9.07,5.85,0.54,14.96,,,,,,,,79.0,0.6,274.25,0.0,0.0,47.75,740.25,
2024-08-21 07:00:00,4.25,38.0,6.28,3.52,7.0,9.9,7.18,0.55,15.1,,,,,,,,74.75,0.8,273.5,0.0,0.0,149.25,741.0,
2024-08-21 08:00:00,5.0,37.25,7.0,2.48,7.0,9.95,6.65,0.58,15.16,,,,,,,,72.0,1.0,267.25,0.0,0.0,248.0,741.25,
2024-08-21 09:00:00,,47.25,6.25,3.13,6.3,9.98,5.38,0.58,15.35,,,,,,,,69.0,0.98,261.75,0.0,0.0,301.5,742.0,
2024-08-21 10:00:00,2.0,62.0,7.0,1.92,6.7,9.88,4.0,0.55,15.14,,,,,,,,67.25,1.25,254.5,0.0,0.0,368.25,742.0,
2024-08-21 11:00:00,2.75,77.5,5.45,3.08,6.08,10.3,2.5,0.52,12.73,,,,,,,,67.75,1.0,249.5,0.0,0.0,239.5,741.0,
2024-08-21 12:00:00,4.75,83.0,4.75,2.48,5.2,10.2,4.25,0.6,13.38,,,,,,,,67.5,1.12,250.5,0.0,0.0,370.5,741.0,
2024-08-21 13:00:00,4.25,84.0,4.08,2.78,4.85,8.3,2.9,0.55,11.96,,,,,,,,66.0,0.85,246.25,0.0,0.0,364.0,740.25,
2024-08-21 14:00:00,5.25,55.75,3.58,3.12,4.58,7.93,3.85,0.55,12.09,,,,,,,,67.5,2.1,230.5,0.0,0.0,344.0,740.0,
2024-08-21 15:00:00,5.0,66.0,2.65,3.18,3.88,8.32,3.78,0.53,11.64,,,,,,,,72.25,2.72,222.0,0.0,0.0,173.5,739.0,
2024-08-21 16:00:00,2.0,59.0,4.42,2.9,5.18,8.48,2.0,0.57,13.43,,,,,,,,73.25,1.82,227.75,0.0,0.0,118.5,739.0,
2024-08-21 17:00:00,,69.0,3.8,4.1,5.28,8.18,1.62,0.59,13.56,,,,,,,,74.5,1.32,224.75,0.0,0.0,60.25,739.0,
2024-08-21 18:00:00,7.0,59.75,5.1,5.3,6.95,8.57,3.48,0.63,14.33,,,,,,,,75.5,0.42,243.75,0.0,0.0,17.0,739.0,
2024-08-21 19:00:00,9.0,74.5,5.05,5.48,7.0,9.07,4.82,0.7,14.37,,,,,,,,76.25,0.62,235.0,0.0,0.0,13.5,739.5,
2024-08-21 20:00:00,15.0,60.25,5.03,3.65,6.02,8.02,5.5,0.63,14.54,,,,,,,,70.5,0.48,235.0,0.0,0.0,13.75,740.0,
2024-08-21 21:00:00,,39.5,5.7,4.47,7.02,7.95,5.18,0.64,13.2,,,,,,,,76.0,0.4,239.5,0.0,0.0,14.0,740.75,
2024-08-21 22:00:00,,38.5,6.82,3.05,7.18,7.95,4.2,0.63,12.5,,,,,,,,77.0,0.52,248.5,0.0,0.0,13.75,741.0,
2024-08-21 23:00:00,1.0,35.0,4.62,1.9,4.78,9.4,4.7,0.57,12.06,,,,,,,,76.75,0.7,260.25,0.0,0.0,14.25,741.0,
2024-08-22 00:00:00,1.0,20.5,5.25,2.3,5.52,9.7,3.28,0.64,13.02,,,,,,,,77.5,0.78,272.0,0.0,0.0,19.25,740.75,
2024-08-22 01:00:00,1.0,19.25,5.6,2.17,5.7,9.7,0.98,0.62,13.31,,,,,,,,77.0,0.9,274.75,0.0,0.0,19.75,740.0,
2024-08-22 02:00:00,1.0,11.0,4.82,1.72,4.82,10.1,0.92,0.61,14.3,,,,,,,,77.75,0.7,271.75,0.0,0.0,19.5,740.0,
2024-08-22 03:00:00,,13.25,4.95,2.68,5.48,9.07,1.38,0.62,15.3,,,,,,,,78.5,0.5,271.5,0.0,0.0,18.25,740.0,
2024-08-22 04:00:00,,20.75,4.82,3.48,5.78,7.88,2.9,0.53,14.4,,,,,,,,79.0,0.4,273.0,0.0,0.0,18.75,740.5,
2024-08-22 05:00:00,,21.5,5.4,3.35,6.18,7.98,2.85,0.54,14.12,,,,,,,,79.25,0.38,268.5,0.0,0.0,19.25,741.0,
2024-08-22 06:00:00,2.0,24.0,6.05,2.75,6.35,8.28,4.1,0.58,14.36,,,,,,,,79.25,0.32,278.0,0.0,0.0,52.75,741.0,
2024-08-22 07:00:00,4.0,50.25,5.45,4.47,6.85,8.98,4.6,0.59,14.84,,,,,,,,75.25,0.35,272.0,0.0,0.0,100.75,741.0,
2024-08-22 08:00:00,9.75,67.0,6.65,4.15,7.65,9.38,4.53,0.64,15.44,,,,,,,,68.25,0.43,278.5,0.0,0.0,232.75,742.0,
2024-08-22 09:00:00,8.0,76.0,6.28,3.85,7.18,9.45,4.32,0.64,13.62,,,,,,,,63.25,0.6,265.0,0.0,0.0,358.5,742.0,
2024-08-22 10:00:00,4.25,86.75,5.5,3.1,6.15,9.07,5.2,0.62,12.67,,,,,,,,62.0,0.82,262.75,0.0,0.0,415.5,742.0,
2024-08-22 11:00:00,2.5,68.5,4.4,1.98,4.65,9.48,5.0,0.63,11.68,,,,,,,,60.75,0.62,264.25,0.0,0.0,439.75,742.0,
2024-08-22 12:00:00,,78.75,2.68,3.8,4.2,8.1,3.32,0.54,9.72,,,,,,,,58.5,0.8,257.5,0.0,0.0,430.75,741.0,
2024-08-22 13:00:00,1.0,75.5,2.48,3.5,3.88,9.57,2.28,0.54,10.87,,,,,,,,60.5,1.75,232.5,0.0,0.0,330.5,741.0,
2024-08-22 14:00:00,1.0,69.25,3.12,3.92,4.6,9.18,4.32,0.62,7.25,,,,,,,,66.5,2.95,220.5,0.0,0.0,331.0,740.5,
2024-08-22 15:00:00,5.25,72.5,3.18,2.85,4.1,8.5,4.4,0.58,7.86,,,,,,,,68.5,2.95,219.25,0.0,0.0,198.25,740.0,
2024-08-22 16:00:00,18.25,73.0,3.68,4.4,5.35,9.15,5.85,0.62,7.24,,,,,,,,70.0,1.78,223.0,0.0,0.0,117.5,740.0,
2024-08-22 17:00:00,17.0,78.75,3.2,5.28,5.42,9.8,5.2,0.65,7.54,,,,,,,,71.0,0.95,225.75,0.0,0.0,53.0,740.0,
2024-08-22 18:00:00,11.5,73.25,2.9,5.9,5.52,7.9,5.4,0.65,8.76,,,,,,,,72.25,0.8,226.5,0.0,0.0,22.5,740.75,
2024-08-22 19:00:00,11.5,55.5,2.82,3.85,4.38,8.78,5.1,0.69,10.34,,,,,,,,75.75,1.15,228.25,0.0,0.0,19.5,741.0,
2024-08-22 20:00:00,7.5,44.75,3.12,3.9,4.6,7.48,4.68,0.66,11.28,,,,,,,,78.0,1.02,229.25,0.0,0.0,19.5,741.0,
2024-08-22 21:00:00,9.25,42.25,2.95,3.45,4.22,7.55,4.15,0.65,11.96,,,,,,,,79.0,1.2,230.75,0.0,0.0,19.5,741.25,
2024-08-22 22:00:00,7.75,34.25,4.15,1.78,4.28,7.48,2.4,0.65,12.67,,,,,,,,79.0,0.82,248.75,0.0,0.0,19.5,741.75,
2024-08-22 23:00:00,1.0,24.75,3.35,2.52,4.05,8.15,1.05,0.62,12.39,,,,,,,,79.0,0.9,246.75,0.0,0.0,19.5,741.25,
2024-08-23 00:00:00,,20.75,3.15,2.08,3.68,8.9,2.92,0.64,13.45,,,,,,,,80.0,1.18,262.5,0.0,0.0,19.5,741.0,
2024-08-23 01:00:00,1.0,19.5,5.35,1.35,5.08,9.18,2.95,0.63,13.86,,,,,,,,80.25,0.82,263.75,0.0,0.0,19.75,741.0,
2024-08-23 02:00:00,1.0,19.25,5.12,2.12,5.3,9.18,4.9,0.57,13.76,,,,,,,,81.0,1.05,275.5,0.0,0.0,19.5,741.0,
2024-08-23 03:00:00,1.0,18.75,4.6,1.65,4.6,9.88,5.98,0.57,14.38,,,,,,,,81.0,1.4,276.0,0.0,0.0,19.5,741.0,
2024-08-23 04:00:00,1.0,7.0,4.7,2.38,5.12,8.55,5.28,0.52,14.33,,,,,,,,81.0,1.48,274.0,0.0,0.0,18.75,741.0,
2024-08-23 05:00:00,,11.25,5.1,1.9,5.15,8.6,4.97,0.52,14.66,,,,,,,,81.75,1.38,276.0,0.0,0.0,18.75,741.0,
2024-08-23 06:00:00,2.0,19.5,5.18,3.6,6.12,8.68,6.05,0.56,15.64,,,,,,,,81.5,0.88,276.0,0.0,0.0,36.0,741.0,
2024-08-23 07:00:00,4.25,34.0,5.7,4.75,7.15,9.1,8.5,0.56,14.44,,,,,,,,78.5,0.98,275.25,0.0,0.0,111.5,741.75,
2024-08-23 08:00:00,10.5,40.0,7.18,3.78,7.8,10.12,7.7,0.62,14.86,,,,,,,,72.75,1.0,278.0,0.0,0.0,251.5,742.0,
2024-08-23 09:00:00,9.75,53.0,5.72,3.75,6.68,10.25,8.0,0.63,14.6,,,,,,,,68.25,1.08,270.25,0.0,0.0,340.75,742.0,
2024-08-23 10:00:00,11.5,65.0,5.32,3.95,6.42,9.78,5.95,0.57,12.41,,,,,,,,63.75,1.27,275.5,0.0,0.0,373.5,742.0,
2024-08-23 11:00:00,10.25,63.0,3.28,4.62,5.12,9.22,4.55,0.56,10.88,,,,,,,,61.25,1.38,269.0,0.0,0.0,413.25,742.0,
2024-08-23 12:00:00,12.5,54.25,2.5,4.0,4.15,8.3,5.85,0.57,8.44,,,,,,,,60.75,1.02,265.25,0.0,0.0,371.5,741.25,
2024-08-23 13:00:00,17.25,56.5,2.55,4.95,4.72,8.1,6.2,0.6,6.67,,,,,,,,66.0,2.17,233.0,0.0,0.0,337.0,741.0,
2024-08-23 14:00:00,18.75,86.75,3.25,3.68,4.6,7.85,3.72,0.62,6.72,,,,,,,,68.25,2.8,221.5,0.0,0.0,323.75,740.0,
2024-08-23 15:00:00,18.25,80.25,2.9,4.55,4.78,8.9,3.8,0.62,7.28,,,,,,,,70.0,3.2,217.5,0.0,0.0,228.5,740.0,
2024-08-23 16:00:00,10.25,71.75,2.3,5.58,4.82,8.07,4.05,0.64,8.76,,,,,,,,72.75,1.7,217.75,0.0,0.0,112.25,740.0,
2024-08-23 17:00:00,10.75,72.25,2.6,6.15,5.38,8.45,4.82,0.65,9.81,,,,,,,,74.5,1.7,227.0,0.0,0.0,55.0,740.0,
2024-08-23 18:00:00,11.5,73.75,2.55,5.28,4.88,8.45,3.78,0.69,11.18,,,,,,,,77.25,1.3,227.5,0.0,0.0,22.0,740.0,
2024-08-23 19:00:00,16.0,68.25,3.45,4.53,5.22,8.95,3.32,0.72,12.02,,,,,,,,76.75,0.85,230.75,0.0,0.0,19.0,740.5,
2024-08-23 20:00:00,15.75,66.75,3.52,4.4,5.2,8.2,4.88,0.7,11.51,,,,,,,,77.0,0.7,241.0,0.0,0.0,18.75,741.0,
2024-08-23 21:00:00,13.25,49.25,4.58,4.0,5.85,7.88,5.6,0.69,12.3,,,,,,,,78.0,0.72,241.25,0.0,0.0,19.0,741.0,
2024-08-23 22:00:00,8.0,42.25,4.65,3.08,5.42,7.95,4.7,0.66,12.22,,,,,,,,77.25,0.9,249.0,0.0,0.0,18.75,741.0,
2024-08-23 23:00:00,7.25,37.25,5.25,1.72,5.2,8.62,4.1,0.63,12.97,,,,,,,,76.25,0.95,248.0,0.0,0.0,19.5,741.0,
2024-08-24 00:00:00,4.0,34.5,4.38,1.92,4.6,9.3,1.72,0.62,13.66,,,,,,,,76.25,1.08,258.5,0.0,0.0,19.75,741.0,
2024-08-24 01:00:00,1.0,24.75,4.68,1.85,4.78,9.22,1.45,0.62,14.21,,,,,,,,77.75,1.1,260.25,0.0,0.0,19.75,741.0,
2024-08-24 02:00:00,,24.5,5.05,1.02,4.65,9.35,2.9,0.61,14.13,,,,,,,,77.25,1.05,272.0,0.0,0.0,19.75,741.0,
2024-08-24 03:00:00,,16.75,4.75,1.1,4.47,10.0,3.58,0.61,14.23,,,,,,,,78.0,1.1,272.5,0.0,0.0,19.25,740.75,
2024-08-24 04:00:00,,13.5,4.7,1.78,4.8,8.75,4.45,0.52,14.64,,,,,,,,78.5,1.32,275.25,0.0,0.0,18.75,741.0,
2024-08-24 05:00:00,3.0,10.0,5.12,2.98,5.75,8.55,4.58,0.52,14.49,,,,,,,,79.25,1.23,274.75,0.0,0.0,18.75,741.0,
2024-08-24 06:00:00,3.5,23.0,5.98,2.25,6.05,9.15,5.05,0.57,14.75,,,,,,,,80.0,1.75,281.25,0.0,0.0,42.25,741.0,
2024-08-24 07:00:00,5.75,29.0,5.55,2.92,6.08,9.62,4.78,0.56,14.88,,,,,,,,79.75,1.52,273.0,0.0,0.0,86.25,742.0,
2024-08-24 08:00:00,10.25,42.25,6.12,3.18,6.65,10.2,6.4,0.61,15.72,,,,,,,,76.75,1.08,271.25,0.0,0.0,140.25,742.0,
2024-08-24 09:00:00,15.5,57.5,6.25,2.8,6.57,10.0,6.55,0.61,14.65,,,,,,,,72.25,1.12,278.75,0.0,0.0,212.5,742.0,
2024-08-24 10:00:00,11.25,66.75,5.28,4.05,6.45,10.07,3.12,0.6,13.92,,,,,,,,68.0,1.18,277.25,0.0,0.0,299.0,742.0,
2024-08-24 11:00:00,13.0,76.5,4.85,4.2,6.18,10.72,1.45,0.61,12.02,,,,,,,,64.5,1.08,263.75,0.0,0.0,341.75,742.0,
2024-08-24 12:00:00,16.25,88.0,4.03,4.45,5.62,10.35,2.75,0.56,11.42,,,,,,,,63.0,1.08,278.25,0.0,0.0,315.25,741.5,
2024-08-24 13:00:00,15.25,77.25,3.6,2.9,4.45,8.8,2.88,0.56,10.07,,,,,,,,61.25,1.48,271.5,0.0,0.0,325.25,741.0,
2024-08-24 14:00:00,9.25,76.5,3.2,3.98,4.72,8.2,4.72,0.56,11.82,,,,,,,,60.0,2.25,281.5,0.0,0.0,256.75,740.5,
2024-08-24 15:00:00,7.5,110.75,3.4,3.62,4.68,8.0,5.4,0.55,10.46,,,,,,,,60.0,1.4,288.5,0.0,0.0,192.25,740.0,
2024-08-24 16:00:00,8.75,95.5,2.58,3.88,4.15,9.35,4.45,0.61,10.95,,,,,,,,62.25,0.8,261.25,0.0,0.0,140.25,740.0,
2024-08-24 17:00:00,10.0,106.25,3.02,5.05,5.15,9.2,4.0,0.64,9.75,,,,,,,,70.5,1.12,233.25,0.0,0.0,66.5,740.0,
2024-08-24 18:00:00,16.25,102.25,4.35,4.1,5.72,9.27,5.58,0.65,10.08,,,,,,,,73.5,0.75,230.0,0.0,0.0,23.5,740.0,
2024-08-24 19:00:00,18.75,89.25,4.38,5.78,6.65,9.98,6.0,0.72,12.71,,,,,,,,75.5,0.35,226.0,0.0,0.0,19.5,740.0,
2024-08-24 20:00:00,22.5,95.75,4.68,7.42,7.78,8.93,3.22,0.72,13.28,,,,,,,,75.5,0.3,235.75,0.0,0.0,18.75,741.0,
2024-08-24 21:00:00,16.0,92.25,5.05,2.68,5.52,8.6,1.78,0.68,11.2,,,,,,,,76.25,0.32,260.25,0.0,0.0,19.5,741.5,
2024-08-24 22:00:00,10.25,52.5,4.58,3.15,5.4,8.75,4.05,0.69,11.39,,,,,,,,74.0,0.35,262.0,0.0,0.0,19.25,741.25,
2024-08-24 23:00:00,10.75,42.75,4.38,2.7,4.97,9.45,4.42,0.65,12.75,,,,,,,,70.5,0.38,275.75,0.0,0.0,19.5,741.0,
2024-08-25 00:00:00,9.5,83.0,5.38,3.05,6.02,9.9,3.72,0.69,15.02,,,,,,,,67.75,0.3,271.75,0.0,0.0,19.75,741.0,
2024-08-25 01:00:00,8.25,144.5,4.75,2.82,5.38,9.82,3.98,0.66,14.99,,,,,,,,68.75,0.3,269.25,0.0,0.0,19.75,741.0,
2024-08-25 02:00:00,10.0,67.25,5.32,3.2,6.05,9.62,4.45,0.64,15.54,,,,,,,,70.25,0.3,272.0,0.0,0.0,19.75,741.0,
2024-08-25 03:00:00,11.75,65.0,4.88,4.12,6.18,10.05,4.1,0.63,15.8,,,,,,,,71.25,0.3,281.5,0.0,0.0,19.25,741.0,
2024-08-25 04:00:00,6.5,58.5,6.8,3.25,7.25,9.48,2.85,0.6,16.42,,,,,,,,73.25,0.3,276.0,0.0,0.0,18.75,741.0,
2024-08-25 05:00:00,6.75,50.0,6.48,5.35,8.12,8.48,3.2,0.6,16.77,,,,,,,,74.25,0.3,269.5,0.0,0.0,20.0,741.0,
2024-08-25 06:00:00,20.5,84.25,7.92,4.28,8.75,8.93,3.0,0.63,16.19,,,,,,,,74.0,0.3,273.0,0.0,0.0,36.75,741.25,
2024-08-25 07:00:00,18.75,88.0,9.38,3.88,9.62,8.9,2.8,0.63,14.72,,,,,,,,72.25,0.32,281.0,0.0,0.0,125.5,742.0,
2024-08-25 08:00:00,17.0,84.5,7.62,3.42,8.0,10.25,5.3,0.69,15.42,,,,,,,,65.0,0.52,273.5,0.0,0.0,253.75,742.0,
2024-08-25 09:00:00,12.25,72.0,7.32,1.83,6.92,10.2,6.8,0.66,14.98,,,,,,,,61.0,1.0,273.25,0.0,0.0,352.0,742.25,
2024-08-25 10:00:00,7.0,75.25,5.35,2.5,5.68,9.68,5.68,0.62,14.82,,,,,,,,59.0,2.05,278.25,0.0,0.0,415.5,742.0,
2024-08-25 11:00:00,7.0,101.25,3.98,3.28,4.97,9.78,6.08,0.61,14.41,,,,,,,,57.75,2.1,275.25,0.0,0.0,443.0,741.25,
2024-08-25 12:00:00,6.5,101.0,4.62,1.68,4.65,8.98,4.53,0.56,13.08,,,,,,,,56.75,2.52,284.0,0.0,0.0,460.75,741.0,
2024-08-25 13:00:00,5.0,107.25,3.55,2.68,4.32,8.2,2.78,0.55,11.46,,,,,,,,56.0,1.98,255.25,0.0,0.0,377.25,740.75,
2024-08-25 14:00:00,4.25,75.0,3.6,2.2,4.05,7.9,5.18,0.54,12.8,,,,,,,,55.75,2.02,265.0,0.0,0.0,314.5,740.0,
2024-08-25 15:00:00,2.0,64.0,3.48,1.65,3.72,8.25,6.7,0.51,12.52,,,,,,,,54.5,2.17,267.0,0.0,0.0,273.0,740.0,
2024-08-25 16:00:00,3.5,84.5,3.65,2.2,4.12,8.38,4.9,0.55,13.16,,,,,,,,56.0,1.95,279.5,0.0,0.0,173.5,740.0,
2024-08-25 17:00:00,7.25,88.75,3.7,2.3,4.25,8.45,3.32,0.56,13.22,,,,,,,,58.25,1.48,274.75,0.0,0.0,62.25,740.0,
2024-08-25 18:00:00,6.0,101.25,3.95,2.8,4.68,9.15,2.78,0.58,12.78,,,,,,,,61.5,0.85,255.0,0.0,0.0,22.5,740.0,
2024-08-25 19:00:00,16.5,90.5,3.58,5.2,5.68,10.6,2.88,0.65,10.25,,,,,,,,70.75,0.72,224.75,0.0,0.0,19.75,740.0,
2024-08-25 20:00:00,32.25,89.75,4.35,3.82,5.58,10.95,3.2,0.69,11.98,,,,,,,,74.25,0.48,232.5,0.0,0.0,19.0,740.75,
2024-08-25 21:00:00,11.25,57.0,4.2,4.05,5.6,10.7,2.8,0.67,12.41,,,,,,,,74.75,0.55,248.75,0.0,0.0,19.0,741.0,
2024-08-25 22:00:00,7.75,55.5,4.53,1.9,4.68,10.38,3.02,0.64,12.0,,,,,,,,77.0,0.95,270.75,0.0,0.0,19.5,741.0,
2024-08-25 23:00:00,4.0,38.25,4.2,1.55,4.2,10.98,3.5,0.62,11.11,,,,,,,,76.25,0.65,272.75,0.0,0.0,19.75,741.0,
2024-08-26 00:00:00,,25.5,4.78,1.72,4.8,12.2,4.68,0.66,12.35,,,,,,,,76.0,0.3,262.75,0.0,0.0,19.75,741.0,
2024-08-26 01:00:00,,19.75,5.2,1.2,4.85,13.05,4.72,0.67,14.53,,,,,,,,73.75,0.3,259.25,0.0,0.0,19.75,740.25,
2024-08-26 02:00:00,,18.75,3.88,3.28,4.9,13.22,2.52,0.62,13.89,,,,,,,,72.5,0.3,258.5,0.0,0.0,19.75,740.0,
2024-08-26 03:00:00,2.0,26.25,4.95,3.25,5.75,13.7,1.42,0.62,14.44,,,,,,,,73.0,0.3,283.25,0.0,0.0,19.5,740.0,
2024-08-26 04:00:00,2.75,23.25,5.7,2.75,6.12,12.68,3.08,0.56,15.48,,,,,,,,72.25,0.3,273.5,0.0,0.0,18.75,740.0,
2024-08-26 05:00:00,5.75,25.25,5.8,3.02,6.35,12.22,3.78,0.55,16.34,,,,,,,,71.25,0.3,277.5,0.0,0.0,19.25,740.0,
2024-08-26 06:00:00,11.25,48.75,8.18,3.18,8.35,11.85,5.32,0.59,15.6,,,,,,,,71.25,0.3,276.75,0.0,0.0,53.25,741.0,
2024-08-26 07:00:00,20.25,79.75,9.07,3.22,9.1,11.65,5.62,0.6,15.46,,,,,,,,69.0,0.32,268.75,0.0,0.0,127.5,741.0,
2024-08-26 08:00:00,17.0,77.5,7.72,3.35,8.02,13.2,3.82,0.69,14.73,,,,,,,,62.5,0.8,263.25,0.0,0.0,238.75,742.0,
2024-08-26 09:00:00,12.5,79.0,5.5,3.85,6.52,13.6,3.72,0.68,14.22,,,,,,,,61.0,0.92,265.25,0.0,0.0,203.5,741.25,
2024-08-26 10:00:00,7.25,80.5,5.58,3.58,6.45,13.05,4.2,0.59,14.15,,,,,,,,58.25,1.6,259.5,0.0,0.0,371.75,741.25,
2024-08-26 11:00:00,4.0,103.0,5.12,2.65,5.58,12.62,5.12,0.57,12.73,,,,,,,,56.75,2.33,255.25,0.0,0.0,426.0,741.0,
2024-08-26 12:00:00,1.0,70.5,3.32,3.65,4.62,11.28,2.95,0.54,11.69,,,,,,,,57.25,2.38,260.25,0.0,0.0,337.5,741.0,
2024-08-26 13:00:00,4.0,53.0,2.7,3.05,3.8,9.7,1.62,0.53,11.13,,,,,,,,58.75,1.92,280.25,0.0,0.0,297.75,740.5,
2024-08-26 14:00:00,3.25,69.25,3.72,3.3,4.78,9.78,2.25,0.55,11.16,,,,,,,,56.75,1.92,284.0,0.0,0.0,354.5,740.0,
2024-08-26 15:00:00,2.0,118.25,1.88,4.05,3.68,10.6,3.85,0.59,10.66,,,,,,,,56.0,1.85,283.5,0.0,0.0,290.25,739.75,
2024-08-26 16:00:00,4.75,88.25,131.83,14.17,114.73,10.15,4.42,0.63,10.44,,,,,,,,56.75,1.6,274.5,0.0,0.0,139.0,739.0,
2024-08-26 17:00:00,3.75,78.25,3.7,5.0,5.68,9.0,3.18,0.64,11.36,,,,,,,,58.25,1.5,273.75,0.0,0.0,68.5,739.0,
2024-08-26 18:00:00,7.75,85.25,2.7,5.85,5.3,9.52,4.25,0.64,6.86,,,,,,,,69.5,1.58,233.25,0.0,0.0,23.0,739.25,
2024-08-26 19:00:00,22.5,89.0,3.95,5.85,6.3,10.9,5.42,0.67,10.92,,,,,,,,73.5,0.7,230.0,0.0,0.0,19.75,740.0,
2024-08-26 20:00:00,20.75,68.5,4.55,5.7,6.75,11.92,4.15,0.7,10.82,,,,,,,,74.5,0.5,223.0,0.0,0.0,18.5,740.5,
2024-08-26 21:00:00,12.5,59.75,4.45,5.03,6.28,11.9,3.15,0.69,10.88,,,,,,,,74.5,0.45,233.25,0.0,0.0,18.5,741.0,
2024-08-26 22:00:00,16.25,50.0,5.18,3.62,6.12,11.85,4.35,0.66,10.9,,,,,,,,75.5,0.52,242.0,0.0,0.0,18.5,741.0,
2024-08-26 23:00:00,12.5,32.75,4.53,3.18,5.38,12.5,4.62,0.65,13.99,,,,,,,,75.0,0.55,244.0,0.0,0.0,18.5,741.0,
2024-08-27 00:00:00,6.75,34.5,4.5,1.23,4.35,13.78,3.7,0.67,11.38,,,,,,,,75.75,0.68,266.0,0.0,0.0,18.75,741.0,
2024-08-27 01:00:00,3.0,32.5,5.05,1.73,4.75,13.85,3.65,0.66,12.16,,,,,,,,76.5,0.32,270.25,0.0,0.0,19.0,741.0,
2024-08-27 02:00:00,5.0,34.75,4.35,2.92,5.12,15.0,5.38,0.63,12.76,,,,,,,,77.0,0.32,276.0,0.0,0.0,19.0,740.25,
2024-08-27 03:00:00,6.25,45.5,5.35,3.1,5.98,15.22,5.85,0.64,13.88,,,,,,,,77.25,0.3,273.0,0.0,0.0,18.75,740.0,
2024-08-27 04:00:00,8.75,41.25,5.78,3.28,6.45,15.38,5.3,0.62,15.07,,,,,,,,78.5,0.3,269.0,0.0,0.0,18.25,740.5,
2024-08-27 05:00:00,6.25,39.75,6.12,4.95,7.62,14.45,3.82,0.62,14.33,,,,,,,,79.75,0.3,268.25,0.0,0.0,18.75,741.0,
2024-08-27 06:00:00,14.25,67.0,8.25,6.68,10.25,13.65,3.9,0.65,15.77,,,,,,,,78.5,0.3,289.25,0.0,0.0,31.25,741.0,
2024-08-27 07:00:00,27.0,87.25,9.25,5.75,10.58,13.8,4.32,0.66,15.72,,,,,,,,73.0,0.38,274.0,0.0,0.0,54.0,741.0,
2024-08-27 08:00:00,24.25,87.5,10.95,5.1,11.6,14.62,5.35,0.69,15.33,,,,,,,,69.25,0.48,262.0,0.0,0.0,84.25,741.5,
2024-08-27 09:00:00,13.5,90.5,9.02,4.53,9.75,15.02,6.42,0.72,15.18,,,,,,,,66.5,0.6,265.75,0.0,0.0,134.25,742.0,
2024-08-27 10:00:00,5.5,72.5,9.12,4.42,9.77,15.1,6.93,0.7,15.51,,,,,,,,63.5,0.5,260.25,0.0,0.0,194.5,742.0,
2024-08-27 11:00:00,4.5,63.25,6.02,5.2,7.68,14.75,7.2,0.66,13.18,,,,,,,,60.75,1.02,264.75,0.0,0.0,265.0,741.75,
2024-08-27 12:00:00,7.75,76.25,3.08,5.62,5.48,13.82,3.5,0.57,11.4,,,,,,,,58.5,1.32,250.25,0.0,0.0,327.25,741.75,
2024-08-27 13:00:00,11.75,74.25,2.68,5.05,4.85,10.58,1.35,0.53,11.07,,,,,,,,58.0,1.23,268.75,0.0,0.0,269.75,741.0,
2024-08-27 14:00:00,7.0,67.5,2.68,5.28,4.95,10.3,3.72,0.55,10.09,,,,,,,,58.0,0.62,265.75,0.0,0.0,196.0,741.0,
2024-08-27 15:00:00,5.25,72.25,2.15,5.9,4.88,11.5,5.05,0.53,8.58,,,,,,,,58.75,0.5,271.5,0.0,0.0,110.75,740.5,
2024-08-27 16:00:00,8.75,78.0,3.0,6.42,5.85,11.8,4.82,0.57,9.54,,,,,,,,69.75,0.72,218.5,0.0,0.0,83.25,740.0,
2024-08-27 17:00:00,9.25,103.25,3.1,6.45,5.95,14.18,4.72,0.63,6.4,,,,,,,,73.25,0.85,224.5,0.0,0.0,46.75,740.0,
2024-08-27 18:00:00,15.75,123.0,2.58,9.78,7.32,13.72,4.68,0.75,5.95,,,,,,,,71.75,0.57,229.5,0.0,0.0,21.5,740.75,
2024-08-27 19:00:00,22.0,87.0,3.75,6.45,6.45,14.45,4.72,0.76,8.11,,,,,,,,74.5,0.72,230.75,0.0,0.0,20.0,741.0,
2024-08-27 20:00:00,15.0,72.5,3.45,5.55,5.78,14.52,2.92,0.79,10.37,,,,,,,,76.0,0.4,246.0,0.0,0.0,18.5,741.5,
2024-08-27 21:00:00,12.5,54.25,4.5,3.97,5.75,13.32,2.25,0.76,10.03,,,,,,,,76.25,0.32,248.5,0.0,0.0,19.25,742.0,
2024-08-27 22:00:00,12.75,44.5,4.4,2.55,4.95,12.95,3.65,0.68,10.32,,,,,,,,77.5,0.3,271.75,0.0,0.0,19.5,742.0,
2024-08-27 23:00:00,7.0,30.5,4.53,2.82,5.18,12.62,4.05,0.65,11.58,,,,,,,,77.75,0.35,278.5,0.0,0.0,18.75,742.0,
2024-08-28 00:00:00,5.5,54.75,4.3,5.18,6.22,15.15,2.85,0.65,12.36,,,,,,,,74.75,0.4,279.75,0.0,0.0,19.5,741.0,
2024-08-28 01:00:00,19.25,121.0,3.92,6.0,6.38,15.88,2.35,0.66,13.1,,,,,,,,75.25,0.32,246.75,0.0,0.0,19.75,741.0,
2024-08-28 02:00:00,17.25,74.25,5.48,3.88,6.48,16.15,2.35,0.67,15.45,,,,,,,,75.0,0.35,163.25,0.0,0.0,18.0,741.0,
2024-08-28 03:00:00,9.25,29.75,5.98,5.42,7.75,16.4,3.2,0.67,16.08,,,,,,,,78.25,0.3,281.5,0.0,0.0,15.5,741.0,
2024-08-28 04:00:00,8.75,19.0,8.35,3.62,8.7,15.4,4.0,0.62,15.68,,,,,,,,80.25,0.3,178.0,0.0,0.0,12.25,741.0,
2024-08-28 05:00:00,5.0,16.0,8.68,4.35,9.4,14.1,3.48,0.6,15.77,,,,,,,,81.0,0.3,273.0,0.0,0.0,11.25,741.0,
2024-08-28 06:00:00,14.0,27.0,9.9,6.38,11.48,12.92,2.95,0.64,15.83,,,,,,,,82.0,0.3,273.25,0.0,0.0,14.5,741.25,
2024-08-28 07:00:00,14.5,29.0,13.42,5.72,13.98,12.92,2.03,0.7,15.8,,,,,,,,82.5,0.3,225.25,0.0,0.0,24.75,742.0,
2024-08-28 08:00:00,15.5,33.0,16.48,8.22,17.77,14.95,3.65,0.79,15.62,,,,,,,,82.5,0.3,222.0,0.0,0.0,54.0,742.0,
2024-08-28 09:00:00,13.75,32.5,15.35,7.05,16.25,16.65,5.12,0.82,16.94,,,,,,,,77.25,0.3,255.5,0.0,0.0,99.25,742.0,
2024-08-28 10:00:00,13.25,52.25,15.5,6.85,16.25,16.73,4.53,0.86,15.73,,,,,,,,74.25,0.38,285.5,0.0,0.0,122.5,742.0,
2024-08-28 11:00:00,14.25,63.5,14.48,7.12,15.55,16.75,5.22,0.82,15.14,,,,,,,,70.25,0.43,281.5,0.0,0.0,148.25,742.0,
2024-08-28 12:00:00,15.25,73.0,12.1,7.8,13.98,15.42,5.58,0.83,13.06,,,,,,,,70.0,0.32,293.75,0.0,0.0,117.0,741.25,
2024-08-28 13:00:00,16.0,79.5,6.75,11.88,11.78,13.25,5.12,0.76,11.11,,,,,,,,70.25,0.3,285.25,0.0,0.0,101.5,741.0,
2024-08-28 14:00:00,18.0,54.75,2.48,10.2,7.42,12.75,3.88,0.74,10.44,,,,,,,,71.75,0.3,272.5,0.0,0.0,106.25,741.0,
2024-08-28 15:00:00,17.5,57.0,3.6,9.1,7.72,12.32,4.18,0.72,10.29,,,,,,,,72.25,0.3,269.75,0.0,0.0,76.25,741.0,
2024-08-28 16:00:00,20.75,74.25,2.6,9.5,7.18,13.9,5.05,0.7,10.26,,,,,,,,74.5,0.38,231.0,0.0,0.0,58.25,740.25,
2024-08-28 17:00:00,31.5,108.0,4.03,7.8,7.4,14.75,6.55,0.75,10.97,,,,,,,,77.0,0.75,226.25,0.0,0.0,37.75,740.0,
2024-08-28 18:00:00,19.0,55.75,3.0,7.9,6.65,15.38,4.22,0.81,12.35,,,,,,,,77.5,0.45,228.5,0.0,0.0,18.75,740.0,
2024-08-28 19:00:00,14.5,60.5,2.95,8.52,6.95,16.7,4.03,0.82,13.32,,,,,,,,77.5,0.52,222.5,0.0,0.0,17.25,741.0,
2024-08-28 20:00:00,16.5,59.0,4.6,7.35,7.65,16.8,2.6,0.82,15.8,,,,,,,,78.0,0.32,229.25,0.0,0.0,16.0,741.0,
2024-08-28 21:00:00,9.25,59.0,6.48,7.1,9.05,14.12,1.45,0.79,15.61,,,,,,,,78.0,0.32,230.25,0.0,0.0,16.25,741.0,
2024-08-28 22:00:00,11.5,58.5,5.42,6.2,7.75,13.9,1.23,0.78,13.37,,,,,,,,78.0,0.3,237.75,0.0,0.0,16.25,741.0,
2024-08-28 23:00:00,16.75,54.25,5.62,4.38,6.88,14.05,0.92,0.75,9.31,,,,,,,,79.0,0.4,246.75,0.0,0.0,16.25,741.0,
2024-08-29 00:00:00,19.0,40.25,5.1,2.35,5.38,14.78,3.42,0.72,14.0,,,,,,,,80.5,0.45,260.25,0.0,0.0,16.0,740.5,
2024-08-29 01:00:00,2.0,24.25,4.32,2.3,4.72,16.52,5.42,0.73,16.04,,,,,,,,82.0,0.5,269.75,0.0,0.0,16.75,740.0,
2024-08-29 02:00:00,5.5,30.25,3.78,3.48,4.9,16.8,5.65,0.73,15.52,,,,,,,,81.75,0.35,281.0,0.0,0.0,16.75,740.0,
2024-08-29 03:00:00,16.5,37.5,4.82,4.03,6.08,17.02,5.95,0.71,25.86,,,,,,,,78.5,0.38,272.25,0.0,0.0,16.75,740.0,
2024-08-29 04:00:00,18.0,39.0,4.88,7.28,7.85,15.98,4.9,0.71,26.02,,,,,,,,77.5,0.32,283.75,0.0,0.0,15.75,740.0,
2024-08-29 05:00:00,26.0,68.0,7.32,7.3,9.85,13.0,4.0,0.69,31.21,,,,,,,,78.75,0.3,301.25,0.0,0.0,16.5,740.0,
2024-08-29 06:00:00,26.75,63.75,8.6,5.5,9.93,12.0,5.9,0.68,27.62,,,,,,,,77.25,0.35,271.75,0.0,0.0,21.75,740.0,
2024-08-29 07:00:00,24.25,48.75,9.4,5.12,10.38,11.82,7.08,0.69,,,,,,,,,73.0,0.55,266.0,0.0,0.0,37.0,740.5,
2024-08-29 08:00:00,10.0,44.75,9.05,6.42,10.78,12.55,5.5,0.69,35.9,,,,,,,,71.25,0.48,275.0,0.0,0.0,87.75,741.0,
2024-08-29 09:00:00,12.0,58.0,10.9,5.52,11.8,14.75,6.18,0.74,27.5,,,,,,,,68.75,0.62,266.0,0.0,0.0,152.75,741.0,
2024-08-29 10:00:00,16.5,69.75,9.1,4.92,10.0,15.6,3.53,0.74,22.9,,,,,,,,65.0,0.8,255.25,0.0,0.0,270.75,741.0,
2024-08-29 11:00:00,11.25,61.25,6.32,6.18,8.43,14.68,2.32,0.71,13.74,,,,,,,,62.5,1.03,257.25,0.0,0.0,261.75,740.75,
2024-08-29 12:00:00,9.0,63.0,4.18,4.95,6.0,14.4,4.25,0.62,11.99,,,,,,,,60.75,0.92,260.75,0.0,0.0,262.5,740.0,
2024-08-29 13:00:00,9.0,53.25,2.65,5.4,5.03,12.32,4.2,0.56,10.46,,,,,,,,61.0,0.6,269.5,0.0,0.0,197.75,740.0,
2024-08-29 14:00:00,8.25,50.75,2.62,4.28,4.4,12.3,3.58,0.57,8.89,,,,,,,,60.5,0.62,276.5,0.0,0.0,206.0,739.0,
2024-08-29 15:00:00,6.75,71.5,2.8,4.6,4.7,12.5,4.2,0.58,9.96,,,,,,,,60.25,0.48,285.5,0.0,0.0,156.75,739.0,
2024-08-29 16:00:00,9.75,57.75,2.7,6.38,5.58,13.1,4.82,0.56,9.29,,,,,,,,61.25,0.38,298.75,0.0,0.0,102.75,739.0,
2024-08-29 17:00:00,12.5,73.0,2.05,8.8,6.35,14.32,5.28,0.64,10.37,,,,,,,,63.75,0.32,269.0,0.0,0.0,53.5,739.0,
2024-08-29 18:00:00,13.5,85.25,4.62,7.45,7.7,15.35,3.68,0.72,12.76,,,,,,,,68.25,0.5,285.5,0.0,0.0,20.25,739.0,
2024-08-29 19:00:00,13.25,60.0,4.3,6.62,7.0,16.4,4.22,0.75,14.06,,,,,,,,70.75,0.42,282.75,0.0,0.0,18.0,739.0,
2024-08-29 20:00:00,19.75,62.25,4.3,6.8,7.1,17.35,3.72,0.82,14.84,,,,,,,,72.0,0.32,265.75,0.0,0.0,17.75,739.75,
2024-08-29 21:00:00,24.0,56.5,5.05,4.35,6.43,14.22,2.2,0.77,13.65,,,,,,,,72.75,0.4,270.25,0.0,0.0,18.25,740.0,
2024-08-29 22:00:00,10.75,41.5,4.75,3.2,5.58,14.18,4.3,0.68,12.86,,,,,,,,72.0,0.6,272.5,0.0,0.0,19.0,740.0,
2024-08-29 23:00:00,6.25,26.0,4.32,3.58,5.4,13.52,5.25,0.64,13.24,,,,,,,,74.75,0.45,285.25,0.0,0.0,18.75,739.5,
2024-08-30 00:00:00,3.25,19.0,4.72,3.42,5.7,15.25,5.15,0.62,12.15,,,,,,,,76.0,0.35,265.75,0.0,0.0,19.25,738.75,
2024-08-30 01:00:00,1.0,14.5,4.62,3.08,5.4,17.23,5.85,0.63,15.07,,,,,,,,77.0,0.35,273.5,0.0,0.0,19.25,738.25,
2024-08-30 02:00:00,,10.5,4.53,2.68,5.12,17.77,5.03,0.65,15.12,,,,,,,,77.0,0.35,283.5,0.0,0.0,18.75,738.0,
2024-08-30 03:00:00,,13.5,5.32,3.92,6.4,17.88,4.8,0.63,15.86,,,,,,,,77.0,0.3,276.0,0.0,0.0,18.75,738.0,
2024-08-30 04:00:00,,18.0,6.42,3.38,7.02,17.3,5.15,0.63,16.74,,,,,,,,77.5,0.3,274.75,0.0,0.0,17.75,738.5,
2024-08-30 05:00:00,2.0,34.0,6.8,2.55,6.92,14.25,4.25,0.6,14.12,,,,,,,,77.0,0.3,285.0,0.0,0.0,18.75,739.0,
2024-08-30 06:00:00,3.75,36.0,6.62,4.25,7.68,13.62,2.33,0.56,19.19,,,,,,,,76.5,0.35,279.0,0.0,0.0,26.5,739.75,
2024-08-30 07:00:00,10.0,46.25,9.2,4.57,9.9,13.28,1.62,0.61,17.21,,,,,,,,75.25,0.38,274.5,0.0,0.0,44.5,740.0,
2024-08-30 08:00:00,14.5,62.75,9.9,4.88,10.62,14.75,2.6,0.64,13.8,,,,,,,,73.0,0.42,284.0,0.0,0.0,85.25,741.0,
2024-08-30 09:00:00,18.75,96.75,9.88,6.45,11.48,16.62,3.53,0.71,16.99,,,,,,,,72.0,0.3,279.25,0.0,0.0,103.75,741.0,
2024-08-30 10:00:00,18.5,156.75,9.1,5.85,10.52,17.35,2.95,0.73,15.71,,,,,,,,71.75,0.35,296.25,0.0,0.0,117.25,741.0,
2024-08-30 11:00:00,20.5,119.75,8.4,4.35,9.12,18.7,2.45,0.74,14.92,,,,,,,,69.0,0.5,280.25,0.0,0.0,162.5,741.0,
2024-08-30 12:00:00,20.5,77.5,5.15,6.22,7.48,19.25,3.08,0.68,12.5,,,,,,,,66.0,0.55,280.5,0.0,0.0,155.25,740.0,
2024-08-30 13:00:00,15.25,62.25,2.98,7.25,6.25,16.75,2.55,0.64,9.9,,,,,,,,66.5,0.48,271.25,0.0,0.0,174.25,739.75,
2024-08-30 14:00:00,14.0,66.0,3.1,5.48,5.45,16.12,3.4,0.64,10.82,,,,,,,,64.75,0.55,268.5,0.0,0.0,209.0,739.0,
2024-08-30 15:00:00,16.25,70.5,3.2,5.0,5.28,16.52,4.78,0.62,11.15,,,,,,,,64.75,0.48,278.5,0.0,0.0,139.0,739.0,
2024-08-30 16:00:00,15.75,83.25,3.33,8.2,6.32,15.98,3.8,0.62,9.65,,,,,,,,66.5,0.35,297.5,0.0,0.0,94.5,739.0,
2024-08-30 17:00:00,21.0,98.25,2.28,9.28,6.75,17.45,2.7,0.69,11.78,,,,,,,,68.0,0.3,279.25,0.0,0.0,32.75,739.0,
2024-08-30 18:00:00,24.0,146.75,3.62,9.58,8.02,19.2,2.82,0.8,14.5,,,,,,,,69.5,0.3,261.5,0.0,0.0,19.75,739.0,
2024-08-30 19:00:00,33.75,130.0,2.9,8.07,6.68,20.5,2.45,0.86,14.34,,,,,,,,70.5,0.3,283.25,0.0,0.0,19.25,739.75,
2024-08-30 20:00:00,28.75,103.0,4.18,3.8,5.4,20.75,2.17,0.79,14.36,,,,,,,,83.5,1.45,148.25,1.75,1.75,10.75,740.75,
2024-08-30 21:00:00,6.25,67.75,3.35,5.75,5.78,16.55,1.3,0.77,14.42,,,,,,,,87.0,0.35,209.5,0.25,0.25,7.75,740.5,
2024-08-30 22:00:00,3.75,13.0,3.92,6.75,6.78,15.78,2.95,0.72,13.45,,,,,,,,86.75,0.32,275.25,0.0,0.0,7.5,740.0,
2024-08-30 23:00:00,4.0,5.25,4.42,6.05,6.8,15.15,3.52,0.7,17.35,,,,,,,,85.5,0.7,276.5,0.0,0.0,8.5,740.0,
2024-08-31 00:00:00,6.25,10.5,5.4,4.82,6.95,16.27,4.22,0.64,13.0,,,,,,,,85.5,0.92,284.5,0.0,0.0,9.5,739.75,
2024-08-31 01:00:00,4.0,15.0,5.35,4.85,6.92,17.95,5.15,0.63,13.71,,,,,,,,83.5,0.62,250.75,0.0,0.0,9.0,739.0,
2024-08-31 02:00:00,6.0,12.0,4.8,4.28,6.2,19.08,3.02,0.67,13.91,,,,,,,,83.25,0.3,261.5,0.0,0.0,10.75,738.75,
2024-08-31 03:00:00,6.75,11.75,5.18,4.72,6.72,19.9,2.95,0.66,15.36,,,,,,,,83.0,0.35,283.5,0.0,0.0,11.75,738.75,
2024-08-31 04:00:00,9.0,11.25,5.45,4.72,6.95,19.0,4.35,0.63,15.89,,,,,,,,83.75,0.3,273.75,0.0,0.0,11.25,739.0,
2024-08-31 05:00:00,9.0,13.5,5.98,5.38,7.72,13.9,4.03,0.61,15.95,,,,,,,,84.0,0.3,270.75,0.0,0.0,11.0,739.0,
2024-08-31 06:00:00,15.0,22.0,6.75,6.68,9.05,12.55,2.38,0.6,13.94,,,,,,,,84.0,0.3,265.25,0.0,0.0,24.25,739.0,
2024-08-31 07:00:00,18.25,34.0,8.4,5.35,9.68,12.65,2.02,0.63,17.04,,,,,,,,82.75,0.38,279.25,0.0,0.0,70.5,740.0,
2024-08-31 08:00:00,26.75,35.25,9.8,5.72,11.02,13.1,2.5,0.65,16.44,,,,,,,,79.5,0.38,277.25,0.0,0.0,111.75,740.0,
2024-08-31 09:00:00,20.75,41.5,9.57,4.7,10.28,16.3,2.75,0.68,17.3,,,,,,,,75.5,0.62,280.25,0.0,0.0,128.5,740.25,
2024-08-31 10:00:00,13.25,48.0,8.75,6.08,10.32,17.23,3.38,0.72,15.33,,,,,,,,71.0,0.9,274.0,0.0,0.0,229.0,740.0,
2024-08-31 11:00:00,10.0,42.0,8.07,5.08,9.28,18.5,4.4,0.7,14.87,,,,,,,,67.0,1.3,265.0,0.0,0.0,265.25,740.0,
2024-08-31 12:00:00,6.5,33.5,5.12,5.65,7.15,19.23,4.28,0.67,14.1,,,,,,,,65.25,1.3,258.25,0.0,0.0,304.5,739.5,
2024-08-31 13:00:00,5.75,37.75,4.15,5.95,6.58,17.0,3.48,0.59,11.96,,,,,,,,63.5,1.58,246.75,0.0,0.0,317.25,739.0,
2024-08-31 14:00:00,8.75,42.25,3.35,6.22,6.0,16.2,5.12,0.56,10.34,,,,,,,,63.5,1.32,252.25,0.0,0.0,201.25,738.75,
2024-08-31 15:00:00,10.0,32.75,3.42,6.02,5.98,16.23,5.82,0.54,11.0,,,,,,,,62.25,1.2,251.25,0.0,0.0,220.5,738.25,
2024-08-31 16:00:00,8.25,38.0,2.88,5.08,5.03,17.25,4.72,0.53,12.42,,,,,,,,62.75,0.65,233.75,0.0,0.0,136.75,738.0,
2024-08-31 17:00:00,10.75,36.25,3.9,4.82,5.72,18.1,5.5,0.56,12.88,,,,,,,,64.25,0.42,225.75,0.0,0.0,61.25,738.25,
2024-08-31 18:00:00,11.25,42.5,4.5,8.15,7.93,18.98,6.62,0.63,14.74,,,,,,,,67.25,0.3,291.75,0.0,0.0,17.5,739.0,
2024-08-31 19:00:00,24.25,83.5,6.5,10.02,10.62,19.62,6.88,0.76,15.69,,,,,,,,69.5,0.3,287.75,0.0,0.0,16.5,739.0,
2024-08-31 20:00:00,27.0,110.25,9.48,10.2,13.12,21.3,5.48,0.91,15.45,,,,,,,,70.25,0.3,273.25,0.0,0.0,16.0,739.75,
2024-08-31 21:00:00,29.5,125.75,12.2,8.28,14.35,17.98,3.92,0.91,17.34,,,,,,,,71.5,0.3,269.25,0.0,0.0,15.5,740.0,
2024-08-31 22:00:00,19.25,97.75,11.68,9.0,14.3,17.08,3.05,0.84,15.14,,,,,,,,69.5,0.3,272.25,0.0,0.0,15.5,740.0,
2024-08-31 23:00:00,20.0,70.0,11.2,7.63,13.17,15.73,3.03,0.8,15.22,,,,,,,,69.33,0.3,286.33,0.0,0.0,16.0,739.67,
2024-09-01 00:00:00,15.75,94.0,13.72,8.18,15.5,16.3,3.48,0.8,16.46,,,,,,,,72.75,0.3,284.5,0.0,0.0,16.0,739.0,
2024-09-01 01:00:00,14.0,84.5,13.45,8.0,15.2,18.77,5.22,0.81,15.66,,,,,,,,73.75,0.3,278.5,0.0,0.0,15.75,738.25,
2024-09-01 02:00:00,11.75,68.0,13.55,6.75,14.6,19.85,4.62,0.8,16.27,,,,,,,,71.25,0.3,256.5,0.0,0.0,16.5,738.0,
2024-09-01 03:00:00,14.25,48.75,11.75,6.95,13.25,20.35,3.82,0.78,15.87,,,,,,,,73.0,0.3,285.25,0.0,0.0,16.5,738.0,
2024-09-01 04:00:00,15.0,44.25,11.42,3.92,11.38,21.45,4.5,0.74,19.13,,,,,,,,74.25,0.3,275.75,0.0,0.0,16.0,738.0,
2024-09-01 05:00:00,14.5,40.0,11.55,4.0,11.5,18.82,4.3,0.7,16.48,,,,,,,,73.75,0.32,270.25,0.0,0.0,16.5,738.0,
2024-09-01 06:00:00,16.5,38.75,10.52,4.38,10.9,18.32,4.58,0.7,16.36,,,,,,,,74.5,0.3,277.75,0.0,0.0,51.75,738.75,
2024-09-01 07:00:00,25.25,54.5,12.02,2.8,11.28,18.88,4.5,0.68,16.25,,,,,,,,70.5,0.38,279.5,0.0,0.0,136.75,739.5,
2024-09-01 08:00:00,17.0,54.75,9.8,3.65,9.93,19.27,3.12,0.66,15.8,,,,,,,,65.5,0.9,279.5,0.0,0.0,254.25,740.25,
2024-09-01 09:00:00,7.5,41.0,8.48,3.38,8.68,23.82,3.78,0.64,16.2,,,,,,,,63.0,0.8,261.75,0.0,0.0,287.75,740.0,
2024-09-01 10:00:00,6.0,38.0,7.52,3.25,7.8,26.1,5.6,0.68,15.41,,,,,,,,60.0,1.1,268.0,0.0,0.0,330.75,740.0,
2024-09-01 11:00:00,5.75,38.5,5.1,4.68,6.65,26.05,6.82,0.65,14.6,,,,,,,,60.5,1.1,256.25,0.0,0.0,254.25,740.0,
2024-09-01 12:00:00,5.75,42.0,4.78,4.08,6.05,26.58,4.5,0.61,14.36,,,,,,,,58.75,1.1,258.75,0.0,0.0,327.75,739.25,
2024-09-01 13:00:00,7.75,47.0,4.2,3.1,5.08,21.68,3.45,0.59,13.2,,,,,,,,61.5,0.55,261.0,0.0,0.0,108.25,738.75,
2024-09-01 14:00:00,8.0,43.5,5.32,2.92,5.88,19.42,3.25,0.58,12.78,,,,,,,,72.5,0.7,262.5,0.5,0.5,68.0,737.5,
2024-09-01 15:00:00,11.25,36.0,4.85,5.88,7.1,28.12,3.5,0.63,12.74,,,,,,,,73.0,0.35,242.25,0.0,0.0,226.0,737.5,
2024-09-01 16:00:00,11.5,19.5,5.72,4.42,7.0,19.12,4.3,0.55,13.6,,,,,,,,71.5,0.32,243.0,0.0,0.0,79.0,738.0,
2024-09-01 17:00:00,10.0,24.0,5.08,4.47,6.52,18.55,4.9,0.58,11.7,,,,,,,,73.5,0.42,263.75,0.0,0.0,31.0,738.0,
2024-09-01 18:00:00,,,4.85,3.47,5.8,20.85,4.38,0.65,12.32,,,,,,,,76.0,0.3,266.5,0.0,0.0,14.75,738.0,
2024-09-01 19:00:00,26.0,51.0,6.05,5.88,8.05,22.22,3.9,0.71,14.93,,,,,,,,77.5,0.3,238.0,0.0,0.0,13.75,739.0,
2024-09-01 20:00:00,24.25,51.5,5.85,6.2,8.05,22.02,3.9,0.7,14.87,,,,,,,,75.75,0.3,86.25,0.0,0.0,13.75,739.25,
2024-09-01 21:00:00,21.0,61.0,7.85,7.65,10.42,22.45,3.38,0.8,15.89,,,,,,,,76.5,0.35,195.75,0.0,0.0,13.75,740.0,
2024-09-01 22:00:00,26.0,76.0,9.12,6.42,10.82,18.27,2.3,0.73,15.22,,,,,,,,78.5,0.48,220.0,0.0,0.0,13.25,740.0,
2024-09-01 23:00:00,20.75,45.25,8.05,4.35,8.85,17.5,2.0,0.7,14.25,,,,,,,,80.0,0.3,246.0,0.0,0.0,13.0,740.0,
2024-09-02 00:00:00,12.25,32.25,7.58,5.1,8.9,16.52,2.92,0.69,14.38,,,,,,,,81.5,0.32,275.75,0.0,0.0,12.75,739.0,
2024-09-02 01:00:00,6.0,22.75,7.92,2.33,7.7,16.82,2.42,0.64,13.72,,,,,,,,80.75,0.42,276.75,0.0,0.0,13.25,739.0,
2024-09-02 02:00:00,3.0,10.0,7.52,2.65,7.58,19.62,5.58,0.7,13.24,,,,,,,,81.0,0.3,271.0,0.0,0.0,13.75,739.0,
2024-09-02 03:00:00,,,7.4,2.5,7.35,19.98,6.95,0.7,14.35,,,,,,,,81.75,0.35,267.25,0.0,0.0,14.0,739.0,
2024-09-02 04:00:00,2.0,16.0,7.95,1.4,7.2,19.65,4.42,0.64,14.92,,,,,,,,81.5,0.42,281.5,0.0,0.0,14.75,739.0,
2024-09-02 05:00:00,5.0,21.5,6.38,3.78,7.22,20.5,3.7,0.66,16.0,,,,,,,,80.75,0.3,272.25,0.0,0.0,14.25,739.25,
2024-09-02 06:00:00,15.25,42.25,8.07,3.62,8.5,17.02,3.08,0.65,16.03,,,,,,,,78.75,0.3,277.75,0.0,0.0,33.25,739.75,
2024-09-02 07:00:00,19.0,63.0,8.9,6.78,10.85,14.5,2.22,0.7,15.01,,,,,,,,75.75,0.3,280.5,0.0,0.0,90.0,740.25,
2024-09-02 08:00:00,44.0,90.5,8.6,6.52,10.48,14.2,2.7,0.76,14.35,,,,,,,,72.0,0.3,268.25,0.0,0.0,148.0,741.0,
2024-09-02 09:00:00,37.0,94.25,7.08,5.28,8.57,17.68,3.45,0.72,13.02,,,,,,,,67.25,0.35,278.0,0.0,0.0,273.0,741.0,
2024-09-02 10:00:00,14.75,71.0,6.68,4.38,7.78,16.52,3.15,0.64,13.66,,,,,,,,63.25,0.75,257.0,0.0,0.0,288.5,741.0,
2024-09-02 11:00:00,12.75,60.25,6.2,4.22,7.3,16.77,2.55,0.64,12.32,,,,,,,,62.5,0.78,269.25,0.0,0.0,369.0,740.25,
2024-09-02 12:00:00,17.25,57.75,4.9,3.8,6.0,16.92,4.18,0.7,12.11,,,,,,,,62.75,0.65,266.0,0.0,0.0,264.0,740.0,
2024-09-02 13:00:00,13.25,60.25,4.6,4.03,5.85,16.45,4.92,0.68,11.7,,,,,,,,58.5,1.0,246.75,0.0,0.0,437.0,739.25,
2024-09-02 14:00:00,9.0,46.0,4.18,3.3,5.18,16.6,5.72,0.61,12.14,,,,,,,,58.5,1.25,247.5,0.0,0.0,323.75,738.25,
2024-09-02 15:00:00,11.0,64.25,4.35,3.25,5.25,14.4,5.15,0.6,10.57,,,,,,,,66.0,1.88,218.0,0.0,0.0,235.0,738.0,
2024-09-02 16:00:00,7.25,87.25,4.12,3.82,5.4,13.78,3.9,0.61,11.68,,,,,,,,64.75,0.65,226.5,0.0,0.0,140.5,738.0,
2024-09-02 17:00:00,7.75,76.75,2.82,5.2,5.1,13.28,3.15,0.63,11.08,,,,,,,,67.25,0.75,226.5,0.0,0.0,60.0,738.0,
2024-09-02 18:00:00,16.5,84.0,3.58,5.7,5.92,15.65,3.18,0.66,7.49,,,,,,,,74.25,1.02,219.0,0.0,0.0,20.0,738.0,
2024-09-02 19:00:00,20.0,69.25,3.6,5.55,5.88,16.35,3.62,0.7,8.12,,,,,,,,78.25,1.42,220.75,0.0,0.0,17.5,739.0,
2024-09-02 20:00:00,30.0,64.25,3.82,5.15,5.82,18.32,2.68,0.73,7.98,,,,,,,,78.0,1.32,229.25,0.0,0.0,17.25,739.5,
2024-09-02 21:00:00,34.5,65.5,4.05,4.07,5.45,17.98,2.1,0.74,10.54,,,,,,,,77.5,0.9,229.25,0.0,0.0,16.75,740.0,
2024-09-02 22:00:00,11.75,40.5,4.53,2.5,4.97,18.15,5.4,0.7,12.44,,,,,,,,77.75,0.65,247.0,0.0,0.0,15.75,740.0,
2024-09-02 23:00:00,9.75,36.5,2.6,3.52,3.98,16.0,5.75,0.64,11.92,,,,,,,,77.0,0.82,261.25,0.0,0.0,16.0,740.0,
2024-09-03 00:00:00,6.5,20.0,4.03,2.78,4.78,15.42,7.22,0.62,13.1,,,,,,,,78.75,0.62,208.25,0.0,0.0,14.75,740.0,
2024-09-03 01:00:00,9.0,18.25,4.32,3.3,5.3,14.6,7.22,0.63,13.74,,,,,,,,85.0,0.32,94.25,0.0,0.0,12.75,739.0,
2024-09-03 02:00:00,12.0,13.0,4.78,6.2,7.18,15.6,5.03,0.62,15.29,,,,,,,,84.75,0.3,209.0,0.0,0.0,14.25,739.0,
2024-09-03 03:00:00,17.0,23.0,5.38,6.38,7.78,17.18,3.5,0.64,15.66,,,,,,,,83.75,0.3,216.5,0.0,0.0,14.75,739.0,
2024-09-03 04:00:00,15.0,21.0,5.18,5.6,7.2,17.32,4.82,0.63,15.53,,,,,,,,82.0,0.38,136.75,0.0,0.0,15.25,739.0,
2024-09-03 05:00:00,11.0,23.5,6.18,5.35,7.85,17.42,5.57,0.64,15.87,,,,,,,,82.5,0.3,187.5,0.0,0.0,15.25,739.25,
2024-09-03 06:00:00,20.25,48.0,7.82,7.25,10.22,18.1,3.8,0.68,16.3,,,,,,,,83.25,0.3,132.0,0.0,0.0,17.25,740.0,
2024-09-03 07:00:00,27.25,43.0,8.9,5.88,10.4,14.75,2.22,0.68,16.56,,,,,,,,83.75,0.3,202.5,0.0,0.0,34.75,740.0,
2024-09-03 08:00:00,19.25,35.5,10.1,7.62,12.27,13.68,2.42,0.73,15.1,,,,,,,,81.5,0.3,216.5,0.0,0.0,87.0,741.0,
2024-09-03 09:00:00,21.0,42.75,10.07,7.2,12.05,13.58,2.92,0.75,15.22,,,,,,,,77.25,0.3,259.5,0.0,0.0,123.5,741.0,
2024-09-03 10:00:00,24.25,80.25,8.18,7.25,10.5,14.7,4.68,0.76,13.52,,,,,,,,72.25,0.32,273.0,0.0,0.0,157.25,741.0,
2024-09-03 11:00:00,23.0,83.5,7.75,5.05,8.98,16.55,5.4,0.77,13.21,,,,,,,,68.0,0.45,271.0,0.0,0.0,153.5,741.0,
2024-09-03 12:00:00,22.0,96.0,6.35,5.52,8.1,16.55,4.6,0.78,12.86,,,,,,,,66.75,0.5,255.25,0.0,0.0,181.0,741.0,
2024-09-03 13:00:00,34.25,155.25,4.72,4.88,6.45,16.18,3.92,0.75,12.55,,,,,,,,65.75,0.62,270.75,0.0,0.0,231.0,740.25,
2024-09-03 14:00:00,24.0,119.0,5.0,4.22,6.32,15.6,3.82,,12.78,,,,,,,,64.25,0.88,277.5,0.0,0.0,229.5,740.0,
2024-09-03 15:00:00,16.25,100.0,4.28,3.88,5.55,13.28,2.62,,12.0,,,,,,,,62.5,0.85,269.0,0.0,0.0,226.75,739.5,
2024-09-03 16:00:00,12.5,97.75,3.75,4.65,5.55,12.95,2.3,,9.62,,,,,,,,72.5,1.0,212.5,0.0,0.0,109.25,739.0,
2024-09-03 17:00:00,18.75,73.25,3.3,5.78,5.78,12.98,1.95,,7.65,,,,,,,,77.0,1.02,217.5,0.0,0.0,41.25,739.5,
2024-09-03 18:00:00,24.75,76.0,2.92,6.1,5.62,14.3,4.53,,8.02,,,,,,,,79.0,1.08,220.5,0.0,0.0,16.5,740.0,
2024-09-03 19:00:00,26.75,75.5,3.15,5.22,5.35,14.58,6.1,,10.66,,,,,,,,80.25,0.92,224.5,0.0,0.0,15.5,740.0,
2024-09-03 20:00:00,24.25,58.5,4.25,5.65,6.45,14.52,4.53,,13.59,,,,,,,,76.5,0.98,191.75,0.0,0.0,15.75,740.75,
2024-09-03 21:00:00,17.25,54.75,4.78,3.82,5.9,15.1,4.32,,13.62,,,,,,,,82.25,0.72,105.0,0.5,0.5,9.75,741.0,
2024-09-03 22:00:00,11.25,19.75,4.62,5.32,6.58,15.95,3.65,,15.07,,,,,,,,84.25,0.3,124.75,0.0,0.0,7.0,741.0,
2024-09-03 23:00:00,10.0,16.5,6.85,10.42,11.1,13.45,2.75,,15.79,,,,,,,,84.25,0.3,205.75,0.0,0.0,7.75,740.75,
2024-09-04 00:00:00,13.75,20.0,6.55,9.02,10.1,13.42,3.12,,15.82,,,,,,,,84.0,0.3,203.0,0.0,0.0,8.75,740.0,
2024-09-04 01:00:00,14.5,26.25,7.0,7.2,9.52,12.65,3.18,,15.54,,,,,,,,84.0,0.3,207.0,0.0,0.0,9.25,740.0,
2024-09-04 02:00:00,11.5,26.0,7.95,7.18,10.28,13.52,0.82,,15.57,,,,,,,,84.25,0.3,252.0,0.0,0.0,10.0,740.0,
2024-09-04 03:00:00,15.25,26.0,8.07,8.72,11.2,15.32,1.0,,16.7,,,,,,,,85.5,0.55,140.25,0.0,0.0,10.75,740.0,
2024-09-04 04:00:00,13.0,35.0,9.15,7.48,11.42,16.0,4.12,,16.29,,,,,,,,86.0,0.78,95.5,0.0,0.0,11.0,740.0,
2024-09-04 05:00:00,20.0,29.0,9.0,7.15,11.1,15.68,5.45,,16.48,,,,,,,,85.75,0.3,77.5,0.0,0.0,11.75,740.0,
2024-09-04 06:00:00,19.5,30.25,9.93,6.38,11.5,16.2,4.53,,17.29,,,,,,,,84.25,0.3,291.25,0.0,0.0,22.25,740.75,
2024-09-04 07:00:00,21.5,36.75,12.9,6.72,14.08,13.72,3.05,,16.6,,,,,,,,82.25,0.3,277.75,0.0,0.0,52.5,741.0,
2024-09-04 08:00:00,31.25,50.25,13.22,7.8,14.9,12.95,4.4,,15.64,,,,,,,,80.25,0.3,200.75,0.0,0.0,78.25,741.0,
2024-09-04 09:00:00,32.25,78.5,13.65,7.45,15.08,12.88,4.75,0.83,16.06,,,,,,,,76.0,0.5,256.0,0.0,0.0,138.0,741.5,
2024-09-04 10:00:00,39.5,112.0,12.05,6.68,13.32,13.38,5.6,0.78,15.03,,,,,,,,70.0,0.95,270.0,0.0,0.0,207.5,741.75,
2024-09-04 11:00:00,30.0,96.0,9.68,5.82,10.95,14.77,5.22,0.78,14.8,,,,,,,,68.0,0.9,274.75,0.0,0.0,179.0,741.0,
2024-09-04 12:00:00,23.5,83.5,7.78,6.28,9.7,14.73,2.38,0.74,13.55,,,,,,,,66.5,0.52,273.25,0.0,0.0,218.0,741.0,
2024-09-04 13:00:00,21.5,75.0,6.72,4.12,7.68,15.02,1.78,0.72,11.76,,,,,,,,63.25,0.7,236.5,0.0,0.0,321.75,740.0,
2024-09-04 14:00:00,16.5,48.25,4.78,3.72,5.82,14.4,2.9,0.7,13.39,,,,,,,,62.25,0.95,161.5,0.0,0.0,285.0,739.75,
2024-09-04 15:00:00,6.0,34.0,3.85,4.0,5.28,12.2,3.02,0.64,12.12,,,,,,,,62.25,0.62,189.0,0.0,0.0,193.5,739.0,
2024-09-04 16:00:00,10.0,50.75,4.2,4.6,5.9,11.82,3.92,0.63,11.36,,,,,,,,72.25,0.6,215.25,0.0,0.0,97.75,739.0,
2024-09-04 17:00:00,21.5,77.75,4.53,5.68,6.7,11.75,3.58,0.63,10.78,,,,,,,,74.25,0.48,220.25,0.0,0.0,42.0,739.0,
2024-09-04 18:00:00,19.0,87.75,4.53,6.48,7.12,12.5,3.1,0.67,10.64,,,,,,,,76.5,0.55,224.0,0.0,0.0,16.0,740.0,
2024-09-04 19:00:00,16.0,83.75,4.95,5.18,6.8,13.15,3.9,0.7,11.24,,,,,,,,78.75,0.6,228.25,0.0,0.0,15.0,740.0,
2024-09-04 20:00:00,21.25,89.0,4.35,6.85,7.18,14.02,4.62,0.8,11.6,,,,,,,,79.0,0.32,229.0,0.0,0.0,14.75,740.0,
2024-09-04 21:00:00,34.75,104.0,4.18,7.2,7.25,14.75,4.88,0.81,12.52,,,,,,,,76.25,0.3,249.25,0.0,0.0,15.5,740.75,
2024-09-04 22:00:00,27.5,93.0,4.5,7.48,7.6,15.72,4.62,0.85,13.09,,,,,,,,76.25,0.3,241.5,0.0,0.0,14.5,741.0,
2024-09-04 23:00:00,25.5,83.0,5.12,7.68,8.22,13.38,3.15,0.84,12.11,,,,,,,,78.25,0.3,228.25,0.0,0.0,14.25,740.5,
2024-09-05 00:00:00,25.25,78.0,4.78,8.38,8.3,14.08,3.8,0.79,13.08,,,,,,,,79.25,0.3,221.5,0.0,0.0,14.25,740.0,
2024-09-05 01:00:00,27.5,93.25,4.88,6.42,7.4,13.22,4.15,0.75,13.02,,,,,,,,80.25,0.3,231.75,0.0,0.0,14.5,739.5,
2024-09-05 02:00:00,23.0,76.0,4.47,2.62,5.0,14.42,3.32,0.69,11.98,,,,,,,,81.75,0.42,283.25,0.0,0.0,14.0,739.0,
2024-09-05 03:00:00,12.0,38.0,4.2,3.38,5.22,15.68,3.55,0.7,14.02,,,,,,,,83.75,0.35,289.5,0.0,0.0,15.5,739.0,
2024-09-05 04:00:00,15.75,43.5,4.93,5.3,6.82,15.78,2.88,0.72,15.57,,,,,,,,83.25,0.3,285.5,0.0,0.0,14.75,739.0,
2024-09-05 05:00:00,26.75,59.75,5.5,5.92,7.62,16.73,2.62,0.73,16.2,,,,,,,,82.25,0.3,281.75,0.0,0.0,15.0,739.0,
2024-09-05 06:00:00,31.25,72.0,8.07,6.85,10.2,16.55,3.2,0.8,16.15,,,,,,,,81.25,0.3,288.25,0.0,0.0,31.75,739.75,
2024-09-05 07:00:00,42.0,101.0,8.28,6.22,10.05,13.65,3.05,0.75,16.62,,,,,,,,72.75,0.62,268.0,0.0,0.0,77.25,740.5,
2024-09-05 08:00:00,26.25,74.25,7.98,5.98,9.65,12.25,3.7,0.71,15.63,,,,,,,,66.75,0.72,242.5,0.0,0.0,209.75,741.0,
2024-09-05 09:00:00,23.25,81.0,8.48,3.4,8.7,12.1,2.75,0.67,14.18,,,,,,,,61.75,1.23,249.75,0.0,0.0,358.25,741.0,
2024-09-05 10:00:00,18.5,72.0,5.48,4.5,6.85,11.82,2.0,0.62,13.53,,,,,,,,60.0,1.98,226.0,0.0,0.0,398.5,741.0,
2024-09-05 11:00:00,10.75,73.75,4.55,1.8,4.65,13.12,2.28,0.62,13.83,,,,,,,,58.5,2.22,219.25,0.0,0.0,444.75,740.25,
2024-09-05 12:00:00,10.5,77.5,4.53,2.6,5.1,12.28,5.08,0.6,13.8,,,,,,,,57.0,2.3,207.0,0.0,0.0,447.0,740.0,
2024-09-05 13:00:00,11.25,69.75,3.6,2.72,4.35,12.15,5.95,0.57,13.97,,,,,,,,56.0,2.3,195.25,0.0,0.0,411.75,739.0,
2024-09-05 14:00:00,8.75,57.75,4.32,3.02,5.1,11.92,2.8,0.55,13.97,,,,,,,,56.5,2.55,142.5,0.0,0.0,237.75,738.75,
2024-09-05 15:00:00,9.0,60.0,3.35,4.38,5.03,15.12,1.38,0.53,12.13,,,,,,,,59.0,2.17,101.25,0.0,0.0,97.25,738.0,
2024-09-05 16:00:00,11.25,82.75,5.45,4.32,6.75,12.82,3.22,0.57,14.68,,,,,,,,60.0,1.15,114.75,0.0,0.0,76.0,738.0,
2024-09-05 17:00:00,11.5,78.25,4.85,5.3,6.8,11.05,2.8,0.56,13.7,,,,,,,,61.5,0.5,124.0,0.0,0.0,32.0,738.0,
2024-09-05 18:00:00,21.0,106.0,4.9,6.58,7.5,11.22,2.85,0.67,13.57,,,,,,,,68.75,0.48,216.75,0.0,0.0,17.25,738.75,
2024-09-05 19:00:00,26.5,104.5,5.05,4.9,6.65,12.42,1.78,0.67,10.51,,,,,,,,75.5,0.75,217.25,0.0,0.0,17.0,739.0,
2024-09-05 20:00:00,24.0,71.0,5.1,4.0,6.25,12.85,4.0,0.72,10.63,,,,,,,,76.0,0.5,214.75,0.0,0.0,17.25,739.75,
2024-09-05 21:00:00,21.0,66.5,3.68,4.9,5.58,13.95,4.0,0.72,10.34,,,,,,,,75.75,0.52,219.5,0.0,0.0,17.0,740.0,
2024-09-05 22:00:00,20.5,69.5,4.28,5.2,6.25,14.05,1.58,0.7,11.15,,,,,,,,74.75,0.6,229.25,0.0,0.0,16.75,740.0,
2024-09-05 23:00:00,17.5,59.5,4.82,3.7,5.9,14.8,1.42,0.7,10.5,,,,,,,,79.0,0.48,230.5,0.0,0.0,15.25,740.0,
2024-09-06 00:00:00,14.25,39.0,4.5,3.55,5.55,13.25,2.5,0.67,9.71,,,,,,,,84.5,0.88,210.0,0.25,0.25,7.25,739.0,
2024-09-06 01:00:00,16.5,25.75,4.42,2.0,4.65,13.02,4.55,0.64,10.89,,,,,,,,83.75,0.62,219.25,0.5,0.5,9.0,738.5,
2024-09-06 02:00:00,10.5,22.0,4.88,2.55,5.35,12.38,3.02,0.62,13.02,,,,,,,,86.25,0.98,251.5,1.0,1.0,5.25,738.0,
2024-09-06 03:00:00,5.25,5.0,4.05,4.22,5.52,13.75,3.42,0.6,13.49,,,,,,,,86.25,0.8,167.0,0.0,0.0,6.75,738.0,
2024-09-06 04:00:00,3.0,5.0,4.47,3.75,5.68,15.12,3.22,0.66,14.77,,,,,,,,86.0,0.3,103.75,0.0,0.0,8.0,738.25,
2024-09-06 05:00:00,,,5.03,7.7,8.2,14.62,4.45,0.68,16.03,,,,,,,,86.0,0.3,93.0,0.0,0.0,8.5,739.0,
2024-09-06 06:00:00,29.0,34.0,8.6,8.72,11.65,15.88,4.12,0.71,16.34,,,,,,,,85.75,0.3,165.5,0.0,0.0,13.5,739.5,
2024-09-06 07:00:00,30.0,35.25,10.15,9.52,13.3,17.4,3.12,0.82,16.53,,,,,,,,84.75,0.32,228.75,0.0,0.0,48.5,740.25,
2024-09-06 08:00:00,33.0,39.0,11.75,8.1,13.88,12.95,3.22,0.71,15.84,,,,,,,,81.5,0.4,235.75,0.0,0.0,109.0,741.0,
2024-09-06 09:00:00,20.0,60.0,10.78,6.48,12.2,12.45,2.72,0.72,14.85,,,,,,,,77.75,0.45,294.25,0.0,0.0,140.5,741.0,
2024-09-06 10:00:00,21.0,62.0,9.2,7.8,11.65,11.98,2.3,0.79,12.56,,,,,,,,74.0,0.65,286.75,0.0,0.0,151.25,741.0,
2024-09-06 11:00:00,22.0,70.0,7.08,7.1,9.55,12.62,2.72,0.73,11.07,,,,,,,,70.75,0.55,280.0,0.0,0.0,154.5,741.0,
2024-09-06 12:00:00,14.75,73.25,4.95,5.6,7.0,13.1,2.58,0.73,12.29,,,,,,,,68.25,0.75,281.5,0.0,0.0,173.75,740.0,
2024-09-06 13:00:00,12.25,61.5,3.72,5.42,5.95,13.75,2.68,0.72,12.46,,,,,,,,66.5,0.45,274.5,0.0,0.0,190.75,739.75,
2024-09-06 14:00:00,16.25,55.75,5.22,6.35,7.62,13.18,2.42,0.69,12.06,,,,,,,,65.25,0.38,274.5,0.0,0.0,175.5,739.25,
2024-09-06 15:00:00,16.0,72.75,2.82,5.95,5.45,13.35,3.28,0.66,12.64,,,,,,,,65.25,0.43,264.75,0.0,0.0,122.0,739.0,
2024-09-06 16:00:00,14.0,84.0,4.18,7.88,7.6,13.05,3.28,0.66,13.59,,,,,,,,66.25,0.3,289.5,0.0,0.0,81.5,739.0,
2024-09-06 17:00:00,17.75,100.25,4.08,11.02,9.15,12.68,3.52,0.74,11.82,,,,,,,,68.75,0.3,248.0,0.0,0.0,45.25,739.0,
2024-09-06 18:00:00,21.5,117.75,2.92,10.5,7.95,10.98,2.98,0.8,11.91,,,,,,,,70.0,0.3,269.0,0.0,0.0,15.25,739.0,
2024-09-06 19:00:00,33.0,124.25,3.98,14.2,10.77,10.92,3.88,1.06,13.66,,,,,,,,72.0,0.3,259.0,0.0,0.0,14.0,739.75,
2024-09-06 20:00:00,50.0,168.75,6.55,11.82,11.6,12.68,3.95,1.11,16.1,,,,,,,,74.0,0.35,255.5,0.0,0.0,14.5,740.0,
2024-09-06 21:00:00,35.5,125.25,6.65,11.02,11.28,12.82,3.97,1.1,16.12,,,,,,,,73.75,0.32,248.5,0.0,0.0,14.5,740.0,
2024-09-06 22:00:00,28.75,106.5,8.75,8.75,11.78,13.25,2.4,1.05,16.43,,,,,,,,74.5,0.3,279.75,0.0,0.0,14.5,740.5,
2024-09-06 23:00:00,28.25,87.0,8.45,9.32,11.85,14.3,2.28,1.06,16.66,,,,,,,,75.75,0.3,293.25,0.0,0.0,14.0,740.0,
2024-09-07 00:00:00,21.75,95.5,12.62,9.43,15.28,12.68,3.7,1.02,16.2,,,,,,,,77.25,0.3,298.0,0.0,0.0,13.75,740.0,
2024-09-07 01:00:00,29.0,89.75,12.42,9.18,14.98,12.1,3.38,0.97,15.9,,,,,,,,77.75,0.3,252.0,0.0,0.0,13.75,739.0,
2024-09-07 02:00:00,31.25,69.0,12.42,6.8,13.75,12.32,4.75,0.92,15.7,,,,,,,,79.75,0.78,119.5,0.25,0.25,11.5,739.0,
2024-09-07 03:00:00,15.5,35.5,11.22,3.72,11.08,11.85,5.52,0.83,14.67,,,,,,,,81.0,1.12,120.75,0.0,0.0,9.0,739.0,
2024-09-07 04:00:00,2.0,9.25,9.3,5.7,10.58,13.65,4.25,0.84,16.37,,,,,,,,79.75,0.3,313.75,0.0,0.0,11.0,739.0,
2024-09-07 05:00:00,2.75,21.25,10.12,5.4,11.12,14.9,4.02,0.84,16.82,,,,,,,,79.5,0.3,299.5,0.0,0.0,12.0,739.0,
2024-09-07 06:00:00,9.25,41.0,11.5,5.18,12.15,14.65,5.82,0.84,16.14,,,,,,,,81.25,0.3,287.75,0.0,0.0,26.5,739.0,
2024-09-07 07:00:00,24.5,54.75,11.88,6.25,12.98,15.7,6.15,0.87,16.86,,,,,,,,80.0,0.3,289.0,0.0,0.0,68.25,740.0,
2024-09-07 08:00:00,29.75,60.0,11.73,6.1,12.8,13.72,4.12,0.8,16.97,,,,,,,,74.0,0.55,275.0,0.0,0.0,103.5,740.75,
2024-09-07 09:00:00,22.25,61.25,10.6,4.9,11.22,12.9,3.28,0.74,15.7,,,,,,,,70.5,0.65,262.25,0.0,0.0,115.0,741.0,
2024-09-07 10:00:00,20.0,65.0,14.23,6.32,14.92,11.35,2.82,0.73,15.4,,,,,,,,69.5,0.7,255.25,0.0,0.0,152.0,741.0,
2024-09-07 11:00:00,16.0,65.0,8.93,5.05,9.95,12.1,2.17,0.68,14.96,,,,,,,,67.25,0.62,234.0,0.0,0.0,163.0,741.0,
2024-09-07 12:00:00,17.25,61.25,7.88,2.8,7.88,14.48,5.05,0.72,14.83,,,,,,,,65.0,0.7,228.25,0.0,0.0,281.0,740.75,
2024-09-07 13:00:00,21.0,50.25,7.18,2.68,7.25,14.85,5.92,0.7,15.16,,,,,,,,63.5,0.92,224.0,0.0,0.0,228.25,740.0,
2024-09-07 14:00:00,18.0,49.75,6.92,2.0,6.72,15.88,5.42,0.62,15.03,,,,,,,,62.0,0.98,204.5,0.0,0.0,270.25,739.75,
2024-09-07 15:00:00,8.75,45.5,6.68,2.58,6.82,16.58,4.78,0.6,14.88,,,,,,,,60.75,1.02,151.75,0.0,0.0,214.25,739.0,
2024-09-07 16:00:00,8.5,44.25,5.95,2.35,6.1,16.62,4.65,0.57,14.7,,,,,,,,62.75,0.42,134.0,0.0,0.0,102.25,739.0,
2024-09-07 17:00:00,11.25,45.75,5.75,3.08,6.32,15.1,3.9,0.56,14.9,,,,,,,,64.5,0.32,216.75,0.0,0.0,45.0,739.0,
2024-09-07 18:00:00,18.0,67.5,5.8,8.05,9.02,14.28,3.92,0.63,15.39,,,,,,,,67.25,0.3,283.75,0.0,0.0,16.0,739.75,
2024-09-07 19:00:00,28.5,130.25,5.85,8.18,9.07,15.42,3.32,0.72,14.92,,,,,,,,69.25,0.3,229.5,0.0,0.0,15.0,740.25,
2024-09-07 20:00:00,32.5,129.5,5.8,5.2,7.48,16.92,4.15,0.8,14.44,,,,,,,,73.5,0.45,258.25,0.0,0.0,15.5,741.0,
2024-09-07 21:00:00,27.75,74.5,6.5,2.72,6.72,17.27,4.95,0.77,14.68,,,,,,,,75.0,0.32,261.5,0.0,0.0,15.75,741.0,
2024-09-07 22:00:00,16.75,31.25,6.25,3.92,7.15,18.02,4.2,0.74,15.22,,,,,,,,74.5,0.3,277.75,0.0,0.0,15.5,741.0,
2024-09-07 23:00:00,14.0,33.75,5.03,5.42,6.98,17.6,4.55,0.71,15.86,,,,,,,,75.5,0.32,244.75,0.0,0.0,15.5,741.0,
2024-09-08 00:00:00,15.25,37.75,6.8,3.15,7.22,16.02,4.32,0.64,15.52,,,,,,,,76.5,0.32,230.5,0.0,0.0,14.75,741.0,
2024-09-08 01:00:00,10.75,35.25,6.75,5.52,8.43,14.2,3.72,0.63,15.08,,,,,,,,77.5,0.3,274.0,0.0,0.0,15.0,740.0,
2024-09-08 02:00:00,13.75,40.5,6.55,4.03,7.45,13.28,3.52,0.62,15.65,,,,,,,,77.5,0.3,272.25,0.0,0.0,15.25,740.0,
2024-09-08 03:00:00,14.0,42.0,6.55,3.78,7.35,13.15,2.75,0.61,15.84,,,,,,,,79.5,0.3,271.0,0.0,0.0,15.75,740.0,
2024-09-08 04:00:00,10.75,30.75,7.08,2.68,7.2,15.75,5.15,0.68,15.87,,,,,,,,80.5,0.38,274.5,0.0,0.0,15.75,740.0,
2024-09-08 05:00:00,20.5,29.25,6.08,4.82,7.52,16.2,6.85,0.71,16.59,,,,,,,,78.25,0.3,265.5,0.0,0.0,15.75,740.0,
2024-09-08 06:00:00,24.25,49.0,7.25,4.32,8.18,16.65,4.8,0.66,16.54,,,,,,,,77.75,0.3,265.75,0.0,0.0,23.75,741.0,
2024-09-08 07:00:00,21.75,58.25,8.62,3.95,9.15,17.82,3.97,0.66,16.88,,,,,,,,74.25,0.5,265.75,0.0,0.0,74.25,741.0,
2024-09-08 08:00:00,17.5,49.0,9.05,3.6,9.28,16.1,5.5,0.64,16.9,,,,,,,,70.5,0.8,247.0,0.0,0.0,99.5,741.0,
2024-09-08 09:00:00,8.25,48.0,9.0,5.22,10.07,13.52,4.85,0.61,16.23,,,,,,,,68.75,0.68,243.25,0.0,0.0,110.5,741.5,
2024-09-08 10:00:00,11.25,53.0,8.55,4.9,9.55,12.75,3.82,0.58,14.94,,,,,,,,68.5,0.52,261.0,0.0,0.0,96.5,741.25,
2024-09-08 11:00:00,10.0,49.5,7.25,4.82,8.48,12.65,3.55,0.58,15.08,,,,,,,,67.75,0.4,254.0,0.0,0.0,154.0,741.0,
2024-09-08 12:00:00,12.5,50.0,7.18,4.92,8.48,14.15,6.12,0.58,14.05,,,,,,,,66.25,0.5,246.25,0.0,0.0,190.0,741.0,
2024-09-08 13:00:00,12.75,53.25,5.4,4.68,6.85,14.68,7.2,0.62,13.22,,,,,,,,65.25,0.45,260.5,0.0,0.0,167.5,740.5,
2024-09-08 14:00:00,17.5,48.75,5.68,4.58,7.02,15.65,3.78,0.64,13.31,,,,,,,,66.75,0.3,273.0,0.0,0.0,115.75,740.0,
2024-09-08 15:00:00,15.75,64.0,3.8,5.1,5.8,16.18,2.65,0.64,13.47,,,,,,,,67.75,0.3,210.0,0.0,0.0,68.25,739.75,
2024-09-08 16:00:00,15.0,76.0,5.45,4.22,6.7,16.95,1.65,0.68,13.98,,,,,,,,67.75,0.3,171.5,0.0,0.0,70.0,739.0,
2024-09-08 17:00:00,53.0,115.0,5.18,5.88,7.32,15.72,1.0,0.72,13.25,,,,,,,,67.75,0.3,298.75,0.0,0.0,40.5,739.0,
2024-09-08 18:00:00,50.75,123.5,5.3,7.65,8.35,14.7,4.45,0.78,14.72,,,,,,,,71.75,0.3,266.5,0.0,0.0,16.75,739.5,
2024-09-08 19:00:00,39.0,129.75,4.42,5.1,6.3,15.82,6.22,0.79,11.56,,,,,,,,78.75,0.38,221.25,0.0,0.0,15.5,740.0,
2024-09-08 20:00:00,28.75,78.5,3.65,5.28,5.8,17.82,5.62,0.8,8.75,,,,,,,,80.0,0.35,223.5,0.0,0.0,15.75,740.0,
2024-09-08 21:00:00,43.25,92.5,4.32,5.68,6.55,19.08,6.48,0.84,11.43,,,,,,,,79.5,0.3,257.5,0.0,0.0,15.75,740.0,
2024-09-08 22:00:00,38.5,68.5,4.3,3.05,5.1,19.4,4.8,0.82,12.81,,,,,,,,79.25,0.3,267.0,0.0,0.0,15.5,740.0,
2024-09-08 23:00:00,26.75,48.0,4.7,4.55,6.25,18.75,4.03,0.8,13.28,,,,,,,,79.75,0.3,278.0,0.0,0.0,15.0,740.0,
2024-09-09 00:00:00,41.0,54.0,5.25,4.22,6.48,18.25,3.68,0.76,15.18,,,,,,,,80.25,0.3,280.75,0.0,0.0,14.25,740.0,
2024-09-09 01:00:00,20.0,46.0,4.9,4.02,6.1,15.85,1.95,0.71,15.26,,,,,,,,76.25,0.55,257.25,0.0,0.0,15.5,740.0,
2024-09-09 02:00:00,17.75,45.5,5.45,2.45,5.75,14.3,3.45,0.66,15.24,,,,,,,,72.25,0.68,255.5,0.0,0.0,15.75,739.0,
2024-09-09 03:00:00,11.5,38.5,4.78,3.2,5.58,13.88,3.42,0.63,15.44,,,,,,,,73.75,0.35,281.0,0.0,0.0,15.75,739.0,
2024-09-09 04:00:00,11.5,23.0,5.32,4.28,6.62,15.1,5.03,0.61,16.26,,,,,,,,75.25,0.3,285.0,0.0,0.0,16.25,739.0,
2024-09-09 05:00:00,11.75,33.0,5.03,3.95,6.2,17.0,6.62,0.66,16.58,,,,,,,,77.25,0.3,277.25,0.0,0.0,15.75,739.0,
2024-09-09 06:00:00,32.0,64.0,7.12,3.85,7.85,17.12,4.1,0.78,16.11,,,,,,,,76.0,0.3,278.25,0.0,0.0,24.25,739.0,
2024-09-09 07:00:00,43.0,92.25,8.18,3.85,8.7,17.55,4.05,0.78,16.38,,,,,,,,74.5,0.38,275.5,0.0,0.0,68.75,740.0,
2024-09-09 08:00:00,20.0,78.75,9.32,3.28,9.33,16.7,1.9,0.73,16.67,,,,,,,,71.75,0.45,272.75,0.0,0.0,111.25,740.0,
2024-09-09 09:00:00,13.5,57.5,9.55,2.7,9.2,13.98,0.57,0.71,16.27,,,,,,,,70.75,0.52,275.75,0.0,0.0,133.0,740.0,
2024-09-09 10:00:00,13.5,76.0,8.07,4.65,9.05,13.1,4.32,0.65,15.07,,,,,,,,68.0,0.48,271.25,0.0,0.0,186.75,740.0,
2024-09-09 11:00:00,18.25,148.75,7.1,5.18,8.57,12.88,6.32,0.62,14.84,,,,,,,,65.75,0.57,269.5,0.0,0.0,215.5,740.0,
2024-09-09 12:00:00,16.5,240.25,4.2,5.68,6.48,13.78,6.55,0.58,13.21,,,,,,,,64.0,0.68,257.5,0.0,0.0,191.5,740.0,
2024-09-09 13:00:00,8.25,69.25,2.72,4.78,4.72,22.45,7.18,0.62,20.62,,,,,,,,62.75,0.65,264.75,0.0,0.0,215.25,739.0,
2024-09-09 14:00:00,6.5,50.0,4.7,4.35,6.18,23.42,4.38,0.66,23.01,,,,,,,,61.75,0.62,275.5,0.0,0.0,255.0,739.0,
2024-09-09 15:00:00,8.25,55.5,4.28,4.35,5.82,15.92,1.55,0.58,12.68,,,,,,,,61.5,0.6,263.5,0.0,0.0,193.0,738.25,
2024-09-09 16:00:00,9.5,67.75,4.12,4.1,5.58,15.65,3.8,0.6,12.3,,,,,,,,61.5,0.32,273.5,0.0,0.0,110.25,738.0,
2024-09-09 17:00:00,13.5,89.5,4.32,6.82,7.15,15.58,5.35,0.64,13.1,,,,,,,,62.75,0.3,240.0,0.0,0.0,58.75,738.0,
2024-09-09 18:00:00,22.0,104.25,3.28,5.75,5.72,14.0,3.6,0.65,11.6,,,,,,,,73.75,0.42,212.0,0.0,0.0,16.75,738.0,
2024-09-09 19:00:00,23.75,76.25,3.65,4.5,5.35,12.75,1.85,0.67,11.01,,,,,,,,78.25,0.48,228.75,0.0,0.0,15.75,738.5,
2024-09-09 20:00:00,17.25,55.25,3.8,4.32,5.4,12.18,2.25,0.71,12.4,,,,,,,,78.5,0.42,260.5,0.0,0.0,15.5,739.0,
2024-09-09 21:00:00,9.5,34.25,5.15,3.32,5.92,13.1,2.12,0.69,12.33,,,,,,,,79.25,0.3,259.25,0.0,0.0,15.5,739.0,
2024-09-09 22:00:00,11.75,33.25,5.35,3.95,6.42,15.5,5.68,0.78,13.56,,,,,,,,80.5,0.32,248.5,0.0,0.0,15.5,739.0,
2024-09-09 23:00:00,14.0,33.25,5.28,2.78,5.75,15.88,7.02,0.76,14.78,,,,,,,,82.0,0.38,269.0,0.0,0.0,15.5,739.0,
2024-09-10 00:00:00,,25.0,5.58,3.58,6.42,16.47,4.57,0.68,14.86,,,,,,,,82.75,0.32,274.25,0.0,0.0,14.75,739.0,
2024-09-10 01:00:00,,36.5,5.62,4.78,7.1,16.95,3.4,0.68,16.07,,,,,,,,82.25,0.3,283.0,0.0,0.0,14.5,738.5,
2024-09-10 02:00:00,,47.25,8.57,6.98,10.65,14.2,2.68,0.63,17.09,,,,,,,,80.75,0.3,280.0,0.0,0.0,14.0,738.0,
2024-09-10 03:00:00,,57.75,10.65,6.52,12.1,13.38,2.0,0.6,16.7,,,,,,,,76.75,0.3,242.5,0.0,0.0,14.0,738.0,
2024-09-10 04:00:00,,60.75,11.65,6.08,12.68,12.8,5.6,0.62,15.98,,,,,,,,75.0,0.3,288.5,0.0,0.0,14.0,738.75,
2024-09-10 05:00:00,,57.25,12.28,4.97,12.62,12.45,6.2,0.6,16.48,,,,,,,,74.0,0.3,285.5,0.0,0.0,15.0,739.0,
2024-09-10 06:00:00,,46.5,11.5,5.6,12.35,15.4,5.28,0.7,16.18,,,,,,,,72.5,0.3,277.25,0.0,0.0,43.75,739.25,
2024-09-10 07:00:00,,67.25,12.55,5.0,12.85,16.88,5.12,0.72,16.18,,,,,,,,69.25,0.3,280.75,0.0,0.0,143.0,740.25,
2024-09-10 08:00:00,,73.5,11.65,4.78,11.98,16.7,5.78,0.7,16.22,,,,,,,,65.5,0.52,277.0,0.0,0.0,250.75,741.0,
2024-09-10 09:00:00,,83.25,10.12,3.68,10.2,17.08,6.05,0.69,16.01,,,,,,,,62.0,1.08,283.75,0.0,0.0,340.5,741.0,
2024-09-10 10:00:00,,96.25,9.35,2.98,9.2,14.08,4.18,0.6,15.78,,,,,,,,59.25,1.55,266.5,0.0,0.0,408.0,740.5,
2024-09-10 11:00:00,,109.75,6.18,4.47,7.42,13.45,2.92,0.54,15.13,,,,,,,,57.25,2.33,264.75,0.0,0.0,439.5,740.0,
2024-09-10 12:00:00,,86.0,3.18,4.85,5.18,12.72,2.17,0.52,14.95,,,,,,,,56.25,2.25,262.5,0.0,0.0,442.25,739.25,
2024-09-10 13:00:00,,62.25,2.48,4.42,4.32,12.2,2.17,0.5,12.3,,,,,,,,56.25,2.28,277.25,0.0,0.0,349.75,738.5,
2024-09-10 14:00:00,,61.0,2.48,4.42,4.38,14.5,3.95,0.61,12.02,,,,,,,,56.75,2.02,263.25,0.0,0.0,232.5,738.0,
2024-09-10 15:00:00,30.0,58.25,2.62,2.98,3.7,15.15,5.05,0.62,13.92,,,,,,,,55.75,2.3,276.75,0.0,0.0,236.5,737.25,
2024-09-10 16:00:00,37.5,74.75,3.85,3.78,5.15,15.88,4.35,0.5,13.66,,,,,,,,55.0,2.1,272.75,0.0,0.0,156.5,737.0,
2024-09-10 17:00:00,49.75,98.75,3.5,5.72,5.9,20.08,3.78,0.55,14.4,,,,,,,,56.75,1.42,274.0,0.0,0.0,55.75,737.75,
2024-09-10 18:00:00,53.0,106.0,2.85,8.18,6.68,17.85,3.35,0.66,12.92,,,,,,,,70.25,1.08,229.0,0.0,0.0,17.0,738.0,
2024-09-10 19:00:00,47.5,95.0,4.32,7.5,7.5,15.98,1.95,0.72,12.83,,,,,,,,73.0,0.38,224.0,0.0,0.0,15.0,738.5,
2024-09-10 20:00:00,48.25,96.5,4.12,5.9,6.5,15.25,3.08,0.74,13.52,,,,,,,,74.5,0.38,237.25,0.0,0.0,15.0,739.25,
2024-09-10 21:00:00,43.5,86.75,4.75,3.18,5.52,15.5,3.48,0.73,12.61,,,,,,,,77.5,0.38,257.25,0.0,0.0,15.0,740.0,
2024-09-10 22:00:00,33.25,65.75,5.82,4.3,7.02,16.8,4.32,0.71,13.21,,,,,,,,79.75,0.3,258.5,0.0,0.0,15.5,740.0,
2024-09-10 23:00:00,25.0,49.75,5.32,3.18,6.02,18.02,4.95,0.7,14.51,,,,,,,,79.25,0.3,271.75,0.0,0.0,15.5,740.0,
2024-09-11 00:00:00,23.0,45.0,4.7,2.6,5.25,19.52,3.85,0.68,15.24,,,,,,,,78.0,0.4,281.25,0.0,0.0,15.75,740.0,
2024-09-11 01:00:00,21.25,41.75,6.5,3.02,6.88,20.1,3.72,0.66,15.18,,,,,,,,77.25,0.3,264.25,0.0,0.0,15.75,739.75,
2024-09-11 02:00:00,35.5,70.75,7.7,6.55,9.72,20.25,3.4,0.62,16.4,,,,,,,,70.0,0.35,276.5,0.0,0.0,15.0,739.25,
2024-09-11 03:00:00,44.5,88.25,9.15,5.55,10.4,17.18,2.05,0.6,15.98,,,,,,,,67.75,0.32,268.5,0.0,0.0,15.75,739.25,
2024-09-11 04:00:00,50.75,101.25,8.62,4.4,9.35,15.58,2.12,0.58,15.17,,,,,,,,67.5,0.43,255.0,0.0,0.0,15.75,739.5,
2024-09-11 05:00:00,26.75,52.5,9.15,2.42,8.7,15.4,2.0,0.57,15.43,,,,,,,,68.5,0.38,249.75,0.0,0.0,16.0,740.0,
2024-09-11 06:00:00,22.5,44.0,8.22,3.65,8.62,16.1,1.78,0.55,14.89,,,,,,,,68.25,0.6,248.25,0.0,0.0,32.75,740.25,
2024-09-11 07:00:00,30.25,59.5,7.65,3.95,8.3,18.23,4.0,0.58,15.32,,,,,,,,67.25,0.52,252.25,0.0,0.0,76.75,741.0,
2024-09-11 08:00:00,33.0,65.25,7.98,4.5,8.9,18.92,3.88,0.63,15.82,,,,,,,,66.0,0.52,243.0,0.0,0.0,148.25,741.0,
2024-09-11 09:00:00,41.75,83.25,7.75,4.9,8.9,18.88,4.78,0.64,15.01,,,,,,,,64.5,0.57,254.5,0.0,0.0,177.0,741.0,
2024-09-11 10:00:00,47.5,94.0,5.9,5.6,7.8,18.08,3.9,0.62,14.62,,,,,,,,62.75,0.52,258.75,0.0,0.0,233.5,741.0,
2024-09-11 11:00:00,39.25,77.75,6.35,4.48,7.55,15.52,2.35,0.6,13.1,,,,,,,,60.75,0.55,250.25,0.0,0.0,210.25,741.0,
2024-09-11 12:00:00,37.75,75.25,4.55,4.92,6.3,14.4,4.72,0.56,12.12,,,,,,,,60.5,0.48,260.25,0.0,0.0,211.25,740.75,
2024-09-11 13:00:00,39.25,77.75,3.8,5.1,5.8,13.78,5.3,0.56,10.4,,,,,,,,61.25,0.38,272.75,0.0,0.0,225.5,740.0,
2024-09-11 14:00:00,42.5,85.0,3.28,3.5,4.53,15.1,3.45,0.56,10.48,,,,,,,,58.75,0.5,277.0,0.0,0.0,305.5,740.0,
2024-09-11 15:00:00,59.0,116.0,3.2,4.42,4.95,14.95,3.88,0.56,10.69,,,,,,,,64.25,1.62,223.25,0.0,0.0,236.0,739.5,
2024-09-11 16:00:00,18.0,105.5,2.42,5.8,5.05,15.85,3.85,0.6,10.21,,,,,,,,71.0,0.92,221.5,0.0,0.0,67.75,739.0,
2024-09-11 17:00:00,20.5,95.0,3.02,7.05,6.2,17.6,3.98,0.65,10.47,,,,,,,,72.25,0.52,223.25,0.0,0.0,41.5,739.25,
2024-09-11 18:00:00,31.25,104.25,2.78,6.3,5.62,18.85,4.35,0.69,10.35,,,,,,,,74.75,0.45,224.0,0.0,0.0,16.5,740.0,
2024-09-11 19:00:00,35.0,97.75,2.85,4.18,4.53,15.65,2.98,0.7,9.83,,,,,,,,76.75,0.57,228.25,0.0,0.0,14.0,740.0,
2024-09-11 20:00:00,13.75,72.5,3.75,4.47,5.42,14.82,3.82,0.68,11.97,,,,,,,,78.75,0.78,226.25,0.0,0.0,13.75,741.0,
2024-09-11 21:00:00,5.5,61.5,5.15,4.08,6.35,15.32,3.95,0.69,13.06,,,,,,,,80.0,0.57,232.0,0.0,0.0,13.75,741.0,
2024-09-11 22:00:00,10.25,56.25,4.3,4.47,5.85,16.5,4.82,0.67,13.85,,,,,,,,80.0,0.52,235.0,0.0,0.0,14.25,741.0,
2024-09-11 23:00:00,10.0,43.75,3.47,4.08,5.0,17.27,6.0,0.66,14.83,,,,,,,,80.75,0.5,250.25,0.0,0.0,14.75,741.0,
2024-09-12 00:00:00,6.75,39.75,5.98,2.4,6.12,17.6,5.32,0.64,15.4,,,,,,,,82.5,0.35,281.75,0.0,0.0,14.5,740.75,
2024-09-12 01:00:00,6.5,41.5,6.52,3.45,7.15,18.58,5.45,0.64,16.17,,,,,,,,84.0,0.3,290.75,0.0,0.0,14.5,740.25,
2024-09-12 02:00:00,7.5,45.0,6.05,4.55,7.3,18.62,2.9,0.63,17.27,,,,,,,,83.75,0.35,284.0,0.0,0.0,14.0,740.0,
2024-09-12 03:00:00,7.25,38.25,8.2,4.18,8.9,15.58,0.68,0.62,16.22,,,,,,,,79.5,0.3,285.25,0.0,0.0,13.5,740.0,
2024-09-12 04:00:00,12.5,55.25,8.57,6.2,10.27,14.9,1.33,0.58,15.29,,,,,,,,77.0,0.42,283.0,0.0,0.0,13.75,740.5,
2024-09-12 05:00:00,16.5,62.5,9.88,6.2,11.35,13.92,1.45,0.57,15.92,,,,,,,,72.25,0.4,280.75,0.0,0.0,14.25,741.0,
2024-09-12 06:00:00,17.0,73.25,11.15,5.58,12.0,15.05,3.15,0.6,15.9,,,,,,,,71.25,0.4,283.0,0.0,0.0,47.0,741.0,
2024-09-12 07:00:00,21.75,79.0,10.42,4.9,11.12,16.45,4.7,0.63,15.21,,,,,,,,66.5,0.7,252.5,0.0,0.0,138.25,741.75,
2024-09-12 08:00:00,15.75,105.0,10.68,4.22,10.92,16.88,1.6,0.64,15.55,,,,,,,,63.25,1.23,247.0,0.0,0.0,250.0,742.0,
2024-09-12 09:00:00,8.75,131.0,8.45,2.75,8.38,16.5,,0.62,14.42,,,,,,,,60.75,1.7,248.25,0.0,0.0,340.75,742.25,
2024-09-12 10:00:00,8.75,100.25,6.4,2.6,6.62,16.0,1.55,0.6,14.23,,,,,,,,58.75,1.12,241.5,0.0,0.0,403.75,742.0,
2024-09-12 11:00:00,11.0,77.0,4.45,4.3,5.88,13.18,1.72,0.56,12.88,,,,,,,,57.75,1.1,245.25,0.0,0.0,437.5,741.75,
2024-09-12 12:00:00,11.75,92.0,3.72,5.38,5.88,12.4,3.55,0.57,11.0,,,,,,,,57.0,1.38,250.25,0.0,0.0,438.25,741.0,
2024-09-12 13:00:00,14.5,80.75,3.3,5.72,5.78,13.1,5.7,0.56,8.09,,,,,,,,56.25,1.2,255.0,0.0,0.0,410.5,741.0,
2024-09-12 14:00:00,15.25,71.75,3.22,4.08,4.8,12.4,5.0,0.52,9.25,,,,,,,,54.5,0.85,241.0,0.0,0.0,313.0,740.0,
2024-09-12 15:00:00,12.0,68.5,2.2,5.3,4.58,11.62,4.82,0.51,9.88,,,,,,,,55.0,0.62,254.75,0.0,0.0,147.75,740.0,
2024-09-12 16:00:00,10.0,79.0,2.7,5.2,4.97,11.88,3.75,0.58,7.54,,,,,,,,69.5,0.9,211.25,0.0,0.0,52.5,740.0,
2024-09-12 17:00:00,15.5,75.5,3.4,5.75,5.8,12.82,3.4,0.63,7.01,,,,,,,,76.75,0.78,213.25,0.0,0.0,35.0,740.0,
2024-09-12 18:00:00,22.0,64.5,2.38,6.42,5.35,17.12,3.78,0.7,6.82,,,,,,,,76.5,0.68,213.5,0.0,0.0,15.5,740.5,
2024-09-12 19:00:00,23.0,67.75,3.35,4.42,5.08,15.52,2.98,0.73,9.33,,,,,,,,78.0,0.48,214.75,0.0,0.0,14.5,741.0,
2024-09-12 20:00:00,33.75,79.0,3.6,5.3,5.75,14.32,2.98,0.73,8.62,,,,,,,,79.25,0.68,221.0,0.0,0.0,15.0,741.0,
2024-09-12 21:00:00,28.25,72.75,3.68,4.68,5.5,14.58,2.55,0.74,9.57,,,,,,,,78.5,0.45,223.75,0.0,0.0,14.75,741.0,
2024-09-12 22:00:00,21.25,75.5,4.2,4.68,5.9,14.98,4.95,0.7,9.26,,,,,,,,78.0,0.52,226.25,0.0,0.0,14.5,741.0,
2024-09-12 23:00:00,15.25,54.0,4.95,2.15,5.18,16.4,5.62,0.7,10.9,,,,,,,,79.5,0.52,222.75,0.0,0.0,15.0,741.0,
2024-09-13 00:00:00,12.25,40.0,4.6,5.65,6.7,16.6,4.6,0.7,13.73,,,,,,,,80.0,0.3,225.0,0.0,0.0,15.5,740.75,
2024-09-13 01:00:00,10.0,41.0,4.38,4.7,6.08,17.15,4.32,0.68,13.99,,,,,,,,79.25,0.32,255.25,0.0,0.0,15.5,740.0,
2024-09-13 02:00:00,11.25,33.0,4.85,2.58,5.35,18.02,4.78,0.64,14.34,,,,,,,,80.25,0.4,259.5,0.0,0.0,15.0,740.0,
2024-09-13 03:00:00,13.25,28.75,6.05,2.6,6.3,15.45,4.2,0.62,14.47,,,,,,,,82.0,0.5,278.75,0.0,0.0,14.5,740.0,
2024-09-13 04:00:00,8.75,34.0,5.38,2.3,5.58,15.42,4.1,0.58,14.76,,,,,,,,81.25,0.75,286.5,0.0,0.0,14.5,740.0,
2024-09-13 05:00:00,11.0,32.5,5.78,2.45,6.0,14.78,3.32,0.58,14.84,,,,,,,,82.25,0.75,281.25,0.0,0.0,14.5,740.25,
2024-09-13 06:00:00,15.5,38.75,6.52,4.75,7.82,14.95,4.95,0.65,14.56,,,,,,,,82.25,0.4,275.25,0.0,0.0,37.5,741.0,
2024-09-13 07:00:00,32.5,90.75,8.12,5.25,9.4,17.5,5.7,0.73,15.63,,,,,,,,78.5,0.38,276.0,0.0,0.0,88.5,741.25,
2024-09-13 08:00:00,37.25,134.5,9.05,5.08,10.07,17.15,5.78,0.7,15.69,,,,,,,,68.0,0.65,257.0,0.0,0.0,158.0,742.0,
2024-09-13 09:00:00,19.5,87.0,7.62,5.32,9.05,16.65,6.18,0.69,14.08,,,,,,,,61.5,0.9,240.0,0.0,0.0,311.5,742.0,
2024-09-13 10:00:00,16.25,78.0,6.2,5.1,7.78,15.28,3.52,0.66,14.36,,,,,,,,56.5,1.15,212.75,0.0,0.0,360.5,742.0,
2024-09-13 11:00:00,11.5,61.25,5.9,3.3,6.52,13.25,2.12,0.63,13.53,,,,,,,,55.75,1.3,160.0,0.0,0.0,426.75,741.5,
2024-09-13 12:00:00,13.0,71.0,3.97,4.42,5.6,12.02,3.0,0.56,11.17,,,,,,,,55.25,1.5,141.5,0.0,0.0,435.0,741.0,
2024-09-13 13:00:00,12.5,83.25,2.15,4.55,4.18,11.55,3.75,0.52,10.22,,,,,,,,53.5,0.98,208.25,0.0,0.0,402.75,740.5,
2024-09-13 14:00:00,10.75,71.5,2.55,3.95,4.18,13.3,5.0,0.56,6.21,,,,,,,,59.0,1.15,160.25,0.0,0.0,358.75,740.0,
2024-09-13 15:00:00,13.0,87.0,3.28,3.08,4.32,11.28,5.0,0.56,9.94,,,,,,,,61.5,0.95,188.75,0.0,0.0,229.5,740.0,
2024-09-13 16:00:00,21.5,82.5,3.75,3.5,4.88,11.32,3.48,0.59,9.06,,,,,,,,66.5,0.62,182.25,0.0,0.0,114.0,739.0,
2024-09-13 17:00:00,19.25,77.0,2.9,3.8,4.42,12.22,3.28,0.6,9.49,,,,,,,,69.5,0.45,183.5,0.0,0.0,45.5,739.0,
2024-09-13 18:00:00,17.0,72.0,3.1,3.48,4.35,13.25,5.05,0.64,9.52,,,,,,,,73.25,0.55,207.5,0.0,0.0,17.25,740.0,
2024-09-13 19:00:00,18.0,65.25,3.78,3.4,4.88,12.7,5.18,0.67,10.14,,,,,,,,74.5,0.48,211.0,0.0,0.0,15.5,740.0,
2024-09-13 20:00:00,21.0,68.25,4.25,3.85,5.5,12.35,4.9,0.66,10.27,,,,,,,,75.75,0.4,214.25,0.0,0.0,15.25,740.75,
2024-09-13 21:00:00,21.5,82.0,4.58,4.0,5.82,12.2,4.45,0.67,9.74,,,,,,,,75.5,0.5,221.25,0.0,0.0,15.25,741.0,
2024-09-13 22:00:00,23.25,76.5,4.62,3.8,5.78,12.72,4.22,0.7,6.27,,,,,,,,78.0,0.52,226.25,0.0,0.0,15.5,741.0,
2024-09-13 23:00:00,22.75,73.5,4.1,4.62,5.75,14.32,4.32,0.7,7.29,,,,,,,,78.5,0.8,230.25,0.0,0.0,15.5,741.0,
2024-09-14 00:00:00,19.5,57.0,4.68,2.85,5.32,15.0,2.62,0.68,6.77,,,,,,,,78.25,0.6,229.5,0.0,0.0,15.5,740.5,
2024-09-14 01:00:00,18.0,47.0,3.73,3.12,4.68,15.12,2.22,0.65,10.0,,,,,,,,78.5,0.55,229.25,0.0,0.0,15.5,740.0,
2024-09-14 02:00:00,8.5,43.75,4.3,2.42,4.8,15.95,3.88,0.65,11.95,,,,,,,,78.75,0.52,239.25,0.0,0.0,15.0,740.0,
2024-09-14 03:00:00,6.75,42.75,5.2,2.4,5.52,13.98,4.4,0.64,12.8,,,,,,,,79.75,0.38,258.5,0.0,0.0,14.0,740.0,
2024-09-14 04:00:00,7.25,42.0,5.45,1.92,5.48,13.55,4.22,0.6,13.62,,,,,,,,81.25,0.35,270.5,0.0,0.0,13.75,740.0,
2024-09-14 05:00:00,10.5,40.75,4.62,2.33,4.95,13.12,4.6,0.59,13.83,,,,,,,,82.0,0.3,288.25,0.0,0.0,13.5,740.0,
2024-09-14 06:00:00,15.75,48.75,6.58,4.2,7.57,13.75,4.3,0.64,14.78,,,,,,,,81.5,0.3,282.75,0.0,0.0,35.25,740.25,
2024-09-14 07:00:00,35.0,81.5,6.85,5.72,8.62,15.12,4.55,0.67,15.46,,,,,,,,77.5,0.45,269.25,0.0,0.0,104.75,741.0,
2024-09-14 08:00:00,30.5,75.75,7.72,3.82,8.32,15.0,1.92,0.68,14.03,,,,,,,,68.25,0.62,221.0,0.0,0.0,197.75,741.25,
2024-09-14 09:00:00,22.0,77.5,5.42,2.72,5.88,15.12,1.2,0.65,13.87,,,,,,,,61.0,0.95,184.25,0.0,0.0,332.25,741.0,
2024-09-14 10:00:00,10.75,72.0,5.8,3.62,6.65,14.35,2.12,0.62,13.28,,,,,,,,58.75,1.15,216.25,0.0,0.0,402.75,741.0,
2024-09-14 11:00:00,13.25,82.75,4.68,3.03,5.38,12.75,2.58,0.6,12.37,,,,,,,,57.0,1.3,210.5,0.0,0.0,423.0,741.0,
2024-09-14 12:00:00,12.75,62.5,4.65,2.4,5.05,10.75,5.7,0.55,12.03,,,,,,,,55.0,1.82,158.25,0.0,0.0,429.25,740.25,
2024-09-14 13:00:00,9.25,40.5,3.82,1.72,4.03,10.75,7.42,0.55,12.73,,,,,,,,53.5,1.42,187.75,0.0,0.0,372.75,740.0,
2024-09-14 14:00:00,9.75,49.0,3.18,3.3,4.32,10.35,5.5,0.56,10.45,,,,,,,,55.0,0.98,204.25,0.0,0.0,280.5,739.0,
2024-09-14 15:00:00,11.75,72.75,2.4,3.68,3.92,11.58,5.72,0.6,6.09,,,,,,,,61.0,1.02,183.0,0.0,0.0,162.25,739.0,
2024-09-14 16:00:00,19.25,78.25,2.35,4.3,4.22,11.32,5.32,0.62,5.0,,,,,,,,63.75,1.35,192.25,0.0,0.0,132.5,739.0,
2024-09-14 17:00:00,17.75,73.0,3.05,4.0,4.62,11.4,4.68,0.63,3.32,,,,,,,,69.5,1.02,205.75,0.0,0.0,41.5,739.0,
2024-09-14 18:00:00,18.0,78.5,3.5,3.88,4.9,12.55,5.65,0.64,6.59,,,,,,,,72.5,0.4,202.75,0.0,0.0,17.0,739.75,
2024-09-14 19:00:00,14.25,66.25,4.03,3.45,5.1,11.98,6.02,0.68,6.3,,,,,,,,72.5,0.4,203.5,0.0,0.0,15.25,740.0,
2024-09-14 20:00:00,19.75,60.75,3.7,3.52,4.85,11.52,3.18,0.65,6.4,,,,,,,,73.75,0.38,193.75,0.0,0.0,14.5,741.0,
2024-09-14 21:00:00,16.5,60.0,4.5,3.92,5.78,11.18,1.98,0.65,7.54,,,,,,,,75.75,0.35,212.75,0.0,0.0,14.25,741.0,
2024-09-14 22:00:00,16.0,59.0,3.65,4.0,5.1,11.48,2.68,0.67,7.38,,,,,,,,78.0,0.8,222.0,0.0,0.0,14.25,741.0,
2024-09-14 23:00:00,10.5,55.25,3.47,3.42,4.65,13.15,4.38,0.67,5.63,,,,,,,,79.5,0.78,221.5,0.0,0.0,14.5,740.75,
2024-09-15 00:00:00,13.0,51.75,2.92,2.97,4.0,13.98,4.05,0.68,5.68,,,,,,,,80.0,0.68,217.25,0.0,0.0,15.0,740.0,
2024-09-15 01:00:00,17.0,48.5,4.25,2.72,4.88,14.35,4.0,0.66,7.74,,,,,,,,81.0,0.62,217.0,0.0,0.0,15.5,739.75,
2024-09-15 02:00:00,18.0,45.5,4.95,1.95,5.05,15.35,3.75,0.65,10.87,,,,,,,,82.5,0.45,217.75,0.0,0.0,15.25,739.0,
2024-09-15 03:00:00,10.75,37.75,5.48,4.05,6.6,13.7,3.02,0.65,14.26,,,,,,,,83.25,0.3,283.75,0.0,0.0,14.5,739.0,
2024-09-15 04:00:00,9.75,54.75,5.62,3.75,6.58,12.75,2.5,0.63,12.77,,,,,,,,83.0,0.3,286.25,0.0,0.0,14.5,739.5,
2024-09-15 05:00:00,20.25,57.25,5.58,6.9,8.2,12.75,2.17,0.64,14.8,,,,,,,,83.5,0.3,282.5,0.0,0.0,14.75,740.0,
2024-09-15 06:00:00,29.0,72.75,5.85,6.98,8.43,12.75,2.3,0.66,14.31,,,,,,,,77.0,0.38,277.0,0.0,0.0,32.5,740.25,
2024-09-15 07:00:00,32.75,90.75,6.88,4.68,8.12,13.68,3.2,0.65,14.7,,,,,,,,69.0,0.8,261.75,0.0,0.0,111.25,741.0,
2024-09-15 08:00:00,25.25,93.5,5.2,5.08,6.95,13.65,4.0,0.7,13.42,,,,,,,,64.0,0.68,255.25,0.0,0.0,204.0,741.0,
2024-09-15 09:00:00,20.5,92.0,4.28,3.2,5.18,13.7,4.6,0.68,13.25,,,,,,,,60.25,0.92,199.5,0.0,0.0,325.0,741.0,
2024-09-15 10:00:00,12.25,78.75,3.62,4.25,5.2,12.85,2.48,0.64,12.16,,,,,,,,58.25,1.45,201.5,0.0,0.0,396.0,741.0,
2024-09-15 11:00:00,10.0,69.25,3.2,2.4,3.88,12.42,1.45,0.63,12.2,,,,,,,,56.5,1.55,164.0,0.0,0.0,432.25,741.0,
2024-09-15 12:00:00,10.0,72.75,3.5,3.1,4.47,10.55,2.45,0.56,11.25,,,,,,,,55.0,1.55,172.0,0.0,0.0,411.0,740.5,
2024-09-15 13:00:00,8.75,53.0,3.75,2.88,4.55,10.28,2.52,0.55,12.19,,,,,,,,54.0,1.38,193.75,0.0,0.0,301.75,739.5,
2024-09-15 14:00:00,4.5,48.0,3.68,2.78,4.47,10.38,3.03,0.55,11.07,,,,,,,,54.25,1.2,179.25,0.0,0.0,250.0,739.0,
2024-09-15 15:00:00,9.25,52.25,3.22,3.05,4.25,11.48,4.35,0.57,5.73,,,,,,,,62.5,1.27,195.25,0.0,0.0,161.25,739.0,
2024-09-15 16:00:00,27.75,89.5,4.28,5.1,6.15,11.3,4.4,0.62,6.34,,,,,,,,66.0,1.02,194.0,0.0,0.0,131.0,739.0,
2024-09-15 17:00:00,27.25,100.75,3.55,3.6,4.82,11.6,4.3,0.62,4.9,,,,,,,,69.5,1.12,209.75,0.0,0.0,46.75,739.0,
2024-09-15 18:00:00,29.25,86.0,3.35,4.2,4.95,11.9,3.68,0.63,2.87,,,,,,,,70.5,0.82,218.5,0.0,0.0,17.5,739.0,
2024-09-15 19:00:00,32.5,107.75,3.4,4.3,5.05,12.08,2.78,0.67,5.03,,,,,,,,74.5,0.62,221.5,0.0,0.0,15.5,740.0,
2024-09-15 20:00:00,28.25,77.0,2.98,3.98,4.53,11.72,2.42,0.68,7.28,,,,,,,,76.0,0.6,216.5,0.0,0.0,15.75,740.75,
2024-09-15 21:00:00,18.25,57.75,3.58,3.75,4.92,11.18,1.1,0.68,5.88,,,,,,,,76.5,0.57,226.0,0.0,0.0,15.5,741.0,
2024-09-15 22:00:00,14.75,53.0,4.55,3.05,5.28,11.38,1.95,0.69,5.46,,,,,,,,76.75,0.35,245.25,0.0,0.0,16.0,741.0,
2024-09-15 23:00:00,20.75,48.5,4.32,2.55,4.85,13.1,2.88,0.67,6.92,,,,,,,,75.5,0.3,269.5,0.0,0.0,16.25,741.0,
2024-09-16 00:00:00,20.5,42.5,4.28,1.67,4.38,13.3,3.28,0.66,7.93,,,,,,,,75.75,0.38,259.25,0.0,0.0,16.25,740.5,
2024-09-16 01:00:00,12.25,36.75,4.58,2.7,4.62,14.1,3.25,0.65,9.78,,,,,,,,77.75,0.48,272.5,0.0,0.0,16.5,740.0,
2024-09-16 02:00:00,9.25,29.75,3.9,2.67,4.18,13.98,2.38,0.66,11.84,,,,,,,,78.5,0.32,272.5,0.0,0.0,16.5,739.5,
2024-09-16 03:00:00,8.25,26.0,4.78,2.9,5.45,13.85,2.8,0.66,13.31,,,,,,,,75.75,0.3,279.5,0.0,0.0,15.5,739.0,
2024-09-16 04:00:00,11.75,41.0,4.62,4.22,6.0,12.18,2.65,0.6,13.3,,,,,,,,75.25,0.3,267.25,0.0,0.0,15.5,739.75,
2024-09-16 05:00:00,10.25,40.25,4.42,3.8,5.62,11.92,2.2,0.58,13.07,,,,,,,,68.25,0.4,263.0,0.0,0.0,16.0,740.0,
2024-09-16 06:00:00,9.25,67.75,6.0,4.35,7.2,11.05,3.32,0.6,14.69,,,,,,,,65.25,0.38,265.0,0.0,0.0,37.5,740.5,
2024-09-16 07:00:00,18.25,115.25,9.3,4.28,9.8,13.82,4.12,0.6,14.44,,,,,,,,63.0,0.48,257.0,0.0,0.0,122.5,741.0,
2024-09-16 08:00:00,29.0,201.0,6.68,3.12,7.1,13.2,4.1,0.64,14.01,,,,,,,,59.25,0.8,220.25,0.0,0.0,251.0,741.0,
2024-09-16 09:00:00,13.25,93.75,6.15,4.0,7.12,13.12,4.05,0.63,13.27,,,,,,,,57.75,0.98,178.75,0.0,0.0,341.0,741.0,
2024-09-16 10:00:00,11.75,63.25,4.5,4.45,6.02,12.92,4.58,0.56,12.3,,,,,,,,56.5,0.9,201.5,0.0,0.0,402.0,741.0,
2024-09-16 11:00:00,14.75,75.25,4.18,5.38,6.22,12.35,5.32,0.56,12.41,,,,,,,,55.0,1.02,229.5,0.0,0.0,432.0,741.0,
2024-09-16 12:00:00,18.25,79.0,3.18,7.65,6.65,11.15,3.88,0.5,7.46,,,,,,,,53.5,1.18,197.0,0.0,0.0,441.25,740.5,
2024-09-16 13:00:00,18.75,71.0,2.02,4.5,4.03,11.32,3.58,0.53,6.65,,,,,,,,56.0,1.52,188.75,0.0,0.0,384.5,739.75,
2024-09-16 14:00:00,11.25,92.75,2.15,9.62,6.88,10.45,2.4,0.6,2.53,,,,,,,,58.75,2.05,201.0,0.0,0.0,327.75,739.0,
2024-09-16 15:00:00,17.75,131.25,2.7,9.93,7.5,11.02,2.1,0.63,6.16,,,,,,,,60.0,1.58,189.75,0.0,0.0,217.75,739.0,
2024-09-16 16:00:00,17.25,78.25,2.88,5.28,5.18,9.95,4.1,0.65,3.15,,,,,,,,63.75,1.92,206.25,0.0,0.0,115.25,739.0,
2024-09-16 17:00:00,18.25,90.0,2.27,6.42,4.78,9.6,4.6,0.66,3.14,,,,,,,,67.5,1.3,212.5,0.0,0.0,38.25,739.0,
2024-09-16 18:00:00,17.5,109.0,2.55,4.82,4.7,11.4,4.55,0.68,5.51,,,,,,,,71.0,0.65,214.75,0.0,0.0,17.75,739.25,
2024-09-16 19:00:00,15.0,66.75,2.28,5.15,4.6,12.95,4.38,0.71,6.98,,,,,,,,73.0,0.57,215.75,0.0,0.0,15.75,740.0,
2024-09-16 20:00:00,21.0,67.5,2.75,4.22,4.47,13.0,4.18,0.71,7.49,,,,,,,,74.0,0.4,219.0,0.0,0.0,15.5,740.0,
2024-09-16 21:00:00,18.5,71.75,4.55,4.47,6.08,12.75,4.05,0.72,7.95,,,,,,,,75.0,0.38,222.25,0.0,0.0,15.0,741.0,
2024-09-16 22:00:00,11.0,68.25,4.35,4.78,6.08,13.0,3.52,0.7,8.38,,,,,,,,73.75,0.32,224.75,0.0,0.0,14.75,741.0,
2024-09-16 23:00:00,11.5,64.5,3.97,5.7,6.28,13.4,2.7,0.7,9.21,,,,,,,,73.5,0.3,235.25,0.0,0.0,16.25,741.0,
2024-09-17 00:00:00,12.5,72.75,4.45,3.05,5.25,13.68,3.52,0.71,8.16,,,,,,,,75.5,0.3,260.0,0.0,0.0,16.5,740.75,
2024-09-17 01:00:00,12.75,58.0,4.53,3.1,5.3,13.7,3.52,0.7,9.0,,,,,,,,77.5,0.3,257.75,0.0,0.0,16.5,740.0,
2024-09-17 02:00:00,16.75,55.25,5.45,2.2,5.58,14.1,4.1,0.65,10.96,,,,,,,,78.5,0.3,272.25,0.0,0.0,16.0,740.0,
2024-09-17 03:00:00,12.25,36.75,5.42,2.65,5.82,14.98,3.78,0.64,12.86,,,,,,,,79.5,0.3,282.0,0.0,0.0,15.0,739.75,
2024-09-17 04:00:00,12.0,34.75,5.25,3.88,6.35,13.92,2.48,0.64,13.62,,,,,,,,80.0,0.3,284.25,0.0,0.0,14.5,739.5,
2024-09-17 05:00:00,18.0,49.0,5.9,5.35,7.6,13.22,2.17,0.63,14.0,,,,,,,,80.0,0.32,271.0,0.0,0.0,14.75,740.0,
2024-09-17 06:00:00,21.0,76.0,5.85,6.38,8.15,12.82,4.53,0.63,14.5,,,,,,,,76.75,0.42,275.25,0.0,0.0,31.75,740.0,
2024-09-17 07:00:00,25.25,70.25,7.3,3.4,7.75,12.75,5.15,0.6,14.56,,,,,,,,67.25,0.68,259.25,0.0,0.0,121.5,741.0,
2024-09-17 08:00:00,12.5,54.5,5.6,3.68,6.55,12.25,4.18,0.64,14.5,,,,,,,,62.0,0.7,233.75,0.0,0.0,252.25,741.0,
2024-09-17 09:00:00,14.25,59.5,6.15,1.95,6.02,12.18,3.72,0.62,14.59,,,,,,,,58.75,1.2,217.75,0.0,0.0,342.25,741.0,
2024-09-17 10:00:00,6.5,61.5,5.08,2.85,5.65,11.95,5.0,0.62,13.57,,,,,,,,57.0,1.55,207.0,0.0,0.0,404.75,741.0,
2024-09-17 11:00:00,8.5,61.5,3.85,2.52,4.45,12.48,5.0,0.58,12.43,,,,,,,,54.75,1.5,215.75,0.0,0.0,435.75,740.75,
2024-09-17 12:00:00,10.75,60.25,4.35,3.3,5.3,11.55,4.82,0.55,10.97,,,,,,,,52.75,1.55,195.0,0.0,0.0,436.75,740.0,
2024-09-17 13:00:00,14.5,64.75,2.92,3.78,4.42,11.02,4.55,0.54,7.3,,,,,,,,51.25,1.68,205.0,0.0,0.0,395.75,739.0,
2024-09-17 14:00:00,18.5,53.25,3.38,2.82,4.25,10.22,2.25,0.52,8.04,,,,,,,,52.75,1.2,203.25,0.0,0.0,353.25,739.0,
2024-09-17 15:00:00,15.75,64.5,2.25,3.48,3.65,10.05,2.95,0.54,4.93,,,,,,,,59.5,1.52,194.75,0.0,0.0,189.75,738.75,
2024-09-17 16:00:00,11.75,62.5,14.05,12.48,18.08,9.48,5.0,0.59,9.63,,,,,,,,67.75,1.08,205.0,0.0,0.0,93.0,738.75,
2024-09-17 17:00:00,11.75,64.0,29.98,16.48,33.12,9.98,5.8,0.59,10.92,,,,,,,,72.0,0.82,199.0,0.0,0.0,40.0,739.0,
2024-09-17 18:00:00,14.0,48.0,20.12,12.22,22.88,10.35,5.65,0.64,9.39,,,,,,,,75.5,0.85,209.5,0.0,0.0,17.5,739.0,
2024-09-17 19:00:00,14.0,54.25,13.22,7.18,14.58,11.28,6.15,0.66,8.94,,,,,,,,74.75,0.68,211.75,0.0,0.0,15.75,739.0,
2024-09-17 20:00:00,13.25,56.25,10.07,5.3,11.0,11.52,5.25,0.66,8.86,,,,,,,,74.25,0.5,211.5,0.0,0.0,15.5,740.0,
2024-09-17 21:00:00,11.75,56.5,9.15,4.08,9.62,12.38,4.28,0.68,8.68,,,,,,,,75.25,0.45,213.5,0.0,0.0,15.5,740.0,
2024-09-17 22:00:00,13.0,52.25,8.4,3.1,8.5,13.2,3.8,0.67,9.12,,,,,,,,75.0,0.43,236.5,0.0,0.0,15.5,740.0,
2024-09-17 23:00:00,15.5,71.0,7.52,3.42,7.95,12.92,3.22,0.69,7.24,,,,,,,,72.75,0.4,224.25,0.0,0.0,16.25,740.0,
2024-09-18 00:00:00,28.5,64.0,6.22,2.45,6.38,11.55,3.15,0.64,7.76,,,,,,,,72.75,0.35,249.0,0.0,0.0,16.75,740.0,
2024-09-18 01:00:00,16.75,46.0,5.8,3.08,6.32,11.35,2.75,0.64,9.75,,,,,,,,72.5,0.3,281.0,0.0,0.0,16.5,739.5,
2024-09-18 02:00:00,13.5,62.25,5.1,2.8,5.62,11.62,3.6,0.65,10.08,,,,,,,,74.25,0.3,272.0,0.0,0.0,16.5,739.0,
2024-09-18 03:00:00,15.25,71.75,4.45,3.02,5.25,13.58,4.62,0.64,10.97,,,,,,,,76.0,0.3,274.0,0.0,0.0,16.0,739.0,
2024-09-18 04:00:00,14.25,33.25,5.35,2.12,5.48,13.65,4.42,0.62,12.65,,,,,,,,80.25,0.35,271.75,0.0,0.0,10.0,739.0,
2024-09-18 05:00:00,9.0,26.25,5.08,2.12,5.28,13.45,3.92,0.62,12.87,,,,,,,,80.0,0.45,277.0,0.0,0.0,12.5,739.0,
2024-09-18 06:00:00,16.75,32.5,5.7,4.6,7.08,13.58,3.02,0.65,13.78,,,,,,,,79.0,0.4,285.0,0.0,0.0,31.75,739.0,
2024-09-18 07:00:00,37.25,68.5,6.25,6.02,8.28,13.28,2.5,0.68,13.81,,,,,,,,72.25,0.65,272.0,0.0,0.0,111.0,740.0,
2024-09-18 08:00:00,24.5,71.0,6.52,4.03,7.48,12.7,4.47,0.64,13.46,,,,,,,,62.0,1.1,246.5,0.0,0.0,261.25,740.75,
2024-09-18 09:00:00,12.75,62.75,4.88,3.78,5.95,11.95,3.98,0.62,12.44,,,,,,,,58.25,0.85,238.0,0.0,0.0,316.75,741.0,
2024-09-18 10:00:00,15.75,56.0,3.4,3.75,4.75,11.72,2.75,0.62,11.3,,,,,,,,57.25,0.85,213.5,0.0,0.0,385.0,740.5,
2024-09-18 11:00:00,9.0,56.25,3.68,3.35,4.78,12.22,2.08,0.58,8.96,,,,,,,,55.5,0.98,165.0,0.0,0.0,420.25,740.0,
2024-09-18 12:00:00,9.25,58.0,3.02,3.38,4.25,12.12,2.17,0.59,8.04,,,,,,,,54.75,0.95,153.0,0.0,0.0,441.75,739.5,
2024-09-18 13:00:00,11.75,62.75,2.75,4.72,3.58,11.88,2.6,0.62,1.18,,,,,,,,61.5,1.35,191.5,0.0,0.0,351.25,739.0,
2024-09-18 14:00:00,19.75,72.0,2.52,4.1,4.22,11.38,2.98,0.61,3.64,,,,,,,,60.25,0.92,189.25,0.0,0.0,330.0,738.25,
2024-09-18 15:00:00,29.25,88.25,2.98,4.0,4.55,11.45,3.05,0.63,0.68,,,,,,,,61.75,1.2,194.25,0.0,0.0,236.5,738.0,
2024-09-18 16:00:00,32.0,101.0,3.6,4.25,5.15,10.78,2.38,0.62,,,,,,,,,63.5,1.27,207.5,0.0,0.0,136.5,738.0,
2024-09-18 17:00:00,27.5,97.0,1.98,3.8,3.65,10.35,2.7,0.63,1.86,,,,,,,,67.75,0.57,199.5,0.0,0.0,46.5,738.0,
2024-09-18 18:00:00,21.75,78.75,2.68,3.4,3.97,9.65,3.82,0.65,1.88,,,,,,,,71.5,0.55,203.0,0.0,0.0,17.25,738.25,
2024-09-18 19:00:00,18.75,61.25,3.78,4.3,5.38,11.22,3.18,0.69,4.28,,,,,,,,75.25,0.52,215.75,0.0,0.0,15.75,739.0,
2024-09-18 20:00:00,19.75,63.0,3.35,4.28,4.97,12.35,3.9,0.72,5.2,,,,,,,,74.75,0.43,218.0,0.0,0.0,15.25,739.25,
2024-09-18 21:00:00,16.25,56.0,3.28,3.02,4.25,12.82,4.03,0.71,5.14,,,,,,,,74.0,0.32,211.25,0.0,0.0,15.5,740.0,
2024-09-18 22:00:00,15.25,53.75,4.35,2.9,5.1,12.92,5.28,0.7,4.24,,,,,,,,74.5,0.3,200.75,0.0,0.0,15.5,740.0,
2024-09-18 23:00:00,11.75,53.5,4.68,3.7,5.75,12.78,6.55,0.72,5.15,,,,,,,,76.0,0.3,243.0,0.0,0.0,15.75,740.0,
2024-09-19 00:00:00,16.25,51.25,4.0,3.0,4.88,11.75,6.0,0.66,5.96,,,,,,,,74.75,0.3,286.25,0.0,0.0,16.5,740.0,
2024-09-19 01:00:00,15.25,68.0,5.1,2.65,5.55,12.08,5.3,0.64,6.66,,,,,,,,74.75,0.4,287.0,0.0,0.0,16.5,740.0,
2024-09-19 02:00:00,20.25,69.75,4.68,3.72,5.78,11.38,3.05,0.67,8.03,,,,,,,,74.0,0.7,127.25,0.0,0.0,16.5,740.0,
2024-09-19 03:00:00,23.25,59.25,3.15,3.5,4.4,13.0,2.85,0.64,8.66,,,,,,,,75.25,0.35,129.0,0.0,0.0,16.0,739.25,
2024-09-19 04:00:00,21.5,39.0,3.18,4.5,4.95,13.2,3.38,0.62,9.68,,,,,,,,73.25,0.3,266.75,0.0,0.0,15.5,739.0,
2024-09-19 05:00:00,24.0,52.25,4.1,7.4,7.28,12.82,3.55,0.63,11.84,,,,,,,,73.75,0.3,253.25,0.0,0.0,15.0,739.75,
2024-09-19 06:00:00,28.25,94.0,4.1,5.62,6.35,13.5,5.18,0.66,12.16,,,,,,,,74.75,0.48,219.25,0.0,0.0,22.0,740.0,
2024-09-19 07:00:00,32.25,100.0,5.68,5.2,7.4,12.85,5.42,0.7,11.89,,,,,,,,75.75,0.32,246.75,0.0,0.0,42.25,740.75,
2024-09-19 08:00:00,30.25,97.5,5.98,4.4,7.22,12.3,5.15,0.72,12.66,,,,,,,,75.75,0.35,289.0,0.0,0.0,57.5,741.0,
2024-09-19 09:00:00,26.0,103.5,7.05,6.58,9.22,12.0,4.7,0.76,11.78,,,,,,,,74.0,0.3,274.5,0.0,0.0,62.0,741.0,
2024-09-19 10:00:00,37.75,140.75,5.82,5.08,7.42,12.5,5.88,0.75,10.77,,,,,,,,72.0,0.3,256.25,0.0,0.0,87.75,741.0,
2024-09-19 11:00:00,36.75,127.25,4.08,7.3,7.2,12.85,6.5,0.75,8.82,,,,,,,,68.0,0.35,180.0,0.0,0.0,135.0,740.75,
2024-09-19 12:00:00,32.75,106.25,4.28,5.72,6.52,13.8,4.85,0.71,10.63,,,,,,,,62.25,0.52,113.5,0.0,0.0,224.0,740.0,
2024-09-19 13:00:00,21.75,83.5,3.6,3.88,4.97,12.6,3.78,0.7,9.21,,,,,,,,58.25,0.82,84.0,0.0,0.0,355.0,739.5,
2024-09-19 14:00:00,20.0,103.0,3.62,4.53,5.32,12.68,4.65,0.7,7.66,,,,,,,,57.0,1.38,83.25,0.0,0.0,308.0,739.0,
2024-09-19 15:00:00,24.25,104.5,4.22,6.3,6.8,11.65,5.05,0.69,9.08,,,,,,,,57.0,0.75,92.75,0.0,0.0,149.25,738.75,
2024-09-19 16:00:00,22.75,116.75,4.42,6.9,7.28,10.68,3.38,0.72,7.44,,,,,,,,59.75,0.32,146.75,0.0,0.0,124.75,738.75,
2024-09-19 17:00:00,36.0,146.25,2.78,10.92,8.07,11.38,3.68,0.75,6.49,,,,,,,,65.5,0.3,173.75,0.0,0.0,47.5,738.75,
2024-09-19 18:00:00,42.0,159.5,3.35,12.6,9.4,11.58,5.1,0.8,7.78,,,,,,,,70.5,0.3,198.25,0.0,0.0,17.0,739.0,
2024-09-19 19:00:00,43.5,145.75,3.58,10.18,8.32,12.1,3.35,0.8,4.59,,,,,,,,73.0,0.3,187.25,0.0,0.0,16.0,739.25,
2024-09-19 20:00:00,47.0,153.75,5.2,12.3,10.8,13.08,4.97,0.84,8.52,,,,,,,,72.5,0.3,212.25,0.0,0.0,15.25,739.75,
2024-09-19 21:00:00,44.0,157.5,4.08,10.98,9.18,12.62,5.32,0.84,11.12,,,,,,,,74.25,0.3,211.25,0.0,0.0,15.25,740.0,
2024-09-19 22:00:00,41.75,154.25,4.05,8.43,7.78,13.1,3.28,0.84,10.65,,,,,,,,76.75,0.3,219.5,0.0,0.0,14.75,740.0,
2024-09-19 23:00:00,35.5,106.75,4.22,6.98,7.15,12.9,2.45,0.84,11.52,,,,,,,,77.5,0.3,259.75,0.0,0.0,15.25,740.0,
2024-09-20 00:00:00,36.25,103.75,4.9,4.72,6.5,12.32,4.05,0.78,9.59,,,,,,,,78.25,0.45,272.0,0.0,0.0,15.5,740.0,
2024-09-20 01:00:00,32.75,70.5,4.65,3.55,5.68,12.75,4.32,0.76,7.96,,,,,,,,79.75,0.32,274.25,0.0,0.0,15.5,739.5,
2024-09-20 02:00:00,29.5,75.25,3.88,4.78,5.7,13.1,4.7,0.76,9.48,,,,,,,,78.5,0.3,279.0,0.0,0.0,15.5,739.0,
2024-09-20 03:00:00,31.5,86.0,4.18,4.12,5.6,13.35,5.32,0.74,11.23,,,,,,,,78.0,0.3,277.0,0.0,0.0,15.25,739.0,
2024-09-20 04:00:00,32.75,91.5,4.53,4.62,6.18,13.85,2.88,0.72,12.34,,,,,,,,76.75,0.3,285.5,0.0,0.0,14.5,739.0,
2024-09-20 05:00:00,32.0,100.5,4.62,4.72,6.28,13.65,0.98,0.72,13.69,,,,,,,,76.5,0.3,284.5,0.0,0.0,14.75,739.0,
2024-09-20 06:00:00,36.0,108.75,7.3,7.82,10.07,13.65,2.8,0.76,14.57,,,,,,,,76.5,0.3,283.75,0.0,0.0,30.5,739.0,
2024-09-20 07:00:00,50.5,129.75,7.35,5.6,8.95,13.72,3.88,0.8,12.95,,,,,,,,72.75,0.3,288.5,0.0,0.0,128.0,740.0,
2024-09-20 08:00:00,53.75,156.75,5.8,6.57,8.2,13.55,3.58,0.81,10.54,,,,,,,,67.5,0.45,272.0,0.0,0.0,169.25,741.0,
2024-09-20 09:00:00,42.0,147.0,5.85,6.42,8.18,13.2,3.3,0.82,9.48,,,,,,,,64.5,0.52,262.5,0.0,0.0,280.75,741.0,
2024-09-20 10:00:00,41.0,132.75,6.1,8.68,9.62,12.18,3.92,0.77,10.59,,,,,,,,57.5,1.2,218.25,0.0,0.0,396.5,741.0,
2024-09-20 11:00:00,27.25,112.25,4.2,6.85,7.05,12.38,4.08,0.72,10.6,,,,,,,,53.75,0.9,221.75,0.0,0.0,422.5,740.5,
2024-09-20 12:00:00,23.0,97.5,3.75,6.32,6.42,12.52,2.88,0.68,8.43,,,,,,,,52.25,1.05,150.25,0.0,0.0,384.0,739.75,
2024-09-20 13:00:00,25.75,96.75,2.52,4.32,4.35,12.18,2.65,0.68,7.22,,,,,,,,56.5,1.42,149.75,0.0,0.0,302.5,739.0,
2024-09-20 14:00:00,28.25,101.5,3.05,4.8,5.03,12.1,3.53,0.72,,,,,,,,,63.25,1.4,194.75,0.0,0.0,305.5,738.5,
2024-09-20 15:00:00,38.25,111.75,2.4,5.68,4.97,12.3,4.0,0.73,,,,,,,,,64.0,1.42,195.0,0.0,0.0,223.0,738.25,
2024-09-20 16:00:00,40.75,119.5,3.08,6.35,5.88,11.38,3.97,0.74,,,,,,,,,67.0,1.23,201.25,0.0,0.0,127.0,739.0,
2024-09-20 17:00:00,45.0,121.25,3.15,9.15,7.4,11.25,2.68,0.76,1.18,,,,,,,,71.25,0.62,207.5,0.0,0.0,39.75,738.0,
2024-09-20 18:00:00,44.75,128.75,3.0,6.6,5.98,10.95,4.05,0.8,,,,,,,,,75.5,0.7,212.75,0.0,0.0,12.25,738.25,
2024-09-20 19:00:00,49.5,114.0,2.6,5.78,5.22,11.65,4.75,0.82,,,,,,,,,77.0,0.62,213.25,0.0,0.0,11.25,739.0,
2024-09-20 20:00:00,40.75,89.5,3.55,4.97,5.52,13.58,3.15,0.86,0.87,,,,,,,,77.5,0.57,220.5,0.0,0.0,10.5,740.0,
2024-09-20 21:00:00,41.75,87.75,3.88,4.03,5.3,13.95,3.08,0.87,2.3,,,,,,,,76.75,0.4,266.25,0.0,0.0,10.5,740.0,
2024-09-20 22:00:00,30.25,87.25,4.03,2.98,4.85,14.2,3.35,0.83,2.3,,,,,,,,75.0,0.3,258.25,0.0,0.0,10.5,740.0,
2024-09-20 23:00:00,34.75,86.25,3.85,4.3,5.4,14.2,3.62,0.8,3.94,,,,,,,,75.0,0.5,198.25,0.0,0.0,10.25,740.0,
2024-09-21 00:00:00,33.25,71.5,4.03,2.52,4.6,12.72,2.75,0.74,4.17,,,,,,,,82.25,0.52,174.75,1.5,1.5,4.25,739.25,
2024-09-21 01:00:00,21.75,37.75,3.85,3.45,4.95,12.42,2.45,0.72,5.75,,,,,,,,82.75,0.7,186.0,0.0,0.0,4.25,739.0,
2024-09-21 02:00:00,21.0,22.0,2.9,1.88,3.4,12.8,4.58,0.72,6.3,,,,,,,,85.25,1.18,267.5,0.5,0.5,5.5,739.0,
2024-09-21 03:00:00,13.0,15.0,3.58,3.65,4.88,13.08,5.65,0.7,8.37,,,,,,,,86.75,0.32,208.5,0.5,0.5,3.25,739.0,
2024-09-21 04:00:00,13.0,15.0,4.2,4.68,5.9,14.38,3.6,0.7,11.04,,,,,,,,87.0,0.3,198.25,0.0,0.0,3.5,739.0,
2024-09-21 05:00:00,10.0,12.0,4.35,3.62,5.5,13.25,3.5,0.68,9.52,,,,,,,,86.5,0.3,190.0,0.0,0.0,2.75,739.0,
2024-09-21 06:00:00,10.5,12.25,3.52,5.28,5.65,13.58,2.6,0.64,12.31,,,,,,,,87.0,0.3,178.5,0.0,0.0,6.25,740.0,
2024-09-21 07:00:00,12.0,13.0,4.85,7.28,7.8,13.38,2.2,0.66,12.46,,,,,,,,86.5,0.3,161.0,0.0,0.0,28.0,740.0,
2024-09-21 08:00:00,25.0,33.0,5.52,7.48,8.45,12.82,2.95,0.73,13.07,,,,,,,,83.0,0.45,159.5,0.0,0.0,75.75,740.0,
2024-09-21 09:00:00,24.0,33.25,5.75,6.28,8.0,12.85,4.15,0.74,12.9,,,,,,,,77.0,0.72,273.0,0.0,0.0,154.25,741.0,
2024-09-21 10:00:00,22.5,36.75,7.15,7.25,9.65,12.42,4.12,0.72,10.8,,,,,,,,71.5,1.08,260.5,0.0,0.0,330.75,741.0,
2024-09-21 11:00:00,26.25,45.0,5.03,6.25,7.42,12.38,4.25,0.7,8.35,,,,,,,,66.75,1.27,251.75,0.0,0.0,373.0,740.5,
2024-09-21 12:00:00,22.0,41.5,4.85,4.53,6.32,14.0,1.68,0.7,10.68,,,,,,,,64.0,1.1,215.75,0.0,0.0,354.25,740.0,
2024-09-21 13:00:00,15.75,31.5,4.32,4.03,5.65,12.8,1.62,0.68,10.3,,,,,,,,63.75,0.85,187.5,0.0,0.0,240.75,739.25,
2024-09-21 14:00:00,14.5,33.25,5.15,2.85,5.72,12.5,4.42,0.61,10.54,,,,,,,,62.5,0.57,183.0,0.0,0.0,171.0,739.0,
2024-09-21 15:00:00,15.5,35.5,5.58,4.38,6.85,12.1,4.88,0.61,9.7,,,,,,,,63.75,0.43,130.75,0.0,0.0,96.75,738.75,
2024-09-21 16:00:00,23.75,52.0,6.72,6.82,9.12,10.62,1.88,0.64,10.04,,,,,,,,67.75,0.6,127.0,0.0,0.0,51.75,738.75,
2024-09-21 17:00:00,21.5,80.0,7.18,6.4,9.25,10.9,1.2,0.64,10.44,,,,,,,,75.0,0.42,183.25,0.0,0.0,21.75,738.75,
2024-09-21 18:00:00,9.25,53.25,16.12,7.82,17.25,11.28,6.42,0.65,11.67,,,,,,,,77.5,0.32,206.5,0.0,0.0,8.75,738.75,
2024-09-21 19:00:00,14.75,46.5,13.9,7.95,15.52,11.6,8.85,0.68,10.98,,,,,,,,78.75,0.32,215.0,0.0,0.0,8.5,739.0,
2024-09-21 20:00:00,23.5,49.75,9.4,5.35,10.48,13.05,5.12,0.76,12.39,,,,,,,,77.25,0.3,222.75,0.0,0.0,7.75,739.5,
2024-09-21 21:00:00,28.25,46.75,9.2,7.05,11.22,11.9,4.12,0.75,12.57,,,,,,,,76.0,0.3,230.25,0.0,0.0,8.0,740.0,
2024-09-21 22:00:00,13.25,54.5,9.62,6.8,11.42,12.18,4.5,0.74,13.7,,,,,,,,77.5,0.3,217.5,0.0,0.0,8.0,740.0,
2024-09-21 23:00:00,21.75,67.5,7.95,5.95,9.65,12.68,4.6,0.72,13.08,,,,,,,,79.75,0.3,278.5,0.0,0.0,7.75,739.75,
2024-09-22 00:00:00,26.5,56.5,8.82,4.25,9.4,11.95,4.45,0.74,12.0,,,,,,,,81.5,0.38,300.75,0.0,0.0,8.5,739.0,
2024-09-22 01:00:00,24.0,52.0,9.1,4.92,9.98,11.75,4.38,0.72,11.18,,,,,,,,77.75,0.32,291.25,0.0,0.0,8.5,739.25,
2024-09-22 02:00:00,20.0,37.75,6.4,4.42,7.58,12.2,3.2,0.71,12.45,,,,,,,,76.0,0.38,275.0,0.0,0.0,8.5,738.75,
2024-09-22 03:00:00,14.0,20.75,6.38,2.55,6.58,11.78,2.5,0.7,11.66,,,,,,,,76.25,0.57,272.25,0.0,0.0,8.5,738.25,
2024-09-22 04:00:00,6.25,17.75,4.58,4.03,5.85,13.1,5.28,0.66,12.5,,,,,,,,77.0,0.57,260.75,0.0,0.0,8.0,738.0,
2024-09-22 05:00:00,11.25,21.75,5.78,4.1,6.88,13.42,6.68,0.66,12.76,,,,,,,,78.0,0.8,265.25,0.0,0.0,7.75,738.0,
2024-09-22 06:00:00,15.5,27.5,5.98,5.75,7.92,13.15,3.7,0.64,14.12,,,,,,,,77.75,0.45,276.5,0.0,0.0,12.75,738.75,
2024-09-22 07:00:00,18.75,31.75,4.72,5.22,6.62,13.68,2.82,0.65,14.2,,,,,,,,77.25,0.3,287.25,0.0,0.0,27.25,739.25,
2024-09-22 08:00:00,24.75,42.75,6.25,4.8,7.65,12.02,0.9,0.71,12.5,,,,,,,,76.0,0.3,279.25,0.0,0.0,66.25,740.0,
2024-09-22 09:00:00,27.0,54.0,6.62,5.38,8.25,11.45,0.82,0.71,13.58,,,,,,,,72.5,0.38,265.75,0.0,0.0,120.25,740.0,
2024-09-22 10:00:00,23.5,55.5,5.92,4.95,7.45,11.2,1.25,0.68,12.51,,,,,,,,69.0,0.4,257.25,0.0,0.0,148.75,740.0,
2024-09-22 11:00:00,13.25,30.75,5.2,3.05,5.85,11.4,2.38,0.66,11.29,,,,,,,,67.5,0.38,226.5,0.0,0.0,152.0,739.25,
2024-09-22 12:00:00,14.5,27.75,2.92,4.38,4.72,13.35,5.12,0.66,11.12,,,,,,,,66.75,0.32,172.25,0.0,0.0,126.25,739.0,
2024-09-22 13:00:00,16.5,39.25,4.2,3.48,5.25,13.18,6.35,0.66,10.22,,,,,,,,66.0,0.3,238.25,0.0,0.0,121.5,738.5,
2024-09-22 14:00:00,18.0,56.75,4.8,3.42,5.7,12.48,6.25,0.67,10.24,,,,,,,,69.5,0.3,251.0,0.0,0.0,114.75,738.0,
2024-09-22 15:00:00,19.5,102.25,3.78,5.18,5.82,12.65,6.12,0.66,9.33,,,,,,,,67.75,0.3,240.5,0.0,0.0,135.5,737.75,
2024-09-22 16:00:00,22.5,83.75,4.0,4.72,5.78,11.18,3.58,0.7,8.24,,,,,,,,69.75,0.35,220.75,0.0,0.0,97.5,737.0,
2024-09-22 17:00:00,16.75,63.75,4.12,3.4,5.18,11.02,2.55,0.69,7.62,,,,,,,,72.5,0.35,210.0,0.0,0.0,37.5,738.0,
2024-09-22 18:00:00,16.0,44.25,3.92,4.42,5.52,10.85,2.33,0.73,9.24,,,,,,,,75.75,0.35,219.0,0.0,0.0,9.5,738.0,
2024-09-22 19:00:00,28.5,54.5,4.1,4.97,5.98,11.58,3.2,0.76,8.89,,,,,,,,78.5,0.35,220.5,0.0,0.0,8.75,738.25,
2024-09-22 20:00:00,36.25,61.5,3.75,5.92,6.2,13.75,3.5,0.78,10.13,,,,,,,,79.0,0.35,220.25,0.0,0.0,8.5,739.0,
2024-09-22 21:00:00,26.0,52.25,3.8,6.82,6.72,13.78,4.72,0.79,10.32,,,,,,,,78.0,0.3,220.75,0.0,0.0,8.5,739.25,
2024-09-22 22:00:00,19.25,54.0,4.3,5.92,6.65,14.65,2.98,0.8,10.64,,,,,,,,78.0,0.3,222.25,0.0,0.0,8.5,739.25,
2024-09-22 23:00:00,18.0,47.25,4.62,5.28,6.55,15.0,2.5,0.78,10.86,,,,,,,,78.75,0.3,255.75,0.0,0.0,8.0,739.0,
2024-09-23 00:00:00,19.5,44.5,5.03,3.3,5.8,13.95,3.0,0.77,9.04,,,,,,,,80.25,0.4,285.0,0.0,0.0,8.5,738.75,
2024-09-23 01:00:00,17.25,41.5,4.62,2.68,5.2,14.02,3.3,0.73,10.31,,,,,,,,81.25,0.3,262.25,0.0,0.0,8.5,738.0,
2024-09-23 02:00:00,21.5,35.5,5.2,2.25,5.42,13.7,2.75,0.72,11.7,,,,,,,,79.5,0.38,276.25,0.0,0.0,8.5,738.0,
2024-09-23 03:00:00,13.75,33.0,4.25,3.3,5.2,13.32,2.6,0.71,13.25,,,,,,,,80.25,0.3,278.5,0.0,0.0,8.5,738.0,
2024-09-23 04:00:00,13.75,39.75,5.48,2.78,5.88,15.48,4.9,0.69,14.59,,,,,,,,82.0,0.3,278.75,0.0,0.0,8.25,738.0,
2024-09-23 05:00:00,16.75,42.5,5.45,5.22,7.25,14.65,6.38,0.69,15.15,,,,,,,,82.25,0.3,292.25,0.0,0.0,8.25,738.0,
2024-09-23 06:00:00,21.0,42.75,7.75,8.07,10.6,14.2,4.9,0.71,16.49,,,,,,,,78.75,0.3,270.0,0.0,0.0,28.0,738.5,
2024-09-23 07:00:00,28.75,46.0,8.28,5.35,9.6,14.75,4.08,0.74,15.59,,,,,,,,76.75,0.3,281.0,0.0,0.0,68.0,739.0,
2024-09-23 08:00:00,28.25,65.75,8.8,6.12,10.4,12.72,5.32,0.74,14.38,,,,,,,,71.5,0.52,263.75,0.0,0.0,221.0,739.75,
2024-09-23 09:00:00,13.25,63.5,15.42,8.18,16.88,11.75,6.08,0.72,13.58,,,,,,,,67.75,0.68,254.0,0.0,0.0,266.25,740.0,
2024-09-23 10:00:00,19.0,84.5,9.32,5.98,10.78,11.85,4.47,0.73,12.85,,,,,,,,66.75,0.62,259.75,0.0,0.0,277.5,740.0,
2024-09-23 11:00:00,16.75,119.0,15.15,11.05,18.18,11.42,3.28,0.71,12.66,,,,,,,,63.75,0.7,233.5,0.0,0.0,397.75,739.75,
2024-09-23 12:00:00,19.75,71.0,6.48,10.42,10.8,14.22,5.42,0.65,10.95,,,,,,,,61.0,0.72,223.25,0.0,0.0,422.5,739.0,
2024-09-23 13:00:00,20.5,62.75,2.9,7.18,6.15,14.02,5.95,0.64,9.54,,,,,,,,59.0,0.75,250.75,0.0,0.0,382.75,738.25,
2024-09-23 14:00:00,17.25,64.25,5.65,7.65,8.65,13.42,4.92,0.63,9.19,,,,,,,,58.25,0.8,197.75,0.0,0.0,250.75,737.75,
2024-09-23 15:00:00,21.5,65.75,3.25,6.98,6.35,13.22,4.32,0.64,4.36,,,,,,,,65.75,0.62,165.25,0.0,0.0,142.75,737.5,
2024-09-23 16:00:00,25.25,77.5,2.68,6.5,5.62,12.45,3.45,0.69,1.34,,,,,,,,70.0,0.55,184.75,0.0,0.0,94.5,737.0,
2024-09-23 17:00:00,28.25,73.5,3.7,4.97,5.68,10.88,1.55,0.68,4.05,,,,,,,,74.5,0.5,132.25,0.0,0.0,32.25,737.75,
2024-09-23 18:00:00,16.75,54.75,3.38,4.5,5.15,10.62,7.18,0.73,7.36,,,,,,,,73.5,0.3,187.0,0.0,0.0,10.0,738.0,
2024-09-23 19:00:00,16.0,49.25,3.98,4.53,5.62,11.35,8.9,0.77,6.92,,,,,,,,76.5,0.3,200.5,0.0,0.0,9.5,739.0,
2024-09-23 20:00:00,18.0,53.25,3.82,3.32,4.85,14.55,5.98,0.74,7.35,,,,,,,,79.25,0.3,191.5,0.0,0.0,9.0,739.0,
2024-09-23 21:00:00,23.0,52.75,4.08,3.6,5.25,15.32,6.1,0.76,8.04,,,,,,,,77.75,0.35,216.25,0.0,0.0,8.5,739.0,
2024-09-23 22:00:00,20.25,50.75,4.45,4.62,6.08,15.48,5.38,0.74,9.83,,,,,,,,75.0,0.45,242.25,0.0,0.0,8.5,739.0,
2024-09-23 23:00:00,18.0,50.25,4.62,3.78,5.75,15.58,5.12,0.72,10.5,,,,,,,,77.75,0.52,233.0,0.0,0.0,8.5,739.0,
2024-09-24 00:00:00,9.75,29.0,5.15,3.7,6.15,13.65,5.22,0.7,10.72,,,,,,,,81.75,1.42,183.5,1.0,1.0,5.75,738.5,
2024-09-24 01:00:00,12.0,17.0,4.25,2.68,4.9,12.72,4.18,0.65,11.17,,,,,,,,88.0,1.05,149.0,3.5,3.5,3.25,738.5,
2024-09-24 02:00:00,,,3.55,6.18,6.2,12.32,4.68,0.65,13.23,,,,,,,,88.0,0.3,274.25,0.0,0.0,2.75,738.0,
2024-09-24 03:00:00,,,5.4,7.15,8.2,12.82,3.78,0.64,14.68,,,,,,,,88.0,0.3,282.25,0.0,0.0,2.75,738.0,
2024-09-24 04:00:00,,,5.6,6.35,7.95,14.8,5.98,0.65,15.11,,,,,,,,87.75,0.3,217.75,0.0,0.0,2.75,737.0,
2024-09-24 05:00:00,20.0,24.0,5.8,5.52,7.62,16.35,6.78,0.68,15.76,,,,,,,,87.0,0.32,284.75,0.0,0.0,3.0,737.0,
2024-09-24 06:00:00,20.0,24.0,6.72,7.9,9.68,16.48,5.95,0.67,15.91,,,,,,,,86.0,0.3,277.5,0.0,0.0,23.5,738.0,
2024-09-24 07:00:00,26.0,33.0,8.3,7.22,10.6,16.45,4.32,0.71,14.92,,,,,,,,81.5,0.4,288.25,0.0,0.0,80.25,738.75,
2024-09-24 08:00:00,25.5,34.25,8.28,7.3,10.65,14.25,3.12,0.74,13.39,,,,,,,,77.25,0.65,288.5,0.0,0.0,145.25,739.0,
2024-09-24 09:00:00,23.0,37.75,6.95,6.35,9.02,12.48,2.95,0.73,10.95,,,,,,,,70.75,0.62,271.5,0.0,0.0,305.75,740.0,
2024-09-24 10:00:00,19.0,33.75,6.12,5.5,7.9,12.2,1.45,0.71,10.8,,,,,,,,65.25,0.88,244.0,0.0,0.0,380.0,740.0,
2024-09-24 11:00:00,16.0,24.0,11.3,9.88,14.42,12.28,1.38,0.68,12.96,,,,,,,,63.5,0.75,235.0,0.0,0.0,393.0,739.25,
2024-09-24 12:00:00,7.0,26.0,9.7,10.28,13.35,12.65,4.08,0.67,11.07,,,,,,,,62.25,0.68,201.5,0.0,0.0,330.75,738.75,
2024-09-24 13:00:00,7.5,22.75,5.18,6.2,7.5,12.55,5.3,0.65,9.62,,,,,,,,61.75,0.62,171.75,0.0,0.0,316.5,738.0,
2024-09-24 14:00:00,10.5,19.5,3.42,6.52,6.25,12.12,6.25,0.63,9.6,,,,,,,,63.0,0.42,226.75,0.0,0.0,207.75,737.0,
2024-09-24 15:00:00,14.0,45.5,3.18,7.35,6.48,11.85,7.22,0.66,8.54,,,,,,,,68.0,0.57,229.25,0.0,0.0,109.5,737.0,
2024-09-24 16:00:00,10.5,58.0,3.1,7.3,6.4,11.2,3.32,0.68,7.99,,,,,,,,74.25,0.58,208.5,1.0,1.0,34.5,737.0,
2024-09-24 17:00:00,9.0,37.0,3.1,5.38,5.35,10.02,1.98,0.69,10.26,,,,,,,,82.75,0.4,102.5,0.0,0.0,17.75,736.75,
2024-09-24 18:00:00,11.0,15.0,4.65,9.88,9.05,10.28,4.08,0.77,13.77,,,,,,,,81.0,0.72,249.5,0.5,0.5,7.5,737.25,
2024-09-24 19:00:00,18.25,26.0,5.05,8.3,8.55,11.12,4.53,0.84,10.02,,,,,,,,86.0,0.6,230.25,0.0,0.0,4.75,737.25,
2024-09-24 20:00:00,40.0,59.0,4.62,11.78,10.02,13.95,4.3,0.99,13.8,,,,,,,,85.25,0.3,230.25,0.0,0.0,5.75,738.0,
2024-09-24 21:00:00,29.0,38.0,5.75,7.85,8.8,13.7,4.93,0.93,14.06,,,,,,,,84.0,0.82,226.0,0.0,0.0,6.75,738.75,
2024-09-24 22:00:00,23.75,33.75,5.68,4.28,6.85,13.55,4.32,0.84,13.8,,,,,,,,82.5,1.12,245.25,0.0,0.0,6.75,739.0,
2024-09-24 23:00:00,8.0,21.0,6.28,2.68,6.5,13.48,4.35,0.78,12.92,,,,,,,,80.75,1.35,287.75,0.0,0.0,7.75,738.75,
2024-09-25 00:00:00,5.0,17.0,5.95,3.42,6.65,12.9,3.22,0.76,12.53,,,,,,,,82.25,0.68,290.0,0.0,0.0,8.5,738.0,
2024-09-25 01:00:00,4.5,16.5,6.58,4.18,7.58,13.18,2.22,0.73,14.31,,,,,,,,83.5,0.38,294.0,0.0,0.0,9.25,738.0,
2024-09-25 02:00:00,3.0,15.0,6.68,3.65,7.38,12.95,2.42,0.73,14.69,,,,,,,,84.25,0.43,278.0,0.0,0.0,9.5,738.0,
2024-09-25 03:00:00,10.0,15.0,7.45,3.15,7.75,13.3,2.08,0.72,14.62,,,,,,,,83.25,0.72,271.0,0.0,0.0,9.75,737.5,
2024-09-25 04:00:00,10.5,17.25,5.25,4.1,6.42,14.12,3.82,0.68,15.3,,,,,,,,83.25,0.65,274.75,0.0,0.0,9.5,737.75,
2024-09-25 05:00:00,11.75,26.25,7.43,4.78,8.57,13.58,4.12,0.67,15.65,,,,,,,,83.5,0.3,274.25,0.0,0.0,9.75,738.0,
2024-09-25 06:00:00,16.75,39.75,8.32,5.6,9.75,14.08,4.22,0.72,16.23,,,,,,,,82.75,0.32,283.0,0.0,0.0,32.0,738.25,
2024-09-25 07:00:00,35.25,58.5,8.9,5.18,9.98,14.25,3.25,0.74,14.68,,,,,,,,77.25,0.48,278.5,0.0,0.0,119.25,739.0,
2024-09-25 08:00:00,34.0,51.75,9.72,3.5,9.78,13.82,1.75,0.74,13.22,,,,,,,,70.75,0.48,284.5,0.0,0.0,244.0,740.0,
2024-09-25 09:00:00,14.75,41.0,8.25,3.53,8.6,13.0,0.52,0.73,13.41,,,,,,,,65.75,0.62,274.0,0.0,0.0,331.25,740.0,
2024-09-25 10:00:00,2.0,27.25,6.92,3.08,7.25,12.45,2.7,0.73,12.82,,,,,,,,63.75,0.6,265.0,0.0,0.0,315.75,740.0,
2024-09-25 11:00:00,3.0,24.25,6.42,4.85,7.8,11.62,3.32,0.7,11.49,,,,,,,,61.25,0.7,255.5,0.0,0.0,415.0,739.5,
2024-09-25 12:00:00,5.75,26.5,6.32,5.95,8.32,12.52,1.42,0.63,11.75,,,,,,,,59.25,0.82,247.5,0.0,0.0,376.5,738.75,
2024-09-25 13:00:00,4.0,15.0,5.9,3.98,6.9,12.5,0.3,0.61,11.06,,,,,,,,58.0,0.78,217.25,0.0,0.0,332.75,738.0,
2024-09-25 14:00:00,2.5,24.5,4.25,4.6,5.95,12.23,1.85,0.6,10.23,,,,,,,,65.5,1.23,211.75,0.0,0.0,263.0,737.75,
2024-09-25 15:00:00,8.75,39.5,4.3,4.32,5.78,12.35,2.25,0.6,7.76,,,,,,,,68.5,1.62,213.75,0.0,0.0,196.75,737.0,
2024-09-25 16:00:00,16.5,56.25,9.12,8.0,11.65,12.08,3.55,0.63,7.82,,,,,,,,72.5,1.05,215.0,0.0,0.0,72.75,737.0,
2024-09-25 17:00:00,24.25,57.75,5.42,5.1,7.12,11.92,3.9,0.63,7.51,,,,,,,,82.75,0.95,201.75,3.0,3.0,7.75,737.0,
2024-09-25 18:00:00,19.75,26.25,4.72,5.22,6.62,11.55,4.08,0.66,10.1,,,,,,,,85.75,1.8,219.0,0.0,0.0,4.5,737.0,
2024-09-25 19:00:00,5.0,9.0,5.58,4.75,7.05,11.55,3.58,0.7,10.54,,,,,,,,85.25,2.02,217.5,0.0,0.0,5.25,738.0,
2024-09-25 20:00:00,11.75,21.75,5.07,5.32,6.95,12.7,3.88,0.73,10.92,,,,,,,,84.0,0.9,244.0,0.0,0.0,6.25,738.25,
2024-09-25 21:00:00,20.75,29.0,5.55,4.95,7.15,13.6,4.22,0.73,12.4,,,,,,,,84.25,0.57,140.25,0.0,0.0,6.5,739.0,
2024-09-25 22:00:00,12.25,15.0,4.62,3.42,5.55,13.45,4.97,0.67,12.15,,,,,,,,86.25,2.55,157.5,6.5,6.5,4.25,740.0,
2024-09-25 23:00:00,6.0,9.0,5.52,4.45,6.82,12.75,5.2,0.65,12.72,,,,,,,,88.0,0.65,138.75,0.0,0.0,3.75,739.0,
2024-09-26 00:00:00,2.75,,4.55,3.35,5.48,13.58,2.25,0.63,11.51,,,,,,,,88.5,0.57,156.75,0.0,0.0,3.75,739.0,
2024-09-26 01:00:00,2.0,10.0,4.92,2.9,5.58,12.88,1.3,0.62,11.76,,,,,,,,88.75,1.05,217.5,0.0,0.0,4.5,739.0,
2024-09-26 02:00:00,1.0,13.5,6.52,1.75,6.2,12.95,3.85,0.63,12.4,,,,,,,,88.0,0.45,240.5,0.0,0.0,5.75,738.25,
2024-09-26 03:00:00,2.25,20.25,6.4,3.35,6.98,13.05,5.22,0.63,14.32,,,,,,,,88.0,0.3,245.25,0.0,0.0,5.75,738.0,
2024-09-26 04:00:00,7.25,10.0,6.42,5.92,8.38,13.72,2.62,0.61,15.9,,,,,,,,88.0,0.3,247.25,0.0,0.0,6.0,738.0,
2024-09-26 05:00:00,10.25,13.5,7.5,6.25,9.45,13.78,1.18,0.61,16.22,,,,,,,,88.0,0.3,275.75,0.0,0.0,6.75,738.25,
2024-09-26 06:00:00,14.0,21.25,10.45,7.08,12.28,13.68,5.8,0.67,15.79,,,,,,,,87.75,0.3,255.25,0.0,0.0,9.0,739.0,
2024-09-26 07:00:00,30.75,38.75,10.8,6.4,12.18,13.38,7.52,0.69,15.92,,,,,,,,86.75,0.32,273.0,0.0,0.0,26.25,739.75,
2024-09-26 08:00:00,25.5,34.0,11.8,5.88,12.72,13.38,6.35,0.75,15.45,,,,,,,,85.0,0.32,264.5,0.0,0.0,65.75,740.25,
2024-09-26 09:00:00,23.0,36.5,14.08,7.35,15.32,12.92,4.75,0.81,14.66,,,,,,,,80.75,0.3,271.25,0.0,0.0,121.25,740.75,
2024-09-26 10:00:00,25.75,53.0,13.28,8.22,15.18,12.88,5.32,0.85,14.68,,,,,,,,75.25,0.38,240.25,0.0,0.0,159.0,741.0,
2024-09-26 11:00:00,17.25,52.0,11.75,10.1,14.92,11.9,4.82,0.84,13.24,,,,,,,,70.25,0.5,261.5,0.0,0.0,255.0,740.5,
2024-09-26 12:00:00,19.25,46.0,5.35,7.82,8.5,12.78,4.88,0.8,11.67,,,,,,,,67.25,0.38,268.5,0.0,0.0,236.0,740.0,
2024-09-26 13:00:00,14.0,37.0,4.55,6.55,7.18,12.72,4.78,0.73,9.7,,,,,,,,66.75,0.3,248.25,0.0,0.0,198.0,739.0,
2024-09-26 14:00:00,13.5,38.25,3.68,6.0,6.22,12.38,5.22,0.71,9.8,,,,,,,,69.0,0.4,207.75,0.0,0.0,222.25,739.0,
2024-09-26 15:00:00,12.25,42.25,4.47,6.3,6.98,11.52,5.08,0.67,10.85,,,,,,,,72.5,0.62,221.0,0.0,0.0,129.0,738.0,
2024-09-26 16:00:00,12.75,45.75,5.05,7.98,8.32,11.0,3.82,0.71,10.86,,,,,,,,74.0,0.6,216.75,0.0,0.0,70.25,738.0,
2024-09-26 17:00:00,13.25,55.25,5.05,10.7,9.77,9.22,2.12,0.76,11.16,,,,,,,,75.25,0.52,220.0,0.0,0.0,30.25,738.0,
2024-09-26 18:00:00,16.25,60.0,5.9,10.1,10.18,9.48,3.78,0.78,11.76,,,,,,,,76.75,0.75,217.0,0.0,0.0,12.25,738.75,
2024-09-26 19:00:00,15.0,59.5,5.15,7.08,7.95,10.2,4.8,0.81,11.58,,,,,,,,78.0,0.57,211.25,0.0,0.0,11.75,739.0,
2024-09-26 20:00:00,18.25,48.25,6.52,5.15,8.05,11.35,4.97,0.81,11.41,,,,,,,,78.75,0.78,212.25,0.0,0.0,11.75,739.75,
2024-09-26 21:00:00,17.0,43.75,5.6,4.88,7.15,12.4,5.7,0.76,12.39,,,,,,,,79.25,0.7,212.25,0.0,0.0,11.5,740.0,
2024-09-26 22:00:00,10.5,35.75,7.93,4.22,8.72,12.5,3.12,0.74,10.85,,,,,,,,80.75,0.65,212.25,0.0,0.0,11.25,740.0,
2024-09-26 23:00:00,9.75,32.75,6.88,3.8,7.6,13.4,1.65,0.72,10.8,,,,,,,,81.75,0.57,219.25,0.0,0.0,11.0,740.0,
2024-09-27 00:00:00,12.25,35.5,5.9,4.03,6.95,13.58,2.62,0.74,11.78,,,,,,,,82.0,0.32,224.25,0.0,0.0,10.75,740.0,
2024-09-27 01:00:00,13.25,35.5,7.72,2.48,7.62,12.72,2.2,0.76,10.94,,,,,,,,82.0,0.3,233.5,0.0,0.0,11.75,740.0,
2024-09-27 02:00:00,13.75,30.5,8.05,5.22,9.32,13.15,3.8,0.68,14.8,,,,,,,,83.75,0.3,291.0,0.0,0.0,12.0,739.0,
2024-09-27 03:00:00,13.75,29.5,6.9,4.5,8.02,13.25,3.52,0.68,14.55,,,,,,,,85.0,0.3,284.5,0.0,0.0,12.0,739.5,
2024-09-27 04:00:00,16.25,30.5,7.62,4.38,8.52,13.55,4.68,0.66,14.14,,,,,,,,84.25,0.3,257.75,0.0,0.0,11.75,739.75,
2024-09-27 05:00:00,15.25,31.25,8.72,2.75,8.57,13.9,4.75,0.61,15.54,,,,,,,,84.0,0.38,236.75,0.0,0.0,11.5,740.0,
2024-09-27 06:00:00,12.5,36.25,8.45,3.9,8.95,13.92,3.42,0.65,15.34,,,,,,,,84.0,0.32,264.25,0.0,0.0,26.25,740.0,
2024-09-27 07:00:00,23.25,36.5,8.65,4.78,9.55,13.62,2.35,0.7,15.15,,,,,,,,81.25,0.4,274.0,0.0,0.0,98.25,740.75,
2024-09-27 08:00:00,30.0,52.25,8.6,3.62,8.9,13.8,1.85,0.72,14.24,,,,,,,,74.75,0.4,270.25,0.0,0.0,189.5,741.5,
2024-09-27 09:00:00,23.5,53.0,9.0,6.52,10.75,12.2,1.82,0.77,13.26,,,,,,,,69.75,0.45,269.25,0.0,0.0,315.5,742.0,
2024-09-27 10:00:00,29.5,64.5,13.02,7.68,14.65,12.3,2.52,0.77,11.88,,,,,,,,66.5,0.55,267.75,0.0,0.0,375.75,742.0,
2024-09-27 11:00:00,25.0,69.0,9.15,6.1,10.65,12.15,2.88,0.76,9.42,,,,,,,,63.5,0.5,237.25,0.0,0.0,355.25,742.0,
2024-09-27 12:00:00,22.25,55.0,6.32,5.85,8.25,12.12,3.35,0.69,11.72,,,,,,,,70.25,1.38,212.5,0.0,0.0,185.75,741.0,
2024-09-27 13:00:00,13.0,42.75,5.12,6.02,7.35,12.3,4.12,0.63,12.08,,,,,,,,70.5,1.6,217.0,0.0,0.0,205.0,740.5,
2024-09-27 14:00:00,10.25,50.5,119.1,10.2,102.3,25.75,5.15,0.8,15.16,,,,,,,,69.0,1.62,218.0,0.0,0.0,218.0,740.0,
2024-09-27 15:00:00,10.25,48.25,6.38,6.45,8.62,13.2,6.95,0.82,15.74,,,,,,,,70.75,1.2,217.0,0.0,0.0,101.5,740.0,
2024-09-27 16:00:00,8.0,46.75,5.0,6.72,7.65,11.22,3.88,0.74,14.94,,,,,,,,73.25,0.4,191.5,0.0,0.0,47.75,740.0,
2024-09-27 17:00:00,8.75,49.0,4.38,7.25,7.4,8.73,1.35,0.8,14.92,,,,,,,,73.25,0.38,231.25,0.0,0.0,33.25,740.5,
2024-09-27 18:00:00,11.75,44.0,3.68,7.92,7.22,8.78,3.35,0.78,14.34,,,,,,,,77.0,0.57,220.5,0.0,0.0,15.0,741.0,
2024-09-27 19:00:00,16.75,48.5,4.62,6.95,7.45,8.98,4.65,0.83,15.39,,,,,,,,78.5,0.38,222.25,0.0,0.0,14.5,741.0,
2024-09-27 20:00:00,25.0,63.0,6.3,5.28,7.93,9.82,5.85,0.87,15.49,,,,,,,,79.75,0.3,221.75,0.0,0.0,14.25,741.25,
2024-09-27 21:00:00,21.75,62.0,6.38,5.52,8.12,11.18,6.1,0.87,15.78,,,,,,,,80.75,0.3,265.75,0.0,0.0,13.25,742.0,
2024-09-27 22:00:00,12.25,50.75,7.15,7.52,9.8,10.32,4.58,0.83,15.67,,,,,,,,82.0,0.3,277.0,0.0,0.0,12.5,742.0,
2024-09-27 23:00:00,14.25,53.0,8.22,5.9,9.8,11.05,4.78,0.82,15.89,,,,,,,,82.0,0.3,258.5,0.0,0.0,12.5,741.75,
2024-09-28 00:00:00,17.25,58.0,9.02,6.48,10.77,11.15,5.72,0.82,15.14,,,,,,,,82.25,0.3,234.0,0.0,0.0,13.0,741.0,
2024-09-28 01:00:00,15.25,78.25,11.7,8.4,13.98,10.75,4.88,0.83,15.53,,,,,,,,83.25,0.3,279.5,0.0,0.0,13.5,741.0,
2024-09-28 02:00:00,17.5,92.25,12.82,8.0,14.68,11.58,6.88,0.82,15.6,,,,,,,,83.75,0.3,283.5,0.0,0.0,13.5,741.0,
2024-09-28 03:00:00,21.75,83.0,14.6,7.45,15.85,12.12,7.98,0.82,16.19,,,,,,,,83.25,0.3,256.5,0.0,0.0,13.5,740.25,
2024-09-28 04:00:00,22.25,84.75,18.65,6.75,18.73,12.2,4.45,0.82,15.88,,,,,,,,84.75,0.3,271.5,0.0,0.0,13.5,741.0,
2024-09-28 05:00:00,26.5,111.5,16.23,6.85,16.85,17.3,3.65,0.78,17.36,,,,,,,,84.25,0.3,298.75,0.0,0.0,4.0,741.0,
2024-09-28 06:00:00,28.0,68.0,17.5,7.7,18.35,20.5,2.15,0.8,16.07,,,,,,,,84.0,0.3,293.0,0.0,0.0,6.5,741.0,
2024-09-28 07:00:00,28.0,68.0,8.9,4.87,10.55,11.63,6.45,0.98,15.68,,,,,,,,78.67,0.3,293.33,0.0,0.0,76.0,742.33,
2024-09-28 08:00:00,21.0,79.0,15.6,4.2,14.9,11.5,4.18,0.81,15.23,,,,,,,,76.0,0.3,178.5,0.0,0.0,155.0,743.0,
2024-09-28 09:00:00,19.0,69.0,12.72,5.4,13.22,13.35,4.1,0.84,15.56,,,,,,,,71.5,0.3,251.5,0.0,0.0,194.0,743.0,
2024-09-28 10:00:00,11.75,38.0,11.75,3.08,11.2,11.65,5.72,0.77,14.44,,,,,,,,66.5,0.4,219.5,0.0,0.0,347.0,743.0,
2024-09-28 11:00:00,9.5,37.5,9.07,3.18,9.07,11.08,5.75,0.78,14.62,,,,,,,,70.75,0.9,201.5,0.0,0.0,342.5,742.75,
2024-09-28 12:00:00,13.0,43.25,7.95,3.98,8.55,10.12,5.6,0.76,15.3,,,,,,,,71.5,0.55,260.0,0.0,0.0,229.75,742.0,
2024-09-28 13:00:00,9.25,36.25,6.5,2.15,6.42,10.15,5.32,0.74,15.78,,,,,,,,68.5,0.52,221.0,0.0,0.0,251.5,741.0,
2024-09-28 14:00:00,6.25,27.5,5.38,2.8,5.82,9.62,3.38,0.69,15.88,,,,,,,,65.75,1.0,202.5,0.0,0.0,318.5,741.0,
2024-09-28 15:00:00,4.25,21.0,4.5,2.82,5.18,11.23,3.5,0.69,15.03,,,,,,,,66.75,1.45,203.75,0.0,0.0,225.75,740.75,
2024-09-28 16:00:00,5.0,33.0,6.38,2.58,6.55,10.85,3.85,0.64,15.79,,,,,,,,71.25,1.5,205.25,0.0,0.0,123.75,740.75,
2024-09-28 17:00:00,6.5,34.5,6.75,2.1,6.6,11.65,4.3,0.64,15.09,,,,,,,,75.0,0.8,216.25,0.0,0.0,31.0,741.0,
2024-09-28 18:00:00,10.75,37.75,6.6,4.32,7.65,11.98,5.6,0.65,15.44,,,,,,,,77.5,0.52,212.75,0.0,0.0,9.0,741.0,
2024-09-28 19:00:00,11.5,34.25,6.85,3.2,7.28,11.72,4.85,0.69,15.08,,,,,,,,78.5,0.48,213.0,0.0,0.0,9.25,741.25,
2024-09-28 20:00:00,15.25,35.0,7.1,3.18,7.42,11.42,4.22,0.69,15.22,,,,,,,,78.5,0.55,208.25,0.0,0.0,9.5,742.0,
2024-09-28 21:00:00,13.0,35.0,7.62,2.85,7.72,11.98,3.62,0.72,15.88,,,,,,,,78.5,0.7,215.0,0.0,0.0,9.5,742.75,
2024-09-28 22:00:00,12.0,31.25,8.12,2.55,7.98,12.02,3.4,0.69,15.5,,,,,,,,79.0,0.8,215.5,0.0,0.0,9.5,742.5,
2024-09-28 23:00:00,8.25,18.0,7.3,1.92,6.95,13.73,3.5,0.7,15.85,,,,,,,,78.25,0.72,213.5,0.0,0.0,9.0,742.0,
2024-09-29 00:00:00,5.25,12.0,6.82,1.62,6.4,12.88,6.15,0.64,15.2,,,,,,,,79.0,0.75,219.25,0.0,0.0,8.75,742.0,
2024-09-29 01:00:00,2.75,12.25,5.6,2.62,5.95,12.85,6.42,0.64,15.42,,,,,,,,79.5,0.3,218.0,0.0,0.0,8.75,741.5,
2024-09-29 02:00:00,1.75,12.5,8.65,2.3,7.6,12.7,3.98,0.62,16.27,,,,,,,,80.5,0.38,220.0,0.0,0.0,8.75,741.0,
2024-09-29 03:00:00,1.0,14.25,8.15,2.48,7.95,12.15,3.92,0.62,15.78,,,,,,,,79.75,0.4,225.25,0.0,0.0,9.25,741.0,
2024-09-29 04:00:00,1.0,20.5,7.58,2.05,7.28,12.0,4.88,0.61,16.57,,,,,,,,81.0,0.3,263.75,0.0,0.0,9.75,741.25,
2024-09-29 05:00:00,2.25,20.25,10.82,3.18,10.48,12.38,3.92,0.62,17.03,,,,,,,,83.25,0.3,278.25,0.0,0.0,10.0,742.0,
2024-09-29 06:00:00,6.75,53.5,14.25,3.48,13.45,12.0,4.55,0.66,16.35,,,,,,,,83.5,0.3,272.5,0.0,0.0,24.5,742.5,
2024-09-29 07:00:00,10.25,52.25,12.25,2.48,11.25,13.32,4.45,0.68,16.55,,,,,,,,78.25,0.3,275.25,0.0,0.0,114.25,743.5,
2024-09-29 08:00:00,12.25,23.5,10.88,2.33,10.05,14.3,6.18,0.63,15.75,,,,,,,,73.5,0.32,262.5,0.0,0.0,177.5,744.0,
2024-09-29 09:00:00,6.0,17.5,10.32,1.92,9.45,14.12,6.72,0.64,16.1,,,,,,,,71.0,0.4,256.25,0.0,0.0,254.5,744.0,
2024-09-29 10:00:00,3.0,20.75,9.88,1.9,9.05,13.18,5.08,0.6,16.96,,,,,,,,66.5,1.35,216.0,0.0,0.0,420.25,744.0,
2024-09-29 11:00:00,3.0,19.25,8.65,1.62,7.92,11.9,3.85,0.59,16.32,,,,,,,,65.25,1.6,212.25,0.0,0.0,432.75,743.0,
2024-09-29 12:00:00,2.0,23.5,8.0,1.82,7.5,10.55,3.42,0.56,16.49,,,,,,,,68.0,2.28,208.0,0.0,0.0,429.5,742.75,
2024-09-29 13:00:00,2.5,14.75,7.5,2.75,6.72,10.3,3.2,0.56,16.21,,,,,,,,68.25,1.8,209.0,0.0,0.0,388.75,741.75,
2024-09-29 14:00:00,4.25,10.5,7.8,1.55,7.18,9.43,1.58,0.56,16.54,,,,,,,,69.25,2.75,213.25,0.0,0.0,326.25,741.0,
2024-09-29 15:00:00,4.75,9.25,7.72,2.22,7.45,10.25,1.18,0.55,16.29,,,,,,,,69.0,2.4,212.5,0.0,0.0,235.75,741.0,
2024-09-29 16:00:00,4.0,11.25,7.38,1.78,6.9,11.25,4.75,0.53,15.94,,,,,,,,71.0,1.68,213.5,0.0,0.0,129.0,741.0,
2024-09-29 17:00:00,,16.25,7.7,1.27,6.8,11.05,5.85,0.54,16.0,,,,,,,,73.25,0.9,219.25,0.0,0.0,34.25,741.0,
2024-09-29 18:00:00,,17.25,7.08,1.18,6.4,11.45,3.8,0.56,16.54,,,,,,,,75.0,0.62,214.75,0.0,0.0,10.0,741.25,
2024-09-29 19:00:00,2.0,12.25,8.93,2.22,8.43,10.8,3.2,0.6,16.0,,,,,,,,76.5,0.62,216.75,0.0,0.0,9.75,741.75,
2024-09-29 20:00:00,2.25,20.25,8.95,2.35,8.55,9.62,2.7,0.61,16.7,,,,,,,,76.0,0.68,216.75,0.0,0.0,10.25,742.75,
2024-09-29 21:00:00,3.75,15.0,9.15,1.18,8.05,10.12,2.65,0.62,16.4,,,,,,,,76.5,0.62,216.0,0.0,0.0,10.5,743.0,
2024-09-29 22:00:00,5.25,14.25,9.1,2.27,8.28,10.25,5.42,0.58,16.85,,,,,,,,77.25,0.62,216.5,0.0,0.0,10.5,743.0,
2024-09-29 23:00:00,3.0,10.5,8.85,1.3,7.7,11.38,6.85,0.58,16.14,,,,,,,,77.5,0.68,217.5,0.0,0.0,9.75,742.75,
2024-09-30 00:00:00,,6.25,9.1,1.15,8.0,11.82,5.15,0.58,16.26,,,,,,,,78.0,0.32,224.0,0.0,0.0,9.5,742.0,
2024-09-30 01:00:00,,6.75,9.68,1.62,8.7,11.58,5.0,0.58,16.75,,,,,,,,78.0,0.3,241.5,0.0,0.0,9.5,742.0,
2024-09-30 02:00:00,,4.75,10.05,0.9,8.65,12.35,5.45,0.55,16.03,,,,,,,,80.0,0.3,279.25,0.0,0.0,9.5,741.75,
2024-09-30 03:00:00,,5.75,10.68,2.1,9.8,11.55,5.7,0.57,16.09,,,,,,,,81.0,0.3,269.5,0.0,0.0,9.75,742.0,
2024-09-30 04:00:00,,17.5,11.28,1.48,9.95,11.28,5.35,0.57,16.75,,,,,,,,82.5,0.3,272.5,0.0,0.0,10.0,742.0,
2024-09-30 05:00:00,5.0,20.0,13.08,4.05,12.8,10.52,5.55,0.58,16.44,,,,,,,,84.0,0.3,289.0,0.0,0.0,10.5,742.0,
2024-09-30 06:00:00,10.0,49.0,14.78,3.82,14.05,11.18,3.02,0.64,16.68,,,,,,,,83.75,0.3,278.25,0.0,0.0,21.25,743.0,
2024-09-30 07:00:00,21.75,42.25,13.8,3.45,13.0,12.22,2.6,0.64,16.12,,,,,,,,78.0,0.3,282.25,0.0,0.0,116.5,743.5,
2024-09-30 08:00:00,11.75,34.75,13.02,2.28,11.8,13.25,4.4,0.64,16.38,,,,,,,,74.5,0.3,271.0,0.0,0.0,117.5,744.0,
2024-09-30 09:00:00,10.0,44.25,11.92,2.58,11.08,12.65,5.32,0.64,16.79,,,,,,,,70.0,0.3,246.25,0.0,0.0,163.75,744.0,
2024-09-30 10:00:00,6.0,41.25,11.5,2.72,10.8,12.4,5.18,0.6,16.06,,,,,,,,68.0,0.72,215.0,0.0,0.0,361.0,744.0,
2024-09-30 11:00:00,2.5,41.75,9.3,1.35,8.28,11.9,4.2,0.57,16.46,,,,,,,,65.25,1.02,209.75,0.0,0.0,437.0,743.75,
2024-09-30 12:00:00,1.0,25.25,6.38,1.9,6.2,10.45,2.7,0.56,15.69,,,,,,,,67.75,2.0,213.0,0.0,0.0,437.75,743.0,
2024-09-30 13:00:00,2.0,30.0,5.38,2.52,5.72,9.5,2.25,0.53,15.93,,,,,,,,66.75,1.8,216.0,0.0,0.0,359.0,742.25,
2024-09-30 14:00:00,2.0,23.25,5.25,2.55,5.62,8.88,3.72,0.53,16.39,,,,,,,,67.25,1.32,218.75,0.0,0.0,326.0,742.0,
2024-09-30 15:00:00,,20.75,6.72,1.72,6.38,9.1,4.65,0.52,16.33,,,,,,,,65.5,1.3,214.0,0.0,0.0,235.0,741.25,
2024-09-30 16:00:00,,21.0,5.92,1.42,5.6,9.82,6.25,0.51,15.84,,,,,,,,69.5,1.25,209.75,0.0,0.0,132.0,741.0,
2024-09-30 17:00:00,,24.0,6.0,2.8,6.38,9.18,7.3,0.54,14.64,,,,,,,,75.0,0.92,214.75,0.0,0.0,35.5,741.0,
2024-09-30 18:00:00,,24.0,6.68,2.4,6.72,9.6,2.78,0.56,14.82,,,,,,,,77.25,0.57,211.0,0.0,0.0,10.25,741.0,
2024-09-30 19:00:00,14.0,24.75,7.62,2.3,7.42,9.28,1.15,0.62,15.62,,,,,,,,77.0,0.38,213.5,0.0,0.0,10.0,741.25,
2024-09-30 20:00:00,15.0,29.0,9.22,3.02,9.12,8.38,1.75,0.6,16.23,,,,,,,,77.25,0.3,222.5,0.0,0.0,10.5,742.0,
2024-09-30 21:00:00,15.25,35.0,9.75,1.85,8.93,9.0,2.7,0.63,16.0,,,,,,,,78.25,0.3,252.75,0.0,0.0,10.5,742.0,
2024-09-30 22:00:00,7.0,31.75,9.62,3.02,9.43,9.5,3.35,0.66,16.69,,,,,,,,79.0,0.3,261.5,0.0,0.0,10.5,742.0,
2024-09-30 23:00:00,7.0,22.0,10.67,1.53,9.47,9.6,3.97,0.66,16.39,,,,,,,,79.67,0.3,275.0,0.0,0.0,10.67,742.0,
2024-10-01 00:00:00,2.5,18.5,10.62,2.28,9.88,11.32,4.12,0.64,15.82,,,,,,,,80.25,0.3,246.0,0.0,0.0,9.5,741.25,
2024-10-01 01:00:00,1.0,20.25,11.38,3.0,10.82,11.0,4.28,0.65,15.83,,,,,,,,81.5,0.3,256.0,0.0,0.0,9.25,741.0,
2024-10-01 02:00:00,,11.75,10.62,3.02,10.25,11.38,5.2,0.61,16.76,,,,,,,,82.0,0.3,264.75,0.0,0.0,8.75,740.75,
2024-10-01 03:00:00,,11.25,11.85,2.58,11.0,10.88,5.6,0.61,16.39,,,,,,,,82.5,0.3,265.25,0.0,0.0,9.25,740.75,
2024-10-01 04:00:00,1.0,11.25,12.12,2.98,11.42,10.58,2.58,0.6,16.27,,,,,,,,83.25,0.3,275.0,0.0,0.0,9.5,741.0,
2024-10-01 05:00:00,1.5,10.5,11.72,2.4,10.45,10.68,1.55,0.6,16.44,,,,,,,,84.0,0.3,271.25,0.0,0.0,9.75,741.0,
2024-10-01 06:00:00,7.0,21.25,12.42,2.88,11.62,10.58,3.12,0.65,16.77,,,,,,,,83.75,0.3,269.75,0.0,0.0,19.25,741.0,
2024-10-01 07:00:00,19.5,45.5,13.0,3.72,12.58,11.35,3.6,0.66,15.8,,,,,,,,78.5,0.32,281.0,0.0,0.0,110.0,742.0,
2024-10-01 08:00:00,20.0,57.0,12.05,2.78,11.3,12.35,3.75,0.64,16.04,,,,,,,,74.25,0.32,273.0,0.0,0.0,155.0,742.5,
2024-10-01 09:00:00,13.75,37.0,11.05,2.58,10.38,11.6,3.7,0.64,16.16,,,,,,,,70.0,0.38,270.0,0.0,0.0,240.5,742.75,
2024-10-01 10:00:00,5.5,24.5,10.18,2.15,9.38,11.98,4.45,0.64,16.43,,,,,,,,66.25,0.65,241.5,0.0,0.0,309.25,742.25,
2024-10-01 11:00:00,9.25,33.25,10.15,3.02,9.82,11.1,4.82,0.63,16.48,,,,,,,,65.5,1.15,215.75,0.0,0.0,388.5,741.75,
2024-10-01 12:00:00,7.0,36.5,10.28,2.52,9.7,9.1,4.53,0.55,16.42,,,,,,,,65.75,1.55,218.75,0.0,0.0,428.75,741.0,
2024-10-01 13:00:00,6.75,29.5,6.7,2.95,7.02,7.82,3.92,0.48,16.64,,,,,,,,65.75,1.5,216.0,0.0,0.0,391.75,741.0,
2024-10-01 14:00:00,5.75,17.5,6.15,3.25,6.72,7.3,2.17,0.52,16.74,,,,,,,,66.0,1.75,214.75,0.0,0.0,324.25,740.25,
2024-10-01 15:00:00,4.5,29.25,4.82,4.35,6.22,7.43,1.23,0.51,15.94,,,,,,,,67.75,1.78,217.25,0.0,0.0,231.5,740.0,
2024-10-01 16:00:00,3.0,23.0,5.4,2.1,5.5,9.68,5.55,0.54,16.78,,,,,,,,69.0,1.35,218.5,0.0,0.0,127.75,740.0,
2024-10-01 17:00:00,3.0,19.5,6.8,1.45,6.28,9.2,7.48,0.57,16.02,,,,,,,,73.25,0.88,221.25,0.0,0.0,28.0,740.0,
2024-10-01 18:00:00,6.5,24.0,8.05,3.02,8.2,9.55,4.75,0.56,16.08,,,,,,,,75.75,0.45,220.0,0.0,0.0,10.5,740.0,
2024-10-01 19:00:00,14.5,40.0,7.72,3.45,8.1,9.5,3.4,0.6,15.98,,,,,,,,77.0,0.68,215.25,0.0,0.0,10.75,740.75,
2024-10-01 20:00:00,7.0,30.0,9.1,2.72,8.85,8.73,3.88,0.6,15.84,,,,,,,,78.0,0.7,219.25,0.0,0.0,11.25,741.75,
2024-10-01 21:00:00,7.0,17.75,8.4,2.25,8.05,8.6,3.28,0.61,16.24,,,,,,,,78.0,0.57,218.75,0.0,0.0,11.5,742.0,
2024-10-01 22:00:00,8.0,17.0,10.42,2.28,9.7,9.18,4.22,0.65,17.07,,,,,,,,78.0,0.43,230.5,0.0,0.0,11.25,742.0,
2024-10-01 23:00:00,9.75,18.0,9.4,2.15,8.82,9.75,5.22,0.64,16.31,,,,,,,,78.5,0.32,241.75,0.0,0.0,11.25,741.75,
2024-10-02 00:00:00,5.25,18.75,9.25,2.22,8.72,11.08,1.92,0.64,16.15,,,,,,,,80.0,0.3,261.25,0.0,0.0,10.5,741.0,
2024-10-02 01:00:00,2.75,11.75,10.2,2.62,9.68,11.08,1.25,0.64,16.75,,,,,,,,81.0,0.3,274.0,0.0,0.0,10.25,741.0,
2024-10-02 02:00:00,1.75,9.75,10.17,0.9,8.55,11.35,5.08,0.58,16.37,,,,,,,,82.0,0.5,279.5,0.0,0.0,10.25,740.25,
2024-10-02 03:00:00,1.0,7.0,9.8,2.35,9.22,10.78,6.48,0.58,15.66,,,,,,,,82.75,0.38,265.25,0.0,0.0,10.0,740.5,
2024-10-02 04:00:00,2.5,13.25,10.38,1.9,9.43,10.9,5.45,0.58,16.14,,,,,,,,83.5,0.35,279.0,0.0,0.0,10.5,741.0,
2024-10-02 05:00:00,7.5,22.75,10.58,2.6,9.95,10.68,4.25,0.58,16.73,,,,,,,,84.0,0.32,279.5,0.0,0.0,10.75,741.0,
2024-10-02 06:00:00,14.25,31.5,10.75,3.1,10.38,10.92,4.32,0.66,15.77,,,,,,,,83.25,0.42,279.5,0.0,0.0,22.0,741.0,
2024-10-02 07:00:00,25.0,52.0,10.18,1.72,9.18,11.1,3.52,0.64,16.29,,,,,,,,79.0,1.3,281.25,0.0,0.0,113.25,741.75,
2024-10-02 08:00:00,11.5,30.25,9.65,2.07,8.6,11.98,2.3,0.65,15.47,,,,,,,,73.75,1.25,278.5,0.0,0.0,234.25,742.25,
2024-10-02 09:00:00,14.0,36.5,8.3,2.45,8.07,11.52,2.08,0.65,15.34,,,,,,,,67.0,0.8,274.0,0.0,0.0,335.0,742.75,
2024-10-02 10:00:00,8.25,35.0,7.35,1.97,6.75,11.8,3.55,0.58,15.76,,,,,,,,62.25,1.0,273.75,0.0,0.0,396.0,742.0,
2024-10-02 11:00:00,16.25,50.25,7.02,2.2,6.88,10.22,3.15,0.56,15.2,,,,,,,,59.75,0.95,275.5,0.0,0.0,423.75,741.5,
2024-10-02 12:00:00,32.5,85.5,4.82,2.75,5.4,9.02,2.0,0.54,14.93,,,,,,,,59.0,1.02,270.75,0.0,0.0,426.25,741.0,
2024-10-02 13:00:00,14.75,50.0,4.25,1.32,4.18,8.7,1.18,0.53,14.61,,,,,,,,58.5,0.82,269.0,0.0,0.0,333.75,740.75,
2024-10-02 14:00:00,13.75,42.25,4.08,2.22,4.5,8.57,5.0,0.57,14.24,,,,,,,,59.75,1.0,242.0,0.0,0.0,299.25,740.0,
2024-10-02 15:00:00,21.75,53.75,3.52,3.45,4.7,8.22,6.1,0.58,14.08,,,,,,,,65.5,2.58,217.5,0.0,0.0,220.5,740.0,
2024-10-02 16:00:00,19.5,46.75,3.15,2.48,3.85,9.9,3.48,0.64,14.55,,,,,,,,68.25,2.7,218.5,0.0,0.0,122.5,740.0,
2024-10-02 17:00:00,15.75,37.25,4.38,2.65,4.97,10.12,3.5,0.65,14.77,,,,,,,,72.5,1.0,220.25,0.0,0.0,34.25,740.0,
2024-10-02 18:00:00,15.0,37.75,2.98,3.38,4.2,9.7,3.12,0.59,14.16,,,,,,,,76.0,0.72,224.0,0.0,0.0,10.5,740.0,
2024-10-02 19:00:00,6.0,34.5,3.82,2.7,4.55,10.58,3.5,0.62,14.88,,,,,,,,77.0,0.77,225.5,0.0,0.0,10.5,741.0,
2024-10-02 20:00:00,8.25,28.25,6.0,2.05,5.95,8.45,3.9,0.63,14.84,,,,,,,,78.0,0.55,223.75,0.0,0.0,10.75,741.5,
2024-10-02 21:00:00,15.0,32.75,5.32,2.25,5.52,9.57,3.42,0.65,15.7,,,,,,,,78.0,0.45,244.75,0.0,0.0,11.0,742.0,
2024-10-02 22:00:00,13.75,35.0,5.72,3.52,6.52,9.1,3.7,0.66,15.55,,,,,,,,76.75,0.5,242.0,0.0,0.0,11.0,742.0,
2024-10-02 23:00:00,12.0,35.0,5.52,3.18,6.2,9.38,3.08,0.64,14.62,,,,,,,,69.75,0.48,256.25,0.0,0.0,11.25,741.75,
2024-10-03 00:00:00,16.25,30.75,5.03,3.55,6.0,10.42,3.68,0.64,14.06,,,,,,,,71.75,0.38,247.25,0.0,0.0,10.5,741.0,
2024-10-03 01:00:00,10.75,19.0,5.78,2.8,6.2,9.22,3.82,0.62,14.56,,,,,,,,73.75,0.3,270.25,0.0,0.0,10.5,740.5,
2024-10-03 02:00:00,9.25,20.75,4.05,1.98,4.35,9.5,5.35,0.55,14.76,,,,,,,,74.75,0.48,261.25,0.0,0.0,10.5,740.0,
2024-10-03 03:00:00,6.75,15.5,4.22,1.85,4.45,9.48,6.12,0.54,14.0,,,,,,,,76.5,0.48,254.0,0.0,0.0,10.75,740.5,
2024-10-03 04:00:00,5.75,12.75,3.55,3.0,4.47,9.55,4.38,0.6,14.12,,,,,,,,76.25,0.32,259.0,0.0,0.0,10.75,741.0,
2024-10-03 05:00:00,5.5,18.0,4.7,2.62,5.22,9.3,3.0,0.6,15.02,,,,,,,,76.0,0.32,278.75,0.0,0.0,11.0,741.0,
2024-10-03 06:00:00,12.75,34.25,4.6,4.5,6.12,9.7,4.7,0.63,14.86,,,,,,,,74.25,0.3,279.75,0.0,0.0,36.25,741.0,
2024-10-03 07:00:00,30.75,80.0,4.88,4.08,6.18,10.1,5.95,0.65,15.24,,,,,,,,71.0,0.35,277.5,0.0,0.0,113.0,741.5,
2024-10-03 08:00:00,32.75,80.5,5.6,3.85,6.62,11.2,4.97,0.69,14.83,,,,,,,,65.75,0.4,275.75,0.0,0.0,223.75,742.0,
2024-10-03 09:00:00,31.25,108.25,4.85,3.92,6.02,10.15,3.82,0.7,14.37,,,,,,,,61.5,0.57,264.25,0.0,0.0,317.0,742.0,
2024-10-03 10:00:00,30.5,103.0,3.95,3.92,5.3,10.35,3.38,0.65,14.36,,,,,,,,59.25,0.72,270.75,0.0,0.0,388.5,741.75,
2024-10-03 11:00:00,33.75,88.25,2.48,5.62,4.97,9.88,3.72,0.62,11.71,,,,,,,,57.75,0.68,242.5,0.0,0.0,413.25,741.0,
2024-10-03 12:00:00,27.75,68.25,3.05,3.9,4.55,8.6,3.3,0.63,10.3,,,,,,,,56.25,0.65,226.75,0.0,0.0,405.0,741.0,
2024-10-03 13:00:00,22.25,62.0,2.75,3.35,3.98,8.18,2.95,0.6,10.14,,,,,,,,57.75,0.85,148.0,0.0,0.0,349.25,740.5,
2024-10-03 14:00:00,28.25,69.0,2.0,3.42,3.45,9.4,4.47,0.62,7.88,,,,,,,,67.25,2.58,212.0,0.0,0.0,271.5,739.75,
2024-10-03 15:00:00,37.5,75.0,2.92,4.88,4.97,8.7,5.78,0.63,7.58,,,,,,,,73.0,1.32,174.5,4.5,4.5,93.75,739.0,
2024-10-03 16:00:00,36.5,66.25,2.47,8.68,6.6,9.95,4.48,0.68,10.94,,,,,,,,85.75,0.35,203.5,2.5,2.5,18.5,739.0,
2024-10-03 17:00:00,11.0,13.0,5.22,14.58,11.98,10.72,3.78,0.8,13.94,,,,,,,,83.0,0.32,245.25,0.0,0.0,14.75,739.0,
2024-10-03 18:00:00,31.0,67.0,6.35,12.55,11.85,9.93,1.92,0.86,14.72,,,,,,,,79.0,0.3,232.75,0.0,0.0,4.75,739.25,
2024-10-03 19:00:00,36.0,68.5,6.5,11.78,11.52,10.1,1.58,0.95,14.19,,,,,,,,78.25,0.32,266.75,0.0,0.0,4.75,740.0,
2024-10-03 20:00:00,50.5,72.5,7.42,9.3,11.0,9.93,2.95,0.96,14.57,,,,,,,,75.5,0.35,254.75,0.0,0.0,5.75,740.5,
2024-10-03 21:00:00,43.75,67.5,7.92,8.75,11.12,9.72,2.3,0.96,15.76,,,,,,,,77.0,0.35,215.5,0.0,0.0,6.75,741.0,
2024-10-03 22:00:00,27.5,59.0,8.7,9.18,11.92,10.35,2.2,0.97,15.65,,,,,,,,79.75,0.3,288.75,0.0,0.0,6.75,741.0,
2024-10-03 23:00:00,25.0,65.0,8.68,5.4,9.93,10.9,2.58,0.93,15.38,,,,,,,,78.25,0.32,276.5,0.0,0.0,6.75,741.0,
2024-10-04 00:00:00,24.5,,9.0,5.32,10.15,11.72,3.9,0.91,14.69,,,,,,,,78.75,0.65,147.5,0.0,0.0,5.75,741.0,
2024-10-04 01:00:00,34.5,,9.28,6.15,10.82,11.42,4.08,0.92,14.98,,,,,,,,79.0,0.3,281.75,0.0,0.0,5.75,740.0,
2024-10-04 02:00:00,41.0,,9.02,5.2,10.1,11.82,5.68,0.85,15.76,,,,,,,,80.5,0.32,291.5,0.0,0.0,5.75,739.75,
2024-10-04 03:00:00,33.0,,9.77,2.62,9.38,11.8,5.62,0.82,15.34,,,,,,,,81.0,0.65,277.75,0.0,0.0,5.75,740.0,
2024-10-04 04:00:00,18.75,,9.55,2.98,9.32,11.08,2.55,0.79,14.76,,,,,,,,80.75,0.4,281.5,0.0,0.0,6.5,740.0,
2024-10-04 05:00:00,18.5,,8.65,3.48,8.9,10.92,2.28,0.78,14.44,,,,,,,,82.0,0.32,287.25,0.0,0.0,7.25,740.25,
2024-10-04 06:00:00,14.25,,8.57,5.4,9.85,10.72,3.58,0.79,16.07,,,,,,,,81.25,0.3,286.25,0.0,0.0,28.75,740.75,
2024-10-04 07:00:00,24.75,,8.25,4.15,8.93,11.38,4.45,0.79,15.11,,,,,,,,77.25,0.4,278.75,0.0,0.0,119.25,741.0,
2024-10-04 08:00:00,27.75,,9.15,4.8,9.98,12.18,4.35,0.78,15.81,,,,,,,,70.25,0.45,261.75,0.0,0.0,233.0,742.0,
2024-10-04 09:00:00,28.0,,7.85,3.98,8.5,12.52,4.38,0.77,15.18,,,,,,,,65.75,0.52,234.5,0.0,0.0,308.5,742.0,
2024-10-04 10:00:00,19.75,17.0,5.22,3.75,6.28,12.65,3.48,0.68,13.67,,,,,,,,62.25,0.6,168.5,0.0,0.0,373.0,742.0,
2024-10-04 11:00:00,13.25,20.0,3.55,4.78,5.42,12.08,3.97,0.65,12.73,,,,,,,,60.75,0.4,224.5,0.0,0.0,415.25,741.5,
2024-10-04 12:00:00,14.5,31.0,2.5,3.72,4.03,10.07,1.85,0.64,9.94,,,,,,,,59.5,0.48,156.75,0.0,0.0,374.5,741.0,
2024-10-04 13:00:00,19.75,40.25,2.22,6.0,5.03,10.07,0.32,0.65,7.7,,,,,,,,64.5,0.6,169.5,0.0,0.0,262.75,740.75,
2024-10-04 14:00:00,27.0,46.25,2.95,4.78,4.92,9.75,1.9,0.66,9.17,,,,,,,,69.75,0.65,199.5,0.0,0.0,267.0,740.0,
2024-10-04 15:00:00,16.25,35.75,2.15,4.38,4.1,11.0,2.15,0.65,7.07,,,,,,,,70.25,0.88,203.0,0.0,0.0,206.75,739.75,
2024-10-04 16:00:00,20.0,38.25,1.58,4.47,3.65,12.85,3.92,0.66,6.41,,,,,,,,72.0,0.57,198.5,0.0,0.0,105.75,739.0,
2024-10-04 17:00:00,22.75,41.75,2.9,4.45,4.72,13.15,4.0,0.7,8.12,,,,,,,,74.75,0.43,198.0,0.0,0.0,27.5,739.5,
2024-10-04 18:00:00,31.5,51.25,3.3,4.7,5.2,12.88,5.0,0.7,8.62,,,,,,,,77.25,0.55,211.5,0.0,0.0,8.5,740.0,
2024-10-04 19:00:00,32.75,56.5,3.92,4.78,5.7,13.25,4.38,0.74,9.21,,,,,,,,78.5,0.5,220.75,0.0,0.0,8.5,741.0,
2024-10-04 20:00:00,29.25,57.75,3.97,4.08,5.38,12.45,4.42,0.73,11.43,,,,,,,,80.75,0.4,226.75,0.0,0.0,9.25,741.0,
2024-10-04 21:00:00,18.75,45.25,5.8,2.58,6.08,11.58,3.45,0.72,13.41,,,,,,,,81.5,0.3,243.0,0.0,0.0,9.5,741.75,
2024-10-04 22:00:00,10.75,33.5,4.5,2.55,5.0,11.92,4.47,0.73,14.07,,,,,,,,82.5,0.3,272.25,0.0,0.0,9.25,741.25,
2024-10-04 23:00:00,9.5,29.5,4.85,4.55,6.35,11.58,4.25,0.72,14.52,,,,,,,,77.0,0.57,264.5,0.0,0.0,9.0,741.5,
2024-10-05 00:00:00,20.75,61.25,4.5,5.62,6.68,13.82,3.1,0.72,14.19,,,,,,,,76.25,0.32,273.75,0.0,0.0,8.5,741.0,
2024-10-05 01:00:00,27.0,79.0,4.03,3.85,5.3,13.0,3.38,0.71,13.86,,,,,,,,77.5,0.9,281.5,0.0,0.0,8.5,740.75,
2024-10-05 02:00:00,11.0,19.0,4.9,2.82,5.5,12.88,3.55,0.64,13.72,,,,,,,,80.0,0.92,258.0,0.0,0.0,8.5,740.0,
2024-10-05 03:00:00,7.25,10.75,3.72,2.22,4.2,13.5,3.2,0.62,13.58,,,,,,,,79.0,0.78,250.75,0.0,0.0,8.75,740.0,
2024-10-05 04:00:00,6.25,12.75,3.42,2.25,3.98,11.85,2.58,0.62,13.36,,,,,,,,80.25,0.8,252.5,0.0,0.0,9.0,740.75,
2024-10-05 05:00:00,12.75,23.75,3.78,3.85,5.15,11.88,1.98,0.62,14.01,,,,,,,,81.0,0.48,255.0,0.0,0.0,9.5,741.0,
2024-10-05 06:00:00,19.75,50.75,3.95,3.62,5.18,11.45,3.22,0.65,14.04,,,,,,,,80.25,0.35,216.0,0.0,0.0,29.0,741.0,
2024-10-05 07:00:00,16.0,27.75,4.25,2.38,4.72,12.05,3.72,0.65,14.15,,,,,,,,76.5,0.5,209.5,0.0,0.0,82.75,741.0,
2024-10-05 08:00:00,15.0,32.0,4.7,1.72,4.72,16.55,1.35,0.7,15.12,,,,,,,,71.25,0.5,201.0,0.0,0.0,184.25,741.75,
2024-10-05 09:00:00,12.0,29.0,3.6,3.5,4.85,20.05,2.6,0.68,11.62,,,,,,,,68.0,0.55,133.0,0.0,0.0,243.0,742.0,
2024-10-05 10:00:00,26.0,,3.95,4.93,6.1,12.25,7.13,0.78,14.28,,,,,,,,66.5,0.32,135.5,0.0,0.0,221.5,742.0,
2024-10-05 11:00:00,28.0,,2.85,3.65,4.25,11.8,7.45,0.97,10.6,,,,,,,,63.75,0.3,116.0,0.0,0.0,294.5,741.75,
2024-10-05 12:00:00,35.0,,2.05,6.1,4.92,11.82,4.42,0.72,5.74,,,,,,,,63.0,0.32,180.75,0.0,0.0,208.5,741.0,
2024-10-05 13:00:00,41.5,81.0,3.12,7.68,6.65,11.85,4.62,0.8,4.64,,,,,,,,72.0,0.45,172.25,0.75,0.75,67.75,740.5,
2024-10-05 14:00:00,47.5,77.25,3.9,8.48,7.7,11.5,1.3,0.87,10.68,,,,,,,,69.75,0.38,212.5,0.0,0.0,46.0,740.0,
2024-10-05 15:00:00,35.0,67.5,3.52,7.38,6.78,11.28,0.88,0.94,10.72,,,,,,,,70.25,0.3,189.25,0.0,0.0,84.25,740.0,
2024-10-05 16:00:00,38.0,72.25,4.08,5.7,6.35,11.32,1.52,0.92,8.19,,,,,,,,73.0,0.3,137.5,0.0,0.0,54.0,740.0,
2024-10-05 17:00:00,36.25,68.25,3.92,4.58,5.62,11.75,2.62,0.95,9.2,,,,,,,,77.75,0.48,219.0,0.0,0.0,26.25,740.0,
2024-10-05 18:00:00,29.75,51.5,3.6,5.4,5.8,12.7,5.0,0.93,11.71,,,,,,,,81.0,0.48,220.5,0.0,0.0,11.25,740.5,
2024-10-05 19:00:00,24.75,44.25,4.15,5.8,6.45,11.48,5.03,0.95,12.47,,,,,,,,81.5,0.4,220.0,0.0,0.0,11.5,741.0,
2024-10-05 20:00:00,25.0,47.25,3.92,5.68,6.2,11.88,5.1,0.96,12.9,,,,,,,,82.5,0.35,240.0,0.0,0.0,11.5,741.0,
2024-10-05 21:00:00,35.5,51.75,5.55,4.8,7.08,11.48,4.72,0.96,13.82,,,,,,,,82.0,0.3,265.25,0.0,0.0,10.75,742.0,
2024-10-05 22:00:00,30.75,46.0,6.0,4.03,7.02,11.85,4.08,0.92,13.42,,,,,,,,80.25,0.3,249.75,0.0,0.0,11.75,742.0,
2024-10-05 23:00:00,29.5,52.5,6.0,5.15,7.6,12.42,4.3,0.94,14.14,,,,,,,,80.0,0.3,218.5,0.0,0.0,12.25,741.75,
2024-10-06 00:00:00,33.25,70.25,6.58,7.22,9.22,12.42,3.65,0.95,15.06,,,,,,,,81.5,0.3,253.5,0.0,0.0,12.5,741.0,
2024-10-06 01:00:00,47.75,88.0,6.92,6.15,8.93,12.35,2.28,0.94,15.27,,,,,,,,81.5,0.3,307.0,0.0,0.0,12.5,741.0,
2024-10-06 02:00:00,42.25,74.75,6.78,5.28,8.32,13.08,3.08,0.92,15.04,,,,,,,,80.0,0.3,294.25,0.0,0.0,12.0,741.0,
2024-10-06 03:00:00,39.25,77.25,7.55,7.8,10.3,13.78,3.68,0.94,15.91,,,,,,,,81.25,0.3,304.5,0.0,0.0,11.5,741.0,
2024-10-06 04:00:00,44.5,90.25,8.52,8.3,11.38,13.05,4.4,0.89,15.62,,,,,,,,80.25,0.3,264.25,0.0,0.0,11.5,741.0,
2024-10-06 05:00:00,38.5,79.75,9.45,8.18,12.0,13.25,4.2,0.88,16.18,,,,,,,,80.0,0.3,321.25,0.0,0.0,11.75,741.0,
2024-10-06 06:00:00,35.0,95.5,10.88,7.82,13.02,13.27,4.05,0.89,16.45,,,,,,,,79.75,0.3,272.0,0.0,0.0,32.25,741.0,
2024-10-06 07:00:00,41.5,87.75,11.88,7.4,13.55,13.62,3.55,0.91,15.83,,,,,,,,75.5,0.3,277.75,0.0,0.0,85.75,742.0,
2024-10-06 08:00:00,57.0,108.25,10.68,6.98,12.38,13.65,5.12,0.94,13.91,,,,,,,,70.75,0.3,252.0,0.0,0.0,238.0,743.0,
2024-10-06 09:00:00,67.75,111.5,9.48,5.75,10.75,13.7,6.18,0.94,12.09,,,,,,,,65.25,0.32,224.75,0.0,0.0,336.75,743.0,
2024-10-06 10:00:00,48.5,82.25,7.48,5.4,8.98,12.9,3.28,0.88,11.74,,,,,,,,64.25,0.5,201.25,0.0,0.0,376.0,743.0,
2024-10-06 11:00:00,29.5,50.25,6.72,3.88,7.58,12.75,3.18,0.86,11.96,,,,,,,,62.0,0.52,184.25,0.0,0.0,414.25,742.75,
2024-10-06 12:00:00,28.5,41.5,4.68,3.95,5.92,12.55,3.58,0.8,12.58,,,,,,,,64.25,0.85,195.0,0.0,0.0,413.75,741.75,
2024-10-06 13:00:00,20.25,37.0,4.45,2.82,5.12,12.18,3.68,0.78,12.5,,,,,,,,66.5,0.72,192.0,0.0,0.0,359.0,741.0,
2024-10-06 14:00:00,17.75,29.75,5.5,2.52,5.82,11.85,2.82,0.72,12.97,,,,,,,,65.75,0.65,188.25,0.0,0.0,308.25,741.0,
2024-10-06 15:00:00,17.25,34.5,3.82,2.75,4.58,10.75,3.0,0.7,12.14,,,,,,,,67.5,0.57,186.0,0.0,0.0,223.25,740.75,
2024-10-06 16:00:00,19.5,31.75,3.78,3.15,4.72,10.78,3.75,0.69,11.54,,,,,,,,72.25,0.55,196.5,0.0,0.0,98.25,741.0,
2024-10-06 17:00:00,25.5,29.25,2.65,3.8,4.2,12.05,4.2,0.7,5.4,,,,,,,,76.25,0.5,199.0,0.0,0.0,31.5,740.25,
2024-10-06 18:00:00,28.25,32.0,2.98,3.65,4.4,13.58,3.98,0.72,4.78,,,,,,,,77.75,0.32,201.5,0.0,0.0,15.0,741.0,
2024-10-06 19:00:00,23.0,28.75,3.58,3.2,4.6,13.72,3.88,0.73,5.64,,,,,,,,78.0,0.3,205.25,0.0,0.0,14.0,741.0,
2024-10-06 20:00:00,23.25,30.25,5.25,4.32,6.58,13.65,3.18,0.73,5.84,,,,,,,,78.0,0.32,216.0,0.0,0.0,13.5,742.0,
2024-10-06 21:00:00,24.25,37.75,4.78,4.35,6.2,14.32,3.0,0.77,6.3,,,,,,,,78.25,0.3,219.25,0.0,0.0,13.5,742.0,
2024-10-06 22:00:00,23.75,36.75,5.05,2.72,5.55,14.72,3.08,0.74,5.16,,,,,,,,79.5,0.3,218.75,0.0,0.0,14.0,742.0,
2024-10-06 23:00:00,19.75,29.75,4.78,3.02,5.5,14.6,3.1,0.74,6.42,,,,,,,,80.25,0.3,217.75,0.0,0.0,14.5,742.0,
2024-10-07 00:00:00,18.0,33.5,4.55,1.65,4.55,14.72,2.45,0.72,5.72,,,,,,,,80.0,0.3,212.0,0.0,0.0,15.25,742.0,
2024-10-07 01:00:00,17.5,27.25,4.62,2.52,5.12,14.65,2.58,0.72,5.8,,,,,,,,80.75,0.3,204.5,0.0,0.0,15.0,741.25,
2024-10-07 02:00:00,25.0,46.5,5.38,4.2,6.62,15.22,3.4,0.69,7.14,,,,,,,,81.5,0.3,228.75,0.0,0.0,14.0,741.0,
2024-10-07 03:00:00,25.25,42.0,5.22,5.15,6.98,15.22,3.68,0.69,10.53,,,,,,,,82.0,0.3,252.25,0.0,0.0,13.5,741.0,
2024-10-07 04:00:00,25.0,49.75,5.78,4.62,7.18,15.45,2.48,0.66,10.47,,,,,,,,82.25,0.3,254.0,0.0,0.0,13.5,741.0,
2024-10-07 05:00:00,23.25,49.5,5.3,6.82,7.93,15.48,2.45,0.67,9.88,,,,,,,,82.0,0.3,254.0,0.0,0.0,13.75,741.25,
2024-10-07 06:00:00,31.75,70.25,6.48,9.85,10.52,15.32,3.52,0.71,12.38,,,,,,,,82.0,0.3,254.0,0.0,0.0,33.25,742.0,
2024-10-07 07:00:00,44.25,92.5,7.05,8.57,10.3,15.2,3.7,0.74,10.5,,,,,,,,77.5,0.3,213.0,0.0,0.0,113.0,742.75,
2024-10-07 08:00:00,35.5,61.75,5.9,3.4,6.62,15.2,3.02,0.75,7.86,,,,,,,,73.0,0.38,200.0,0.0,0.0,225.0,743.5,
2024-10-07 09:00:00,24.75,45.0,5.7,3.08,6.28,15.18,1.78,0.73,8.22,,,,,,,,71.0,0.45,181.25,0.0,0.0,295.5,744.0,
2024-10-07 10:00:00,24.0,42.25,4.88,3.35,5.8,15.05,2.45,0.69,8.99,,,,,,,,68.75,0.52,192.75,0.0,0.0,374.0,743.75,
2024-10-07 11:00:00,21.75,43.0,4.15,3.1,5.03,14.65,3.0,0.66,8.48,,,,,,,,68.25,0.72,192.25,0.0,0.0,422.25,743.0,
2024-10-07 12:00:00,16.0,40.0,2.82,3.0,3.92,13.18,2.6,0.6,7.31,,,,,,,,68.75,0.92,196.75,0.0,0.0,414.5,742.75,
2024-10-07 13:00:00,19.0,30.5,2.42,3.02,3.62,12.65,4.28,0.56,6.6,,,,,,,,67.5,0.77,194.5,0.0,0.0,377.0,742.0,
2024-10-07 14:00:00,19.5,30.0,2.42,2.48,3.3,12.75,5.03,0.57,6.64,,,,,,,,69.0,0.62,196.0,0.0,0.0,243.25,741.75,
2024-10-07 15:00:00,20.75,33.25,2.88,2.82,3.88,12.58,4.55,0.57,8.52,,,,,,,,68.75,0.57,199.0,0.0,0.0,196.5,741.0,
2024-10-07 16:00:00,20.0,33.75,3.02,2.65,3.88,13.08,3.3,0.57,8.14,,,,,,,,70.0,0.52,195.25,0.0,0.0,109.25,741.0,
2024-10-07 17:00:00,18.5,34.0,3.03,1.63,3.1,13.95,2.5,0.59,8.57,,,,,,,,73.0,0.32,199.75,0.0,0.0,23.0,741.0,
2024-10-07 18:00:00,15.75,36.5,3.58,2.78,4.35,14.68,5.45,0.64,8.34,,,,,,,,74.5,0.32,194.5,0.0,0.0,15.25,741.75,
2024-10-07 19:00:00,21.0,34.25,4.28,2.58,4.85,14.05,6.28,0.66,8.43,,,,,,,,75.25,0.3,198.25,0.0,0.0,14.5,742.0,
2024-10-07 20:00:00,20.75,32.25,4.47,3.2,5.32,13.72,3.18,0.66,8.45,,,,,,,,75.0,0.3,200.75,0.0,0.0,14.5,743.0,
2024-10-07 21:00:00,21.0,34.0,4.88,4.12,6.12,13.82,2.88,0.68,8.69,,,,,,,,75.75,0.3,209.0,0.0,0.0,14.5,743.0,
2024-10-07 22:00:00,21.5,33.5,5.48,2.33,5.68,14.55,4.1,0.66,8.57,,,,,,,,76.5,0.3,224.25,0.0,0.0,14.25,743.0,
2024-10-07 23:00:00,12.75,21.75,5.98,2.58,6.25,15.48,4.38,0.69,10.15,,,,,,,,77.0,0.3,228.5,0.0,0.0,14.5,743.0,
2024-10-08 00:00:00,10.75,22.25,6.12,4.7,7.48,15.72,2.6,0.7,12.3,,,,,,,,78.75,0.3,278.25,0.0,0.0,14.5,742.75,
2024-10-08 01:00:00,13.25,30.5,5.7,2.68,6.02,15.78,2.62,0.69,12.41,,,,,,,,79.5,0.3,280.5,0.0,0.0,14.5,742.0,
2024-10-08 02:00:00,8.0,18.5,5.2,4.7,6.78,16.05,4.15,0.65,13.05,,,,,,,,81.75,0.3,276.0,0.0,0.0,11.5,742.0,
2024-10-08 03:00:00,19.0,34.25,6.8,8.05,9.82,14.25,5.03,0.64,14.92,,,,,,,,82.25,0.3,255.5,0.0,0.0,12.5,741.75,
2024-10-08 04:00:00,26.0,64.25,7.52,7.12,9.9,13.98,3.95,0.63,15.68,,,,,,,,83.0,0.3,59.0,0.0,0.0,13.25,742.0,
2024-10-08 05:00:00,22.75,43.0,7.15,3.75,7.85,12.95,3.18,0.61,13.04,,,,,,,,83.5,0.4,163.75,0.0,0.0,10.25,742.0,
2024-10-08 06:00:00,10.0,17.75,9.22,10.28,13.0,12.88,4.97,0.69,14.33,,,,,,,,83.5,0.3,248.75,0.0,0.0,39.0,742.5,
2024-10-08 07:00:00,26.5,31.25,9.0,7.12,11.08,14.45,6.88,0.68,14.18,,,,,,,,79.25,0.3,198.25,0.0,0.0,123.0,743.25,
2024-10-08 08:00:00,23.25,31.25,8.52,5.03,9.6,14.38,4.22,0.72,12.02,,,,,,,,74.0,0.3,145.75,0.0,0.0,159.0,744.0,
2024-10-08 09:00:00,27.5,40.75,7.32,4.22,8.25,14.52,2.48,0.74,9.98,,,,,,,,71.25,0.3,215.25,0.0,0.0,182.25,744.0,
2024-10-08 10:00:00,25.75,44.5,6.08,4.4,7.3,16.32,2.88,0.71,9.18,,,,,,,,68.25,0.42,183.5,0.0,0.0,398.75,744.0,
2024-10-08 11:00:00,15.0,28.75,6.2,2.98,6.6,13.95,2.2,0.7,11.24,,,,,,,,67.75,0.72,191.25,0.0,0.0,425.5,743.25,
2024-10-08 12:00:00,11.75,21.0,5.85,2.78,6.22,12.0,2.48,0.63,10.06,,,,,,,,66.75,0.6,178.75,0.0,0.0,418.25,742.5,
2024-10-08 13:00:00,10.5,21.75,5.35,3.53,6.22,11.3,2.33,0.62,8.8,,,,,,,,66.75,0.68,184.75,0.0,0.0,377.75,742.0,
2024-10-08 14:00:00,11.75,32.0,5.48,2.42,5.78,11.18,5.78,0.61,8.19,,,,,,,,66.25,0.65,183.5,0.0,0.0,307.0,741.75,
2024-10-08 15:00:00,18.0,28.75,5.1,2.28,5.32,11.55,6.85,0.6,7.88,,,,,,,,68.0,0.8,195.5,0.0,0.0,217.75,741.0,
2024-10-08 16:00:00,10.75,28.25,4.05,2.52,4.6,11.58,5.8,0.58,12.21,,,,,,,,69.5,0.6,190.25,0.0,0.0,115.25,741.0,
2024-10-08 17:00:00,7.5,29.0,4.22,3.18,5.12,11.65,4.52,0.6,12.14,,,,,,,,73.5,0.35,195.25,0.0,0.0,24.0,741.0,
2024-10-08 18:00:00,8.25,27.75,4.9,2.5,5.32,11.78,4.65,0.62,12.79,,,,,,,,75.25,0.3,186.25,0.0,0.0,10.0,741.75,
2024-10-08 19:00:00,6.5,25.75,6.05,3.35,6.7,12.9,5.88,0.64,13.51,,,,,,,,74.25,0.3,191.75,0.0,0.0,9.25,742.0,
2024-10-08 20:00:00,9.0,28.5,5.58,4.53,6.95,10.72,3.35,0.64,12.39,,,,,,,,75.5,0.35,200.25,0.0,0.0,8.75,742.25,
2024-10-08 21:00:00,12.0,22.25,5.78,3.75,6.68,11.58,1.88,0.66,12.32,,,,,,,,76.0,0.3,193.0,0.0,0.0,8.5,743.0,
2024-10-08 22:00:00,10.75,23.75,5.62,2.45,5.88,11.68,1.62,0.64,12.59,,,,,,,,76.25,0.42,197.0,0.0,0.0,8.5,743.0,
2024-10-08 23:00:00,6.0,14.0,6.28,3.95,7.2,12.8,0.52,0.64,12.56,,,,,,,,77.5,0.3,231.25,0.0,0.0,8.75,742.25,
2024-10-09 00:00:00,3.0,5.0,6.08,2.23,5.75,14.1,4.3,0.64,13.02,,,,,,,,84.0,0.4,207.5,1.5,1.5,3.25,741.75,
2024-10-09 01:00:00,4.0,,6.58,3.88,7.4,14.0,5.7,0.63,14.72,,,,,,,,85.0,0.3,253.75,0.0,0.0,3.75,741.0,
2024-10-09 02:00:00,3.5,10.0,7.98,5.38,9.35,13.45,4.97,0.62,15.53,,,,,,,,84.0,0.3,282.0,0.0,0.0,4.75,741.0,
2024-10-09 03:00:00,4.25,12.5,20.38,8.82,21.28,13.72,4.18,0.64,16.86,,,,,,,,85.0,0.3,276.75,0.0,0.0,4.5,741.0,
2024-10-09 04:00:00,12.0,19.25,15.35,8.43,17.0,12.35,2.48,0.62,15.71,,,,,,,,85.75,0.3,262.0,0.0,0.0,4.5,741.0,
2024-10-09 05:00:00,17.0,21.25,18.8,8.18,19.65,11.68,1.75,0.63,15.33,,,,,,,,86.0,0.3,242.25,0.0,0.0,5.0,741.0,
2024-10-09 06:00:00,23.0,35.25,16.5,8.05,17.73,11.32,2.5,0.67,15.33,,,,,,,,85.75,0.3,204.0,0.0,0.0,18.5,742.0,
2024-10-09 07:00:00,20.75,34.25,15.92,5.22,15.72,12.8,2.95,0.68,15.13,,,,,,,,80.5,0.3,248.75,0.0,0.0,98.5,742.25,
2024-10-09 08:00:00,14.75,20.75,13.65,6.02,14.32,13.98,5.03,0.72,14.18,,,,,,,,73.25,0.35,224.0,0.0,0.0,139.0,743.0,
2024-10-09 09:00:00,15.75,22.5,12.42,4.12,12.28,13.5,6.25,0.75,13.88,,,,,,,,77.5,0.72,204.75,0.0,0.0,216.75,743.0,
2024-10-09 10:00:00,12.0,21.0,11.45,2.85,10.78,13.4,3.65,0.69,13.21,,,,,,,,67.75,0.48,177.0,0.0,0.0,427.25,743.0,
2024-10-09 11:00:00,11.0,23.0,9.62,3.5,9.7,12.95,2.62,0.66,13.04,,,,,,,,65.5,0.65,203.5,0.0,0.0,439.25,742.5,
2024-10-09 12:00:00,9.75,21.25,8.57,2.9,8.5,11.2,2.72,0.59,12.14,,,,,,,,67.75,0.8,199.75,0.0,0.0,423.75,741.75,
2024-10-09 13:00:00,5.75,16.0,9.43,2.05,8.72,10.95,3.38,0.56,12.99,,,,,,,,67.75,0.75,205.25,0.0,0.0,373.75,741.0,
2024-10-09 14:00:00,4.5,9.0,5.72,2.88,6.2,11.25,2.1,0.54,12.58,,,,,,,,68.5,0.62,202.5,0.0,0.0,297.0,740.5,
2024-10-09 15:00:00,3.0,9.0,4.5,3.18,5.35,9.78,2.35,0.52,13.08,,,,,,,,68.25,0.52,203.5,0.0,0.0,236.75,740.0,
2024-10-09 16:00:00,10.0,13.0,5.52,1.63,4.93,10.75,3.0,0.55,13.55,,,,,,,,69.75,0.52,203.0,0.0,0.0,132.75,740.0,
2024-10-09 17:00:00,9.25,17.5,5.35,2.45,5.6,12.6,3.15,0.58,13.52,,,,,,,,74.0,0.48,211.25,0.0,0.0,21.25,740.0,
2024-10-09 18:00:00,6.75,29.75,6.02,3.78,6.88,11.32,3.9,0.6,14.05,,,,,,,,75.0,0.32,208.75,0.0,0.0,9.25,740.0,
2024-10-09 19:00:00,6.75,25.5,6.6,3.2,7.08,12.38,3.52,0.64,14.36,,,,,,,,76.25,0.32,207.75,0.0,0.0,8.75,740.75,
2024-10-09 20:00:00,10.5,27.25,7.25,5.3,8.68,10.95,2.45,0.63,14.42,,,,,,,,76.0,0.32,211.0,0.0,0.0,8.5,741.0,
2024-10-09 21:00:00,21.0,42.5,8.1,3.3,8.32,11.45,2.0,0.63,13.84,,,,,,,,76.25,0.3,205.0,0.0,0.0,8.5,741.0,
2024-10-09 22:00:00,33.25,51.0,8.48,3.62,8.8,11.95,4.65,0.66,14.04,,,,,,,,77.0,0.3,213.5,0.0,0.0,8.5,741.25,
2024-10-09 23:00:00,13.75,26.0,7.8,3.42,8.2,12.08,5.75,0.64,13.34,,,,,,,,78.0,0.3,220.75,0.0,0.0,8.75,741.0,
2024-10-10 00:00:00,6.75,20.5,6.25,3.12,6.75,13.27,5.78,0.66,13.68,,,,,,,,78.0,0.3,222.5,0.0,0.0,8.75,741.0,
2024-10-10 01:00:00,5.0,12.5,8.12,2.5,7.95,13.38,5.28,0.67,13.91,,,,,,,,78.5,0.3,255.75,0.0,0.0,8.75,740.0,
2024-10-10 02:00:00,4.75,14.0,9.78,4.05,10.12,13.95,4.45,0.64,16.13,,,,,,,,80.25,0.32,274.75,0.0,0.0,8.75,740.0,
2024-10-10 03:00:00,13.0,23.0,7.68,1.45,7.02,14.35,5.7,0.63,14.95,,,,,,,,85.75,0.73,126.5,6.5,6.5,3.75,740.0,
2024-10-10 04:00:00,,1.0,8.62,1.6,7.88,12.25,2.28,0.54,14.64,,,,,,,,87.75,0.62,187.25,0.75,0.75,2.5,740.0,
2024-10-10 05:00:00,,1.0,7.07,1.92,6.75,11.05,0.57,0.53,13.92,,,,,,,,88.0,0.3,130.5,0.5,0.5,2.75,740.0,
2024-10-10 06:00:00,1.0,,8.18,5.45,9.55,10.15,3.22,0.58,14.57,,,,,,,,87.75,0.55,115.75,0.0,0.0,7.5,741.0,
2024-10-10 07:00:00,1.0,,10.75,7.42,12.7,11.05,3.6,0.62,15.68,,,,,,,,86.0,0.62,103.25,0.0,0.0,43.75,741.0,
2024-10-10 08:00:00,,,10.25,6.28,11.68,12.35,5.32,0.7,14.87,,,,,,,,85.25,1.08,102.75,0.0,0.0,84.5,742.0,
2024-10-10 09:00:00,,,11.28,5.78,12.25,12.72,5.28,0.73,16.02,,,,,,,,84.0,0.65,134.5,0.0,0.0,71.25,742.0,
2024-10-10 10:00:00,8.0,12.0,9.95,4.75,10.62,12.85,4.6,0.68,15.16,,,,,,,,82.0,0.72,130.0,0.0,0.0,151.0,742.0,
2024-10-10 11:00:00,7.0,10.5,10.2,2.4,9.6,13.05,4.35,0.66,13.98,,,,,,,,73.0,0.68,156.25,0.0,0.0,396.75,741.25,
2024-10-10 12:00:00,3.5,6.0,9.82,2.1,9.07,11.35,4.53,0.58,13.73,,,,,,,,73.25,0.48,173.5,0.0,0.0,236.0,740.75,
2024-10-10 13:00:00,2.0,9.0,9.43,2.17,8.82,10.6,4.12,0.56,12.98,,,,,,,,71.25,0.45,189.25,0.0,0.0,270.5,740.0,
2024-10-10 14:00:00,2.0,8.0,9.7,1.65,8.75,10.07,4.03,0.58,12.36,,,,,,,,71.0,0.35,165.0,0.0,0.0,246.75,739.5,
2024-10-10 15:00:00,2.75,5.5,8.3,2.72,8.22,10.15,4.35,0.57,11.33,,,,,,,,72.25,0.38,188.0,0.0,0.0,168.0,739.0,
2024-10-10 16:00:00,4.75,9.25,7.45,2.6,7.48,11.8,5.5,0.62,12.68,,,,,,,,73.0,0.32,191.5,0.0,0.0,85.75,739.0,
2024-10-10 17:00:00,4.0,14.25,7.95,3.48,8.3,11.65,5.65,0.64,13.24,,,,,,,,77.75,0.3,183.5,0.0,0.0,15.5,739.0,
2024-10-10 18:00:00,4.25,9.75,8.6,3.52,8.88,11.28,4.12,0.64,13.44,,,,,,,,79.0,0.3,191.5,0.0,0.0,7.5,739.75,
2024-10-10 19:00:00,6.0,14.5,7.88,5.1,9.1,11.75,2.88,0.68,14.16,,,,,,,,78.75,0.3,222.5,0.0,0.0,7.0,740.0,
2024-10-10 20:00:00,9.75,25.0,9.9,6.4,11.48,10.3,4.72,0.71,15.6,,,,,,,,78.75,0.3,213.0,0.0,0.0,6.75,740.5,
2024-10-10 21:00:00,14.25,37.0,9.75,7.48,11.88,9.48,4.72,0.75,15.2,,,,,,,,78.25,0.3,218.5,0.0,0.0,6.75,741.0,
2024-10-10 22:00:00,17.75,40.5,9.22,7.3,11.38,8.98,3.8,0.74,14.73,,,,,,,,79.0,0.3,220.0,0.0,0.0,6.75,741.0,
2024-10-10 23:00:00,7.5,22.25,9.4,5.95,10.82,9.45,3.42,0.71,14.41,,,,,,,,79.75,0.3,219.25,0.0,0.0,7.0,741.0,
2024-10-11 00:00:00,5.0,17.25,9.0,4.88,9.93,11.2,5.08,0.74,15.02,,,,,,,,80.0,0.3,214.0,0.0,0.0,7.0,740.0,
2024-10-11 01:00:00,6.75,33.75,15.98,8.75,17.7,11.15,4.97,0.78,15.75,,,,,,,,82.0,0.3,192.75,0.0,0.0,7.0,740.0,
2024-10-11 02:00:00,20.25,79.25,19.98,9.38,21.2,11.02,2.68,0.79,16.43,,,,,,,,83.75,0.3,104.0,0.0,0.0,7.0,740.0,
2024-10-11 03:00:00,22.5,80.5,24.38,7.45,23.8,11.3,2.68,0.9,16.27,,,,,,,,84.5,0.3,199.75,0.0,0.0,7.0,740.0,
2024-10-11 04:00:00,33.0,88.75,25.72,7.65,25.0,11.25,2.85,0.94,15.99,,,,,,,,86.0,0.3,279.0,0.0,0.0,6.75,740.0,
2024-10-11 05:00:00,28.75,58.0,26.05,7.78,25.3,11.0,2.95,0.98,15.78,,,,,,,,86.0,0.3,301.5,0.0,0.0,7.0,740.0,
2024-10-11 06:00:00,41.0,64.25,26.0,8.9,25.85,10.62,2.52,0.98,15.28,,,,,,,,85.75,0.38,206.25,0.0,0.0,20.75,740.25,
2024-10-11 07:00:00,31.25,49.75,23.68,9.15,24.12,10.28,2.1,0.92,15.38,,,,,,,,84.0,0.32,92.75,0.0,0.0,74.75,741.0,
2024-10-11 08:00:00,17.0,29.0,20.55,6.98,20.4,11.5,5.68,0.94,15.24,,,,,,,,74.5,0.3,150.75,0.0,0.0,216.25,742.0,
2024-10-11 09:00:00,7.75,23.75,17.58,4.22,16.55,11.45,7.65,0.9,14.86,,,,,,,,71.0,0.32,203.5,0.0,0.0,256.5,742.0,
2024-10-11 10:00:00,7.0,26.0,14.28,2.8,13.1,11.5,6.08,0.79,12.11,,,,,,,,70.0,0.5,190.0,0.0,0.0,354.75,742.0,
2024-10-11 11:00:00,11.0,16.0,10.98,3.55,10.8,11.88,4.85,0.75,10.87,,,,,,,,70.0,0.72,180.5,0.0,0.0,363.5,741.5,
2024-10-11 12:00:00,11.0,16.0,6.6,4.12,7.57,10.68,3.82,0.65,12.31,,,,,,,,69.75,0.85,202.75,0.0,0.0,403.0,741.0,
2024-10-11 13:00:00,,,5.03,3.15,5.75,9.55,3.38,0.57,13.29,,,,,,,,68.5,0.82,199.25,0.0,0.0,392.0,740.5,
2024-10-11 14:00:00,4.0,,4.4,2.38,4.85,8.57,2.4,0.56,13.97,,,,,,,,70.25,0.65,205.75,0.0,0.0,279.75,740.0,
2024-10-11 15:00:00,4.0,11.0,5.1,1.67,5.03,8.2,1.38,0.54,13.37,,,,,,,,69.25,0.75,210.25,0.0,0.0,226.25,740.0,
2024-10-11 16:00:00,4.0,10.5,4.45,2.45,4.9,10.7,3.28,0.6,13.68,,,,,,,,69.5,0.65,211.75,0.0,0.0,118.0,740.0,
2024-10-11 17:00:00,,9.0,4.65,2.1,4.88,10.8,4.35,0.61,13.3,,,,,,,,73.5,0.55,208.25,0.0,0.0,36.25,740.0,
2024-10-11 18:00:00,18.0,18.0,4.68,2.65,5.2,10.28,2.55,0.65,13.92,,,,,,,,75.75,0.35,216.75,0.0,0.0,13.5,740.0,
2024-10-11 19:00:00,15.5,38.75,4.9,2.42,5.3,11.02,1.42,0.68,13.26,,,,,,,,76.0,0.38,216.0,0.0,0.0,13.5,741.0,
2024-10-11 20:00:00,8.5,20.25,6.4,2.9,6.78,10.32,2.05,0.63,14.35,,,,,,,,76.0,0.45,213.75,0.0,0.0,13.25,741.0,
2024-10-11 21:00:00,8.75,18.75,6.75,3.1,7.12,10.07,1.67,0.62,13.46,,,,,,,,76.5,0.4,213.0,0.0,0.0,12.75,741.0,
2024-10-11 22:00:00,4.75,12.75,6.88,2.88,7.1,9.93,4.15,0.61,12.56,,,,,,,,77.5,0.48,215.25,0.0,0.0,12.75,741.0,
2024-10-11 23:00:00,3.75,13.75,6.75,2.95,7.05,10.92,5.55,0.6,12.91,,,,,,,,77.5,0.35,212.75,0.0,0.0,13.25,741.0,
2024-10-12 00:00:00,3.0,9.25,6.58,1.67,6.22,12.08,4.88,0.64,12.78,,,,,,,,78.0,0.3,218.75,0.0,0.0,13.5,741.0,
2024-10-12 01:00:00,,8.0,7.05,2.48,7.07,12.25,4.2,0.65,14.45,,,,,,,,79.25,0.3,263.5,0.0,0.0,13.5,740.5,
2024-10-12 02:00:00,,9.5,6.65,2.92,6.95,12.1,5.0,0.58,14.96,,,,,,,,80.25,0.3,231.5,0.0,0.0,13.5,740.0,
2024-10-12 03:00:00,,5.25,8.17,5.35,9.5,12.48,5.05,0.6,16.32,,,,,,,,83.0,0.3,251.75,0.0,0.0,13.5,740.0,
2024-10-12 04:00:00,1.0,6.0,7.5,4.42,8.48,12.27,4.65,0.55,17.0,,,,,,,,82.5,0.32,278.0,0.0,0.0,12.75,740.0,
2024-10-12 05:00:00,1.0,6.0,7.88,3.5,8.25,10.22,3.75,0.54,15.19,,,,,,,,85.0,0.32,168.25,1.0,1.0,7.5,740.25,
2024-10-12 06:00:00,5.0,10.0,8.98,4.65,9.78,10.38,4.6,0.6,15.44,,,,,,,,86.0,0.32,175.25,0.0,0.0,27.0,741.0,
2024-10-12 07:00:00,8.5,13.25,9.05,4.6,9.78,10.38,5.25,0.68,15.27,,,,,,,,84.5,0.38,177.0,0.0,0.0,64.75,741.75,
2024-10-12 08:00:00,15.25,18.5,9.85,2.2,9.2,12.0,3.58,0.66,14.46,,,,,,,,75.25,0.32,244.75,0.0,0.0,209.0,742.75,
2024-10-12 09:00:00,3.5,5.5,9.65,1.23,8.52,12.12,3.8,0.67,14.61,,,,,,,,70.5,0.43,195.0,0.0,0.0,315.25,743.0,
2024-10-12 10:00:00,2.0,6.25,7.95,1.72,7.38,11.8,2.8,0.65,14.38,,,,,,,,70.5,0.45,192.5,0.0,0.0,275.0,742.75,
2024-10-12 11:00:00,1.0,4.5,8.65,0.93,7.3,12.15,3.18,0.65,14.37,,,,,,,,71.0,0.57,167.0,0.0,0.0,323.75,742.0,
2024-10-12 12:00:00,1.25,6.25,8.38,2.38,8.05,11.92,4.28,0.57,14.88,,,,,,,,78.0,0.62,178.75,0.0,0.0,219.0,741.0,
2024-10-12 13:00:00,2.0,7.0,8.43,1.2,7.48,10.6,3.58,0.54,13.62,,,,,,,,73.0,0.55,188.25,0.0,0.0,326.25,741.0,
2024-10-12 14:00:00,3.0,5.0,8.48,1.0,7.42,10.35,4.32,0.54,14.0,,,,,,,,73.75,0.48,174.0,0.0,0.0,214.25,740.5,
2024-10-12 15:00:00,2.75,4.75,7.92,1.9,7.45,9.88,4.1,0.54,14.7,,,,,,,,73.5,0.42,180.25,0.0,0.0,174.0,740.0,
2024-10-12 16:00:00,2.25,6.25,7.48,2.2,7.28,10.52,5.18,0.55,14.82,,,,,,,,74.0,0.32,168.25,0.0,0.0,83.75,740.0,
2024-10-12 17:00:00,2.75,12.25,8.62,0.63,7.15,10.5,5.25,0.57,14.49,,,,,,,,76.75,0.3,156.25,0.0,0.0,29.25,740.25,
2024-10-12 18:00:00,3.25,13.0,7.12,3.0,7.4,10.15,4.3,0.6,14.99,,,,,,,,78.0,0.3,173.0,0.0,0.0,13.25,741.0,
2024-10-12 19:00:00,6.5,19.75,7.9,2.48,7.72,10.42,5.4,0.62,14.61,,,,,,,,78.0,0.3,192.5,0.0,0.0,13.25,741.0,
2024-10-12 20:00:00,4.0,12.25,7.2,2.68,7.28,10.98,4.68,0.64,14.94,,,,,,,,78.0,0.3,193.25,0.0,0.0,12.5,742.0,
2024-10-12 21:00:00,1.5,10.0,7.42,2.85,7.52,9.62,4.38,0.62,14.2,,,,,,,,78.25,0.3,192.5,0.0,0.0,12.5,742.0,
2024-10-12 22:00:00,3.0,10.5,7.38,2.4,7.28,10.1,4.2,0.58,13.94,,,,,,,,79.0,0.3,168.75,0.0,0.0,12.5,742.0,
2024-10-12 23:00:00,,11.75,7.6,1.48,7.0,9.55,4.25,0.57,14.34,,,,,,,,79.25,0.3,154.75,0.0,0.0,12.5,742.0,
2024-10-13 00:00:00,1.0,10.5,6.2,1.72,5.98,10.62,3.08,0.57,13.78,,,,,,,,79.25,0.3,177.5,0.0,0.0,13.0,741.25,
2024-10-13 01:00:00,1.0,7.25,6.43,1.12,5.88,11.0,3.18,0.59,13.92,,,,,,,,79.5,0.3,192.0,0.0,0.0,13.0,741.0,
2024-10-13 02:00:00,,3.0,7.38,0.7,6.22,11.28,3.45,0.57,14.44,,,,,,,,79.75,0.3,145.5,0.0,0.0,13.0,740.5,
2024-10-13 03:00:00,,6.25,7.6,1.08,6.75,10.9,4.72,0.56,14.42,,,,,,,,80.0,0.3,170.0,0.0,0.0,13.0,740.25,
2024-10-13 04:00:00,,5.75,6.75,1.12,6.08,11.02,3.3,0.57,15.02,,,,,,,,79.75,0.3,189.0,0.0,0.0,12.5,740.5,
2024-10-13 05:00:00,,2.0,7.62,2.82,7.7,8.95,1.95,0.55,15.06,,,,,,,,79.0,0.3,195.75,0.0,0.0,12.75,740.75,
2024-10-13 06:00:00,7.0,9.0,7.7,3.35,8.05,9.05,3.8,0.55,15.31,,,,,,,,78.25,0.3,204.75,0.0,0.0,31.0,741.5,
2024-10-13 07:00:00,7.0,9.0,6.82,2.1,6.68,9.0,4.32,0.55,14.23,,,,,,,,74.25,0.52,200.0,0.0,0.0,119.0,742.25,
2024-10-13 08:00:00,2.0,13.0,6.32,1.5,5.93,10.22,4.3,0.56,12.94,,,,,,,,71.5,0.4,195.5,0.0,0.0,233.75,743.0,
2024-10-13 09:00:00,1.75,12.25,6.68,0.87,5.7,10.85,3.7,0.57,13.83,,,,,,,,69.75,0.55,175.75,0.0,0.0,331.25,743.0,
2024-10-13 10:00:00,1.0,10.75,5.7,1.15,5.25,10.65,5.2,0.57,14.23,,,,,,,,69.0,0.52,184.75,0.0,0.0,363.5,743.0,
2024-10-13 11:00:00,,11.25,6.45,1.55,6.02,10.1,6.0,0.55,14.39,,,,,,,,68.0,0.7,191.5,0.0,0.0,399.0,742.5,
2024-10-13 12:00:00,,5.5,6.38,0.78,5.58,10.1,4.53,0.53,14.88,,,,,,,,68.0,0.68,182.25,0.0,0.0,414.75,741.5,
2024-10-13 13:00:00,,4.25,7.18,0.88,6.28,8.88,4.35,0.5,14.04,,,,,,,,66.75,0.6,172.5,0.0,0.0,356.75,741.0,
2024-10-13 14:00:00,,5.0,7.18,1.5,6.65,8.65,2.82,0.49,13.32,,,,,,,,67.25,0.55,178.5,0.0,0.0,273.25,741.0,
2024-10-13 15:00:00,,5.0,6.4,2.52,6.52,12.4,2.05,0.49,10.37,,,,,,,,72.25,0.35,154.75,0.0,0.0,114.0,740.0,
2024-10-13 16:00:00,,7.5,6.28,1.85,6.1,14.4,2.72,0.6,31.51,,,,,,,,74.5,0.3,165.5,0.0,0.0,83.75,741.0,
2024-10-13 17:00:00,,14.25,6.65,2.5,6.4,9.12,2.05,0.54,10.58,,,,,,,,75.75,0.3,158.5,0.0,0.0,29.75,740.75,
2024-10-13 18:00:00,10.0,13.25,6.8,2.92,7.07,8.88,4.47,0.61,12.88,,,,,,,,78.25,0.3,146.0,0.0,0.0,14.0,741.0,
2024-10-13 19:00:00,10.0,16.0,6.28,1.38,5.85,9.43,6.38,0.62,13.39,,,,,,,,77.75,0.3,164.75,0.0,0.0,13.5,741.0,
2024-10-13 20:00:00,8.5,13.5,6.42,2.9,6.72,9.3,5.75,0.63,13.63,,,,,,,,77.0,0.3,159.5,0.0,0.0,13.5,741.0,
2024-10-13 21:00:00,4.0,12.75,7.05,2.53,7.08,9.55,5.75,0.64,14.18,,,,,,,,77.0,0.3,166.0,0.0,0.0,13.0,741.5,
2024-10-13 22:00:00,2.0,6.0,7.18,2.77,6.92,9.02,3.8,0.62,13.58,,,,,,,,78.0,0.3,170.5,0.0,0.0,13.25,741.0,
2024-10-13 23:00:00,2.5,6.25,6.48,1.4,6.0,8.72,4.08,0.6,13.31,,,,,,,,78.0,0.3,184.0,0.0,0.0,13.25,741.0,
2024-10-14 00:00:00,6.25,13.5,7.92,3.75,8.4,8.52,3.05,0.61,14.97,,,,,,,,79.25,0.3,132.5,0.0,0.0,12.5,741.0,
2024-10-14 01:00:00,11.5,33.0,8.6,4.05,9.12,9.15,2.45,0.62,14.69,,,,,,,,83.25,0.3,203.25,0.25,0.25,8.0,740.0,
2024-10-14 02:00:00,6.0,5.0,8.28,3.08,8.38,10.25,2.72,0.65,15.65,,,,,,,,84.75,0.92,150.25,1.5,1.5,8.0,740.0,
2024-10-14 03:00:00,3.0,5.0,6.8,3.48,7.4,10.12,3.05,0.64,14.68,,,,,,,,88.5,0.78,183.0,3.25,3.25,5.75,740.0,
2024-10-14 04:00:00,8.0,,7.42,2.92,7.58,9.8,3.25,0.6,14.59,,,,,,,,89.0,0.32,259.75,1.25,1.25,5.25,740.0,
2024-10-14 05:00:00,7.0,,6.48,2.22,6.42,11.1,3.65,0.61,15.2,,,,,,,,88.75,0.65,199.75,0.0,0.0,4.75,740.0,
2024-10-14 06:00:00,3.5,,6.15,3.62,6.92,8.58,3.52,0.57,15.28,,,,,,,,88.0,0.55,187.75,0.0,0.0,27.25,740.5,
2024-10-14 07:00:00,2.5,6.0,6.65,3.82,7.48,7.75,3.02,0.59,14.52,,,,,,,,86.25,0.85,158.25,0.0,0.0,71.75,741.0,
2024-10-14 08:00:00,3.75,6.25,6.3,3.82,7.15,7.78,6.08,0.64,13.91,,,,,,,,82.75,2.02,108.75,0.0,0.0,90.25,741.75,
2024-10-14 09:00:00,2.75,6.5,6.15,3.75,7.02,8.15,6.68,0.66,12.72,,,,,,,,83.0,2.75,96.75,0.0,0.0,68.25,742.0,
2024-10-14 10:00:00,2.0,6.5,5.72,3.1,6.32,9.32,5.7,0.7,12.74,,,,,,,,81.25,3.65,90.5,0.0,0.0,103.75,741.5,
2024-10-14 11:00:00,,10.75,6.08,3.72,6.9,9.2,6.42,0.7,11.97,,,,,,,,79.25,3.72,98.0,0.0,0.0,204.75,741.0,
2024-10-14 12:00:00,1.0,10.5,4.25,3.25,5.18,8.62,4.68,0.66,12.04,,,,,,,,78.0,3.85,97.0,0.0,0.0,105.25,740.5,
2024-10-14 13:00:00,1.0,10.75,4.12,3.32,5.1,8.57,3.05,0.64,10.74,,,,,,,,78.75,3.85,100.25,0.0,0.0,54.5,739.75,
2024-10-14 14:00:00,1.0,6.5,3.48,4.53,5.22,6.65,3.1,0.62,9.98,,,,,,,,79.0,2.42,92.5,0.0,0.0,56.5,739.0,
2024-10-14 15:00:00,3.0,8.0,2.95,3.58,4.32,6.88,3.08,0.62,9.66,,,,,,,,78.25,2.12,103.0,0.0,0.0,75.0,739.0,
2024-10-14 16:00:00,4.0,18.75,2.95,5.92,5.55,6.55,3.1,0.69,10.11,,,,,,,,79.0,2.35,84.75,0.0,0.0,44.25,739.0,
2024-10-14 17:00:00,6.5,22.0,3.0,5.03,5.12,6.7,2.33,0.69,11.04,,,,,,,,79.5,2.28,87.0,0.0,0.0,20.5,739.5,
2024-10-14 18:00:00,5.25,17.25,3.0,6.18,5.72,8.6,3.5,0.74,13.16,,,,,,,,83.25,1.75,87.0,0.25,0.25,8.0,740.0,
2024-10-14 19:00:00,9.5,21.5,4.12,7.58,7.38,9.2,4.12,0.83,15.29,,,,,,,,85.75,1.38,79.75,0.0,0.0,6.75,740.0,
2024-10-14 20:00:00,20.0,23.0,5.15,7.45,8.15,8.9,4.85,0.82,16.26,,,,,,,,86.5,1.9,83.0,1.0,1.0,7.0,740.25,
2024-10-14 21:00:00,,,5.92,6.9,8.48,9.18,4.82,0.83,17.08,,,,,,,,88.0,1.12,139.5,0.0,0.0,5.5,741.0,
2024-10-14 22:00:00,12.0,20.0,6.38,6.65,8.72,7.72,4.32,0.72,16.77,,,,,,,,88.0,1.78,210.0,5.5,5.5,5.33,740.5,
2024-10-14 23:00:00,9.75,20.0,5.45,3.95,6.55,8.6,4.6,0.67,13.91,,,,,,,,89.75,1.28,123.75,1.5,1.5,3.5,740.25,
2024-10-15 00:00:00,3.0,,6.45,3.12,6.93,6.9,4.58,0.66,13.61,,,,,,,,90.0,0.72,84.5,0.0,0.0,4.0,740.0,
2024-10-15 01:00:00,,,7.45,5.62,9.05,7.08,4.22,0.68,15.2,,,,,,,,90.0,1.08,75.25,0.0,0.0,4.0,739.75,
2024-10-15 02:00:00,,6.0,6.95,4.85,8.22,8.52,4.35,0.69,16.19,,,,,,,,90.0,1.1,77.75,0.0,0.0,4.75,739.5,
2024-10-15 03:00:00,6.0,7.0,6.8,5.18,8.25,8.62,4.3,0.7,15.4,,,,,,,,89.5,1.4,78.0,0.0,0.0,5.0,739.0,
2024-10-15 04:00:00,6.0,10.0,6.25,5.95,8.22,8.9,6.9,0.68,16.17,,,,,,,,89.75,0.98,74.25,0.0,0.0,5.75,739.0,
2024-10-15 05:00:00,,,7.82,2.0,7.43,8.82,7.78,0.66,14.69,,,,,,,,89.0,1.38,67.25,0.0,0.0,5.75,739.5,
2024-10-15 06:00:00,8.0,16.0,8.43,4.18,9.07,8.45,4.22,0.63,17.12,,,,,,,,89.0,1.23,98.0,0.0,0.0,16.0,740.0,
2024-10-15 07:00:00,8.25,16.0,7.68,3.38,8.02,8.32,2.25,0.61,15.22,,,,,,,,89.0,1.25,135.25,3.0,3.0,27.75,740.75,
2024-10-15 08:00:00,8.0,,8.52,3.55,8.8,8.22,4.62,0.64,15.51,,,,,,,,88.75,1.6,107.25,0.0,0.0,81.25,741.0,
2024-10-15 09:00:00,5.0,,8.98,3.75,9.28,8.07,4.95,0.66,14.8,,,,,,,,88.0,2.25,94.25,0.5,0.5,97.0,741.0,
2024-10-15 10:00:00,,,8.57,2.95,8.52,8.75,4.05,0.66,12.18,,,,,,,,89.25,2.65,112.0,16.25,16.25,16.75,741.0,
2024-10-15 11:00:00,,,7.05,2.77,6.72,13.25,4.8,0.78,37.04,,,,,,,,90.0,2.28,118.75,2.0,2.0,22.25,741.0,
2024-10-15 12:00:00,2.0,,8.43,4.25,9.1,19.1,3.72,0.78,54.2,,,,,,,,89.75,1.18,122.75,0.5,0.5,35.5,740.25,
2024-10-15 13:00:00,2.0,,7.68,3.58,8.15,29.8,2.92,0.7,22.16,,,,,,,,90.0,1.62,100.75,3.5,3.5,13.25,739.75,
2024-10-15 14:00:00,2.0,4.0,7.82,6.88,10.0,61.3,4.18,0.63,20.58,,,,,,,,90.0,0.7,148.5,0.25,0.25,6.25,740.0,
2024-10-15 15:00:00,2.5,5.5,9.4,9.45,12.68,56.7,3.95,0.64,15.51,,,,,,,,90.0,0.38,197.0,0.25,0.25,16.25,739.5,
2024-10-15 16:00:00,4.0,10.0,8.62,6.15,10.3,50.9,4.0,0.68,16.49,,,,,,,,90.0,0.45,205.75,0.0,0.0,22.5,739.25,
2024-10-15 17:00:00,,,8.22,9.3,11.65,45.85,4.68,0.68,17.31,,,,,,,,90.0,0.48,158.75,0.0,0.0,5.0,740.0,
2024-10-15 18:00:00,5.0,6.0,8.43,8.95,11.6,42.0,4.45,0.73,12.76,,,,,,,,90.0,0.3,19.75,1.0,1.0,2.75,740.0,
2024-10-15 19:00:00,9.0,10.5,13.12,9.43,15.65,39.9,4.3,0.86,18.54,,,,,,,,90.25,0.35,66.25,2.0,2.0,2.75,741.0,
2024-10-15 20:00:00,21.0,24.0,12.78,10.32,15.9,37.78,4.25,0.86,14.33,,,,,,,,90.25,1.02,89.25,0.25,0.25,1.75,741.0,
2024-10-15 21:00:00,,,12.72,9.48,15.42,35.3,4.47,0.86,18.02,,,,,,,,91.0,0.45,232.0,0.0,0.0,1.75,741.0,
2024-10-15 22:00:00,,,11.28,7.42,13.15,34.5,4.75,0.77,19.01,,,,,,,,90.75,0.52,295.75,0.25,0.25,1.75,741.0,
2024-10-15 23:00:00,2.0,,11.88,4.47,12.05,28.5,4.07,0.72,16.97,,,,,,,,91.0,0.55,242.5,0.0,0.0,1.75,740.0,
2024-10-16 00:00:00,2.0,,10.75,3.48,10.6,26.55,4.8,0.69,15.28,,,,,,,,91.0,0.82,176.0,0.25,0.25,1.75,740.0,
2024-10-16 01:00:00,,,10.28,2.45,9.68,25.25,5.28,0.66,17.0,,,,,,,,91.0,1.95,90.0,0.0,0.0,2.0,739.0,
2024-10-16 02:00:00,,,10.18,2.6,9.62,24.35,3.55,0.66,15.22,,,,,,,,91.0,0.62,189.75,0.0,0.0,2.25,739.0,
2024-10-16 03:00:00,,,9.75,3.12,9.55,23.8,3.6,0.66,17.62,,,,,,,,91.0,0.82,154.0,0.0,0.0,2.0,738.75,
2024-10-16 04:00:00,,2.0,9.0,2.18,8.48,23.75,4.72,0.64,17.34,,,,,,,,91.0,0.57,186.0,0.0,0.0,2.0,739.0,
2024-10-16 05:00:00,,1.75,9.52,3.1,9.4,22.98,4.85,0.63,16.24,,,,,,,,91.0,0.6,259.75,0.0,0.0,2.0,739.0,
2024-10-16 06:00:00,,1.0,9.52,3.32,9.5,23.32,3.4,0.62,16.68,,,,,,,,91.0,0.55,203.75,0.25,0.25,4.25,740.0,
2024-10-16 07:00:00,,,9.6,2.62,9.22,22.35,2.4,0.61,15.34,,,,,,,,90.75,0.52,230.75,0.0,0.0,16.0,740.0,
2024-10-16 08:00:00,,,8.93,3.15,8.93,20.3,3.1,0.6,15.3,,,,,,,,90.0,0.65,250.0,0.0,0.0,29.75,740.75,
2024-10-16 09:00:00,,,10.35,1.38,9.15,19.18,3.58,0.6,14.94,,,,,,,,89.75,0.92,172.0,0.0,0.0,100.5,741.0,
2024-10-16 10:00:00,,,9.52,2.08,8.88,19.42,4.2,0.62,17.9,,,,,,,,87.25,1.05,193.5,0.0,0.0,157.0,741.0,
2024-10-16 11:00:00,1.0,,9.93,1.17,8.45,19.05,3.85,0.63,19.02,,,,,,,,83.75,1.48,231.5,0.0,0.0,158.75,740.0,
2024-10-16 12:00:00,1.0,,9.5,2.08,8.82,18.45,4.28,0.6,16.77,,,,,,,,81.0,1.6,159.25,0.0,0.0,178.5,739.75,
2024-10-16 13:00:00,,,9.65,1.95,8.88,19.42,4.6,0.6,20.37,,,,,,,,78.5,1.8,222.0,0.0,0.0,270.25,738.75,
2024-10-16 14:00:00,4.0,,9.28,0.82,7.98,17.73,4.12,0.57,17.35,,,,,,,,80.0,1.68,221.5,0.0,0.0,125.0,738.5,
2024-10-16 15:00:00,4.0,,7.82,1.95,7.4,17.1,1.8,0.55,16.02,,,,,,,,80.0,1.45,240.25,0.0,0.0,101.75,738.25,
2024-10-16 16:00:00,4.0,,8.38,2.75,8.25,15.8,3.42,0.56,15.42,,,,,,,,79.5,1.35,246.75,0.0,0.0,79.25,738.25,
2024-10-16 17:00:00,,5.0,7.65,2.52,7.58,14.78,4.1,0.55,16.14,,,,,,,,82.5,0.9,252.75,0.0,0.0,14.5,738.25,
2024-10-16 18:00:00,1.0,6.5,7.55,2.1,7.28,14.68,3.52,0.6,14.01,,,,,,,,84.25,0.55,271.75,0.0,0.0,3.75,739.0,
2024-10-16 19:00:00,4.75,16.5,7.82,4.28,8.65,15.32,4.6,0.65,16.58,,,,,,,,85.25,0.45,311.75,0.0,0.0,3.75,739.75,
2024-10-16 20:00:00,13.0,28.75,8.05,6.0,9.72,14.52,5.2,0.68,18.31,,,,,,,,86.0,0.3,321.5,0.0,0.0,3.75,740.0,
2024-10-16 21:00:00,6.25,16.25,9.98,7.02,11.85,14.28,4.92,0.72,18.04,,,,,,,,87.0,0.3,307.25,0.0,0.0,3.75,740.0,
2024-10-16 22:00:00,11.75,17.0,10.92,7.75,13.0,14.82,3.3,0.75,17.71,,,,,,,,87.0,0.3,298.25,0.0,0.0,3.75,740.0,
2024-10-16 23:00:00,8.25,15.75,10.92,6.5,12.32,13.98,2.4,0.73,16.77,,,,,,,,87.0,0.3,292.25,0.0,0.0,3.75,740.0,
2024-10-17 00:00:00,8.75,13.5,12.82,5.8,13.52,12.95,3.22,0.72,16.27,,,,,,,,88.0,0.3,287.0,0.0,0.0,3.75,740.0,
2024-10-17 01:00:00,8.0,18.5,12.6,6.05,13.45,12.58,3.52,0.71,16.34,,,,,,,,88.0,0.3,287.0,0.0,0.0,3.75,739.25,
2024-10-17 02:00:00,8.25,17.75,12.85,5.22,13.2,12.08,3.85,0.7,15.76,,,,,,,,88.0,0.3,240.75,0.0,0.0,3.75,739.0,
2024-10-17 03:00:00,10.25,12.0,12.55,4.95,12.82,12.88,4.25,0.71,16.64,,,,,,,,88.0,0.3,250.0,0.0,0.0,3.75,738.75,
2024-10-17 04:00:00,13.0,14.25,13.45,5.25,13.72,12.25,3.58,0.72,16.87,,,,,,,,88.75,0.3,266.5,0.0,0.0,3.75,739.0,
2024-10-17 05:00:00,11.75,14.0,14.42,4.35,14.05,12.1,4.32,0.73,16.55,,,,,,,,89.0,0.3,263.0,0.0,0.0,4.0,739.25,
2024-10-17 06:00:00,21.25,26.0,17.55,7.0,18.0,13.12,2.55,0.84,17.83,,,,,,,,88.5,0.3,264.5,0.0,0.0,19.75,740.0,
2024-10-17 07:00:00,31.25,40.25,19.68,8.45,20.5,12.32,3.48,0.83,16.23,,,,,,,,85.75,0.32,285.0,0.0,0.0,88.5,740.5,
2024-10-17 08:00:00,24.5,32.75,17.3,9.45,19.08,12.85,4.35,0.82,15.38,,,,,,,,75.25,0.35,287.0,0.0,0.0,219.75,741.5,
2024-10-17 09:00:00,23.25,39.75,14.75,4.68,14.48,12.28,4.9,0.77,14.16,,,,,,,,71.5,0.98,209.75,0.0,0.0,308.25,741.5,
2024-10-17 10:00:00,6.0,27.0,12.03,6.03,12.97,12.7,4.3,0.78,15.06,,,,,,,,70.67,1.37,207.0,0.0,0.0,379.33,739.67,
2024-10-17 11:00:00,5.0,13.0,6.63,6.17,8.67,11.97,3.05,0.9,16.46,,,,,,,,71.0,1.6,208.0,0.0,0.0,405.75,741.0,
2024-10-17 12:00:00,5.0,11.75,4.32,5.55,6.48,12.42,4.42,0.73,13.98,,,,,,,,68.5,1.15,196.5,0.0,0.0,396.0,740.5,
2024-10-17 13:00:00,,7.5,3.68,4.6,5.42,13.2,5.32,0.7,14.35,,,,,,,,68.25,1.6,200.25,0.0,0.0,342.25,740.0,
2024-10-17 14:00:00,,6.0,3.28,4.0,4.82,12.75,2.2,0.64,14.24,,,,,,,,70.0,1.98,201.5,0.0,0.0,281.5,739.25,
2024-10-17 15:00:00,,,4.03,3.75,5.28,12.45,1.6,0.63,10.1,,,,,,,,70.75,1.8,203.75,0.0,0.0,182.25,739.0,
2024-10-17 16:00:00,1.0,12.0,3.2,5.88,5.7,11.38,2.65,0.62,12.09,,,,,,,,73.5,1.48,207.25,0.0,0.0,74.25,739.0,
2024-10-17 17:00:00,5.25,17.25,3.02,5.1,5.2,11.65,2.75,0.68,11.5,,,,,,,,77.0,1.4,213.5,0.0,0.0,19.5,739.0,
2024-10-17 18:00:00,16.0,33.75,2.65,6.08,5.38,11.58,2.1,0.72,6.92,,,,,,,,79.0,0.62,209.5,0.0,0.0,10.75,740.0,
2024-10-17 19:00:00,20.25,43.5,4.22,5.18,6.18,14.12,3.53,0.82,5.94,,,,,,,,79.5,0.57,212.5,0.0,0.0,11.5,740.0,
2024-10-17 20:00:00,52.75,71.0,5.2,5.05,6.9,15.58,6.28,0.83,10.57,,,,,,,,79.75,0.43,212.25,0.0,0.0,11.5,740.75,
2024-10-17 21:00:00,46.5,72.75,5.0,4.05,6.25,14.88,6.45,0.84,11.56,,,,,,,,79.0,0.42,206.5,0.0,0.0,11.25,741.0,
2024-10-17 22:00:00,9.25,26.5,5.4,3.98,6.5,14.55,4.45,0.78,13.12,,,,,,,,79.0,0.5,216.75,0.0,0.0,10.5,741.0,
2024-10-17 23:00:00,1.0,7.0,5.12,3.98,6.25,14.55,3.68,0.74,14.46,,,,,,,,80.0,0.38,214.5,0.0,0.0,9.75,740.5,
2024-10-18 00:00:00,,7.0,5.8,3.75,6.72,13.98,3.8,0.71,13.64,,,,,,,,79.5,0.32,215.25,0.0,0.0,10.5,740.25,
2024-10-18 01:00:00,,8.25,5.75,3.18,6.32,13.0,3.15,0.7,19.39,,,,,,,,81.0,0.32,253.25,0.0,0.0,10.0,740.0,
2024-10-18 02:00:00,,12.0,6.38,3.6,7.1,12.35,4.3,0.69,10.47,,,,,,,,85.25,0.3,284.0,0.0,0.0,8.25,739.0,
2024-10-18 03:00:00,,2.0,6.95,4.62,8.12,14.28,4.77,0.72,7.75,,,,,,,,86.0,0.3,275.75,0.0,0.0,8.75,739.0,
2024-10-18 04:00:00,,2.0,8.5,6.18,10.18,14.1,3.7,0.71,15.84,,,,,,,,87.0,0.3,180.75,0.0,0.0,9.5,739.5,
2024-10-18 05:00:00,,,8.2,9.9,11.88,14.38,3.02,0.73,14.98,,,,,,,,87.0,0.3,247.75,0.0,0.0,9.5,740.0,
2024-10-18 06:00:00,6.0,17.0,8.88,9.18,12.1,14.92,3.4,0.75,15.2,,,,,,,,87.25,0.8,245.5,3.75,3.75,11.75,740.0,
2024-10-18 07:00:00,6.0,17.0,9.35,4.32,9.9,14.62,3.85,0.73,19.74,,,,,,,,87.5,0.65,155.75,0.0,0.0,54.25,740.75,
2024-10-18 08:00:00,,,9.35,5.82,10.7,15.15,2.1,0.75,16.9,,,,,,,,84.25,0.42,172.0,0.0,0.0,78.0,741.0,
2024-10-18 09:00:00,,22.0,11.85,8.43,14.1,13.9,2.15,0.85,16.26,,,,,,,,78.0,0.38,295.25,0.0,0.0,142.25,742.0,
2024-10-18 10:00:00,41.0,52.75,9.75,8.52,12.48,13.7,5.05,0.89,10.74,,,,,,,,73.75,0.42,280.75,0.0,0.0,193.5,742.0,
2024-10-18 11:00:00,34.25,119.25,9.72,8.38,12.38,16.45,5.5,0.9,34.45,,,,,,,,73.0,0.45,284.75,0.0,0.0,195.5,741.25,
2024-10-18 12:00:00,14.25,44.25,7.9,9.6,11.5,18.42,4.18,0.94,24.12,,,,,,,,70.75,0.6,265.5,0.0,0.0,269.75,741.0,
2024-10-18 13:00:00,12.0,46.0,4.68,9.52,8.88,12.08,2.6,0.87,5.45,,,,,,,,70.25,0.8,197.25,0.0,0.0,206.5,740.25,
2024-10-18 14:00:00,3.25,29.0,2.22,8.1,6.1,11.48,2.05,0.84,2.64,,,,,,,,71.25,0.8,193.25,0.0,0.0,207.0,740.0,
2024-10-18 15:00:00,4.0,23.0,2.22,7.28,5.7,12.08,2.2,0.8,4.49,,,,,,,,72.5,1.27,209.5,0.0,0.0,145.0,740.0,
2024-10-18 16:00:00,4.0,21.25,3.4,5.32,5.6,13.08,4.65,0.76,10.57,,,,,,,,75.5,1.12,209.75,0.0,0.0,70.5,740.0,
2024-10-18 17:00:00,,18.75,3.88,5.25,5.92,12.6,5.6,0.74,8.07,,,,,,,,77.5,0.57,217.25,0.0,0.0,21.5,740.0,
2024-10-18 18:00:00,10.0,29.0,3.55,8.6,7.45,13.55,5.3,0.86,14.11,,,,,,,,79.5,0.3,210.0,0.0,0.0,8.25,740.0,
2024-10-18 19:00:00,13.0,37.25,4.8,10.38,9.4,11.5,4.8,0.95,7.26,,,,,,,,80.0,0.3,198.5,0.0,0.0,8.75,740.75,
2024-10-18 20:00:00,20.5,42.5,5.32,10.58,9.9,11.7,1.95,1.01,12.04,,,,,,,,80.0,0.3,192.75,0.0,0.0,9.0,741.5,
2024-10-18 21:00:00,14.5,35.25,5.72,8.85,9.35,11.72,0.78,1.01,12.56,,,,,,,,79.5,0.3,192.0,0.0,0.0,9.25,742.0,
2024-10-18 22:00:00,9.25,27.0,6.28,8.93,9.85,11.72,2.08,1.04,15.62,,,,,,,,80.75,0.3,211.0,0.0,0.0,9.5,741.0,
2024-10-18 23:00:00,9.0,43.0,9.12,11.58,13.58,11.3,3.1,1.02,14.5,,,,,,,,83.0,0.3,211.5,0.0,0.0,9.25,741.0,
2024-10-19 00:00:00,14.75,88.0,13.08,13.62,17.85,12.5,4.35,1.12,21.37,,,,,,,,84.0,0.3,212.0,0.0,0.0,8.5,741.0,
2024-10-19 01:00:00,18.0,76.75,12.25,11.65,16.15,11.6,4.18,1.1,13.06,,,,,,,,85.25,0.3,256.0,0.0,0.0,8.75,740.25,
2024-10-19 02:00:00,30.5,70.0,16.65,11.95,19.88,10.62,3.32,1.12,14.26,,,,,,,,86.25,0.3,259.0,0.0,0.0,8.75,740.0,
2024-10-19 03:00:00,28.25,63.5,15.32,9.5,17.52,10.7,3.12,1.04,15.43,,,,,,,,86.25,1.0,169.5,1.0,1.0,7.75,740.0,
2024-10-19 04:00:00,17.0,44.0,12.9,2.62,11.88,10.88,3.52,0.9,16.52,,,,,,,,88.0,0.78,185.0,0.5,0.5,4.0,740.0,
2024-10-19 05:00:00,,11.0,11.92,6.25,13.02,12.22,3.2,0.92,14.26,,,,,,,,88.0,0.3,286.0,0.0,0.0,4.25,740.5,
2024-10-19 06:00:00,2.0,10.25,11.85,8.95,14.4,12.85,4.22,0.94,16.91,,,,,,,,87.5,0.35,301.75,0.0,0.0,31.5,741.25,
2024-10-19 07:00:00,2.0,8.0,10.92,4.4,11.25,12.78,4.97,0.88,15.08,,,,,,,,86.25,0.68,305.0,0.0,0.0,53.0,742.0,
2024-10-19 08:00:00,,,10.32,5.12,11.1,12.32,4.05,0.87,18.85,,,,,,,,85.25,0.55,260.5,0.0,0.0,127.0,743.0,
2024-10-19 09:00:00,,,10.5,4.05,10.68,11.18,3.55,0.82,17.32,,,,,,,,79.25,0.5,253.5,0.0,0.0,241.25,743.0,
2024-10-19 10:00:00,,19.0,9.28,6.2,10.85,11.12,4.35,0.84,12.08,,,,,,,,73.25,0.5,227.75,0.0,0.0,341.25,743.0,
2024-10-19 11:00:00,1.0,19.0,8.5,5.48,9.82,11.2,4.15,0.83,7.72,,,,,,,,69.75,0.62,215.25,0.0,0.0,243.0,742.25,
2024-10-19 12:00:00,1.0,19.0,5.95,4.38,7.18,12.02,4.68,0.77,9.05,,,,,,,,68.25,1.08,193.75,0.0,0.0,315.75,742.0,
2024-10-19 13:00:00,,,5.45,4.0,6.58,12.08,5.38,0.78,9.07,,,,,,,,68.0,1.45,196.25,0.0,0.0,371.25,741.25,
2024-10-19 14:00:00,,5.0,4.22,2.72,4.85,12.05,6.02,0.74,7.61,,,,,,,,70.0,1.38,177.0,0.0,0.0,276.5,740.5,
2024-10-19 15:00:00,11.0,12.75,4.6,4.65,6.2,12.18,6.62,0.73,7.43,,,,,,,,69.75,1.08,156.75,0.0,0.0,194.0,740.0,
2024-10-19 16:00:00,11.0,29.0,3.85,4.12,5.3,12.55,4.3,0.7,14.48,,,,,,,,72.25,1.15,170.0,0.0,0.0,93.5,740.5,
2024-10-19 17:00:00,,6.5,4.72,3.72,5.85,12.05,4.2,0.66,12.97,,,,,,,,76.5,1.0,147.25,0.0,0.0,18.25,740.0,
2024-10-19 18:00:00,,2.0,6.2,2.52,6.38,11.77,5.05,0.64,12.47,,,,,,,,78.0,0.95,134.75,0.0,0.0,9.5,740.25,
2024-10-19 19:00:00,,7.0,6.6,4.62,7.88,11.55,5.25,0.66,12.64,,,,,,,,78.0,0.45,168.5,0.0,0.0,9.5,741.0,
2024-10-19 20:00:00,6.0,10.75,7.45,5.55,9.02,11.88,4.78,0.73,12.01,,,,,,,,79.25,0.42,199.25,0.0,0.0,9.75,742.0,
2024-10-19 21:00:00,6.25,21.5,7.88,6.48,9.88,13.1,4.35,0.8,13.88,,,,,,,,81.0,0.3,211.75,0.0,0.0,10.0,742.0,
2024-10-19 22:00:00,7.0,22.75,8.65,7.42,10.95,12.98,2.15,0.8,15.15,,,,,,,,82.5,0.3,191.75,0.0,0.0,9.75,742.0,
2024-10-19 23:00:00,,28.0,8.95,5.03,9.93,13.42,1.52,0.8,15.26,,,,,,,,81.5,0.3,137.25,0.0,0.0,9.75,742.0,
2024-10-20 00:00:00,,20.5,9.48,6.95,11.4,14.75,6.32,0.75,16.09,,,,,,,,81.25,0.3,155.0,0.0,0.0,9.25,741.75,
2024-10-20 01:00:00,,26.25,10.9,8.43,13.38,14.18,6.92,0.75,17.87,,,,,,,,84.0,0.3,297.25,0.0,0.0,9.5,741.0,
2024-10-20 02:00:00,5.0,31.0,11.98,8.57,14.32,12.6,5.8,0.75,16.22,,,,,,,,85.75,0.3,303.75,0.0,0.0,9.5,741.0,
2024-10-20 03:00:00,4.75,29.5,13.38,8.75,15.55,11.92,5.38,0.77,18.61,,,,,,,,87.25,0.3,304.5,1.0,1.0,4.5,741.0,
2024-10-20 04:00:00,3.25,12.75,11.38,7.3,13.12,12.92,3.25,0.74,14.77,,,,,,,,88.0,0.32,218.5,0.75,0.75,3.75,741.0,
2024-10-20 05:00:00,1.0,3.0,12.4,5.7,13.12,14.7,3.32,0.74,16.94,,,,,,,,88.0,0.38,69.0,0.0,0.0,5.0,741.0,
2024-10-20 06:00:00,3.0,,12.7,4.5,12.7,14.6,3.0,0.76,16.87,,,,,,,,88.0,0.3,129.5,0.0,0.0,20.5,742.0,
2024-10-20 07:00:00,3.0,2.0,13.0,4.15,12.78,14.45,3.85,0.74,15.29,,,,,,,,85.5,0.5,122.0,0.0,0.0,91.75,743.0,
2024-10-20 08:00:00,,2.0,13.48,5.03,13.65,14.72,2.25,0.75,16.9,,,,,,,,79.5,0.75,120.5,0.0,0.0,178.25,743.25,
2024-10-20 09:00:00,9.0,17.0,12.02,5.35,12.58,13.75,2.48,0.73,15.58,,,,,,,,77.5,0.9,141.25,0.0,0.0,215.5,744.0,
2024-10-20 10:00:00,10.5,20.5,11.78,5.22,12.35,12.52,3.82,0.7,13.76,,,,,,,,74.75,1.27,94.0,0.0,0.0,220.0,743.5,
2024-10-20 11:00:00,13.25,28.0,10.8,4.45,11.12,12.68,4.62,0.71,12.71,,,,,,,,75.0,1.05,99.25,0.0,0.0,306.25,743.0,
2024-10-20 12:00:00,10.25,28.25,9.93,7.57,12.1,12.65,7.48,0.72,9.96,,,,,,,,71.25,1.27,136.75,0.0,0.0,268.25,742.0,
2024-10-20 13:00:00,17.75,56.5,11.22,6.38,12.5,14.15,14.3,0.73,12.68,,,,,,,,69.25,1.4,146.5,0.0,0.0,359.75,741.75,
2024-10-20 14:00:00,20.0,44.0,9.52,3.42,9.57,12.78,9.88,0.68,15.09,,,,,,,,69.0,1.45,152.25,0.0,0.0,292.0,741.0,
2024-10-20 15:00:00,,2.0,9.4,2.62,9.02,13.02,5.98,0.65,16.07,,,,,,,,70.75,1.55,144.0,0.0,0.0,205.0,741.0,
2024-10-20 16:00:00,,,8.72,2.85,8.6,13.48,4.47,0.62,15.36,,,,,,,,71.25,1.27,148.25,0.0,0.0,102.25,741.0,
2024-10-20 17:00:00,,1.0,9.22,2.2,8.68,12.4,3.92,0.59,14.91,,,,,,,,75.75,0.65,161.25,0.0,0.0,15.75,741.0,
2024-10-20 18:00:00,,5.0,8.57,3.22,8.68,11.9,5.25,0.62,14.53,,,,,,,,78.0,0.4,184.5,0.0,0.0,9.5,741.0,
2024-10-20 19:00:00,,17.0,8.38,3.98,8.93,11.42,5.62,0.63,13.53,,,,,,,,77.25,0.43,165.5,0.0,0.0,9.5,741.75,
2024-10-20 20:00:00,1.0,16.0,8.98,3.32,9.05,11.58,5.58,0.65,10.76,,,,,,,,77.5,0.4,181.25,0.0,0.0,9.75,742.5,
2024-10-20 21:00:00,1.0,13.0,7.85,2.48,7.68,13.08,5.75,0.69,14.46,,,,,,,,77.75,0.35,185.5,0.0,0.0,10.25,743.0,
2024-10-20 22:00:00,,13.25,8.3,3.25,8.48,12.42,4.75,0.7,13.95,,,,,,,,78.0,0.3,207.0,0.0,0.0,9.75,743.0,
2024-10-20 23:00:00,,14.0,8.6,2.92,8.57,12.7,4.35,0.68,14.62,,,,,,,,79.0,0.57,208.25,0.0,0.0,9.75,742.75,
2024-10-21 00:00:00,,,7.0,2.6,7.1,13.55,5.55,0.65,17.01,,,,,,,,79.75,0.38,217.75,0.0,0.0,9.75,742.0,
2024-10-21 01:00:00,,,8.95,3.58,9.18,12.08,5.18,0.62,15.72,,,,,,,,80.0,0.3,220.5,0.0,0.0,9.5,742.0,
2024-10-21 02:00:00,,17.0,10.58,5.15,11.32,11.72,3.15,0.6,19.29,,,,,,,,81.5,0.3,226.0,0.0,0.0,9.5,741.75,
2024-10-21 03:00:00,,15.75,10.15,6.42,11.65,11.38,3.8,0.64,18.28,,,,,,,,84.5,0.3,176.25,0.0,0.0,9.5,741.0,
2024-10-21 04:00:00,,10.5,10.4,9.45,13.5,10.8,3.22,0.64,14.66,,,,,,,,84.0,0.3,189.25,0.0,0.0,9.75,741.0,
2024-10-21 05:00:00,,11.5,14.8,8.07,16.35,12.45,4.03,0.68,16.3,,,,,,,,84.0,0.3,228.75,0.0,0.0,10.0,742.0,
2024-10-21 06:00:00,1.0,22.5,15.4,7.18,16.35,12.75,4.47,0.77,15.29,,,,,,,,84.75,0.3,225.0,0.0,0.0,24.5,742.0,
2024-10-21 07:00:00,2.25,7.5,16.02,7.55,17.05,12.85,4.78,0.8,16.54,,,,,,,,81.25,0.38,207.75,0.0,0.0,99.25,743.25,
2024-10-21 08:00:00,6.0,10.75,13.95,6.3,14.7,13.55,4.55,0.8,15.15,,,,,,,,78.0,0.35,222.25,0.0,0.0,92.0,744.0,
2024-10-21 09:00:00,,8.0,16.38,7.07,17.08,12.7,5.12,0.74,15.16,,,,,,,,70.25,0.78,216.75,0.0,0.0,305.25,744.0,
2024-10-21 10:00:00,,8.5,14.88,3.62,14.02,12.7,4.4,0.66,14.99,,,,,,,,66.0,1.35,216.25,0.0,0.0,388.5,744.0,
2024-10-21 11:00:00,,1.25,11.38,3.15,10.88,11.8,3.82,0.62,14.59,,,,,,,,65.25,1.5,203.0,0.0,0.0,394.75,743.0,
2024-10-21 12:00:00,,2.0,8.02,3.68,8.48,12.35,5.6,0.59,12.98,,,,,,,,64.75,1.62,196.25,0.0,0.0,406.5,742.25,
2024-10-21 13:00:00,,,6.55,2.82,6.82,11.9,5.72,0.57,15.14,,,,,,,,65.5,1.52,202.75,0.0,0.0,367.75,741.75,
2024-10-21 14:00:00,,,5.72,3.65,6.6,10.75,1.4,0.56,15.26,,,,,,,,66.0,1.5,200.75,0.0,0.0,299.25,741.0,
2024-10-21 15:00:00,,,3.85,3.6,5.0,11.42,0.6,0.55,15.52,,,,,,,,67.25,1.55,203.0,0.0,0.0,208.0,741.0,
2024-10-21 16:00:00,,8.0,5.4,3.9,6.48,11.12,3.15,0.55,15.28,,,,,,,,69.0,1.4,201.5,0.0,0.0,107.25,741.0,
2024-10-21 17:00:00,,10.0,4.65,4.18,6.0,10.88,3.72,0.56,14.18,,,,,,,,72.75,1.27,211.5,0.0,0.0,24.25,741.0,
2024-10-21 18:00:00,,16.0,5.45,5.5,7.38,9.98,2.15,0.62,13.78,,,,,,,,75.75,0.82,203.75,0.0,0.0,11.75,741.0,
2024-10-21 19:00:00,,20.75,5.68,4.88,7.18,9.45,0.88,0.66,16.02,,,,,,,,76.25,0.58,209.0,0.0,0.0,10.5,742.0,
2024-10-21 20:00:00,4.0,36.25,6.88,4.38,7.93,9.52,3.65,0.7,13.4,,,,,,,,76.25,0.35,196.75,0.0,0.0,10.75,742.5,
2024-10-21 21:00:00,4.0,40.25,7.58,5.8,9.25,10.12,5.03,0.72,15.25,,,,,,,,76.0,0.32,196.5,0.0,0.0,11.5,743.0,
2024-10-21 22:00:00,,36.5,8.85,5.85,10.28,9.68,2.9,0.72,16.38,,,,,,,,76.0,0.3,216.5,0.0,0.0,11.5,743.0,
2024-10-21 23:00:00,,21.75,10.5,5.4,11.42,10.48,2.62,0.72,16.04,,,,,,,,77.25,0.3,201.5,0.0,0.0,11.25,742.75,
2024-10-22 00:00:00,,18.25,12.0,5.58,12.72,11.08,4.18,0.7,15.37,,,,,,,,78.0,0.3,178.75,0.0,0.0,11.25,742.0,
2024-10-22 01:00:00,,24.5,11.92,6.6,13.2,11.0,4.9,0.68,15.83,,,,,,,,79.5,0.3,174.0,0.0,0.0,10.5,742.0,
2024-10-22 02:00:00,,39.0,16.25,5.9,16.38,10.42,4.55,0.67,15.04,,,,,,,,82.75,0.3,173.0,0.0,0.0,10.75,741.25,
2024-10-22 03:00:00,1.0,40.25,21.25,6.1,20.55,9.88,4.2,0.72,19.87,,,,,,,,83.5,0.3,171.25,0.0,0.0,10.75,741.25,
2024-10-22 04:00:00,3.5,62.25,25.3,6.28,23.9,10.18,1.92,0.78,19.92,,,,,,,,84.25,0.3,209.0,0.0,0.0,10.75,741.75,
2024-10-22 05:00:00,10.75,59.0,22.6,7.12,22.2,12.3,2.72,0.79,14.17,,,,,,,,85.0,0.3,198.0,0.0,0.0,10.75,742.0,
2024-10-22 06:00:00,9.75,44.75,23.28,6.65,22.5,12.25,4.05,0.84,21.28,,,,,,,,84.75,0.3,218.75,0.0,0.0,22.25,742.5,
2024-10-22 07:00:00,7.25,36.75,22.1,5.25,20.78,12.52,3.3,0.82,16.19,,,,,,,,79.5,0.38,221.25,0.0,0.0,107.5,743.0,
2024-10-22 08:00:00,2.0,32.0,19.8,5.28,18.9,12.5,2.72,0.8,14.22,,,,,,,,73.75,0.78,128.0,0.0,0.0,218.0,744.0,
2024-10-22 09:00:00,6.0,30.75,17.35,6.28,17.48,12.55,2.9,0.78,16.36,,,,,,,,69.5,0.82,153.75,0.0,0.0,265.75,743.5,
2024-10-22 10:00:00,6.0,34.0,14.28,5.1,14.32,11.48,5.48,0.7,14.82,,,,,,,,65.75,1.12,189.0,0.0,0.0,384.25,743.0,
2024-10-22 11:00:00,,23.0,12.38,2.1,11.18,11.8,6.5,0.64,15.36,,,,,,,,66.0,1.32,185.0,0.0,0.0,411.0,743.0,
2024-10-22 12:00:00,,10.0,12.45,2.22,11.3,11.42,5.22,0.62,12.46,,,,,,,,67.25,1.58,183.25,0.0,0.0,389.0,742.5,
2024-10-22 13:00:00,,16.0,11.85,3.78,11.68,12.1,5.42,0.63,14.13,,,,,,,,67.25,1.52,168.25,0.0,0.0,365.5,742.0,
2024-10-22 14:00:00,,,9.68,4.75,10.42,11.6,5.08,0.59,13.36,,,,,,,,67.25,1.58,160.0,0.0,0.0,289.5,741.25,
2024-10-22 15:00:00,,,11.02,4.38,11.3,10.88,4.7,0.55,14.52,,,,,,,,69.25,1.68,166.0,0.0,0.0,205.75,741.0,
2024-10-22 16:00:00,,,10.52,4.78,11.08,11.2,3.08,0.56,17.52,,,,,,,,69.75,1.2,168.75,0.0,0.0,97.75,741.0,
2024-10-22 17:00:00,,5.0,10.9,4.53,11.28,10.98,3.38,0.56,14.93,,,,,,,,73.0,0.75,155.0,0.0,0.0,20.75,741.25,
2024-10-22 18:00:00,,9.25,10.5,3.92,10.62,9.78,5.2,0.56,9.54,,,,,,,,74.25,0.4,170.75,0.0,0.0,10.5,741.75,
2024-10-22 19:00:00,,17.0,10.3,4.05,10.52,8.82,6.1,0.6,12.55,,,,,,,,75.25,0.42,134.25,0.0,0.0,10.5,742.25,
2024-10-22 20:00:00,,3.5,10.7,3.78,10.72,9.6,4.35,0.63,14.43,,,,,,,,74.5,0.35,130.75,0.0,0.0,10.75,743.0,
2024-10-22 21:00:00,,9.5,10.95,5.6,11.88,9.85,3.68,0.66,15.51,,,,,,,,75.0,0.3,114.0,0.0,0.0,11.5,743.0,
2024-10-22 22:00:00,,14.0,11.35,3.92,11.3,10.5,4.68,0.67,14.35,,,,,,,,76.0,0.3,136.25,0.0,0.0,11.5,742.75,
2024-10-22 23:00:00,38.0,180.0,11.72,6.55,13.02,11.08,4.88,0.72,15.24,,,,,,,,78.5,0.3,62.5,0.0,0.0,11.5,742.25,
2024-10-23 00:00:00,35.5,170.0,12.72,5.72,13.4,11.22,3.75,0.74,15.49,,,,,,,,78.75,0.3,68.75,0.0,0.0,11.25,742.0,
2024-10-23 01:00:00,34.25,163.75,27.45,9.18,27.22,11.75,2.92,0.91,16.08,,,,,,,,81.25,0.3,221.5,0.0,0.0,10.5,741.0,
2024-10-23 02:00:00,47.75,219.5,28.75,7.28,27.25,12.28,5.62,0.83,16.57,,,,,,,,82.75,0.3,277.0,0.0,0.0,10.5,741.0,
2024-10-23 03:00:00,29.75,147.25,22.2,7.38,21.98,11.62,4.98,0.78,15.18,,,,,,,,84.5,0.3,205.75,0.0,0.0,10.5,741.0,
2024-10-23 04:00:00,19.0,60.75,22.4,4.32,20.52,11.18,3.8,0.76,16.0,,,,,,,,85.0,0.3,192.5,0.0,0.0,10.5,741.0,
2024-10-23 05:00:00,7.0,28.0,19.35,5.78,18.8,12.08,3.28,0.76,15.55,,,,,,,,84.0,0.3,183.5,0.0,0.0,11.0,741.0,
2024-10-23 06:00:00,2.0,14.75,19.73,4.78,18.58,12.45,3.7,0.81,16.2,,,,,,,,83.75,0.3,234.0,0.0,0.0,25.0,742.0,
2024-10-23 07:00:00,3.0,20.0,20.65,6.02,19.98,12.5,3.65,0.82,16.35,,,,,,,,78.75,0.42,155.5,0.0,0.0,106.5,742.0,
2024-10-23 08:00:00,6.0,20.0,18.55,5.62,18.05,12.08,4.22,0.8,15.9,,,,,,,,72.75,0.9,131.75,0.0,0.0,229.75,743.0,
2024-10-23 09:00:00,,21.0,15.6,5.75,15.75,13.32,5.28,0.78,15.08,,,,,,,,67.75,0.92,117.25,0.0,0.0,317.5,743.0,
2024-10-23 10:00:00,2.0,26.25,11.5,6.22,12.65,13.02,1.72,0.76,10.83,,,,,,,,63.25,1.0,110.75,0.0,0.0,373.0,743.0,
2024-10-23 11:00:00,13.25,57.0,10.07,11.88,14.5,12.48,6.7,0.73,11.8,,,,,,,,65.75,1.23,154.5,0.0,0.0,394.75,742.25,
2024-10-23 12:00:00,42.25,116.75,4.95,10.5,9.6,12.48,8.3,0.66,10.94,,,,,,,,66.0,1.55,161.25,0.0,0.0,371.25,741.75,
2024-10-23 13:00:00,26.5,80.0,3.98,7.15,6.98,12.45,7.25,0.64,9.25,,,,,,,,65.0,1.65,140.75,0.0,0.0,355.0,741.0,
2024-10-23 14:00:00,24.0,76.75,4.12,4.65,5.78,12.25,6.42,0.66,10.02,,,,,,,,64.25,1.72,140.25,0.0,0.0,292.25,741.0,
2024-10-23 15:00:00,28.5,64.0,4.32,4.4,5.88,12.22,4.3,0.67,10.58,,,,,,,,67.0,1.62,144.5,0.0,0.0,166.0,741.0,
2024-10-23 16:00:00,25.5,56.5,2.38,4.68,4.38,12.85,4.05,0.7,7.77,,,,,,,,71.25,1.38,165.75,0.0,0.0,73.75,741.0,
2024-10-23 17:00:00,30.5,63.25,3.3,5.08,5.35,13.28,3.65,0.74,5.72,,,,,,,,73.25,0.9,160.0,0.0,0.0,21.5,741.0,
2024-10-23 18:00:00,34.75,72.25,2.75,6.9,5.9,13.05,2.75,0.81,5.26,,,,,,,,74.0,0.57,158.0,0.0,0.0,8.25,741.0,
2024-10-23 19:00:00,43.75,83.25,3.52,7.6,6.9,11.4,1.72,0.86,7.19,,,,,,,,74.0,0.43,199.0,0.0,0.0,7.75,741.75,
2024-10-23 20:00:00,46.75,96.75,5.08,5.22,6.9,11.92,4.82,0.84,6.3,,,,,,,,74.0,0.32,196.5,0.0,0.0,7.5,742.0,
2024-10-23 21:00:00,46.0,96.25,5.8,5.08,7.42,11.88,5.6,0.86,8.75,,,,,,,,74.0,0.35,214.25,0.0,0.0,8.5,742.0,
2024-10-23 22:00:00,38.75,87.5,5.32,3.88,6.38,11.68,5.15,0.87,7.46,,,,,,,,75.0,0.32,211.75,0.0,0.0,8.25,742.0,
2024-10-23 23:00:00,43.75,81.75,5.18,4.97,6.82,11.45,5.48,0.86,6.23,,,,,,,,75.25,0.3,224.25,0.0,0.0,8.0,742.0,
2024-10-24 00:00:00,47.5,91.75,5.62,8.55,9.15,12.25,3.08,0.85,11.07,,,,,,,,77.0,0.3,266.0,0.0,0.0,8.5,741.0,
2024-10-24 01:00:00,63.25,161.75,5.32,10.75,10.05,14.12,3.08,0.88,13.12,,,,,,,,79.5,0.3,279.25,0.0,0.0,7.75,741.0,
2024-10-24 02:00:00,63.75,149.0,6.75,8.28,9.92,13.05,3.12,0.84,12.92,,,,,,,,80.0,0.3,273.0,0.0,0.0,7.75,740.5,
2024-10-24 03:00:00,44.5,99.75,7.68,7.82,10.4,12.95,2.85,0.82,17.18,,,,,,,,80.25,0.3,262.25,0.0,0.0,7.75,740.0,
2024-10-24 04:00:00,42.75,107.75,8.0,5.98,9.68,12.85,3.38,0.81,13.26,,,,,,,,81.5,0.43,265.25,0.0,0.0,7.5,740.0,
2024-10-24 05:00:00,38.75,79.5,6.3,6.7,8.68,11.62,3.25,0.79,14.55,,,,,,,,81.75,0.57,250.5,0.0,0.0,8.0,741.0,
2024-10-24 06:00:00,26.5,48.25,5.72,6.28,7.98,11.4,2.92,0.78,10.93,,,,,,,,79.25,0.32,233.75,0.0,0.0,33.75,741.25,
2024-10-24 07:00:00,16.0,37.5,6.42,4.55,7.65,11.48,3.68,0.75,12.76,,,,,,,,73.25,1.0,248.25,0.0,0.0,108.5,742.0,
2024-10-24 08:00:00,8.25,37.75,6.35,5.38,8.0,11.2,3.5,0.74,8.38,,,,,,,,73.25,0.92,234.25,0.0,0.0,90.25,742.5,
2024-10-24 09:00:00,10.25,57.5,5.1,6.55,7.65,13.15,4.3,0.76,7.12,,,,,,,,73.25,0.8,231.25,0.0,0.0,97.0,743.0,
2024-10-24 10:00:00,8.25,56.5,5.18,7.32,8.1,12.78,2.25,0.78,9.98,,,,,,,,69.5,0.88,235.75,0.0,0.0,236.25,743.0,
2024-10-24 11:00:00,17.25,80.25,5.28,5.9,7.4,12.3,1.42,0.75,7.74,,,,,,,,66.5,1.03,243.0,0.0,0.0,209.25,742.25,
2024-10-24 12:00:00,15.0,63.5,4.12,6.18,6.62,12.12,4.88,0.72,3.49,,,,,,,,67.25,0.82,251.75,0.0,0.0,198.75,741.5,
2024-10-24 13:00:00,14.25,55.0,2.98,6.35,5.78,11.02,6.28,0.7,8.71,,,,,,,,66.5,0.98,210.75,0.0,0.0,200.5,741.0,
2024-10-24 14:00:00,11.25,50.0,2.33,5.0,4.53,10.28,4.68,0.67,3.94,,,,,,,,63.5,0.5,207.0,0.0,0.0,182.25,740.75,
2024-10-24 15:00:00,10.0,42.75,2.52,4.8,4.6,10.9,4.92,0.66,2.9,,,,,,,,64.25,0.48,136.25,0.0,0.0,125.25,740.0,
2024-10-24 16:00:00,16.75,56.75,2.12,7.48,5.7,10.85,2.92,0.7,5.18,,,,,,,,65.0,0.32,262.75,0.0,0.0,70.0,740.0,
2024-10-24 17:00:00,35.0,130.75,3.72,11.62,9.2,11.95,3.2,0.77,8.32,,,,,,,,68.25,0.3,126.75,0.0,0.0,20.25,740.0,
2024-10-24 18:00:00,57.5,186.75,4.05,18.23,13.0,12.48,3.42,0.88,11.39,,,,,,,,70.25,0.3,18.5,0.0,0.0,7.5,740.0,
2024-10-24 19:00:00,64.5,182.0,5.82,18.68,14.65,13.05,3.02,1.08,10.74,,,,,,,,71.75,0.3,118.75,0.0,0.0,7.5,741.0,
2024-10-24 20:00:00,63.5,193.0,5.18,14.45,11.9,12.7,2.95,1.06,4.54,,,,,,,,72.0,0.3,267.25,0.0,0.0,7.5,741.75,
2024-10-24 21:00:00,36.5,93.5,5.3,9.5,9.35,12.58,3.78,1.03,10.0,,,,,,,,72.0,0.32,256.75,0.0,0.0,8.25,742.0,
2024-10-24 22:00:00,25.75,64.0,5.75,4.8,7.25,11.32,5.08,0.93,9.78,,,,,,,,77.5,0.48,270.25,0.0,0.0,8.25,741.75,
2024-10-24 23:00:00,7.0,27.25,4.65,4.53,6.18,11.65,5.55,0.87,10.08,,,,,,,,78.5,0.43,275.75,0.0,0.0,8.25,741.25,
2024-10-25 00:00:00,8.0,19.0,6.28,5.12,7.85,11.72,2.95,0.85,12.63,,,,,,,,78.5,0.35,283.25,0.0,0.0,8.0,741.0,
2024-10-25 01:00:00,7.25,50.75,5.58,8.72,9.18,13.65,2.52,0.85,14.08,,,,,,,,80.0,0.38,273.25,0.0,0.0,7.5,740.75,
2024-10-25 02:00:00,4.5,36.25,6.1,4.45,7.32,14.95,1.98,0.81,12.14,,,,,,,,79.25,0.72,279.25,0.0,0.0,7.25,740.0,
2024-10-25 03:00:00,4.25,29.5,6.48,5.15,7.98,13.05,2.52,0.78,13.72,,,,,,,,80.75,0.52,264.0,0.0,0.0,7.5,740.0,
2024-10-25 04:00:00,8.0,24.5,7.3,5.48,8.82,12.4,3.62,0.74,14.4,,,,,,,,81.0,0.35,264.25,0.0,0.0,7.75,740.0,
2024-10-25 05:00:00,10.25,25.75,6.6,6.02,8.55,12.3,3.3,0.72,12.44,,,,,,,,81.5,0.32,257.5,0.0,0.0,8.25,740.25,
2024-10-25 06:00:00,15.75,32.5,5.6,7.68,8.65,22.82,7.75,0.81,18.77,,,,,,,,83.0,0.42,281.25,0.0,0.0,24.67,740.75,
2024-10-25 07:00:00,12.25,33.0,9.72,7.02,11.62,15.88,9.05,0.76,18.21,,,,,,,,79.75,0.43,254.5,0.0,0.0,91.25,741.5,
2024-10-25 08:00:00,13.5,51.75,8.93,7.58,11.3,12.98,5.12,0.82,15.1,,,,,,,,74.75,0.57,279.25,0.0,0.0,140.75,742.25,
2024-10-25 09:00:00,16.0,71.25,8.52,8.1,11.22,12.35,4.62,0.85,12.24,,,,,,,,70.25,0.68,264.25,0.0,0.0,232.5,743.0,
2024-10-25 10:00:00,20.0,93.5,6.65,6.12,8.68,15.1,4.82,0.84,8.98,,,,,,,,65.5,0.72,270.0,0.0,0.0,281.0,743.0,
2024-10-25 11:00:00,23.5,87.5,4.32,6.42,6.92,14.35,4.55,0.82,4.84,,,,,,,,62.5,0.85,277.25,0.0,0.0,316.0,742.0,
2024-10-25 12:00:00,27.25,97.0,4.35,5.38,6.38,14.38,3.82,0.78,3.07,,,,,,,,58.25,0.85,261.0,0.0,0.0,322.25,741.25,
2024-10-25 13:00:00,33.75,104.0,4.18,4.97,6.05,15.02,2.9,0.77,0.7,,,,,,,,55.5,0.78,258.0,0.0,0.0,257.25,741.0,
2024-10-25 14:00:00,32.75,83.5,2.65,3.65,4.1,14.35,5.25,0.74,4.23,,,,,,,,51.25,0.55,218.5,0.0,0.0,209.25,740.0,
2024-10-25 15:00:00,32.5,97.5,3.15,4.65,5.03,9.95,4.22,0.71,3.36,,,,,,,,50.25,0.38,191.5,0.0,0.0,138.0,740.0,
2024-10-25 16:00:00,29.0,98.25,1.8,7.7,6.5,11.92,3.25,0.7,13.5,,,,,,,,65.25,0.9,215.75,0.0,0.0,79.25,740.25,
2024-10-25 17:00:00,13.0,69.25,2.4,10.15,7.55,12.32,5.47,0.82,1.43,,,,,,,,74.0,1.08,220.25,0.0,0.0,23.5,741.0,
2024-10-25 18:00:00,10.75,65.75,2.95,9.55,7.48,13.05,5.72,0.9,2.06,,,,,,,,76.5,1.12,219.25,0.0,0.0,10.0,741.0,
2024-10-25 19:00:00,19.75,61.0,3.68,10.0,8.3,13.65,4.48,0.98,2.07,,,,,,,,77.75,0.5,221.75,0.0,0.0,9.5,741.0,
2024-10-25 20:00:00,37.75,81.75,4.08,7.22,7.15,14.58,1.55,0.99,7.58,,,,,,,,78.5,0.4,248.5,0.0,0.0,8.75,742.0,
2024-10-25 21:00:00,28.0,65.25,4.53,6.02,6.9,15.08,1.27,0.94,9.29,,,,,,,,79.75,0.57,250.5,0.0,0.0,8.75,742.0,
2024-10-25 22:00:00,17.0,40.5,3.38,5.22,5.48,14.98,1.75,0.88,11.58,,,,,,,,81.25,0.4,246.25,0.0,0.0,8.75,742.0,
2024-10-25 23:00:00,8.5,25.25,4.45,4.08,5.8,15.15,1.45,0.85,13.16,,,,,,,,82.5,0.32,261.5,0.0,0.0,8.75,741.75,
2024-10-26 00:00:00,1.0,20.0,4.73,3.97,5.98,15.28,2.3,0.82,13.46,,,,,,,,83.5,0.5,272.75,0.0,0.0,8.75,741.0,
2024-10-26 01:00:00,5.0,20.75,4.77,3.98,6.02,15.58,2.38,0.8,14.12,,,,,,,,81.75,0.57,274.0,0.0,0.0,8.75,740.5,
2024-10-26 02:00:00,5.0,26.75,5.7,4.28,6.9,16.18,6.75,0.79,14.35,,,,,,,,81.5,0.32,280.5,0.0,0.0,8.25,740.0,
2024-10-26 03:00:00,4.75,39.75,5.03,5.95,7.25,14.65,7.42,0.76,15.06,,,,,,,,80.0,0.3,285.5,0.0,0.0,8.75,740.0,
2024-10-26 04:00:00,6.75,47.0,5.82,7.8,8.85,14.3,4.6,0.73,14.44,,,,,,,,80.5,0.3,275.0,0.0,0.0,8.75,740.0,
2024-10-26 05:00:00,14.75,54.25,7.0,8.1,10.0,14.35,4.3,0.73,14.51,,,,,,,,82.0,0.3,293.5,0.0,0.0,8.75,740.75,
2024-10-26 06:00:00,17.5,62.0,9.28,10.42,13.1,15.3,5.35,0.78,14.94,,,,,,,,82.75,0.3,276.25,0.0,0.0,26.25,741.25,
2024-10-26 07:00:00,32.5,82.25,10.25,8.18,12.68,16.0,5.98,0.83,14.91,,,,,,,,78.25,0.35,285.5,0.0,0.0,91.25,742.0,
2024-10-26 08:00:00,48.25,115.0,8.6,6.1,10.25,16.25,3.88,0.88,14.35,,,,,,,,70.5,0.43,239.75,0.0,0.0,188.75,743.0,
2024-10-26 09:00:00,53.5,134.0,7.38,6.82,9.6,15.28,2.58,0.89,13.76,,,,,,,,65.0,0.75,254.75,0.0,0.0,271.0,743.0,
2024-10-26 10:00:00,48.5,113.5,6.5,7.42,9.22,16.75,5.28,0.87,12.45,,,,,,,,62.25,0.92,267.25,0.0,0.0,335.0,742.5,
2024-10-26 11:00:00,43.75,97.0,9.3,17.77,15.35,16.77,5.9,0.82,15.46,,,,,,,,57.5,0.9,244.75,0.0,0.0,360.5,741.75,
2024-10-26 12:00:00,40.5,103.0,2.7,14.52,10.95,15.2,4.8,0.22,11.96,,,,,,,,55.0,1.0,208.0,0.0,0.0,340.5,741.0,
2024-10-26 13:00:00,59.75,116.75,2.48,6.6,5.52,15.9,1.88,0.2,8.8,,,,,,,,52.75,1.0,200.25,0.0,0.0,313.75,740.75,
2024-10-26 14:00:00,57.25,104.25,1.9,6.08,4.82,15.62,2.35,0.72,10.6,,,,,,,,52.0,1.1,184.75,0.0,0.0,256.75,740.0,
2024-10-26 15:00:00,52.25,106.0,2.22,6.52,5.28,14.25,2.08,0.76,8.91,,,,,,,,58.0,1.0,144.75,0.0,0.0,122.0,740.0,
2024-10-26 16:00:00,50.25,109.0,2.17,4.18,4.0,13.7,3.45,0.78,10.02,,,,,,,,69.25,1.08,190.75,0.0,0.0,64.5,740.0,
2024-10-26 17:00:00,39.0,101.25,3.42,4.5,5.18,12.95,3.52,0.79,11.19,,,,,,,,74.5,0.72,200.75,0.0,0.0,18.5,740.0,
2024-10-26 18:00:00,32.75,76.75,3.42,4.82,5.32,15.12,2.6,0.83,9.19,,,,,,,,77.25,1.0,210.25,0.0,0.0,9.25,740.5,
2024-10-26 19:00:00,48.25,80.75,3.58,7.3,6.78,15.12,2.12,0.88,10.14,,,,,,,,79.25,1.2,218.25,0.0,0.0,8.75,741.0,
2024-10-26 20:00:00,64.5,100.5,3.78,7.2,6.88,15.65,3.2,0.91,11.06,,,,,,,,80.25,0.45,218.75,0.0,0.0,8.75,741.0,
2024-10-26 21:00:00,49.75,91.25,4.75,7.05,7.65,16.55,4.22,0.92,12.02,,,,,,,,82.0,0.3,257.75,0.0,0.0,8.75,741.25,
2024-10-26 22:00:00,53.75,88.75,3.78,5.12,5.75,17.3,5.8,0.87,13.36,,,,,,,,81.0,0.3,271.0,0.0,0.0,8.75,741.0,
2024-10-26 23:00:00,50.0,70.0,4.47,5.32,6.45,14.85,5.4,0.84,13.25,,,,,,,,81.0,0.38,272.75,0.0,0.0,9.5,741.0,
2024-10-27 00:00:00,39.0,59.0,4.2,5.08,6.12,14.72,2.88,0.86,12.9,,,,,,,,79.75,0.62,274.0,0.0,0.0,9.5,740.25,
2024-10-27 01:00:00,39.75,59.5,3.9,3.78,5.18,15.15,2.5,0.84,13.35,,,,,,,,79.5,0.4,271.5,0.0,0.0,9.75,740.0,
2024-10-27 02:00:00,44.25,64.25,3.95,3.55,5.08,17.23,6.25,0.82,12.86,,,,,,,,79.5,0.78,275.5,0.0,0.0,9.0,740.0,
2024-10-27 03:00:00,47.75,68.0,4.28,3.28,5.2,16.68,8.02,0.81,13.54,,,,,,,,79.0,0.4,280.75,0.0,0.0,8.75,740.0,
2024-10-27 04:00:00,38.0,58.5,5.25,6.42,7.7,15.62,6.45,0.78,13.84,,,,,,,,78.25,0.3,274.75,0.0,0.0,8.75,740.0,
2024-10-27 05:00:00,37.75,80.5,5.58,5.5,7.45,15.78,5.32,0.78,13.48,,,,,,,,79.0,0.35,281.5,0.0,0.0,9.0,740.0,
2024-10-27 06:00:00,38.0,70.25,6.52,6.98,9.0,16.15,3.15,0.8,15.01,,,,,,,,81.0,0.3,292.0,0.0,0.0,27.25,740.75,
2024-10-27 07:00:00,38.25,72.75,6.62,4.85,7.95,16.12,2.62,0.79,14.67,,,,,,,,78.5,0.42,282.5,0.0,0.0,93.5,741.5,
2024-10-27 08:00:00,35.75,84.25,7.0,5.68,8.7,15.7,4.55,0.83,14.39,,,,,,,,72.75,0.55,266.75,0.0,0.0,191.75,742.0,
2024-10-27 09:00:00,58.25,108.75,6.35,6.32,8.52,15.42,4.95,0.86,12.94,,,,,,,,67.5,0.6,263.5,0.0,0.0,278.0,742.5,
2024-10-27 10:00:00,76.5,138.5,3.28,5.35,5.52,17.23,4.58,0.86,10.94,,,,,,,,63.0,0.72,265.25,0.0,0.0,331.0,742.0,
2024-10-27 11:00:00,81.5,172.0,3.48,4.92,5.4,16.4,5.38,0.86,11.66,,,,,,,,58.0,0.98,276.0,0.0,0.0,366.25,741.5,
2024-10-27 12:00:00,76.25,172.75,3.28,3.75,4.68,16.08,4.53,0.81,11.06,,,,,,,,57.0,0.78,272.25,0.0,0.0,181.5,740.75,
2024-10-27 13:00:00,78.5,187.25,2.65,4.88,4.75,15.75,3.92,0.81,9.95,,,,,,,,58.5,0.85,188.5,0.0,0.0,197.5,740.0,
2024-10-27 14:00:00,62.75,113.25,3.38,5.72,5.82,15.0,3.75,0.82,11.45,,,,,,,,60.0,0.85,175.75,0.0,0.0,151.0,739.25,
2024-10-27 15:00:00,55.25,107.25,2.65,5.95,5.28,13.52,3.45,0.88,9.46,,,,,,,,62.25,0.55,187.25,0.0,0.0,141.0,739.0,
2024-10-27 16:00:00,54.25,112.25,2.5,7.02,5.78,15.82,4.92,1.1,5.01,,,,,,,,65.5,0.88,142.5,0.0,0.0,71.25,739.0,
2024-10-27 17:00:00,58.0,108.25,1.92,5.7,4.62,14.3,4.78,1.05,8.03,,,,,,,,68.0,0.48,159.25,0.0,0.0,16.5,739.5,
2024-10-27 18:00:00,58.0,113.0,2.55,6.62,5.6,15.58,6.05,1.05,7.94,,,,,,,,68.25,0.38,168.5,0.0,0.0,9.75,740.0,
2024-10-27 19:00:00,59.25,119.25,3.78,7.12,6.82,16.4,7.32,1.08,9.5,,,,,,,,68.0,0.3,172.25,0.0,0.0,9.5,740.25,
2024-10-27 20:00:00,63.25,130.0,3.75,8.48,7.55,15.85,3.9,1.05,10.51,,,,,,,,69.25,0.3,190.25,0.0,0.0,9.5,741.0,
2024-10-27 21:00:00,62.5,130.0,3.72,8.4,7.48,16.05,2.48,1.04,9.96,,,,,,,,71.5,0.3,208.5,0.0,0.0,9.25,741.0,
2024-10-27 22:00:00,62.0,120.75,3.88,7.78,7.28,15.88,3.42,1.03,11.95,,,,,,,,73.0,0.3,214.5,0.0,0.0,9.5,740.75,
2024-10-27 23:00:00,70.5,113.5,3.15,5.98,5.75,14.15,3.68,0.98,11.34,,,,,,,,73.0,0.3,215.25,0.0,0.0,9.75,740.0,
2024-10-28 00:00:00,59.0,93.75,3.28,5.6,5.65,14.32,5.1,0.99,11.41,,,,,,,,74.0,0.3,214.75,0.0,0.0,9.75,740.0,
2024-10-28 01:00:00,54.75,93.5,4.0,3.15,4.9,14.8,6.22,0.96,11.35,,,,,,,,75.0,0.3,211.5,0.0,0.0,9.75,739.75,
2024-10-28 02:00:00,57.0,125.25,3.25,10.3,8.12,15.95,5.0,0.89,11.95,,,,,,,,76.25,0.3,209.0,0.0,0.0,9.25,739.0,
2024-10-28 03:00:00,71.5,196.75,4.9,9.3,8.93,17.5,5.07,0.89,12.13,,,,,,,,78.25,0.3,245.0,0.0,0.0,8.75,739.0,
2024-10-28 04:00:00,66.5,162.5,7.0,15.48,13.9,17.08,2.75,0.89,13.16,,,,,,,,80.5,0.3,254.75,0.0,0.0,8.75,739.5,
2024-10-28 05:00:00,80.25,214.75,9.12,18.1,17.02,16.98,3.22,0.9,13.3,,,,,,,,81.75,0.3,263.0,0.0,0.0,8.75,740.0,
2024-10-28 06:00:00,75.0,159.5,11.95,17.35,18.92,16.65,3.62,0.98,14.52,,,,,,,,82.25,0.3,273.5,0.0,0.0,26.0,740.5,
2024-10-28 07:00:00,86.5,155.75,10.38,12.9,15.3,16.08,2.82,1.0,13.82,,,,,,,,79.5,0.3,289.5,0.0,0.0,87.75,741.0,
2024-10-28 08:00:00,91.75,145.25,8.48,8.05,11.2,15.85,4.38,1.01,13.0,,,,,,,,75.5,0.35,281.0,0.0,0.0,180.0,742.0,
2024-10-28 09:00:00,84.25,140.75,6.82,6.55,9.05,15.6,5.32,0.99,11.95,,,,,,,,71.25,0.75,278.5,0.0,0.0,266.0,742.0,
2024-10-28 10:00:00,79.25,151.0,4.4,6.95,7.28,15.35,5.32,0.97,10.68,,,,,,,,67.75,0.82,271.0,0.0,0.0,316.25,742.0,
2024-10-28 11:00:00,69.25,116.75,2.53,6.35,5.4,16.55,5.98,0.93,10.48,,,,,,,,61.5,0.65,256.25,0.0,0.0,365.25,741.0,
2024-10-28 12:00:00,61.0,104.5,13.12,15.25,18.8,17.9,7.35,2.51,13.09,,,,,,,,61.5,0.82,238.5,0.0,0.0,275.25,741.0,
2024-10-28 13:00:00,50.5,102.5,2.82,9.43,7.28,21.02,5.38,1.72,11.84,,,,,,,,67.5,1.85,212.25,0.0,0.0,247.5,740.0,
2024-10-28 14:00:00,46.0,107.25,2.82,7.25,6.18,22.6,7.55,1.33,9.78,,,,,,,,67.25,1.92,209.0,0.0,0.0,181.0,740.0,
2024-10-28 15:00:00,107.0,150.75,3.62,5.6,5.92,25.52,12.35,1.12,9.1,,,,,,,,70.25,2.2,213.75,0.0,0.0,153.25,740.0,
2024-10-28 16:00:00,90.0,128.25,2.78,5.92,5.45,21.5,5.2,1.0,10.12,,,,,,,,73.25,1.9,216.75,0.0,0.0,74.25,739.75,
2024-10-28 17:00:00,40.0,80.25,2.05,6.55,5.15,20.25,3.68,0.93,11.23,,,,,,,,75.25,1.7,213.75,0.0,0.0,28.25,739.75,
2024-10-28 18:00:00,41.5,76.25,3.6,6.85,6.6,18.7,3.58,0.94,11.74,,,,,,,,77.0,1.2,215.25,0.0,0.0,15.0,740.0,
2024-10-28 19:00:00,36.25,71.0,3.42,6.38,6.2,18.38,4.05,0.96,11.76,,,,,,,,77.75,1.05,219.0,0.0,0.0,14.5,740.0,
2024-10-28 20:00:00,34.25,67.0,3.32,4.9,5.32,18.68,2.38,0.93,11.09,,,,,,,,78.0,0.8,221.75,0.0,0.0,14.5,741.0,
2024-10-28 21:00:00,34.5,58.75,4.22,5.62,6.42,19.25,2.75,0.94,11.9,,,,,,,,78.75,0.45,221.5,0.0,0.0,14.25,741.0,
2024-10-28 22:00:00,34.0,69.0,4.12,4.92,5.98,19.4,4.7,0.92,11.58,,,,,,,,79.0,0.42,218.0,0.0,0.0,14.5,741.0,
2024-10-28 23:00:00,33.0,69.0,2.9,6.35,5.72,17.48,5.12,0.9,13.28,,,,,,,,79.75,0.3,256.0,0.0,0.0,14.75,741.0,
2024-10-29 00:00:00,24.0,74.75,4.68,6.18,7.1,17.7,3.92,0.85,14.05,,,,,,,,82.0,0.3,285.25,0.0,0.0,14.75,740.25,
2024-10-29 01:00:00,31.5,59.25,4.85,4.72,6.48,17.12,3.78,0.82,14.02,,,,,,,,82.75,0.3,282.25,0.0,0.0,14.5,740.0,
2024-10-29 02:00:00,24.5,41.25,3.78,4.95,5.68,18.05,4.95,0.8,14.68,,,,,,,,83.25,0.3,289.5,0.0,0.0,14.25,740.0,
2024-10-29 03:00:00,18.5,41.75,5.22,5.8,7.32,18.45,5.42,0.79,14.48,,,,,,,,83.25,0.3,282.5,0.0,0.0,13.5,740.0,
2024-10-29 04:00:00,24.0,53.75,6.02,7.05,8.65,17.1,3.65,0.74,15.27,,,,,,,,83.5,0.35,285.25,0.0,0.0,13.5,740.0,
2024-10-29 05:00:00,27.5,63.5,5.22,4.45,6.62,17.35,3.18,0.73,15.33,,,,,,,,82.75,0.48,284.5,0.0,0.0,13.75,740.0,
2024-10-29 06:00:00,29.5,61.75,5.03,4.97,6.72,17.02,3.78,0.74,14.94,,,,,,,,80.75,0.32,236.75,0.0,0.0,23.75,740.75,
2024-10-29 07:00:00,29.0,67.75,5.38,4.97,7.0,16.55,3.45,0.74,14.82,,,,,,,,80.25,0.55,211.25,0.0,0.0,45.75,741.75,
2024-10-29 08:00:00,25.0,70.25,4.82,5.48,6.85,16.6,3.2,0.78,13.78,,,,,,,,76.75,0.32,213.75,0.0,0.0,102.75,742.0,
2024-10-29 09:00:00,29.75,87.5,4.68,4.65,6.28,15.9,3.48,0.77,14.28,,,,,,,,71.5,0.57,214.25,0.0,0.0,179.75,743.0,
2024-10-29 10:00:00,25.25,55.5,4.78,3.62,5.82,16.18,5.98,0.74,13.52,,,,,,,,67.0,0.8,215.0,0.0,0.0,287.0,742.75,
2024-10-29 11:00:00,23.75,54.25,4.55,3.62,5.62,16.68,6.7,0.73,13.59,,,,,,,,65.0,0.95,194.75,0.0,0.0,373.25,742.0,
2024-10-29 12:00:00,26.0,56.5,3.25,3.78,4.65,16.2,5.3,0.69,11.79,,,,,,,,65.5,0.85,186.5,0.0,0.0,311.75,741.25,
2024-10-29 13:00:00,24.75,58.0,3.25,4.7,5.18,15.35,4.1,0.66,11.46,,,,,,,,72.25,1.32,208.5,0.0,0.0,160.0,740.75,
2024-10-29 14:00:00,22.25,50.5,2.98,3.95,4.55,14.55,5.58,0.68,12.06,,,,,,,,70.25,1.4,207.0,0.0,0.0,228.75,740.0,
2024-10-29 15:00:00,25.5,56.25,1.75,4.5,3.82,14.22,5.68,0.68,13.0,,,,,,,,71.0,1.6,217.75,0.0,0.0,156.75,740.0,
2024-10-29 16:00:00,25.25,57.25,3.22,3.95,4.72,13.48,4.45,0.66,12.41,,,,,,,,73.0,1.32,218.25,0.0,0.0,72.25,740.0,
2024-10-29 17:00:00,28.25,54.25,3.58,5.6,5.88,13.35,4.53,0.7,11.44,,,,,,,,76.0,0.98,153.5,0.0,0.0,22.5,741.0,
2024-10-29 18:00:00,31.0,70.5,2.48,11.78,8.3,13.2,4.78,0.83,13.26,,,,,,,,82.0,0.3,186.75,0.0,0.0,8.25,740.0,
2024-10-29 19:00:00,50.0,73.5,4.4,12.98,10.48,14.1,5.05,1.0,13.63,,,,,,,,81.25,0.3,265.0,0.0,0.0,9.5,740.5,
2024-10-29 20:00:00,61.25,82.5,4.08,11.15,9.2,15.12,5.55,0.96,14.41,,,,,,,,80.25,0.48,220.75,0.0,0.0,10.75,741.0,
2024-10-29 21:00:00,52.0,84.5,5.55,6.35,7.85,13.92,5.0,0.9,13.75,,,,,,,,78.5,0.48,223.0,0.0,0.0,11.5,741.0,
2024-10-29 22:00:00,29.0,47.25,5.2,5.08,6.93,14.55,5.28,0.83,13.24,,,,,,,,78.0,0.4,223.25,0.0,0.0,11.75,741.0,
2024-10-29 23:00:00,25.0,41.75,5.62,7.08,8.32,13.4,5.12,0.8,14.42,,,,,,,,79.75,0.3,272.5,0.0,0.0,12.75,741.0,
2024-10-30 00:00:00,40.75,75.0,9.2,12.72,14.25,13.9,5.42,0.95,15.74,,,,,,,,81.25,0.3,284.75,0.0,0.0,12.75,741.0,
2024-10-30 01:00:00,67.25,142.5,14.1,11.68,17.67,14.05,4.82,0.97,16.26,,,,,,,,82.5,0.3,264.25,0.0,0.0,12.75,740.5,
2024-10-30 02:00:00,56.25,120.25,16.32,11.55,19.4,14.42,4.08,0.95,16.75,,,,,,,,83.5,0.3,243.5,0.0,0.0,12.5,740.0,
2024-10-30 03:00:00,49.25,116.0,14.4,12.75,18.48,16.67,3.75,0.96,15.88,,,,,,,,83.75,0.3,299.5,0.0,0.0,11.75,740.0,
2024-10-30 04:00:00,55.25,100.25,14.12,13.32,18.58,14.8,5.03,0.91,16.19,,,,,,,,83.25,0.3,296.0,0.0,0.0,12.25,740.0,
2024-10-30 05:00:00,64.0,98.0,15.05,12.5,18.88,14.58,4.6,0.9,15.91,,,,,,,,82.5,0.3,275.0,0.0,0.0,12.75,740.5,
2024-10-30 06:00:00,66.5,98.5,14.68,12.92,18.82,14.3,3.48,0.9,15.87,,,,,,,,81.75,0.3,252.75,0.0,0.0,29.25,741.0,
2024-10-30 07:00:00,58.5,99.75,14.92,10.15,17.52,15.75,3.7,0.94,15.74,,,,,,,,78.75,0.3,256.75,0.0,0.0,79.0,742.0,
2024-10-30 08:00:00,64.75,98.0,12.08,8.0,14.08,15.62,3.35,0.95,14.96,,,,,,,,74.0,0.4,270.75,0.0,0.0,177.0,742.75,
2024-10-30 09:00:00,56.25,90.25,8.95,6.6,10.78,15.18,2.45,0.92,13.78,,,,,,,,71.75,0.5,270.0,0.0,0.0,210.25,743.0,
2024-10-30 10:00:00,38.75,71.0,7.2,4.97,8.5,14.98,2.22,0.84,12.6,,,,,,,,71.5,0.72,251.75,0.0,0.0,215.25,743.0,
2024-10-30 11:00:00,30.0,59.75,5.7,4.8,7.18,16.18,0.55,0.83,13.92,,,,,,,,67.5,1.12,237.75,0.0,0.0,322.5,742.0,
2024-10-30 12:00:00,33.5,69.5,5.18,5.5,7.15,15.88,3.18,0.77,11.97,,,,,,,,68.5,2.25,215.25,0.0,0.0,173.75,742.0,
2024-10-30 13:00:00,33.0,61.25,4.8,4.78,6.4,16.85,4.35,0.74,11.64,,,,,,,,76.75,0.98,223.5,0.0,0.0,59.75,741.0,
2024-10-30 14:00:00,27.0,56.0,4.08,6.62,6.85,17.83,3.85,0.75,12.34,,,,,,,,73.75,0.32,249.0,0.0,0.0,42.5,741.0,
2024-10-30 15:00:00,28.5,68.75,5.62,4.75,7.08,18.4,3.47,0.74,12.86,,,,,,,,76.25,0.52,199.75,0.0,0.0,52.0,740.75,
2024-10-30 16:00:00,32.75,52.25,5.45,3.25,6.12,18.62,3.4,0.76,12.42,,,,,,,,77.0,0.48,196.75,0.0,0.0,39.5,741.0,
2024-10-30 17:00:00,31.25,54.0,4.42,4.0,5.72,18.75,3.05,0.78,12.94,,,,,,,,78.75,0.5,213.75,0.0,0.0,17.75,741.0,
2024-10-30 18:00:00,29.0,64.5,4.2,5.3,6.2,18.92,4.5,0.78,13.42,,,,,,,,80.0,0.3,210.5,0.0,0.0,13.5,741.0,
2024-10-30 19:00:00,53.75,86.25,4.78,6.15,7.18,20.68,5.1,0.83,13.54,,,,,,,,79.75,0.3,214.5,0.0,0.0,12.5,742.0,
2024-10-30 20:00:00,139.0,179.25,5.5,10.45,10.02,18.52,5.78,0.86,14.21,,,,,,,,79.5,0.3,217.5,0.0,0.0,12.75,742.0,
2024-10-30 21:00:00,160.5,209.5,4.88,10.38,9.48,17.92,6.28,0.9,15.13,,,,,,,,82.25,0.3,72.5,0.0,0.0,12.5,742.5,
2024-10-30 22:00:00,157.75,208.0,9.2,11.7,13.68,17.4,6.0,1.05,14.98,,,,,,,,83.5,0.3,41.25,0.0,0.0,12.75,743.0,
2024-10-30 23:00:00,259.75,329.0,13.75,13.68,18.45,19.48,5.7,1.2,14.88,,,,,,,,83.75,0.3,239.25,0.0,0.0,12.75,742.75,
2024-10-31 00:00:00,294.5,385.0,22.02,14.6,25.68,19.42,7.12,1.49,16.09,,,,,,,,84.75,0.3,129.5,0.0,0.0,12.75,742.0,
2024-10-31 01:00:00,347.25,445.25,31.42,14.92,33.48,19.38,7.55,1.72,15.58,,,,,,,,85.75,0.3,307.5,0.0,0.0,12.75,741.75,
2024-10-31 02:00:00,343.0,437.25,30.02,14.45,32.1,19.52,3.7,1.64,15.48,,,,,,,,86.0,0.3,56.5,0.0,0.0,12.5,741.0,
2024-10-31 03:00:00,226.5,304.0,27.52,12.5,29.05,20.72,2.82,1.61,15.14,,,,,,,,86.75,0.3,21.25,0.0,0.0,11.75,741.0,
2024-10-31 04:00:00,152.5,209.0,24.7,10.8,25.82,19.1,1.95,1.5,15.87,,,,,,,,87.0,0.3,288.75,0.0,0.0,11.75,741.0,
2024-10-31 05:00:00,112.75,151.5,26.18,10.9,27.1,18.32,1.98,1.42,15.77,,,,,,,,87.0,0.3,282.25,0.0,0.0,11.75,741.0,
2024-10-31 06:00:00,106.25,134.0,22.72,11.62,24.68,18.08,3.82,1.39,15.32,,,,,,,,86.75,0.3,303.75,0.0,0.0,28.75,742.0,
2024-10-31 07:00:00,108.75,143.75,21.5,9.15,22.35,18.08,4.6,1.34,15.8,,,,,,,,83.75,0.3,241.5,0.0,0.0,93.0,743.0,
2024-10-31 08:00:00,119.0,158.0,19.23,8.52,20.17,18.08,3.25,1.29,15.78,,,,,,,,77.75,0.32,139.25,0.0,0.0,177.25,743.5,
2024-10-31 09:00:00,125.5,157.25,15.92,7.55,16.95,17.6,3.0,1.2,15.13,,,,,,,,74.0,0.32,146.5,0.0,0.0,146.75,744.0,
2024-10-31 10:00:00,98.25,126.5,12.42,6.95,13.85,16.62,3.9,1.1,14.13,,,,,,,,71.75,0.75,197.5,0.0,0.0,250.0,744.0,
2024-10-31 11:00:00,80.25,106.5,9.5,5.0,10.4,17.4,3.15,1.0,14.64,,,,,,,,67.75,0.95,188.75,0.0,0.0,169.0,743.25,
2024-10-31 12:00:00,45.75,66.25,8.1,3.92,8.7,14.42,4.92,0.89,15.22,,,,,,,,67.5,0.72,184.0,0.0,0.0,194.5,742.75,
2024-10-31 13:00:00,50.0,73.75,8.55,3.18,8.65,13.95,5.72,0.81,15.08,,,,,,,,70.0,0.98,188.0,0.0,0.0,236.25,742.0,
2024-10-31 14:00:00,26.75,39.25,7.7,2.75,7.78,13.52,6.38,0.75,14.88,,,,,,,,71.25,1.27,194.75,0.0,0.0,204.25,741.0,
2024-10-31 15:00:00,19.5,33.75,6.6,2.17,6.58,14.0,6.85,0.7,15.22,,,,,,,,71.75,1.27,203.5,0.0,0.0,151.75,741.0,
2024-10-31 16:00:00,15.25,23.75,5.6,2.25,5.72,12.78,5.0,0.67,15.12,,,,,,,,73.25,0.85,196.75,0.0,0.0,60.25,741.0,
2024-10-31 17:00:00,12.25,36.25,5.65,2.82,6.1,12.68,4.35,0.65,14.84,,,,,,,,76.5,0.72,202.25,0.0,0.0,19.5,741.0,
2024-10-31 18:00:00,116.5,181.5,7.85,7.45,10.38,13.05,4.35,0.66,15.44,,,,,,,,76.5,0.7,205.5,0.0,0.0,14.5,741.5,
2024-10-31 19:00:00,528.75,498.0,14.0,10.42,16.9,15.68,8.85,0.73,14.48,,,,,,,,77.0,0.5,199.25,0.0,0.0,13.0,742.0,
2024-10-31 20:00:00,844.5,,14.95,8.55,16.67,14.72,9.85,0.7,14.87,,,,,,,,77.0,0.38,204.5,0.0,0.0,13.5,743.0,
2024-10-31 21:00:00,426.0,355.0,13.32,6.68,14.38,14.28,8.98,0.7,14.06,,,,,,,,77.25,0.35,206.25,0.0,0.0,13.5,743.0,
2024-10-31 22:00:00,247.75,299.25,13.15,4.75,13.25,14.45,9.02,0.68,14.27,,,,,,,,77.25,0.32,204.5,0.0,0.0,13.25,743.0,
2024-10-31 23:00:00,118.0,132.0,11.9,2.1,10.83,14.6,8.13,0.66,14.37,,,,,,,,78.0,0.3,216.67,0.0,0.0,14.0,743.0,
2024-11-01 00:00:00,19.75,39.25,9.85,2.65,9.43,14.52,6.18,0.66,15.28,,,,,,,,78.5,0.32,218.0,0.0,0.0,14.25,742.5,
2024-11-01 01:00:00,33.25,55.5,9.85,6.22,11.32,14.95,4.65,0.69,15.49,,,,,,,,82.25,0.3,163.75,0.0,0.0,13.75,742.0,
2024-11-01 02:00:00,109.25,157.5,11.35,7.55,13.25,14.75,5.52,0.7,15.97,,,,,,,,84.25,0.3,245.5,0.0,0.0,13.75,741.75,
2024-11-01 03:00:00,127.25,166.25,12.5,7.72,14.25,17.08,5.03,0.72,15.83,,,,,,,,85.25,0.3,199.0,0.0,0.0,13.0,741.25,
2024-11-01 04:00:00,144.75,193.5,12.62,7.28,14.12,15.05,3.72,0.69,16.14,,,,,,,,86.25,0.3,57.0,0.0,0.0,12.75,742.0,
2024-11-01 05:00:00,194.75,227.75,13.48,6.68,14.48,14.25,3.08,0.69,15.7,,,,,,,,86.75,0.3,208.25,0.0,0.0,12.75,742.0,
2024-11-01 06:00:00,158.25,189.5,14.55,6.1,15.05,13.78,6.22,0.72,15.71,,,,,,,,86.5,0.3,45.75,0.0,0.0,25.0,742.75,
2024-11-01 07:00:00,125.25,150.25,14.0,6.0,14.55,15.1,7.43,0.74,15.67,,,,,,,,83.75,0.3,107.0,0.0,0.0,92.25,743.5,
2024-11-01 08:00:00,94.0,115.75,12.48,3.9,12.22,16.33,6.22,0.75,16.32,,,,,,,,77.0,0.32,98.25,0.0,0.0,176.0,744.0,
2024-11-01 09:00:00,58.5,79.25,11.32,4.12,11.4,15.32,5.68,0.74,16.2,,,,,,,,73.5,0.6,124.0,0.0,0.0,213.75,745.0,
2024-11-01 10:00:00,47.75,65.25,9.6,3.12,9.5,15.2,4.38,0.7,15.63,,,,,,,,66.75,0.68,119.5,0.0,0.0,300.75,745.0,
2024-11-01 11:00:00,35.25,49.25,8.85,2.78,8.67,15.18,3.97,0.69,14.68,,,,,,,,65.25,0.75,157.75,0.0,0.0,249.25,744.0,
2024-11-01 12:00:00,24.5,48.5,6.35,2.62,6.55,14.18,5.05,0.64,15.1,,,,,,,,65.75,1.02,141.0,0.0,0.0,378.5,743.5,
2024-11-01 13:00:00,20.5,34.5,6.2,1.85,6.02,13.55,5.35,0.62,15.26,,,,,,,,65.0,1.2,169.5,0.0,0.0,332.5,742.75,
2024-11-01 14:00:00,27.75,33.25,5.32,2.25,5.55,13.22,3.12,0.61,15.1,,,,,,,,66.0,1.25,159.75,0.0,0.0,266.75,742.0,
2024-11-01 15:00:00,20.75,38.75,5.25,2.08,5.4,12.85,2.6,0.58,14.06,,,,,,,,69.0,1.5,145.75,0.0,0.0,184.25,742.0,
2024-11-01 16:00:00,26.0,48.0,4.92,1.5,4.8,11.78,1.58,0.57,15.4,,,,,,,,71.75,1.05,150.5,0.0,0.0,88.75,742.0,
2024-11-01 17:00:00,16.75,32.0,4.78,0.88,4.32,11.68,1.0,0.57,14.59,,,,,,,,74.25,1.0,148.5,0.0,0.0,21.25,742.0,
2024-11-01 18:00:00,17.0,34.25,4.98,2.17,4.88,11.2,2.75,0.58,15.58,,,,,,,,75.5,0.72,165.25,0.0,0.0,15.5,742.5,
2024-11-01 19:00:00,27.0,55.5,4.95,3.15,5.7,12.92,2.9,0.61,14.83,,,,,,,,76.5,0.45,173.5,0.0,0.0,14.0,743.0,
2024-11-01 20:00:00,50.75,75.0,5.25,3.1,5.92,13.0,4.35,0.62,15.04,,,,,,,,76.75,0.3,164.0,0.0,0.0,14.0,744.0,
2024-11-01 21:00:00,90.75,124.75,6.7,3.62,7.35,13.02,5.05,0.63,15.2,,,,,,,,76.25,0.3,177.75,0.0,0.0,13.75,744.0,
2024-11-01 22:00:00,143.5,205.0,6.78,3.05,7.12,13.22,5.35,0.62,14.8,,,,,,,,76.5,0.3,183.5,0.0,0.0,13.5,744.0,
2024-11-01 23:00:00,15.25,66.25,9.5,2.67,8.82,13.35,5.68,0.61,15.1,,,,,,,,76.75,0.3,189.75,0.0,0.0,14.25,743.5,
2024-11-02 00:00:00,11.25,26.0,10.68,2.0,9.75,13.0,3.32,0.61,15.43,,,,,,,,77.5,0.3,202.75,0.0,0.0,14.0,743.0,
2024-11-02 01:00:00,6.0,17.75,9.5,1.2,8.38,13.25,1.78,0.61,15.87,,,,,,,,80.5,0.3,214.5,0.0,0.0,11.5,743.0,
2024-11-02 02:00:00,6.0,14.25,9.57,3.75,9.8,12.98,2.33,0.6,16.08,,,,,,,,81.75,0.3,213.75,0.0,0.0,12.75,742.25,
2024-11-02 03:00:00,9.5,26.0,9.55,3.78,9.75,14.72,2.9,0.64,16.42,,,,,,,,82.5,0.38,127.0,0.0,0.0,9.75,742.0,
2024-11-02 04:00:00,15.5,25.5,8.88,4.08,9.38,13.88,5.68,0.57,15.94,,,,,,,,84.5,0.3,248.75,0.0,0.0,7.25,742.0,
2024-11-02 05:00:00,2.0,6.0,8.9,4.4,9.57,13.2,5.65,0.57,16.48,,,,,,,,83.5,0.3,313.5,0.0,0.0,9.0,742.0,
2024-11-02 06:00:00,27.0,53.0,12.45,7.35,14.02,12.58,5.22,0.67,16.24,,,,,,,,84.5,0.3,302.25,0.0,0.0,18.5,742.75,
2024-11-02 07:00:00,28.25,52.5,12.88,4.1,12.65,14.4,4.3,0.68,16.52,,,,,,,,82.0,0.3,253.75,0.0,0.0,94.75,743.75,
2024-11-02 08:00:00,26.75,45.5,11.22,3.05,10.72,13.77,2.75,0.7,16.76,,,,,,,,75.0,0.3,204.75,0.0,0.0,194.5,744.75,
2024-11-02 09:00:00,13.25,30.0,8.02,5.1,9.22,13.32,2.72,0.7,15.0,,,,,,,,75.25,0.57,118.5,0.0,0.0,187.25,744.75,
2024-11-02 10:00:00,16.0,30.25,3.8,6.0,6.3,12.32,4.6,0.66,15.0,,,,,,,,69.5,0.6,150.25,0.0,0.0,289.0,744.75,
2024-11-02 11:00:00,6.25,23.0,3.82,6.1,6.38,15.18,6.57,0.63,7.76,,,,,,,,71.25,0.72,161.5,0.0,0.0,257.25,744.25,
2024-11-02 12:00:00,11.5,28.75,3.28,3.35,4.47,14.7,4.7,0.61,0.27,,,,,,,,66.5,0.85,175.5,0.0,0.0,381.0,743.25,
2024-11-02 13:00:00,5.75,32.75,4.75,3.78,5.88,12.88,3.8,0.58,5.52,,,,,,,,65.5,1.0,156.25,0.0,0.0,348.25,743.0,
2024-11-02 14:00:00,2.75,19.5,5.48,2.85,5.92,12.3,1.5,0.55,10.91,,,,,,,,67.5,1.08,156.75,0.0,0.0,275.75,742.25,
2024-11-02 15:00:00,4.75,18.0,5.55,3.1,6.18,11.9,1.65,0.55,13.5,,,,,,,,69.0,1.08,173.25,0.0,0.0,181.25,742.0,
2024-11-02 16:00:00,5.75,22.0,5.72,1.22,5.3,11.12,4.53,0.55,15.32,,,,,,,,71.0,0.85,165.75,0.0,0.0,75.0,742.0,
2024-11-02 17:00:00,10.5,34.25,6.28,2.02,6.18,10.38,5.52,0.56,15.0,,,,,,,,74.5,0.6,166.75,0.0,0.0,18.75,742.0,
2024-11-02 18:00:00,9.25,36.75,6.55,2.95,6.9,10.45,5.18,0.6,16.62,,,,,,,,72.75,0.4,172.75,0.0,0.0,14.5,742.5,
2024-11-02 19:00:00,11.75,43.0,7.28,2.33,7.18,11.65,4.35,0.62,15.62,,,,,,,,73.5,0.32,169.75,0.0,0.0,13.75,743.0,
2024-11-02 20:00:00,17.75,46.5,6.78,2.95,7.08,11.98,1.82,0.62,15.15,,,,,,,,75.25,0.3,177.0,0.0,0.0,13.5,743.5,
2024-11-02 21:00:00,19.25,44.5,7.98,3.08,8.1,11.7,0.7,0.62,15.29,,,,,,,,75.0,0.3,196.25,0.0,0.0,13.25,744.0,
2024-11-02 22:00:00,18.5,37.0,7.85,2.42,7.65,12.05,2.28,0.62,15.99,,,,,,,,74.5,0.32,206.75,0.0,0.0,13.5,744.0,
2024-11-02 23:00:00,20.5,41.0,6.98,1.48,6.42,12.32,2.42,0.61,15.56,,,,,,,,76.0,0.3,198.0,0.0,0.0,13.75,743.5,
2024-11-03 00:00:00,11.5,26.5,7.48,1.7,7.0,12.12,2.28,0.62,16.66,,,,,,,,75.0,0.3,199.75,0.0,0.0,14.0,743.0,
2024-11-03 01:00:00,7.75,26.75,8.65,3.1,8.2,12.08,2.6,0.62,15.76,,,,,,,,76.5,0.3,212.25,0.0,0.0,14.0,743.0,
2024-11-03 02:00:00,13.25,48.75,17.62,7.0,18.05,11.55,2.68,0.64,16.64,,,,,,,,79.75,0.3,225.25,0.0,0.0,13.75,742.5,
2024-11-03 03:00:00,27.25,122.0,21.05,6.95,20.83,13.22,2.62,0.73,15.95,,,,,,,,81.75,0.3,212.0,0.0,0.0,13.25,742.0,
2024-11-03 04:00:00,39.75,105.0,22.4,5.92,21.38,13.68,4.35,0.75,15.85,,,,,,,,83.25,0.3,266.0,0.0,0.0,13.0,742.0,
2024-11-03 05:00:00,35.75,81.0,20.38,5.32,19.42,13.1,4.25,0.72,16.35,,,,,,,,84.0,0.3,184.5,0.0,0.0,13.0,742.5,
2024-11-03 06:00:00,25.0,52.5,21.12,3.58,19.08,13.48,3.55,0.74,16.36,,,,,,,,85.0,0.3,176.0,0.0,0.0,29.75,743.0,
2024-11-03 07:00:00,24.5,48.0,18.3,5.3,17.7,13.28,3.02,0.77,16.36,,,,,,,,81.5,0.35,109.5,0.0,0.0,82.0,743.75,
2024-11-03 08:00:00,30.0,46.75,17.05,5.28,16.68,12.02,1.5,0.76,17.24,,,,,,,,74.25,1.0,107.25,0.0,0.0,190.75,744.0,
2024-11-03 09:00:00,26.25,48.75,14.12,4.62,13.92,12.1,1.52,0.76,16.38,,,,,,,,74.0,0.62,90.75,0.0,0.0,202.75,744.75,
2024-11-03 10:00:00,32.75,63.25,12.9,4.3,12.78,12.25,5.1,0.71,16.12,,,,,,,,68.0,0.85,114.0,0.0,0.0,376.0,745.0,
2024-11-03 11:00:00,25.0,49.25,10.78,2.02,9.85,12.58,4.35,0.68,15.84,,,,,,,,67.25,1.72,123.75,0.0,0.0,389.5,744.0,
2024-11-03 12:00:00,6.0,32.25,8.9,2.9,8.78,12.2,4.22,0.65,15.45,,,,,,,,65.75,1.65,120.75,0.0,0.0,384.75,743.25,
2024-11-03 13:00:00,10.75,30.75,7.82,1.98,7.4,12.28,4.45,0.63,15.65,,,,,,,,63.75,1.52,138.25,0.0,0.0,346.5,742.75,
2024-11-03 14:00:00,6.25,23.0,7.45,1.62,6.9,12.25,4.68,0.61,15.89,,,,,,,,66.25,1.92,134.5,0.0,0.0,279.0,742.0,
2024-11-03 15:00:00,4.5,20.75,6.52,1.42,6.08,11.92,3.6,0.58,15.15,,,,,,,,67.75,2.05,130.0,0.0,0.0,189.0,742.0,
2024-11-03 16:00:00,6.0,22.75,7.25,0.93,6.05,11.32,2.68,0.56,16.06,,,,,,,,69.0,1.5,134.5,0.0,0.0,93.5,742.0,
2024-11-03 17:00:00,6.75,23.75,6.12,1.75,5.95,11.7,2.82,0.56,15.61,,,,,,,,72.75,1.32,133.0,0.0,0.0,23.0,742.0,
2024-11-03 18:00:00,8.25,29.0,5.32,0.97,4.7,11.28,3.5,0.57,16.26,,,,,,,,74.0,1.3,135.5,0.0,0.0,14.75,742.25,
2024-11-03 19:00:00,9.5,30.0,5.05,2.02,5.2,12.1,3.08,0.58,15.2,,,,,,,,74.25,1.02,131.5,0.0,0.0,14.0,743.0,
2024-11-03 20:00:00,19.5,33.5,6.12,1.9,6.02,13.0,4.55,0.61,15.22,,,,,,,,74.0,0.92,127.0,0.0,0.0,13.75,743.75,
2024-11-03 21:00:00,15.75,34.75,4.53,3.22,5.42,13.12,4.47,0.62,15.63,,,,,,,,74.75,0.48,106.5,0.0,0.0,13.75,744.0,
2024-11-03 22:00:00,9.75,31.25,6.35,1.08,5.78,13.52,5.32,0.62,15.16,,,,,,,,75.25,0.45,141.75,0.0,0.0,13.5,744.0,
2024-11-03 23:00:00,12.0,22.25,5.88,1.8,5.72,13.42,4.45,0.6,15.25,,,,,,,,74.75,0.3,169.25,0.0,0.0,14.0,743.75,
2024-11-04 00:00:00,11.75,22.0,5.8,1.6,5.58,12.6,2.78,0.57,15.79,,,,,,,,75.0,0.3,162.5,0.0,0.0,14.5,743.0,
2024-11-04 01:00:00,10.5,28.25,4.7,1.85,4.8,12.32,2.22,0.56,15.9,,,,,,,,75.5,0.3,172.5,0.0,0.0,14.75,742.5,
2024-11-04 02:00:00,10.0,27.25,5.2,1.75,5.15,12.72,4.4,0.58,15.94,,,,,,,,76.0,0.3,205.0,0.0,0.0,14.75,742.0,
2024-11-04 03:00:00,11.5,20.5,6.35,1.9,5.88,13.4,4.45,0.58,15.64,,,,,,,,81.25,0.32,81.5,0.5,0.5,7.75,742.0,
2024-11-04 04:00:00,7.5,16.0,6.15,3.38,6.8,14.52,5.65,0.61,16.22,,,,,,,,82.75,0.3,149.5,0.0,0.0,8.5,742.0,
2024-11-04 05:00:00,8.0,14.75,7.12,3.77,7.82,12.4,5.1,0.58,16.08,,,,,,,,79.0,0.38,152.25,0.5,0.5,9.75,742.0,
2024-11-04 06:00:00,6.0,13.75,8.57,3.92,9.07,12.55,3.2,0.6,15.83,,,,,,,,85.5,0.3,225.5,0.5,0.5,19.0,742.75,
2024-11-04 07:00:00,9.25,23.5,8.32,3.62,8.7,13.0,2.08,0.64,15.57,,,,,,,,81.5,0.3,196.75,0.0,0.0,102.75,743.0,
2024-11-04 08:00:00,10.0,26.0,10.92,4.45,11.22,12.6,3.72,0.68,16.94,,,,,,,,72.75,0.4,159.25,0.0,0.0,234.25,744.0,
2024-11-04 09:00:00,9.0,21.0,9.22,2.4,8.78,12.4,3.92,0.66,16.18,,,,,,,,69.25,0.88,120.0,0.0,0.0,314.5,744.0,
2024-11-04 10:00:00,5.5,23.5,7.9,2.48,7.75,12.38,4.9,0.64,16.22,,,,,,,,67.25,1.38,136.5,0.0,0.0,392.0,744.0,
2024-11-04 11:00:00,3.25,21.5,6.78,3.05,7.12,12.62,4.92,0.59,16.01,,,,,,,,66.0,1.6,132.25,0.0,0.0,395.25,743.0,
2024-11-04 12:00:00,1.25,21.5,5.32,2.98,5.92,13.12,5.3,0.54,15.59,,,,,,,,65.5,1.78,133.0,0.0,0.0,386.75,742.5,
2024-11-04 13:00:00,2.0,25.5,5.32,2.3,5.52,12.65,6.4,0.52,15.88,,,,,,,,64.75,1.88,138.0,0.0,0.0,357.0,742.0,
2024-11-04 14:00:00,2.75,25.0,5.15,1.85,5.2,13.25,5.1,0.54,15.34,,,,,,,,66.25,2.02,130.0,0.0,0.0,269.75,741.5,
2024-11-04 15:00:00,5.25,29.0,5.3,2.12,5.48,14.35,5.25,0.55,15.6,,,,,,,,65.25,2.0,123.25,0.0,0.0,191.5,741.0,
2024-11-04 16:00:00,5.75,33.5,3.3,3.82,4.75,11.15,4.28,0.56,16.13,,,,,,,,66.25,2.2,126.0,0.0,0.0,95.0,741.0,
2024-11-04 17:00:00,7.0,36.75,4.2,2.3,4.65,11.27,4.78,0.57,14.63,,,,,,,,69.75,2.02,134.25,0.0,0.0,23.5,741.0,
2024-11-04 18:00:00,12.75,33.25,4.68,2.8,5.28,11.7,2.88,0.61,15.58,,,,,,,,71.75,1.68,139.5,0.0,0.0,13.75,741.75,
2024-11-04 19:00:00,11.75,31.25,5.35,1.9,5.35,12.88,2.75,0.62,14.98,,,,,,,,72.5,1.32,135.25,0.0,0.0,13.75,742.5,
2024-11-04 20:00:00,11.0,25.5,6.08,1.9,5.92,15.2,4.03,0.64,14.93,,,,,,,,73.75,0.8,134.25,0.0,0.0,12.75,743.0,
2024-11-04 21:00:00,11.0,33.25,5.3,2.78,5.78,15.32,4.18,0.64,15.48,,,,,,,,74.0,1.02,132.75,0.0,0.0,12.5,743.0,
2024-11-04 22:00:00,11.25,34.75,6.12,4.07,7.1,15.1,2.25,0.64,15.3,,,,,,,,75.75,0.38,109.0,0.0,0.0,12.5,743.0,
2024-11-04 23:00:00,14.0,46.0,6.88,5.4,8.45,14.78,1.9,0.68,15.58,,,,,,,,77.0,0.3,192.25,0.0,0.0,12.75,743.0,
2024-11-05 00:00:00,18.75,74.5,6.92,8.18,9.95,12.58,1.62,0.67,16.41,,,,,,,,77.5,0.3,48.5,0.0,0.0,13.5,742.75,
2024-11-05 01:00:00,17.25,71.75,6.65,6.02,8.62,18.32,1.68,0.68,15.43,,,,,,,,80.5,0.3,254.25,0.0,0.0,6.0,742.0,
2024-11-05 02:00:00,23.25,48.0,8.22,8.52,11.22,25.25,5.88,0.74,15.53,,,,,,,,82.0,0.3,287.25,0.0,0.0,8.25,742.0,
2024-11-05 03:00:00,25.25,62.0,14.42,10.8,17.45,27.3,7.7,0.83,19.18,,,,,,,,82.75,0.3,302.0,0.0,0.0,7.75,742.0,
2024-11-05 04:00:00,37.0,112.0,15.45,10.32,18.08,29.38,4.22,0.79,26.92,,,,,,,,83.75,0.3,304.0,0.0,0.0,7.75,742.0,
2024-11-05 05:00:00,34.75,81.75,14.08,9.6,16.6,30.48,3.15,0.84,14.79,,,,,,,,84.75,0.3,304.25,0.0,0.0,8.5,742.0,
2024-11-05 06:00:00,42.5,84.5,14.78,9.48,17.05,30.48,5.03,0.85,13.48,,,,,,,,85.0,0.3,294.25,0.0,0.0,23.5,743.0,
2024-11-05 07:00:00,60.0,100.5,15.35,9.2,17.35,31.15,5.6,0.91,19.62,,,,,,,,82.0,0.3,209.75,0.0,0.0,75.0,743.75,
2024-11-05 08:00:00,64.75,117.75,13.62,10.25,16.52,31.15,5.48,0.93,16.39,,,,,,,,74.5,0.57,93.75,0.0,0.0,180.5,744.25,
2024-11-05 09:00:00,66.75,116.0,11.9,9.5,14.7,31.55,5.15,0.94,38.93,,,,,,,,69.25,1.08,120.5,0.0,0.0,251.25,744.5,
2024-11-05 10:00:00,54.75,99.75,11.77,5.07,12.23,34.37,5.8,0.84,28.18,,,,,,,,64.0,2.35,132.25,0.0,0.0,365.0,744.25,
2024-11-05 11:00:00,48.0,87.0,,,,,4.87,0.79,16.86,,,,,,,,62.67,2.67,122.33,0.0,0.0,380.67,744.0,
2024-11-05 12:00:00,,,,,,,,,15.43,,,,,,,,62.0,2.1,120.0,0.0,0.0,363.0,742.0,
2024-11-05 13:00:00,49.0,112.0,2.93,8.62,6.57,13.72,11.55,1.0,13.7,,,,,,,,62.5,2.65,127.0,0.0,0.0,294.0,742.0,
2024-11-05 14:00:00,49.25,114.25,4.18,7.62,7.42,12.62,8.82,0.72,9.8,,,,,,,,63.5,2.88,116.5,0.0,0.0,244.25,741.25,
2024-11-05 15:00:00,49.75,122.0,3.85,8.62,7.75,13.48,9.43,0.73,10.64,,,,,,,,64.25,2.8,130.0,0.0,0.0,146.5,741.0,
2024-11-05 16:00:00,50.25,121.75,2.7,8.72,6.88,12.45,4.82,0.73,10.46,,,,,,,,66.5,2.38,128.25,0.0,0.0,63.25,741.0,
2024-11-05 17:00:00,54.0,114.5,2.38,7.2,5.75,12.92,3.3,0.78,9.56,,,,,,,,69.25,1.85,113.25,0.0,0.0,15.0,741.0,
2024-11-05 18:00:00,54.5,123.25,4.15,6.7,6.98,12.78,6.05,0.84,9.23,,,,,,,,69.5,1.45,88.75,0.0,0.0,6.75,742.0,
2024-11-05 19:00:00,58.5,130.0,5.1,6.45,7.6,11.92,6.2,0.84,12.64,,,,,,,,69.75,1.65,81.5,0.0,0.0,7.25,742.75,
2024-11-05 20:00:00,66.0,140.0,3.95,7.58,7.25,10.6,5.48,0.88,10.58,,,,,,,,70.75,1.25,70.5,0.0,0.0,7.5,743.0,
2024-11-05 21:00:00,67.75,144.75,4.1,8.93,8.12,11.15,4.98,0.93,12.47,,,,,,,,71.75,1.1,71.75,0.0,0.0,7.75,743.0,
2024-11-05 22:00:00,73.0,145.75,5.08,6.88,7.78,12.1,3.9,0.94,11.79,,,,,,,,72.75,0.98,69.5,0.0,0.0,7.75,743.0,
2024-11-05 23:00:00,73.75,131.5,4.53,5.78,6.72,13.22,4.18,0.92,10.63,,,,,,,,73.25,1.15,66.0,0.0,0.0,7.0,742.75,
2024-11-06 00:00:00,75.25,130.0,4.3,5.8,6.58,14.75,5.95,0.94,10.86,,,,,,,,74.5,0.85,59.0,0.0,0.0,6.75,742.0,
2024-11-06 01:00:00,72.5,139.0,3.7,4.35,5.3,14.78,6.0,0.91,11.62,,,,,,,,76.5,0.78,104.75,0.0,0.0,6.75,742.0,
2024-11-06 02:00:00,72.75,137.5,5.38,5.05,7.05,14.45,4.65,0.9,11.32,,,,,,,,77.25,0.8,85.75,0.0,0.0,6.75,741.5,
2024-11-06 03:00:00,77.0,133.0,5.32,4.75,6.82,13.85,5.1,0.85,11.78,,,,,,,,77.5,0.55,180.5,0.0,0.0,7.25,741.0,
2024-11-06 04:00:00,74.5,132.5,4.85,4.4,6.28,12.68,4.3,0.85,11.94,,,,,,,,77.0,0.82,57.5,0.0,0.0,7.5,741.5,
2024-11-06 05:00:00,76.5,129.0,4.95,5.3,6.82,13.15,3.88,0.86,11.56,,,,,,,,77.5,1.25,62.5,0.0,0.0,7.75,742.0,
2024-11-06 06:00:00,76.0,124.0,4.6,5.55,6.7,13.22,6.62,0.87,11.4,,,,,,,,77.0,1.85,69.5,0.0,0.0,23.75,742.75,
2024-11-06 07:00:00,64.75,117.5,5.15,3.48,6.05,14.65,7.3,0.86,12.46,,,,,,,,76.5,2.75,82.25,0.0,0.0,118.0,743.0,
2024-11-06 08:00:00,43.5,80.25,4.12,4.0,5.52,14.98,5.15,0.86,11.95,,,,,,,,73.0,2.85,83.25,0.0,0.0,207.75,743.75,
2024-11-06 09:00:00,26.75,55.5,3.95,2.72,4.68,15.85,3.95,0.83,11.05,,,,,,,,71.75,3.38,84.5,0.0,0.0,276.0,744.0,
2024-11-06 10:00:00,24.5,55.75,4.05,2.45,4.58,16.4,4.03,0.84,12.42,,,,,,,,73.25,3.38,87.25,0.0,0.0,252.75,743.5,
2024-11-06 11:00:00,20.0,47.5,2.87,2.67,3.77,13.88,3.6,0.8,11.19,,,,,,,,67.75,3.42,82.5,0.0,0.0,372.5,743.0,
2024-11-06 12:00:00,20.25,60.75,3.37,3.33,4.53,10.43,2.42,0.74,11.3,,,,,,,,66.25,3.3,90.5,0.0,0.0,340.0,742.5,
2024-11-06 13:00:00,19.5,54.5,3.22,2.22,3.8,10.25,1.78,0.72,11.58,,,,,,,,67.75,3.42,86.75,0.0,0.0,254.75,742.0,
2024-11-06 14:00:00,13.5,38.5,3.12,3.22,4.22,10.7,3.5,0.71,11.99,,,,,,,,70.0,3.35,83.75,0.0,0.0,154.0,741.0,
2024-11-06 15:00:00,8.0,35.25,3.98,5.98,6.42,11.3,4.4,0.71,13.08,,,,,,,,81.75,2.5,88.5,0.0,0.0,33.0,741.0,
2024-11-06 16:00:00,5.0,26.75,5.75,10.4,10.22,12.02,2.78,0.74,15.3,,,,,,,,82.25,1.58,81.75,0.0,0.0,28.0,741.0,
2024-11-06 17:00:00,8.0,38.5,6.68,7.02,9.18,12.25,1.12,0.75,14.87,,,,,,,,80.5,0.82,75.25,0.0,0.0,12.25,741.25,
2024-11-06 18:00:00,16.0,24.5,6.42,7.62,9.3,12.45,1.95,0.8,14.92,,,,,,,,81.75,0.62,70.25,0.0,0.0,6.5,742.0,
2024-11-06 19:00:00,13.0,35.5,6.4,8.5,9.7,11.95,2.05,0.88,15.24,,,,,,,,82.25,0.85,71.75,0.0,0.0,6.0,742.0,
2024-11-06 20:00:00,12.75,39.75,5.72,4.95,7.3,11.02,1.98,0.84,14.85,,,,,,,,85.5,0.6,187.75,0.5,0.5,3.5,743.0,
2024-11-06 21:00:00,10.5,21.0,5.82,4.5,7.12,10.52,2.08,0.82,14.72,,,,,,,,86.5,0.42,155.0,0.0,0.0,3.0,743.0,
2024-11-06 22:00:00,7.25,16.0,6.28,7.95,9.32,10.82,2.95,0.86,15.87,,,,,,,,87.0,0.3,181.75,0.0,0.0,2.75,742.75,
2024-11-06 23:00:00,11.0,15.75,6.8,8.5,10.02,11.92,4.1,0.83,16.19,,,,,,,,87.0,0.3,232.0,0.0,0.0,2.75,742.0,
2024-11-07 00:00:00,11.0,16.5,8.35,8.12,11.12,12.92,2.72,0.83,16.4,,,,,,,,87.0,0.3,218.25,0.0,0.0,3.0,742.0,
2024-11-07 01:00:00,11.0,19.75,7.22,5.35,8.7,13.1,2.4,0.79,15.73,,,,,,,,87.75,0.57,117.25,1.25,1.25,2.0,741.25,
2024-11-07 02:00:00,10.75,18.0,7.02,6.7,9.28,13.05,6.85,0.78,15.59,,,,,,,,88.0,0.85,71.0,1.5,1.5,2.0,741.0,
2024-11-07 03:00:00,9.75,20.75,7.45,5.5,9.0,15.58,8.32,0.81,16.0,,,,,,,,88.5,0.52,106.0,0.25,0.25,2.33,741.0,
2024-11-07 04:00:00,8.0,10.0,6.9,5.85,8.7,11.52,4.45,0.77,14.68,,,,,,,,87.5,1.17,77.0,0.0,0.0,2.75,741.0,
2024-11-07 05:00:00,5.0,6.5,7.78,4.88,8.9,10.12,2.35,0.72,14.5,,,,,,,,87.0,0.82,90.0,0.0,0.0,2.75,741.5,
2024-11-07 06:00:00,,6.25,7.9,6.35,9.8,10.62,3.48,0.76,15.63,,,,,,,,87.75,0.3,156.5,0.0,0.0,9.75,742.0,
2024-11-07 07:00:00,2.0,10.25,9.98,6.32,11.45,10.55,3.7,0.78,15.74,,,,,,,,86.75,0.5,82.25,0.0,0.0,40.5,743.0,
2024-11-07 08:00:00,4.25,12.5,8.88,6.8,10.8,12.28,2.82,0.82,15.28,,,,,,,,86.75,0.55,139.5,0.0,0.0,63.0,743.0,
2024-11-07 09:00:00,10.75,17.0,10.95,8.88,13.58,13.15,3.0,0.86,15.85,,,,,,,,84.5,0.55,105.25,0.5,0.5,81.25,743.0,
2024-11-07 10:00:00,10.0,17.0,10.35,8.02,12.7,15.3,3.73,0.92,15.41,,,,,,,,84.0,0.38,132.0,0.0,0.0,108.0,743.0,
2024-11-07 11:00:00,11.25,18.0,12.0,7.0,13.47,13.75,4.47,0.89,15.04,,,,,,,,84.25,0.52,104.75,0.0,0.0,122.5,742.75,
2024-11-07 12:00:00,13.5,21.75,9.27,5.97,10.73,11.8,6.62,0.87,14.53,,,,,,,,83.75,0.68,114.75,0.5,0.5,85.75,742.0,
2024-11-07 13:00:00,8.0,23.25,9.32,9.22,12.5,10.2,4.47,0.85,14.33,,,,,,,,84.75,0.7,114.25,0.0,0.0,108.25,741.75,
2024-11-07 14:00:00,4.75,19.0,9.98,7.18,11.9,10.45,3.55,0.84,14.8,,,,,,,,81.75,0.65,125.25,0.0,0.0,113.0,741.0,
2024-11-07 15:00:00,4.0,12.25,9.57,4.55,10.2,10.95,3.35,0.83,14.76,,,,,,,,79.0,0.55,127.25,0.0,0.0,96.0,741.0,
2024-11-07 16:00:00,4.5,12.75,8.72,6.52,10.58,11.7,4.1,0.85,14.58,,,,,,,,78.5,0.3,283.5,0.0,0.0,37.5,741.0,
2024-11-07 17:00:00,10.25,24.5,8.43,11.2,12.8,11.82,4.88,0.9,16.04,,,,,,,,82.0,0.42,97.75,0.0,0.0,9.25,741.75,
2024-11-07 18:00:00,22.25,32.75,9.22,8.57,12.08,12.38,5.38,0.94,15.58,,,,,,,,82.75,0.45,93.0,0.0,0.0,2.75,742.0,
2024-11-07 19:00:00,21.0,27.75,9.82,11.5,14.12,11.9,4.88,1.05,16.06,,,,,,,,83.75,0.3,188.25,0.0,0.0,2.75,742.0,
2024-11-07 20:00:00,24.5,39.5,16.77,12.25,20.17,10.92,4.2,1.3,16.67,,,,,,,,85.25,0.3,70.25,0.0,0.0,2.75,743.0,
2024-11-07 21:00:00,22.75,53.0,13.92,10.2,16.75,10.18,3.18,1.16,15.9,,,,,,,,83.25,0.35,172.5,0.0,0.0,3.0,743.0,
2024-11-07 22:00:00,11.25,30.25,10.85,4.4,11.12,9.93,2.52,1.0,15.55,,,,,,,,80.5,0.45,113.75,0.0,0.0,3.75,743.0,
2024-11-07 23:00:00,6.0,16.25,11.6,2.85,10.92,10.58,2.92,0.97,15.59,,,,,,,,80.75,0.48,121.75,0.0,0.0,3.75,743.0,
2024-11-08 00:00:00,,13.75,9.85,2.88,9.55,11.5,5.32,0.94,14.55,,,,,,,,80.0,0.7,126.0,0.0,0.0,3.75,742.25,
2024-11-08 01:00:00,2.0,4.75,10.3,1.68,9.28,12.52,5.8,0.86,15.0,,,,,,,,78.5,0.95,142.25,0.0,0.0,3.75,742.0,
2024-11-08 02:00:00,2.0,6.5,7.95,2.5,7.8,12.28,5.82,0.82,13.62,,,,,,,,79.25,0.78,134.0,0.0,0.0,3.75,742.0,
2024-11-08 03:00:00,,8.75,8.18,2.53,7.62,12.3,5.52,0.78,13.9,,,,,,,,80.0,0.48,125.25,0.0,0.0,3.75,741.25,
2024-11-08 04:00:00,2.0,21.0,10.05,6.38,11.58,10.98,3.52,0.79,15.47,,,,,,,,82.75,0.32,165.75,0.0,0.0,4.5,741.75,
2024-11-08 05:00:00,6.0,26.5,12.4,6.8,13.72,11.12,2.45,0.82,16.82,,,,,,,,86.5,0.3,339.0,0.0,0.0,4.75,742.0,
2024-11-08 06:00:00,19.5,37.5,12.72,8.1,14.68,11.5,3.42,0.88,16.98,,,,,,,,86.25,0.3,200.0,0.0,0.0,22.5,742.0,
2024-11-08 07:00:00,27.25,50.25,13.7,9.1,15.95,11.58,4.68,0.94,16.19,,,,,,,,84.25,0.3,104.75,0.0,0.0,50.5,742.75,
2024-11-08 08:00:00,32.25,52.0,12.52,6.8,13.82,12.25,5.85,0.9,15.61,,,,,,,,76.5,1.38,132.25,0.0,0.0,177.25,743.0,
2024-11-08 09:00:00,13.75,34.25,10.78,4.12,10.95,13.02,5.8,0.84,14.58,,,,,,,,73.0,1.85,136.75,0.0,0.0,221.5,744.0,
2024-11-08 10:00:00,1.0,25.0,10.05,1.98,9.2,14.2,5.33,0.82,14.98,,,,,,,,70.0,2.45,141.25,0.0,0.0,366.0,743.5,
2024-11-08 11:00:00,1.0,25.0,8.6,1.67,7.9,13.73,4.5,0.78,14.15,,,,,,,,70.75,2.62,146.75,0.0,0.0,289.0,743.0,
2024-11-08 12:00:00,1.0,31.25,8.27,3.93,8.83,11.23,4.5,0.74,14.26,,,,,,,,68.25,2.3,161.5,0.0,0.0,393.75,742.5,
2024-11-08 13:00:00,,22.25,8.08,2.17,7.7,10.52,3.82,0.69,13.47,,,,,,,,67.75,2.5,155.0,0.0,0.0,354.5,742.0,
2024-11-08 14:00:00,,18.75,7.08,2.35,6.98,9.7,3.45,0.65,14.07,,,,,,,,67.0,2.48,155.75,0.0,0.0,279.75,741.25,
2024-11-08 15:00:00,,17.0,6.12,2.08,6.08,10.17,3.68,0.67,14.32,,,,,,,,68.75,2.17,141.5,0.0,0.0,171.0,741.0,
2024-11-08 16:00:00,6.0,27.0,6.75,2.33,6.75,10.62,4.53,0.66,14.19,,,,,,,,70.25,1.92,141.5,0.0,0.0,65.0,741.0,
2024-11-08 17:00:00,6.25,38.75,7.88,2.95,8.0,10.68,4.08,0.64,13.78,,,,,,,,73.25,1.6,130.0,0.0,0.0,15.0,741.0,
2024-11-08 18:00:00,9.5,40.5,7.25,3.75,7.9,11.15,4.4,0.67,13.92,,,,,,,,75.75,1.4,125.75,0.0,0.0,6.5,742.0,
2024-11-08 19:00:00,16.75,44.75,7.42,3.4,7.82,10.95,3.5,0.69,13.68,,,,,,,,76.0,1.72,138.0,0.0,0.0,6.0,742.5,
2024-11-08 20:00:00,15.0,34.25,6.5,2.8,6.78,10.3,4.88,0.69,13.23,,,,,,,,75.75,1.52,127.25,0.0,0.0,6.75,743.0,
2024-11-08 21:00:00,10.75,30.0,6.45,2.9,6.78,9.12,4.15,0.68,13.55,,,,,,,,75.25,1.72,136.5,0.0,0.0,6.75,743.0,
2024-11-08 22:00:00,6.5,22.5,6.0,4.47,7.28,9.18,4.08,0.68,13.36,,,,,,,,77.0,1.42,124.75,0.0,0.0,6.75,743.0,
2024-11-08 23:00:00,5.0,18.0,6.08,2.82,6.42,9.5,4.8,0.67,13.12,,,,,,,,75.75,1.18,126.25,0.0,0.0,6.75,742.75,
2024-11-09 00:00:00,5.5,16.25,5.28,2.07,5.15,10.6,1.78,0.66,12.48,,,,,,,,78.75,0.85,127.25,1.0,1.0,4.5,742.25,
2024-11-09 01:00:00,6.5,9.75,6.35,2.07,5.95,11.35,1.35,0.65,13.36,,,,,,,,81.5,0.57,102.0,0.0,0.0,2.75,742.0,
2024-11-09 02:00:00,5.5,14.0,8.7,8.15,11.4,10.92,3.85,0.7,16.02,,,,,,,,84.25,0.3,281.75,0.0,0.0,3.25,741.75,
2024-11-09 03:00:00,9.75,39.75,10.0,9.52,13.18,11.3,4.2,0.72,16.91,,,,,,,,86.0,0.3,339.0,0.0,0.0,3.75,741.25,
2024-11-09 04:00:00,18.0,46.0,9.05,8.5,11.9,11.08,4.25,0.72,16.44,,,,,,,,86.0,0.3,79.25,0.0,0.0,3.75,741.5,
2024-11-09 05:00:00,17.5,50.0,10.3,9.3,13.32,9.72,3.68,0.75,16.47,,,,,,,,86.0,0.3,72.5,0.0,0.0,4.0,742.0,
2024-11-09 06:00:00,22.75,59.25,11.3,7.2,13.02,10.05,2.8,0.8,16.21,,,,,,,,86.75,0.3,67.25,0.0,0.0,16.0,742.5,
2024-11-09 07:00:00,39.0,71.0,9.95,7.28,12.0,10.0,1.98,0.77,15.06,,,,,,,,82.75,0.4,100.5,0.0,0.0,81.25,743.25,
2024-11-09 08:00:00,25.25,44.75,10.38,5.65,11.42,10.75,5.58,0.78,15.17,,,,,,,,76.0,0.57,97.5,0.0,0.0,172.0,744.0,
2024-11-09 09:00:00,22.25,35.0,11.18,5.0,11.7,12.05,8.62,0.8,13.89,,,,,,,,74.25,1.35,95.0,0.0,0.0,261.5,744.0,
2024-11-09 10:00:00,25.5,49.0,8.4,5.65,9.85,13.28,7.63,0.8,13.86,,,,,,,,73.25,1.92,102.0,0.0,0.0,241.0,743.75,
2024-11-09 11:00:00,16.5,36.25,7.9,3.77,8.43,13.0,7.5,0.77,12.62,,,,,,,,70.5,2.72,128.75,0.0,0.0,332.0,743.0,
2024-11-09 12:00:00,17.0,34.25,7.27,4.2,8.13,11.47,5.62,0.74,13.36,,,,,,,,68.5,2.7,150.0,0.0,0.0,261.75,742.25,
2024-11-09 13:00:00,5.0,34.0,7.85,3.5,8.22,10.15,3.2,0.7,13.77,,,,,,,,66.5,2.72,157.5,0.0,0.0,280.25,742.0,
2024-11-09 14:00:00,5.25,33.75,6.12,3.2,6.68,9.82,3.5,0.68,12.49,,,,,,,,67.75,2.62,152.75,0.0,0.0,233.5,741.5,
2024-11-09 15:00:00,11.0,42.0,5.9,2.68,6.18,10.35,3.58,0.68,12.52,,,,,,,,69.0,2.5,155.0,0.0,0.0,135.5,741.25,
2024-11-09 16:00:00,26.75,47.75,4.85,4.97,6.58,10.9,3.58,0.68,12.1,,,,,,,,71.0,2.05,131.5,0.0,0.0,56.5,741.0,
2024-11-09 17:00:00,31.25,69.25,5.2,4.78,6.75,11.3,3.55,0.71,11.23,,,,,,,,71.75,1.88,118.25,0.0,0.0,14.75,741.5,
2024-11-09 18:00:00,43.0,88.0,4.97,5.6,7.0,11.85,5.22,0.77,9.68,,,,,,,,72.25,1.27,112.25,0.0,0.0,6.5,742.0,
2024-11-09 19:00:00,60.0,105.5,5.65,5.12,7.32,12.62,4.95,0.78,8.41,,,,,,,,73.0,1.62,128.0,0.0,0.0,6.5,742.0,
2024-11-09 20:00:00,63.5,100.5,5.3,4.1,6.48,11.82,3.55,0.79,8.4,,,,,,,,74.75,1.58,119.75,0.0,0.0,7.0,743.0,
2024-11-09 21:00:00,52.75,87.0,5.18,2.5,5.52,11.18,3.18,0.8,8.59,,,,,,,,74.5,1.8,138.25,0.0,0.0,7.25,743.0,
2024-11-09 22:00:00,42.25,73.5,4.4,5.6,6.55,10.28,4.5,0.8,10.8,,,,,,,,70.75,1.12,86.75,0.0,0.0,7.5,743.0,
2024-11-09 23:00:00,40.5,71.75,4.92,6.0,7.18,10.38,5.18,0.82,12.41,,,,,,,,74.5,0.38,91.0,0.0,0.0,7.5,743.0,
2024-11-10 00:00:00,38.5,96.0,4.7,4.5,6.18,11.2,3.58,0.79,11.99,,,,,,,,75.75,0.55,131.75,0.0,0.0,6.75,742.5,
2024-11-10 01:00:00,28.25,64.25,5.68,7.45,8.55,11.4,2.82,0.83,14.37,,,,,,,,77.5,0.5,85.75,0.0,0.0,6.0,742.0,
2024-11-10 02:00:00,30.75,69.5,5.65,9.8,9.83,12.12,2.8,0.85,15.15,,,,,,,,80.25,0.43,212.25,0.0,0.0,5.75,742.0,
2024-11-10 03:00:00,33.25,73.75,6.95,7.18,9.45,11.48,2.58,0.82,14.8,,,,,,,,81.0,0.32,142.5,0.0,0.0,5.75,742.0,
2024-11-10 04:00:00,26.75,72.25,6.55,7.05,9.08,11.35,3.35,0.82,15.35,,,,,,,,82.0,0.32,37.0,0.0,0.0,6.0,741.75,
2024-11-10 05:00:00,33.25,73.0,5.58,8.12,8.85,10.68,4.05,0.8,15.98,,,,,,,,84.25,0.3,19.5,0.0,0.0,6.75,742.0,
2024-11-10 06:00:00,41.75,83.5,8.0,8.48,11.0,10.28,4.92,0.84,16.31,,,,,,,,85.0,0.35,55.25,0.0,0.0,21.25,742.25,
2024-11-10 07:00:00,57.0,92.5,7.62,8.62,10.8,10.3,6.3,0.88,14.85,,,,,,,,80.75,0.9,69.75,0.0,0.0,65.5,743.0,
2024-11-10 08:00:00,57.0,100.0,7.32,7.22,9.8,10.88,6.43,0.87,11.44,,,,,,,,74.0,1.42,91.25,0.0,0.0,182.25,743.75,
2024-11-10 09:00:00,41.25,74.0,6.6,2.8,6.85,12.8,7.15,0.81,11.92,,,,,,,,67.5,2.58,144.5,0.0,0.0,302.5,744.0,
2024-11-10 10:00:00,20.75,48.25,5.92,2.38,6.02,13.35,6.67,0.8,12.02,,,,,,,,66.0,2.68,147.5,0.0,0.0,340.25,744.0,
2024-11-10 11:00:00,20.5,44.25,5.4,1.6,5.2,12.68,7.23,0.75,10.56,,,,,,,,65.5,2.95,159.0,0.0,0.0,364.5,743.0,
2024-11-10 12:00:00,22.25,48.0,5.7,3.2,6.33,11.4,5.1,0.73,10.7,,,,,,,,65.25,2.85,148.75,0.0,0.0,361.5,742.25,
2024-11-10 13:00:00,23.0,48.0,5.25,2.12,5.38,9.68,4.65,0.69,10.11,,,,,,,,65.0,2.8,162.25,0.0,0.0,321.25,742.0,
2024-11-10 14:00:00,27.0,50.0,3.85,3.05,4.75,10.0,4.55,0.68,10.4,,,,,,,,65.5,2.75,150.5,0.0,0.0,248.5,741.25,
2024-11-10 15:00:00,28.25,52.5,5.28,3.3,6.05,9.3,3.92,0.7,9.63,,,,,,,,67.25,2.82,144.75,0.0,0.0,165.25,741.0,
2024-11-10 16:00:00,32.25,62.75,4.65,2.93,4.85,10.4,2.45,0.7,9.18,,,,,,,,68.5,2.6,135.0,0.0,0.0,71.5,741.0,
2024-11-10 17:00:00,34.25,72.25,3.7,2.12,4.15,11.2,2.0,0.71,8.96,,,,,,,,70.5,2.4,134.25,0.0,0.0,15.75,741.0,
2024-11-10 18:00:00,37.75,73.75,4.35,2.92,5.1,11.1,4.5,0.72,8.57,,,,,,,,71.75,2.12,119.5,0.0,0.0,6.75,741.5,
2024-11-10 19:00:00,38.75,70.0,4.95,2.62,5.45,11.05,5.2,0.73,8.03,,,,,,,,72.75,1.82,128.75,0.0,0.0,6.75,742.0,
2024-11-10 20:00:00,46.75,80.0,4.8,3.72,5.88,11.08,5.55,0.76,6.99,,,,,,,,73.25,1.8,124.0,0.0,0.0,6.75,742.5,
2024-11-10 21:00:00,52.0,81.5,4.8,3.35,5.7,10.42,4.28,0.78,7.23,,,,,,,,73.0,1.7,119.25,0.0,0.0,7.5,743.0,
2024-11-10 22:00:00,44.5,75.75,4.4,3.45,5.42,10.4,4.22,0.78,7.21,,,,,,,,72.0,1.5,115.25,0.0,0.0,7.75,743.0,
2024-11-10 23:00:00,49.0,72.0,3.2,3.4,4.4,10.18,5.3,0.78,7.6,,,,,,,,70.75,1.25,107.5,0.0,0.0,7.75,742.5,
2024-11-11 00:00:00,47.75,71.0,4.5,2.28,4.88,10.75,5.1,0.77,6.37,,,,,,,,69.75,1.38,104.5,0.0,0.0,7.5,742.0,
2024-11-11 01:00:00,42.0,65.75,4.28,2.18,4.65,11.55,4.58,0.72,7.79,,,,,,,,69.75,1.08,78.75,0.0,0.0,7.0,742.0,
2024-11-11 02:00:00,35.25,61.75,3.9,3.45,5.03,11.88,3.6,0.72,9.5,,,,,,,,72.0,0.48,49.75,0.0,0.0,7.0,741.0,
2024-11-11 03:00:00,35.75,73.0,4.97,5.58,7.05,11.58,2.95,0.72,12.82,,,,,,,,77.75,0.3,285.25,0.0,0.0,6.75,741.0,
2024-11-11 04:00:00,46.75,81.25,5.32,3.65,6.28,11.92,1.85,0.75,12.89,,,,,,,,81.25,0.3,260.75,0.0,0.0,6.75,741.0,
2024-11-11 05:00:00,59.5,87.75,5.78,5.72,7.72,11.35,2.68,0.78,13.6,,,,,,,,82.25,0.3,193.5,0.0,0.0,7.25,741.5,
2024-11-11 06:00:00,72.5,115.5,4.75,8.07,8.15,11.02,4.78,0.82,13.59,,,,,,,,80.0,0.65,86.25,0.0,0.0,19.0,742.0,
2024-11-11 07:00:00,73.5,122.75,5.78,8.0,8.98,11.35,6.85,0.85,12.7,,,,,,,,76.25,1.38,80.75,0.0,0.0,81.75,742.5,
2024-11-11 08:00:00,77.75,129.0,5.48,6.85,8.1,11.32,6.42,0.87,10.74,,,,,,,,73.0,2.22,69.0,0.0,0.0,173.0,743.0,
2024-11-11 09:00:00,68.0,121.5,5.38,4.2,6.62,12.78,6.05,0.88,9.48,,,,,,,,69.75,2.82,72.0,0.0,0.0,262.25,743.0,
2024-11-11 10:00:00,63.0,110.25,4.03,3.75,5.3,14.45,5.0,0.86,8.79,,,,,,,,67.25,3.45,88.0,0.0,0.0,321.25,743.0,
2024-11-11 11:00:00,46.5,85.5,3.3,3.1,4.33,13.77,4.57,0.84,8.3,,,,,,,,67.5,3.6,88.75,0.0,0.0,228.25,742.25,
2024-11-11 12:00:00,40.75,74.25,2.83,4.23,4.57,12.6,4.2,0.79,7.0,,,,,,,,67.25,3.45,87.5,0.0,0.0,234.75,741.25,
2024-11-11 13:00:00,40.5,83.25,2.55,3.47,3.92,10.7,2.08,0.74,5.29,,,,,,,,70.75,3.6,85.75,0.0,0.0,83.5,741.0,
2024-11-11 14:00:00,49.25,84.5,2.95,4.65,4.9,10.58,4.4,0.77,7.36,,,,,,,,75.75,2.4,89.75,0.0,0.0,57.5,740.0,
2024-11-11 15:00:00,43.0,69.25,2.9,3.08,4.03,10.25,5.45,0.8,6.87,,,,,,,,71.75,2.97,85.25,0.0,0.0,77.5,740.0,
2024-11-11 16:00:00,40.75,72.25,3.22,4.32,4.92,10.02,4.8,0.81,6.76,,,,,,,,73.25,2.68,80.75,0.0,0.0,71.25,740.25,
2024-11-11 17:00:00,41.75,69.0,4.15,3.82,5.42,11.4,4.53,0.8,7.03,,,,,,,,74.75,2.8,76.75,0.0,0.0,16.25,740.25,
2024-11-11 18:00:00,39.0,67.5,3.45,4.05,4.97,11.45,4.55,0.82,6.69,,,,,,,,74.5,2.7,75.25,0.0,0.0,13.25,741.0,
2024-11-11 19:00:00,42.5,69.0,3.68,4.22,5.22,10.95,4.22,0.81,7.4,,,,,,,,74.5,2.25,70.25,0.0,0.0,12.75,741.75,
2024-11-11 20:00:00,43.75,62.75,4.22,3.75,5.42,11.55,3.65,0.85,7.71,,,,,,,,75.25,2.1,71.5,0.0,0.0,12.75,742.0,
2024-11-11 21:00:00,41.75,68.25,4.58,4.42,6.12,10.48,3.6,0.84,6.07,,,,,,,,75.5,2.3,77.0,0.0,0.0,13.75,742.0,
2024-11-11 22:00:00,38.5,58.75,2.78,2.58,3.65,10.7,2.25,0.82,7.18,,,,,,,,81.0,2.08,87.0,1.0,1.0,9.5,742.0,
2024-11-11 23:00:00,40.0,55.0,4.03,2.98,4.82,9.65,2.58,0.79,12.34,,,,,,,,86.75,1.2,81.5,0.0,0.0,5.5,741.75,
2024-11-12 00:00:00,18.0,23.0,3.97,5.25,6.0,10.07,3.75,0.8,13.39,,,,,,,,87.0,0.43,83.0,0.0,0.0,5.0,741.0,
2024-11-12 01:00:00,17.0,21.0,5.05,3.65,6.05,10.68,4.25,0.76,13.96,,,,,,,,87.25,0.57,71.25,1.5,1.5,6.0,740.5,
2024-11-12 02:00:00,12.75,15.0,3.8,3.62,4.97,10.68,5.78,0.73,13.21,,,,,,,,88.0,0.42,79.75,0.75,0.75,3.75,740.0,
2024-11-12 03:00:00,8.5,,5.1,3.38,5.95,10.85,5.88,0.7,13.62,,,,,,,,89.0,0.35,138.75,2.0,2.0,2.75,740.0,
2024-11-12 04:00:00,7.0,,5.38,4.38,6.65,10.9,4.7,0.69,14.34,,,,,,,,89.0,0.32,134.75,2.5,2.5,3.0,740.0,
2024-11-12 05:00:00,,,6.25,3.18,6.75,10.32,3.7,0.69,13.92,,,,,,,,89.0,0.3,194.0,1.25,1.25,2.75,740.5,
2024-11-12 06:00:00,,,6.65,5.38,8.28,9.38,3.55,0.71,14.72,,,,,,,,90.0,0.35,79.5,0.0,0.0,3.5,741.0,
2024-11-12 07:00:00,15.0,24.0,6.78,6.43,8.93,9.57,3.45,0.76,14.98,,,,,,,,89.5,0.38,62.0,0.0,0.0,8.75,741.5,
2024-11-12 08:00:00,15.0,24.0,7.32,6.4,9.35,9.65,4.2,0.78,15.09,,,,,,,,89.0,0.57,68.0,0.0,0.0,22.25,742.0,
2024-11-12 09:00:00,,,7.42,5.45,8.95,11.35,4.3,0.82,14.11,,,,,,,,89.0,0.7,73.0,1.5,1.5,23.25,742.0,
2024-11-12 10:00:00,,,7.45,6.15,9.32,12.85,2.93,0.88,14.41,,,,,,,,89.0,0.62,64.5,1.0,1.0,24.75,742.0,
2024-11-12 11:00:00,,,8.0,7.23,10.33,11.08,3.03,0.83,15.4,,,,,,,,88.75,0.62,96.5,0.0,0.0,54.25,741.5,
2024-11-12 12:00:00,,,7.0,3.17,7.37,10.83,3.8,0.76,14.42,,,,,,,,85.75,0.88,120.0,0.0,0.0,92.5,740.75,
2024-11-12 13:00:00,6.33,9.67,8.38,2.75,8.22,9.3,3.7,0.72,14.38,,,,,,,,82.75,0.9,113.5,0.0,0.0,106.75,740.0,
2024-11-12 14:00:00,5.0,9.75,8.02,2.25,7.7,9.48,3.38,0.71,14.69,,,,,,,,81.0,0.57,126.5,0.0,0.0,92.75,740.0,
2024-11-12 15:00:00,5.0,12.75,8.45,2.28,8.1,9.28,2.75,0.71,15.16,,,,,,,,80.5,0.45,142.25,0.0,0.0,67.75,740.0,
2024-11-12 16:00:00,5.0,14.25,8.6,3.15,8.7,9.8,5.7,0.69,15.23,,,,,,,,80.75,0.42,141.0,0.0,0.0,39.0,740.0,
2024-11-12 17:00:00,5.0,14.75,8.55,4.0,9.12,10.25,6.9,0.72,15.19,,,,,,,,82.0,0.3,122.25,0.0,0.0,12.0,740.0,
2024-11-12 18:00:00,5.0,21.25,8.88,2.8,8.72,10.52,6.75,0.72,15.57,,,,,,,,80.75,0.38,133.75,0.0,0.0,7.5,740.75,
2024-11-12 19:00:00,5.25,16.0,9.23,3.32,9.25,10.3,6.55,0.68,15.47,,,,,,,,80.5,0.45,120.0,0.0,0.0,7.75,741.0,
2024-11-12 20:00:00,6.0,15.75,8.68,2.52,8.4,10.18,6.15,0.67,15.68,,,,,,,,81.0,0.38,120.75,0.0,0.0,7.75,742.0,
2024-11-12 21:00:00,5.75,14.0,7.9,2.65,7.82,9.35,6.48,0.68,14.24,,,,,,,,80.75,0.6,125.0,0.0,0.0,8.5,742.0,
2024-11-12 22:00:00,5.0,9.75,8.2,2.22,7.85,9.35,5.0,0.65,15.08,,,,,,,,80.25,0.65,118.0,0.0,0.0,8.25,742.0,
2024-11-12 23:00:00,5.0,8.5,7.25,3.03,7.15,9.3,4.7,0.64,16.15,,,,,,,,82.0,0.48,100.75,0.25,0.25,8.5,741.25,
2024-11-13 00:00:00,5.0,14.5,7.42,1.77,6.7,9.28,5.1,0.62,14.44,,,,,,,,86.25,0.62,116.0,1.0,1.0,4.0,740.75,
2024-11-13 01:00:00,5.0,10.0,7.52,0.88,6.62,9.68,6.52,0.62,14.87,,,,,,,,86.5,0.75,114.5,0.0,0.0,4.25,740.0,
2024-11-13 02:00:00,,,8.55,2.05,8.05,10.0,5.18,0.62,15.12,,,,,,,,88.0,0.5,99.5,0.0,0.0,4.5,740.0,
2024-11-13 03:00:00,,,9.07,1.75,8.3,9.95,6.22,0.57,14.8,,,,,,,,86.5,0.6,110.25,0.0,0.0,4.75,740.0,
2024-11-13 04:00:00,5.0,9.0,8.32,1.85,7.75,9.72,4.65,0.56,15.04,,,,,,,,86.25,0.57,117.5,0.0,0.0,4.5,740.0,
2024-11-13 05:00:00,5.0,9.0,7.4,2.68,7.43,9.45,4.58,0.56,13.77,,,,,,,,84.0,0.65,122.0,0.0,0.0,4.75,740.0,
2024-11-13 06:00:00,5.0,10.5,7.02,3.35,7.45,9.05,5.88,0.57,15.1,,,,,,,,85.25,0.42,110.0,0.0,0.0,12.75,741.0,
2024-11-13 07:00:00,5.25,16.25,9.02,6.22,10.65,8.95,6.42,0.65,16.26,,,,,,,,86.5,0.3,105.5,0.0,0.0,37.25,741.75,
2024-11-13 08:00:00,10.0,23.5,11.98,9.38,14.72,9.62,2.55,0.78,16.08,,,,,,,,86.0,0.3,245.5,0.0,0.0,109.75,742.5,
2024-11-13 09:00:00,21.5,32.0,9.32,8.43,12.02,11.05,2.72,0.85,15.51,,,,,,,,81.75,0.38,99.0,0.0,0.0,133.75,743.0,
2024-11-13 10:00:00,16.25,21.75,9.57,3.7,9.75,12.0,4.1,0.77,15.4,,,,,,,,81.0,0.8,113.25,0.0,0.0,88.5,742.75,
2024-11-13 11:00:00,5.0,10.25,10.53,1.17,9.17,10.98,4.5,0.72,14.54,,,,,,,,82.25,0.98,128.75,0.0,0.0,161.0,742.0,
2024-11-13 12:00:00,5.0,14.0,10.23,3.3,10.07,10.53,2.68,0.71,15.42,,,,,,,,79.0,1.12,125.75,0.0,0.0,134.0,741.0,
2024-11-13 13:00:00,5.0,14.25,9.0,3.65,9.25,9.35,1.58,0.64,14.9,,,,,,,,79.5,1.5,134.25,0.0,0.0,137.0,740.0,
2024-11-13 14:00:00,5.0,15.75,6.15,4.5,7.4,10.95,5.45,0.58,15.14,,,,,,,,79.0,1.23,136.0,0.0,0.0,118.25,740.0,
2024-11-13 15:00:00,5.0,17.25,45.87,31.53,54.03,11.05,4.82,0.54,14.62,,,,,,,,79.75,0.92,148.25,0.0,0.0,70.5,740.0,
2024-11-13 16:00:00,5.0,15.5,5.1,3.68,6.1,9.18,5.12,0.63,14.66,,,,,,,,80.0,1.27,155.5,0.0,0.0,43.0,740.0,
2024-11-13 17:00:00,5.0,17.75,8.62,4.55,9.45,10.35,4.12,0.63,16.1,,,,,,,,81.5,0.57,145.0,0.0,0.0,12.5,740.25,
2024-11-13 18:00:00,5.25,19.5,7.82,6.55,9.85,10.0,2.95,0.69,15.8,,,,,,,,82.0,0.38,120.5,0.0,0.0,7.0,741.0,
2024-11-13 19:00:00,6.25,19.0,7.48,7.32,9.98,10.1,3.1,0.72,15.97,,,,,,,,82.25,0.42,123.0,0.0,0.0,6.75,741.0,
2024-11-13 20:00:00,6.5,20.75,7.8,4.78,8.9,10.07,3.78,0.7,15.37,,,,,,,,81.75,0.55,141.25,0.0,0.0,7.0,742.0,
2024-11-13 21:00:00,5.0,18.0,8.02,6.28,9.82,9.8,4.35,0.79,15.79,,,,,,,,82.0,0.4,133.75,0.0,0.0,7.75,742.0,
2024-11-13 22:00:00,5.0,21.0,9.5,4.28,10.0,10.1,3.15,0.77,15.14,,,,,,,,83.25,0.38,125.25,0.0,0.0,7.25,742.0,
2024-11-13 23:00:00,5.0,18.25,8.65,4.25,9.25,9.72,3.72,0.68,15.3,,,,,,,,83.25,0.3,126.0,0.0,0.0,7.25,742.0,
2024-11-14 00:00:00,5.0,16.0,12.25,9.35,14.95,9.25,5.28,0.74,17.06,,,,,,,,86.0,0.32,180.0,0.25,0.25,6.25,741.25,
2024-11-14 01:00:00,6.0,29.75,9.45,5.03,10.35,13.55,6.15,0.62,33.41,,,,,,,,88.25,0.48,176.25,2.0,2.0,3.0,741.0,
2024-11-14 02:00:00,9.0,17.0,11.42,6.75,12.88,10.52,3.1,0.64,19.32,,,,,,,,88.0,0.32,123.0,0.0,0.0,3.25,740.0,
2024-11-14 03:00:00,14.0,18.0,12.08,6.8,13.4,9.28,1.18,0.64,14.98,,,,,,,,89.0,0.3,276.25,0.0,0.0,2.75,740.0,
2024-11-14 04:00:00,14.0,18.0,11.6,7.28,13.3,10.05,2.33,0.64,17.92,,,,,,,,89.0,0.3,81.75,0.0,0.0,2.75,740.0,
2024-11-14 05:00:00,11.0,21.0,12.3,8.02,14.28,9.8,2.85,0.7,15.14,,,,,,,,89.0,0.3,283.75,0.0,0.0,3.25,741.0,
2024-11-14 06:00:00,16.0,25.25,15.52,10.1,18.02,9.5,4.6,0.83,16.97,,,,,,,,89.0,0.3,308.0,0.0,0.0,28.25,741.5,
2024-11-14 07:00:00,31.5,41.25,16.9,8.4,18.2,10.18,6.12,0.8,15.63,,,,,,,,88.25,0.32,133.5,0.0,0.0,69.25,742.0,
2024-11-14 08:00:00,35.25,53.25,19.5,9.32,20.85,10.3,4.2,0.85,15.63,,,,,,,,86.25,0.42,110.25,0.0,0.0,129.75,743.0,
2024-11-14 09:00:00,32.75,47.25,15.68,5.05,15.45,11.2,3.85,0.79,15.72,,,,,,,,75.75,1.25,145.25,0.0,0.0,287.25,744.0,
2024-11-14 10:00:00,5.0,9.0,14.42,4.05,13.85,12.78,4.03,0.73,15.43,,,,,,,,73.5,1.1,164.5,0.0,0.0,357.0,743.75,
2024-11-14 11:00:00,5.0,12.25,11.7,4.13,11.7,12.6,4.07,0.72,15.34,,,,,,,,72.25,1.0,174.5,0.0,0.0,347.5,743.0,
2024-11-14 12:00:00,5.0,20.5,8.87,4.23,9.5,10.83,2.82,0.67,14.46,,,,,,,,72.5,1.25,187.5,0.0,0.0,349.25,742.5,
2024-11-14 13:00:00,5.0,15.75,7.52,2.58,7.48,9.68,3.12,0.62,14.73,,,,,,,,72.0,1.4,195.5,0.0,0.0,337.5,742.0,
2024-11-14 14:00:00,5.0,16.5,6.02,3.38,6.72,8.75,5.25,0.61,15.44,,,,,,,,71.75,1.15,172.5,0.0,0.0,258.0,741.5,
2024-11-14 15:00:00,5.0,22.0,6.32,4.08,7.32,8.57,6.05,0.6,14.68,,,,,,,,72.75,1.12,176.5,0.0,0.0,174.5,741.0,
2024-11-14 16:00:00,5.0,25.75,6.68,4.12,7.62,8.65,3.05,0.61,14.9,,,,,,,,72.75,1.3,163.5,0.0,0.0,85.5,741.0,
2024-11-14 17:00:00,5.0,27.25,6.15,3.52,6.85,8.95,1.8,0.64,15.17,,,,,,,,78.25,0.55,149.75,0.0,0.0,13.75,741.75,
2024-11-14 18:00:00,6.5,23.25,7.82,3.15,8.07,9.98,2.75,0.67,15.18,,,,,,,,80.5,0.52,164.5,0.0,0.0,9.0,742.0,
2024-11-14 19:00:00,10.5,18.5,9.82,3.48,9.82,9.28,3.7,0.69,13.68,,,,,,,,79.5,0.45,133.25,0.0,0.0,9.25,743.0,
2024-11-14 20:00:00,8.0,19.5,9.1,4.45,9.75,9.3,3.52,0.7,12.22,,,,,,,,80.25,0.55,147.0,0.0,0.0,9.25,743.0,
2024-11-14 21:00:00,5.0,18.5,9.3,5.05,10.28,8.65,3.78,0.71,16.58,,,,,,,,80.25,0.32,135.5,0.0,0.0,9.75,743.0,
2024-11-14 22:00:00,5.0,20.75,9.9,4.58,10.5,8.4,3.45,0.75,14.94,,,,,,,,83.25,0.38,167.0,0.75,0.75,5.75,743.0,
2024-11-14 23:00:00,5.0,19.5,9.15,3.32,9.25,8.15,2.58,0.69,14.35,,,,,,,,87.0,0.38,98.25,2.0,2.0,4.25,743.0,
2024-11-15 00:00:00,5.0,8.25,10.22,3.35,10.12,8.85,3.0,0.7,15.29,,,,,,,,87.25,0.3,229.0,0.0,0.0,3.75,742.5,
2024-11-15 01:00:00,6.0,8.5,8.38,9.55,11.9,8.98,3.38,0.72,16.56,,,,,,,,88.0,0.3,333.0,0.0,0.0,4.25,742.0,
2024-11-15 02:00:00,11.0,17.25,10.18,8.6,12.88,10.12,4.58,0.71,16.44,,,,,,,,88.75,0.3,172.5,1.0,1.0,3.0,741.25,
2024-11-15 03:00:00,15.5,21.0,9.22,8.43,11.98,10.2,4.9,0.7,13.65,,,,,,,,89.0,0.3,251.0,0.5,0.5,2.75,741.0,
2024-11-15 04:00:00,10.5,21.25,10.35,5.85,11.5,10.05,4.4,0.7,16.46,,,,,,,,89.0,0.3,203.25,0.0,0.0,2.75,741.25,
2024-11-15 05:00:00,9.25,20.75,10.65,6.7,12.22,10.72,4.65,0.69,17.36,,,,,,,,89.0,0.3,152.0,0.0,0.0,3.0,742.0,
2024-11-15 06:00:00,10.0,18.0,11.48,8.25,13.72,8.65,5.55,0.72,16.67,,,,,,,,89.0,0.32,147.25,0.75,0.75,10.0,742.5,
2024-11-15 07:00:00,11.25,22.25,11.9,6.52,13.15,9.48,5.72,0.73,15.28,,,,,,,,88.25,0.3,214.75,0.0,0.0,80.75,743.0,
2024-11-15 08:00:00,14.25,24.0,12.9,7.28,14.35,9.4,4.97,0.78,14.81,,,,,,,,84.25,0.35,139.25,0.0,0.0,119.0,743.0,
2024-11-15 09:00:00,15.25,24.0,12.88,10.38,15.98,10.98,4.97,0.85,13.46,,,,,,,,82.0,0.65,91.0,0.0,0.0,187.0,743.25,
2024-11-15 10:00:00,23.25,39.25,12.9,6.72,14.05,13.2,7.4,0.82,13.36,,,,,,,,77.25,0.92,140.0,0.0,0.0,180.5,743.25,
2024-11-15 11:00:00,16.25,28.75,11.27,3.0,10.77,11.65,8.23,0.76,14.28,,,,,,,,73.0,1.7,166.0,0.0,0.0,389.5,743.0,
2024-11-15 12:00:00,9.5,21.75,9.57,3.13,9.47,10.87,5.8,0.73,14.82,,,,,,,,73.25,1.7,181.25,0.0,0.0,227.25,742.5,
2024-11-15 13:00:00,5.0,20.75,6.28,4.58,7.5,10.35,5.0,0.63,14.58,,,,,,,,75.25,1.72,170.75,0.0,0.0,142.25,741.5,
2024-11-15 14:00:00,5.0,18.75,7.3,3.13,7.08,8.93,3.02,0.6,15.78,,,,,,,,72.75,1.78,171.5,0.0,0.0,258.0,741.5,
2024-11-15 15:00:00,5.0,14.25,6.45,1.27,5.95,8.28,2.85,0.62,13.02,,,,,,,,72.25,2.25,166.5,0.0,0.0,174.5,741.0,
2024-11-15 16:00:00,5.25,15.5,6.7,2.72,6.93,8.12,3.0,0.61,14.71,,,,,,,,74.5,1.75,165.75,0.0,0.0,87.75,741.0,
2024-11-15 17:00:00,6.0,26.0,6.52,5.03,8.0,8.18,3.5,0.66,15.34,,,,,,,,79.25,1.28,145.25,0.0,0.0,15.75,741.25,
2024-11-15 18:00:00,6.75,27.5,8.0,5.52,9.5,9.93,4.45,0.69,15.88,,,,,,,,80.0,0.55,132.25,0.0,0.0,9.5,742.0,
2024-11-15 19:00:00,10.5,32.5,8.07,7.1,10.35,9.78,4.8,0.74,15.63,,,,,,,,81.25,0.3,124.25,0.0,0.0,9.5,742.0,
2024-11-15 20:00:00,14.0,33.75,9.57,5.55,10.7,9.25,4.12,0.74,15.08,,,,,,,,80.25,0.32,123.25,0.0,0.0,9.25,743.0,
2024-11-15 21:00:00,10.0,33.0,10.18,4.58,10.72,9.6,3.32,0.75,15.36,,,,,,,,81.0,0.3,118.0,0.0,0.0,8.75,743.0,
2024-11-15 22:00:00,6.5,30.5,9.18,5.4,10.32,9.35,5.9,0.76,14.89,,,,,,,,80.75,0.3,118.25,0.0,0.0,9.75,743.0,
2024-11-15 23:00:00,6.25,29.75,9.88,8.72,12.68,9.1,7.1,0.81,15.43,,,,,,,,82.5,0.3,114.5,0.0,0.0,9.75,743.0,
2024-11-16 00:00:00,9.75,43.25,11.35,4.08,11.4,9.25,4.88,0.74,15.87,,,,,,,,84.75,0.48,185.0,1.0,1.0,5.75,742.25,
2024-11-16 01:00:00,8.25,20.0,11.05,2.52,10.35,9.07,3.32,0.7,14.6,,,,,,,,87.0,0.3,64.5,0.0,0.0,3.75,742.0,
2024-11-16 02:00:00,5.75,11.0,10.75,3.25,10.5,10.92,4.53,0.69,16.66,,,,,,,,87.0,0.3,186.25,0.0,0.0,3.75,741.0,
2024-11-16 03:00:00,5.25,11.0,10.95,6.18,12.18,11.2,5.82,0.7,15.72,,,,,,,,87.0,0.3,212.5,0.0,0.0,4.75,741.0,
2024-11-16 04:00:00,6.25,12.25,11.82,8.65,14.22,10.35,4.38,0.71,17.04,,,,,,,,87.25,0.3,42.0,0.0,0.0,5.25,741.0,
2024-11-16 05:00:00,10.25,22.0,14.65,7.65,15.98,10.7,3.6,0.73,15.42,,,,,,,,87.5,0.3,176.0,0.0,0.0,5.5,741.5,
2024-11-16 06:00:00,21.25,41.75,16.55,7.52,17.5,10.18,3.85,0.78,16.45,,,,,,,,88.0,0.3,113.25,0.0,0.0,22.25,742.0,
2024-11-16 07:00:00,28.0,53.0,18.5,8.75,19.7,10.58,4.65,0.84,17.02,,,,,,,,87.0,0.3,178.25,0.0,0.0,59.0,742.5,
2024-11-16 08:00:00,36.75,64.5,16.88,7.75,17.82,10.3,6.12,0.82,16.89,,,,,,,,81.5,0.5,138.25,0.0,0.0,161.25,743.25,
2024-11-16 09:00:00,29.5,40.5,14.38,3.3,13.45,10.7,7.1,0.75,14.62,,,,,,,,75.5,0.7,154.25,0.0,0.0,250.5,744.0,
2024-11-16 10:00:00,11.75,28.25,13.1,3.05,12.28,13.92,4.27,0.76,14.28,,,,,,,,74.5,1.48,171.5,0.0,0.0,306.25,743.25,
2024-11-16 11:00:00,16.5,32.0,11.5,4.83,11.9,12.95,3.5,0.76,12.59,,,,,,,,73.25,2.5,174.0,0.0,0.0,350.5,743.0,
2024-11-16 12:00:00,14.0,34.5,,7.3,9.37,10.8,,,,,,,,,,,74.5,1.9,179.75,0.0,0.0,247.5,742.0,
2024-11-16 13:00:00,11.25,41.5,4.0,7.65,8.32,10.45,1.55,0.22,13.5,,,,,,,,72.0,1.85,171.5,0.0,0.0,308.5,742.0,
2024-11-16 14:00:00,14.25,43.5,2.7,5.85,5.3,9.4,2.13,0.21,15.92,,,,,,,,71.0,1.45,176.75,0.0,0.0,258.75,741.25,
2024-11-16 15:00:00,23.5,54.25,4.7,4.97,6.48,8.95,3.2,0.26,14.98,,,,,,,,73.75,1.8,182.25,0.0,0.0,121.75,741.0,
2024-11-16 16:00:00,31.0,54.5,3.6,5.15,5.68,9.12,4.1,0.7,16.08,,,,,,,,77.5,1.58,175.75,0.0,0.0,52.25,741.0,
2024-11-16 17:00:00,31.75,53.5,5.18,9.52,9.3,10.02,5.12,0.74,15.08,,,,,,,,79.5,1.0,122.0,0.0,0.0,14.0,741.0,
2024-11-16 18:00:00,33.75,54.75,5.12,7.48,8.17,10.2,4.6,0.76,15.87,,,,,,,,80.5,0.52,178.5,0.0,0.0,10.5,741.75,
2024-11-16 19:00:00,34.0,57.5,5.62,4.45,6.95,10.95,4.22,0.77,14.85,,,,,,,,82.0,0.42,215.25,0.0,0.0,10.0,742.0,
2024-11-16 20:00:00,40.5,74.0,5.1,3.78,6.2,11.62,5.85,0.8,14.22,,,,,,,,79.5,0.4,161.0,0.0,0.0,10.0,742.0,
2024-11-16 21:00:00,53.75,94.0,5.5,2.2,4.47,11.9,6.62,0.8,12.55,,,,,,,,77.75,0.6,163.75,0.0,0.0,10.25,743.0,
2024-11-16 22:00:00,64.5,101.25,4.25,3.95,5.55,11.95,6.05,0.82,14.76,,,,,,,,78.0,0.72,165.75,0.0,0.0,10.75,743.0,
2024-11-16 23:00:00,73.0,107.25,6.25,3.22,6.78,11.72,6.25,0.82,12.57,,,,,,,,78.0,0.65,153.0,0.0,0.0,10.75,742.75,
2024-11-17 00:00:00,74.75,110.0,4.55,2.0,4.8,12.02,5.35,0.82,11.85,,,,,,,,77.5,1.05,167.0,0.0,0.0,10.75,742.0,
2024-11-17 01:00:00,69.75,98.75,4.65,4.1,5.95,12.08,4.97,0.81,12.65,,,,,,,,77.0,0.8,160.25,0.0,0.0,10.75,742.0,
2024-11-17 02:00:00,65.5,99.5,4.2,3.78,5.4,13.25,5.82,0.8,14.34,,,,,,,,77.25,0.8,159.0,0.0,0.0,10.5,741.5,
2024-11-17 03:00:00,66.0,96.25,4.78,4.75,6.38,13.1,4.72,0.8,12.4,,,,,,,,77.5,0.75,163.5,0.0,0.0,10.25,741.0,
2024-11-17 04:00:00,72.25,102.25,4.65,3.38,5.55,13.6,4.15,0.79,7.07,,,,,,,,78.5,0.52,157.5,0.0,0.0,10.25,741.0,
2024-11-17 05:00:00,72.75,108.0,4.55,4.78,6.22,13.75,3.7,0.8,12.53,,,,,,,,78.0,0.55,153.0,0.0,0.0,10.25,741.25,
2024-11-17 06:00:00,72.25,106.0,3.65,5.48,5.9,12.8,3.28,0.8,12.08,,,,,,,,77.25,0.78,162.5,0.0,0.0,23.5,742.0,
2024-11-17 07:00:00,72.75,108.0,3.05,5.07,5.18,12.15,3.68,0.8,13.71,,,,,,,,75.5,1.12,171.0,0.0,0.0,71.0,742.25,
2024-11-17 08:00:00,71.0,103.5,4.22,4.65,5.95,11.98,5.38,0.8,15.35,,,,,,,,73.75,1.32,180.75,0.0,0.0,160.0,743.0,
2024-11-17 09:00:00,68.75,99.5,4.72,2.5,5.15,14.3,6.78,0.8,13.84,,,,,,,,71.0,1.38,187.25,0.0,0.0,243.5,743.25,
2024-11-17 10:00:00,68.5,97.75,4.35,3.8,5.55,14.88,3.2,0.81,12.43,,,,,,,,69.5,2.25,189.5,0.0,0.0,322.5,743.75,
2024-11-17 11:00:00,60.5,89.0,3.7,2.8,4.47,14.87,1.77,0.81,12.24,,,,,,,,68.25,2.25,179.25,0.0,0.0,341.25,743.0,
2024-11-17 12:00:00,59.5,94.75,4.9,4.47,6.4,13.6,6.02,0.8,13.06,,,,,,,,67.25,2.25,181.25,0.0,0.0,347.5,742.75,
2024-11-17 13:00:00,61.25,102.25,4.58,3.8,5.75,12.95,7.7,0.78,11.78,,,,,,,,67.25,2.35,175.75,0.0,0.0,291.25,742.0,
2024-11-17 14:00:00,62.0,99.75,4.7,3.58,5.7,12.78,4.52,0.78,12.37,,,,,,,,68.25,2.42,171.5,0.0,0.0,231.25,741.25,
2024-11-17 15:00:00,61.5,98.5,3.0,3.28,4.18,11.62,2.52,0.78,12.46,,,,,,,,70.25,2.22,157.75,0.0,0.0,134.0,741.0,
2024-11-17 16:00:00,60.0,96.5,3.3,2.7,4.15,11.72,3.22,0.77,12.36,,,,,,,,70.5,2.25,169.5,0.0,0.0,73.5,741.0,
2024-11-17 17:00:00,59.75,95.5,3.1,2.92,4.07,11.3,4.03,0.78,12.91,,,,,,,,72.25,1.25,153.5,0.0,0.0,19.5,741.0,
2024-11-17 18:00:00,60.5,99.25,4.65,3.9,5.85,11.58,2.68,0.8,11.58,,,,,,,,73.75,0.98,159.25,0.0,0.0,11.75,742.0,
2024-11-17 19:00:00,67.5,105.5,2.05,2.28,2.88,13.48,2.45,0.8,12.34,,,,,,,,73.0,1.52,159.75,0.0,0.0,11.0,742.0,
2024-11-17 20:00:00,75.25,104.0,3.38,4.12,4.95,12.58,3.35,0.8,12.66,,,,,,,,73.5,1.15,159.5,0.0,0.0,11.25,742.5,
2024-11-17 21:00:00,74.0,105.25,3.82,2.85,4.62,12.45,3.53,0.81,12.2,,,,,,,,74.0,0.75,156.0,0.0,0.0,11.5,743.0,
2024-11-17 22:00:00,68.0,108.75,4.62,2.48,5.1,12.7,5.4,0.82,10.92,,,,,,,,75.25,0.73,155.5,0.0,0.0,11.75,743.0,
2024-11-17 23:00:00,66.25,105.5,5.1,3.55,6.1,11.5,5.42,0.84,11.21,,,,,,,,76.0,0.57,144.0,0.0,0.0,11.75,742.75,
2024-11-18 00:00:00,61.0,98.5,3.68,1.85,3.95,11.98,3.5,0.84,9.51,,,,,,,,76.25,0.7,152.5,0.0,0.0,12.0,742.5,
2024-11-18 01:00:00,62.5,100.75,3.3,2.68,4.1,12.0,4.2,0.82,10.42,,,,,,,,75.75,0.72,149.5,0.0,0.0,11.75,742.0,
2024-11-18 02:00:00,66.75,102.0,2.58,2.45,3.4,12.32,4.97,0.8,10.62,,,,,,,,76.0,0.75,150.75,0.0,0.0,11.5,741.75,
2024-11-18 03:00:00,64.0,97.5,3.32,3.42,4.53,12.55,5.7,0.78,12.0,,,,,,,,75.25,0.62,146.5,0.0,0.0,10.75,741.25,
2024-11-18 04:00:00,56.75,91.75,3.0,2.78,3.9,13.18,5.0,0.79,11.63,,,,,,,,75.25,0.9,148.75,0.0,0.0,10.75,741.75,
2024-11-18 05:00:00,53.25,87.5,3.48,2.78,4.3,12.6,4.55,0.78,10.24,,,,,,,,75.0,0.88,144.0,0.0,0.0,11.0,742.0,
2024-11-18 06:00:00,54.0,87.0,3.5,5.6,5.82,12.52,4.47,0.79,11.71,,,,,,,,75.5,0.57,137.0,0.0,0.0,29.25,742.0,
2024-11-18 07:00:00,54.0,94.0,3.42,5.7,5.8,11.38,5.2,0.82,11.48,,,,,,,,75.0,0.6,135.25,0.0,0.0,83.25,743.0,
2024-11-18 08:00:00,54.0,105.5,4.3,4.32,5.78,11.25,3.5,0.82,11.42,,,,,,,,72.25,1.08,126.25,0.0,0.0,164.25,743.75,
2024-11-18 09:00:00,54.25,106.5,4.42,3.82,5.6,11.92,3.38,0.83,12.28,,,,,,,,70.5,2.28,106.75,0.0,0.0,246.25,744.0,
2024-11-18 10:00:00,56.25,110.75,3.62,4.25,5.2,13.25,4.77,0.84,11.52,,,,,,,,68.25,2.58,123.5,0.0,0.0,329.25,744.0,
2024-11-18 11:00:00,60.25,104.75,1.8,4.57,3.9,14.45,5.8,0.82,11.97,,,,,,,,68.0,2.95,124.0,0.0,0.0,325.5,743.5,
2024-11-18 12:00:00,61.25,114.25,2.2,4.73,4.27,13.07,4.38,0.84,11.63,,,,,,,,66.25,2.68,127.75,0.0,0.0,340.25,742.75,
2024-11-18 13:00:00,63.0,109.25,3.12,4.9,5.1,12.38,3.9,0.82,10.23,,,,,,,,67.5,2.75,124.25,0.0,0.0,291.5,742.0,
2024-11-18 14:00:00,66.0,109.0,3.45,4.15,5.03,13.25,4.73,0.82,12.06,,,,,,,,67.25,2.62,111.0,0.0,0.0,207.75,742.0,
2024-11-18 15:00:00,64.25,107.25,3.82,6.0,6.3,11.32,4.9,0.82,13.78,,,,,,,,68.5,2.38,112.25,0.0,0.0,144.75,742.0,
2024-11-18 16:00:00,58.75,110.25,3.6,6.35,6.3,10.7,5.28,0.82,11.34,,,,,,,,69.25,2.17,118.25,0.0,0.0,68.5,742.0,
2024-11-18 17:00:00,59.0,108.75,3.12,4.18,4.75,10.78,5.3,0.84,10.48,,,,,,,,70.75,1.7,114.0,0.0,0.0,19.25,742.0,
2024-11-18 18:00:00,61.0,109.25,3.15,4.58,4.97,10.8,5.6,0.84,10.87,,,,,,,,71.0,1.58,111.5,0.0,0.0,13.5,742.0,
2024-11-18 19:00:00,58.0,104.25,1.72,4.72,3.95,12.02,6.45,0.83,10.9,,,,,,,,71.5,1.12,120.75,0.0,0.0,12.5,743.0,
2024-11-18 20:00:00,58.75,105.0,2.78,3.3,3.98,11.28,4.1,0.81,10.3,,,,,,,,71.25,1.25,123.25,0.0,0.0,12.5,744.0,
2024-11-18 21:00:00,60.25,103.75,3.38,3.38,4.5,11.42,2.95,0.83,10.6,,,,,,,,72.0,0.8,114.5,0.0,0.0,12.5,744.0,
2024-11-18 22:00:00,59.5,100.0,4.25,2.55,4.82,11.18,4.38,0.82,9.06,,,,,,,,72.25,0.7,112.25,0.0,0.0,12.5,744.0,
2024-11-18 23:00:00,62.0,100.25,3.12,4.42,4.9,10.35,5.2,0.84,11.08,,,,,,,,72.75,0.48,102.0,0.0,0.0,12.5,744.0,
2024-11-19 00:00:00,57.25,97.25,3.35,4.08,4.9,10.38,5.92,0.8,10.57,,,,,,,,74.25,0.43,76.5,0.0,0.0,12.75,743.0,
2024-11-19 01:00:00,60.25,89.75,4.35,3.68,5.5,10.65,6.62,0.8,10.74,,,,,,,,75.25,0.4,74.5,0.0,0.0,13.0,743.0,
2024-11-19 02:00:00,58.75,99.5,2.82,3.72,4.28,11.62,5.32,0.79,11.68,,,,,,,,76.0,0.4,90.5,0.0,0.0,12.75,742.75,
2024-11-19 03:00:00,61.25,95.0,4.18,3.05,4.97,12.05,4.65,0.78,10.62,,,,,,,,76.0,0.55,84.0,0.0,0.0,12.25,742.25,
2024-11-19 04:00:00,61.0,97.5,4.18,4.2,5.62,11.95,4.8,0.79,10.7,,,,,,,,76.0,0.45,92.25,0.0,0.0,12.0,742.0,
2024-11-19 05:00:00,60.0,105.75,5.03,4.97,6.72,11.8,5.18,0.8,10.79,,,,,,,,76.25,0.38,67.0,0.0,0.0,11.75,742.75,
2024-11-19 06:00:00,68.5,113.75,4.42,8.05,7.88,11.98,3.8,0.86,14.79,,,,,,,,79.75,0.3,88.25,0.0,0.0,16.0,743.0,
2024-11-19 07:00:00,78.75,136.5,4.85,11.58,10.12,11.95,4.05,0.93,12.74,,,,,,,,80.0,0.38,62.75,0.0,0.0,48.5,743.75,
2024-11-19 08:00:00,86.0,152.25,6.02,10.02,10.2,11.7,5.1,0.97,13.56,,,,,,,,75.0,1.15,78.5,0.0,0.0,164.0,744.25,
2024-11-19 09:00:00,76.25,137.75,5.03,5.08,6.78,11.45,6.3,0.92,9.24,,,,,,,,69.5,2.55,129.25,0.0,0.0,250.75,745.0,
2024-11-19 10:00:00,55.5,100.5,4.47,5.15,6.4,12.6,3.53,0.89,12.85,,,,,,,,68.0,3.0,124.0,0.0,0.0,339.0,745.0,
2024-11-19 11:00:00,53.75,100.5,4.5,4.47,6.03,12.9,3.97,0.87,17.77,,,,,,,,66.75,3.02,131.25,0.0,0.0,359.75,744.25,
2024-11-19 12:00:00,51.5,104.5,4.33,2.9,5.07,11.87,2.88,0.84,9.33,,,,,,,,66.0,3.22,147.25,0.0,0.0,347.5,743.75,
2024-11-19 13:00:00,47.75,,2.68,4.4,4.47,11.7,3.1,0.8,10.08,,,,,,,,66.5,3.12,139.25,0.0,0.0,289.5,743.0,
2024-11-19 14:00:00,48.5,99.0,3.42,4.53,5.2,11.25,4.92,0.77,12.07,,,,,,,,67.0,3.05,134.25,0.0,0.0,229.25,742.75,
2024-11-19 15:00:00,45.25,98.75,2.85,5.48,5.22,10.28,5.58,0.76,9.3,,,,,,,,67.25,3.28,130.5,0.0,0.0,127.25,742.0,
2024-11-19 16:00:00,49.5,97.5,2.65,6.3,5.52,10.2,3.45,0.78,9.96,,,,,,,,68.25,2.6,125.75,0.0,0.0,71.0,742.0,
2024-11-19 17:00:00,50.5,97.5,2.58,6.32,5.45,10.25,3.48,0.78,8.36,,,,,,,,69.5,2.33,118.25,0.0,0.0,16.5,742.0,
2024-11-19 18:00:00,48.5,101.25,2.7,5.38,5.05,9.9,2.58,0.83,9.66,,,,,,,,70.25,1.38,119.0,0.0,0.0,9.0,742.0,
2024-11-19 19:00:00,47.75,96.0,2.28,4.82,4.42,10.42,2.38,0.81,10.62,,,,,,,,70.25,1.3,124.75,0.0,0.0,8.5,742.75,
2024-11-19 20:00:00,48.25,86.25,2.8,4.05,4.42,10.2,2.02,0.8,10.82,,,,,,,,70.0,1.38,120.5,0.0,0.0,8.5,743.0,
2024-11-19 21:00:00,42.25,82.25,4.25,2.05,4.55,10.42,2.75,0.78,9.7,,,,,,,,69.75,1.52,126.5,0.0,0.0,8.5,743.0,
2024-11-19 22:00:00,40.75,78.25,4.12,3.67,4.78,9.98,1.08,0.78,10.12,,,,,,,,69.75,1.18,123.0,0.0,0.0,8.5,743.75,
2024-11-19 23:00:00,42.25,81.75,3.12,2.52,3.85,9.52,0.23,0.78,11.02,,,,,,,,70.0,1.1,119.75,0.0,0.0,8.75,743.0,
2024-11-20 00:00:00,39.5,78.0,3.35,2.62,4.12,9.72,3.02,0.76,9.94,,,,,,,,71.0,1.08,121.5,0.0,0.0,8.75,743.0,
2024-11-20 01:00:00,38.5,69.0,3.8,1.58,3.92,9.68,4.28,0.74,10.48,,,,,,,,71.25,0.65,120.0,0.0,0.0,8.75,743.0,
2024-11-20 02:00:00,41.75,71.0,3.6,3.3,4.7,10.02,5.38,0.74,11.45,,,,,,,,71.25,0.48,109.25,0.0,0.0,8.75,742.25,
2024-11-20 03:00:00,45.25,77.5,3.5,3.7,4.82,10.4,5.05,0.72,10.96,,,,,,,,71.25,0.5,109.0,0.0,0.0,8.5,742.0,
2024-11-20 04:00:00,42.25,78.0,4.6,3.38,5.52,10.3,4.5,0.7,11.56,,,,,,,,72.0,0.52,105.0,0.0,0.0,8.5,742.0,
2024-11-20 05:00:00,46.0,76.75,4.5,3.55,5.55,10.65,4.05,0.7,11.2,,,,,,,,72.5,0.4,102.25,0.0,0.0,8.5,742.5,
2024-11-20 06:00:00,39.5,84.5,4.68,6.55,7.3,9.82,4.32,0.73,10.57,,,,,,,,72.25,0.55,102.75,0.0,0.0,20.5,743.0,
2024-11-20 07:00:00,48.0,96.0,4.1,5.8,6.45,10.2,4.65,0.76,10.0,,,,,,,,70.5,0.95,109.25,0.0,0.0,72.25,743.75,
2024-11-20 08:00:00,50.75,110.25,4.97,5.52,7.0,9.62,4.9,0.78,10.08,,,,,,,,67.75,1.55,114.5,0.0,0.0,146.75,744.0,
2024-11-20 09:00:00,48.75,112.5,4.4,3.6,5.5,10.65,4.95,0.78,11.99,,,,,,,,65.25,2.1,124.25,0.0,0.0,255.0,745.0,
2024-11-20 10:00:00,44.5,96.5,3.82,4.55,5.52,11.02,4.13,0.78,9.67,,,,,,,,64.25,2.33,117.5,0.0,0.0,327.75,744.75,
2024-11-20 11:00:00,44.5,90.25,3.93,4.27,5.47,10.95,4.3,0.77,11.72,,,,,,,,63.25,2.75,118.5,0.0,0.0,343.5,744.0,
2024-11-20 12:00:00,47.25,92.75,3.57,4.27,5.17,10.8,2.88,0.78,11.9,,,,,,,,63.0,2.17,123.25,0.0,0.0,334.25,743.25,
2024-11-20 13:00:00,41.25,87.0,4.78,3.72,5.85,10.88,2.12,0.77,12.46,,,,,,,,63.75,2.53,123.5,0.0,0.0,327.5,742.75,
2024-11-20 14:00:00,40.25,82.25,3.6,2.88,4.42,10.12,3.88,0.73,10.24,,,,,,,,63.25,2.3,124.5,0.0,0.0,264.0,742.0,
2024-11-20 15:00:00,42.25,86.0,3.52,4.82,5.45,9.62,5.3,0.74,10.57,,,,,,,,64.0,1.85,127.0,0.0,0.0,171.75,742.0,
2024-11-20 16:00:00,39.5,87.5,3.3,4.38,5.0,9.07,6.32,0.74,12.16,,,,,,,,66.25,1.52,116.0,0.0,0.0,65.5,742.0,
2024-11-20 17:00:00,47.5,93.0,4.25,5.38,6.3,9.3,6.15,0.76,12.7,,,,,,,,68.5,0.95,111.25,0.0,0.0,13.25,742.0,
2024-11-20 18:00:00,47.75,93.25,3.65,5.8,6.02,9.9,4.53,0.8,11.54,,,,,,,,69.0,0.75,109.25,0.0,0.0,9.5,742.5,
2024-11-20 19:00:00,43.5,87.0,4.03,4.58,5.72,10.65,3.8,0.8,11.68,,,,,,,,69.75,0.68,119.25,0.0,0.0,8.75,743.0,
2024-11-20 20:00:00,44.75,91.5,4.12,4.6,5.82,10.12,3.48,0.8,13.11,,,,,,,,70.0,0.55,116.5,0.0,0.0,8.75,743.0,
2024-11-20 21:00:00,50.75,87.0,3.53,3.88,4.95,10.28,3.0,0.79,11.92,,,,,,,,70.25,0.7,118.5,0.0,0.0,8.75,743.25,
2024-11-20 22:00:00,46.25,83.5,3.7,3.45,4.85,9.98,3.08,0.78,10.58,,,,,,,,70.75,0.75,116.5,0.0,0.0,8.75,743.0,
2024-11-20 23:00:00,50.75,75.25,3.98,3.25,4.97,9.48,3.15,0.78,12.72,,,,,,,,71.25,0.65,111.0,0.0,0.0,8.75,743.0,
2024-11-21 00:00:00,45.25,82.0,4.07,3.95,5.42,9.45,4.47,0.77,11.87,,,,,,,,72.0,0.8,107.25,0.0,0.0,9.0,742.25,
2024-11-21 01:00:00,50.5,80.5,4.5,1.6,4.5,10.25,4.2,0.76,10.72,,,,,,,,72.0,0.72,103.75,0.0,0.0,8.75,742.0,
2024-11-21 02:00:00,54.0,75.5,3.18,3.15,4.22,9.78,3.6,0.74,11.98,,,,,,,,72.0,0.8,109.75,0.0,0.0,8.75,742.0,
2024-11-21 03:00:00,50.25,71.5,3.6,2.6,4.32,11.12,3.35,0.73,11.2,,,,,,,,72.0,0.85,116.0,0.0,0.0,8.75,741.5,
2024-11-21 04:00:00,47.25,65.75,3.32,2.88,4.22,11.28,4.3,0.72,11.56,,,,,,,,71.25,0.72,113.5,0.0,0.0,8.75,742.0,
2024-11-21 05:00:00,47.5,71.75,4.18,4.22,5.65,10.35,5.38,0.72,10.2,,,,,,,,72.0,0.65,105.25,0.0,0.0,8.75,742.0,
2024-11-21 06:00:00,53.5,77.75,4.25,4.35,5.75,10.75,3.2,0.74,10.75,,,,,,,,72.0,0.72,114.75,0.0,0.0,14.25,742.25,
2024-11-21 07:00:00,50.75,91.75,4.42,4.78,6.15,11.05,2.2,0.77,11.47,,,,,,,,71.75,0.72,114.25,0.0,0.0,52.0,743.25,
2024-11-21 08:00:00,56.5,102.25,3.8,4.05,5.22,10.4,3.05,0.76,11.68,,,,,,,,68.75,1.65,125.25,0.0,0.0,137.75,744.0,
2024-11-21 09:00:00,57.0,106.0,4.5,4.58,6.1,11.32,4.05,0.76,17.38,,,,,,,,68.75,1.55,121.75,0.0,0.0,185.5,744.25,
2024-11-21 10:00:00,52.5,97.5,4.68,3.45,5.65,12.05,2.83,0.81,12.24,,,,,,,,66.75,2.08,124.75,0.0,0.0,298.0,744.5,
2024-11-21 11:00:00,49.5,99.5,3.53,5.03,5.53,11.45,2.97,0.8,10.65,,,,,,,,65.25,2.05,124.25,0.0,0.0,259.5,744.0,
2024-11-21 12:00:00,54.0,100.75,3.43,4.57,5.23,12.8,3.3,0.78,10.34,,,,,,,,65.0,1.98,121.25,0.0,0.0,258.5,743.25,
2024-11-21 13:00:00,54.0,102.75,3.08,3.98,4.6,11.55,3.4,0.77,11.41,,,,,,,,64.0,2.3,116.25,0.0,0.0,300.5,743.0,
2024-11-21 14:00:00,55.0,113.5,2.4,5.68,4.97,11.7,2.35,0.76,10.89,,,,,,,,64.25,2.02,116.25,0.0,0.0,227.75,742.25,
2024-11-21 15:00:00,58.5,118.25,2.92,4.92,5.0,11.18,1.98,0.78,10.78,,,,,,,,66.0,1.72,123.5,0.0,0.0,118.75,742.0,
2024-11-21 16:00:00,58.75,111.0,3.7,4.7,5.5,10.15,3.02,0.78,11.21,,,,,,,,67.75,1.27,116.0,0.0,0.0,57.5,742.0,
2024-11-21 17:00:00,58.25,118.75,3.0,6.7,6.02,10.45,3.0,0.8,6.23,,,,,,,,69.0,0.98,108.25,0.0,0.0,21.25,742.25,
2024-11-21 18:00:00,65.5,128.25,2.43,6.92,5.68,10.25,4.3,0.87,12.04,,,,,,,,70.0,0.88,105.0,0.0,0.0,14.5,743.0,
2024-11-21 19:00:00,59.5,113.0,3.22,7.08,6.38,10.42,5.05,0.87,11.63,,,,,,,,70.0,0.72,110.25,0.0,0.0,14.0,743.25,
2024-11-21 20:00:00,65.0,111.75,3.28,6.0,5.88,11.05,5.52,0.88,10.17,,,,,,,,70.0,0.82,113.0,0.0,0.0,13.0,744.0,
2024-11-21 21:00:00,67.0,114.0,3.15,5.18,5.32,11.32,4.85,0.88,9.86,,,,,,,,70.75,0.82,112.75,0.0,0.0,12.5,744.0,
2024-11-21 22:00:00,64.75,104.75,3.12,3.75,4.53,10.48,3.75,0.85,8.91,,,,,,,,71.0,0.75,117.0,0.0,0.0,12.75,744.0,
2024-11-21 23:00:00,64.0,103.25,4.18,3.97,5.5,10.62,4.65,0.84,8.33,,,,,,,,72.0,0.65,109.75,0.0,0.0,13.0,743.5,
2024-11-22 00:00:00,57.5,99.75,3.95,4.3,5.52,10.42,4.2,0.83,12.12,,,,,,,,72.5,0.5,105.25,0.0,0.0,14.0,743.0,
2024-11-22 01:00:00,63.25,96.5,3.35,4.5,5.1,9.95,4.5,0.82,9.01,,,,,,,,73.75,0.4,83.25,0.0,0.0,13.5,742.75,
2024-11-22 02:00:00,58.75,102.0,4.2,7.18,7.25,10.0,4.28,0.82,12.09,,,,,,,,75.25,0.3,59.25,0.0,0.0,14.0,742.0,
2024-11-22 03:00:00,64.5,117.25,4.22,8.95,8.18,11.0,3.95,0.82,11.57,,,,,,,,76.5,0.3,40.25,0.0,0.0,13.5,742.0,
2024-11-22 04:00:00,75.25,125.0,3.85,7.92,7.35,11.7,4.18,0.84,16.56,,,,,,,,78.0,0.3,195.75,0.0,0.0,12.75,742.0,
2024-11-22 05:00:00,74.5,118.5,3.7,9.1,7.85,11.25,4.58,0.85,13.67,,,,,,,,78.75,0.3,105.75,0.0,0.0,13.0,742.0,
2024-11-22 06:00:00,72.75,120.75,5.6,8.6,9.15,11.18,3.98,0.87,14.52,,,,,,,,80.0,0.3,99.25,0.0,0.0,25.25,742.0,
2024-11-22 07:00:00,85.5,138.25,5.08,11.58,10.28,11.78,4.9,0.94,15.12,,,,,,,,76.75,0.55,70.0,0.0,0.0,65.25,743.0,
2024-11-22 08:00:00,97.75,157.25,5.4,10.6,10.05,11.08,6.82,0.92,13.62,,,,,,,,71.5,1.23,70.75,0.0,0.0,178.0,743.75,
2024-11-22 09:00:00,88.0,155.0,4.72,7.98,8.05,11.75,9.5,0.93,12.34,,,,,,,,68.25,1.5,92.5,0.0,0.0,241.75,744.0,
2024-11-22 10:00:00,66.0,134.5,5.05,5.2,6.9,11.3,5.8,0.91,11.67,,,,,,,,66.25,2.05,109.25,0.0,0.0,285.0,744.0,
2024-11-22 11:00:00,52.5,99.25,4.1,4.77,5.83,11.03,3.0,0.88,9.68,,,,,,,,65.25,2.42,120.0,0.0,0.0,311.0,743.75,
2024-11-22 12:00:00,55.0,108.5,2.9,11.77,8.6,12.1,7.8,0.88,12.11,,,,,,,,66.0,1.8,99.75,0.0,0.0,237.75,742.75,
2024-11-22 13:00:00,73.25,136.0,4.0,8.48,7.72,11.38,6.45,0.86,11.84,,,,,,,,65.75,2.35,117.75,0.0,0.0,250.5,742.0,
2024-11-22 14:00:00,65.25,116.0,3.8,6.95,6.75,11.48,4.22,0.85,11.52,,,,,,,,66.25,2.35,110.25,0.0,0.0,227.5,742.0,
2024-11-22 15:00:00,67.0,117.5,3.25,6.65,6.18,11.48,2.65,0.84,10.94,,,,,,,,66.75,2.58,117.25,0.0,0.0,155.75,742.0,
2024-11-22 16:00:00,67.0,114.25,3.55,7.42,6.85,10.2,4.08,0.82,10.34,,,,,,,,68.5,2.05,115.5,0.0,0.0,67.75,742.0,
2024-11-22 17:00:00,60.0,116.0,3.33,6.58,5.28,10.05,4.75,0.84,10.11,,,,,,,,70.25,1.2,99.0,0.0,0.0,23.25,742.0,
2024-11-22 18:00:00,66.5,108.75,3.2,6.98,4.92,10.38,5.2,0.9,10.96,,,,,,,,71.0,0.73,103.75,0.0,0.0,14.5,743.0,
2024-11-22 19:00:00,64.5,104.25,3.55,6.98,6.6,10.07,4.92,0.91,14.78,,,,,,,,71.75,0.85,93.0,0.0,0.0,14.25,743.0,
2024-11-22 20:00:00,55.5,101.5,3.55,7.05,6.62,10.82,6.08,0.92,11.9,,,,,,,,73.0,0.65,89.5,0.0,0.0,13.5,743.5,
2024-11-22 21:00:00,60.25,98.25,4.1,6.78,6.95,10.55,6.38,0.93,11.98,,,,,,,,74.0,0.52,93.75,0.0,0.0,13.25,743.0,
2024-11-22 22:00:00,61.25,93.5,5.52,5.78,7.55,10.92,4.4,0.89,12.6,,,,,,,,75.5,0.45,81.0,0.0,0.0,13.5,743.25,
2024-11-22 23:00:00,62.5,100.5,3.92,9.3,8.15,11.25,4.4,0.9,12.89,,,,,,,,76.5,0.38,83.5,0.0,0.0,13.5,743.0,
2024-11-23 00:00:00,66.75,119.75,4.47,9.38,8.62,11.0,4.75,0.91,14.26,,,,,,,,79.0,0.3,98.25,0.0,0.0,14.0,743.0,
2024-11-23 01:00:00,72.75,123.75,3.92,7.75,7.32,10.72,4.55,0.88,13.91,,,,,,,,79.0,0.3,70.25,0.0,0.0,13.5,742.75,
2024-11-23 02:00:00,69.75,118.25,4.53,7.3,7.5,10.7,6.12,0.9,14.48,,,,,,,,80.0,0.38,107.75,0.0,0.0,13.75,742.0,
2024-11-23 03:00:00,85.25,140.75,4.5,7.22,7.48,11.42,6.85,0.89,15.42,,,,,,,,80.25,0.43,54.0,0.0,0.0,13.5,742.0,
2024-11-23 04:00:00,98.25,143.25,4.03,7.88,7.45,11.85,4.72,0.9,13.39,,,,,,,,80.5,0.38,82.5,0.0,0.0,12.75,742.0,
2024-11-23 05:00:00,97.5,145.0,4.12,7.6,7.38,12.05,3.97,0.93,14.7,,,,,,,,80.5,0.45,70.0,0.0,0.0,13.0,743.0,
2024-11-23 06:00:00,93.5,147.75,3.53,10.18,8.27,12.15,5.3,0.93,13.89,,,,,,,,80.0,0.35,62.5,0.0,0.0,23.25,743.0,
2024-11-23 07:00:00,96.0,150.0,4.68,10.32,9.28,12.08,7.08,0.95,14.32,,,,,,,,77.5,0.48,66.25,0.0,0.0,72.25,743.75,
2024-11-23 08:00:00,96.5,161.5,5.38,10.92,10.18,11.5,8.1,0.99,14.1,,,,,,,,73.75,1.45,70.75,0.0,0.0,150.25,744.75,
2024-11-23 09:00:00,87.5,162.0,5.1,8.05,8.4,12.0,6.42,0.96,13.4,,,,,,,,71.75,1.75,75.5,0.0,0.0,227.0,745.0,
2024-11-23 10:00:00,82.5,139.75,4.22,9.7,8.6,12.3,8.5,0.97,15.57,,,,,,,,70.0,2.15,77.75,0.0,0.0,261.0,744.75,
2024-11-23 11:00:00,80.25,134.75,3.37,8.53,7.3,12.3,14.1,0.95,13.35,,,,,,,,70.25,2.22,77.5,0.0,0.0,226.75,744.0,
2024-11-23 12:00:00,76.25,131.25,4.8,8.07,8.2,13.73,8.8,0.98,17.81,,,,,,,,70.0,1.98,96.75,0.0,0.0,182.75,743.25,
2024-11-23 13:00:00,69.5,131.0,3.18,9.15,7.45,11.55,6.45,0.96,11.37,,,,,,,,70.25,1.7,104.75,0.0,0.0,150.75,742.5,
2024-11-23 14:00:00,61.5,116.75,4.77,6.1,7.12,11.95,5.45,0.88,13.04,,,,,,,,71.5,1.8,110.25,0.0,0.0,108.25,742.0,
2024-11-23 15:00:00,47.75,86.0,4.2,8.32,7.82,11.1,5.72,0.87,12.48,,,,,,,,74.0,1.65,114.75,0.0,0.0,67.25,742.0,
2024-11-23 16:00:00,39.5,92.5,4.15,6.5,6.82,10.05,2.22,0.86,13.08,,,,,,,,75.75,1.4,107.0,0.0,0.0,36.25,742.0,
2024-11-23 17:00:00,42.75,82.5,4.72,6.6,7.38,9.3,1.25,0.83,13.52,,,,,,,,76.0,1.1,111.75,0.0,0.0,16.0,742.75,
2024-11-23 18:00:00,38.75,74.5,5.12,5.88,7.3,9.52,3.65,0.86,13.87,,,,,,,,77.0,1.0,108.0,0.0,0.0,14.5,743.0,
2024-11-23 19:00:00,39.25,73.25,4.28,6.15,6.78,10.38,5.15,0.86,13.86,,,,,,,,77.0,0.95,115.5,0.0,0.0,14.0,743.0,
2024-11-23 20:00:00,42.75,72.0,3.52,4.15,5.05,11.2,5.28,0.86,13.17,,,,,,,,76.5,1.08,113.25,0.0,0.0,13.5,743.25,
2024-11-23 21:00:00,40.75,65.0,2.17,4.53,4.18,11.42,5.38,0.85,10.56,,,,,,,,77.0,1.1,111.0,0.0,0.0,13.0,743.5,
2024-11-23 22:00:00,36.25,58.5,4.3,2.9,5.03,10.25,3.68,0.82,13.36,,,,,,,,77.5,1.3,129.25,0.0,0.0,12.75,744.0,
2024-11-23 23:00:00,34.5,48.75,2.98,2.6,3.82,10.55,2.7,0.79,12.04,,,,,,,,77.75,1.33,117.25,0.0,0.0,12.75,743.0,
2024-11-24 00:00:00,37.5,51.0,3.42,2.5,4.12,9.73,3.97,0.78,12.93,,,,,,,,77.5,1.25,125.0,0.0,0.0,13.5,743.0,
2024-11-24 01:00:00,39.75,51.25,4.45,2.6,5.0,9.95,4.42,0.76,12.35,,,,,,,,78.0,0.98,120.25,0.0,0.0,13.5,743.0,
2024-11-24 02:00:00,34.25,54.5,3.72,3.15,4.7,9.18,3.35,0.74,13.04,,,,,,,,78.0,0.62,115.0,0.0,0.0,13.75,742.25,
2024-11-24 03:00:00,36.5,60.0,4.43,3.02,5.2,9.62,2.68,0.74,13.61,,,,,,,,78.75,0.45,110.5,0.0,0.0,13.5,742.0,
2024-11-24 04:00:00,33.0,55.0,5.35,2.75,5.8,10.9,5.18,0.74,12.67,,,,,,,,78.0,0.45,102.75,0.0,0.0,12.75,742.25,
2024-11-24 05:00:00,35.5,56.25,3.92,4.53,5.62,10.48,6.28,0.75,8.05,,,,,,,,79.25,0.35,130.0,0.0,0.0,12.5,743.0,
2024-11-24 06:00:00,39.25,63.75,5.6,9.68,9.7,11.15,4.8,0.81,19.72,,,,,,,,82.25,0.3,130.25,0.0,0.0,18.25,743.0,
2024-11-24 07:00:00,56.75,106.5,6.75,9.98,10.8,11.42,3.53,0.85,18.31,,,,,,,,83.0,0.35,46.25,0.0,0.0,33.25,743.5,
2024-11-24 08:00:00,67.5,123.25,7.65,7.48,10.2,11.5,4.62,0.88,17.32,,,,,,,,80.5,0.75,74.5,0.0,0.0,127.75,744.5,
2024-11-24 09:00:00,78.0,126.0,6.18,7.4,9.0,11.65,6.3,0.85,14.7,,,,,,,,73.75,1.82,81.5,0.0,0.0,220.5,745.0,
2024-11-24 10:00:00,54.75,98.5,5.8,4.75,7.28,11.4,4.23,0.85,14.9,,,,,,,,68.5,2.72,116.0,0.0,0.0,283.75,744.75,
2024-11-24 11:00:00,38.75,78.75,5.77,5.43,7.57,10.7,3.77,0.83,14.54,,,,,,,,67.25,2.68,117.25,0.0,0.0,349.25,744.25,
2024-11-24 12:00:00,39.5,79.75,5.77,4.17,6.93,10.77,5.18,0.8,14.46,,,,,,,,67.75,3.25,124.25,0.0,0.0,263.75,743.25,
2024-11-24 13:00:00,43.0,84.5,4.53,4.2,5.95,10.4,4.42,0.8,14.2,,,,,,,,68.0,3.15,122.25,0.0,0.0,246.5,742.75,
2024-11-24 14:00:00,42.5,82.0,3.22,3.62,4.55,11.2,3.6,0.77,12.08,,,,,,,,69.0,2.9,129.0,0.0,0.0,178.5,742.0,
2024-11-24 15:00:00,46.5,80.5,4.65,3.0,5.32,10.1,2.8,0.75,12.42,,,,,,,,70.0,2.62,130.75,0.0,0.0,115.0,742.0,
2024-11-24 16:00:00,40.25,87.0,4.18,5.02,6.08,10.22,3.55,0.79,13.88,,,,,,,,70.25,2.7,116.5,0.0,0.0,72.5,742.0,
2024-11-24 17:00:00,53.25,88.75,3.52,4.9,5.48,9.82,4.35,0.79,12.36,,,,,,,,71.75,2.2,113.0,0.0,0.0,22.0,742.5,
2024-11-24 18:00:00,53.75,77.5,4.0,3.4,5.05,10.05,4.18,0.8,13.38,,,,,,,,72.75,2.17,115.75,0.0,0.0,14.5,743.0,
2024-11-24 19:00:00,49.5,82.25,3.68,3.78,5.0,10.02,3.7,0.8,12.52,,,,,,,,73.25,1.8,121.75,0.0,0.0,14.5,743.5,
2024-11-24 20:00:00,40.5,79.25,3.47,3.6,4.75,11.08,6.38,0.78,13.25,,,,,,,,73.5,2.1,114.75,0.0,0.0,13.5,743.25,
2024-11-24 21:00:00,44.75,70.75,4.0,3.05,4.85,10.32,6.62,0.78,12.36,,,,,,,,72.75,1.98,115.5,0.0,0.0,12.5,744.0,
2024-11-24 22:00:00,43.75,78.5,2.72,4.58,4.68,10.78,4.8,0.79,11.46,,,,,,,,73.75,1.72,111.25,0.0,0.0,12.5,743.5,
2024-11-24 23:00:00,44.75,77.75,3.52,2.45,4.15,10.45,5.18,0.78,11.26,,,,,,,,74.25,1.38,111.0,0.0,0.0,12.5,743.0,
2024-11-25 00:00:00,51.0,79.75,3.42,2.65,4.15,10.0,3.82,0.78,11.4,,,,,,,,75.0,1.3,108.75,0.0,0.0,13.5,743.0,
2024-11-25 01:00:00,53.25,80.5,2.28,3.15,3.5,9.75,4.45,0.77,10.93,,,,,,,,74.75,1.32,98.0,0.0,0.0,13.5,742.0,
2024-11-25 02:00:00,53.5,84.25,2.38,4.5,4.32,10.12,4.42,0.79,11.3,,,,,,,,74.5,1.05,92.5,0.0,0.0,13.75,742.0,
2024-11-25 03:00:00,60.5,83.5,2.78,3.42,4.08,10.32,3.98,0.78,12.13,,,,,,,,75.25,0.92,72.25,0.0,0.0,13.75,741.25,
2024-11-25 04:00:00,61.25,89.75,4.38,5.28,6.4,11.4,4.9,0.78,15.03,,,,,,,,77.5,0.45,67.0,0.0,0.0,13.25,741.25,
2024-11-25 05:00:00,66.25,94.5,3.68,5.32,5.82,11.48,4.6,0.8,14.77,,,,,,,,81.0,0.43,100.5,0.0,0.0,12.5,742.0,
2024-11-25 06:00:00,64.75,98.0,4.12,6.45,6.8,11.82,4.8,0.82,14.9,,,,,,,,82.0,0.62,66.25,0.0,0.0,18.75,742.0,
2024-11-25 07:00:00,79.5,118.75,5.05,10.82,9.9,11.58,4.58,0.87,14.64,,,,,,,,81.0,0.78,77.0,0.0,0.0,51.0,742.75,
2024-11-25 08:00:00,91.25,139.5,7.12,10.42,11.35,11.55,5.05,0.92,13.69,,,,,,,,77.5,1.85,76.5,0.0,0.0,134.25,743.5,
2024-11-25 09:00:00,91.75,144.0,5.38,8.2,8.72,11.65,4.82,0.93,12.71,,,,,,,,75.0,2.38,76.25,0.0,0.0,172.5,744.0,
2024-11-25 10:00:00,80.5,128.5,4.47,9.75,8.82,12.38,7.23,0.95,17.15,,,,,,,,72.25,2.78,78.25,0.0,0.0,174.0,743.5,
2024-11-25 11:00:00,76.0,135.5,3.9,10.47,8.77,12.6,11.57,0.92,10.5,,,,,,,,69.0,2.7,103.75,0.0,0.0,141.75,743.0,
2024-11-25 12:00:00,75.0,137.75,3.2,9.2,7.47,12.4,9.65,0.92,10.3,,,,,,,,68.25,2.68,111.0,0.0,0.0,179.25,742.5,
2024-11-25 13:00:00,72.25,147.0,3.52,9.75,8.07,11.92,8.65,0.89,11.54,,,,,,,,67.75,3.05,97.5,0.0,0.0,129.25,742.0,
2024-11-25 14:00:00,74.0,142.0,3.47,12.1,9.25,11.6,14.15,0.88,12.92,,,,,,,,66.25,3.12,98.0,0.0,0.0,113.0,742.0,
2024-11-25 15:00:00,76.75,142.25,4.42,12.38,10.2,11.95,14.65,0.9,11.19,,,,,,,,71.25,2.75,78.5,0.0,0.0,47.75,741.25,
2024-11-25 16:00:00,77.25,134.25,2.92,9.12,7.28,11.95,9.05,0.95,13.06,,,,,,,,73.75,2.55,74.0,0.0,0.0,38.0,742.0,
2024-11-25 17:00:00,82.75,134.0,3.32,7.78,6.82,11.45,6.18,0.97,12.21,,,,,,,,74.0,2.3,78.0,0.0,0.0,22.0,742.0,
2024-11-25 18:00:00,88.0,132.0,2.95,7.95,6.62,11.45,3.7,1.02,13.42,,,,,,,,75.5,2.05,70.75,0.0,0.0,14.5,742.25,
2024-11-25 19:00:00,88.5,133.75,3.45,7.3,6.62,11.58,3.25,1.05,12.14,,,,,,,,78.5,1.72,72.75,0.0,0.0,12.5,743.0,
2024-11-25 20:00:00,89.5,128.5,3.28,9.2,7.58,12.58,5.15,1.03,15.25,,,,,,,,79.5,1.78,73.0,0.0,0.0,12.5,743.0,
2024-11-25 21:00:00,87.75,125.75,3.92,9.65,8.32,12.12,5.82,1.05,13.12,,,,,,,,80.0,1.48,67.25,0.0,0.0,12.5,743.0,
2024-11-25 22:00:00,77.25,113.5,4.18,6.65,6.95,10.45,3.1,0.98,14.75,,,,,,,,84.0,1.4,107.25,0.5,0.5,7.0,742.5,
2024-11-25 23:00:00,47.75,63.5,3.68,4.08,5.18,10.28,2.12,0.96,11.75,,,,,,,,85.75,1.55,98.5,0.0,0.0,4.5,742.0,
2024-11-26 00:00:00,44.75,67.25,3.88,5.05,5.85,9.95,3.62,0.95,12.92,,,,,,,,84.75,1.0,81.75,0.0,0.0,7.5,741.25,
2024-11-26 01:00:00,35.5,52.25,4.42,5.32,6.42,9.32,5.22,0.92,13.9,,,,,,,,84.0,1.18,75.75,0.0,0.0,7.75,741.0,
2024-11-26 02:00:00,27.25,41.5,5.45,5.05,7.1,9.0,4.03,0.88,14.56,,,,,,,,84.0,1.18,103.75,0.0,0.0,8.75,740.25,
2024-11-26 03:00:00,36.75,56.0,4.8,6.15,7.15,11.12,3.1,0.92,15.14,,,,,,,,85.75,0.98,66.75,0.0,0.0,8.75,740.0,
2024-11-26 04:00:00,72.25,95.25,4.47,5.5,6.55,12.18,5.55,0.88,19.43,,,,,,,,86.25,0.62,87.75,0.0,0.0,8.75,740.0,
2024-11-26 05:00:00,69.25,93.5,6.3,5.08,7.82,11.22,5.82,0.88,18.52,,,,,,,,87.0,0.48,55.0,0.0,0.0,8.75,740.0,
2024-11-26 06:00:00,56.25,85.25,6.55,7.8,9.48,13.75,4.05,0.89,33.1,,,,,,,,86.0,0.9,66.0,0.0,0.0,18.0,740.75,
2024-11-26 07:00:00,54.75,88.0,8.1,10.9,12.38,11.22,2.7,0.98,11.45,,,,,,,,86.0,1.1,71.0,0.0,0.0,33.0,741.5,
2024-11-26 08:00:00,75.5,115.25,7.75,11.92,12.68,11.45,3.1,1.01,19.88,,,,,,,,85.25,1.85,78.75,0.0,0.0,37.5,742.0,
2024-11-26 09:00:00,103.75,148.75,6.88,12.55,12.27,12.3,3.72,1.03,14.92,,,,,,,,84.25,2.48,78.0,0.25,0.25,26.0,742.0,
2024-11-26 10:00:00,103.0,139.0,6.92,8.38,10.1,12.2,3.97,1.09,18.93,,,,,,,,88.25,0.95,142.5,10.25,10.25,17.0,742.25,
2024-11-26 11:00:00,17.0,28.0,6.1,6.67,8.47,10.33,5.1,0.98,16.64,,,,,,,,89.0,1.95,120.75,3.75,3.75,17.75,742.0,
2024-11-26 12:00:00,15.25,24.25,5.93,6.43,8.3,9.53,4.95,0.97,11.64,,,,,,,,89.0,2.05,81.0,0.0,0.0,47.75,741.25,
2024-11-26 13:00:00,16.5,20.5,5.1,9.1,9.0,10.38,4.6,1.0,15.74,,,,,,,,89.0,2.17,81.25,0.0,0.0,38.5,740.0,
2024-11-26 14:00:00,36.0,43.0,4.38,10.38,9.07,10.95,5.55,1.0,13.5,,,,,,,,89.0,2.28,82.0,0.0,0.0,31.25,740.0,
2024-11-26 15:00:00,92.0,106.0,5.2,12.73,11.02,11.6,5.48,1.02,16.98,,,,,,,,88.25,2.02,93.75,0.0,0.0,28.25,740.0,
2024-11-26 16:00:00,91.25,106.75,4.5,10.68,9.35,12.6,4.12,1.02,12.92,,,,,,,,87.0,2.28,85.75,0.0,0.0,11.75,740.0,
2024-11-26 17:00:00,92.0,110.75,5.28,11.4,10.32,12.42,3.32,1.05,16.06,,,,,,,,86.75,1.9,87.75,0.0,0.0,5.0,740.0,
2024-11-26 18:00:00,99.0,120.5,5.35,10.58,9.95,12.28,2.98,1.09,18.57,,,,,,,,86.25,1.15,102.5,0.0,0.0,3.75,740.5,
2024-11-26 19:00:00,96.75,133.0,4.5,10.7,9.35,12.22,2.85,1.15,15.3,,,,,,,,87.75,0.88,166.5,0.0,0.0,3.5,741.0,
2024-11-26 20:00:00,105.25,128.0,3.28,10.85,8.45,11.95,4.15,1.16,16.48,,,,,,,,88.0,1.32,93.75,0.0,0.0,4.0,741.25,
2024-11-26 21:00:00,95.25,120.0,3.18,11.05,8.45,12.68,4.47,1.15,19.65,,,,,,,,88.25,1.27,100.0,0.5,0.5,3.75,742.0,
2024-11-26 22:00:00,89.0,109.5,4.22,7.55,7.45,12.18,3.8,1.11,16.02,,,,,,,,89.0,1.68,81.25,0.0,0.0,3.75,741.75,
2024-11-26 23:00:00,86.0,97.5,5.38,7.72,8.48,12.05,3.52,1.1,15.02,,,,,,,,89.0,0.85,103.75,0.0,0.0,4.0,741.0,
2024-11-27 00:00:00,79.75,98.75,4.65,3.7,5.72,11.08,4.8,1.01,13.68,,,,,,,,83.5,2.35,112.5,0.0,0.0,4.75,740.5,
2024-11-27 01:00:00,59.75,89.0,3.8,4.32,5.4,10.68,4.55,1.0,13.28,,,,,,,,81.25,2.22,99.75,0.0,0.0,5.0,740.0,
2024-11-27 02:00:00,58.25,88.25,3.55,2.88,4.42,10.78,3.18,0.97,12.28,,,,,,,,81.0,2.42,95.0,0.0,0.0,5.75,740.0,
2024-11-27 03:00:00,65.0,88.0,2.9,4.0,4.5,10.68,3.28,0.95,11.74,,,,,,,,80.0,2.42,99.5,0.0,0.0,5.75,740.0,
2024-11-27 04:00:00,67.0,94.25,4.0,1.7,4.18,11.5,3.75,0.92,14.52,,,,,,,,79.0,2.7,103.5,0.0,0.0,6.5,740.0,
2024-11-27 05:00:00,73.0,96.25,3.88,4.05,5.28,11.08,4.18,0.88,9.3,,,,,,,,79.5,3.28,101.75,0.0,0.0,5.5,740.0,
2024-11-27 06:00:00,74.0,98.5,4.32,3.78,5.52,11.48,4.65,0.89,11.45,,,,,,,,78.25,3.15,108.5,0.0,0.0,8.25,740.0,
2024-11-27 07:00:00,75.25,95.0,4.03,5.68,6.28,10.82,4.7,0.88,12.2,,,,,,,,75.25,3.15,103.5,0.0,0.0,28.25,740.75,
2024-11-27 08:00:00,69.0,99.5,3.88,5.72,6.18,11.08,4.35,0.88,11.48,,,,,,,,75.5,3.45,109.0,0.0,0.0,43.25,741.75,
2024-11-27 09:00:00,67.75,103.75,4.4,5.57,6.58,11.28,3.58,0.89,12.24,,,,,,,,75.0,3.05,116.25,0.0,0.0,66.25,742.0,
2024-11-27 10:00:00,71.5,103.25,4.42,4.85,6.18,12.65,4.27,0.95,13.08,,,,,,,,74.75,3.12,114.5,0.0,0.0,80.75,741.75,
2024-11-27 11:00:00,65.0,104.75,3.5,5.53,5.8,11.38,4.4,0.91,15.74,,,,,,,,74.0,2.9,124.0,0.0,0.0,98.0,741.0,
2024-11-27 12:00:00,58.0,104.25,1.9,7.37,5.47,10.17,5.05,0.93,10.72,,,,,,,,71.5,3.4,123.5,0.0,0.0,132.0,740.75,
2024-11-27 13:00:00,56.0,97.0,2.88,6.68,5.88,10.8,4.9,0.9,14.68,,,,,,,,71.75,3.52,107.25,0.0,0.0,93.25,740.0,
2024-11-27 14:00:00,59.0,100.0,3.15,7.15,6.38,10.95,4.92,0.88,13.26,,,,,,,,72.25,3.4,100.25,0.0,0.0,101.0,739.75,
2024-11-27 15:00:00,57.0,96.75,3.22,7.25,6.5,11.35,5.52,0.86,10.8,,,,,,,,73.75,3.25,97.5,0.0,0.0,74.25,739.0,
2024-11-27 16:00:00,52.75,93.5,2.9,10.68,8.02,10.85,5.9,0.86,15.44,,,,,,,,73.75,3.38,111.75,0.0,0.0,33.5,739.0,
2024-11-27 17:00:00,60.5,116.25,3.22,8.93,7.38,10.7,5.58,0.89,11.93,,,,,,,,72.5,3.72,117.75,0.0,0.0,14.25,739.75,
2024-11-27 18:00:00,66.25,127.5,3.8,8.05,7.38,10.35,5.95,0.88,13.52,,,,,,,,71.5,3.55,121.0,0.0,0.0,11.5,740.0,
2024-11-27 19:00:00,62.75,131.0,4.27,7.42,7.45,10.1,6.08,0.89,13.16,,,,,,,,72.25,3.72,120.25,0.0,0.0,11.5,740.5,
2024-11-27 20:00:00,65.0,125.5,3.38,8.95,7.52,10.18,6.38,0.86,13.63,,,,,,,,71.75,3.45,121.0,0.0,0.0,11.5,741.0,
2024-11-27 21:00:00,58.75,117.25,3.47,6.85,6.45,10.88,8.05,0.85,15.55,,,,,,,,70.5,3.42,118.5,0.0,0.0,11.0,741.0,
2024-11-27 22:00:00,66.75,115.0,3.08,7.3,6.38,10.45,7.65,0.86,11.33,,,,,,,,70.25,3.25,112.5,0.0,0.0,10.75,740.75,
2024-11-27 23:00:00,67.75,117.25,3.8,6.8,6.7,10.1,8.28,0.86,10.86,,,,,,,,72.75,2.85,93.0,0.0,0.0,10.75,740.0,
2024-11-28 00:00:00,75.75,122.0,4.82,5.98,7.1,10.85,7.9,0.86,11.68,,,,,,,,76.0,2.25,73.75,0.0,0.0,10.75,740.0,
2024-11-28 01:00:00,82.75,116.25,3.52,5.2,5.62,10.72,6.38,0.86,14.83,,,,,,,,77.75,1.25,83.25,0.0,0.0,11.25,740.0,
2024-11-28 02:00:00,82.25,120.5,5.08,5.52,7.05,11.22,5.38,0.87,14.77,,,,,,,,80.5,1.85,97.25,0.0,0.0,11.5,739.75,
2024-11-28 03:00:00,91.0,131.75,4.2,4.92,6.02,11.23,6.02,0.88,13.3,,,,,,,,80.0,2.45,91.0,0.0,0.0,11.75,739.0,
2024-11-28 04:00:00,87.0,131.0,3.88,4.3,5.42,11.48,4.35,0.87,10.99,,,,,,,,79.0,2.78,86.0,0.0,0.0,11.75,739.0,
2024-11-28 05:00:00,84.0,122.5,3.58,4.97,5.58,11.5,2.75,0.86,8.59,,,,,,,,77.75,3.32,82.25,0.0,0.0,11.25,739.25,
2024-11-28 06:00:00,85.25,125.0,3.4,4.88,5.35,10.92,4.3,0.89,11.08,,,,,,,,77.0,3.72,87.75,0.0,0.0,13.75,740.0,
2024-11-28 07:00:00,88.25,129.75,3.65,6.9,6.62,11.42,4.55,0.9,11.43,,,,,,,,76.5,4.03,87.5,0.0,0.0,26.25,740.0,
2024-11-28 08:00:00,84.75,136.25,3.12,9.6,7.65,10.98,6.02,0.9,11.82,,,,,,,,74.75,4.05,93.0,0.0,0.0,55.5,741.0,
2024-11-28 09:00:00,85.0,144.25,3.62,10.32,8.45,11.55,7.78,0.94,11.43,,,,,,,,72.75,4.08,93.75,0.0,0.0,119.0,741.0,
2024-11-28 10:00:00,97.25,161.0,3.95,8.93,7.98,12.95,8.23,1.0,12.13,,,,,,,,71.5,4.55,93.25,0.0,0.0,197.25,741.0,
2024-11-28 11:00:00,97.75,172.5,4.4,10.93,9.4,12.73,7.77,0.99,9.81,,,,,,,,70.5,4.75,91.0,0.0,0.0,180.5,740.5,
2024-11-28 12:00:00,97.25,168.25,2.93,8.07,6.7,11.93,6.42,1.0,11.59,,,,,,,,70.25,4.72,78.0,0.0,0.0,135.5,740.0,
2024-11-28 13:00:00,95.5,157.25,2.38,9.55,7.02,11.0,6.25,0.99,9.4,,,,,,,,71.0,4.35,86.0,0.0,0.0,104.0,739.25,
2024-11-28 14:00:00,88.0,149.0,2.42,7.5,5.95,11.7,5.15,0.96,8.13,,,,,,,,71.0,4.18,84.5,0.0,0.0,102.25,739.0,
2024-11-28 15:00:00,88.0,146.25,3.22,7.9,6.82,11.32,3.75,0.96,8.68,,,,,,,,71.75,4.32,83.0,0.0,0.0,58.25,739.0,
2024-11-28 16:00:00,86.75,140.25,3.38,8.3,7.15,11.73,6.3,0.95,9.35,,,,,,,,72.0,4.03,81.75,0.0,0.0,39.5,739.0,
2024-11-28 17:00:00,81.25,142.75,3.05,11.2,8.45,11.3,5.72,0.96,10.97,,,,,,,,73.5,3.45,80.25,0.0,0.0,17.5,739.5,
2024-11-28 18:00:00,76.0,127.0,4.1,7.1,7.12,11.15,5.0,0.96,9.85,,,,,,,,74.25,3.3,82.0,0.0,0.0,10.67,740.0,
2024-11-28 19:00:00,77.5,121.0,2.33,5.62,4.9,12.5,4.58,0.99,9.98,,,,,,,,74.75,3.15,79.75,0.0,0.0,13.25,740.0,
2024-11-28 20:00:00,80.75,127.75,2.02,6.25,4.97,10.72,4.4,0.98,10.26,,,,,,,,73.5,2.92,78.0,0.0,0.0,13.75,740.25,
2024-11-28 21:00:00,76.5,121.0,3.8,5.75,6.15,10.42,5.62,0.97,14.14,,,,,,,,74.25,2.88,74.75,0.0,0.0,13.5,741.0,
2024-11-28 22:00:00,74.25,117.0,2.45,5.62,4.97,11.28,2.8,0.97,12.12,,,,,,,,77.5,2.95,74.75,0.0,0.0,11.75,740.0,
2024-11-28 23:00:00,71.0,101.0,3.08,3.75,4.5,11.2,2.0,0.97,7.64,,,,,,,,84.5,2.68,80.25,0.25,0.25,6.75,740.0,
2024-11-29 00:00:00,65.5,86.5,3.9,4.9,5.8,10.78,2.08,0.95,7.48,,,,,,,,87.5,2.85,86.25,0.75,0.75,5.75,739.5,
2024-11-29 01:00:00,58.0,79.0,3.55,4.95,5.5,10.82,2.35,0.94,11.28,,,,,,,,88.5,3.0,76.0,2.5,2.5,4.25,739.0,
2024-11-29 02:00:00,58.0,63.0,3.0,5.8,5.55,10.12,1.92,0.92,6.84,,,,,,,,89.0,2.5,90.75,0.5,0.5,4.25,739.0,
2024-11-29 03:00:00,58.0,63.0,3.25,3.78,4.68,10.0,1.35,0.89,12.18,,,,,,,,89.75,2.28,88.75,2.0,2.0,4.0,738.75,
2024-11-29 04:00:00,,,3.45,2.8,4.3,12.1,2.15,0.88,10.17,,,,,,,,89.0,2.9,89.0,1.0,0.5,,738.5,
2024-11-29 05:00:00,,,,,,,,,,,,,,,,,,,,,0.0,,,
2024-11-29 06:00:00,,,,,,,4.45,0.92,21.37,,,,,,,,88.0,3.3,81.5,0.0,0.0,11.5,740.0,
2024-11-29 07:00:00,62.0,77.0,2.35,5.12,4.6,11.55,8.43,1.26,13.91,,,,,,,,87.5,2.95,93.5,0.0,0.0,25.5,740.0,
2024-11-29 08:00:00,62.5,74.75,3.8,8.48,7.6,11.7,5.88,0.89,13.98,,,,,,,,86.75,3.55,90.5,0.25,0.25,42.75,740.0,
2024-11-29 09:00:00,61.25,65.5,4.75,8.1,8.2,11.42,4.58,0.95,14.33,,,,,,,,87.25,3.65,95.25,0.0,0.0,91.25,740.0,
2024-11-29 10:00:00,54.5,61.75,4.55,7.72,7.78,13.02,4.8,0.97,18.06,,,,,,,,82.25,4.28,85.5,0.0,0.0,140.25,740.0,
2024-11-29 11:00:00,59.75,77.75,3.27,6.77,6.3,11.95,6.43,0.97,12.3,,,,,,,,79.75,4.0,96.0,0.0,0.0,132.25,740.0,
2024-11-29 12:00:00,62.0,93.75,5.2,9.8,9.43,11.7,5.6,0.92,9.67,,,,,,,,80.25,4.2,90.0,0.0,0.0,126.0,739.5,
2024-11-29 13:00:00,62.75,96.0,3.45,9.12,7.68,11.15,4.05,0.95,9.33,,,,,,,,85.75,2.95,93.5,0.25,0.25,30.5,739.0,
2024-11-29 14:00:00,65.5,90.0,3.78,9.2,7.98,11.35,3.22,0.9,8.45,,,,,,,,84.25,2.95,89.0,0.0,0.0,45.75,738.75,
2024-11-29 15:00:00,71.0,103.5,2.88,9.1,7.18,11.7,3.05,0.93,16.29,,,,,,,,81.75,2.75,82.0,0.0,0.0,35.0,738.25,
2024-11-29 16:00:00,80.25,112.25,4.75,11.75,10.1,11.18,2.78,0.94,14.03,,,,,,,,84.0,2.65,98.0,0.0,0.0,14.25,738.25,
2024-11-29 17:00:00,71.75,97.5,3.6,11.35,8.98,11.28,3.38,0.95,16.56,,,,,,,,83.5,3.32,106.25,0.0,0.0,4.75,738.5,
2024-11-29 18:00:00,71.5,94.5,4.62,10.25,9.18,11.12,3.98,0.95,15.23,,,,,,,,83.75,3.8,93.0,0.0,0.0,2.75,739.0,
2024-11-29 19:00:00,71.0,89.0,3.08,10.3,7.92,12.1,3.98,0.98,23.37,,,,,,,,86.75,3.35,90.5,0.25,0.25,2.33,739.5,
2024-11-29 20:00:00,65.0,86.0,3.4,8.15,7.1,11.1,2.88,0.94,15.52,,,,,,,,88.75,3.0,92.0,0.25,0.25,3.5,740.0,
2024-11-29 21:00:00,54.0,63.0,4.08,7.25,7.15,10.38,3.68,0.94,14.53,,,,,,,,88.5,2.95,85.25,0.0,0.0,2.75,740.0,
2024-11-29 22:00:00,50.25,59.25,3.25,5.92,5.78,10.68,6.38,0.94,16.29,,,,,,,,88.0,2.62,108.0,0.0,0.0,2.25,739.75,
2024-11-29 23:00:00,35.0,43.5,3.0,4.82,5.05,9.65,6.92,0.92,16.99,,,,,,,,87.75,2.82,97.0,0.0,0.0,2.75,739.0,
2024-11-30 00:00:00,23.0,30.0,3.78,4.55,5.5,9.1,5.0,0.87,13.78,,,,,,,,88.5,2.1,90.25,0.75,0.75,3.25,738.5,
2024-11-30 01:00:00,27.0,31.0,4.45,3.8,5.62,9.5,3.97,0.86,22.34,,,,,,,,89.0,2.88,98.0,0.25,0.25,2.75,737.5,
2024-11-30 02:00:00,30.0,36.75,2.45,4.22,4.25,9.9,1.48,0.86,11.15,,,,,,,,88.5,3.95,78.5,0.25,0.25,2.0,737.0,
2024-11-30 03:00:00,41.25,54.0,3.98,4.08,5.4,10.65,1.1,0.86,9.11,,,,,,,,88.25,3.95,81.5,0.25,0.25,3.0,736.25,
2024-11-30 04:00:00,46.75,52.25,3.72,4.35,5.35,10.92,2.85,0.82,11.0,,,,,,,,89.0,4.38,72.25,0.75,0.75,3.0,736.25,
2024-11-30 05:00:00,39.0,43.75,3.85,4.88,5.7,9.72,2.7,0.82,18.2,,,,,,,,89.5,3.88,93.5,2.75,2.75,3.75,737.0,
2024-11-30 06:00:00,27.25,33.0,2.42,4.82,4.58,9.07,3.28,0.8,12.43,,,,,,,,90.0,4.25,114.25,2.75,2.75,3.5,736.0,
2024-11-30 07:00:00,25.5,28.5,3.0,3.25,4.18,9.65,4.2,0.78,13.95,,,,,,,,91.0,5.2,100.75,2.75,2.75,4.75,736.0,
2024-11-30 08:00:00,18.0,24.0,4.15,4.28,5.65,9.12,2.42,0.79,13.99,,,,,,,,91.0,4.55,122.5,4.75,4.75,7.5,736.25,
2024-11-30 09:00:00,,,3.22,4.47,5.03,9.15,1.62,0.78,18.75,,,,,,,,91.0,4.32,95.75,6.5,6.5,12.25,736.0,
2024-11-30 10:00:00,,,3.2,4.0,4.68,10.88,3.3,0.78,16.82,,,,,,,,91.0,4.07,93.5,1.25,1.25,13.25,736.0,
2024-11-30 11:00:00,,,3.9,4.63,5.67,10.4,5.1,0.78,17.88,,,,,,,,91.0,5.18,95.75,1.5,1.5,13.75,734.5,
2024-11-30 12:00:00,,,4.67,3.33,5.6,9.73,4.85,0.74,19.88,,,,,,,,91.0,5.1,95.0,2.5,2.5,17.25,733.5,
2024-11-30 13:00:00,,,4.12,5.42,6.25,8.82,4.42,0.73,5.1,,,,,,,,91.0,3.72,117.25,1.25,1.25,32.0,733.0,
2024-11-30 14:00:00,,,3.77,4.17,5.23,9.43,5.13,0.7,12.31,,,,,,,,90.0,4.4,111.0,0.67,0.5,11.0,732.33,
2024-11-30 15:00:00,,,5.35,1.63,5.25,10.8,4.47,0.82,19.56,,,,,,,,86.33,4.67,100.33,0.0,0.0,15.67,732.0,
2024-11-30 16:00:00,5.0,16.0,4.3,3.6,5.45,9.2,5.42,0.79,20.93,,,,,,,,85.5,4.88,107.25,0.0,0.0,7.0,732.25,
2024-11-30 17:00:00,6.25,18.75,4.72,5.2,6.6,8.77,4.07,0.76,26.41,,,,,,,,83.5,4.85,106.5,0.0,0.0,2.75,733.0,
2024-11-30 18:00:00,11.25,27.5,5.2,2.65,5.65,9.52,1.38,0.7,21.16,,,,,,,,83.0,5.05,116.5,0.0,0.0,1.75,734.0,
2024-11-30 19:00:00,13.5,26.5,4.7,2.35,5.08,9.35,0.78,0.71,15.5,,,,,,,,83.25,5.15,118.75,0.0,0.0,1.75,734.5,
2024-11-30 20:00:00,8.0,18.0,3.52,3.28,4.6,9.0,4.42,0.7,13.89,,,,,,,,85.0,5.22,118.25,0.5,0.5,1.75,735.25,
2024-11-30 21:00:00,5.0,14.25,3.9,3.7,5.1,8.93,5.72,0.69,11.38,,,,,,,,85.5,2.95,137.75,0.0,0.0,1.75,736.0,
2024-11-30 22:00:00,5.0,12.25,4.65,1.9,4.78,9.07,2.68,0.66,41.6,,,,,,,,85.5,3.08,134.0,0.0,0.0,1.33,736.0,
2024-11-30 23:00:00,5.0,13.0,5.13,3.37,5.97,10.97,2.17,0.68,26.2,,,,,,,,84.67,2.4,149.0,0.0,0.0,2.0,736.0,
2024-12-01 00:00:00,5.0,12.0,5.62,3.4,6.4,8.4,2.45,0.64,29.78,,,,,,,,85.0,1.92,164.0,0.0,0.0,1.75,736.0,
2024-12-01 01:00:00,5.0,9.5,4.93,4.2,4.97,8.22,3.05,0.65,7.77,,,,,,,,84.5,1.8,170.5,0.0,0.0,1.75,735.0,
2024-12-01 02:00:00,5.0,11.5,4.38,3.08,5.18,8.72,3.15,0.66,9.3,,,,,,,,84.75,1.65,179.25,0.0,0.0,1.75,735.0,
2024-12-01 03:00:00,5.0,12.75,5.3,2.78,5.8,8.28,2.92,0.66,10.3,,,,,,,,85.0,1.68,181.5,0.0,0.0,1.75,734.75,
2024-12-01 04:00:00,5.0,13.5,4.58,1.77,4.35,8.45,3.2,0.64,15.66,,,,,,,,85.5,1.68,181.5,0.0,0.0,1.75,735.0,
2024-12-01 05:00:00,5.0,17.0,5.18,3.72,6.22,8.45,3.75,0.65,15.47,,,,,,,,84.75,1.7,184.0,0.0,0.0,1.75,735.5,
2024-12-01 06:00:00,5.0,13.75,6.95,1.2,6.28,8.52,3.25,0.65,11.26,,,,,,,,84.0,1.72,195.75,0.0,0.0,9.0,736.0,
2024-12-01 07:00:00,5.0,13.75,5.5,3.12,6.18,8.38,3.35,0.7,34.67,,,,,,,,84.0,1.72,194.5,0.0,0.0,34.75,737.0,
2024-12-01 08:00:00,5.0,16.75,6.15,4.03,7.15,8.3,4.25,0.71,16.19,,,,,,,,83.75,1.92,198.75,0.0,0.0,82.75,737.0,
2024-12-01 09:00:00,5.25,18.5,4.92,4.82,6.57,8.95,5.18,0.72,12.62,,,,,,,,80.25,2.3,201.75,0.0,0.0,193.25,738.0,
2024-12-01 10:00:00,5.67,18.75,4.95,3.58,5.92,10.28,5.6,0.74,9.67,,,,,,,,79.5,2.5,240.5,0.0,0.0,187.25,737.75,
2024-12-01 11:00:00,5.0,24.75,6.17,4.2,7.23,9.6,6.67,0.74,5.99,,,,,,,,80.0,2.6,268.25,0.0,0.0,182.25,737.25,
2024-12-01 12:00:00,5.0,26.0,6.03,3.63,6.8,8.73,3.48,0.73,16.17,,,,,,,,80.75,3.0,279.5,0.0,0.0,137.25,737.0,
2024-12-01 13:00:00,5.0,21.5,5.65,2.95,6.18,8.2,0.98,0.73,14.91,,,,,,,,81.0,2.35,277.0,0.0,0.0,92.5,736.0,
2024-12-01 14:00:00,5.0,18.25,5.32,2.68,5.75,8.68,3.68,0.7,9.17,,,,,,,,80.0,2.75,293.75,0.0,0.0,144.75,736.0,
2024-12-01 15:00:00,5.0,20.75,5.72,4.05,6.8,8.2,4.22,0.72,20.06,,,,,,,,80.25,2.18,287.0,0.0,0.0,75.0,736.0,
2024-12-01 16:00:00,5.0,19.0,7.0,3.18,7.38,8.02,5.95,0.72,9.19,,,,,,,,81.25,2.25,288.5,0.0,0.0,23.0,736.0,
2024-12-01 17:00:00,6.5,24.0,6.1,4.3,7.28,8.45,6.65,0.74,13.84,,,,,,,,83.0,2.52,286.75,0.0,0.0,5.75,736.0,
2024-12-01 18:00:00,10.75,21.25,4.9,6.02,7.2,8.05,3.92,0.72,14.25,,,,,,,,82.5,2.38,301.0,0.0,0.0,3.75,737.0,
2024-12-01 19:00:00,11.5,25.0,6.3,2.85,6.62,8.6,3.25,0.76,15.22,,,,,,,,84.0,0.72,283.0,0.0,0.0,3.75,737.0,
2024-12-01 20:00:00,16.5,31.25,4.85,4.18,6.15,8.17,4.28,0.73,16.08,,,,,,,,85.25,0.88,308.0,0.0,0.0,2.5,738.0,
2024-12-01 21:00:00,16.25,22.75,5.62,4.3,6.85,8.48,4.68,0.73,17.99,,,,,,,,85.0,0.95,289.5,0.0,0.0,2.5,738.0,
2024-12-01 22:00:00,12.5,23.25,6.5,3.62,7.2,8.7,5.22,0.73,11.38,,,,,,,,84.25,1.27,285.25,0.0,0.0,2.75,738.0,
2024-12-01 23:00:00,15.5,25.5,6.25,3.42,6.9,8.18,5.2,0.74,12.98,,,,,,,,85.25,1.05,292.0,0.0,0.0,2.5,738.0,
2024-12-02 00:00:00,9.5,20.0,6.38,3.95,7.32,8.35,4.08,0.71,10.67,,,,,,,,85.75,0.4,307.0,0.0,0.0,2.0,738.0,
2024-12-02 01:00:00,8.0,19.75,6.28,3.45,6.9,8.38,2.55,0.71,10.64,,,,,,,,86.5,0.32,271.75,0.0,0.0,2.0,737.0,
2024-12-02 02:00:00,18.0,26.5,7.8,4.03,8.48,8.7,7.55,0.71,16.81,,,,,,,,86.0,0.3,315.0,0.0,0.0,2.25,737.0,
2024-12-02 03:00:00,21.0,23.25,7.93,3.7,8.4,8.98,9.28,0.72,15.24,,,,,,,,86.5,0.3,324.75,0.0,0.0,2.25,737.0,
2024-12-02 04:00:00,20.75,27.5,8.02,5.22,9.32,8.25,3.25,0.73,11.37,,,,,,,,86.25,0.3,222.75,0.0,0.0,2.0,737.0,
2024-12-02 05:00:00,21.5,29.75,8.18,4.82,9.22,8.85,0.9,0.74,16.27,,,,,,,,87.25,0.45,256.25,0.25,0.25,2.25,737.5,
2024-12-02 06:00:00,28.0,33.25,8.25,7.98,10.92,8.12,4.97,0.78,4.66,,,,,,,,88.0,0.3,228.75,0.5,0.5,8.25,738.0,
2024-12-02 07:00:00,30.75,39.25,9.15,7.42,11.42,9.18,7.12,0.82,17.04,,,,,,,,86.5,0.4,236.25,0.0,0.0,40.5,739.0,
2024-12-02 08:00:00,18.5,42.75,8.12,5.8,9.68,8.62,5.3,0.8,14.09,,,,,,,,82.25,0.95,237.5,0.0,0.0,113.5,739.75,
2024-12-02 09:00:00,14.75,38.25,7.72,4.22,8.55,9.2,4.77,0.81,8.51,,,,,,,,79.5,1.65,226.5,0.0,0.0,227.0,740.0,
2024-12-02 10:00:00,28.5,57.0,7.4,5.75,9.02,11.2,5.1,0.85,8.36,,,,,,,,80.5,2.02,270.5,0.0,0.0,133.25,740.0,
2024-12-02 11:00:00,35.0,68.25,6.63,5.2,8.17,10.85,5.2,0.83,31.56,,,,,,,,77.25,2.0,271.25,0.0,0.0,302.0,740.0,
2024-12-02 12:00:00,30.5,75.0,8.1,2.93,8.17,10.73,4.95,0.78,15.86,,,,,,,,77.5,2.0,267.0,0.0,0.0,225.5,739.5,
2024-12-02 13:00:00,28.75,72.75,5.6,3.85,6.68,10.07,4.32,0.77,22.75,,,,,,,,79.0,3.3,262.5,0.0,0.0,203.5,739.0,
2024-12-02 14:00:00,35.5,69.75,6.4,4.15,7.38,10.18,3.4,0.73,20.45,,,,,,,,79.5,2.3,270.0,0.0,0.0,132.75,739.0,
2024-12-02 15:00:00,31.25,81.0,5.85,4.7,7.28,9.82,3.2,0.72,19.3,,,,,,,,80.5,2.7,278.5,0.0,0.0,84.0,739.0,
2024-12-02 16:00:00,30.75,79.5,5.22,4.18,6.5,10.3,2.75,0.72,15.79,,,,,,,,82.0,1.75,263.75,0.0,0.0,35.25,739.0,
2024-12-02 17:00:00,27.5,74.75,6.02,5.28,7.7,8.95,2.78,0.73,18.0,,,,,,,,83.5,1.48,257.25,0.0,0.0,8.5,739.0,
2024-12-02 18:00:00,30.0,75.0,6.12,3.82,7.0,9.62,2.85,0.76,15.75,,,,,,,,84.0,1.32,253.75,0.0,0.0,4.0,739.75,
2024-12-02 19:00:00,33.25,74.75,6.62,4.1,7.57,9.78,2.35,0.77,17.23,,,,,,,,84.25,1.27,249.5,0.0,0.0,3.75,740.0,
2024-12-02 20:00:00,35.25,64.5,5.7,4.38,6.95,9.9,3.4,0.75,14.66,,,,,,,,85.0,0.82,257.25,0.0,0.0,3.75,740.25,
2024-12-02 21:00:00,35.75,61.75,7.68,3.8,8.25,9.38,2.12,0.75,17.04,,,,,,,,85.0,0.6,252.75,0.0,0.0,3.75,741.0,
2024-12-02 22:00:00,26.25,57.75,7.2,2.77,6.95,9.6,2.7,0.73,15.48,,,,,,,,85.0,0.78,244.25,0.0,0.0,3.75,741.0,
2024-12-02 23:00:00,25.75,56.25,6.65,3.92,7.5,9.43,2.8,0.72,6.49,,,,,,,,85.25,0.62,246.75,0.0,0.0,3.75,740.75,
2024-12-03 00:00:00,23.75,53.0,6.95,2.48,6.93,9.45,2.85,0.73,13.39,,,,,,,,86.0,0.6,245.25,0.0,0.0,3.75,740.0,
2024-12-03 01:00:00,29.5,50.0,6.9,2.68,7.02,9.12,3.72,0.72,13.25,,,,,,,,86.0,0.6,251.0,0.0,0.0,3.75,740.0,
2024-12-03 02:00:00,29.5,49.25,8.15,1.38,7.38,9.62,4.4,0.68,19.92,,,,,,,,86.0,0.6,262.75,0.0,0.0,4.0,740.0,
2024-12-03 03:00:00,25.75,45.75,7.7,1.78,7.2,9.52,4.9,0.67,14.9,,,,,,,,86.0,0.55,248.5,0.0,0.0,3.75,740.0,
2024-12-03 04:00:00,29.5,43.75,6.28,2.2,6.3,9.3,2.12,0.68,9.71,,,,,,,,85.5,0.85,273.75,0.0,0.0,3.75,740.0,
2024-12-03 05:00:00,32.75,48.75,6.6,3.02,7.0,9.2,1.58,0.68,17.67,,,,,,,,84.25,1.05,267.25,0.0,0.0,3.75,740.0,
2024-12-03 06:00:00,28.5,46.25,6.45,4.5,7.62,9.8,2.52,0.69,13.39,,,,,,,,85.0,0.65,268.0,0.0,0.0,8.75,740.75,
2024-12-03 07:00:00,29.75,45.75,7.72,6.85,9.95,9.35,3.32,0.73,16.28,,,,,,,,83.5,0.57,221.75,0.0,0.0,59.5,741.25,
2024-12-03 08:00:00,36.75,60.5,9.88,6.92,11.72,9.0,1.75,0.73,15.86,,,,,,,,79.25,1.35,248.75,0.0,0.0,155.75,742.0,
2024-12-03 09:00:00,32.5,63.25,7.85,5.32,9.2,9.3,1.12,0.74,15.92,,,,,,,,75.0,1.42,240.5,0.0,0.0,245.25,743.0,
2024-12-03 10:00:00,30.25,68.25,8.32,4.32,9.05,10.32,3.73,0.78,15.41,,,,,,,,73.25,1.7,245.0,0.0,0.0,281.0,743.0,
2024-12-03 11:00:00,30.0,72.25,5.13,5.33,7.0,10.65,4.97,0.73,17.2,,,,,,,,73.0,1.98,230.25,0.0,0.0,322.75,742.75,
2024-12-03 12:00:00,32.5,70.0,4.6,2.2,4.87,9.57,4.18,0.72,15.72,,,,,,,,73.0,1.48,202.75,0.0,0.0,278.0,742.0,
2024-12-03 13:00:00,22.75,60.0,5.38,2.6,5.75,8.7,3.98,0.7,15.78,,,,,,,,73.5,1.25,180.0,0.0,0.0,280.5,741.25,
2024-12-03 14:00:00,23.25,55.75,6.78,2.28,6.75,9.35,1.88,0.65,15.67,,,,,,,,72.25,1.0,160.5,0.0,0.0,252.75,741.0,
2024-12-03 15:00:00,17.75,53.25,6.42,3.5,7.08,8.43,1.15,0.65,16.1,,,,,,,,74.75,0.85,208.25,0.0,0.0,129.0,741.0,
2024-12-03 16:00:00,19.0,57.5,8.0,2.85,8.02,8.35,1.68,0.66,15.92,,,,,,,,75.25,0.5,129.0,0.0,0.0,73.25,741.0,
2024-12-03 17:00:00,25.25,62.75,7.25,4.32,8.2,8.62,2.2,0.66,15.75,,,,,,,,78.75,0.35,129.25,0.0,0.0,16.0,741.0,
2024-12-03 18:00:00,26.25,71.5,7.85,3.78,8.4,8.82,3.78,0.72,15.2,,,,,,,,81.25,0.38,120.0,0.0,0.0,5.75,741.75,
2024-12-03 19:00:00,28.0,63.5,7.45,5.6,9.02,8.68,4.53,0.73,15.2,,,,,,,,82.0,0.35,122.0,0.0,0.0,5.75,742.0,
2024-12-03 20:00:00,29.5,61.25,8.0,4.72,9.02,9.12,2.38,0.72,14.55,,,,,,,,82.25,0.3,94.0,0.0,0.0,5.5,742.25,
2024-12-03 21:00:00,23.25,57.75,8.45,5.08,9.6,9.32,1.75,0.72,16.21,,,,,,,,83.25,0.3,93.0,0.0,0.0,4.75,743.0,
2024-12-03 22:00:00,19.0,54.0,9.02,3.45,9.22,8.5,3.48,0.71,16.47,,,,,,,,83.25,0.35,95.75,0.0,0.0,4.75,743.0,
2024-12-03 23:00:00,21.0,52.0,9.43,4.0,9.82,8.93,3.4,0.71,16.37,,,,,,,,84.0,0.3,69.25,0.0,0.0,5.75,742.0,
2024-12-04 00:00:00,18.75,45.0,9.4,5.12,10.35,8.68,3.9,0.71,18.72,,,,,,,,84.0,0.3,69.5,0.0,0.0,5.75,742.0,
2024-12-04 01:00:00,21.25,42.25,10.2,6.25,11.62,8.62,3.9,0.7,14.66,,,,,,,,85.0,0.3,70.75,0.0,0.0,5.75,741.75,
2024-12-04 02:00:00,21.75,42.25,8.78,5.18,9.9,9.5,4.35,0.68,16.9,,,,,,,,85.0,0.3,71.0,0.0,0.0,5.5,741.0,
2024-12-04 03:00:00,19.75,37.75,10.4,4.65,10.92,8.98,5.05,0.67,18.8,,,,,,,,85.25,0.3,71.75,0.0,0.0,5.0,741.0,
2024-12-04 04:00:00,16.5,32.75,11.72,3.45,11.4,9.45,4.22,0.66,16.87,,,,,,,,86.0,0.3,78.25,0.0,0.0,4.75,741.0,
2024-12-04 05:00:00,17.0,36.75,10.12,4.35,10.58,8.85,4.08,0.66,15.65,,,,,,,,86.0,0.3,73.25,0.0,0.0,4.75,741.25,
2024-12-04 06:00:00,16.25,36.0,12.02,5.92,12.9,9.48,4.35,0.72,15.84,,,,,,,,86.75,0.3,70.0,0.0,0.0,9.25,741.75,
2024-12-04 07:00:00,29.5,56.0,15.92,12.38,19.52,9.62,4.85,0.84,16.53,,,,,,,,87.0,0.3,70.75,0.0,0.0,22.0,742.25,
2024-12-04 08:00:00,52.0,88.0,18.12,11.8,20.98,9.38,3.68,0.92,16.93,,,,,,,,83.25,0.3,69.75,0.0,0.0,131.0,743.0,
2024-12-04 09:00:00,53.75,80.5,16.68,9.32,18.52,9.72,3.82,0.88,13.69,,,,,,,,75.5,0.3,97.0,0.0,0.0,216.0,743.75,
2024-12-04 10:00:00,32.0,67.0,13.2,3.68,12.7,10.1,4.53,0.79,22.9,,,,,,,,68.0,0.5,74.5,0.0,0.0,315.5,744.0,
2024-12-04 11:00:00,15.0,22.0,11.13,4.67,11.57,9.8,4.5,0.73,17.76,,,,,,,,67.75,0.62,105.25,0.0,0.0,334.75,743.0,
2024-12-04 12:00:00,17.75,23.5,6.93,4.57,8.07,9.43,4.3,0.71,18.11,,,,,,,,68.25,0.7,169.25,0.0,0.0,346.0,742.5,
2024-12-04 13:00:00,21.25,25.5,5.95,3.5,6.7,7.5,3.1,0.67,16.98,,,,,,,,69.75,0.88,131.25,0.0,0.0,302.5,742.0,
2024-12-04 14:00:00,6.5,17.25,5.55,3.65,6.42,7.38,6.5,0.64,16.05,,,,,,,,70.25,1.0,151.25,0.0,0.0,259.75,741.0,
2024-12-04 15:00:00,5.0,17.75,8.22,5.25,9.5,7.0,7.92,0.64,18.83,,,,,,,,73.25,1.9,155.25,0.0,0.0,160.0,741.0,
2024-12-04 16:00:00,5.0,26.5,7.28,3.3,7.68,7.25,6.05,0.65,16.49,,,,,,,,72.75,0.8,134.0,0.0,0.0,96.25,741.0,
2024-12-04 17:00:00,5.0,25.75,8.12,3.08,8.25,7.4,4.42,0.65,17.08,,,,,,,,77.5,0.55,102.5,0.0,0.0,19.0,741.0,
2024-12-04 18:00:00,5.0,19.75,8.3,3.18,8.43,7.48,2.45,0.67,16.37,,,,,,,,81.0,0.48,85.25,0.0,0.0,6.5,742.0,
2024-12-04 19:00:00,5.0,19.75,9.2,2.62,8.9,7.65,1.88,0.67,16.61,,,,,,,,83.5,0.48,126.25,1.5,1.5,4.0,742.0,
2024-12-04 20:00:00,5.25,12.0,8.7,3.18,8.78,7.05,3.68,0.65,16.16,,,,,,,,85.25,0.55,149.0,0.0,0.0,1.0,742.75,
2024-12-04 21:00:00,6.0,9.0,7.85,5.15,9.1,6.55,3.48,0.68,18.44,,,,,,,,84.75,0.3,110.5,0.0,0.0,1.5,743.0,
2024-12-04 22:00:00,11.0,13.0,10.65,5.75,11.75,7.4,4.1,0.72,18.45,,,,,,,,84.5,0.3,97.0,0.0,0.0,1.75,743.0,
2024-12-04 23:00:00,10.0,15.75,10.7,6.45,12.12,7.9,4.2,0.74,16.46,,,,,,,,85.25,0.3,84.0,0.0,0.0,2.5,743.0,
2024-12-05 00:00:00,6.5,22.5,11.62,6.85,13.1,7.57,5.95,0.72,16.32,,,,,,,,86.0,0.3,84.0,0.0,0.0,2.75,742.25,
2024-12-05 01:00:00,5.25,19.5,14.85,7.4,16.0,7.62,6.68,0.77,15.56,,,,,,,,87.25,0.3,84.0,0.0,0.0,2.75,742.0,
2024-12-05 02:00:00,6.25,23.75,23.78,8.8,24.05,8.28,4.97,0.84,13.1,,,,,,,,88.0,0.3,84.0,0.0,0.0,3.0,741.75,
2024-12-05 03:00:00,9.25,26.25,28.9,7.68,27.58,8.5,4.03,0.87,16.44,,,,,,,,88.5,0.3,84.0,0.0,0.0,2.75,741.0,
2024-12-05 04:00:00,17.25,34.0,26.38,7.08,25.2,8.18,4.22,0.84,18.01,,,,,,,,89.0,0.3,84.0,0.0,0.0,2.75,741.0,
2024-12-05 05:00:00,19.75,26.75,25.8,5.1,23.72,8.68,4.75,0.83,13.11,,,,,,,,88.75,0.3,84.75,0.0,0.0,2.75,742.0,
2024-12-05 06:00:00,16.5,26.0,26.05,7.98,25.45,8.02,5.1,0.86,16.68,,,,,,,,88.0,0.3,77.0,0.0,0.0,10.25,742.25,
2024-12-05 07:00:00,18.75,36.25,26.0,6.52,24.58,8.98,4.95,0.87,16.03,,,,,,,,86.5,0.3,84.75,0.0,0.0,35.25,743.0,
2024-12-05 08:00:00,20.25,47.0,23.15,7.07,22.6,9.12,5.35,0.9,14.47,,,,,,,,79.5,0.3,86.75,0.0,0.0,157.25,744.0,
2024-12-05 09:00:00,20.75,62.0,23.08,7.15,22.55,9.52,7.08,0.89,18.4,,,,,,,,75.25,0.3,102.75,0.0,0.0,155.5,744.0,
2024-12-05 10:00:00,26.75,73.5,19.45,7.9,20.0,9.8,7.73,0.82,19.38,,,,,,,,69.75,0.5,133.5,0.0,0.0,357.75,744.25,
2024-12-05 11:00:00,17.5,157.25,11.27,5.47,12.03,8.2,4.63,0.72,22.3,,,,,,,,67.5,0.55,180.75,0.0,0.0,358.5,744.0,
2024-12-05 12:00:00,8.75,112.75,8.63,2.27,8.2,8.33,2.45,0.68,17.6,,,,,,,,68.25,0.72,187.5,0.0,0.0,353.75,743.25,
2024-12-05 13:00:00,5.0,19.75,7.38,3.05,7.65,7.05,1.75,0.63,17.24,,,,,,,,67.0,0.6,186.5,0.0,0.0,320.5,742.75,
2024-12-05 14:00:00,5.0,15.25,5.5,3.38,6.28,7.22,4.97,0.56,16.66,,,,,,,,67.75,0.65,197.75,0.0,0.0,259.25,742.0,
2024-12-05 15:00:00,5.0,24.5,6.8,1.98,6.58,7.42,5.18,0.55,16.0,,,,,,,,68.75,0.52,180.0,0.0,0.0,177.25,742.0,
2024-12-05 16:00:00,5.0,32.75,6.48,3.22,7.0,6.78,3.72,0.59,18.39,,,,,,,,71.0,0.45,163.0,0.0,0.0,86.5,742.0,
2024-12-05 17:00:00,5.0,32.0,5.22,3.72,6.22,7.1,3.32,0.62,17.72,,,,,,,,76.25,0.35,151.0,0.0,0.0,15.5,742.0,
2024-12-05 18:00:00,5.25,26.25,6.72,4.45,7.82,7.08,4.92,0.63,16.7,,,,,,,,79.5,0.3,98.0,0.0,0.0,6.5,742.0,
2024-12-05 19:00:00,6.0,31.5,9.0,3.52,9.22,7.15,5.58,0.64,17.05,,,,,,,,80.0,0.3,100.5,0.0,0.0,6.5,743.0,
2024-12-05 20:00:00,6.25,20.5,9.55,7.08,11.5,7.18,6.5,0.67,17.57,,,,,,,,80.25,0.3,63.75,0.0,0.0,5.75,743.0,
2024-12-05 21:00:00,6.75,29.0,11.25,4.85,11.75,7.65,6.48,0.69,17.5,,,,,,,,81.0,0.3,59.0,0.0,0.0,5.75,743.0,
2024-12-05 22:00:00,6.75,32.75,11.58,5.72,12.5,7.93,6.05,0.7,17.56,,,,,,,,81.75,0.3,60.25,0.0,0.0,5.75,743.0,
2024-12-05 23:00:00,8.5,41.25,13.1,7.88,14.88,8.07,4.77,0.76,16.16,,,,,,,,83.0,0.3,61.25,0.0,0.0,5.75,743.0,
2024-12-06 00:00:00,9.75,65.75,18.9,9.45,20.42,7.6,3.3,0.83,16.75,,,,,,,,84.25,0.3,61.5,0.0,0.0,5.75,742.75,
2024-12-06 01:00:00,17.25,77.5,18.38,8.9,19.68,8.05,3.65,0.81,16.53,,,,,,,,85.5,0.3,59.25,0.0,0.0,5.75,742.25,
2024-12-06 02:00:00,13.5,55.25,18.3,7.62,18.92,8.2,4.58,0.78,18.16,,,,,,,,86.75,0.3,59.75,0.0,0.0,5.75,742.0,
2024-12-06 03:00:00,8.25,40.25,21.88,6.3,21.12,8.35,6.22,0.78,16.0,,,,,,,,87.75,0.3,59.75,0.0,0.0,5.75,742.0,
2024-12-06 04:00:00,8.0,51.75,30.22,6.4,27.98,9.05,4.85,0.79,19.38,,,,,,,,88.0,0.3,60.25,0.0,0.0,5.5,742.0,
2024-12-06 05:00:00,14.75,63.25,30.45,6.95,28.45,8.98,4.15,0.8,16.46,,,,,,,,88.75,0.3,62.25,0.0,0.0,5.25,742.0,
2024-12-06 06:00:00,17.25,54.25,27.25,7.75,26.25,9.62,3.42,0.79,18.55,,,,,,,,89.0,0.3,59.0,0.0,0.0,14.0,742.5,
2024-12-06 07:00:00,24.25,58.0,28.78,6.78,27.0,9.72,3.15,0.83,18.27,,,,,,,,87.75,0.3,65.75,0.0,0.0,32.25,743.0,
2024-12-06 08:00:00,43.5,74.75,26.45,8.95,26.28,9.45,5.18,0.88,16.57,,,,,,,,83.75,0.3,120.0,0.0,0.0,100.0,744.0,
2024-12-06 09:00:00,41.75,70.75,23.22,7.75,23.02,10.62,7.4,0.86,15.37,,,,,,,,75.0,0.43,134.5,0.0,0.0,223.0,744.75,
2024-12-06 10:00:00,31.75,69.75,21.38,7.0,21.12,10.5,7.23,0.87,16.89,,,,,,,,72.75,0.32,133.25,0.0,0.0,172.0,744.0,
2024-12-06 11:00:00,26.75,65.5,19.37,6.27,19.1,9.75,8.07,0.81,17.02,,,,,,,,67.5,0.62,255.0,0.0,0.0,360.0,744.0,
2024-12-06 12:00:00,13.0,49.75,16.3,2.13,14.37,10.6,3.25,0.79,18.14,,,,,,,,68.0,0.62,247.0,0.0,0.0,347.75,743.25,
2024-12-06 13:00:00,9.0,31.75,13.88,2.35,12.55,9.43,1.25,0.75,17.9,,,,,,,,68.0,0.78,235.5,0.0,0.0,308.75,742.5,
2024-12-06 14:00:00,6.75,25.5,13.7,3.35,12.95,8.93,4.53,0.71,19.16,,,,,,,,68.25,0.62,235.5,0.0,0.0,241.75,742.0,
2024-12-06 15:00:00,9.75,34.75,12.78,3.32,12.15,8.9,5.55,0.7,16.02,,,,,,,,70.75,0.92,208.25,0.0,0.0,172.5,741.5,
2024-12-06 16:00:00,12.0,51.5,13.3,3.28,12.55,8.98,5.5,0.68,16.12,,,,,,,,74.5,0.98,213.25,0.0,0.0,84.5,741.25,
2024-12-06 17:00:00,11.25,32.75,12.12,4.45,12.23,9.38,5.62,0.68,17.86,,,,,,,,77.75,0.4,225.25,0.0,0.0,14.25,741.5,
2024-12-06 18:00:00,8.5,35.5,11.42,2.55,10.65,9.22,2.3,0.71,19.24,,,,,,,,79.75,0.32,213.0,0.0,0.0,6.75,742.0,
2024-12-06 19:00:00,7.5,36.5,11.68,3.58,11.4,9.35,1.25,0.72,17.42,,,,,,,,80.5,0.3,188.5,0.0,0.0,6.75,742.5,
2024-12-06 20:00:00,9.0,34.5,11.55,4.47,11.82,9.12,2.3,0.73,17.74,,,,,,,,80.75,0.3,181.25,0.0,0.0,6.25,743.0,
2024-12-06 21:00:00,9.5,36.25,12.25,4.78,12.52,8.78,2.45,0.71,20.06,,,,,,,,80.5,0.3,198.0,0.0,0.0,5.75,743.0,
2024-12-06 22:00:00,10.75,46.25,12.85,4.28,12.7,8.2,5.32,0.69,15.56,,,,,,,,81.5,0.3,193.0,0.0,0.0,5.75,743.0,
2024-12-06 23:00:00,9.25,41.75,12.5,3.2,11.88,8.45,7.08,0.68,17.67,,,,,,,,82.0,0.3,155.25,0.0,0.0,5.75,743.0,
2024-12-07 00:00:00,7.5,30.25,11.42,3.45,11.15,9.18,3.0,0.69,16.48,,,,,,,,82.0,0.3,147.0,0.0,0.0,5.75,742.0,
2024-12-07 01:00:00,9.25,40.75,11.68,2.9,11.05,9.5,1.98,0.7,16.68,,,,,,,,83.0,0.3,166.0,0.0,0.0,5.75,741.75,
2024-12-07 02:00:00,11.5,39.5,12.9,6.02,13.7,9.25,2.33,0.7,17.71,,,,,,,,84.25,0.3,46.5,0.0,0.0,6.0,741.25,
2024-12-07 03:00:00,15.5,54.25,14.82,7.7,16.15,9.82,1.72,0.7,20.45,,,,,,,,85.75,0.3,47.0,0.0,0.0,5.75,741.0,
2024-12-07 04:00:00,13.5,47.0,14.68,8.45,16.4,9.93,1.05,0.71,17.7,,,,,,,,86.0,0.3,47.0,0.0,0.0,5.75,741.0,
2024-12-07 05:00:00,16.25,56.5,29.28,9.82,28.98,10.0,0.25,0.83,17.55,,,,,,,,87.0,0.3,47.5,0.0,0.0,5.75,742.0,
2024-12-07 06:00:00,31.25,100.25,30.7,7.58,29.02,10.4,4.78,0.86,15.22,,,,,,,,88.0,0.3,47.75,0.0,0.0,10.0,742.0,
2024-12-07 07:00:00,40.5,91.0,30.22,8.32,29.02,10.55,6.55,0.9,17.18,,,,,,,,87.75,0.3,159.25,0.0,0.0,30.75,742.75,
2024-12-07 08:00:00,40.0,80.75,25.92,7.28,24.92,11.68,4.45,0.88,14.59,,,,,,,,78.5,0.35,206.25,0.0,0.0,171.5,743.75,
2024-12-07 09:00:00,14.5,51.25,20.02,3.55,18.15,10.92,3.35,0.79,17.98,,,,,,,,69.75,0.52,230.5,0.0,0.0,258.0,744.0,
2024-12-07 10:00:00,9.0,28.5,17.98,2.42,15.9,10.9,4.97,0.78,19.39,,,,,,,,68.5,0.75,237.0,0.0,0.0,309.25,744.0,
2024-12-07 11:00:00,6.25,29.5,13.63,3.7,13.07,10.65,6.8,0.72,17.11,,,,,,,,69.5,0.98,244.25,0.0,0.0,303.75,744.0,
2024-12-07 12:00:00,6.5,27.5,11.73,2.8,11.03,10.6,2.22,0.7,18.67,,,,,,,,69.25,0.95,243.5,0.0,0.0,304.25,743.0,
2024-12-07 13:00:00,5.0,27.0,11.72,1.78,10.5,10.05,1.2,0.68,16.7,,,,,,,,68.0,0.88,240.0,0.0,0.0,297.75,742.25,
2024-12-07 14:00:00,6.0,30.0,8.32,4.03,8.93,9.75,2.38,0.62,17.21,,,,,,,,67.25,1.05,248.5,0.0,0.0,252.0,742.0,
2024-12-07 15:00:00,9.25,32.5,6.62,2.85,6.9,9.82,3.58,0.57,16.46,,,,,,,,67.0,0.8,244.0,0.0,0.0,174.25,742.0,
2024-12-07 16:00:00,11.25,39.75,6.88,2.65,7.02,9.78,3.88,0.6,15.61,,,,,,,,71.5,0.55,244.25,0.0,0.0,72.0,742.0,
2024-12-07 17:00:00,14.75,37.5,5.62,4.47,6.95,9.75,2.7,0.62,16.38,,,,,,,,74.25,0.35,239.25,0.0,0.0,14.5,742.0,
2024-12-07 18:00:00,16.25,36.0,5.22,5.58,7.25,9.05,2.38,0.64,15.58,,,,,,,,75.75,0.32,227.75,0.0,0.0,7.5,742.25,
2024-12-07 19:00:00,22.25,46.75,7.38,5.2,8.72,9.55,2.28,0.66,15.8,,,,,,,,77.0,0.3,227.75,0.0,0.0,6.75,743.0,
2024-12-07 20:00:00,20.5,53.75,7.12,3.65,7.72,10.05,3.05,0.68,16.0,,,,,,,,77.0,0.3,222.75,0.0,0.0,6.75,743.0,
2024-12-07 21:00:00,19.5,56.75,8.32,3.75,8.8,9.43,3.18,0.69,16.76,,,,,,,,77.5,0.3,223.25,0.0,0.0,6.75,743.0,
2024-12-07 22:00:00,15.25,48.75,8.45,5.58,9.82,8.93,2.72,0.66,15.1,,,,,,,,78.25,0.3,223.75,0.0,0.0,6.75,743.0,
2024-12-07 23:00:00,21.5,43.25,7.45,5.22,8.85,9.12,1.95,0.65,17.12,,,,,,,,79.25,0.3,214.5,0.0,0.0,6.75,742.75,
2024-12-08 00:00:00,13.25,41.75,7.4,4.6,8.48,9.7,3.12,0.66,15.3,,,,,,,,79.25,0.3,213.25,0.0,0.0,6.75,742.0,
2024-12-08 01:00:00,16.5,51.25,8.77,5.15,9.88,10.12,3.92,0.69,14.8,,,,,,,,80.25,0.3,210.5,0.0,0.0,6.75,742.0,
2024-12-08 02:00:00,7.0,48.25,8.55,4.85,9.5,10.42,2.05,0.68,15.38,,,,,,,,81.75,0.3,221.75,0.0,0.0,6.75,742.0,
2024-12-08 03:00:00,13.25,60.0,9.55,8.62,12.35,10.15,2.12,0.69,16.68,,,,,,,,84.75,0.3,225.75,0.0,0.0,6.75,741.5,
2024-12-08 04:00:00,26.5,85.25,16.38,11.12,19.23,10.3,4.3,0.74,17.57,,,,,,,,86.25,0.3,288.0,0.0,0.0,6.25,741.75,
2024-12-08 05:00:00,38.5,120.75,30.35,10.38,30.2,10.95,4.85,0.84,15.23,,,,,,,,87.5,0.3,313.5,0.0,0.0,5.75,742.0,
2024-12-08 06:00:00,43.5,128.25,27.85,12.02,29.05,11.22,4.4,0.85,18.52,,,,,,,,88.0,0.3,274.25,0.0,0.0,13.25,742.25,
2024-12-08 07:00:00,45.75,102.25,25.02,12.75,27.15,11.85,4.3,0.88,16.27,,,,,,,,86.25,0.3,267.0,0.0,0.0,43.0,743.25,
2024-12-08 08:00:00,49.25,90.5,23.3,10.78,24.65,12.73,3.78,0.96,14.97,,,,,,,,80.0,0.3,236.0,0.0,0.0,141.75,744.0,
2024-12-08 09:00:00,49.75,101.25,21.1,9.5,22.2,11.98,3.22,0.93,17.16,,,,,,,,75.0,0.3,126.0,0.0,0.0,146.75,744.25,
2024-12-08 10:00:00,35.75,74.25,17.3,5.18,16.8,12.23,3.03,0.88,14.83,,,,,,,,66.25,0.35,209.25,0.0,0.0,296.5,744.5,
2024-12-08 11:00:00,23.0,46.5,15.9,3.23,14.63,11.52,3.8,0.85,14.08,,,,,,,,65.25,0.5,239.5,0.0,0.0,344.0,744.0,
2024-12-08 12:00:00,23.0,49.75,11.33,3.3,11.0,11.0,2.55,0.79,15.57,,,,,,,,65.0,0.5,232.25,0.0,0.0,328.0,743.25,
2024-12-08 13:00:00,22.5,43.75,9.48,3.25,9.43,11.22,1.58,0.77,15.44,,,,,,,,66.0,0.57,250.5,0.0,0.0,294.5,742.5,
2024-12-08 14:00:00,21.0,37.5,8.45,3.18,8.57,10.88,4.75,0.71,15.84,,,,,,,,67.25,0.65,255.0,0.0,0.0,232.75,742.0,
2024-12-08 15:00:00,22.25,41.0,6.98,1.95,6.7,10.42,6.25,0.7,15.26,,,,,,,,67.75,0.52,251.75,0.0,0.0,152.25,742.0,
2024-12-08 16:00:00,24.0,47.0,5.92,2.28,6.0,10.1,4.58,0.7,20.06,,,,,,,,70.25,0.48,217.0,0.0,0.0,71.25,742.0,
2024-12-08 17:00:00,19.25,50.0,7.22,5.22,8.65,10.58,4.38,0.71,15.68,,,,,,,,73.75,0.3,227.0,0.0,0.0,16.0,742.0,
2024-12-08 18:00:00,26.5,58.5,6.15,4.08,7.15,10.85,4.32,0.75,15.14,,,,,,,,75.75,0.32,194.5,0.0,0.0,7.75,742.0,
2024-12-08 19:00:00,35.0,54.5,6.62,4.62,7.88,10.12,4.08,0.76,14.81,,,,,,,,77.0,0.3,184.75,0.0,0.0,7.5,742.75,
2024-12-08 20:00:00,29.5,47.5,6.92,3.45,7.48,11.02,4.68,0.77,15.03,,,,,,,,78.0,0.3,165.0,0.0,0.0,7.5,743.0,
2024-12-08 21:00:00,30.5,49.5,6.62,4.22,7.65,10.88,5.48,0.78,14.83,,,,,,,,78.0,0.3,159.0,0.0,0.0,6.75,743.0,
2024-12-08 22:00:00,30.25,51.0,7.32,3.1,7.6,10.52,5.8,0.78,15.83,,,,,,,,78.5,0.3,119.5,0.0,0.0,6.75,743.0,
2024-12-08 23:00:00,33.5,53.5,7.6,3.12,7.82,10.72,6.35,0.76,15.49,,,,,,,,79.75,0.3,104.5,0.0,0.0,6.75,742.5,
2024-12-09 00:00:00,33.5,61.25,7.18,4.22,8.07,10.7,4.18,0.76,17.61,,,,,,,,79.75,0.3,137.25,0.0,0.0,6.75,742.0,
2024-12-09 01:00:00,38.5,64.0,7.78,2.78,7.82,11.78,3.12,0.76,15.68,,,,,,,,79.75,0.3,190.5,0.0,0.0,7.25,742.0,
2024-12-09 02:00:00,43.25,72.25,7.08,2.28,6.92,12.42,3.75,0.76,14.54,,,,,,,,80.0,0.3,220.25,0.0,0.0,7.5,741.75,
2024-12-09 03:00:00,53.0,79.0,5.78,4.85,7.25,12.52,3.65,0.76,13.38,,,,,,,,80.0,0.3,210.0,0.0,0.0,7.75,741.0,
2024-12-09 04:00:00,53.75,78.75,7.05,3.97,7.85,12.62,4.65,0.73,14.52,,,,,,,,80.25,0.3,184.0,0.0,0.0,7.75,741.0,
2024-12-09 05:00:00,54.5,77.0,7.55,4.9,8.75,13.02,4.88,0.74,15.3,,,,,,,,81.5,0.3,212.25,0.0,0.0,6.75,741.75,
2024-12-09 06:00:00,55.75,77.5,7.2,6.65,9.4,13.12,4.4,0.75,15.57,,,,,,,,83.5,0.3,223.5,0.0,0.0,14.0,742.0,
2024-12-09 07:00:00,70.0,93.5,12.48,12.85,17.0,12.78,4.85,0.84,17.16,,,,,,,,83.75,0.3,227.75,0.0,0.0,43.0,743.0,
2024-12-09 08:00:00,62.25,112.5,11.32,11.05,15.08,13.15,5.48,0.92,15.85,,,,,,,,79.5,0.3,194.0,0.0,0.0,127.25,743.75,
2024-12-09 09:00:00,62.25,113.5,9.28,5.82,10.62,13.35,6.3,0.86,15.88,,,,,,,,69.25,0.32,188.5,0.0,0.0,238.75,744.0,
2024-12-09 10:00:00,50.25,92.0,9.28,3.9,9.62,14.05,4.13,0.88,15.79,,,,,,,,66.25,0.52,157.0,0.0,0.0,291.5,744.0,
2024-12-09 11:00:00,51.25,91.75,4.1,6.83,6.97,14.15,2.5,0.84,14.46,,,,,,,,64.5,0.68,243.75,0.0,0.0,327.5,743.75,
2024-12-09 12:00:00,58.0,106.0,2.83,4.4,4.63,13.53,2.78,0.83,15.11,,,,,,,,65.0,0.78,223.75,0.0,0.0,321.5,743.0,
2024-12-09 13:00:00,49.5,97.5,4.22,4.72,5.92,13.65,4.18,0.81,15.84,,,,,,,,65.75,0.85,225.5,0.0,0.0,290.25,742.0,
2024-12-09 14:00:00,50.25,98.0,4.03,4.8,5.8,12.9,3.55,0.79,13.89,,,,,,,,67.75,1.1,217.75,0.0,0.0,228.0,741.75,
2024-12-09 15:00:00,51.25,94.25,2.88,4.47,4.72,13.72,3.9,0.77,13.64,,,,,,,,67.5,0.88,203.5,0.0,0.0,149.0,741.0,
2024-12-09 16:00:00,56.5,93.25,2.98,4.2,4.6,12.85,1.55,0.78,15.37,,,,,,,,72.25,1.1,212.25,0.0,0.0,64.75,741.0,
2024-12-09 17:00:00,44.75,97.75,3.4,5.98,5.95,11.82,2.08,0.8,12.3,,,,,,,,74.75,0.82,188.25,0.0,0.0,18.25,741.0,
2024-12-09 18:00:00,52.5,99.0,3.95,5.9,6.35,12.12,3.02,0.82,14.26,,,,,,,,77.5,0.57,190.25,0.0,0.0,8.5,742.0,
2024-12-09 19:00:00,58.75,94.5,4.65,5.6,6.78,11.82,3.7,0.82,15.39,,,,,,,,78.0,0.48,159.0,0.0,0.0,8.5,742.25,
2024-12-09 20:00:00,56.0,92.5,4.45,7.22,7.42,11.95,4.42,0.84,14.25,,,,,,,,79.0,0.4,134.75,0.0,0.0,8.0,743.0,
2024-12-09 21:00:00,59.5,99.5,3.72,6.5,6.5,12.45,4.97,0.86,14.35,,,,,,,,79.0,0.43,121.5,0.0,0.0,7.5,743.0,
2024-12-09 22:00:00,59.5,102.75,6.72,7.95,9.72,13.12,6.45,0.86,14.66,,,,,,,,80.25,0.4,89.25,0.0,0.0,7.5,743.0,
2024-12-09 23:00:00,56.5,113.5,6.3,6.68,8.68,12.2,6.98,0.84,15.05,,,,,,,,81.75,0.4,87.0,0.0,0.0,7.5,742.25,
2024-12-10 00:00:00,61.25,102.25,6.05,6.18,8.2,12.5,3.82,0.84,14.17,,,,,,,,82.75,0.45,85.25,0.0,0.0,7.75,742.0,
2024-12-10 01:00:00,63.0,100.25,6.1,5.55,7.92,13.3,2.75,0.84,13.54,,,,,,,,83.25,0.3,91.75,0.0,0.0,7.75,741.75,
2024-12-10 02:00:00,65.0,100.25,6.55,6.15,8.62,12.95,3.62,0.82,15.46,,,,,,,,84.0,0.32,82.0,0.0,0.0,7.75,741.0,
2024-12-10 03:00:00,61.25,101.5,6.75,6.4,8.93,12.42,3.7,0.82,14.32,,,,,,,,85.0,0.3,116.75,0.0,0.0,7.75,741.0,
2024-12-10 04:00:00,58.75,107.75,6.52,4.6,7.75,13.5,4.72,0.8,16.93,,,,,,,,85.0,0.3,60.75,0.0,0.0,7.75,741.0,
2024-12-10 05:00:00,60.0,96.75,6.2,6.62,8.57,13.4,4.45,0.8,16.51,,,,,,,,85.25,0.3,82.0,0.0,0.0,7.0,741.25,
2024-12-10 06:00:00,67.75,103.0,6.28,6.85,8.75,12.6,5.25,0.82,16.2,,,,,,,,86.0,0.3,83.25,0.0,0.0,12.0,742.0,
2024-12-10 07:00:00,75.25,109.0,7.1,9.45,10.78,13.38,6.02,0.88,14.36,,,,,,,,84.0,0.3,107.5,0.0,0.0,54.5,742.25,
2024-12-10 08:00:00,76.75,116.25,7.1,7.3,9.62,12.58,6.2,0.88,14.61,,,,,,,,76.5,0.68,138.0,0.0,0.0,114.5,743.0,
2024-12-10 09:00:00,61.25,111.0,7.1,5.75,8.85,13.05,6.6,0.87,14.66,,,,,,,,74.25,1.48,182.25,0.0,0.0,152.0,743.0,
2024-12-10 10:00:00,61.0,114.75,6.32,7.2,8.98,14.08,5.4,0.92,13.99,,,,,,,,71.0,1.3,168.0,0.0,0.0,207.75,743.5,
2024-12-10 11:00:00,56.75,120.25,5.07,8.0,8.4,13.6,5.67,0.86,15.57,,,,,,,,69.0,1.88,200.5,0.0,0.0,233.5,743.0,
2024-12-10 12:00:00,56.25,111.25,4.27,10.13,8.87,12.93,10.42,0.81,14.11,,,,,,,,67.5,2.12,148.5,0.0,0.0,199.5,742.25,
2024-12-10 13:00:00,64.5,132.75,3.1,10.5,8.07,13.15,14.02,0.79,13.88,,,,,,,,68.5,1.75,178.25,0.0,0.0,161.25,741.75,
2024-12-10 14:00:00,59.75,123.75,4.02,11.48,9.38,13.9,12.95,0.8,14.04,,,,,,,,68.75,1.92,140.5,0.0,0.0,132.75,741.0,
2024-12-10 15:00:00,60.5,124.5,5.03,14.48,11.82,13.08,14.75,0.8,14.26,,,,,,,,71.75,1.78,145.25,0.0,0.0,84.25,741.0,
2024-12-10 16:00:00,63.75,121.0,3.22,13.9,10.0,12.28,14.18,0.83,14.84,,,,,,,,73.75,1.1,127.5,0.0,0.0,50.0,741.0,
2024-12-10 17:00:00,61.25,123.75,3.47,13.1,9.82,12.52,14.25,0.86,14.38,,,,,,,,75.75,1.0,106.25,0.0,0.0,18.5,741.5,
2024-12-10 18:00:00,65.0,124.5,2.22,14.02,9.28,13.52,13.45,0.94,14.73,,,,,,,,77.0,0.88,123.25,0.0,0.0,8.0,742.0,
2024-12-10 19:00:00,65.75,125.25,3.95,8.15,7.52,13.0,10.18,0.94,14.92,,,,,,,,77.75,0.9,111.0,0.0,0.0,8.0,742.0,
2024-12-10 20:00:00,67.75,116.5,5.65,10.58,10.2,12.3,9.35,0.93,15.59,,,,,,,,79.0,0.78,107.5,0.0,0.0,7.75,743.0,
2024-12-10 21:00:00,65.5,121.0,4.42,8.88,8.32,12.98,8.95,0.92,16.66,,,,,,,,79.5,0.62,95.5,0.0,0.0,7.25,743.0,
2024-12-10 22:00:00,62.0,107.25,4.12,7.95,7.62,11.85,5.78,0.89,16.12,,,,,,,,80.25,0.5,91.75,0.0,0.0,7.75,743.0,
2024-12-10 23:00:00,64.25,95.5,6.15,5.18,7.75,11.48,2.62,0.88,13.43,,,,,,,,81.0,0.65,94.25,0.0,0.0,7.75,743.0,
2024-12-11 00:00:00,63.0,100.75,5.28,5.28,7.07,11.65,5.0,0.85,13.8,,,,,,,,82.25,0.68,92.5,0.0,0.0,7.75,742.5,
2024-12-11 01:00:00,62.25,90.5,4.7,4.38,6.18,11.62,6.08,0.84,15.2,,,,,,,,83.75,0.62,89.5,0.0,0.0,7.75,742.0,
2024-12-11 02:00:00,54.25,79.25,6.2,4.05,7.18,11.58,6.08,0.82,14.59,,,,,,,,84.5,0.68,98.0,0.0,0.0,7.75,741.25,
2024-12-11 03:00:00,61.25,78.0,3.82,5.98,6.3,11.2,6.85,0.8,14.37,,,,,,,,84.25,0.6,86.5,0.0,0.0,7.75,741.0,
2024-12-11 04:00:00,52.5,82.5,5.4,2.68,5.8,11.65,5.95,0.8,14.46,,,,,,,,84.25,0.6,87.75,0.0,0.0,7.75,741.0,
2024-12-11 05:00:00,51.5,84.5,4.62,4.42,6.1,12.25,3.52,0.8,15.46,,,,,,,,84.0,0.57,86.75,0.0,0.0,7.5,742.0,
2024-12-11 06:00:00,54.5,79.5,4.57,5.7,6.75,12.4,3.05,0.81,16.23,,,,,,,,84.0,0.55,92.5,0.0,0.0,9.0,742.0,
2024-12-11 07:00:00,58.0,91.75,4.85,6.88,7.6,12.3,2.78,0.82,16.9,,,,,,,,82.5,1.05,111.5,0.0,0.0,22.25,742.75,
2024-12-11 08:00:00,53.25,102.25,4.78,6.08,7.1,11.85,1.65,0.81,14.17,,,,,,,,79.0,1.45,140.0,0.0,0.0,45.0,743.25,
2024-12-11 09:00:00,45.25,82.75,5.22,5.88,7.35,11.92,0.2,0.79,15.47,,,,,,,,82.25,1.98,153.25,1.5,1.5,36.25,744.0,
2024-12-11 10:00:00,33.25,53.5,4.7,6.45,7.28,11.9,2.67,0.86,16.55,,,,,,,,86.75,0.85,104.75,0.0,0.0,50.75,743.25,
2024-12-11 11:00:00,25.75,44.5,5.63,8.8,9.27,11.55,5.73,0.86,14.34,,,,,,,,83.5,1.48,110.25,0.0,0.0,85.25,743.0,
2024-12-11 12:00:00,39.0,59.5,6.23,15.6,13.33,11.5,5.08,0.88,14.04,,,,,,,,80.25,0.88,94.5,0.0,0.0,109.75,742.5,
2024-12-11 13:00:00,44.25,63.25,3.02,16.05,11.0,11.8,5.22,0.9,15.01,,,,,,,,82.75,0.88,95.0,0.0,0.0,47.0,741.75,
2024-12-11 14:00:00,41.0,59.75,4.1,10.5,8.93,11.48,4.85,0.87,14.68,,,,,,,,85.75,0.62,111.25,0.5,0.5,18.25,741.0,
2024-12-11 15:00:00,38.0,56.5,5.22,11.98,10.62,11.15,4.28,0.9,14.81,,,,,,,,87.0,0.6,90.5,0.0,0.0,26.75,741.0,
2024-12-11 16:00:00,39.5,60.0,5.0,13.88,11.45,11.45,3.8,0.89,15.23,,,,,,,,87.25,0.7,95.0,0.0,0.0,15.75,741.0,
2024-12-11 17:00:00,44.0,64.25,4.92,10.6,9.65,10.82,4.35,0.92,14.75,,,,,,,,87.5,0.48,82.75,0.0,0.0,4.5,741.0,
2024-12-11 18:00:00,39.25,53.0,5.1,10.02,9.48,10.38,6.45,0.93,15.77,,,,,,,,86.5,0.48,84.5,0.0,0.0,2.5,741.5,
2024-12-11 19:00:00,23.75,32.75,6.98,10.42,11.22,9.88,6.85,0.95,16.57,,,,,,,,87.75,0.68,90.0,0.0,0.0,2.75,742.0,
2024-12-11 20:00:00,21.25,30.5,5.92,12.15,11.3,9.95,7.0,0.99,16.5,,,,,,,,88.0,0.7,88.0,0.0,0.0,2.25,742.0,
2024-12-11 21:00:00,28.25,43.25,7.38,8.48,10.48,10.58,6.7,1.01,18.67,,,,,,,,88.25,0.57,80.25,0.0,0.0,2.25,742.0,
2024-12-11 22:00:00,38.0,42.0,7.45,8.85,10.78,10.22,5.08,0.98,16.82,,,,,,,,89.0,0.68,84.5,0.0,0.0,2.25,742.0,
2024-12-11 23:00:00,35.0,44.25,7.1,8.45,10.28,9.75,4.72,0.94,16.16,,,,,,,,89.0,0.45,83.25,0.0,0.0,2.5,741.5,
2024-12-12 00:00:00,28.5,44.25,8.55,10.07,12.3,9.93,3.9,0.94,15.59,,,,,,,,89.0,0.32,149.5,0.0,0.0,2.0,741.5,
2024-12-12 01:00:00,32.75,47.5,6.93,2.35,6.88,10.45,3.3,0.87,14.6,,,,,,,,87.0,1.27,129.25,1.5,1.5,2.75,741.0,
2024-12-12 02:00:00,24.0,37.0,7.48,1.95,7.12,9.72,4.07,0.86,14.23,,,,,,,,89.0,2.4,154.75,0.5,0.5,2.75,740.5,
2024-12-12 03:00:00,30.25,44.75,6.65,1.58,6.22,10.9,3.68,0.85,13.53,,,,,,,,87.75,1.58,142.75,0.0,0.0,2.0,740.0,
2024-12-12 04:00:00,32.75,58.25,5.15,2.52,5.52,9.78,5.25,0.8,14.74,,,,,,,,84.0,1.45,153.75,0.5,0.5,2.0,740.0,
2024-12-12 05:00:00,15.0,31.25,6.08,2.75,6.42,10.0,5.8,0.78,14.36,,,,,,,,88.5,0.98,196.0,1.0,1.0,2.25,741.0,
2024-12-12 06:00:00,25.5,37.75,5.48,3.9,6.52,10.05,4.18,0.75,15.17,,,,,,,,87.5,0.92,159.0,0.5,0.5,3.0,741.0,
2024-12-12 07:00:00,20.0,32.5,6.35,4.2,7.35,9.88,4.3,0.72,12.57,,,,,,,,88.0,0.73,200.75,0.0,0.0,11.5,742.0,
2024-12-12 08:00:00,22.5,24.5,6.5,3.88,7.32,10.0,2.95,0.78,14.32,,,,,,,,88.0,0.42,107.0,0.0,0.0,29.75,742.25,
2024-12-12 09:00:00,33.75,39.5,6.2,4.93,7.65,10.4,2.52,0.79,14.73,,,,,,,,87.75,0.38,150.25,0.0,0.0,79.75,742.75,
2024-12-12 10:00:00,21.25,37.5,7.18,5.9,8.98,12.02,5.03,0.87,21.22,,,,,,,,87.5,0.62,90.75,0.0,0.0,42.0,742.75,
2024-12-12 11:00:00,30.25,41.25,5.27,6.6,7.8,10.35,5.97,0.82,15.92,,,,,,,,88.75,0.45,231.75,5.75,5.75,9.0,742.5,
2024-12-12 12:00:00,28.25,32.0,4.93,6.13,7.3,9.97,5.12,0.77,15.9,,,,,,,,89.5,0.5,184.75,0.5,0.5,25.25,742.0,
2024-12-12 13:00:00,31.0,40.0,4.5,6.78,7.28,10.88,5.1,0.78,18.07,,,,,,,,89.5,0.3,286.25,1.0,1.0,15.25,741.25,
2024-12-12 14:00:00,36.25,44.25,5.75,12.32,11.28,10.65,5.65,0.86,15.42,,,,,,,,89.5,0.4,145.25,0.0,0.0,42.25,740.75,
2024-12-12 15:00:00,35.25,42.25,8.8,15.25,15.28,10.6,4.88,0.94,17.34,,,,,,,,89.0,0.4,60.25,0.0,0.0,34.0,740.0,
2024-12-12 16:00:00,41.5,53.75,5.03,8.28,8.5,10.75,4.55,0.9,14.72,,,,,,,,87.5,0.68,92.25,0.0,0.0,12.5,740.5,
2024-12-12 17:00:00,46.75,60.75,4.8,5.65,6.9,10.78,4.27,0.86,14.7,,,,,,,,86.25,0.7,139.75,0.0,0.0,5.75,741.0,
2024-12-12 18:00:00,43.75,66.0,6.1,5.35,7.8,10.45,5.7,0.9,14.41,,,,,,,,85.0,0.82,139.0,0.0,0.0,2.0,741.25,
2024-12-12 19:00:00,54.0,68.75,6.12,3.68,6.92,11.12,6.72,0.87,14.78,,,,,,,,84.25,1.72,123.5,0.0,0.0,1.75,742.0,
2024-12-12 20:00:00,50.25,78.5,6.75,2.6,6.85,11.02,5.95,0.85,14.82,,,,,,,,82.0,2.5,117.5,0.0,0.0,1.75,742.5,
2024-12-12 21:00:00,50.0,84.0,5.0,2.62,5.48,11.6,4.95,0.83,15.75,,,,,,,,81.5,3.05,123.75,0.0,0.0,2.0,743.0,
2024-12-12 22:00:00,56.0,87.5,4.4,1.6,4.4,11.65,4.68,0.79,12.02,,,,,,,,80.25,3.15,122.5,0.0,0.0,2.5,743.0,
2024-12-12 23:00:00,56.5,91.0,4.53,2.47,5.0,11.32,4.6,0.78,12.16,,,,,,,,80.5,2.38,120.75,0.0,0.0,2.75,743.0,
2024-12-13 00:00:00,58.75,96.5,3.85,1.4,3.85,11.52,4.85,0.78,11.4,,,,,,,,80.0,2.2,120.0,0.0,0.0,2.75,742.0,
2024-12-13 01:00:00,62.5,96.0,4.05,2.28,4.5,11.25,4.75,0.78,10.98,,,,,,,,80.0,2.48,132.5,0.0,0.0,3.25,742.0,
2024-12-13 02:00:00,67.75,99.5,4.42,2.22,4.8,11.32,5.22,0.78,11.78,,,,,,,,80.0,2.17,139.75,0.0,0.0,3.75,741.25,
2024-12-13 03:00:00,68.5,101.25,4.6,2.82,5.28,11.12,4.72,0.78,11.47,,,,,,,,80.0,2.42,138.0,0.0,0.0,3.75,741.0,
2024-12-13 04:00:00,63.25,100.0,4.55,2.48,5.03,10.8,3.7,0.78,11.68,,,,,,,,79.75,1.78,137.75,0.0,0.0,3.75,741.25,
2024-12-13 05:00:00,59.5,90.75,4.97,2.68,5.42,10.9,3.22,0.77,12.35,,,,,,,,80.0,1.52,139.5,0.0,0.0,3.75,741.75,
2024-12-13 06:00:00,53.75,80.0,4.47,2.65,5.08,10.9,3.08,0.74,12.2,,,,,,,,80.0,1.45,136.0,0.0,0.0,10.25,742.0,
2024-12-13 07:00:00,50.25,77.25,3.12,3.12,4.22,11.23,2.35,0.73,12.38,,,,,,,,79.5,1.27,137.75,0.0,0.0,39.25,742.75,
2024-12-13 08:00:00,50.75,79.5,4.82,2.72,5.35,11.28,1.58,0.77,12.48,,,,,,,,78.25,1.4,135.75,0.0,0.0,84.5,743.75,
2024-12-13 09:00:00,48.75,83.0,5.22,4.78,6.8,11.25,1.02,0.79,13.25,,,,,,,,76.0,1.65,140.25,0.0,0.0,153.0,744.0,
2024-12-13 10:00:00,49.25,84.5,5.68,4.03,6.75,12.38,3.1,0.84,14.05,,,,,,,,75.0,2.12,124.25,0.0,0.0,166.25,744.0,
2024-12-13 11:00:00,61.25,98.0,5.53,2.23,5.7,11.18,4.87,0.82,13.01,,,,,,,,74.25,2.42,123.5,0.0,0.0,192.75,743.25,
2024-12-13 12:00:00,60.75,99.75,3.93,5.13,5.93,10.97,2.12,0.83,11.83,,,,,,,,72.25,2.22,125.75,0.0,0.0,275.0,743.0,
2024-12-13 13:00:00,68.25,106.5,5.88,3.72,6.78,11.02,1.02,0.85,8.74,,,,,,,,72.25,2.5,121.5,0.0,0.0,220.5,742.5,
2024-12-13 14:00:00,75.75,112.75,3.45,5.25,5.6,11.9,5.15,0.8,7.23,,,,,,,,72.0,2.58,111.5,0.0,0.0,146.25,742.0,
2024-12-13 15:00:00,76.0,116.75,3.62,9.5,8.02,11.92,5.35,0.76,4.84,,,,,,,,72.25,2.17,114.75,0.0,0.0,77.0,741.25,
2024-12-13 16:00:00,66.25,113.25,4.72,13.6,11.05,12.75,4.78,0.7,5.73,,,,,,,,72.5,1.82,114.5,0.0,0.0,24.5,741.25,
2024-12-13 17:00:00,57.25,111.0,5.22,11.25,10.2,10.68,3.52,0.56,8.37,,,,,,,,70.75,1.68,117.75,0.0,0.0,11.25,742.0,
2024-12-13 18:00:00,72.5,111.75,4.35,12.12,9.95,11.0,4.02,0.61,2.14,,,,,,,,73.25,1.55,116.75,0.0,0.0,5.75,742.0,
2024-12-13 19:00:00,101.25,142.75,4.05,5.62,6.25,11.62,4.65,0.67,2.05,,,,,,,,74.25,1.75,115.75,0.0,0.0,5.75,743.0,
2024-12-13 20:00:00,104.0,141.25,3.95,5.65,6.2,10.98,4.68,0.69,0.51,,,,,,,,73.25,1.2,119.25,0.0,0.0,5.75,743.5,
2024-12-13 21:00:00,77.5,117.5,3.52,4.8,5.42,10.5,4.3,0.62,2.24,,,,,,,,72.25,0.75,114.5,0.0,0.0,5.75,744.0,
2024-12-13 22:00:00,61.75,102.75,2.98,5.18,5.18,10.68,3.12,0.5,8.64,,,,,,,,73.25,0.6,116.5,0.0,0.0,5.75,744.0,
2024-12-13 23:00:00,60.25,88.75,5.35,3.42,6.18,10.4,2.4,0.4,2.55,,,,,,,,74.0,0.45,107.25,0.0,0.0,5.75,743.5,
2024-12-14 00:00:00,50.25,85.75,5.1,4.6,6.6,10.4,3.3,0.52,3.7,,,,,,,,76.75,0.32,72.25,0.0,0.0,5.75,743.0,
2024-12-14 01:00:00,55.25,88.25,5.72,12.12,11.1,10.73,3.12,0.5,9.43,,,,,,,,80.0,0.3,61.75,0.0,0.0,5.75,743.0,
2024-12-14 02:00:00,61.25,96.5,9.0,14.02,14.78,10.38,3.32,0.52,12.76,,,,,,,,81.75,0.3,46.75,0.0,0.0,5.75,742.0,
2024-12-14 03:00:00,68.0,119.5,7.75,14.15,13.82,10.68,3.45,0.52,15.35,,,,,,,,83.0,0.3,147.75,0.0,0.0,5.75,742.5,
2024-12-14 04:00:00,71.25,119.0,5.98,10.65,10.52,10.95,4.65,0.68,14.89,,,,,,,,85.25,0.3,339.0,0.0,0.0,5.75,742.25,
2024-12-14 05:00:00,84.25,121.25,7.52,9.73,11.22,10.75,5.3,0.76,12.12,,,,,,,,86.75,0.3,252.75,0.0,0.0,5.75,742.75,
2024-12-14 06:00:00,98.0,149.5,7.58,12.18,12.65,11.12,5.65,0.8,11.23,,,,,,,,87.0,0.3,35.5,0.0,0.0,12.0,743.0,
2024-12-14 07:00:00,105.0,155.75,7.65,10.2,11.65,11.6,4.72,0.67,14.5,,,,,,,,85.25,0.3,114.25,0.0,0.0,49.75,743.5,
2024-12-14 08:00:00,87.0,137.75,9.27,9.93,12.8,11.48,4.47,0.66,11.28,,,,,,,,79.0,0.48,84.75,0.0,0.0,143.0,744.25,
2024-12-14 09:00:00,69.5,111.0,7.22,6.0,9.07,11.15,5.28,0.74,8.24,,,,,,,,70.0,1.78,108.0,0.0,0.0,231.75,745.0,
2024-12-14 10:00:00,44.0,79.25,6.3,4.35,7.4,11.92,5.57,0.8,7.01,,,,,,,,68.5,2.82,114.25,0.0,0.0,302.75,745.0,
2024-12-14 11:00:00,45.0,85.5,5.97,4.5,7.23,10.5,5.53,0.77,9.77,,,,,,,,66.75,2.48,124.75,0.0,0.0,348.25,744.75,
2024-12-14 12:00:00,47.25,94.5,5.93,4.47,7.2,9.8,3.58,0.56,13.37,,,,,,,,67.0,2.3,113.75,0.0,0.0,309.5,744.0,
2024-12-14 13:00:00,47.75,100.75,5.78,4.7,7.2,9.95,2.05,0.35,7.35,,,,,,,,66.25,2.48,117.25,0.0,0.0,277.5,743.0,
2024-12-14 14:00:00,55.5,102.75,4.8,5.85,7.02,10.6,2.42,0.41,10.94,,,,,,,,66.5,1.98,110.0,0.0,0.0,214.25,743.0,
2024-12-14 15:00:00,54.0,97.5,4.32,6.0,6.7,10.6,3.2,0.5,5.27,,,,,,,,69.5,2.0,103.5,0.0,0.0,92.0,742.0,
2024-12-14 16:00:00,51.0,107.25,4.7,5.1,6.55,10.32,2.68,0.44,5.77,,,,,,,,71.0,1.23,111.0,0.0,0.0,41.25,742.5,
2024-12-14 17:00:00,42.75,96.0,5.57,3.55,6.42,10.0,2.65,0.44,3.76,,,,,,,,71.5,0.88,106.5,0.0,0.0,15.75,743.0,
2024-12-14 18:00:00,48.75,98.5,3.35,7.68,6.82,9.9,5.6,0.8,4.61,,,,,,,,72.5,0.62,105.0,0.0,0.0,6.75,743.0,
2024-12-14 19:00:00,59.0,103.75,4.9,6.8,7.58,9.78,5.88,0.85,3.68,,,,,,,,72.5,0.72,109.5,0.0,0.0,6.75,744.0,
2024-12-14 20:00:00,56.0,95.5,3.8,6.0,6.3,9.82,6.02,0.85,4.41,,,,,,,,73.5,0.62,109.75,0.0,0.0,6.75,744.5,
2024-12-14 21:00:00,54.0,87.25,5.1,5.45,7.02,9.35,6.78,0.95,2.12,,,,,,,,72.5,0.6,113.0,0.0,0.0,6.75,745.0,
2024-12-14 22:00:00,47.25,76.5,5.1,4.9,6.75,9.55,4.47,0.66,11.74,,,,,,,,73.5,0.55,108.25,0.0,0.0,6.75,745.0,
2024-12-14 23:00:00,43.0,75.5,4.4,5.05,6.28,9.35,3.62,0.56,5.85,,,,,,,,73.25,0.45,114.0,0.0,0.0,6.0,744.0,
2024-12-15 00:00:00,37.25,66.75,3.98,3.05,4.85,9.48,2.7,0.45,2.63,,,,,,,,73.0,0.32,95.75,0.0,0.0,6.75,744.0,
2024-12-15 01:00:00,37.75,62.25,5.45,4.4,6.78,9.32,2.1,0.4,11.61,,,,,,,,75.0,0.32,92.75,0.0,0.0,6.75,743.5,
2024-12-15 02:00:00,39.75,71.0,4.65,11.28,9.75,9.95,2.55,0.43,9.84,,,,,,,,81.0,0.3,303.0,0.0,0.0,6.75,743.0,
2024-12-15 03:00:00,48.75,106.5,4.45,12.02,10.0,9.98,4.03,0.58,12.75,,,,,,,,82.25,0.3,339.0,0.0,0.0,6.75,743.0,
2024-12-15 04:00:00,50.5,109.75,4.55,11.78,9.93,9.95,5.12,0.74,14.62,,,,,,,,82.75,0.3,293.75,0.0,0.0,6.75,743.0,
2024-12-15 05:00:00,52.75,100.25,6.75,8.72,10.15,10.25,5.48,0.77,15.48,,,,,,,,83.75,0.3,241.0,0.0,0.0,6.75,743.0,
2024-12-15 06:00:00,68.25,115.0,6.38,9.98,10.5,10.42,5.45,0.78,11.81,,,,,,,,84.0,0.3,83.5,0.0,0.0,11.5,743.25,
2024-12-15 07:00:00,83.75,133.5,6.1,9.55,10.05,11.12,6.4,0.89,14.17,,,,,,,,82.5,0.3,91.5,0.0,0.0,47.0,744.25,
2024-12-15 08:00:00,93.25,145.0,6.18,10.6,10.65,10.95,8.07,1.1,7.85,,,,,,,,77.25,0.52,88.25,0.0,0.0,139.25,745.0,
2024-12-15 09:00:00,90.5,142.0,5.85,8.72,9.38,11.0,9.43,1.26,6.52,,,,,,,,70.5,1.18,96.25,0.0,0.0,237.5,746.0,
2024-12-15 10:00:00,63.0,112.0,5.2,4.38,6.55,10.88,6.73,0.94,4.08,,,,,,,,64.25,1.95,119.25,0.0,0.0,305.5,746.0,
2024-12-15 11:00:00,41.0,81.0,4.73,4.53,6.27,9.95,5.03,0.71,8.06,,,,,,,,64.25,2.47,120.0,0.0,0.0,332.0,745.5,
2024-12-15 12:00:00,49.0,97.25,4.4,4.13,5.8,9.47,5.4,0.78,4.62,,,,,,,,63.75,2.35,113.25,0.0,0.0,295.0,744.75,
2024-12-15 13:00:00,55.25,99.75,3.75,3.15,4.72,10.3,5.65,0.8,2.07,,,,,,,,64.75,2.2,119.25,0.0,0.0,241.5,744.0,
2024-12-15 14:00:00,56.0,96.5,5.32,4.05,6.45,10.02,4.92,0.72,3.35,,,,,,,,64.75,2.4,120.0,0.0,0.0,192.0,743.25,
2024-12-15 15:00:00,56.5,99.0,3.68,5.4,5.82,10.48,3.8,0.61,7.94,,,,,,,,66.5,2.03,111.0,0.0,0.0,130.5,743.0,
2024-12-15 16:00:00,57.0,102.0,3.22,5.5,5.52,10.32,4.65,0.68,3.29,,,,,,,,67.25,1.72,118.75,0.0,0.0,63.5,743.0,
2024-12-15 17:00:00,53.25,101.0,4.12,4.65,5.85,10.6,4.53,0.66,2.16,,,,,,,,68.75,1.23,110.0,0.0,0.0,17.5,743.0,
2024-12-15 18:00:00,53.5,101.25,3.05,6.12,5.75,10.52,4.4,0.65,2.53,,,,,,,,70.25,0.7,99.25,0.0,0.0,6.75,743.5,
2024-12-15 19:00:00,60.25,107.75,5.25,4.6,6.7,10.12,4.68,0.68,5.77,,,,,,,,71.25,0.98,106.25,0.0,0.0,6.75,744.0,
2024-12-15 20:00:00,57.0,96.75,4.55,4.6,6.15,9.85,3.95,0.6,5.14,,,,,,,,70.0,0.7,107.5,0.0,0.0,7.0,744.0,
2024-12-15 21:00:00,55.75,92.0,3.38,3.88,4.8,10.22,3.65,0.55,0.1,,,,,,,,69.75,0.52,106.5,0.0,0.0,7.0,744.25,
2024-12-15 22:00:00,60.5,88.5,3.52,3.97,4.95,10.65,3.92,0.6,4.14,,,,,,,,69.5,0.43,105.25,0.0,0.0,6.75,744.25,
2024-12-15 23:00:00,58.0,87.0,3.75,4.28,5.32,9.68,4.18,0.63,4.09,,,,,,,,70.25,0.35,73.75,0.0,0.0,6.75,744.0,
2024-12-16 00:00:00,56.25,92.25,4.75,5.65,6.88,9.72,2.25,0.39,3.63,,,,,,,,73.5,0.3,68.25,0.0,0.0,6.75,743.5,
2024-12-16 01:00:00,61.0,107.0,3.88,5.75,6.2,10.38,2.2,0.36,5.44,,,,,,,,76.0,0.3,44.5,0.0,0.0,6.75,743.0,
2024-12-16 02:00:00,66.25,108.25,4.45,6.1,6.82,10.42,3.32,0.52,7.79,,,,,,,,78.25,0.3,70.75,0.0,0.0,7.5,743.0,
2024-12-16 03:00:00,78.0,128.25,5.52,6.52,7.95,11.02,3.42,0.55,7.78,,,,,,,,80.25,0.3,68.75,0.0,0.0,7.75,742.25,
2024-12-16 04:00:00,94.5,149.75,3.85,6.0,6.35,11.92,5.15,0.74,4.9,,,,,,,,80.25,0.3,54.75,0.0,0.0,7.0,742.75,
2024-12-16 05:00:00,98.5,144.5,4.82,7.15,7.72,12.05,6.35,0.89,10.55,,,,,,,,78.25,0.3,57.5,0.0,0.0,7.25,743.0,
2024-12-16 06:00:00,97.75,132.75,3.95,9.15,8.05,11.65,6.38,0.9,14.48,,,,,,,,77.75,0.3,61.75,0.0,0.0,13.5,743.0,
2024-12-16 07:00:00,99.75,138.75,5.22,10.28,9.68,11.88,6.18,0.86,8.61,,,,,,,,76.25,0.35,77.25,0.0,0.0,42.5,744.0,
2024-12-16 08:00:00,96.75,142.5,6.22,9.72,10.25,11.68,6.08,0.86,4.47,,,,,,,,73.5,0.9,82.0,0.0,0.0,107.75,744.5,
2024-12-16 09:00:00,86.75,140.75,4.68,8.28,8.18,11.15,7.0,0.95,3.35,,,,,,,,70.0,1.18,85.75,0.0,0.0,199.0,745.0,
2024-12-16 10:00:00,73.25,122.5,4.6,7.42,7.7,12.72,5.4,0.77,3.1,,,,,,,,67.75,1.6,86.75,0.0,0.0,226.25,744.75,
2024-12-16 11:00:00,58.0,122.75,4.0,8.6,7.8,10.42,10.5,1.45,13.77,,,,,,,,62.75,1.98,110.0,0.0,0.0,350.0,744.5,
2024-12-16 12:00:00,48.25,117.0,3.47,10.43,8.33,11.33,9.98,1.33,2.11,,,,,,,,61.75,2.05,104.75,0.0,0.0,331.25,744.0,
2024-12-16 13:00:00,44.0,111.75,3.25,10.38,8.15,10.82,12.08,1.63,3.38,,,,,,,,61.75,1.85,112.5,0.0,0.0,276.25,743.0,
2024-12-16 14:00:00,48.75,115.0,2.88,9.52,7.4,10.25,11.92,1.58,5.06,,,,,,,,63.0,2.0,89.5,0.0,0.0,224.0,742.5,
2024-12-16 15:00:00,52.5,111.5,4.15,9.12,8.22,10.05,8.57,1.23,3.13,,,,,,,,63.5,1.9,87.5,0.0,0.0,170.25,742.0,
2024-12-16 16:00:00,47.0,92.0,3.27,6.38,5.32,9.7,5.72,0.82,6.06,,,,,,,,66.5,1.52,81.25,0.0,0.0,79.0,742.0,
2024-12-16 17:00:00,45.0,91.0,3.18,5.7,5.65,9.75,3.92,0.62,2.43,,,,,,,,69.0,1.25,83.5,0.0,0.0,25.5,742.75,
2024-12-16 18:00:00,47.0,89.0,4.03,7.38,7.15,9.72,4.3,0.65,3.42,,,,,,,,70.5,0.85,80.75,0.0,0.0,13.25,743.0,
2024-12-16 19:00:00,47.0,93.75,4.53,7.35,7.58,9.75,4.85,0.72,3.65,,,,,,,,72.5,0.72,79.5,0.0,0.0,13.25,743.0,
2024-12-16 20:00:00,55.25,97.5,3.5,7.85,7.0,9.78,3.35,0.53,6.56,,,,,,,,74.5,0.75,75.5,0.0,0.0,13.25,743.5,
2024-12-16 21:00:00,51.75,91.25,3.85,7.28,7.02,9.25,2.65,0.44,4.39,,,,,,,,75.0,0.55,79.5,0.0,0.0,13.0,743.75,
2024-12-16 22:00:00,48.75,84.75,3.52,6.38,6.28,9.78,7.72,1.06,6.64,,,,,,,,75.75,0.62,76.25,0.0,0.0,12.5,743.25,
2024-12-16 23:00:00,48.25,79.75,4.78,4.12,6.1,9.07,8.15,1.11,9.34,,,,,,,,76.5,0.55,75.25,0.0,0.0,11.75,743.0,
2024-12-17 00:00:00,42.5,77.75,4.4,4.45,5.98,9.18,4.68,0.68,13.5,,,,,,,,78.5,0.55,78.0,0.0,0.0,12.5,742.5,
2024-12-17 01:00:00,52.0,84.5,3.05,3.25,4.22,9.75,2.98,0.49,1.32,,,,,,,,79.0,0.57,74.5,0.0,0.0,12.5,742.0,
2024-12-17 02:00:00,58.75,90.5,3.72,4.58,5.48,9.7,4.65,0.68,3.14,,,,,,,,79.0,0.6,75.75,0.0,0.0,12.75,741.75,
2024-12-17 03:00:00,60.5,96.75,3.8,5.18,5.78,10.4,5.6,0.79,1.92,,,,,,,,79.75,0.62,74.5,0.0,0.0,12.75,741.0,
2024-12-17 04:00:00,59.25,104.5,2.62,4.05,4.3,10.8,4.97,0.73,2.11,,,,,,,,80.0,0.78,80.5,0.0,0.0,12.75,741.25,
2024-12-17 05:00:00,61.75,112.0,4.05,5.1,5.98,10.75,4.8,0.72,4.74,,,,,,,,78.75,0.57,75.5,0.0,0.0,12.75,741.0,
2024-12-17 06:00:00,68.5,114.0,4.53,5.92,6.82,11.05,4.0,0.6,4.94,,,,,,,,77.5,0.72,74.75,0.0,0.0,13.5,742.0,
2024-12-17 07:00:00,73.0,123.75,3.88,8.9,7.9,11.52,4.5,0.67,5.26,,,,,,,,75.75,0.85,83.75,0.0,0.0,26.75,742.5,
2024-12-17 08:00:00,74.0,134.5,3.68,7.32,6.9,11.8,5.6,0.8,4.33,,,,,,,,74.25,1.23,79.5,0.0,0.0,64.0,743.0,
2024-12-17 09:00:00,75.75,131.0,3.42,6.07,6.02,12.15,5.18,0.73,0.57,,,,,,,,73.75,1.85,89.25,0.0,0.0,97.5,743.0,
2024-12-17 10:00:00,73.5,127.25,3.8,6.78,6.7,12.72,6.97,0.97,2.66,,,,,,,,72.25,1.72,86.5,0.0,0.0,146.75,743.0,
2024-12-17 11:00:00,76.5,135.25,5.27,5.77,7.33,12.52,9.17,1.26,,,,,,,,,71.0,2.1,85.75,0.0,0.0,134.5,743.0,
2024-12-17 12:00:00,72.0,139.25,1.83,5.53,4.47,11.77,6.02,0.85,,,,,,,,,71.75,2.38,88.25,0.0,0.0,113.25,742.0,
2024-12-17 13:00:00,75.75,141.5,2.8,7.5,6.25,11.98,6.4,0.9,15.33,,,,,,,,72.0,1.98,86.0,0.0,0.0,110.75,741.25,
2024-12-17 14:00:00,87.25,147.0,3.02,9.35,7.42,13.45,6.45,0.91,6.45,,,,,,,,71.75,2.1,81.5,0.0,0.0,94.75,741.0,
2024-12-17 15:00:00,89.5,152.25,2.25,10.02,7.18,13.32,7.85,1.07,12.24,,,,,,,,72.5,2.45,86.75,0.0,0.0,78.5,741.0,
2024-12-17 16:00:00,94.25,159.75,2.58,8.65,6.72,13.78,6.68,0.93,9.6,,,,,,,,72.5,2.3,88.25,0.0,0.0,43.75,740.75,
2024-12-17 17:00:00,94.5,165.5,2.17,10.68,7.48,12.5,7.1,0.96,6.96,,,,,,,,73.0,1.58,86.25,0.0,0.0,20.5,741.0,
2024-12-17 18:00:00,93.5,176.0,3.6,8.12,7.28,12.55,7.48,1.03,12.18,,,,,,,,73.5,1.05,86.5,0.0,0.0,13.75,741.75,
2024-12-17 19:00:00,96.5,176.5,3.03,10.72,8.2,12.25,7.12,0.96,11.16,,,,,,,,72.75,1.27,88.25,0.0,0.0,14.25,742.5,
2024-12-17 20:00:00,96.5,169.0,2.35,8.43,6.4,11.85,7.72,1.06,11.72,,,,,,,,76.5,1.45,90.5,0.0,0.0,13.75,743.0,
2024-12-17 21:00:00,82.5,135.5,3.0,7.88,6.62,11.98,5.88,0.84,12.94,,,,,,,,80.0,0.8,91.0,0.0,0.0,13.5,742.75,
2024-12-17 22:00:00,80.0,117.0,2.3,8.02,6.12,11.85,7.48,1.03,11.04,,,,,,,,79.0,0.78,87.25,0.0,0.0,13.25,742.75,
2024-12-17 23:00:00,78.75,120.75,2.75,8.8,6.88,11.48,7.02,0.97,10.04,,,,,,,,79.25,0.65,88.0,0.0,0.0,12.75,742.25,
2024-12-18 00:00:00,82.25,119.5,3.4,6.55,6.25,10.8,5.28,0.76,11.56,,,,,,,,80.0,0.95,95.25,0.0,0.0,12.75,742.0,
2024-12-18 01:00:00,76.5,110.0,3.7,5.32,5.85,11.08,4.85,0.69,13.28,,,,,,,,80.0,0.98,86.5,0.0,0.0,12.75,741.25,
2024-12-18 02:00:00,76.0,113.0,2.28,6.45,5.3,11.0,6.1,0.86,13.61,,,,,,,,80.25,1.0,94.0,0.0,0.0,13.25,741.0,
2024-12-18 03:00:00,78.5,114.5,2.82,6.32,5.7,11.62,5.92,0.86,13.88,,,,,,,,81.0,0.72,92.0,0.0,0.0,13.75,741.0,
2024-12-18 04:00:00,74.5,116.0,2.55,6.98,5.8,10.95,4.62,0.68,13.74,,,,,,,,81.25,0.88,82.0,0.0,0.0,13.5,741.0,
2024-12-18 05:00:00,68.0,105.25,3.0,5.5,5.38,11.18,3.9,0.61,13.62,,,,,,,,82.25,0.48,99.75,0.0,0.0,13.75,741.0,
2024-12-18 06:00:00,72.25,102.25,2.92,7.55,6.35,10.55,6.2,0.88,18.7,,,,,,,,83.0,0.4,85.0,0.0,0.0,16.25,741.0,
2024-12-18 07:00:00,73.0,109.0,4.8,7.72,8.0,10.9,7.35,0.99,16.34,,,,,,,,82.75,0.62,88.75,0.0,0.0,40.25,742.0,
2024-12-18 08:00:00,67.0,109.75,4.78,8.45,8.38,10.68,6.22,0.88,15.12,,,,,,,,81.75,1.08,87.5,0.0,0.0,76.5,742.0,
2024-12-18 09:00:00,74.0,109.25,3.95,10.0,8.5,10.85,6.05,0.84,9.78,,,,,,,,81.0,1.27,79.5,0.0,0.0,90.25,742.0,
2024-12-18 10:00:00,67.0,100.75,4.75,10.48,9.43,12.08,6.63,0.92,17.9,,,,,,,,83.25,1.0,80.75,0.0,0.0,79.5,742.0,
2024-12-18 11:00:00,66.75,97.25,4.87,11.4,10.03,11.42,5.73,0.76,14.26,,,,,,,,86.0,0.7,77.25,0.0,0.0,54.25,741.25,
2024-12-18 12:00:00,68.0,84.5,3.37,13.1,9.63,11.43,4.8,0.7,23.72,,,,,,,,86.5,1.05,84.5,0.0,0.0,61.5,740.75,
2024-12-18 13:00:00,45.0,65.0,3.98,10.45,8.8,9.88,4.7,0.7,17.01,,,,,,,,88.0,0.82,80.25,0.5,0.5,35.75,740.0,
2024-12-18 14:00:00,39.0,47.0,4.58,8.93,8.45,10.02,4.72,0.69,17.1,,,,,,,,88.5,0.85,79.5,0.5,0.5,27.5,740.0,
2024-12-18 15:00:00,47.0,51.0,4.97,10.12,9.43,10.07,4.97,0.72,16.95,,,,,,,,89.0,1.03,90.25,1.75,1.75,10.5,740.0,
2024-12-18 16:00:00,47.0,51.0,6.35,12.28,11.72,10.6,4.2,0.63,17.55,,,,,,,,89.5,1.3,82.0,1.5,1.5,6.0,740.0,
2024-12-18 17:00:00,64.0,85.0,5.18,10.65,9.82,10.35,4.3,0.63,16.47,,,,,,,,89.0,1.42,90.0,0.0,0.0,3.75,740.0,
2024-12-18 18:00:00,67.0,90.5,6.55,9.12,10.2,10.65,4.6,0.68,16.64,,,,,,,,88.5,1.78,80.0,0.0,0.0,2.25,740.0,
2024-12-18 19:00:00,77.75,105.25,5.68,7.9,8.8,10.75,4.88,0.74,16.18,,,,,,,,88.0,1.7,78.0,0.0,0.0,3.0,740.75,
2024-12-18 20:00:00,82.5,99.25,5.55,8.4,8.95,10.68,4.75,0.7,17.1,,,,,,,,87.5,1.38,85.25,0.0,0.0,3.5,741.0,
2024-12-18 21:00:00,79.0,96.0,4.6,9.0,8.52,11.28,4.88,0.71,18.07,,,,,,,,88.0,0.98,73.25,0.0,0.0,3.5,741.0,
2024-12-18 22:00:00,71.25,90.75,5.5,7.8,8.65,11.4,2.38,0.4,17.16,,,,,,,,88.0,1.2,73.5,0.0,0.0,3.75,741.0,
2024-12-18 23:00:00,65.0,84.75,5.0,7.55,8.1,10.68,1.23,0.28,17.25,,,,,,,,88.0,1.02,72.5,0.0,0.0,4.25,741.0,
2024-12-19 00:00:00,63.0,86.25,5.45,6.1,7.68,10.65,4.82,0.71,17.02,,,,,,,,88.0,1.27,79.25,0.0,0.0,4.75,741.0,
2024-12-19 01:00:00,66.0,84.25,5.68,5.55,7.58,11.6,6.45,0.91,15.22,,,,,,,,88.0,0.95,80.5,0.0,0.0,4.25,740.25,
2024-12-19 02:00:00,66.0,84.0,3.98,5.08,5.95,12.25,6.08,0.86,17.31,,,,,,,,88.25,1.02,85.5,0.0,0.0,4.75,740.0,
2024-12-19 03:00:00,65.0,81.25,4.38,5.8,6.62,11.15,4.7,0.69,18.16,,,,,,,,89.0,0.8,95.0,0.0,0.0,5.0,740.0,
2024-12-19 04:00:00,63.5,82.75,3.95,4.97,5.88,10.75,2.9,0.48,15.93,,,,,,,,88.5,0.72,81.75,0.0,0.0,5.75,740.0,
2024-12-19 05:00:00,66.5,83.0,5.25,4.7,6.78,10.5,2.75,0.47,14.28,,,,,,,,88.0,0.78,99.25,0.0,0.0,5.75,740.5,
2024-12-19 06:00:00,63.25,79.5,4.75,5.42,6.75,10.92,4.03,0.61,16.48,,,,,,,,88.0,1.12,93.5,0.0,0.0,8.5,741.0,
2024-12-19 07:00:00,67.75,88.0,4.88,6.78,7.55,10.82,4.9,0.71,16.76,,,,,,,,88.0,1.05,97.75,0.25,0.25,16.5,741.5,
2024-12-19 08:00:00,69.5,89.5,5.55,8.55,9.07,10.78,2.05,0.36,17.61,,,,,,,,89.0,1.48,90.5,0.0,0.0,43.5,742.0,
2024-12-19 09:00:00,66.5,81.75,5.88,8.3,9.2,11.58,0.7,0.15,19.64,,,,,,,,87.25,2.42,100.0,0.0,0.0,125.0,742.0,
2024-12-19 10:00:00,61.25,74.75,6.18,8.28,9.45,12.05,3.83,0.58,18.4,,,,,,,,84.5,2.17,101.75,0.0,0.0,107.0,742.0,
2024-12-19 11:00:00,58.0,80.25,5.93,8.53,9.4,12.03,3.73,0.52,13.96,,,,,,,,81.0,3.02,95.75,0.0,0.0,249.5,741.25,
2024-12-19 12:00:00,53.25,69.5,49.2,10.6,45.68,8.32,3.85,0.58,15.49,,,,,,,,78.5,2.88,102.25,0.0,0.0,213.75,741.0,
2024-12-19 13:00:00,48.0,62.5,5.85,8.95,9.52,9.3,4.72,0.71,13.64,,,,,,,,77.5,2.62,105.5,0.0,0.0,231.0,740.25,
2024-12-19 14:00:00,48.5,65.0,5.88,8.5,9.28,9.72,4.92,0.72,15.44,,,,,,,,77.0,3.12,118.25,0.0,0.0,239.0,740.0,
2024-12-19 15:00:00,48.75,67.25,5.38,10.22,9.8,11.55,6.2,0.85,16.89,,,,,,,,78.5,2.48,105.25,0.0,0.0,118.0,740.0,
2024-12-19 16:00:00,43.0,60.5,6.82,8.4,10.05,11.08,7.32,1.01,17.22,,,,,,,,79.75,2.7,108.5,0.0,0.0,44.5,739.5,
2024-12-19 17:00:00,34.25,46.25,4.05,7.05,7.05,10.78,6.62,0.91,15.21,,,,,,,,81.25,2.42,118.75,0.0,0.0,23.0,740.0,
2024-12-19 18:00:00,28.5,43.25,4.88,7.4,7.9,9.78,7.88,1.08,15.41,,,,,,,,82.25,2.25,93.5,0.0,0.0,9.75,740.0,
2024-12-19 19:00:00,36.25,44.5,5.72,7.5,8.65,8.93,6.9,0.97,16.43,,,,,,,,83.0,1.65,100.5,0.0,0.0,10.5,741.0,
2024-12-19 20:00:00,34.0,53.25,5.38,7.48,8.35,9.07,4.88,0.71,15.64,,,,,,,,83.75,0.8,86.75,0.0,0.0,10.75,741.0,
2024-12-19 21:00:00,22.5,46.0,5.85,7.72,8.85,8.62,4.62,0.7,16.38,,,,,,,,84.75,0.6,121.0,0.0,0.0,10.75,741.0,
2024-12-19 22:00:00,15.5,36.5,6.15,6.82,8.6,7.88,2.92,0.48,16.11,,,,,,,,85.0,0.65,103.5,0.0,0.0,10.5,741.0,
2024-12-19 23:00:00,15.5,24.5,5.7,5.52,7.55,8.57,3.18,0.49,19.24,,,,,,,,85.0,0.75,142.25,0.0,0.0,9.75,741.0,
2024-12-20 00:00:00,11.25,21.0,7.42,6.68,9.57,9.07,3.88,0.59,20.28,,,,,,,,86.0,0.75,266.25,0.0,0.0,9.75,740.25,
2024-12-20 01:00:00,14.0,25.5,6.55,5.55,8.3,9.38,4.75,0.69,16.35,,,,,,,,86.75,0.6,285.75,0.0,0.0,9.75,740.0,
2024-12-20 02:00:00,17.5,28.0,7.85,4.92,9.02,8.72,5.35,0.77,17.46,,,,,,,,87.5,0.78,273.0,0.0,0.0,9.75,740.0,
2024-12-20 03:00:00,12.0,24.5,7.32,6.28,9.25,8.8,5.2,0.76,18.25,,,,,,,,87.0,0.92,254.25,0.0,0.0,10.75,740.0,
2024-12-20 04:00:00,18.0,29.0,8.18,5.15,9.38,8.12,5.95,0.84,15.97,,,,,,,,87.25,0.88,252.75,0.0,0.0,8.25,740.0,
2024-12-20 05:00:00,17.75,22.75,7.3,4.72,8.45,8.18,6.88,0.98,16.1,,,,,,,,88.0,1.52,117.0,0.0,0.0,5.5,740.0,
2024-12-20 06:00:00,18.0,29.0,8.9,4.92,9.82,7.98,4.5,0.66,16.32,,,,,,,,88.0,2.48,106.0,0.0,0.0,8.5,740.0,
2024-12-20 07:00:00,20.25,25.5,7.35,5.98,9.15,9.1,3.55,0.53,17.43,,,,,,,,88.0,2.38,104.0,0.0,0.0,25.25,740.5,
2024-12-20 08:00:00,19.0,31.75,7.42,7.0,9.75,8.88,4.08,0.61,16.14,,,,,,,,87.25,1.98,102.5,0.0,0.0,28.5,741.5,
2024-12-20 09:00:00,25.75,32.5,8.57,5.5,9.93,9.5,3.92,0.59,17.15,,,,,,,,85.75,2.02,95.25,0.0,0.0,80.5,742.0,
2024-12-20 10:00:00,39.75,50.0,7.7,7.18,10.05,9.75,6.42,0.9,15.89,,,,,,,,83.75,1.98,119.75,0.0,0.0,81.0,742.0,
2024-12-20 11:00:00,49.5,65.0,7.68,6.45,9.68,9.88,7.05,0.99,19.79,,,,,,,,80.25,2.68,105.5,0.0,0.0,145.5,741.5,
2024-12-20 12:00:00,51.25,70.0,6.85,5.08,8.25,9.78,4.68,0.69,14.13,,,,,,,,77.25,3.0,105.5,0.0,0.0,175.0,741.0,
2024-12-20 13:00:00,42.0,60.25,5.5,7.12,8.28,10.22,4.0,0.57,15.28,,,,,,,,76.75,3.08,112.25,0.0,0.0,137.75,740.25,
2024-12-20 14:00:00,35.5,59.5,4.53,7.02,7.43,9.32,4.55,0.67,16.07,,,,,,,,76.25,3.18,116.5,0.0,0.0,163.75,740.0,
2024-12-20 15:00:00,21.25,36.25,5.03,5.25,6.88,9.68,6.08,0.84,15.29,,,,,,,,73.75,3.0,100.0,0.0,0.0,149.75,740.0,
2024-12-20 16:00:00,15.5,37.25,4.92,5.95,7.18,9.7,9.1,1.23,17.7,,,,,,,,74.0,2.3,85.75,0.0,0.0,81.5,740.0,
2024-12-20 17:00:00,30.25,46.25,5.32,4.15,6.52,9.38,9.15,1.27,12.7,,,,,,,,77.5,2.3,80.0,0.0,0.0,29.5,740.0,
2024-12-20 18:00:00,27.75,46.5,4.82,4.85,6.5,9.43,8.22,1.12,18.34,,,,,,,,81.25,1.72,75.5,0.0,0.0,9.75,740.0,
2024-12-20 19:00:00,34.75,51.75,5.07,6.95,7.82,9.2,8.05,1.1,16.37,,,,,,,,83.0,2.1,74.5,0.0,0.0,10.5,740.75,
2024-12-20 20:00:00,31.0,45.5,3.8,7.52,7.1,8.98,5.5,0.79,15.52,,,,,,,,84.0,0.42,74.75,0.0,0.0,10.75,741.0,
2024-12-20 21:00:00,31.0,47.0,5.35,8.02,8.62,9.25,4.9,0.7,16.25,,,,,,,,84.5,0.3,168.75,0.0,0.0,10.5,741.75,
2024-12-20 22:00:00,31.25,50.0,4.22,7.98,7.68,9.5,2.38,0.4,15.38,,,,,,,,85.0,0.3,230.75,0.0,0.0,10.5,742.0,
2024-12-20 23:00:00,31.25,63.0,6.7,9.6,10.55,9.52,2.02,0.34,16.6,,,,,,,,85.5,0.3,185.25,0.0,0.0,9.0,741.25,
2024-12-21 00:00:00,30.0,78.5,7.7,11.02,12.1,9.7,2.1,0.37,18.86,,,,,,,,86.5,0.3,334.0,0.0,0.0,9.75,741.0,
2024-12-21 01:00:00,31.25,79.25,6.12,7.35,8.9,9.68,2.48,0.41,17.49,,,,,,,,87.0,0.3,257.25,0.0,0.0,8.5,741.0,
2024-12-21 02:00:00,24.75,47.25,8.6,5.65,10.0,9.85,5.28,0.76,17.04,,,,,,,,86.5,0.3,206.5,0.0,0.0,9.75,740.5,
2024-12-21 03:00:00,20.25,38.0,7.5,5.28,8.9,9.18,5.72,0.82,18.2,,,,,,,,86.0,0.4,91.75,0.0,0.0,9.75,740.0,
2024-12-21 04:00:00,19.25,35.5,7.45,5.58,9.0,8.65,5.75,0.82,17.43,,,,,,,,86.25,0.32,230.25,0.0,0.0,9.75,740.0,
2024-12-21 05:00:00,23.5,39.75,8.2,7.8,10.85,9.02,6.9,0.97,17.07,,,,,,,,87.0,0.3,221.0,0.0,0.0,9.75,740.0,
2024-12-21 06:00:00,27.75,53.25,7.92,10.6,12.08,9.18,4.95,0.72,16.92,,,,,,,,87.0,0.3,151.25,0.0,0.0,15.75,740.75,
2024-12-21 07:00:00,37.5,70.75,9.22,10.25,12.95,9.45,5.2,0.73,15.35,,,,,,,,85.25,0.32,241.5,0.0,0.0,57.75,741.25,
2024-12-21 08:00:00,41.25,75.0,7.38,9.02,10.78,9.45,7.05,0.98,16.38,,,,,,,,81.0,0.4,128.5,0.0,0.0,86.25,742.0,
2024-12-21 09:00:00,37.25,64.0,8.05,5.38,9.4,9.32,7.2,0.99,16.31,,,,,,,,77.0,1.05,99.75,0.0,0.0,185.0,742.25,
2024-12-21 10:00:00,29.0,40.25,8.0,5.28,9.28,8.62,7.22,1.0,14.8,,,,,,,,73.25,1.18,109.5,0.0,0.0,237.75,743.0,
2024-12-21 11:00:00,19.5,48.25,7.38,6.3,9.35,9.38,6.12,0.88,12.45,,,,,,,,72.5,1.78,98.0,0.0,0.0,269.75,742.0,
2024-12-21 12:00:00,19.75,66.0,7.35,5.8,9.1,9.6,7.6,1.05,16.0,,,,,,,,70.0,1.7,91.25,0.0,0.0,275.75,741.75,
2024-12-21 13:00:00,24.25,53.75,6.1,3.9,7.02,9.55,8.32,1.13,14.44,,,,,,,,69.5,1.83,93.25,0.0,0.0,250.0,741.0,
2024-12-21 14:00:00,21.75,50.25,7.18,3.55,7.7,9.2,7.9,1.08,13.54,,,,,,,,68.25,1.62,95.75,0.0,0.0,238.0,741.0,
2024-12-21 15:00:00,22.25,46.5,6.68,6.43,8.85,9.6,9.8,1.27,17.11,,,,,,,,68.0,1.15,103.25,0.0,0.0,164.75,741.0,
2024-12-21 16:00:00,26.75,60.25,6.05,4.77,7.45,9.98,10.78,1.05,18.8,,,,,,,,68.75,1.02,105.75,0.0,0.0,89.0,741.0,
2024-12-21 17:00:00,26.25,61.5,6.38,9.85,10.4,9.3,9.98,0.81,17.16,,,,,,,,77.5,0.48,137.25,0.0,0.0,23.0,741.0,
2024-12-21 18:00:00,19.75,61.5,5.45,9.8,9.65,9.75,7.72,0.81,15.99,,,,,,,,79.0,0.38,100.0,0.0,0.0,10.75,741.75,
2024-12-21 19:00:00,28.25,63.0,6.75,14.65,13.3,9.05,7.95,0.75,12.24,,,,,,,,79.0,0.35,111.5,0.0,0.0,11.25,742.0,
2024-12-21 20:00:00,31.25,73.5,7.4,10.62,11.65,8.65,6.88,0.81,15.61,,,,,,,,81.0,0.48,117.25,0.0,0.0,11.5,743.0,
2024-12-21 21:00:00,11.25,50.5,8.35,8.9,11.48,7.98,5.65,0.86,15.02,,,,,,,,81.5,0.3,102.0,0.0,0.0,11.5,743.0,
2024-12-21 22:00:00,12.5,50.0,7.32,11.2,11.92,8.05,7.12,0.88,16.84,,,,,,,,81.75,0.3,94.5,0.0,0.0,11.25,743.0,
2024-12-21 23:00:00,13.5,51.5,8.98,10.1,12.68,9.12,8.75,0.98,17.12,,,,,,,,82.75,0.3,85.5,0.0,0.0,10.25,742.0,
2024-12-22 00:00:00,12.75,50.25,9.35,11.85,13.95,9.18,7.88,0.88,19.58,,,,,,,,83.5,0.3,167.0,0.0,0.0,9.75,742.0,
2024-12-22 01:00:00,14.75,56.75,8.15,11.28,12.62,8.8,5.85,0.86,17.19,,,,,,,,85.0,0.3,99.75,0.0,0.0,10.25,742.0,
2024-12-22 02:00:00,14.25,47.0,9.7,8.0,12.12,9.45,6.12,0.83,17.52,,,,,,,,86.5,0.3,34.0,0.0,0.0,9.75,741.0,
2024-12-22 03:00:00,15.25,43.5,9.25,7.7,11.58,8.8,6.32,0.66,16.84,,,,,,,,86.5,0.3,95.75,0.0,0.0,10.75,741.0,
2024-12-22 04:00:00,15.0,32.5,8.25,6.1,9.93,8.52,3.98,0.63,16.22,,,,,,,,86.5,0.3,339.0,0.0,0.0,10.75,741.0,
2024-12-22 05:00:00,12.5,32.5,9.07,7.88,11.52,7.85,3.8,0.77,16.91,,,,,,,,87.25,0.3,227.5,0.0,0.0,10.75,741.75,
2024-12-22 06:00:00,14.5,34.0,9.48,7.5,11.7,7.82,5.1,0.79,16.55,,,,,,,,87.0,0.3,68.75,0.0,0.0,15.25,742.0,
2024-12-22 07:00:00,16.0,29.25,11.05,9.65,14.1,8.5,5.4,0.96,16.77,,,,,,,,85.75,0.3,64.0,0.0,0.0,48.5,742.75,
2024-12-22 08:00:00,15.75,43.75,10.32,7.9,12.58,9.02,6.95,1.05,17.13,,,,,,,,82.25,0.35,148.75,0.0,0.0,98.25,743.25,
2024-12-22 09:00:00,15.0,45.25,10.62,4.55,11.08,8.75,6.6,0.84,16.6,,,,,,,,77.75,0.65,99.25,0.0,0.0,141.75,744.0,
2024-12-22 10:00:00,16.25,36.5,10.68,6.42,12.05,8.78,6.55,0.79,15.4,,,,,,,,75.0,0.75,105.0,0.0,0.0,132.0,743.5,
2024-12-22 11:00:00,18.75,46.75,9.57,6.35,11.18,8.7,7.45,0.66,15.98,,,,,,,,71.75,0.75,123.25,0.0,0.0,184.5,743.0,
2024-12-22 12:00:00,14.75,55.0,9.45,4.72,10.18,8.45,6.6,0.55,15.43,,,,,,,,70.75,1.18,148.25,0.0,0.0,249.25,743.0,
2024-12-22 13:00:00,13.25,56.5,9.52,5.28,10.58,8.57,8.18,0.69,15.78,,,,,,,,69.0,1.8,148.25,0.0,0.0,313.0,742.0,
2024-12-22 14:00:00,12.0,59.5,7.78,4.82,8.9,8.45,7.55,0.69,15.75,,,,,,,,69.5,1.17,134.5,0.0,0.0,176.75,741.25,
2024-12-22 15:00:00,15.0,52.5,6.78,5.38,8.35,8.95,8.0,0.78,17.45,,,,,,,,69.75,1.15,125.0,0.0,0.0,144.5,741.0,
2024-12-22 16:00:00,14.0,48.0,6.48,4.8,7.78,9.52,10.02,0.7,17.89,,,,,,,,72.5,1.05,152.75,0.0,0.0,81.5,741.0,
2024-12-22 17:00:00,10.0,53.5,6.62,7.18,9.18,11.18,8.52,0.83,15.57,,,,,,,,75.5,0.78,170.75,0.0,0.0,24.75,741.5,
2024-12-22 18:00:00,8.0,43.75,6.22,6.32,8.43,9.78,8.52,0.81,16.16,,,,,,,,77.5,0.68,129.0,0.0,0.0,11.75,742.0,
2024-12-22 19:00:00,13.25,50.25,5.62,6.95,8.25,9.32,7.7,0.67,16.23,,,,,,,,78.75,0.4,95.75,0.0,0.0,12.25,742.75,
2024-12-22 20:00:00,19.5,65.5,6.88,7.0,9.28,8.45,6.25,0.74,15.98,,,,,,,,80.0,0.32,80.25,0.0,0.0,12.5,743.0,
2024-12-22 21:00:00,18.5,70.0,6.05,7.85,9.1,8.68,5.22,0.81,15.86,,,,,,,,81.0,0.3,120.5,0.0,0.0,12.5,743.0,
2024-12-22 22:00:00,21.25,63.75,5.98,9.15,9.7,9.18,4.92,0.83,16.57,,,,,,,,82.0,0.3,89.0,0.0,0.0,12.25,743.0,
2024-12-22 23:00:00,23.75,67.25,7.0,7.4,9.57,9.1,5.03,0.9,16.58,,,,,,,,83.0,0.35,99.0,0.0,0.0,11.5,742.5,
2024-12-23 00:00:00,18.5,51.75,5.38,5.38,7.25,9.4,4.78,0.99,16.75,,,,,,,,82.75,0.3,81.0,0.0,0.0,11.5,742.0,
2024-12-23 01:00:00,14.25,46.5,5.95,7.08,8.6,9.3,4.58,0.8,16.68,,,,,,,,84.0,0.3,71.0,0.0,0.0,11.5,742.0,
2024-12-23 02:00:00,14.0,39.5,7.0,3.18,7.35,8.27,3.6,0.73,16.33,,,,,,,,84.0,0.3,124.75,0.0,0.0,11.5,741.5,
2024-12-23 03:00:00,10.5,34.25,6.15,4.03,7.15,9.05,3.0,0.63,15.7,,,,,,,,85.5,0.3,130.0,0.0,0.0,11.75,741.0,
2024-12-23 04:00:00,14.75,42.75,5.1,4.97,6.82,8.43,3.38,0.5,16.52,,,,,,,,86.0,0.3,86.75,0.0,0.0,12.25,741.75,
2024-12-23 05:00:00,33.0,51.5,5.7,5.6,7.62,8.62,4.1,0.72,15.12,,,,,,,,86.0,0.3,118.75,0.0,0.0,12.5,742.0,
2024-12-23 06:00:00,35.5,64.0,5.62,6.55,8.02,9.15,4.58,0.74,15.25,,,,,,,,86.0,0.32,81.75,0.0,0.0,17.25,742.25,
2024-12-23 07:00:00,33.75,67.25,7.5,5.88,9.28,9.6,5.35,0.84,16.08,,,,,,,,84.0,0.55,86.75,0.0,0.0,46.0,743.0,
2024-12-23 08:00:00,30.25,55.0,7.62,5.45,9.12,8.82,7.65,0.95,15.52,,,,,,,,79.75,1.15,89.5,0.0,0.0,148.0,743.75,
2024-12-23 09:00:00,20.5,45.75,6.32,6.68,8.7,9.4,9.52,0.78,15.72,,,,,,,,74.5,1.55,102.0,0.0,0.0,248.75,744.0,
2024-12-23 10:00:00,15.5,51.75,6.0,5.28,7.7,9.07,7.28,0.74,15.35,,,,,,,,68.5,2.0,103.25,0.0,0.0,315.75,743.25,
2024-12-23 11:00:00,14.75,46.0,6.68,7.07,9.2,10.68,5.42,0.74,28.7,,,,,,,,66.25,2.15,96.5,0.0,0.0,343.25,743.0,
2024-12-23 12:00:00,16.75,54.5,5.18,8.75,8.85,9.32,5.52,0.53,13.83,,,,,,,,65.0,1.95,111.0,0.0,0.0,342.25,742.75,
2024-12-23 13:00:00,15.5,66.75,3.92,7.18,7.0,10.48,6.1,0.76,14.1,,,,,,,,64.0,2.48,101.75,0.0,0.0,320.75,741.75,
2024-12-23 14:00:00,14.5,51.25,4.5,8.98,8.43,11.28,7.95,0.66,19.93,,,,,,,,61.25,2.4,102.25,0.0,0.0,263.75,741.5,
2024-12-23 15:00:00,14.75,44.5,4.22,5.15,6.18,9.02,6.9,0.64,13.81,,,,,,,,62.75,2.42,106.5,0.0,0.0,189.75,741.5,
2024-12-23 16:00:00,10.5,50.25,4.72,4.75,6.38,8.57,3.78,0.69,13.84,,,,,,,,67.5,2.2,105.25,0.0,0.0,98.25,741.0,
2024-12-23 17:00:00,10.75,52.25,4.1,4.1,5.52,8.82,4.22,0.72,15.1,,,,,,,,70.75,1.8,106.0,0.0,0.0,29.75,741.0,
2024-12-23 18:00:00,16.25,45.75,4.18,3.25,5.1,8.9,4.55,0.72,14.66,,,,,,,,74.25,1.23,100.25,0.0,0.0,12.5,741.0,
2024-12-23 19:00:00,17.0,41.25,5.12,3.62,6.05,8.43,4.88,0.7,14.14,,,,,,,,76.5,0.95,95.75,0.0,0.0,12.5,742.0,
2024-12-23 20:00:00,18.25,40.5,4.08,4.3,5.6,8.7,4.95,0.68,14.24,,,,,,,,78.0,0.98,100.0,0.0,0.0,12.75,742.25,
2024-12-23 21:00:00,21.0,43.75,4.2,4.75,5.92,8.6,4.62,0.69,13.2,,,,,,,,78.0,0.88,90.25,0.0,0.0,13.0,742.75,
2024-12-23 22:00:00,17.0,35.75,4.65,3.92,5.88,8.05,2.6,0.7,14.3,,,,,,,,79.0,0.72,92.25,0.0,0.0,12.75,742.25,
2024-12-23 23:00:00,12.75,23.0,5.12,2.53,5.48,8.18,1.65,0.7,13.76,,,,,,,,80.25,0.9,93.5,0.0,0.0,13.0,742.0,
2024-12-24 00:00:00,8.25,23.75,4.25,4.15,5.62,8.52,2.62,0.73,14.34,,,,,,,,81.5,0.42,87.75,0.0,0.0,12.5,742.0,
2024-12-24 01:00:00,6.0,22.5,3.72,3.35,4.8,8.12,3.65,0.72,15.34,,,,,,,,80.5,0.85,93.0,0.0,0.0,12.0,741.25,
2024-12-24 02:00:00,6.25,13.25,4.2,1.75,4.38,8.18,3.72,0.7,14.59,,,,,,,,81.0,0.92,96.25,0.0,0.0,12.25,741.0,
2024-12-24 03:00:00,7.0,16.25,5.25,2.97,5.45,7.98,3.8,0.66,15.18,,,,,,,,81.25,1.05,93.5,0.0,0.0,12.5,740.75,
2024-12-24 04:00:00,6.5,14.75,3.97,2.45,4.5,8.07,3.05,0.63,14.78,,,,,,,,81.75,0.95,91.0,0.0,0.0,12.75,740.5,
2024-12-24 05:00:00,5.0,16.0,4.25,3.35,5.25,8.15,2.85,0.63,13.4,,,,,,,,82.0,0.98,91.5,0.0,0.0,13.0,741.0,
2024-12-24 06:00:00,6.5,16.0,4.03,2.92,4.85,8.65,4.62,0.66,13.74,,,,,,,,81.5,0.75,91.5,0.0,0.0,15.0,742.0,
2024-12-24 07:00:00,11.25,26.0,5.12,3.6,6.12,8.18,5.25,0.68,14.14,,,,,,,,82.0,0.95,85.25,0.0,0.0,34.0,742.0,
2024-12-24 08:00:00,13.0,27.75,4.7,5.12,6.58,8.62,2.5,0.72,14.46,,,,,,,,83.75,0.85,92.5,0.0,0.0,41.75,743.0,
2024-12-24 09:00:00,15.5,23.25,4.88,6.55,7.45,8.6,1.4,0.77,15.58,,,,,,,,86.5,0.82,96.0,0.0,0.0,61.75,743.0,
2024-12-24 10:00:00,12.75,19.75,5.7,4.15,6.82,9.05,4.18,0.78,14.37,,,,,,,,84.75,1.4,107.0,0.0,0.0,100.0,743.0,
2024-12-24 11:00:00,8.0,16.0,3.58,5.2,5.68,8.75,7.15,0.74,14.31,,,,,,,,81.5,1.75,120.25,0.0,0.0,155.5,742.75,
2024-12-24 12:00:00,5.0,17.75,3.88,3.3,4.92,8.75,5.4,0.72,14.6,,,,,,,,78.75,2.88,121.5,0.0,0.0,189.25,741.75,
2024-12-24 13:00:00,6.0,23.0,4.2,5.2,6.18,9.93,4.32,0.66,13.9,,,,,,,,79.5,2.02,127.5,0.0,0.0,108.0,741.25,
2024-12-24 14:00:00,9.75,23.75,2.6,4.15,4.3,9.05,4.0,0.6,12.44,,,,,,,,78.25,2.0,122.75,0.0,0.0,136.0,741.0,
2024-12-24 15:00:00,14.0,29.25,3.0,4.18,4.65,8.28,4.2,0.74,12.73,,,,,,,,78.0,1.4,125.25,0.0,0.0,69.75,741.0,
2024-12-24 16:00:00,20.0,38.0,3.65,4.1,5.08,8.2,3.35,0.74,13.35,,,,,,,,78.5,1.15,113.75,0.0,0.0,46.75,741.0,
2024-12-24 17:00:00,19.25,35.25,2.85,5.72,5.38,8.78,3.88,0.85,14.56,,,,,,,,79.75,1.1,106.25,0.0,0.0,19.75,741.0,
2024-12-24 18:00:00,16.5,35.5,3.5,5.12,5.57,8.78,4.18,0.94,14.4,,,,,,,,80.0,0.78,122.5,0.0,0.0,12.5,741.75,
2024-12-24 19:00:00,15.25,34.25,2.88,5.22,5.12,9.02,4.8,0.79,14.67,,,,,,,,80.75,0.9,114.5,0.0,0.0,12.5,742.0,
2024-12-24 20:00:00,17.0,36.0,3.32,6.25,6.05,8.78,5.75,0.78,14.73,,,,,,,,81.0,0.75,111.25,0.0,0.0,12.5,743.0,
2024-12-24 21:00:00,18.5,37.5,5.25,4.22,6.52,8.82,6.88,0.68,13.97,,,,,,,,81.0,0.95,98.5,0.0,0.0,12.75,743.0,
2024-12-24 22:00:00,13.0,30.5,3.48,4.75,5.32,8.57,3.12,0.59,13.74,,,,,,,,80.25,1.12,98.5,0.0,0.0,12.75,743.0,
2024-12-24 23:00:00,8.75,20.5,3.85,3.42,5.0,7.98,1.82,0.72,14.88,,,,,,,,81.0,1.05,107.0,0.0,0.0,13.25,742.0,
2024-12-25 00:00:00,5.0,15.25,4.1,3.05,4.97,8.62,4.82,0.73,13.44,,,,,,,,81.75,1.08,98.5,0.0,0.0,13.25,742.0,
2024-12-25 01:00:00,5.0,18.75,4.03,3.05,4.9,8.02,6.38,0.8,14.0,,,,,,,,81.75,0.9,93.25,0.0,0.0,12.75,742.0,
2024-12-25 02:00:00,12.0,22.75,3.9,5.18,5.9,8.3,5.52,0.87,15.0,,,,,,,,82.0,0.85,86.0,0.0,0.0,12.5,741.25,
2024-12-25 03:00:00,31.5,57.0,4.55,7.45,7.62,8.15,6.48,0.73,15.36,,,,,,,,83.0,0.62,86.75,0.0,0.0,12.5,741.0,
2024-12-25 04:00:00,25.25,40.5,3.85,6.88,6.78,8.77,6.95,0.7,15.6,,,,,,,,83.0,0.65,92.25,0.0,0.0,12.5,741.0,
2024-12-25 05:00:00,22.75,58.5,4.4,6.3,6.9,8.88,6.98,0.64,15.77,,,,,,,,84.0,0.8,84.0,0.0,0.0,12.75,741.25,
2024-12-25 06:00:00,30.0,66.75,4.38,8.35,8.02,8.72,6.68,0.57,15.6,,,,,,,,84.0,0.72,99.0,0.0,0.0,20.0,742.0,
2024-12-25 07:00:00,29.25,52.25,4.42,5.28,6.42,8.98,7.9,0.72,15.44,,,,,,,,83.0,0.88,101.0,0.0,0.0,70.25,743.0,
2024-12-25 08:00:00,34.25,57.0,4.75,5.92,7.0,8.82,8.85,0.74,15.71,,,,,,,,80.75,1.52,92.75,0.0,0.0,130.75,743.25,
2024-12-25 09:00:00,31.0,56.75,5.78,5.75,7.78,9.07,9.85,0.86,15.39,,,,,,,,80.75,1.7,90.25,0.0,0.0,152.25,744.0,
2024-12-25 10:00:00,36.75,49.0,6.95,5.7,8.7,9.68,9.02,0.95,16.48,,,,,,,,84.0,1.3,74.5,0.0,0.0,109.0,743.5,
2024-12-25 11:00:00,36.0,53.75,4.8,6.2,7.18,10.52,8.0,0.82,15.36,,,,,,,,83.25,1.4,83.25,0.0,0.0,123.0,743.0,
2024-12-25 12:00:00,38.0,54.75,4.7,7.32,7.72,9.72,7.08,0.81,15.19,,,,,,,,81.75,1.18,90.75,0.0,0.0,90.5,742.75,
2024-12-25 13:00:00,45.5,71.0,3.95,5.95,6.35,10.45,6.18,0.74,14.62,,,,,,,,83.25,1.2,94.5,0.0,0.0,102.5,742.0,
2024-12-25 14:00:00,50.0,81.5,5.18,5.42,7.08,9.98,5.8,0.64,14.37,,,,,,,,81.5,1.92,74.75,0.0,0.0,114.75,741.75,
2024-12-25 15:00:00,50.0,90.5,4.9,5.28,6.75,10.38,6.4,0.79,14.04,,,,,,,,83.75,1.38,79.5,0.0,0.0,51.5,741.0,
2024-12-25 16:00:00,47.0,70.75,5.42,5.75,7.48,9.7,4.5,0.81,15.47,,,,,,,,87.25,0.78,86.25,0.0,0.0,32.0,741.25,
2024-12-25 17:00:00,35.25,46.5,4.92,5.58,6.98,9.52,3.95,0.89,15.33,,,,,,,,88.5,0.62,95.75,0.0,0.0,7.5,742.0,
2024-12-25 18:00:00,27.25,30.0,5.38,5.48,7.3,9.2,3.9,1.0,15.93,,,,,,,,88.25,0.78,96.25,0.0,0.0,5.25,742.0,
2024-12-25 19:00:00,27.75,30.25,4.4,5.75,6.6,9.1,3.75,0.86,16.0,,,,,,,,88.0,1.18,97.25,0.0,0.0,7.75,742.25,
2024-12-25 20:00:00,28.25,31.75,2.75,5.08,4.92,9.12,1.8,0.82,15.37,,,,,,,,86.75,1.3,110.0,0.0,0.0,9.0,743.0,
2024-12-25 21:00:00,32.0,34.0,4.42,4.82,6.15,9.25,1.38,0.77,14.9,,,,,,,,86.0,1.5,105.75,0.0,0.0,10.5,743.5,
2024-12-25 22:00:00,32.0,38.0,4.4,4.38,5.88,9.75,4.58,0.68,14.36,,,,,,,,86.75,2.02,96.0,0.0,0.0,10.75,743.0,
2024-12-25 23:00:00,32.0,38.0,3.85,3.45,5.0,9.65,6.62,0.8,14.99,,,,,,,,86.75,1.8,105.25,0.0,0.0,10.5,743.0,
2024-12-26 00:00:00,,,4.47,2.72,5.08,9.3,5.35,0.8,14.26,,,,,,,,88.0,2.17,92.75,0.0,0.0,9.5,742.5,
2024-12-26 01:00:00,22.0,26.0,3.98,3.55,5.12,9.28,4.22,0.83,15.17,,,,,,,,88.5,1.8,89.75,0.0,0.0,8.0,742.0,
2024-12-26 02:00:00,19.5,22.75,5.03,3.2,5.8,8.8,6.3,0.89,15.86,,,,,,,,89.5,2.0,83.5,0.0,0.0,6.25,741.25,
2024-12-26 03:00:00,13.5,14.5,4.75,3.82,5.9,9.28,6.78,0.74,15.57,,,,,,,,90.0,1.92,81.0,0.5,0.5,5.75,741.0,
2024-12-26 04:00:00,18.0,19.0,3.48,3.6,4.75,9.38,4.42,0.72,16.04,,,,,,,,90.0,1.68,101.0,2.25,2.25,5.0,741.0,
2024-12-26 05:00:00,,,4.1,1.77,4.55,10.33,3.9,0.72,8.84,,,,,,,,90.0,1.45,173.0,0.0,0.0,,741.5,
2024-12-26 06:00:00,5.0,9.0,5.27,4.35,6.6,8.6,6.88,1.12,24.48,,,,,,,,88.75,1.55,203.25,0.0,0.0,8.5,742.5,
2024-12-26 07:00:00,5.5,10.75,5.32,3.5,6.22,9.12,8.35,0.68,15.54,,,,,,,,87.25,1.82,209.0,0.0,0.0,24.5,743.5,
2024-12-26 08:00:00,7.0,16.0,6.92,3.7,7.65,9.38,4.45,0.72,14.95,,,,,,,,86.5,1.08,203.75,0.0,0.0,62.25,744.25,
2024-12-26 09:00:00,12.0,16.0,6.7,3.62,7.4,8.6,3.4,0.73,14.48,,,,,,,,84.25,1.18,209.25,0.0,0.0,94.75,745.0,
2024-12-26 10:00:00,11.5,18.0,6.7,3.42,7.28,8.98,5.22,0.79,15.12,,,,,,,,82.75,1.02,203.75,0.0,0.0,103.25,745.25,
2024-12-26 11:00:00,9.0,22.5,7.22,5.52,8.82,10.07,5.88,0.77,15.28,,,,,,,,79.0,2.22,214.0,0.0,0.0,229.75,745.0,
2024-12-26 12:00:00,5.75,19.25,5.32,4.2,6.6,9.15,4.88,0.77,16.89,,,,,,,,76.5,1.2,203.25,0.0,0.0,192.25,744.5,
2024-12-26 13:00:00,5.5,24.75,5.58,3.75,6.52,8.65,3.75,0.69,16.67,,,,,,,,76.0,0.72,189.5,0.0,0.0,249.0,744.0,
2024-12-26 14:00:00,8.0,30.5,6.22,3.38,6.85,8.57,5.3,0.67,15.02,,,,,,,,76.25,0.62,179.5,0.0,0.0,152.5,743.5,
2024-12-26 15:00:00,11.0,32.25,6.28,2.82,6.62,8.85,5.6,0.6,18.16,,,,,,,,77.25,0.82,167.0,0.0,0.0,130.5,743.0,
2024-12-26 16:00:00,12.0,33.25,4.27,4.22,5.68,8.6,6.22,0.56,13.2,,,,,,,,77.0,1.02,148.25,0.0,0.0,77.75,743.0,
2024-12-26 17:00:00,15.75,33.25,5.45,3.78,6.45,8.12,5.1,0.66,13.81,,,,,,,,82.5,1.3,129.75,0.0,0.0,18.0,743.25,
2024-12-26 18:00:00,16.5,29.75,4.38,3.72,5.55,8.38,3.28,0.7,14.27,,,,,,,,84.25,0.57,146.0,0.0,0.0,7.5,744.0,
2024-12-26 19:00:00,11.25,25.5,5.7,2.62,6.08,8.75,3.15,0.76,15.57,,,,,,,,83.0,0.68,187.75,0.0,0.0,6.75,744.25,
2024-12-26 20:00:00,9.75,24.0,4.8,3.67,5.35,8.82,3.5,0.8,15.46,,,,,,,,82.25,0.85,167.75,0.0,0.0,6.75,745.0,
2024-12-26 21:00:00,12.0,23.75,5.3,2.38,5.58,8.93,3.3,0.69,15.28,,,,,,,,79.5,1.02,160.5,0.0,0.0,6.75,745.0,
2024-12-26 22:00:00,11.25,21.5,6.0,1.4,5.65,8.98,3.5,0.66,14.72,,,,,,,,84.0,0.65,172.0,0.0,0.0,6.5,745.0,
2024-12-26 23:00:00,8.25,16.5,6.6,2.58,6.72,8.05,3.68,0.57,14.72,,,,,,,,86.25,0.3,174.5,0.0,0.0,6.0,744.75,
2024-12-27 00:00:00,7.0,16.25,5.82,5.0,7.38,8.07,3.92,0.55,14.75,,,,,,,,86.25,0.3,217.25,0.0,0.0,6.75,744.25,
2024-12-27 01:00:00,10.0,20.0,6.95,3.48,7.5,7.7,3.28,0.65,15.5,,,,,,,,87.75,0.43,172.0,1.25,1.25,4.25,744.0,
2024-12-27 02:00:00,,,5.78,1.55,5.52,8.05,5.85,0.68,14.54,,,,,,,,88.5,0.32,156.5,0.5,0.5,3.0,744.0,
2024-12-27 03:00:00,5.0,15.0,6.35,2.45,6.5,8.28,6.75,0.74,15.13,,,,,,,,89.0,0.32,209.0,0.5,0.5,2.5,743.25,
2024-12-27 04:00:00,7.25,15.25,6.9,2.78,7.1,8.45,6.28,0.79,15.33,,,,,,,,88.5,0.3,194.75,0.0,0.0,2.0,743.5,
2024-12-27 05:00:00,13.25,18.5,6.55,2.1,6.45,8.75,5.45,0.66,14.86,,,,,,,,87.75,0.3,178.0,0.0,0.0,2.25,744.0,
2024-12-27 06:00:00,15.5,32.5,8.25,4.0,8.85,8.78,5.7,0.67,14.83,,,,,,,,86.5,0.4,173.5,0.0,0.0,8.0,744.25,
2024-12-27 07:00:00,30.75,52.25,7.58,3.6,8.05,9.75,5.38,0.58,14.04,,,,,,,,83.5,0.7,151.0,0.0,0.0,45.25,745.25,
2024-12-27 08:00:00,35.0,54.25,9.05,4.18,9.57,8.93,5.15,0.55,14.06,,,,,,,,80.25,1.02,145.0,0.0,0.0,71.5,746.0,
2024-12-27 09:00:00,29.5,56.0,7.75,4.55,8.72,8.67,4.6,0.69,13.3,,,,,,,,79.25,1.05,155.75,0.0,0.0,75.75,746.25,
2024-12-27 10:00:00,25.0,50.0,7.35,3.88,8.0,9.07,5.05,0.72,13.65,,,,,,,,76.25,1.15,156.5,0.0,0.0,158.0,747.0,
2024-12-27 11:00:00,30.5,51.25,7.12,3.15,7.42,9.0,4.32,0.78,14.32,,,,,,,,74.0,1.38,156.0,0.0,0.0,254.25,746.25,
2024-12-27 12:00:00,20.0,53.25,7.32,2.95,7.52,9.35,4.88,0.83,14.17,,,,,,,,72.5,2.55,143.75,0.0,0.0,333.75,746.0,
2024-12-27 13:00:00,19.0,46.5,4.45,4.05,5.75,9.45,5.15,0.68,15.2,,,,,,,,70.75,2.15,124.0,0.0,0.0,314.5,745.0,
2024-12-27 14:00:00,15.0,44.0,3.92,4.2,5.45,9.02,5.05,0.64,14.67,,,,,,,,69.5,2.3,116.25,0.0,0.0,260.0,745.0,
2024-12-27 15:00:00,13.0,51.5,2.7,2.8,3.68,9.7,4.72,0.49,12.7,,,,,,,,71.5,2.5,121.0,0.0,0.0,183.5,745.0,
2024-12-27 16:00:00,17.0,56.25,2.82,4.45,4.62,9.32,3.32,0.58,12.56,,,,,,,,73.25,1.7,131.25,0.0,0.0,91.25,745.0,
2024-12-27 17:00:00,22.0,56.75,2.85,6.0,5.5,9.3,3.68,0.62,11.61,0.48,25.08,,,,,,76.75,0.95,117.25,0.0,0.0,22.25,745.0,
2024-12-27 18:00:00,30.0,62.25,3.18,6.58,6.12,9.18,5.2,0.69,11.74,0.68,3.1,,,,,,78.75,0.6,119.75,0.0,0.0,7.5,745.0,
2024-12-27 19:00:00,33.0,76.5,3.2,5.52,5.55,10.1,6.15,0.82,23.24,0.9,0.2,,,,,,79.5,0.48,117.75,0.0,0.0,6.0,745.0,
2024-12-27 20:00:00,27.67,59.25,4.5,4.25,5.9,8.95,6.48,0.66,22.07,0.9,3.9,,,,,,80.0,0.45,126.75,0.0,0.0,6.75,745.75,
2024-12-27 21:00:00,23.33,52.25,5.72,6.15,7.92,8.6,6.92,0.72,14.6,0.95,4.03,,,,,,82.0,0.38,111.0,0.0,0.0,6.75,746.0,
2024-12-27 22:00:00,28.0,64.75,5.78,6.85,8.35,8.33,4.75,0.74,14.79,1.0,4.22,,,,,,83.25,0.3,100.75,0.0,0.0,6.75,745.75,
2024-12-27 23:00:00,28.0,65.5,6.38,4.62,7.65,8.55,4.1,0.64,13.72,1.0,3.22,,,,,,82.5,0.45,119.25,0.0,0.0,7.5,745.25,
2024-12-28 00:00:00,29.0,68.0,5.48,4.18,6.7,8.8,4.47,0.52,12.26,1.0,4.45,,,,,,81.25,0.68,119.0,0.0,0.0,7.75,745.0,
2024-12-28 01:00:00,28.25,59.5,6.05,2.88,6.45,8.78,4.32,0.68,12.42,1.0,4.12,,,,,,81.0,0.6,115.5,0.0,0.0,7.75,745.0,
2024-12-28 02:00:00,21.25,52.25,5.45,3.15,6.12,8.45,4.68,0.7,12.5,0.98,3.1,,,,,,80.0,0.65,117.75,0.0,0.0,7.75,744.25,
2024-12-28 03:00:00,24.5,51.25,5.7,2.88,6.15,9.05,5.25,0.78,13.25,0.92,4.0,,,,,,79.5,0.62,120.5,0.0,0.0,7.25,744.0,
2024-12-28 04:00:00,22.75,46.75,5.92,1.62,5.68,8.98,3.55,0.82,12.73,0.9,1.9,,,,,,79.0,0.57,115.5,0.0,0.0,7.0,744.0,
2024-12-28 05:00:00,22.25,49.75,5.38,3.18,6.05,8.98,4.4,0.66,11.53,0.9,1.92,,,,,,78.75,0.7,107.75,0.0,0.0,7.0,744.0,
2024-12-28 06:00:00,25.5,53.75,5.4,4.38,6.7,9.05,4.53,0.67,13.58,0.9,2.92,,,,,,79.5,0.4,113.75,0.0,0.0,12.0,745.0,
2024-12-28 07:00:00,31.25,62.0,5.18,5.65,7.2,8.72,4.05,0.59,13.04,0.9,3.95,,,,,,78.0,0.5,108.5,0.0,0.0,40.25,745.5,
2024-12-28 08:00:00,29.0,69.25,6.2,5.25,7.85,9.18,4.0,0.6,12.96,0.9,4.15,,,,,,75.0,0.92,111.25,0.0,0.0,136.75,746.25,
2024-12-28 09:00:00,39.25,64.25,6.3,2.7,6.52,9.4,4.7,0.7,12.85,0.9,4.18,,,,,,71.75,1.23,118.5,0.0,0.0,238.5,747.0,
2024-12-28 10:00:00,39.25,65.0,6.28,2.48,6.42,9.43,4.7,0.69,12.71,0.92,4.28,,,,,,70.25,1.27,122.75,0.0,0.0,305.0,747.0,
2024-12-28 11:00:00,28.75,65.25,5.9,2.7,6.2,10.1,4.4,0.78,13.91,0.9,2.15,,,,,,69.0,1.78,113.0,0.0,0.0,340.25,746.25,
2024-12-28 12:00:00,29.5,63.5,5.32,3.82,6.38,9.98,5.15,0.79,11.94,0.82,3.95,,,,,,69.0,1.82,114.5,0.0,0.0,339.0,745.75,
2024-12-28 13:00:00,27.75,58.5,4.72,4.45,6.22,10.15,5.58,0.67,23.34,0.8,2.47,,,,,,68.0,1.35,129.0,0.0,0.0,291.0,745.0,
2024-12-28 14:00:00,34.0,64.5,4.22,4.78,6.0,8.9,4.85,0.61,13.8,0.85,2.68,,,,,,69.5,1.18,121.0,0.0,0.0,212.5,744.0,
2024-12-28 15:00:00,29.0,63.0,3.45,4.03,4.95,9.38,4.65,0.64,12.54,0.9,3.48,,,,,,70.25,1.05,111.75,0.0,0.0,142.0,744.0,
2024-12-28 16:00:00,33.5,71.75,5.35,3.98,6.45,9.4,4.88,0.58,13.22,0.9,3.58,,,,,,73.25,0.68,119.5,0.0,0.0,59.5,744.0,
2024-12-28 17:00:00,38.0,72.0,5.1,4.85,6.75,9.12,3.75,0.71,11.83,0.95,2.85,,,,,,76.5,0.72,106.0,0.0,0.0,18.0,744.0,
2024-12-28 18:00:00,37.75,74.0,4.8,5.32,6.75,9.9,5.78,0.81,15.98,1.0,2.77,,,,,,78.0,0.43,86.25,0.0,0.0,7.25,744.0,
2024-12-28 19:00:00,36.0,71.0,6.38,8.93,9.95,9.07,6.02,0.76,13.86,1.08,4.45,,,,,,78.75,0.38,93.5,0.0,0.0,8.5,744.5,
2024-12-28 20:00:00,34.0,71.5,7.05,9.35,10.68,9.25,5.93,0.95,14.61,1.12,2.52,,,,,,79.75,0.4,93.75,0.0,0.0,7.75,745.0,
2024-12-28 21:00:00,36.75,72.5,6.95,7.85,9.82,9.62,4.6,0.78,15.3,1.1,5.08,,,,,,80.75,0.35,89.5,0.0,0.0,7.75,745.0,
2024-12-28 22:00:00,36.0,70.75,6.6,5.6,8.35,9.68,3.3,0.78,14.28,1.1,5.12,,,,,,80.0,0.38,91.75,0.0,0.0,7.75,745.0,
2024-12-28 23:00:00,36.25,69.25,6.12,6.8,8.57,9.55,2.42,0.78,14.14,1.1,5.25,,,,,,80.75,0.38,74.25,0.0,0.0,7.75,745.0,
2024-12-29 00:00:00,38.75,72.5,5.98,8.62,9.45,9.88,2.65,0.66,14.92,1.18,5.82,,,,,,83.75,0.32,72.75,0.0,0.0,8.0,744.75,
2024-12-29 01:00:00,43.0,81.75,6.6,4.72,7.92,9.72,2.72,0.77,13.9,1.18,6.05,,,,,,83.0,0.38,83.5,0.0,0.0,8.0,744.0,
2024-12-29 02:00:00,37.25,59.25,7.6,4.6,8.6,9.22,4.28,0.75,13.14,1.08,5.72,,,,,,81.25,0.43,87.0,0.0,0.0,8.25,744.0,
2024-12-29 03:00:00,29.75,58.0,7.98,4.47,8.85,9.45,5.3,0.73,13.22,1.05,5.8,,,,,,80.0,0.43,82.25,0.0,0.0,8.75,744.0,
2024-12-29 04:00:00,32.0,61.25,6.8,3.75,7.52,10.0,4.95,0.9,14.16,1.0,2.92,,,,,,81.5,0.32,54.5,0.0,0.0,7.75,744.0,
2024-12-29 05:00:00,34.75,62.75,6.7,6.8,9.05,9.8,4.28,0.75,15.6,1.05,5.95,,,,,,83.75,0.35,73.75,0.0,0.0,7.75,744.0,
2024-12-29 06:00:00,40.25,65.75,6.9,4.38,7.98,9.72,2.92,0.74,15.23,1.08,5.85,,,,,,85.0,0.32,60.0,0.0,0.0,11.5,745.0,
2024-12-29 07:00:00,37.75,70.25,6.92,5.48,8.52,10.48,3.4,0.76,15.87,1.15,5.98,,,,,,84.5,0.48,63.0,0.0,0.0,42.25,745.0,
2024-12-29 08:00:00,52.0,77.75,7.68,5.15,9.0,10.0,3.22,0.64,13.48,1.18,6.1,,,,,,80.5,1.35,69.75,0.0,0.0,127.25,746.0,
2024-12-29 09:00:00,44.75,84.5,6.3,5.8,8.2,9.72,3.08,0.74,13.08,1.18,6.0,,,,,,76.25,1.6,71.5,0.0,0.0,164.75,746.0,
2024-12-29 10:00:00,46.75,95.75,6.48,5.6,8.28,8.85,6.72,0.72,13.88,1.18,6.0,,,,,,71.0,2.22,94.0,0.0,0.0,264.25,746.0,
2024-12-29 11:00:00,41.75,94.5,5.9,8.7,9.45,9.52,8.05,0.73,13.46,1.12,5.82,,,,,,72.75,1.9,80.5,0.0,0.0,169.0,745.5,
2024-12-29 12:00:00,54.0,108.5,6.55,6.9,9.0,10.3,11.15,0.9,14.0,1.1,2.9,,,,,,72.0,2.45,90.0,0.0,0.0,234.5,744.75,
2024-12-29 13:00:00,49.5,101.5,6.48,9.02,10.02,10.32,13.8,0.78,12.54,1.1,5.57,,,,,,71.25,1.95,92.75,0.0,0.0,172.25,744.0,
2024-12-29 14:00:00,54.5,102.5,6.28,8.42,9.57,11.0,12.82,0.78,12.99,1.1,5.48,,,,,,74.0,1.65,85.0,0.0,0.0,90.5,743.75,
2024-12-29 15:00:00,57.0,103.25,5.8,7.68,8.8,10.85,12.1,0.77,14.28,1.1,5.43,,,,,,75.25,1.9,76.25,0.0,0.0,80.5,743.0,
2024-12-29 16:00:00,61.75,109.75,5.75,7.88,8.88,10.45,10.18,0.67,16.44,1.1,5.43,,,,,,76.75,1.55,81.0,0.0,0.0,41.75,743.0,
2024-12-29 17:00:00,65.0,109.75,4.85,7.78,8.05,10.22,7.7,0.77,11.32,1.2,5.5,,,,,,78.25,1.05,75.75,0.0,0.0,21.25,744.0,
2024-12-29 18:00:00,63.0,111.5,5.03,7.82,8.25,10.15,8.4,0.78,15.58,1.2,5.62,,,,,,79.5,0.92,64.5,0.0,0.0,8.75,744.0,
2024-12-29 19:00:00,73.75,108.5,4.28,6.2,6.72,9.95,8.78,0.81,12.16,1.3,5.78,,,,,,80.5,0.98,70.0,0.0,0.0,8.75,744.5,
2024-12-29 20:00:00,68.0,103.75,4.97,7.35,7.92,10.65,9.1,0.91,19.07,1.35,2.95,,,,,,83.5,0.72,70.75,0.0,0.0,6.0,745.0,
2024-12-29 21:00:00,60.25,97.0,4.28,4.78,6.0,12.48,7.98,0.92,15.46,1.48,6.15,,,,,,83.5,0.48,95.75,0.0,0.0,5.5,745.0,
2024-12-29 22:00:00,53.25,75.5,4.47,4.12,5.88,11.92,7.25,0.95,12.81,1.7,6.48,,,,,,82.5,0.68,107.75,0.0,0.0,6.75,745.0,
2024-12-29 23:00:00,43.0,60.0,5.15,3.05,5.82,10.45,5.88,0.88,13.19,1.58,6.32,,,,,,85.0,0.82,135.75,0.5,0.5,4.75,745.0,
2024-12-30 00:00:00,23.25,38.0,5.4,1.6,5.28,10.07,4.72,0.68,14.21,1.4,6.1,,,,,,88.0,0.3,123.75,0.0,0.0,2.75,744.25,
2024-12-30 01:00:00,10.75,20.0,4.32,2.22,4.7,9.15,3.72,0.8,13.26,1.3,6.08,,,,,,87.0,0.32,94.75,0.0,0.0,3.5,744.0,
2024-12-30 02:00:00,20.25,33.75,5.38,2.47,5.7,9.4,4.8,0.78,14.06,1.25,6.35,,,,,,86.0,0.3,89.0,0.0,0.0,4.75,743.25,
2024-12-30 03:00:00,33.0,50.0,4.72,5.22,6.62,8.48,4.42,0.76,13.75,1.2,6.18,,,,,,85.25,0.3,111.75,0.0,0.0,4.75,743.0,
2024-12-30 04:00:00,32.5,53.75,5.3,3.55,6.18,9.98,2.55,0.89,14.81,1.18,4.72,,,,,,86.25,0.32,62.25,0.0,0.0,4.75,743.0,
2024-12-30 05:00:00,35.0,51.75,7.02,3.35,7.5,10.12,2.82,0.8,16.18,1.18,6.4,,,,,,87.75,0.68,61.75,0.0,0.0,4.75,743.5,
2024-12-30 06:00:00,51.25,72.75,5.95,4.4,7.15,10.65,5.28,0.8,15.42,1.25,6.2,,,,,,88.0,0.72,62.5,0.0,0.0,8.75,744.0,
2024-12-30 07:00:00,67.0,94.0,6.22,4.9,7.65,11.25,6.45,0.84,15.37,1.45,6.4,,,,,,86.75,1.1,61.5,0.0,0.0,40.5,745.0,
2024-12-30 08:00:00,76.25,100.75,6.18,6.68,8.57,10.58,5.35,0.73,14.74,1.45,6.43,,,,,,85.0,1.45,67.25,0.0,0.0,58.5,745.75,
2024-12-30 09:00:00,72.5,105.75,6.4,6.05,8.43,9.82,4.58,0.84,13.3,1.5,6.65,,,,,,80.25,2.03,88.0,0.0,0.0,180.5,746.0,
2024-12-30 10:00:00,55.5,82.25,6.12,3.05,6.62,10.42,3.48,0.81,13.6,1.32,6.4,,,,,,75.0,2.88,106.5,0.0,0.0,284.75,746.0,
2024-12-30 11:00:00,44.25,67.5,6.05,3.52,6.82,9.8,2.35,0.78,12.14,1.25,5.85,,,,,,73.5,3.85,103.75,0.0,0.0,312.25,745.75,
2024-12-30 12:00:00,41.25,67.75,3.52,3.42,4.7,10.32,5.1,0.87,12.78,1.08,3.72,,,,,,74.5,3.35,102.5,0.0,0.0,256.0,745.0,
2024-12-30 13:00:00,39.25,70.5,3.78,4.9,5.68,9.98,5.98,0.8,13.9,0.95,4.12,,,,,,74.5,3.22,113.75,0.0,0.0,235.0,744.0,
2024-12-30 14:00:00,39.75,64.0,3.72,5.4,5.9,9.72,5.95,0.78,13.32,0.9,3.72,,,,,,72.75,2.9,121.75,0.0,0.0,209.25,744.0,
2024-12-30 15:00:00,39.0,69.75,4.12,5.22,6.12,9.45,5.48,0.73,13.69,0.82,3.62,,,,,,73.25,2.75,111.25,0.0,0.0,136.0,744.0,
2024-12-30 16:00:00,49.0,79.0,3.5,4.85,4.65,10.05,5.68,0.64,12.78,0.8,3.52,,,,,,74.75,2.58,97.0,0.0,0.0,78.25,744.0,
2024-12-30 17:00:00,49.0,81.75,3.15,5.38,5.42,9.38,5.22,0.72,12.79,0.8,3.78,,,,,,76.5,2.3,93.25,0.0,0.0,22.75,744.0,
2024-12-30 18:00:00,49.0,80.25,5.6,4.85,7.12,9.15,7.0,0.75,12.54,0.88,4.53,,,,,,79.0,1.95,91.0,0.0,0.0,8.75,744.0,
2024-12-30 19:00:00,49.5,77.5,5.32,5.92,7.48,9.1,7.62,0.75,12.92,1.0,4.9,,,,,,80.0,1.75,97.25,0.0,0.0,8.75,745.0,
2024-12-30 20:00:00,51.75,74.0,3.45,5.95,5.92,10.07,3.35,0.84,11.18,1.0,3.88,,,,,,80.75,1.8,101.75,0.0,0.0,8.0,745.0,
2024-12-30 21:00:00,53.75,69.25,5.68,5.4,7.5,9.85,2.8,0.78,13.47,1.0,5.35,,,,,,81.25,1.83,87.0,0.0,0.0,7.75,746.0,
2024-12-30 22:00:00,50.5,71.75,6.52,5.4,8.18,9.72,2.33,0.78,13.48,1.0,5.68,,,,,,82.0,1.48,84.25,0.0,0.0,7.75,745.5,
2024-12-30 23:00:00,45.5,68.75,5.6,5.7,7.55,9.5,2.35,0.77,13.76,1.0,5.52,,,,,,82.0,1.35,97.0,0.0,0.0,7.75,745.0,
2024-12-31 00:00:00,52.25,72.0,6.45,3.55,7.12,9.8,4.3,0.64,11.1,1.0,5.48,,,,,,82.0,1.1,101.5,0.0,0.0,7.75,745.0,
2024-12-31 01:00:00,49.5,74.75,6.22,2.7,6.5,9.45,4.32,0.75,12.12,1.0,5.57,,,,,,82.0,0.82,93.5,0.0,0.0,8.0,744.75,
2024-12-31 02:00:00,46.5,73.5,5.95,3.48,6.72,9.18,3.12,0.74,11.04,1.0,5.72,,,,,,83.0,0.7,98.25,0.0,0.0,8.0,744.0,
2024-12-31 03:00:00,42.25,72.0,5.95,3.75,6.85,9.1,2.38,0.72,12.06,0.98,5.8,,,,,,82.25,0.55,93.25,0.0,0.0,8.25,744.0,
2024-12-31 04:00:00,44.25,73.75,5.4,4.72,6.92,10.2,6.78,0.84,11.12,0.98,4.38,,,,,,83.0,0.38,110.0,0.0,0.0,7.75,744.0,
2024-12-31 05:00:00,52.25,81.75,5.68,6.5,8.07,10.25,8.68,0.8,16.5,1.08,6.6,,,,,,86.0,0.45,82.0,0.0,0.0,7.75,744.0,
2024-12-31 06:00:00,69.0,93.5,6.2,6.98,8.78,11.18,5.65,0.83,15.81,1.35,6.55,,,,,,86.75,0.45,50.75,0.0,0.0,11.0,744.75,
2024-12-31 07:00:00,81.5,106.75,7.4,7.32,9.92,11.5,4.4,0.83,16.25,1.42,6.62,,,,,,86.0,0.68,76.0,0.0,0.0,44.0,745.25,
2024-12-31 08:00:00,83.0,119.0,7.6,5.85,9.3,10.98,5.25,0.73,14.69,1.42,6.62,,,,,,83.5,1.48,71.5,0.0,0.0,94.5,746.0,
2024-12-31 09:00:00,81.0,129.0,7.78,5.68,9.35,10.58,4.97,0.85,14.81,1.3,6.7,,,,,,79.0,1.15,85.75,0.0,0.0,205.25,746.5,
2024-12-31 10:00:00,70.0,116.0,6.72,4.08,7.62,10.12,7.35,0.8,12.26,1.3,6.6,,,,,,73.0,1.72,118.0,0.0,0.0,231.0,746.75,
2024-12-31 11:00:00,53.5,94.5,5.78,3.88,6.75,9.82,7.05,0.8,10.82,1.15,6.18,,,,,,73.5,2.92,104.5,0.0,0.0,221.5,746.0,
2024-12-31 12:00:00,49.0,92.0,2.9,5.45,5.28,10.58,6.93,0.88,12.4,1.08,4.18,,,,,,69.5,2.48,119.0,0.0,0.0,285.0,745.5,
2024-12-31 13:00:00,48.75,88.25,2.63,6.98,5.32,12.58,8.55,0.75,12.7,0.88,3.02,,,,,,69.5,2.45,122.75,0.0,0.0,280.25,744.75,
2024-12-31 14:00:00,49.25,85.75,2.35,4.78,4.4,11.92,6.78,0.7,12.66,0.7,3.25,,,,,,69.25,2.7,107.75,0.0,0.0,263.5,744.0,
2024-12-31 15:00:00,53.0,86.5,2.15,4.8,4.32,12.05,5.95,0.7,12.35,0.7,2.38,,,,,,70.0,1.83,109.5,0.0,0.0,164.0,744.0,
2024-12-31 16:00:00,54.5,94.25,4.55,3.92,5.78,11.05,4.97,0.63,10.63,0.7,3.32,,,,,,72.5,1.45,114.0,0.0,0.0,89.75,743.75,
2024-12-31 17:00:00,60.5,105.0,3.72,4.15,5.22,10.42,3.28,0.71,11.4,0.78,3.58,,,,,,76.0,1.15,101.75,0.0,0.0,23.25,744.0,
2024-12-31 18:00:00,66.5,112.0,3.05,6.15,5.78,10.1,5.32,0.72,10.54,0.88,4.12,,,,,,77.75,0.88,91.25,0.0,0.0,9.5,744.0,
2024-12-31 19:00:00,73.5,122.25,3.58,5.82,5.98,10.05,6.2,0.77,11.39,1.05,4.88,,,,,,79.5,0.8,85.0,0.0,0.0,9.0,744.25,
2024-12-31 20:00:00,81.5,118.0,4.12,6.55,6.88,10.5,6.88,0.9,12.87,1.08,5.25,,,,,,80.75,0.62,75.0,0.0,0.0,8.5,745.0,
2024-12-31 21:00:00,84.0,124.25,5.25,6.72,7.82,10.65,8.07,0.88,13.46,1.15,5.58,,,,,,82.0,0.4,68.5,0.0,0.0,8.25,745.0,
2024-12-31 22:00:00,86.25,129.75,5.4,5.82,7.48,11.12,9.25,0.91,13.78,1.25,6.0,,,,,,83.0,0.38,77.5,0.0,0.0,7.75,745.0,
2024-12-31 23:00:00,84.0,117.0,6.03,7.53,8.93,11.6,9.93,0.91,14.65,1.27,6.17,,,,,,84.33,0.43,62.0,0.0,0.0,8.33,745.0,
