Timestamp,PM2.5 (µg/m³),PM10 (µg/m³),NO (µg/m³),NO2 (µg/m³),NOx (ppb),NH3 (µg/m³),SO2 (µg/m³),CO (mg/m³),Ozone (µg/m³),Benzene (µg/m³),Toluene (µg/m³),Xylene (µg/m³),O Xylene (µg/m³),Eth-Benzene (µg/m³),MP-Xylene (µg/m³),AT (°C),RH (%),WS (m/s),WD (deg),RF (mm),TOT-RF (mm),SR (W/mt2),BP (mmHg),VWS (m/s)
2024-01-01 00:00:00,32.25,129.25,2.28,17.75,11.3,18.08,39.22,,5.88,3.3,7.4,,,,,,71.5,0.3,,0.0,0.0,16.0,,
2024-01-01 01:00:00,42.75,191.25,4.1,17.55,12.62,19.02,38.78,,5.78,3.3,7.4,,,,,,71.75,0.42,84.75,0.0,0.0,16.0,,
2024-01-01 02:00:00,42.5,169.0,4.92,18.35,13.75,19.35,35.55,,6.21,3.3,7.4,,,,,,72.0,0.52,86.25,0.0,0.0,16.0,,
2024-01-01 03:00:00,36.0,173.25,4.22,17.05,12.55,21.05,35.15,,6.08,3.3,7.4,,,,,,71.0,0.6,74.75,0.0,0.0,16.25,,
2024-01-01 04:00:00,39.5,173.75,5.12,15.2,12.28,20.78,35.95,,5.68,3.3,7.4,,,,,,71.25,0.68,61.25,0.0,0.0,16.25,,
2024-01-01 05:00:00,40.75,171.75,5.05,15.58,12.38,21.58,38.9,,6.03,3.3,7.4,,,,,,70.75,0.55,70.75,0.0,0.0,16.5,,
2024-01-01 06:00:00,40.0,195.0,5.3,18.37,14.07,22.2,42.17,,5.69,3.3,7.4,,,,,,71.67,0.47,73.67,0.0,0.0,17.33,,
2024-01-01 07:00:00,58.0,235.25,7.05,14.7,13.55,20.9,43.82,,6.32,3.3,7.4,,,,,,70.5,0.88,61.25,0.0,0.0,65.25,,
2024-01-01 08:00:00,43.25,173.0,6.0,8.05,9.15,16.6,39.33,,6.17,3.3,7.4,,,,,,71.75,1.35,70.25,0.0,0.0,144.75,,
2024-01-01 09:00:00,36.5,121.75,3.5,8.12,7.2,16.92,38.67,,5.93,3.3,7.4,,,,,,72.25,1.78,85.5,0.0,0.0,228.25,,
2024-01-01 10:00:00,38.25,134.0,3.4,10.1,8.12,18.05,38.53,,5.78,3.3,7.4,,,,,,71.5,2.05,99.0,0.0,0.0,262.5,,
2024-01-01 11:00:00,30.0,149.5,3.03,14.73,10.37,19.37,46.73,,6.08,3.3,7.4,,,,,,71.25,2.55,133.0,0.0,0.0,199.75,,
2024-01-01 12:00:00,31.25,160.25,2.33,20.93,13.03,23.17,41.65,0.63,5.88,3.3,7.4,,,,,,70.5,2.48,104.25,0.0,0.0,96.0,,
2024-01-01 13:00:00,32.67,153.0,2.45,13.68,9.25,18.52,42.78,,5.73,3.3,7.4,,,,,,71.5,2.82,173.0,0.0,0.0,109.25,,
2024-01-01 14:00:00,26.75,125.0,2.33,11.38,7.92,18.1,41.32,,5.78,3.3,7.4,,,,,,71.25,2.82,257.5,0.0,0.0,116.75,,
2024-01-01 15:00:00,21.75,110.0,1.57,7.38,4.8,20.05,45.25,,5.64,3.3,7.4,,,,,,69.25,2.8,291.0,0.0,0.0,118.0,,
2024-01-01 16:00:00,18.5,100.75,1.98,7.1,5.35,20.92,41.12,,5.78,3.3,7.4,,,,,,69.5,2.6,289.0,0.0,0.0,84.25,,
2024-01-01 17:00:00,21.25,99.75,2.25,9.05,6.65,20.42,37.92,,5.49,3.3,7.4,,,,,,69.75,1.8,,0.0,0.0,25.75,,
2024-01-01 18:00:00,24.0,103.5,2.0,11.3,7.72,20.9,36.9,,5.68,3.3,7.4,,,,,,70.0,1.58,312.0,0.0,0.0,16.0,,
2024-01-01 19:00:00,22.0,109.0,1.98,12.08,8.05,20.88,35.95,,5.64,3.3,7.4,,,,,,70.25,1.5,347.0,0.0,0.0,16.0,,
2024-01-01 20:00:00,21.0,82.25,2.15,11.55,7.93,20.38,35.45,,5.93,3.3,7.4,,,,,,70.25,1.55,,0.0,0.0,16.0,,
2024-01-01 21:00:00,17.75,75.0,3.02,12.4,9.07,18.9,34.28,,5.54,3.3,7.4,,,,,,71.25,1.18,,0.0,0.0,16.0,,
2024-01-01 22:00:00,17.25,78.25,2.3,12.25,8.45,18.73,33.48,,5.93,3.3,7.4,,,,,,70.25,1.25,,0.0,0.0,16.0,,
2024-01-01 23:00:00,19.5,77.75,3.92,12.48,9.82,17.15,35.75,,6.22,3.3,7.4,,,,,,70.0,1.1,,0.0,0.0,16.0,,
2024-01-02 00:00:00,23.5,74.0,3.05,7.78,6.65,14.28,37.8,,5.88,3.3,7.4,,,,,,72.5,0.98,,0.0,0.0,16.0,,
2024-01-02 01:00:00,21.5,72.0,2.7,9.15,7.1,13.42,38.28,,5.78,3.3,7.4,,,,,,73.0,1.0,,0.0,0.0,16.0,,
2024-01-02 02:00:00,18.25,62.0,2.68,10.7,7.88,12.78,39.05,,6.21,3.3,7.4,,,,,,72.25,0.9,,0.0,0.0,16.0,,
2024-01-02 03:00:00,14.0,52.0,2.68,10.45,7.72,13.0,39.62,,6.21,3.3,7.4,,,,,,72.25,0.45,,0.0,0.0,16.0,,
2024-01-02 04:00:00,16.0,61.0,3.45,11.02,8.65,13.35,38.92,,6.08,3.3,7.4,,,,,,72.5,0.32,,0.0,0.0,16.0,,
2024-01-02 05:00:00,13.75,72.25,3.62,9.93,8.2,13.58,37.83,,5.78,3.3,7.4,,,,,,73.0,0.6,,0.0,0.0,16.25,,
2024-01-02 06:00:00,20.25,93.75,3.68,10.78,8.7,13.58,38.78,,5.88,3.3,7.4,,,,,,73.5,0.78,,0.0,0.0,20.75,,
2024-01-02 07:00:00,35.75,145.75,3.72,13.32,10.1,17.47,43.45,,5.49,3.3,7.4,,,,,,70.75,1.15,,0.0,0.0,53.75,,
2024-01-02 08:00:00,43.5,165.5,4.73,14.7,11.68,17.3,39.38,,5.98,3.3,7.4,,,,,,72.25,0.9,314.0,0.0,0.0,126.75,,
2024-01-02 09:00:00,37.75,150.25,4.7,15.55,12.1,17.85,39.2,,5.83,3.3,7.4,,,,,,70.75,1.2,,0.0,0.0,194.5,,
2024-01-02 10:00:00,24.75,132.5,2.4,14.25,9.52,19.68,37.03,,5.73,3.3,7.4,,,,,,70.25,2.12,,0.0,0.0,165.25,,
2024-01-02 11:00:00,22.25,114.0,2.43,9.77,7.13,20.77,40.6,,5.34,3.3,7.4,,,,,,70.0,2.75,,0.0,0.0,226.0,,
2024-01-02 12:00:00,19.67,89.0,2.67,8.27,6.57,24.9,37.33,,5.49,3.3,7.4,,,,,,69.5,2.48,,0.0,0.0,164.25,,
2024-01-02 13:00:00,23.0,88.0,2.12,8.6,6.28,21.02,37.55,,5.73,3.3,7.4,,,,,,69.25,2.15,,0.0,0.0,133.0,,
2024-01-02 14:00:00,19.33,96.75,2.5,8.0,6.3,21.12,35.05,,5.44,3.3,7.4,,,,,,70.25,2.45,,0.0,0.0,132.0,,
2024-01-02 15:00:00,22.5,103.0,4.38,7.08,7.28,17.85,36.83,,5.98,3.3,7.4,,,,,,70.5,2.35,,0.0,0.0,112.25,,
2024-01-02 16:00:00,21.25,99.5,2.45,7.22,5.82,17.05,37.53,,5.68,3.3,7.4,,,,,,70.5,2.33,,0.0,0.0,73.75,,
2024-01-02 17:00:00,30.5,112.0,2.28,8.4,6.35,16.55,37.35,,6.07,3.3,7.4,,,,,,70.75,1.82,,0.0,0.0,29.25,,
2024-01-02 18:00:00,27.5,122.0,2.68,8.95,6.98,15.77,37.6,,5.88,3.3,7.4,,,,,,71.25,1.7,,0.0,0.0,16.0,,
2024-01-02 19:00:00,22.25,105.25,2.48,9.82,7.28,15.18,37.4,,6.03,3.3,7.4,,,,,,71.5,1.42,,0.0,0.0,16.0,,
2024-01-02 20:00:00,21.75,99.75,2.75,11.8,8.52,15.22,37.8,,5.78,3.3,7.4,,,,,,71.0,1.1,,0.0,0.0,16.0,,
2024-01-02 21:00:00,23.25,95.5,2.55,12.78,8.88,14.23,38.0,,5.88,3.3,7.4,,,,,,71.5,1.12,,0.0,0.0,16.0,,
2024-01-02 22:00:00,15.0,86.5,2.5,12.0,8.43,13.72,37.2,,5.29,3.3,7.4,,,,,,71.0,1.02,,0.0,0.0,16.0,,
2024-01-02 23:00:00,22.5,88.25,1.4,12.78,7.92,16.77,37.15,,5.58,3.3,7.4,,,,,,72.25,0.85,,0.0,0.0,16.0,,
2024-01-03 00:00:00,16.33,79.5,2.85,14.68,10.12,16.27,35.8,,5.78,3.3,7.4,,,,,,70.75,0.9,,0.0,0.0,16.0,,
2024-01-03 01:00:00,13.33,81.0,3.7,16.92,12.02,16.58,35.0,,6.17,3.3,7.4,,,,,,70.25,0.35,21.67,0.0,0.0,16.0,,
2024-01-03 02:00:00,16.0,92.5,4.0,17.12,12.35,16.2,35.78,,5.68,3.3,7.4,,,,,,71.25,0.3,29.0,0.0,0.0,16.0,,
2024-01-03 03:00:00,21.5,95.25,4.03,15.42,11.45,17.55,36.62,,5.82,3.3,7.4,,,,,,72.0,0.3,21.25,0.0,0.0,16.0,,
2024-01-03 04:00:00,20.75,91.75,4.97,14.68,11.88,19.15,35.42,,5.68,3.3,7.4,,,,,,72.0,0.43,14.0,0.0,0.0,17.0,,
2024-01-03 05:00:00,26.75,138.75,5.68,20.88,15.68,18.73,36.15,,5.78,3.3,7.4,,,,,,71.5,0.43,13.0,0.0,0.0,17.0,,
2024-01-03 06:00:00,40.0,185.75,6.5,22.68,17.32,19.8,37.15,,6.08,3.3,7.4,,,,,,71.75,0.45,,0.0,0.0,17.25,,
2024-01-03 07:00:00,46.5,193.75,9.68,20.82,18.95,18.82,37.65,,5.93,3.3,7.4,,,,,,72.0,0.75,111.5,0.0,0.0,30.0,,
2024-01-03 08:00:00,49.25,198.75,9.52,19.88,18.38,18.23,38.42,,5.04,3.3,7.4,,,,,,71.75,0.88,,0.0,0.0,72.25,,
2024-01-03 09:00:00,50.25,201.25,8.4,15.78,15.2,17.62,37.5,,5.68,3.3,7.4,,,,,,72.5,1.27,,0.0,0.0,198.5,,
2024-01-03 10:00:00,39.75,149.0,5.58,15.42,12.72,18.7,38.67,,5.49,3.3,7.4,,,,,,72.5,1.4,,0.0,0.0,158.75,,
2024-01-03 11:00:00,32.25,121.25,3.27,14.47,10.33,18.57,46.1,,5.78,3.3,7.4,,,,,,72.0,2.05,,0.0,0.0,136.25,,
2024-01-03 12:00:00,26.0,104.75,2.23,8.57,6.43,19.1,42.42,,5.74,3.3,7.4,,,,,,70.75,2.6,,0.0,0.0,235.5,,
2024-01-03 13:00:00,15.5,89.75,2.2,5.92,4.95,18.55,38.3,,7.5,3.3,7.4,,,,,,69.75,2.82,,0.0,0.0,217.5,,
2024-01-03 14:00:00,20.75,92.75,1.23,6.02,4.2,24.0,37.85,,5.19,3.28,7.4,,,,,,69.0,2.82,,0.0,0.0,161.75,,
2024-01-03 15:00:00,23.0,96.25,1.6,8.22,5.68,27.18,40.35,,5.73,1.38,4.92,,,,,,68.5,2.68,,0.0,0.0,132.5,,
2024-01-03 16:00:00,25.0,99.75,2.02,9.28,6.62,25.82,37.28,,5.93,1.08,3.65,,,,,,69.0,2.52,,0.0,0.0,73.25,,
2024-01-03 17:00:00,22.25,96.25,2.02,11.3,7.72,25.35,35.55,,5.68,1.1,3.1,,,,,,68.25,2.28,,0.0,0.0,21.0,,
2024-01-03 18:00:00,14.5,84.75,2.25,11.48,7.9,23.98,34.45,,5.58,1.27,3.28,,,,,,70.0,1.98,,0.0,0.0,16.0,,
2024-01-03 19:00:00,16.25,72.25,2.68,11.15,8.07,22.25,32.4,,5.44,1.3,3.3,,,,,,69.75,1.95,,0.0,0.0,16.25,,
2024-01-03 20:00:00,17.25,65.5,2.72,11.48,8.35,20.65,33.85,,5.34,1.3,3.3,,,,,,69.75,1.75,,0.0,0.0,16.5,,
2024-01-03 21:00:00,17.75,69.0,2.7,11.1,8.12,20.0,34.6,,5.83,1.3,3.3,,,,,,70.5,1.3,,0.0,0.0,17.0,,
2024-01-03 22:00:00,15.0,64.75,4.18,11.15,9.28,17.62,34.05,,6.13,1.3,3.3,,,,,,70.0,1.18,,0.0,0.0,16.75,,
2024-01-03 23:00:00,10.25,60.5,3.08,9.45,7.52,13.82,37.45,,5.78,1.3,3.3,,,,,,71.5,1.12,,0.0,0.0,16.25,,
2024-01-04 00:00:00,14.75,57.5,2.8,8.8,6.98,12.9,37.33,,5.98,1.3,3.3,,,,,,70.75,0.95,,0.0,0.0,16.25,,
2024-01-04 01:00:00,18.25,55.0,3.1,9.88,7.75,12.3,36.75,,5.68,1.3,3.3,,,,,,71.25,0.82,,0.0,0.0,16.75,,
2024-01-04 02:00:00,22.75,65.5,3.18,11.9,8.88,13.58,37.4,,5.82,1.3,3.3,,,,,,72.0,0.48,,0.0,0.0,17.0,,
2024-01-04 03:00:00,24.25,79.5,3.8,11.6,9.22,13.68,36.95,,5.62,1.3,3.3,,,,,,72.5,0.55,,0.0,0.0,17.0,,
2024-01-04 04:00:00,22.5,85.0,3.75,10.38,8.57,12.98,37.53,,4.76,1.3,3.3,,,,,,72.25,0.62,,0.0,0.0,17.0,,
2024-01-04 05:00:00,23.5,97.0,4.55,10.3,9.12,13.95,38.28,,5.93,1.3,3.3,,,,,,70.75,0.62,,0.0,0.0,17.0,,
2024-01-04 06:00:00,23.75,102.5,4.08,10.98,9.12,16.05,38.85,,5.54,1.3,3.3,,,,,,72.0,0.68,,0.0,0.0,17.25,,
2024-01-04 07:00:00,31.25,124.25,4.55,13.72,11.0,18.38,38.05,,6.17,1.3,3.3,,,,,,71.25,0.5,176.0,0.0,0.0,39.5,,
2024-01-04 08:00:00,41.25,162.25,6.22,17.65,14.48,19.38,36.78,,5.49,1.3,3.3,,,,,,71.75,0.7,21.0,0.0,0.0,104.0,,
2024-01-04 09:00:00,46.67,218.25,6.93,17.6,14.98,20.95,35.42,,6.08,1.3,3.3,,,,,,70.5,1.15,,0.0,0.0,153.5,,
2024-01-04 10:00:00,33.5,166.5,5.22,14.5,11.95,23.0,35.43,,5.68,1.3,3.3,,,,,,69.75,1.68,,0.0,0.0,210.0,,
2024-01-04 11:00:00,20.0,103.25,2.17,13.5,8.93,23.23,38.97,,5.64,1.3,3.3,,,,,,69.75,2.28,,0.0,0.0,123.5,,
2024-01-04 12:00:00,18.25,86.0,1.7,9.43,6.43,25.63,37.88,,5.58,1.3,3.3,,,,,,70.0,2.3,,0.0,0.0,269.0,,
2024-01-04 13:00:00,13.75,75.75,2.52,8.5,6.58,20.08,36.55,,5.78,1.25,3.28,,,,,,69.0,2.8,261.25,0.0,0.0,129.0,,
2024-01-04 14:00:00,18.25,75.0,3.98,9.75,8.38,20.58,35.15,,6.12,1.1,2.6,,,,,,69.5,1.5,295.0,0.0,0.0,32.0,,
2024-01-04 15:00:00,22.25,80.25,3.3,11.7,8.93,21.6,36.28,,5.29,1.1,2.6,,,,,,69.25,1.02,,0.0,0.0,19.25,,
2024-01-04 16:00:00,15.5,70.25,2.4,15.65,9.5,22.02,37.58,,5.24,1.1,2.92,,,,,,70.0,0.57,,0.0,0.0,18.5,,
2024-01-04 17:00:00,21.33,78.25,7.5,28.17,19.48,30.88,39.7,,5.83,1.75,12.2,,,,,,68.0,0.52,,0.0,0.0,18.25,,
2024-01-04 18:00:00,25.25,91.0,5.85,26.0,18.58,20.45,37.8,,6.42,1.7,14.9,,,,,,70.25,0.65,,0.0,0.0,17.75,,
2024-01-04 19:00:00,27.75,86.75,4.47,17.08,12.72,17.55,39.22,,5.78,1.7,14.9,,,,,,69.75,1.27,,0.0,0.0,17.0,,
2024-01-04 20:00:00,22.5,71.0,2.28,13.4,9.0,18.9,40.6,1.6,7.74,1.7,14.9,,,,,,69.25,1.62,,0.0,0.0,17.0,,
2024-01-04 21:00:00,17.75,60.5,2.75,10.78,8.0,16.48,39.1,2.06,5.88,1.7,14.9,,,,,,71.5,1.38,,0.0,0.0,17.0,,
2024-01-04 22:00:00,16.25,59.0,3.0,10.72,8.12,15.15,39.17,0.82,5.68,1.7,14.9,,,,,,72.0,1.12,,0.0,0.0,17.0,,
2024-01-04 23:00:00,13.5,67.5,0.92,10.98,6.6,18.3,39.42,0.68,5.34,1.7,14.9,,,,,,71.5,0.85,,0.0,0.0,17.0,,
2024-01-05 00:00:00,13.0,66.25,2.5,12.3,8.57,19.0,35.75,0.72,5.54,1.7,14.9,,,,,,69.75,0.95,,0.0,0.0,17.0,,
2024-01-05 01:00:00,16.25,67.25,3.8,13.95,10.5,18.58,35.67,0.73,5.78,1.7,14.9,,,,,,70.75,0.62,,0.0,0.0,17.0,,
2024-01-05 02:00:00,15.5,68.0,3.48,15.42,11.02,18.92,34.45,0.7,5.75,1.7,14.9,,,,,,70.75,0.8,,0.0,0.0,17.0,,
2024-01-05 03:00:00,11.25,66.75,3.28,14.35,10.28,21.12,36.38,0.69,6.01,1.7,14.9,,,,,,71.75,0.5,,0.0,0.0,17.0,,
2024-01-05 04:00:00,13.0,67.5,4.65,14.95,11.7,54.18,35.22,0.69,6.03,1.7,14.9,,,,,,71.25,0.4,,0.0,0.0,17.0,,
2024-01-05 05:00:00,17.75,80.25,4.38,14.88,11.45,21.6,34.28,0.75,5.64,1.7,14.9,,,,,,71.75,0.68,,0.0,0.0,17.0,,
2024-01-05 06:00:00,23.0,86.5,3.62,13.22,9.95,25.15,35.22,0.7,5.49,1.92,13.68,,,,,,71.0,0.62,,0.0,0.0,18.0,,
2024-01-05 07:00:00,22.75,103.5,6.65,12.72,12.1,17.05,36.83,0.76,5.98,2.1,7.2,,,,,,71.5,0.82,,0.0,0.0,21.5,,
2024-01-05 08:00:00,23.75,83.5,5.68,12.52,11.25,14.15,39.9,0.71,6.02,2.1,7.2,,,,,,72.5,0.88,,0.0,0.0,48.5,,
2024-01-05 09:00:00,28.0,94.25,4.92,11.18,9.98,13.72,39.95,0.76,5.98,2.1,7.2,,,,,,71.75,1.52,,0.0,0.0,102.0,,
2024-01-05 10:00:00,23.0,75.75,4.55,9.3,8.6,14.68,40.27,2.22,5.34,2.1,7.2,,,,,,72.25,1.75,,0.0,0.0,175.75,,
2024-01-05 11:00:00,17.5,69.75,3.13,12.67,9.23,16.87,43.67,0.39,5.73,2.1,7.2,,,,,,71.0,2.4,,0.0,0.0,185.25,,
2024-01-05 12:00:00,18.75,68.25,4.87,20.17,14.73,18.6,40.9,0.62,5.58,2.1,7.2,,,,,,71.25,3.0,,0.0,0.0,181.5,,
2024-01-05 13:00:00,19.5,87.25,5.0,23.7,16.7,15.52,45.88,0.6,5.05,2.1,7.2,,,,,,71.0,2.55,,0.0,0.0,241.5,,
2024-01-05 14:00:00,24.0,97.0,3.92,34.8,21.68,20.0,48.8,0.67,5.44,2.1,7.2,,,,,,70.0,2.78,,0.0,0.0,115.0,,
2024-01-05 15:00:00,20.0,90.25,1.6,17.02,10.3,19.75,57.5,0.62,5.44,2.1,7.2,,,,,,69.5,2.48,,0.0,0.0,47.5,,
2024-01-05 16:00:00,9.0,71.25,2.65,13.5,9.38,19.2,46.45,0.68,5.59,1.72,5.75,,,,,,70.25,2.28,,0.0,0.0,31.0,,
2024-01-05 17:00:00,12.25,77.0,3.18,20.2,13.35,20.45,42.3,0.7,5.73,0.98,3.08,,,,,,69.5,2.15,,0.0,0.0,19.25,,
2024-01-05 18:00:00,12.5,80.75,2.98,19.08,12.55,21.52,42.7,0.69,5.68,1.3,4.5,,,,,,69.0,2.58,,0.0,0.0,17.0,,
2024-01-05 19:00:00,9.75,69.25,2.95,13.88,9.75,20.98,46.75,0.7,5.73,1.92,5.42,,,,,,69.25,2.78,,0.0,0.0,17.0,,
2024-01-05 20:00:00,6.75,55.5,1.88,12.02,7.9,20.1,46.98,0.65,5.73,2.6,5.92,,,,,,69.5,2.35,,0.0,0.0,17.0,,
2024-01-05 21:00:00,10.0,55.5,3.02,10.85,8.22,18.95,40.75,0.65,6.13,2.65,5.88,,,,,,68.75,2.12,,0.0,0.0,17.0,,
2024-01-05 22:00:00,13.0,53.75,2.1,11.7,7.98,19.38,38.48,0.66,5.78,2.6,5.8,,,,,,69.25,1.9,,0.0,0.0,17.0,,
2024-01-05 23:00:00,13.75,60.5,4.05,10.52,8.9,15.88,39.35,0.68,6.12,2.6,5.8,,,,,,70.75,1.92,,0.0,0.0,17.0,,
2024-01-06 00:00:00,14.75,52.0,2.45,8.85,6.7,12.35,41.6,0.67,5.73,2.6,5.8,,,,,,71.75,2.25,,0.0,0.0,17.0,,
2024-01-06 01:00:00,11.75,42.5,2.65,7.0,5.9,12.8,42.5,0.68,6.08,2.6,5.8,,,,,,71.0,2.42,,0.0,0.0,17.0,,
2024-01-06 02:00:00,12.5,48.0,2.17,7.92,6.0,12.15,39.7,0.63,5.81,2.6,5.8,,,,,,71.5,3.08,,0.0,0.0,17.0,,
2024-01-06 03:00:00,9.0,42.0,1.65,15.55,9.62,14.18,43.78,0.64,5.75,2.6,5.8,,,,,,71.5,2.48,,0.0,0.0,17.0,,
2024-01-06 04:00:00,13.5,45.5,2.38,11.75,8.18,12.2,41.88,0.66,5.78,2.6,5.8,,,,,,71.75,2.12,,0.0,0.0,17.0,,
2024-01-06 05:00:00,16.75,53.75,2.65,15.6,10.45,11.5,42.5,0.68,5.88,2.6,5.8,,,,,,71.5,3.08,,0.0,0.0,17.0,,
2024-01-06 06:00:00,15.5,48.25,2.42,19.4,12.28,12.45,43.05,0.58,5.64,2.6,5.8,,,,,,71.25,3.2,,0.0,0.0,17.25,,
2024-01-06 07:00:00,20.0,53.25,1.48,20.52,12.12,16.15,47.68,0.61,5.88,2.6,5.8,,,,,,69.75,2.7,,0.0,0.0,32.25,,
2024-01-06 08:00:00,11.5,64.0,2.75,15.92,10.75,16.15,45.48,0.68,5.73,2.6,5.8,,,,,,70.0,3.38,,0.0,0.0,60.0,,
2024-01-06 09:00:00,14.25,85.25,2.55,12.98,9.0,16.05,44.85,0.71,5.88,2.6,5.8,,,,,,69.5,3.35,,0.0,0.0,68.0,,
2024-01-06 10:00:00,16.25,79.25,2.5,15.2,10.18,19.9,47.43,1.96,5.64,2.6,5.8,,,,,,69.75,3.32,,0.0,0.0,87.75,,
2024-01-06 11:00:00,10.25,56.0,2.6,12.5,8.83,20.88,45.4,,5.83,2.6,5.8,,,,,,69.75,3.22,,0.0,0.0,128.25,,
2024-01-06 12:00:00,9.0,49.25,3.33,10.87,8.53,20.1,42.65,0.56,5.48,2.6,5.8,,,,,,69.0,3.4,,0.0,0.0,134.75,,
2024-01-06 13:00:00,12.25,54.0,2.92,9.82,7.6,17.55,41.2,0.55,5.83,2.4,5.62,,,,,,69.5,3.35,173.0,0.0,0.0,144.5,,
2024-01-06 14:00:00,12.75,49.25,3.45,10.07,8.15,16.88,42.18,0.7,5.78,1.4,3.25,,,,,,70.0,3.85,98.25,0.0,0.0,165.25,,
2024-01-06 15:00:00,13.75,55.25,4.72,20.1,14.55,15.12,40.9,0.61,5.98,1.1,2.7,,,,,,69.75,3.05,122.0,0.0,0.0,83.25,,
2024-01-06 16:00:00,18.5,60.25,4.12,22.7,15.48,14.55,42.78,0.61,5.83,1.1,2.7,,,,,,70.25,3.45,112.75,0.0,0.0,41.0,,
2024-01-06 17:00:00,15.75,54.0,2.88,16.12,10.85,13.62,43.82,0.63,5.93,1.1,2.7,,,,,,70.5,3.22,119.0,0.0,0.0,22.5,,
2024-01-06 18:00:00,12.5,51.0,2.68,12.78,8.98,12.62,45.92,0.65,5.93,1.1,2.7,,,,,,71.0,2.52,77.25,0.0,0.0,17.0,,
2024-01-06 19:00:00,14.75,51.0,2.92,14.05,9.88,12.4,47.05,0.68,5.58,1.1,2.7,,,,,,70.25,2.35,98.0,0.0,0.0,17.0,,
2024-01-06 20:00:00,17.25,55.0,2.95,14.0,9.85,12.15,44.8,0.65,5.64,1.1,2.7,,,,,,71.0,1.62,120.75,0.0,0.0,17.0,,
2024-01-06 21:00:00,18.0,75.0,3.38,17.32,11.95,12.3,44.02,0.77,5.83,1.1,2.7,,,,,,71.75,1.25,207.5,0.0,0.0,17.0,,
2024-01-06 22:00:00,17.5,90.25,2.7,13.38,9.32,12.32,43.78,0.57,5.58,1.1,2.7,,,,,,70.75,1.58,96.5,0.0,0.0,17.0,,
2024-01-06 23:00:00,16.0,61.25,2.12,12.72,8.5,14.88,43.15,0.64,5.58,1.1,2.7,,,,,,69.75,1.75,65.5,0.0,0.0,17.0,,
2024-01-07 00:00:00,15.0,51.25,3.32,19.73,13.2,14.85,41.28,0.64,5.78,1.1,2.7,,,,,,70.0,2.72,94.0,0.0,0.0,17.0,,
2024-01-07 01:00:00,11.25,46.25,2.75,22.72,14.32,16.73,43.1,0.63,5.93,1.1,2.7,,,,,,69.5,2.22,86.75,0.0,0.0,17.0,,
2024-01-07 02:00:00,10.67,46.75,2.58,16.55,10.88,17.98,44.25,0.63,5.49,1.1,2.7,,,,,,70.25,2.9,100.25,0.0,0.0,17.0,,
2024-01-07 03:00:00,12.0,44.25,1.72,11.68,7.58,19.05,51.03,0.64,6.08,1.1,2.7,,,,,,69.5,2.92,108.25,0.0,0.0,17.0,,
2024-01-07 04:00:00,7.5,40.75,3.18,12.28,9.1,17.5,50.78,0.64,5.58,1.1,2.7,,,,,,69.75,2.68,78.5,0.0,0.0,17.0,,
2024-01-07 05:00:00,13.0,46.0,3.3,14.2,10.25,17.52,45.9,0.67,5.68,1.1,2.7,,,,,,69.5,2.68,109.0,0.0,0.0,17.0,,
2024-01-07 06:00:00,15.5,47.75,3.78,13.02,9.95,16.38,44.02,0.71,5.93,1.1,2.7,,,,,,70.0,1.88,90.5,0.0,0.0,17.0,,
2024-01-07 07:00:00,17.75,55.5,3.5,9.68,7.95,12.88,41.2,0.72,5.88,1.1,2.7,,,,,,72.0,1.2,87.25,0.0,0.0,23.25,,
2024-01-07 08:00:00,26.0,63.0,3.85,7.5,7.1,12.2,41.28,0.69,5.44,1.1,2.7,,,,,,72.75,1.4,81.75,0.0,0.0,47.0,,
2024-01-07 09:00:00,17.25,57.75,3.35,9.57,7.85,13.4,41.02,0.74,5.73,1.1,2.7,,,,,,72.0,1.5,120.5,0.0,0.0,29.25,,
2024-01-07 10:00:00,16.25,35.0,3.6,10.45,8.45,14.25,41.13,2.41,5.83,1.1,2.7,,,,,,71.5,2.28,76.25,0.0,0.0,88.5,,
2024-01-07 11:00:00,10.25,17.75,4.0,17.73,12.7,15.15,46.57,,5.93,1.1,2.7,,,,,,71.0,2.5,73.75,0.0,0.0,87.25,,
2024-01-07 12:00:00,10.0,29.25,7.87,26.13,20.3,18.13,43.48,0.51,5.54,1.1,2.7,,,,,,72.25,3.38,86.0,0.0,0.0,95.75,,
2024-01-07 13:00:00,12.5,27.5,4.35,15.25,11.7,13.12,43.48,0.52,5.88,1.1,2.7,,,,,,71.75,2.4,84.0,0.0,0.0,116.25,,
2024-01-07 14:00:00,1.75,22.0,2.42,15.6,10.28,14.98,46.7,0.55,5.63,1.1,2.7,,,,,,71.25,2.98,104.75,0.0,0.0,83.75,,
2024-01-07 15:00:00,1.25,26.75,4.25,24.98,16.73,17.55,47.25,0.62,5.59,1.1,2.7,,,,,,71.25,2.95,67.5,0.0,0.0,53.5,,
2024-01-07 16:00:00,2.33,25.0,5.75,27.28,19.2,17.27,44.47,0.66,5.83,1.1,2.7,,,,,,69.25,2.42,58.25,0.0,0.0,48.5,,
2024-01-07 17:00:00,4.67,29.25,3.62,20.58,13.92,16.08,45.68,0.68,5.83,1.1,2.7,,,,,,70.5,3.1,72.75,0.0,0.0,24.75,,
2024-01-07 18:00:00,7.5,21.5,4.53,26.88,18.0,18.2,45.65,0.66,5.93,1.1,2.7,,,,,,71.0,2.95,98.0,0.0,0.0,18.0,,
2024-01-07 19:00:00,5.25,13.75,3.85,27.22,17.58,19.32,44.55,0.67,5.63,1.1,2.7,,,,,,70.0,4.55,97.0,0.0,0.0,18.0,,
2024-01-07 20:00:00,3.0,13.0,7.0,40.48,27.25,21.6,46.38,0.63,5.74,1.1,2.7,,,,,,69.25,2.98,90.25,0.0,0.0,18.0,,
2024-01-07 21:00:00,,19.0,6.68,24.95,18.67,18.08,49.65,0.65,5.83,1.1,2.7,,,,,,70.0,2.28,87.5,0.0,0.0,17.75,,
2024-01-07 22:00:00,7.0,20.5,11.6,26.72,23.62,16.08,43.02,0.68,6.03,1.1,2.7,,,,,,71.0,2.2,60.25,0.0,0.0,17.25,,
2024-01-07 23:00:00,7.25,25.75,9.35,16.2,16.23,12.95,45.0,0.69,5.83,1.1,2.7,,,,,,72.25,0.65,85.25,0.0,0.0,17.0,,
2024-01-08 00:00:00,8.0,26.5,6.95,10.38,11.15,12.1,44.08,0.65,5.54,1.1,2.7,,,,,,73.5,0.5,90.0,0.0,0.0,17.0,,
2024-01-08 01:00:00,8.25,27.75,7.12,8.55,10.35,12.22,41.88,0.69,5.73,1.1,2.7,,,,,,72.75,0.48,108.0,0.0,0.0,17.25,,
2024-01-08 02:00:00,12.75,45.75,6.62,9.62,10.48,12.18,42.65,0.63,5.95,1.1,2.7,,,,,,72.5,0.85,109.0,0.0,0.0,17.5,,
2024-01-08 03:00:00,20.0,42.0,4.72,7.5,7.82,11.88,41.4,0.59,6.01,1.1,2.7,,,,,,71.75,2.22,120.0,0.0,0.0,17.0,,
2024-01-08 04:00:00,8.0,20.75,2.62,6.05,5.35,10.4,41.68,0.63,5.49,1.1,2.7,,,,,,72.25,2.08,155.0,0.0,0.0,17.0,,
2024-01-08 05:00:00,7.75,15.5,2.62,7.85,6.32,9.45,41.1,0.64,5.98,1.1,2.7,,,,,,72.5,1.48,54.5,0.0,0.0,17.0,,
2024-01-08 06:00:00,9.5,31.75,1.7,11.02,7.25,12.58,43.75,0.58,5.49,1.1,2.7,,,,,,72.0,1.6,66.0,0.0,0.0,17.5,,
2024-01-08 07:00:00,13.5,36.25,2.48,10.72,7.68,13.25,42.08,0.71,5.83,1.1,2.7,,,,,,71.25,2.75,82.75,0.0,0.0,17.75,,
2024-01-08 08:00:00,3.0,24.75,2.78,11.0,8.12,12.68,39.5,0.64,5.93,1.1,2.7,,,,,,72.25,2.25,153.33,0.0,0.0,27.5,,
2024-01-08 09:00:00,4.0,22.75,3.38,12.55,9.43,13.1,39.55,0.66,5.83,1.1,2.7,,,,,,71.0,2.75,136.75,0.0,0.0,35.75,,
2024-01-08 10:00:00,6.5,25.5,3.02,18.32,12.25,16.6,49.43,2.33,5.98,1.1,2.7,,,,,,70.75,1.9,100.25,0.0,0.0,39.0,,
2024-01-08 11:00:00,5.5,47.0,3.7,18.27,12.73,17.67,46.73,,5.93,1.1,2.7,,,,,,70.25,1.6,183.5,0.0,0.0,66.25,,
2024-01-08 12:00:00,9.25,53.5,2.93,20.43,13.27,24.0,45.6,0.58,5.48,1.08,2.72,,,,,,69.75,1.9,224.0,0.0,0.0,103.5,,
2024-01-08 13:00:00,13.5,53.25,2.9,13.88,9.7,20.55,42.2,0.57,5.78,1.92,6.85,,,,,,69.75,2.1,161.0,0.0,0.0,80.75,,
2024-01-08 14:00:00,6.0,49.0,3.92,11.45,9.25,19.58,39.05,0.68,6.22,1.52,5.78,,,,,,69.25,2.25,148.5,0.0,0.0,96.25,,
2024-01-08 15:00:00,6.75,52.0,3.7,9.12,7.85,14.28,38.33,0.76,6.03,1.5,5.6,,,,,,71.75,1.85,171.5,0.0,0.0,76.5,,
2024-01-08 16:00:00,10.0,53.75,2.65,8.68,6.75,13.88,39.62,0.64,5.93,,,,,,,,70.25,1.85,95.25,0.0,0.0,32.25,,
2024-01-08 17:00:00,14.0,61.0,2.18,10.75,7.48,15.12,40.48,0.68,5.58,,,,,,,,71.75,1.8,92.25,0.0,0.0,18.75,,
2024-01-08 18:00:00,17.25,66.75,1.98,11.38,7.65,15.38,40.02,0.67,12.2,,,,,,,,70.75,1.42,125.25,0.0,0.0,17.0,,
2024-01-08 19:00:00,17.75,71.0,2.8,12.55,9.0,15.68,41.55,0.73,9.67,,,,,,,,69.75,1.4,172.5,0.0,0.0,17.0,,
2024-01-08 20:00:00,17.5,84.25,2.78,10.58,7.85,14.7,44.6,0.65,5.88,,,,,,,,72.0,1.25,175.25,0.0,0.0,17.0,,
2024-01-08 21:00:00,19.75,79.0,2.68,9.62,7.32,14.15,44.8,0.69,5.34,,,,,,,,72.25,1.2,214.25,0.0,0.0,17.0,,
2024-01-08 22:00:00,18.75,76.25,1.3,9.68,6.18,16.35,43.88,0.64,6.02,,,,,,,,70.0,1.27,240.0,0.0,0.0,17.0,,
2024-01-08 23:00:00,11.5,68.0,2.65,8.6,6.75,16.02,41.32,0.62,5.88,,,,,,,,71.75,1.0,295.0,0.0,0.0,17.0,,
2024-01-09 00:00:00,19.0,66.5,3.05,10.35,8.0,15.38,38.58,0.65,5.98,,,,,,,,71.75,0.85,237.33,0.0,0.0,17.0,,
2024-01-09 01:00:00,17.25,60.25,2.98,10.52,8.05,15.95,37.65,0.64,5.98,,,,,,,,71.0,0.82,321.0,0.0,0.0,17.0,,
2024-01-09 02:00:00,14.75,55.0,2.08,8.62,6.3,17.12,37.53,0.67,5.88,,,,,,,,71.75,0.7,194.0,0.0,0.0,17.0,,
2024-01-09 03:00:00,22.0,55.0,2.42,10.58,7.6,19.02,38.3,0.66,6.01,,,,,,,,72.25,0.72,187.75,0.0,0.0,17.0,,
2024-01-09 04:00:00,20.0,56.0,3.42,11.58,8.93,17.52,36.58,0.64,5.98,,,,,,,,72.0,0.73,40.0,0.0,0.0,17.0,,
2024-01-09 05:00:00,21.25,60.25,3.4,10.1,8.1,16.55,36.72,0.71,6.22,,,,,,,,71.5,0.9,135.5,0.0,0.0,17.0,,
2024-01-09 06:00:00,18.0,64.5,4.47,9.5,8.65,13.2,40.35,0.6,5.93,,,,,,,,72.75,1.45,102.5,0.0,0.0,22.5,,
2024-01-09 07:00:00,22.75,66.0,2.92,10.4,7.9,12.45,41.6,0.7,5.63,,,,,,,,72.0,1.6,187.5,0.0,0.0,69.0,,
2024-01-09 08:00:00,20.25,63.25,2.58,8.32,6.5,11.98,41.52,0.64,6.02,,,,,,,,71.75,2.92,109.0,0.0,0.0,133.75,,
2024-01-09 09:00:00,22.33,56.75,2.0,6.95,5.38,12.45,42.25,0.64,5.63,,,,,,,,71.25,3.32,155.5,0.0,0.0,221.75,,
2024-01-09 10:00:00,19.25,65.0,2.38,7.3,5.82,13.5,41.33,0.81,5.64,,,,,,,,71.75,3.15,215.25,0.0,0.0,252.0,,
2024-01-09 11:00:00,20.5,71.25,2.6,6.7,5.67,14.1,44.9,,5.1,,,,,,,,71.0,3.35,266.0,0.0,0.0,322.0,,
2024-01-09 12:00:00,21.5,63.25,2.7,6.47,5.63,15.43,42.65,0.66,5.49,,,,,,,,69.75,3.15,189.25,0.0,0.0,283.5,,
2024-01-09 13:00:00,18.25,65.0,2.1,6.45,5.05,14.25,40.22,0.64,5.16,,,,,,,,70.0,3.15,200.5,0.0,0.0,298.0,,
2024-01-09 14:00:00,12.75,66.75,1.35,6.78,4.72,17.0,39.98,0.76,5.73,0.6,2.2,,,,,,69.75,2.55,207.33,0.0,0.0,201.75,,
2024-01-09 15:00:00,11.75,66.0,2.62,8.0,6.35,16.58,38.22,0.77,5.78,0.95,2.68,,,,,,68.75,2.5,229.0,0.0,0.0,162.25,,
2024-01-09 16:00:00,12.5,76.5,3.1,8.68,7.1,17.6,38.38,0.68,5.88,0.95,3.38,,,,,,70.0,2.28,185.0,0.0,0.0,62.75,,
2024-01-09 17:00:00,17.0,79.25,2.33,9.88,7.15,18.73,38.4,0.71,5.93,1.15,3.28,,,,,,69.5,2.25,116.75,0.0,0.0,19.5,,
2024-01-09 18:00:00,18.5,76.5,2.28,11.32,7.85,18.9,37.65,0.68,5.83,1.2,3.3,,,,,,69.0,1.92,143.0,0.0,0.0,17.0,,
2024-01-09 19:00:00,20.5,83.75,2.45,12.88,8.85,18.48,36.3,0.73,5.83,1.2,3.3,,,,,,69.0,2.05,154.0,0.0,0.0,17.5,,
2024-01-09 20:00:00,14.0,81.0,2.0,12.25,8.18,18.1,37.6,0.68,5.78,1.2,3.3,,,,,,68.75,2.12,128.0,0.0,0.0,17.0,,
2024-01-09 21:00:00,17.0,74.5,2.85,11.0,8.18,17.12,38.33,0.73,5.93,1.2,3.3,,,,,,69.0,1.88,134.5,0.0,0.0,17.0,,
2024-01-09 22:00:00,18.25,72.75,3.1,9.25,7.5,13.18,40.92,0.76,6.08,1.2,3.3,,,,,,71.0,2.08,202.25,0.0,0.0,17.0,,
2024-01-09 23:00:00,20.5,70.75,2.62,7.12,5.98,12.8,42.38,0.76,6.08,1.2,3.3,,,,,,71.0,2.1,175.25,0.0,0.0,17.0,,
2024-01-10 00:00:00,16.75,66.0,2.08,7.95,6.0,11.92,42.53,0.63,5.49,1.2,3.3,,,,,,71.5,1.9,117.5,0.0,0.0,17.0,,
2024-01-10 01:00:00,20.0,62.0,1.57,7.9,5.15,12.88,42.03,0.54,5.83,1.2,3.3,,,,,,70.5,1.7,118.5,0.0,0.0,17.0,,
2024-01-10 02:00:00,20.0,58.25,1.65,7.2,5.22,14.58,41.32,0.68,6.14,1.2,3.3,,,,,,70.5,1.82,188.0,0.0,0.0,17.0,,
2024-01-10 03:00:00,11.0,56.25,2.3,8.78,6.5,14.7,41.28,0.68,6.27,1.2,3.3,,,,,,70.75,1.32,160.5,0.0,0.0,17.0,,
2024-01-10 04:00:00,11.5,57.0,2.48,10.02,7.28,14.4,39.42,0.64,6.18,1.2,3.3,,,,,,70.5,1.18,119.5,0.0,0.0,17.0,,
2024-01-10 05:00:00,13.75,58.25,4.1,9.25,8.25,13.62,37.78,0.7,6.22,1.2,3.3,,,,,,71.0,1.18,115.0,0.0,0.0,17.0,,
2024-01-10 06:00:00,18.0,64.0,4.03,10.42,8.82,11.95,41.65,0.72,5.78,1.2,3.3,,,,,,72.25,1.02,127.5,0.0,0.0,17.25,,
2024-01-10 07:00:00,24.0,71.25,3.65,10.85,8.78,11.48,43.5,0.8,5.63,1.2,3.3,,,,,,72.75,1.2,103.75,0.0,0.0,56.0,,
2024-01-10 08:00:00,23.0,74.25,3.05,8.93,7.25,11.42,43.25,0.64,5.29,1.2,3.3,,,,,,72.25,2.02,243.67,0.0,0.0,144.0,,
2024-01-10 09:00:00,19.0,71.25,2.92,6.5,5.8,10.98,43.15,0.65,5.49,1.2,3.3,,,,,,71.75,2.47,290.0,0.0,0.0,246.25,,
2024-01-10 10:00:00,16.0,69.75,2.22,6.3,5.12,11.62,44.27,0.81,5.93,1.2,3.3,,,,,,71.5,2.52,319.5,0.0,0.0,318.75,,
2024-01-10 11:00:00,16.25,70.75,1.97,5.63,4.6,11.63,45.6,,6.18,1.2,3.3,,,,,,70.75,2.42,285.0,0.0,0.0,352.0,,
2024-01-10 12:00:00,14.5,67.0,2.7,5.8,5.37,15.4,43.42,0.53,5.39,1.2,3.3,,,,,,70.75,2.45,276.0,0.0,0.0,329.75,,
2024-01-10 13:00:00,9.5,67.75,0.95,5.3,3.6,14.58,40.45,0.51,4.8,1.18,3.28,,,,,,69.75,2.28,353.0,0.0,0.0,297.5,,
2024-01-10 14:00:00,15.5,70.0,2.22,6.78,5.42,15.38,39.42,0.62,5.78,0.65,3.88,,,,,,68.5,2.22,277.5,0.0,0.0,262.5,,
2024-01-10 15:00:00,12.25,72.25,2.38,7.35,5.82,14.95,38.72,0.64,5.73,0.55,4.08,,,,,,69.0,2.05,258.25,0.0,0.0,198.75,,
2024-01-10 16:00:00,17.0,81.5,2.6,8.52,6.65,16.23,39.28,0.68,6.08,0.72,5.05,,,,,,69.5,2.4,178.0,0.0,0.0,112.5,,
2024-01-10 17:00:00,20.75,93.25,2.55,10.58,7.65,18.23,38.05,0.72,5.64,0.82,5.78,,,,,,67.75,2.2,142.0,0.0,0.0,24.75,,
2024-01-10 18:00:00,22.25,104.5,2.53,11.72,8.3,18.85,37.52,0.67,5.83,1.42,7.02,,,,,,68.75,2.0,91.25,0.0,0.0,17.0,,
2024-01-10 19:00:00,19.5,98.75,3.08,11.88,8.8,19.23,39.42,0.7,5.83,2.3,8.18,,,,,,69.0,1.52,150.25,0.0,0.0,17.0,,
2024-01-10 20:00:00,18.25,96.75,2.98,13.42,9.57,18.75,38.6,0.7,5.58,1.92,7.2,,,,,,69.25,1.38,104.5,0.0,0.0,17.0,,
2024-01-10 21:00:00,19.0,101.25,3.52,13.72,10.18,18.1,37.98,0.72,5.98,1.9,7.2,,,,,,69.75,1.4,148.75,0.0,0.0,17.0,,
2024-01-10 22:00:00,24.0,101.25,3.03,13.22,9.5,17.52,40.02,0.93,5.73,1.9,7.2,,,,,,69.75,1.05,157.0,0.0,0.0,17.25,,
2024-01-10 23:00:00,23.75,106.75,2.52,14.25,9.68,17.7,41.2,0.91,5.34,1.9,7.2,,,,,,70.0,0.82,61.75,0.0,0.0,17.0,,
2024-01-11 00:00:00,22.75,103.0,4.0,12.45,9.88,13.98,42.5,0.66,5.49,1.9,7.2,,,,,,71.25,0.42,16.0,0.0,0.0,17.0,,
2024-01-11 01:00:00,21.0,102.5,3.72,12.4,9.6,12.85,41.0,0.69,5.88,1.9,7.2,,,,,,72.0,0.43,13.75,0.0,0.0,17.25,,
2024-01-11 02:00:00,19.0,99.25,3.78,11.05,8.9,12.72,42.78,0.66,5.75,1.9,7.2,,,,,,71.75,0.85,52.0,0.0,0.0,17.0,,
2024-01-11 03:00:00,21.25,92.0,3.52,9.98,8.18,13.38,41.75,0.66,6.2,1.9,7.2,,,,,,72.0,1.02,117.5,0.0,0.0,17.0,,
2024-01-11 04:00:00,20.5,82.75,3.52,8.8,7.58,12.5,43.1,0.66,6.32,1.9,7.2,,,,,,72.5,0.7,114.0,0.0,0.0,17.25,,
2024-01-11 05:00:00,21.5,76.0,1.95,9.52,6.68,16.35,41.52,0.62,5.24,1.85,7.15,,,,,,71.0,0.82,126.0,0.0,0.0,17.25,,
2024-01-11 06:00:00,14.0,85.0,3.12,9.55,7.6,16.85,42.18,0.72,5.68,1.48,5.88,,,,,,70.25,0.9,92.0,0.0,0.0,19.5,,
2024-01-11 07:00:00,23.5,90.75,3.55,11.85,9.22,15.38,39.1,0.77,5.93,1.4,5.6,,,,,,71.0,1.1,194.0,0.0,0.0,49.25,,
2024-01-11 08:00:00,23.5,104.0,3.65,12.45,9.6,15.15,39.38,0.69,5.93,1.4,5.6,,,,,,69.5,1.88,204.25,0.0,0.0,124.5,,
2024-01-11 09:00:00,17.0,88.5,2.92,8.68,7.0,15.95,40.75,0.67,5.64,1.4,5.6,,,,,,69.5,2.15,183.75,0.0,0.0,235.25,,
2024-01-11 10:00:00,13.0,76.5,2.95,8.3,6.85,17.18,39.13,2.42,5.68,1.4,5.6,,,,,,69.75,2.55,163.0,0.0,0.0,293.0,,
2024-01-11 11:00:00,18.75,71.0,2.27,7.9,6.07,18.07,41.9,0.15,5.59,1.4,5.6,,,,,,69.5,2.52,292.0,0.0,0.0,327.0,,
2024-01-11 12:00:00,15.5,70.25,3.1,6.83,6.17,21.37,39.12,0.54,5.58,1.4,5.6,,,,,,68.25,2.85,219.25,0.0,0.0,367.0,,
2024-01-11 13:00:00,9.0,76.5,3.22,9.72,7.8,17.18,39.33,0.58,6.02,1.38,5.57,,,,,,69.0,2.78,278.25,0.0,0.0,358.5,,
2024-01-11 14:00:00,14.0,77.5,4.2,10.8,9.18,15.08,41.65,0.6,6.52,1.3,5.2,,,,,,68.5,2.92,210.5,0.0,0.0,297.25,,
2024-01-11 15:00:00,20.5,100.5,6.75,29.75,21.3,17.62,55.48,0.64,6.32,1.3,5.2,,,,,,69.5,3.25,95.25,0.0,0.0,208.0,,
2024-01-11 16:00:00,21.25,136.75,3.05,20.78,13.52,16.45,53.6,0.66,5.83,1.3,5.2,,,,,,69.25,2.92,159.5,0.0,0.0,84.0,,
2024-01-11 17:00:00,21.25,110.0,3.05,27.25,16.95,17.9,56.68,0.62,5.14,1.3,5.2,,,,,,69.0,2.7,88.5,0.0,0.0,25.75,,
2024-01-11 18:00:00,25.25,115.25,1.38,20.25,11.9,20.62,58.95,0.7,5.78,1.27,5.08,,,,,,68.25,2.7,86.25,0.0,0.0,17.0,,
2024-01-11 19:00:00,17.5,94.0,2.52,18.12,11.68,19.75,50.42,0.71,5.83,1.5,4.4,,,,,,68.5,2.7,66.0,0.0,0.0,17.0,,
2024-01-11 20:00:00,19.25,96.5,2.52,15.85,10.48,20.35,48.48,0.68,5.88,1.45,4.68,,,,,,68.5,2.25,79.75,0.0,0.0,17.0,,
2024-01-11 21:00:00,19.75,110.0,3.7,13.9,10.38,20.08,53.05,0.78,5.88,2.12,6.3,,,,,,68.75,1.92,73.25,0.0,0.0,17.0,,
2024-01-11 22:00:00,21.5,103.25,3.88,13.25,10.2,16.95,45.68,0.83,6.08,2.3,6.8,,,,,,70.5,1.65,94.25,0.0,0.0,17.0,,
2024-01-11 23:00:00,30.5,113.25,2.9,11.58,8.5,15.1,45.3,0.86,5.73,2.3,6.8,,,,,,70.25,1.42,96.5,0.0,0.0,17.0,,
2024-01-12 00:00:00,33.0,120.75,2.68,10.45,7.78,14.42,43.9,0.66,5.78,2.3,6.8,,,,,,71.25,1.48,76.25,0.0,0.0,17.0,,
2024-01-12 01:00:00,29.25,121.25,2.0,11.68,7.82,15.6,47.45,0.59,5.44,2.3,6.8,,,,,,70.5,1.25,52.5,0.0,0.0,17.0,,
2024-01-12 02:00:00,33.25,139.75,1.65,14.38,9.0,17.45,45.15,0.72,5.36,2.3,6.8,,,,,,70.5,0.85,47.25,0.0,0.0,17.0,,
2024-01-12 03:00:00,25.0,129.75,3.15,16.27,11.25,17.27,43.28,0.76,6.4,2.3,6.8,,,,,,70.5,0.48,46.75,0.0,0.0,17.0,,
2024-01-12 04:00:00,23.75,124.5,4.1,15.62,11.6,25.52,44.7,0.68,5.2,3.5,10.3,,,,,,68.5,0.32,88.5,0.0,0.0,17.5,,
2024-01-12 05:00:00,26.25,129.25,6.75,16.95,14.4,26.78,41.32,0.75,5.93,4.1,11.7,,,,,,69.0,0.3,95.25,0.0,0.0,17.25,,
2024-01-12 06:00:00,45.0,186.25,8.82,17.48,16.5,24.98,40.62,0.74,6.32,4.03,11.75,,,,,,69.5,0.32,96.0,0.0,0.0,17.75,,
2024-01-12 07:00:00,49.5,201.25,9.28,17.15,16.7,17.48,43.82,0.72,6.96,3.6,11.0,,,,,,71.5,0.38,98.0,0.0,0.0,49.0,,
2024-01-12 08:00:00,61.0,221.25,8.28,16.9,15.72,16.0,44.08,0.79,6.12,3.6,11.0,,,,,,71.25,0.85,96.0,0.0,0.0,124.5,,
2024-01-12 09:00:00,48.75,186.5,6.15,13.58,12.2,15.35,44.8,0.84,5.68,3.6,11.0,,,,,,71.75,1.4,84.0,0.0,0.0,216.0,,
2024-01-12 10:00:00,26.5,115.75,2.85,8.98,7.12,14.1,45.97,0.73,5.73,3.6,11.0,,,,,,71.25,2.33,,0.0,0.0,307.25,,
2024-01-12 11:00:00,17.75,85.5,2.13,7.27,5.6,13.5,49.2,0.4,5.73,3.6,11.0,,,,,,70.75,2.17,251.0,0.0,0.0,339.0,,
2024-01-12 12:00:00,21.75,76.5,2.07,5.57,4.63,15.9,44.15,0.62,5.39,3.6,11.0,,,,,,71.0,2.17,344.0,0.0,0.0,295.0,,
2024-01-12 13:00:00,17.75,72.75,2.2,5.52,4.72,13.68,43.78,0.6,5.59,3.6,11.0,,,,,,69.0,2.12,178.0,0.0,0.0,319.75,,
2024-01-12 14:00:00,17.25,76.0,1.8,6.2,4.75,14.52,42.8,0.55,5.93,3.6,11.0,,,,,,70.5,2.3,,0.0,0.0,272.0,,
2024-01-12 15:00:00,19.25,84.75,1.25,7.48,5.0,16.27,40.67,0.65,5.54,3.6,11.0,,,,,,68.25,2.05,301.0,0.0,0.0,165.75,,
2024-01-12 16:00:00,22.75,99.25,1.77,8.33,5.87,16.5,40.88,0.66,5.54,3.6,11.0,,,,,,69.0,1.98,235.25,0.0,0.0,96.0,,
2024-01-12 17:00:00,20.75,95.0,2.43,12.22,8.45,18.3,41.1,0.7,5.58,3.6,11.0,,,,,,68.25,2.0,214.75,0.0,0.0,28.5,,
2024-01-12 18:00:00,19.0,105.0,2.52,14.48,9.75,18.8,45.05,0.69,5.88,3.6,11.0,,,,,,69.0,1.58,183.5,0.0,0.0,17.0,,
2024-01-12 19:00:00,24.5,99.75,2.78,13.95,9.68,18.92,48.92,0.72,6.32,3.6,11.0,,,,,,69.75,1.5,184.5,0.0,0.0,17.0,,
2024-01-12 20:00:00,24.0,104.75,2.75,13.82,9.57,18.3,47.28,0.68,5.88,3.6,11.0,,,,,,68.5,1.32,106.5,0.0,0.0,17.0,,
2024-01-12 21:00:00,28.5,116.5,2.6,16.25,10.8,19.02,42.38,0.72,5.54,3.32,10.12,,,,,,68.5,0.82,42.0,0.0,0.0,17.0,,
2024-01-12 22:00:00,35.25,140.0,5.03,15.85,12.5,17.28,40.62,0.74,5.98,2.9,9.1,,,,,,69.25,0.75,97.0,0.0,0.0,17.0,,
2024-01-12 23:00:00,39.25,166.75,4.68,16.0,12.4,14.85,44.1,0.71,6.37,2.8,8.8,,,,,,70.75,0.45,79.25,0.0,0.0,17.0,,
2024-01-13 00:00:00,30.0,127.75,4.35,14.58,11.28,14.68,43.98,0.72,5.93,2.8,8.8,,,,,,71.25,0.3,95.5,0.0,0.0,17.0,,
2024-01-13 01:00:00,25.25,112.75,4.3,11.68,9.68,14.32,43.88,0.72,5.54,2.8,8.8,,,,,,71.75,0.3,73.5,0.0,0.0,17.0,,
2024-01-13 02:00:00,21.75,90.0,3.82,10.07,8.48,14.15,44.6,0.66,6.34,2.8,8.8,,,,,,71.75,0.35,92.25,0.0,0.0,17.0,,
2024-01-13 03:00:00,30.5,113.5,4.05,14.05,10.75,15.48,43.95,0.7,5.55,2.8,8.8,,,,,,72.0,0.4,99.25,0.0,0.0,17.0,,
2024-01-13 04:00:00,46.25,182.0,4.68,12.52,10.48,18.15,43.95,0.7,5.93,2.8,8.8,,,,,,72.5,0.62,95.25,0.0,0.0,17.0,,
2024-01-13 05:00:00,56.0,218.25,4.85,11.6,10.12,14.95,45.58,0.74,5.93,2.8,8.8,,,,,,72.5,0.55,67.0,0.0,0.0,17.0,,
2024-01-13 06:00:00,35.5,171.25,4.12,10.65,9.02,16.18,44.48,0.59,6.12,2.8,8.8,,,,,,72.25,0.75,88.25,0.0,0.0,17.75,,
2024-01-13 07:00:00,28.5,135.0,4.47,11.42,9.7,17.98,41.45,0.73,6.03,2.8,8.8,,,,,,71.25,0.72,90.5,0.0,0.0,42.25,,
2024-01-13 08:00:00,29.5,130.25,4.82,11.38,9.98,17.55,40.75,0.74,5.58,2.8,8.8,,,,,,71.75,0.9,79.75,0.0,0.0,112.5,,
2024-01-13 09:00:00,28.0,127.0,4.6,11.25,9.75,17.68,41.35,0.77,6.03,2.8,8.8,,,,,,70.75,1.3,78.75,0.0,0.0,189.75,,
2024-01-13 10:00:00,28.75,138.5,3.4,12.65,9.5,20.1,42.47,1.1,5.49,2.8,8.8,,,,,,70.0,1.6,80.25,0.0,0.0,191.0,,
2024-01-13 11:00:00,31.5,150.75,3.43,14.2,10.37,21.67,51.8,0.12,5.68,2.8,8.8,,,,,,69.75,2.08,252.25,0.0,0.0,303.25,,
2024-01-13 12:00:00,32.0,141.0,2.63,12.87,8.9,26.3,45.98,0.57,5.58,2.8,8.8,,,,,,69.0,2.42,265.5,0.0,0.0,303.5,,
2024-01-13 13:00:00,28.75,147.75,2.58,10.42,7.62,31.65,46.38,0.56,4.65,2.8,8.8,,,,,,68.75,2.12,,0.0,0.0,312.0,,
2024-01-13 14:00:00,30.0,140.25,4.05,8.52,7.82,22.0,45.12,0.72,5.98,3.08,9.8,,,,,,70.0,2.32,,0.0,0.0,266.5,,
2024-01-13 15:00:00,34.25,141.5,2.72,8.82,6.88,19.52,42.95,0.74,6.08,3.3,10.6,,,,,,70.0,2.15,,0.0,0.0,185.75,,
2024-01-13 16:00:00,30.25,148.5,2.65,8.1,6.45,20.08,45.0,0.66,5.93,3.3,10.6,,,,,,70.5,1.68,,0.0,0.0,96.25,,
2024-01-13 17:00:00,35.0,141.75,2.08,9.9,7.0,19.08,45.28,0.7,5.68,3.3,10.6,,,,,,71.5,1.48,228.5,0.0,0.0,30.5,,
2024-01-13 18:00:00,37.0,163.75,2.8,11.42,8.32,18.42,42.1,0.7,5.73,3.3,10.6,,,,,,70.75,1.12,153.25,0.0,0.0,17.0,,
2024-01-13 19:00:00,34.25,184.75,2.92,12.15,8.85,18.15,44.82,0.76,5.88,3.3,10.6,,,,,,71.0,1.08,41.5,0.0,0.0,17.0,,
2024-01-13 20:00:00,34.5,151.25,2.48,12.55,8.68,17.95,43.9,0.71,5.29,3.3,10.6,,,,,,70.0,0.95,47.25,0.0,0.0,17.0,,
2024-01-13 21:00:00,34.25,150.5,2.92,11.88,8.72,18.35,44.65,0.76,5.93,3.3,10.6,,,,,,71.75,0.82,76.5,0.0,0.0,17.0,,
2024-01-13 22:00:00,39.5,150.5,1.62,13.28,8.38,21.45,43.75,0.62,5.54,3.3,10.6,,,,,,71.0,0.55,166.75,0.0,0.0,17.0,,
2024-01-13 23:00:00,43.0,174.5,2.3,14.72,9.68,22.22,43.22,0.73,5.88,3.3,10.6,,,,,,70.75,0.3,11.0,0.0,0.0,17.0,,
2024-01-14 00:00:00,38.5,193.5,2.8,13.2,9.3,21.4,41.65,0.71,5.83,3.3,10.6,,,,,,71.0,0.3,11.0,0.0,0.0,17.0,,
2024-01-14 01:00:00,31.75,157.5,3.92,15.32,11.3,22.15,41.05,0.73,5.98,3.3,10.6,,,,,,70.25,0.3,10.5,0.0,0.0,17.0,,
2024-01-14 02:00:00,29.75,166.0,4.28,16.6,12.3,24.95,41.72,0.79,6.08,3.3,10.6,,,,,,70.25,0.3,10.5,0.0,0.0,17.0,,
2024-01-14 03:00:00,51.0,205.5,5.52,28.68,19.7,28.1,42.25,0.88,6.08,3.3,10.6,,,,,,71.0,0.3,11.0,0.0,0.0,17.0,,
2024-01-14 04:00:00,81.75,334.75,8.0,33.72,24.42,33.88,42.6,0.96,6.12,3.3,10.6,,,,,,70.75,0.3,12.0,0.0,0.0,17.0,,
2024-01-14 05:00:00,133.5,475.0,17.48,40.83,35.9,45.92,45.45,1.61,5.68,3.3,10.6,,,,,,70.5,0.35,25.0,0.0,0.0,17.0,,
2024-01-14 06:00:00,191.25,,18.27,33.42,32.7,38.58,45.32,1.02,5.88,3.3,10.6,,,,,,72.0,0.3,38.0,0.0,0.0,17.0,,
2024-01-14 07:00:00,150.5,,14.78,23.3,24.42,32.7,46.78,1.1,5.44,3.3,10.6,,,,,,72.25,0.48,122.0,0.0,0.0,27.75,,
2024-01-14 08:00:00,109.5,,11.58,17.52,18.72,26.38,47.15,0.82,5.73,3.3,10.6,,,,,,72.75,0.55,98.5,0.0,0.0,65.0,,
2024-01-14 09:00:00,90.25,355.0,5.68,21.4,15.98,28.5,48.45,0.71,5.54,3.3,10.6,,,,,,73.0,0.7,98.0,0.0,0.0,170.5,,
2024-01-14 10:00:00,84.75,337.25,3.85,19.65,13.55,30.15,49.6,0.44,5.54,3.3,10.6,,,,,,72.5,1.18,81.25,0.0,0.0,245.25,,
2024-01-14 11:00:00,60.5,266.0,4.1,18.97,12.3,31.47,57.47,0.51,5.49,1.55,6.35,,,,,,70.5,1.52,91.0,0.0,0.0,291.5,,
2024-01-14 12:00:00,43.25,202.5,4.7,18.17,13.57,22.13,60.92,0.93,5.83,1.1,5.2,,,,,,70.0,2.2,174.5,0.0,0.0,337.75,,
2024-01-14 13:00:00,38.0,164.0,3.25,13.4,9.78,16.98,57.32,0.8,5.88,1.1,5.2,,,,,,71.25,2.58,340.0,0.0,0.0,343.5,,
2024-01-14 14:00:00,27.25,129.5,1.3,8.62,5.18,18.45,51.98,0.6,5.24,1.28,5.35,,,,,,70.0,2.12,272.0,0.0,0.0,285.0,,
2024-01-14 15:00:00,23.25,116.5,2.2,13.18,7.62,29.75,49.3,0.66,5.34,2.85,5.62,,,,,,66.25,1.92,200.0,0.0,0.0,207.0,,
2024-01-14 16:00:00,25.67,120.5,,15.65,10.4,40.55,,0.61,5.49,2.25,4.85,,,,,,65.75,1.55,210.0,0.0,0.0,113.25,,
2024-01-14 17:00:00,25.0,130.0,5.32,14.12,11.85,36.93,47.45,0.66,6.22,2.17,4.82,,,,,,66.5,1.62,183.0,0.0,0.0,34.5,,
2024-01-14 18:00:00,33.0,138.75,3.52,11.3,8.88,29.02,47.3,0.72,5.88,2.02,4.72,,,,,,67.25,1.35,174.5,0.0,0.0,17.0,,
2024-01-14 19:00:00,36.25,145.5,2.9,14.18,9.9,30.05,48.6,0.74,5.78,2.12,5.1,,,,,,66.5,0.98,62.5,0.0,0.0,17.0,,
2024-01-14 20:00:00,29.25,140.25,4.92,13.9,11.32,26.7,46.78,0.76,5.93,1.92,5.32,,,,,,67.75,0.88,92.75,0.0,0.0,17.0,,
2024-01-14 21:00:00,33.5,138.5,2.52,13.68,9.32,23.08,45.85,0.8,6.08,1.78,5.0,,,,,,69.0,0.9,28.75,0.0,0.0,17.0,,
2024-01-14 22:00:00,33.25,139.0,2.82,13.02,9.2,22.0,45.1,0.73,5.68,1.62,4.8,,,,,,68.5,0.57,22.25,0.0,0.0,17.0,,
2024-01-14 23:00:00,29.75,136.5,2.98,13.82,9.73,21.08,45.25,0.77,5.78,1.68,5.1,,,,,,70.0,0.35,21.0,0.0,0.0,17.0,,
2024-01-15 00:00:00,34.5,140.0,4.1,15.75,11.72,20.75,45.0,0.72,5.93,1.6,5.03,,,,,,69.75,0.3,21.0,0.0,0.0,17.0,,
2024-01-15 01:00:00,33.75,142.75,5.65,14.5,12.28,18.5,45.22,0.7,6.22,1.6,5.7,,,,,,71.25,0.3,21.0,0.0,0.0,17.0,,
2024-01-15 02:00:00,36.0,134.5,4.65,10.95,9.62,17.3,45.38,0.74,5.69,1.6,5.8,,,,,,72.25,0.3,21.25,0.0,0.0,17.0,,
2024-01-15 03:00:00,38.75,148.0,4.75,10.75,9.6,19.27,47.72,0.84,5.95,1.6,5.8,,,,,,72.25,0.3,21.75,0.0,0.0,17.0,,
2024-01-15 04:00:00,49.0,175.0,5.0,10.15,9.48,18.48,47.62,0.76,5.73,1.6,5.8,,,,,,72.0,0.3,63.75,0.0,0.0,17.0,,
2024-01-15 05:00:00,51.0,170.25,4.75,10.6,9.5,18.15,46.7,0.79,5.64,1.6,5.8,,,,,,72.25,0.3,94.25,0.0,0.0,17.0,,
2024-01-15 06:00:00,37.75,152.25,5.0,11.72,10.28,18.92,45.0,0.71,5.59,1.6,5.8,,,,,,71.25,0.32,174.25,0.0,0.0,17.5,,
2024-01-15 07:00:00,34.5,140.5,6.5,13.48,12.48,19.22,47.08,0.81,6.08,1.6,5.8,,,,,,71.25,0.4,160.5,0.0,0.0,55.25,,
2024-01-15 08:00:00,37.0,141.0,4.55,11.7,9.95,20.05,45.98,0.66,5.44,1.62,5.9,,,,,,71.75,0.52,118.0,0.0,0.0,104.25,,
2024-01-15 09:00:00,41.25,154.75,6.15,13.75,12.3,24.92,47.32,0.72,5.29,2.55,7.1,,,,,,69.5,0.62,123.0,0.0,0.0,214.0,,
2024-01-15 10:00:00,40.75,171.25,3.25,13.75,9.9,25.78,55.57,2.64,5.73,2.5,6.65,,,,,,69.25,1.02,74.0,0.0,0.0,212.0,,
2024-01-15 11:00:00,27.0,138.0,2.3,10.63,7.57,20.37,46.8,0.15,5.73,2.05,5.58,,,,,,69.0,2.3,,0.0,0.0,383.75,,
2024-01-15 12:00:00,23.0,100.5,4.87,9.4,8.97,27.93,43.72,0.63,5.83,1.9,5.3,,,,,,67.75,2.62,,0.0,0.0,389.75,,
2024-01-15 13:00:00,20.5,104.25,2.03,7.42,5.62,20.58,42.1,0.55,5.88,1.45,4.15,,,,,,68.75,2.65,,0.0,0.0,361.0,,
2024-01-15 14:00:00,23.25,101.5,1.98,7.4,5.5,19.6,43.35,0.66,5.93,1.23,3.52,,,,,,67.75,2.35,,0.0,0.0,309.25,,
2024-01-15 15:00:00,27.5,100.25,2.28,6.9,5.52,18.52,42.38,0.65,5.68,1.2,3.5,,,,,,69.25,1.98,,0.0,0.0,222.5,,
2024-01-15 16:00:00,26.5,98.5,2.15,6.05,4.97,18.05,41.78,0.67,5.78,1.2,3.5,,,,,,68.75,1.62,,0.0,0.0,123.5,,
2024-01-15 17:00:00,20.0,94.75,2.52,7.0,5.78,17.27,41.32,0.68,5.64,1.2,3.5,,,,,,68.75,1.45,248.0,0.0,0.0,39.0,,
2024-01-15 18:00:00,24.75,108.0,3.22,10.35,8.15,20.7,42.38,0.78,5.39,1.25,3.68,,,,,,68.0,0.95,255.0,0.0,0.0,17.0,,
2024-01-15 19:00:00,32.5,113.0,4.38,9.3,8.5,15.12,42.5,0.7,5.93,1.4,4.0,,,,,,69.75,0.78,130.67,0.0,0.0,17.0,,
2024-01-15 20:00:00,37.0,115.5,3.5,10.22,8.3,14.08,45.72,0.72,5.63,1.4,4.0,,,,,,70.5,0.57,95.75,0.0,0.0,17.0,,
2024-01-15 21:00:00,27.75,128.75,3.05,13.12,9.45,13.75,45.28,0.77,5.78,1.4,4.0,,,,,,71.75,0.35,22.25,0.0,0.0,17.0,,
2024-01-15 22:00:00,27.75,119.0,3.7,14.15,10.5,14.05,45.5,0.7,5.73,1.4,4.0,,,,,,71.5,0.6,22.5,0.0,0.0,17.0,,
2024-01-15 23:00:00,30.0,120.25,3.55,12.65,9.57,13.58,46.88,0.69,5.83,1.4,4.0,,,,,,71.0,0.38,14.25,0.0,0.0,17.0,,
2024-01-16 00:00:00,31.5,135.25,4.0,12.28,9.78,14.3,45.12,0.75,5.83,1.4,4.0,,,,,,71.25,0.3,14.25,0.0,0.0,17.0,,
2024-01-16 01:00:00,35.5,162.5,3.9,9.25,8.1,15.35,46.42,0.82,6.03,1.4,4.0,,,,,,71.75,0.3,14.0,0.0,0.0,17.0,,
2024-01-16 02:00:00,32.25,136.75,3.4,10.62,8.43,15.6,48.68,0.6,5.81,1.4,4.0,,,,,,72.0,0.48,14.0,0.0,0.0,17.0,,
2024-01-16 03:00:00,24.5,101.5,2.78,9.18,7.08,16.45,45.72,0.63,5.81,1.4,4.0,,,,,,70.25,0.8,,0.0,0.0,17.0,,
2024-01-16 04:00:00,17.5,54.5,3.02,9.4,7.48,15.92,44.02,0.65,5.78,1.48,4.4,,,,,,70.25,0.8,,0.0,0.0,17.0,,
2024-01-16 05:00:00,17.75,68.5,3.45,11.5,8.95,18.1,43.65,0.72,5.73,2.0,6.58,,,,,,70.25,0.32,,0.0,0.0,17.0,,
2024-01-16 06:00:00,16.75,97.25,5.35,21.0,15.5,16.6,45.72,0.73,5.68,3.18,6.78,,,,,,69.75,0.38,,0.0,0.0,18.0,,
2024-01-16 07:00:00,28.25,134.25,8.12,20.85,17.7,18.08,42.15,0.82,6.07,3.0,6.7,,,,,,71.0,0.48,,0.0,0.0,58.25,,
2024-01-16 08:00:00,35.75,154.75,6.65,14.55,13.18,17.62,42.08,0.71,6.12,3.0,6.7,,,,,,71.0,0.7,134.5,0.0,0.0,146.5,,
2024-01-16 09:00:00,29.5,132.25,4.97,15.1,12.08,18.32,44.72,0.74,5.78,2.82,6.8,,,,,,70.75,0.72,143.75,0.0,0.0,224.25,,
2024-01-16 10:00:00,24.75,109.5,3.32,12.68,9.43,21.9,44.4,2.3,5.49,2.3,7.25,,,,,,67.75,1.98,,0.0,0.0,325.5,,
2024-01-16 11:00:00,5.75,43.25,2.8,10.23,7.7,23.57,44.03,,5.64,1.88,5.48,,,,,,67.5,2.12,,0.0,0.0,378.25,,
2024-01-16 12:00:00,7.75,34.25,4.93,5.4,6.9,15.73,43.75,0.67,5.98,1.32,4.05,,,,,,69.5,2.25,,0.0,0.0,396.75,,
2024-01-16 13:00:00,15.25,47.75,1.9,5.4,4.4,10.9,45.75,0.65,5.58,1.3,4.0,,,,,,69.75,2.12,,0.0,0.0,377.75,,
2024-01-16 14:00:00,11.5,37.5,2.17,5.05,4.42,10.38,44.55,0.62,5.83,1.3,4.0,,,,,,70.25,2.02,203.0,0.0,0.0,320.25,,
2024-01-16 15:00:00,7.5,29.25,1.13,6.82,3.82,13.72,45.85,0.56,5.0,1.3,4.0,,,,,,68.25,2.12,,0.0,0.0,233.75,,
2024-01-16 16:00:00,10.0,35.75,3.52,6.3,6.22,13.48,44.48,0.66,6.07,0.8,2.5,,,,,,69.25,1.8,,0.0,0.0,123.25,,
2024-01-16 17:00:00,12.5,40.0,3.35,6.25,6.05,11.8,44.8,0.71,5.64,0.7,2.2,,,,,,69.75,1.82,,0.0,0.0,35.5,,
2024-01-16 18:00:00,12.25,57.0,2.22,6.82,5.45,11.45,45.65,0.66,5.73,0.7,2.2,,,,,,70.25,1.5,,0.0,0.0,17.0,,
2024-01-16 19:00:00,17.0,62.75,2.95,7.45,6.38,10.68,44.95,0.7,5.73,0.7,2.2,,,,,,70.0,1.35,,0.0,0.0,17.0,,
2024-01-16 20:00:00,18.5,61.25,1.8,8.88,6.15,12.52,43.5,0.59,5.1,0.7,2.2,,,,,,70.25,1.12,,0.0,0.0,17.0,,
2024-01-16 21:00:00,12.5,58.0,2.38,9.82,7.15,14.78,43.48,0.67,5.68,0.75,2.65,,,,,,69.25,0.98,,0.0,0.0,17.0,,
2024-01-16 22:00:00,9.25,52.75,3.45,10.1,8.18,14.08,42.78,0.64,5.98,1.0,3.6,,,,,,69.25,1.05,,0.0,0.0,17.0,,
2024-01-16 23:00:00,11.75,43.25,3.35,9.88,8.0,13.28,42.25,0.63,5.54,1.0,3.6,,,,,,69.5,0.95,,0.0,0.0,17.0,,
2024-01-17 00:00:00,7.5,32.5,3.4,9.68,8.0,12.5,40.98,0.65,5.58,1.0,3.6,,,,,,70.0,0.7,,0.0,0.0,17.0,,
2024-01-17 01:00:00,5.25,24.25,4.47,9.1,8.5,12.12,40.47,0.64,5.73,1.0,3.6,,,,,,70.5,0.42,,0.0,0.0,17.0,,
2024-01-17 02:00:00,3.0,24.0,3.75,9.18,7.95,11.62,40.72,0.63,6.01,1.0,3.6,,,,,,70.25,0.48,,0.0,0.0,17.0,,
2024-01-17 03:00:00,4.25,35.25,4.03,11.6,9.43,12.22,40.02,0.64,6.27,1.0,3.6,,,,,,71.0,0.48,,0.0,0.0,17.0,,
2024-01-17 04:00:00,8.25,50.0,4.05,14.08,10.85,14.3,41.45,0.68,5.93,1.0,3.6,,,,,,70.5,0.3,,0.0,0.0,17.0,,
2024-01-17 05:00:00,11.0,54.75,10.98,16.62,17.75,16.38,44.05,0.76,6.08,1.25,6.1,,,,,,70.0,0.38,,0.0,0.0,17.0,,
2024-01-17 06:00:00,17.0,80.75,10.25,15.42,16.5,14.12,45.65,0.7,6.03,1.3,6.3,,,,,,71.25,0.35,,0.0,0.0,18.25,,
2024-01-17 07:00:00,17.75,93.0,10.28,14.4,16.0,13.58,45.8,0.77,5.78,1.3,6.3,,,,,,72.0,0.75,,0.0,0.0,76.5,,
2024-01-17 08:00:00,21.0,105.5,9.1,13.85,14.78,12.62,46.65,0.66,5.93,1.3,6.3,,,,,,72.0,0.72,,0.0,0.0,172.25,,
2024-01-17 09:00:00,22.0,102.25,7.02,13.28,12.78,11.35,44.95,0.73,5.83,1.3,6.3,,,,,,72.25,0.92,222.0,0.0,0.0,264.0,,
2024-01-17 10:00:00,13.67,80.75,3.78,11.8,9.35,10.15,45.43,0.8,5.73,1.3,6.3,,,,,,72.5,1.3,343.0,0.0,0.0,327.5,,
2024-01-17 11:00:00,10.0,55.0,2.87,10.43,7.97,10.43,40.2,0.29,5.81,1.3,6.3,,,,,,71.67,1.57,175.0,0.0,0.0,374.0,,
2024-01-17 12:00:00,13.5,48.25,2.08,8.7,6.32,11.25,2.23,0.55,5.83,1.3,6.3,,,,,,69.75,2.15,214.75,0.0,0.0,387.5,,
2024-01-17 13:00:00,15.75,51.5,1.45,8.35,5.62,13.38,,0.62,5.98,1.3,6.3,,,,,,69.25,2.28,231.0,0.0,0.0,358.0,,
2024-01-17 14:00:00,10.25,55.0,2.45,10.55,7.55,13.42,5.6,0.63,6.03,1.3,6.3,,,,,,68.25,2.4,289.25,0.0,0.0,304.0,,
2024-01-17 15:00:00,11.75,67.25,2.72,10.88,7.95,13.98,3.08,0.63,5.69,1.3,6.3,,,,,,68.5,2.25,306.0,0.0,0.0,224.5,,
2024-01-17 16:00:00,5.25,55.75,2.12,10.02,7.02,14.1,0.8,0.64,5.83,1.3,6.3,,,,,,68.5,1.88,346.5,0.0,0.0,125.75,,
2024-01-17 17:00:00,6.5,44.75,2.1,9.4,6.7,13.5,0.5,0.64,5.78,1.3,6.3,,,,,,69.0,1.68,,0.0,0.0,40.25,,
2024-01-17 18:00:00,8.75,45.5,2.68,10.12,7.55,13.2,,0.67,5.64,1.3,6.3,,,,,,68.5,1.45,208.0,0.0,0.0,17.0,,
2024-01-17 19:00:00,13.0,61.0,3.0,11.32,8.43,13.62,,0.73,5.54,1.3,6.3,,,,,,68.5,1.38,167.75,0.0,0.0,17.0,,
2024-01-17 20:00:00,17.5,63.5,4.22,14.02,10.92,13.2,,0.67,5.73,1.32,6.3,,,,,,69.0,1.1,142.75,0.0,0.0,17.0,,
2024-01-17 21:00:00,11.75,50.25,4.9,10.52,9.58,11.22,,0.66,5.73,1.4,6.3,,,,,,70.25,1.0,131.0,0.0,0.0,17.0,,
2024-01-17 22:00:00,7.75,43.25,3.45,9.3,7.78,10.48,,0.68,5.63,1.4,6.3,,,,,,71.0,1.02,159.25,0.0,0.0,17.0,,
2024-01-17 23:00:00,7.25,49.25,3.25,8.78,7.35,10.05,,0.69,5.88,1.4,6.3,,,,,,72.25,0.45,140.33,0.0,0.0,17.0,,
2024-01-18 00:00:00,9.0,50.75,3.62,9.48,8.02,9.73,,0.66,5.83,1.4,6.3,,,,,,71.75,0.35,150.0,0.0,0.0,17.0,,
2024-01-18 01:00:00,10.75,36.5,3.9,9.32,8.15,9.28,1.6,0.65,6.08,1.4,6.3,,,,,,71.75,0.3,160.25,0.0,0.0,17.0,,
2024-01-18 02:00:00,10.0,45.5,4.25,13.58,10.65,10.0,,0.66,5.81,1.4,6.3,,,,,,72.5,0.3,160.0,0.0,0.0,16.25,,
2024-01-18 03:00:00,19.0,65.25,5.2,14.88,12.18,12.05,,0.74,5.68,1.4,6.3,,,,,,72.25,0.3,176.75,0.0,0.0,16.75,,
2024-01-18 04:00:00,19.25,88.25,6.55,16.2,13.92,14.42,2.1,0.61,5.59,1.4,6.3,,,,,,71.5,0.32,,0.0,0.0,17.0,,
2024-01-18 05:00:00,20.5,100.75,9.22,16.45,16.27,15.62,0.8,0.71,5.78,1.4,6.3,,,,,,71.25,0.32,,0.0,0.0,17.0,,
2024-01-18 06:00:00,23.5,104.75,10.85,17.8,18.32,15.0,0.3,0.68,5.64,1.4,6.3,,,,,,71.25,0.32,,0.0,0.0,18.0,,
2024-01-18 07:00:00,32.0,135.5,14.7,19.85,22.5,15.6,0.8,0.8,5.83,1.4,6.3,,,,,,71.5,0.4,,0.0,0.0,57.25,,
2024-01-18 08:00:00,44.75,188.0,14.8,22.0,23.7,15.98,3.88,0.81,5.59,1.4,6.3,,,,,,71.0,0.45,,0.0,0.0,104.0,,
2024-01-18 09:00:00,43.5,187.0,12.5,21.32,21.5,16.8,4.85,0.9,5.64,1.4,6.3,,,,,,71.25,0.65,,0.0,0.0,202.0,,
2024-01-18 10:00:00,27.75,133.5,6.65,16.88,14.4,14.98,3.87,2.58,5.83,1.4,6.3,,,,,,70.75,0.98,188.33,0.0,0.0,276.5,,
2024-01-18 11:00:00,10.75,56.25,3.0,11.53,8.57,14.1,1.7,0.43,5.98,1.4,6.3,,,,,,70.5,1.8,239.0,0.0,0.0,384.0,,
2024-01-18 12:00:00,8.5,40.0,5.27,8.63,8.87,16.13,1.3,0.68,6.13,1.4,6.3,,,,,,69.75,1.88,232.0,0.0,0.0,393.75,,
2024-01-18 13:00:00,11.75,50.0,3.57,6.52,6.42,11.8,2.1,0.67,5.98,1.4,6.3,,,,,,70.25,2.5,214.0,0.0,0.0,366.5,,
2024-01-18 14:00:00,8.25,43.25,2.42,5.65,4.97,11.58,4.45,0.62,5.68,1.4,6.3,,,,,,70.25,2.5,333.33,0.0,0.0,295.75,,
2024-01-18 15:00:00,10.0,40.25,3.12,5.85,5.68,11.75,0.7,0.61,5.73,,,,,,,,70.0,2.48,272.5,0.0,0.0,226.25,,
2024-01-18 16:00:00,12.0,38.0,2.52,5.72,5.15,12.12,1.5,0.6,5.98,,,,,,,,70.0,2.3,349.0,0.0,0.0,130.25,,
2024-01-18 17:00:00,11.5,44.25,2.72,6.9,5.9,12.0,0.77,0.63,5.98,,,,,,,,70.5,2.17,,0.0,0.0,44.25,,
2024-01-18 18:00:00,17.25,62.0,1.97,11.08,6.82,17.3,1.15,0.63,5.1,0.4,1.8,,,,,,67.5,1.48,,0.0,0.0,17.25,,
2024-01-18 19:00:00,12.25,65.0,5.15,12.82,10.95,13.58,0.5,0.72,6.37,0.9,4.3,,,,,,70.25,1.3,,0.0,0.0,17.0,,
2024-01-18 20:00:00,12.75,75.25,3.45,10.1,8.12,12.82,1.05,0.62,5.73,0.9,4.3,,,,,,69.75,0.92,,0.0,0.0,17.0,,
2024-01-18 21:00:00,11.0,52.0,2.62,11.55,8.3,14.5,0.7,0.66,5.68,0.9,4.3,,,,,,69.5,0.78,247.0,0.0,0.0,17.0,,
2024-01-18 22:00:00,10.5,53.25,3.18,11.6,8.72,14.08,,0.66,5.63,0.9,4.3,,,,,,68.75,1.0,262.0,0.0,0.0,17.0,,
2024-01-18 23:00:00,15.25,55.5,3.35,10.5,8.38,13.7,,0.65,5.24,0.9,4.3,,,,,,69.5,0.7,173.25,0.0,0.0,17.0,,
2024-01-19 00:00:00,6.5,51.0,3.62,10.55,8.55,16.58,,0.66,5.88,0.9,4.3,,,,,,70.0,0.55,,0.0,0.0,17.0,,
2024-01-19 01:00:00,5.25,47.25,4.3,12.65,10.2,14.23,0.65,0.64,5.93,0.9,4.3,,,,,,71.0,0.4,,0.0,0.0,17.0,,
2024-01-19 02:00:00,9.5,45.25,4.9,15.15,12.0,14.48,,0.68,6.01,0.9,4.3,,,,,,70.75,0.32,,0.0,0.0,17.0,,
2024-01-19 03:00:00,21.75,79.5,6.3,17.25,14.25,16.3,0.3,0.73,5.49,0.9,4.3,,,,,,70.75,0.35,,0.0,0.0,17.0,,
2024-01-19 04:00:00,26.25,96.5,8.22,16.98,15.75,16.52,,0.7,6.07,0.9,4.3,,,,,,71.0,0.35,,0.0,0.0,17.0,,
2024-01-19 05:00:00,27.75,98.0,8.98,14.8,15.18,13.05,1.7,0.71,5.88,0.9,4.3,,,,,,71.5,0.48,,0.0,0.0,17.0,,
2024-01-19 06:00:00,40.5,135.25,8.57,14.52,14.7,13.95,1.67,0.71,5.93,0.9,4.3,,,,,,72.0,0.5,,0.0,0.0,18.0,,
2024-01-19 07:00:00,44.25,167.25,10.72,13.68,16.0,14.05,1.78,0.81,5.59,0.9,4.3,,,,,,72.5,0.7,,0.0,0.0,69.25,,
2024-01-19 08:00:00,39.25,162.75,8.98,11.82,13.55,12.68,3.28,0.69,5.68,0.9,4.3,,,,,,71.75,1.35,,0.0,0.0,157.5,,
2024-01-19 09:00:00,27.75,127.0,7.48,11.1,11.95,12.1,2.62,0.69,5.88,0.9,4.3,,,,,,71.75,1.6,,0.0,0.0,222.75,,
2024-01-19 10:00:00,16.75,86.25,4.42,9.22,8.45,12.02,2.1,0.76,5.88,0.9,4.3,,,,,,72.5,2.2,,0.0,0.0,295.0,,
2024-01-19 11:00:00,12.5,57.75,2.7,6.9,5.83,12.3,2.9,0.26,5.78,0.9,4.3,,,,,,71.0,2.58,,0.0,0.0,361.0,,
2024-01-19 12:00:00,10.0,44.0,0.77,6.0,3.77,17.03,0.4,0.55,5.49,0.9,4.3,,,,,,70.75,2.55,221.0,0.0,0.0,383.75,,
2024-01-19 13:00:00,6.0,45.25,2.28,6.15,5.15,13.5,1.75,0.61,5.48,,,,,,,,69.0,2.62,334.5,0.0,0.0,367.5,,
2024-01-19 14:00:00,5.25,34.75,2.7,5.45,5.08,14.48,0.5,0.64,5.78,1.9,6.7,,,,,,68.25,2.42,330.67,0.0,0.0,306.5,,
2024-01-19 15:00:00,11.0,45.75,2.48,6.02,5.2,16.08,2.1,0.66,5.93,2.0,8.8,,,,,,68.75,2.33,304.33,0.0,0.0,219.0,,
2024-01-19 16:00:00,10.0,47.5,2.8,7.0,6.0,15.32,1.0,0.6,5.68,1.95,9.2,,,,,,68.5,1.72,,0.0,0.0,121.25,,
2024-01-19 17:00:00,15.25,57.0,3.38,7.95,6.95,14.62,,0.64,5.83,2.3,11.55,,,,,,69.0,1.32,,0.0,0.0,38.75,,
2024-01-19 18:00:00,13.0,65.25,3.78,10.0,8.38,15.3,0.5,0.69,5.58,2.78,14.6,,,,,,68.75,1.03,279.0,0.0,0.0,17.0,,
2024-01-19 19:00:00,17.5,95.0,3.08,25.38,16.02,23.02,,0.84,6.07,4.53,25.5,,,,,,68.5,0.9,,0.0,0.0,17.0,,
2024-01-19 20:00:00,29.25,151.0,6.12,18.35,14.75,17.75,2.28,0.7,6.52,5.95,34.25,,,,,,69.5,0.95,,0.0,0.0,17.0,,
2024-01-19 21:00:00,23.5,109.25,5.05,15.02,12.08,13.9,4.65,0.73,5.68,5.95,34.02,,,,,,70.0,0.8,,0.0,0.0,17.0,,
2024-01-19 22:00:00,22.25,95.25,4.53,13.5,10.85,13.12,3.15,0.66,5.64,5.05,29.82,,,,,,70.5,0.85,,0.0,0.0,17.0,,
2024-01-19 23:00:00,21.25,73.75,3.95,12.1,9.65,12.55,3.32,0.65,5.54,4.6,26.7,,,,,,70.5,1.08,,0.0,0.0,17.0,,
2024-01-20 00:00:00,15.5,62.5,4.03,10.15,8.68,11.98,4.72,0.62,5.78,4.05,23.25,,,,,,72.0,0.78,,0.0,0.0,17.0,,
2024-01-20 01:00:00,12.25,64.0,4.12,9.72,8.48,11.52,4.32,0.62,5.68,3.68,21.28,,,,,,71.75,0.82,,0.0,0.0,17.0,,
2024-01-20 02:00:00,9.5,55.25,3.88,9.18,8.0,11.32,1.0,0.64,5.69,3.45,19.82,,,,,,71.5,0.62,,0.0,0.0,17.0,,
2024-01-20 03:00:00,15.5,53.75,3.82,7.55,7.15,11.62,0.8,0.64,5.42,3.25,17.58,,,,,,72.0,0.38,,0.0,0.0,17.0,,
2024-01-20 04:00:00,12.5,62.25,3.7,13.22,10.07,15.25,,0.58,5.68,4.15,22.22,,,,,,70.75,0.32,,0.0,0.0,17.0,,
2024-01-20 05:00:00,20.5,107.5,5.9,16.38,13.48,15.85,,0.73,6.02,5.2,25.22,,,,,,71.5,0.4,,0.0,0.0,17.0,,
2024-01-20 06:00:00,30.75,114.0,8.52,16.1,15.52,15.45,1.95,0.74,5.58,5.42,27.0,,,,,,71.25,0.52,,0.0,0.0,18.0,,
2024-01-20 07:00:00,33.5,142.75,8.72,15.7,15.48,15.7,2.75,0.81,5.93,5.85,25.08,,,,,,71.0,0.6,,0.0,0.0,61.5,,
2024-01-20 08:00:00,39.0,147.5,9.22,14.62,15.3,16.42,1.85,0.7,5.54,6.02,24.75,,,,,,69.75,0.92,,0.0,0.0,142.75,,
2024-01-20 09:00:00,21.5,103.0,6.48,11.82,11.6,15.62,3.0,0.67,6.47,6.1,23.85,,,,,,69.25,2.15,,0.0,0.0,214.25,,
2024-01-20 10:00:00,12.25,52.5,3.45,9.07,7.62,15.88,1.3,2.51,5.64,4.32,16.18,,,,,,70.75,2.42,242.0,0.0,0.0,283.0,,
2024-01-20 11:00:00,8.0,47.0,2.67,8.7,6.83,15.63,1.7,,5.74,3.3,12.95,,,,,,68.75,2.45,,0.0,0.0,306.0,,
2024-01-20 12:00:00,11.5,55.0,3.87,6.43,6.6,17.27,1.65,0.66,6.07,2.92,10.92,,,,,,70.0,2.65,325.0,0.0,0.0,353.5,,
2024-01-20 13:00:00,12.33,57.5,3.3,4.92,5.3,12.7,0.9,0.7,5.59,2.62,9.75,,,,,,68.5,2.65,339.0,0.0,0.0,338.75,,
2024-01-20 14:00:00,11.5,44.25,2.78,3.9,4.32,13.6,,0.6,5.44,2.0,8.72,,,,,,70.0,2.33,,0.0,0.0,303.5,,
2024-01-20 15:00:00,12.5,37.25,2.22,4.1,4.0,13.1,,0.61,5.59,1.68,7.9,,,,,,70.25,2.28,342.0,0.0,0.0,242.0,,
2024-01-20 16:00:00,11.5,47.5,3.08,5.0,5.15,13.4,3.13,0.64,5.58,1.62,8.32,,,,,,69.5,2.08,,0.0,0.0,123.75,,
2024-01-20 17:00:00,15.5,68.75,2.92,6.3,5.8,13.78,4.78,0.71,5.49,3.4,11.1,,,,,,69.25,1.8,265.0,0.0,0.0,39.75,,
2024-01-20 18:00:00,21.75,73.0,2.7,7.02,5.92,13.05,2.1,0.66,5.83,4.0,15.8,,,,,,69.0,1.55,333.5,0.0,0.0,17.0,,
2024-01-20 19:00:00,16.75,69.25,2.82,8.45,6.82,13.02,,0.68,6.08,4.35,15.92,,,,,,69.75,1.27,,0.0,0.0,17.0,,
2024-01-20 20:00:00,14.0,66.25,1.6,11.75,7.55,15.05,,0.67,5.88,4.4,16.23,,,,,,69.0,1.05,303.0,0.0,0.0,17.0,,
2024-01-20 21:00:00,17.75,62.75,3.55,12.75,9.68,14.88,,0.66,6.18,4.47,17.0,,,,,,70.0,1.0,,0.0,0.0,17.0,,
2024-01-20 22:00:00,17.0,59.75,3.68,12.52,9.65,14.65,,0.65,5.93,4.38,16.4,,,,,,68.0,1.05,,0.0,0.0,17.0,,
2024-01-20 23:00:00,8.25,59.0,4.12,12.08,9.78,15.2,,0.65,5.78,4.22,15.48,,,,,,68.5,0.92,,0.0,0.0,17.0,,
2024-01-21 00:00:00,9.0,46.5,3.38,9.93,8.0,15.38,,0.63,5.73,3.8,14.12,,,,,,69.5,0.62,142.0,0.0,0.0,17.0,,
2024-01-21 01:00:00,8.75,36.0,4.35,9.02,8.35,14.52,,0.62,5.68,3.58,13.7,,,,,,70.0,0.38,,0.0,0.0,17.0,,
2024-01-21 02:00:00,8.25,34.5,4.45,9.48,8.7,13.78,,0.65,5.42,3.55,14.38,,,,,,70.25,0.35,,0.0,0.0,17.0,,
2024-01-21 03:00:00,13.0,49.0,6.28,17.1,14.22,16.3,0.3,0.76,6.27,4.3,18.1,,,,,,70.25,0.3,,0.0,0.0,17.0,,
2024-01-21 04:00:00,26.0,108.75,9.52,17.15,16.88,14.45,0.9,0.64,6.27,5.07,25.28,,,,,,71.75,0.32,,0.0,0.0,17.0,,
2024-01-21 05:00:00,30.25,114.5,8.25,15.62,15.0,14.23,1.13,0.72,5.88,5.42,32.58,,,,,,71.75,0.3,,0.0,0.0,17.0,,
2024-01-21 06:00:00,32.25,115.25,10.58,17.2,17.73,14.9,,0.73,5.93,5.62,44.12,,,,,,71.75,0.3,,0.0,0.0,18.25,,
2024-01-21 07:00:00,30.0,147.0,14.2,19.35,21.83,16.4,,0.83,5.24,6.08,50.32,,,,,,72.25,0.32,157.5,0.0,0.0,57.0,,
2024-01-21 08:00:00,37.5,164.0,14.22,17.77,21.05,16.45,2.27,0.72,6.28,6.55,67.38,,,,,,72.0,0.55,,0.0,0.0,155.0,,
2024-01-21 09:00:00,30.25,135.25,8.7,15.25,15.18,12.78,1.35,0.67,5.64,6.05,44.12,,,,,,71.0,1.25,148.67,0.0,0.0,225.0,,
2024-01-21 10:00:00,20.5,74.25,3.22,10.4,8.15,11.28,1.37,0.92,6.03,4.58,28.65,,,,,,71.75,1.65,178.75,0.0,0.0,325.0,,
2024-01-21 11:00:00,14.0,41.75,3.27,7.57,6.7,10.67,2.6,,5.34,3.42,19.88,,,,,,71.0,1.78,165.0,0.0,0.0,378.75,,
2024-01-21 12:00:00,7.75,40.75,2.13,7.7,5.8,17.0,1.27,0.55,5.54,3.0,15.85,,,,,,70.5,1.85,128.75,0.0,0.0,394.5,,
2024-01-21 13:00:00,7.0,40.25,2.82,7.8,6.45,12.92,0.5,0.62,5.88,2.45,12.95,,,,,,69.75,2.05,169.25,0.0,0.0,372.5,,
2024-01-21 14:00:00,6.75,39.5,3.42,7.6,6.82,12.7,4.2,0.63,6.12,2.05,10.95,,,,,,68.25,2.15,218.0,0.0,0.0,316.75,,
2024-01-21 15:00:00,6.25,35.0,2.7,6.88,5.85,13.2,5.12,0.62,5.54,1.65,9.18,,,,,,68.5,2.08,235.5,0.0,0.0,232.25,,
2024-01-21 16:00:00,8.0,35.0,3.25,6.4,6.05,13.08,4.08,0.64,5.78,1.55,8.43,,,,,,69.25,1.6,159.75,0.0,0.0,133.5,,
2024-01-21 17:00:00,11.75,42.25,2.72,8.35,6.62,12.98,3.48,0.65,5.54,1.7,8.02,,,,,,68.75,1.4,121.25,0.0,0.0,44.75,,
2024-01-21 18:00:00,12.75,64.5,3.32,9.3,7.65,13.4,1.2,0.66,5.88,1.9,8.6,,,,,,69.5,0.95,112.75,0.0,0.0,17.0,,
2024-01-21 19:00:00,9.5,62.75,4.58,10.58,9.38,13.78,1.4,0.76,5.78,2.42,9.65,,,,,,70.0,0.75,100.5,0.0,0.0,17.0,,
2024-01-21 20:00:00,11.0,51.25,6.0,10.38,10.4,12.2,2.95,0.67,6.07,2.42,9.75,,,,,,70.25,0.65,120.25,0.0,0.0,17.0,,
2024-01-21 21:00:00,12.25,50.25,4.47,9.6,8.75,12.0,4.6,0.76,5.68,2.78,11.23,,,,,,71.0,0.45,122.25,0.0,0.0,17.0,,
2024-01-21 22:00:00,16.0,60.0,4.95,10.55,9.6,12.0,1.35,0.66,5.54,2.75,11.62,,,,,,71.0,0.38,121.5,0.0,0.0,17.0,,
2024-01-21 23:00:00,16.0,52.5,5.55,11.3,10.5,11.75,,0.68,5.88,2.98,12.7,,,,,,70.75,0.43,126.25,0.0,0.0,17.0,,
2024-01-22 00:00:00,14.0,51.0,5.52,10.65,10.18,11.45,3.32,0.63,5.78,2.85,12.78,,,,,,71.25,0.38,123.25,0.0,0.0,17.0,,
2024-01-22 01:00:00,8.0,35.25,5.42,12.1,10.88,11.42,3.12,0.64,5.68,2.92,13.48,,,,,,72.25,0.35,123.25,0.0,0.0,17.0,,
2024-01-22 02:00:00,9.25,49.5,5.72,11.98,11.05,13.05,2.25,0.67,6.07,4.38,17.45,,,,,,72.25,0.3,124.0,0.0,0.0,17.0,,
2024-01-22 03:00:00,14.25,77.0,5.7,11.78,10.88,14.28,2.03,0.63,5.75,5.72,21.98,,,,,,71.5,0.3,123.75,0.0,0.0,17.0,,
2024-01-22 04:00:00,17.5,91.75,6.78,14.62,13.3,15.4,1.92,0.73,5.54,6.28,24.38,,,,,,71.5,0.3,123.0,0.0,0.0,17.0,,
2024-01-22 05:00:00,16.25,94.5,8.55,15.58,15.28,15.52,2.25,0.8,5.78,6.48,24.68,,,,,,71.0,0.3,123.33,0.0,0.0,17.0,,
2024-01-22 06:00:00,21.25,113.5,16.5,17.48,22.75,16.92,0.8,0.73,5.88,7.02,23.72,,,,,,70.75,0.32,,0.0,0.0,17.75,,
2024-01-22 07:00:00,37.0,151.5,19.92,19.52,26.58,18.58,0.3,0.88,5.64,7.2,24.15,,,,,,71.25,0.32,,0.0,0.0,61.25,,
2024-01-22 08:00:00,42.75,177.5,19.35,20.9,26.82,19.15,2.35,0.72,5.88,7.28,23.45,,,,,,71.0,0.38,19.0,0.0,0.0,132.0,,
2024-01-22 09:00:00,29.0,124.5,14.0,15.82,19.78,16.62,3.82,0.69,5.54,6.75,21.42,,,,,,70.25,1.72,143.25,0.0,0.0,251.5,,
2024-01-22 10:00:00,15.5,62.75,5.9,12.42,11.38,16.27,3.73,0.74,5.54,4.9,15.32,,,,,,70.0,2.15,181.25,0.0,0.0,310.25,,
2024-01-22 11:00:00,10.5,42.75,3.67,9.83,8.27,15.57,6.13,0.5,5.68,3.62,12.02,,,,,,70.0,2.4,225.0,0.0,0.0,305.0,,
2024-01-22 12:00:00,10.0,43.25,3.83,7.13,6.93,14.73,3.72,0.69,6.22,2.55,9.9,,,,,,70.25,2.65,167.25,0.0,0.0,366.25,,
2024-01-22 13:00:00,12.75,52.5,3.08,6.48,5.92,12.1,1.65,0.69,5.78,2.02,7.8,,,,,,70.0,2.55,170.25,0.0,0.0,337.75,,
2024-01-22 14:00:00,11.25,42.5,2.4,5.88,5.08,12.0,1.6,0.63,5.88,1.65,6.72,,,,,,70.0,2.55,128.75,0.0,0.0,317.5,,
2024-01-22 15:00:00,9.0,47.25,2.92,5.45,5.25,11.88,2.42,0.63,5.48,1.5,5.82,,,,,,69.75,2.25,138.25,0.0,0.0,227.0,,
2024-01-22 16:00:00,10.75,58.5,3.08,5.5,5.42,11.82,2.28,0.66,6.03,1.48,6.3,,,,,,69.5,2.28,140.75,0.0,0.0,134.0,,
2024-01-22 17:00:00,16.25,64.75,2.55,7.2,5.9,11.85,2.05,0.69,5.93,1.58,6.3,,,,,,70.0,2.02,100.25,0.0,0.0,43.25,,
2024-01-22 18:00:00,17.25,73.75,2.6,10.28,7.6,12.45,2.17,0.7,5.83,2.12,6.68,,,,,,69.75,2.0,101.5,0.0,0.0,17.0,,
2024-01-22 19:00:00,18.0,83.75,1.95,13.0,8.5,14.52,2.8,0.64,5.98,2.62,7.5,,,,,,69.5,1.5,96.0,0.0,0.0,17.0,,
2024-01-22 20:00:00,15.75,84.0,2.95,16.08,10.98,15.58,,0.73,5.83,3.22,9.32,,,,,,69.5,0.85,90.0,0.0,0.0,17.0,,
2024-01-22 21:00:00,13.0,97.5,4.3,18.65,13.4,15.68,,0.8,5.73,3.53,11.38,,,,,,70.0,0.8,151.75,0.0,0.0,17.0,,
2024-01-22 22:00:00,22.75,100.0,5.2,19.52,14.6,15.92,0.87,0.73,5.98,4.0,12.98,,,,,,70.0,0.42,77.5,0.0,0.0,17.0,,
2024-01-22 23:00:00,16.0,86.0,5.12,14.95,12.15,15.18,1.23,0.69,5.93,4.12,12.85,,,,,,70.0,0.38,90.5,0.0,0.0,17.0,,
2024-01-23 00:00:00,15.5,61.0,5.15,14.27,11.72,14.55,3.2,0.65,5.88,3.92,12.92,,,,,,69.75,0.68,161.75,0.0,0.0,17.0,,
2024-01-23 01:00:00,12.0,51.75,4.47,9.75,8.82,13.68,3.88,0.59,5.73,3.3,11.05,,,,,,69.5,0.92,354.0,0.0,0.0,17.0,,
2024-01-23 02:00:00,7.5,32.25,3.6,8.85,7.58,13.82,1.47,0.64,6.4,2.75,9.38,,,,,,69.75,1.02,215.0,0.0,0.0,17.0,,
2024-01-23 03:00:00,12.5,32.25,4.85,7.72,8.02,14.45,0.5,0.67,6.14,2.48,8.3,,,,,,70.25,1.1,135.75,0.0,0.0,17.0,,
2024-01-23 04:00:00,13.25,39.5,3.62,6.18,6.28,10.98,3.6,0.67,5.78,2.02,7.55,,,,,,71.0,1.32,124.25,0.0,0.0,17.0,,
2024-01-23 05:00:00,10.5,43.25,3.05,6.4,5.9,11.12,2.95,0.71,5.88,2.1,6.72,,,,,,71.5,1.25,102.5,0.0,0.0,17.0,,
2024-01-23 06:00:00,12.25,58.5,2.95,9.35,7.38,11.0,1.48,0.67,5.88,2.05,6.45,,,,,,72.5,0.95,136.25,0.0,0.0,18.0,,
2024-01-23 07:00:00,20.75,82.5,3.15,9.85,7.8,11.45,0.73,0.76,5.74,2.6,7.22,,,,,,72.0,1.12,166.5,0.0,0.0,65.0,,
2024-01-23 08:00:00,24.25,101.25,6.3,16.3,13.8,14.4,1.18,0.85,6.12,3.3,11.88,,,,,,73.0,0.88,295.0,0.0,0.0,150.75,,
2024-01-23 09:00:00,37.25,145.5,3.3,8.07,6.92,11.82,0.8,0.81,5.39,3.42,11.62,,,,,,71.75,2.35,181.25,0.0,0.0,253.0,,
2024-01-23 10:00:00,12.5,68.75,2.33,6.75,5.48,12.1,1.47,0.89,5.88,2.52,8.02,,,,,,70.5,2.53,283.25,0.0,0.0,321.5,,
2024-01-23 11:00:00,16.25,66.5,1.45,6.17,4.03,15.3,3.93,0.45,5.54,2.22,7.72,,,,,,70.0,2.52,255.75,0.0,0.0,339.75,,
2024-01-23 12:00:00,13.5,62.0,1.5,6.93,4.93,19.43,1.3,0.62,5.98,2.15,7.88,,,,,,69.0,2.9,212.75,0.0,0.0,349.25,,
2024-01-23 13:00:00,12.25,62.5,2.9,6.0,5.52,16.25,,0.61,5.68,1.88,6.75,,,,,,68.75,2.82,167.0,0.0,0.0,314.25,,
2024-01-23 14:00:00,12.0,63.75,2.42,7.5,6.0,15.58,0.5,0.65,6.22,1.7,5.6,,,,,,68.0,2.92,198.75,0.0,0.0,273.25,,
2024-01-23 15:00:00,10.25,63.0,2.72,6.5,5.68,15.38,0.3,0.65,5.93,1.65,4.95,,,,,,69.25,2.85,155.0,0.0,0.0,225.0,,
2024-01-23 16:00:00,14.75,66.75,2.55,7.55,6.12,15.22,0.5,0.66,5.98,1.72,5.3,,,,,,68.25,2.68,176.0,0.0,0.0,134.25,,
2024-01-23 17:00:00,16.0,75.5,2.92,8.68,7.02,15.0,0.4,0.7,5.39,1.75,5.43,,,,,,68.5,2.52,162.0,0.0,0.0,43.75,,
2024-01-23 18:00:00,14.5,72.5,2.5,11.45,8.1,15.52,3.68,0.74,6.03,1.85,5.58,,,,,,69.0,1.95,203.5,0.0,0.0,17.0,,
2024-01-23 19:00:00,20.0,85.75,4.38,18.95,13.68,15.35,7.08,0.75,5.74,2.2,6.75,,,,,,68.5,1.85,207.75,0.0,0.0,17.0,,
2024-01-23 20:00:00,22.25,89.25,3.42,21.78,14.32,15.68,4.97,0.76,6.03,3.25,10.62,,,,,,70.25,1.42,113.75,0.0,0.0,17.0,,
2024-01-23 21:00:00,20.5,100.75,3.35,22.28,14.52,14.68,4.45,0.84,5.54,3.42,11.4,,,,,,69.75,1.48,102.25,0.0,0.0,17.0,,
2024-01-23 22:00:00,19.75,95.25,4.47,23.12,15.9,14.0,9.1,0.72,5.93,3.58,12.02,,,,,,70.0,1.42,120.0,0.0,0.0,17.0,,
2024-01-23 23:00:00,14.75,85.75,3.25,18.0,12.2,13.22,9.05,0.69,5.88,3.32,10.95,,,,,,71.25,1.08,61.5,0.0,0.0,17.0,,
2024-01-24 00:00:00,20.5,70.75,3.65,13.58,10.2,12.68,5.38,0.66,5.93,3.28,11.35,,,,,,72.0,0.78,244.0,0.0,0.0,17.0,,
2024-01-24 01:00:00,19.25,66.75,3.52,13.78,10.18,12.38,2.75,0.64,5.88,3.42,12.05,,,,,,71.75,0.3,351.5,0.0,0.0,17.0,,
2024-01-24 02:00:00,11.5,74.75,4.72,15.55,12.08,12.85,6.15,0.63,5.62,3.62,13.88,,,,,,72.0,0.35,321.75,0.0,0.0,17.0,,
2024-01-24 03:00:00,13.0,72.0,3.1,17.02,11.58,16.05,6.38,0.62,5.88,3.75,14.55,,,,,,69.0,1.1,83.75,0.0,0.0,17.0,,
2024-01-24 04:00:00,14.0,63.75,5.55,25.02,17.85,15.77,3.4,0.66,5.83,3.15,11.18,,,,,,69.5,1.1,73.0,0.0,0.0,17.0,,
2024-01-24 05:00:00,17.5,62.0,5.95,23.4,17.32,15.18,0.78,0.68,5.93,2.9,10.58,,,,,,70.5,0.7,129.5,0.0,0.0,17.0,,
2024-01-24 06:00:00,22.0,97.0,12.62,23.55,22.8,17.0,2.4,0.81,5.73,4.0,15.77,,,,,,71.5,0.4,164.5,0.0,0.0,17.5,,
2024-01-24 07:00:00,34.25,163.25,18.8,24.83,28.48,19.73,5.78,1.0,5.73,5.7,23.7,,,,,,70.75,0.7,42.67,0.0,0.0,57.25,,
2024-01-24 08:00:00,43.25,184.25,17.75,25.52,28.08,20.52,6.48,0.82,5.39,6.38,27.52,,,,,,70.5,0.9,121.67,0.0,0.0,143.5,,
2024-01-24 09:00:00,39.5,186.75,12.6,28.9,25.62,19.65,5.98,0.97,5.78,6.98,30.98,,,,,,70.25,1.78,179.0,0.0,0.0,163.5,,
2024-01-24 10:00:00,33.5,152.75,5.22,18.98,14.4,17.98,5.23,0.78,5.98,5.72,23.3,,,,,,69.5,2.7,105.25,0.0,0.0,302.5,,
2024-01-24 11:00:00,27.5,84.25,3.47,10.17,8.23,14.3,5.6,,6.08,3.47,13.0,,,,,,70.25,3.1,132.0,0.0,0.0,377.0,,
2024-01-24 12:00:00,21.25,69.75,2.9,6.23,5.63,15.8,5.95,0.6,5.88,2.22,7.75,,,,,,70.5,3.2,176.5,0.0,0.0,394.0,,
2024-01-24 13:00:00,15.25,70.25,1.8,7.02,5.22,12.75,5.5,0.57,5.73,1.75,6.02,,,,,,71.0,3.1,180.5,0.0,0.0,374.75,,
2024-01-24 14:00:00,14.25,71.0,2.22,7.0,5.55,12.27,5.3,0.63,6.12,1.48,5.08,,,,,,69.25,3.1,144.0,0.0,0.0,322.5,,
2024-01-24 15:00:00,17.75,65.0,2.5,6.98,5.78,12.1,4.12,0.64,5.93,1.42,4.85,,,,,,70.25,3.15,145.0,0.0,0.0,240.75,,
2024-01-24 16:00:00,16.25,75.25,2.08,7.78,5.82,12.72,3.48,0.63,5.83,1.42,5.08,,,,,,70.0,3.12,131.5,0.0,0.0,141.25,,
2024-01-24 17:00:00,16.5,81.75,2.08,9.78,6.88,13.02,4.12,0.66,5.88,1.42,5.45,,,,,,69.25,2.75,149.5,0.0,0.0,47.25,,
2024-01-24 18:00:00,23.0,92.75,1.98,11.38,7.65,15.58,4.28,0.6,5.05,1.68,6.15,,,,,,68.25,2.17,173.0,0.0,0.0,17.0,,
2024-01-24 19:00:00,19.75,98.25,2.08,14.98,9.62,18.1,4.8,0.74,5.54,2.25,7.25,,,,,,68.5,1.75,132.75,0.0,0.0,17.0,,
2024-01-24 20:00:00,19.75,91.5,3.18,18.92,12.68,17.58,3.6,0.73,6.03,2.68,8.4,,,,,,68.5,1.48,129.5,0.0,0.0,17.0,,
2024-01-24 21:00:00,19.75,98.5,3.8,21.65,14.62,17.4,1.9,0.84,5.88,3.25,10.15,,,,,,69.25,1.4,146.75,0.0,0.0,17.0,,
2024-01-24 22:00:00,13.25,95.0,3.92,14.32,10.85,16.73,2.82,0.66,5.78,3.12,9.75,,,,,,68.5,1.5,180.5,0.0,0.0,17.0,,
2024-01-24 23:00:00,14.0,60.75,3.42,13.88,10.15,15.88,4.0,0.62,5.83,2.72,8.35,,,,,,69.5,1.18,106.75,0.0,0.0,17.0,,
2024-01-25 00:00:00,13.5,57.25,3.72,15.9,11.48,15.98,2.78,0.67,5.78,2.5,7.68,,,,,,69.5,1.0,111.75,0.0,0.0,17.0,,
2024-01-25 01:00:00,14.5,56.75,4.1,19.75,13.88,15.9,3.0,0.67,5.88,2.48,7.65,,,,,,70.5,0.92,94.5,0.0,0.0,17.0,,
2024-01-25 02:00:00,19.33,53.75,5.35,21.32,15.7,15.23,3.82,0.69,6.01,2.42,7.5,,,,,,70.25,0.5,94.5,0.0,0.0,17.0,,
2024-01-25 03:00:00,14.75,56.25,5.75,18.18,14.38,14.0,4.58,0.68,5.95,2.3,7.62,,,,,,71.25,0.62,98.0,0.0,0.0,17.0,,
2024-01-25 04:00:00,15.5,56.5,5.0,12.85,10.9,12.1,2.3,0.66,5.49,2.12,7.45,,,,,,71.5,0.92,111.0,0.0,0.0,17.0,,
2024-01-25 05:00:00,12.75,57.75,4.65,16.77,12.72,11.5,1.92,0.69,5.68,2.1,7.1,,,,,,71.75,0.68,101.25,0.0,0.0,17.0,,
2024-01-25 06:00:00,18.0,73.0,7.25,18.38,15.7,12.1,7.52,0.72,5.98,2.33,7.72,,,,,,72.25,0.55,100.5,0.0,0.0,18.25,,
2024-01-25 07:00:00,26.0,123.75,24.82,24.2,33.05,16.92,12.18,1.04,5.44,4.47,18.2,,,,,,72.25,0.5,75.0,0.0,0.0,64.75,,
2024-01-25 08:00:00,48.5,198.5,22.88,23.75,31.22,16.4,9.78,0.77,5.98,6.28,26.92,,,,,,71.5,1.82,91.5,0.0,0.0,139.5,,
2024-01-25 09:00:00,38.5,132.75,6.68,14.95,13.35,12.2,9.1,0.54,5.74,4.25,14.88,,,,,,71.25,2.33,108.25,0.0,0.0,231.5,,
2024-01-25 10:00:00,19.75,66.75,1.7,9.78,6.6,12.68,6.73,3.1,5.1,3.12,9.65,,,,,,71.5,2.22,128.5,0.0,0.0,277.25,,
2024-01-25 11:00:00,12.75,65.5,1.97,8.53,6.13,13.87,5.3,,5.73,2.6,8.05,,,,,,69.75,2.82,129.5,0.0,0.0,362.0,,
2024-01-25 12:00:00,10.75,56.0,2.63,5.83,5.23,17.43,3.35,0.62,6.03,2.08,6.4,,,,,,69.0,2.88,117.0,0.0,0.0,388.0,,
2024-01-25 13:00:00,7.5,56.0,2.88,7.05,6.08,14.28,3.2,0.62,5.88,1.72,5.08,,,,,,68.25,2.55,139.75,0.0,0.0,357.75,,
2024-01-25 14:00:00,8.75,49.0,2.88,7.75,6.42,13.72,3.1,0.64,6.12,1.5,4.25,,,,,,68.5,2.15,176.5,0.0,0.0,313.75,,
2024-01-25 15:00:00,8.75,53.25,3.55,9.0,7.72,13.62,3.8,0.64,5.88,1.75,4.5,,,,,,69.0,2.15,164.75,0.0,0.0,241.0,,
2024-01-25 16:00:00,11.5,49.75,2.88,8.9,7.1,14.32,5.62,0.65,5.49,1.8,5.5,,,,,,67.75,2.22,212.25,0.0,0.0,142.25,,
2024-01-25 17:00:00,13.25,57.0,2.52,8.48,6.55,13.85,6.38,0.67,6.08,2.02,8.68,,,,,,68.25,1.8,185.25,0.0,0.0,49.5,,
2024-01-25 18:00:00,14.5,66.5,3.95,8.9,7.9,13.65,10.42,0.71,6.18,2.95,13.58,,,,,,67.5,1.9,230.0,0.0,0.0,17.0,,
2024-01-25 19:00:00,16.5,80.25,3.1,9.65,7.68,12.12,10.52,0.76,5.93,2.75,10.22,,,,,,69.25,1.88,250.25,0.0,0.0,17.0,,
2024-01-25 20:00:00,16.75,87.75,2.8,9.5,7.32,12.12,5.9,0.66,5.83,2.9,9.62,,,,,,69.75,1.95,216.5,0.0,0.0,17.0,,
2024-01-25 21:00:00,15.25,83.5,2.38,10.58,7.58,11.98,4.97,0.72,5.64,3.0,9.57,,,,,,70.0,1.45,215.0,0.0,0.0,17.0,,
2024-01-25 22:00:00,20.5,84.25,2.65,9.93,7.4,11.35,5.82,0.68,5.93,3.02,9.82,,,,,,70.5,1.02,143.5,0.0,0.0,17.0,,
2024-01-25 23:00:00,16.5,64.0,2.95,9.62,7.5,11.3,5.05,0.68,5.68,2.82,9.95,,,,,,71.5,0.72,175.0,0.0,0.0,17.0,,
2024-01-26 00:00:00,17.0,60.75,2.85,8.02,6.62,11.23,5.45,0.64,5.58,2.65,9.43,,,,,,71.75,0.6,139.33,0.0,0.0,17.0,,
2024-01-26 01:00:00,13.5,49.75,3.2,8.68,7.22,11.28,4.55,0.64,5.73,2.58,9.1,,,,,,72.0,0.3,131.0,0.0,0.0,17.0,,
2024-01-26 02:00:00,12.25,45.75,2.42,10.02,7.32,13.35,3.02,0.57,5.55,2.72,9.75,,,,,,70.75,0.3,131.0,0.0,0.0,17.0,,
2024-01-26 03:00:00,14.5,61.5,6.62,16.52,14.15,15.82,5.18,0.71,5.81,3.38,12.22,,,,,,71.25,0.3,137.5,0.0,0.0,17.0,,
2024-01-26 04:00:00,23.75,120.5,15.02,22.12,23.98,17.73,5.42,0.77,5.54,4.95,17.83,,,,,,70.5,0.5,,0.0,0.0,17.0,,
2024-01-26 05:00:00,35.25,145.0,11.9,21.1,20.88,17.4,4.53,0.8,6.37,4.9,15.98,,,,,,70.5,0.35,,0.0,0.0,17.0,,
2024-01-26 06:00:00,27.75,133.75,12.48,21.85,21.72,17.83,5.42,0.77,5.54,5.03,15.75,,,,,,70.5,0.35,,0.0,0.0,17.5,,
2024-01-26 07:00:00,35.5,147.75,14.58,21.8,23.48,18.0,4.3,0.86,6.07,5.25,17.35,,,,,,71.25,0.68,,0.0,0.0,53.5,,
2024-01-26 08:00:00,48.75,183.0,12.8,20.1,21.12,18.05,5.3,0.75,5.83,5.43,16.6,,,,,,69.75,0.68,,0.0,0.0,115.75,,
2024-01-26 09:00:00,37.0,169.25,9.73,17.68,17.32,17.15,8.18,0.78,5.83,5.72,17.4,,,,,,70.75,0.92,,0.0,0.0,169.75,,
2024-01-26 10:00:00,27.25,110.25,6.88,11.32,11.6,14.3,5.33,,6.52,4.42,12.82,,,,,,70.25,1.92,235.67,0.0,0.0,203.5,,
2024-01-26 11:00:00,15.5,56.5,4.53,8.53,8.17,13.27,7.87,,5.88,3.3,9.93,,,,,,71.5,2.05,353.0,0.0,0.0,252.5,,
2024-01-26 12:00:00,14.0,58.25,2.2,6.2,4.3,18.27,6.32,0.58,6.56,2.45,7.8,,,,,,70.0,2.75,,0.0,0.0,257.0,,
2024-01-26 13:00:00,11.0,62.5,3.05,5.6,5.48,14.08,6.48,0.54,5.68,1.88,6.18,,,,,,70.25,2.6,,0.0,0.0,365.75,,
2024-01-26 14:00:00,11.0,51.5,2.7,4.8,4.78,13.55,2.23,0.61,5.64,1.52,5.08,,,,,,69.25,3.08,,0.0,0.0,272.5,,
2024-01-26 15:00:00,11.5,63.75,3.03,5.03,5.18,13.85,,0.63,5.78,1.38,5.18,,,,,,69.25,2.62,,0.0,0.0,129.5,,
2024-01-26 16:00:00,12.0,53.75,2.85,6.25,5.62,13.92,2.8,0.64,6.03,2.12,6.18,,,,,,69.0,2.55,,0.0,0.0,73.0,,
2024-01-26 17:00:00,10.25,61.0,2.6,6.85,5.7,13.75,4.38,0.64,5.74,1.7,5.72,,,,,,70.0,2.35,,0.0,0.0,38.0,,
2024-01-26 18:00:00,14.75,58.75,1.1,8.55,5.42,16.35,4.45,0.58,5.39,2.08,8.2,,,,,,69.75,1.78,,0.0,0.0,17.0,,
2024-01-26 19:00:00,17.25,61.0,3.02,11.02,8.32,15.98,5.25,0.71,5.88,5.35,13.1,,,,,,68.25,1.52,,0.0,0.0,17.0,,
2024-01-26 20:00:00,15.0,60.0,2.6,12.3,8.72,15.68,2.82,0.66,5.93,6.88,16.05,,,,,,68.25,1.52,,0.0,0.0,17.0,,
2024-01-26 21:00:00,8.75,60.25,2.72,11.92,8.55,15.7,2.28,0.68,5.73,5.52,13.48,,,,,,69.0,1.45,,0.0,0.0,17.0,,
2024-01-26 22:00:00,16.0,67.25,3.48,11.55,8.98,15.38,5.58,0.66,5.54,5.62,15.22,,,,,,69.0,1.42,,0.0,0.0,17.0,,
2024-01-26 23:00:00,14.0,56.75,3.38,10.62,8.38,15.2,5.78,0.64,5.83,5.25,15.98,,,,,,67.75,1.48,,0.0,0.0,17.0,,
2024-01-27 00:00:00,14.25,50.5,2.17,9.45,6.8,15.25,4.18,0.63,5.78,3.95,11.8,,,,,,69.75,1.35,,0.0,0.0,17.0,,
2024-01-27 01:00:00,8.5,52.25,3.02,10.05,7.8,14.72,4.62,0.64,6.03,3.42,10.62,,,,,,70.25,1.08,,0.0,0.0,17.0,,
2024-01-27 02:00:00,14.75,50.75,5.2,7.52,8.22,12.82,3.35,0.64,6.34,2.7,8.43,,,,,,70.5,1.15,,0.0,0.0,17.0,,
2024-01-27 03:00:00,11.5,47.0,3.15,9.22,7.45,12.82,2.82,0.72,6.01,2.62,8.12,,,,,,71.25,1.02,,0.0,0.0,17.0,,
2024-01-27 04:00:00,14.0,57.5,3.65,10.22,8.38,12.38,4.15,0.68,5.78,4.05,11.58,,,,,,72.0,0.52,,0.0,0.0,17.0,,
2024-01-27 05:00:00,18.75,67.25,3.9,12.35,9.68,12.08,4.65,0.76,5.24,4.25,10.7,,,,,,72.25,0.5,,0.0,0.0,17.0,,
2024-01-27 06:00:00,26.0,88.5,4.65,12.8,10.55,12.98,6.82,0.72,6.22,5.03,11.1,,,,,,72.0,0.57,,0.0,0.0,18.5,,
2024-01-27 07:00:00,24.75,108.5,5.7,12.58,11.32,12.98,7.52,0.8,5.98,4.8,12.18,,,,,,71.75,0.85,,0.0,0.0,63.5,,
2024-01-27 08:00:00,29.5,119.5,8.12,14.6,14.35,14.2,3.75,0.73,6.08,4.9,11.9,,,,,,72.25,0.95,,0.0,0.0,155.5,,
2024-01-27 09:00:00,28.0,121.25,7.58,15.88,14.6,14.35,4.08,0.8,5.73,5.48,11.02,,,,,,71.75,1.35,,0.0,0.0,239.75,,
2024-01-27 10:00:00,26.0,107.5,2.28,10.3,7.35,15.38,11.87,0.65,5.78,4.68,10.18,,,,,,69.25,2.28,,0.0,0.0,334.0,,
2024-01-27 11:00:00,18.0,61.75,2.17,8.13,6.1,14.93,12.13,0.46,5.78,3.38,7.92,,,,,,70.0,2.52,314.0,0.0,0.0,386.0,,
2024-01-27 12:00:00,13.5,60.0,2.43,9.03,6.73,17.77,5.88,0.65,5.73,2.42,6.88,,,,,,69.25,2.72,,0.0,0.0,415.25,,
2024-01-27 13:00:00,14.75,84.75,4.8,14.48,11.6,16.73,9.3,0.64,5.68,1.98,7.25,,,,,,68.75,2.98,,0.0,0.0,365.5,,
2024-01-27 14:00:00,24.25,123.0,8.5,27.85,21.7,17.85,24.98,0.64,6.08,1.98,7.28,,,,,,68.5,3.25,,0.0,0.0,239.5,,
2024-01-27 15:00:00,25.0,132.5,4.75,19.7,14.3,17.15,13.15,0.65,5.73,2.35,7.95,,,,,,69.0,2.6,,0.0,0.0,212.75,,
2024-01-27 16:00:00,16.25,78.5,2.95,11.25,8.43,15.88,5.42,0.65,5.98,2.12,8.72,,,,,,67.75,2.48,,0.0,0.0,97.25,,
2024-01-27 17:00:00,17.0,76.5,2.6,9.62,7.25,16.18,5.05,0.71,5.64,2.6,9.0,,,,,,68.0,2.38,,0.0,0.0,38.0,,
2024-01-27 18:00:00,17.25,83.75,3.78,8.82,7.8,14.0,2.88,0.64,6.08,2.78,9.93,,,,,,68.75,2.08,,0.0,0.0,17.0,,
2024-01-27 19:00:00,19.5,82.25,2.5,9.72,7.22,13.98,5.12,0.7,6.08,4.12,11.52,,,,,,69.0,2.0,,0.0,0.0,17.0,,
2024-01-27 20:00:00,22.5,82.25,2.08,9.25,6.6,13.52,3.4,0.65,5.93,3.9,11.4,,,,,,69.5,2.05,,0.0,0.0,17.0,,
2024-01-27 21:00:00,17.5,83.5,2.35,8.82,6.62,13.25,2.5,0.68,5.88,3.02,10.02,,,,,,68.75,2.0,,0.0,0.0,17.0,,
2024-01-27 22:00:00,15.5,62.25,2.28,8.0,6.08,12.35,4.75,0.64,5.88,2.48,8.93,,,,,,70.25,2.1,,0.0,0.0,17.0,,
2024-01-27 23:00:00,13.25,45.75,2.15,6.25,5.05,12.3,5.1,0.63,5.54,1.95,6.8,,,,,,69.5,2.08,,0.0,0.0,17.0,,
2024-01-28 00:00:00,11.75,39.0,2.45,4.95,4.6,12.1,3.1,0.62,5.93,1.6,5.1,,,,,,69.25,2.15,,0.0,0.0,17.0,,
2024-01-28 01:00:00,12.75,41.0,2.13,5.7,3.92,13.23,1.03,0.55,5.78,1.38,4.12,,,,,,69.0,1.55,,0.0,0.0,17.0,,
2024-01-28 02:00:00,8.5,44.25,1.72,6.35,4.78,15.08,4.32,0.67,5.81,1.55,4.47,,,,,,69.75,1.35,,0.0,0.0,17.0,,
2024-01-28 03:00:00,11.25,38.25,2.25,7.3,5.78,15.08,4.5,0.69,6.53,1.58,4.4,,,,,,69.0,1.42,276.0,0.0,0.0,17.0,,
2024-01-28 04:00:00,18.5,44.75,3.15,6.68,6.1,14.78,7.9,0.66,5.54,1.58,4.25,,,,,,69.75,1.55,315.0,0.0,0.0,17.0,,
2024-01-28 05:00:00,3.75,45.75,2.58,7.58,6.12,14.78,6.88,0.68,6.12,1.65,4.22,,,,,,70.0,1.5,,0.0,0.0,17.0,,
2024-01-28 06:00:00,8.75,50.0,1.98,8.48,6.12,14.92,5.38,0.64,5.49,1.72,4.3,,,,,,69.5,1.5,,0.0,0.0,18.75,,
2024-01-28 07:00:00,10.0,50.5,3.5,9.32,7.05,25.95,5.18,0.68,5.68,1.85,4.88,,,,,,68.5,1.58,,0.0,0.0,71.75,,
2024-01-28 08:00:00,16.0,64.0,2.22,9.05,6.65,15.8,6.1,0.65,5.88,2.0,4.95,,,,,,69.25,2.17,,0.0,0.0,127.25,,
2024-01-28 09:00:00,16.25,68.75,4.08,7.15,7.1,15.1,6.02,0.73,6.42,1.95,5.03,,,,,,70.5,2.75,275.5,0.0,0.0,272.25,,
2024-01-28 10:00:00,16.25,55.0,3.42,5.78,5.85,13.58,5.87,0.98,5.88,1.75,4.03,,,,,,70.0,2.85,306.0,0.0,0.0,327.75,,
2024-01-28 11:00:00,15.5,54.5,2.6,5.83,5.17,13.93,6.37,,5.88,1.6,3.1,,,,,,69.75,2.62,282.33,0.0,0.0,294.75,,
2024-01-28 12:00:00,19.25,62.5,2.7,4.83,4.8,16.37,5.1,0.52,5.88,1.65,3.15,,,,,,70.0,3.03,,0.0,0.0,325.5,,
2024-01-28 13:00:00,18.25,68.0,2.4,5.05,4.65,13.88,6.38,0.53,5.34,1.62,3.05,,,,,,70.25,3.52,310.0,0.0,0.0,354.75,,
2024-01-28 14:00:00,20.0,78.25,2.08,5.15,4.4,14.68,8.62,0.67,5.39,1.8,3.0,,,,,,69.5,3.42,324.5,0.0,0.0,289.5,,
2024-01-28 15:00:00,13.25,72.0,2.17,4.95,4.35,14.92,11.08,0.67,5.54,1.72,2.6,,,,,,69.0,2.85,,0.0,0.0,138.5,,
2024-01-28 16:00:00,11.25,71.0,2.38,5.22,4.72,14.58,2.4,0.62,5.34,1.78,2.98,,,,,,69.5,2.7,,0.0,0.0,62.25,,
2024-01-28 17:00:00,12.5,74.25,0.93,6.2,3.85,19.05,1.15,0.58,5.2,1.98,3.95,,,,,,69.0,2.42,,0.0,0.0,32.25,,
2024-01-28 18:00:00,13.75,67.75,1.68,7.58,5.4,18.92,6.22,0.67,5.54,2.15,4.28,,,,,,68.5,2.22,,0.0,0.0,17.0,,
2024-01-28 19:00:00,15.25,77.0,2.52,9.2,6.95,18.58,6.7,0.7,5.88,3.25,6.02,,,,,,69.0,2.08,,0.0,0.0,17.0,,
2024-01-28 20:00:00,21.5,86.75,1.85,8.62,6.08,19.18,3.72,0.68,5.73,3.28,5.98,,,,,,68.5,2.0,,0.0,0.0,17.0,,
2024-01-28 21:00:00,18.25,79.75,2.15,9.32,6.72,18.65,2.88,0.7,5.73,2.88,5.48,,,,,,68.75,1.8,,0.0,0.0,17.0,,
2024-01-28 22:00:00,13.25,79.0,2.22,9.78,7.0,18.38,1.75,0.68,5.63,2.65,5.22,,,,,,67.75,1.78,,0.0,0.0,17.0,,
2024-01-28 23:00:00,14.5,77.75,2.85,8.65,6.9,17.95,3.8,0.66,6.17,2.35,4.4,,,,,,69.25,1.82,,0.0,0.0,17.0,,
2024-01-29 00:00:00,17.0,74.25,2.47,8.52,6.58,17.65,3.82,0.65,5.78,2.12,3.85,,,,,,69.0,1.78,,0.0,0.0,17.0,,
2024-01-29 01:00:00,19.75,75.5,4.65,7.75,7.93,16.1,3.62,0.69,5.29,1.98,3.52,,,,,,69.5,1.65,,0.0,0.0,17.0,,
2024-01-29 02:00:00,21.5,75.25,2.9,5.88,5.5,14.68,6.3,0.69,5.36,1.85,3.2,,,,,,70.25,1.52,,0.0,0.0,17.0,,
2024-01-29 03:00:00,26.0,71.0,2.15,6.2,5.0,14.52,7.45,0.7,6.07,1.78,3.02,,,,,,70.75,1.48,,0.0,0.0,17.0,,
2024-01-29 04:00:00,17.25,75.75,2.02,6.68,5.2,13.1,4.15,0.66,5.98,1.9,3.82,,,,,,72.0,1.23,,0.0,0.0,17.0,,
2024-01-29 05:00:00,17.0,78.0,2.52,6.72,5.65,12.15,2.42,0.68,6.37,1.82,3.48,,,,,,71.75,1.15,,0.0,0.0,17.0,,
2024-01-29 06:00:00,14.5,72.5,2.42,8.2,6.32,11.62,2.72,0.67,5.98,1.92,4.03,,,,,,73.0,1.1,,0.0,0.0,18.0,,
2024-01-29 07:00:00,21.5,105.25,2.95,12.78,9.22,12.35,1.9,0.75,6.22,2.17,4.6,,,,,,72.25,1.38,,0.0,0.0,63.0,,
2024-01-29 08:00:00,34.25,157.5,2.5,10.45,7.55,12.18,1.73,0.66,5.54,3.6,11.08,,,,,,71.0,2.0,,0.0,0.0,153.0,,
2024-01-29 09:00:00,21.75,108.0,1.23,8.55,5.15,14.62,,0.58,5.14,3.25,9.25,,,,,,70.0,2.35,,0.0,0.0,277.75,,
2024-01-29 10:00:00,18.0,96.5,1.95,9.2,6.5,16.65,4.37,2.52,5.68,2.62,6.42,,,,,,69.5,2.72,,0.0,0.0,353.25,,
2024-01-29 11:00:00,17.75,118.0,3.27,11.77,8.93,17.55,11.27,,5.93,2.6,8.35,,,,,,69.75,2.85,,0.0,0.0,404.0,,
2024-01-29 12:00:00,17.0,122.0,2.8,11.53,8.4,18.73,6.48,0.55,5.78,2.38,9.62,,,,,,69.0,2.9,,0.0,0.0,414.5,,
2024-01-29 13:00:00,16.75,115.25,2.5,13.0,8.95,15.9,5.45,0.53,5.34,2.05,10.07,,,,,,68.75,3.15,,0.0,0.0,394.0,,
2024-01-29 14:00:00,16.0,114.0,2.12,10.78,7.45,15.48,4.4,0.62,5.68,1.78,8.43,,,,,,68.75,3.08,,0.0,0.0,333.75,,
2024-01-29 15:00:00,17.75,117.25,2.75,13.58,9.45,15.82,9.38,0.63,5.68,1.9,9.6,,,,,,69.0,3.25,,0.0,0.0,236.0,,
2024-01-29 16:00:00,21.75,116.25,2.58,15.8,10.48,16.3,14.02,0.69,5.73,2.3,10.28,,,,,,68.75,2.95,,0.0,0.0,136.75,,
2024-01-29 17:00:00,19.25,112.5,4.62,11.58,9.9,13.95,8.5,0.63,6.66,2.33,11.75,,,,,,68.5,2.6,,0.0,0.0,37.25,,
2024-01-29 18:00:00,24.0,114.5,3.22,10.98,8.48,13.82,9.95,0.67,6.12,3.3,12.18,,,,,,69.0,2.08,,0.0,0.0,17.0,,
2024-01-29 19:00:00,27.5,111.0,2.28,12.7,8.62,13.08,7.62,0.72,5.98,4.4,14.88,,,,,,69.75,2.1,,0.0,0.0,17.0,,
2024-01-29 20:00:00,26.5,116.25,1.62,10.42,6.9,12.8,5.15,0.67,5.68,4.4,12.52,,,,,,70.0,1.9,,0.0,0.0,17.0,,
2024-01-29 21:00:00,20.0,101.5,2.48,10.02,7.35,12.75,4.53,0.7,5.78,4.82,12.95,,,,,,71.0,1.62,,0.0,0.0,17.0,,
2024-01-29 22:00:00,22.25,108.0,2.58,10.45,7.65,12.65,1.9,0.65,5.73,5.22,14.22,,,,,,70.0,1.3,,0.0,0.0,17.0,,
2024-01-29 23:00:00,19.25,74.25,2.58,8.52,6.62,12.35,1.13,0.66,6.03,3.97,11.28,,,,,,70.25,1.6,,0.0,0.0,17.0,,
2024-01-30 00:00:00,14.0,65.5,2.12,7.75,5.82,13.12,5.58,0.6,5.54,3.08,9.22,,,,,,71.0,1.18,,0.0,0.0,17.0,,
2024-01-30 01:00:00,8.25,74.75,1.3,10.2,6.48,15.7,5.62,0.63,5.58,3.0,9.45,,,,,,69.5,1.12,,0.0,0.0,17.0,,
2024-01-30 02:00:00,15.75,82.5,3.02,14.2,10.0,15.75,7.52,0.7,5.55,4.35,13.15,,,,,,69.75,0.65,,0.0,0.0,17.0,,
2024-01-30 03:00:00,14.5,108.5,3.4,17.67,12.18,16.55,6.95,0.76,6.08,4.1,15.42,,,,,,70.25,0.88,,0.0,0.0,17.0,,
2024-01-30 04:00:00,32.25,168.5,3.88,17.7,12.55,16.2,8.45,0.74,5.93,4.78,16.35,,,,,,69.75,0.8,,0.0,0.0,17.0,,
2024-01-30 05:00:00,38.0,184.0,4.15,18.6,13.28,16.25,14.8,0.84,5.83,5.6,17.85,,,,,,70.75,0.7,,0.0,0.0,17.0,,
2024-01-30 06:00:00,43.5,198.25,4.28,21.95,15.2,16.45,21.35,0.75,5.64,5.58,19.27,,,,,,70.0,0.8,,0.0,0.0,17.75,,
2024-01-30 07:00:00,45.75,234.25,6.18,24.72,18.12,17.38,29.8,0.86,5.73,5.5,23.2,,,,,,71.0,0.92,,0.0,0.0,55.0,,
2024-01-30 08:00:00,56.0,263.5,7.58,23.15,18.47,17.25,30.08,0.8,6.17,5.48,24.15,,,,,,70.75,1.27,,0.0,0.0,164.75,,
2024-01-30 09:00:00,49.75,229.25,5.7,17.2,13.8,13.92,13.02,0.72,6.13,5.0,19.6,,,,,,71.0,1.32,,0.0,0.0,256.25,,
2024-01-30 10:00:00,34.75,149.0,3.35,12.32,9.28,13.0,8.3,0.94,5.68,4.28,18.12,,,,,,71.25,1.52,,0.0,0.0,299.0,,
2024-01-30 11:00:00,18.25,95.5,3.13,12.17,9.03,12.52,13.9,,5.78,3.58,13.25,,,,,,70.75,1.83,,0.0,0.0,252.0,,
2024-01-30 12:00:00,17.0,94.0,3.13,11.83,8.9,14.8,9.43,0.52,5.93,2.72,9.45,,,,,,71.5,2.2,258.0,0.0,0.0,307.0,,
2024-01-30 13:00:00,17.75,87.25,2.88,12.18,8.78,12.4,5.95,0.47,5.78,2.22,7.88,,,,,,71.0,2.7,247.33,0.0,0.0,325.25,,
2024-01-30 14:00:00,11.5,97.0,2.8,13.42,9.43,13.6,6.05,0.62,5.93,1.8,6.68,,,,,,69.25,3.0,336.33,0.0,0.0,277.5,,
2024-01-30 15:00:00,15.5,107.25,3.42,19.05,12.9,14.0,7.52,0.62,5.39,1.7,7.3,,,,,,70.75,2.72,324.0,0.0,0.0,208.25,,
2024-01-30 16:00:00,20.25,98.0,2.35,13.28,9.0,15.35,12.0,0.56,5.49,1.55,9.55,,,,,,69.5,2.65,320.0,0.0,0.0,147.5,,
2024-01-30 17:00:00,11.0,59.0,1.12,8.98,5.7,15.5,8.42,0.63,5.54,1.6,8.8,,,,,,68.5,2.65,,0.0,0.0,50.25,,
2024-01-30 18:00:00,10.0,59.75,2.12,11.32,7.75,14.78,3.32,0.66,5.98,2.48,9.9,,,,,,68.5,2.12,,0.0,0.0,17.0,,
2024-01-30 19:00:00,13.5,57.0,2.78,11.18,8.2,14.32,1.85,0.69,5.98,2.68,11.42,,,,,,67.25,1.92,339.0,0.0,0.0,17.0,,
2024-01-30 20:00:00,6.25,41.75,2.0,12.75,8.35,13.82,4.85,0.67,5.44,2.68,11.75,,,,,,68.0,1.58,242.67,0.0,0.0,17.0,,
2024-01-30 21:00:00,7.25,43.5,2.38,11.52,8.07,13.88,5.1,0.7,5.64,2.62,10.02,,,,,,68.25,1.48,252.0,0.0,0.0,17.0,,
2024-01-30 22:00:00,8.25,51.25,2.52,12.5,8.68,13.4,3.68,0.66,5.78,2.68,9.62,,,,,,69.5,1.23,221.25,0.0,0.0,17.0,,
2024-01-30 23:00:00,10.0,57.25,2.7,12.78,9.0,13.05,2.3,0.66,5.48,2.62,9.07,,,,,,68.5,1.18,270.0,0.0,0.0,17.0,,
2024-01-31 00:00:00,14.33,77.75,4.62,16.92,12.75,13.18,6.32,0.7,6.03,3.7,11.32,,,,,,70.25,0.73,,0.0,0.0,17.0,,
2024-01-31 01:00:00,17.75,87.0,4.15,13.12,10.35,11.58,6.7,0.69,6.17,3.58,9.98,,,,,,70.75,0.32,,0.0,0.0,17.0,,
2024-01-31 02:00:00,20.5,73.25,4.15,12.25,9.9,11.9,6.62,0.69,6.01,4.25,11.18,,,,,,71.75,0.32,,0.0,0.0,17.0,,
2024-01-31 03:00:00,22.25,80.25,4.35,14.42,11.18,13.22,6.7,0.72,6.14,3.78,11.68,,,,,,72.0,0.38,,0.0,0.0,17.0,,
2024-01-31 04:00:00,25.75,100.75,4.15,16.55,12.12,12.52,5.88,0.73,5.44,4.07,12.82,,,,,,71.5,0.45,,0.0,0.0,17.0,,
2024-01-31 05:00:00,33.75,139.0,5.0,19.35,14.38,13.05,6.08,0.8,5.93,4.47,13.45,,,,,,71.5,0.65,,0.0,0.0,17.0,,
2024-01-31 06:00:00,35.25,164.0,5.45,18.95,14.5,13.65,4.12,0.69,5.98,4.65,13.85,,,,,,72.25,0.35,,0.0,0.0,17.5,,
2024-01-31 07:00:00,40.0,184.25,7.0,19.38,15.98,13.1,5.25,0.8,5.93,4.88,16.88,,,,,,72.0,0.73,,0.0,0.0,71.75,,
2024-01-31 08:00:00,31.75,173.0,5.7,16.02,13.18,14.48,9.68,0.61,5.34,4.85,16.42,,,,,,70.75,1.0,,0.0,0.0,166.25,,
2024-01-31 09:00:00,24.5,139.0,5.6,19.4,14.92,15.58,15.65,0.71,5.54,4.95,15.9,,,,,,71.25,0.92,,0.0,0.0,236.75,,
2024-01-31 10:00:00,19.5,106.5,3.15,14.45,10.28,13.9,16.47,0.65,5.68,4.78,14.48,,,,,,70.25,1.38,183.33,0.0,0.0,358.75,,
2024-01-31 11:00:00,9.0,66.0,2.73,10.77,7.93,13.0,11.9,,5.83,3.45,11.3,,,,,,69.75,2.0,124.25,0.0,0.0,398.5,,
2024-01-31 12:00:00,9.0,50.5,3.87,9.1,7.93,15.33,7.32,0.54,5.44,2.6,8.9,,,,,,69.75,2.2,127.75,0.0,0.0,409.25,,
2024-01-31 13:00:00,8.5,57.25,2.22,9.07,6.62,13.65,6.3,0.51,5.73,2.08,7.52,,,,,,69.25,2.35,173.5,0.0,0.0,384.75,,
2024-01-31 14:00:00,8.25,53.25,2.42,7.62,6.02,13.68,2.58,0.62,5.83,1.75,7.2,,,,,,69.25,2.68,184.0,0.0,0.0,330.5,,
2024-01-31 15:00:00,12.0,48.0,1.83,7.58,5.48,13.4,1.63,0.62,5.78,1.5,6.75,,,,,,68.5,2.6,217.75,0.0,0.0,238.0,,
2024-01-31 16:00:00,11.25,49.25,4.5,7.28,7.55,12.15,3.52,0.7,5.54,1.6,7.12,,,,,,68.75,2.48,233.25,0.0,0.0,136.25,,
2024-01-31 17:00:00,10.67,56.25,2.88,7.25,6.15,11.15,3.72,0.73,5.24,1.52,7.58,,,,,,69.0,2.22,184.5,0.0,0.0,47.75,,
2024-01-31 18:00:00,16.75,71.75,2.95,8.6,6.92,11.18,5.98,0.67,5.88,1.7,10.28,,,,,,69.5,2.3,174.5,0.0,0.0,17.0,,
2024-01-31 19:00:00,22.0,82.0,2.47,8.8,6.72,10.92,4.9,0.72,5.68,2.38,10.8,,,,,,69.25,2.25,174.5,0.0,0.0,17.0,,
2024-01-31 20:00:00,13.0,59.5,3.08,8.2,6.82,10.65,2.1,0.66,5.98,2.25,10.62,,,,,,70.0,2.17,140.25,0.0,0.0,17.0,,
2024-01-31 21:00:00,12.75,54.25,2.62,8.62,6.68,10.1,3.28,0.68,5.78,2.32,9.7,,,,,,70.25,1.78,135.5,0.0,0.0,17.0,,
2024-01-31 22:00:00,12.0,51.75,2.75,7.82,6.35,10.0,4.08,0.64,5.88,2.22,8.93,,,,,,70.5,1.7,136.75,0.0,0.0,17.0,,
2024-01-31 23:00:00,12.0,51.0,2.63,6.9,5.8,9.93,3.4,0.63,5.62,2.0,8.0,,,,,,70.33,1.5,124.0,0.0,0.0,17.0,,
2024-02-01 00:00:00,12.0,30.5,1.05,7.7,4.92,12.9,2.82,0.62,5.78,1.9,7.25,,,,,,69.25,1.27,112.0,0.0,0.0,17.0,,
2024-02-01 01:00:00,5.0,28.0,3.25,7.62,6.68,12.55,3.0,0.64,5.63,1.85,6.7,,,,,,70.0,0.92,106.25,0.0,0.0,17.0,,
2024-02-01 02:00:00,3.0,26.25,3.72,9.65,8.15,12.48,2.9,0.64,5.94,1.9,6.62,,,,,,70.0,0.78,74.5,0.0,0.0,17.0,,
2024-02-01 03:00:00,6.0,31.25,2.82,11.28,8.28,13.22,1.0,0.65,5.42,2.38,7.12,,,,,,70.5,0.45,33.75,0.0,0.0,17.0,,
2024-02-01 04:00:00,6.0,32.0,3.72,13.12,10.02,13.62,5.1,0.63,5.78,2.22,6.62,,,,,,70.75,0.38,89.0,0.0,0.0,17.0,,
2024-02-01 05:00:00,7.5,30.0,3.8,14.35,10.72,13.82,8.45,0.66,6.32,2.17,6.78,,,,,,70.25,0.35,38.33,0.0,0.0,17.0,,
2024-02-01 06:00:00,14.75,65.75,9.8,18.8,17.95,16.92,5.42,0.78,5.78,3.28,10.7,,,,,,71.25,0.3,,0.0,0.0,18.0,,
2024-02-01 07:00:00,26.75,123.25,13.8,20.2,21.9,18.38,5.15,0.99,5.83,4.3,14.65,,,,,,70.5,0.48,,0.0,0.0,44.75,,
2024-02-01 08:00:00,37.5,161.0,16.35,18.3,23.0,17.32,4.2,0.66,6.12,5.03,17.27,,,,,,71.0,0.75,,0.0,0.0,108.0,,
2024-02-01 09:00:00,33.25,138.75,11.42,13.3,16.32,14.5,5.8,0.79,5.93,5.32,16.12,,,,,,70.75,1.15,124.0,0.0,0.0,196.5,,
2024-02-01 10:00:00,20.75,77.75,5.75,9.78,9.88,12.22,2.53,0.93,5.59,4.02,13.72,,,,,,71.0,2.28,126.5,0.0,0.0,256.75,,
2024-02-01 11:00:00,9.25,43.25,3.53,8.27,7.27,11.67,3.73,,5.68,2.92,11.92,,,,,,71.25,2.38,120.75,0.0,0.0,273.0,,
2024-02-01 12:00:00,13.75,46.25,2.87,6.83,5.93,13.57,1.78,0.51,6.03,2.28,10.52,,,,,,70.25,2.6,135.0,0.0,0.0,328.0,,
2024-02-01 13:00:00,14.75,35.75,2.72,5.32,5.03,10.45,1.45,0.46,6.12,1.95,11.0,,,,,,70.5,2.82,129.75,0.0,0.0,336.0,,
2024-02-01 14:00:00,9.75,39.5,2.12,5.18,4.47,10.35,2.48,0.62,5.63,1.88,10.15,,,,,,70.25,2.82,118.5,0.0,0.0,302.25,,
2024-02-01 15:00:00,6.75,44.75,2.98,5.58,5.38,11.08,2.22,0.55,5.83,1.72,9.25,,,,,,69.0,2.88,143.0,0.0,0.0,210.0,,
2024-02-01 16:00:00,8.25,46.25,2.02,7.0,5.4,13.3,4.97,0.7,5.93,2.08,9.57,,,,,,69.25,3.02,153.5,0.0,0.0,128.75,,
2024-02-01 17:00:00,6.25,46.75,2.32,8.45,6.4,13.48,4.65,0.72,5.98,2.25,9.65,,,,,,67.75,2.55,109.25,0.0,0.0,42.0,,
2024-02-01 18:00:00,7.5,52.25,3.42,8.07,7.05,13.8,3.15,0.68,5.44,2.38,12.7,,,,,,68.5,2.2,100.25,0.0,0.0,17.0,,
2024-02-01 19:00:00,8.5,44.25,3.1,8.65,7.1,14.62,3.15,0.7,5.24,2.68,12.52,,,,,,68.25,2.2,113.75,0.0,0.0,17.0,,
2024-02-01 20:00:00,6.75,43.25,3.05,8.7,7.08,14.8,1.85,0.65,6.18,2.42,10.25,,,,,,68.5,2.38,112.0,0.0,0.0,17.0,,
2024-02-01 21:00:00,6.0,34.25,3.0,8.4,6.93,14.7,,0.66,5.34,2.17,9.35,,,,,,67.5,2.2,93.0,0.0,0.0,17.0,,
2024-02-01 22:00:00,5.25,22.25,2.02,8.18,6.05,15.02,2.38,0.64,5.48,2.8,9.33,,,,,,68.75,2.1,86.75,0.0,0.0,17.0,,
2024-02-01 23:00:00,4.0,19.25,4.35,7.32,7.45,15.6,2.02,0.69,6.02,3.22,9.38,,,,,,68.0,1.88,82.5,0.0,0.0,17.5,,
2024-02-02 00:00:00,6.0,17.0,4.38,6.42,7.02,13.3,3.55,0.71,5.88,3.15,8.15,,,,,,70.25,1.3,74.0,0.0,0.0,17.0,,
2024-02-02 01:00:00,5.0,17.5,2.68,5.32,5.05,11.0,3.15,0.75,5.39,3.1,7.9,,,,,,70.75,1.2,87.0,0.0,0.0,17.0,,
2024-02-02 02:00:00,10.0,17.75,3.55,4.55,5.32,10.35,2.45,0.64,5.49,2.22,6.6,,,,,,71.5,0.92,82.0,0.0,0.0,17.0,,
2024-02-02 03:00:00,7.5,15.25,2.7,5.8,5.25,10.95,2.82,0.64,5.95,3.02,7.3,,,,,,71.75,0.75,75.25,0.0,0.0,17.0,,
2024-02-02 04:00:00,9.0,21.0,2.5,6.78,5.62,10.62,4.3,0.63,5.54,3.22,7.2,,,,,,71.75,0.9,61.75,0.0,0.0,17.0,,
2024-02-02 05:00:00,9.75,27.5,3.05,6.72,6.08,9.95,3.9,0.65,6.03,2.5,6.4,,,,,,71.5,0.72,63.5,0.0,0.0,17.0,,
2024-02-02 06:00:00,11.0,33.0,2.97,8.07,6.78,9.78,1.47,0.62,5.54,2.3,6.15,,,,,,72.0,0.52,45.25,0.0,0.0,18.25,,
2024-02-02 07:00:00,9.5,54.75,2.9,12.3,8.9,11.98,0.3,0.64,5.73,2.65,7.22,,,,,,71.75,0.62,58.0,0.0,0.0,62.0,,
2024-02-02 08:00:00,11.25,73.25,3.38,9.55,7.8,13.4,3.0,0.61,5.93,3.32,7.68,,,,,,70.0,1.7,67.5,0.0,0.0,137.25,,
2024-02-02 09:00:00,4.0,44.5,3.72,9.65,8.12,12.5,3.25,0.62,5.83,2.7,7.32,,,,,,69.25,1.85,94.75,0.0,0.0,225.0,,
2024-02-02 10:00:00,6.75,59.5,3.3,8.98,7.45,12.92,2.53,2.53,5.68,2.38,7.18,,,,,,70.0,2.22,95.25,0.0,0.0,335.75,,
2024-02-02 11:00:00,4.75,62.25,2.7,8.27,6.6,13.73,4.2,,5.83,2.08,7.7,,,,,,69.0,2.45,88.75,0.0,0.0,359.25,,
2024-02-02 12:00:00,1.0,37.75,4.1,8.6,7.9,18.27,5.9,0.56,5.83,1.98,7.38,,,,,,68.0,2.65,103.0,0.0,0.0,370.5,,
2024-02-02 13:00:00,3.0,58.75,3.5,10.02,8.18,15.0,5.55,0.55,6.18,1.85,6.9,,,,,,67.75,2.65,103.0,0.0,0.0,378.25,,
2024-02-02 14:00:00,8.75,54.25,2.75,9.02,7.05,14.32,2.35,0.64,5.93,1.72,6.3,,,,,,68.5,2.68,84.75,0.0,0.0,316.25,,
2024-02-02 15:00:00,8.75,58.75,3.32,9.12,7.55,12.55,,0.69,6.37,1.65,6.68,,,,,,68.25,2.8,79.75,0.0,0.0,235.0,,
2024-02-02 16:00:00,12.75,56.25,3.82,7.68,7.18,11.32,2.53,0.71,5.88,1.45,7.48,,,,,,68.75,2.6,83.5,0.0,0.0,134.75,,
2024-02-02 17:00:00,17.0,68.75,3.32,8.18,7.08,11.12,2.88,0.76,5.54,1.52,6.32,,,,,,69.0,2.33,69.75,0.0,0.0,47.25,,
2024-02-02 18:00:00,13.5,61.25,3.05,7.95,6.7,10.95,6.08,0.64,6.03,1.75,7.92,,,,,,68.5,2.28,81.0,0.0,0.0,17.0,,
2024-02-02 19:00:00,11.0,40.75,3.12,7.22,6.38,10.85,7.42,0.67,5.88,1.82,7.25,,,,,,69.0,2.1,100.0,0.0,0.0,17.0,,
2024-02-02 20:00:00,8.75,40.25,3.0,7.45,6.4,10.48,1.7,0.64,5.92,1.9,6.88,,,,,,70.25,2.02,99.0,0.0,0.0,17.0,,
2024-02-02 21:00:00,10.0,38.5,2.8,7.1,6.05,10.3,1.58,0.66,6.02,1.95,6.78,,,,,,70.25,2.02,101.25,0.0,0.0,17.0,,
2024-02-02 22:00:00,7.25,30.25,2.62,6.72,5.75,10.12,2.15,0.65,5.93,1.88,6.38,,,,,,69.75,1.75,89.25,0.0,0.0,17.0,,
2024-02-02 23:00:00,7.25,26.75,1.42,6.52,4.62,12.7,1.2,0.56,5.83,1.75,6.32,,,,,,68.5,1.65,91.25,0.0,0.0,17.0,,
2024-02-03 00:00:00,5.0,23.0,2.72,6.82,5.88,13.4,1.47,0.63,5.73,1.65,5.92,,,,,,69.5,1.4,85.0,0.0,0.0,17.0,,
2024-02-03 01:00:00,,30.0,3.62,8.55,7.45,12.92,2.18,0.63,5.68,1.55,5.6,,,,,,70.0,0.95,85.0,0.0,0.0,17.0,,
2024-02-03 02:00:00,2.0,28.5,3.5,7.55,6.9,12.98,3.95,0.62,5.36,1.5,5.55,,,,,,69.5,1.03,80.25,0.0,0.0,17.0,,
2024-02-03 03:00:00,2.0,24.75,3.38,8.6,7.32,14.62,5.45,0.63,6.47,1.48,5.48,,,,,,70.75,0.88,60.0,0.0,0.0,17.25,,
2024-02-03 04:00:00,4.5,30.0,3.92,9.18,8.1,14.52,5.05,0.61,5.93,1.45,5.45,,,,,,69.0,0.7,51.75,0.0,0.0,17.0,,
2024-02-03 05:00:00,13.75,46.0,3.55,12.55,9.55,14.4,4.78,0.64,5.68,1.65,5.48,,,,,,71.0,0.45,42.0,0.0,0.0,17.0,,
2024-02-03 06:00:00,20.0,74.25,4.78,17.92,13.42,14.4,5.78,0.71,5.78,2.15,6.42,,,,,,70.5,0.45,38.75,0.0,0.0,18.5,,
2024-02-03 07:00:00,24.0,102.25,8.8,17.62,16.47,14.0,4.85,0.8,6.42,3.22,9.07,,,,,,71.25,0.57,53.25,0.0,0.0,59.5,,
2024-02-03 08:00:00,25.75,102.75,5.2,9.07,9.07,11.35,6.1,0.62,5.78,2.95,8.82,,,,,,71.0,1.62,82.75,0.0,0.0,160.0,,
2024-02-03 09:00:00,20.75,48.0,3.1,7.12,6.3,10.68,7.8,0.61,5.74,2.2,6.68,,,,,,70.5,2.2,109.0,0.0,0.0,257.25,,
2024-02-03 10:00:00,16.75,47.25,2.48,5.42,4.92,10.85,1.3,0.88,5.78,1.8,5.3,,,,,,70.5,2.02,160.5,0.0,0.0,328.5,,
2024-02-03 11:00:00,15.5,50.75,2.6,5.57,5.1,11.13,2.1,,5.64,1.6,4.78,,,,,,70.75,2.28,110.5,0.0,0.0,372.25,,
2024-02-03 12:00:00,16.0,70.25,2.5,5.4,4.9,13.83,,0.55,5.88,1.42,5.8,,,,,,70.0,2.33,148.25,0.0,0.0,410.0,,
2024-02-03 13:00:00,19.5,71.5,2.68,4.62,4.62,11.02,,0.52,6.12,1.32,5.58,,,,,,70.25,2.02,168.0,0.0,0.0,386.0,,
2024-02-03 14:00:00,10.5,49.5,2.75,4.15,4.38,11.25,,0.56,5.83,1.15,4.78,,,,,,69.75,2.25,175.0,0.0,0.0,326.25,,
2024-02-03 15:00:00,6.75,34.25,1.57,4.82,3.68,13.82,4.67,0.58,5.19,1.08,5.98,,,,,,68.5,2.42,122.25,0.0,0.0,245.0,,
2024-02-03 16:00:00,8.75,38.75,2.62,5.52,5.1,13.35,2.75,0.64,5.68,1.1,7.58,,,,,,68.0,2.02,190.25,0.0,0.0,145.5,,
2024-02-03 17:00:00,9.0,41.0,2.33,7.38,5.82,13.02,1.15,0.64,5.88,1.23,6.98,,,,,,67.5,2.08,274.0,0.0,0.0,51.25,,
2024-02-03 18:00:00,12.25,45.5,2.6,9.45,7.15,14.02,0.8,0.66,5.88,1.45,8.1,,,,,,67.75,1.55,203.25,0.0,0.0,17.0,,
2024-02-03 19:00:00,12.75,56.75,2.82,10.5,7.88,15.05,2.75,0.71,5.68,2.08,9.55,,,,,,69.0,1.58,233.75,0.0,0.0,17.0,,
2024-02-03 20:00:00,11.0,50.5,2.92,11.45,8.45,15.5,3.72,0.65,5.54,2.22,10.2,,,,,,70.0,1.4,318.0,0.0,0.0,17.0,,
2024-02-03 21:00:00,7.75,51.75,3.55,11.85,9.2,15.32,4.05,0.68,5.88,2.7,10.6,,,,,,69.25,1.38,322.5,0.0,0.0,17.0,,
2024-02-03 22:00:00,8.5,50.0,4.03,11.38,9.32,14.9,3.98,0.69,5.68,2.58,10.02,,,,,,68.25,1.15,244.0,0.0,0.0,17.0,,
2024-02-03 23:00:00,13.0,45.75,5.25,9.3,9.2,12.45,4.0,0.62,6.17,2.25,8.65,,,,,,69.75,0.98,205.0,0.0,0.0,17.0,,
2024-02-04 00:00:00,13.75,41.75,3.48,8.98,7.58,10.98,2.9,0.64,5.64,1.88,7.25,,,,,,71.0,0.77,131.0,0.0,0.0,17.0,,
2024-02-04 01:00:00,15.25,40.5,2.5,7.0,5.8,10.78,2.17,0.65,5.93,1.68,6.5,,,,,,70.5,1.0,131.0,0.0,0.0,17.0,,
2024-02-04 02:00:00,11.5,35.25,3.55,6.3,6.22,10.18,4.9,0.64,6.47,1.5,6.02,,,,,,71.0,0.8,93.75,0.0,0.0,17.0,,
2024-02-04 03:00:00,6.5,22.5,3.18,6.5,6.02,10.05,5.85,0.65,5.81,1.45,5.62,,,,,,71.25,0.55,106.25,0.0,0.0,17.0,,
2024-02-04 04:00:00,6.5,22.25,3.72,6.72,6.58,9.25,5.12,0.65,5.44,1.5,5.85,,,,,,72.25,0.32,121.0,0.0,0.0,17.0,,
2024-02-04 05:00:00,10.5,35.75,3.88,9.35,8.15,9.2,5.03,0.7,5.54,2.05,6.68,,,,,,72.25,0.3,122.0,0.0,0.0,17.0,,
2024-02-04 06:00:00,11.75,52.0,5.38,12.62,11.08,11.05,1.67,0.59,5.39,2.58,9.0,,,,,,71.5,0.35,121.5,0.0,0.0,18.0,,
2024-02-04 07:00:00,22.75,102.5,9.18,17.18,16.6,15.32,1.62,0.67,5.54,3.9,20.05,,,,,,71.0,0.7,,0.0,0.0,68.75,,
2024-02-04 08:00:00,29.25,122.5,9.78,16.35,16.65,16.58,1.7,0.7,5.88,4.2,32.25,,,,,,71.0,0.48,331.0,0.0,0.0,124.0,,
2024-02-04 09:00:00,20.75,89.25,6.62,11.9,11.75,12.78,1.38,0.66,5.98,4.05,20.4,,,,,,70.25,1.72,172.0,0.0,0.0,269.5,,
2024-02-04 10:00:00,11.5,33.75,3.4,8.22,7.2,12.3,1.6,2.6,5.93,2.82,12.22,,,,,,70.75,1.65,143.0,0.0,0.0,331.25,,
2024-02-04 11:00:00,12.5,19.5,3.0,7.1,6.2,12.47,3.4,,5.68,2.08,8.9,,,,,,69.75,2.1,166.5,0.0,0.0,395.75,,
2024-02-04 12:00:00,10.5,25.25,2.03,6.43,5.1,16.1,0.65,0.55,5.88,1.6,6.85,,,,,,69.25,2.1,227.25,0.0,0.0,412.25,,
2024-02-04 13:00:00,9.0,29.5,2.95,6.75,5.98,12.35,,0.52,5.73,1.38,5.58,,,,,,68.75,2.35,178.0,0.0,0.0,388.75,,
2024-02-04 14:00:00,8.5,28.75,3.38,5.65,5.72,12.08,1.82,0.66,5.93,1.25,4.88,,,,,,69.25,2.4,198.0,0.0,0.0,335.5,,
2024-02-04 15:00:00,8.0,22.5,3.28,5.03,5.32,10.38,1.3,0.64,5.19,1.0,3.62,,,,,,69.0,2.4,179.5,0.0,0.0,253.25,,
2024-02-04 16:00:00,10.5,23.0,2.7,4.32,4.5,10.18,4.78,0.62,5.44,0.82,3.5,,,,,,68.5,2.12,210.5,0.0,0.0,152.25,,
2024-02-04 17:00:00,8.5,20.75,2.62,4.7,4.65,10.02,6.57,0.65,5.78,0.8,3.12,,,,,,69.5,2.02,262.5,0.0,0.0,55.5,,
2024-02-04 18:00:00,8.5,28.25,2.42,5.4,4.85,10.1,3.8,0.63,6.03,0.85,3.08,,,,,,69.25,1.68,220.67,0.0,0.0,17.0,,
2024-02-04 19:00:00,12.0,40.5,2.72,6.4,5.6,9.7,1.5,0.68,5.98,1.12,4.12,,,,,,69.25,1.45,293.0,0.0,0.0,17.0,,
2024-02-04 20:00:00,8.5,32.0,3.02,6.95,6.12,9.9,1.58,0.62,5.68,1.32,4.58,,,,,,70.0,1.32,239.0,0.0,0.0,17.0,,
2024-02-04 21:00:00,6.5,35.25,2.52,6.82,5.7,9.55,1.98,0.65,6.22,1.4,4.88,,,,,,69.75,1.3,226.25,0.0,0.0,17.0,,
2024-02-04 22:00:00,4.5,27.25,1.55,6.98,4.95,11.65,3.12,0.55,5.44,1.42,4.97,,,,,,69.0,1.38,212.0,0.0,0.0,17.0,,
2024-02-04 23:00:00,3.0,28.25,2.02,8.98,6.43,12.65,4.08,0.61,5.63,1.5,5.25,,,,,,69.5,1.15,,0.0,0.0,17.0,,
2024-02-05 00:00:00,3.0,27.5,3.75,8.3,7.48,12.28,4.05,0.61,5.78,1.4,5.3,,,,,,69.5,0.95,150.0,0.0,0.0,17.0,,
2024-02-05 01:00:00,3.0,22.0,3.22,8.15,6.92,12.1,3.0,0.62,5.78,1.35,4.78,,,,,,70.0,0.78,147.25,0.0,0.0,17.0,,
2024-02-05 02:00:00,4.0,21.75,3.35,9.73,7.85,12.6,2.85,0.65,5.95,1.35,5.28,,,,,,70.5,0.6,127.5,0.0,0.0,17.0,,
2024-02-05 03:00:00,7.5,29.25,3.58,9.0,7.7,13.12,3.42,0.65,6.21,1.35,5.2,,,,,,70.5,0.48,184.5,0.0,0.0,17.0,,
2024-02-05 04:00:00,10.25,30.75,4.82,11.18,9.85,14.28,7.82,0.66,5.93,2.08,7.38,,,,,,70.75,0.32,,0.0,0.0,17.0,,
2024-02-05 05:00:00,14.75,44.0,5.3,11.02,10.15,46.0,10.62,0.7,5.88,2.58,8.18,,,,,,70.5,0.3,,0.0,0.0,17.0,,
2024-02-05 06:00:00,17.25,60.0,7.25,13.25,12.95,14.75,4.12,0.73,6.52,3.0,9.82,,,,,,71.0,0.32,,0.0,0.0,18.0,,
2024-02-05 07:00:00,23.0,104.75,9.68,15.48,16.1,13.9,3.15,0.85,5.98,3.65,10.82,,,,,,71.75,0.48,,0.0,0.0,71.75,,
2024-02-05 08:00:00,37.5,146.75,9.93,14.42,15.75,13.55,6.52,0.7,6.17,3.65,10.4,,,,,,71.5,0.85,,0.0,0.0,172.25,,
2024-02-05 09:00:00,30.5,123.5,6.05,10.9,10.75,12.45,8.32,0.69,6.03,3.92,10.05,,,,,,72.5,1.6,187.0,0.0,0.0,238.0,,
2024-02-05 10:00:00,15.5,73.75,2.98,9.1,7.28,10.98,4.63,0.84,5.88,2.65,7.15,,,,,,71.0,2.08,171.0,0.0,0.0,347.5,,
2024-02-05 11:00:00,18.25,78.25,2.93,9.2,7.27,11.4,6.8,,5.64,1.9,5.68,,,,,,70.75,2.42,158.25,0.0,0.0,403.5,,
2024-02-05 12:00:00,15.75,89.25,2.77,9.0,7.03,13.07,1.85,0.51,5.59,1.48,5.15,,,,,,71.0,2.5,195.25,0.0,0.0,418.0,,
2024-02-05 13:00:00,22.25,71.5,2.68,7.75,6.3,11.3,1.3,0.47,5.78,1.2,4.42,,,,,,70.0,2.75,155.25,0.0,0.0,398.5,,
2024-02-05 14:00:00,15.75,68.5,2.4,9.05,6.78,13.3,4.55,0.55,5.39,1.05,3.65,,,,,,69.5,2.48,158.75,0.0,0.0,340.5,,
2024-02-05 15:00:00,13.0,89.5,2.8,11.65,8.48,14.1,4.2,0.62,5.93,0.98,3.4,,,,,,69.5,2.33,179.25,0.0,0.0,252.5,,
2024-02-05 16:00:00,16.0,79.75,3.35,9.18,7.6,14.1,6.38,0.63,6.32,1.02,3.22,,,,,,69.0,2.15,262.5,0.0,0.0,149.0,,
2024-02-05 17:00:00,15.5,63.75,2.8,9.72,7.42,14.48,5.9,0.66,6.47,1.15,3.15,,,,,,68.75,1.88,187.25,0.0,0.0,53.25,,
2024-02-05 18:00:00,15.5,67.5,2.78,10.02,7.62,14.68,3.8,0.68,5.58,1.48,4.2,,,,,,68.75,1.62,124.0,0.0,0.0,17.0,,
2024-02-05 19:00:00,18.25,76.5,2.92,10.75,8.07,14.65,3.15,0.72,6.18,1.85,6.02,,,,,,67.75,1.7,86.5,0.0,0.0,17.0,,
2024-02-05 20:00:00,14.0,62.75,3.15,9.75,7.72,15.2,6.9,0.66,5.68,1.9,7.18,,,,,,68.75,1.65,91.5,0.0,0.0,17.0,,
2024-02-05 21:00:00,16.0,61.75,3.1,10.25,8.0,15.2,8.1,0.69,6.12,1.85,6.72,,,,,,69.0,1.72,103.25,0.0,0.0,17.0,,
2024-02-05 22:00:00,14.0,61.75,4.5,8.22,8.05,13.75,5.2,0.67,6.22,1.72,6.08,,,,,,69.0,1.23,84.25,0.0,0.0,17.0,,
2024-02-05 23:00:00,15.75,62.25,3.45,6.4,6.22,12.78,0.67,0.71,6.02,1.52,5.43,,,,,,70.0,1.08,82.0,0.0,0.0,17.0,,
2024-02-06 00:00:00,12.5,56.75,2.98,6.28,5.78,12.55,0.52,0.66,6.03,1.58,5.18,,,,,,71.5,0.7,94.5,0.0,0.0,17.0,,
2024-02-06 01:00:00,14.75,54.75,3.25,6.25,5.98,12.98,1.33,0.68,5.73,1.55,4.97,,,,,,71.75,0.55,84.25,0.0,0.0,17.0,,
2024-02-06 02:00:00,17.5,54.0,3.0,7.1,6.25,12.48,1.75,0.67,5.81,1.62,5.35,,,,,,71.25,0.48,64.0,0.0,0.0,17.0,,
2024-02-06 03:00:00,17.0,62.0,2.95,8.4,6.85,12.85,1.7,0.69,5.23,1.68,5.28,,,,,,72.25,0.42,51.0,0.0,0.0,17.0,,
2024-02-06 04:00:00,16.5,71.0,5.55,13.95,11.92,70.15,2.2,0.66,5.44,1.95,6.7,,,,,,72.0,0.38,53.0,0.0,0.0,17.0,,
2024-02-06 05:00:00,33.5,109.5,8.18,18.0,16.23,18.08,4.05,0.75,5.73,3.1,14.9,,,,,,71.75,0.38,,0.0,0.0,17.0,,
2024-02-06 06:00:00,33.25,116.75,6.7,18.6,15.32,19.55,8.57,0.67,5.39,3.42,17.82,,,,,,71.5,0.3,,0.0,0.0,18.0,,
2024-02-06 07:00:00,28.0,127.75,10.85,19.73,19.25,18.88,9.72,0.72,5.88,4.08,14.62,,,,,,71.0,0.38,,0.0,0.0,62.0,,
2024-02-06 08:00:00,31.0,166.0,10.62,21.18,19.92,18.6,4.53,0.74,5.88,4.47,14.12,,,,,,70.0,0.48,,0.0,0.0,155.0,,
2024-02-06 09:00:00,37.0,163.75,7.6,19.8,16.68,18.0,5.3,0.79,5.68,4.92,14.55,,,,,,68.75,1.12,125.33,0.0,0.0,260.0,,
2024-02-06 10:00:00,25.5,119.0,3.25,13.82,10.0,16.65,5.07,0.65,5.58,3.68,10.68,,,,,,69.75,1.95,203.0,0.0,0.0,330.75,,
2024-02-06 11:00:00,20.25,91.5,2.9,9.83,7.57,17.67,4.27,,5.93,2.85,8.5,,,,,,69.25,2.33,140.25,0.0,0.0,378.5,,
2024-02-06 12:00:00,24.75,100.75,3.0,8.4,6.87,20.03,5.9,0.51,5.54,2.12,6.68,,,,,,69.25,2.4,146.75,0.0,0.0,417.0,,
2024-02-06 13:00:00,18.0,76.25,3.9,6.6,6.72,16.88,5.95,0.53,6.12,1.75,5.78,,,,,,70.0,2.45,176.5,0.0,0.0,375.25,,
2024-02-06 14:00:00,17.5,68.25,3.72,6.18,6.28,15.18,4.72,0.6,5.98,1.27,4.05,,,,,,70.0,2.25,278.5,0.0,0.0,298.5,,
2024-02-06 15:00:00,16.0,69.25,2.55,5.12,4.78,15.28,6.3,0.62,5.73,1.08,3.38,,,,,,69.25,2.1,207.5,0.0,0.0,255.0,,
2024-02-06 16:00:00,19.0,73.75,2.68,5.4,5.03,14.35,6.68,0.63,5.68,1.08,4.25,,,,,,69.5,1.88,166.25,0.0,0.0,153.0,,
2024-02-06 17:00:00,25.75,83.5,2.4,6.1,5.15,14.15,6.9,0.7,5.78,1.23,9.38,,,,,,69.5,1.52,161.75,0.0,0.0,55.25,,
2024-02-06 18:00:00,20.0,81.25,2.52,7.32,5.98,13.55,3.0,0.7,5.68,1.82,8.1,,,,,,70.5,1.3,148.75,0.0,0.0,17.0,,
2024-02-06 19:00:00,24.0,91.25,2.7,8.15,6.5,13.2,1.78,0.76,5.93,1.98,9.12,,,,,,69.75,1.32,150.75,0.0,0.0,17.0,,
2024-02-06 20:00:00,26.5,101.5,2.5,9.12,6.85,13.05,3.65,0.68,5.68,2.25,12.77,,,,,,70.0,1.23,114.75,0.0,0.0,17.0,,
2024-02-06 21:00:00,23.5,102.5,2.05,9.8,6.85,14.08,4.0,0.63,5.68,2.35,18.12,,,,,,69.75,1.1,102.0,0.0,0.0,17.0,,
2024-02-06 22:00:00,18.25,100.0,1.7,11.45,7.45,16.47,4.25,0.76,6.03,2.7,16.15,,,,,,70.0,0.7,85.75,0.0,0.0,17.0,,
2024-02-06 23:00:00,17.75,96.5,3.38,13.3,9.82,16.62,3.4,0.75,5.88,2.92,13.88,,,,,,70.0,0.45,100.0,0.0,0.0,17.0,,
2024-02-07 00:00:00,22.0,91.25,3.7,15.12,11.02,16.9,2.35,0.66,5.74,2.8,12.4,,,,,,70.25,0.3,83.0,0.0,0.0,17.0,,
2024-02-07 01:00:00,17.5,83.5,4.35,17.48,12.85,16.88,3.8,0.67,5.88,2.85,12.35,,,,,,70.75,0.3,86.5,0.0,0.0,17.0,,
2024-02-07 02:00:00,19.25,103.75,5.68,22.12,16.38,19.18,3.35,0.69,5.82,4.1,15.3,,,,,,70.5,0.32,110.5,0.0,0.0,17.0,,
2024-02-07 03:00:00,37.0,139.0,8.65,25.22,20.4,21.88,2.3,0.78,5.49,4.22,15.12,,,,,,70.25,0.3,,0.0,0.0,17.0,,
2024-02-07 04:00:00,33.75,155.75,11.52,24.78,22.55,21.78,5.85,0.76,5.73,4.65,15.32,,,,,,71.0,0.3,,0.0,0.0,17.0,,
2024-02-07 05:00:00,36.0,161.25,16.0,23.92,25.72,25.08,7.82,0.86,5.88,5.7,18.73,,,,,,71.5,0.3,,0.0,0.0,17.0,,
2024-02-07 06:00:00,46.5,190.75,17.8,20.95,25.65,24.12,3.88,0.92,6.22,6.02,16.27,,,,,,71.75,0.35,,0.0,0.0,18.75,,
2024-02-07 07:00:00,48.25,190.5,20.82,21.18,28.2,23.08,5.25,1.06,6.07,6.15,17.22,,,,,,72.25,0.3,,0.0,0.0,68.5,,
2024-02-07 08:00:00,38.25,167.0,16.7,19.45,23.92,18.68,5.55,0.74,6.13,5.75,15.6,,,,,,72.0,0.62,,0.0,0.0,163.5,,
2024-02-07 09:00:00,34.75,144.25,9.5,17.25,16.9,18.8,6.42,0.66,5.98,5.3,13.42,,,,,,72.5,1.0,,0.0,0.0,273.25,,
2024-02-07 10:00:00,36.25,132.0,4.32,16.5,12.32,15.85,6.83,0.92,5.64,5.15,12.3,,,,,,72.0,1.62,156.0,0.0,0.0,349.0,,
2024-02-07 11:00:00,23.75,105.25,2.43,11.03,7.83,13.92,12.67,,5.54,3.82,11.18,,,,,,71.25,2.15,139.0,0.0,0.0,415.25,,
2024-02-07 12:00:00,21.33,95.67,10.7,10.5,15.87,15.77,8.57,0.54,5.95,3.23,9.97,,,,,,72.33,2.3,113.67,0.0,0.0,429.0,,
2024-02-07 13:00:00,21.5,101.25,2.0,7.85,5.35,14.1,7.32,0.46,5.44,2.65,9.35,,,,,,69.75,1.95,172.75,0.0,0.0,412.0,,
2024-02-07 14:00:00,14.0,69.5,2.22,7.38,5.7,14.28,3.52,0.64,5.58,2.25,7.85,,,,,,69.5,1.8,229.5,0.0,0.0,353.25,,
2024-02-07 15:00:00,13.25,61.0,2.78,6.5,5.75,14.55,1.58,0.62,5.64,1.88,6.58,,,,,,69.25,1.85,185.25,0.0,0.0,268.25,,
2024-02-07 16:00:00,11.75,70.25,2.55,8.6,6.68,14.12,4.18,0.66,5.73,1.95,7.7,,,,,,69.25,1.55,277.0,0.0,0.0,163.25,,
2024-02-07 17:00:00,13.75,101.0,2.8,8.88,7.05,15.15,5.9,0.68,5.78,1.95,8.18,,,,,,68.5,1.35,282.0,0.0,0.0,61.75,,
2024-02-07 18:00:00,14.75,83.75,2.55,11.2,8.0,15.92,2.88,0.64,6.18,2.25,9.38,,,,,,69.0,0.98,271.33,0.0,0.0,17.0,,
2024-02-07 19:00:00,20.75,85.5,3.3,13.32,9.82,16.52,2.58,0.71,5.68,2.72,10.1,,,,,,68.25,1.0,136.0,0.0,0.0,17.0,,
2024-02-07 20:00:00,23.0,88.75,3.2,14.3,10.2,16.18,3.6,0.71,5.98,3.15,10.07,,,,,,69.25,0.8,112.75,0.0,0.0,17.0,,
2024-02-07 21:00:00,20.5,95.5,5.32,11.4,10.4,14.9,4.85,0.73,6.76,3.05,9.72,,,,,,69.5,0.82,87.5,0.0,0.0,17.0,,
2024-02-07 22:00:00,13.75,72.25,4.15,10.9,9.18,12.5,5.12,0.72,5.93,2.82,11.32,,,,,,70.75,0.57,92.75,0.0,0.0,17.0,,
2024-02-07 23:00:00,15.5,69.0,4.35,13.92,10.9,12.25,5.5,0.7,5.68,2.62,21.18,,,,,,71.5,0.55,81.0,0.0,0.0,17.0,,
2024-02-08 00:00:00,16.25,65.0,3.82,13.98,10.5,12.62,4.2,0.67,5.83,2.6,13.02,,,,,,71.5,0.52,72.0,0.0,0.0,17.0,,
2024-02-08 01:00:00,20.25,62.25,3.78,13.8,10.42,12.38,3.6,0.7,6.07,2.62,11.35,,,,,,71.0,0.85,40.5,0.0,0.0,17.0,,
2024-02-08 02:00:00,11.75,57.75,3.68,15.05,11.05,11.42,3.52,0.64,5.42,2.68,10.5,,,,,,71.75,0.55,23.0,0.0,0.0,17.0,,
2024-02-08 03:00:00,12.25,48.75,5.28,17.75,13.78,12.72,6.08,0.66,5.55,2.72,12.0,,,,,,70.25,0.6,,0.0,0.0,17.0,,
2024-02-08 04:00:00,19.0,81.25,9.55,19.4,18.08,15.22,4.08,0.76,5.88,4.0,18.65,,,,,,71.75,0.65,,0.0,0.0,17.0,,
2024-02-08 05:00:00,26.75,114.25,6.52,18.3,15.02,17.65,5.6,0.62,5.14,4.62,20.12,,,,,,71.25,0.6,,0.0,0.0,17.0,,
2024-02-08 06:00:00,24.75,108.0,9.2,19.65,17.88,17.5,6.62,0.74,5.49,4.85,20.88,,,,,,71.0,0.45,,0.0,0.0,19.0,,
2024-02-08 07:00:00,30.25,126.25,9.98,19.45,18.48,17.4,5.38,0.82,5.83,5.15,20.72,,,,,,70.25,0.52,,0.0,0.0,75.0,,
2024-02-08 08:00:00,30.5,136.0,9.42,18.12,17.35,16.95,3.55,0.72,6.18,5.12,18.58,,,,,,71.5,0.68,,0.0,0.0,172.25,,
2024-02-08 09:00:00,28.75,130.5,7.75,20.0,16.95,16.95,3.4,0.84,5.39,5.1,18.58,,,,,,70.5,0.9,179.0,0.0,0.0,274.25,,
2024-02-08 10:00:00,28.0,118.5,4.65,25.08,17.12,17.77,1.83,0.8,5.93,4.85,16.73,,,,,,70.0,1.4,111.25,0.0,0.0,318.25,,
2024-02-08 11:00:00,25.5,122.75,2.9,21.6,13.83,16.9,3.63,,5.93,4.95,16.5,,,,,,70.0,2.2,96.0,0.0,0.0,398.25,,
2024-02-08 12:00:00,18.0,92.5,3.23,14.6,10.43,60.43,6.25,0.58,5.14,4.2,13.25,,,,,,69.25,2.25,112.5,0.0,0.0,391.5,,
2024-02-08 13:00:00,15.25,76.25,5.08,11.15,10.02,19.42,5.25,0.6,5.68,2.33,7.38,,,,,,69.5,2.0,121.25,0.0,0.0,373.5,,
2024-02-08 14:00:00,7.25,50.5,2.72,9.1,7.08,16.65,2.7,0.56,6.03,46.7,17.98,,,,,,69.75,1.92,123.75,0.0,0.0,322.5,,
2024-02-08 15:00:00,9.0,56.0,4.23,9.88,8.75,15.1,1.75,0.58,5.58,81.82,56.18,,,,,,69.5,2.02,95.25,0.0,0.0,243.0,,
2024-02-08 16:00:00,13.75,65.75,3.48,11.62,8.98,15.32,4.0,0.62,6.02,86.5,64.7,,,,,,68.5,1.9,84.25,0.0,0.0,164.0,,
2024-02-08 17:00:00,20.0,69.75,3.7,11.68,9.25,14.68,5.05,0.62,5.78,,,,,,,,70.5,1.92,83.75,0.0,0.0,56.0,,
2024-02-08 18:00:00,23.25,99.0,2.95,11.35,8.4,14.5,4.45,0.64,6.03,,,,,,,,69.75,1.52,68.75,0.0,0.0,17.0,,
2024-02-08 19:00:00,23.0,86.75,2.85,11.75,8.57,14.9,5.18,0.71,5.39,,54.3,,,,,,70.0,1.18,76.0,0.0,0.0,17.0,,
2024-02-08 20:00:00,20.0,79.25,3.18,11.28,8.55,15.85,1.77,0.63,5.78,15.45,18.18,,,,,,70.75,1.18,79.75,0.0,0.0,17.0,,
2024-02-08 21:00:00,17.0,78.5,3.05,11.05,8.35,16.48,2.17,0.66,5.83,2.7,7.42,,,,,,70.25,0.92,82.75,0.0,0.0,17.0,,
2024-02-08 22:00:00,8.25,59.5,4.08,16.12,11.85,17.17,1.2,0.69,5.68,2.4,7.0,,,,,,69.0,1.08,55.0,0.0,0.0,17.0,,
2024-02-08 23:00:00,10.0,66.25,4.03,14.58,11.02,17.48,0.8,0.69,6.32,2.17,6.15,,,,,,68.5,0.65,51.5,0.0,0.0,17.0,,
2024-02-09 00:00:00,13.75,52.75,4.97,12.25,10.58,17.15,1.7,0.69,6.08,1.98,5.6,,,,,,69.5,0.45,65.5,0.0,0.0,17.0,,
2024-02-09 01:00:00,16.25,43.25,4.78,12.4,10.55,16.58,1.9,0.68,6.12,1.85,5.2,,,,,,70.0,0.68,54.25,0.0,0.0,17.0,,
2024-02-09 02:00:00,15.5,36.75,5.5,13.28,11.5,16.12,5.03,0.68,5.42,1.68,4.72,,,,,,70.75,0.55,44.0,0.0,0.0,17.75,,
2024-02-09 03:00:00,11.0,40.25,6.3,13.8,12.42,23.0,5.72,0.68,6.01,1.75,5.18,,,,,,69.75,0.68,35.5,0.0,0.0,17.75,,
2024-02-09 04:00:00,11.5,40.0,8.4,14.2,14.4,16.88,10.38,0.7,5.78,1.65,5.15,,,,,,70.0,0.35,44.25,0.0,0.0,17.25,,
2024-02-09 05:00:00,18.0,74.75,19.8,17.9,25.62,18.43,8.07,0.74,6.32,2.42,8.22,,,,,,70.0,0.38,,0.0,0.0,17.0,,
2024-02-09 06:00:00,33.25,129.5,18.18,16.35,23.45,17.38,3.6,0.75,5.78,2.82,9.75,,,,,,71.75,0.38,,0.0,0.0,18.0,,
2024-02-09 07:00:00,34.5,118.75,18.8,15.2,23.35,181.18,4.9,0.86,5.88,3.05,9.7,,,,,,71.75,0.35,,0.0,0.0,64.25,,
2024-02-09 08:00:00,37.25,126.0,16.23,16.08,21.75,34.22,4.85,0.74,5.68,3.12,9.82,,,,,,71.75,0.43,,0.0,0.0,158.75,,
2024-02-09 09:00:00,35.5,115.75,11.92,15.15,17.77,17.38,4.8,0.75,5.73,3.18,9.52,,,,,,70.75,1.3,210.25,0.0,0.0,243.25,,
2024-02-09 10:00:00,19.25,94.0,5.45,13.08,11.45,13.2,5.07,1.01,5.39,2.78,7.5,,,,,,71.25,1.85,82.5,0.0,0.0,283.25,,
2024-02-09 11:00:00,20.5,95.5,3.53,12.27,9.4,13.1,4.53,,6.03,2.75,6.68,,,,,,71.25,2.05,145.0,0.0,0.0,404.25,,
2024-02-09 12:00:00,22.25,104.75,3.07,7.9,6.7,14.37,2.28,0.54,5.83,2.05,5.28,,,,,,70.75,1.92,125.25,0.0,0.0,366.0,,
2024-02-09 13:00:00,23.0,119.75,1.95,8.05,5.88,14.45,4.12,0.58,5.24,1.68,4.45,,,,,,69.25,2.17,149.5,0.0,0.0,392.25,,
2024-02-09 14:00:00,21.75,109.0,3.2,8.38,7.02,14.1,4.53,0.66,5.58,1.32,3.72,,,,,,68.25,2.28,142.0,0.0,0.0,342.75,,
2024-02-09 15:00:00,17.0,70.75,4.15,10.02,8.72,14.35,3.88,0.6,5.78,1.05,3.12,,,,,,69.0,2.28,131.5,0.0,0.0,255.5,,
2024-02-09 16:00:00,18.25,95.75,5.35,11.38,10.38,15.35,6.35,0.57,5.73,1.12,5.05,,,,,,67.75,2.28,131.75,0.0,0.0,152.25,,
2024-02-09 17:00:00,30.0,155.25,4.15,13.78,10.65,16.45,5.98,0.6,5.68,1.25,8.18,,,,,,68.5,2.12,169.0,0.0,0.0,54.75,,
2024-02-09 18:00:00,24.5,118.75,3.82,11.82,9.38,16.45,2.1,0.74,5.83,1.4,9.0,,,,,,68.75,1.9,176.25,0.0,0.0,17.0,,
2024-02-09 19:00:00,17.75,83.25,2.38,11.85,8.22,16.75,0.47,0.72,5.88,1.55,7.45,,,,,,68.5,1.78,172.0,0.0,0.0,17.0,,
2024-02-09 20:00:00,19.25,67.25,3.45,11.02,8.72,16.45,4.45,0.71,5.88,1.55,6.72,,,,,,68.75,1.32,189.5,0.0,0.0,17.0,,
2024-02-09 21:00:00,16.25,66.0,4.55,9.48,8.78,13.92,5.52,0.7,5.98,2.02,5.95,,,,,,69.25,1.4,169.5,0.0,0.0,17.0,,
2024-02-09 22:00:00,15.25,72.25,4.15,7.8,7.52,13.4,4.4,0.7,5.83,2.5,5.68,,,,,,70.5,1.3,220.25,0.0,0.0,17.0,,
2024-02-09 23:00:00,17.25,56.0,3.58,8.9,7.65,12.65,4.32,0.7,6.18,1.8,4.6,,,,,,70.0,1.3,230.0,0.0,0.0,17.0,,
2024-02-10 00:00:00,11.25,55.5,2.88,6.8,5.92,11.95,4.7,0.61,5.93,1.5,3.92,,,,,,70.75,1.85,175.25,0.0,0.0,17.0,,
2024-02-10 01:00:00,8.75,44.0,2.5,4.95,4.6,11.28,3.8,0.67,5.98,1.12,3.12,,,,,,69.75,1.55,119.75,0.0,0.0,17.0,,
2024-02-10 02:00:00,8.75,40.5,3.05,5.07,5.2,10.75,3.55,0.56,5.69,0.95,2.7,,,,,,70.75,1.08,122.75,0.0,0.0,17.0,,
2024-02-10 03:00:00,11.25,41.0,3.32,6.05,5.92,11.52,4.45,0.57,5.68,0.95,2.78,,,,,,71.75,0.88,99.5,0.0,0.0,17.0,,
2024-02-10 04:00:00,12.25,49.5,3.28,6.38,6.08,12.02,5.9,0.6,5.68,0.98,2.88,,,,,,70.75,1.0,105.75,0.0,0.0,17.0,,
2024-02-10 05:00:00,14.25,58.75,2.33,8.93,6.6,14.65,6.78,0.61,5.68,1.12,3.08,,,,,,69.75,0.72,89.5,0.0,0.0,17.0,,
2024-02-10 06:00:00,19.25,75.0,3.95,13.02,10.15,15.05,2.45,0.75,5.88,1.52,3.8,,,,,,70.5,0.3,78.0,0.0,0.0,18.5,,
2024-02-10 07:00:00,26.75,121.25,7.55,22.48,18.12,16.48,1.1,0.94,5.54,2.48,6.35,,,,,,70.0,0.42,90.0,0.0,0.0,63.5,,
2024-02-10 08:00:00,33.5,143.75,4.92,10.75,9.78,16.92,4.08,0.62,5.78,2.4,6.25,,,,,,69.0,1.23,157.75,0.0,0.0,154.5,,
2024-02-10 09:00:00,17.75,89.0,3.75,8.7,7.68,16.38,6.85,0.58,5.68,1.75,4.47,,,,,,69.75,1.48,264.67,0.0,0.0,258.25,,
2024-02-10 10:00:00,14.0,82.5,3.02,8.12,6.8,17.98,6.13,0.61,6.08,1.52,3.82,,,,,,68.75,1.98,216.5,0.0,0.0,335.5,,
2024-02-10 11:00:00,22.75,87.5,2.83,7.27,6.13,92.23,6.53,,5.44,1.2,3.18,,,,,,69.5,2.4,198.25,0.0,0.0,388.5,,
2024-02-10 12:00:00,21.5,83.5,3.9,6.43,6.63,27.77,4.95,0.62,5.58,1.1,3.22,,,,,,69.25,2.4,181.0,0.0,0.0,409.75,,
2024-02-10 13:00:00,19.75,94.0,5.05,5.08,6.85,19.6,2.53,0.61,5.88,1.0,3.48,,,,,,68.5,2.5,187.75,0.0,0.0,391.25,,
2024-02-10 14:00:00,20.5,94.5,3.02,5.52,5.35,18.15,5.75,0.63,5.73,0.95,3.18,,,,,,70.25,2.68,181.75,0.0,0.0,330.25,,
2024-02-10 15:00:00,24.5,96.0,2.12,5.8,4.82,18.02,7.55,0.63,5.93,1.0,3.12,,,,,,69.0,2.72,148.75,0.0,0.0,242.0,,
2024-02-10 16:00:00,20.75,98.75,2.38,5.4,4.8,19.18,6.35,0.58,5.83,1.08,4.38,,,,,,68.5,2.7,137.5,0.0,0.0,138.25,,
2024-02-10 17:00:00,16.75,108.5,3.0,7.38,6.38,19.2,5.68,0.81,5.78,1.4,10.0,,,,,,70.0,2.17,135.75,0.0,0.0,50.25,,
2024-02-10 18:00:00,25.0,113.75,2.4,7.68,6.02,18.18,2.6,0.7,5.58,1.55,13.92,,,,,,69.25,1.58,212.25,0.0,0.0,17.0,,
2024-02-10 19:00:00,26.0,116.0,2.78,8.52,6.78,17.5,3.0,0.76,6.12,1.58,9.12,,,,,,69.0,1.5,248.25,0.0,0.0,17.0,,
2024-02-10 20:00:00,27.75,112.0,1.27,9.68,6.22,18.12,5.58,0.59,5.44,1.9,7.38,,,,,,69.5,1.55,229.0,0.0,0.0,17.0,,
2024-02-10 21:00:00,25.0,101.75,1.85,10.32,7.05,19.8,5.72,0.7,6.27,1.9,6.72,,,,,,67.75,1.8,139.75,0.0,0.0,17.0,,
2024-02-10 22:00:00,26.75,107.0,2.75,10.1,7.62,19.4,6.15,0.69,5.68,1.9,7.35,,,,,,68.25,2.05,139.5,0.0,0.0,17.0,,
2024-02-10 23:00:00,23.5,105.0,2.42,8.93,6.75,18.73,4.92,0.67,5.93,1.78,5.68,,,,,,69.0,2.02,152.5,0.0,0.0,17.0,,
2024-02-11 00:00:00,23.0,96.25,1.55,8.88,6.0,18.77,3.48,0.65,5.98,1.6,4.47,,,,,,69.0,1.6,155.0,0.0,0.0,17.0,,
2024-02-11 01:00:00,18.25,85.5,2.33,7.98,6.1,18.55,3.32,0.65,5.93,1.42,3.72,,,,,,69.25,1.72,158.75,0.0,0.0,17.0,,
2024-02-11 02:00:00,18.75,77.25,2.88,8.07,6.65,18.15,3.55,0.72,5.42,1.32,3.38,,,,,,68.25,1.32,119.0,0.0,0.0,17.0,,
2024-02-11 03:00:00,9.75,73.75,2.55,9.65,7.2,18.45,2.02,0.74,5.88,1.35,3.35,,,,,,69.25,1.1,128.5,0.0,0.0,17.0,,
2024-02-11 04:00:00,14.5,71.25,4.5,8.7,8.22,16.08,5.05,0.68,6.07,1.27,3.22,,,,,,70.5,0.92,121.25,0.0,0.0,17.0,,
2024-02-11 05:00:00,20.5,73.25,3.22,8.3,7.02,13.48,5.9,0.68,6.13,1.15,3.02,,,,,,71.25,1.15,144.0,0.0,0.0,17.0,,
2024-02-11 06:00:00,17.0,74.5,2.92,10.3,7.85,13.18,2.37,0.66,6.08,1.15,3.25,,,,,,71.75,1.18,213.0,0.0,0.0,18.0,,
2024-02-11 07:00:00,19.25,94.75,2.98,11.08,8.35,13.55,1.03,0.71,5.98,1.52,4.12,,,,,,70.5,1.55,248.0,0.0,0.0,52.0,,
2024-02-11 08:00:00,17.25,95.75,2.55,7.82,6.22,13.62,1.23,0.64,6.03,1.45,3.38,,,,,,71.25,2.62,309.0,0.0,0.0,156.25,,
2024-02-11 09:00:00,18.0,90.5,2.42,5.98,5.15,13.15,0.3,0.63,5.88,1.38,2.62,,,,,,69.75,2.8,270.25,0.0,0.0,279.0,,
2024-02-11 10:00:00,20.5,85.25,1.95,5.78,4.68,13.2,0.95,0.82,5.73,1.05,2.1,,,,,,70.0,2.72,262.75,0.0,0.0,270.5,,
2024-02-11 11:00:00,26.75,85.75,2.27,6.27,5.17,13.47,6.63,,5.83,0.9,2.35,,,,,,70.75,2.95,189.5,0.0,0.0,390.25,,
2024-02-11 12:00:00,22.0,91.75,1.3,5.33,3.47,19.3,4.32,0.5,5.0,1.0,2.62,,,,,,69.0,3.12,206.0,0.0,0.0,386.0,,
2024-02-11 13:00:00,18.25,83.75,1.98,6.28,4.97,15.98,5.7,0.63,5.88,0.98,2.08,,,,,,69.25,2.92,239.25,0.0,0.0,380.5,,
2024-02-11 14:00:00,17.0,79.5,2.65,6.2,5.45,15.65,6.72,0.63,5.54,0.98,1.82,,,,,,68.0,2.75,181.5,0.0,0.0,301.75,,
2024-02-11 15:00:00,19.75,81.25,2.0,6.62,5.12,15.38,7.0,0.65,5.93,0.98,1.8,,,,,,68.5,2.7,146.5,0.0,0.0,225.0,,
2024-02-11 16:00:00,18.75,88.25,2.45,6.95,5.68,14.7,2.1,0.64,5.68,0.95,1.75,,,,,,68.25,2.42,132.25,0.0,0.0,121.0,,
2024-02-11 17:00:00,18.25,85.5,2.8,7.98,6.55,14.82,1.82,0.68,5.49,1.02,2.02,,,,,,69.0,2.17,129.0,0.0,0.0,40.5,,
2024-02-11 18:00:00,19.0,98.0,1.98,10.0,6.9,15.48,3.68,0.69,5.78,1.52,2.72,,,,,,69.25,1.65,189.0,0.0,0.0,17.0,,
2024-02-11 19:00:00,19.25,90.25,2.25,10.52,7.4,16.05,3.25,0.72,6.37,1.7,3.2,,,,,,69.25,1.32,227.5,0.0,0.0,17.0,,
2024-02-11 20:00:00,19.75,102.75,4.28,10.68,9.18,15.48,2.8,0.72,5.88,1.85,3.22,,,,,,69.75,1.18,246.75,0.0,0.0,17.0,,
2024-02-11 21:00:00,20.5,101.25,2.9,10.4,7.88,13.7,3.28,0.75,6.18,1.88,3.4,,,,,,70.5,1.12,156.5,0.0,0.0,17.0,,
2024-02-11 22:00:00,22.25,95.25,2.33,9.4,6.88,13.2,5.38,0.67,6.76,1.75,3.6,,,,,,70.0,1.05,178.5,0.0,0.0,17.0,,
2024-02-11 23:00:00,17.25,81.5,1.92,8.95,6.38,12.7,4.85,0.67,5.73,1.62,3.4,,,,,,70.0,0.98,235.25,0.0,0.0,17.0,,
2024-02-12 00:00:00,25.0,73.5,2.85,8.43,6.78,12.28,4.4,0.65,5.98,1.5,3.18,,,,,,71.0,0.92,249.0,0.0,0.0,17.0,,
2024-02-12 01:00:00,19.0,72.75,2.7,9.57,7.28,12.1,4.0,0.64,5.83,1.42,3.22,,,,,,70.75,0.95,336.0,0.0,0.0,17.0,,
2024-02-12 02:00:00,18.75,74.5,2.43,11.7,8.18,22.15,5.58,0.67,5.88,2.12,4.62,,,,,,71.5,0.98,,0.0,0.0,17.0,,
2024-02-12 03:00:00,19.5,75.5,2.6,11.9,8.43,13.05,7.07,0.69,5.62,3.0,5.9,,,,,,71.25,0.45,,0.0,0.0,17.0,,
2024-02-12 04:00:00,23.0,82.0,1.38,12.22,7.58,16.15,9.02,0.66,5.44,3.28,6.12,,,,,,71.25,0.38,,0.0,0.0,17.0,,
2024-02-12 05:00:00,19.25,82.0,3.38,12.72,9.5,16.32,11.4,0.77,5.73,4.1,6.38,,,,,,70.5,0.48,,0.0,0.0,17.0,,
2024-02-12 06:00:00,20.5,105.0,4.0,15.88,11.7,17.2,7.85,0.75,5.54,4.03,6.42,,,,,,70.75,0.38,,0.0,0.0,19.0,,
2024-02-12 07:00:00,35.0,159.25,5.48,19.48,14.82,18.85,6.62,0.89,5.98,4.32,7.9,,,,,,70.75,0.45,,0.0,0.0,63.75,,
2024-02-12 08:00:00,40.0,169.5,4.47,15.55,11.92,15.1,7.6,0.64,5.98,4.28,8.65,,,,,,69.75,1.7,255.67,0.0,0.0,139.75,,
2024-02-12 09:00:00,16.0,80.0,2.92,9.18,7.3,12.22,5.32,0.46,5.93,2.88,5.8,,,,,,70.0,2.5,248.75,0.0,0.0,238.0,,
2024-02-12 10:00:00,7.5,51.5,2.52,7.15,5.85,12.32,4.37,2.58,5.78,1.9,3.97,,,,,,69.25,2.82,258.75,0.0,0.0,367.25,,
2024-02-12 11:00:00,9.5,55.25,2.37,6.77,5.5,12.53,4.2,,5.78,1.35,2.92,,,,,,68.75,2.62,260.0,0.0,0.0,369.5,,
2024-02-12 12:00:00,11.5,62.5,4.13,5.0,6.0,12.93,1.83,0.56,5.49,1.2,2.2,,,,,,69.75,2.68,215.5,0.0,0.0,366.75,,
2024-02-12 13:00:00,11.75,79.75,2.5,4.7,4.53,10.2,1.5,0.68,6.03,1.0,2.08,,,,,,70.25,2.5,223.75,0.0,0.0,364.25,,
2024-02-12 14:00:00,8.0,43.5,2.6,5.03,4.78,10.12,4.6,0.65,5.78,0.98,2.0,,,,,,69.25,2.7,185.0,0.0,0.0,346.25,,
2024-02-12 15:00:00,8.25,36.75,2.65,4.85,4.7,10.35,4.18,0.66,5.68,0.82,1.98,,,,,,70.0,2.48,234.25,0.0,0.0,274.25,,
2024-02-12 16:00:00,11.25,39.75,2.17,4.9,4.38,10.52,3.08,0.63,6.17,0.82,1.88,,,,,,69.0,2.32,289.0,0.0,0.0,172.0,,
2024-02-12 17:00:00,17.75,45.75,2.17,6.6,5.25,10.15,3.85,0.66,5.93,0.92,2.62,,,,,,68.75,2.22,299.5,0.0,0.0,65.5,,
2024-02-12 18:00:00,16.0,60.25,2.68,7.88,6.3,10.1,3.92,0.64,5.64,1.2,3.48,,,,,,69.75,1.72,311.0,0.0,0.0,17.25,,
2024-02-12 19:00:00,12.75,67.25,2.12,9.58,6.8,10.85,2.8,0.64,5.14,1.4,3.6,,,,,,70.25,1.45,171.75,0.0,0.0,17.0,,
2024-02-12 20:00:00,11.75,57.25,1.48,10.07,6.58,12.58,2.35,0.66,5.58,1.68,4.05,,,,,,68.75,1.48,232.75,0.0,0.0,17.0,,
2024-02-12 21:00:00,9.75,52.75,2.17,11.05,7.6,12.6,2.5,0.67,5.68,1.7,4.55,,,,,,69.5,1.32,254.0,0.0,0.0,17.0,,
2024-02-12 22:00:00,6.25,48.75,3.12,10.05,7.9,11.78,4.6,0.64,6.03,1.65,4.32,,,,,,68.75,1.38,158.75,0.0,0.0,17.0,,
2024-02-12 23:00:00,7.5,33.0,2.82,9.6,7.35,11.85,5.62,0.63,5.78,1.5,3.9,,,,,,69.25,1.05,171.5,0.0,0.0,17.0,,
2024-02-13 00:00:00,9.0,42.5,2.88,9.32,7.28,11.95,2.22,0.65,5.83,1.4,3.7,,,,,,69.25,0.88,160.0,0.0,0.0,17.0,,
2024-02-13 01:00:00,10.0,42.75,3.5,10.42,8.4,11.92,1.12,0.66,5.64,1.35,3.42,,,,,,70.0,0.6,157.25,0.0,0.0,17.0,,
2024-02-13 02:00:00,13.25,47.75,3.47,16.0,11.35,12.3,0.55,0.69,5.55,1.75,4.92,,,,,,70.0,0.42,157.33,0.0,0.0,17.0,,
2024-02-13 03:00:00,14.5,76.5,4.8,16.08,12.4,15.62,1.47,0.84,6.01,2.17,6.0,,,,,,70.5,0.45,,0.0,0.0,17.0,,
2024-02-13 04:00:00,18.75,85.5,4.8,13.05,10.8,14.75,6.02,0.85,5.58,2.02,5.28,,,,,,70.75,0.52,,0.0,0.0,17.0,,
2024-02-13 05:00:00,26.5,92.5,4.35,13.72,10.85,12.95,7.65,0.92,6.37,2.25,5.28,,,,,,71.5,0.52,,0.0,0.0,17.0,,
2024-02-13 06:00:00,31.5,122.25,5.35,17.27,13.52,12.3,6.88,0.77,5.98,2.52,7.05,,,,,,72.75,0.7,,0.0,0.0,17.25,,
2024-02-13 07:00:00,51.5,201.25,8.05,19.27,16.8,13.45,7.1,0.93,5.64,3.05,9.5,,,,,,71.5,1.02,,0.0,0.0,50.75,,
2024-02-13 08:00:00,49.5,216.5,7.52,16.73,15.02,13.2,12.05,0.68,6.02,3.2,9.65,,,,,,70.75,1.5,,0.0,0.0,154.5,,
2024-02-13 09:00:00,35.25,133.75,5.92,15.05,12.82,11.85,12.4,0.65,6.07,2.82,7.9,,,,,,71.5,1.92,,0.0,0.0,276.25,,
2024-02-13 10:00:00,22.75,81.5,3.15,11.88,8.93,11.3,8.47,0.81,5.73,2.22,5.7,,,,,,71.75,2.28,297.0,0.0,0.0,286.75,,
2024-02-13 11:00:00,17.25,89.0,1.8,7.6,5.5,11.73,13.47,0.53,5.44,1.7,4.48,,,,,,70.75,2.6,311.33,0.0,0.0,427.0,,
2024-02-13 12:00:00,10.75,92.0,1.7,6.7,4.93,16.33,3.85,0.6,6.08,1.38,4.03,,,,,,69.0,3.0,330.0,0.0,0.0,442.25,,
2024-02-13 13:00:00,6.0,83.75,2.72,6.52,5.7,13.25,1.35,0.61,5.88,1.2,3.72,,,,,,68.75,2.7,262.5,0.0,0.0,419.0,,
2024-02-13 14:00:00,3.5,59.75,2.62,7.6,6.18,12.38,2.75,0.64,6.42,1.1,3.52,,,,,,68.25,2.88,250.33,0.0,0.0,338.75,,
2024-02-13 15:00:00,8.25,63.25,2.55,6.8,5.68,12.65,0.5,0.66,5.73,1.1,3.08,,,,,,68.5,2.65,335.67,0.0,0.0,180.75,,
2024-02-13 16:00:00,18.0,65.75,2.35,7.38,5.82,12.65,0.97,0.64,5.58,1.25,3.25,,,,,,68.0,2.7,,0.0,0.0,148.25,,
2024-02-13 17:00:00,18.25,69.0,2.65,8.85,6.88,12.75,1.78,0.68,6.22,1.58,3.62,,,,,,68.5,2.48,,0.0,0.0,51.75,,
2024-02-13 18:00:00,18.25,87.25,2.08,9.88,6.92,13.38,1.6,0.65,5.39,1.92,4.82,,,,,,68.5,2.42,,0.0,0.0,17.0,,
2024-02-13 19:00:00,16.0,79.5,4.25,11.5,9.57,12.8,0.78,0.7,6.18,1.85,4.65,,,,,,67.5,2.35,,0.0,0.0,17.0,,
2024-02-13 20:00:00,15.25,79.0,1.25,14.98,8.05,20.23,4.08,0.56,4.7,2.25,5.38,,,,,,65.75,2.1,,0.0,0.0,19.0,,
2024-02-13 21:00:00,13.25,68.5,5.72,13.85,12.02,22.62,5.12,0.72,6.86,2.1,5.2,,,,,,66.5,2.2,,0.0,0.0,17.25,,
2024-02-13 22:00:00,14.5,51.0,3.28,9.52,7.75,15.35,1.03,0.7,6.18,1.72,4.2,,,,,,68.5,1.98,254.0,0.0,0.0,17.0,,
2024-02-13 23:00:00,15.0,41.0,2.05,8.38,6.12,13.65,,0.73,5.58,1.4,3.58,,,,,,69.75,1.65,318.0,0.0,0.0,17.0,,
2024-02-14 00:00:00,12.5,45.5,1.65,8.35,5.82,12.55,,0.68,5.98,1.2,3.12,,,,,,68.75,1.5,284.0,0.0,0.0,17.0,,
2024-02-14 01:00:00,13.75,41.25,2.35,7.45,5.82,11.78,,0.68,5.98,1.08,2.82,,,,,,69.5,1.25,235.75,0.0,0.0,17.0,,
2024-02-14 02:00:00,13.75,41.0,2.75,7.92,6.42,11.42,5.5,0.63,5.68,1.0,2.5,,,,,,70.75,1.0,207.33,0.0,0.0,17.0,,
2024-02-14 03:00:00,14.0,38.5,2.9,8.78,7.05,12.18,5.65,0.65,6.41,1.0,2.5,,,,,,71.5,0.85,203.67,0.0,0.0,17.0,,
2024-02-14 04:00:00,8.25,39.0,0.83,12.22,6.8,17.42,4.3,0.56,4.8,1.15,3.62,,,,,,68.5,0.7,165.0,0.0,0.0,19.0,,
2024-02-14 05:00:00,11.5,53.25,4.62,20.15,14.5,28.25,5.25,0.7,5.34,1.92,5.35,,,,,,66.75,0.35,358.0,0.0,0.0,18.75,,
2024-02-14 06:00:00,21.25,109.0,8.12,19.18,16.83,31.25,3.28,0.85,6.42,3.0,6.2,,,,,,67.75,0.3,,0.0,0.0,18.75,,
2024-02-14 07:00:00,28.75,123.75,8.93,19.65,17.68,22.7,1.4,0.92,5.83,2.7,6.5,,,,,,68.5,0.7,,0.0,0.0,68.75,,
2024-02-14 08:00:00,33.25,136.75,10.42,19.18,18.65,19.88,8.98,0.76,5.74,3.18,7.45,,,,,,68.0,1.1,,0.0,0.0,166.75,,
2024-02-14 09:00:00,37.25,138.25,6.95,16.98,14.7,17.6,15.38,0.77,5.59,3.15,7.6,,,,,,68.0,2.0,,0.0,0.0,230.25,,
2024-02-14 10:00:00,22.5,92.0,3.05,11.52,8.55,15.75,9.1,2.26,5.49,2.55,5.8,,,,,,69.25,2.6,328.0,0.0,0.0,393.5,,
2024-02-14 11:00:00,5.75,67.75,2.67,8.83,6.83,14.82,2.7,,5.83,1.88,4.38,,,,,,68.25,2.9,,0.0,0.0,395.5,,
2024-02-14 12:00:00,14.75,67.75,2.8,7.03,6.0,16.0,1.83,0.5,6.02,1.58,3.68,,,,,,68.25,3.15,296.67,0.0,0.0,439.25,,
2024-02-14 13:00:00,13.67,72.25,3.15,7.2,6.38,14.05,1.6,0.48,5.88,1.25,3.68,,,,,,67.75,3.0,,0.0,0.0,434.0,,
2024-02-14 14:00:00,8.75,81.25,4.03,6.4,6.65,13.38,5.22,0.7,6.07,1.18,3.12,,,,,,68.25,2.9,325.0,0.0,0.0,373.75,,
2024-02-14 15:00:00,15.0,86.0,2.05,4.97,4.35,11.92,8.05,0.67,5.73,0.95,2.58,,,,,,68.25,2.88,302.33,0.0,0.0,279.0,,
2024-02-14 16:00:00,17.75,79.25,2.25,6.95,5.5,12.98,6.08,0.65,5.78,1.15,2.52,,,,,,68.75,2.72,,0.0,0.0,172.75,,
2024-02-14 17:00:00,18.25,80.0,1.92,8.98,6.35,13.45,6.42,0.69,6.03,1.62,2.3,,,,,,69.25,2.12,332.67,0.0,0.0,63.75,,
2024-02-14 18:00:00,22.75,95.25,2.35,9.55,6.95,13.58,2.9,0.7,5.68,1.45,2.92,,,,,,69.0,1.9,235.0,0.0,0.0,17.25,,
2024-02-14 19:00:00,24.25,108.25,2.33,11.88,8.22,13.82,,0.76,5.54,1.65,3.92,,,,,,69.25,1.4,265.0,0.0,0.0,17.0,,
2024-02-14 20:00:00,21.5,88.5,2.53,10.28,7.52,13.25,4.7,0.68,5.59,1.75,4.4,,,,,,69.25,1.55,270.75,0.0,0.0,17.0,,
2024-02-14 21:00:00,19.25,78.0,2.08,9.3,6.65,13.08,5.8,0.7,5.88,1.7,4.15,,,,,,69.5,1.6,281.0,0.0,0.0,17.0,,
2024-02-14 22:00:00,15.5,69.0,0.8,11.4,6.55,15.48,2.82,0.58,5.2,1.75,4.45,,,,,,69.25,1.23,241.5,0.0,0.0,17.0,,
2024-02-14 23:00:00,13.0,68.25,2.45,11.85,8.25,15.75,2.1,0.67,5.34,1.85,4.95,,,,,,69.0,1.0,292.33,0.0,0.0,17.0,,
2024-02-15 00:00:00,18.5,68.75,2.42,13.58,9.2,15.25,2.95,0.66,5.83,1.88,4.72,,,,,,67.75,0.98,336.0,0.0,0.0,17.0,,
2024-02-15 01:00:00,17.5,77.0,3.45,16.82,11.7,15.8,4.65,0.67,5.93,3.32,7.12,,,,,,70.0,0.57,,0.0,0.0,17.0,,
2024-02-15 02:00:00,19.25,81.75,5.55,14.42,12.18,15.3,6.62,0.74,6.73,3.65,7.22,,,,,,70.5,0.52,,0.0,0.0,17.0,,
2024-02-15 03:00:00,20.75,93.25,5.0,15.42,12.25,15.12,8.98,0.76,5.55,3.65,7.7,,,,,,70.75,0.4,,0.0,0.0,17.0,,
2024-02-15 04:00:00,25.5,90.5,4.25,14.82,11.38,15.88,4.25,0.72,5.78,3.28,7.4,,,,,,72.0,0.52,,0.0,0.0,17.0,,
2024-02-15 05:00:00,35.0,118.5,5.0,14.95,12.02,17.4,1.92,0.76,5.73,3.25,7.9,,,,,,71.5,0.4,,0.0,0.0,17.0,,
2024-02-15 06:00:00,42.25,162.0,4.28,19.0,13.6,19.98,6.95,0.64,5.34,3.5,10.0,,,,,,71.25,0.45,,0.0,0.0,19.0,,
2024-02-15 07:00:00,44.75,177.75,7.35,18.15,15.6,19.98,8.02,0.84,5.83,3.65,10.62,,,,,,69.5,0.72,,0.0,0.0,66.5,,
2024-02-15 08:00:00,37.75,141.0,8.25,18.8,16.7,19.23,8.7,0.7,5.83,3.5,9.2,,,,,,69.25,1.05,,0.0,0.0,160.25,,
2024-02-15 09:00:00,26.5,117.0,4.23,11.95,9.78,15.58,7.15,0.6,5.78,3.1,7.78,,,,,,69.75,2.28,246.5,0.0,0.0,238.25,,
2024-02-15 10:00:00,22.25,71.25,4.82,9.22,8.83,13.4,3.6,,5.83,2.05,4.82,,,,,,69.5,2.72,235.5,0.0,0.0,378.25,,
2024-02-15 11:00:00,22.0,69.0,3.3,4.97,5.37,13.27,6.63,,5.34,1.4,3.45,,,,,,70.25,2.6,254.0,0.0,0.0,446.5,,
2024-02-15 12:00:00,19.25,73.0,2.33,5.4,4.8,15.17,4.53,0.55,5.49,1.05,3.0,,,,,,70.5,2.78,257.25,0.0,0.0,426.25,,
2024-02-15 13:00:00,19.75,80.5,2.45,5.75,5.05,12.58,6.18,0.52,5.68,0.92,2.5,,,,,,70.25,2.52,284.0,0.0,0.0,386.75,,
2024-02-15 14:00:00,17.75,65.0,2.58,5.3,4.85,12.95,2.4,0.64,5.74,0.82,1.95,,,,,,69.25,2.38,229.67,0.0,0.0,340.5,,
2024-02-15 15:00:00,13.5,66.25,2.0,4.9,4.25,13.25,,0.64,6.18,0.82,2.28,,,,,,70.25,2.72,285.5,0.0,0.0,264.0,,
2024-02-15 16:00:00,13.5,87.0,1.7,5.5,4.3,13.72,2.0,0.63,5.88,0.85,2.28,,,,,,68.75,2.48,310.5,0.0,0.0,152.25,,
2024-02-15 17:00:00,18.0,81.5,2.05,7.1,5.5,13.65,1.35,0.62,5.83,1.0,2.48,,,,,,69.0,2.12,291.67,0.0,0.0,55.75,,
2024-02-15 18:00:00,19.0,79.0,1.3,9.78,6.25,16.2,5.85,0.69,5.68,1.27,3.72,,,,,,67.75,1.85,310.33,0.0,0.0,17.0,,
2024-02-15 19:00:00,21.25,99.0,2.12,13.3,8.8,16.1,5.5,0.68,5.64,1.8,5.4,,,,,,67.75,1.65,349.5,0.0,0.0,17.0,,
2024-02-15 20:00:00,17.5,103.5,2.58,14.3,9.68,15.52,7.28,0.68,5.83,2.1,6.75,,,,,,67.75,1.27,207.25,0.0,0.0,17.0,,
2024-02-15 21:00:00,13.0,73.25,2.0,12.5,8.25,15.52,6.82,0.68,6.32,2.08,7.42,,,,,,67.5,1.32,208.0,0.0,0.0,17.0,,
2024-02-15 22:00:00,14.0,75.75,1.98,13.5,8.83,15.95,2.35,0.66,5.59,2.0,7.42,,,,,,70.0,1.27,318.67,0.0,0.0,17.0,,
2024-02-15 23:00:00,16.0,70.5,2.3,12.25,8.38,16.25,1.75,0.64,6.37,1.85,11.22,,,,,,68.25,1.3,171.0,0.0,0.0,17.0,,
2024-02-16 00:00:00,13.75,61.0,2.4,10.2,7.38,17.8,1.6,0.64,5.88,1.48,7.38,,,,,,69.5,1.32,217.5,0.0,0.0,17.0,,
2024-02-16 01:00:00,14.75,46.25,3.3,9.65,7.72,15.85,0.63,0.69,5.88,1.25,5.78,,,,,,68.5,1.15,201.5,0.0,0.0,17.0,,
2024-02-16 02:00:00,13.0,49.0,3.05,8.15,6.78,13.05,4.97,0.62,6.14,1.02,4.45,,,,,,70.0,1.08,210.0,0.0,0.0,17.0,,
2024-02-16 03:00:00,19.75,57.75,2.5,9.18,6.88,13.42,6.02,0.66,5.81,1.1,4.12,,,,,,71.25,1.1,197.0,0.0,0.0,17.0,,
2024-02-16 04:00:00,21.25,69.5,2.9,11.78,8.62,74.7,7.42,0.66,5.58,2.8,5.72,,,,,,71.25,0.72,,0.0,0.0,17.0,,
2024-02-16 05:00:00,21.5,83.75,2.88,15.62,10.65,14.7,7.55,0.75,5.68,3.2,6.2,,,,,,71.75,0.38,,0.0,0.0,17.0,,
2024-02-16 06:00:00,28.0,102.5,3.75,17.1,12.15,14.92,3.68,0.71,5.39,3.08,6.48,,,,,,72.0,0.45,,0.0,0.0,21.0,,
2024-02-16 07:00:00,30.0,136.75,6.0,19.32,15.15,15.78,1.0,0.84,5.44,3.25,7.65,,,,,,73.0,0.7,,0.0,0.0,74.0,,
2024-02-16 08:00:00,38.75,168.0,6.9,17.8,15.08,16.48,4.42,0.74,5.83,3.4,8.35,,,,,,72.0,0.98,,0.0,0.0,132.0,,
2024-02-16 09:00:00,33.0,147.25,5.53,15.62,11.55,16.6,8.0,0.65,5.29,3.18,7.5,,,,,,70.75,2.1,,0.0,0.0,265.75,,
2024-02-16 10:00:00,24.5,110.25,1.63,9.22,5.72,18.6,8.78,2.57,5.74,2.68,6.05,,,,,,68.25,2.85,,0.0,0.0,323.25,,
2024-02-16 11:00:00,16.0,75.75,2.3,7.57,5.93,15.97,2.88,0.26,5.34,2.0,4.6,,,,,,68.75,2.75,308.0,0.0,0.0,433.75,,
2024-02-16 12:00:00,13.75,70.25,2.73,7.47,6.17,118.7,5.82,0.64,5.2,1.45,3.62,,,,,,68.75,3.1,278.0,0.0,0.0,446.25,,
2024-02-16 13:00:00,15.25,73.75,2.33,7.22,5.75,31.55,4.28,0.64,5.78,1.18,3.15,,,,,,68.25,2.98,350.5,0.0,0.0,418.5,,
2024-02-16 14:00:00,13.25,75.0,2.33,6.75,5.52,17.9,3.08,0.62,5.39,1.08,2.6,,,,,,67.5,3.18,,0.0,0.0,358.0,,
2024-02-16 15:00:00,15.25,79.25,3.2,6.85,6.22,18.85,2.95,0.64,5.78,1.15,2.75,,,,,,67.25,3.0,325.0,0.0,0.0,267.25,,
2024-02-16 16:00:00,17.5,70.0,2.45,7.7,6.12,16.73,3.4,0.64,5.88,1.02,2.9,,,,,,67.0,2.92,344.0,0.0,0.0,169.5,,
2024-02-16 17:00:00,13.75,62.0,3.12,10.92,8.35,15.9,5.9,0.66,5.73,1.32,3.28,,,,,,67.5,2.45,,0.0,0.0,62.0,,
2024-02-16 18:00:00,16.75,72.75,4.42,10.88,9.38,13.88,7.6,0.66,5.98,1.42,3.58,,,,,,68.5,1.82,,0.0,0.0,17.25,,
2024-02-16 19:00:00,18.75,69.0,2.42,11.22,7.95,13.82,7.68,0.76,5.54,1.52,4.35,,,,,,69.25,1.7,359.0,0.0,0.0,17.0,,
2024-02-16 20:00:00,14.25,67.5,3.0,10.28,7.92,13.98,6.4,0.67,6.42,1.68,4.75,,,,,,68.25,1.7,,0.0,0.0,17.0,,
2024-02-16 21:00:00,4.25,60.0,2.22,10.35,7.28,13.35,4.85,0.7,5.83,1.72,4.9,,,,,,69.75,1.65,,0.0,0.0,17.0,,
2024-02-16 22:00:00,9.5,53.75,2.68,9.4,7.2,13.25,2.92,0.64,5.78,1.72,4.65,,,,,,69.5,1.7,,0.0,0.0,17.0,,
2024-02-16 23:00:00,13.75,65.25,2.62,10.28,7.57,12.78,1.75,0.64,5.68,1.88,4.6,,,,,,69.75,1.1,177.0,0.0,0.0,17.0,,
2024-02-17 00:00:00,13.0,75.0,2.55,11.8,8.4,12.45,0.97,0.64,6.02,1.95,4.78,,,,,,71.0,1.08,319.0,0.0,0.0,17.0,,
2024-02-17 01:00:00,14.0,77.5,2.28,13.62,9.1,13.32,,0.62,5.29,2.92,6.15,,,,,,71.25,0.85,,0.0,0.0,17.0,,
2024-02-17 02:00:00,18.75,84.5,2.7,15.68,10.52,17.38,1.9,0.69,5.49,4.55,9.12,,,,,,69.5,0.55,165.25,0.0,0.0,17.0,,
2024-02-17 03:00:00,23.75,83.25,3.68,17.15,12.1,83.32,3.2,0.67,6.21,3.9,7.15,,,,,,69.75,0.57,167.0,0.0,0.0,17.0,,
2024-02-17 04:00:00,23.5,81.75,4.53,14.9,11.58,28.5,6.95,0.68,5.88,3.48,6.25,,,,,,70.25,0.43,,0.0,0.0,17.0,,
2024-02-17 05:00:00,24.25,78.25,4.53,14.15,11.18,21.1,7.6,0.68,5.83,3.1,5.88,,,,,,70.25,0.68,,0.0,0.0,17.0,,
2024-02-17 06:00:00,23.25,83.5,5.15,12.38,10.8,18.3,2.5,0.69,5.49,2.8,5.6,,,,,,70.5,0.6,,0.0,0.0,19.25,,
2024-02-17 07:00:00,27.0,79.5,5.88,13.45,11.92,21.02,0.5,0.77,5.49,2.75,6.12,,,,,,70.5,0.8,,0.0,0.0,79.0,,
2024-02-17 08:00:00,26.0,104.5,6.12,12.55,11.65,18.73,4.83,0.67,5.64,2.65,6.22,,,,,,69.0,1.5,,0.0,0.0,183.25,,
2024-02-17 09:00:00,24.25,95.5,5.98,13.78,12.18,100.67,7.55,0.84,6.03,2.65,6.02,,,,,,68.75,1.8,,0.0,0.0,259.0,,
2024-02-17 10:00:00,25.0,96.0,4.4,9.25,8.52,17.62,3.15,0.84,6.07,2.28,5.18,,,,,,70.5,2.75,,0.0,0.0,344.25,,
2024-02-17 11:00:00,17.0,84.0,2.73,7.33,6.1,14.65,1.33,0.38,6.02,1.58,3.7,,,,,,70.0,2.6,,0.0,0.0,439.75,,
2024-02-17 12:00:00,18.5,80.25,2.03,6.23,4.97,15.4,3.25,0.62,6.08,1.12,2.9,,,,,,71.0,2.8,275.0,0.0,0.0,453.75,,
2024-02-17 13:00:00,13.5,68.75,2.68,5.35,5.0,12.68,2.65,0.62,6.52,1.0,2.88,,,,,,70.5,2.92,310.0,0.0,0.0,433.25,,
2024-02-17 14:00:00,13.75,66.25,2.45,5.48,4.92,12.38,3.55,0.61,5.74,1.0,2.5,,,,,,69.5,2.98,308.5,0.0,0.0,375.0,,
2024-02-17 15:00:00,17.5,65.25,2.02,5.12,4.4,12.45,1.83,0.62,5.98,0.85,2.12,,,,,,69.75,2.82,310.5,0.0,0.0,284.0,,
2024-02-17 16:00:00,14.25,78.25,2.6,5.7,5.15,13.73,1.58,0.63,5.64,0.88,3.42,,,,,,68.5,2.62,,0.0,0.0,176.75,,
2024-02-17 17:00:00,17.75,83.25,2.18,6.92,5.42,33.9,1.45,0.58,5.54,1.05,3.85,,,,,,69.0,2.3,339.0,0.0,0.0,68.0,,
2024-02-17 18:00:00,18.5,101.25,1.9,11.7,7.82,21.85,3.02,0.73,6.03,1.48,4.32,,,,,,67.75,2.0,,0.0,0.0,17.25,,
2024-02-17 19:00:00,22.0,107.75,2.95,12.92,9.28,17.02,4.72,0.76,6.27,1.85,4.9,,,,,,68.25,1.52,291.0,0.0,0.0,17.0,,
2024-02-17 20:00:00,17.0,75.5,2.45,13.52,9.22,16.25,4.0,0.7,5.64,1.85,4.95,,,,,,68.5,1.15,209.0,0.0,0.0,17.0,,
2024-02-17 21:00:00,12.25,61.25,3.48,12.68,9.55,128.68,4.68,0.74,5.83,1.92,5.08,,,,,,69.25,0.98,224.5,0.0,0.0,17.0,,
2024-02-17 22:00:00,15.0,59.5,2.6,13.62,9.35,29.9,3.92,0.69,5.83,1.85,5.08,,,,,,69.0,0.95,147.5,0.0,0.0,17.0,,
2024-02-17 23:00:00,12.5,62.5,3.42,13.2,9.8,62.2,2.35,0.68,5.39,1.8,5.1,,,,,,70.0,0.58,161.0,0.0,0.0,17.0,,
2024-02-18 00:00:00,14.0,66.0,2.78,15.18,10.32,19.5,4.65,0.67,6.02,1.78,5.22,,,,,,69.5,0.3,160.5,0.0,0.0,17.0,,
2024-02-18 01:00:00,13.75,61.5,5.1,12.6,10.82,17.73,6.3,0.71,5.98,1.8,5.22,,,,,,70.0,0.35,160.5,0.0,0.0,17.0,,
2024-02-18 02:00:00,15.25,69.0,6.55,18.08,14.95,15.72,3.78,0.74,5.62,1.88,6.0,,,,,,71.0,0.32,161.5,0.0,0.0,17.0,,
2024-02-18 03:00:00,24.75,115.25,7.92,21.12,17.7,19.0,3.42,0.84,6.01,2.52,7.65,,,,,,71.75,0.35,,0.0,0.0,17.0,,
2024-02-18 04:00:00,33.0,143.25,8.55,20.62,17.9,19.23,1.6,0.68,5.93,2.68,7.95,,,,,,71.5,0.35,,0.0,0.0,17.0,,
2024-02-18 05:00:00,34.25,132.25,7.82,17.45,15.7,19.4,1.5,0.74,5.64,2.62,8.45,,,,,,72.25,0.3,,0.0,0.0,17.0,,
2024-02-18 06:00:00,38.75,129.0,7.68,19.7,16.75,19.78,4.78,0.72,5.98,2.65,9.65,,,,,,72.0,0.32,,0.0,0.0,19.5,,
2024-02-18 07:00:00,42.0,152.25,10.02,20.2,18.9,18.92,5.18,0.81,5.74,2.88,11.78,,,,,,72.5,0.32,,0.0,0.0,83.25,,
2024-02-18 08:00:00,44.25,180.25,10.2,18.68,18.23,19.55,7.5,0.73,6.07,2.92,12.6,,,,,,72.25,0.8,,0.0,0.0,188.5,,
2024-02-18 09:00:00,37.5,164.75,5.42,13.5,11.58,17.2,11.98,0.55,5.49,3.0,10.72,,,,,,70.5,1.35,87.33,0.0,0.0,292.25,,
2024-02-18 10:00:00,22.5,83.25,2.62,10.42,7.68,16.48,9.17,0.65,5.83,2.4,7.65,,,,,,69.0,2.15,113.75,0.0,0.0,384.25,,
2024-02-18 11:00:00,16.5,63.75,2.47,9.53,7.1,16.3,2.9,,6.12,1.95,6.0,,,,,,70.25,2.22,113.0,0.0,0.0,447.5,,
2024-02-18 12:00:00,12.0,56.5,3.03,8.1,6.77,19.27,5.65,0.56,5.73,1.58,4.6,,,,,,69.25,2.15,129.0,0.0,0.0,465.5,,
2024-02-18 13:00:00,11.0,54.5,3.05,7.9,6.75,16.73,6.62,0.54,5.49,1.35,3.62,,,,,,68.0,2.75,133.25,0.0,0.0,441.5,,
2024-02-18 14:00:00,10.0,53.75,2.4,7.43,5.9,21.1,7.02,0.64,5.24,1.15,2.75,,,,,,68.25,3.08,93.0,0.0,0.0,377.75,,
2024-02-18 15:00:00,15.25,57.75,2.58,7.1,5.88,19.3,6.22,0.64,6.27,1.02,2.17,,,,,,69.0,2.62,100.0,0.0,0.0,292.75,,
2024-02-18 16:00:00,12.75,62.0,2.25,6.3,5.15,18.75,6.35,0.66,5.88,1.0,1.88,,,,,,68.75,2.35,117.75,0.0,0.0,182.5,,
2024-02-18 17:00:00,13.0,59.75,4.5,5.4,6.55,16.88,7.07,0.72,6.18,1.1,1.68,,,,,,67.25,2.0,107.0,0.0,0.0,68.75,,
2024-02-18 18:00:00,16.75,65.75,3.38,7.2,6.58,15.8,4.8,0.68,5.93,1.2,1.75,,,,,,69.75,1.58,114.25,0.0,0.0,17.25,,
2024-02-18 19:00:00,19.25,78.75,3.05,8.15,6.8,15.62,5.72,0.76,6.03,1.3,2.35,,,,,,70.0,1.42,164.75,0.0,0.0,17.0,,
2024-02-18 20:00:00,19.25,84.25,2.22,8.62,6.4,15.05,4.8,0.71,5.58,1.5,3.22,,,,,,69.75,1.32,126.0,0.0,0.0,17.0,,
2024-02-18 21:00:00,17.5,81.75,2.6,7.78,6.25,14.52,4.58,0.73,6.27,1.48,3.62,,,,,,69.25,1.78,100.75,0.0,0.0,17.0,,
2024-02-18 22:00:00,18.5,68.75,2.72,7.3,6.02,14.12,1.63,0.62,5.54,1.42,3.48,,,,,,69.75,1.55,96.25,0.0,0.0,17.0,,
2024-02-18 23:00:00,17.5,58.25,2.78,5.9,5.42,14.1,0.68,0.62,5.49,1.27,2.98,,,,,,69.75,1.68,93.25,0.0,0.0,17.0,,
2024-02-19 00:00:00,17.0,55.25,2.3,5.78,4.9,13.88,1.98,0.61,5.98,1.15,2.65,,,,,,69.75,1.62,95.75,0.0,0.0,17.0,,
2024-02-19 01:00:00,11.0,50.75,1.23,8.62,5.3,17.12,3.68,0.58,5.54,1.1,2.52,,,,,,69.25,1.3,71.0,0.0,0.0,17.0,,
2024-02-19 02:00:00,12.5,44.0,3.2,8.55,7.15,16.85,4.97,0.64,5.49,1.1,2.32,,,,,,70.5,0.72,49.75,0.0,0.0,17.0,,
2024-02-19 03:00:00,14.75,45.75,2.58,12.45,8.65,48.3,3.2,0.66,6.4,1.2,2.82,,,,,,70.5,0.4,103.75,0.0,0.0,17.0,,
2024-02-19 04:00:00,13.25,63.75,3.85,15.6,11.45,21.95,4.12,0.78,5.54,1.7,4.22,,,,,,70.0,0.4,,0.0,0.0,17.0,,
2024-02-19 05:00:00,26.5,100.75,4.53,17.18,12.78,22.48,1.9,0.86,5.83,2.25,5.05,,,,,,71.0,0.38,,0.0,0.0,17.0,,
2024-02-19 06:00:00,21.0,102.5,5.3,17.27,13.48,22.72,2.4,0.72,5.88,2.52,6.05,,,,,,70.5,0.35,,0.0,0.0,18.5,,
2024-02-19 07:00:00,25.75,118.25,7.55,16.27,14.8,22.15,1.47,0.79,5.83,2.5,5.85,,,,,,71.0,0.45,,0.0,0.0,64.5,,
2024-02-19 08:00:00,26.5,125.25,7.5,19.1,16.23,21.85,5.1,0.85,5.54,2.75,6.3,,,,,,71.0,0.6,,0.0,0.0,150.25,,
2024-02-19 09:00:00,37.75,144.0,6.5,17.68,14.7,17.95,5.45,0.74,5.68,2.65,6.22,,,,,,70.5,1.4,189.33,0.0,0.0,258.0,,
2024-02-19 10:00:00,29.25,108.5,2.82,10.95,8.12,15.82,5.4,0.82,5.34,2.2,5.15,,,,,,71.75,2.35,142.75,0.0,0.0,286.0,,
2024-02-19 11:00:00,22.5,82.25,2.73,7.83,6.37,15.65,11.2,0.35,5.59,1.65,3.88,,,,,,71.25,2.55,110.75,0.0,0.0,419.5,,
2024-02-19 12:00:00,17.5,77.0,1.83,7.27,5.37,18.07,3.15,0.6,6.27,1.23,2.68,,,,,,71.25,2.9,199.5,0.0,0.0,451.25,,
2024-02-19 13:00:00,14.25,69.25,2.42,7.25,5.78,13.75,0.8,0.56,5.73,1.02,2.25,,,,,,70.5,3.2,134.5,0.0,0.0,427.25,,
2024-02-19 14:00:00,10.0,69.25,2.3,5.6,4.82,13.58,2.9,0.63,6.18,0.88,2.2,,,,,,70.0,3.38,139.5,0.0,0.0,369.75,,
2024-02-19 15:00:00,12.75,59.25,2.22,5.6,4.78,13.22,1.8,0.63,6.27,0.78,2.05,,,,,,69.75,2.82,121.5,0.0,0.0,277.0,,
2024-02-19 16:00:00,13.75,67.0,1.92,7.38,5.5,13.8,2.08,0.56,5.68,0.78,2.02,,,,,,68.5,2.55,91.75,0.0,0.0,173.0,,
2024-02-19 17:00:00,16.25,79.5,1.23,10.25,6.15,16.4,3.02,0.66,5.74,0.95,2.65,,,,,,69.0,2.1,114.5,0.0,0.0,64.25,,
2024-02-19 18:00:00,11.5,86.0,2.4,11.32,7.92,15.77,2.85,0.68,5.93,1.23,3.12,,,,,,68.0,1.98,73.25,0.0,0.0,17.25,,
2024-02-19 19:00:00,20.0,95.75,2.45,11.2,7.92,16.32,2.25,0.71,5.78,1.35,3.45,,,,,,67.75,1.7,64.75,0.0,0.0,17.0,,
2024-02-19 20:00:00,15.5,80.75,2.05,12.52,8.35,17.15,1.63,0.69,6.18,1.58,4.28,,,,,,68.75,1.45,63.0,0.0,0.0,17.0,,
2024-02-19 21:00:00,19.75,81.75,2.8,13.88,9.68,17.1,0.53,0.7,5.39,1.82,4.72,,,,,,68.75,1.45,60.5,0.0,0.0,17.0,,
2024-02-19 22:00:00,17.25,73.75,3.2,12.92,9.48,17.02,2.55,0.66,5.83,1.85,4.82,,,,,,69.5,1.32,56.25,0.0,0.0,17.0,,
2024-02-19 23:00:00,12.5,58.5,2.2,15.08,9.78,16.88,3.35,0.64,5.24,1.7,4.2,,,,,,69.25,1.35,62.0,0.0,0.0,17.0,,
2024-02-20 00:00:00,14.5,50.75,3.85,11.38,9.22,16.73,3.1,0.7,5.98,1.48,3.5,,,,,,68.25,1.27,58.0,0.0,0.0,17.0,,
2024-02-20 01:00:00,16.5,50.25,3.65,9.57,8.02,14.55,2.92,0.68,5.88,1.15,2.78,,,,,,70.5,0.9,58.5,0.0,0.0,17.0,,
2024-02-20 02:00:00,16.75,49.75,3.22,8.82,7.32,13.45,2.5,0.67,5.81,1.1,2.55,,,,,,71.0,0.8,48.0,0.0,0.0,17.0,,
2024-02-20 03:00:00,14.0,47.25,3.0,8.95,7.2,14.52,5.05,0.68,6.21,1.08,2.62,,,,,,71.0,0.75,47.75,0.0,0.0,17.0,,
2024-02-20 04:00:00,15.0,53.5,2.95,11.5,8.5,13.75,8.28,0.66,5.83,1.08,2.75,,,,,,72.5,0.62,28.75,0.0,0.0,17.0,,
2024-02-20 05:00:00,11.25,65.75,4.03,20.98,14.4,13.95,8.12,0.7,5.93,1.08,3.08,,,,,,71.0,0.38,26.75,0.0,0.0,17.0,,
2024-02-20 06:00:00,22.25,92.25,11.68,18.9,19.52,16.95,3.6,0.88,5.98,1.88,5.4,,,,,,72.5,0.43,286.0,0.0,0.0,18.5,,
2024-02-20 07:00:00,34.5,137.0,13.62,19.77,21.6,16.65,2.35,1.01,5.68,2.8,8.6,,,,,,72.0,0.6,,0.0,0.0,67.75,,
2024-02-20 08:00:00,33.75,160.25,11.6,22.28,21.28,18.5,3.08,0.65,5.93,3.1,12.7,,,,,,71.75,0.85,,0.0,0.0,174.0,,
2024-02-20 09:00:00,32.0,151.5,7.3,25.98,19.75,19.5,5.92,0.78,6.08,3.48,14.28,,,,,,69.5,1.12,144.0,0.0,0.0,233.25,,
2024-02-20 10:00:00,20.5,120.5,3.45,16.4,11.58,17.35,4.2,0.54,5.58,2.9,9.72,,,,,,69.75,2.1,106.25,0.0,0.0,368.25,,
2024-02-20 11:00:00,21.5,88.0,2.67,13.17,9.13,17.3,3.0,,5.78,2.35,6.98,,,,,,68.5,2.33,120.5,0.0,0.0,421.75,,
2024-02-20 12:00:00,19.5,93.25,3.3,11.6,8.87,21.47,1.18,0.55,5.64,2.0,6.05,,,,,,68.75,3.0,89.5,0.0,0.0,441.75,,
2024-02-20 13:00:00,17.5,92.25,2.6,10.38,7.57,19.15,0.8,0.47,5.63,1.7,5.28,,,,,,67.75,3.28,84.75,0.0,0.0,416.0,,
2024-02-20 14:00:00,16.75,93.0,2.75,9.18,7.1,19.25,5.7,0.62,5.59,1.35,5.25,,,,,,68.75,3.45,103.0,0.0,0.0,359.5,,
2024-02-20 15:00:00,18.25,85.0,2.25,8.28,6.28,18.3,6.1,0.61,5.68,1.12,3.62,,,,,,67.75,3.32,103.25,0.0,0.0,271.25,,
2024-02-20 16:00:00,17.0,88.0,4.18,8.2,7.78,16.68,4.92,0.68,5.93,1.08,3.32,,,,,,68.25,3.48,100.5,0.0,0.0,164.0,,
2024-02-20 17:00:00,19.5,85.75,3.4,7.55,6.78,15.1,3.08,0.67,5.98,0.85,2.38,,,,,,68.25,3.45,84.75,0.0,0.0,60.0,,
2024-02-20 18:00:00,18.5,80.0,2.1,12.1,8.12,15.85,0.82,0.69,5.93,0.98,2.55,,,,,,68.75,3.0,83.25,0.0,0.0,17.25,,
2024-02-20 19:00:00,18.5,81.0,3.22,14.3,10.2,16.15,1.45,0.78,5.49,1.23,3.08,,,,,,68.75,2.7,121.75,0.0,0.0,17.0,,
2024-02-20 20:00:00,14.5,79.0,2.4,16.18,10.52,15.65,3.22,0.7,5.63,1.45,3.6,,,,,,69.25,2.4,57.75,0.0,0.0,17.0,,
2024-02-20 21:00:00,16.25,88.0,3.05,18.2,12.2,15.58,3.6,0.77,5.63,1.65,4.18,,,,,,69.5,2.05,61.75,0.0,0.0,17.0,,
2024-02-20 22:00:00,18.5,76.0,3.05,16.47,11.22,15.3,2.95,0.67,5.2,1.7,4.55,,,,,,69.5,1.85,52.75,0.0,0.0,17.0,,
2024-02-20 23:00:00,23.5,67.0,3.02,17.25,11.55,15.32,4.42,0.64,5.64,1.52,4.18,,,,,,70.0,1.8,52.25,0.0,0.0,17.0,,
2024-02-21 00:00:00,21.75,64.0,1.55,15.0,9.22,17.77,5.25,0.56,5.29,1.4,3.68,,,,,,69.0,1.45,93.0,0.0,0.0,17.0,,
2024-02-21 01:00:00,12.5,54.25,2.78,11.82,8.52,17.5,7.07,0.64,5.44,1.38,3.85,,,,,,69.25,1.4,95.33,0.0,0.0,17.0,,
2024-02-21 02:00:00,13.75,54.5,5.42,28.52,19.58,17.27,3.35,0.67,5.68,1.38,4.15,,,,,,69.0,0.78,,0.0,0.0,17.0,,
2024-02-21 03:00:00,14.0,63.5,7.72,35.22,24.95,19.88,3.92,0.67,6.08,1.58,5.55,,,,,,69.75,0.55,,0.0,0.0,17.0,,
2024-02-21 04:00:00,18.75,74.0,7.5,26.42,20.2,19.23,3.3,0.7,6.42,1.88,6.5,,,,,,70.25,0.6,,0.0,0.0,17.0,,
2024-02-21 05:00:00,24.25,93.0,7.92,22.75,18.52,19.58,3.95,0.75,5.44,2.28,8.45,,,,,,69.5,0.8,,0.0,0.0,17.0,,
2024-02-21 06:00:00,25.75,97.75,8.07,22.5,18.52,19.77,2.15,0.73,6.12,2.52,10.1,,,,,,70.0,0.82,,0.0,0.0,20.25,,
2024-02-21 07:00:00,28.75,107.0,9.1,21.62,18.88,19.7,1.0,0.82,6.12,2.62,9.18,,,,,,70.0,1.27,,0.0,0.0,76.75,,
2024-02-21 08:00:00,30.5,117.75,9.32,19.12,17.75,17.12,2.02,0.77,5.78,2.55,8.4,,,,,,70.25,1.8,,0.0,0.0,171.5,,
2024-02-21 09:00:00,28.75,119.5,5.12,16.77,13.1,14.72,2.88,0.81,5.59,2.35,8.02,,,,,,71.5,2.05,,0.0,0.0,280.75,,
2024-02-21 10:00:00,28.0,130.25,3.08,15.42,10.7,14.98,7.1,0.88,5.83,2.18,7.25,,,,,,71.0,2.72,255.0,0.0,0.0,364.5,,
2024-02-21 11:00:00,25.25,110.5,2.23,12.6,8.5,15.22,10.33,,5.59,1.8,5.62,,,,,,70.75,3.5,135.25,0.0,0.0,411.0,,
2024-02-21 12:00:00,20.0,101.25,2.97,8.6,7.0,16.87,8.12,0.48,5.58,1.35,4.0,,,,,,70.5,4.08,96.25,0.0,0.0,428.0,,
2024-02-21 13:00:00,26.5,94.75,3.18,8.32,7.0,14.2,5.98,0.45,5.83,1.12,3.08,,,,,,70.0,4.3,80.5,0.0,0.0,408.25,,
2024-02-21 14:00:00,18.75,90.5,2.25,8.15,6.15,14.28,2.5,0.66,6.08,1.02,2.35,,,,,,69.5,4.18,102.5,0.0,0.0,347.75,,
2024-02-21 15:00:00,19.25,89.25,2.62,8.88,6.88,14.6,,0.68,5.29,1.05,2.15,,,,,,69.5,3.95,110.75,0.0,0.0,260.75,,
2024-02-21 16:00:00,23.25,89.0,1.18,10.72,6.62,18.12,8.6,0.62,5.24,1.15,2.68,,,,,,68.0,4.15,100.5,0.0,0.0,157.25,,
2024-02-21 17:00:00,22.5,85.5,2.3,11.7,8.07,18.08,8.45,0.66,5.73,1.12,2.82,,,,,,67.5,3.95,117.0,0.0,0.0,57.75,,
2024-02-21 18:00:00,19.75,81.25,2.62,13.65,9.35,18.05,6.6,0.69,6.22,1.05,3.15,,,,,,68.0,3.88,117.0,0.0,0.0,17.25,,
2024-02-21 19:00:00,22.75,72.0,2.12,16.55,10.52,18.77,4.53,0.76,5.78,1.2,3.48,,,,,,67.5,3.22,128.25,0.0,0.0,17.0,,
2024-02-21 20:00:00,15.0,70.5,2.95,17.73,11.8,19.7,6.75,0.73,5.88,1.48,3.92,,,,,,68.25,2.85,89.0,0.0,0.0,17.0,,
2024-02-21 21:00:00,13.25,76.0,2.95,20.45,13.25,19.6,7.68,0.76,6.18,1.68,4.22,,,,,,68.0,2.52,95.5,0.0,0.0,17.0,,
2024-02-21 22:00:00,17.0,76.5,3.12,19.12,12.72,19.98,3.98,0.68,5.83,1.8,4.65,,,,,,67.75,2.5,128.5,0.0,0.0,17.0,,
2024-02-21 23:00:00,16.25,66.25,2.3,15.8,10.25,18.95,1.83,0.66,5.73,1.6,4.02,,,,,,68.5,2.3,91.75,0.0,0.0,17.0,,
2024-02-22 00:00:00,14.75,56.25,4.28,10.25,8.95,16.2,2.88,0.61,6.42,1.25,3.05,,,,,,69.0,2.45,103.5,0.0,0.0,17.0,,
2024-02-22 01:00:00,16.0,50.25,2.7,8.18,6.55,52.32,4.12,0.69,5.58,1.05,2.48,,,,,,70.5,2.22,302.67,0.0,0.0,17.0,,
2024-02-22 02:00:00,13.75,51.25,3.0,8.0,6.7,15.0,3.18,0.64,5.62,0.88,2.38,,,,,,70.25,1.7,,0.0,0.0,17.0,,
2024-02-22 03:00:00,17.0,62.25,2.55,9.5,7.1,15.0,2.65,0.65,5.75,0.82,2.7,,,,,,69.25,1.7,329.0,0.0,0.0,17.0,,
2024-02-22 04:00:00,19.25,65.25,2.3,11.32,7.88,13.48,6.88,0.66,6.08,0.85,2.72,,,,,,70.0,1.35,236.0,0.0,0.0,17.0,,
2024-02-22 05:00:00,17.5,67.25,3.72,13.08,9.95,13.42,7.0,0.7,5.83,1.0,3.3,,,,,,71.0,1.2,,0.0,0.0,17.0,,
2024-02-22 06:00:00,21.25,84.0,3.68,16.38,11.75,13.32,3.52,0.7,5.34,1.23,4.03,,,,,,71.25,1.23,,0.0,0.0,19.25,,
2024-02-22 07:00:00,26.75,99.75,4.1,17.62,12.72,14.5,3.52,0.76,5.78,1.68,5.05,,,,,,71.0,1.23,,0.0,0.0,61.75,,
2024-02-22 08:00:00,22.25,111.5,4.35,17.73,12.95,17.42,9.22,0.71,5.44,2.1,6.05,,,,,,68.75,1.6,,0.0,0.0,164.25,,
2024-02-22 09:00:00,20.5,115.25,5.0,20.3,14.88,16.85,10.07,0.8,5.98,2.38,6.68,,,,,,68.5,2.68,,0.0,0.0,253.75,,
2024-02-22 10:00:00,22.0,126.0,3.38,15.38,10.88,16.52,7.43,0.56,5.64,2.1,6.0,,,,,,69.0,3.08,286.0,0.0,0.0,331.25,,
2024-02-22 11:00:00,22.25,138.5,2.73,13.63,9.5,17.57,9.23,,6.12,1.75,4.95,,,,,,68.25,3.88,156.75,0.0,0.0,378.5,,
2024-02-22 12:00:00,21.75,127.75,2.4,11.5,8.03,23.37,3.55,0.52,5.83,1.38,4.0,,,,,,68.25,4.25,109.0,0.0,0.0,413.5,,
2024-02-22 13:00:00,19.5,92.0,3.02,10.48,8.02,20.0,1.57,0.48,5.39,1.2,3.88,,,,,,67.0,4.3,112.75,0.0,0.0,389.75,,
2024-02-22 14:00:00,22.5,95.25,2.65,11.28,8.12,20.18,0.97,0.64,6.07,1.15,3.97,,,,,,69.0,4.6,131.25,0.0,0.0,339.0,,
2024-02-22 15:00:00,18.25,95.0,4.32,9.3,8.48,18.38,0.98,0.7,5.73,1.05,3.0,,,,,,67.0,4.82,117.25,0.0,0.0,250.25,,
2024-02-22 16:00:00,19.0,91.75,3.28,9.18,7.48,15.02,5.85,0.76,6.52,0.75,2.1,,,,,,68.25,4.92,154.75,0.0,0.0,153.5,,
2024-02-22 17:00:00,20.25,85.75,2.47,8.93,6.8,14.92,7.8,0.78,5.58,0.68,2.1,,,,,,69.25,4.3,139.0,0.0,0.0,53.25,,
2024-02-22 18:00:00,22.75,68.25,2.95,10.82,8.15,14.78,4.4,0.67,5.83,0.75,2.2,,,,,,68.0,3.55,126.25,0.0,0.0,17.25,,
2024-02-22 19:00:00,19.75,63.25,2.92,13.55,9.57,14.65,2.4,0.74,5.58,0.95,2.92,,,,,,69.25,3.45,87.75,0.0,0.0,17.0,,
2024-02-22 20:00:00,19.25,63.5,2.6,14.58,9.85,14.32,1.95,0.68,5.68,1.15,3.52,,,,,,68.25,3.2,112.5,0.0,0.0,17.0,,
2024-02-22 21:00:00,12.75,60.25,2.42,15.55,10.2,14.25,0.85,0.71,5.83,1.2,3.62,,,,,,68.75,2.95,105.0,0.0,0.0,17.0,,
2024-02-22 22:00:00,17.75,55.75,2.68,13.72,9.48,14.18,3.52,0.64,5.44,1.1,3.38,,,,,,69.5,3.35,91.5,0.0,0.0,17.0,,
2024-02-22 23:00:00,16.0,55.25,1.52,12.15,7.7,15.35,3.15,0.52,5.54,0.95,2.62,,,,,,69.0,3.15,142.25,0.0,0.0,17.25,,
2024-02-23 00:00:00,11.75,46.5,1.85,9.38,6.52,16.62,4.47,0.66,5.78,0.8,2.08,,,,,,68.25,2.52,235.0,0.0,0.0,17.75,,
2024-02-23 01:00:00,8.75,44.25,2.28,7.42,5.82,16.02,3.22,0.65,5.83,0.75,2.1,,,,,,68.75,2.6,236.0,0.0,0.0,18.0,,
2024-02-23 02:00:00,10.5,43.25,3.1,7.9,6.75,15.88,2.05,0.64,5.75,0.65,2.15,,,,,,69.0,1.78,260.5,0.0,0.0,18.0,,
2024-02-23 03:00:00,10.25,47.25,2.75,10.28,7.68,17.18,1.03,0.64,5.75,0.7,2.4,,,,,,68.5,1.85,178.0,0.0,0.0,18.0,,
2024-02-23 04:00:00,14.5,49.25,3.52,11.92,9.22,17.65,,0.65,5.49,0.72,2.4,,,,,,68.25,1.7,,0.0,0.0,18.0,,
2024-02-23 05:00:00,16.25,53.0,3.02,15.3,10.55,17.27,,0.68,5.14,0.82,2.8,,,,,,68.0,1.88,,0.0,0.0,17.25,,
2024-02-23 06:00:00,19.0,59.25,2.9,19.18,12.6,17.88,4.9,0.7,5.68,1.08,3.22,,,,,,69.75,1.75,,0.0,0.0,19.5,,
2024-02-23 07:00:00,23.25,79.75,7.02,23.55,18.23,17.35,6.95,0.79,5.68,1.55,4.53,,,,,,68.5,1.95,,0.0,0.0,65.75,,
2024-02-23 08:00:00,19.5,90.5,6.82,19.65,15.98,15.55,3.42,0.79,5.48,1.82,4.97,,,,,,69.75,2.22,,0.0,0.0,154.0,,
2024-02-23 09:00:00,24.75,110.0,3.12,15.28,10.65,14.95,3.45,0.87,5.98,1.95,5.4,,,,,,70.25,3.38,,0.0,0.0,259.5,,
2024-02-23 10:00:00,26.25,117.25,2.62,13.12,9.15,15.32,4.03,0.74,5.68,1.75,4.72,,,,,,69.5,3.2,293.0,0.0,0.0,346.25,,
2024-02-23 11:00:00,23.75,110.5,2.5,10.5,7.6,15.75,5.8,,5.2,1.52,4.12,,,,,,70.25,3.72,163.5,0.0,0.0,373.5,,
2024-02-23 12:00:00,24.0,102.25,2.2,9.73,6.93,17.0,2.88,0.53,5.88,1.38,3.38,,,,,,68.75,4.0,97.5,0.0,0.0,395.0,,
2024-02-23 13:00:00,24.75,92.25,2.82,9.0,7.08,14.55,2.55,0.51,5.64,1.18,3.15,,,,,,69.25,3.98,99.5,0.0,0.0,372.0,,
2024-02-23 14:00:00,19.75,92.75,2.9,7.4,6.25,13.95,4.7,0.62,5.54,1.05,2.52,,,,,,68.5,4.68,93.25,0.0,0.0,324.0,,
2024-02-23 15:00:00,22.75,85.0,1.58,8.12,5.57,16.52,5.12,0.55,5.0,0.95,2.2,,,,,,68.75,5.03,101.75,0.0,0.0,242.75,,
2024-02-23 16:00:00,14.25,88.0,3.32,8.57,7.25,18.12,6.35,0.65,6.03,1.1,2.52,,,,,,67.25,5.08,110.75,0.0,0.0,142.0,,
2024-02-23 17:00:00,10.25,76.5,2.78,9.07,7.08,18.15,3.02,0.66,5.98,1.1,2.45,,,,,,66.5,4.47,97.75,0.0,0.0,51.5,,
2024-02-23 18:00:00,14.5,70.0,2.5,10.05,7.4,17.65,2.3,0.69,6.03,1.88,3.2,,,,,,67.75,3.75,95.5,0.0,0.0,17.75,,
2024-02-23 19:00:00,16.0,71.75,3.1,10.95,8.35,18.18,2.5,0.74,6.08,1.72,3.8,,,,,,67.25,3.0,89.25,0.0,0.0,18.0,,
2024-02-23 20:00:00,15.25,66.5,3.48,9.95,8.15,18.32,3.6,0.69,5.78,1.5,4.32,,,,,,67.75,3.05,81.75,0.0,0.0,18.0,,
2024-02-23 21:00:00,13.0,61.75,3.0,10.25,7.85,18.3,4.38,0.69,6.28,1.38,4.05,,,,,,67.5,2.85,70.25,0.0,0.0,18.0,,
2024-02-23 22:00:00,14.25,60.5,2.85,8.78,7.0,18.05,2.5,0.64,5.54,1.2,3.65,,,,,,67.75,2.95,72.5,0.0,0.0,18.0,,
2024-02-23 23:00:00,16.25,54.75,4.2,6.45,6.82,15.62,2.33,0.68,6.32,0.92,2.72,,,,,,68.0,2.65,72.5,0.0,0.0,18.0,,
2024-02-24 00:00:00,11.0,43.0,2.85,6.75,5.9,13.9,2.17,0.64,5.68,0.7,2.15,,,,,,69.25,2.58,70.5,0.0,0.0,17.25,,
2024-02-24 01:00:00,12.5,44.75,2.3,5.75,4.9,13.52,2.42,0.65,5.59,0.55,1.8,,,,,,68.25,2.08,78.0,0.0,0.0,17.0,,
2024-02-24 02:00:00,15.0,41.25,2.02,6.52,5.15,13.1,5.72,0.64,5.81,0.5,1.72,,,,,,69.25,1.82,98.5,0.0,0.0,17.0,,
2024-02-24 03:00:00,8.5,43.0,2.35,7.28,5.8,13.48,6.62,0.66,5.95,0.5,1.68,,,,,,70.0,1.83,54.75,0.0,0.0,17.0,,
2024-02-24 04:00:00,9.25,45.5,2.88,5.9,5.48,12.85,2.5,0.62,5.93,0.48,1.48,,,,,,69.5,2.35,60.5,0.0,0.0,17.0,,
2024-02-24 05:00:00,14.0,44.75,2.7,8.3,6.58,11.98,0.8,0.64,5.73,0.4,1.5,,,,,,70.25,2.3,66.75,0.0,0.0,17.0,,
2024-02-24 06:00:00,9.25,49.25,1.7,12.42,6.75,17.05,5.1,0.57,5.29,0.52,1.7,,,,,,68.5,2.42,91.25,0.0,0.0,20.25,,
2024-02-24 07:00:00,12.75,56.25,2.97,18.0,11.8,24.7,9.8,0.59,5.34,1.02,2.68,,,,,,65.25,2.78,78.75,0.0,0.0,56.5,,
2024-02-24 08:00:00,12.5,56.5,7.15,13.45,10.73,29.78,5.25,0.7,6.86,1.15,2.82,,,,,,64.75,3.52,98.5,0.0,0.0,161.0,,
2024-02-24 09:00:00,14.0,59.5,4.47,8.12,7.02,21.72,2.5,0.29,5.93,0.92,2.17,,,,,,66.5,3.58,123.25,0.0,0.0,242.0,,
2024-02-24 10:00:00,13.5,74.0,1.4,10.5,6.6,33.78,2.6,2.04,5.49,1.2,2.8,,,,,,64.25,3.4,103.25,0.0,0.0,347.75,,
2024-02-24 11:00:00,13.5,76.25,4.03,10.8,9.03,30.08,5.65,0.28,6.22,1.8,2.95,,,,,,65.25,3.6,98.25,0.0,0.0,402.5,,
2024-02-24 12:00:00,17.75,75.75,4.53,8.13,7.97,22.43,8.5,0.72,5.68,1.5,2.5,,,,,,66.75,4.28,117.5,0.0,0.0,425.0,,
2024-02-24 13:00:00,18.5,82.75,3.22,6.52,6.12,18.33,7.45,0.69,5.54,1.45,2.28,,,,,,66.5,4.1,91.5,0.0,0.0,402.75,,
2024-02-24 14:00:00,20.75,81.5,2.82,6.25,5.58,18.32,3.1,0.66,5.44,1.05,2.38,,,,,,66.25,3.52,92.5,0.0,0.0,329.0,,
2024-02-24 15:00:00,14.5,63.25,3.0,6.25,5.75,17.12,2.78,0.65,5.88,0.85,2.3,,,,,,67.0,3.02,89.75,0.0,0.0,213.75,,
2024-02-24 16:00:00,15.0,67.5,3.68,7.75,7.1,16.18,2.5,0.64,5.98,0.95,4.0,,,,,,67.25,2.75,81.0,0.0,0.0,130.75,,
2024-02-24 17:00:00,13.5,72.0,2.75,9.35,7.18,16.23,2.2,0.64,5.49,1.05,4.95,,,,,,66.75,2.78,82.5,0.0,0.0,42.5,,
2024-02-24 18:00:00,19.5,78.25,3.25,9.43,7.62,15.8,3.6,0.72,5.98,1.18,4.1,,,,,,67.25,2.75,75.0,0.0,0.0,17.25,,
2024-02-24 19:00:00,22.75,68.5,4.85,11.48,10.07,13.98,1.6,0.65,6.42,1.38,4.28,,,,,,68.5,2.58,78.75,0.0,0.0,17.0,,
2024-02-24 20:00:00,21.25,64.0,3.22,10.95,8.48,13.55,4.2,0.67,6.02,1.3,4.38,,,,,,69.5,2.42,70.0,0.0,0.0,17.0,,
2024-02-24 21:00:00,24.5,64.75,3.12,10.02,7.88,13.7,7.02,0.7,6.08,1.23,3.92,,,,,,69.0,2.35,72.25,0.0,0.0,17.0,,
2024-02-24 22:00:00,14.75,64.25,2.42,10.45,7.5,13.5,3.45,0.64,5.98,1.12,3.58,,,,,,69.25,2.45,66.0,0.0,0.0,17.0,,
2024-02-24 23:00:00,16.0,54.0,2.85,9.48,7.38,12.78,2.1,0.62,5.73,0.95,2.82,,,,,,69.0,2.05,79.5,0.0,0.0,17.0,,
2024-02-25 00:00:00,14.0,46.0,2.58,10.75,7.82,12.48,3.8,0.62,5.14,0.78,2.28,,,,,,69.25,1.6,61.5,0.0,0.0,17.0,,
2024-02-25 01:00:00,17.25,40.0,2.88,9.93,7.62,11.85,6.78,0.61,5.73,0.7,1.92,,,,,,69.5,1.7,58.5,0.0,0.0,17.0,,
2024-02-25 02:00:00,15.5,39.5,2.3,8.65,6.52,12.52,4.55,0.54,5.55,0.6,1.78,,,,,,69.75,1.78,71.25,0.0,0.0,17.0,,
2024-02-25 03:00:00,10.5,37.5,1.97,8.78,5.72,14.75,4.72,0.62,5.88,0.65,1.92,,,,,,68.5,1.32,61.5,0.0,0.0,17.0,,
2024-02-25 04:00:00,15.0,40.0,3.22,11.58,8.82,14.48,3.95,0.63,5.14,0.68,1.95,,,,,,68.25,0.98,61.5,0.0,0.0,17.0,,
2024-02-25 05:00:00,8.25,50.0,3.25,10.48,8.22,13.85,4.72,0.64,5.98,0.98,2.1,,,,,,68.25,1.25,59.75,0.0,0.0,17.0,,
2024-02-25 06:00:00,8.75,50.5,3.82,13.85,10.45,13.88,1.95,0.74,6.08,1.38,2.35,,,,,,68.5,0.9,125.5,0.0,0.0,20.5,,
2024-02-25 07:00:00,17.5,71.75,4.28,14.72,11.3,14.95,0.5,0.82,5.68,1.4,2.92,,,,,,69.25,1.23,54.25,0.0,0.0,80.0,,
2024-02-25 08:00:00,19.25,76.5,3.82,10.9,8.9,15.15,6.15,0.59,5.73,1.23,2.55,,,,,,69.0,2.1,69.25,0.0,0.0,185.5,,
2024-02-25 09:00:00,18.0,70.0,3.3,8.5,7.2,15.1,8.0,0.56,5.93,1.0,1.98,,,,,,68.75,2.55,101.75,0.0,0.0,278.0,,
2024-02-25 10:00:00,11.75,58.25,4.25,7.9,7.7,16.27,3.0,0.3,5.88,0.82,1.75,,,,,,69.25,2.72,109.75,0.0,0.0,371.75,,
2024-02-25 11:00:00,11.0,65.25,4.17,6.23,6.67,14.25,2.6,,5.58,0.65,1.55,,,,,,69.75,2.72,117.25,0.0,0.0,384.25,,
2024-02-25 12:00:00,11.25,54.5,3.57,4.7,5.37,15.57,0.77,0.62,6.07,0.6,1.62,,,,,,69.5,2.78,112.5,0.0,0.0,368.25,,
2024-02-25 13:00:00,11.75,49.0,2.35,5.65,4.88,12.68,1.55,0.64,5.88,0.75,1.98,,,,,,69.75,2.58,101.75,0.0,0.0,343.25,,
2024-02-25 14:00:00,10.5,53.25,2.35,4.38,4.2,12.38,3.15,0.62,6.03,0.6,1.62,,,,,,69.25,2.45,127.5,0.0,0.0,265.25,,
2024-02-25 15:00:00,10.0,47.25,2.6,3.9,4.18,12.52,3.65,0.63,5.73,0.52,1.32,,,,,,69.25,2.42,121.5,0.0,0.0,233.75,,
2024-02-25 16:00:00,14.5,45.75,2.5,3.78,4.0,12.62,4.85,0.63,5.58,0.5,1.12,,,,,,69.0,2.45,84.5,0.0,0.0,132.25,,
2024-02-25 17:00:00,16.5,50.75,2.62,4.38,4.5,12.92,6.78,0.65,6.02,0.62,1.25,,,,,,69.0,2.08,107.5,0.0,0.0,43.0,,
2024-02-25 18:00:00,10.25,58.75,1.82,5.8,4.55,14.08,2.2,0.54,5.73,0.75,1.5,,,,,,69.0,1.85,115.75,0.0,0.0,17.0,,
2024-02-25 19:00:00,13.75,58.75,2.0,8.5,6.18,15.3,1.68,0.67,5.39,1.05,2.55,,,,,,67.25,1.55,174.0,0.0,0.0,17.0,,
2024-02-25 20:00:00,13.0,61.0,2.95,8.6,6.98,14.9,3.78,0.67,5.64,1.15,3.02,,,,,,68.0,1.52,170.75,0.0,0.0,17.0,,
2024-02-25 21:00:00,12.75,58.75,2.95,7.95,6.62,13.9,3.0,0.66,5.98,1.08,3.0,,,,,,67.5,1.92,150.75,0.0,0.0,17.0,,
2024-02-25 22:00:00,10.75,49.5,3.08,8.78,7.15,13.78,5.7,0.63,6.18,1.05,2.85,,,,,,68.25,1.6,117.75,0.0,0.0,17.0,,
2024-02-25 23:00:00,7.5,41.5,3.52,7.48,6.85,13.8,5.25,0.63,6.08,1.0,2.6,,,,,,68.25,1.52,122.0,0.0,0.0,17.0,,
2024-02-26 00:00:00,9.0,40.25,3.78,7.1,6.85,13.25,2.68,0.64,5.93,0.98,2.4,,,,,,68.25,1.45,132.75,0.0,0.0,17.0,,
2024-02-26 01:00:00,9.0,40.75,2.82,6.1,5.58,13.52,3.6,0.62,5.78,0.78,2.02,,,,,,69.25,1.55,161.0,0.0,0.0,17.0,,
2024-02-26 02:00:00,9.5,39.5,4.15,6.3,6.72,13.05,5.25,0.69,6.21,0.65,1.82,,,,,,69.25,1.32,172.0,0.0,0.0,17.0,,
2024-02-26 03:00:00,11.75,36.25,3.5,4.85,5.38,12.0,5.35,0.65,6.47,0.52,1.55,,,,,,70.0,1.78,157.25,0.0,0.0,17.0,,
2024-02-26 04:00:00,13.75,30.75,3.0,4.6,4.9,11.12,5.68,0.63,5.93,0.45,1.42,,,,,,70.25,1.62,147.0,0.0,0.0,17.0,,
2024-02-26 05:00:00,13.0,30.75,3.12,5.2,5.3,10.85,5.25,0.64,5.83,0.4,1.4,,,,,,69.75,1.78,185.0,0.0,0.0,17.0,,
2024-02-26 06:00:00,13.0,36.75,2.85,6.0,5.5,10.7,4.62,0.65,5.78,0.48,1.5,,,,,,70.0,1.75,153.5,0.0,0.0,21.25,,
2024-02-26 07:00:00,14.25,49.75,2.55,6.15,5.38,10.82,4.38,0.69,6.12,0.57,1.78,,,,,,70.25,2.2,177.25,0.0,0.0,94.5,,
2024-02-26 08:00:00,18.5,59.75,2.72,6.2,5.52,10.52,4.25,0.64,5.98,0.6,1.75,,,,,,70.75,2.7,209.5,0.0,0.0,167.75,,
2024-02-26 09:00:00,20.0,79.5,3.0,5.7,5.5,10.2,5.12,0.64,5.98,0.6,1.8,,,,,,70.75,2.92,175.75,0.0,0.0,310.0,,
2024-02-26 10:00:00,17.25,90.25,1.93,6.62,4.6,12.42,4.63,,5.39,0.68,1.92,,,,,,69.5,3.15,202.75,0.0,0.0,387.75,,
2024-02-26 11:00:00,9.0,69.25,2.03,5.77,4.73,13.6,4.3,,5.93,0.72,2.05,,,,,,67.25,2.98,196.75,0.0,0.0,437.75,,
2024-02-26 12:00:00,9.75,57.25,2.1,6.13,4.97,23.03,7.45,0.63,6.07,0.68,1.95,,,,,,68.0,3.25,197.0,0.0,0.0,452.75,,
2024-02-26 13:00:00,12.25,57.75,2.28,4.7,4.3,14.25,7.52,0.63,5.78,0.6,2.08,,,,,,67.5,3.52,232.75,0.0,0.0,419.75,,
2024-02-26 14:00:00,12.75,66.0,2.6,5.48,5.0,13.95,3.52,0.64,6.12,0.57,1.75,,,,,,67.75,3.42,217.0,0.0,0.0,347.0,,
2024-02-26 15:00:00,11.25,68.75,2.22,5.25,4.53,14.2,2.4,0.64,5.64,0.6,2.22,,,,,,67.5,3.38,224.25,0.0,0.0,273.25,,
2024-02-26 16:00:00,10.0,74.25,2.28,5.32,4.68,14.5,3.15,0.64,5.44,0.57,2.88,,,,,,66.5,2.95,215.0,0.0,0.0,141.75,,
2024-02-26 17:00:00,14.5,70.5,2.52,6.82,5.68,13.88,3.68,0.68,5.93,0.6,3.0,,,,,,67.5,2.62,225.5,0.0,0.0,48.0,,
2024-02-26 18:00:00,17.75,79.5,4.55,8.25,8.1,12.3,5.0,0.7,6.22,0.68,3.22,,,,,,67.75,2.3,197.0,0.0,0.0,17.25,,
2024-02-26 19:00:00,14.5,63.75,3.15,8.0,6.8,12.25,5.42,0.7,5.93,0.75,3.65,,,,,,67.75,2.02,284.75,0.0,0.0,17.0,,
2024-02-26 20:00:00,17.0,57.0,2.7,7.05,6.02,12.35,4.22,0.66,6.08,0.9,4.05,,,,,,68.75,2.15,269.75,0.0,0.0,17.0,,
2024-02-26 21:00:00,19.75,56.5,2.4,7.0,5.65,12.2,3.38,0.68,5.98,0.82,3.62,,,,,,68.25,1.95,253.5,0.0,0.0,17.0,,
2024-02-26 22:00:00,18.5,54.0,2.78,6.4,5.62,12.05,3.32,0.63,5.74,0.75,3.0,,,,,,69.0,1.95,226.25,0.0,0.0,17.0,,
2024-02-26 23:00:00,15.5,50.75,2.38,5.98,5.12,11.42,5.62,0.62,5.88,0.65,2.55,,,,,,69.5,2.05,156.0,0.0,0.0,17.0,,
2024-02-27 00:00:00,10.0,47.0,2.6,5.32,4.95,10.98,1.8,0.62,5.68,0.57,2.05,,,,,,70.5,1.68,153.5,0.0,0.0,17.0,,
2024-02-27 01:00:00,9.25,41.0,2.38,4.75,4.42,11.3,0.68,0.63,5.59,0.55,1.75,,,,,,69.75,1.48,167.25,0.0,0.0,17.0,,
2024-02-27 02:00:00,14.0,47.75,0.9,5.78,3.8,14.5,2.4,0.6,5.75,0.62,1.8,,,,,,68.75,1.5,186.75,0.0,0.0,17.0,,
2024-02-27 03:00:00,7.5,41.25,2.58,6.35,5.42,14.38,2.58,0.61,5.62,0.68,1.75,,,,,,69.25,1.18,215.75,0.0,0.0,17.0,,
2024-02-27 04:00:00,8.5,44.25,2.9,7.52,6.35,13.77,2.4,0.63,6.08,0.68,1.82,,,,,,69.0,1.12,224.75,0.0,0.0,17.0,,
2024-02-27 05:00:00,15.0,50.0,3.42,8.15,7.1,13.75,2.9,0.64,6.12,0.6,1.82,,,,,,68.75,1.1,209.75,0.0,0.0,17.0,,
2024-02-27 06:00:00,14.0,52.75,2.7,9.62,7.3,14.7,3.25,0.64,5.98,0.8,2.35,,,,,,68.75,1.15,161.0,0.0,0.0,20.25,,
2024-02-27 07:00:00,22.0,82.25,3.95,11.55,9.32,14.75,5.78,0.67,5.68,1.05,3.18,,,,,,69.0,2.08,354.0,0.0,0.0,69.0,,
2024-02-27 08:00:00,26.5,110.25,2.82,9.65,7.42,15.28,7.22,0.64,6.17,1.18,3.08,,,,,,68.25,2.68,344.0,0.0,0.0,193.5,,
2024-02-27 09:00:00,19.5,81.5,2.78,7.65,6.35,14.7,7.15,0.64,6.08,1.25,2.88,,,,,,68.5,3.02,316.5,0.0,0.0,305.25,,
2024-02-27 10:00:00,14.5,73.5,4.42,5.88,6.75,13.12,5.17,,6.47,0.9,2.0,,,,,,70.0,3.0,266.75,0.0,0.0,410.5,,
2024-02-27 11:00:00,21.5,72.5,2.27,5.27,4.63,12.37,8.1,,5.64,0.7,1.65,,,,,,69.25,2.95,265.75,0.0,0.0,451.5,,
2024-02-27 12:00:00,18.25,70.25,1.6,4.27,3.53,13.87,1.0,0.61,5.93,0.52,1.88,,,,,,69.0,3.05,232.5,0.0,0.0,467.75,,
2024-02-27 13:00:00,12.5,56.75,2.12,4.5,4.12,11.58,,0.61,6.07,0.45,1.7,,,,,,69.5,3.02,251.0,0.0,0.0,434.25,,
2024-02-27 14:00:00,11.75,52.25,1.65,3.72,3.32,11.55,1.73,0.6,5.44,0.48,1.6,,,,,,68.75,2.92,213.0,0.0,0.0,346.25,,
2024-02-27 15:00:00,16.0,59.0,2.62,3.95,4.18,11.52,2.88,0.61,5.83,0.43,1.48,,,,,,68.25,2.7,227.0,0.0,0.0,262.75,,
2024-02-27 16:00:00,18.75,63.0,2.65,4.28,4.47,11.78,3.15,0.63,6.03,0.5,2.17,,,,,,69.5,2.75,247.25,0.0,0.0,151.75,,
2024-02-27 17:00:00,11.0,72.25,2.33,5.9,4.58,12.78,3.5,0.59,5.68,0.6,2.72,,,,,,68.5,2.2,215.33,0.0,0.0,50.0,,
2024-02-27 18:00:00,16.25,68.0,1.9,8.55,6.08,15.85,5.38,0.68,5.93,1.52,3.88,,,,,,66.75,1.9,324.0,0.0,0.0,17.5,,
2024-02-27 19:00:00,13.75,79.5,2.68,10.68,7.75,15.15,5.3,0.72,5.78,2.12,5.18,,,,,,67.75,1.6,266.5,0.0,0.0,17.0,,
2024-02-27 20:00:00,14.0,74.25,2.85,11.22,8.3,14.62,3.28,0.68,5.83,2.33,5.75,,,,,,67.5,1.72,,0.0,0.0,17.0,,
2024-02-27 21:00:00,15.75,61.75,3.15,11.88,8.9,13.62,1.73,0.69,5.83,2.3,5.75,,,,,,68.75,1.3,206.0,0.0,0.0,17.0,,
2024-02-27 22:00:00,12.0,61.5,3.05,12.23,8.98,14.05,4.38,0.65,5.54,2.1,5.15,,,,,,69.0,1.25,,0.0,0.0,17.0,,
2024-02-27 23:00:00,12.0,72.25,2.9,11.75,8.55,14.22,6.5,0.64,5.59,2.02,5.0,,,,,,68.0,1.02,219.25,0.0,0.0,17.0,,
2024-02-28 00:00:00,14.0,84.25,3.48,12.78,9.62,14.22,4.97,0.63,5.59,1.65,4.65,,,,,,68.75,1.15,219.67,0.0,0.0,17.0,,
2024-02-28 01:00:00,22.0,121.75,4.53,14.72,11.52,15.22,4.25,0.75,6.27,2.6,4.88,,,,,,69.0,0.85,,0.0,0.0,17.0,,
2024-02-28 02:00:00,24.5,115.5,4.7,11.48,9.95,12.55,1.35,0.82,6.27,3.65,6.62,,,,,,69.75,0.92,,0.0,0.0,17.0,,
2024-02-28 03:00:00,14.5,61.5,3.6,9.35,7.88,14.25,2.02,0.84,6.01,2.35,4.1,,,,,,70.75,0.57,,0.0,0.0,17.0,,
2024-02-28 04:00:00,18.0,62.25,3.08,10.6,8.12,14.35,3.72,0.66,5.83,2.1,3.98,,,,,,71.0,0.43,,0.0,0.0,17.0,,
2024-02-28 05:00:00,24.75,84.75,4.4,12.4,10.18,15.15,5.05,0.7,5.54,2.05,4.07,,,,,,70.75,0.38,,0.0,0.0,17.0,,
2024-02-28 06:00:00,29.75,111.25,4.75,14.75,11.72,15.7,1.78,0.71,5.78,2.28,4.8,,,,,,71.5,0.57,,0.0,0.0,21.25,,
2024-02-28 07:00:00,35.25,122.75,6.2,13.2,12.0,13.38,1.03,0.76,5.78,2.35,5.32,,,,,,71.25,1.05,,0.0,0.0,91.75,,
2024-02-28 08:00:00,27.25,101.5,6.65,12.72,12.22,13.22,3.2,0.67,6.12,2.1,4.65,,,,,,70.5,1.6,,0.0,0.0,210.75,,
2024-02-28 09:00:00,26.0,101.0,3.55,13.52,10.07,13.22,4.65,0.56,5.39,2.15,4.45,,,,,,69.5,2.17,279.0,0.0,0.0,257.5,,
2024-02-28 10:00:00,18.5,88.25,2.3,9.72,7.05,13.58,10.27,2.49,5.64,1.95,4.25,,,,,,68.5,2.72,231.75,0.0,0.0,407.25,,
2024-02-28 11:00:00,14.0,65.0,2.73,9.67,7.37,12.72,11.63,0.39,5.49,1.35,3.15,,,,,,69.25,2.75,210.25,0.0,0.0,457.75,,
2024-02-28 12:00:00,12.75,59.0,3.13,7.0,6.3,15.73,6.35,0.64,5.88,1.1,2.85,,,,,,68.25,2.88,227.25,0.0,0.0,476.25,,
2024-02-28 13:00:00,11.0,64.75,3.0,7.35,6.32,11.88,2.42,0.62,5.64,0.92,2.68,,,,,,67.5,2.75,246.0,0.0,0.0,453.75,,
2024-02-28 14:00:00,14.5,55.0,2.2,7.58,5.78,12.68,3.72,0.62,5.68,0.9,2.68,,,,,,67.5,2.95,167.75,0.0,0.0,396.0,,
2024-02-28 15:00:00,10.0,58.5,2.55,9.0,6.85,15.18,3.05,0.58,5.15,0.85,2.78,,,,,,66.25,2.82,180.5,0.0,0.0,304.0,,
2024-02-28 16:00:00,17.0,66.5,4.6,8.72,8.35,17.4,2.22,0.76,5.68,0.88,2.6,,,,,,66.0,2.72,272.75,0.0,0.0,190.75,,
2024-02-28 17:00:00,13.25,66.5,3.7,9.07,7.85,14.48,2.55,0.79,6.17,0.9,2.28,,,,,,67.25,2.5,310.0,0.0,0.0,39.25,,
2024-02-28 18:00:00,18.25,84.0,4.38,9.6,8.6,12.95,2.3,0.72,5.93,0.98,4.22,,,,,,68.0,1.9,256.75,0.0,0.0,17.5,,
2024-02-28 19:00:00,14.25,67.5,3.25,7.45,6.65,12.42,3.28,0.75,5.88,1.12,5.4,,,,,,69.0,1.48,209.75,0.0,0.0,17.0,,
2024-02-28 20:00:00,17.75,64.25,3.42,8.48,7.3,11.95,4.42,0.68,5.78,1.15,5.05,,,,,,70.75,1.2,250.75,0.0,0.0,17.0,,
2024-02-28 21:00:00,17.0,67.75,2.4,11.2,7.88,11.52,4.72,0.71,5.88,1.38,6.3,,,,,,69.5,1.25,,0.0,0.0,17.0,,
2024-02-28 22:00:00,18.25,67.75,2.68,11.2,8.1,11.28,4.78,0.65,5.58,1.55,6.25,,,,,,68.5,1.18,323.0,0.0,0.0,17.0,,
2024-02-28 23:00:00,21.0,75.0,2.92,12.12,8.82,11.05,3.62,0.66,6.22,1.62,6.0,,,,,,70.25,1.05,,0.0,0.0,17.0,,
2024-02-29 00:00:00,18.5,91.75,3.2,12.68,9.38,11.35,4.2,0.67,5.83,2.55,6.6,,,,,,70.0,0.98,232.5,0.0,0.0,17.0,,
2024-02-29 01:00:00,20.5,93.75,3.38,12.92,9.62,11.5,5.18,0.68,6.18,3.7,8.38,,,,,,69.75,0.78,,0.0,0.0,17.0,,
2024-02-29 02:00:00,20.75,85.25,2.42,14.28,9.62,17.58,6.8,0.65,5.62,3.82,8.7,,,,,,70.25,0.57,,0.0,0.0,17.0,,
2024-02-29 03:00:00,18.75,88.0,4.72,13.77,11.18,17.92,8.8,0.66,6.73,3.18,7.28,,,,,,69.5,0.42,,0.0,0.0,17.0,,
2024-02-29 04:00:00,23.75,85.25,5.35,14.42,11.98,17.62,5.25,0.7,5.44,3.62,7.98,,,,,,69.5,0.57,,0.0,0.0,17.0,,
2024-02-29 05:00:00,26.75,100.75,5.82,17.42,14.0,18.23,6.5,0.75,5.88,3.32,7.72,,,,,,70.0,0.55,,0.0,0.0,17.0,,
2024-02-29 06:00:00,39.0,155.25,6.68,19.5,15.8,17.5,5.2,0.76,5.93,3.48,8.95,,,,,,69.5,0.7,,0.0,0.0,21.25,,
2024-02-29 07:00:00,42.5,180.0,9.05,18.05,16.92,16.82,7.68,0.8,6.18,3.32,8.98,,,,,,69.5,0.78,,0.0,0.0,88.25,,
2024-02-29 08:00:00,42.0,159.5,9.02,19.48,17.7,18.48,12.98,0.72,5.78,3.22,8.78,,,,,,69.0,0.82,,0.0,0.0,190.5,,
2024-02-29 09:00:00,31.25,134.75,6.08,12.18,11.42,15.5,11.42,0.63,5.93,3.2,7.88,,,,,,68.75,2.15,237.67,0.0,0.0,315.25,,
2024-02-29 10:00:00,17.5,78.75,5.88,7.98,9.0,12.85,5.37,,5.98,1.92,4.9,,,,,,69.5,2.17,189.0,0.0,0.0,380.0,,
2024-02-29 11:00:00,17.5,63.75,3.1,5.5,5.47,12.05,5.23,,5.83,1.35,3.6,,,,,,70.0,2.22,160.33,0.0,0.0,454.75,,
2024-02-29 12:00:00,14.5,60.25,2.53,5.23,4.83,14.43,2.88,0.54,5.73,1.1,3.32,,,,,,70.25,2.12,185.25,0.0,0.0,472.5,,
2024-02-29 13:00:00,18.25,70.5,2.88,5.32,5.18,11.42,2.28,0.54,5.78,1.02,3.12,,,,,,69.75,2.38,151.0,0.0,0.0,446.75,,
2024-02-29 14:00:00,15.25,68.75,2.42,4.85,4.53,11.32,1.23,0.62,5.83,0.92,2.82,,,,,,69.25,2.55,216.0,0.0,0.0,386.5,,
2024-02-29 15:00:00,13.75,61.5,1.75,4.85,4.0,12.65,1.85,0.6,5.2,0.8,2.52,,,,,,68.5,2.42,234.0,0.0,0.0,287.75,,
2024-02-29 16:00:00,16.0,69.0,2.5,5.18,4.75,12.58,3.15,0.64,5.64,0.75,2.38,,,,,,68.5,2.22,277.75,0.0,0.0,179.5,,
2024-02-29 17:00:00,17.5,72.0,1.78,5.12,4.15,13.4,2.95,0.61,5.34,0.7,2.48,,,,,,69.0,2.3,223.5,0.0,0.0,39.0,,
2024-02-29 18:00:00,22.0,80.25,1.97,7.32,4.95,15.9,4.8,0.66,5.64,0.92,3.62,,,,,,68.75,1.82,230.0,0.0,0.0,17.5,,
2024-02-29 19:00:00,21.0,75.75,2.45,9.28,6.9,15.68,3.08,0.66,5.49,1.2,4.65,,,,,,67.5,1.7,207.0,0.0,0.0,17.0,,
2024-02-29 20:00:00,17.5,70.25,3.52,9.68,8.0,14.75,0.43,0.71,5.58,1.32,4.45,,,,,,68.25,1.45,255.5,0.0,0.0,17.0,,
2024-02-29 21:00:00,14.75,74.75,2.45,10.3,7.45,14.58,,0.72,5.44,1.5,4.55,,,,,,67.75,1.68,135.0,0.0,0.0,17.0,,
2024-02-29 22:00:00,12.75,75.0,3.05,9.55,7.52,14.68,4.97,0.66,5.78,1.5,4.5,,,,,,68.5,1.6,129.25,0.0,0.0,17.0,,
2024-02-29 23:00:00,18.0,69.0,2.93,9.87,7.6,14.4,6.73,0.66,5.81,1.43,4.07,,,,,,69.0,1.1,110.0,0.0,0.0,17.0,,
2024-03-01 00:00:00,14.0,60.5,2.95,8.72,7.02,14.42,4.1,0.63,5.88,1.3,3.7,,,,,,69.0,0.72,99.75,0.0,0.0,17.0,,
2024-03-01 01:00:00,11.5,59.25,3.68,13.12,9.95,14.3,2.1,0.69,5.98,1.27,3.52,,,,,,69.0,0.43,115.0,0.0,0.0,17.0,,
2024-03-01 02:00:00,24.0,81.0,5.12,15.18,12.2,13.15,4.6,0.64,6.01,1.62,5.62,,,,,,70.0,0.43,115.0,0.0,0.0,17.0,,
2024-03-01 03:00:00,30.0,115.25,3.9,17.25,12.4,15.8,5.08,0.69,5.81,2.08,6.78,,,,,,71.0,0.3,115.0,0.0,0.0,17.0,,
2024-03-01 04:00:00,31.0,113.25,4.78,15.15,11.9,19.32,2.55,0.7,5.49,2.48,6.95,,,,,,70.75,0.3,115.0,0.0,0.0,17.0,,
2024-03-01 05:00:00,34.0,124.5,5.62,15.65,12.88,18.62,3.72,0.75,5.68,2.98,8.0,,,,,,71.5,0.38,135.0,0.0,0.0,17.0,,
2024-03-01 06:00:00,33.75,133.5,6.45,17.68,14.62,19.4,4.4,0.71,5.73,2.9,7.9,,,,,,71.75,0.48,,0.0,0.0,25.25,,
2024-03-01 07:00:00,33.5,147.0,7.9,17.62,15.78,17.75,5.05,0.78,5.98,2.95,7.98,,,,,,71.5,0.32,,0.0,0.0,101.0,,
2024-03-01 08:00:00,32.25,136.0,6.48,13.58,12.48,14.95,1.83,0.62,5.83,2.85,7.4,,,,,,71.75,1.12,,0.0,0.0,166.25,,
2024-03-01 09:00:00,23.5,100.25,3.1,12.55,9.15,13.72,1.45,0.49,5.54,2.68,6.65,,,,,,70.25,1.65,151.0,0.0,0.0,288.5,,
2024-03-01 10:00:00,21.0,87.5,2.35,10.02,7.25,14.58,7.43,1.21,5.68,2.33,6.3,,,,,,69.25,1.68,201.0,0.0,0.0,385.0,,
2024-03-01 11:00:00,16.5,73.5,3.93,12.23,9.67,13.77,10.33,0.17,5.98,1.85,5.98,,,,,,68.5,2.12,171.0,0.0,0.0,443.75,,
2024-03-01 12:00:00,13.0,71.5,3.2,8.63,7.17,15.9,6.98,0.54,5.93,1.48,6.1,,,,,,68.5,2.6,166.75,0.0,0.0,467.25,,
2024-03-01 13:00:00,14.0,69.0,2.45,7.42,5.92,14.5,5.45,0.5,5.64,1.25,6.32,,,,,,68.5,2.72,207.75,0.0,0.0,441.5,,
2024-03-01 14:00:00,8.75,65.25,2.12,6.92,5.42,16.0,4.6,0.58,5.68,0.92,3.48,,,,,,67.5,3.08,242.33,0.0,0.0,382.25,,
2024-03-01 15:00:00,11.75,63.75,2.35,6.07,5.1,16.7,3.85,0.58,6.22,0.72,2.28,,,,,,67.75,2.62,233.0,0.0,0.0,287.25,,
2024-03-01 16:00:00,14.75,68.0,3.05,6.7,6.05,16.23,3.3,0.64,5.34,0.7,2.6,,,,,,67.0,2.52,181.75,0.0,0.0,162.5,,
2024-03-01 17:00:00,17.75,75.5,3.85,6.72,6.72,16.25,2.8,0.73,6.22,0.75,2.9,,,,,,68.25,2.1,173.25,0.0,0.0,44.25,,
2024-03-01 18:00:00,21.25,82.0,2.6,6.98,5.85,14.7,8.7,0.76,5.93,0.82,2.75,,,,,,68.0,1.75,160.0,0.0,0.0,17.5,,
2024-03-01 19:00:00,25.5,89.0,3.15,8.45,7.05,14.6,10.07,0.84,5.68,1.2,4.15,,,,,,68.75,1.62,115.75,0.0,0.0,17.0,,
2024-03-01 20:00:00,25.0,91.75,3.08,8.93,7.28,14.38,4.5,0.67,6.18,1.25,4.43,,,,,,68.5,1.48,86.0,0.0,0.0,17.0,,
2024-03-01 21:00:00,18.75,88.5,3.3,8.18,7.02,14.32,1.3,0.71,5.93,1.27,4.32,,,,,,69.25,1.23,84.5,0.0,0.0,17.0,,
2024-03-01 22:00:00,19.25,79.0,2.55,7.98,6.32,13.82,1.05,0.69,6.18,1.2,3.95,,,,,,70.0,0.85,80.75,0.0,0.0,17.0,,
2024-03-01 23:00:00,22.25,75.5,3.08,9.12,7.35,13.85,3.65,0.69,5.78,1.2,3.78,,,,,,70.5,0.55,56.5,0.0,0.0,17.0,,
2024-03-02 00:00:00,21.0,84.25,3.12,7.9,6.75,13.68,4.25,0.64,5.93,1.35,3.4,,,,,,71.25,0.32,56.0,0.0,0.0,17.0,,
2024-03-02 01:00:00,22.75,80.75,2.08,8.6,6.2,15.35,4.28,0.56,5.64,1.32,3.38,,,,,,69.75,0.32,56.0,0.0,0.0,17.0,,
2024-03-02 02:00:00,18.25,66.75,2.8,15.4,10.48,17.38,7.9,0.7,5.29,1.65,4.35,,,,,,69.5,0.55,55.5,0.0,0.0,17.25,,
2024-03-02 03:00:00,16.5,85.0,3.68,12.6,9.6,17.77,8.05,0.68,5.81,1.5,3.85,,,,,,69.75,0.5,16.25,0.0,0.0,18.0,,
2024-03-02 04:00:00,20.5,80.25,5.03,17.3,13.3,18.9,4.5,0.72,6.08,1.35,3.47,,,,,,69.5,0.32,16.67,0.0,0.0,18.0,,
2024-03-02 05:00:00,28.0,114.25,7.32,19.82,16.48,23.32,3.92,0.82,5.98,2.42,6.6,,,,,,69.75,0.3,,0.0,0.0,17.0,,
2024-03-02 06:00:00,30.0,125.25,9.2,19.42,17.8,24.42,4.0,0.74,5.54,2.58,6.62,,,,,,69.75,0.3,,0.0,0.0,23.25,,
2024-03-02 07:00:00,37.25,134.75,11.12,20.48,19.95,24.45,7.92,0.86,5.83,2.9,7.68,,,,,,70.0,0.32,,0.0,0.0,86.25,,
2024-03-02 08:00:00,39.25,156.0,10.72,21.6,20.23,23.52,11.52,0.78,6.03,3.18,8.98,,,,,,69.5,0.62,214.0,0.0,0.0,169.0,,
2024-03-02 09:00:00,32.25,148.25,7.68,15.85,14.62,16.35,9.22,0.74,6.76,2.7,7.38,,,,,,68.5,1.78,103.0,0.0,0.0,288.75,,
2024-03-02 10:00:00,26.0,89.25,3.9,11.3,9.17,14.75,6.05,0.94,5.64,1.92,5.03,,,,,,70.25,1.82,137.75,0.0,0.0,325.0,,
2024-03-02 11:00:00,24.5,96.0,3.07,10.63,8.1,13.9,5.9,0.27,5.83,1.62,4.28,,,,,,70.5,2.28,93.75,0.0,0.0,389.75,,
2024-03-02 12:00:00,28.5,113.5,3.1,8.87,7.23,16.87,7.6,0.65,5.98,1.5,4.25,,,,,,70.0,2.58,96.0,0.0,0.0,460.75,,
2024-03-02 13:00:00,26.0,106.5,2.55,8.82,6.78,13.75,7.98,0.63,5.83,1.3,3.8,,,,,,70.0,2.98,104.0,0.0,0.0,373.5,,
2024-03-02 14:00:00,23.5,91.5,2.33,7.25,5.72,13.68,7.07,0.64,5.29,1.15,3.45,,,,,,69.25,3.05,91.0,0.0,0.0,248.25,,
2024-03-02 15:00:00,22.25,97.5,2.92,7.2,6.18,14.0,7.78,0.62,6.08,1.1,3.12,,,,,,69.0,2.7,84.0,0.0,0.0,212.0,,
2024-03-02 16:00:00,20.75,97.75,2.85,8.65,6.95,13.58,7.82,0.64,5.63,1.23,3.55,,,,,,68.75,2.58,84.5,0.0,0.0,165.0,,
2024-03-02 17:00:00,17.5,91.5,1.72,10.42,6.95,15.38,9.57,0.54,5.64,1.6,4.2,,,,,,68.5,2.82,72.5,0.0,0.0,45.25,,
2024-03-02 18:00:00,26.75,108.5,2.55,11.82,8.4,16.08,6.22,0.66,5.44,1.48,4.2,,,,,,67.0,2.62,77.75,0.0,0.0,17.5,,
2024-03-02 19:00:00,23.5,96.5,2.15,12.35,8.35,16.08,5.0,0.69,5.78,1.58,5.03,,,,,,67.5,2.52,81.75,0.0,0.0,17.0,,
2024-03-02 20:00:00,22.75,78.75,3.15,12.7,9.32,15.62,7.28,0.69,6.22,1.52,4.6,,,,,,67.25,2.55,75.0,0.0,0.0,17.0,,
2024-03-02 21:00:00,14.75,66.75,2.7,11.68,7.72,16.38,7.0,0.7,5.83,1.42,4.22,,,,,,68.25,2.1,77.5,0.0,0.0,17.0,,
2024-03-02 22:00:00,11.25,69.0,2.68,10.62,7.8,16.7,5.92,0.68,6.52,1.45,3.95,,,,,,68.25,1.95,69.75,0.0,0.0,17.0,,
2024-03-02 23:00:00,12.0,69.0,2.35,9.88,7.18,16.58,6.1,0.65,6.03,1.27,3.35,,,,,,68.75,2.1,71.0,0.0,0.0,17.0,,
2024-03-03 00:00:00,13.25,59.0,2.68,8.9,6.95,16.62,7.05,0.68,5.54,1.12,2.68,,,,,,68.25,1.68,69.5,0.0,0.0,17.0,,
2024-03-03 01:00:00,16.67,58.75,5.0,7.8,8.22,14.42,6.02,0.66,5.83,1.03,2.3,,,,,,69.0,1.38,77.25,0.0,0.0,17.0,,
2024-03-03 02:00:00,16.5,56.25,3.03,6.98,6.18,13.1,7.18,0.68,6.66,1.08,2.17,,,,,,70.5,1.25,79.0,0.0,0.0,17.0,,
2024-03-03 03:00:00,16.75,52.25,2.85,7.18,6.12,13.68,8.7,0.7,5.42,1.5,2.32,,,,,,71.0,1.08,75.75,0.0,0.0,17.0,,
2024-03-03 04:00:00,14.5,56.25,3.22,7.8,6.78,12.55,8.28,0.67,5.68,2.55,2.98,,,,,,70.0,1.27,71.0,0.0,0.0,17.0,,
2024-03-03 05:00:00,20.0,59.5,2.62,8.72,6.78,12.32,6.75,0.69,5.1,1.88,2.55,,,,,,71.5,0.88,46.0,0.0,0.0,17.0,,
2024-03-03 06:00:00,22.75,74.5,2.9,11.38,8.43,12.38,5.98,0.69,6.08,1.72,2.65,,,,,,71.0,0.62,53.0,0.0,0.0,21.25,,
2024-03-03 07:00:00,22.25,96.25,3.05,13.98,9.9,12.52,7.22,0.76,5.93,1.88,3.28,,,,,,71.25,1.23,84.25,0.0,0.0,87.25,,
2024-03-03 08:00:00,23.25,89.0,2.7,8.6,6.7,12.0,7.78,0.56,5.83,1.68,3.18,,,,,,70.0,2.0,183.25,0.0,0.0,193.0,,
2024-03-03 09:00:00,22.75,74.75,1.38,7.22,5.03,14.48,6.55,0.58,5.68,1.4,2.92,,,,,,70.5,1.9,219.75,0.0,0.0,306.25,,
2024-03-03 10:00:00,18.75,77.0,2.8,8.0,6.55,14.75,3.17,0.7,5.59,1.25,2.68,,,,,,68.75,2.48,120.25,0.0,0.0,400.0,,
2024-03-03 11:00:00,16.75,74.5,2.4,8.03,6.23,14.92,2.75,,6.08,1.08,2.48,,,,,,68.0,2.72,174.75,0.0,0.0,449.5,,
2024-03-03 12:00:00,13.0,68.5,2.9,7.67,6.43,17.8,2.8,0.56,5.58,0.92,1.98,,,,,,69.0,3.0,141.25,0.0,0.0,464.25,,
2024-03-03 13:00:00,13.0,73.5,2.52,7.9,6.28,16.2,4.08,0.55,5.59,0.98,1.88,,,,,,67.5,2.92,157.5,0.0,0.0,444.0,,
2024-03-03 14:00:00,13.25,73.25,2.08,7.32,5.58,16.25,8.12,0.63,6.32,0.85,1.88,,,,,,67.75,3.28,149.5,0.0,0.0,386.0,,
2024-03-03 15:00:00,15.25,67.5,2.1,7.12,5.5,16.38,7.52,0.62,5.98,0.8,1.65,,,,,,67.75,3.05,97.25,0.0,0.0,293.75,,
2024-03-03 16:00:00,17.75,69.25,3.18,7.75,6.65,15.72,7.15,0.73,5.58,0.75,1.58,,,,,,66.75,2.9,89.0,0.0,0.0,179.5,,
2024-03-03 17:00:00,16.0,80.5,3.45,6.82,6.42,13.6,5.2,0.62,5.98,0.78,1.48,,,,,,68.25,2.75,76.5,0.0,0.0,38.75,,
2024-03-03 18:00:00,22.5,87.75,2.18,7.42,5.72,14.02,4.18,0.69,5.68,0.82,1.72,,,,,,69.0,2.4,82.25,0.0,0.0,17.25,,
2024-03-03 19:00:00,22.5,94.25,2.98,7.85,6.62,14.32,2.95,0.74,5.73,1.08,2.12,,,,,,68.5,2.17,79.25,0.0,0.0,17.0,,
2024-03-03 20:00:00,19.5,85.5,2.5,9.7,7.15,13.85,4.15,0.67,5.78,1.18,2.38,,,,,,68.25,2.15,69.5,0.0,0.0,17.0,,
2024-03-03 21:00:00,22.0,75.75,2.48,9.6,7.08,13.45,4.45,0.68,5.83,1.18,2.48,,,,,,69.5,2.08,74.75,0.0,0.0,17.0,,
2024-03-03 22:00:00,16.75,76.5,2.45,8.82,6.65,13.05,1.7,0.66,5.98,1.1,2.38,,,,,,68.75,1.78,65.5,0.0,0.0,17.0,,
2024-03-03 23:00:00,18.25,69.25,2.55,8.3,6.48,12.8,1.13,0.65,6.03,1.08,2.17,,,,,,69.75,1.58,64.5,0.0,0.0,17.0,,
2024-03-04 00:00:00,14.0,60.25,2.1,10.07,7.02,13.88,5.12,0.56,5.78,1.0,2.0,,,,,,70.25,0.8,52.0,0.0,0.0,17.0,,
2024-03-04 01:00:00,9.5,58.75,1.9,12.38,8.12,16.1,7.12,0.64,5.59,1.2,2.48,,,,,,70.75,0.6,57.25,0.0,0.0,17.0,,
2024-03-04 02:00:00,13.75,61.5,3.25,13.52,9.8,15.6,3.4,0.64,4.84,1.3,2.82,,,,,,69.25,0.62,40.5,0.0,0.0,17.0,,
2024-03-04 03:00:00,13.75,62.0,3.35,15.75,11.05,16.35,1.6,0.65,6.14,1.4,3.12,,,,,,69.75,0.72,36.25,0.0,0.0,17.0,,
2024-03-04 04:00:00,15.0,59.75,3.48,16.92,11.85,16.05,2.02,0.66,5.93,1.52,3.35,,,,,,70.75,0.42,36.0,0.0,0.0,17.0,,
2024-03-04 05:00:00,15.25,74.25,6.32,23.15,17.48,17.73,2.1,0.76,5.24,2.33,5.08,,,,,,69.75,0.35,34.0,0.0,0.0,17.0,,
2024-03-04 06:00:00,25.75,117.0,6.95,20.3,16.42,20.12,8.93,0.75,5.98,2.92,6.65,,,,,,70.0,0.6,130.5,0.0,0.0,21.0,,
2024-03-04 07:00:00,28.0,134.25,7.48,18.15,15.73,18.9,14.42,0.79,5.98,3.22,6.95,,,,,,70.25,0.8,,0.0,0.0,80.5,,
2024-03-04 08:00:00,32.25,134.75,8.3,19.42,17.12,18.48,10.95,0.78,5.93,3.1,7.12,,,,,,69.75,0.9,,0.0,0.0,111.5,,
2024-03-04 09:00:00,37.25,130.25,4.47,14.32,11.27,13.12,5.08,0.68,5.54,2.78,6.68,,,,,,70.75,2.28,173.25,0.0,0.0,268.5,,
2024-03-04 10:00:00,14.75,88.75,3.12,8.52,7.12,12.7,3.77,0.77,5.78,1.88,4.65,,,,,,69.75,2.17,93.0,0.0,0.0,393.25,,
2024-03-04 11:00:00,17.75,79.5,2.5,7.53,6.0,13.2,8.07,0.07,5.73,1.52,4.32,,,,,,70.75,2.65,120.5,0.0,0.0,453.0,,
2024-03-04 12:00:00,20.5,79.25,2.37,7.33,5.8,14.97,4.7,0.65,5.64,1.18,3.2,,,,,,70.0,2.55,93.25,0.0,0.0,459.5,,
2024-03-04 13:00:00,19.5,73.75,2.85,7.6,6.4,13.0,2.92,0.66,5.88,1.12,2.68,,,,,,69.5,2.4,95.75,0.0,0.0,442.75,,
2024-03-04 14:00:00,13.0,71.5,2.75,6.72,5.8,13.02,7.12,0.64,5.73,1.27,2.45,,,,,,69.75,2.92,90.5,0.0,0.0,380.25,,
2024-03-04 15:00:00,14.0,70.25,2.55,5.95,5.25,12.8,8.9,0.62,5.54,1.12,2.02,,,,,,69.25,2.95,86.25,0.0,0.0,287.75,,
2024-03-04 16:00:00,9.25,80.0,1.5,6.98,4.92,15.08,6.68,0.57,5.39,1.0,2.17,,,,,,68.5,2.7,90.0,0.0,0.0,178.0,,
2024-03-04 17:00:00,14.75,79.25,2.2,9.02,6.58,15.78,6.5,0.64,5.54,1.08,2.35,,,,,,67.75,2.45,79.25,0.0,0.0,40.5,,
2024-03-04 18:00:00,17.25,78.5,2.45,10.48,7.6,15.35,4.03,0.65,5.78,1.1,2.9,,,,,,67.5,1.9,86.75,0.0,0.0,17.5,,
2024-03-04 19:00:00,10.0,79.75,2.75,12.1,8.68,15.25,2.75,0.69,5.93,1.42,4.28,,,,,,67.5,1.82,89.0,0.0,0.0,17.0,,
2024-03-04 20:00:00,15.25,70.75,3.15,12.25,9.07,15.45,2.6,0.68,5.49,1.45,4.25,,,,,,67.75,1.72,90.5,0.0,0.0,17.0,,
2024-03-04 21:00:00,19.25,70.25,2.78,11.65,8.52,15.28,3.42,0.68,6.03,1.4,4.15,,,,,,68.5,1.8,92.5,0.0,0.0,17.0,,
2024-03-04 22:00:00,11.5,59.75,2.58,10.15,7.55,14.98,5.45,0.64,5.58,1.27,3.72,,,,,,67.75,1.75,84.25,0.0,0.0,17.0,,
2024-03-04 23:00:00,12.75,54.5,2.3,10.58,7.45,14.8,7.15,0.63,5.73,1.18,3.38,,,,,,69.75,1.52,84.5,0.0,0.0,17.0,,
2024-03-05 00:00:00,14.0,58.5,4.12,9.68,8.55,13.6,6.55,0.7,6.03,1.05,2.88,,,,,,69.25,1.12,66.25,0.0,0.0,17.0,,
2024-03-05 01:00:00,17.75,57.5,3.22,8.93,7.35,11.92,7.12,0.68,5.88,0.98,2.52,,,,,,71.0,0.95,48.5,0.0,0.0,17.0,,
2024-03-05 02:00:00,12.5,59.75,3.15,9.93,7.8,12.08,4.38,0.64,5.88,0.9,2.3,,,,,,71.0,1.05,72.75,0.0,0.0,17.0,,
2024-03-05 03:00:00,17.5,60.5,2.95,12.78,9.18,13.02,4.55,0.66,5.69,0.92,2.17,,,,,,70.5,1.1,113.0,0.0,0.0,17.0,,
2024-03-05 04:00:00,18.25,58.5,2.7,19.68,12.68,12.1,6.35,0.67,5.98,0.9,2.25,,,,,,71.25,0.9,18.0,0.0,0.0,17.0,,
2024-03-05 05:00:00,17.75,80.25,4.3,18.1,13.1,13.52,7.3,0.8,5.64,1.6,4.1,,,,,,71.0,0.72,,0.0,0.0,17.0,,
2024-03-05 06:00:00,24.0,126.75,5.12,18.05,13.75,14.15,4.92,0.72,5.98,2.35,5.9,,,,,,71.5,0.72,,0.0,0.0,22.25,,
2024-03-05 07:00:00,27.0,138.5,6.52,17.58,14.62,14.25,3.55,0.79,5.73,2.48,7.1,,,,,,72.0,0.82,,0.0,0.0,90.75,,
2024-03-05 08:00:00,24.75,136.75,4.47,19.88,14.18,16.52,2.98,0.62,5.78,2.68,8.57,,,,,,70.5,0.85,,0.0,0.0,178.5,,
2024-03-05 09:00:00,18.25,122.0,3.28,18.58,12.55,15.75,0.82,0.72,6.32,2.68,7.72,,,,,,69.25,1.38,92.5,0.0,0.0,254.0,,
2024-03-05 10:00:00,17.0,100.5,2.9,14.48,10.07,14.32,6.03,2.51,5.68,2.28,6.25,,,,,,69.75,2.12,150.0,0.0,0.0,388.5,,
2024-03-05 11:00:00,11.5,83.5,2.8,11.93,8.6,15.03,7.45,,5.73,1.9,5.12,,,,,,68.25,2.45,91.0,0.0,0.0,433.5,,
2024-03-05 12:00:00,13.25,87.0,3.07,9.0,7.27,17.87,6.65,0.63,5.73,1.62,4.22,,,,,,68.75,2.45,105.0,0.0,0.0,460.5,,
2024-03-05 13:00:00,14.5,73.75,3.28,8.95,7.43,15.65,3.48,0.58,5.98,1.32,3.98,,,,,,68.0,2.72,96.25,0.75,0.75,439.5,,
2024-03-05 14:00:00,16.75,67.75,3.4,7.95,6.98,16.95,7.85,0.62,5.83,1.35,5.38,,,,,,67.5,2.5,98.25,0.0,0.0,378.5,,
2024-03-05 15:00:00,18.25,64.5,3.12,8.43,7.0,15.9,7.8,0.64,5.48,1.08,4.2,,,,,,67.75,2.52,101.0,0.0,0.0,282.25,,
2024-03-05 16:00:00,17.0,80.5,4.4,8.48,8.1,13.65,2.88,0.67,6.27,1.27,4.03,,,,,,68.25,2.25,88.25,0.0,0.0,169.25,,
2024-03-05 17:00:00,20.75,97.5,3.0,7.8,6.6,12.75,1.98,0.72,5.83,1.7,4.12,,,,,,68.75,1.92,94.0,0.0,0.0,43.75,,
2024-03-05 18:00:00,20.5,93.75,2.85,7.95,6.6,12.65,3.75,0.66,5.83,1.48,3.78,,,,,,70.0,1.65,91.25,0.0,0.0,18.5,,
2024-03-05 19:00:00,13.25,75.5,3.28,6.68,6.18,12.55,2.22,0.69,5.83,1.38,3.88,,,,,,69.75,1.65,89.5,0.0,0.0,18.0,,
2024-03-05 20:00:00,14.0,70.25,2.62,7.48,6.05,12.1,2.5,0.68,6.08,1.27,3.62,,,,,,69.75,1.4,88.5,0.0,0.0,18.0,,
2024-03-05 21:00:00,14.75,76.0,2.82,8.05,6.55,11.82,3.08,0.7,6.12,1.3,3.78,,,,,,68.75,1.4,94.75,0.0,0.0,18.0,,
2024-03-05 22:00:00,15.75,70.5,3.28,8.4,7.12,11.52,3.25,0.61,5.88,1.25,3.62,,,,,,69.5,1.6,89.0,0.0,0.0,18.0,,
2024-03-05 23:00:00,11.75,62.0,2.42,7.52,5.95,11.82,2.75,0.56,5.54,1.12,3.2,,,,,,70.25,1.62,76.0,0.0,0.0,18.0,,
2024-03-06 00:00:00,10.25,59.0,1.52,8.7,5.88,14.55,2.82,0.68,5.64,1.1,2.88,,,,,,69.0,1.2,57.75,0.0,0.0,18.0,,
2024-03-06 01:00:00,10.0,58.5,2.48,10.9,7.8,14.35,2.48,0.64,6.27,1.1,2.68,,,,,,69.25,0.8,15.75,0.0,0.0,18.0,,
2024-03-06 02:00:00,14.0,56.5,3.62,16.27,11.6,14.18,1.78,0.67,5.49,1.1,2.85,,,,,,69.25,0.45,16.0,0.0,0.0,18.0,,
2024-03-06 03:00:00,10.5,58.25,5.32,19.62,14.8,15.45,1.23,0.69,5.81,1.1,3.1,,,,,,70.25,0.35,16.33,0.0,0.0,18.0,,
2024-03-06 04:00:00,21.0,84.25,7.98,21.52,17.92,19.77,7.45,0.79,5.68,1.7,5.0,,,,,,69.5,0.52,,0.0,0.0,18.0,,
2024-03-06 05:00:00,28.25,126.75,9.98,19.38,18.38,19.6,10.5,0.84,5.54,2.17,6.58,,,,,,69.5,0.65,,0.0,0.0,18.0,,
2024-03-06 06:00:00,24.75,116.0,11.35,20.78,20.3,19.1,6.18,0.76,5.98,2.72,9.0,,,,,,70.0,0.6,,0.0,0.0,23.25,,
2024-03-06 07:00:00,30.0,137.5,12.28,20.02,20.6,19.2,7.92,0.89,6.32,3.05,10.05,,,,,,69.75,1.02,,0.0,0.0,71.75,,
2024-03-06 08:00:00,28.0,132.75,11.92,17.92,19.27,15.92,2.75,0.75,5.93,2.72,8.85,,,,,,70.25,0.98,,0.0,0.0,156.5,,
2024-03-06 09:00:00,23.25,136.0,7.98,15.32,14.65,13.85,,0.82,5.83,2.6,8.05,,,,,,70.5,1.48,304.0,0.0,0.0,207.5,,
2024-03-06 10:00:00,25.0,126.75,4.28,16.75,12.4,15.1,4.33,0.92,5.83,2.58,7.2,,,,,,71.25,1.35,,0.0,0.0,270.75,,
2024-03-06 11:00:00,17.75,136.5,2.2,15.2,9.83,14.73,8.73,,5.68,2.78,6.72,,,,,,71.0,1.98,232.25,0.0,0.0,409.25,,
2024-03-06 12:00:00,16.0,113.0,3.53,10.77,8.6,14.8,7.78,0.52,6.37,2.22,6.35,,,,,,69.75,2.58,92.25,0.0,0.0,412.25,,
2024-03-06 13:00:00,21.5,102.5,3.22,10.12,8.05,12.28,7.0,0.42,6.22,1.75,6.3,,,,,,69.5,2.3,85.75,0.0,0.0,351.5,,
2024-03-06 14:00:00,19.25,77.5,3.1,8.55,7.02,11.98,7.48,0.56,5.74,1.35,5.5,,,,,,69.75,2.62,95.0,0.0,0.0,358.25,,
2024-03-06 15:00:00,17.0,71.75,2.77,8.33,6.02,12.8,5.95,0.48,5.93,1.12,4.55,,,,,,69.25,2.6,90.5,0.0,0.0,281.75,,
2024-03-06 16:00:00,16.0,77.25,2.0,8.88,6.35,14.6,5.32,0.67,6.32,1.1,4.62,,,,,,67.75,2.48,74.75,0.0,0.0,176.0,,
2024-03-06 17:00:00,12.75,81.25,2.9,10.02,7.68,13.98,3.4,0.68,5.88,1.1,4.53,,,,,,68.5,2.33,69.25,0.0,0.0,46.75,,
2024-03-06 18:00:00,13.0,89.25,2.98,11.62,8.6,14.18,1.13,0.69,5.44,1.23,4.25,,,,,,67.75,2.35,86.0,0.0,0.0,18.25,,
2024-03-06 19:00:00,15.0,81.25,2.68,17.17,11.32,14.2,1.55,0.79,6.03,1.42,4.35,,,,,,68.0,2.08,79.0,0.0,0.0,18.0,,
2024-03-06 20:00:00,13.0,73.25,3.7,16.82,11.98,14.82,4.5,0.74,5.49,1.62,4.8,,,,,,68.25,1.9,97.5,0.0,0.0,18.0,,
2024-03-06 21:00:00,15.25,72.5,2.9,13.78,9.68,15.15,5.18,0.73,5.54,1.68,5.05,,,,,,68.75,1.88,65.5,0.0,0.0,18.0,,
2024-03-06 22:00:00,14.5,71.0,3.68,13.08,9.95,14.25,3.4,0.68,5.78,1.55,4.8,,,,,,68.5,1.42,48.5,0.0,0.0,18.0,,
2024-03-06 23:00:00,18.25,73.25,4.2,11.28,9.4,13.48,,0.69,5.88,1.5,4.42,,,,,,69.0,1.27,56.5,0.0,0.0,18.0,,
2024-03-07 00:00:00,15.0,51.25,4.42,10.12,9.0,11.45,3.08,0.75,6.03,1.32,3.75,,,,,,68.75,1.42,59.5,0.0,0.0,18.0,,
2024-03-07 01:00:00,10.75,44.0,3.48,8.0,7.12,11.15,6.3,0.72,5.78,1.12,3.18,,,,,,70.25,1.3,59.5,0.0,0.0,18.0,,
2024-03-07 02:00:00,8.25,38.25,2.72,9.28,7.12,11.1,4.2,0.62,5.88,1.0,2.82,,,,,,70.25,1.18,54.25,0.0,0.0,18.0,,
2024-03-07 03:00:00,10.75,43.0,3.95,13.58,10.42,12.12,0.8,0.61,5.95,0.92,2.6,,,,,,70.5,1.27,102.5,0.0,0.0,18.0,,
2024-03-07 04:00:00,7.0,51.0,5.62,19.15,14.7,12.4,3.92,0.64,5.93,0.85,2.6,,,,,,70.25,1.82,136.25,0.0,0.0,18.0,,
2024-03-07 05:00:00,7.25,37.75,3.82,10.05,8.45,10.78,5.62,0.64,5.64,0.75,2.2,,,,,,69.75,2.0,118.0,0.0,0.0,18.0,,
2024-03-07 06:00:00,8.25,39.75,3.6,11.22,8.9,10.72,3.2,0.68,5.58,0.75,2.38,,,,,,70.5,1.6,98.75,0.0,0.0,24.25,,
2024-03-07 07:00:00,13.5,87.0,12.12,19.8,20.38,16.55,2.88,0.68,5.44,1.6,7.25,,,,,,70.25,1.0,,0.0,0.0,67.25,,
2024-03-07 08:00:00,27.0,173.5,14.65,25.2,25.32,18.2,6.32,0.82,5.54,2.92,15.85,,,,,,70.0,1.45,,0.0,0.0,202.0,,
2024-03-07 09:00:00,24.75,152.0,10.02,24.08,20.92,16.08,6.45,0.9,5.73,3.15,14.38,,,,,,69.75,2.2,328.0,0.0,0.0,318.25,,
2024-03-07 10:00:00,18.5,117.5,3.62,19.73,13.48,14.4,3.1,2.54,5.78,2.62,9.72,,,,,,68.75,2.33,,0.0,0.0,412.75,,
2024-03-07 11:00:00,20.5,112.5,2.93,16.37,11.07,14.27,2.07,,5.78,2.22,7.48,,,,,,69.5,2.65,,0.0,0.0,429.5,,
2024-03-07 12:00:00,20.75,107.5,3.47,11.97,9.17,18.37,5.22,0.56,5.73,1.9,5.9,,,,,,68.5,2.78,103.67,0.0,0.0,492.75,,
2024-03-07 13:00:00,17.25,94.25,2.88,11.4,8.4,15.98,5.5,0.52,5.39,1.68,5.52,,,,,,67.0,3.02,76.75,0.0,0.0,416.5,,
2024-03-07 14:00:00,15.75,85.25,2.58,11.15,8.05,15.82,3.02,0.64,5.59,1.5,4.92,,,,,,67.0,3.12,88.5,0.0,0.0,349.5,,
2024-03-07 15:00:00,10.75,83.25,5.05,10.42,9.65,14.05,2.12,0.67,6.42,1.27,4.15,,,,,,67.5,3.0,96.25,0.0,0.0,301.5,,
2024-03-07 16:00:00,17.75,86.0,3.38,9.35,7.7,12.22,3.75,0.69,6.02,1.18,3.9,,,,,,68.75,3.0,65.75,0.0,0.0,183.25,,
2024-03-07 17:00:00,20.75,93.25,2.98,10.12,7.8,11.6,4.22,0.72,5.68,1.42,4.35,,,,,,68.25,2.88,66.75,0.0,0.0,45.5,,
2024-03-07 18:00:00,16.5,96.75,2.72,10.9,8.05,12.12,1.47,0.66,5.83,1.4,4.15,,,,,,68.25,2.82,58.0,0.0,0.0,18.75,,
2024-03-07 19:00:00,22.5,93.5,2.42,11.7,8.22,12.52,1.67,0.72,5.68,1.48,4.53,,,,,,69.5,2.25,70.75,0.0,0.0,18.0,,
2024-03-07 20:00:00,17.5,83.25,2.98,10.92,8.22,12.18,4.1,0.66,5.39,1.42,4.32,,,,,,67.75,2.38,60.0,0.0,0.0,18.0,,
2024-03-07 21:00:00,15.0,76.0,2.85,10.78,8.05,12.27,2.5,0.68,5.44,1.32,4.05,,,,,,69.0,3.08,86.25,0.0,0.0,18.0,,
2024-03-07 22:00:00,11.75,74.75,2.4,8.48,6.42,12.85,3.0,0.61,5.44,1.05,3.2,,,,,,68.5,2.78,60.0,0.0,0.0,18.0,,
2024-03-07 23:00:00,11.0,59.0,0.95,8.32,5.2,15.02,3.4,0.54,5.83,0.9,2.72,,,,,,68.25,2.42,65.0,0.0,0.0,18.0,,
2024-03-08 00:00:00,9.75,48.75,3.02,7.75,6.58,14.62,3.52,0.64,5.83,0.78,2.2,,,,,,68.75,2.3,86.75,0.0,0.0,18.0,,
2024-03-08 01:00:00,6.5,43.75,3.32,11.98,9.05,15.08,2.68,0.63,6.12,0.65,1.82,,,,,,68.0,1.85,96.0,0.0,0.0,18.0,,
2024-03-08 02:00:00,7.25,43.0,3.15,13.95,9.98,15.35,1.82,0.65,5.62,0.7,1.78,,,,,,68.25,1.98,68.0,0.0,0.0,18.0,,
2024-03-08 03:00:00,5.0,50.25,3.28,12.02,9.02,16.18,1.82,0.65,6.08,0.7,1.8,,,,,,67.75,1.92,232.67,0.0,0.0,18.0,,
2024-03-08 04:00:00,6.0,47.5,2.7,11.3,8.22,15.5,,0.63,5.49,0.7,1.92,,,,,,69.25,1.6,280.0,0.0,0.0,18.0,,
2024-03-08 05:00:00,11.75,59.75,4.8,16.45,12.68,15.68,1.3,0.67,5.83,0.98,2.82,,,,,,68.5,1.08,,0.0,0.0,18.0,,
2024-03-08 06:00:00,20.0,82.0,6.75,18.02,15.02,16.32,1.9,0.78,5.69,1.5,4.35,,,,,,69.25,1.05,,0.0,0.0,24.5,,
2024-03-08 07:00:00,22.5,114.75,12.15,16.95,18.88,15.28,4.4,0.7,5.74,2.05,6.8,,,,,,70.75,1.0,,0.0,0.0,92.0,,
2024-03-08 08:00:00,29.75,140.5,10.45,16.35,17.23,14.52,4.65,0.78,5.69,2.3,6.68,,,,,,69.5,1.72,,0.0,0.0,205.75,,
2024-03-08 09:00:00,28.0,135.0,4.55,17.4,12.98,13.5,4.55,0.8,5.88,2.12,6.48,,,,,,70.25,2.45,,0.0,0.0,311.75,,
2024-03-08 10:00:00,23.75,121.25,2.8,15.32,10.45,14.32,2.63,0.71,4.95,2.05,5.85,,,,,,70.0,2.55,321.0,0.0,0.0,399.5,,
2024-03-08 11:00:00,19.75,113.5,2.4,12.87,8.77,15.93,3.5,,5.54,1.82,5.0,,,,,,69.25,2.65,98.25,0.0,0.0,447.5,,
2024-03-08 12:00:00,17.75,104.75,2.5,8.83,6.73,15.7,3.68,0.52,5.88,1.48,4.72,,,,,,69.0,3.58,110.25,0.0,0.0,460.0,,
2024-03-08 13:00:00,14.75,99.25,2.7,7.42,6.12,13.3,2.42,0.47,5.44,1.23,5.08,,,,,,69.25,3.62,99.0,0.0,0.0,432.0,,
2024-03-08 14:00:00,16.25,95.5,2.17,6.95,5.45,13.6,1.5,0.56,5.64,1.0,3.97,,,,,,68.75,3.45,88.25,0.0,0.0,369.5,,
2024-03-08 15:00:00,14.5,97.25,1.45,7.6,5.2,16.85,2.2,0.62,5.49,1.1,4.35,,,,,,66.75,3.75,100.25,0.0,0.0,274.75,,
2024-03-08 16:00:00,15.5,93.0,2.88,8.93,7.08,16.42,1.82,0.6,5.54,1.08,3.85,,,,,,66.75,3.85,93.0,0.0,0.0,163.5,,
2024-03-08 17:00:00,14.5,109.25,3.28,9.9,7.98,16.68,2.35,0.61,5.54,1.0,3.48,,,,,,67.75,3.15,87.5,0.0,0.0,45.25,,
2024-03-08 18:00:00,16.5,115.0,3.58,9.45,7.92,17.27,2.55,0.66,5.58,1.15,3.15,,,,,,67.25,3.28,66.25,0.0,0.0,18.5,,
2024-03-08 19:00:00,18.0,94.5,3.3,11.1,8.6,18.23,3.28,0.71,5.98,1.27,3.5,,,,,,67.25,2.92,74.75,0.0,0.0,18.0,,
2024-03-08 20:00:00,19.0,92.0,3.05,12.45,9.1,17.88,5.5,0.69,6.42,1.32,3.5,,,,,,67.5,2.75,79.5,0.0,0.0,18.0,,
2024-03-08 21:00:00,20.0,80.0,2.92,12.2,8.88,17.55,5.0,0.68,6.22,1.27,3.5,,,,,,67.0,2.9,79.75,0.0,0.0,18.0,,
2024-03-08 22:00:00,14.75,76.5,2.72,11.27,8.2,16.98,3.48,0.69,6.27,1.12,3.1,,,,,,67.5,3.0,73.75,0.0,0.0,18.0,,
2024-03-08 23:00:00,14.5,66.0,3.0,7.2,6.22,14.98,1.3,0.64,6.07,0.82,2.2,,,,,,69.0,3.18,82.0,0.0,0.0,18.0,,
2024-03-09 00:00:00,9.33,64.0,2.65,5.98,5.32,14.2,0.8,0.64,5.83,0.65,1.68,,,,,,68.5,2.9,75.75,0.0,0.0,18.0,,
2024-03-09 01:00:00,15.25,56.25,2.33,7.2,5.75,14.25,3.55,0.65,6.12,0.5,1.35,,,,,,69.0,2.68,133.5,0.0,0.0,18.0,,
2024-03-09 02:00:00,15.75,52.25,2.85,7.52,6.32,13.92,1.7,0.65,5.75,0.5,1.18,,,,,,69.75,1.9,165.75,0.0,0.0,18.0,,
2024-03-09 03:00:00,7.5,55.75,3.18,7.52,6.6,13.58,0.4,0.66,5.68,0.52,1.35,,,,,,71.0,1.18,248.0,0.0,0.0,18.0,,
2024-03-09 04:00:00,12.0,60.5,3.25,11.08,8.52,12.88,1.57,0.65,5.88,0.68,2.28,,,,,,69.75,1.05,,0.0,0.0,18.25,,
2024-03-09 05:00:00,14.75,81.75,3.72,13.52,10.18,12.9,2.25,0.71,6.27,1.0,3.6,,,,,,70.75,0.62,,0.0,0.0,18.25,,
2024-03-09 06:00:00,23.0,100.5,4.72,15.7,12.22,13.7,5.18,0.6,5.88,1.6,5.05,,,,,,72.0,0.52,,0.0,0.0,24.5,,
2024-03-09 07:00:00,22.75,116.75,7.82,17.12,15.52,24.52,7.02,0.72,5.98,2.0,6.97,,,,,,69.25,0.65,,0.0,0.0,92.75,,
2024-03-09 08:00:00,20.5,122.75,7.55,16.32,14.8,16.9,3.42,0.7,5.88,2.2,7.7,,,,,,68.0,0.88,,0.0,0.0,163.25,,
2024-03-09 09:00:00,16.75,112.5,4.68,13.85,11.2,15.25,2.22,0.7,5.98,2.02,6.68,,,,,,69.5,1.55,230.67,0.0,0.0,249.5,,
2024-03-09 10:00:00,20.0,103.0,3.4,13.9,10.18,17.5,6.62,0.52,5.78,1.88,5.72,,,,,,69.25,1.83,117.67,0.0,0.0,375.75,,
2024-03-09 11:00:00,21.25,109.25,2.83,12.77,9.07,18.37,10.55,0.41,5.78,1.68,5.28,,,,,,68.75,2.5,78.75,0.0,0.0,439.5,,
2024-03-09 12:00:00,16.75,119.75,2.43,10.0,7.27,20.87,6.05,0.66,5.88,1.5,4.7,,,,,,68.5,2.7,87.75,0.0,0.0,455.75,,
2024-03-09 13:00:00,17.5,113.5,1.82,9.85,6.7,17.9,2.02,0.64,6.03,1.4,4.42,,,,,,67.5,2.85,96.5,0.0,0.0,428.5,,
2024-03-09 14:00:00,12.75,85.25,4.22,6.82,7.07,16.05,3.92,0.68,6.27,1.32,4.0,,,,,,68.25,3.15,91.75,0.0,0.0,360.5,,
2024-03-09 15:00:00,12.5,76.5,3.45,7.28,6.65,13.28,3.85,0.64,5.93,1.02,3.82,,,,,,68.0,2.9,86.0,0.0,0.0,268.25,,
2024-03-09 16:00:00,17.25,79.0,3.65,7.6,7.08,12.8,4.15,0.66,5.78,1.02,4.32,,,,,,67.25,2.72,82.5,0.0,0.0,164.0,,
2024-03-09 17:00:00,25.25,89.75,2.95,7.15,6.2,12.7,4.6,0.68,5.48,1.05,4.35,,,,,,68.5,2.85,79.25,0.0,0.0,47.0,,
2024-03-09 18:00:00,20.75,88.75,2.9,8.68,6.95,14.05,1.35,0.69,5.54,1.0,4.3,,,,,,68.25,2.72,86.75,0.0,0.0,18.5,,
2024-03-09 19:00:00,20.25,91.0,3.08,10.5,8.05,14.05,0.3,0.75,5.88,1.5,5.9,,,,,,68.0,2.33,75.5,0.0,0.0,18.0,,
2024-03-09 20:00:00,12.0,69.25,2.62,9.62,7.32,13.05,1.57,0.66,5.98,1.4,6.02,,,,,,68.75,2.1,86.75,0.0,0.0,18.0,,
2024-03-09 21:00:00,11.25,55.5,2.2,7.58,5.8,12.6,2.48,0.66,5.59,1.25,5.48,,,,,,68.5,2.48,87.25,0.0,0.0,18.0,,
2024-03-09 22:00:00,9.0,49.25,1.48,6.6,4.7,14.0,4.82,0.54,5.34,1.18,4.75,,,,,,67.5,2.25,92.5,0.0,0.0,18.0,,
2024-03-09 23:00:00,9.75,50.75,2.95,6.75,6.0,14.2,5.78,0.6,5.78,1.1,4.05,,,,,,67.75,2.25,84.5,0.0,0.0,18.0,,
2024-03-10 00:00:00,10.5,42.0,2.92,6.95,6.02,13.48,5.22,0.6,5.74,1.1,3.42,,,,,,68.75,2.12,73.75,0.0,0.0,18.0,,
2024-03-10 01:00:00,7.25,34.75,2.98,7.1,6.2,13.05,5.3,0.6,5.98,0.85,2.7,,,,,,67.75,2.22,89.0,0.0,0.0,18.0,,
2024-03-10 02:00:00,11.0,32.75,3.2,6.2,5.88,13.65,5.18,0.62,6.21,0.68,2.17,,,,,,67.25,2.35,73.75,0.0,0.0,18.0,,
2024-03-10 03:00:00,10.25,38.25,2.62,6.08,5.4,14.5,6.57,0.62,6.27,0.55,1.72,,,,,,67.75,1.72,53.75,0.0,0.0,18.0,,
2024-03-10 04:00:00,8.75,40.5,3.15,6.5,5.98,14.68,2.42,0.62,5.59,0.52,1.6,,,,,,68.75,1.6,46.25,0.0,0.0,18.0,,
2024-03-10 05:00:00,9.75,45.25,2.6,7.32,6.08,14.5,0.8,0.64,5.93,0.57,1.7,,,,,,69.5,1.62,62.25,0.0,0.0,18.0,,
2024-03-10 06:00:00,8.5,50.0,5.7,14.82,12.48,12.98,2.8,0.72,6.37,0.65,1.9,,,,,,69.75,1.27,33.75,0.0,0.0,26.0,,
2024-03-10 07:00:00,16.25,69.25,5.48,14.0,11.9,12.65,5.5,0.75,6.18,0.88,2.48,,,,,,69.25,1.25,38.0,0.0,0.0,105.75,,
2024-03-10 08:00:00,18.75,97.5,5.28,13.98,11.72,13.15,4.05,0.72,5.59,1.35,4.12,,,,,,70.75,1.68,,0.0,0.0,187.75,,
2024-03-10 09:00:00,22.75,107.75,3.7,11.0,8.88,11.95,4.45,0.71,6.17,1.4,4.18,,,,,,69.75,1.8,241.67,0.0,0.0,300.25,,
2024-03-10 10:00:00,18.75,81.0,2.75,9.88,7.45,12.52,7.13,0.89,6.03,1.45,4.28,,,,,,70.5,2.35,97.5,0.0,0.0,408.25,,
2024-03-10 11:00:00,17.0,80.0,2.93,7.57,6.4,12.02,10.87,,6.03,1.2,3.65,,,,,,69.75,2.68,92.0,0.0,0.0,457.5,,
2024-03-10 12:00:00,14.75,66.75,3.0,5.97,5.6,13.77,4.03,0.52,5.54,1.03,3.15,,,,,,70.0,3.0,111.0,0.0,0.0,470.25,,
2024-03-10 13:00:00,15.5,59.75,2.95,6.5,5.88,11.38,2.02,0.5,5.78,0.88,2.78,,,,,,68.75,2.68,103.75,0.0,0.0,443.0,,
2024-03-10 14:00:00,11.0,50.5,0.85,8.0,4.95,13.52,8.0,0.58,5.73,0.98,3.42,,,,,,67.75,2.5,91.5,0.0,0.0,383.75,,
2024-03-10 15:00:00,11.5,52.75,2.48,8.22,6.4,14.52,10.88,0.62,5.39,1.42,4.53,,,,,,67.25,2.7,88.5,0.0,0.0,291.25,,
2024-03-10 16:00:00,12.75,55.75,2.78,7.22,6.07,14.42,4.53,0.64,6.12,1.15,4.85,,,,,,66.5,3.02,106.5,0.0,0.0,178.0,,
2024-03-10 17:00:00,12.25,60.5,3.12,6.78,6.1,14.85,2.75,0.64,5.68,0.85,3.28,,,,,,66.75,2.78,101.0,0.0,0.0,45.75,,
2024-03-10 18:00:00,13.75,67.75,3.3,7.0,6.4,15.22,3.48,0.64,6.03,0.78,2.7,,,,,,66.5,2.45,112.25,0.0,0.0,18.75,,
2024-03-10 19:00:00,15.0,67.0,2.12,7.88,5.85,15.7,2.42,0.69,5.88,1.0,2.92,,,,,,66.5,2.55,125.75,0.0,0.0,18.0,,
2024-03-10 20:00:00,11.75,63.0,2.38,7.78,6.05,15.35,3.08,0.65,6.08,1.1,3.15,,,,,,67.0,2.2,151.25,0.0,0.0,18.0,,
2024-03-10 21:00:00,12.25,64.25,3.42,7.4,6.72,15.12,2.82,0.68,5.68,1.1,3.2,,,,,,68.0,2.43,136.5,0.0,0.0,18.0,,
2024-03-10 22:00:00,14.75,65.0,4.28,6.2,6.8,14.08,2.0,0.62,6.12,1.0,2.8,,,,,,68.0,2.33,138.5,0.0,0.0,18.0,,
2024-03-10 23:00:00,13.75,56.0,3.0,5.28,5.22,13.45,1.5,0.71,5.83,0.85,2.35,,,,,,68.75,2.1,122.0,0.0,0.0,18.0,,
2024-03-11 00:00:00,18.5,55.25,2.8,4.8,4.78,13.5,0.8,0.63,5.39,0.8,2.02,,,,,,69.0,1.9,89.25,0.0,0.0,18.0,,
2024-03-11 01:00:00,9.25,52.25,2.28,5.35,4.7,13.15,0.65,0.64,5.78,1.42,2.33,,,,,,69.0,2.02,83.0,0.0,0.0,18.0,,
2024-03-11 02:00:00,11.75,50.75,2.8,4.6,4.75,12.95,1.65,0.63,5.82,2.58,3.08,,,,,,69.0,1.42,75.75,0.0,0.0,18.0,,
2024-03-11 03:00:00,11.0,55.5,2.65,4.55,4.53,13.2,2.58,0.64,6.14,1.78,2.25,,,,,,68.75,1.45,55.75,0.0,0.0,18.0,,
2024-03-11 04:00:00,15.75,61.0,2.48,5.28,4.82,12.4,5.5,0.64,5.64,1.38,1.85,,,,,,70.5,1.3,48.5,0.0,0.0,18.0,,
2024-03-11 05:00:00,4.5,58.5,2.45,6.78,5.58,12.95,7.6,0.59,6.08,1.15,1.7,,,,,,69.0,1.65,84.75,0.0,0.0,18.5,,
2024-03-11 06:00:00,10.75,73.0,2.05,10.15,7.05,15.88,5.58,0.68,5.54,1.3,2.03,,,,,,69.75,1.42,73.0,0.0,0.0,26.25,,
2024-03-11 07:00:00,16.0,85.75,3.28,12.22,9.18,14.92,4.85,0.7,5.68,1.4,2.35,,,,,,68.0,1.52,156.75,0.0,0.0,94.25,,
2024-03-11 08:00:00,17.0,84.5,2.53,8.7,6.62,14.45,2.37,0.63,5.73,1.27,2.17,,,,,,68.75,2.08,187.0,0.0,0.0,162.5,,
2024-03-11 09:00:00,19.0,75.25,3.12,8.23,6.92,13.88,1.3,0.64,5.73,1.15,2.25,,,,,,69.0,1.75,211.0,0.0,0.0,298.25,,
2024-03-11 10:00:00,15.0,82.0,2.33,9.4,6.88,14.75,4.4,0.52,5.68,1.2,2.62,,,,,,68.5,2.28,92.0,0.0,0.0,392.75,,
2024-03-11 11:00:00,13.33,89.25,2.07,9.6,6.8,16.1,6.7,,5.59,1.23,2.6,,,,,,67.5,2.52,90.0,0.0,0.0,444.25,,
2024-03-11 12:00:00,16.25,86.75,2.23,9.53,6.83,19.43,6.62,0.55,5.88,1.23,2.9,,,,,,68.0,2.65,108.75,0.0,0.0,458.5,,
2024-03-11 13:00:00,17.25,92.25,4.32,8.35,7.92,16.65,5.92,0.63,6.03,1.27,3.25,,,,,,66.75,2.75,94.0,0.0,0.0,434.25,,
2024-03-11 14:00:00,17.75,82.75,4.25,6.55,7.0,13.6,5.9,0.75,5.78,1.08,3.35,,,,,,67.75,2.8,94.75,0.0,0.0,372.75,,
2024-03-11 15:00:00,17.75,83.25,2.78,7.0,5.98,12.42,6.95,0.75,5.93,0.95,4.3,,,,,,68.0,2.8,86.75,0.0,0.0,278.25,,
2024-03-11 16:00:00,18.25,93.25,2.55,5.68,5.08,12.45,4.0,0.64,5.93,0.92,7.05,,,,,,68.0,2.45,83.0,0.0,0.0,165.25,,
2024-03-11 17:00:00,14.25,84.5,2.22,6.25,5.18,11.88,3.6,0.66,5.83,1.08,8.02,,,,,,67.25,2.22,93.75,0.0,0.0,50.0,,
2024-03-11 18:00:00,17.0,87.0,1.92,7.1,5.32,11.8,2.3,0.66,5.74,1.12,8.5,,,,,,68.0,2.2,68.5,0.0,0.0,18.5,,
2024-03-11 19:00:00,13.75,93.5,2.22,8.02,6.12,11.68,3.72,0.7,6.03,1.27,6.9,,,,,,68.25,2.4,72.5,0.0,0.0,18.0,,
2024-03-11 20:00:00,13.0,77.75,2.62,8.15,6.48,11.4,0.65,0.68,6.12,1.25,5.32,,,,,,68.5,2.08,69.25,0.0,0.0,18.0,,
2024-03-11 21:00:00,13.25,79.5,1.83,9.98,6.35,13.05,,0.57,5.63,1.23,5.0,,,,,,68.25,1.9,71.0,0.0,0.0,18.0,,
2024-03-11 22:00:00,14.5,73.0,2.2,10.28,7.25,13.55,4.1,0.67,6.12,1.32,4.6,,,,,,67.75,1.9,59.75,0.0,0.0,18.0,,
2024-03-11 23:00:00,14.75,58.0,2.38,9.12,6.72,13.48,1.3,0.66,6.18,1.2,3.7,,,,,,68.25,1.55,58.5,0.0,0.0,18.0,,
2024-03-12 00:00:00,11.75,56.5,2.45,9.15,6.88,12.8,2.02,0.64,5.93,1.1,3.2,,,,,,67.5,1.68,64.0,0.0,0.0,18.0,,
2024-03-12 01:00:00,13.5,49.25,1.72,9.1,6.28,12.92,1.45,0.62,5.93,0.95,2.45,,,,,,67.75,1.7,77.25,0.0,0.0,18.0,,
2024-03-12 02:00:00,12.0,43.5,2.28,12.68,8.62,13.32,2.95,0.63,5.82,0.88,2.2,,,,,,68.25,1.65,126.5,0.0,0.0,18.25,,
2024-03-12 03:00:00,12.25,51.0,1.88,11.12,7.48,13.82,4.15,0.63,5.94,0.82,2.17,,,,,,68.75,1.48,190.5,0.0,0.0,18.0,,
2024-03-12 04:00:00,13.75,53.0,2.28,11.58,8.02,13.72,1.55,0.64,5.73,0.82,2.33,,,,,,68.75,1.38,,0.0,0.0,18.0,,
2024-03-12 05:00:00,16.75,63.5,4.42,15.55,11.88,12.52,,0.72,6.32,1.1,3.1,,,,,,69.25,1.23,,0.0,0.0,18.0,,
2024-03-12 06:00:00,21.25,84.5,4.85,17.75,13.4,12.12,5.07,0.75,5.88,1.55,4.35,,,,,,71.5,0.9,,0.0,0.0,27.25,,
2024-03-12 07:00:00,27.0,108.75,4.9,18.42,13.75,12.25,4.92,0.82,5.78,1.82,5.78,,,,,,70.0,1.4,251.5,0.0,0.0,100.5,,
2024-03-12 08:00:00,24.75,113.25,5.25,17.62,13.6,12.2,4.1,0.7,5.68,1.92,6.2,,,,,,70.25,2.17,,0.0,0.0,203.25,,
2024-03-12 09:00:00,24.75,108.5,3.65,15.48,11.2,12.12,4.15,0.75,5.39,1.95,6.3,,,,,,69.75,2.68,295.0,0.0,0.0,296.25,,
2024-03-12 10:00:00,18.25,104.25,2.08,12.95,8.55,11.9,6.63,0.74,6.08,1.65,5.12,,,,,,69.25,2.55,261.33,0.0,0.0,373.75,,
2024-03-12 11:00:00,18.5,108.25,2.07,11.4,7.77,12.12,9.87,,6.32,1.55,4.65,,,,,,68.5,3.3,107.0,0.0,0.0,439.75,,
2024-03-12 12:00:00,17.5,92.25,3.07,8.4,6.97,14.23,6.55,0.55,6.18,1.3,3.7,,,,,,68.75,3.95,88.25,0.0,0.0,455.5,,
2024-03-12 13:00:00,18.75,97.0,1.32,8.18,5.42,14.2,4.58,0.5,5.39,1.05,3.08,,,,,,68.0,3.9,125.25,0.0,0.0,430.5,,
2024-03-12 14:00:00,17.75,102.5,2.12,8.35,6.2,14.8,6.95,0.62,5.68,0.95,2.75,,,,,,67.25,4.25,121.25,0.0,0.0,367.0,,
2024-03-12 15:00:00,16.25,105.25,2.65,7.65,6.2,14.6,6.95,0.58,5.64,0.8,2.28,,,,,,66.5,4.7,113.25,0.0,0.0,276.0,,
2024-03-12 16:00:00,14.5,87.75,2.68,9.5,7.28,14.62,4.65,0.67,5.54,0.7,2.2,,,,,,66.25,4.4,125.0,0.0,0.0,169.25,,
2024-03-12 17:00:00,16.0,77.75,2.28,11.38,7.95,14.52,4.47,0.69,5.44,0.72,2.42,,,,,,67.0,3.8,104.5,0.0,0.0,47.5,,
2024-03-12 18:00:00,15.25,75.75,2.22,10.8,7.58,14.85,1.78,0.66,5.54,0.9,2.6,,,,,,66.5,3.47,96.25,0.0,0.0,18.75,,
2024-03-12 19:00:00,14.0,70.5,2.7,12.55,8.8,15.0,,0.71,5.54,1.12,2.82,,,,,,66.75,3.05,129.25,0.0,0.0,18.0,,
2024-03-12 20:00:00,16.75,67.75,2.25,17.0,10.85,14.75,1.93,0.74,5.73,1.27,3.38,,,,,,66.5,2.78,113.5,0.0,0.0,18.0,,
2024-03-12 21:00:00,18.0,70.75,4.9,15.52,12.23,13.8,1.02,0.71,5.93,1.27,3.72,,,,,,67.25,2.85,107.5,0.0,0.0,18.0,,
2024-03-12 22:00:00,23.0,62.5,2.48,12.75,8.75,13.0,1.75,0.69,6.13,1.12,3.3,,,,,,68.25,2.55,100.75,0.0,0.0,18.0,,
2024-03-12 23:00:00,18.0,58.0,2.55,10.2,7.52,12.62,1.98,0.68,5.78,1.05,3.02,,,,,,68.5,2.25,106.25,0.0,0.0,18.0,,
2024-03-13 00:00:00,12.0,57.25,2.45,8.1,6.32,12.0,4.08,0.62,5.88,0.92,2.95,,,,,,69.25,2.33,331.0,0.0,0.0,18.0,,
2024-03-13 01:00:00,13.5,56.0,2.25,15.78,10.22,12.15,5.05,0.6,5.68,0.8,2.45,,,,,,69.75,1.75,,0.0,0.0,18.0,,
2024-03-13 02:00:00,16.25,59.5,3.65,19.48,13.35,12.08,3.88,0.62,5.75,0.9,2.72,,,,,,69.25,1.6,,0.0,0.0,18.25,,
2024-03-13 03:00:00,12.5,62.75,3.25,19.75,13.15,12.9,4.32,0.62,5.68,1.05,3.02,,,,,,69.0,1.6,,0.0,0.0,19.0,,
2024-03-13 04:00:00,16.25,66.25,2.9,15.85,10.78,11.98,3.72,0.59,6.02,1.1,3.45,,,,,,69.25,2.22,,0.0,0.0,19.0,,
2024-03-13 05:00:00,16.0,63.0,1.33,15.38,9.32,14.12,1.62,0.59,5.54,1.23,4.38,,,,,,67.75,2.02,,0.0,0.0,18.75,,
2024-03-13 06:00:00,21.25,72.5,3.18,18.15,12.22,14.18,5.8,0.67,5.88,1.5,5.12,,,,,,69.25,1.92,,0.0,0.0,27.5,,
2024-03-13 07:00:00,17.75,87.0,4.35,21.6,15.08,14.52,7.48,0.74,5.88,1.75,5.32,,,,,,68.75,1.68,,0.0,0.0,99.75,,
2024-03-13 08:00:00,15.25,102.75,4.2,20.2,14.2,15.48,10.15,0.72,6.03,2.3,5.95,,,,,,67.5,2.2,,0.0,0.0,202.5,,
2024-03-13 09:00:00,19.0,113.0,3.28,15.8,11.1,14.65,11.52,0.74,5.68,2.25,5.6,,,,,,67.75,4.18,200.0,0.0,0.0,317.75,,
2024-03-13 10:00:00,20.0,111.75,2.17,14.58,9.52,15.68,9.1,0.53,5.64,1.9,5.1,,,,,,67.25,3.45,167.0,0.0,0.0,397.75,,
2024-03-13 11:00:00,20.25,114.5,2.33,13.33,8.97,16.87,9.4,0.33,5.44,1.65,4.65,,,,,,66.75,4.35,148.25,0.0,0.0,444.25,,
2024-03-13 12:00:00,15.0,108.5,3.47,10.9,8.6,20.37,3.68,0.66,5.64,1.38,3.52,,,,,,66.75,4.97,106.0,0.0,0.0,454.0,,
2024-03-13 13:00:00,25.25,112.5,5.03,10.7,9.75,15.42,2.55,0.64,5.98,1.1,2.65,,,,,,67.25,4.97,,0.0,0.0,426.0,,
2024-03-13 14:00:00,27.25,105.75,2.78,9.15,7.12,13.9,3.15,0.66,5.59,0.88,2.25,,,,,,67.5,4.97,,0.0,0.0,360.0,,
2024-03-13 15:00:00,21.5,91.0,3.28,9.35,7.68,14.0,4.72,0.67,5.64,0.68,1.8,,,,,,67.5,5.1,132.33,0.0,0.0,274.75,,
2024-03-13 16:00:00,19.0,95.75,2.92,12.32,8.88,13.35,2.12,0.64,5.68,0.65,2.0,,,,,,68.25,4.4,139.0,0.0,0.0,166.75,,
2024-03-13 17:00:00,16.75,96.0,2.1,11.48,7.8,12.62,1.73,0.66,5.88,0.7,2.42,,,,,,68.5,4.12,155.25,0.0,0.0,56.5,,
2024-03-13 18:00:00,18.25,83.0,2.58,12.78,8.9,12.1,7.52,0.7,6.22,0.78,2.68,,,,,,68.25,3.38,155.0,0.0,0.0,16.75,,
2024-03-13 19:00:00,15.5,86.25,2.55,12.78,8.9,12.5,9.1,0.74,6.17,1.02,3.1,,,,,,67.5,2.95,157.75,0.0,0.0,15.0,,
2024-03-13 20:00:00,14.75,76.75,2.02,14.8,9.6,13.18,5.1,0.61,6.07,1.12,3.4,,,,,,68.75,3.25,166.75,0.0,0.0,15.0,,
2024-03-13 21:00:00,15.0,70.25,1.12,14.15,8.45,15.5,4.38,0.62,5.83,1.2,3.75,,,,,,66.75,2.85,174.0,0.0,0.0,15.0,,
2024-03-13 22:00:00,10.0,61.25,2.78,15.45,10.5,14.92,3.8,0.66,5.54,1.23,3.75,,,,,,68.0,2.6,177.5,0.0,0.0,15.0,,
2024-03-13 23:00:00,13.75,58.5,2.78,13.08,9.15,14.3,3.0,0.6,5.73,1.1,3.32,,,,,,67.5,2.78,182.5,0.0,0.0,15.0,,
2024-03-14 00:00:00,15.0,54.75,2.62,13.55,9.32,14.15,5.55,0.61,5.59,0.85,2.68,,,,,,67.0,2.82,190.25,0.0,0.0,15.0,,
2024-03-14 01:00:00,11.25,47.0,3.78,15.55,11.3,71.92,3.55,0.57,5.68,0.65,2.38,,,,,,68.0,2.9,179.25,0.0,0.0,15.0,,
2024-03-14 02:00:00,9.5,44.5,1.98,9.1,6.45,50.78,5.25,0.62,5.88,0.6,2.02,,,,,,67.0,2.4,149.75,0.0,0.0,15.0,,
2024-03-14 03:00:00,11.75,47.5,2.65,9.15,7.02,46.8,4.05,0.62,5.55,0.52,1.78,,,,,,67.75,2.3,130.5,0.0,0.0,15.0,,
2024-03-14 04:00:00,13.75,52.75,3.55,12.4,9.45,19.1,5.32,0.72,6.02,0.6,1.85,,,,,,68.75,2.02,120.25,0.0,0.0,15.0,,
2024-03-14 05:00:00,14.75,58.0,4.95,13.38,11.15,13.45,4.92,0.58,6.02,0.68,1.95,,,,,,69.5,1.5,111.25,0.0,0.0,15.0,,
2024-03-14 06:00:00,19.5,71.25,3.2,15.6,10.92,12.7,4.47,0.66,5.78,0.9,2.78,,,,,,70.75,2.1,111.25,0.0,0.0,24.5,,
2024-03-14 07:00:00,20.5,88.25,3.68,14.95,11.0,12.98,5.5,0.73,6.13,1.15,3.48,,,,,,70.25,1.72,108.0,0.0,0.0,83.25,,
2024-03-14 08:00:00,28.5,105.25,3.6,13.98,10.4,12.38,4.85,0.7,5.83,1.4,4.22,,,,,,70.25,2.45,105.25,0.0,0.0,167.5,,
2024-03-14 09:00:00,26.5,115.25,3.28,12.52,9.28,12.05,3.32,0.76,5.74,1.65,4.78,,,,,,70.0,3.02,123.75,0.0,0.0,306.75,,
2024-03-14 10:00:00,19.0,106.75,2.3,12.0,8.25,12.7,7.6,0.7,5.88,1.52,4.42,,,,,,69.75,2.75,141.5,0.0,0.0,383.25,,
2024-03-14 11:00:00,26.0,106.25,2.43,11.37,7.97,13.0,12.5,,5.98,1.45,4.2,,,,,,70.25,3.18,176.25,0.0,0.0,430.75,,
2024-03-14 12:00:00,18.25,105.0,1.65,10.33,6.33,16.67,3.15,0.45,5.34,1.23,3.62,,,,,,68.25,3.88,203.5,0.0,0.0,448.0,,
2024-03-14 13:00:00,15.25,95.25,2.28,7.45,5.82,16.27,2.55,0.6,6.18,1.27,3.25,,,,,,68.25,4.28,196.5,0.0,0.0,421.5,,
2024-03-14 14:00:00,20.75,84.5,3.03,7.0,6.25,15.95,2.42,0.62,5.44,1.1,2.62,,,,,,66.75,4.0,197.25,0.0,0.0,353.25,,
2024-03-14 15:00:00,17.5,87.0,2.15,8.12,6.05,15.6,1.88,0.6,5.39,1.0,2.33,,,,,,67.0,3.78,207.0,0.0,0.0,262.5,,
2024-03-14 16:00:00,18.25,87.25,2.52,8.0,6.3,15.62,1.78,0.65,5.68,0.82,2.72,,,,,,67.0,3.82,182.0,0.0,0.0,158.5,,
2024-03-14 17:00:00,17.5,80.75,2.8,7.48,6.22,15.82,0.9,0.66,6.22,0.95,2.7,,,,,,66.75,3.18,174.0,0.0,0.0,45.75,,
2024-03-14 18:00:00,21.5,87.25,3.05,9.6,7.58,15.48,1.05,0.65,5.83,1.0,3.55,,,,,,66.75,2.85,166.0,0.0,0.0,15.5,,
2024-03-14 19:00:00,20.5,91.25,2.78,11.08,8.18,15.35,0.55,0.69,5.73,1.4,3.92,,,,,,67.75,2.72,174.25,0.0,0.0,15.0,,
2024-03-14 20:00:00,21.25,84.75,3.98,10.8,8.98,13.88,3.4,0.71,5.78,1.32,3.95,,,,,,68.0,2.78,178.0,0.0,0.0,15.0,,
2024-03-14 21:00:00,18.5,60.0,3.05,8.93,7.28,11.6,5.18,0.64,5.68,1.05,3.12,,,,,,68.5,2.8,174.5,0.0,0.0,15.0,,
2024-03-14 22:00:00,15.5,50.75,2.28,9.1,6.72,11.08,2.88,0.62,5.34,0.9,2.72,,,,,,69.0,2.22,163.0,0.0,0.0,15.0,,
2024-03-14 23:00:00,10.25,47.5,2.22,7.85,5.95,10.82,2.75,0.62,5.78,0.85,2.22,,,,,,67.75,2.48,149.5,0.0,0.0,15.0,,
2024-03-15 00:00:00,7.25,39.0,2.0,6.05,4.85,10.3,4.5,0.64,5.93,0.62,1.62,,,,,,69.0,2.38,145.5,0.0,0.0,15.0,,
2024-03-15 01:00:00,5.25,37.25,2.8,6.88,5.92,10.05,4.5,0.63,5.88,0.5,1.35,,,,,,69.5,2.22,134.0,0.0,0.0,15.0,,
2024-03-15 02:00:00,8.0,39.5,2.78,8.72,6.88,10.07,2.5,0.64,5.75,0.5,1.18,,,,,,69.0,2.08,125.0,0.0,0.0,15.0,,
2024-03-15 03:00:00,12.5,32.25,2.45,7.22,5.82,9.88,3.12,0.64,5.75,0.43,1.2,,,,,,69.75,2.15,106.75,0.0,0.0,15.0,,
2024-03-15 04:00:00,8.25,27.0,1.67,9.15,5.82,11.48,2.48,0.52,5.44,0.48,1.38,,,,,,68.75,1.72,99.0,0.0,0.0,15.0,,
2024-03-15 05:00:00,8.25,41.25,3.02,14.38,10.18,12.5,3.4,0.62,5.73,0.7,2.33,,,,,,69.0,1.35,85.25,0.0,0.0,15.0,,
2024-03-15 06:00:00,8.5,62.5,4.75,17.8,13.35,13.1,4.08,0.73,6.12,1.2,4.18,,,,,,69.0,0.95,73.5,0.0,0.0,24.25,,
2024-03-15 07:00:00,16.0,85.0,5.18,17.75,13.62,13.3,3.55,0.79,6.03,1.62,5.3,,,,,,69.0,1.08,77.0,0.0,0.0,88.0,,
2024-03-15 08:00:00,18.25,103.0,4.6,19.08,13.85,13.38,5.82,0.7,4.66,1.8,5.62,,,,,,68.75,2.28,90.25,0.0,0.0,185.5,,
2024-03-15 09:00:00,23.25,96.0,3.58,14.95,10.85,12.88,6.18,0.72,9.56,1.78,5.18,,,,,,69.25,3.28,109.75,0.0,0.0,266.25,,
2024-03-15 10:00:00,16.5,76.25,2.48,11.25,8.0,13.4,5.53,2.5,5.54,1.42,4.18,,,,,,67.5,2.9,131.0,0.0,0.0,340.5,,
2024-03-15 11:00:00,13.0,80.25,2.9,9.63,7.4,14.6,6.9,0.4,6.57,1.32,3.58,,,,,,68.0,3.82,146.0,0.0,0.0,444.25,,
2024-03-15 12:00:00,17.0,83.25,6.43,7.53,9.27,15.5,2.38,0.66,7.11,1.08,2.7,,,,,,68.75,3.92,152.0,0.0,0.0,451.75,,
2024-03-15 13:00:00,20.0,87.5,3.68,6.98,6.68,11.65,1.88,0.6,7.99,1.02,2.9,,,,,,69.0,4.1,155.75,0.0,0.0,427.25,,
2024-03-15 14:00:00,18.25,78.25,2.08,5.5,4.6,11.65,1.23,0.62,7.94,0.82,2.25,,,,,,68.0,4.38,169.0,0.0,0.0,364.75,,
2024-03-15 15:00:00,12.5,74.25,2.98,5.5,5.38,11.42,3.88,0.62,5.98,0.7,1.95,,,,,,68.25,4.1,194.25,0.0,0.0,274.75,,
2024-03-15 16:00:00,10.25,76.0,2.4,5.95,5.1,10.82,3.92,0.62,5.29,0.65,2.2,,,,,,68.0,3.95,285.0,0.0,0.0,165.5,,
2024-03-15 17:00:00,10.5,68.25,2.52,5.9,5.2,10.2,3.15,0.64,6.12,0.8,2.28,,,,,,69.0,3.4,308.0,0.0,0.0,44.0,,
2024-03-15 18:00:00,14.0,66.5,2.4,6.8,5.55,10.65,2.75,0.68,5.78,0.9,2.65,,,,,,68.25,3.32,308.0,0.0,0.0,15.5,,
2024-03-15 19:00:00,6.0,74.25,2.65,7.08,5.88,11.0,0.3,0.69,5.98,0.92,2.85,,,,,,68.0,2.68,307.25,0.0,0.0,15.0,,
2024-03-15 20:00:00,17.75,63.5,1.02,9.35,5.82,13.25,2.43,0.6,5.78,1.05,3.92,,,,,,67.25,2.62,272.5,0.0,0.0,15.0,,
2024-03-15 21:00:00,16.0,56.25,2.45,9.52,7.05,13.45,2.3,0.68,5.93,1.1,3.8,,,,,,67.25,3.35,221.75,0.0,0.0,15.0,,
2024-03-15 22:00:00,11.75,54.5,2.78,8.38,6.72,12.95,4.25,0.62,5.88,0.92,3.1,,,,,,67.25,3.0,206.25,0.0,0.0,15.0,,
2024-03-15 23:00:00,9.0,44.0,2.4,9.07,6.8,13.05,3.8,0.6,5.78,0.8,2.52,,,,,,67.75,3.25,200.5,0.0,0.0,15.0,,
2024-03-16 00:00:00,10.75,35.75,2.15,10.4,7.25,13.15,3.48,0.63,5.83,0.68,1.9,,,,,,68.0,3.0,228.0,0.0,0.0,15.0,,
2024-03-16 01:00:00,6.5,33.5,2.42,10.3,7.45,13.25,3.72,0.62,5.58,0.55,1.52,,,,,,68.75,2.58,225.0,0.0,0.0,15.0,,
2024-03-16 02:00:00,5.75,22.75,2.45,10.4,7.55,13.08,2.02,0.62,5.95,0.5,1.52,,,,,,68.5,2.35,200.0,0.0,0.0,15.0,,
2024-03-16 03:00:00,8.0,32.25,2.05,9.5,6.72,13.1,1.5,0.64,5.82,0.5,1.4,,,,,,68.75,2.2,210.5,0.0,0.0,15.0,,
2024-03-16 04:00:00,9.25,34.0,4.7,7.75,7.95,10.7,1.13,0.66,6.03,0.48,1.5,,,,,,69.5,1.8,183.0,0.0,0.0,15.0,,
2024-03-16 05:00:00,12.5,34.25,3.38,11.0,8.6,9.9,1.3,0.73,5.83,0.52,1.95,,,,,,69.75,1.8,208.25,0.0,0.0,15.0,,
2024-03-16 06:00:00,12.5,54.5,3.8,13.98,10.48,10.75,0.6,0.71,5.54,0.78,2.65,,,,,,69.75,1.83,168.75,0.0,0.0,25.0,,
2024-03-16 07:00:00,17.5,65.5,4.8,19.23,14.15,11.42,1.13,0.78,5.73,1.25,3.6,,,,,,70.5,2.0,167.5,0.0,0.0,93.75,,
2024-03-16 08:00:00,18.5,83.5,4.15,12.8,10.15,10.8,4.03,0.66,5.54,1.4,3.9,,,,,,70.0,2.7,154.5,0.0,0.0,165.75,,
2024-03-16 09:00:00,17.5,79.0,3.48,10.52,8.45,10.05,5.15,0.68,5.88,1.32,3.65,,,,,,70.0,2.58,140.75,0.0,0.0,217.5,,
2024-03-16 10:00:00,16.0,77.25,3.1,10.42,8.1,10.58,6.37,0.71,6.42,1.35,4.05,,,,,,70.25,3.42,150.5,0.0,0.0,367.25,,
2024-03-16 11:00:00,7.0,69.25,3.0,8.67,7.0,10.57,9.93,,5.58,1.05,3.38,,,,,,69.75,4.35,176.0,0.0,0.0,447.75,,
2024-03-16 12:00:00,8.0,62.5,1.13,6.1,4.2,16.07,2.9,0.56,5.98,0.92,2.85,,,,,,68.5,4.82,180.75,0.0,0.0,462.25,,
2024-03-16 13:00:00,10.5,67.25,2.62,5.9,5.28,12.82,,0.62,6.07,0.7,2.22,,,,,,67.5,4.8,182.75,0.0,0.0,434.25,,
2024-03-16 14:00:00,9.0,63.5,2.75,5.78,5.35,12.5,3.57,0.63,5.44,0.6,1.92,,,,,,67.25,4.7,171.75,0.0,0.0,371.75,,
2024-03-16 15:00:00,8.75,49.5,2.72,6.05,5.42,12.58,3.8,0.63,6.22,0.6,1.78,,,,,,66.75,4.58,186.5,0.0,0.0,275.5,,
2024-03-16 16:00:00,7.75,53.0,2.1,6.65,5.28,12.22,8.12,0.62,5.88,0.72,2.08,,,,,,66.75,4.18,173.75,0.0,0.0,167.0,,
2024-03-16 17:00:00,8.25,68.0,2.52,6.78,5.65,12.38,9.5,0.64,5.73,0.82,2.82,,,,,,66.75,3.88,183.5,0.0,0.0,43.25,,
2024-03-16 18:00:00,12.5,69.0,2.55,10.58,7.7,12.02,4.12,0.68,6.03,1.0,3.75,,,,,,67.75,3.22,194.0,0.0,0.0,15.75,,
2024-03-16 19:00:00,13.75,67.25,2.82,11.65,8.52,12.4,2.95,0.76,6.07,1.32,4.97,,,,,,66.25,2.82,201.5,0.0,0.0,15.0,,
2024-03-16 20:00:00,14.25,55.0,4.7,11.88,10.12,10.58,3.2,0.65,6.27,1.2,4.2,,,,,,67.5,2.4,187.25,0.0,0.0,15.0,,
2024-03-16 21:00:00,15.75,57.5,3.75,10.52,8.62,10.5,2.8,0.68,5.78,1.1,3.85,,,,,,68.5,2.45,191.0,0.0,0.0,15.0,,
2024-03-16 22:00:00,9.0,44.0,3.1,9.65,7.68,10.38,3.45,0.64,5.93,1.08,3.45,,,,,,68.75,2.4,188.75,0.0,0.0,15.0,,
2024-03-16 23:00:00,10.0,31.75,3.38,9.35,7.72,9.93,3.4,0.62,6.08,0.88,2.9,,,,,,69.0,2.3,194.5,0.0,0.0,15.0,,
2024-03-17 00:00:00,11.75,19.75,3.3,7.65,6.78,9.52,3.28,0.61,5.63,0.8,2.33,,,,,,69.0,2.05,202.0,0.0,0.0,15.0,,
2024-03-17 01:00:00,6.75,13.75,3.08,6.95,6.2,9.1,4.8,0.58,5.74,0.65,1.95,,,,,,68.75,2.28,203.25,0.0,0.0,15.0,,
2024-03-17 02:00:00,4.0,14.25,3.3,6.52,6.15,9.25,5.95,0.6,5.75,0.57,1.62,,,,,,69.0,2.02,202.0,0.0,0.0,15.0,,
2024-03-17 03:00:00,6.0,11.25,1.42,7.22,5.08,10.6,5.78,0.52,6.21,0.5,1.45,,,,,,69.25,1.72,221.25,0.0,0.0,15.0,,
2024-03-17 04:00:00,3.0,17.0,2.75,6.45,5.62,12.35,4.12,0.63,5.83,0.52,1.5,,,,,,69.0,1.58,194.25,0.0,0.0,15.0,,
2024-03-17 05:00:00,2.0,16.75,3.32,9.72,7.9,10.92,3.88,0.64,5.39,0.6,1.62,,,,,,69.25,1.45,198.5,0.0,0.0,15.0,,
2024-03-17 06:00:00,3.75,27.75,3.88,11.2,9.12,10.98,5.12,0.64,5.68,0.75,2.0,,,,,,69.25,1.2,203.5,0.0,0.0,26.0,,
2024-03-17 07:00:00,9.75,38.75,4.78,11.55,10.0,11.2,4.18,0.68,5.88,0.95,2.52,,,,,,68.75,1.85,192.5,0.0,0.0,109.5,,
2024-03-17 08:00:00,11.0,49.25,4.38,8.02,7.8,11.22,1.6,0.61,6.22,0.8,3.22,,,,,,68.75,2.22,195.0,0.0,0.0,229.0,,
2024-03-17 09:00:00,10.25,53.5,3.15,6.15,5.85,11.32,1.2,0.61,6.07,0.9,3.62,,,,,,68.5,2.85,186.25,0.0,0.0,325.25,,
2024-03-17 10:00:00,14.5,45.0,2.88,5.08,5.05,12.12,1.15,2.51,5.83,0.72,2.85,,,,,,68.0,3.0,191.5,0.0,0.0,340.25,,
2024-03-17 11:00:00,7.5,41.25,4.4,5.23,6.37,12.38,2.4,0.28,6.42,0.68,2.3,,,,,,68.25,3.3,196.75,0.0,0.0,431.75,,
2024-03-17 12:00:00,9.5,38.0,3.9,4.37,5.53,11.87,3.12,0.64,5.88,0.65,2.22,,,,,,69.0,3.18,212.0,0.0,0.0,478.75,,
2024-03-17 13:00:00,10.0,37.75,2.52,4.65,4.6,9.15,2.25,0.66,5.93,0.68,3.02,,,,,,68.5,3.22,214.75,0.0,0.0,434.5,,
2024-03-17 14:00:00,7.25,42.0,2.62,4.12,4.32,9.1,4.78,0.62,6.18,0.55,2.3,,,,,,68.5,3.25,195.75,0.0,0.0,379.75,,
2024-03-17 15:00:00,6.75,30.25,2.4,3.9,4.05,8.98,7.1,0.62,6.08,0.52,1.72,,,,,,69.0,3.45,183.75,0.0,0.0,285.5,,
2024-03-17 16:00:00,4.25,32.75,3.03,4.18,4.68,8.75,5.9,0.6,6.12,0.43,1.4,,,,,,68.0,3.0,201.0,0.0,0.0,175.25,,
2024-03-17 17:00:00,7.25,37.5,3.05,5.08,5.15,8.65,3.92,0.62,6.12,0.43,1.35,,,,,,69.0,2.7,195.0,0.0,0.0,41.5,,
2024-03-17 18:00:00,6.5,38.25,2.85,4.9,4.92,9.22,3.75,0.63,6.08,0.5,1.62,,,,,,68.75,2.62,202.0,0.0,0.0,15.5,,
2024-03-17 19:00:00,10.25,42.0,2.0,6.22,4.92,11.12,3.4,0.56,5.78,0.6,1.82,,,,,,68.5,2.3,214.25,0.0,0.0,15.0,,
2024-03-17 20:00:00,9.33,41.5,3.22,7.42,6.58,11.55,3.75,0.67,5.78,0.85,2.2,,,,,,66.0,2.2,218.0,0.0,0.0,15.0,,
2024-03-17 21:00:00,11.0,58.75,3.85,9.18,8.05,10.98,4.38,0.69,5.39,0.98,2.65,,,,,,68.0,1.95,208.5,0.0,0.0,15.0,,
2024-03-17 22:00:00,7.25,32.75,3.38,7.72,6.85,11.2,2.3,0.63,6.27,0.98,2.55,,,,,,68.25,2.05,209.5,0.0,0.0,15.0,,
2024-03-17 23:00:00,4.25,25.25,3.58,6.58,6.4,11.1,1.05,0.61,5.83,0.88,2.2,,,,,,66.75,1.7,198.0,0.0,0.0,15.0,,
2024-03-18 00:00:00,2.0,16.25,3.62,8.07,7.25,10.48,1.65,0.61,5.68,0.72,1.88,,,,,,69.0,1.48,203.5,0.0,0.0,15.0,,
2024-03-18 01:00:00,2.25,18.5,4.2,7.55,7.45,10.38,1.65,0.6,6.08,0.7,1.72,,,,,,68.25,1.3,223.0,0.0,0.0,15.0,,
2024-03-18 02:00:00,2.5,6.5,3.72,8.65,7.6,10.78,6.92,0.6,5.94,0.68,1.72,,,,,,68.75,1.23,221.75,0.0,0.0,15.0,,
2024-03-18 03:00:00,2.25,12.75,5.28,7.15,8.1,10.2,8.75,0.68,5.95,0.57,1.58,,,,,,69.25,1.05,198.75,0.0,0.0,15.0,,
2024-03-18 04:00:00,7.5,19.0,3.72,7.05,6.78,8.8,7.52,0.64,5.93,0.52,1.4,,,,,,69.75,1.4,194.25,0.0,0.0,15.0,,
2024-03-18 05:00:00,10.75,22.25,3.3,8.7,7.3,8.4,7.08,0.66,5.78,0.5,1.38,,,,,,69.75,1.52,178.25,0.0,0.0,15.0,,
2024-03-18 06:00:00,7.5,25.75,4.28,11.0,9.38,8.7,3.45,0.67,6.03,0.52,1.55,,,,,,69.75,1.42,227.0,0.0,0.0,24.25,,
2024-03-18 07:00:00,9.5,36.0,5.05,11.05,9.98,9.28,1.23,0.72,5.83,0.72,1.82,,,,,,71.0,1.6,188.75,0.0,0.0,118.25,,
2024-03-18 08:00:00,11.0,39.75,4.28,7.1,7.2,8.43,1.3,0.64,5.98,0.7,1.68,,,,,,69.25,2.28,154.5,0.0,0.0,142.5,,
2024-03-18 09:00:00,11.25,38.75,3.42,6.28,6.1,8.0,,0.66,5.54,0.7,1.8,,,,,,70.25,2.42,190.5,0.0,0.0,313.5,,
2024-03-18 10:00:00,11.75,53.5,2.92,6.45,5.78,8.4,,0.53,5.58,0.7,1.82,,,,,,70.0,2.85,189.0,0.0,0.0,404.75,,
2024-03-18 11:00:00,9.75,45.0,1.25,7.7,4.7,11.42,5.0,0.48,5.49,0.88,2.88,,,,,,68.5,2.72,204.75,0.0,0.0,448.75,,
2024-03-18 12:00:00,5.25,47.5,3.8,7.27,6.97,14.3,0.3,0.62,5.44,0.95,3.68,,,,,,67.5,3.5,195.0,0.0,0.0,459.75,,
2024-03-18 13:00:00,3.5,61.0,3.52,8.43,7.35,11.82,5.05,0.61,5.83,0.82,3.12,,,,,,67.5,3.5,214.0,0.0,0.0,436.75,,
2024-03-18 14:00:00,5.75,50.25,3.0,7.78,6.6,11.78,5.82,0.62,5.98,0.9,2.62,,,,,,66.75,3.65,205.0,0.0,0.0,373.5,,
2024-03-18 15:00:00,6.75,46.75,2.85,7.95,6.52,11.55,3.4,0.61,5.78,0.85,2.28,,,,,,67.5,3.38,198.0,0.0,0.0,278.25,,
2024-03-18 16:00:00,6.5,50.75,3.45,8.32,7.22,11.88,1.9,0.65,5.78,0.88,2.75,,,,,,66.5,3.3,213.0,0.0,0.0,168.0,,
2024-03-18 17:00:00,16.0,51.75,3.08,8.78,7.15,11.6,2.87,0.68,6.13,0.92,3.78,,,,,,67.0,2.52,221.5,0.0,0.0,42.25,,
2024-03-18 18:00:00,13.75,65.5,3.82,9.2,8.02,11.38,3.15,0.72,5.64,1.1,4.58,,,,,,67.25,2.6,240.5,0.0,0.0,15.75,,
2024-03-18 19:00:00,18.25,70.5,6.82,11.6,11.68,11.82,4.65,0.66,6.47,1.15,4.4,,,,,,67.5,2.28,227.75,0.0,0.0,15.0,,
2024-03-18 20:00:00,21.5,77.25,4.28,10.55,9.07,9.98,5.85,0.62,5.73,1.4,3.92,,,,,,68.0,2.58,262.5,0.0,0.0,15.0,,
2024-03-18 21:00:00,10.25,39.0,3.4,10.42,8.3,9.85,4.8,0.64,5.98,1.12,3.32,,,,,,68.25,2.55,,0.0,0.0,15.0,,
2024-03-18 22:00:00,8.25,35.5,3.0,8.8,7.12,9.75,5.7,0.66,5.68,1.02,2.9,,,,,,69.25,1.98,,0.0,0.0,15.0,,
2024-03-18 23:00:00,9.5,23.5,3.6,8.43,7.42,9.75,7.75,0.66,6.22,1.42,3.68,,,,,,69.0,1.78,,0.0,0.0,15.0,,
2024-03-19 00:00:00,10.5,18.25,3.5,8.38,7.3,9.25,3.2,0.64,5.78,1.05,2.72,,,,,,68.5,1.88,,0.0,0.0,15.0,,
2024-03-19 01:00:00,8.25,19.75,2.85,7.28,6.22,9.3,1.98,0.63,6.12,0.85,2.15,,,,,,69.0,1.68,,0.0,0.0,15.0,,
2024-03-19 02:00:00,6.0,27.25,2.35,5.65,4.9,9.62,1.32,0.55,5.42,0.72,1.88,,,,,,68.25,1.7,,0.0,0.0,15.0,,
2024-03-19 03:00:00,5.75,17.0,1.8,8.05,5.78,12.62,0.8,0.62,6.01,0.7,1.98,,,,,,69.25,1.1,194.0,0.0,0.0,15.0,,
2024-03-19 04:00:00,5.0,22.0,3.8,14.85,11.02,12.68,7.0,0.64,5.98,0.7,2.05,,,,,,69.0,1.48,268.0,0.0,0.0,15.0,,
2024-03-19 05:00:00,5.25,28.25,4.12,14.85,11.25,12.82,7.25,0.65,5.78,0.7,1.98,,,,,,69.0,1.55,291.5,0.0,0.0,15.0,,
2024-03-19 06:00:00,6.5,33.75,4.85,15.98,12.45,12.8,2.48,0.67,5.73,0.78,2.17,,,,,,68.75,1.18,211.0,0.0,0.0,23.5,,
2024-03-19 07:00:00,11.0,56.25,7.48,18.58,16.0,14.22,1.45,0.75,6.12,1.23,2.92,,,,,,69.5,1.2,215.0,0.0,0.0,105.75,,
2024-03-19 08:00:00,20.0,76.25,4.9,12.75,10.77,14.12,4.25,0.64,5.83,1.5,4.07,,,,,,68.5,2.33,314.0,0.0,0.0,217.25,,
2024-03-19 09:00:00,19.0,60.75,3.47,9.3,7.82,13.62,5.0,0.62,5.49,1.12,3.18,,,,,,68.25,2.5,,0.0,0.0,316.5,,
2024-03-19 10:00:00,16.0,59.5,3.62,7.48,6.93,13.98,3.3,0.26,6.13,0.98,2.7,,,,,,68.75,2.75,,0.0,0.0,406.5,,
2024-03-19 11:00:00,16.75,70.5,4.63,6.63,7.27,12.62,5.93,,6.37,0.9,2.3,,,,,,68.5,2.7,,0.0,0.0,451.75,,
2024-03-19 12:00:00,19.75,83.0,2.87,6.63,5.9,14.17,1.58,0.66,5.49,0.82,2.4,,,,,,69.25,2.7,,0.0,0.0,460.0,,
2024-03-19 13:00:00,22.25,85.5,2.72,6.68,5.78,12.5,2.42,0.66,5.93,0.78,2.9,,,,,,69.25,2.95,,0.0,0.0,434.5,,
2024-03-19 14:00:00,18.0,78.33,2.53,5.9,5.17,13.63,2.7,0.66,5.88,0.7,2.57,,,,,,68.67,3.57,,0.0,0.0,362.33,,
2024-03-19 15:00:00,8.25,86.0,3.0,5.48,5.35,13.52,2.68,0.64,5.68,0.68,2.05,,,,,,69.0,2.98,,0.0,0.0,275.0,,
2024-03-19 16:00:00,11.75,93.25,3.0,6.35,5.82,13.32,0.8,0.62,5.83,0.68,3.02,,,,,,68.25,3.0,,0.0,0.0,165.5,,
2024-03-19 17:00:00,21.25,104.75,3.15,6.65,6.05,13.35,,0.64,6.18,0.72,4.5,,,,,,68.25,3.02,,0.0,0.0,43.25,,
2024-03-19 18:00:00,25.5,103.75,1.73,8.75,5.68,15.4,1.85,0.59,5.73,0.92,3.82,,,,,,68.0,2.72,,0.0,0.0,15.5,,
2024-03-19 19:00:00,26.0,106.0,1.82,10.62,7.1,16.3,2.3,0.69,5.54,1.38,3.68,,,,,,67.0,2.65,,0.0,0.0,15.0,,
2024-03-19 20:00:00,22.75,89.5,2.95,10.35,7.88,15.65,2.22,0.66,5.93,1.32,3.35,,,,,,67.0,2.38,,0.0,0.0,15.0,,
2024-03-19 21:00:00,21.33,90.5,2.75,10.92,8.02,15.42,1.62,0.68,5.73,1.42,3.48,,,,,,67.0,2.48,,0.0,0.0,15.0,,
2024-03-19 22:00:00,19.75,76.75,2.82,9.62,7.42,14.85,4.25,0.63,5.78,1.35,3.15,,,,,,67.25,2.28,,0.0,0.0,15.0,,
2024-03-19 23:00:00,17.75,67.25,2.78,9.3,7.2,14.28,3.88,0.61,6.18,1.2,2.8,,,,,,67.25,2.02,,0.0,0.0,15.0,,
2024-03-20 00:00:00,12.75,66.25,2.52,7.9,6.25,14.2,3.4,0.64,6.03,1.03,2.28,,,,,,68.0,1.9,345.0,0.0,0.0,15.0,,
2024-03-20 01:00:00,10.0,60.5,2.62,9.3,7.08,13.8,3.4,0.64,5.98,0.88,1.92,,,,,,68.0,1.78,,0.0,0.0,15.0,,
2024-03-20 02:00:00,13.25,58.75,4.78,7.75,8.02,12.85,5.5,0.7,6.27,0.75,1.6,,,,,,68.0,2.05,276.5,0.0,0.0,14.75,,
2024-03-20 03:00:00,14.75,59.5,3.45,9.72,8.02,12.3,7.12,0.64,5.68,0.6,1.25,,,,,,69.0,1.8,,0.0,0.0,14.5,,
2024-03-20 04:00:00,18.25,63.25,3.08,13.38,9.62,12.18,6.3,0.64,6.27,0.6,1.27,,,,,,70.0,1.72,,0.0,0.0,14.75,,
2024-03-20 05:00:00,21.0,62.25,2.88,11.4,8.4,11.88,6.42,0.68,5.68,0.6,1.38,,,,,,70.5,1.25,284.0,0.0,0.0,14.25,,
2024-03-20 06:00:00,18.5,70.25,2.92,15.02,10.38,11.38,3.68,0.7,5.98,0.75,1.78,,,,,,71.25,0.88,128.0,0.0,0.0,26.5,,
2024-03-20 07:00:00,24.75,111.5,8.43,22.52,18.9,14.75,3.08,0.87,5.93,1.45,3.9,,,,,,70.75,0.55,179.0,0.0,0.0,108.75,,
2024-03-20 08:00:00,34.0,172.5,6.78,14.8,13.38,11.92,4.53,0.62,5.78,2.15,6.78,,,,,,70.5,2.05,,0.0,0.0,190.5,,
2024-03-20 09:00:00,18.25,91.0,3.25,9.07,7.48,10.48,3.1,0.52,5.73,1.45,4.68,,,,,,70.75,2.48,,0.0,0.0,230.75,,
2024-03-20 10:00:00,15.25,68.5,1.8,8.0,4.62,13.15,3.3,,5.88,1.12,3.52,,,,,,69.0,2.42,,0.0,0.0,365.5,,
2024-03-20 11:00:00,13.25,74.5,1.4,8.2,5.5,13.67,6.97,,6.22,1.05,3.45,,,,,,68.0,2.8,,0.0,0.0,452.0,,
2024-03-20 12:00:00,14.5,82.0,3.1,7.9,6.7,15.53,4.25,0.62,5.68,0.88,2.8,,,,,,68.0,2.68,,0.0,0.0,456.75,,
2024-03-20 13:00:00,15.25,85.75,3.05,7.78,6.65,13.75,3.35,0.62,5.83,0.8,2.8,,,,,,68.25,3.1,,0.0,0.0,440.5,,
2024-03-20 14:00:00,15.5,74.75,3.0,7.25,6.28,13.35,5.38,0.62,5.64,0.85,2.7,,,,,,67.25,3.1,,0.0,0.0,380.25,,
2024-03-20 15:00:00,21.5,86.0,2.42,7.07,5.75,13.48,5.38,0.61,6.47,0.68,2.55,,,,,,67.5,3.08,,0.0,0.0,289.5,,
2024-03-20 16:00:00,18.75,80.5,3.18,8.18,6.95,13.95,4.8,0.65,5.59,0.85,2.92,,,,,,67.25,2.82,,0.0,0.0,176.25,,
2024-03-20 17:00:00,22.25,89.25,3.22,7.32,6.48,13.75,3.4,0.68,5.49,0.9,4.2,,,,,,67.5,2.6,,0.0,0.0,41.0,,
2024-03-20 18:00:00,16.75,80.5,4.95,6.45,7.45,12.08,3.25,0.7,5.98,0.88,5.22,,,,,,67.5,2.55,,0.0,0.0,15.0,,
2024-03-20 19:00:00,17.0,67.75,3.15,7.2,6.38,11.1,2.82,0.7,5.78,1.08,5.42,,,,,,67.75,2.3,,0.0,0.0,14.75,,
2024-03-20 20:00:00,17.0,58.75,2.82,6.52,5.78,10.88,4.6,0.65,6.18,1.1,5.52,,,,,,67.5,2.25,352.0,0.0,0.0,14.75,,
2024-03-20 21:00:00,10.0,51.75,3.0,6.68,5.98,10.82,4.15,0.68,5.83,1.05,4.65,,,,,,67.0,2.22,,0.0,0.0,14.0,,
2024-03-20 22:00:00,14.25,48.25,3.08,6.35,5.9,10.68,3.92,0.64,5.68,0.98,4.1,,,,,,68.0,2.28,,0.0,0.0,14.0,,
2024-03-20 23:00:00,8.75,39.0,3.12,5.28,5.35,10.58,4.0,0.63,5.83,0.82,3.22,,,,,,68.25,2.35,,0.0,0.0,14.25,,
2024-03-21 00:00:00,8.25,34.75,2.2,5.7,4.82,10.28,5.72,0.61,5.83,0.72,2.58,,,,,,69.25,2.5,,0.0,0.0,14.25,,
2024-03-21 01:00:00,8.5,30.75,2.4,5.35,4.82,10.25,6.95,0.6,5.05,0.62,2.02,,,,,,69.0,2.65,,0.0,0.0,14.25,,
2024-03-21 02:00:00,7.25,28.5,0.85,4.47,3.1,12.7,5.78,0.6,5.75,0.52,1.75,,,,,,68.75,2.3,,0.0,0.0,15.0,,
2024-03-21 03:00:00,9.0,22.75,2.42,4.85,4.53,12.58,5.1,0.6,5.81,0.52,1.65,,,,,,68.5,2.4,,0.0,0.0,15.0,,
2024-03-21 04:00:00,11.25,22.0,3.35,5.58,5.72,11.85,1.7,0.6,5.93,0.5,1.5,,,,,,68.0,2.28,,0.0,0.0,15.0,,
2024-03-21 05:00:00,9.75,32.75,2.62,6.62,5.62,11.65,0.5,0.62,6.03,0.5,1.48,,,,,,69.25,1.95,,0.0,0.0,15.0,,
2024-03-21 06:00:00,12.5,42.25,3.42,7.85,6.95,11.72,1.85,0.64,5.98,0.6,1.62,,,,,,67.5,2.02,,0.0,0.0,30.0,,
2024-03-21 07:00:00,14.0,55.75,3.7,8.38,7.45,12.08,3.88,0.68,5.73,0.78,1.88,,,,,,68.0,2.42,,0.0,0.0,110.5,,
2024-03-21 08:00:00,13.5,61.5,3.3,7.42,6.6,12.42,7.8,0.66,5.49,0.8,1.98,,,,,,68.25,2.6,,0.0,0.0,173.5,,
2024-03-21 09:00:00,13.5,70.0,3.2,6.82,6.2,12.35,8.9,0.7,6.02,0.8,2.1,,,,,,67.25,3.0,,0.0,0.0,297.25,,
2024-03-21 10:00:00,17.5,62.25,4.45,5.65,6.7,11.15,8.63,,5.2,0.68,1.82,,,,,,69.0,3.05,,0.0,0.0,403.5,,
2024-03-21 11:00:00,16.75,56.75,3.0,5.1,5.1,11.18,13.1,,5.54,0.57,1.6,,,,,,68.75,3.08,,0.0,0.0,423.0,,
2024-03-21 12:00:00,17.5,57.75,3.03,3.77,4.43,13.23,6.3,0.62,5.39,0.52,1.38,,,,,,69.25,3.12,,0.0,0.0,414.25,,
2024-03-21 13:00:00,13.75,60.0,2.65,4.5,4.55,10.88,,0.62,5.78,0.52,1.55,,,,,,69.0,2.82,,0.0,0.0,442.5,,
2024-03-21 14:00:00,11.0,47.5,3.35,3.75,4.6,10.6,3.7,0.62,5.78,0.5,1.9,,,,,,66.5,2.9,,0.0,0.0,369.0,,
2024-03-21 15:00:00,6.25,45.75,2.42,4.45,4.32,11.4,3.92,0.57,5.2,0.4,2.33,,,,,,67.25,2.85,338.0,0.0,0.0,276.75,,
2024-03-21 16:00:00,7.5,49.5,3.08,4.12,4.75,11.65,3.6,0.56,5.68,0.43,2.82,,,,,,67.25,2.98,,0.0,0.0,162.5,,
2024-03-21 17:00:00,11.25,49.25,2.38,5.03,4.58,11.35,4.53,0.56,5.74,0.48,2.68,,,,,,68.5,2.75,,0.0,0.0,43.5,,
2024-03-21 18:00:00,17.5,64.0,1.1,8.22,5.05,14.8,4.32,0.66,5.14,0.8,4.03,,,,,,67.25,2.28,,0.0,0.0,15.5,,
2024-03-21 19:00:00,15.0,66.75,2.3,9.45,6.9,16.35,4.92,0.66,5.39,1.3,5.38,,,,,,66.5,2.3,,0.0,0.0,15.25,,
2024-03-21 20:00:00,11.75,55.5,3.45,9.45,7.82,14.5,3.62,0.64,5.68,1.32,4.68,,,,,,66.25,2.2,,0.0,0.0,15.0,,
2024-03-21 21:00:00,12.25,50.0,3.3,8.12,7.05,13.32,4.7,0.64,5.78,1.18,4.0,,,,,,67.25,2.28,,0.0,0.0,15.0,,
2024-03-21 22:00:00,14.0,45.25,2.85,8.25,6.78,12.8,4.97,0.65,5.98,1.08,3.48,,,,,,67.25,1.9,,0.0,0.0,15.0,,
2024-03-21 23:00:00,8.0,39.0,2.42,7.05,5.75,12.6,5.15,0.62,5.98,0.92,3.02,,,,,,67.75,1.68,,0.0,0.0,15.0,,
2024-03-22 00:00:00,7.75,33.75,3.1,6.82,6.18,11.88,5.25,0.63,6.08,0.82,2.52,,,,,,68.25,1.72,,0.0,0.0,15.0,,
2024-03-22 01:00:00,7.25,27.5,2.95,6.32,5.78,11.62,6.15,0.63,5.98,0.75,2.17,,,,,,67.5,1.5,,0.0,0.0,15.0,,
2024-03-22 02:00:00,9.33,28.75,4.8,5.18,6.65,10.38,2.6,0.64,6.08,0.68,1.92,,,,,,68.5,1.4,,0.0,0.0,15.0,,
2024-03-22 03:00:00,11.0,26.5,2.78,6.3,5.6,10.3,1.3,0.73,6.01,0.65,1.8,,,,,,70.75,1.02,,0.0,0.0,15.0,,
2024-03-22 04:00:00,9.5,26.5,2.72,6.5,5.62,9.98,3.95,0.64,6.32,0.78,1.9,,,,,,70.0,0.7,,0.0,0.0,15.0,,
2024-03-22 05:00:00,12.5,42.0,3.6,6.32,6.28,9.95,4.78,0.67,5.74,0.9,2.02,,,,,,69.25,0.9,,0.0,0.0,15.0,,
2024-03-22 06:00:00,11.75,55.5,3.45,7.5,6.78,10.12,5.72,0.64,6.32,1.05,2.3,,,,,,70.75,0.57,,0.0,0.0,23.5,,
2024-03-22 07:00:00,24.5,95.75,6.1,15.73,13.35,12.38,5.45,0.8,5.83,1.45,3.72,,,,,,71.0,0.65,154.5,0.0,0.0,84.75,,
2024-03-22 08:00:00,28.5,140.25,6.9,13.68,12.88,11.8,3.05,0.67,5.88,2.33,5.82,,,,,,70.25,1.38,27.0,0.0,0.0,247.0,,
2024-03-22 09:00:00,24.5,102.75,3.32,7.7,6.78,10.12,0.5,0.5,5.93,1.75,4.22,,,,,,69.0,2.12,,0.0,0.0,322.0,,
2024-03-22 10:00:00,13.25,66.0,1.15,7.0,4.68,12.48,1.57,0.95,5.93,1.55,3.82,,,,,,68.5,2.38,,0.0,0.0,402.75,,
2024-03-22 11:00:00,4.5,56.75,2.87,6.73,5.9,12.83,5.07,0.14,5.73,1.27,3.32,,,,,,68.25,2.62,,0.0,0.0,466.5,,
2024-03-22 12:00:00,11.75,55.25,3.27,6.67,6.2,16.27,2.82,0.6,6.18,1.18,3.18,,,,,,67.5,2.92,,0.0,0.0,476.25,,
2024-03-22 13:00:00,12.25,52.25,2.88,6.88,5.95,13.12,2.7,0.59,5.98,1.05,3.78,,,,,,67.25,2.88,,0.0,0.0,451.25,,
2024-03-22 14:00:00,13.25,53.0,3.42,7.52,6.8,13.08,3.92,0.65,6.12,0.9,4.12,,,,,,66.5,2.75,,0.0,0.0,383.25,,
2024-03-22 15:00:00,6.75,59.25,3.05,7.5,6.48,14.0,3.98,0.64,5.44,0.88,3.88,,,,,,67.75,2.8,,0.0,0.0,287.75,,
2024-03-22 16:00:00,12.25,52.25,2.75,6.08,5.5,14.95,3.15,0.64,6.12,0.88,3.55,,,,,,66.5,2.8,,0.0,0.0,172.5,,
2024-03-22 17:00:00,14.75,58.5,3.55,7.75,7.02,13.9,2.92,0.72,6.12,0.95,8.38,,,,,,66.5,2.5,,0.0,0.0,37.5,,
2024-03-22 18:00:00,19.5,69.25,4.6,7.45,7.68,12.08,3.53,0.63,5.63,1.0,6.3,,,,,,68.0,2.12,295.5,0.0,0.0,15.25,,
2024-03-22 19:00:00,18.5,74.75,2.58,7.95,6.35,11.62,2.3,0.69,5.98,1.12,6.68,,,,,,68.5,2.02,,0.0,0.0,15.0,,
2024-03-22 20:00:00,18.25,60.75,2.85,7.85,6.5,11.6,1.0,0.67,5.68,1.15,7.6,,,,,,68.5,1.82,,0.0,0.0,15.0,,
2024-03-22 21:00:00,13.25,55.5,4.03,7.68,7.35,11.28,,0.69,5.74,1.12,6.22,,,,,,68.5,1.58,,0.0,0.0,15.0,,
2024-03-22 22:00:00,14.0,51.5,2.82,8.52,6.8,11.28,4.12,0.64,6.08,1.1,5.15,,,,,,68.0,1.2,,0.0,0.0,15.0,,
2024-03-22 23:00:00,13.75,51.25,2.65,7.82,6.38,10.98,5.1,0.64,5.2,1.02,4.4,,,,,,68.75,1.35,,0.0,0.0,15.0,,
2024-03-23 00:00:00,12.0,45.0,2.68,7.32,6.1,10.8,5.78,0.65,5.54,0.92,3.75,,,,,,68.75,1.25,335.0,0.0,0.0,15.0,,
2024-03-23 01:00:00,8.75,43.0,1.78,6.9,5.15,12.25,6.02,0.55,5.54,0.85,3.28,,,,,,69.5,1.25,270.0,0.0,0.0,15.0,,
2024-03-23 02:00:00,7.75,46.25,1.62,8.1,5.62,13.2,5.25,0.64,6.14,0.88,3.08,,,,,,68.75,1.2,286.5,0.0,0.0,15.0,,
2024-03-23 03:00:00,7.5,46.25,2.78,13.7,9.52,14.2,4.65,0.64,5.94,0.8,2.8,,,,,,68.25,1.32,,0.0,0.0,15.0,,
2024-03-23 04:00:00,9.5,44.0,3.28,15.6,10.98,12.95,4.25,0.64,5.68,0.8,2.62,,,,,,68.75,1.05,172.0,0.0,0.0,15.0,,
2024-03-23 05:00:00,11.0,45.0,3.8,16.32,11.78,13.08,5.55,0.66,6.03,0.82,2.85,,,,,,68.5,1.38,323.0,0.0,0.0,15.0,,
2024-03-23 06:00:00,14.0,54.75,4.75,19.55,14.22,13.98,4.72,0.71,5.58,1.02,3.15,,,,,,70.0,0.75,,0.0,0.0,26.75,,
2024-03-23 07:00:00,26.75,93.5,9.62,20.4,18.7,18.65,6.3,0.86,5.83,2.18,6.6,,,,,,68.5,0.92,126.75,0.0,0.0,83.75,,
2024-03-23 08:00:00,37.5,146.25,8.95,21.95,18.95,17.95,5.95,0.78,5.44,2.75,8.3,,,,,,69.0,1.27,226.67,0.0,0.0,171.5,,
2024-03-23 09:00:00,31.25,123.0,5.42,14.4,12.02,13.45,4.53,0.82,5.83,2.55,7.65,,,,,,68.25,2.52,,0.0,0.0,313.75,,
2024-03-23 10:00:00,18.5,77.25,3.28,9.15,7.58,10.88,2.43,0.96,5.93,1.65,4.78,,,,,,69.75,2.6,,0.0,0.0,400.0,,
2024-03-23 11:00:00,22.0,74.5,2.1,6.77,5.27,11.0,5.4,0.15,5.98,1.25,3.85,,,,,,68.75,3.02,291.5,0.0,0.0,457.0,,
2024-03-23 12:00:00,18.25,78.25,2.17,6.17,5.03,13.37,1.8,0.55,6.32,1.08,5.0,,,,,,69.75,3.08,309.0,0.0,0.0,466.5,,
2024-03-23 13:00:00,14.25,87.75,2.62,6.08,5.38,10.28,,0.52,5.98,1.02,6.85,,,,,,67.75,3.42,321.5,0.0,0.0,443.0,,
2024-03-23 14:00:00,10.0,72.0,2.7,5.38,5.03,10.5,1.02,0.64,5.78,0.92,5.28,,,,,,68.0,3.08,307.75,0.0,0.0,378.75,,
2024-03-23 15:00:00,12.5,80.0,3.1,5.55,5.48,10.72,1.15,0.65,5.78,1.05,3.32,,,,,,69.25,3.32,301.75,0.0,0.0,286.5,,
2024-03-23 16:00:00,12.75,77.0,3.08,5.9,5.68,10.75,2.43,0.65,5.93,0.88,3.5,,,,,,68.25,2.95,315.75,0.0,0.0,174.25,,
2024-03-23 17:00:00,18.0,80.75,1.45,7.45,5.15,13.28,3.42,0.54,5.49,1.0,4.92,,,,,,67.75,2.65,329.5,0.0,0.0,38.25,,
2024-03-23 18:00:00,17.0,86.5,1.92,9.45,6.6,13.92,4.78,0.66,5.78,1.25,5.0,,,,,,66.75,2.62,289.75,0.0,0.0,15.5,,
2024-03-23 19:00:00,13.75,71.75,2.88,9.8,7.5,13.48,3.82,0.68,6.03,1.5,5.57,,,,,,67.5,2.33,290.5,0.0,0.0,15.0,,
2024-03-23 20:00:00,14.0,72.5,2.22,9.6,6.95,13.52,2.55,0.68,5.49,1.38,4.58,,,,,,68.0,2.45,317.5,0.0,0.0,15.0,,
2024-03-23 21:00:00,14.25,59.5,3.38,9.15,7.58,13.48,0.82,0.68,6.02,1.25,3.88,,,,,,66.75,2.52,314.25,0.0,0.0,15.0,,
2024-03-23 22:00:00,8.5,56.0,2.72,7.85,6.35,13.22,1.3,0.66,5.49,1.08,3.3,,,,,,67.75,2.4,313.0,0.0,0.0,15.0,,
2024-03-23 23:00:00,14.75,41.25,2.4,9.07,6.78,12.58,1.3,0.64,5.98,0.98,2.72,,,,,,67.25,2.3,294.25,0.0,0.0,15.0,,
2024-03-24 00:00:00,9.33,42.0,3.05,12.78,9.28,12.2,3.53,0.66,5.98,0.82,2.22,,,,,,68.0,2.35,299.25,0.0,0.0,15.0,,
2024-03-24 01:00:00,7.25,40.25,4.3,10.02,8.9,11.32,3.92,0.69,5.64,0.7,1.72,,,,,,67.25,1.65,295.25,0.0,0.0,15.0,,
2024-03-24 02:00:00,11.25,35.0,3.4,7.48,6.75,10.07,0.8,0.67,6.4,0.62,1.72,,,,,,70.0,1.4,290.25,0.0,0.0,15.0,,
2024-03-24 03:00:00,11.25,38.75,2.47,9.02,6.8,10.8,0.93,0.68,6.21,0.68,1.92,,,,,,70.25,1.12,252.0,0.0,0.0,15.0,,
2024-03-24 04:00:00,11.0,52.75,3.2,11.05,8.48,10.35,4.08,0.64,5.59,0.82,2.42,,,,,,70.75,1.05,267.75,0.0,0.0,15.0,,
2024-03-24 05:00:00,18.25,70.0,4.92,15.27,12.08,11.45,2.95,0.7,5.54,1.2,4.62,,,,,,70.5,0.6,169.25,0.0,0.0,15.0,,
2024-03-24 06:00:00,23.5,99.75,8.07,15.72,14.92,12.35,3.88,0.7,5.73,1.92,7.15,,,,,,70.0,0.52,217.0,0.0,0.0,31.25,,
2024-03-24 07:00:00,27.0,110.75,9.12,15.12,15.48,13.05,6.48,0.79,5.88,2.42,8.5,,,,,,71.0,0.92,209.5,0.0,0.0,109.75,,
2024-03-24 08:00:00,25.75,117.0,7.22,15.18,13.92,12.0,3.2,0.63,5.68,2.42,8.18,,,,,,71.0,1.27,256.0,0.0,0.0,188.5,,
2024-03-24 09:00:00,26.5,100.25,1.72,11.4,7.48,13.18,0.47,0.58,5.44,2.25,7.02,,,,,,69.5,2.05,321.25,0.0,0.0,305.75,,
2024-03-24 10:00:00,12.75,64.75,2.48,8.7,6.65,12.62,4.43,0.64,5.88,1.75,5.3,,,,,,68.25,2.62,339.0,0.0,0.0,405.0,,
2024-03-24 11:00:00,12.5,55.75,2.9,6.73,5.9,12.67,10.47,0.05,5.68,1.27,3.85,,,,,,68.0,2.8,309.0,0.0,0.0,430.25,,
2024-03-24 12:00:00,13.75,56.75,2.93,7.93,6.67,16.93,8.38,0.53,5.98,1.03,3.2,,,,,,67.75,2.78,306.5,0.0,0.0,460.5,,
2024-03-24 13:00:00,11.5,53.5,3.2,7.68,6.68,13.48,5.58,0.5,5.73,0.78,2.22,,,,,,67.75,3.28,308.5,0.0,0.0,437.5,,
2024-03-24 14:00:00,8.25,54.0,3.05,6.6,6.0,13.3,6.1,0.62,5.54,0.68,3.38,,,,,,66.75,3.58,277.0,0.0,0.0,346.25,,
2024-03-24 15:00:00,10.75,49.25,2.3,6.78,5.48,12.98,7.98,0.62,5.78,0.57,2.42,,,,,,67.5,3.3,292.75,0.0,0.0,281.75,,
2024-03-24 16:00:00,8.75,45.5,2.8,6.85,5.92,12.2,3.55,0.72,5.88,0.55,1.85,,,,,,66.75,2.95,303.5,0.0,0.0,166.75,,
2024-03-24 17:00:00,12.5,50.0,4.85,6.58,7.45,9.68,1.5,0.61,6.22,0.5,1.52,,,,,,68.0,2.72,333.5,0.0,0.0,42.5,,
2024-03-24 18:00:00,10.25,50.0,2.58,6.98,5.78,9.68,3.55,0.66,5.64,0.6,1.68,,,,,,68.5,2.4,291.5,0.0,0.0,16.25,,
2024-03-24 19:00:00,17.25,50.75,2.33,8.52,6.42,10.32,5.8,0.7,5.68,0.72,1.92,,,,,,68.25,2.25,309.75,0.0,0.0,15.0,,
2024-03-24 20:00:00,16.75,53.5,3.1,8.4,6.98,10.75,1.6,0.67,5.74,0.88,2.12,,,,,,68.75,1.78,316.75,0.0,0.0,15.0,,
2024-03-24 21:00:00,12.75,52.5,2.75,7.88,6.42,10.8,0.8,0.68,5.68,0.98,2.48,,,,,,69.0,1.68,279.5,0.0,0.0,15.0,,
2024-03-24 22:00:00,11.0,42.25,3.05,7.5,6.45,10.42,4.52,0.63,5.83,0.9,2.32,,,,,,69.5,1.52,335.0,0.0,0.0,15.0,,
2024-03-24 23:00:00,7.75,34.5,2.95,7.38,6.35,10.17,4.97,0.64,6.08,0.85,2.28,,,,,,69.5,1.1,333.75,0.0,0.0,15.0,,
2024-03-25 00:00:00,6.0,35.75,1.78,7.8,5.6,10.95,5.1,0.56,5.73,0.82,2.2,,,,,,69.25,0.95,345.33,0.0,0.0,15.0,,
2024-03-25 01:00:00,5.5,35.0,2.65,8.72,6.8,12.8,4.7,0.62,5.29,0.9,2.25,,,,,,67.75,0.72,324.67,0.0,0.0,15.0,,
2024-03-25 02:00:00,11.75,35.0,3.58,9.07,7.72,12.68,1.5,0.64,5.68,0.88,2.25,,,,,,69.75,0.65,344.0,0.0,0.0,15.0,,
2024-03-25 03:00:00,6.75,36.0,2.58,9.1,6.95,12.92,,0.63,6.08,0.85,2.28,,,,,,68.75,0.82,330.0,0.0,0.0,15.0,,
2024-03-25 04:00:00,4.0,38.75,4.1,10.15,8.75,13.62,5.65,0.64,5.49,1.02,2.2,,,,,,69.0,1.08,311.5,0.0,0.0,15.0,,
2024-03-25 05:00:00,9.25,40.0,3.18,10.45,8.1,12.02,8.38,0.64,6.42,0.95,2.32,,,,,,70.5,0.98,304.0,0.0,0.0,15.0,,
2024-03-25 06:00:00,14.75,50.0,2.5,9.55,7.05,12.12,2.63,0.64,5.74,0.92,2.38,,,,,,69.75,0.65,282.5,0.0,0.0,27.25,,
2024-03-25 07:00:00,15.0,76.75,6.3,15.55,13.42,15.58,0.3,0.76,5.39,1.38,3.52,,,,,,69.0,0.78,70.25,0.0,0.0,99.75,,
2024-03-25 08:00:00,23.0,100.75,4.5,9.0,8.45,12.08,4.68,0.64,5.24,1.72,4.1,,,,,,69.75,1.88,283.0,0.0,0.0,206.75,,
2024-03-25 09:00:00,12.5,40.25,4.55,6.0,6.88,9.57,5.45,0.63,6.22,1.08,2.45,,,,,,69.0,1.98,288.25,0.0,0.0,313.5,,
2024-03-25 10:00:00,14.75,42.5,2.85,6.75,5.88,9.57,4.57,0.93,5.83,0.92,2.12,,,,,,69.75,2.2,322.25,0.0,0.0,356.0,,
2024-03-25 11:00:00,8.0,48.25,2.43,6.03,5.17,10.53,8.9,0.4,5.93,0.75,1.8,,,,,,69.25,2.35,318.5,0.0,0.0,387.75,,
2024-03-25 12:00:00,6.0,47.75,2.17,5.23,4.57,12.37,2.15,0.63,5.68,0.62,1.75,,,,,,69.5,2.58,302.0,0.0,0.0,384.0,,
2024-03-25 13:00:00,6.25,39.25,3.18,5.8,5.65,9.72,3.15,0.62,5.83,0.57,1.75,,,,,,69.75,2.42,358.5,0.0,0.0,421.0,,
2024-03-25 14:00:00,8.0,48.0,2.3,5.32,4.7,9.85,0.98,0.63,5.78,0.55,1.88,,,,,,68.0,2.28,,0.0,0.0,358.25,,
2024-03-25 15:00:00,12.25,37.0,2.72,5.7,5.25,9.88,0.8,0.63,5.68,0.5,1.75,,,,,,68.5,1.88,,0.0,0.0,269.75,,
2024-03-25 16:00:00,15.0,40.25,2.03,6.62,4.68,11.32,3.92,0.56,5.58,0.62,2.75,,,,,,68.75,2.33,,0.0,0.0,164.0,,
2024-03-25 17:00:00,10.75,42.25,2.5,6.2,5.3,12.85,4.32,0.64,6.18,0.62,2.58,,,,,,67.75,2.22,,0.0,0.0,39.5,,
2024-03-25 18:00:00,7.0,46.5,2.62,7.9,6.32,12.68,6.48,0.64,5.73,0.7,2.75,,,,,,67.5,1.65,352.0,0.0,0.0,15.5,,
2024-03-25 19:00:00,8.0,47.75,2.52,8.28,6.42,12.25,6.05,0.68,5.68,0.92,3.35,,,,,,67.25,1.35,,0.0,0.0,15.0,,
2024-03-25 20:00:00,11.0,47.0,3.15,9.78,7.78,12.55,5.45,0.68,5.64,1.08,3.5,,,,,,67.75,1.23,,0.0,0.0,15.0,,
2024-03-25 21:00:00,10.25,48.0,3.55,10.05,8.25,12.62,4.53,0.69,5.39,1.08,3.42,,,,,,67.75,1.08,341.0,0.0,0.0,15.0,,
2024-03-25 22:00:00,8.75,45.0,3.52,8.93,7.62,12.62,4.05,0.64,5.54,1.12,3.42,,,,,,68.75,0.88,322.0,0.0,0.0,15.0,,
2024-03-25 23:00:00,10.25,33.25,3.65,7.85,7.18,12.2,2.9,0.64,5.93,1.1,3.32,,,,,,68.75,0.72,332.0,0.0,0.0,15.0,,
2024-03-26 00:00:00,7.5,27.75,5.05,7.22,7.92,11.22,7.15,0.68,6.03,1.0,2.95,,,,,,68.5,0.82,316.75,0.0,0.0,15.0,,
2024-03-26 01:00:00,6.5,34.25,3.85,6.42,6.55,9.93,10.15,0.64,5.54,0.9,2.65,,,,,,70.0,0.8,324.75,0.0,0.0,15.0,,
2024-03-26 02:00:00,8.0,27.25,3.25,5.95,5.82,9.85,3.7,0.63,5.75,0.8,2.38,,,,,,70.0,0.62,324.0,0.0,0.0,15.0,,
2024-03-26 03:00:00,9.25,22.25,3.0,7.55,6.42,10.05,,0.65,5.81,0.8,2.32,,,,,,70.75,0.55,300.25,0.0,0.0,14.75,,
2024-03-26 04:00:00,11.75,26.0,2.98,7.98,6.7,9.72,3.35,0.65,6.17,0.72,2.38,,,,,,70.25,0.5,278.0,0.0,0.0,15.0,,
2024-03-26 05:00:00,9.25,36.5,2.78,11.6,8.43,9.12,4.1,0.67,5.54,0.82,2.75,,,,,,71.25,0.52,284.5,0.0,0.0,15.0,,
2024-03-26 06:00:00,13.25,48.75,3.98,14.7,11.0,9.65,4.1,0.65,5.78,1.02,3.32,,,,,,70.75,1.12,291.0,0.0,0.0,32.5,,
2024-03-26 07:00:00,13.25,66.5,3.15,9.07,7.35,9.05,2.42,0.67,5.39,1.0,3.02,,,,,,69.25,1.8,311.5,0.0,0.0,112.25,,
2024-03-26 08:00:00,11.0,48.5,1.47,7.82,5.08,10.32,0.9,0.56,5.29,1.12,2.58,,,,,,69.0,2.35,311.25,0.0,0.0,218.0,,
2024-03-26 09:00:00,11.25,46.25,2.52,7.52,6.1,10.6,2.02,0.66,6.03,1.03,2.3,,,,,,68.75,2.72,283.5,0.0,0.0,268.75,,
2024-03-26 10:00:00,12.0,54.0,2.62,7.28,6.02,11.35,0.8,0.71,5.83,0.85,1.9,,,,,,68.5,3.0,270.25,0.0,0.0,419.25,,
2024-03-26 11:00:00,12.25,57.0,2.03,6.27,5.07,12.22,1.5,0.09,5.68,0.8,1.82,,,,,,68.0,3.08,314.25,0.0,0.0,460.5,,
2024-03-26 12:00:00,13.0,63.0,2.47,6.27,5.4,16.97,0.77,0.54,5.34,0.72,2.05,,,,,,68.25,3.18,305.75,0.0,0.0,470.5,,
2024-03-26 13:00:00,12.0,75.0,2.95,6.05,5.6,12.68,0.37,0.52,5.63,0.78,2.32,,,,,,67.25,3.15,337.0,0.0,0.0,443.5,,
2024-03-26 14:00:00,8.25,56.0,3.58,5.88,5.98,12.02,6.02,0.62,5.88,0.68,2.08,,,,,,67.0,3.22,309.67,0.0,0.0,382.0,,
2024-03-26 15:00:00,6.5,53.0,2.08,6.6,5.2,11.92,5.35,0.65,5.68,0.62,2.25,,,,,,67.0,3.3,320.25,0.0,0.0,290.0,,
2024-03-26 16:00:00,7.5,55.25,5.08,6.7,7.72,9.2,4.2,0.69,6.47,0.55,2.65,,,,,,67.75,2.85,317.33,0.0,0.0,178.75,,
2024-03-26 17:00:00,6.75,60.75,3.28,5.25,5.42,9.02,5.35,0.68,5.93,0.62,3.22,,,,,,68.75,2.6,345.5,0.0,0.0,33.75,,
2024-03-26 18:00:00,11.25,57.5,2.88,6.18,5.57,9.8,3.65,0.65,5.88,0.68,4.97,,,,,,68.0,2.17,339.25,0.0,0.0,15.5,,
2024-03-26 19:00:00,17.0,60.0,2.88,6.6,5.8,10.35,4.12,0.7,5.93,0.9,5.55,,,,,,68.0,2.08,329.67,0.0,0.0,15.0,,
2024-03-26 20:00:00,13.75,59.75,3.0,7.65,6.55,10.15,1.78,0.68,5.98,0.98,4.9,,,,,,68.5,2.15,324.5,0.0,0.0,15.0,,
2024-03-26 21:00:00,12.0,48.5,3.18,6.82,6.2,10.1,1.25,0.69,5.83,0.88,3.85,,,,,,67.75,2.35,337.0,0.0,0.0,15.0,,
2024-03-26 22:00:00,8.5,43.0,3.28,6.55,6.12,9.85,4.32,0.64,6.08,0.8,3.22,,,,,,69.0,1.78,345.67,0.0,0.0,15.0,,
2024-03-26 23:00:00,7.0,37.0,2.7,5.82,5.25,10.2,7.15,0.62,5.88,0.8,2.92,,,,,,68.5,1.65,330.0,0.0,0.0,15.0,,
2024-03-27 00:00:00,7.25,26.0,1.12,6.35,4.32,12.48,7.72,0.64,5.44,0.78,2.58,,,,,,68.5,1.35,326.33,0.0,0.0,15.0,,
2024-03-27 01:00:00,7.25,20.75,3.05,7.42,6.42,11.98,7.8,0.64,5.54,0.75,2.35,,,,,,68.5,1.6,302.25,0.0,0.0,15.0,,
2024-03-27 02:00:00,7.75,22.75,2.58,7.28,6.0,11.88,1.8,0.62,5.75,0.62,1.92,,,,,,68.5,0.9,288.67,0.0,0.0,15.0,,
2024-03-27 03:00:00,13.5,22.75,3.1,8.82,7.28,12.32,,0.63,5.75,0.6,1.9,,,,,,70.0,0.68,286.33,0.0,0.0,15.0,,
2024-03-27 04:00:00,10.25,38.75,5.65,17.15,13.7,16.32,2.63,0.78,5.63,1.15,3.22,,,,,,69.75,0.52,105.75,0.0,0.0,15.0,,
2024-03-27 05:00:00,19.5,74.25,6.05,14.72,12.73,14.92,2.72,0.76,5.48,1.6,4.18,,,,,,70.0,0.5,70.75,0.0,0.0,15.0,,
2024-03-27 06:00:00,11.25,64.75,6.52,13.88,12.68,13.8,2.22,0.63,5.64,1.7,5.35,,,,,,69.25,0.45,47.0,0.0,0.0,31.5,,
2024-03-27 07:00:00,17.75,88.5,8.72,15.02,15.08,14.18,2.42,0.74,5.83,1.8,5.22,,,,,,68.75,0.48,64.5,0.0,0.0,123.5,,
2024-03-27 08:00:00,18.5,88.25,9.2,15.12,15.5,11.85,1.98,0.64,6.18,1.85,5.38,,,,,,69.75,0.8,148.5,0.0,0.0,170.75,,
2024-03-27 09:00:00,20.75,79.75,5.0,13.48,11.25,10.55,2.22,0.75,5.58,1.8,5.25,,,,,,70.0,1.68,291.25,0.0,0.0,340.25,,
2024-03-27 10:00:00,12.5,63.75,3.18,9.65,7.72,11.0,4.73,0.9,5.64,1.45,4.62,,,,,,69.25,2.42,338.0,0.0,0.0,418.75,,
2024-03-27 11:00:00,9.25,46.75,2.63,8.4,6.6,11.2,8.03,0.11,6.07,1.23,4.12,,,,,,70.0,2.45,334.67,0.0,0.0,461.25,,
2024-03-27 12:00:00,11.75,50.25,3.1,6.1,5.8,12.27,7.72,0.54,6.03,1.03,3.45,,,,,,69.0,2.6,,0.0,0.0,475.0,,
2024-03-27 13:00:00,7.25,42.5,3.22,5.65,5.62,10.1,6.5,0.51,5.88,0.85,3.15,,,,,,69.25,2.82,,0.0,0.0,448.5,,
2024-03-27 14:00:00,4.5,37.5,3.0,4.8,4.97,10.45,2.42,0.62,5.83,0.78,2.7,,,,,,69.0,3.22,,0.0,0.0,385.0,,
2024-03-27 15:00:00,3.5,47.5,2.33,5.35,4.75,11.2,,0.54,5.64,0.75,3.2,,,,,,68.0,3.58,,0.0,0.0,289.75,,
2024-03-27 16:00:00,6.0,55.25,1.38,6.1,4.35,13.62,2.88,0.7,6.12,0.65,3.6,,,,,,65.75,3.32,308.0,0.0,0.0,179.5,,
2024-03-27 17:00:00,10.0,56.75,2.55,7.52,6.02,13.1,2.35,0.7,5.49,0.72,3.78,,,,,,66.5,3.1,316.5,0.0,0.0,30.75,,
2024-03-27 18:00:00,15.5,61.25,2.88,8.5,6.88,13.18,3.98,0.66,6.12,0.82,3.78,,,,,,66.75,2.78,320.0,0.0,0.0,15.5,,
2024-03-27 19:00:00,13.75,63.0,3.05,8.8,7.12,13.7,3.65,0.68,6.13,1.0,3.8,,,,,,66.25,2.88,312.33,0.0,0.0,15.0,,
2024-03-27 20:00:00,13.33,48.5,2.75,8.82,6.92,13.92,1.07,0.68,6.08,1.05,3.38,,,,,,67.25,2.7,314.0,0.0,0.0,15.0,,
2024-03-27 21:00:00,12.5,49.5,3.42,8.12,7.1,14.15,,0.68,5.59,0.98,2.98,,,,,,67.5,2.85,304.0,0.0,0.0,15.0,,
2024-03-27 22:00:00,8.0,46.0,3.08,8.5,7.02,14.45,2.42,0.64,5.98,0.9,2.72,,,,,,66.75,2.78,327.75,0.0,0.0,15.0,,
2024-03-27 23:00:00,8.75,38.75,3.82,7.22,7.0,13.4,3.75,0.68,5.88,0.72,2.15,,,,,,67.0,2.12,317.0,0.0,0.0,15.0,,
2024-03-28 00:00:00,11.25,32.5,4.18,7.45,7.32,12.0,2.08,0.74,5.64,0.6,1.7,,,,,,68.5,1.8,301.25,0.0,0.0,15.0,,
2024-03-28 01:00:00,11.0,26.0,3.62,7.6,6.95,11.52,3.6,0.74,5.68,0.55,1.68,,,,,,69.5,0.48,269.75,0.0,0.0,15.0,,
2024-03-28 02:00:00,10.0,35.75,3.88,10.52,8.72,11.92,5.0,0.66,5.49,0.6,2.08,,,,,,70.0,0.55,151.0,0.0,0.0,15.0,,
2024-03-28 03:00:00,13.75,53.25,4.42,11.08,9.5,13.45,5.62,0.7,5.94,1.0,3.3,,,,,,69.25,0.4,41.75,0.0,0.0,15.0,,
2024-03-28 04:00:00,10.0,56.75,7.78,12.85,13.12,14.98,8.0,0.72,5.39,1.25,3.82,,,,,,70.75,0.42,202.0,0.0,0.0,15.0,,
2024-03-28 05:00:00,20.25,95.5,11.6,12.65,16.15,16.48,10.88,0.82,6.37,1.8,4.68,,,,,,70.25,0.3,,0.0,0.0,15.0,,
2024-03-28 06:00:00,27.0,110.25,16.0,13.35,20.1,17.77,6.32,0.75,5.49,2.02,5.38,,,,,,70.75,0.38,284.67,0.0,0.0,25.0,,
2024-03-28 07:00:00,29.75,114.75,14.02,14.35,19.0,17.45,6.02,0.64,5.39,2.3,6.28,,,,,,70.25,0.62,226.0,0.0,0.0,107.25,,
2024-03-28 08:00:00,21.75,96.5,11.68,18.92,19.55,16.9,8.12,0.78,5.83,2.45,6.85,,,,,,68.75,1.02,212.67,0.0,0.0,171.5,,
2024-03-28 09:00:00,23.0,101.75,6.85,13.02,12.52,13.5,6.78,0.72,5.73,2.38,6.8,,,,,,68.5,2.33,293.0,0.0,0.0,334.0,,
2024-03-28 10:00:00,11.75,59.5,3.05,11.88,8.8,13.25,4.9,0.78,5.78,1.8,4.88,,,,,,68.25,2.35,316.0,0.0,0.0,406.5,,
2024-03-28 11:00:00,13.5,63.25,3.03,10.27,7.93,13.9,5.33,0.38,5.88,1.5,4.85,,,,,,68.5,2.65,334.0,0.0,0.0,451.75,,
2024-03-28 12:00:00,13.0,68.25,3.23,9.53,7.67,18.6,4.72,0.62,5.58,1.3,5.65,,,,,,67.0,2.95,346.0,0.0,0.0,457.0,,
2024-03-28 13:00:00,14.25,60.25,2.02,8.98,6.45,15.22,4.45,0.58,5.64,1.1,5.95,,,,,,66.75,3.05,330.0,0.0,0.0,429.25,,
2024-03-28 14:00:00,8.0,50.0,2.98,8.35,6.85,14.7,5.22,0.62,5.78,1.02,5.48,,,,,,66.75,3.08,327.25,0.0,0.0,367.75,,
2024-03-28 15:00:00,5.25,44.25,5.18,7.6,8.25,12.52,4.5,0.68,6.57,0.82,4.15,,,,,,67.25,3.05,315.0,0.0,0.0,276.5,,
2024-03-28 16:00:00,8.0,48.25,4.12,7.35,7.18,11.0,2.72,0.68,5.44,0.75,4.62,,,,,,67.75,3.12,321.67,0.0,0.0,164.75,,
2024-03-28 17:00:00,14.75,59.0,3.32,6.7,6.22,10.6,2.88,0.69,5.78,0.75,5.03,,,,,,68.0,2.62,340.5,0.0,0.0,37.25,,
2024-03-28 18:00:00,17.5,65.25,3.48,7.75,6.98,10.4,4.58,0.66,5.88,0.9,6.18,,,,,,68.0,2.33,323.0,0.0,0.0,15.5,,
2024-03-28 19:00:00,18.75,70.75,2.9,7.85,6.52,10.3,5.9,0.7,5.98,1.0,5.38,,,,,,68.25,2.48,303.5,0.0,0.0,15.0,,
2024-03-28 20:00:00,16.75,56.25,2.12,7.75,5.85,10.32,4.47,0.65,5.34,1.0,4.32,,,,,,67.25,2.4,329.5,0.0,0.0,15.0,,
2024-03-28 21:00:00,15.25,48.5,3.08,7.38,6.45,11.0,3.88,0.67,5.88,0.92,3.68,,,,,,68.25,2.38,303.0,0.0,0.0,15.0,,
2024-03-28 22:00:00,22.0,40.75,3.12,10.48,8.12,11.28,5.62,0.68,5.88,1.05,3.45,,,,,,68.0,2.28,310.5,0.0,0.0,15.0,,
2024-03-28 23:00:00,7.0,39.0,2.75,16.27,10.88,13.72,6.75,0.55,5.49,1.0,3.3,,,,,,67.75,2.15,315.0,0.0,0.0,15.0,,
2024-03-29 00:00:00,6.5,34.25,3.58,13.75,10.2,13.92,5.25,0.62,5.64,0.9,2.78,,,,,,67.75,2.55,345.67,0.0,0.0,15.0,,
2024-03-29 01:00:00,6.5,30.0,3.45,10.4,8.38,12.88,2.33,0.58,5.49,0.65,2.12,,,,,,68.25,2.4,317.5,0.0,0.0,15.0,,
2024-03-29 02:00:00,11.0,32.25,2.5,9.02,6.82,12.42,3.35,0.62,5.68,0.6,2.28,,,,,,67.75,2.35,328.5,0.0,0.0,15.0,,
2024-03-29 03:00:00,10.25,33.5,3.0,9.57,7.5,13.35,4.62,0.62,5.81,0.62,2.3,,,,,,69.0,1.45,297.5,0.0,0.0,15.0,,
2024-03-29 04:00:00,8.0,46.0,3.75,11.95,9.4,13.0,4.2,0.66,5.54,0.88,3.0,,,,,,69.0,0.82,321.75,0.0,0.0,15.0,,
2024-03-29 05:00:00,8.0,52.0,4.88,12.08,10.35,13.65,3.65,0.68,5.2,1.15,4.53,,,,,,69.5,0.85,219.75,0.0,0.0,15.0,,
2024-03-29 06:00:00,10.25,54.25,6.22,12.88,11.9,13.98,1.45,0.72,6.12,1.32,5.03,,,,,,68.5,0.95,215.5,0.0,0.0,31.75,,
2024-03-29 07:00:00,18.25,64.0,9.0,12.15,13.72,12.45,2.95,0.7,5.93,1.5,5.4,,,,,,69.0,1.78,337.5,0.0,0.0,116.25,,
2024-03-29 08:00:00,22.75,71.75,5.4,11.4,10.45,10.5,7.48,0.66,5.88,1.38,5.0,,,,,,69.75,2.42,324.25,0.0,0.0,203.25,,
2024-03-29 09:00:00,23.0,67.75,3.42,9.5,7.82,10.35,7.92,0.69,6.12,1.32,4.82,,,,,,69.5,1.98,303.5,0.0,0.0,315.75,,
2024-03-29 10:00:00,17.5,66.25,2.92,8.82,7.12,11.2,3.73,1.18,6.03,1.2,4.62,,,,,,69.25,3.12,317.75,0.0,0.0,388.25,,
2024-03-29 11:00:00,18.5,64.75,2.7,8.27,6.67,11.65,5.1,0.14,6.07,1.1,4.25,,,,,,68.75,3.42,296.5,0.0,0.0,442.0,,
2024-03-29 12:00:00,17.75,73.0,2.6,7.0,5.83,13.47,7.45,0.52,5.98,0.98,4.3,,,,,,68.25,3.7,327.0,0.0,0.0,455.5,,
2024-03-29 13:00:00,18.25,82.0,2.98,7.1,6.22,11.0,10.27,0.47,6.47,0.88,4.18,,,,,,68.0,3.95,335.67,0.0,0.0,428.25,,
2024-03-29 14:00:00,11.5,58.0,2.88,5.6,5.3,11.38,7.48,0.38,5.64,0.82,3.55,,,,,,67.75,4.4,358.0,0.0,0.0,366.75,,
2024-03-29 15:00:00,7.0,65.0,1.42,6.38,4.58,14.42,5.82,0.62,5.58,0.85,3.28,,,,,,66.5,4.9,,0.0,0.0,274.0,,
2024-03-29 16:00:00,8.75,59.75,2.82,7.38,6.22,14.2,4.85,0.64,5.49,0.7,3.4,,,,,,66.25,4.75,323.0,0.0,0.0,165.25,,
2024-03-29 17:00:00,13.25,59.0,2.72,8.6,6.78,13.85,3.65,0.65,5.74,0.68,3.8,,,,,,66.0,3.95,,0.0,0.0,37.25,,
2024-03-29 18:00:00,10.0,48.5,2.48,9.55,7.1,14.35,4.08,0.66,5.54,0.9,4.35,,,,,,66.25,4.12,,0.0,0.0,15.75,,
2024-03-29 19:00:00,7.0,42.75,1.77,13.15,8.6,22.42,5.6,0.61,5.34,1.1,4.22,,,,,,65.25,3.75,,0.0,0.0,16.0,,
2024-03-29 20:00:00,6.5,39.0,6.47,12.08,11.12,22.35,1.2,0.83,6.27,1.25,4.42,,,,,,65.0,3.12,,0.0,0.0,15.0,,
2024-03-29 21:00:00,5.5,38.0,4.2,11.92,9.78,16.3,2.3,0.88,6.32,1.18,4.1,,,,,,66.5,3.25,,0.0,0.0,15.0,,
2024-03-29 22:00:00,7.5,34.0,3.25,11.85,8.95,14.88,2.3,0.67,5.93,1.08,3.68,,,,,,66.75,2.55,,0.0,0.0,15.0,,
2024-03-29 23:00:00,8.5,29.25,3.65,10.1,8.32,13.42,4.82,0.72,5.83,1.08,4.03,,,,,,67.0,2.4,,0.0,0.0,15.0,,
2024-03-30 00:00:00,7.5,24.0,3.7,7.02,6.75,11.02,2.87,0.74,6.22,0.85,3.12,,,,,,67.75,1.92,,0.0,0.0,15.0,,
2024-03-30 01:00:00,9.5,24.25,3.12,8.8,7.2,10.48,1.48,0.73,5.98,0.75,3.2,,,,,,69.0,1.2,,0.0,0.0,15.0,,
2024-03-30 02:00:00,10.5,26.25,3.82,9.78,8.3,10.5,3.0,0.64,5.69,0.8,3.7,,,,,,69.5,1.2,,0.0,0.0,15.0,,
2024-03-30 03:00:00,8.25,32.0,4.1,14.2,10.88,11.55,3.92,0.64,5.81,0.8,4.08,,,,,,69.5,1.18,291.0,0.0,0.0,15.0,,
2024-03-30 04:00:00,8.0,38.5,4.55,13.18,10.68,10.68,7.48,0.65,6.12,1.02,4.7,,,,,,69.5,1.38,314.0,0.0,0.0,15.0,,
2024-03-30 05:00:00,12.75,43.75,5.05,13.48,11.25,10.3,8.65,0.69,6.03,1.25,5.45,,,,,,70.0,0.88,255.5,0.0,0.0,15.0,,
2024-03-30 06:00:00,9.5,56.0,6.02,13.1,11.9,10.4,3.25,0.7,5.73,1.42,7.4,,,,,,70.5,0.82,212.0,0.0,0.0,36.5,,
2024-03-30 07:00:00,12.25,61.5,5.78,13.48,11.88,11.92,0.8,0.62,5.29,1.68,8.55,,,,,,69.0,1.42,349.67,0.0,0.0,129.0,,
2024-03-30 08:00:00,15.0,70.25,4.62,13.77,11.05,12.95,5.58,0.71,5.98,1.8,7.9,,,,,,68.0,2.1,,0.0,0.0,234.5,,
2024-03-30 09:00:00,13.5,72.75,3.53,14.12,10.4,12.6,7.0,0.73,5.63,1.78,6.95,,,,,,67.25,2.38,,0.0,0.0,329.75,,
2024-03-30 10:00:00,17.75,77.0,2.9,12.68,9.1,13.65,3.77,1.24,6.03,1.75,6.48,,,,,,67.5,2.95,,0.0,0.0,410.5,,
2024-03-30 11:00:00,17.5,96.0,3.53,10.83,8.6,13.43,1.83,0.26,5.64,1.45,6.52,,,,,,67.5,3.9,,0.0,0.0,458.75,,
2024-03-30 12:00:00,16.0,79.25,3.4,9.27,7.7,17.7,4.65,0.51,6.18,1.2,5.82,,,,,,66.75,4.0,,0.0,0.0,466.25,,
2024-03-30 13:00:00,7.0,73.0,3.0,8.75,7.08,14.7,3.02,0.48,5.93,1.03,6.02,,,,,,66.25,4.38,,0.0,0.0,439.5,,
2024-03-30 14:00:00,6.75,67.25,2.43,7.42,6.0,14.55,4.42,0.6,6.03,0.88,4.72,,,,,,66.25,4.6,,0.0,0.0,377.0,,
2024-03-30 15:00:00,7.5,58.75,4.5,7.1,7.45,12.92,6.88,0.65,5.98,0.72,3.88,,,,,,66.0,4.68,,0.0,0.0,287.25,,
2024-03-30 16:00:00,12.0,56.75,4.32,5.12,6.28,10.88,4.05,0.7,5.83,0.57,3.1,,,,,,67.25,4.8,,0.0,0.0,174.75,,
2024-03-30 17:00:00,10.5,50.75,2.33,7.42,5.08,13.62,3.22,0.66,4.8,0.57,3.18,,,,,,67.0,4.55,,0.0,0.0,29.5,,
2024-03-30 18:00:00,6.0,44.0,3.95,10.72,8.93,15.6,2.38,0.75,6.02,0.7,3.85,,,,,,66.5,3.25,,0.0,0.0,15.75,,
2024-03-30 19:00:00,7.5,43.25,3.0,12.9,9.28,12.5,1.15,0.7,5.88,0.92,4.1,,,,,,67.5,2.98,,0.0,0.0,15.0,,
2024-03-30 20:00:00,11.67,39.5,2.72,13.45,9.38,13.35,2.5,0.67,4.9,1.05,3.95,,,,,,66.5,2.58,,0.0,0.0,15.0,,
2024-03-30 21:00:00,12.5,36.0,4.05,15.18,11.38,12.82,1.45,0.74,5.78,1.08,4.0,,,,,,67.0,2.33,,0.0,0.0,15.0,,
2024-03-30 22:00:00,14.75,36.25,3.58,13.75,10.2,12.95,0.8,0.68,5.78,1.08,4.05,,,,,,68.25,2.35,,0.0,0.0,15.0,,
2024-03-30 23:00:00,6.75,26.0,2.5,8.43,6.45,12.9,,0.57,6.27,0.92,3.2,,,,,,67.25,2.62,,0.0,0.0,15.0,,
2024-03-31 00:00:00,2.5,20.0,2.25,10.1,7.2,14.58,4.18,0.64,6.03,0.82,2.92,,,,,,67.0,2.38,,0.0,0.0,15.0,,
2024-03-31 01:00:00,2.25,19.25,3.28,12.1,9.1,13.35,3.25,0.61,5.59,0.72,2.42,,,,,,67.5,1.78,,0.0,0.0,15.0,,
2024-03-31 02:00:00,6.25,18.25,3.45,10.65,8.45,12.0,3.72,0.63,5.88,0.68,2.3,,,,,,67.75,1.18,,0.0,0.0,15.0,,
2024-03-31 03:00:00,6.75,21.25,3.53,11.22,8.82,12.88,4.72,0.64,6.21,0.85,2.95,,,,,,68.25,1.18,,0.0,0.0,15.0,,
2024-03-31 04:00:00,8.0,24.25,4.08,14.9,11.25,13.18,4.68,0.67,6.32,0.98,3.48,,,,,,68.5,0.92,160.0,0.0,0.0,15.0,,
2024-03-31 05:00:00,14.75,44.75,5.28,13.68,11.58,14.65,5.82,0.74,5.74,1.6,6.12,,,,,,68.75,0.7,172.5,0.0,0.0,15.0,,
2024-03-31 06:00:00,16.25,61.25,5.82,13.38,11.88,15.18,6.82,0.71,5.34,1.85,7.32,,,,,,68.25,0.75,114.75,0.0,0.0,38.25,,
2024-03-31 07:00:00,15.25,67.0,7.8,11.72,12.62,14.25,6.25,0.79,6.32,1.88,7.32,,,,,,69.25,1.03,114.75,0.0,0.0,133.0,,
2024-03-31 08:00:00,18.25,63.25,7.32,10.07,11.32,11.3,3.6,0.68,6.08,1.65,6.38,,,,,,70.0,1.15,198.25,0.0,0.0,221.5,,
2024-03-31 09:00:00,15.5,60.25,3.5,10.07,8.15,10.88,2.05,0.72,5.83,1.55,5.95,,,,,,69.25,1.8,,0.0,0.0,219.75,,
2024-03-31 10:00:00,15.0,53.75,2.7,7.45,6.2,11.3,5.57,1.04,5.68,1.32,4.97,,,,,,69.5,2.98,,0.0,0.0,417.25,,
2024-03-31 11:00:00,16.75,39.5,3.0,6.53,5.9,11.57,12.73,0.16,5.59,0.98,3.6,,,,,,69.0,3.4,,0.0,0.0,460.5,,
2024-03-31 12:00:00,12.5,40.75,2.67,5.97,5.33,12.93,2.35,0.52,5.64,0.78,2.9,,,,,,68.0,3.68,,0.0,0.0,468.5,,
2024-03-31 13:00:00,11.5,54.5,2.65,5.1,4.85,10.52,,0.5,5.73,0.65,2.62,,,,,,68.25,3.95,,0.0,0.0,441.75,,
2024-03-31 14:00:00,14.25,45.75,2.5,5.8,5.15,11.48,3.12,0.64,5.68,0.62,2.02,,,,,,68.5,3.9,,0.0,0.0,380.5,,
2024-03-31 15:00:00,15.0,51.0,1.97,5.38,4.05,13.15,3.1,0.56,5.59,1.15,1.95,,,,,,67.5,3.78,,0.0,0.0,287.75,,
2024-03-31 16:00:00,8.5,48.5,1.98,4.9,4.22,14.55,2.2,0.64,5.64,1.1,2.08,,,,,,67.25,3.7,,0.0,0.0,174.25,,
2024-03-31 17:00:00,7.25,39.75,2.45,5.0,4.65,14.55,4.0,0.64,5.29,0.85,2.4,,,,,,66.25,3.68,,0.0,0.0,29.0,,
2024-03-31 18:00:00,8.25,36.75,3.68,5.85,6.15,13.45,6.82,0.64,5.98,0.7,2.15,,,,,,66.25,3.2,,0.0,0.0,15.5,,
2024-03-31 19:00:00,9.5,36.25,3.12,7.2,6.35,14.25,7.62,0.65,5.44,0.7,2.28,,,,,,66.25,3.2,,0.0,0.0,15.0,,
2024-03-31 20:00:00,9.75,30.0,3.82,8.05,7.38,14.3,6.02,0.64,5.78,0.8,2.42,,,,,,66.75,2.55,,0.0,0.0,15.0,,
2024-03-31 21:00:00,6.75,33.75,2.82,9.3,7.18,14.73,5.95,0.66,6.17,0.88,2.55,,,,,,67.25,2.72,,0.0,0.0,15.0,,
2024-03-31 22:00:00,8.75,24.75,3.28,8.18,7.05,14.3,4.85,0.63,5.73,0.75,2.2,,,,,,65.5,2.88,,0.0,0.0,15.0,,
2024-03-31 23:00:00,8.0,18.0,3.73,7.03,6.73,13.37,4.3,0.71,6.2,0.67,1.93,,,,,,65.67,2.9,,0.0,0.0,15.0,,
2024-04-01 00:00:00,6.75,18.25,4.0,6.95,6.98,11.25,4.53,0.64,6.12,0.43,1.32,,,,,,67.75,2.2,,0.0,0.0,15.0,,
2024-04-01 01:00:00,9.0,19.0,2.75,4.78,4.82,11.1,6.6,0.67,5.54,0.4,1.15,,,,,,68.0,2.05,,0.0,0.0,15.0,,
2024-04-01 02:00:00,7.0,14.0,3.25,4.12,4.82,11.0,4.15,0.61,5.62,0.4,1.15,,,,,,67.5,1.88,,0.0,0.0,15.0,,
2024-04-01 03:00:00,7.0,14.5,3.1,4.5,4.92,11.15,2.5,0.61,5.81,0.4,1.27,,,,,,68.5,1.55,307.0,0.0,0.0,15.0,,
2024-04-01 04:00:00,6.75,16.75,3.3,5.38,5.55,10.2,2.42,0.63,5.93,0.4,1.5,,,,,,69.5,1.05,184.5,0.0,0.0,15.0,,
2024-04-01 05:00:00,6.5,21.25,4.1,7.38,7.28,9.93,1.2,0.66,5.88,0.65,2.45,,,,,,70.75,0.5,177.25,0.0,0.0,15.0,,
2024-04-01 06:00:00,8.25,31.0,5.58,9.1,9.38,10.32,4.9,0.67,5.64,1.0,3.38,,,,,,70.5,0.5,107.25,0.0,0.0,35.5,,
2024-04-01 07:00:00,9.0,48.5,5.58,9.25,9.43,12.3,5.7,0.59,5.3,1.3,4.2,,,,,,69.5,0.72,134.75,0.0,0.0,118.5,,
2024-04-01 08:00:00,10.0,70.25,6.1,10.88,10.72,12.92,5.82,0.71,6.03,1.48,4.55,,,,,,67.75,1.4,290.5,0.0,0.0,192.0,,
2024-04-01 09:00:00,13.67,58.0,5.25,11.22,10.25,12.28,5.75,0.75,5.88,1.62,4.92,,,,,,68.25,1.52,258.0,0.0,0.0,237.5,,
2024-04-01 10:00:00,16.0,57.0,3.18,13.4,9.72,12.48,5.9,1.18,6.03,1.52,4.75,,,,,,67.25,1.75,327.0,0.0,0.0,313.75,,
2024-04-01 11:00:00,12.75,63.0,2.9,9.1,7.13,13.37,6.5,0.33,6.27,1.38,4.25,,,,,,66.75,3.3,,0.0,0.0,448.25,,
2024-04-01 12:00:00,13.0,,2.7,6.73,5.77,17.43,4.28,0.62,5.83,1.12,3.48,,,,,,67.75,3.72,,0.0,0.0,459.0,,
2024-04-01 13:00:00,14.25,56.0,2.82,7.65,6.35,14.5,2.88,0.61,5.54,0.95,3.25,,,,,,66.25,3.45,,0.0,0.0,433.25,,
2024-04-01 14:00:00,9.0,56.0,2.57,8.03,6.33,14.57,3.57,0.64,6.27,0.97,3.4,,,,,,66.67,3.97,,0.0,0.0,382.67,,
2024-04-01 15:00:00,7.0,45.0,4.1,5.3,6.1,14.3,2.6,0.92,4.51,,2.9,,,,,,65.0,4.0,,0.0,0.0,319.0,,
2024-04-01 16:00:00,11.0,35.0,2.95,4.7,4.9,10.3,6.45,0.66,5.58,0.4,1.65,,,,,,69.0,4.7,,0.0,0.0,133.0,,
2024-04-01 17:00:00,13.75,32.75,3.75,4.25,5.3,10.65,7.28,0.67,5.54,0.48,1.58,,,,,,67.25,4.47,,0.0,0.0,31.5,,
2024-04-01 18:00:00,14.75,39.25,2.92,6.4,5.78,10.62,6.18,0.66,6.18,0.57,1.58,,,,,,67.25,4.2,,0.0,0.0,15.5,,
2024-04-01 19:00:00,11.0,35.0,3.42,6.92,6.45,10.72,6.22,0.73,5.54,0.95,2.1,,,,,,67.5,3.52,,0.0,0.0,15.0,,
2024-04-01 20:00:00,11.25,39.0,3.28,7.78,6.85,10.5,2.38,0.7,5.73,1.1,2.62,,,,,,68.25,3.25,,0.0,0.0,15.0,,
2024-04-01 21:00:00,11.0,39.75,2.25,8.18,6.15,10.12,0.75,0.7,6.03,1.05,2.75,,,,,,67.5,3.52,,0.0,0.0,15.0,,
2024-04-01 22:00:00,8.25,36.5,3.1,9.25,7.45,10.6,1.52,0.6,6.57,0.9,2.42,,,,,,68.5,3.42,,0.0,0.0,15.0,,
2024-04-01 23:00:00,9.0,41.5,2.33,8.6,5.88,14.2,2.7,0.56,5.68,0.78,2.1,,,,,,67.0,2.75,,0.0,0.0,15.0,,
2024-04-02 00:00:00,8.25,23.5,3.2,7.15,6.42,13.4,2.35,0.63,5.98,0.7,1.8,,,,,,66.75,2.58,,0.0,0.0,15.0,,
2024-04-02 01:00:00,6.25,19.25,3.52,6.68,6.4,12.85,3.72,0.62,5.88,0.62,1.78,,,,,,67.25,2.25,,0.0,0.0,15.0,,
2024-04-02 02:00:00,7.0,20.75,2.8,7.85,6.42,12.58,3.68,0.63,5.49,0.57,1.88,,,,,,67.0,2.05,283.5,0.0,0.0,15.0,,
2024-04-02 03:00:00,6.75,24.75,3.3,8.75,7.32,13.22,4.18,0.64,6.27,0.68,2.33,,,,,,68.75,1.25,283.0,0.0,0.0,15.0,,
2024-04-02 04:00:00,6.75,30.0,4.47,9.2,8.52,13.48,1.93,0.64,5.93,0.9,3.38,,,,,,68.0,1.08,271.25,0.0,0.0,15.0,,
2024-04-02 05:00:00,8.25,31.5,4.35,10.5,9.12,12.95,1.1,0.66,5.88,0.92,3.6,,,,,,68.0,1.18,284.0,0.0,0.0,15.0,,
2024-04-02 06:00:00,8.5,40.0,5.92,12.08,11.25,13.02,0.3,0.77,5.73,1.12,3.98,,,,,,68.25,1.23,296.5,0.0,0.0,41.0,,
2024-04-02 07:00:00,15.25,53.5,8.1,10.2,12.0,11.48,2.1,0.67,5.93,1.25,4.45,,,,,,69.25,2.22,,0.0,0.0,136.25,,
2024-04-02 08:00:00,12.75,60.0,5.6,10.45,10.1,10.78,3.82,0.7,5.34,1.25,4.1,,,,,,68.75,2.9,,0.0,0.0,184.0,,
2024-04-02 09:00:00,14.0,67.0,3.45,9.98,8.05,10.82,3.28,0.75,5.78,1.35,3.88,,,,,,69.25,2.68,,0.0,0.0,292.5,,
2024-04-02 10:00:00,18.5,73.25,3.08,9.6,7.58,11.6,2.2,1.5,5.49,1.4,3.95,,,,,,69.25,2.95,,0.0,0.0,406.75,,
2024-04-02 11:00:00,13.5,78.75,2.53,7.97,6.3,12.22,6.1,0.25,5.73,1.25,3.85,,,,,,68.0,3.85,,0.0,0.0,453.0,,
2024-04-02 12:00:00,13.5,68.25,2.93,6.33,5.73,14.5,1.93,0.51,5.54,1.05,3.08,,,,,,67.75,4.32,,0.0,0.0,463.25,,
2024-04-02 13:00:00,19.75,73.5,2.65,6.2,5.48,11.52,1.95,0.46,5.88,0.88,2.35,,,,,,68.0,4.9,,0.0,0.0,434.5,,
2024-04-02 14:00:00,22.25,67.5,2.17,6.05,4.55,11.72,6.9,0.53,5.68,0.72,1.78,,,,,,66.75,5.32,,0.0,0.0,378.75,,
2024-04-02 15:00:00,13.25,61.75,2.12,6.7,5.25,15.08,7.1,0.62,5.98,0.7,1.88,,,,,,65.75,5.08,,0.0,0.0,287.75,,
2024-04-02 16:00:00,11.5,54.0,2.65,7.85,6.4,15.38,8.45,0.66,5.58,0.72,2.0,,,,,,65.0,4.9,,0.0,0.0,173.75,,
2024-04-02 17:00:00,12.0,43.25,2.6,9.93,7.4,14.95,7.48,0.67,5.64,0.85,1.88,,,,,,65.75,4.85,,0.0,0.0,32.0,,
2024-04-02 18:00:00,10.75,45.5,3.35,10.2,8.12,15.65,4.45,0.65,5.93,0.8,2.35,,,,,,65.75,4.08,,0.0,0.0,15.75,,
2024-04-02 19:00:00,14.25,39.0,3.32,11.2,8.6,15.88,2.95,0.69,5.54,1.05,2.78,,,,,,65.75,4.22,,0.0,0.0,15.0,,
2024-04-02 20:00:00,8.25,31.0,4.6,10.78,9.43,15.42,4.15,0.67,5.34,1.02,2.82,,,,,,67.0,3.98,,0.0,0.0,15.0,,
2024-04-02 21:00:00,6.5,25.5,3.62,11.15,8.9,15.25,2.3,0.68,6.08,1.02,3.02,,,,,,65.5,3.55,,0.0,0.0,15.0,,
2024-04-02 22:00:00,7.5,25.25,4.62,9.98,9.05,14.05,1.5,0.7,6.18,0.9,2.7,,,,,,66.5,2.95,,0.0,0.0,15.0,,
2024-04-02 23:00:00,5.25,19.25,4.78,8.28,8.28,11.88,2.4,0.6,6.32,0.65,1.9,,,,,,67.25,3.15,,0.0,0.0,15.0,,
2024-04-03 00:00:00,5.75,17.0,3.88,8.43,7.62,11.55,0.3,0.62,5.93,0.45,1.45,,,,,,67.75,2.75,,0.0,0.0,15.0,,
2024-04-03 01:00:00,13.25,17.5,3.82,6.02,6.35,11.25,,0.63,5.93,0.4,1.18,,,,,,68.5,2.17,,0.0,0.0,15.0,,
2024-04-03 02:00:00,11.0,18.5,3.55,5.48,5.8,10.75,3.05,0.62,6.21,0.4,1.4,,,,,,68.25,1.62,,0.0,0.0,15.0,,
2024-04-03 03:00:00,10.5,19.5,4.32,8.1,7.85,11.32,4.6,0.64,5.75,0.4,1.58,,,,,,68.5,1.58,351.0,0.0,0.0,15.0,,
2024-04-03 04:00:00,9.75,29.75,5.72,10.15,10.05,10.82,2.17,0.64,6.03,0.82,2.65,,,,,,68.25,1.0,189.0,0.0,0.0,15.0,,
2024-04-03 05:00:00,11.75,38.5,6.75,10.38,11.0,10.32,1.87,0.68,5.39,1.1,3.97,,,,,,69.25,1.95,,0.0,0.0,15.0,,
2024-04-03 06:00:00,11.75,43.75,7.72,13.35,13.38,12.8,3.22,0.58,5.15,1.3,4.78,,,,,,68.25,1.92,,0.0,0.0,40.25,,
2024-04-03 07:00:00,13.25,58.25,8.88,13.0,14.18,14.22,4.0,0.69,6.08,1.68,5.82,,,,,,67.75,2.42,336.0,0.0,0.0,117.75,,
2024-04-03 08:00:00,11.0,69.75,8.02,12.12,13.02,13.3,,0.69,5.68,1.62,5.08,,,,,,67.75,2.95,,0.0,0.0,224.75,,
2024-04-03 09:00:00,11.0,72.25,4.42,11.7,9.82,12.75,,0.71,5.98,1.6,4.8,,,,,,67.75,4.07,,0.0,0.0,333.25,,
2024-04-03 10:00:00,10.25,64.0,3.2,9.88,7.85,12.68,1.57,1.24,5.49,1.38,3.95,,,,,,67.0,3.88,,0.0,0.0,411.0,,
2024-04-03 11:00:00,8.0,64.0,3.03,10.1,7.83,13.5,5.25,0.28,5.88,1.37,3.73,,,,,,66.67,4.3,,0.0,0.0,405.0,,
2024-04-03 12:00:00,13.75,124.5,3.22,9.02,7.45,15.52,3.98,0.61,6.03,1.0,3.1,,,,,,66.0,5.48,,0.0,0.0,466.75,,
2024-04-03 13:00:00,13.25,81.5,3.35,7.85,6.88,15.5,2.95,0.58,5.78,0.72,2.5,,,,,,65.75,5.28,,0.0,0.0,442.5,,
2024-04-03 14:00:00,14.75,74.0,5.28,6.7,7.85,13.42,5.57,0.68,5.93,0.7,1.98,,,,,,65.75,5.52,,0.0,0.0,382.75,,
2024-04-03 15:00:00,15.5,47.0,4.1,6.1,6.62,10.85,5.98,0.61,5.93,0.55,1.5,,,,,,67.25,5.15,,0.0,0.0,294.0,,
2024-04-03 16:00:00,11.5,47.75,3.7,7.28,6.85,10.68,8.52,0.64,5.93,0.57,1.68,,,,,,66.5,4.92,,0.0,0.0,180.75,,
2024-04-03 17:00:00,11.75,47.75,4.88,8.0,8.2,10.1,10.75,0.68,5.78,0.6,1.98,,,,,,66.0,4.05,,0.0,0.0,23.0,,
2024-04-03 18:00:00,9.0,38.5,4.25,8.62,8.0,10.02,5.95,0.64,5.83,0.68,2.45,,,,,,66.75,3.82,,0.0,0.0,15.25,,
2024-04-03 19:00:00,10.75,29.5,4.85,8.32,8.4,10.42,4.2,0.68,6.27,0.8,2.92,,,,,,66.75,3.88,,0.0,0.0,15.0,,
2024-04-03 20:00:00,6.75,25.5,5.58,9.15,9.4,10.58,4.8,0.72,5.73,0.92,3.52,,,,,,66.75,3.32,,0.0,0.0,15.0,,
2024-04-03 21:00:00,6.5,27.25,5.38,9.2,9.28,10.45,5.18,0.74,5.54,1.15,4.68,,,,,,67.75,3.25,,0.0,0.0,15.0,,
2024-04-03 22:00:00,7.5,26.5,1.95,8.98,6.38,13.35,2.0,0.54,5.29,1.1,4.32,,,,,,67.5,2.75,,0.0,0.0,15.0,,
2024-04-03 23:00:00,5.75,19.75,4.12,9.38,8.35,13.58,0.4,0.57,5.98,1.03,3.78,,,,,,65.75,2.55,,0.0,0.0,15.0,,
2024-04-04 00:00:00,4.25,11.75,6.3,11.35,11.15,13.18,1.0,0.61,5.88,0.75,2.7,,,,,,66.5,2.82,,0.0,0.0,15.0,,
2024-04-04 01:00:00,1.75,7.25,4.32,7.8,7.68,12.48,0.3,0.58,5.44,0.55,1.88,,,,,,66.25,2.33,,0.0,0.0,15.0,,
2024-04-04 02:00:00,1.25,4.5,3.25,6.98,6.35,12.12,1.65,0.62,6.08,0.4,1.52,,,,,,67.75,2.2,,0.0,0.0,15.0,,
2024-04-04 03:00:00,2.0,3.0,3.6,6.7,6.48,12.9,1.3,0.62,6.14,0.4,1.52,,,,,,68.0,1.98,,0.0,0.0,15.0,,
2024-04-04 04:00:00,6.0,12.0,3.65,6.78,6.58,12.75,2.08,0.63,6.08,0.4,1.72,,,,,,67.5,2.05,,0.0,0.0,15.0,,
2024-04-04 05:00:00,5.25,13.25,4.53,9.55,8.72,12.05,2.38,0.68,5.54,0.57,1.92,,,,,,67.75,1.98,,0.0,0.0,15.0,,
2024-04-04 06:00:00,3.75,23.0,8.22,10.52,12.25,11.45,5.22,0.7,5.98,0.85,2.62,,,,,,68.5,2.0,289.5,0.0,0.0,42.0,,
2024-04-04 07:00:00,6.75,41.25,7.95,10.8,12.2,10.92,4.9,0.76,5.73,1.12,3.95,,,,,,68.25,2.55,,0.0,0.0,90.5,,
2024-04-04 08:00:00,10.75,45.75,5.88,10.12,10.12,10.4,5.12,0.7,5.58,1.27,4.08,,,,,,67.5,2.75,,0.0,0.0,187.0,,
2024-04-04 09:00:00,16.5,61.0,4.45,9.9,8.85,9.93,6.15,0.74,5.98,1.3,4.12,,,,,,69.0,3.48,,0.0,0.0,359.75,,
2024-04-04 10:00:00,15.5,70.75,2.95,9.28,7.38,11.58,2.75,1.97,6.37,1.2,3.75,,,,,,68.75,3.42,,0.0,0.0,386.5,,
2024-04-04 11:00:00,8.75,64.0,2.87,8.93,7.1,11.82,2.35,0.59,6.71,1.1,3.3,,,,,,68.0,4.28,,0.0,0.0,453.0,,
2024-04-04 12:00:00,12.5,64.0,3.0,6.83,6.07,13.5,7.08,0.49,5.78,0.8,2.4,,,,,,68.0,4.65,,0.0,0.0,461.25,,
2024-04-04 13:00:00,14.5,59.25,2.98,7.05,6.12,10.92,5.38,0.46,5.64,0.7,1.95,,,,,,66.75,4.85,,0.0,0.0,434.75,,
2024-04-04 14:00:00,6.5,45.0,1.62,6.32,4.65,14.12,2.63,0.64,6.03,0.72,2.0,,,,,,66.5,5.1,,0.0,0.0,350.75,,
2024-04-04 15:00:00,4.25,40.0,3.75,7.28,6.9,13.92,,0.63,6.12,0.6,1.78,,,,,,65.5,5.03,,0.0,0.0,279.25,,
2024-04-04 16:00:00,2.25,38.5,3.38,8.52,7.3,14.28,3.45,0.66,5.78,0.68,2.12,,,,,,65.25,4.38,,0.0,0.0,174.0,,
2024-04-04 17:00:00,3.75,34.5,4.53,9.38,8.7,14.48,4.45,0.68,5.98,0.72,2.65,,,,,,65.5,4.03,,0.0,0.0,32.5,,
2024-04-04 18:00:00,6.0,36.5,5.18,11.75,10.48,15.35,5.18,0.7,5.49,0.88,3.68,,,,,,65.5,2.9,,0.0,0.0,15.75,,
2024-04-04 19:00:00,6.25,37.5,6.38,13.38,12.3,15.45,5.3,0.77,5.78,1.5,5.75,,,,,,66.25,2.82,,0.0,0.0,15.0,,
2024-04-04 20:00:00,7.5,35.5,7.4,13.72,13.38,15.3,5.9,0.72,5.73,1.78,6.38,,,,,,66.0,2.68,,0.0,0.0,15.0,,
2024-04-04 21:00:00,8.25,32.5,6.1,13.1,11.88,14.42,5.1,0.75,5.0,1.78,6.85,,,,,,65.25,2.62,,0.0,0.0,15.0,,
2024-04-04 22:00:00,6.75,28.75,7.9,13.45,13.58,11.95,2.5,0.6,5.74,1.62,6.32,,,,,,67.75,2.28,,0.0,0.0,15.0,,
2024-04-04 23:00:00,8.5,28.0,5.6,12.45,11.18,11.05,1.6,0.61,5.44,1.38,5.62,,,,,,68.5,2.0,,0.0,0.0,15.0,,
2024-04-05 00:00:00,7.5,17.25,4.5,9.88,8.9,11.1,6.0,0.62,5.98,1.15,4.78,,,,,,68.75,2.08,,0.0,0.0,15.0,,
2024-04-05 01:00:00,10.25,14.5,4.5,9.43,8.68,11.02,6.7,0.59,5.64,1.0,4.22,,,,,,68.5,1.55,,0.0,0.0,15.0,,
2024-04-05 02:00:00,11.25,19.75,4.5,8.43,8.12,10.05,4.4,0.57,5.75,0.95,3.98,,,,,,68.5,2.5,,0.0,0.0,15.0,,
2024-04-05 03:00:00,3.5,12.0,3.42,7.42,6.75,10.22,2.8,0.56,5.88,1.0,3.35,,,,,,68.25,2.35,,0.0,0.0,15.0,,
2024-04-05 04:00:00,5.0,9.0,3.5,6.25,6.18,9.22,6.02,0.61,5.93,0.75,2.65,,,,,,69.25,1.92,,0.0,0.0,15.0,,
2024-04-05 05:00:00,8.0,16.0,3.12,7.38,6.48,9.9,5.58,0.53,5.64,0.75,2.6,,,,,,68.75,1.9,,0.0,0.0,15.0,,
2024-04-05 06:00:00,7.5,19.0,4.75,10.58,9.45,11.55,5.78,0.62,5.83,0.98,3.35,,,,,,68.75,1.48,356.0,0.0,0.0,42.25,,
2024-04-05 07:00:00,5.75,34.25,6.6,11.82,11.62,12.0,5.62,0.68,5.73,1.27,4.3,,,,,,68.25,2.0,,0.0,0.0,130.75,,
2024-04-05 08:00:00,5.75,54.25,6.22,11.65,11.25,11.92,1.9,0.67,5.44,1.35,5.58,,,,,,67.5,2.35,,0.0,0.0,228.75,,
2024-04-05 09:00:00,8.25,58.25,4.2,12.8,10.25,11.95,2.88,0.72,6.08,1.5,5.35,,,,,,66.25,2.92,,0.0,0.0,322.0,,
2024-04-05 10:00:00,10.25,59.5,3.6,11.1,8.85,13.45,2.53,2.1,5.83,1.45,4.82,,,,,,67.25,3.05,,0.0,0.0,402.5,,
2024-04-05 11:00:00,13.5,59.5,2.93,9.97,7.67,14.33,6.63,0.78,5.49,1.32,4.53,,,,,,67.0,3.78,,0.0,0.0,447.25,,
2024-04-05 12:00:00,11.75,57.0,3.13,7.67,6.6,18.43,6.75,0.53,5.83,1.1,3.42,,,,,,65.75,4.22,,0.0,0.0,446.5,,
2024-04-05 13:00:00,10.0,57.75,4.55,7.8,7.85,13.68,6.62,0.61,6.52,0.95,2.6,,,,,,66.0,4.75,,0.0,0.0,428.5,,
2024-04-05 14:00:00,7.25,42.0,4.12,6.0,6.58,10.95,6.5,0.72,6.32,0.57,1.68,,,,,,67.0,4.6,,0.0,0.0,357.5,,
2024-04-05 15:00:00,7.5,41.75,3.82,6.72,6.65,10.5,8.65,0.73,5.83,0.62,1.8,,,,,,67.0,4.32,,0.0,0.0,261.5,,
2024-04-05 16:00:00,6.5,38.0,3.62,7.08,6.7,10.65,3.58,0.64,5.59,0.62,2.52,,,,,,66.25,4.22,,0.0,0.0,173.0,,
2024-04-05 17:00:00,9.0,30.75,3.72,8.02,7.32,9.88,1.27,0.66,5.1,0.75,3.1,,,,,,67.0,3.85,,0.0,0.0,43.75,,
2024-04-05 18:00:00,11.75,38.75,4.25,9.85,8.68,9.78,1.62,0.72,5.88,0.95,4.18,,,,,,67.0,3.0,,0.0,0.0,15.75,,
2024-04-05 19:00:00,10.25,44.75,4.15,9.9,8.6,9.78,1.13,0.77,5.68,1.27,5.25,,,,,,68.0,3.25,,0.0,0.0,15.0,,
2024-04-05 20:00:00,8.25,35.25,4.35,10.12,8.9,9.78,1.83,0.7,5.64,1.38,5.5,,,,,,68.0,2.65,,0.0,0.0,15.0,,
2024-04-05 21:00:00,9.0,24.5,2.9,10.4,7.9,11.55,1.65,0.59,5.88,1.5,5.88,,,,,,67.0,3.18,,0.0,0.0,15.0,,
2024-04-05 22:00:00,8.5,18.75,3.1,12.12,8.95,13.2,1.95,0.67,6.07,1.5,5.65,,,,,,66.75,2.28,,0.0,0.0,15.0,,
2024-04-05 23:00:00,6.75,24.75,5.7,14.75,12.52,12.9,0.5,0.67,5.88,1.58,5.82,,,,,,67.75,2.5,,0.0,0.0,15.0,,
2024-04-06 00:00:00,5.0,25.25,6.38,15.88,13.6,12.75,2.05,0.6,5.49,1.27,5.25,,,,,,66.75,1.52,325.0,0.0,0.0,15.0,,
2024-04-06 01:00:00,3.5,19.75,6.12,12.9,11.85,13.35,2.35,0.57,5.59,1.18,5.0,,,,,,68.25,1.12,,0.0,0.0,15.0,,
2024-04-06 02:00:00,7.5,20.0,6.32,12.35,11.8,13.1,6.25,0.64,6.14,1.15,5.18,,,,,,67.25,1.48,247.5,0.0,0.0,15.0,,
2024-04-06 03:00:00,6.75,24.0,6.52,13.28,12.32,14.08,8.25,0.63,6.21,1.5,5.5,,,,,,67.75,2.0,,0.0,0.0,15.0,,
2024-04-06 04:00:00,8.25,26.5,5.4,11.28,10.4,13.92,9.22,0.63,5.54,1.23,5.42,,,,,,67.5,1.65,232.0,0.0,0.0,15.0,,
2024-04-06 05:00:00,5.75,30.25,7.18,10.75,11.52,12.25,9.12,0.68,6.28,1.15,5.25,,,,,,69.0,1.45,240.25,0.0,0.0,15.0,,
2024-04-06 06:00:00,7.75,44.0,7.68,11.22,12.22,10.88,6.88,0.7,5.39,1.12,5.15,,,,,,69.5,1.42,,0.0,0.0,39.0,,
2024-04-06 07:00:00,16.5,41.5,7.68,11.77,12.48,10.98,6.3,0.74,5.68,1.23,5.22,,,,,,69.5,2.12,,0.0,0.0,123.0,,
2024-04-06 08:00:00,17.5,57.25,6.52,11.2,11.28,10.38,3.0,0.66,5.68,1.3,5.0,,,,,,70.0,1.85,326.0,0.0,0.0,208.25,,
2024-04-06 09:00:00,14.67,79.75,4.45,10.4,9.15,10.22,2.15,0.71,5.63,1.4,5.03,,,,,,70.0,2.6,,0.0,0.0,315.25,,
2024-04-06 10:00:00,14.0,101.25,3.12,12.32,9.05,11.52,2.8,2.3,6.12,1.45,4.88,,,,,,69.25,2.1,308.0,0.0,0.0,387.25,,
2024-04-06 11:00:00,19.75,103.0,3.37,12.97,9.67,13.65,10.67,0.88,5.73,1.52,5.43,,,,,,68.5,2.4,360.0,0.0,0.0,426.0,,
2024-04-06 12:00:00,17.75,87.0,3.43,9.33,7.73,14.07,5.45,0.52,6.03,1.48,5.3,,,,,,68.5,3.82,,0.0,0.0,433.5,,
2024-04-06 13:00:00,12.5,54.75,1.18,10.38,6.45,14.35,8.18,0.52,5.14,1.25,4.7,,,,,,67.25,4.08,,0.0,0.0,414.5,,
2024-04-06 14:00:00,8.0,51.5,3.22,12.05,9.0,14.72,7.78,0.68,5.54,1.23,4.35,,,,,,66.75,3.32,,0.0,0.0,353.75,,
2024-04-06 15:00:00,9.0,61.75,3.38,15.12,10.8,14.85,5.82,0.67,6.32,1.48,4.5,,,,,,66.25,3.38,,0.0,0.0,239.0,,
2024-04-06 16:00:00,11.0,61.0,2.95,15.62,10.72,16.18,2.88,0.67,5.93,1.48,4.5,,,,,,66.75,3.7,,0.0,0.0,146.25,,
2024-04-06 17:00:00,9.0,52.0,3.4,15.05,10.75,17.0,2.88,0.66,6.03,1.38,4.3,,,,,,65.75,3.78,,0.0,0.0,44.0,,
2024-04-06 18:00:00,10.75,55.5,2.95,18.25,12.12,17.48,1.3,0.77,5.83,1.55,4.9,,,,,,66.5,2.68,,0.0,0.0,15.25,,
2024-04-06 19:00:00,8.5,62.5,3.6,20.6,13.88,17.2,1.45,0.86,5.98,2.22,6.82,,,,,,66.75,2.58,,0.0,0.0,15.0,,
2024-04-06 20:00:00,13.0,52.0,3.25,21.38,13.95,16.2,1.55,0.84,5.98,2.6,8.32,,,,,,66.0,2.6,,0.0,0.0,15.0,,
2024-04-06 21:00:00,11.75,38.0,6.05,18.0,14.5,12.78,1.45,0.67,5.88,2.38,7.78,,,,,,67.5,2.3,,0.0,0.0,15.0,,
2024-04-06 22:00:00,7.75,35.75,6.92,18.68,15.52,11.68,3.28,0.66,6.03,1.95,6.52,,,,,,67.25,2.68,,0.0,0.0,15.0,,
2024-04-06 23:00:00,9.75,37.25,6.62,17.47,14.68,12.15,6.15,0.54,5.49,1.45,4.92,,,,,,68.0,2.45,,0.0,0.0,15.0,,
2024-04-07 00:00:00,15.25,53.5,5.88,12.65,11.55,33.28,4.7,0.6,6.03,1.15,4.18,,,,,,67.25,2.8,,0.0,0.0,15.0,,
2024-04-07 01:00:00,7.5,26.75,4.28,9.98,8.8,13.38,4.25,0.55,6.22,0.98,3.6,,,,,,69.0,2.48,,0.0,0.0,15.0,,
2024-04-07 02:00:00,11.25,43.5,3.92,9.68,8.32,10.9,6.85,0.6,6.01,0.85,3.22,,,,,,68.5,1.9,,0.0,0.0,15.0,,
2024-04-07 03:00:00,18.0,105.5,4.22,10.05,8.8,11.02,6.22,0.59,6.27,0.82,3.28,,,,,,68.5,2.0,310.0,0.0,0.0,15.0,,
2024-04-07 04:00:00,13.75,88.75,3.7,9.78,8.2,10.68,6.25,0.55,5.88,1.0,3.88,,,,,,68.0,2.02,,0.0,0.0,15.0,,
2024-04-07 05:00:00,2.25,41.0,3.05,11.72,8.7,13.35,9.55,0.62,5.59,1.4,5.25,,,,,,67.75,1.68,236.0,0.0,0.0,15.0,,
2024-04-07 06:00:00,6.25,59.75,6.43,14.05,12.72,13.35,7.7,0.68,5.64,1.75,5.58,,,,,,67.5,1.85,337.5,0.0,0.0,35.25,,
2024-04-07 07:00:00,5.75,49.5,5.32,12.28,10.8,12.4,6.6,0.67,5.58,1.72,5.32,,,,,,68.25,2.95,,0.0,0.0,126.75,,
2024-04-07 08:00:00,3.75,41.75,3.88,11.52,9.3,12.12,2.7,0.65,5.98,1.48,4.55,,,,,,68.0,3.42,,0.0,0.0,229.75,,
2024-04-07 09:00:00,9.5,52.25,3.65,10.6,8.57,13.1,1.6,0.68,5.93,1.42,4.35,,,,,,67.0,2.85,,0.0,0.0,323.25,,
2024-04-07 10:00:00,11.75,62.75,2.78,12.28,8.82,14.55,3.77,1.84,5.49,1.62,5.12,,,,,,67.25,2.92,,0.0,0.0,393.5,,
2024-04-07 11:00:00,15.0,73.0,2.77,12.0,8.63,15.85,5.93,0.61,5.44,1.68,6.45,,,,,,67.25,3.12,,0.0,0.0,433.5,,
2024-04-07 12:00:00,14.75,64.0,4.07,10.2,8.77,20.1,7.75,0.6,5.24,1.5,5.28,,,,,,66.25,4.25,,0.0,0.0,443.0,,
2024-04-07 13:00:00,10.5,47.5,5.12,8.65,8.78,13.48,6.55,0.58,6.03,1.05,3.32,,,,,,66.75,4.35,,0.0,0.0,418.0,,
2024-04-07 14:00:00,15.25,53.75,3.05,8.48,7.0,12.82,6.95,0.63,5.54,0.85,2.52,,,,,,67.5,4.4,,0.0,0.0,358.25,,
2024-04-07 15:00:00,7.0,55.25,2.3,8.73,6.55,12.8,5.3,0.63,5.78,0.72,1.95,,,,,,68.0,4.38,,0.0,0.0,270.5,,
2024-04-07 16:00:00,6.0,45.0,2.72,9.1,7.1,11.55,5.38,0.63,6.03,0.62,2.0,,,,,,67.5,4.03,,0.0,0.0,165.5,,
2024-04-07 17:00:00,5.0,46.25,3.6,10.45,8.5,11.28,6.3,0.65,5.63,0.65,2.22,,,,,,67.75,3.4,,0.0,0.0,37.75,,
2024-04-07 18:00:00,10.0,38.25,3.02,11.08,8.35,11.25,3.23,0.64,5.44,0.85,2.75,,,,,,66.75,3.28,,0.0,0.0,15.75,,
2024-04-07 19:00:00,7.0,30.75,3.1,10.52,8.12,11.2,1.13,0.7,6.18,1.05,3.4,,,,,,67.5,3.12,,0.0,0.0,15.0,,
2024-04-07 20:00:00,7.5,32.0,1.67,11.4,7.45,12.38,3.18,0.59,5.29,1.18,4.0,,,,,,68.0,2.75,,0.0,0.0,15.0,,
2024-04-07 21:00:00,8.0,28.0,2.7,12.35,8.75,14.75,5.32,0.67,5.63,1.58,5.22,,,,,,66.75,2.25,,0.0,0.0,15.0,,
2024-04-07 22:00:00,5.75,23.25,2.3,12.75,8.62,14.1,5.22,0.68,5.73,1.6,5.25,,,,,,65.75,2.45,,0.0,0.0,15.0,,
2024-04-07 23:00:00,7.25,16.25,3.2,8.52,7.18,28.1,5.65,0.6,5.54,1.35,4.82,,,,,,66.5,2.98,,0.0,0.0,15.0,,
2024-04-08 00:00:00,5.0,10.0,2.55,6.82,5.7,13.52,3.52,0.59,6.18,1.03,3.58,,,,,,68.0,3.08,,0.0,0.0,15.0,,
2024-04-08 01:00:00,,8.0,1.83,6.68,5.05,13.72,2.75,0.55,5.68,0.75,2.78,,,,,,66.25,2.4,,0.0,0.0,15.0,,
2024-04-08 02:00:00,8.0,11.75,2.85,6.45,5.75,13.75,4.12,0.63,5.75,0.65,2.42,,,,,,66.75,2.08,,0.0,0.0,15.0,,
2024-04-08 03:00:00,9.0,14.0,2.95,6.78,5.98,14.85,6.1,0.63,6.21,0.75,2.88,,,,,,67.0,2.05,,0.0,0.0,15.0,,
2024-04-08 04:00:00,11.0,24.0,4.38,6.98,7.28,13.42,9.57,0.68,6.08,0.8,2.9,,,,,,67.75,2.58,,0.0,0.0,15.0,,
2024-04-08 05:00:00,8.75,22.5,4.18,7.32,7.3,10.82,10.75,0.66,6.18,0.62,2.28,,,,,,69.5,2.02,347.0,0.0,0.0,15.0,,
2024-04-08 06:00:00,10.25,22.5,3.82,8.7,7.7,11.2,3.65,0.66,5.69,0.75,2.55,,,,,,68.0,1.98,299.5,0.0,0.0,44.0,,
2024-04-08 07:00:00,10.0,41.0,3.12,10.05,7.88,11.38,0.8,0.71,6.03,0.98,3.02,,,,,,68.25,2.42,276.0,0.0,0.0,111.5,,
2024-04-08 08:00:00,15.25,60.0,3.88,11.05,9.02,10.9,5.45,0.68,6.03,1.15,3.18,,,,,,69.0,3.2,326.0,0.0,0.0,232.75,,
2024-04-08 09:00:00,15.75,75.0,3.35,11.35,8.72,10.95,6.58,0.74,5.98,1.35,3.7,,,,,,68.75,2.9,347.0,0.0,0.0,320.0,,
2024-04-08 10:00:00,22.75,80.5,2.75,10.55,7.85,11.62,5.17,2.26,6.08,1.52,4.0,,,,,,69.0,3.45,,0.0,0.0,393.75,,
2024-04-08 11:00:00,17.75,67.75,2.9,10.5,7.97,12.37,6.8,0.82,5.73,1.27,3.5,,,,,,69.0,4.18,,0.0,0.0,436.75,,
2024-04-08 12:00:00,13.5,61.75,1.4,7.77,4.2,18.73,4.45,0.46,5.2,1.08,3.12,,,,,,67.0,5.3,,0.0,0.0,443.25,,
2024-04-08 13:00:00,12.33,59.25,2.92,6.6,5.9,14.73,2.62,0.57,6.07,0.82,2.38,,,,,,66.25,5.72,,0.0,0.0,415.5,,
2024-04-08 14:00:00,13.0,46.75,2.45,7.65,6.05,14.48,3.85,0.54,5.49,0.7,1.9,,,,,,66.25,4.8,,0.0,0.0,352.25,,
2024-04-08 15:00:00,12.5,51.5,3.35,7.75,6.9,15.25,3.67,0.55,5.68,0.8,2.12,,,,,,66.0,3.92,,0.0,0.0,263.5,,
2024-04-08 16:00:00,10.0,50.75,3.08,8.5,7.02,15.22,2.28,0.64,5.78,0.88,2.42,,,,,,66.0,3.7,,0.0,0.0,161.75,,
2024-04-08 17:00:00,7.25,50.25,3.42,7.95,7.0,14.65,4.97,0.64,5.73,0.98,3.65,,,,,,65.25,3.25,,0.0,0.0,40.25,,
2024-04-08 18:00:00,8.25,42.0,3.75,8.82,7.75,14.55,4.4,0.66,5.83,0.92,5.8,,,,,,65.75,3.18,,0.0,0.0,15.75,,
2024-04-08 19:00:00,9.0,40.0,3.15,10.15,7.9,14.82,4.53,0.68,6.03,1.02,5.35,,,,,,65.75,2.42,,0.0,0.0,15.0,,
2024-04-08 20:00:00,8.75,35.0,4.28,11.92,9.88,12.92,5.35,0.69,6.12,1.05,5.03,,,,,,66.25,2.38,,0.0,0.0,15.0,,
2024-04-08 21:00:00,7.75,35.5,3.65,11.42,9.02,11.42,8.32,0.68,5.93,1.0,4.6,,,,,,67.75,2.35,,0.0,0.0,15.0,,
2024-04-08 22:00:00,7.5,29.5,2.9,10.62,7.98,12.1,3.8,0.64,6.07,0.9,4.0,,,,,,68.75,1.8,,0.0,0.0,15.0,,
2024-04-08 23:00:00,9.0,32.5,2.9,7.8,6.45,11.62,1.85,0.62,5.73,0.82,3.48,,,,,,67.5,1.85,,0.0,0.0,15.0,,
2024-04-09 00:00:00,8.5,25.25,3.85,7.15,6.95,11.48,0.82,0.62,6.22,0.68,2.92,,,,,,68.5,1.7,,0.0,0.0,15.0,,
2024-04-09 01:00:00,7.5,18.5,4.3,7.12,7.3,11.22,0.6,0.61,5.78,0.65,2.65,,,,,,69.25,1.48,,0.0,0.0,15.0,,
2024-04-09 02:00:00,9.75,21.5,3.45,8.5,7.35,11.12,2.1,0.62,5.95,0.55,2.38,,,,,,69.0,1.4,,0.0,0.0,15.0,,
2024-04-09 03:00:00,10.75,17.75,3.02,5.92,5.6,12.0,2.75,0.6,6.73,0.5,2.28,,,,,,68.5,1.35,,0.0,0.0,15.0,,
2024-04-09 04:00:00,6.75,23.75,2.82,7.93,6.48,14.2,1.35,0.57,5.73,0.5,2.38,,,,,,68.5,1.12,,0.0,0.0,15.0,,
2024-04-09 05:00:00,5.75,34.5,3.42,7.9,6.98,13.82,0.8,0.63,5.78,0.8,2.6,,,,,,68.75,0.82,,0.0,0.0,15.0,,
2024-04-09 06:00:00,5.75,40.0,4.03,11.8,9.55,13.68,1.77,0.68,5.69,0.82,2.8,,,,,,69.25,1.1,,0.0,0.0,35.5,,
2024-04-09 07:00:00,8.75,60.25,4.53,10.58,9.28,14.1,1.62,0.7,5.83,1.08,2.9,,,,,,68.5,1.5,,0.0,0.0,120.25,,
2024-04-09 08:00:00,11.5,55.25,3.28,7.9,6.82,14.48,2.6,0.61,6.27,0.95,2.35,,,,,,67.0,1.8,,0.0,0.0,195.5,,
2024-04-09 09:00:00,14.0,49.0,3.2,6.72,6.15,15.05,4.15,0.62,5.69,0.85,2.22,,,,,,68.25,2.2,,0.0,0.0,288.25,,
2024-04-09 10:00:00,17.25,56.75,2.22,7.35,5.72,16.1,9.17,1.98,5.59,0.8,2.0,,,,,,67.5,2.38,,0.0,0.0,335.5,,
2024-04-09 11:00:00,16.25,59.0,2.3,6.73,5.47,17.8,15.63,0.72,5.68,0.72,1.98,,,,,,66.5,2.48,,0.0,0.0,423.25,,
2024-04-09 12:00:00,11.0,51.25,5.47,5.33,7.33,16.3,4.98,0.62,6.02,0.57,1.98,,,,,,67.75,2.52,,0.0,0.0,432.5,,
2024-04-09 13:00:00,11.25,55.0,3.52,4.2,5.15,13.35,2.95,0.65,5.59,0.5,2.42,,,,,,67.75,2.9,,0.0,0.0,405.5,,
2024-04-09 14:00:00,13.25,55.75,2.68,4.6,4.6,13.5,6.35,0.63,6.27,0.48,3.68,,,,,,68.0,2.82,,0.0,0.0,339.5,,
2024-04-09 15:00:00,16.67,55.25,2.4,3.9,4.08,13.6,5.45,0.63,6.03,0.4,4.15,,,,,,67.75,2.78,,0.0,0.0,249.75,,
2024-04-09 16:00:00,15.5,65.75,3.1,4.28,4.8,13.4,2.98,0.64,6.18,0.4,5.0,,,,,,67.5,2.3,,0.0,0.0,148.75,,
2024-04-09 17:00:00,13.25,117.0,3.52,4.65,5.28,12.78,1.5,0.68,5.78,0.82,4.97,,,,,,68.5,2.45,,0.0,0.0,41.25,,
2024-04-09 18:00:00,12.25,96.25,3.12,5.52,5.48,12.2,0.97,0.64,5.68,0.8,4.53,,,,,,68.0,2.38,,0.0,0.0,15.75,,
2024-04-09 19:00:00,15.0,79.0,2.52,7.48,6.0,12.18,0.3,0.64,5.68,0.92,4.47,,,,,,68.5,2.08,,0.0,0.0,15.0,,
2024-04-09 20:00:00,11.75,76.25,0.9,8.12,5.0,15.12,,0.65,5.93,1.12,5.5,,,,,,66.75,1.92,,0.0,0.0,15.0,,
2024-04-09 21:00:00,10.25,64.75,2.55,8.65,6.68,14.62,,0.64,6.42,1.08,5.2,,,,,,66.75,1.48,,0.0,0.0,15.0,,
2024-04-09 22:00:00,7.5,62.0,2.65,9.25,7.1,14.8,3.13,0.66,5.64,1.0,4.58,,,,,,67.0,1.32,,0.0,0.0,15.0,,
2024-04-09 23:00:00,6.0,83.0,2.6,8.98,6.9,15.02,2.65,0.65,5.83,0.95,4.05,,,,,,68.0,1.18,,0.0,0.0,15.0,,
2024-04-10 00:00:00,7.75,75.25,3.68,9.6,8.1,14.75,6.62,0.65,5.73,0.8,3.42,,,,,,68.0,1.05,,0.0,0.0,15.0,,
2024-04-10 01:00:00,13.0,50.0,3.05,7.48,6.48,15.2,7.8,0.64,5.98,0.72,3.2,,,,,,68.0,1.02,,0.0,0.0,15.0,,
2024-04-10 02:00:00,13.25,43.5,2.6,8.5,6.65,14.62,5.25,0.64,5.55,0.62,2.8,,,,,,68.75,0.85,,0.0,0.0,15.0,,
2024-04-10 03:00:00,12.75,43.25,3.98,9.1,8.07,14.55,3.92,0.69,5.69,0.6,2.68,,,,,,69.0,0.7,,0.0,0.0,15.0,,
2024-04-10 04:00:00,14.0,58.75,5.45,11.8,10.72,15.8,2.25,0.68,6.22,1.12,3.52,,,,,,69.5,0.4,75.0,0.0,0.0,15.0,,
2024-04-10 05:00:00,28.75,97.0,4.92,13.82,11.35,16.92,4.28,0.76,5.83,1.6,4.32,,,,,,70.0,0.35,73.67,0.0,0.0,15.0,,
2024-04-10 06:00:00,28.25,107.75,5.35,14.52,12.05,16.05,2.35,0.69,5.74,1.75,5.58,,,,,,70.0,0.38,116.67,0.0,0.0,33.5,,
2024-04-10 07:00:00,29.5,118.0,7.28,14.5,13.6,18.18,,0.78,5.88,1.85,6.28,,,,,,70.5,0.5,58.5,0.0,0.0,109.75,,
2024-04-10 08:00:00,29.0,122.25,5.25,10.82,10.0,14.6,1.02,0.63,5.44,2.22,6.68,,,,,,69.5,1.35,138.0,0.0,0.0,173.75,,
2024-04-10 09:00:00,20.5,85.0,2.75,7.48,6.22,12.5,1.58,0.58,5.78,1.65,5.03,,,,,,70.0,1.62,,0.0,0.0,239.75,,
2024-04-10 10:00:00,14.5,73.75,2.88,5.5,5.28,12.85,3.6,2.08,5.78,1.25,3.92,,,,,,69.5,2.25,,0.0,0.0,280.25,,
2024-04-10 11:00:00,16.5,82.25,2.1,5.1,4.37,14.37,8.3,0.61,5.44,1.08,3.48,,,,,,68.25,2.48,,0.0,0.0,336.0,,
2024-04-10 12:00:00,10.25,72.75,2.33,5.77,4.97,19.87,3.5,0.62,5.63,1.05,3.58,,,,,,68.25,2.68,,0.0,0.0,403.25,,
2024-04-10 13:00:00,12.75,68.25,2.72,6.1,5.52,16.8,3.2,0.59,5.78,0.9,4.47,,,,,,66.75,2.78,,0.0,0.0,329.25,,
2024-04-10 14:00:00,8.75,68.25,2.82,6.1,5.52,15.78,4.6,0.63,5.98,0.72,4.23,,,,,,67.0,2.52,,0.0,0.0,293.75,,
2024-04-10 15:00:00,9.25,73.0,2.82,6.48,5.78,15.82,4.72,0.62,5.44,0.7,3.62,,,,,,66.0,2.42,,0.0,0.0,232.0,,
2024-04-10 16:00:00,14.0,67.25,2.43,6.2,5.3,15.85,2.9,0.62,5.58,0.65,4.7,,,,,,66.75,2.58,,0.0,0.0,139.75,,
2024-04-10 17:00:00,16.0,70.75,2.82,7.32,6.18,15.9,0.9,0.65,6.12,1.05,4.45,,,,,,66.0,2.28,,0.0,0.0,44.0,,
2024-04-10 18:00:00,14.0,77.25,2.62,8.32,6.58,16.33,7.15,0.66,5.93,1.85,8.68,,,,,,66.75,2.08,,0.0,0.0,16.0,,
2024-04-10 19:00:00,17.25,67.75,5.08,7.0,7.82,16.32,11.68,0.78,5.88,1.65,8.43,,,,,,66.5,1.92,,0.0,0.0,15.0,,
2024-04-10 20:00:00,18.25,56.75,4.5,7.6,7.68,12.32,6.8,0.77,5.98,1.2,6.0,,,,,,67.5,1.82,,0.0,0.0,15.0,,
2024-04-10 21:00:00,17.0,60.5,2.85,5.7,5.32,12.52,7.22,0.76,5.83,1.12,5.18,,,,,,67.5,1.6,,0.0,0.0,15.0,,
2024-04-10 22:00:00,12.5,55.0,2.7,5.95,5.3,12.5,4.4,0.67,5.29,1.05,4.7,,,,,,69.25,1.08,,0.0,0.0,15.0,,
2024-04-10 23:00:00,17.0,51.0,3.3,5.8,5.75,12.48,4.15,0.66,6.13,0.92,4.15,,,,,,69.0,1.12,,0.0,0.0,15.0,,
2024-04-11 00:00:00,13.67,47.75,2.45,4.88,4.6,12.72,7.15,0.64,5.83,0.82,3.6,,,,,,68.75,1.08,,0.0,0.0,15.0,,
2024-04-11 01:00:00,8.0,45.25,2.98,4.6,4.88,12.48,6.88,0.63,5.64,0.8,3.25,,,,,,69.75,0.95,,0.0,0.0,15.0,,
2024-04-11 02:00:00,10.5,39.0,3.22,4.95,5.28,12.15,2.08,0.64,5.95,0.7,2.88,,,,,,69.25,0.7,,0.0,0.0,15.0,,
2024-04-11 03:00:00,8.5,37.5,1.92,5.22,4.32,14.92,1.0,0.55,5.88,0.72,2.95,,,,,,69.75,0.62,,0.0,0.0,15.0,,
2024-04-11 04:00:00,8.75,48.75,2.88,7.58,6.35,15.0,2.8,0.66,6.02,0.9,3.2,,,,,,68.5,0.5,,0.0,0.0,15.0,,
2024-04-11 05:00:00,14.5,69.0,3.6,10.65,8.6,14.02,1.78,0.68,6.03,1.32,3.42,,,,,,69.25,0.4,,0.0,0.0,15.0,,
2024-04-11 06:00:00,16.75,69.75,3.92,13.02,10.15,13.82,3.2,0.68,5.54,1.18,3.8,,,,,,69.25,0.5,,0.0,0.0,41.75,,
2024-04-11 07:00:00,16.5,70.0,3.6,8.88,7.68,14.85,4.92,0.69,5.58,1.42,4.38,,,,,,68.75,0.92,,0.0,0.0,130.5,,
2024-04-11 08:00:00,9.5,61.25,3.0,7.95,6.7,14.82,2.02,0.66,5.83,1.12,3.35,,,,,,67.75,1.68,,0.0,0.0,220.5,,
2024-04-11 09:00:00,11.75,52.25,2.6,8.43,6.58,15.2,0.68,0.65,6.03,0.98,3.32,,,,,,66.75,1.82,,0.0,0.0,322.5,,
2024-04-11 10:00:00,13.75,50.5,2.72,9.3,7.18,17.2,2.27,2.05,5.49,0.92,3.15,,,,,,67.25,2.38,,0.0,0.0,392.5,,
2024-04-11 11:00:00,15.0,55.5,4.07,8.77,7.97,17.43,3.33,0.78,6.22,0.82,2.78,,,,,,67.5,2.75,,0.0,0.0,438.25,,
2024-04-11 12:00:00,18.5,66.0,3.07,6.9,6.13,15.4,2.1,0.68,5.83,0.78,2.68,,,,,,69.0,2.92,,0.0,0.0,447.0,,
2024-04-11 13:00:00,14.75,64.25,2.95,6.22,5.7,12.82,0.5,0.68,5.82,0.8,3.0,,,,,,68.0,2.75,,0.0,0.0,420.5,,
2024-04-11 14:00:00,9.5,57.0,2.58,5.05,4.72,14.98,4.03,0.66,2.54,0.75,2.82,,,,,,68.75,2.82,,0.0,0.0,356.5,,
2024-04-11 15:00:00,15.0,53.5,2.03,4.55,4.05,14.68,5.1,0.63,2.26,0.92,3.4,,,,,,67.5,3.52,,0.0,0.0,268.0,,
2024-04-11 16:00:00,16.5,63.0,2.48,4.3,4.3,14.08,9.82,0.6,10.88,0.68,3.15,,,,,,67.75,3.28,,0.0,0.0,159.25,,
2024-04-11 17:00:00,11.75,66.0,2.7,4.18,4.42,13.02,10.35,0.63,5.44,0.68,4.28,,,,,,67.0,3.18,,0.0,0.0,38.5,,
2024-04-11 18:00:00,10.0,59.75,2.58,4.6,4.58,12.7,2.55,0.68,4.46,1.05,5.65,,,,,,67.75,3.02,,0.0,0.0,16.0,,
2024-04-11 19:00:00,7.75,64.0,1.53,6.82,4.5,16.52,1.12,0.57,7.77,1.25,6.85,,,,,,65.75,3.0,,0.0,0.0,15.0,,
2024-04-11 20:00:00,7.25,52.0,2.75,7.95,6.5,15.72,5.12,0.68,6.91,1.18,6.0,,,,,,66.5,2.75,,0.0,0.0,15.0,,
2024-04-11 21:00:00,10.25,38.0,3.05,7.35,6.35,14.5,7.28,0.67,5.78,1.12,5.68,,,,,,66.75,2.72,,0.0,0.0,15.0,,
2024-04-11 22:00:00,14.75,36.75,2.82,6.78,5.88,14.3,2.65,0.64,6.32,1.02,5.05,,,,,,67.5,2.28,,0.0,0.0,15.0,,
2024-04-11 23:00:00,8.0,30.75,2.38,5.42,4.82,14.52,2.1,0.62,6.17,0.85,4.58,,,,,,66.0,2.02,,0.0,0.0,15.0,,
2024-04-12 00:00:00,8.25,22.25,2.4,4.65,4.4,14.52,6.05,0.63,5.93,0.75,3.62,,,,,,66.0,2.15,,0.0,0.0,15.0,,
2024-04-12 01:00:00,8.5,16.75,2.65,5.22,4.93,14.15,7.0,0.6,5.68,0.62,2.92,,,,,,66.75,2.02,,0.0,0.0,15.0,,
2024-04-12 02:00:00,8.0,17.0,2.7,5.18,4.95,13.82,1.58,0.65,5.62,0.52,2.55,,,,,,68.0,1.75,,0.0,0.0,15.0,,
2024-04-12 03:00:00,9.75,19.75,4.6,5.0,6.45,13.18,0.8,0.69,0.78,0.48,2.25,,,,,,67.75,1.7,,0.0,0.0,15.0,,
2024-04-12 04:00:00,6.75,23.0,3.25,3.97,4.82,11.9,,0.62,1.67,0.43,1.98,,,,,,68.5,1.95,,0.0,0.0,15.0,,
2024-04-12 05:00:00,8.5,34.5,2.68,4.65,4.62,11.15,1.23,0.64,4.21,0.48,1.75,,,,,,68.75,1.98,,0.0,0.0,15.0,,
2024-04-12 06:00:00,8.0,38.5,2.7,6.05,5.42,11.32,1.3,0.64,4.75,0.52,1.78,,,,,,69.0,2.22,,0.0,0.0,42.25,,
2024-04-12 07:00:00,15.0,60.5,4.95,8.05,8.32,11.18,0.8,0.68,5.78,0.7,1.85,,,,,,68.25,2.25,,0.0,0.0,133.0,,
2024-04-12 08:00:00,23.25,73.5,4.6,7.75,7.85,11.3,2.68,0.63,5.1,0.8,2.02,,,,,,69.0,2.43,,0.0,0.0,226.0,,
2024-04-12 09:00:00,22.0,61.0,4.12,6.72,6.92,11.05,2.62,0.66,5.15,0.85,2.1,,,,,,68.75,2.88,,0.0,0.0,324.5,,
2024-04-12 10:00:00,16.75,58.5,3.6,6.98,6.58,12.0,6.2,2.07,4.16,0.82,2.2,,,,,,68.75,2.98,,0.0,0.0,398.25,,
2024-04-12 11:00:00,16.25,67.0,2.77,8.8,6.93,15.5,12.3,0.3,9.7,1.02,2.58,,,,,,66.75,3.08,,0.0,0.0,441.0,,
2024-04-12 12:00:00,8.25,59.0,2.23,7.13,5.67,18.2,3.23,0.6,6.57,0.95,2.48,,,,,,66.5,3.05,,0.0,0.0,450.0,,
2024-04-12 13:00:00,8.75,49.75,1.83,7.02,5.2,16.48,1.4,0.62,6.07,0.82,2.78,,,,,,66.0,2.98,,0.0,0.0,399.75,,
2024-04-12 14:00:00,9.33,43.33,3.67,6.6,6.47,15.83,2.4,0.64,6.01,0.7,2.37,,,,,,64.67,2.97,,0.0,0.0,340.67,,
2024-04-12 15:00:00,11.25,48.5,2.22,6.12,5.1,16.55,1.23,0.63,5.39,0.68,2.52,,,,,,66.0,3.08,,0.0,0.0,264.0,,
2024-04-12 16:00:00,10.25,45.0,3.75,6.18,6.32,17.5,2.25,0.64,5.05,0.62,2.05,,,,,,65.25,2.9,,0.0,0.0,158.5,,
2024-04-12 17:00:00,14.0,50.0,3.47,6.35,6.2,17.35,2.62,0.66,6.03,0.68,3.62,,,,,,65.0,2.8,,0.0,0.0,40.25,,
2024-04-12 18:00:00,13.5,57.5,2.65,7.28,6.02,16.4,1.68,0.7,6.07,0.78,4.6,,,,,,65.75,2.28,,0.0,0.0,15.5,,
2024-04-12 19:00:00,11.0,56.75,4.53,7.1,7.48,13.18,0.6,0.62,4.16,0.8,4.1,,,,,,67.25,2.15,,0.0,0.0,15.0,,
2024-04-12 20:00:00,9.5,42.75,3.68,5.65,5.98,12.18,,0.67,3.43,0.82,4.28,,,,,,67.5,2.1,,0.0,0.0,15.0,,
2024-04-12 21:00:00,15.0,47.0,1.92,6.02,4.8,12.08,0.87,0.69,4.95,0.82,4.4,,,,,,67.5,2.0,,0.0,0.0,15.0,,
2024-04-12 22:00:00,15.5,42.5,3.1,5.3,5.38,11.55,3.62,0.67,4.95,0.8,3.9,,,,,,67.5,1.85,,0.0,0.0,15.0,,
2024-04-12 23:00:00,7.75,34.25,2.92,5.68,5.38,11.02,4.55,0.64,4.85,0.98,3.9,,,,,,68.25,2.0,283.5,0.0,0.0,15.0,,
2024-04-13 00:00:00,7.0,24.5,2.72,7.12,5.95,11.55,6.35,0.63,5.0,1.52,4.53,,,,,,68.0,1.65,305.25,0.0,0.0,15.0,,
2024-04-13 01:00:00,8.0,28.75,2.78,7.6,6.32,11.82,6.32,0.63,5.39,1.0,3.18,,,,,,68.75,1.6,264.67,0.0,0.0,15.0,,
2024-04-13 02:00:00,9.75,27.75,2.62,7.48,6.08,12.15,3.08,0.56,4.64,0.82,2.6,,,,,,70.5,0.98,237.0,0.0,0.0,15.0,,
2024-04-13 03:00:00,5.0,26.0,2.15,6.85,5.38,15.15,1.42,0.6,6.27,0.8,2.8,,,,,,68.0,0.85,342.0,0.0,0.0,15.0,,
2024-04-13 04:00:00,2.0,22.25,2.8,7.08,6.02,14.1,5.05,0.64,6.18,0.72,2.55,,,,,,68.75,0.73,196.25,0.0,0.0,15.0,,
2024-04-13 05:00:00,3.0,22.25,3.2,9.32,7.55,13.52,4.8,0.64,6.17,0.72,2.38,,,,,,69.0,0.42,170.5,0.0,0.0,15.0,,
2024-04-13 06:00:00,8.0,41.25,4.88,14.72,11.78,15.12,1.8,0.75,5.73,1.02,3.42,,,,,,68.0,0.7,,0.0,0.0,34.75,,
2024-04-13 07:00:00,15.5,79.75,5.68,11.98,11.0,15.1,,0.77,5.88,1.45,4.53,,,,,,68.25,0.72,,0.0,0.0,88.25,,
2024-04-13 08:00:00,21.75,86.0,5.52,13.2,11.55,15.9,5.05,0.72,5.93,1.72,4.9,,,,,,68.5,0.62,88.5,0.0,0.0,93.5,,
2024-04-13 09:00:00,24.25,82.25,4.0,12.7,10.0,15.28,6.95,0.73,5.88,1.85,4.92,,,,,,68.25,1.27,111.0,0.0,0.0,306.5,,
2024-04-13 10:00:00,16.5,60.75,3.88,10.35,8.65,15.75,4.8,2.19,5.63,1.6,4.4,,,,,,66.75,2.17,,0.0,0.0,384.75,,
2024-04-13 11:00:00,16.75,57.0,3.77,8.77,7.7,14.07,5.87,0.41,1.52,1.25,3.52,,,,,,67.25,2.17,,0.0,0.0,419.25,,
2024-04-13 12:00:00,14.25,56.0,3.07,7.2,6.3,16.6,3.68,0.64,3.48,1.1,3.62,,,,,,68.25,2.5,,0.0,0.0,418.25,,
2024-04-13 13:00:00,17.5,51.0,2.68,6.2,5.48,13.0,2.7,0.63,3.82,0.98,3.6,,,,,,67.5,2.62,,0.0,0.0,403.25,,
2024-04-13 14:00:00,15.0,37.5,2.75,5.1,4.95,13.6,2.88,0.64,4.95,0.85,3.08,,,,,,67.75,2.65,,0.0,0.0,339.25,,
2024-04-13 15:00:00,13.25,44.5,2.5,5.08,4.72,13.45,5.57,0.63,5.68,0.7,2.62,,,,,,66.75,2.58,,0.0,0.0,253.5,,
2024-04-13 16:00:00,16.0,53.5,2.62,5.4,4.97,13.52,4.18,0.63,5.98,0.7,2.8,,,,,,67.5,2.38,,0.0,0.0,155.25,,
2024-04-13 17:00:00,15.25,60.75,2.8,5.78,5.35,13.22,3.3,0.66,5.29,0.75,3.52,,,,,,66.25,2.12,,0.0,0.0,39.5,,
2024-04-13 18:00:00,20.5,67.25,2.03,7.15,4.42,15.65,2.02,0.58,4.41,0.82,4.1,,,,,,66.75,2.12,,0.0,0.0,16.25,,
2024-04-13 19:00:00,14.25,59.75,4.7,9.85,6.1,25.82,3.87,0.58,8.77,1.25,6.95,,,,,,64.5,2.42,,0.0,0.0,15.75,,
2024-04-13 20:00:00,9.75,54.0,4.08,8.9,8.07,19.05,5.25,0.78,6.66,1.2,5.88,,,,,,64.25,2.15,,0.0,0.0,15.0,,
2024-04-13 21:00:00,12.5,60.25,3.3,8.93,7.4,17.42,5.05,0.76,5.88,1.12,5.2,,,,,,67.25,1.9,,0.0,0.0,15.0,,
2024-04-13 22:00:00,15.0,69.25,2.62,8.6,6.7,17.65,5.03,0.68,5.88,1.15,5.25,,,,,,65.75,1.75,,0.0,0.0,15.0,,
2024-04-13 23:00:00,17.75,67.25,2.82,7.15,6.12,18.1,3.65,0.66,5.2,1.1,4.58,,,,,,66.75,1.6,,0.0,0.0,15.0,,
2024-04-14 00:00:00,16.75,67.75,2.75,6.25,5.6,18.82,0.9,0.65,5.04,1.0,3.9,,,,,,67.0,1.55,,0.0,0.0,15.0,,
2024-04-14 01:00:00,16.5,67.0,2.1,5.65,4.75,19.2,,0.64,5.15,0.92,3.28,,,,,,67.5,1.5,,0.0,0.0,15.0,,
2024-04-14 02:00:00,19.25,67.25,1.95,5.82,4.65,19.08,1.47,0.68,5.42,0.82,2.82,,,,,,67.5,1.35,,0.0,0.0,15.0,,
2024-04-14 03:00:00,23.0,67.0,3.15,5.72,5.6,18.52,0.85,0.74,1.18,0.78,2.52,,,,,,68.25,1.0,,0.0,0.0,15.0,,
2024-04-14 04:00:00,23.0,67.5,3.42,4.8,5.32,16.05,2.5,0.74,1.96,0.72,2.4,,,,,,69.5,0.9,,0.0,0.0,15.0,,
2024-04-14 05:00:00,22.25,79.25,2.25,6.48,5.28,15.72,1.9,0.75,3.97,0.92,2.72,,,,,,69.75,0.65,,0.0,0.0,15.0,,
2024-04-14 06:00:00,21.25,86.0,2.72,7.85,6.4,16.1,3.42,0.68,4.36,0.98,3.32,,,,,,69.5,0.45,,0.0,0.0,28.25,,
2024-04-14 07:00:00,25.5,95.5,3.02,7.72,6.55,15.75,4.6,0.72,5.14,1.1,3.68,,,,,,70.0,1.12,,0.0,0.0,120.75,,
2024-04-14 08:00:00,24.75,89.75,2.15,4.9,4.38,14.78,5.1,0.65,5.05,0.98,2.92,,,,,,69.0,1.88,,0.0,0.0,220.0,,
2024-04-14 09:00:00,17.5,69.75,2.25,4.45,4.2,14.9,4.58,0.65,4.95,0.88,2.42,,,,,,68.5,2.42,,0.0,0.0,282.75,,
2024-04-14 10:00:00,16.5,74.75,2.22,5.12,4.55,15.88,1.93,2.2,4.51,0.8,2.42,,,,,,69.0,2.28,,0.0,0.0,336.0,,
2024-04-14 11:00:00,17.5,72.25,0.1,6.0,2.67,19.0,3.47,0.6,7.45,0.82,3.48,,,,,,67.0,2.65,,0.0,0.0,421.75,,
2024-04-14 12:00:00,16.75,69.75,2.37,5.83,5.03,22.63,2.15,0.68,6.66,0.9,2.95,,,,,,67.0,2.78,,0.0,0.0,416.0,,
2024-04-14 13:00:00,18.25,76.75,2.75,5.65,5.22,19.27,0.37,0.66,5.78,0.9,2.72,,,,,,66.75,2.75,,0.0,0.0,409.25,,
2024-04-14 14:00:00,15.25,69.25,3.1,7.2,6.35,18.65,2.5,0.65,5.24,0.85,2.35,,,,,,66.25,2.62,,0.0,0.0,353.5,,
2024-04-14 15:00:00,13.0,58.0,2.35,6.95,5.62,18.98,1.18,0.64,5.2,0.8,2.12,,,,,,66.5,2.42,,0.0,0.0,265.75,,
2024-04-14 16:00:00,14.75,59.25,1.92,6.5,5.05,19.08,1.32,0.64,5.14,0.85,2.08,,,,,,65.75,2.52,,0.0,0.0,163.25,,
2024-04-14 17:00:00,20.75,64.25,3.0,6.2,5.7,19.55,1.12,0.64,4.85,0.72,1.88,,,,,,66.25,2.35,,0.0,0.0,40.25,,
2024-04-14 18:00:00,23.25,67.75,2.88,7.15,6.07,19.77,3.67,0.68,5.05,0.92,2.55,,,,,,65.5,2.17,,0.0,0.0,15.75,,
2024-04-14 19:00:00,22.0,65.75,5.1,5.07,6.85,17.1,4.58,0.7,3.92,0.88,2.48,,,,,,66.75,1.62,,0.0,0.0,15.0,,
2024-04-14 20:00:00,17.5,62.25,3.0,6.45,5.88,16.42,3.42,0.67,5.55,0.9,2.75,,,,,,67.25,1.27,,0.0,0.0,15.0,,
2024-04-14 21:00:00,20.75,60.0,3.47,6.48,6.32,14.7,3.12,0.69,4.36,0.9,2.65,,,,,,68.5,1.0,,0.0,0.0,15.0,,
2024-04-14 22:00:00,16.25,48.0,2.82,7.22,6.15,13.85,7.7,0.64,4.26,0.88,2.8,,,,,,69.5,1.1,,0.0,0.0,15.0,,
2024-04-14 23:00:00,13.5,39.5,1.92,6.62,5.12,13.9,7.02,0.63,4.9,0.75,2.55,,,,,,68.75,0.98,170.67,0.0,0.0,15.0,,
2024-04-15 00:00:00,11.75,38.0,1.85,5.3,4.32,16.18,7.4,0.57,4.57,0.65,2.17,,,,,,68.0,1.1,173.5,0.0,0.0,15.0,,
2024-04-15 01:00:00,9.75,27.75,2.35,4.82,4.5,17.48,6.2,0.54,6.03,0.48,1.2,,,,,,68.75,1.1,105.25,0.0,0.0,15.0,,
2024-04-15 02:00:00,6.25,24.75,2.45,4.22,4.22,16.62,4.25,0.55,5.23,0.45,1.18,,,,,,69.25,1.2,172.0,0.0,0.0,15.0,,
2024-04-15 03:00:00,6.5,27.0,1.58,6.02,4.45,19.68,2.75,0.58,6.27,0.45,1.27,,,,,,67.5,1.1,154.5,0.0,0.0,15.0,,
2024-04-15 04:00:00,7.25,27.5,3.05,7.28,6.32,17.12,4.4,0.63,6.52,0.57,1.52,,,,,,69.25,0.8,129.67,0.0,0.0,15.0,,
2024-04-15 05:00:00,13.25,32.75,2.75,10.3,7.68,17.5,4.72,0.64,6.71,0.6,1.8,,,,,,69.25,0.48,177.0,0.0,0.0,15.0,,
2024-04-15 06:00:00,15.5,58.5,5.03,20.1,14.78,27.55,5.38,0.94,3.04,1.6,4.5,,,,,,69.0,0.48,235.0,0.0,0.0,33.5,,
2024-04-15 07:00:00,29.25,108.25,7.0,19.55,16.1,26.35,4.08,1.11,6.86,3.18,8.12,,,,,,68.25,0.62,237.0,0.0,0.0,88.0,,
2024-04-15 08:00:00,30.0,122.75,5.75,17.05,13.72,22.82,4.45,0.72,5.73,3.02,7.68,,,,,,68.75,0.92,,0.0,0.0,184.5,,
2024-04-15 09:00:00,24.25,92.75,3.92,10.85,8.93,17.73,3.15,0.6,6.08,2.55,6.75,,,,,,67.0,2.02,,0.0,0.0,333.25,,
2024-04-15 10:00:00,8.0,40.75,3.7,8.43,7.48,17.85,3.13,2.23,6.03,1.82,5.55,,,,,,67.25,2.1,,0.0,0.0,399.75,,
2024-04-15 11:00:00,11.5,39.75,5.37,7.67,8.4,15.83,5.67,0.25,2.35,1.27,3.75,,,,,,67.5,2.3,352.0,0.0,0.0,437.75,,
2024-04-15 12:00:00,14.0,40.0,11.23,8.4,15.13,14.83,5.7,0.63,4.25,0.87,3.33,,,,,,69.0,2.63,322.5,0.0,0.0,443.33,,
2024-04-15 13:00:00,15.25,40.0,2.98,7.0,6.12,12.15,4.6,0.61,4.02,0.78,3.22,,,,,,67.75,2.75,337.33,0.0,0.0,417.5,,
2024-04-15 14:00:00,11.75,33.75,3.25,5.95,5.8,12.08,6.55,0.62,4.7,0.62,3.22,,,,,,67.0,2.78,340.5,0.0,0.0,356.0,,
2024-04-15 15:00:00,8.0,37.25,3.18,6.15,5.85,11.8,7.72,0.62,4.85,0.5,3.35,,,,,,66.5,2.62,308.0,0.0,0.0,269.25,,
2024-04-15 16:00:00,9.25,47.5,3.05,7.65,6.5,11.52,3.75,0.64,5.34,0.5,3.35,,,,,,67.5,2.5,328.5,0.0,0.0,166.25,,
2024-04-15 17:00:00,12.0,41.25,3.2,6.35,6.0,11.15,3.28,0.66,5.2,0.55,4.1,,,,,,67.5,2.6,341.0,0.0,0.0,37.5,,
2024-04-15 18:00:00,11.25,43.75,2.5,6.38,4.7,12.0,3.62,0.57,4.85,0.6,4.43,,,,,,67.25,2.78,286.25,0.0,0.0,15.5,,
2024-04-15 19:00:00,16.5,39.75,1.93,7.42,4.88,14.5,3.72,0.65,8.77,0.95,4.5,,,,,,66.0,2.58,228.5,0.0,0.0,15.0,,
2024-04-15 20:00:00,12.5,39.75,3.02,9.85,7.65,14.88,4.95,0.7,6.52,1.02,4.18,,,,,,65.75,2.35,204.75,0.0,0.0,15.0,,
2024-04-15 21:00:00,13.25,40.5,3.32,11.85,9.02,15.48,5.05,0.72,5.98,1.15,4.08,,,,,,66.0,1.88,168.25,0.0,0.0,15.0,,
2024-04-15 22:00:00,10.25,34.5,3.32,11.98,9.07,15.7,8.57,0.67,5.98,1.1,3.78,,,,,,66.25,1.85,155.5,0.0,0.0,15.0,,
2024-04-15 23:00:00,8.25,31.25,3.3,12.12,9.18,15.7,8.65,0.66,6.22,1.08,3.48,,,,,,65.75,1.78,160.0,0.0,0.0,15.0,,
2024-04-16 00:00:00,8.5,35.0,3.4,9.62,7.88,15.38,5.58,0.64,5.54,0.98,3.4,,,,,,67.25,1.5,149.25,0.0,0.0,15.0,,
2024-04-16 01:00:00,6.75,34.5,3.62,9.12,7.8,14.48,4.47,0.61,5.93,0.95,3.42,,,,,,67.5,1.23,94.5,0.0,0.0,15.0,,
2024-04-16 02:00:00,8.5,34.5,4.72,9.45,8.88,14.1,2.98,0.71,5.55,0.95,3.72,,,,,,68.25,1.05,92.75,0.0,0.0,15.0,,
2024-04-16 03:00:00,16.75,39.75,4.98,9.93,9.35,13.45,1.78,0.64,,1.02,3.95,,,,,,68.5,1.12,109.75,0.0,0.0,15.0,,
2024-04-16 04:00:00,20.25,44.0,4.18,11.15,9.25,13.05,3.72,0.68,2.11,1.1,5.82,,,,,,68.75,0.88,106.75,0.0,0.0,15.0,,
2024-04-16 05:00:00,22.5,51.25,4.55,11.15,9.6,13.1,4.38,0.7,4.36,1.3,6.8,,,,,,69.25,0.7,230.25,0.0,0.0,15.0,,
2024-04-16 06:00:00,17.75,59.5,4.92,10.9,9.8,12.55,5.28,0.66,5.44,1.38,6.32,,,,,,69.25,0.88,165.5,0.0,0.0,41.0,,
2024-04-16 07:00:00,16.75,73.25,6.0,11.28,10.88,12.3,7.52,0.72,5.92,1.45,7.28,,,,,,69.75,1.42,121.0,0.0,0.0,128.75,,
2024-04-16 08:00:00,15.5,70.25,4.8,11.68,10.12,11.15,6.52,0.67,5.44,1.4,6.08,,,,,,69.5,1.68,133.75,0.0,0.0,227.0,,
2024-04-16 09:00:00,14.75,62.25,3.05,11.1,8.4,11.08,5.68,0.71,4.8,1.48,5.62,,,,,,69.25,2.15,121.25,0.0,0.0,310.0,,
2024-04-16 10:00:00,16.0,98.75,1.62,11.92,7.62,13.35,5.13,,6.71,1.58,5.4,,,,,,68.75,2.25,185.25,0.0,0.0,381.25,,
2024-04-16 11:00:00,12.75,153.0,1.55,12.9,7.63,25.3,11.55,0.33,6.66,1.9,5.85,,,,,,64.75,3.22,261.5,0.0,0.0,421.75,,
2024-04-16 12:00:00,12.25,70.0,5.1,10.23,9.57,24.57,3.83,0.82,7.3,1.55,5.08,,,,,,65.25,4.05,224.0,0.0,0.0,436.75,,
2024-04-16 13:00:00,13.0,56.0,4.0,7.88,7.43,18.1,4.6,0.8,5.54,0.7,2.83,,,,,,65.0,4.68,,0.0,0.0,408.75,,
2024-04-16 14:00:00,11.5,58.5,2.62,8.52,6.65,17.7,3.35,0.64,4.95,0.88,2.9,,,,,,65.25,4.72,,0.0,0.0,347.25,,
2024-04-16 15:00:00,8.0,56.0,3.6,8.2,7.28,17.9,2.82,0.65,5.34,0.78,3.08,,,,,,65.75,4.68,155.75,0.0,0.0,258.0,,
2024-04-16 16:00:00,10.25,52.25,3.28,10.2,8.05,17.32,1.23,0.68,5.93,0.75,3.85,,,,,,64.5,4.05,106.75,0.0,0.0,159.25,,
2024-04-16 17:00:00,9.25,50.5,3.0,11.5,8.52,18.38,,0.64,5.54,1.0,4.4,,,,,,64.5,3.52,102.25,0.0,0.0,39.25,,
2024-04-16 18:00:00,12.5,53.25,3.72,14.85,10.92,17.32,2.53,0.75,5.98,1.08,4.55,,,,,,65.75,3.02,100.0,0.0,0.0,16.0,,
2024-04-16 19:00:00,10.0,54.0,4.97,13.65,11.28,15.68,4.25,0.76,4.9,1.45,5.03,,,,,,65.5,3.0,92.75,0.0,0.0,15.0,,
2024-04-16 20:00:00,7.25,45.75,3.72,13.78,10.38,12.68,5.48,0.81,2.8,1.52,5.28,,,,,,66.5,2.82,89.75,0.0,0.0,15.0,,
2024-04-16 21:00:00,8.75,44.75,2.85,10.72,8.02,12.9,5.58,0.77,3.0,1.52,5.28,,,,,,66.75,2.78,90.25,0.0,0.0,15.0,,
2024-04-16 22:00:00,10.0,34.0,4.22,10.75,9.18,12.95,3.08,0.68,5.78,1.38,4.93,,,,,,67.5,2.4,88.25,0.0,0.0,15.0,,
2024-04-16 23:00:00,8.75,30.25,2.78,8.43,6.78,12.32,2.55,0.66,4.36,1.2,4.22,,,,,,67.0,2.52,97.75,0.0,0.0,15.0,,
2024-04-17 00:00:00,13.5,25.0,2.42,6.25,5.3,11.6,2.52,0.62,4.7,0.9,3.18,,,,,,67.25,2.78,88.0,0.0,0.0,15.0,,
2024-04-17 01:00:00,11.0,16.75,2.85,4.5,4.72,11.45,4.15,0.57,4.95,0.68,2.35,,,,,,68.25,2.6,82.5,0.0,0.0,15.0,,
2024-04-17 02:00:00,8.25,20.5,2.98,6.48,5.85,11.7,6.5,0.64,4.84,0.55,2.05,,,,,,68.0,1.8,65.5,0.0,0.0,15.0,,
2024-04-17 03:00:00,8.75,25.0,1.42,8.9,5.85,15.1,7.38,0.56,7.94,0.65,2.38,,,,,,67.25,2.1,66.5,0.0,0.0,15.0,,
2024-04-17 04:00:00,9.25,25.75,2.98,10.02,7.75,14.92,3.8,0.65,6.62,0.82,2.75,,,,,,67.75,1.98,58.25,0.0,0.0,15.0,,
2024-04-17 05:00:00,12.5,29.5,3.68,11.55,9.12,14.18,,0.66,6.42,1.0,3.5,,,,,,67.75,1.9,58.25,0.0,0.0,15.0,,
2024-04-17 06:00:00,10.5,37.5,5.15,17.1,13.28,14.48,1.23,0.67,6.03,1.18,4.62,,,,,,68.0,2.55,64.5,0.0,0.0,43.5,,
2024-04-17 07:00:00,11.0,54.0,5.65,16.3,13.28,14.98,1.02,0.71,5.88,1.42,4.72,,,,,,67.0,2.42,66.5,0.0,0.0,126.25,,
2024-04-17 08:00:00,15.0,68.5,4.25,12.22,9.95,15.4,1.58,0.66,6.27,1.45,4.4,,,,,,67.25,3.28,70.25,0.0,0.0,220.5,,
2024-04-17 09:00:00,10.75,62.0,3.5,11.82,9.15,15.3,0.8,0.71,5.93,1.52,4.4,,,,,,67.5,2.68,72.75,0.0,0.0,307.25,,
2024-04-17 10:00:00,16.0,74.0,2.13,12.03,8.13,16.43,,,5.81,1.73,4.93,,,,,,66.67,2.97,79.0,0.0,0.0,363.33,,
2024-04-17 11:00:00,17.0,88.25,4.3,10.9,9.3,16.38,1.8,0.56,1.72,1.58,4.4,,,,,,67.5,3.62,102.75,0.0,0.0,390.25,,
2024-04-17 12:00:00,15.0,83.0,2.87,8.63,6.97,18.6,4.0,0.64,2.64,1.12,3.68,,,,,,67.25,4.53,105.5,0.0,0.0,396.25,,
2024-04-17 13:00:00,10.0,88.0,2.65,8.22,6.52,15.95,5.62,0.62,2.45,0.92,3.28,,,,,,66.75,4.92,105.5,0.0,0.0,369.75,,
2024-04-17 14:00:00,13.75,79.75,2.55,7.55,6.08,15.48,6.4,0.61,4.71,0.82,3.0,,,,,,66.75,5.08,105.75,0.0,0.0,315.5,,
2024-04-17 15:00:00,13.25,51.25,2.78,6.95,5.95,14.9,5.03,0.6,5.1,0.78,2.12,,,,,,66.5,4.8,103.25,0.0,0.0,236.5,,
2024-04-17 16:00:00,6.0,39.75,3.3,7.55,6.65,14.12,3.02,0.64,5.29,0.65,1.9,,,,,,66.25,4.53,101.0,0.0,0.0,117.5,,
2024-04-17 17:00:00,10.0,39.75,2.65,8.1,6.45,13.1,2.1,0.66,5.0,0.68,2.15,,,,,,66.75,4.35,97.5,0.0,0.0,38.75,,
2024-04-17 18:00:00,13.25,41.75,2.88,9.5,7.38,12.6,4.32,0.66,4.31,0.72,2.58,,,,,,66.25,3.98,98.75,0.0,0.0,15.25,,
2024-04-17 19:00:00,13.25,38.0,0.85,11.73,6.95,16.75,4.35,0.61,9.11,1.1,3.28,,,,,,66.25,3.5,97.5,0.0,0.0,15.0,,
2024-04-17 20:00:00,11.25,27.5,2.95,11.48,8.45,15.88,4.45,0.68,7.54,1.2,3.72,,,,,,65.5,3.25,97.0,0.0,0.0,15.0,,
2024-04-17 21:00:00,10.75,24.0,4.35,12.55,10.22,15.08,3.8,0.67,6.96,1.1,3.82,,,,,,66.25,2.98,99.5,0.0,0.0,15.0,,
2024-04-17 22:00:00,6.5,25.75,3.38,9.75,7.9,15.58,2.35,0.64,6.37,1.03,3.28,,,,,,66.75,3.4,96.25,0.0,0.0,15.0,,
2024-04-17 23:00:00,4.5,18.75,3.05,8.33,6.92,15.28,0.4,0.59,6.86,0.8,2.62,,,,,,66.25,3.52,90.25,0.0,0.0,15.0,,
2024-04-18 00:00:00,3.0,10.75,2.3,6.32,5.2,15.65,0.65,0.62,6.32,0.65,2.28,,,,,,66.75,3.48,82.75,0.0,0.0,15.0,,
2024-04-18 01:00:00,3.75,15.0,2.33,5.22,4.68,15.62,0.97,0.58,6.18,0.48,1.85,,,,,,66.25,2.85,73.0,0.0,0.0,15.0,,
2024-04-18 02:00:00,6.0,13.75,3.18,6.38,5.98,15.0,5.7,0.7,5.81,0.4,1.7,,,,,,66.75,2.28,67.5,0.0,0.0,15.0,,
2024-04-18 03:00:00,6.0,19.0,4.58,5.65,6.72,13.42,7.8,0.6,,0.43,1.52,,,,,,68.25,2.52,65.5,0.0,0.0,15.0,,
2024-04-18 04:00:00,6.67,18.5,2.98,5.58,5.38,11.95,7.9,0.61,3.01,0.43,1.55,,,,,,67.5,2.82,64.5,0.0,0.0,15.0,,
2024-04-18 05:00:00,8.25,17.75,3.25,7.9,6.85,12.02,6.95,0.63,3.92,0.48,1.68,,,,,,68.5,2.65,67.0,0.0,0.0,15.0,,
2024-04-18 06:00:00,10.0,25.25,3.42,9.82,7.95,12.02,5.32,0.65,4.9,0.6,2.05,,,,,,67.75,2.7,62.25,0.0,0.0,42.5,,
2024-04-18 07:00:00,12.75,44.0,4.32,10.7,9.2,11.68,4.0,0.7,5.59,1.02,2.55,,,,,,67.75,3.4,68.25,0.0,0.0,125.75,,
2024-04-18 08:00:00,13.25,52.25,3.25,8.72,7.28,10.88,4.12,0.63,5.05,1.1,2.62,,,,,,68.75,4.03,68.25,0.0,0.0,222.75,,
2024-04-18 09:00:00,15.75,49.5,3.38,7.62,6.75,10.68,5.22,0.65,5.04,1.12,2.58,,,,,,68.0,4.12,67.25,0.0,0.0,321.0,,
2024-04-18 10:00:00,11.0,52.0,2.1,8.02,5.98,12.45,6.1,1.23,4.75,1.1,2.78,,,,,,67.75,3.7,76.0,0.0,0.0,381.5,,
2024-04-18 11:00:00,8.25,62.75,1.6,9.73,6.43,15.57,10.83,0.17,9.26,1.32,3.5,,,,,,66.5,3.32,87.75,0.0,0.0,415.25,,
2024-04-18 12:00:00,9.5,55.5,3.0,9.7,7.6,18.83,6.5,0.59,6.42,1.32,3.7,,,,,,66.25,4.4,109.25,0.0,0.0,415.75,,
2024-04-18 13:00:00,10.25,45.0,2.55,8.48,6.58,16.68,4.92,0.56,6.08,1.15,3.1,,,,,,65.0,5.12,108.0,0.0,0.0,374.0,,
2024-04-18 14:00:00,9.25,46.5,2.68,7.58,6.2,16.23,4.45,0.62,6.62,0.88,2.15,,,,,,65.75,4.8,113.25,0.0,0.0,300.0,,
2024-04-18 15:00:00,12.0,47.75,3.0,7.2,6.28,16.5,3.85,0.62,5.58,0.72,1.9,,,,,,65.25,5.18,98.0,0.0,0.0,235.25,,
2024-04-18 16:00:00,8.0,48.5,2.72,7.3,6.08,16.92,7.1,0.63,5.49,0.7,2.35,,,,,,65.5,5.18,102.0,0.0,0.0,134.75,,
2024-04-18 17:00:00,5.5,73.25,2.42,8.32,6.4,17.42,6.48,0.64,5.88,0.8,2.25,,,,,,65.0,4.53,103.75,0.0,0.0,56.0,,
2024-04-18 18:00:00,7.5,48.5,4.32,9.65,8.62,16.73,4.05,0.73,5.64,0.78,2.55,,,,,,65.25,4.1,102.75,0.0,0.0,16.75,,
2024-04-18 19:00:00,8.0,34.75,4.18,8.95,8.18,13.92,4.0,0.61,2.94,0.78,2.35,,,,,,66.25,4.5,104.0,0.0,0.0,15.0,,
2024-04-18 20:00:00,6.0,31.25,2.88,9.35,7.3,13.15,2.62,0.68,4.12,0.72,2.25,,,,,,67.0,3.6,92.75,0.0,0.0,15.0,,
2024-04-18 21:00:00,9.5,21.25,2.38,8.5,6.42,12.72,3.52,0.72,4.16,0.92,3.58,,,,,,66.75,3.12,83.25,0.0,0.0,15.0,,
2024-04-18 22:00:00,10.5,16.25,2.88,8.02,6.6,12.2,2.6,0.64,4.8,1.0,3.68,,,,,,66.75,3.22,92.5,0.0,0.0,15.0,,
2024-04-18 23:00:00,8.5,15.0,2.8,6.7,5.88,11.72,,0.61,5.29,0.9,3.2,,,,,,68.25,3.85,85.5,0.0,0.0,15.0,,
2024-04-19 00:00:00,6.0,10.25,2.12,5.55,4.7,11.45,2.22,0.6,5.24,0.6,2.3,,,,,,68.0,3.0,79.25,0.0,0.0,15.0,,
2024-04-19 01:00:00,3.75,13.5,2.7,5.2,4.95,10.88,3.32,0.59,5.98,0.5,1.88,,,,,,67.75,2.35,68.75,0.0,0.0,15.0,,
2024-04-19 02:00:00,5.75,11.0,1.72,5.2,4.2,12.52,7.57,0.52,4.25,0.45,1.7,,,,,,67.75,3.05,65.0,0.0,0.0,15.0,,
2024-04-19 03:00:00,5.0,7.75,1.85,4.7,3.98,15.28,8.05,0.6,4.41,0.5,1.78,,,,,,67.25,3.58,68.0,0.0,0.0,15.0,,
2024-04-19 04:00:00,4.5,7.0,2.53,5.38,4.9,13.7,3.68,0.6,6.18,0.43,1.5,,,,,,66.5,3.62,66.75,0.0,0.0,15.0,,
2024-04-19 05:00:00,3.75,7.25,2.58,7.58,6.12,13.12,1.83,0.61,6.32,0.48,1.5,,,,,,67.0,4.1,68.5,0.0,0.0,15.0,,
2024-04-19 06:00:00,5.75,11.5,2.9,7.85,6.52,13.82,1.05,0.66,6.37,0.6,1.62,,,,,,66.5,3.28,68.0,0.0,0.0,45.25,,
2024-04-19 07:00:00,6.75,27.0,2.78,8.22,6.65,15.22,2.22,0.69,6.27,0.88,2.68,,,,,,66.25,2.9,65.25,0.0,0.0,132.25,,
2024-04-19 08:00:00,12.5,41.75,3.35,9.15,7.6,15.82,5.38,0.64,6.22,1.25,3.42,,,,,,67.5,3.05,73.5,0.0,0.0,233.75,,
2024-04-19 09:00:00,13.5,41.0,3.1,8.7,7.1,16.6,6.22,0.67,6.02,1.25,3.55,,,,,,67.5,2.85,81.0,0.0,0.0,321.25,,
2024-04-19 10:00:00,11.0,40.75,3.95,7.85,7.4,17.4,6.73,,3.48,1.12,3.3,,,,,,67.0,3.88,92.5,0.0,0.0,387.5,,
2024-04-19 11:00:00,8.75,38.5,2.43,6.63,5.53,16.03,12.5,,2.01,0.78,2.28,,,,,,67.0,5.2,103.75,0.0,0.0,429.75,,
2024-04-19 12:00:00,11.25,38.0,3.1,4.7,5.0,18.57,5.58,0.6,3.68,0.55,1.65,,,,,,67.25,6.05,101.25,0.0,0.0,436.0,,
2024-04-19 13:00:00,11.0,45.25,2.85,4.35,4.65,14.72,5.18,0.6,4.02,0.43,1.25,,,,,,67.5,5.72,103.0,0.0,0.0,406.5,,
2024-04-19 14:00:00,7.5,29.5,2.42,4.8,4.52,14.7,9.55,0.64,4.66,0.4,1.2,,,,,,66.25,5.38,102.25,0.0,0.0,347.0,,
2024-04-19 15:00:00,5.25,24.25,2.72,3.78,4.22,14.12,8.98,0.64,5.29,0.4,1.18,,,,,,66.0,5.58,110.75,0.0,0.0,258.5,,
2024-04-19 16:00:00,3.5,19.75,1.6,3.75,3.32,13.3,3.52,0.64,5.29,0.32,1.02,,,,,,65.5,4.88,107.25,0.0,0.0,152.5,,
2024-04-19 17:00:00,5.25,12.75,2.28,4.25,4.1,12.42,4.18,0.64,4.9,0.4,1.23,,,,,,66.0,5.08,103.75,0.0,0.0,39.75,,
2024-04-19 18:00:00,6.0,13.25,1.6,6.45,4.28,15.75,4.82,0.55,7.69,0.48,1.55,,,,,,65.5,4.0,108.75,0.0,0.0,15.5,,
2024-04-19 19:00:00,6.5,16.25,2.45,9.95,7.25,16.15,6.25,0.67,7.6,0.72,2.12,,,,,,66.25,3.68,102.25,0.0,0.0,15.0,,
2024-04-19 20:00:00,7.75,13.5,2.08,9.45,6.7,15.75,2.8,0.66,6.42,0.85,2.48,,,,,,65.25,3.82,101.0,0.0,0.0,15.0,,
2024-04-19 21:00:00,7.0,12.25,2.08,7.72,5.85,16.08,1.95,0.65,6.66,0.75,2.17,,,,,,65.5,3.8,105.0,0.0,0.0,15.0,,
2024-04-19 22:00:00,7.0,12.0,2.35,6.5,5.38,16.88,2.28,0.64,5.93,0.65,1.88,,,,,,65.75,3.65,97.25,0.0,0.0,15.0,,
2024-04-19 23:00:00,7.0,9.75,2.6,5.08,4.88,16.88,2.1,0.62,6.28,0.62,1.98,,,,,,65.75,3.7,88.5,0.0,0.0,15.0,,
2024-04-20 00:00:00,6.0,10.75,2.38,4.5,4.32,16.6,2.5,0.6,6.32,0.5,1.8,,,,,,65.75,3.88,79.25,0.0,0.0,15.0,,
2024-04-20 01:00:00,3.0,7.0,2.58,4.53,4.53,15.95,2.95,0.62,6.12,0.4,1.42,,,,,,66.75,3.1,80.75,0.0,0.0,15.0,,
2024-04-20 02:00:00,,,4.98,4.47,6.38,12.88,7.8,0.69,5.16,0.32,1.18,,,,,,67.0,2.6,75.0,0.0,0.0,15.0,,
2024-04-20 03:00:00,5.0,6.0,2.65,2.98,3.75,12.3,8.9,0.64,1.18,0.3,1.0,,,,,,67.5,3.42,70.75,0.0,0.0,15.0,,
2024-04-20 04:00:00,5.0,6.0,2.72,2.8,3.7,11.48,5.78,0.61,3.53,0.3,0.85,,,,,,68.5,3.38,68.5,0.0,0.0,15.0,,
2024-04-20 05:00:00,9.0,19.0,2.92,4.03,4.45,10.55,4.47,0.63,4.7,0.35,0.92,,,,,,68.25,2.75,68.0,0.0,0.0,15.0,,
2024-04-20 06:00:00,8.5,20.5,2.3,7.1,5.65,10.4,5.98,0.64,5.24,0.4,1.12,,,,,,69.0,2.82,66.0,0.0,0.0,30.25,,
2024-04-20 07:00:00,7.5,28.5,2.35,8.62,6.48,10.3,5.5,0.68,5.29,0.7,1.72,,,,,,68.5,2.55,75.25,0.0,0.0,122.25,,
2024-04-20 08:00:00,11.25,40.5,3.0,6.78,6.02,10.42,7.32,0.65,5.29,0.85,2.05,,,,,,68.25,3.1,73.25,0.0,0.0,191.5,,
2024-04-20 09:00:00,15.75,43.75,2.28,7.45,5.82,10.55,7.98,0.69,4.56,1.05,2.9,,,,,,68.0,3.5,70.25,0.0,0.0,253.75,,
2024-04-20 10:00:00,8.5,38.75,1.27,8.38,5.25,15.48,4.37,1.63,10.14,1.15,3.62,,,,,,67.0,3.62,111.5,0.0,0.0,395.75,,
2024-04-20 11:00:00,7.0,33.5,1.5,9.63,6.37,15.53,5.0,0.53,7.15,1.05,3.2,,,,,,66.25,4.53,103.5,0.0,0.0,431.5,,
2024-04-20 12:00:00,7.25,33.5,3.57,7.83,7.07,19.5,5.05,0.55,6.66,0.9,3.0,,,,,,65.75,4.18,113.0,0.0,0.0,430.0,,
2024-04-20 13:00:00,9.25,43.5,2.07,9.35,6.65,16.65,5.58,0.54,6.27,0.85,3.28,,,,,,66.25,5.2,115.0,0.0,0.0,388.25,,
2024-04-20 14:00:00,11.5,32.25,2.55,7.08,5.82,17.35,3.55,0.63,6.27,0.72,2.7,,,,,,66.0,5.22,114.25,0.0,0.0,326.0,,
2024-04-20 15:00:00,5.75,29.5,2.62,7.48,6.12,17.7,2.98,0.62,6.12,0.7,2.78,,,,,,65.5,4.95,121.75,0.0,0.0,230.75,,
2024-04-20 16:00:00,3.0,28.75,3.3,8.48,7.18,17.6,0.3,0.64,5.54,0.68,3.28,,,,,,65.25,4.18,114.0,0.0,0.0,120.25,,
2024-04-20 17:00:00,5.75,30.5,3.5,9.32,7.78,17.95,,0.68,5.83,0.82,3.85,,,,,,65.5,4.05,107.25,0.0,0.0,49.25,,
2024-04-20 18:00:00,7.25,29.5,5.25,10.45,9.82,14.45,3.67,0.61,3.28,0.78,3.22,,,,,,65.5,3.42,109.75,0.0,0.0,15.5,,
2024-04-20 19:00:00,12.25,31.0,3.28,11.2,8.6,13.82,4.9,0.72,3.53,0.85,2.9,,,,,,66.5,3.58,109.5,0.0,0.0,15.0,,
2024-04-20 20:00:00,7.5,22.0,3.25,10.18,8.05,13.38,4.47,0.69,5.14,0.9,3.0,,,,,,67.25,3.32,132.67,0.0,0.0,15.0,,
2024-04-20 21:00:00,9.5,21.5,2.82,10.42,7.82,12.6,5.75,0.68,5.19,0.9,2.95,,,,,,67.75,3.18,,0.0,0.0,15.0,,
2024-04-20 22:00:00,10.0,18.25,2.4,10.1,7.38,12.58,3.92,0.6,5.39,0.78,2.6,,,,,,67.75,3.3,,0.0,0.0,15.0,,
2024-04-20 23:00:00,7.25,14.0,2.2,9.07,6.62,11.72,1.83,0.56,5.34,0.62,2.15,,,,,,67.75,3.4,,0.0,0.0,15.0,,
2024-04-21 00:00:00,7.5,14.75,2.33,5.88,4.97,11.12,2.58,0.6,5.83,0.43,1.45,,,,,,67.75,3.1,,0.0,0.0,15.0,,
2024-04-21 01:00:00,6.0,8.0,2.1,4.95,3.8,11.98,2.85,0.5,5.04,0.4,1.2,,,,,,68.0,2.88,,0.0,0.0,15.0,,
2024-04-21 02:00:00,5.0,12.0,1.75,5.68,4.45,14.38,2.27,0.57,10.78,0.4,1.32,,,,,,67.75,2.68,276.5,0.0,0.0,15.0,,
2024-04-21 03:00:00,5.0,13.5,2.6,7.2,5.95,14.25,,0.57,3.92,0.4,1.45,,,,,,66.5,2.58,215.75,0.0,0.0,15.0,,
2024-04-21 04:00:00,5.0,18.0,2.28,7.0,5.62,13.4,3.83,0.62,6.17,0.4,1.42,,,,,,66.5,2.3,221.0,0.0,0.0,15.0,,
2024-04-21 05:00:00,6.0,8.0,2.82,7.78,6.5,12.92,4.32,0.62,5.83,0.4,1.5,,,,,,67.5,2.2,194.75,0.0,0.0,15.0,,
2024-04-21 06:00:00,6.25,8.0,2.92,9.75,7.58,13.95,4.47,0.65,5.88,0.6,1.92,,,,,,66.75,2.4,149.5,0.0,0.0,41.25,,
2024-04-21 07:00:00,7.5,38.0,3.28,9.95,7.95,14.6,3.68,0.69,6.27,0.75,2.42,,,,,,68.0,2.5,162.75,0.0,0.0,107.75,,
2024-04-21 08:00:00,8.5,38.0,2.52,9.78,7.25,14.65,4.47,0.66,5.68,1.0,3.0,,,,,,67.25,2.88,235.0,0.0,0.0,181.75,,
2024-04-21 09:00:00,8.25,37.25,3.78,8.02,7.38,14.3,5.52,0.8,5.49,1.08,3.08,,,,,,67.5,3.0,292.33,0.0,0.0,302.0,,
2024-04-21 10:00:00,11.0,33.25,4.02,7.65,7.35,13.05,3.67,2.18,1.72,0.85,3.05,,,,,,68.5,3.65,,0.0,0.0,405.5,,
2024-04-21 11:00:00,6.75,27.0,2.83,7.5,6.3,13.6,8.63,0.78,4.02,0.68,2.7,,,,,,67.25,4.15,,0.0,0.0,440.5,,
2024-04-21 12:00:00,4.25,24.75,3.3,5.1,5.33,14.97,4.12,0.5,4.76,0.52,2.12,,,,,,66.5,4.6,,0.0,0.0,448.0,,
2024-04-21 13:00:00,8.75,26.0,2.38,5.72,4.97,12.05,2.22,0.48,4.8,0.45,1.8,,,,,,67.75,4.88,,0.0,0.0,417.25,,
2024-04-21 14:00:00,9.75,20.5,2.52,4.55,4.45,12.0,4.58,0.58,4.7,0.4,1.4,,,,,,66.75,5.1,,0.0,0.0,359.75,,
2024-04-21 15:00:00,6.25,14.25,3.15,3.65,4.55,12.32,5.75,0.58,5.49,0.32,1.1,,,,,,67.0,5.7,,0.0,0.0,272.75,,
2024-04-21 16:00:00,6.5,17.0,2.85,4.88,4.93,11.58,9.43,0.6,5.68,0.3,0.92,,,,,,65.75,5.25,,0.0,0.0,170.5,,
2024-04-21 17:00:00,4.5,15.0,1.93,6.22,4.3,13.5,9.88,0.53,10.26,0.32,1.0,,,,,,66.0,4.42,,0.0,0.0,40.0,,
2024-04-21 18:00:00,5.75,18.5,2.2,9.8,6.98,14.15,4.32,0.66,7.79,0.45,1.48,,,,,,65.25,4.0,,0.0,0.0,16.0,,
2024-04-21 19:00:00,12.25,20.0,2.2,9.93,7.05,14.08,3.2,0.68,6.17,0.6,2.02,,,,,,66.0,4.2,,0.0,0.0,15.0,,
2024-04-21 20:00:00,7.0,11.0,3.12,10.68,8.18,13.72,5.78,0.66,6.42,0.78,2.45,,,,,,66.0,3.55,,0.0,0.0,15.0,,
2024-04-21 21:00:00,,11.5,2.12,11.5,7.82,14.22,6.68,0.68,5.88,1.32,3.2,,,,,,65.5,3.2,,0.0,0.0,15.0,,
2024-04-21 22:00:00,1.0,12.0,2.17,9.65,6.9,14.6,6.5,0.62,5.93,0.92,2.5,,,,,,67.0,3.2,,0.0,0.0,15.0,,
2024-04-21 23:00:00,1.0,8.75,3.12,8.05,6.8,14.68,6.1,0.62,6.37,0.7,2.05,,,,,,65.75,3.18,,0.0,0.0,15.0,,
2024-04-22 00:00:00,1.0,8.75,3.25,6.38,6.05,14.18,6.25,0.62,6.42,0.55,1.6,,,,,,66.0,2.25,306.0,0.0,0.0,15.0,,
2024-04-22 01:00:00,5.0,11.0,4.43,5.65,6.58,11.7,7.32,0.66,4.65,0.45,1.48,,,,,,67.5,1.8,185.75,0.0,0.0,15.0,,
2024-04-22 02:00:00,5.5,10.5,3.78,5.0,5.72,10.35,4.4,0.64,2.42,0.43,1.4,,,,,,68.0,1.75,210.75,0.0,0.0,15.0,,
2024-04-22 03:00:00,7.0,9.0,2.72,5.55,5.15,11.08,3.8,0.65,1.57,0.52,1.52,,,,,,68.5,2.12,172.25,0.0,0.0,15.0,,
2024-04-22 04:00:00,,,2.88,5.2,5.12,10.5,1.07,0.6,3.58,0.5,1.42,,,,,,68.0,2.17,210.5,0.0,0.0,15.0,,
2024-04-22 05:00:00,11.0,16.0,2.85,7.2,6.18,10.02,1.45,0.62,4.9,0.52,1.52,,,,,,68.75,1.82,173.25,0.0,0.0,15.0,,
2024-04-22 06:00:00,10.0,19.5,3.98,9.6,8.3,9.9,1.07,0.66,5.24,0.72,2.12,,,,,,70.25,1.5,128.25,0.0,0.0,40.25,,
2024-04-22 07:00:00,8.25,30.75,4.1,8.55,7.88,9.43,2.8,0.7,5.58,0.82,2.4,,,,,,69.25,2.65,220.0,0.0,0.0,135.75,,
2024-04-22 08:00:00,11.0,36.25,3.88,10.58,8.75,9.07,3.72,0.7,6.02,1.02,2.62,,,,,,68.75,2.6,246.67,0.0,0.0,235.5,,
2024-04-22 09:00:00,8.75,45.75,1.7,11.73,7.68,11.75,4.78,0.56,9.02,1.18,3.25,,,,,,67.75,2.78,274.33,0.0,0.0,320.75,,
2024-04-22 10:00:00,10.5,45.25,2.5,11.23,8.02,13.22,6.03,,6.56,1.38,3.62,,,,,,67.25,2.78,,0.0,0.0,387.75,,
2024-04-22 11:00:00,9.0,46.0,2.53,10.77,7.8,14.5,9.23,0.58,6.22,1.72,3.98,,,,,,67.0,3.52,,0.0,0.0,428.75,,
2024-04-22 12:00:00,10.0,38.0,2.87,8.33,6.77,17.8,7.0,0.64,6.37,1.25,3.85,,,,,,65.75,3.95,,0.0,0.0,435.75,,
2024-04-22 13:00:00,11.5,36.25,3.55,7.3,6.78,14.85,5.5,0.6,6.13,1.0,3.35,,,,,,64.5,4.45,,0.0,0.0,411.25,,
2024-04-22 14:00:00,7.25,29.25,2.8,6.68,5.8,14.92,4.55,0.62,5.98,0.72,2.35,,,,,,66.25,4.6,,0.0,0.0,352.5,,
2024-04-22 15:00:00,7.75,24.75,2.3,7.72,5.98,14.52,4.45,0.61,5.88,0.65,1.98,,,,,,65.75,4.78,,0.0,0.0,267.5,,
2024-04-22 16:00:00,6.5,27.25,2.75,8.55,6.78,14.3,3.48,0.66,5.88,0.65,1.88,,,,,,65.25,4.32,,0.0,0.0,170.0,,
2024-04-22 17:00:00,5.0,25.25,5.43,8.18,8.75,11.3,4.58,0.66,4.46,0.55,1.85,,,,,,65.25,4.2,,0.0,0.0,38.0,,
2024-04-22 18:00:00,5.5,20.0,2.98,8.1,6.72,10.1,2.55,0.69,3.68,0.6,1.8,,,,,,66.25,3.72,,0.0,0.0,15.75,,
2024-04-22 19:00:00,6.5,27.25,2.58,8.48,6.65,10.0,2.3,0.72,4.26,0.72,1.95,,,,,,67.25,3.32,,0.0,0.0,15.0,,
2024-04-22 20:00:00,6.75,22.25,3.15,11.65,8.75,10.25,2.82,0.66,5.1,1.02,2.45,,,,,,67.5,3.3,,0.0,0.0,15.0,,
2024-04-22 21:00:00,11.25,20.75,2.85,12.18,8.75,10.05,5.45,0.68,5.0,0.95,2.52,,,,,,67.5,3.12,,0.0,0.0,15.0,,
2024-04-22 22:00:00,9.0,14.0,2.65,9.98,7.45,9.68,1.05,0.62,5.29,0.8,2.22,,,,,,67.0,3.35,,0.0,0.0,15.0,,
2024-04-22 23:00:00,,,2.28,8.22,6.25,9.22,0.6,0.58,5.78,0.62,1.9,,,,,,68.25,2.72,,0.0,0.0,15.0,,
2024-04-23 00:00:00,,,1.82,6.4,4.88,9.88,2.37,0.55,4.22,0.55,1.68,,,,,,67.5,2.25,,0.0,0.0,15.0,,
2024-04-23 01:00:00,,,2.2,10.7,6.82,12.55,2.65,0.6,10.63,0.48,1.68,,,,,,66.75,1.95,205.0,0.0,0.0,15.0,,
2024-04-23 02:00:00,2.0,3.0,3.72,12.7,9.75,12.82,4.0,0.61,7.38,0.5,1.8,,,,,,66.5,1.7,194.5,0.0,0.0,15.0,,
2024-04-23 03:00:00,2.25,3.75,2.4,15.92,10.42,12.12,2.9,0.61,3.53,0.55,2.15,,,,,,66.5,1.62,188.67,0.0,0.0,15.0,,
2024-04-23 04:00:00,3.5,6.75,2.98,10.62,8.02,11.8,2.95,0.62,5.24,0.6,2.38,,,,,,67.5,1.88,223.25,0.0,0.0,15.0,,
2024-04-23 05:00:00,5.5,10.0,3.4,14.32,10.42,11.52,4.78,0.64,5.24,0.65,2.55,,,,,,67.25,1.75,231.5,0.0,0.0,15.0,,
2024-04-23 06:00:00,8.0,18.0,4.85,12.55,10.6,11.9,2.98,0.68,5.59,0.85,3.6,,,,,,68.25,1.75,221.0,0.0,0.0,43.25,,
2024-04-23 07:00:00,10.5,33.25,3.7,12.45,9.65,12.25,1.65,0.7,5.98,1.08,3.8,,,,,,67.0,2.22,204.75,0.0,0.0,110.75,,
2024-04-23 08:00:00,8.5,36.0,4.32,12.05,9.9,11.85,3.45,0.75,6.12,1.1,3.52,,,,,,67.5,2.8,270.25,0.0,0.0,182.5,,
2024-04-23 09:00:00,6.5,43.25,4.82,10.42,9.5,10.0,3.88,0.67,2.26,1.1,3.3,,,,,,68.0,2.3,220.67,0.0,0.0,299.0,,
2024-04-23 10:00:00,5.75,47.0,2.65,10.02,7.48,10.32,3.73,2.28,3.14,1.1,3.22,,,,,,67.5,2.48,,0.0,0.0,371.25,,
2024-04-23 11:00:00,8.0,46.75,2.97,10.07,7.77,11.47,5.43,0.84,3.62,1.18,3.18,,,,,,68.0,2.82,,0.0,0.0,409.5,,
2024-04-23 12:00:00,9.0,44.25,2.07,9.33,6.6,13.93,4.88,0.49,4.66,1.18,3.18,,,,,,67.5,3.2,,0.0,0.0,418.75,,
2024-04-23 13:00:00,11.0,38.0,3.22,8.52,7.18,10.75,8.7,0.48,5.15,1.0,28.17,,,,,,67.0,3.1,,0.0,0.0,390.75,,
2024-04-23 14:00:00,8.75,34.5,2.6,7.25,5.92,10.25,4.05,0.6,5.1,0.82,48.52,,,,,,67.25,3.12,,0.0,0.0,332.75,,
2024-04-23 15:00:00,9.75,31.5,2.72,6.28,5.5,10.07,3.35,0.58,5.05,0.7,43.82,,,,,,67.25,3.35,,0.0,0.0,249.75,,
2024-04-23 16:00:00,5.25,26.5,2.17,6.45,4.53,11.28,2.37,0.52,6.66,0.65,37.72,,,,,,66.0,3.18,,0.0,0.0,157.0,,
2024-04-23 17:00:00,3.75,26.0,2.3,8.15,6.2,12.55,2.3,0.62,7.5,0.8,24.62,,,,,,65.5,2.8,,0.0,0.0,41.25,,
2024-04-23 18:00:00,6.25,28.75,2.4,8.8,6.65,12.68,3.48,0.65,6.22,0.82,15.22,,,,,,65.25,2.78,,0.0,0.0,16.0,,
2024-04-23 19:00:00,6.0,25.75,3.1,8.8,7.18,12.25,1.38,0.67,6.08,0.95,10.38,,,,,,65.0,2.75,,0.0,0.0,15.0,,
2024-04-23 20:00:00,3.5,19.0,2.0,14.22,9.15,12.12,,0.68,6.22,1.0,7.88,,,,,,65.75,2.78,,0.0,0.0,15.0,,
2024-04-23 21:00:00,4.25,18.75,3.08,15.25,10.6,12.28,,0.7,6.27,1.05,6.75,,,,,,66.25,2.65,,0.0,0.0,15.0,,
2024-04-23 22:00:00,2.25,16.25,3.12,16.27,11.28,12.72,4.9,0.66,6.02,1.02,5.72,,,,,,66.5,2.15,,0.0,0.0,15.0,,
2024-04-23 23:00:00,4.0,10.25,3.5,13.15,9.85,12.35,6.52,0.61,7.01,0.9,4.97,,,,,,66.5,2.0,,0.0,0.0,15.0,,
2024-04-24 00:00:00,6.0,7.5,4.45,9.18,8.5,89.93,3.22,0.68,5.19,0.8,4.3,,,,,,67.0,1.92,318.0,0.0,0.0,15.0,,
2024-04-24 01:00:00,3.0,8.5,3.9,7.9,7.4,43.9,4.45,0.64,1.96,0.6,3.52,,,,,,68.0,1.78,224.33,0.0,0.0,15.0,,
2024-04-24 02:00:00,3.0,15.5,3.1,8.88,7.22,14.82,4.2,0.64,4.25,0.55,3.25,,,,,,68.0,1.62,136.5,0.0,0.0,15.0,,
2024-04-24 03:00:00,3.75,15.5,4.12,16.27,12.0,13.77,3.22,0.65,2.16,0.62,3.6,,,,,,68.75,1.05,95.25,0.0,0.0,15.0,,
2024-04-24 04:00:00,6.75,20.5,5.72,18.45,14.48,12.02,2.38,0.62,4.31,0.75,4.4,,,,,,69.0,1.12,99.0,0.0,0.0,15.0,,
2024-04-24 05:00:00,9.75,25.25,6.65,21.58,16.88,12.12,5.45,0.64,5.05,0.98,5.7,,,,,,68.5,1.55,128.5,0.0,0.0,15.0,,
2024-04-24 06:00:00,11.25,33.25,5.6,18.15,14.15,11.18,2.17,0.6,5.1,0.92,4.92,,,,,,68.5,2.33,178.5,0.0,0.0,45.25,,
2024-04-24 07:00:00,9.0,30.5,4.65,13.12,10.72,10.0,1.15,0.64,6.32,1.0,4.4,,,,,,68.25,2.7,246.25,0.0,0.0,131.0,,
2024-04-24 08:00:00,9.5,39.5,2.58,12.15,8.52,11.3,3.28,0.55,7.89,1.1,4.4,,,,,,68.5,2.7,287.67,0.0,0.0,220.75,,
2024-04-24 09:00:00,10.0,45.75,2.48,12.88,8.88,12.0,5.92,0.73,7.94,1.3,4.6,,,,,,67.75,2.95,209.67,0.0,0.0,293.25,,
2024-04-24 10:00:00,8.25,53.5,1.92,13.08,8.5,12.0,7.72,2.2,6.47,1.4,4.62,,,,,,68.25,2.5,210.0,0.0,0.0,350.5,,
2024-04-24 11:00:00,12.5,57.75,3.23,12.67,9.33,13.37,10.28,0.79,5.24,1.45,4.95,,,,,,66.75,3.3,,0.0,0.0,387.25,,
2024-04-24 12:00:00,12.5,46.25,3.13,8.83,7.23,18.0,5.25,0.6,5.04,1.2,5.05,,,,,,66.0,3.8,,0.0,0.0,392.75,,
2024-04-24 13:00:00,8.75,41.0,3.4,8.0,7.0,16.23,2.02,0.56,4.95,0.98,4.82,,,,,,65.75,4.1,,0.0,0.0,368.0,,
2024-04-24 14:00:00,9.75,40.0,2.92,7.45,6.38,16.92,5.5,0.62,5.1,0.82,4.2,,,,,,66.0,4.23,,0.0,0.0,309.0,,
2024-04-24 15:00:00,5.75,37.0,1.48,8.25,5.6,16.82,7.48,0.6,2.55,0.7,4.0,,,,,,65.0,4.35,,0.0,0.0,234.5,,
2024-04-24 16:00:00,5.75,26.75,4.42,7.1,7.35,15.42,5.62,0.68,3.72,0.68,3.48,,,,,,65.25,4.2,,0.0,0.0,145.75,,
2024-04-24 17:00:00,7.75,20.5,3.68,6.68,6.52,10.52,4.47,0.6,2.6,0.52,2.33,,,,,,67.0,3.85,,0.0,0.0,41.75,,
2024-04-24 18:00:00,6.75,13.0,2.55,6.1,5.3,10.1,2.68,0.74,3.77,0.5,2.08,,,,,,67.0,3.85,,0.0,0.0,15.5,,
2024-04-24 19:00:00,5.25,14.25,3.15,10.02,7.95,9.6,1.65,0.79,4.75,0.7,2.48,,,,,,66.5,2.85,,0.0,0.0,15.0,,
2024-04-24 20:00:00,3.0,18.0,2.3,11.22,7.82,10.12,7.72,0.64,4.83,0.85,2.9,,,,,,66.5,2.8,,0.0,0.0,15.5,,
2024-04-24 21:00:00,8.0,12.0,2.82,11.68,8.5,10.9,8.78,0.66,7.9,0.9,3.1,,,,,,66.75,2.9,,0.0,0.0,16.0,,
2024-04-24 22:00:00,8.0,12.25,3.55,10.52,8.52,9.9,4.08,0.61,6.42,0.8,2.82,,,,,,67.25,2.48,,0.0,0.0,15.0,,
2024-04-24 23:00:00,7.5,13.0,3.03,8.5,6.98,9.4,1.78,0.59,5.1,0.75,2.8,,,,,,68.25,2.15,356.0,0.0,0.0,15.0,,
2024-04-25 00:00:00,5.75,11.75,1.93,6.15,4.42,10.62,0.9,0.52,7.01,0.68,2.6,,,,,,67.25,2.2,287.5,0.0,0.0,15.0,,
2024-04-25 01:00:00,4.25,8.75,2.8,8.6,6.85,12.25,,0.61,8.57,0.62,2.62,,,,,,67.0,1.78,185.0,0.0,0.0,15.0,,
2024-04-25 02:00:00,2.0,11.0,3.25,10.0,8.0,12.22,1.85,0.6,6.79,0.62,2.65,,,,,,67.0,1.92,163.0,0.0,0.0,15.0,,
2024-04-25 03:00:00,3.0,11.5,2.28,10.85,7.6,12.35,1.83,0.59,4.12,0.6,2.4,,,,,,67.5,1.7,198.67,0.0,0.0,15.0,,
2024-04-25 04:00:00,5.0,14.0,3.78,13.22,10.1,11.8,6.62,0.62,5.64,0.6,2.55,,,,,,67.25,1.4,176.0,0.0,0.0,15.0,,
2024-04-25 05:00:00,2.25,16.75,3.78,11.48,9.12,11.6,7.4,0.63,5.98,0.62,2.52,,,,,,67.25,1.48,170.25,0.0,0.0,15.0,,
2024-04-25 06:00:00,4.5,19.25,4.12,13.02,10.28,11.48,5.95,0.64,5.93,0.72,2.78,,,,,,68.0,1.7,237.0,0.0,0.0,43.5,,
2024-04-25 07:00:00,8.25,28.0,3.65,11.05,8.82,12.38,4.2,0.68,6.02,0.9,3.22,,,,,,67.75,1.65,,0.0,0.0,114.25,,
2024-04-25 08:00:00,5.25,25.0,5.22,9.95,9.55,11.15,3.22,0.71,4.85,0.88,2.9,,,,,,67.5,2.17,,0.0,0.0,200.25,,
2024-04-25 09:00:00,5.75,33.0,3.55,7.22,6.7,9.35,2.92,0.64,3.04,0.8,2.45,,,,,,68.75,2.52,,0.0,0.0,285.75,,
2024-04-25 10:00:00,12.75,33.25,2.92,6.72,5.98,10.22,6.67,2.2,5.0,0.72,2.38,,,,,,68.0,3.65,,0.0,0.0,342.75,,
2024-04-25 11:00:00,8.25,33.0,2.47,6.0,5.27,11.43,11.27,0.76,4.9,0.65,1.95,,,,,,67.25,3.72,,0.0,0.0,379.25,,
2024-04-25 12:00:00,5.75,29.5,3.4,6.0,5.93,13.2,6.8,0.51,4.51,0.57,1.8,,,,,,67.5,3.85,,0.0,0.0,384.25,,
2024-04-25 13:00:00,5.5,25.5,2.75,5.05,4.88,10.75,7.62,0.48,5.1,0.5,1.9,,,,,,66.25,4.1,,0.0,0.0,357.5,,
2024-04-25 14:00:00,7.25,19.5,2.33,4.65,4.35,10.6,2.38,0.6,5.29,0.43,1.75,,,,,,66.25,4.47,,0.0,0.0,304.5,,
2024-04-25 15:00:00,7.5,23.5,2.68,4.6,4.6,10.5,0.5,0.59,5.05,0.4,1.45,,,,,,65.75,4.75,,0.0,0.0,227.75,,
2024-04-25 16:00:00,6.0,24.0,1.2,6.6,4.45,13.52,7.52,0.54,8.48,0.4,1.48,,,,,,65.75,4.53,,0.0,0.0,140.75,,
2024-04-25 17:00:00,6.5,29.75,2.78,7.62,6.32,13.68,9.05,0.63,7.6,0.43,1.95,,,,,,65.5,4.3,,0.0,0.0,39.5,,
2024-04-25 18:00:00,7.0,28.75,2.85,9.5,7.4,12.92,3.97,0.66,6.52,0.55,2.5,,,,,,66.0,4.25,,0.0,0.0,15.25,,
2024-04-25 19:00:00,5.0,28.0,2.98,11.38,8.5,12.98,2.25,0.71,6.76,0.85,3.32,,,,,,65.75,3.42,,0.0,0.0,15.0,,
2024-04-25 20:00:00,5.25,,3.22,9.9,7.85,13.32,0.5,0.67,6.81,1.1,4.0,,,,,,65.75,3.45,,0.0,0.0,15.0,,
2024-04-25 21:00:00,6.5,,3.22,12.12,9.05,13.48,0.87,0.7,6.71,1.18,4.42,,,,,,66.5,2.38,299.5,0.0,0.0,15.0,,
2024-04-25 22:00:00,8.0,,3.25,12.12,9.05,13.32,1.5,0.64,6.52,1.3,4.78,,,,,,67.0,1.92,271.0,0.0,0.0,15.0,,
2024-04-25 23:00:00,8.25,,3.6,10.18,8.3,13.25,2.08,0.64,6.08,1.18,4.22,,,,,,67.75,2.0,171.0,0.0,0.0,15.0,,
2024-04-26 00:00:00,8.0,,5.05,8.3,8.52,10.48,1.35,0.66,3.82,0.92,3.32,,,,,,68.25,2.1,199.0,0.0,0.0,15.0,,
2024-04-26 01:00:00,5.5,,3.42,7.75,6.95,10.42,1.97,0.62,3.18,0.78,2.75,,,,,,68.5,1.67,216.0,0.0,0.0,15.0,,
2024-04-26 02:00:00,7.25,,3.18,6.6,6.1,10.32,4.45,0.62,4.31,0.65,2.4,,,,,,68.25,2.25,315.5,0.0,0.0,15.0,,
2024-04-26 03:00:00,11.0,,2.82,7.78,6.45,10.95,6.58,0.61,1.37,0.6,2.18,,,,,,68.5,1.85,270.0,0.0,0.0,15.0,,
2024-04-26 04:00:00,16.25,,3.68,7.9,7.2,10.38,3.15,0.61,4.16,0.52,2.02,,,,,,68.75,1.72,252.75,0.0,0.0,15.0,,
2024-04-26 05:00:00,6.75,,3.38,8.1,7.05,9.28,1.85,0.62,5.44,0.55,2.1,,,,,,69.5,0.6,58.0,0.0,0.0,15.0,,
2024-04-26 06:00:00,12.5,,4.15,9.62,8.48,9.0,8.45,0.64,5.73,0.68,2.6,,,,,,69.75,1.12,108.75,0.0,0.0,44.75,,
2024-04-26 07:00:00,12.75,,4.38,9.25,8.52,9.5,10.8,0.67,4.9,0.88,2.98,,,,,,69.25,2.48,285.0,0.0,0.0,119.75,,
2024-04-26 08:00:00,10.75,,1.75,10.82,7.22,12.15,9.82,0.62,10.19,1.0,3.1,,,,,,67.75,2.4,,0.0,0.0,204.25,,
2024-04-26 09:00:00,13.5,,3.2,10.1,7.95,12.98,9.8,0.63,7.54,1.02,3.12,,,,,,67.25,2.82,,0.0,0.0,283.25,,
2024-04-26 10:00:00,6.5,44.0,2.6,8.38,6.58,14.48,5.43,,6.03,1.02,2.82,,,,,,66.5,3.65,275.0,0.0,0.0,328.25,,
2024-04-26 11:00:00,8.25,42.0,2.77,7.7,6.33,15.83,5.43,,6.17,0.9,2.65,,,,,,67.0,4.03,226.75,0.0,0.0,376.75,,
2024-04-26 12:00:00,8.75,36.0,3.5,6.27,6.23,17.93,4.92,0.66,6.47,0.75,2.58,,,,,,66.5,4.4,220.0,0.0,0.0,386.25,,
2024-04-26 13:00:00,7.25,45.0,2.75,6.0,5.45,15.88,4.32,0.66,5.68,0.62,2.25,,,,,,66.0,4.68,190.25,0.0,0.0,356.75,,
2024-04-26 14:00:00,5.5,42.75,2.6,5.35,4.92,15.38,4.55,0.62,6.17,0.48,2.3,,,,,,66.0,5.08,161.5,0.0,0.0,311.5,,
2024-04-26 15:00:00,6.75,35.75,3.68,6.72,6.55,14.6,4.32,0.63,5.98,0.4,2.05,,,,,,65.0,4.97,144.0,0.0,0.0,234.0,,
2024-04-26 16:00:00,5.0,34.5,4.85,5.03,6.62,12.5,1.37,0.55,3.72,0.35,1.92,,,,,,66.25,4.5,217.75,0.0,0.0,146.25,,
2024-04-26 17:00:00,4.75,32.0,3.25,5.4,5.55,11.68,1.1,0.66,4.46,0.35,2.15,,,,,,67.0,4.2,199.25,0.0,0.0,37.75,,
2024-04-26 18:00:00,12.75,30.5,2.5,6.72,5.6,11.38,4.0,0.65,4.51,0.4,2.3,,,,,,67.25,4.03,167.5,0.0,0.0,15.5,,
2024-04-26 19:00:00,11.0,34.5,2.22,8.88,6.58,11.62,4.53,0.69,4.95,0.55,2.42,,,,,,67.75,3.82,182.25,0.0,0.0,15.0,,
2024-04-26 20:00:00,7.5,33.5,3.45,9.05,7.65,11.62,5.7,0.66,5.44,0.62,2.5,,,,,,68.0,3.58,209.25,0.0,0.0,15.0,,
2024-04-26 21:00:00,6.5,33.75,2.6,9.5,7.2,11.7,5.3,0.67,5.29,0.72,2.58,,,,,,66.75,2.92,226.5,0.0,0.0,15.0,,
2024-04-26 22:00:00,10.0,31.0,2.18,10.0,7.12,11.45,5.12,0.65,5.98,0.68,2.52,,,,,,68.0,2.58,210.75,0.0,0.0,15.0,,
2024-04-26 23:00:00,14.75,33.25,1.8,7.85,5.6,12.52,6.6,0.55,5.93,0.65,2.48,,,,,,67.0,2.62,213.0,0.0,0.0,15.0,,
2024-04-27 00:00:00,10.25,30.5,2.1,6.9,5.4,14.8,6.48,0.59,9.6,0.6,2.3,,,,,,67.25,2.22,144.5,0.0,0.0,15.0,,
2024-04-27 01:00:00,8.75,28.5,2.98,6.08,5.68,13.95,6.75,0.57,6.96,0.52,2.28,,,,,,66.75,1.8,113.5,0.0,0.0,15.0,,
2024-04-27 02:00:00,11.25,27.75,3.38,15.7,11.05,13.82,5.18,0.64,6.73,0.48,2.55,,,,,,68.0,1.32,111.0,0.0,0.0,15.0,,
2024-04-27 03:00:00,12.0,29.25,3.22,8.12,6.95,14.5,3.9,0.62,4.41,0.48,2.88,,,,,,67.25,1.88,122.75,0.0,0.0,15.0,,
2024-04-27 04:00:00,11.0,28.5,2.92,7.1,6.18,14.0,3.55,0.62,5.88,0.4,2.52,,,,,,67.5,1.9,85.75,0.0,0.0,15.0,,
2024-04-27 05:00:00,7.25,34.5,3.8,9.38,8.05,14.02,,0.62,5.54,0.43,2.6,,,,,,67.5,1.23,98.0,0.0,0.0,15.0,,
2024-04-27 06:00:00,9.67,44.5,4.95,15.05,12.02,15.08,2.27,0.68,6.32,0.9,3.98,,,,,,69.0,0.9,132.0,0.0,0.0,45.75,,
2024-04-27 07:00:00,18.5,61.0,5.82,12.6,11.4,14.25,1.95,0.76,5.78,1.12,5.03,,,,,,67.75,1.6,113.75,0.0,0.0,115.5,,
2024-04-27 08:00:00,17.25,58.75,5.18,9.45,9.2,11.65,3.15,0.74,2.06,1.0,4.3,,,,,,68.5,2.6,187.67,0.0,0.0,215.0,,
2024-04-27 09:00:00,17.75,57.25,2.95,8.82,7.12,12.05,3.68,0.8,4.12,0.95,3.72,,,,,,69.0,2.45,212.0,0.0,0.0,282.75,,
2024-04-27 10:00:00,16.25,68.5,3.25,7.55,6.68,12.98,2.7,2.37,4.75,0.88,3.52,,,,,,69.25,3.2,339.0,0.0,0.0,346.25,,
2024-04-27 11:00:00,12.75,54.0,2.17,7.4,5.67,13.4,5.23,0.89,5.05,0.88,3.0,,,,,,68.25,3.55,298.0,0.0,0.0,382.0,,
2024-04-27 12:00:00,9.0,51.0,2.77,6.17,5.57,15.7,1.73,0.52,4.31,0.7,2.75,,,,,,67.25,3.95,297.33,0.0,0.0,387.5,,
2024-04-27 13:00:00,9.5,49.25,2.65,5.42,5.05,12.75,,0.5,4.8,0.7,2.35,,,,,,67.0,4.08,247.0,0.0,0.0,362.75,,
2024-04-27 14:00:00,12.75,43.5,2.9,5.03,5.05,12.42,4.1,0.6,5.1,0.6,2.5,,,,,,66.5,4.18,101.0,0.0,0.0,306.25,,
2024-04-27 15:00:00,15.0,41.25,1.52,5.32,4.08,15.1,3.32,0.52,8.62,0.6,2.45,,,,,,65.0,4.3,97.75,0.0,0.0,228.25,,
2024-04-27 16:00:00,5.75,38.0,2.38,6.45,5.42,15.75,5.58,0.68,8.14,0.72,3.02,,,,,,65.25,4.03,97.5,0.0,0.0,141.75,,
2024-04-27 17:00:00,5.75,33.0,3.3,7.75,6.78,14.95,4.92,0.69,6.76,0.88,2.95,,,,,,65.5,3.8,94.0,0.0,0.0,37.25,,
2024-04-27 18:00:00,8.0,28.0,3.0,8.9,7.22,14.92,7.0,0.68,6.62,0.8,3.12,,,,,,66.25,3.35,94.75,0.0,0.0,15.5,,
2024-04-27 19:00:00,8.25,31.5,4.55,12.08,10.18,15.3,9.18,0.72,6.81,0.95,3.55,,,,,,65.75,2.58,90.75,0.0,0.0,15.0,,
2024-04-27 20:00:00,8.25,32.5,4.62,13.15,10.75,15.6,3.95,0.72,6.18,1.32,5.1,,,,,,65.75,2.62,82.75,0.0,0.0,15.0,,
2024-04-27 21:00:00,5.25,29.0,3.72,10.52,8.65,15.28,2.62,0.7,6.27,1.4,5.32,,,,,,65.75,3.08,83.0,0.0,0.0,15.0,,
2024-04-27 22:00:00,4.25,24.0,3.48,11.82,9.1,14.9,3.8,0.66,6.02,1.27,5.02,,,,,,66.75,2.9,92.75,0.0,0.0,15.0,,
2024-04-27 23:00:00,7.75,24.75,4.8,8.6,8.48,12.98,4.1,0.66,4.66,0.95,3.65,,,,,,67.0,2.6,91.5,0.0,0.0,15.0,,
2024-04-28 00:00:00,6.75,17.0,3.65,6.3,6.32,10.6,7.32,0.66,2.35,0.65,2.8,,,,,,68.25,1.98,76.75,0.0,0.0,15.0,,
2024-04-28 01:00:00,6.25,13.5,3.58,6.1,6.22,10.62,8.0,0.64,4.22,0.52,2.65,,,,,,68.25,2.05,74.25,0.0,0.0,15.0,,
2024-04-28 02:00:00,7.0,14.0,3.3,5.82,5.72,10.88,8.52,0.61,4.84,0.5,2.7,,,,,,68.0,1.9,66.0,0.0,0.0,15.0,,
2024-04-28 03:00:00,7.25,20.75,4.55,10.7,9.4,11.58,8.98,0.61,2.55,0.5,2.62,,,,,,67.75,2.22,63.75,0.0,0.0,15.0,,
2024-04-28 04:00:00,10.25,22.75,4.75,13.35,11.02,11.6,4.32,0.62,4.56,0.6,2.98,,,,,,68.25,1.55,54.5,0.0,0.0,15.0,,
2024-04-28 05:00:00,15.5,25.0,5.0,10.2,9.48,10.72,3.6,0.64,5.58,0.72,3.62,,,,,,68.75,1.38,52.5,0.0,0.0,15.0,,
2024-04-28 06:00:00,11.75,37.0,6.38,10.3,10.68,10.7,2.88,0.65,5.39,1.02,4.65,,,,,,69.5,1.1,51.25,0.0,0.0,46.25,,
2024-04-28 07:00:00,14.5,47.75,5.78,8.93,9.43,13.28,4.2,0.56,9.51,1.38,5.48,,,,,,68.25,1.4,56.0,0.0,0.0,124.0,,
2024-04-28 08:00:00,15.0,53.0,5.58,9.45,9.57,13.18,4.45,0.68,7.69,1.45,5.52,,,,,,67.25,2.22,65.0,0.0,0.0,207.25,,
2024-04-28 09:00:00,11.25,55.0,2.95,11.7,8.57,12.5,2.05,0.71,6.61,1.5,5.2,,,,,,67.5,2.4,72.5,0.0,0.0,279.25,,
2024-04-28 10:00:00,9.0,51.25,2.58,10.05,7.5,12.95,1.67,2.08,6.22,1.42,4.97,,,,,,67.25,3.5,94.0,0.0,0.0,342.25,,
2024-04-28 11:00:00,8.25,40.0,3.17,9.2,7.5,14.5,2.0,0.74,6.47,1.05,3.75,,,,,,66.75,4.53,102.0,0.0,0.0,376.75,,
2024-04-28 12:00:00,6.0,33.0,3.0,7.27,6.3,21.83,4.4,0.52,8.04,0.75,2.6,,,,,,65.5,4.45,103.0,0.0,0.0,382.5,,
2024-04-28 13:00:00,6.0,31.0,2.9,7.22,6.25,16.35,3.42,0.51,6.76,0.65,2.33,,,,,,65.75,4.53,103.5,0.0,0.0,360.25,,
2024-04-28 14:00:00,5.75,26.0,2.7,5.22,4.97,16.0,1.8,0.66,5.73,0.55,1.95,,,,,,65.5,5.08,101.75,0.0,0.0,308.0,,
2024-04-28 15:00:00,5.25,31.5,4.97,4.12,6.25,13.7,1.7,0.66,3.09,0.43,1.42,,,,,,66.25,4.68,103.0,0.0,0.0,233.25,,
2024-04-28 16:00:00,6.0,35.5,3.05,4.32,4.75,12.22,1.82,0.64,4.36,0.4,1.23,,,,,,65.75,4.7,104.75,0.0,0.0,146.5,,
2024-04-28 17:00:00,6.25,23.0,2.97,4.38,4.75,11.38,4.78,0.66,4.7,0.3,1.15,,,,,,66.25,4.75,101.5,0.0,0.0,36.75,,
2024-04-28 18:00:00,6.75,15.75,4.8,6.48,7.32,10.73,6.02,0.69,5.05,0.38,1.32,,,,,,66.5,4.22,92.75,0.0,0.0,16.0,,
2024-04-28 19:00:00,6.0,12.25,5.42,8.98,9.12,10.52,8.02,0.71,5.48,0.48,1.55,,,,,,67.5,3.75,95.25,0.0,0.0,15.0,,
2024-04-28 20:00:00,5.75,12.75,6.2,8.72,9.7,10.8,3.8,0.69,5.78,0.55,1.85,,,,,,66.5,3.02,94.0,0.0,0.0,15.0,,
2024-04-28 21:00:00,5.25,11.0,6.45,9.12,10.1,10.7,3.05,0.7,5.34,0.6,2.02,,,,,,66.75,2.88,96.25,0.0,0.0,15.0,,
2024-04-28 22:00:00,6.0,8.25,6.22,9.68,10.2,11.02,2.02,0.54,4.7,0.62,2.12,,,,,,67.25,2.8,95.25,0.0,0.0,15.0,,
2024-04-28 23:00:00,5.0,8.5,5.1,8.9,8.88,14.25,2.15,0.6,11.42,0.68,2.3,,,,,,66.5,2.8,99.75,0.0,0.0,15.0,,
2024-04-29 00:00:00,2.0,7.25,5.35,8.38,8.88,13.85,4.53,0.63,7.54,0.55,1.98,,,,,,66.25,2.82,93.5,0.0,0.0,15.0,,
2024-04-29 01:00:00,,7.5,4.65,7.05,7.55,12.92,5.38,0.6,6.96,0.5,1.88,,,,,,65.5,2.33,86.5,0.0,0.0,15.0,,
2024-04-29 02:00:00,,5.75,3.97,5.6,6.18,12.6,5.18,0.62,6.6,0.43,1.8,,,,,,67.0,2.52,71.25,0.0,0.0,15.0,,
2024-04-29 03:00:00,1.0,5.0,3.8,5.28,5.85,13.5,4.6,0.61,3.82,0.4,1.72,,,,,,66.75,2.55,73.5,0.0,0.0,15.0,,
2024-04-29 04:00:00,1.5,,3.75,5.03,5.7,13.58,6.62,0.62,6.12,0.4,1.7,,,,,,67.75,2.02,68.75,0.0,0.0,15.0,,
2024-04-29 05:00:00,3.5,8.0,4.72,6.22,7.08,13.22,7.48,0.62,6.32,0.4,1.85,,,,,,67.25,1.82,68.25,0.0,0.0,15.0,,
2024-04-29 06:00:00,5.5,11.5,6.72,7.62,9.52,12.9,6.1,0.72,6.62,0.6,2.3,,,,,,67.0,2.05,63.75,0.0,0.0,44.25,,
2024-04-29 07:00:00,8.25,28.0,8.52,8.0,11.22,10.75,4.85,0.66,2.89,0.7,2.48,,,,,,68.25,1.62,64.5,0.0,0.0,103.0,,
2024-04-29 08:00:00,12.0,42.25,6.6,7.1,9.12,10.2,7.1,0.66,4.36,0.88,2.92,,,,,,69.5,1.75,73.25,0.0,0.0,192.75,,
2024-04-29 09:00:00,10.75,33.5,4.4,8.32,8.0,10.07,7.4,0.7,4.9,0.92,2.98,,,,,,67.5,2.4,71.25,0.0,0.0,293.5,,
2024-04-29 10:00:00,9.5,42.25,3.1,9.55,7.65,11.72,6.3,2.35,5.05,1.02,3.32,,,,,,68.5,2.35,84.0,0.0,0.0,325.5,,
2024-04-29 11:00:00,14.75,44.5,2.93,8.77,7.03,12.4,9.0,0.84,4.41,1.02,3.32,,,,,,67.75,3.32,117.0,0.0,0.0,378.25,,
2024-04-29 12:00:00,10.25,39.0,3.13,6.17,5.8,14.43,2.3,0.52,5.1,0.85,2.82,,,,,,67.0,3.8,108.25,0.0,0.0,384.5,,
2024-04-29 13:00:00,13.5,32.5,2.8,6.52,5.8,11.25,0.9,0.48,5.0,0.7,2.38,,,,,,66.75,4.4,103.75,0.0,0.0,362.25,,
2024-04-29 14:00:00,4.25,22.25,2.0,5.65,4.02,13.4,4.18,0.52,6.96,0.6,2.12,,,,,,65.5,4.38,111.0,0.0,0.0,308.25,,
2024-04-29 15:00:00,8.25,23.0,2.65,5.68,5.22,15.28,6.38,0.62,8.87,0.65,2.17,,,,,,65.5,3.9,113.75,0.0,0.0,233.75,,
2024-04-29 16:00:00,8.75,31.0,3.62,6.55,6.5,15.28,4.05,0.64,7.35,0.7,2.58,,,,,,65.0,3.62,117.75,0.0,0.0,150.75,,
2024-04-29 17:00:00,7.25,31.75,4.82,7.02,7.68,16.32,1.12,0.64,6.66,0.82,2.72,,,,,,64.75,3.5,128.0,0.0,0.0,32.0,,
2024-04-29 18:00:00,4.5,29.75,3.53,7.38,6.8,17.2,2.78,0.67,5.83,0.88,3.12,,,,,,65.0,3.55,134.75,0.0,0.0,15.25,,
2024-04-29 19:00:00,3.75,17.25,3.68,6.9,6.68,17.38,2.55,0.68,6.96,1.1,3.22,,,,,,65.25,3.0,133.75,0.0,0.0,15.0,,
2024-04-29 20:00:00,5.25,17.5,5.0,6.62,7.58,16.27,2.48,0.66,6.12,1.1,3.4,,,,,,65.75,3.3,130.75,0.0,0.0,15.0,,
2024-04-29 21:00:00,4.0,16.0,3.72,7.8,7.2,15.85,2.72,0.65,6.37,1.0,3.2,,,,,,65.75,3.22,140.25,0.0,0.0,15.0,,
2024-04-29 22:00:00,6.5,13.75,5.1,5.8,7.2,14.12,1.35,0.67,6.18,0.8,2.8,,,,,,65.25,3.28,149.25,0.0,0.0,15.0,,
2024-04-29 23:00:00,5.0,7.0,4.12,3.7,5.35,10.68,0.73,0.62,2.79,0.5,1.85,,,,,,66.75,2.98,154.25,0.0,0.0,15.0,,
2024-04-30 00:00:00,,5.0,3.6,5.03,5.62,10.15,4.8,0.62,4.12,0.4,1.42,,,,,,67.0,3.1,137.0,0.0,0.0,15.0,,
2024-04-30 01:00:00,,5.0,3.78,3.65,5.05,9.9,5.95,0.62,5.2,0.3,1.1,,,,,,67.25,2.95,154.75,0.0,0.0,15.0,,
2024-04-30 02:00:00,7.0,8.0,3.65,3.45,4.78,9.32,4.85,0.62,5.95,0.3,1.02,,,,,,68.0,2.22,139.5,0.0,0.0,15.0,,
2024-04-30 03:00:00,6.75,9.0,4.38,7.6,7.62,9.78,5.5,0.62,2.35,0.28,1.1,,,,,,67.25,2.15,96.25,0.0,0.0,15.0,,
2024-04-30 04:00:00,6.0,12.25,4.22,8.65,8.02,8.88,2.2,0.62,4.56,0.3,1.12,,,,,,68.25,1.25,62.25,0.0,0.0,15.0,,
2024-04-30 05:00:00,6.75,14.25,5.62,9.12,9.48,8.57,,0.63,5.34,0.4,1.52,,,,,,68.5,1.35,56.0,0.0,0.0,15.0,,
2024-04-30 06:00:00,10.25,23.25,6.78,10.35,11.0,11.82,3.1,0.58,5.73,0.88,3.22,,,,,,68.75,1.9,63.75,0.0,0.0,47.75,,
2024-04-30 07:00:00,12.25,38.25,7.98,8.65,11.08,13.23,5.7,0.67,9.46,1.08,3.9,,,,,,66.75,2.62,66.0,0.0,0.0,119.0,,
2024-04-30 08:00:00,8.75,36.0,5.85,10.18,10.15,12.82,2.3,0.64,6.66,1.1,3.78,,,,,,67.0,2.9,73.0,0.0,0.0,183.0,,
2024-04-30 09:00:00,13.25,38.25,4.35,9.6,8.62,12.35,1.48,0.68,6.66,1.1,3.65,,,,,,66.25,2.98,70.25,0.0,0.0,273.5,,
2024-04-30 10:00:00,11.0,45.0,3.1,9.85,7.72,13.65,2.8,2.11,6.12,1.2,3.85,,,,,,67.0,2.68,84.25,0.0,0.0,267.5,,
2024-04-30 11:00:00,10.0,,3.07,9.57,7.57,17.27,5.93,0.77,5.34,1.15,3.7,,,,,,65.75,3.78,110.0,0.0,0.0,366.5,,
2024-04-30 12:00:00,6.5,45.0,11.85,8.3,17.8,70.32,4.1,0.48,5.05,1.07,3.42,,,,,,65.0,4.7,113.75,0.0,0.0,378.25,,
2024-04-30 13:00:00,4.5,44.75,4.18,7.25,7.25,45.4,2.22,,4.17,1.2,3.48,,,,,,65.75,4.9,116.75,0.0,0.0,354.75,,
2024-04-30 14:00:00,4.0,43.25,5.1,6.85,7.78,22.9,3.08,0.21,0.59,0.88,2.75,,,,,,64.5,5.5,121.0,0.0,0.0,300.75,,
2024-04-30 15:00:00,7.5,41.0,4.28,7.1,7.22,18.58,3.92,0.34,14.5,0.6,2.75,,,,,,65.0,5.18,128.25,0.0,0.0,229.0,,
2024-04-30 16:00:00,8.5,41.0,4.38,7.82,7.68,23.38,3.3,0.68,119.17,0.5,2.95,,,,,,65.5,4.85,122.0,0.0,0.0,145.75,,
2024-04-30 17:00:00,7.0,59.0,4.18,7.08,7.18,17.58,2.05,0.4,59.0,0.6,2.4,,,,,,64.25,5.08,128.0,0.0,0.0,33.25,,
2024-04-30 18:00:00,7.25,56.25,3.12,7.95,6.8,15.78,1.25,0.67,65.46,0.55,2.33,,,,,,65.75,4.18,114.0,0.0,0.0,15.5,,
2024-04-30 19:00:00,7.75,41.75,4.05,8.98,8.05,14.9,2.08,0.77,71.74,1.38,3.18,,,,,,66.0,4.3,123.75,0.0,0.0,15.0,,
2024-04-30 20:00:00,6.0,22.25,4.47,8.12,7.9,14.28,1.75,0.9,73.06,1.52,3.25,,,,,,66.0,3.78,137.5,0.0,0.0,15.0,,
2024-04-30 21:00:00,4.25,20.75,4.68,7.32,7.75,13.55,3.08,1.1,76.39,1.48,4.0,,,,,,66.5,3.62,110.75,0.0,0.0,15.0,,
2024-04-30 22:00:00,8.0,23.0,2.68,6.1,5.38,16.5,2.75,0.77,39.35,1.3,4.5,,,,,,66.25,3.88,118.75,0.0,0.0,15.0,,
2024-04-30 23:00:00,,,4.0,5.83,6.33,16.0,2.93,0.49,38.15,1.07,3.97,,,,,,66.0,3.3,110.0,0.0,0.0,15.0,,
2024-05-01 00:00:00,7.75,16.0,4.32,6.92,7.12,14.78,4.6,0.48,38.07,0.82,3.72,,,,,,66.0,3.82,88.25,0.0,0.0,15.0,,
2024-05-01 01:00:00,5.75,13.25,4.32,6.45,6.92,14.08,5.45,0.44,39.69,0.65,2.75,,,,,,66.0,3.8,84.25,0.0,0.0,15.0,,
2024-05-01 02:00:00,2.0,5.0,3.52,6.22,6.15,14.05,4.8,0.41,39.59,0.48,1.92,,,,,,66.5,4.15,73.75,0.0,0.0,15.0,,
2024-05-01 03:00:00,,,4.42,11.15,9.52,15.02,4.45,0.11,35.21,0.4,1.45,,,,,,66.0,3.52,74.75,0.0,0.0,15.0,,
2024-05-01 04:00:00,2.0,7.0,4.3,11.52,9.6,14.9,4.3,0.25,32.2,0.4,1.48,,,,,,66.5,3.28,68.5,0.0,0.0,15.0,,
2024-05-01 05:00:00,2.75,7.0,3.2,7.62,6.62,14.3,4.08,0.24,31.75,0.43,1.55,,,,,,65.5,3.05,78.0,0.0,0.0,15.25,,
2024-05-01 06:00:00,6.5,10.0,6.45,7.58,9.25,11.62,3.68,0.54,52.53,0.5,1.75,,,,,,67.25,3.6,75.5,0.0,0.0,52.5,,
2024-05-01 07:00:00,10.25,24.25,5.58,8.43,9.02,11.22,3.02,0.66,54.49,0.72,1.92,,,,,,67.75,3.42,76.5,0.0,0.0,125.75,,
2024-05-01 08:00:00,8.75,45.25,5.03,8.55,8.62,12.48,1.57,0.67,77.62,0.92,2.35,,,,,,67.75,3.6,76.0,0.0,0.0,197.0,,
2024-05-01 09:00:00,10.0,56.25,3.75,7.82,7.22,12.82,0.97,0.66,78.35,0.85,2.28,,,,,,67.5,3.4,77.75,0.0,0.0,278.5,,
2024-05-01 10:00:00,8.0,42.75,2.5,7.75,6.15,14.38,4.27,0.58,85.6,0.95,2.65,,,,,,67.5,2.82,75.5,0.0,0.0,341.0,,
2024-05-01 11:00:00,11.75,45.25,3.1,8.4,6.9,16.25,10.23,0.56,93.88,1.0,2.88,,,,,,66.25,3.08,104.5,0.0,0.0,373.5,,
2024-05-01 12:00:00,15.0,51.75,3.03,7.47,6.47,20.0,5.32,0.7,88.35,0.83,2.72,,,,,,65.5,5.28,112.25,0.0,0.0,379.5,,
2024-05-01 13:00:00,13.5,60.0,1.55,11.3,7.25,19.9,7.05,0.38,69.09,0.5,1.85,,,,,,65.5,5.95,120.0,0.0,0.0,344.5,,
2024-05-01 14:00:00,9.5,52.25,2.1,9.43,6.75,23.02,8.38,0.28,37.44,0.6,1.92,,,,,,64.5,5.15,120.5,0.0,0.0,299.5,,
2024-05-01 15:00:00,11.75,56.5,3.28,9.88,7.95,24.48,8.98,0.47,46.89,0.6,2.08,,,,,,64.5,5.2,124.0,0.0,0.0,222.75,,
2024-05-01 16:00:00,13.75,55.5,3.05,12.45,9.12,28.2,8.2,0.53,51.8,0.68,2.45,,,,,,64.25,4.65,118.0,0.0,0.0,133.75,,
2024-05-01 17:00:00,11.5,46.25,3.8,11.25,9.05,28.35,6.95,0.88,53.56,0.72,2.62,,,,,,64.5,4.4,120.25,0.0,0.0,36.75,,
2024-05-01 18:00:00,7.25,38.5,4.18,12.32,9.95,22.68,3.62,0.52,80.51,0.7,2.45,,,,,,65.25,4.55,129.5,0.0,0.0,16.0,,
2024-05-01 19:00:00,7.75,28.25,2.55,12.68,8.82,19.77,2.65,0.07,87.12,0.75,2.58,,,,,,65.5,4.42,121.25,0.0,0.0,15.0,,
2024-05-01 20:00:00,6.5,20.75,1.9,11.28,7.55,18.1,3.22,0.36,90.75,0.82,2.62,,,,,,65.75,4.2,120.25,0.0,0.0,15.0,,
2024-05-01 21:00:00,4.25,22.75,1.48,9.1,6.02,19.92,2.95,0.42,75.56,0.82,2.8,,,,,,65.75,3.9,113.5,0.0,0.0,15.0,,
2024-05-01 22:00:00,1.75,19.25,1.8,7.65,4.95,23.02,3.75,1.11,53.07,0.98,3.38,,,,,,65.5,4.12,127.75,0.0,0.0,15.0,,
2024-05-01 23:00:00,1.0,10.25,2.52,5.38,4.9,22.58,3.48,1.0,53.07,0.75,2.7,,,,,,65.25,3.92,121.0,0.0,0.0,15.0,,
2024-05-02 00:00:00,,7.25,2.68,5.45,5.08,22.1,1.7,0.75,50.37,0.57,2.1,,,,,,65.5,3.15,140.25,0.0,0.0,15.0,,
2024-05-02 01:00:00,2.0,5.0,3.53,4.68,5.4,20.92,0.73,0.72,56.79,0.48,1.7,,,,,,65.75,3.45,127.0,0.0,0.0,15.0,,
2024-05-02 02:00:00,2.25,5.5,3.68,4.95,5.6,16.45,1.7,0.39,89.51,0.35,1.18,,,,,,66.5,3.85,100.25,0.0,0.0,15.0,,
2024-05-02 03:00:00,4.5,8.75,2.42,3.5,3.78,16.9,2.22,0.51,100.55,0.3,0.95,,,,,,66.75,4.32,95.5,0.0,0.0,15.0,,
2024-05-02 04:00:00,9.0,13.25,2.52,2.12,3.18,14.1,2.1,0.61,83.4,0.3,0.82,,,,,,67.25,4.78,109.75,0.0,0.0,15.0,,
2024-05-02 05:00:00,8.5,11.75,1.4,6.52,4.65,15.77,1.5,0.54,59.78,0.32,0.85,,,,,,67.25,4.3,104.5,0.0,0.0,15.0,,
2024-05-02 06:00:00,6.75,16.0,2.42,7.6,5.98,17.98,2.35,0.62,45.03,0.45,1.32,,,,,,67.0,4.08,102.75,0.0,0.0,46.75,,
2024-05-02 07:00:00,6.5,26.0,3.18,8.43,7.08,17.8,2.7,0.58,42.09,0.68,1.72,,,,,,65.75,4.6,103.75,0.0,0.0,122.0,,
2024-05-02 08:00:00,9.0,48.25,3.0,7.72,6.55,19.5,3.4,0.66,45.91,0.82,2.05,,,,,,66.25,4.45,84.25,0.0,0.0,201.5,,
2024-05-02 09:00:00,12.0,85.0,3.72,9.25,7.98,19.65,5.9,0.77,57.13,0.9,2.48,,,,,,66.25,4.22,90.0,0.0,0.0,271.5,,
2024-05-02 10:00:00,12.5,96.5,3.2,10.07,7.92,20.98,5.77,0.71,83.64,0.95,2.7,,,,,,65.5,4.28,109.0,0.0,0.0,328.75,,
2024-05-02 11:00:00,15.5,82.75,2.07,9.87,6.97,20.63,9.6,0.71,83.98,1.05,2.98,,,,,,67.0,5.82,145.0,0.0,0.0,359.5,,
2024-05-02 12:00:00,18.67,100.0,3.0,7.57,6.5,22.33,4.12,0.67,77.47,0.8,2.7,,,,,,66.25,6.2,132.5,0.0,0.0,364.25,,
2024-05-02 13:00:00,16.5,93.75,1.48,7.58,5.22,24.05,2.22,0.55,53.26,0.7,2.48,,,,,,65.0,6.42,132.25,0.0,0.0,321.5,,
2024-05-02 14:00:00,16.5,70.0,2.33,4.78,4.45,25.45,2.8,0.5,38.47,0.7,2.3,,,,,,64.5,6.08,136.5,0.0,0.0,269.5,,
2024-05-02 15:00:00,10.5,53.0,1.95,3.88,3.65,26.58,4.12,0.46,39.94,0.75,2.05,,,,,,64.75,6.62,141.0,0.0,0.0,206.0,,
2024-05-02 16:00:00,5.0,45.0,2.25,5.35,4.72,28.02,1.3,0.42,42.24,0.62,2.2,,,,,,64.5,6.25,137.5,0.0,0.0,118.5,,
2024-05-02 17:00:00,2.25,38.75,3.2,7.0,6.35,26.58,0.4,0.43,41.75,0.75,3.22,,,,,,64.25,5.45,134.25,0.0,0.0,29.25,,
2024-05-02 18:00:00,3.75,37.25,2.4,9.2,6.88,24.8,3.85,0.3,44.1,0.95,3.9,,,,,,64.0,4.65,131.75,0.0,0.0,15.25,,
2024-05-02 19:00:00,6.25,34.5,2.6,8.38,6.58,23.52,6.02,0.15,46.55,1.4,4.95,,,,,,64.25,4.57,125.75,0.0,0.0,15.0,,
2024-05-02 20:00:00,6.75,32.0,2.75,8.78,6.9,22.28,3.52,0.39,46.84,1.68,5.4,,,,,,65.5,4.68,125.75,0.0,0.0,15.0,,
2024-05-02 21:00:00,6.25,25.75,3.72,8.02,7.3,19.78,2.92,0.53,63.94,1.5,4.93,,,,,,64.75,5.0,111.25,0.0,0.0,15.0,,
2024-05-02 22:00:00,8.0,17.75,2.17,6.6,5.28,17.0,3.6,0.73,88.05,1.05,3.78,,,,,,66.0,4.55,118.5,0.0,0.0,15.0,,
2024-05-02 23:00:00,11.25,24.5,2.78,6.55,5.75,15.42,4.2,0.83,82.61,0.8,2.98,,,,,,66.0,3.6,141.5,0.0,0.0,15.0,,
2024-05-03 00:00:00,12.5,27.25,2.15,5.3,4.58,13.88,2.45,0.53,82.22,0.6,2.33,,,,,,66.75,3.95,115.25,0.0,0.0,15.0,,
2024-05-03 01:00:00,12.5,21.25,2.3,6.07,5.15,12.77,2.3,0.52,87.22,0.45,1.78,,,,,,66.5,3.75,123.25,0.0,0.0,15.0,,
2024-05-03 02:00:00,7.25,20.5,2.62,16.9,11.12,12.98,2.98,0.34,87.41,0.4,1.45,,,,,,66.0,3.82,89.75,0.0,0.0,15.0,,
2024-05-03 03:00:00,5.0,25.0,3.08,14.38,10.12,13.98,3.95,0.3,103.29,0.4,1.27,,,,,,67.25,3.28,88.5,0.0,0.0,15.0,,
2024-05-03 04:00:00,6.75,23.75,1.42,11.1,7.05,12.98,5.62,0.55,90.85,0.4,1.38,,,,,,67.0,3.65,99.25,0.0,0.0,15.0,,
2024-05-03 05:00:00,11.25,22.5,0.5,7.38,4.38,15.15,5.95,0.46,47.11,0.4,1.6,,,,,,66.0,4.28,110.25,0.0,0.0,15.25,,
2024-05-03 06:00:00,9.0,34.0,1.95,8.85,6.32,15.28,6.6,0.56,66.25,0.55,1.8,,,,,,66.25,3.5,113.75,0.0,0.0,45.0,,
2024-05-03 07:00:00,10.25,49.0,3.48,10.92,8.62,15.65,7.15,0.65,44.74,0.75,2.2,,,,,,66.25,3.0,113.25,0.0,0.0,106.25,,
2024-05-03 08:00:00,14.75,59.5,3.22,12.02,9.02,16.6,6.82,0.72,62.38,1.08,3.18,,,,,,66.0,3.32,91.5,0.0,0.0,184.0,,
2024-05-03 09:00:00,17.25,69.25,3.48,12.52,9.45,18.02,9.12,0.76,46.2,1.32,3.65,,,,,,65.75,3.88,94.5,0.0,0.0,256.0,,
2024-05-03 10:00:00,18.25,86.0,3.6,13.52,10.12,21.5,18.0,0.76,51.45,1.4,3.85,,,,,,66.25,3.98,93.5,0.0,0.0,320.5,,
2024-05-03 11:00:00,20.0,93.25,2.63,13.67,9.37,24.23,13.17,0.77,53.56,1.38,3.88,,,,,,66.5,5.03,147.0,0.0,0.0,342.75,,
2024-05-03 12:00:00,21.25,100.5,2.47,9.73,7.23,26.73,4.65,0.72,48.41,1.1,3.2,,,,,,65.25,4.97,168.0,0.0,0.0,355.0,,
2024-05-03 13:00:00,14.75,78.5,4.68,8.82,8.55,19.02,3.8,0.57,70.7,0.8,2.5,,,,,,65.0,6.02,167.0,0.0,0.0,326.75,,
2024-05-03 14:00:00,11.5,63.0,2.38,7.75,6.0,17.25,4.78,0.55,76.88,0.55,1.75,,,,,,65.0,5.95,155.75,0.0,0.0,283.5,,
2024-05-03 15:00:00,12.75,64.0,2.12,6.32,5.1,17.55,4.12,0.55,73.4,0.52,1.38,,,,,,65.5,6.32,159.5,0.0,0.0,212.25,,
2024-05-03 16:00:00,12.0,55.5,2.05,5.9,4.8,17.42,2.88,0.54,75.8,0.43,1.27,,,,,,65.25,5.75,158.5,0.0,0.0,108.0,,
2024-05-03 17:00:00,11.0,45.5,1.53,7.45,4.85,21.62,4.15,0.47,41.8,0.5,2.02,,,,,,64.75,5.5,156.0,0.0,0.0,25.75,,
2024-05-03 18:00:00,7.25,35.75,2.78,9.22,7.15,20.65,2.95,0.56,44.59,0.78,2.68,,,,,,64.75,4.85,161.0,0.0,0.0,15.25,,
2024-05-03 19:00:00,6.0,31.75,2.48,10.4,7.48,20.3,2.17,0.62,45.91,1.08,3.85,,,,,,65.0,4.65,176.5,0.0,0.0,15.0,,
2024-05-03 20:00:00,9.75,37.0,3.0,9.9,7.68,20.18,4.78,0.68,48.26,1.38,4.95,,,,,,65.5,4.82,161.0,0.0,0.0,15.0,,
2024-05-03 21:00:00,11.25,29.25,4.68,8.88,8.6,16.25,5.12,0.64,77.57,1.12,3.95,,,,,,65.75,5.18,170.25,0.0,0.0,15.25,,
2024-05-03 22:00:00,9.5,30.75,2.28,7.58,5.82,15.0,4.92,0.6,83.89,1.18,3.45,,,,,,65.75,4.97,139.5,0.0,0.0,16.0,,
2024-05-03 23:00:00,11.5,24.25,2.17,5.32,4.58,14.48,5.82,0.54,82.96,0.75,2.4,,,,,,66.5,4.78,121.5,0.0,0.0,15.75,,
2024-05-04 00:00:00,12.0,26.0,2.2,4.53,3.72,14.48,4.08,0.42,73.94,0.43,1.72,,,,,,66.25,4.1,128.0,0.0,0.0,15.0,,
2024-05-04 01:00:00,8.25,25.75,2.23,5.1,4.0,16.65,3.85,0.45,47.58,0.4,1.75,,,,,,66.25,3.75,117.75,0.0,0.0,15.25,,
2024-05-04 02:00:00,5.75,15.0,2.17,5.62,4.75,15.28,2.22,0.42,49.52,0.4,1.35,,,,,,64.5,3.92,105.25,0.0,0.0,15.0,,
2024-05-04 03:00:00,5.0,13.5,2.88,5.5,5.22,15.48,3.12,0.35,44.82,0.3,1.1,,,,,,66.0,4.2,111.25,0.0,0.0,15.0,,
2024-05-04 04:00:00,5.5,19.25,2.97,6.95,6.1,14.75,3.0,0.16,41.85,0.3,1.05,,,,,,65.75,3.85,102.25,0.0,0.0,15.0,,
2024-05-04 05:00:00,9.33,22.75,3.45,6.75,6.42,12.25,3.28,0.48,62.33,0.32,0.95,,,,,,66.75,3.6,104.75,0.0,0.0,15.25,,
2024-05-04 06:00:00,13.75,26.0,2.58,7.1,5.88,11.8,5.1,0.8,63.41,0.4,1.15,,,,,,67.5,3.35,134.25,0.0,0.0,34.0,,
2024-05-04 07:00:00,13.0,40.25,2.5,8.18,6.42,11.85,6.22,0.7,63.16,0.6,1.5,,,,,,67.75,3.32,110.75,0.0,0.0,100.0,,
2024-05-04 08:00:00,13.25,46.75,1.72,7.98,5.65,12.98,4.92,0.85,54.98,0.78,1.82,,,,,,67.75,3.8,105.0,0.0,0.0,169.75,,
2024-05-04 09:00:00,14.0,49.75,1.8,9.32,6.45,16.02,5.2,0.58,41.02,0.95,2.6,,,,,,66.5,3.58,121.25,0.0,0.0,194.25,,
2024-05-04 10:00:00,16.0,65.25,2.98,12.85,9.25,17.17,8.03,0.43,48.46,1.25,3.52,,,,,,66.0,3.42,122.25,0.0,0.0,298.0,,
2024-05-04 11:00:00,19.75,78.5,3.4,15.1,10.77,33.9,7.97,0.33,49.59,1.27,3.88,,,,,,65.25,4.6,163.0,0.0,0.0,335.0,,
2024-05-04 12:00:00,13.75,81.25,4.67,10.8,9.5,28.5,3.28,0.42,49.44,1.08,3.48,,,,,,65.5,5.03,174.0,0.0,0.0,346.25,,
2024-05-04 13:00:00,13.75,79.0,3.72,7.92,7.22,20.62,2.55,0.38,63.02,0.75,2.4,,,,,,66.25,5.38,187.25,0.0,0.0,319.75,,
2024-05-04 14:00:00,8.0,58.5,1.95,8.05,5.9,19.8,1.23,0.46,53.9,0.65,2.08,,,,,,65.75,5.38,183.75,0.0,0.0,274.75,,
2024-05-04 15:00:00,11.5,51.5,2.8,8.28,6.62,18.05,1.3,0.62,49.69,0.62,1.98,,,,,,66.25,5.03,178.0,0.0,0.0,202.0,,
2024-05-04 16:00:00,12.75,49.75,2.35,8.82,5.65,19.92,0.5,0.44,34.06,0.6,1.95,,,,,,64.25,5.6,160.0,0.0,0.0,91.25,,
2024-05-04 17:00:00,10.5,40.0,2.08,8.02,6.0,21.82,1.6,0.31,29.79,0.6,2.15,,,,,,65.5,5.15,177.5,0.0,0.0,23.0,,
2024-05-04 18:00:00,6.5,38.25,1.92,9.78,6.78,22.22,4.72,0.71,23.72,0.85,2.98,,,,,,64.75,4.7,188.75,0.0,0.0,15.25,,
2024-05-04 19:00:00,7.5,32.25,3.25,10.38,8.15,21.0,6.42,0.71,26.17,1.15,4.4,,,,,,64.75,4.7,192.5,0.0,0.0,15.25,,
2024-05-04 20:00:00,5.75,32.5,3.58,12.4,9.5,19.5,5.0,0.75,29.64,1.35,4.92,,,,,,65.5,3.78,187.25,0.0,0.0,15.0,,
2024-05-04 21:00:00,5.5,39.5,3.42,10.82,8.57,15.35,3.55,0.7,42.04,1.2,4.45,,,,,,66.25,4.15,155.5,0.0,0.0,15.0,,
2024-05-04 22:00:00,6.5,36.25,2.7,10.02,7.55,14.05,2.05,0.62,37.34,1.02,3.88,,,,,,66.0,3.42,166.0,0.0,0.0,15.0,,
2024-05-04 23:00:00,6.75,30.0,2.95,7.92,6.6,13.3,2.68,0.59,37.29,0.88,3.42,,,,,,67.0,3.45,147.5,0.0,0.0,15.0,,
2024-05-05 00:00:00,11.75,26.25,1.87,7.02,4.72,14.38,2.7,0.49,25.33,0.7,2.62,,,,,,66.75,3.02,155.0,0.0,0.0,15.0,,
2024-05-05 01:00:00,10.25,25.75,2.15,7.7,5.88,15.98,2.48,0.52,24.06,0.65,2.52,,,,,,66.5,3.1,158.25,0.0,0.0,15.0,,
2024-05-05 02:00:00,7.75,29.0,2.35,7.98,6.15,15.5,2.7,0.55,27.77,0.62,2.3,,,,,,65.75,3.78,133.75,0.0,0.0,15.0,,
2024-05-05 03:00:00,6.75,24.0,2.62,7.32,6.02,16.18,1.58,0.56,34.43,0.6,1.98,,,,,,66.5,3.58,156.0,0.0,0.0,15.0,,
2024-05-05 04:00:00,5.75,27.0,4.75,11.15,9.83,14.5,2.02,0.66,34.98,0.55,1.78,,,,,,66.75,3.82,154.75,0.0,0.0,15.0,,
2024-05-05 05:00:00,5.25,28.5,3.52,7.88,7.08,12.3,1.92,0.53,49.49,0.5,1.42,,,,,,67.5,4.0,136.5,0.0,0.0,15.0,,
2024-05-05 06:00:00,6.5,34.25,2.3,7.15,5.65,12.25,2.75,0.56,38.76,0.5,1.48,,,,,,66.75,3.35,120.0,0.0,0.0,39.0,,
2024-05-05 07:00:00,8.75,38.5,2.9,6.75,5.98,12.25,2.82,0.47,38.22,0.6,1.62,,,,,,68.0,4.0,129.75,0.0,0.0,109.0,,
2024-05-05 08:00:00,10.5,44.75,2.0,7.5,5.62,14.88,3.35,0.36,16.46,0.65,1.7,,,,,,66.25,4.3,117.5,0.0,0.0,185.0,,
2024-05-05 09:00:00,10.75,65.0,2.1,10.02,7.02,17.23,4.28,0.63,38.47,0.95,2.38,,,,,,66.75,4.18,118.25,0.0,0.0,258.25,,
2024-05-05 10:00:00,16.25,79.75,3.08,10.28,7.95,18.95,6.3,0.78,44.15,1.25,2.92,,,,,,65.75,4.53,146.25,0.0,0.0,316.0,,
2024-05-05 11:00:00,16.75,79.25,2.87,9.33,7.33,20.07,6.8,0.61,37.19,1.1,2.85,,,,,,66.75,5.38,156.75,0.0,0.0,349.0,,
2024-05-05 12:00:00,15.25,99.5,5.67,7.2,8.4,22.7,4.58,0.73,55.66,0.78,2.65,,,,,,65.5,6.12,185.5,0.0,0.0,335.0,,
2024-05-05 13:00:00,12.75,86.75,2.45,5.05,4.68,17.62,2.88,0.81,68.9,0.5,1.68,,,,,,65.5,6.5,185.0,0.0,0.0,297.75,,
2024-05-05 14:00:00,12.33,98.5,2.42,6.1,5.22,16.73,2.0,0.95,59.24,0.43,1.23,,,,,,65.25,6.32,191.5,0.0,0.0,274.0,,
2024-05-05 15:00:00,12.0,45.5,2.25,4.7,4.32,16.77,1.55,0.82,55.47,0.35,1.0,,,,,,65.5,6.82,197.25,0.0,0.0,200.75,,
2024-05-05 16:00:00,8.5,41.5,1.18,5.42,3.78,19.52,3.12,0.63,29.74,0.35,0.98,,,,,,65.5,6.1,204.25,0.0,0.0,118.5,,
2024-05-05 17:00:00,7.25,34.25,2.88,5.88,5.42,19.7,2.75,0.7,29.99,0.4,1.18,,,,,,64.75,5.42,207.25,0.0,0.0,38.75,,
2024-05-05 18:00:00,7.75,36.0,2.05,7.18,5.52,19.32,3.28,0.57,32.78,0.5,1.5,,,,,,64.25,5.32,196.75,0.0,0.0,15.25,,
2024-05-05 19:00:00,7.25,36.5,2.52,7.75,6.2,18.85,3.95,0.84,34.79,0.72,2.03,,,,,,64.25,4.75,200.0,0.0,0.0,15.0,,
2024-05-05 20:00:00,10.25,29.5,3.65,8.43,7.45,16.85,2.75,0.98,56.4,0.75,2.22,,,,,,65.0,4.45,205.75,0.0,0.0,15.0,,
2024-05-05 21:00:00,16.75,33.5,2.65,7.6,6.2,14.22,1.78,0.67,57.23,0.75,2.35,,,,,,66.25,4.38,175.0,0.0,0.0,15.0,,
2024-05-05 22:00:00,13.75,39.75,2.38,6.72,5.48,13.62,5.95,0.3,49.93,0.78,2.52,,,,,,66.0,4.2,189.75,0.0,0.0,15.0,,
2024-05-05 23:00:00,8.75,35.25,2.62,5.28,4.9,13.45,7.22,0.29,48.26,0.65,2.2,,,,,,66.25,3.97,167.75,0.0,0.0,15.0,,
2024-05-06 00:00:00,12.5,31.0,1.2,5.32,3.5,15.85,4.9,0.38,24.24,0.5,1.75,,,,,,65.75,3.78,166.5,0.0,0.0,15.0,,
2024-05-06 01:00:00,7.33,25.5,2.17,4.8,4.28,15.48,2.75,0.34,31.06,0.45,1.45,,,,,,65.25,4.22,163.0,0.0,0.0,15.0,,
2024-05-06 02:00:00,6.5,26.5,2.75,4.82,4.8,14.88,3.4,0.24,39.0,0.4,1.32,,,,,,65.5,3.78,147.25,0.0,0.0,15.25,,
2024-05-06 03:00:00,7.5,24.5,2.58,4.1,4.28,16.02,4.25,0.3,45.14,0.4,1.2,,,,,,65.75,3.65,153.25,0.0,0.0,16.0,,
2024-05-06 04:00:00,6.25,24.0,4.68,4.45,6.15,13.88,4.75,0.65,55.66,0.4,1.05,,,,,,66.5,3.18,179.5,0.0,0.0,16.0,,
2024-05-06 05:00:00,8.25,30.0,2.9,4.97,5.0,11.78,5.05,0.54,49.49,0.4,1.23,,,,,,67.5,2.72,217.75,0.0,0.0,16.0,,
2024-05-06 06:00:00,12.0,40.75,1.9,6.35,4.95,11.95,4.0,0.6,35.43,0.5,1.48,,,,,,68.5,3.28,186.5,0.0,0.0,37.5,,
2024-05-06 07:00:00,13.5,48.75,2.92,7.95,6.62,12.28,3.48,0.66,34.1,0.62,1.8,,,,,,68.25,3.08,175.25,0.0,0.0,109.75,,
2024-05-06 08:00:00,18.25,56.5,1.18,8.4,5.45,16.9,4.12,0.56,17.05,0.82,2.22,,,,,,66.25,3.75,160.75,0.0,0.0,183.25,,
2024-05-06 09:00:00,17.0,58.25,2.0,8.1,6.0,18.05,4.0,0.63,39.15,0.98,2.48,,,,,,66.25,4.68,170.75,0.0,0.0,257.0,,
2024-05-06 10:00:00,11.25,72.25,2.85,8.95,7.08,19.35,5.6,0.65,42.68,1.05,2.88,,,,,,65.75,4.7,156.0,0.0,0.0,312.5,,
2024-05-06 11:00:00,14.5,78.5,3.3,8.57,7.27,20.37,6.3,0.63,53.7,1.08,2.8,,,,,,65.25,5.6,171.25,0.0,0.0,345.25,,
2024-05-06 12:00:00,20.5,62.25,4.63,5.67,6.73,20.6,7.2,0.7,83.0,0.75,2.35,,,,,,66.0,5.85,168.25,0.0,0.0,345.25,,
2024-05-06 13:00:00,15.25,66.0,3.1,5.1,5.25,17.42,6.38,0.69,65.95,0.6,1.85,,,,,,65.5,6.22,189.75,0.0,0.0,330.0,,
2024-05-06 14:00:00,13.25,47.75,2.88,4.65,4.78,17.1,4.8,0.64,60.76,0.5,1.52,,,,,,65.5,5.9,169.0,0.0,0.0,277.25,,
2024-05-06 15:00:00,13.25,48.25,2.1,5.32,4.55,16.77,4.53,0.59,53.9,0.48,1.3,,,,,,65.25,5.68,186.5,0.0,0.0,207.25,,
2024-05-06 16:00:00,12.5,51.5,2.9,7.65,4.92,21.38,3.78,0.39,13.98,0.52,1.7,,,,,,64.75,5.22,211.75,0.0,0.0,124.5,,
2024-05-06 17:00:00,15.0,50.75,3.12,8.5,7.05,21.58,2.9,0.83,31.42,0.75,2.5,,,,,,64.5,4.82,203.75,0.0,0.0,38.75,,
2024-05-06 18:00:00,9.75,52.75,3.98,9.9,8.5,20.72,1.78,0.83,33.96,0.9,2.72,,,,,,64.75,4.85,200.25,0.0,0.0,15.75,,
2024-05-06 19:00:00,12.25,51.5,3.0,11.42,8.48,20.6,1.82,0.79,42.34,1.08,2.98,,,,,,65.5,3.75,234.75,0.0,0.0,15.25,,
2024-05-06 20:00:00,12.0,49.25,4.43,10.02,8.93,17.1,2.15,0.56,80.7,1.1,3.12,,,,,,65.75,3.82,210.5,0.0,0.0,15.0,,
2024-05-06 21:00:00,9.5,45.75,2.17,9.98,7.08,15.02,1.65,0.45,65.76,0.98,3.05,,,,,,66.25,3.95,202.75,0.0,0.0,15.0,,
2024-05-06 22:00:00,11.25,41.25,1.62,7.82,5.58,14.42,5.57,0.8,59.1,0.8,2.45,,,,,,65.75,3.98,188.25,0.0,0.0,15.0,,
2024-05-06 23:00:00,13.25,39.0,2.55,6.72,5.65,13.85,5.05,0.46,54.03,0.7,2.08,,,,,,66.75,3.7,184.75,0.0,0.0,15.0,,
2024-05-07 00:00:00,13.25,36.5,1.3,6.45,3.98,16.58,3.1,0.66,13.82,0.6,2.02,,,,,,66.25,3.5,186.25,0.0,0.0,15.0,,
2024-05-07 01:00:00,2.75,30.75,2.12,5.9,4.88,15.38,1.42,0.35,32.48,0.55,1.72,,,,,,65.75,4.12,172.0,0.0,0.0,15.0,,
2024-05-07 02:00:00,5.5,35.25,2.2,5.9,4.9,14.82,1.0,0.34,38.74,0.43,1.35,,,,,,66.0,4.1,142.25,0.0,0.0,15.0,,
2024-05-07 03:00:00,6.75,33.5,2.28,6.62,5.35,15.58,0.3,0.2,44.23,0.4,1.1,,,,,,66.0,4.1,150.0,0.0,0.0,15.0,,
2024-05-07 04:00:00,6.0,34.5,4.22,4.5,5.82,12.28,2.78,0.87,55.32,0.32,0.88,,,,,,66.5,3.88,153.0,0.0,0.0,15.0,,
2024-05-07 05:00:00,6.0,33.5,2.7,5.82,5.3,10.92,2.95,1.31,49.74,0.3,0.8,,,,,,67.75,2.85,184.25,0.0,0.0,15.0,,
2024-05-07 06:00:00,8.0,36.75,2.75,7.25,6.15,11.25,5.9,1.27,38.61,0.45,1.27,,,,,,68.75,2.35,205.0,0.0,0.0,35.0,,
2024-05-07 07:00:00,14.0,43.5,2.7,8.93,6.95,11.42,5.9,1.45,27.5,0.62,1.75,,,,,,68.25,3.12,169.5,0.0,0.0,103.25,,
2024-05-07 08:00:00,13.75,47.25,1.18,7.5,4.97,16.18,2.7,1.02,24.99,0.8,2.02,,,,,,66.5,4.4,152.75,0.0,0.0,179.5,,
2024-05-07 09:00:00,13.0,46.75,3.38,7.78,6.92,16.2,1.23,0.5,36.26,0.82,2.12,,,,,,66.5,3.78,157.75,0.0,0.0,244.75,,
2024-05-07 10:00:00,11.75,53.25,3.0,9.72,7.58,17.18,2.87,0.64,35.58,0.9,2.52,,,,,,65.5,4.88,168.75,0.0,0.0,320.25,,
2024-05-07 11:00:00,8.75,57.0,3.03,7.97,6.7,17.85,6.73,0.82,53.85,0.82,2.22,,,,,,65.25,5.15,166.25,0.0,0.0,301.25,,
2024-05-07 12:00:00,10.0,51.75,4.1,6.47,6.7,15.7,2.75,0.63,79.97,0.65,1.62,,,,,,66.25,6.2,190.75,0.0,0.0,371.75,,
2024-05-07 13:00:00,7.5,34.5,2.48,4.95,4.6,15.2,1.3,0.52,66.78,0.5,1.3,,,,,,66.25,5.25,204.75,0.0,0.0,327.25,,
2024-05-07 14:00:00,8.5,30.25,2.55,4.95,4.7,14.98,1.27,0.52,63.94,0.43,1.2,,,,,,67.25,4.95,199.5,0.0,0.0,289.5,,
2024-05-07 15:00:00,6.75,30.75,2.13,6.3,4.55,15.28,1.72,0.4,39.2,0.52,1.25,,,,,,66.0,4.82,197.25,0.0,0.0,217.75,,
2024-05-07 16:00:00,6.0,32.75,2.3,6.02,4.55,18.0,2.55,0.56,22.68,0.52,1.58,,,,,,64.0,4.53,194.0,0.0,0.0,134.0,,
2024-05-07 17:00:00,7.5,42.0,3.6,5.88,6.05,17.6,2.88,0.55,32.24,0.78,1.95,,,,,,64.75,4.12,162.5,0.0,0.0,38.25,,
2024-05-07 18:00:00,13.0,47.0,2.5,10.62,7.68,17.45,1.98,0.65,28.86,0.82,2.4,,,,,,65.25,2.9,156.5,0.0,0.0,16.0,,
2024-05-07 19:00:00,14.0,49.75,4.5,11.08,9.55,16.75,0.88,0.88,35.14,1.18,3.25,,,,,,64.75,2.85,162.0,0.0,0.0,15.0,,
2024-05-07 20:00:00,9.0,36.0,4.1,10.15,8.72,13.0,1.92,0.57,68.11,1.15,3.35,,,,,,66.0,3.38,174.0,0.0,0.0,15.0,,
2024-05-07 21:00:00,11.0,23.5,3.68,8.4,7.48,12.4,2.0,0.26,53.51,1.78,3.7,,,,,,66.5,3.08,174.25,0.0,0.0,15.0,,
2024-05-07 22:00:00,8.75,21.0,2.78,8.52,6.78,11.4,1.65,0.41,45.82,2.6,3.92,,,,,,66.25,3.02,169.5,0.0,0.0,15.0,,
2024-05-07 23:00:00,9.75,17.75,2.4,8.88,6.12,12.75,1.85,0.32,34.95,2.02,3.38,,,,,,66.5,3.18,175.5,0.0,0.0,15.25,,
2024-05-08 00:00:00,5.0,15.5,1.85,8.7,6.18,14.3,2.68,0.4,12.25,1.82,3.18,,,,,,66.5,2.68,178.75,0.0,0.0,15.5,,
2024-05-08 01:00:00,2.0,10.25,3.32,6.68,6.25,13.48,3.32,0.74,21.32,2.3,3.15,,,,,,66.25,1.92,176.0,0.0,0.0,15.0,,
2024-05-08 02:00:00,3.0,9.25,3.05,8.07,6.8,13.08,3.48,0.88,26.72,2.42,3.0,,,,,,66.5,0.9,170.0,0.0,0.0,15.0,,
2024-05-08 03:00:00,5.75,14.25,4.8,8.48,8.43,12.55,3.92,0.89,35.61,1.6,2.55,,,,,,66.5,1.75,290.75,0.75,0.75,15.25,,
2024-05-08 04:00:00,8.25,26.25,3.28,7.2,6.5,10.7,5.5,0.51,59.58,1.25,2.6,,,,,,67.5,2.1,270.25,1.75,1.75,16.0,,
2024-05-08 05:00:00,14.75,43.25,2.9,8.55,6.9,9.95,7.2,0.56,54.98,0.92,2.02,,,,,,68.0,1.62,268.75,0.0,0.0,15.25,,
2024-05-08 06:00:00,5.75,17.75,3.15,8.02,6.82,9.45,5.68,0.58,53.56,0.82,1.85,,,,,,68.75,1.48,278.0,0.0,0.0,48.0,,
2024-05-08 07:00:00,9.25,16.75,2.55,11.3,8.07,11.6,5.55,0.55,35.62,0.9,2.15,,,,,,68.25,0.98,144.75,0.0,0.0,112.75,,
2024-05-08 08:00:00,11.75,39.5,2.98,16.23,11.05,13.32,4.6,0.64,41.85,1.32,3.52,,,,,,68.25,2.08,103.25,0.0,0.0,222.25,,
2024-05-08 09:00:00,9.25,52.5,2.72,12.85,9.05,12.4,3.85,0.66,72.03,1.35,3.8,,,,,,67.0,2.08,88.5,0.0,0.0,312.75,,
2024-05-08 10:00:00,12.0,44.25,2.22,14.28,9.43,12.6,3.83,0.73,99.47,1.4,4.22,,,,,,67.5,2.08,147.5,0.0,0.0,214.5,,
2024-05-08 11:00:00,11.0,53.0,3.43,15.87,11.27,13.6,7.33,0.77,95.4,1.5,4.32,,,,,,66.75,2.15,164.75,0.0,0.0,192.25,,
2024-05-08 12:00:00,16.25,56.75,3.17,11.37,8.63,13.13,3.28,0.66,83.64,1.2,3.8,,,,,,68.75,1.98,174.25,0.0,0.0,378.25,,
2024-05-08 13:00:00,13.25,48.75,2.58,9.43,7.08,12.12,3.2,0.64,94.92,1.4,4.32,,,,,,68.25,2.68,179.75,0.0,0.0,342.0,,
2024-05-08 14:00:00,10.25,40.75,2.82,7.75,6.42,12.25,2.82,0.55,74.87,1.48,3.52,,,,,,67.75,3.3,168.25,0.0,0.0,316.75,,
2024-05-08 15:00:00,8.33,26.0,1.47,6.32,4.2,13.68,3.28,0.43,23.33,0.92,2.5,,,,,,66.75,3.02,167.25,0.0,0.0,145.5,,
2024-05-08 16:00:00,9.0,19.25,1.5,7.42,5.18,14.32,5.85,0.48,35.28,0.88,4.0,,,,,,66.5,3.12,169.0,0.0,0.0,73.0,,
2024-05-08 17:00:00,9.75,19.5,3.32,7.92,6.95,13.22,5.58,0.49,32.48,0.72,4.22,,,,,,65.25,2.2,186.75,0.0,0.0,59.75,,
2024-05-08 18:00:00,11.0,27.25,3.97,10.23,8.72,13.62,5.32,0.49,24.6,0.82,5.55,,,,,,66.0,2.17,178.25,0.0,0.0,16.5,,
2024-05-08 19:00:00,6.75,24.25,5.05,10.12,9.48,12.5,4.32,0.61,37.97,0.85,5.2,,,,,,65.5,2.55,166.75,0.0,0.0,15.0,,
2024-05-08 20:00:00,2.75,11.75,4.28,9.05,8.3,10.52,2.17,0.4,42.38,0.72,3.8,,,,,,67.75,2.8,182.25,0.0,0.0,15.0,,
2024-05-08 21:00:00,2.0,8.0,3.48,11.55,8.95,10.3,1.9,0.4,30.48,0.8,3.55,,,,,,67.5,2.68,164.5,0.0,0.0,15.0,,
2024-05-08 22:00:00,5.0,7.0,3.72,10.58,8.68,10.5,2.02,0.4,42.28,0.78,3.15,,,,,,68.25,2.2,188.5,0.0,0.0,15.25,,
2024-05-08 23:00:00,4.0,6.5,1.52,8.28,5.68,12.9,2.05,0.26,,0.7,2.75,,,,,,67.5,2.58,196.25,0.0,0.0,15.5,,
2024-05-09 00:00:00,1.0,5.0,2.5,8.52,6.55,13.55,3.25,0.7,12.67,0.6,2.3,,,,,,67.0,2.12,167.75,0.0,0.0,15.0,,
2024-05-09 01:00:00,6.0,9.0,3.8,12.78,9.93,12.95,2.48,0.72,17.49,0.5,1.88,,,,,,68.25,1.85,152.5,0.0,0.0,15.0,,
2024-05-09 02:00:00,5.75,8.75,7.1,17.77,15.2,14.0,2.75,0.76,16.79,0.4,1.62,,,,,,67.5,1.78,142.25,0.0,0.0,15.0,,
2024-05-09 03:00:00,4.25,7.25,6.38,8.62,9.75,11.72,1.9,0.6,69.51,0.38,1.38,,,,,,68.75,1.6,139.25,0.0,0.0,15.0,,
2024-05-09 04:00:00,2.0,4.5,3.4,12.5,9.35,9.22,3.8,0.45,31.46,0.3,1.2,,,,,,68.5,1.55,149.75,0.0,0.0,15.0,,
2024-05-09 05:00:00,2.0,5.75,6.6,15.75,13.7,8.93,4.12,0.66,16.46,0.32,1.23,,,,,,69.5,0.95,190.5,0.0,0.0,15.5,,
2024-05-09 06:00:00,2.0,13.5,5.12,10.32,9.62,8.78,4.32,0.52,11.27,0.48,1.7,,,,,,69.25,0.82,111.25,0.0,0.0,65.0,,
2024-05-09 07:00:00,5.5,22.75,3.5,11.78,9.07,13.8,1.83,0.57,,0.72,2.45,,,,,,68.75,1.05,221.5,0.0,0.0,88.0,,
2024-05-09 08:00:00,16.25,55.0,5.1,12.75,10.92,15.1,2.33,0.6,14.7,1.25,4.27,,,,,,68.25,0.82,192.5,0.0,0.0,127.5,,
2024-05-09 09:00:00,14.5,50.25,4.38,12.12,10.02,14.85,2.95,0.61,21.17,1.42,4.68,,,,,,67.25,1.55,146.75,0.0,0.0,230.5,,
2024-05-09 10:00:00,6.5,35.75,3.2,8.82,7.28,15.78,3.0,0.61,24.55,1.15,3.92,,,,,,67.0,2.6,159.5,0.0,0.0,376.75,,
2024-05-09 11:00:00,4.0,31.67,3.8,7.77,7.2,16.3,2.6,0.59,36.07,1.07,4.43,,,,,,66.67,2.93,150.67,0.0,0.0,396.0,,
2024-05-09 12:00:00,2.25,24.25,4.68,7.88,7.95,16.32,2.88,0.42,27.64,0.9,5.0,,,,,,67.5,2.9,155.75,0.0,0.0,403.5,,
2024-05-09 13:00:00,3.5,21.5,2.92,7.43,6.35,15.98,2.9,0.4,25.97,0.95,6.1,,,,,,67.0,3.25,168.25,0.0,0.0,285.0,,
2024-05-09 14:00:00,5.0,18.25,3.45,6.92,6.45,16.85,2.75,0.3,35.18,0.95,5.92,,,,,,65.75,3.4,156.5,0.0,0.0,330.0,,
2024-05-09 15:00:00,5.0,13.25,5.5,5.28,7.28,14.6,2.42,0.32,62.38,0.65,3.7,,,,,,65.25,3.18,164.25,0.0,0.0,178.75,,
2024-05-09 16:00:00,5.0,16.25,4.12,6.62,6.8,12.68,4.6,0.61,57.28,0.52,4.08,,,,,,66.5,3.28,174.5,0.0,0.0,82.75,,
2024-05-09 17:00:00,6.0,22.75,3.92,6.68,6.75,12.05,5.4,0.78,66.74,0.52,5.15,,,,,,66.75,2.95,169.0,0.0,0.0,45.0,,
2024-05-09 18:00:00,8.75,21.5,3.5,8.32,7.25,10.88,2.4,0.61,48.71,0.68,5.88,,,,,,66.75,2.9,177.5,0.0,0.0,15.75,,
2024-05-09 19:00:00,8.25,20.0,3.75,10.58,8.68,9.85,2.15,0.75,41.94,0.82,5.18,,,,,,67.25,2.58,172.5,0.0,0.0,15.0,,
2024-05-09 20:00:00,8.0,19.75,3.42,11.38,8.85,9.82,2.62,0.48,43.12,0.9,4.6,,,,,,67.25,2.72,160.5,0.0,0.0,15.0,,
2024-05-09 21:00:00,5.0,17.0,3.25,7.9,6.85,9.45,4.08,0.54,41.11,0.75,3.78,,,,,,66.75,2.95,171.75,0.0,0.0,15.0,,
2024-05-09 22:00:00,4.5,11.25,2.7,7.08,6.02,9.1,3.52,0.47,40.51,0.65,3.02,,,,,,66.75,2.72,166.75,0.0,0.0,15.25,,
2024-05-09 23:00:00,2.5,11.25,1.5,8.72,5.58,11.7,2.62,0.7,7.74,0.57,2.72,,,,,,67.0,2.6,177.0,0.0,0.0,15.5,,
2024-05-10 00:00:00,1.25,8.0,2.88,12.42,8.95,12.35,1.13,0.74,18.86,0.45,2.17,,,,,,66.5,2.52,191.75,0.0,0.0,15.0,,
2024-05-10 01:00:00,2.0,5.0,2.6,7.25,5.92,11.78,0.73,0.88,29.45,0.4,1.88,,,,,,67.0,2.3,162.5,0.0,0.0,15.0,,
2024-05-10 02:00:00,,2.0,3.15,6.68,6.1,11.6,6.3,0.82,31.62,0.35,1.7,,,,,,66.75,2.25,173.5,0.0,0.0,15.0,,
2024-05-10 03:00:00,1.0,3.75,3.22,7.18,6.48,13.15,9.38,0.84,32.02,0.35,1.7,,,,,,66.5,1.58,187.5,0.0,0.0,15.0,,
2024-05-10 04:00:00,1.0,8.75,3.62,8.07,7.22,12.7,4.97,0.8,29.5,0.4,1.82,,,,,,67.5,1.8,193.25,0.0,0.0,15.0,,
2024-05-10 05:00:00,1.25,8.0,2.68,11.05,8.05,12.22,4.0,0.98,27.24,0.4,1.85,,,,,,67.25,1.78,177.0,0.0,0.0,15.5,,
2024-05-10 06:00:00,3.5,13.5,5.68,16.92,13.62,13.08,5.03,0.58,23.72,0.68,2.85,,,,,,67.5,1.55,210.25,0.0,0.0,60.0,,
2024-05-10 07:00:00,7.25,29.5,6.4,12.38,11.78,10.32,4.6,0.6,49.54,0.78,2.95,,,,,,69.0,1.8,171.5,0.0,0.0,124.25,,
2024-05-10 08:00:00,5.5,24.5,4.32,9.72,8.68,9.38,2.88,0.57,39.25,0.82,2.8,,,,,,68.5,2.1,159.75,0.0,0.0,183.25,,
2024-05-10 09:00:00,7.25,17.5,3.2,9.2,7.5,9.22,2.95,0.76,46.64,0.8,2.68,,,,,,68.25,2.5,138.75,0.0,0.0,294.0,,
2024-05-10 10:00:00,9.25,32.0,3.18,8.5,7.15,11.52,5.07,0.6,48.66,0.95,2.68,,,,,,68.25,2.9,153.0,0.0,0.0,401.5,,
2024-05-10 11:00:00,12.0,39.75,3.97,9.43,8.27,12.4,9.4,0.66,42.73,1.0,2.85,,,,,,67.25,3.48,148.75,0.0,0.0,417.75,,
2024-05-10 12:00:00,10.25,35.0,4.07,8.27,7.67,13.83,7.02,0.8,41.11,0.8,3.32,,,,,,67.25,3.52,159.25,0.0,0.0,418.25,,
2024-05-10 13:00:00,12.5,53.25,3.72,8.8,7.72,12.3,4.65,0.64,31.22,0.98,3.12,,,,,,66.25,3.68,164.0,0.0,0.0,388.5,,
2024-05-10 14:00:00,7.75,30.5,2.35,7.05,5.65,12.18,3.88,0.63,26.51,0.82,2.82,,,,,,66.0,4.18,172.0,0.0,0.0,333.75,,
2024-05-10 15:00:00,5.75,13.5,2.28,4.65,4.35,13.58,3.48,0.32,23.86,0.65,2.92,,,,,,65.0,4.0,179.25,0.0,0.0,255.0,,
2024-05-10 16:00:00,2.0,16.0,3.6,6.05,6.18,13.55,4.85,0.4,27.54,0.6,3.12,,,,,,65.5,3.7,171.75,0.0,0.0,161.5,,
2024-05-10 17:00:00,5.0,27.0,2.9,7.75,6.55,14.35,4.55,0.49,32.58,0.68,3.42,,,,,,65.5,3.28,183.25,0.0,0.0,41.25,,
2024-05-10 18:00:00,5.0,26.25,3.2,9.15,7.45,15.55,3.95,0.52,29.5,0.7,5.35,,,,,,65.5,3.08,178.0,0.0,0.0,15.75,,
2024-05-10 19:00:00,4.5,29.0,3.4,10.82,8.52,15.38,3.8,0.54,28.13,1.23,5.68,,,,,,65.5,3.0,175.25,0.0,0.0,15.0,,
2024-05-10 20:00:00,4.25,17.75,2.98,9.98,7.7,15.12,4.2,0.5,28.08,1.08,4.55,,,,,,65.25,3.05,172.25,0.0,0.0,15.0,,
2024-05-10 21:00:00,7.75,18.0,2.6,10.2,7.55,14.62,4.68,0.63,28.91,0.9,3.7,,,,,,66.25,2.7,190.25,0.0,0.0,15.0,,
2024-05-10 22:00:00,7.0,12.0,3.8,9.93,8.38,13.85,5.12,0.55,36.99,0.78,3.1,,,,,,66.25,2.95,229.25,0.0,0.0,15.0,,
2024-05-10 23:00:00,,,3.48,6.52,6.32,11.12,6.15,0.38,57.28,0.52,2.05,,,,,,67.25,3.1,229.0,0.0,0.0,15.0,,
2024-05-11 00:00:00,,,2.17,6.1,5.03,10.62,4.12,0.48,46.01,0.4,1.48,,,,,,67.25,2.7,241.75,0.0,0.0,15.0,,
2024-05-11 01:00:00,,,2.62,4.55,4.58,10.35,2.62,0.42,43.46,0.3,1.32,,,,,,67.5,2.45,223.5,0.0,0.0,15.0,,
2024-05-11 02:00:00,5.0,9.0,3.02,5.78,5.52,9.48,4.47,0.56,38.55,0.3,1.23,,,,,,67.75,1.82,219.75,0.0,0.0,15.0,,
2024-05-11 03:00:00,5.25,8.5,2.15,7.8,5.92,9.88,5.25,0.43,64.35,0.3,1.4,,,,,,68.5,1.68,205.75,0.0,0.0,15.0,,
2024-05-11 04:00:00,5.25,7.0,2.95,10.25,7.85,9.22,5.35,0.23,34.25,0.3,1.3,,,,,,67.75,1.8,226.25,0.0,0.0,15.0,,
2024-05-11 05:00:00,2.75,8.5,2.98,6.62,5.92,8.68,5.22,0.56,31.41,0.3,1.2,,,,,,68.25,1.65,212.75,0.0,0.0,16.75,,
2024-05-11 06:00:00,4.0,12.0,2.4,7.8,6.1,10.1,4.38,0.45,28.03,0.38,1.68,,,,,,68.25,1.78,191.0,0.0,0.0,49.5,,
2024-05-11 07:00:00,7.25,8.75,2.78,7.75,6.32,12.18,4.72,0.63,17.25,0.5,1.98,,,,,,66.75,2.38,185.5,0.0,0.0,137.75,,
2024-05-11 08:00:00,5.0,6.75,2.68,6.45,5.62,12.22,3.32,0.55,31.41,0.52,1.55,,,,,,67.25,3.12,176.25,0.0,0.0,199.25,,
2024-05-11 09:00:00,3.0,5.75,2.3,6.22,5.2,12.8,2.25,0.63,33.86,0.52,1.52,,,,,,67.0,3.08,178.75,0.0,0.0,312.5,,
2024-05-11 10:00:00,3.75,15.25,2.6,5.82,5.2,16.65,1.73,0.66,37.04,0.6,2.12,,,,,,66.25,3.1,175.25,0.0,0.0,362.5,,
2024-05-11 11:00:00,5.75,20.25,3.43,5.53,5.73,18.95,1.9,0.68,35.97,0.78,3.0,,,,,,66.0,3.68,177.5,0.0,0.0,419.75,,
2024-05-11 12:00:00,5.5,24.0,2.8,5.93,5.43,21.03,3.32,0.64,40.38,0.72,2.42,,,,,,66.0,4.28,178.0,0.0,0.0,422.5,,
2024-05-11 13:00:00,6.5,20.0,4.3,5.1,6.15,16.8,6.15,0.66,33.32,0.7,2.45,,,,,,65.5,5.05,196.0,0.0,0.0,394.0,,
2024-05-11 14:00:00,6.0,14.75,4.0,5.78,6.3,14.32,5.5,0.62,66.05,0.6,1.98,,,,,,65.5,4.12,184.0,0.0,0.0,342.25,,
2024-05-11 15:00:00,6.75,14.5,3.02,5.92,5.55,12.92,4.72,0.49,63.41,0.6,1.88,,,,,,66.0,3.78,186.5,0.0,0.0,259.75,,
2024-05-11 16:00:00,8.25,23.75,3.05,4.3,4.8,12.68,3.32,0.3,52.28,0.72,2.52,,,,,,66.25,3.52,185.5,0.0,0.0,162.75,,
2024-05-11 17:00:00,6.0,19.0,2.42,5.22,4.75,12.12,3.8,0.42,40.72,0.55,3.1,,,,,,65.75,3.52,185.0,0.0,0.0,25.0,,
2024-05-11 18:00:00,6.0,15.5,3.55,7.93,7.08,11.45,3.6,0.4,45.42,0.5,2.62,,,,,,67.25,2.95,193.0,0.0,0.0,15.0,,
2024-05-11 19:00:00,6.75,14.75,2.95,9.55,7.45,11.82,3.4,0.7,46.06,0.6,2.68,,,,,,66.5,3.02,198.75,0.0,0.0,15.0,,
2024-05-11 20:00:00,8.5,17.0,2.62,9.68,7.25,12.2,7.85,0.64,43.81,0.7,2.8,,,,,,66.75,2.92,199.75,0.0,0.0,15.0,,
2024-05-11 21:00:00,6.0,15.75,3.28,9.25,7.6,12.05,9.28,0.46,38.66,0.7,2.78,,,,,,67.0,3.05,208.75,0.0,0.0,15.0,,
2024-05-11 22:00:00,2.5,12.0,0.78,10.12,6.0,14.55,4.53,0.44,8.72,0.7,2.68,,,,,,65.75,2.9,186.0,0.0,0.0,15.0,,
2024-05-11 23:00:00,1.0,10.5,2.68,8.68,6.82,14.0,2.88,0.28,15.48,0.65,2.5,,,,,,66.75,3.0,193.75,0.0,0.0,15.0,,
2024-05-12 00:00:00,1.0,4.75,2.92,6.45,5.85,13.02,5.45,0.82,21.32,0.48,1.9,,,,,,65.25,3.05,193.75,0.0,0.0,15.0,,
2024-05-12 01:00:00,,1.0,2.6,5.48,5.0,12.95,5.85,0.87,26.46,0.4,1.55,,,,,,66.25,2.55,201.5,0.0,0.0,15.0,,
2024-05-12 02:00:00,,,2.42,6.2,5.28,13.42,3.52,0.86,28.16,0.4,1.38,,,,,,67.25,1.98,202.25,0.0,0.0,15.0,,
2024-05-12 03:00:00,,2.0,2.88,8.0,6.6,14.6,3.15,1.16,29.79,0.3,1.42,,,,,,67.25,1.95,178.0,0.25,0.25,15.5,,
2024-05-12 04:00:00,,2.0,3.22,8.07,6.9,14.08,2.92,1.19,22.64,0.38,1.72,,,,,,67.25,1.58,217.5,0.0,0.0,16.0,,
2024-05-12 05:00:00,5.0,,4.0,9.55,8.32,13.42,1.0,1.21,21.37,0.52,2.2,,,,,,67.0,1.0,224.25,0.0,0.0,16.0,,
2024-05-12 06:00:00,5.0,9.0,6.72,9.93,10.72,12.12,5.65,0.64,42.87,0.6,2.65,,,,,,68.25,1.35,242.0,0.0,0.0,56.75,,
2024-05-12 07:00:00,5.25,9.5,5.2,7.38,8.12,10.75,6.7,0.45,36.02,0.62,2.75,,,,,,68.0,2.08,173.25,0.0,0.0,129.25,,
2024-05-12 08:00:00,6.0,10.25,3.9,6.38,6.58,10.68,3.48,0.18,32.68,0.55,2.25,,,,,,68.25,2.33,137.5,0.0,0.0,210.25,,
2024-05-12 09:00:00,5.75,10.5,3.58,7.88,7.12,11.08,2.75,0.54,33.27,0.65,2.4,,,,,,68.25,2.38,137.75,0.0,0.0,147.5,,
2024-05-12 10:00:00,5.0,17.0,3.12,7.18,6.38,11.88,1.73,0.39,40.77,0.65,2.33,,,,,,68.5,3.1,164.5,0.0,0.0,404.0,,
2024-05-12 11:00:00,5.25,13.25,2.5,6.47,5.47,12.65,3.4,0.32,31.6,0.52,2.02,,,,,,67.75,3.58,167.0,0.0,0.0,416.25,,
2024-05-12 12:00:00,6.25,13.75,2.43,5.4,4.9,14.63,2.62,0.22,37.29,0.43,2.02,,,,,,67.25,3.5,166.5,0.0,0.0,420.25,,
2024-05-12 13:00:00,7.0,19.5,3.18,4.95,5.2,11.75,3.28,0.22,30.28,0.4,2.0,,,,,,66.25,3.97,164.75,0.0,0.0,396.75,,
2024-05-12 14:00:00,6.75,11.25,1.88,5.02,4.2,14.28,1.1,0.35,15.73,0.4,1.92,,,,,,65.5,3.75,167.5,0.0,0.0,345.25,,
2024-05-12 15:00:00,6.0,9.0,3.72,5.55,6.02,14.15,,0.41,23.62,0.4,1.78,,,,,,66.25,3.45,165.25,0.0,0.0,266.0,,
2024-05-12 16:00:00,6.0,9.0,3.6,6.25,6.25,14.52,0.83,0.34,21.46,0.4,1.6,,,,,,65.5,3.25,166.5,0.0,0.0,142.25,,
2024-05-12 17:00:00,3.0,17.0,4.12,7.4,7.25,14.62,1.18,0.25,21.56,0.4,1.7,,,,,,66.0,2.78,169.75,0.0,0.0,35.0,,
2024-05-12 18:00:00,4.25,16.75,3.88,7.4,7.08,14.95,2.3,0.61,20.68,0.45,1.92,,,,,,65.0,2.92,157.0,0.0,0.0,15.25,,
2024-05-12 19:00:00,7.75,15.5,3.32,9.95,7.98,15.27,2.75,0.48,18.82,0.6,1.9,,,,,,65.25,2.75,158.25,0.0,0.0,15.0,,
2024-05-12 20:00:00,6.5,15.0,3.72,7.78,7.18,15.55,3.8,0.56,19.6,0.6,2.02,,,,,,65.0,2.65,152.75,0.0,0.0,15.0,,
2024-05-12 21:00:00,5.0,15.0,4.2,7.4,7.32,14.9,4.0,0.78,22.88,0.55,2.0,,,,,,66.25,2.52,163.75,0.0,0.0,15.0,,
2024-05-12 22:00:00,4.5,7.25,4.9,7.12,7.8,12.05,2.6,0.64,47.68,0.43,1.58,,,,,,66.25,2.62,187.0,0.0,0.0,15.0,,
2024-05-12 23:00:00,3.0,11.0,3.75,4.88,5.62,12.02,,0.68,35.92,0.4,1.48,,,,,,67.25,2.45,179.5,0.0,0.0,15.0,,
2024-05-13 00:00:00,6.0,12.0,3.08,5.38,5.32,11.52,2.28,0.54,26.66,0.3,1.18,,,,,,67.25,1.95,197.25,0.0,0.0,15.0,,
2024-05-13 01:00:00,6.0,12.0,3.5,4.28,5.15,11.12,4.7,0.44,29.69,0.3,1.1,,,,,,67.25,1.98,194.5,0.0,0.0,15.0,,
2024-05-13 02:00:00,,,3.05,4.65,4.97,10.78,5.45,0.19,29.66,0.25,0.98,,,,,,68.5,1.98,194.25,0.0,0.0,15.0,,
2024-05-13 03:00:00,,,2.78,4.22,4.5,11.18,6.02,0.38,56.84,0.22,1.02,,,,,,68.5,1.1,170.75,0.0,0.0,15.0,,
2024-05-13 04:00:00,2.0,3.0,3.95,4.1,5.4,10.48,4.6,0.45,29.69,0.3,1.2,,,,,,69.5,1.18,108.0,0.0,0.0,15.0,,
2024-05-13 05:00:00,2.75,4.5,3.68,7.45,6.95,11.18,3.65,0.4,17.93,0.4,1.72,,,,,,68.5,0.88,91.0,0.0,0.0,15.0,,
2024-05-13 06:00:00,5.5,13.0,5.0,9.18,8.93,13.25,4.58,0.55,4.12,0.92,3.12,,,,,,68.75,0.82,146.75,0.0,0.0,49.5,,
2024-05-13 07:00:00,6.75,26.25,6.5,9.5,10.35,13.48,6.78,0.66,12.45,1.05,3.6,,,,,,68.5,1.0,220.75,0.0,0.0,112.75,,
2024-05-13 08:00:00,6.0,29.5,6.18,8.98,9.82,13.45,6.82,0.66,20.38,1.1,4.15,,,,,,67.5,1.18,248.5,0.0,0.0,179.0,,
2024-05-13 09:00:00,6.5,28.5,4.7,7.78,7.95,13.62,6.62,0.72,21.95,1.08,3.85,,,,,,66.5,1.5,266.5,0.0,0.0,222.5,,
2024-05-13 10:00:00,8.0,33.5,3.12,9.82,7.78,15.2,5.65,0.42,35.23,1.02,3.45,,,,,,67.75,1.23,273.25,0.0,0.0,240.25,,
2024-05-13 11:00:00,9.0,41.25,3.43,8.37,7.27,16.73,6.85,0.6,38.56,1.2,4.2,,,,,,66.5,2.9,197.5,0.0,0.0,406.0,,
2024-05-13 12:00:00,12.25,34.5,2.5,8.57,6.6,21.37,6.3,0.79,42.24,0.98,3.68,,,,,,66.0,3.0,188.75,0.0,0.0,385.0,,
2024-05-13 13:00:00,11.5,39.0,4.32,5.2,6.3,16.48,5.7,0.52,56.6,0.75,3.53,,,,,,65.25,3.4,215.5,0.0,0.0,394.25,,
2024-05-13 14:00:00,7.5,36.75,3.12,5.07,5.2,14.4,3.08,0.74,70.12,0.55,2.85,,,,,,65.5,3.52,213.75,0.0,0.0,339.0,,
2024-05-13 15:00:00,8.75,29.75,3.22,3.8,4.65,14.72,1.6,0.63,62.08,0.5,2.38,,,,,,66.0,3.32,218.0,0.0,0.0,253.0,,
2024-05-13 16:00:00,8.0,28.75,2.1,4.28,3.95,13.98,0.75,0.73,45.08,0.43,2.22,,,,,,66.5,3.2,214.5,0.0,0.0,138.25,,
2024-05-13 17:00:00,7.25,29.5,3.5,5.05,5.52,12.88,0.6,0.78,35.82,0.4,2.1,,,,,,66.25,3.1,217.5,0.0,0.0,45.25,,
2024-05-13 18:00:00,5.0,36.75,4.1,4.65,5.8,12.25,0.97,0.81,37.93,0.45,2.38,,,,,,66.5,2.45,218.75,0.0,0.0,16.5,,
2024-05-13 19:00:00,5.75,38.75,4.28,4.88,6.1,11.35,0.97,0.85,30.38,0.55,3.02,,,,,,67.5,2.3,214.5,0.0,0.0,15.0,,
2024-05-13 20:00:00,8.25,21.75,4.12,5.6,6.32,11.6,2.88,0.56,34.06,0.57,2.8,,,,,,66.25,2.12,210.25,0.0,0.0,15.0,,
2024-05-13 21:00:00,8.75,25.75,3.1,6.65,6.05,13.7,3.15,0.47,50.18,0.72,2.85,,,,,,66.25,1.72,195.0,0.0,0.0,15.0,,
2024-05-13 22:00:00,7.75,20.0,4.2,5.57,6.42,14.58,1.45,0.57,7.84,0.9,3.02,,,,,,66.5,1.78,201.0,0.0,0.0,15.0,,
2024-05-13 23:00:00,5.75,13.25,5.1,6.25,7.48,13.55,,0.61,12.15,0.75,2.8,,,,,,66.75,1.98,184.5,0.0,0.0,15.0,,
2024-05-14 00:00:00,2.0,11.0,4.97,6.82,7.7,13.55,2.97,0.54,14.8,0.57,2.25,,,,,,67.0,1.38,158.75,0.0,0.0,15.0,,
2024-05-14 01:00:00,2.25,10.25,4.43,6.88,7.25,13.42,3.95,0.49,18.08,0.45,1.88,,,,,,67.0,1.32,156.25,0.0,0.0,15.0,,
2024-05-14 02:00:00,4.0,9.25,4.68,8.18,8.15,13.98,3.7,0.54,15.74,0.4,1.6,,,,,,67.0,1.08,148.5,0.0,0.0,15.0,,
2024-05-14 03:00:00,7.25,13.75,4.5,6.02,6.82,14.6,2.65,0.57,24.5,0.38,1.62,,,,,,68.0,0.55,176.33,0.0,0.0,15.0,,
2024-05-14 04:00:00,7.25,20.25,5.42,5.58,7.35,14.02,5.98,0.59,20.09,0.4,1.55,,,,,,68.5,0.3,67.75,0.0,0.0,15.0,,
2024-05-14 05:00:00,7.25,36.0,8.95,8.07,11.6,13.1,7.98,0.59,36.85,0.4,1.72,,,,,,68.0,0.7,200.5,0.0,0.0,15.25,,
2024-05-14 06:00:00,18.75,61.25,14.92,11.42,18.18,18.82,5.18,0.77,32.05,1.23,3.88,,,,,,69.0,0.65,307.75,0.0,0.0,34.5,,
2024-05-14 07:00:00,31.0,104.0,13.02,13.05,17.6,18.35,4.0,0.78,21.12,1.5,4.15,,,,,,69.25,0.88,275.75,0.0,0.0,105.0,,
2024-05-14 08:00:00,20.75,70.5,7.92,5.7,9.48,12.15,4.68,0.65,22.24,1.3,3.7,,,,,,69.0,1.78,192.75,0.0,0.0,182.75,,
2024-05-14 09:00:00,10.0,25.25,5.85,5.7,7.8,11.88,4.65,0.64,25.18,0.98,2.98,,,,,,69.25,1.98,187.0,0.0,0.0,323.5,,
2024-05-14 10:00:00,14.75,30.25,4.47,4.85,6.2,12.75,2.7,0.59,27.2,0.82,2.58,,,,,,67.0,2.38,206.0,0.0,0.0,396.75,,
2024-05-14 11:00:00,11.5,31.75,3.47,4.47,5.13,13.83,5.4,0.55,22.2,0.62,2.2,,,,,,67.0,3.22,204.25,0.0,0.0,387.25,,
2024-05-14 12:00:00,13.25,26.25,2.87,3.4,4.1,15.07,3.55,0.52,28.96,0.52,1.92,,,,,,66.75,3.18,203.0,0.0,0.0,407.5,,
2024-05-14 13:00:00,12.75,30.25,1.17,4.03,2.78,14.42,2.5,0.4,8.33,0.45,2.12,,,,,,66.25,3.48,204.25,0.0,0.0,386.75,,
2024-05-14 14:00:00,8.0,28.75,2.62,4.32,4.45,14.28,4.78,0.45,17.44,0.4,1.9,,,,,,65.0,3.1,218.25,0.0,0.0,204.75,,
2024-05-14 15:00:00,4.25,22.0,3.38,4.5,5.15,14.75,5.7,0.4,17.79,0.4,1.9,,,,,,65.5,2.88,218.25,0.0,0.0,134.5,,
2024-05-14 16:00:00,2.75,25.0,4.0,4.28,5.48,15.6,5.45,0.36,19.31,0.52,2.78,,,,,,65.75,2.88,212.5,0.0,0.0,94.5,,
2024-05-14 17:00:00,5.75,35.25,3.65,5.78,6.08,16.05,3.75,0.51,18.82,0.57,3.3,,,,,,65.75,2.35,213.5,0.0,0.0,31.5,,
2024-05-14 18:00:00,7.25,37.0,4.35,6.02,6.72,15.8,1.8,0.57,18.91,0.95,3.9,,,,,,66.0,2.48,196.0,0.0,0.0,15.25,,
2024-05-14 19:00:00,4.5,30.25,4.25,6.4,6.88,15.35,,0.56,18.96,1.08,4.85,,,,,,66.5,2.22,199.25,0.0,0.0,15.0,,
2024-05-14 20:00:00,3.5,25.25,3.7,6.62,6.55,14.95,2.17,0.6,20.19,0.9,3.98,,,,,,67.25,2.12,193.0,0.0,0.0,15.0,,
2024-05-14 21:00:00,5.25,16.25,5.75,6.28,8.05,12.6,3.88,0.63,42.88,0.72,3.32,,,,,,67.5,2.28,186.25,0.0,0.0,15.0,,
2024-05-14 22:00:00,6.0,14.0,3.32,5.6,5.6,11.45,3.28,0.61,39.2,0.57,2.62,,,,,,66.25,1.85,187.5,0.0,0.0,15.0,,
2024-05-14 23:00:00,,,3.5,4.65,5.38,11.42,4.12,0.57,32.88,0.45,2.0,,,,,,67.25,2.15,201.0,0.0,0.0,15.0,,
2024-05-15 00:00:00,5.0,6.0,3.75,3.52,4.92,11.02,6.1,0.48,31.56,0.38,1.52,,,,,,68.0,2.72,212.5,0.0,0.0,15.25,,
2024-05-15 01:00:00,4.25,6.25,5.8,19.7,15.2,12.45,6.95,0.43,30.77,0.3,1.2,,,,,,69.0,1.2,119.5,0.0,0.0,16.0,,
2024-05-15 02:00:00,2.75,6.75,5.5,10.0,9.8,11.68,5.88,0.36,23.32,0.35,1.5,,,,,,67.75,1.68,230.75,0.0,0.0,16.0,,
2024-05-15 03:00:00,4.5,7.25,8.55,30.98,23.42,14.23,5.2,0.36,48.74,0.35,1.55,,,,,,68.5,1.08,286.0,0.0,0.0,16.0,,
2024-05-15 04:00:00,3.0,11.0,11.42,35.67,28.35,14.77,3.78,0.29,25.18,0.45,1.92,,,,,,69.0,1.02,178.5,0.0,0.0,15.75,,
2024-05-15 05:00:00,5.0,25.0,7.05,15.42,13.95,14.78,2.95,0.57,3.33,0.68,3.05,,,,,,68.75,0.88,54.75,0.0,0.0,16.0,,
2024-05-15 06:00:00,4.0,25.75,10.4,14.55,16.2,14.18,3.72,0.71,10.44,1.12,4.22,,,,,,68.5,0.68,232.75,0.0,0.0,33.25,,
2024-05-15 07:00:00,3.5,26.0,10.18,12.62,15.05,13.3,4.97,0.71,16.9,1.15,4.25,,,,,,68.75,0.75,197.0,0.0,0.0,91.0,,
2024-05-15 08:00:00,10.0,20.75,8.98,10.75,13.0,13.02,3.2,0.55,20.73,1.23,4.4,,,,,,67.75,0.85,196.25,0.0,0.0,160.75,,
2024-05-15 09:00:00,7.0,23.25,6.38,10.0,10.5,13.3,2.35,0.87,24.6,1.18,4.22,,,,,,68.75,0.92,185.25,0.0,0.0,172.75,,
2024-05-15 10:00:00,9.5,28.25,5.4,11.95,10.75,15.25,3.3,1.0,32.98,1.18,4.12,,,,,,68.0,0.78,196.75,0.0,0.0,162.0,,
2024-05-15 11:00:00,19.0,59.25,7.2,18.4,15.67,17.37,8.03,0.88,32.39,1.18,4.35,,,,,,66.5,1.8,221.25,0.0,0.0,206.25,,
2024-05-15 12:00:00,24.33,108.0,8.85,15.25,15.35,19.25,7.0,0.7,35.67,1.1,4.13,,,,,,68.0,2.8,210.33,0.0,0.0,212.0,,
2024-05-15 13:00:00,21.75,79.75,7.12,10.38,11.35,14.02,5.2,0.78,66.54,0.75,3.12,,,,,,68.75,2.5,234.25,0.0,0.0,204.0,,
2024-05-15 14:00:00,16.5,32.75,3.3,7.02,6.4,13.55,4.1,0.57,62.77,0.62,3.0,,,,,,68.0,2.72,241.25,0.0,0.0,312.25,,
2024-05-15 15:00:00,11.75,39.75,2.8,5.8,5.32,14.65,4.75,0.59,65.07,0.57,2.7,,,,,,67.25,3.3,239.0,0.0,0.0,243.75,,
2024-05-15 16:00:00,10.25,40.5,2.98,5.12,5.18,13.38,6.5,0.54,41.65,0.43,2.18,,,,,,68.0,3.02,231.75,0.0,0.0,119.5,,
2024-05-15 17:00:00,7.25,29.75,3.45,5.12,5.58,11.92,5.62,0.51,35.23,0.45,2.4,,,,,,67.75,2.9,227.25,0.0,0.0,43.75,,
2024-05-15 18:00:00,5.0,36.75,3.8,6.18,6.4,11.15,4.47,0.45,34.94,0.57,3.35,,,,,,67.25,3.12,211.0,0.0,0.0,15.75,,
2024-05-15 19:00:00,4.5,30.25,2.78,6.38,5.68,10.12,4.68,0.32,32.98,0.82,3.7,,,,,,67.5,3.25,210.0,0.0,0.0,15.0,,
2024-05-15 20:00:00,3.0,19.5,2.28,5.75,4.9,10.4,3.1,0.31,42.73,1.02,3.3,,,,,,67.25,3.02,212.5,0.0,0.0,15.0,,
2024-05-15 21:00:00,2.75,10.75,2.22,6.3,5.15,11.5,,0.46,11.81,0.98,3.25,,,,,,67.0,3.05,201.75,0.0,0.0,15.0,,
2024-05-15 22:00:00,1.75,6.0,3.52,6.58,6.35,10.75,2.17,0.75,20.19,0.72,2.9,,,,,,66.5,2.7,202.25,0.0,0.0,15.0,,
2024-05-15 23:00:00,1.0,2.75,3.15,7.48,6.58,10.48,2.38,0.64,22.78,0.55,2.33,,,,,,66.25,2.52,197.25,0.0,0.0,15.0,,
2024-05-16 00:00:00,,1.75,3.38,6.35,6.12,10.88,6.62,0.47,24.94,0.4,1.68,,,,,,67.75,2.3,231.0,0.0,0.0,15.0,,
2024-05-16 01:00:00,2.0,1.0,3.9,5.08,5.88,10.92,12.5,0.5,25.72,0.35,1.35,,,,,,67.0,1.68,230.0,0.0,0.0,15.0,,
2024-05-16 02:00:00,2.75,,3.78,7.2,6.9,11.05,3.42,0.51,25.55,0.3,1.27,,,,,,67.5,1.58,236.25,0.0,0.0,15.25,,
2024-05-16 03:00:00,4.0,,3.62,10.48,8.52,12.85,0.6,0.52,24.76,0.32,1.45,,,,,,68.25,0.68,98.0,0.0,0.0,15.75,,
2024-05-16 04:00:00,1.0,,5.82,8.65,9.32,11.15,3.35,0.52,35.18,0.4,2.17,,,,,,69.0,0.42,39.5,0.0,0.0,15.0,,
2024-05-16 05:00:00,,,5.82,10.1,10.1,9.52,4.53,0.53,35.52,0.5,3.22,,,,,,70.25,0.35,22.0,0.0,0.0,15.25,,
2024-05-16 06:00:00,9.0,17.0,5.7,11.05,10.5,10.28,4.85,0.58,23.13,0.78,4.12,,,,,,69.5,1.3,122.25,0.0,0.0,31.25,,
2024-05-16 07:00:00,8.25,16.0,5.6,7.78,8.7,9.4,5.65,0.57,25.04,0.62,3.22,,,,,,69.25,1.23,164.75,0.0,0.0,94.0,,
2024-05-16 08:00:00,7.25,12.75,5.6,12.12,10.98,9.1,4.5,0.61,23.76,0.75,3.45,,,,,,70.0,1.4,210.75,0.0,0.0,62.0,,
2024-05-16 09:00:00,10.25,12.0,6.22,11.05,10.95,9.68,3.4,0.64,17.49,0.82,3.58,,,,,,69.25,1.02,136.0,0.0,0.0,175.25,,
2024-05-16 10:00:00,8.0,15.0,5.42,14.58,12.15,10.07,1.3,0.79,14.94,1.02,4.62,,,,,,69.5,1.4,219.75,0.0,0.0,42.25,,
2024-05-16 11:00:00,8.0,27.0,6.2,21.87,16.67,12.45,4.27,0.82,10.32,1.45,6.92,,,,,,69.75,1.9,235.75,0.0,0.0,22.25,,
2024-05-16 12:00:00,8.0,30.5,1.97,14.3,9.2,15.57,5.75,0.66,49.78,1.5,8.1,,,,,,68.0,1.92,248.5,2.0,2.0,31.5,,
2024-05-16 13:00:00,8.0,12.0,3.5,17.6,12.15,14.08,7.08,0.62,23.32,1.23,6.25,,,,,,68.25,0.82,216.67,0.0,0.0,54.0,,
2024-05-16 14:00:00,6.0,7.75,5.8,16.45,13.48,12.48,4.45,0.68,11.71,1.2,7.2,,,,,,68.25,1.27,240.5,0.0,0.0,61.0,,
2024-05-16 15:00:00,5.0,12.5,6.65,14.18,12.92,11.82,2.68,0.62,12.0,1.27,7.18,,,,,,68.75,1.27,216.75,0.0,0.0,62.25,,
2024-05-16 16:00:00,2.0,11.0,6.78,11.62,11.72,11.18,5.65,0.61,11.66,1.08,6.55,,,,,,68.5,1.6,188.0,0.0,0.0,37.0,,
2024-05-16 17:00:00,,10.5,5.68,11.65,10.82,11.05,6.6,0.63,12.3,1.2,6.92,,,,,,69.25,1.58,175.25,0.0,0.0,26.0,,
2024-05-16 18:00:00,,10.0,4.28,9.95,8.8,11.78,2.25,0.6,11.62,1.2,6.8,,,,,,68.25,1.32,194.5,0.0,0.0,15.5,,
2024-05-16 19:00:00,2.0,14.25,5.12,12.4,10.82,11.12,0.3,0.66,11.81,1.3,7.18,,,,,,69.0,1.02,167.5,0.0,0.0,15.0,,
2024-05-16 20:00:00,3.0,16.25,7.22,14.1,13.4,11.1,2.3,0.84,11.71,1.32,6.6,,,,,,70.25,0.8,190.25,0.0,0.0,15.0,,
2024-05-16 21:00:00,6.75,13.0,7.22,14.9,13.8,9.5,3.2,0.74,11.42,1.38,6.68,,,,,,70.25,0.9,135.5,0.0,0.0,15.0,,
2024-05-16 22:00:00,9.5,19.0,7.68,15.85,14.7,9.82,4.38,1.09,11.52,1.6,8.02,,,,,,70.5,0.62,103.5,0.0,0.0,15.0,,
2024-05-16 23:00:00,9.75,20.25,8.43,17.2,15.95,9.85,5.78,1.2,11.27,1.75,8.85,,,,,,70.25,0.55,65.25,0.0,0.0,15.0,,
2024-05-17 00:00:00,7.5,24.0,8.57,17.3,16.18,9.5,5.03,1.31,11.46,1.72,8.88,,,,,,70.75,0.75,114.25,0.0,0.0,15.0,,
2024-05-17 01:00:00,11.0,23.0,11.38,16.82,18.2,10.8,4.68,1.42,10.63,1.72,8.52,,,,,,70.75,0.42,70.75,0.0,0.0,17.0,,
2024-05-17 02:00:00,8.75,23.5,13.68,16.02,19.68,11.0,2.78,1.44,11.82,1.9,9.28,,,,,,71.0,0.5,56.5,0.0,0.0,17.0,,
2024-05-17 03:00:00,12.25,34.5,15.25,14.15,19.9,12.75,1.42,1.32,10.46,2.08,10.0,,,,,,70.5,0.42,41.75,0.0,0.0,17.0,,
2024-05-17 04:00:00,13.75,33.0,13.78,14.8,19.02,15.32,0.3,0.87,11.12,2.15,9.6,,,,,,71.25,0.45,120.75,0.0,0.0,17.0,,
2024-05-17 05:00:00,6.75,22.75,14.48,13.88,19.18,14.8,0.8,0.76,11.71,1.98,8.68,,,,,,70.5,0.5,132.0,0.0,0.0,17.0,,
2024-05-17 06:00:00,8.5,18.75,14.05,14.25,18.98,13.75,2.75,0.84,11.37,1.92,8.5,,,,,,71.5,0.57,75.25,0.0,0.0,31.75,,
2024-05-17 07:00:00,13.75,22.25,13.3,15.3,18.98,13.28,4.1,0.82,12.0,2.12,9.2,,,,,,70.5,0.68,128.0,0.0,0.0,146.0,,
2024-05-17 08:00:00,7.25,37.5,10.15,16.02,16.75,13.15,3.68,1.07,11.42,2.0,8.88,,,,,,70.5,0.7,181.75,0.0,0.0,141.75,,
2024-05-17 09:00:00,8.25,44.0,6.75,14.3,13.15,13.48,4.65,1.06,11.61,1.95,8.33,,,,,,69.5,0.95,128.25,0.0,0.0,129.0,,
2024-05-17 10:00:00,9.0,43.5,3.65,15.73,11.35,23.38,6.63,0.85,10.29,2.0,8.0,,,,,,67.25,1.58,179.0,0.0,0.0,125.25,,
2024-05-17 11:00:00,9.0,51.0,4.2,17.5,12.7,31.6,,0.82,10.98,2.3,8.4,,,,,,64.0,2.0,163.0,0.0,0.0,307.0,,
2024-05-17 12:00:00,,,,,,,,,,,,,,,,,,,,,0.0,,,
2024-05-17 13:00:00,9.0,51.0,,,,,,0.39,,,,,,,,,68.0,3.35,173.5,0.0,0.0,138.5,,
2024-05-17 14:00:00,1.0,7.0,3.03,5.08,4.42,10.5,2.1,1.01,,0.8,2.65,,,,,,68.75,2.58,164.5,0.0,0.0,98.5,,
2024-05-17 15:00:00,2.0,7.25,3.18,5.22,5.4,8.93,1.55,0.62,,0.88,2.5,,,,,,69.0,3.0,176.0,0.0,0.0,87.25,,
2024-05-17 16:00:00,4.5,8.25,3.0,4.38,4.78,8.7,1.78,0.66,,0.65,2.35,,,,,,69.25,3.0,161.25,0.0,0.0,76.75,,
2024-05-17 17:00:00,3.75,9.5,3.52,5.45,5.75,8.25,1.85,0.62,,0.72,2.5,,,,,,68.5,2.1,147.25,0.0,0.0,39.0,,
2024-05-17 18:00:00,5.25,11.5,2.9,8.88,7.07,10.92,0.77,0.52,,0.78,3.15,,,,,,69.5,2.15,166.5,0.0,0.0,15.25,,
2024-05-17 19:00:00,3.75,11.5,3.95,11.18,9.18,11.6,1.83,0.53,,1.0,3.55,,,,,,67.25,2.85,174.0,0.0,0.0,15.0,,
2024-05-17 20:00:00,5.75,8.75,3.55,12.42,9.48,10.7,2.75,0.72,,1.08,4.08,,,,,,68.25,2.58,194.5,0.0,0.0,15.0,,
2024-05-17 21:00:00,5.0,14.0,4.25,11.28,9.45,10.25,3.3,1.01,,1.1,4.45,,,,,,69.25,1.9,212.5,0.0,0.0,15.0,,
2024-05-17 22:00:00,4.25,19.0,9.68,15.92,16.4,9.62,3.08,0.97,,1.3,5.35,,,,,,69.75,0.7,196.0,0.0,0.0,15.0,,
2024-05-17 23:00:00,3.5,34.25,9.9,16.82,17.02,8.98,4.05,0.82,,1.65,7.1,,,,,,70.25,0.7,157.75,0.0,0.0,15.0,,
2024-05-18 00:00:00,8.75,33.0,8.52,16.05,15.5,9.05,3.38,0.76,,1.65,6.98,,,,,,70.75,0.6,46.5,0.0,0.0,15.0,,
2024-05-18 01:00:00,10.25,27.25,8.82,14.73,14.98,9.0,2.3,0.6,,1.55,6.98,,,,,,70.75,0.65,46.25,0.0,0.0,15.0,,
2024-05-18 02:00:00,9.5,28.0,8.2,14.9,14.55,12.02,1.15,0.47,,1.6,7.22,,,,,,69.0,0.55,56.0,0.0,0.0,15.0,,
2024-05-18 03:00:00,13.5,27.0,9.15,14.78,15.28,14.35,1.42,0.52,,1.62,7.05,,,,,,69.0,0.78,225.67,0.0,0.0,15.0,,
2024-05-18 04:00:00,11.0,22.75,9.5,13.62,14.98,13.8,3.4,0.71,,1.62,7.35,,,,,,69.5,0.68,52.75,0.0,0.0,15.0,,
2024-05-18 05:00:00,8.0,19.0,11.15,12.62,15.78,13.3,4.47,0.48,,1.6,7.5,,,,,,69.25,0.55,49.25,0.0,0.0,15.25,,
2024-05-18 06:00:00,7.5,22.5,14.62,11.48,18.02,11.98,2.75,0.76,,1.6,7.25,,,,,,70.0,0.57,62.0,0.0,0.0,43.75,,
2024-05-18 07:00:00,8.75,36.75,12.9,11.55,16.62,10.6,2.7,0.47,,2.58,15.68,,,,,,70.75,0.85,120.5,0.0,0.0,131.25,,
2024-05-18 08:00:00,15.5,41.5,8.75,8.07,11.48,9.05,1.78,0.4,,1.95,11.08,,,,,,71.5,0.95,166.25,0.0,0.0,155.0,,
2024-05-18 09:00:00,11.75,24.75,5.5,8.8,9.12,8.68,0.98,0.36,,1.62,8.9,,,,,,71.5,1.08,173.0,0.0,0.0,232.0,,
2024-05-18 10:00:00,11.75,30.25,2.48,6.25,5.3,13.12,2.2,0.57,,1.42,7.92,,,,,,68.5,2.22,189.5,0.0,0.0,397.5,,
2024-05-18 11:00:00,4.0,21.25,3.97,6.57,6.73,13.92,3.43,0.57,,1.2,6.6,,,,,,68.5,2.32,190.0,0.0,0.0,423.0,,
2024-05-18 12:00:00,1.0,18.25,2.83,7.13,6.1,14.27,3.8,0.56,,0.98,5.32,,,,,,67.75,2.9,184.5,0.0,0.0,428.5,,
2024-05-18 13:00:00,,17.5,3.92,6.0,6.4,12.62,3.05,0.45,,0.88,4.65,,,,,,66.75,3.0,190.75,0.0,0.0,402.0,,
2024-05-18 14:00:00,5.0,21.5,5.28,6.38,7.72,11.18,2.9,0.59,,0.7,3.62,,,,,,67.5,3.12,191.25,0.0,0.0,344.0,,
2024-05-18 15:00:00,4.5,19.75,3.05,5.8,5.58,10.72,3.05,0.53,,0.6,3.2,,,,,,67.75,3.08,184.25,0.0,0.0,265.5,,
2024-05-18 16:00:00,2.5,17.0,3.02,5.32,5.25,10.9,3.12,0.38,,0.62,2.88,,,,,,67.0,3.08,189.75,0.0,0.0,174.25,,
2024-05-18 17:00:00,2.75,12.5,2.4,4.32,4.28,10.78,2.22,0.31,,0.57,2.8,,,,,,67.75,2.95,183.75,0.0,0.0,38.0,,
2024-05-18 18:00:00,7.5,16.75,2.72,5.98,5.42,12.5,1.23,0.43,,0.72,3.48,,,,,,66.5,2.45,193.75,0.0,0.0,15.25,,
2024-05-18 19:00:00,5.75,15.25,4.25,7.0,7.18,13.1,0.88,0.57,,0.82,4.12,,,,,,66.0,2.3,187.75,0.0,0.0,15.0,,
2024-05-18 20:00:00,4.25,13.25,4.53,7.08,7.43,13.42,1.75,0.67,,0.82,3.95,,,,,,67.25,2.15,170.75,0.0,0.0,15.0,,
2024-05-18 21:00:00,2.25,15.0,4.6,7.85,7.88,14.38,2.38,0.39,,0.82,3.58,,,,,,67.0,1.83,170.75,0.0,0.0,15.0,,
2024-05-18 22:00:00,3.75,17.5,5.9,7.22,8.65,12.48,3.6,0.65,,0.72,3.05,,,,,,67.75,1.48,176.75,0.0,0.0,15.0,,
2024-05-18 23:00:00,5.75,16.0,4.38,5.35,6.4,11.32,3.65,0.77,,0.57,2.6,,,,,,69.75,1.2,182.5,0.0,0.0,15.0,,
2024-05-19 00:00:00,5.25,,4.12,3.75,5.32,11.18,3.12,0.53,,0.45,2.2,,,,,,69.25,1.05,164.25,0.0,0.0,15.0,,
2024-05-19 01:00:00,6.25,,3.15,4.28,4.85,12.08,2.42,0.48,,0.4,2.1,,,,,,68.25,1.4,187.0,2.5,2.5,15.75,,
2024-05-19 02:00:00,6.0,,3.38,5.38,5.6,15.42,2.22,0.47,,0.45,2.45,,,,,,69.0,0.55,326.0,0.0,0.0,16.0,,
2024-05-19 03:00:00,3.0,,4.97,8.12,8.4,14.82,2.82,0.5,,0.57,3.18,,,,,,69.0,0.32,,0.0,0.0,15.75,,
2024-05-19 04:00:00,1.0,,11.12,20.42,19.92,15.48,3.48,0.54,,0.9,4.78,,,,,,69.0,0.3,,0.0,0.0,15.0,,
2024-05-19 05:00:00,2.0,,16.98,15.22,21.9,16.68,3.55,0.69,,1.15,5.9,,,,,,69.0,0.3,,0.0,0.0,15.5,,
2024-05-19 06:00:00,6.5,27.0,18.92,15.42,23.58,16.25,3.25,0.74,,1.4,6.38,,,,,,70.0,0.38,152.5,0.0,0.0,57.0,,
2024-05-19 07:00:00,12.75,29.75,15.35,13.98,19.92,15.22,4.32,0.76,,1.55,6.58,,,,,,71.0,0.68,92.0,0.0,0.0,124.0,,
2024-05-19 08:00:00,14.25,30.75,9.68,9.68,13.05,12.65,4.6,0.74,,1.62,6.38,,,,,,70.25,0.72,188.5,0.0,0.0,203.0,,
2024-05-19 09:00:00,4.0,12.25,5.35,9.28,9.28,13.35,3.8,0.63,,1.25,5.15,,,,,,69.5,1.3,158.25,0.0,0.0,195.0,,
2024-05-19 10:00:00,7.67,22.0,2.48,12.02,8.4,19.35,5.43,0.65,,1.42,5.4,,,,,,68.25,1.8,170.0,0.0,0.0,347.0,,
2024-05-19 11:00:00,8.0,20.5,2.73,9.53,7.27,18.9,6.63,0.61,,1.23,4.47,,,,,,67.75,2.4,174.0,0.0,0.0,434.0,,
2024-05-19 12:00:00,4.75,13.5,2.53,8.3,6.5,19.4,3.92,0.57,,1.12,4.02,,,,,,66.5,2.9,185.5,0.0,0.0,420.75,,
2024-05-19 13:00:00,1.33,6.75,4.38,7.2,7.4,15.05,3.48,0.62,,0.9,3.25,,,,,,67.0,3.35,182.75,0.0,0.0,380.0,,
2024-05-19 14:00:00,2.0,9.0,3.38,5.4,5.6,14.02,2.38,0.68,,0.68,2.22,,,,,,67.5,2.68,182.5,0.0,0.0,204.75,,
2024-05-19 15:00:00,3.0,,2.9,4.25,4.58,12.98,0.73,0.66,,0.57,1.78,,,,,,67.25,2.45,187.0,0.0,0.0,152.25,,
2024-05-19 16:00:00,3.0,,2.75,3.98,4.4,12.95,3.02,0.67,,0.43,1.52,,,,,,67.25,2.68,159.0,0.0,0.0,91.75,,
2024-05-19 17:00:00,2.0,,3.4,4.45,5.15,12.15,3.8,0.56,,0.4,1.45,,,,,,67.75,2.38,163.25,0.0,0.0,29.75,,
2024-05-19 18:00:00,2.0,,3.32,4.95,5.32,11.98,3.15,0.54,,0.4,1.6,,,,,,68.25,2.02,166.0,0.0,0.0,15.25,,
2024-05-19 19:00:00,,,2.28,6.08,5.08,11.85,2.03,0.56,,0.45,1.7,,,,,,68.25,2.0,146.0,0.0,0.0,15.0,,
2024-05-19 20:00:00,,,3.05,5.92,5.65,11.75,1.75,0.57,,0.5,1.85,,,,,,67.75,2.33,144.25,0.0,0.0,15.0,,
2024-05-19 21:00:00,,,2.22,7.18,5.58,14.48,1.62,0.5,,0.48,1.85,,,,,,67.25,2.4,137.75,0.0,0.0,15.0,,
2024-05-19 22:00:00,,,2.52,8.57,6.6,15.45,2.25,0.53,,0.52,2.02,,,,,,67.0,1.88,135.25,0.0,0.0,15.0,,
2024-05-19 23:00:00,,,3.32,7.38,6.62,14.75,2.9,0.5,,0.5,2.02,,,,,,67.25,1.8,135.0,0.0,0.0,15.25,,
2024-05-20 00:00:00,1.0,,3.9,5.28,5.12,15.22,1.12,0.52,,0.5,1.9,,,,,,68.0,1.48,128.0,0.0,0.0,16.0,,
2024-05-20 01:00:00,1.0,1.0,3.35,5.9,5.85,16.05,0.8,0.48,,0.43,1.95,,,,,,68.0,1.3,140.5,0.0,0.0,15.0,,
2024-05-20 02:00:00,5.0,2.5,3.58,6.98,6.55,16.9,3.02,0.4,,0.52,2.38,,,,,,68.0,1.02,107.0,0.25,0.25,15.25,,
2024-05-20 03:00:00,5.5,8.75,4.18,8.48,7.88,19.98,4.1,0.25,,0.85,3.38,,,,,,69.25,0.8,215.5,3.0,3.0,16.0,,
2024-05-20 04:00:00,7.0,14.0,4.97,7.65,8.1,19.35,2.82,0.34,,1.0,3.68,,,,,,68.5,0.52,79.5,0.0,0.0,16.0,,
2024-05-20 05:00:00,7.0,9.0,5.68,9.57,9.7,18.27,3.75,0.42,,1.0,3.78,,,,,,68.25,0.3,325.0,0.0,0.0,16.25,,
2024-05-20 06:00:00,6.5,9.0,7.25,10.02,11.2,15.0,3.32,0.48,,1.0,3.95,,,,,,70.0,0.3,323.5,0.0,0.0,39.75,,
2024-05-20 07:00:00,5.75,12.5,7.78,13.12,13.32,14.75,4.0,0.96,,1.12,4.4,,,,,,70.5,0.65,128.75,0.0,0.0,63.75,,
2024-05-20 08:00:00,8.75,20.75,7.55,12.85,12.92,13.55,3.4,0.84,,1.27,4.82,,,,,,69.75,0.4,155.0,0.0,0.0,131.75,,
2024-05-20 09:00:00,10.0,14.0,5.7,10.78,10.3,12.35,3.6,0.75,,1.18,4.47,,,,,,70.75,0.65,176.0,0.0,0.0,115.75,,
2024-05-20 10:00:00,6.0,15.25,4.72,9.48,8.88,13.3,2.87,0.76,,1.1,4.25,,,,,,69.75,0.72,143.25,0.0,0.0,165.5,,
2024-05-20 11:00:00,3.5,18.75,3.87,11.23,9.1,14.63,3.33,0.76,,1.2,4.1,,,,,,69.5,0.88,154.5,0.0,0.0,272.75,,
2024-05-20 12:00:00,5.25,16.25,3.33,6.53,6.13,16.27,3.28,0.7,,1.12,3.88,,,,,,68.5,2.15,196.75,0.0,0.0,341.75,,
2024-05-20 13:00:00,6.25,12.75,2.35,6.68,5.5,14.08,4.05,0.58,,0.9,3.58,,,,,,68.5,2.6,194.5,0.0,0.0,289.25,,
2024-05-20 14:00:00,5.75,17.0,2.6,7.62,6.2,14.75,2.78,0.55,,0.92,3.55,,,,,,68.0,2.7,196.75,0.0,0.0,334.5,,
2024-05-20 15:00:00,2.0,14.75,2.25,7.05,5.6,15.15,2.03,0.53,,0.8,2.92,,,,,,66.75,2.65,205.5,0.0,0.0,287.0,,
2024-05-20 16:00:00,2.75,18.25,3.25,5.9,5.75,17.3,3.55,0.51,,0.72,2.95,,,,,,66.75,2.45,205.75,0.0,0.0,156.0,,
2024-05-20 17:00:00,4.5,22.25,2.52,6.2,5.32,19.48,3.68,0.52,,0.6,3.68,,,,,,66.5,2.05,197.0,0.0,0.0,34.75,,
2024-05-20 18:00:00,2.75,22.0,3.2,6.5,6.08,18.9,3.28,0.55,,0.72,4.55,,,,,,66.5,1.88,196.25,0.0,0.0,15.5,,
2024-05-20 19:00:00,1.75,17.25,3.35,6.78,6.32,18.12,2.15,0.46,,0.9,4.35,,,,,,67.25,2.15,192.0,0.0,0.0,15.0,,
2024-05-20 20:00:00,1.0,10.75,3.62,6.78,6.55,17.15,1.5,0.24,,0.78,3.98,,,,,,67.0,1.95,182.5,0.0,0.0,15.0,,
2024-05-20 21:00:00,,7.0,5.8,6.9,8.4,14.8,2.95,0.38,,0.72,3.52,,,,,,68.0,1.95,162.5,0.0,0.0,15.0,,
2024-05-20 22:00:00,,,3.92,6.5,6.65,12.78,4.53,0.66,,0.6,2.95,,,,,,68.75,2.12,141.0,0.0,0.0,15.0,,
2024-05-20 23:00:00,5.0,16.0,3.42,8.2,7.15,12.45,4.28,0.62,,0.5,2.45,,,,,,68.25,1.7,121.25,0.0,0.0,15.25,,
2024-05-21 00:00:00,5.0,14.25,3.75,6.55,6.58,11.38,3.88,0.61,,0.5,2.17,,,,,,69.5,1.38,128.0,0.0,0.0,16.0,,
2024-05-21 01:00:00,4.5,8.25,4.62,8.52,8.32,10.78,3.92,0.71,,0.48,2.25,,,,,,69.0,0.85,70.5,0.0,0.0,15.5,,
2024-05-21 02:00:00,3.75,7.5,4.08,6.85,6.95,10.4,3.4,0.74,,0.5,2.72,,,,,,69.0,1.2,48.0,0.0,0.0,15.0,,
2024-05-21 03:00:00,6.0,11.0,4.03,8.65,7.85,11.42,3.3,0.74,,0.68,4.18,,,,,,70.0,0.9,117.5,6.5,6.5,16.0,,
2024-05-21 04:00:00,4.75,7.5,4.62,8.85,8.5,11.78,2.68,0.44,,0.75,4.72,,,,,,69.5,0.45,303.0,0.0,0.0,16.0,,
2024-05-21 05:00:00,1.0,5.75,3.8,10.32,8.55,14.4,0.98,0.32,,0.95,4.92,,,,,,69.0,0.52,324.0,0.0,0.0,16.0,,
2024-05-21 06:00:00,11.0,9.75,7.62,11.88,12.5,16.92,2.42,0.47,,1.23,5.35,,,,,,69.25,0.52,303.25,0.0,0.0,53.25,,
2024-05-21 07:00:00,9.75,20.75,9.0,10.48,12.9,17.1,3.55,0.74,,1.27,5.2,,,,,,68.5,0.7,294.5,0.0,0.0,112.0,,
2024-05-21 08:00:00,6.0,13.25,8.52,11.8,13.22,16.95,4.12,0.74,,1.23,4.85,,,,,,68.0,1.2,285.75,0.0,0.0,155.5,,
2024-05-21 09:00:00,5.75,19.0,5.72,8.6,9.22,18.75,5.1,0.55,,1.23,4.58,,,,,,68.5,1.92,248.25,0.0,0.0,295.25,,
2024-05-21 10:00:00,5.0,15.25,4.5,7.48,7.58,20.68,4.85,0.26,,0.9,3.55,,,,,,67.0,2.5,230.5,0.0,0.0,355.25,,
2024-05-21 11:00:00,5.25,13.0,3.43,7.47,6.73,19.52,5.7,0.37,,0.8,3.65,,,,,,67.5,2.52,216.25,0.0,0.0,328.75,,
2024-05-21 12:00:00,5.25,13.0,5.03,5.6,7.03,20.9,3.9,0.67,,0.68,3.65,,,,,,67.75,2.55,214.75,0.0,0.0,330.25,,
2024-05-21 13:00:00,3.5,11.25,5.85,5.32,7.58,13.85,3.45,0.57,,0.52,3.48,,,,,,67.75,2.78,220.0,0.0,0.0,426.25,,
2024-05-21 14:00:00,5.5,10.5,3.12,5.35,5.4,13.12,3.12,0.57,,0.48,2.75,,,,,,67.75,3.02,226.75,0.0,0.0,163.25,,
2024-05-21 15:00:00,6.5,20.25,3.0,6.02,5.65,14.18,2.92,0.54,,0.55,2.85,,,,,,66.25,2.12,240.25,1.0,1.0,28.5,,
2024-05-21 16:00:00,4.25,9.5,5.7,7.55,8.65,15.05,3.45,0.64,,0.72,4.1,,,,,,67.0,0.82,227.25,0.0,0.0,38.5,,
2024-05-21 17:00:00,3.0,14.5,4.58,9.05,8.55,11.98,3.32,0.52,,1.08,5.95,,,,,,68.75,0.62,215.5,0.0,0.0,37.0,,
2024-05-21 18:00:00,6.5,29.25,5.58,12.55,11.23,12.1,2.62,0.46,,1.78,8.95,,,,,,68.25,0.5,227.5,0.0,0.0,16.0,,
2024-05-21 19:00:00,7.25,34.75,6.08,11.65,11.15,11.6,2.88,0.5,,2.1,9.23,,,,,,69.25,0.35,176.25,0.0,0.0,15.0,,
2024-05-21 20:00:00,5.0,15.5,8.4,15.15,14.92,12.08,2.68,0.42,,2.2,10.15,,,,,,69.25,0.62,262.75,0.0,0.0,15.0,,
2024-05-21 21:00:00,,23.0,9.32,15.77,15.98,16.75,3.65,0.25,,2.92,11.98,,,,,,68.75,0.32,255.75,0.0,0.0,15.25,,
2024-05-21 22:00:00,12.0,45.0,14.1,17.35,20.65,16.95,2.95,0.49,,3.38,13.3,,,,,,68.75,0.38,309.5,0.0,0.0,15.75,,
2024-05-21 23:00:00,11.75,45.0,16.2,18.32,22.92,16.73,1.62,1.24,,3.35,13.72,,,,,,68.75,0.45,323.33,0.0,0.0,15.5,,
2024-05-22 00:00:00,13.0,47.75,15.12,15.85,20.72,18.27,2.5,0.84,,2.8,11.72,,,,,,68.75,0.4,317.75,0.0,0.0,15.0,,
2024-05-22 01:00:00,20.25,60.5,18.55,16.7,23.92,19.48,2.55,0.84,,2.58,10.95,,,,,,68.75,0.98,306.75,0.0,0.0,15.25,,
2024-05-22 02:00:00,20.25,69.25,17.05,16.18,22.48,20.8,2.75,0.56,,2.3,9.78,,,,,,69.0,1.05,307.25,0.0,0.0,15.0,,
2024-05-22 03:00:00,8.0,44.25,11.6,13.88,16.8,20.52,2.65,0.48,,1.95,8.05,,,,,,69.25,0.6,315.5,0.0,0.0,15.0,,
2024-05-22 04:00:00,4.0,15.0,11.68,12.6,16.18,20.2,2.55,0.6,,1.88,7.35,,,,,,68.25,0.78,318.25,0.0,0.0,15.0,,
2024-05-22 05:00:00,4.25,25.75,13.23,12.7,17.5,17.2,3.62,0.7,,1.68,6.92,,,,,,69.5,0.92,299.0,0.0,0.0,16.0,,
2024-05-22 06:00:00,11.25,24.75,10.58,8.3,13.05,13.68,3.12,0.63,,1.55,5.9,,,,,,70.25,0.72,310.0,0.0,0.0,61.75,,
2024-05-22 07:00:00,4.0,8.5,9.2,6.82,11.12,12.48,3.0,0.65,,1.27,5.6,,,,,,69.5,0.98,318.25,0.0,0.0,143.0,,
2024-05-22 08:00:00,8.75,16.25,9.12,7.82,11.52,11.8,4.7,0.26,,1.12,5.3,,,,,,68.75,1.68,287.25,0.0,0.0,206.5,,
2024-05-22 09:00:00,12.5,15.75,7.52,5.8,9.18,10.92,5.35,0.54,,1.03,4.5,,,,,,69.75,2.05,243.0,0.0,0.0,351.25,,
2024-05-22 10:00:00,7.5,16.5,3.9,6.15,6.4,12.4,4.57,0.66,,0.75,3.65,,,,,,69.0,2.95,244.75,0.0,0.0,410.75,,
2024-05-22 11:00:00,6.5,28.25,3.83,5.23,5.87,13.85,5.87,0.68,,0.62,3.18,,,,,,68.0,3.3,225.0,0.0,0.0,447.25,,
2024-05-22 12:00:00,8.0,20.75,2.73,4.9,4.8,16.3,2.82,0.64,,0.57,2.85,,,,,,67.75,2.95,237.75,0.0,0.0,401.25,,
2024-05-22 13:00:00,3.0,12.5,1.82,4.65,3.95,14.38,3.68,0.47,,0.68,3.2,,,,,,66.25,3.1,247.25,0.0,0.0,412.25,,
2024-05-22 14:00:00,2.75,8.0,2.98,5.28,5.2,13.42,3.88,0.26,,0.6,2.6,,,,,,66.75,3.08,253.0,0.0,0.0,356.75,,
2024-05-22 15:00:00,1.75,10.0,3.48,5.38,5.65,14.42,3.75,0.26,,0.5,2.25,,,,,,66.75,3.05,245.5,0.0,0.0,267.25,,
2024-05-22 16:00:00,1.5,15.0,3.5,5.72,5.92,17.23,3.32,0.49,,0.55,2.15,,,,,,65.25,2.8,248.25,0.0,0.0,149.75,,
2024-05-22 17:00:00,5.25,14.75,4.9,4.8,6.52,16.72,4.15,0.55,,0.48,2.12,,,,,,66.25,2.2,243.5,0.0,0.0,42.25,,
2024-05-22 18:00:00,12.0,21.75,4.1,5.62,6.32,14.8,3.15,0.6,,0.52,2.25,,,,,,67.5,1.7,238.0,0.0,0.0,16.5,,
2024-05-22 19:00:00,11.75,24.5,4.08,5.5,6.25,13.3,2.42,0.69,,0.75,3.05,,,,,,67.0,2.25,218.25,0.0,0.0,15.0,,
2024-05-22 20:00:00,10.0,36.0,3.13,9.65,6.8,13.65,3.55,0.65,,0.78,3.22,,,,,,66.75,1.4,176.0,0.0,0.0,15.0,,
2024-05-22 21:00:00,7.0,11.75,3.28,7.8,6.78,15.62,3.8,0.56,,0.95,3.9,,,,,,67.5,1.72,198.25,1.5,1.5,15.5,,
2024-05-22 22:00:00,5.5,9.0,4.35,7.98,7.75,14.08,4.7,0.52,,0.88,3.62,,,,,,67.5,0.78,187.5,0.0,0.0,15.75,,
2024-05-22 23:00:00,1.0,3.0,5.52,9.62,9.62,14.18,5.03,0.4,,0.9,3.92,,,,,,67.5,0.62,161.25,0.0,0.0,15.75,,
2024-05-23 00:00:00,2.0,,5.8,7.2,8.52,14.55,2.75,0.65,,0.75,3.52,,,,,,67.75,0.55,202.5,0.0,0.0,15.0,,
2024-05-23 01:00:00,2.25,,6.22,7.65,9.15,12.52,3.12,0.35,,0.65,3.08,,,,,,69.25,0.52,127.0,0.0,0.0,15.0,,
2024-05-23 02:00:00,3.0,,5.6,8.15,8.9,12.1,2.62,0.65,,0.72,3.85,,,,,,69.0,0.45,118.75,0.0,0.0,15.0,,
2024-05-23 03:00:00,6.5,46.0,7.12,12.3,12.4,17.02,2.65,0.84,,1.0,5.2,,,,,,69.25,0.48,279.0,0.0,0.0,15.0,,
2024-05-23 04:00:00,19.75,53.0,10.32,12.82,15.18,21.08,2.88,0.82,,1.1,5.95,,,,,,69.75,0.5,281.5,0.0,0.0,15.0,,
2024-05-23 05:00:00,25.25,80.5,13.12,13.82,18.0,28.3,2.88,0.72,,1.55,5.82,,,,,,68.75,0.65,316.75,0.0,0.0,15.5,,
2024-05-23 06:00:00,19.0,91.75,14.25,13.5,18.73,22.2,3.55,0.56,,1.58,6.25,,,,,,68.75,0.65,277.0,0.0,0.0,42.0,,
2024-05-23 07:00:00,22.0,64.25,14.22,13.25,18.62,19.12,3.52,0.65,,1.65,6.7,,,,,,68.75,0.62,158.0,0.0,0.0,107.5,,
2024-05-23 08:00:00,12.75,48.25,10.72,11.5,14.85,16.98,2.95,0.65,,1.68,6.85,,,,,,69.25,1.12,301.75,0.0,0.0,163.5,,
2024-05-23 09:00:00,11.0,25.5,9.1,7.38,11.3,13.52,2.42,0.61,,1.25,5.3,,,,,,69.0,0.9,214.75,0.0,0.0,275.5,,
2024-05-23 10:00:00,11.5,29.25,4.28,11.22,9.45,16.58,2.97,0.41,,1.27,4.92,,,,,,69.25,0.98,139.5,0.0,0.0,251.5,,
2024-05-23 11:00:00,24.25,60.5,4.53,17.43,12.93,19.93,5.07,0.53,,1.15,4.58,,,,,,67.25,2.03,173.0,0.0,0.0,383.75,,
2024-05-23 12:00:00,29.5,130.0,2.6,20.4,12.93,23.43,5.0,0.72,,1.2,4.82,,,,,,67.5,2.62,201.25,0.0,0.0,412.5,,
2024-05-23 13:00:00,23.0,113.25,2.25,16.38,10.55,21.6,7.15,0.64,,1.32,4.7,,,,,,67.0,2.5,209.25,0.0,0.0,378.75,,
2024-05-23 14:00:00,16.75,91.0,3.22,13.75,9.95,21.3,7.8,0.59,,1.23,4.05,,,,,,66.0,2.55,221.5,0.0,0.0,334.25,,
2024-05-23 15:00:00,12.75,57.25,2.48,8.5,6.6,21.35,7.25,0.52,,1.05,3.1,,,,,,66.0,2.72,225.0,0.0,0.0,260.25,,
2024-05-23 16:00:00,2.75,26.0,4.53,5.88,6.8,20.9,5.98,0.58,152.49,0.72,2.65,,,,,,65.0,2.62,222.75,0.0,0.0,171.25,,
2024-05-23 17:00:00,3.75,22.0,4.95,5.85,7.1,18.3,5.38,0.6,127.86,0.65,2.42,,,,,,66.0,2.33,217.75,0.0,0.0,48.0,,
2024-05-23 18:00:00,9.5,29.25,3.6,5.98,6.15,16.42,3.8,0.46,73.7,1.25,2.72,,,,,,66.5,2.08,198.0,0.0,0.0,15.5,,
2024-05-23 19:00:00,10.5,27.5,3.97,7.75,7.32,14.0,2.7,0.41,46.9,1.12,3.08,,,,,,66.75,2.1,171.25,0.0,0.0,15.0,,
2024-05-23 20:00:00,8.25,10.25,3.0,7.25,5.7,15.35,3.15,0.38,31.23,1.05,3.0,,,,,,67.5,2.85,178.0,0.0,0.0,15.0,,
2024-05-23 21:00:00,5.75,11.75,2.48,9.82,7.25,16.48,2.6,0.53,25.48,1.0,3.2,,,,,,66.25,2.72,186.5,0.0,0.0,15.0,,
2024-05-23 22:00:00,7.0,30.0,2.65,9.78,7.35,20.48,2.95,0.52,29.2,0.88,2.9,,,,,,66.5,2.88,186.75,0.0,0.0,15.25,,
2024-05-23 23:00:00,15.25,56.5,2.62,8.88,6.92,25.62,4.0,0.58,34.49,0.7,2.52,,,,,,66.0,2.25,192.0,0.0,0.0,15.5,,
2024-05-24 00:00:00,18.5,62.25,4.03,6.78,6.9,22.05,4.08,0.5,46.8,0.65,2.2,,,,,,67.75,2.1,192.5,0.0,0.0,16.0,,
2024-05-24 01:00:00,8.75,28.75,4.15,6.3,6.72,17.12,3.8,0.48,51.74,0.5,1.98,,,,,,69.25,1.42,224.5,0.0,0.0,16.0,,
2024-05-24 02:00:00,10.5,26.25,3.32,10.28,8.12,14.78,4.53,0.58,36.72,0.5,2.17,,,,,,68.5,1.5,142.0,0.0,0.0,16.0,,
2024-05-24 03:00:00,8.67,28.5,2.02,10.72,7.3,15.08,4.18,0.7,55.34,0.5,2.22,,,,,,69.0,1.18,108.25,0.0,0.0,16.0,,
2024-05-24 04:00:00,9.25,30.0,1.65,11.42,7.42,17.35,2.4,0.51,23.72,0.68,2.88,,,,,,68.75,1.15,74.25,0.0,0.0,16.0,,
2024-05-24 05:00:00,12.5,49.25,2.85,13.18,9.35,18.23,2.05,0.6,18.52,1.08,4.18,,,,,,68.0,0.72,67.25,0.0,0.0,15.5,,
2024-05-24 06:00:00,12.75,55.75,6.15,20.55,15.95,17.7,4.05,0.74,23.08,1.23,4.82,,,,,,68.0,1.23,116.0,0.0,0.0,33.0,,
2024-05-24 07:00:00,18.25,67.25,6.32,18.68,15.05,18.32,5.82,0.8,27.83,1.7,5.82,,,,,,68.5,0.9,85.5,0.0,0.0,130.5,,
2024-05-24 08:00:00,18.25,78.0,6.78,17.35,14.68,18.4,3.5,0.74,45.52,1.62,5.98,,,,,,68.0,1.55,134.5,0.0,0.0,230.0,,
2024-05-24 09:00:00,16.25,81.0,3.53,17.98,12.4,16.98,2.5,0.79,57.23,1.58,5.32,,,,,,67.75,2.48,122.25,0.0,0.0,303.25,,
2024-05-24 10:00:00,17.75,83.25,2.9,14.1,9.9,19.02,2.8,0.85,53.85,1.45,4.95,,,,,,67.75,2.28,92.0,0.0,0.0,391.75,,
2024-05-24 11:00:00,19.25,84.75,3.17,11.6,8.7,18.88,5.6,0.82,58.46,1.42,4.58,,,,,,69.25,1.58,115.0,0.0,0.0,335.5,,
2024-05-24 12:00:00,16.25,69.25,1.7,12.77,6.97,23.4,3.6,0.69,44.0,1.38,4.7,,,,,,66.5,2.6,158.75,0.0,0.0,325.25,,
2024-05-24 13:00:00,12.0,64.0,1.8,11.33,7.47,20.03,2.47,0.75,54.1,1.53,5.07,,,,,,66.33,3.53,179.67,0.0,0.0,309.33,,
2024-05-24 14:00:00,9.25,53.75,2.68,9.18,7.0,21.22,2.68,0.71,57.77,1.2,4.1,,,,,,66.0,4.1,187.25,0.0,0.0,240.75,,
2024-05-24 15:00:00,11.75,58.75,3.65,8.55,7.5,22.8,1.62,0.67,53.61,1.05,3.2,,,,,,65.0,4.97,222.5,0.0,0.0,191.25,,
2024-05-24 16:00:00,9.5,57.25,5.12,9.22,9.07,22.7,3.75,0.78,68.55,0.78,2.38,,,,,,65.5,4.15,226.25,0.0,0.0,138.5,,
2024-05-24 17:00:00,13.75,56.75,3.3,9.68,7.8,22.92,4.47,0.73,66.1,0.9,2.28,,,,,,65.75,3.98,257.75,0.0,0.0,59.5,,
2024-05-24 18:00:00,12.5,58.25,1.95,12.48,8.23,20.7,4.6,0.66,63.5,0.95,3.08,,,,,,65.5,4.05,270.75,0.0,0.0,17.0,,
2024-05-24 19:00:00,11.25,44.0,2.25,11.7,8.05,18.52,3.62,0.7,57.67,1.0,3.08,,,,,,66.75,4.15,275.5,0.0,0.0,15.0,,
2024-05-24 20:00:00,11.75,36.0,1.1,11.72,6.68,20.42,2.92,0.66,26.02,1.18,4.03,,,,,,65.5,3.45,251.5,0.0,0.0,15.25,,
2024-05-24 21:00:00,11.25,39.0,2.55,15.05,10.07,19.05,2.42,0.71,32.29,1.45,5.62,,,,,,66.0,2.72,248.5,0.0,0.0,15.25,,
2024-05-24 22:00:00,12.25,40.5,3.2,15.5,10.82,18.53,1.05,0.69,32.34,1.48,6.02,,,,,,65.75,2.72,257.5,0.0,0.0,16.0,,
2024-05-24 23:00:00,12.5,43.5,2.85,10.45,7.88,18.48,0.4,0.62,36.6,1.15,4.82,,,,,,66.25,2.5,241.0,0.0,0.0,16.0,,
2024-05-25 00:00:00,10.25,35.5,3.92,8.45,7.72,16.02,1.7,0.64,57.43,0.92,3.72,,,,,,67.25,3.25,209.5,0.0,0.0,16.0,,
2024-05-25 01:00:00,8.25,26.25,2.85,12.72,9.07,14.48,2.15,0.53,47.43,0.68,2.68,,,,,,67.75,3.2,205.0,0.0,0.0,16.0,,
2024-05-25 02:00:00,8.75,28.75,4.42,27.9,18.4,15.65,2.55,0.44,37.04,0.88,2.6,,,,,,67.25,2.5,193.75,0.0,0.0,15.75,,
2024-05-25 03:00:00,7.5,27.5,3.8,19.05,13.23,16.32,3.28,0.41,63.9,0.85,2.8,,,,,,67.25,2.25,147.25,0.0,0.0,15.25,,
2024-05-25 04:00:00,6.75,35.75,4.18,26.12,17.35,19.45,4.47,0.25,16.27,0.98,2.95,,,,,,67.0,2.3,124.0,0.0,0.0,15.5,,
2024-05-25 05:00:00,9.0,40.5,3.95,16.15,11.8,16.8,4.53,0.56,24.9,1.1,3.25,,,,,,67.5,1.4,111.0,0.0,0.0,15.5,,
2024-05-25 06:00:00,10.0,54.25,4.5,15.18,11.78,16.25,4.78,0.44,26.02,1.2,3.82,,,,,,67.75,1.45,97.25,0.0,0.0,34.0,,
2024-05-25 07:00:00,15.25,75.0,4.55,16.35,12.42,16.32,4.97,0.32,31.75,1.42,4.53,,,,,,67.0,1.52,133.75,0.0,0.0,86.75,,
2024-05-25 08:00:00,22.0,80.5,4.22,14.78,11.28,15.92,3.85,0.71,49.13,1.42,4.5,,,,,,67.5,1.62,115.0,0.0,0.0,187.75,,
2024-05-25 09:00:00,21.5,81.75,2.82,13.02,9.25,18.92,3.28,0.83,49.25,1.42,4.9,,,,,,67.5,1.52,112.25,0.0,0.0,224.75,,
2024-05-25 10:00:00,19.0,89.0,2.6,10.72,7.82,21.25,3.4,0.74,66.1,1.42,5.12,,,,,,67.75,1.12,166.0,0.0,0.0,220.75,,
2024-05-25 11:00:00,16.5,88.75,2.87,10.7,8.07,20.68,4.63,0.87,65.32,1.32,4.75,,,,,,68.75,0.9,183.5,0.0,0.0,183.25,,
2024-05-25 12:00:00,19.75,110.25,2.63,16.8,11.1,26.23,3.75,0.87,54.1,1.65,5.8,,,,,,66.0,1.78,212.25,0.0,0.0,170.75,,
2024-05-25 13:00:00,26.0,144.5,2.12,18.18,11.4,21.9,3.6,1.0,75.56,2.0,6.72,,,,,,66.25,1.78,197.75,0.0,0.0,192.0,,
2024-05-25 14:00:00,26.25,118.5,3.08,14.8,10.35,20.42,3.52,0.99,67.72,2.0,6.72,,,,,,66.75,2.28,198.0,0.0,0.0,137.0,,
2024-05-25 15:00:00,18.0,84.5,2.78,11.8,8.57,18.98,3.02,1.01,69.19,1.85,6.05,,,,,,66.0,2.9,220.0,0.0,0.0,92.75,,
2024-05-25 16:00:00,18.33,69.33,3.77,15.53,11.33,17.83,1.37,0.94,87.02,1.47,4.7,,,,,,65.67,2.47,256.67,0.0,0.0,49.33,,
2024-05-25 17:00:00,22.5,78.0,2.8,14.85,10.15,18.73,1.85,0.87,70.8,1.42,4.8,,,,,,66.5,2.48,229.5,3.0,3.0,20.0,,
2024-05-25 18:00:00,29.25,86.0,2.48,15.18,10.1,18.33,3.55,0.93,59.88,1.4,5.28,,,,,,66.5,2.28,270.75,1.25,1.25,16.0,,
2024-05-25 19:00:00,18.0,57.75,2.1,24.1,14.5,19.9,3.92,1.1,42.39,1.7,6.7,,,,,,67.5,1.98,271.0,0.0,0.0,16.0,,
2024-05-25 20:00:00,16.25,61.75,1.55,16.08,9.85,23.1,1.75,0.98,35.72,2.3,8.3,,,,,,66.0,2.28,215.0,0.0,0.0,16.0,,
2024-05-25 21:00:00,11.5,58.0,2.35,17.52,11.22,21.98,0.4,0.9,45.67,2.08,7.25,,,,,,66.5,2.6,256.0,0.0,0.0,16.0,,
2024-05-25 22:00:00,12.5,50.5,2.58,14.72,9.88,20.98,3.12,0.58,50.18,1.9,6.82,,,,,,67.25,2.35,251.0,0.0,0.0,16.0,,
2024-05-25 23:00:00,11.5,28.5,3.08,12.85,9.38,20.08,4.05,0.54,50.62,1.7,6.18,,,,,,67.75,2.92,225.25,0.0,0.0,16.0,,
2024-05-26 00:00:00,12.0,32.25,3.58,11.2,8.9,16.25,2.6,0.78,66.59,1.18,4.22,,,,,,68.5,1.38,184.5,0.0,0.0,16.0,,
2024-05-26 01:00:00,10.25,41.75,3.05,10.9,8.25,15.1,3.0,0.77,42.19,1.18,4.6,,,,,,68.75,1.08,71.5,0.0,0.0,15.75,,
2024-05-26 02:00:00,14.5,53.5,3.32,11.18,8.65,15.38,2.68,0.91,35.54,1.32,5.2,,,,,,69.25,1.42,82.75,0.0,0.0,15.75,,
2024-05-26 03:00:00,15.25,60.75,2.1,9.18,6.55,16.32,3.32,0.96,37.83,1.35,5.3,,,,,,69.0,1.7,94.25,0.0,0.0,16.0,,
2024-05-26 04:00:00,12.75,50.0,2.25,8.95,6.58,16.38,4.28,0.82,19.7,1.38,5.12,,,,,,68.0,1.65,101.25,0.0,0.0,16.0,,
2024-05-26 05:00:00,12.0,48.0,3.38,8.98,7.42,13.88,4.22,0.59,25.73,1.25,4.42,,,,,,67.0,1.92,118.5,0.0,0.0,15.25,,
2024-05-26 06:00:00,13.5,52.5,3.35,10.73,8.4,13.25,2.7,0.62,27.0,1.18,4.15,,,,,,68.75,1.95,114.5,0.0,0.0,26.5,,
2024-05-26 07:00:00,16.75,61.0,5.15,12.98,11.08,13.38,2.62,0.76,33.17,1.3,4.1,,,,,,67.75,1.68,107.25,0.0,0.0,53.5,,
2024-05-26 08:00:00,15.5,73.25,4.22,13.65,10.68,11.9,1.05,0.76,50.13,1.45,4.25,,,,,,69.25,2.1,102.25,0.0,0.0,118.0,,
2024-05-26 09:00:00,22.25,76.75,3.7,12.38,9.57,11.68,0.73,0.83,45.23,1.55,4.4,,,,,,68.5,1.88,102.25,0.0,0.0,166.5,,
2024-05-26 10:00:00,19.5,82.5,3.7,11.28,9.0,12.62,2.17,0.82,47.78,1.42,4.65,,,,,,70.0,2.1,117.5,0.0,0.0,287.5,,
2024-05-26 11:00:00,17.0,74.5,2.27,10.97,7.67,14.37,4.03,0.69,41.16,1.32,4.58,,,,,,68.25,2.17,140.5,0.0,0.0,341.0,,
2024-05-26 12:00:00,14.0,72.0,3.23,11.23,8.6,18.53,2.1,0.69,44.25,1.4,4.85,,,,,,66.5,2.15,135.0,0.0,0.0,344.5,,
2024-05-26 13:00:00,15.0,68.5,3.1,11.3,7.85,15.7,,0.63,51.4,1.3,4.6,,,,,,67.25,2.28,116.25,0.0,0.0,266.5,,
2024-05-26 14:00:00,16.75,64.75,3.35,10.6,8.38,15.58,1.62,0.38,52.97,1.27,4.75,,,,,,67.5,2.22,160.25,0.0,0.0,231.5,,
2024-05-26 15:00:00,13.0,58.75,4.42,9.78,8.77,15.92,2.92,0.57,60.56,1.1,4.25,,,,,,66.75,1.4,196.0,0.0,0.0,148.0,,
2024-05-26 16:00:00,15.5,74.25,3.3,12.02,9.05,15.52,3.0,0.56,74.68,1.08,4.3,,,,,,67.0,1.25,225.75,0.0,0.0,83.5,,
2024-05-26 17:00:00,24.0,108.25,2.55,15.5,10.35,16.65,2.92,0.71,68.26,1.18,4.32,,,,,,67.25,1.58,212.5,0.0,0.0,43.75,,
2024-05-26 18:00:00,27.25,97.75,2.38,19.42,12.25,17.68,4.72,1.09,54.24,1.27,4.9,,,,,,67.25,1.35,226.25,0.0,0.0,16.25,,
2024-05-26 19:00:00,30.75,127.25,2.92,37.88,22.52,24.32,4.58,1.18,22.67,1.78,6.7,,,,,,65.75,1.6,222.25,0.0,0.0,15.0,,
2024-05-26 20:00:00,37.75,149.25,4.53,35.88,22.8,24.18,4.97,1.03,24.36,2.5,8.62,,,,,,66.5,1.92,233.25,0.0,0.0,15.0,,
2024-05-26 21:00:00,32.5,127.25,4.1,37.33,23.18,23.45,5.03,1.01,26.56,2.32,8.18,,,,,,66.0,2.33,212.5,0.0,0.0,15.0,,
2024-05-26 22:00:00,25.75,106.75,3.18,25.15,15.95,22.35,3.15,0.93,30.62,2.22,7.72,,,,,,65.0,2.88,169.25,0.0,0.0,15.0,,
2024-05-26 23:00:00,19.25,87.5,4.3,21.02,14.68,20.3,2.55,0.75,35.82,1.95,6.72,,,,,,66.5,2.02,125.75,0.0,0.0,15.0,,
2024-05-27 00:00:00,18.0,79.25,3.95,12.1,9.65,15.85,4.15,0.66,42.48,1.55,5.32,,,,,,67.75,2.53,110.5,0.0,0.0,15.0,,
2024-05-27 01:00:00,12.0,59.0,2.65,8.82,6.88,14.78,4.47,0.67,42.92,1.18,4.08,,,,,,67.5,2.68,116.5,0.0,0.0,15.0,,
2024-05-27 02:00:00,11.0,58.25,2.58,7.05,5.88,13.9,5.1,0.65,40.5,0.95,3.3,,,,,,67.75,2.75,125.25,0.0,0.0,15.0,,
2024-05-27 03:00:00,9.0,56.25,0.97,7.18,4.38,17.3,5.25,0.56,26.98,0.82,3.0,,,,,,67.25,2.82,135.75,0.0,0.0,15.0,,
2024-05-27 04:00:00,11.0,56.75,2.95,7.2,6.22,15.75,3.08,0.54,30.18,0.8,2.9,,,,,,66.75,2.58,116.5,0.0,0.0,15.0,,
2024-05-27 05:00:00,7.67,56.25,2.2,8.57,6.38,15.65,1.7,0.57,31.66,0.7,2.62,,,,,,67.5,2.42,124.25,0.0,0.0,15.25,,
2024-05-27 06:00:00,9.25,60.25,3.2,9.75,7.72,15.68,3.75,0.59,31.9,0.75,2.68,,,,,,67.25,2.5,130.0,0.0,0.0,43.75,,
2024-05-27 07:00:00,16.0,76.0,4.8,12.4,10.45,17.0,5.1,0.71,35.57,0.85,2.85,,,,,,67.0,2.72,138.75,0.0,0.0,124.5,,
2024-05-27 08:00:00,16.25,92.5,4.38,12.32,10.0,16.05,3.58,0.73,44.69,1.02,3.2,,,,,,67.75,2.9,151.5,0.0,0.0,199.0,,
2024-05-27 09:00:00,16.25,87.25,3.62,9.05,7.72,14.35,3.08,0.73,52.78,0.9,3.1,,,,,,67.5,2.35,174.5,0.0,0.0,286.5,,
2024-05-27 10:00:00,14.0,83.75,2.9,11.1,8.3,15.78,2.17,0.29,60.22,0.9,3.35,,,,,,67.75,1.95,177.0,0.0,0.0,327.0,,
2024-05-27 11:00:00,13.75,76.75,1.33,9.47,6.17,19.1,2.5,0.4,49.3,1.02,3.72,,,,,,67.0,1.8,156.75,0.0,0.0,372.5,,
2024-05-27 12:00:00,13.25,66.75,2.73,10.0,7.5,24.23,4.0,0.72,61.25,1.1,4.0,,,,,,66.0,1.88,147.75,0.0,0.0,359.0,,
2024-05-27 13:00:00,13.75,66.25,3.02,10.92,8.25,21.0,3.85,0.58,67.77,1.08,4.03,,,,,,66.25,1.8,137.0,0.0,0.0,302.0,,
2024-05-27 14:00:00,13.0,67.75,2.48,11.18,7.95,19.95,3.75,0.68,59.14,1.1,4.28,,,,,,65.75,1.98,132.0,0.0,0.0,253.5,,
2024-05-27 15:00:00,14.25,73.25,3.62,11.1,8.82,19.62,5.03,0.77,65.56,1.03,4.88,,,,,,65.25,1.8,145.25,0.0,0.0,223.0,,
2024-05-27 16:00:00,19.75,89.25,3.12,13.22,9.65,22.3,5.78,0.88,70.37,1.0,6.12,,,,,,65.5,2.45,174.0,0.0,0.0,137.5,,
2024-05-27 17:00:00,27.0,115.0,3.82,19.05,13.28,25.95,5.05,1.1,71.1,1.2,7.5,,,,,,65.75,3.05,245.0,0.0,0.0,55.5,,
2024-05-27 18:00:00,31.75,135.0,2.35,22.25,13.75,26.7,3.0,1.27,60.17,1.58,7.55,,,,,,65.25,2.75,259.5,0.0,0.0,17.0,,
2024-05-27 19:00:00,31.5,127.0,1.77,23.5,13.5,28.0,2.7,0.99,42.53,2.2,9.2,,,,,,64.5,3.7,233.75,0.0,0.0,15.5,,
2024-05-27 20:00:00,22.5,104.0,2.92,17.32,11.6,25.82,1.4,1.1,46.26,2.02,8.02,,,,,,64.5,3.7,256.75,0.0,0.0,15.0,,
2024-05-27 21:00:00,16.5,76.5,2.65,16.32,10.85,23.7,0.55,1.13,41.21,1.72,6.7,,,,,,65.5,2.8,244.5,0.0,0.0,15.25,,
2024-05-27 22:00:00,13.5,67.0,2.7,15.15,10.28,22.58,1.38,1.16,38.07,1.6,6.3,,,,,,66.0,2.68,210.5,0.0,0.0,15.25,,
2024-05-27 23:00:00,18.25,68.0,4.53,14.75,11.58,19.98,2.12,1.14,47.43,1.35,5.55,,,,,,65.5,2.42,198.25,0.0,0.0,15.0,,
2024-05-28 00:00:00,18.25,60.5,3.28,11.32,8.68,18.77,3.52,0.68,48.32,1.1,4.38,,,,,,66.75,2.82,185.25,0.0,0.0,15.0,,
2024-05-28 01:00:00,15.0,60.0,3.9,13.62,10.42,17.68,3.82,0.64,37.63,1.1,3.78,,,,,,66.75,2.65,181.0,0.0,0.0,15.0,,
2024-05-28 02:00:00,14.5,69.75,2.95,15.1,10.42,17.18,1.98,0.64,35.48,1.15,3.7,,,,,,66.0,2.0,177.0,0.0,0.0,15.0,,
2024-05-28 03:00:00,19.75,63.25,2.7,19.42,12.5,21.6,1.23,0.54,24.56,1.2,4.28,,,,,,65.75,1.92,141.75,0.0,0.0,15.0,,
2024-05-28 04:00:00,13.25,61.25,3.6,18.9,12.98,18.75,2.82,0.58,25.23,1.4,4.8,,,,,,65.75,2.05,132.25,0.0,0.0,15.0,,
2024-05-28 05:00:00,13.5,58.25,3.75,14.25,10.62,18.15,3.5,0.6,27.34,1.4,5.0,,,,,,66.75,2.3,93.0,0.0,0.0,15.25,,
2024-05-28 06:00:00,15.0,78.5,3.95,12.78,9.98,17.77,4.0,0.61,27.44,1.4,4.9,,,,,,66.5,2.12,113.0,0.0,0.0,40.0,,
2024-05-28 07:00:00,23.0,93.75,5.3,11.5,10.5,16.2,4.65,0.69,34.99,1.27,4.68,,,,,,66.25,2.2,109.0,0.0,0.0,116.25,,
2024-05-28 08:00:00,20.75,96.5,3.68,10.9,8.8,14.5,4.9,0.68,39.94,1.12,4.4,,,,,,67.5,2.65,115.0,0.0,0.0,207.25,,
2024-05-28 09:00:00,24.25,92.0,3.0,10.32,7.85,15.05,4.72,0.7,44.0,1.08,4.03,,,,,,67.5,2.38,150.75,0.0,0.0,298.75,,
2024-05-28 10:00:00,25.25,101.25,2.58,9.93,7.4,16.4,3.23,0.71,48.32,1.08,4.4,,,,,,67.0,2.17,169.25,0.0,0.0,360.5,,
2024-05-28 11:00:00,17.25,100.5,0.83,10.63,6.37,21.27,2.37,0.57,39.59,1.1,4.82,,,,,,66.0,2.25,230.75,0.0,0.0,402.75,,
2024-05-28 12:00:00,18.0,97.0,2.37,10.6,7.5,25.37,1.5,0.56,48.51,1.1,5.2,,,,,,66.25,2.08,159.0,0.0,0.0,385.5,,
2024-05-28 13:00:00,18.5,99.25,2.72,10.3,7.7,21.9,1.92,0.55,51.84,1.08,5.58,,,,,,66.5,1.98,150.75,0.0,0.0,355.0,,
2024-05-28 14:00:00,19.0,95.25,2.82,10.77,8.02,21.58,2.6,0.55,51.35,1.02,5.38,,,,,,65.25,1.85,124.5,0.0,0.0,317.5,,
2024-05-28 15:00:00,17.33,94.5,4.68,12.4,10.42,22.2,3.85,0.68,58.11,0.95,5.45,,,,,,64.5,1.85,213.25,0.0,0.0,203.25,,
2024-05-28 16:00:00,21.25,113.0,3.08,12.8,9.32,24.22,1.77,0.76,66.94,1.25,6.38,,,,,,64.75,3.5,179.75,0.0,0.0,133.5,,
2024-05-28 17:00:00,26.5,129.5,2.88,18.45,12.15,27.05,0.93,0.84,64.92,1.32,5.7,,,,,,64.25,3.45,209.75,0.0,0.0,58.75,,
2024-05-28 18:00:00,33.0,134.5,2.65,22.05,13.9,28.58,1.75,0.92,58.94,1.52,5.9,,,,,,65.75,2.58,222.25,0.0,0.0,18.25,,
2024-05-28 19:00:00,38.0,140.25,1.62,26.0,15.1,32.67,3.08,0.95,41.7,2.4,8.6,,,,,,64.25,2.65,240.5,0.0,0.0,15.0,,
2024-05-28 20:00:00,32.25,144.25,2.9,24.5,15.38,27.25,1.9,0.9,48.76,2.48,9.1,,,,,,64.5,3.12,274.25,0.0,0.0,15.0,,
2024-05-28 21:00:00,21.5,110.0,2.68,20.3,13.0,23.22,0.7,0.79,55.12,2.08,7.85,,,,,,65.25,3.12,276.75,0.0,0.0,15.0,,
2024-05-28 22:00:00,15.5,85.25,3.0,17.45,11.75,22.0,0.55,0.78,49.0,1.8,6.65,,,,,,65.5,2.7,261.75,0.0,0.0,15.0,,
2024-05-28 23:00:00,19.25,78.25,4.73,14.5,11.6,19.8,1.05,0.79,50.03,1.38,5.45,,,,,,65.5,2.45,257.25,0.0,0.0,15.0,,
2024-05-29 00:00:00,16.75,62.5,2.98,14.02,9.88,18.77,1.82,0.66,43.22,1.12,4.62,,,,,,66.0,2.62,221.5,0.0,0.0,15.0,,
2024-05-29 01:00:00,16.5,62.25,3.08,22.6,14.55,19.08,1.78,0.61,33.91,1.1,4.32,,,,,,66.25,2.52,166.25,0.0,0.0,15.0,,
2024-05-29 02:00:00,18.0,73.0,4.45,24.48,16.6,19.98,2.15,0.55,32.47,1.18,4.45,,,,,,66.5,2.17,131.5,0.0,0.0,15.0,,
2024-05-29 03:00:00,18.0,67.25,2.08,13.75,9.02,22.72,1.58,0.53,29.07,1.38,5.12,,,,,,65.75,2.03,134.25,0.0,0.0,15.0,,
2024-05-29 04:00:00,16.75,68.0,3.42,12.08,9.25,19.82,1.58,0.53,29.4,1.32,5.43,,,,,,66.0,2.17,137.75,0.0,0.0,15.0,,
2024-05-29 05:00:00,13.75,67.0,3.75,10.92,8.82,18.42,1.78,0.49,30.52,1.23,5.58,,,,,,67.0,2.33,112.75,0.0,0.0,15.25,,
2024-05-29 06:00:00,15.25,65.25,4.32,10.52,9.12,17.1,3.0,0.54,31.95,1.15,5.7,,,,,,66.25,2.45,145.25,0.0,0.0,48.0,,
2024-05-29 07:00:00,13.0,71.75,5.72,11.42,10.78,14.88,3.6,0.63,36.6,1.05,4.6,,,,,,66.0,2.35,142.5,0.0,0.0,103.25,,
2024-05-29 08:00:00,14.25,80.25,3.82,11.12,9.05,14.9,3.65,0.66,41.4,1.02,4.1,,,,,,67.0,2.4,166.75,0.0,0.0,205.75,,
2024-05-29 09:00:00,17.0,84.5,3.78,11.15,8.98,14.95,3.52,0.66,42.29,1.1,4.25,,,,,,68.25,2.15,191.5,0.0,0.0,197.75,,
2024-05-29 10:00:00,14.5,94.75,2.3,11.78,8.12,17.0,3.4,0.61,45.47,1.05,4.28,,,,,,66.75,2.0,169.0,0.0,0.0,297.75,,
2024-05-29 11:00:00,17.75,90.0,1.7,11.53,6.83,21.52,34.25,0.55,57.04,1.18,4.97,,,,,,66.25,1.92,177.75,0.0,0.0,410.25,,
2024-05-29 12:00:00,19.5,78.5,2.83,9.17,7.17,26.93,3.4,0.55,57.09,1.1,5.08,,,,,,66.25,1.72,171.5,0.0,0.0,378.0,,
2024-05-29 13:00:00,9.75,81.5,3.05,10.15,7.9,22.65,3.28,0.52,62.18,1.05,5.5,,,,,,65.5,1.7,171.75,0.0,0.0,358.5,,
2024-05-29 14:00:00,14.5,92.0,3.25,14.48,10.3,23.17,4.12,0.63,74.14,1.18,5.6,,,,,,65.25,2.62,215.75,0.0,0.0,299.0,,
2024-05-29 15:00:00,22.0,105.25,4.0,14.1,10.75,24.1,5.45,0.73,68.7,1.18,5.7,,,,,,65.5,2.68,224.75,0.0,0.0,191.25,,
2024-05-29 16:00:00,22.75,91.0,2.65,12.12,8.6,23.42,4.25,0.77,68.06,1.1,5.08,,,,,,65.25,3.18,232.0,0.0,0.0,142.75,,
2024-05-29 17:00:00,24.5,97.5,2.9,18.6,12.3,25.55,2.88,0.83,67.72,1.12,4.9,,,,,,64.0,3.1,255.75,0.0,0.0,51.75,,
2024-05-29 18:00:00,21.75,112.0,2.8,21.42,12.2,28.48,2.55,0.84,57.82,1.38,5.45,,,,,,64.25,2.98,260.25,0.0,0.0,15.75,,
2024-05-29 19:00:00,19.25,97.75,2.2,21.9,13.4,28.18,2.75,0.83,55.42,1.8,6.48,,,,,,65.0,2.75,263.0,0.0,0.0,15.0,,
2024-05-29 20:00:00,21.5,96.5,2.92,22.85,14.52,25.22,2.8,0.88,52.77,2.3,8.0,,,,,,65.0,2.78,264.75,0.0,0.0,15.0,,
2024-05-29 21:00:00,16.75,79.0,2.65,15.7,10.52,22.75,3.12,0.77,59.39,1.9,6.68,,,,,,64.5,2.9,265.0,0.0,0.0,15.0,,
2024-05-29 22:00:00,13.75,57.25,3.38,16.12,11.32,21.05,2.9,0.81,52.38,1.7,6.02,,,,,,65.25,2.4,278.75,0.0,0.0,15.0,,
2024-05-29 23:00:00,8.5,51.0,2.75,14.68,10.02,18.75,2.17,0.74,53.17,1.3,5.08,,,,,,65.75,2.75,254.5,0.0,0.0,15.0,,
2024-05-30 00:00:00,11.75,36.0,3.02,10.18,7.9,17.85,2.68,0.62,49.44,0.95,3.82,,,,,,66.0,2.52,236.75,0.0,0.0,15.0,,
2024-05-30 01:00:00,7.75,26.5,2.3,10.1,7.25,17.27,2.42,0.56,46.4,0.72,3.2,,,,,,65.5,2.95,197.25,0.0,0.0,15.0,,
2024-05-30 02:00:00,7.5,25.75,1.13,7.98,4.78,19.77,3.6,0.45,40.7,0.6,2.6,,,,,,65.0,3.5,195.5,0.0,0.0,15.0,,
2024-05-30 03:00:00,8.5,27.25,3.15,23.0,14.8,21.55,4.88,0.48,34.95,0.62,2.42,,,,,,66.5,2.85,195.5,0.0,0.0,15.0,,
2024-05-30 04:00:00,7.25,29.0,3.65,22.32,14.85,20.3,4.38,0.48,34.64,0.95,2.95,,,,,,65.75,3.05,175.75,0.0,0.0,15.0,,
2024-05-30 05:00:00,9.5,44.0,3.5,17.27,12.05,19.27,4.5,0.52,31.46,1.05,2.82,,,,,,66.0,2.5,187.0,0.0,0.0,15.25,,
2024-05-30 06:00:00,14.75,51.25,5.85,18.17,14.42,18.48,5.72,0.65,33.37,1.15,3.4,,,,,,66.25,2.5,195.5,0.0,0.0,49.25,,
2024-05-30 07:00:00,18.5,53.75,5.2,18.45,14.0,16.82,5.5,0.72,39.94,1.23,3.58,,,,,,67.0,2.17,177.5,0.0,0.0,130.75,,
2024-05-30 08:00:00,24.0,79.75,3.88,17.23,12.32,17.15,4.65,0.78,40.18,1.5,4.42,,,,,,66.5,1.8,137.75,0.0,0.0,219.0,,
2024-05-30 09:00:00,27.0,92.75,2.85,15.95,10.82,17.5,4.58,0.62,52.48,1.62,4.78,,,,,,66.75,1.98,144.25,0.0,0.0,296.75,,
2024-05-30 10:00:00,24.75,102.75,1.42,13.85,8.57,21.6,5.93,0.66,56.79,1.78,5.95,,,,,,66.5,1.62,152.25,0.0,0.0,368.0,,
2024-05-30 11:00:00,18.0,87.5,2.17,12.2,8.27,22.67,5.57,0.5,64.48,1.67,5.55,,,,,,66.75,1.38,194.25,0.0,0.0,406.0,,
2024-05-30 12:00:00,17.5,79.5,3.2,13.23,9.67,28.53,2.45,0.32,71.3,1.53,5.5,,,,,,66.0,1.5,222.0,0.0,0.0,407.25,,
2024-05-30 13:00:00,16.5,82.75,2.5,14.6,9.8,26.2,1.03,0.28,81.78,1.55,5.98,,,,,,64.75,2.92,206.5,0.0,0.0,378.75,,
2024-05-30 14:00:00,16.75,95.0,3.58,11.82,9.2,25.35,4.12,0.53,86.48,1.55,6.75,,,,,,64.25,3.28,193.5,0.0,0.0,322.0,,
2024-05-30 15:00:00,14.5,86.0,2.02,11.15,7.55,24.88,5.28,0.3,81.19,1.2,5.0,,,,,,64.75,3.7,211.0,0.0,0.0,233.0,,
2024-05-30 16:00:00,17.25,74.5,2.55,11.42,8.15,24.45,5.5,0.65,86.73,1.1,4.15,,,,,,64.5,3.8,246.25,0.0,0.0,146.0,,
2024-05-30 17:00:00,13.5,69.0,3.0,14.12,9.93,24.65,4.95,0.78,75.75,1.12,4.15,,,,,,65.25,3.08,210.75,0.0,0.0,52.5,,
2024-05-30 18:00:00,17.75,76.0,1.1,19.32,11.2,27.65,1.88,0.73,68.16,1.48,4.82,,,,,,64.5,3.12,270.5,0.0,0.0,16.25,,
2024-05-30 19:00:00,15.5,79.0,2.65,20.08,12.82,26.38,1.25,0.8,70.51,1.72,5.6,,,,,,64.75,3.25,271.25,0.0,0.0,15.0,,
2024-05-30 20:00:00,12.75,79.5,2.85,21.28,13.65,25.72,2.22,0.9,69.43,2.1,7.35,,,,,,64.25,3.02,295.75,0.0,0.0,15.0,,
2024-05-30 21:00:00,17.5,83.25,2.8,22.42,14.2,24.6,3.12,0.94,65.81,2.18,7.88,,,,,,64.25,2.6,269.25,0.0,0.0,15.0,,
2024-05-30 22:00:00,16.25,87.75,4.4,23.72,16.2,23.48,2.6,1.04,62.92,2.1,7.62,,,,,,64.5,2.62,266.75,0.0,0.0,15.25,,
2024-05-30 23:00:00,16.75,75.5,5.45,18.15,11.42,29.52,3.38,0.9,58.94,1.82,6.8,,,,,,64.0,3.1,264.5,0.0,0.0,15.5,,
2024-05-31 00:00:00,16.0,59.0,4.28,17.78,12.92,21.62,3.12,0.68,58.65,1.27,4.88,,,,,,65.0,3.02,239.25,0.0,0.0,15.0,,
2024-05-31 01:00:00,14.75,54.25,2.7,10.4,7.78,20.8,3.95,0.62,60.08,1.05,3.58,,,,,,65.0,3.08,205.75,0.0,0.0,15.0,,
2024-05-31 02:00:00,10.33,39.75,3.25,9.85,6.52,22.82,3.28,0.53,46.65,0.98,2.8,,,,,,65.25,2.58,216.75,0.0,0.0,15.0,,
2024-05-31 03:00:00,8.75,37.0,2.28,9.62,7.0,24.0,2.82,0.54,46.19,1.05,3.02,,,,,,65.75,2.33,199.25,0.0,0.0,15.0,,
2024-05-31 04:00:00,7.75,34.75,3.1,13.23,9.6,21.95,4.62,0.56,40.03,1.0,2.85,,,,,,65.0,2.4,155.0,0.0,0.0,15.0,,
2024-05-31 05:00:00,7.25,46.25,3.02,14.08,9.9,22.1,5.58,0.6,36.9,1.1,3.2,,,,,,66.0,1.9,137.0,0.0,0.0,15.5,,
2024-05-31 06:00:00,10.25,53.75,4.62,16.45,12.5,20.55,2.35,0.74,35.33,1.3,4.0,,,,,,66.25,1.42,135.5,0.0,0.0,50.0,,
2024-05-31 07:00:00,16.75,79.25,5.28,15.32,12.48,18.68,0.85,0.76,39.1,1.32,4.5,,,,,,66.75,1.18,108.25,0.0,0.0,130.0,,
2024-05-31 08:00:00,18.75,96.25,3.4,14.25,10.32,18.1,3.65,0.8,43.51,1.42,5.28,,,,,,67.0,1.12,146.25,0.0,0.0,221.25,,
2024-05-31 09:00:00,27.25,103.0,2.98,12.78,9.22,18.5,4.32,0.81,54.24,1.5,5.22,,,,,,66.25,1.52,256.5,0.0,0.0,303.0,,
2024-05-31 10:00:00,26.75,111.5,1.75,13.2,8.43,23.92,4.47,0.66,63.07,1.5,5.38,,,,,,66.25,1.85,294.25,0.0,0.0,367.5,,
2024-05-31 11:00:00,24.75,121.25,1.77,15.53,9.67,27.03,6.5,0.7,80.46,1.75,5.4,,,,,,65.5,2.5,230.5,0.0,0.0,401.75,,
2024-05-31 12:00:00,28.5,147.0,2.7,16.1,10.77,32.67,3.88,0.68,88.06,1.9,6.3,,,,,,65.25,2.65,214.0,0.0,0.0,411.0,,
2024-05-31 13:00:00,22.5,116.0,2.72,14.68,10.02,27.7,2.5,0.64,89.47,1.78,6.55,,,,,,65.75,2.8,195.5,0.0,0.0,385.75,,
2024-05-31 14:00:00,18.25,95.25,4.28,13.1,10.42,26.05,3.68,0.72,84.23,1.5,5.72,,,,,,64.25,3.1,194.25,0.0,0.0,324.0,,
2024-05-31 15:00:00,20.0,93.25,2.5,10.72,7.75,25.45,4.45,0.72,87.62,1.23,4.82,,,,,,65.0,3.5,221.75,0.0,0.0,244.5,,
2024-05-31 16:00:00,21.75,85.0,2.72,11.28,8.23,24.95,4.97,0.73,87.91,1.18,4.22,,,,,,65.0,3.78,240.75,0.0,0.0,149.0,,
2024-05-31 17:00:00,19.0,82.5,2.35,13.68,9.2,26.28,4.97,0.76,101.58,1.12,3.9,,,,,,64.75,3.95,257.25,0.0,0.0,53.25,,
2024-05-31 18:00:00,20.5,73.75,1.83,15.15,8.82,30.95,2.95,0.68,79.28,1.18,4.2,,,,,,64.5,3.78,296.5,0.0,0.0,16.5,,
2024-05-31 19:00:00,14.33,67.33,2.33,16.47,10.67,27.27,1.5,0.67,67.95,1.47,4.43,,,,,,63.67,3.33,279.33,0.0,0.0,15.0,,
2024-05-31 20:00:00,13.0,62.25,3.1,16.45,11.28,25.9,1.23,0.73,64.04,1.75,5.5,,,,,,65.0,3.6,250.75,0.0,0.0,15.0,,
2024-05-31 21:00:00,17.25,61.25,2.48,14.02,9.48,25.1,0.85,0.7,62.28,1.72,6.02,,,,,,64.75,3.8,254.0,0.0,0.0,15.0,,
2024-05-31 22:00:00,12.0,56.25,4.22,13.95,10.9,22.92,2.68,0.77,57.62,1.35,5.1,,,,,,65.0,2.85,238.75,0.0,0.0,15.0,,
2024-05-31 23:00:00,12.0,57.0,2.67,12.9,9.0,21.43,3.07,0.7,55.53,1.17,4.47,,,,,,65.67,3.23,256.67,0.0,0.0,15.0,,
2024-06-01 00:00:00,16.25,51.0,2.98,9.55,7.5,20.12,2.9,0.6,55.08,0.82,3.32,,,,,,65.0,2.75,215.75,0.0,0.0,15.0,,
2024-06-01 01:00:00,11.25,47.75,2.72,10.32,7.68,19.38,2.92,0.57,49.74,0.68,2.82,,,,,,65.75,3.05,171.75,0.0,0.0,15.0,,
2024-06-01 02:00:00,11.25,40.25,1.1,10.68,5.98,22.4,3.4,0.49,39.07,0.72,2.62,,,,,,65.25,2.35,186.75,0.0,0.0,15.0,,
2024-06-01 03:00:00,9.5,45.25,2.95,10.82,8.15,21.45,2.62,0.52,37.76,0.8,2.85,,,,,,65.75,1.93,212.75,0.0,0.0,15.0,,
2024-06-01 04:00:00,11.5,40.25,3.15,11.52,8.7,20.18,3.22,0.52,34.45,0.82,2.9,,,,,,66.5,2.02,192.0,0.0,0.0,15.0,,
2024-06-01 05:00:00,12.5,42.5,3.5,13.88,10.2,20.12,3.15,0.53,31.95,0.95,3.2,,,,,,65.5,2.1,165.5,0.0,0.0,15.0,,
2024-06-01 06:00:00,11.5,49.75,5.62,14.58,12.35,18.92,4.3,0.68,39.0,0.98,3.08,,,,,,66.0,2.28,154.5,0.0,0.0,35.0,,
2024-06-01 07:00:00,14.0,61.5,4.15,15.45,11.62,18.3,5.55,0.75,37.09,1.12,3.45,,,,,,66.75,2.2,130.75,0.0,0.0,111.75,,
2024-06-01 08:00:00,17.75,75.25,3.32,15.3,10.8,18.35,5.25,0.8,40.91,1.32,3.7,,,,,,67.75,2.12,151.75,0.0,0.0,181.25,,
2024-06-01 09:00:00,20.5,88.75,3.52,15.8,11.3,19.62,4.5,0.85,53.51,1.45,4.2,,,,,,67.25,1.85,116.5,0.0,0.0,282.5,,
2024-06-01 10:00:00,23.5,100.5,1.33,18.35,10.78,25.98,4.57,0.79,49.59,1.78,5.3,,,,,,66.5,2.62,207.5,0.0,0.0,353.5,,
2024-06-01 11:00:00,26.5,99.0,2.33,16.1,10.47,25.03,3.4,0.68,66.0,1.88,5.48,,,,,,66.0,2.9,216.25,0.0,0.0,393.25,,
2024-06-01 12:00:00,21.5,93.25,2.63,12.73,8.87,30.17,2.88,0.46,70.95,1.75,5.22,,,,,,65.5,3.88,187.75,0.0,0.0,398.75,,
2024-06-01 13:00:00,19.0,97.0,2.48,12.2,8.52,25.3,2.1,0.33,74.24,1.42,5.2,,,,,,65.5,3.82,169.5,0.0,0.0,344.0,,
2024-06-01 14:00:00,14.25,79.25,3.9,10.38,8.65,24.0,4.97,0.38,79.18,1.18,3.75,,,,,,64.75,4.5,176.5,0.0,0.0,314.75,,
2024-06-01 15:00:00,13.0,84.0,2.25,9.98,7.12,24.2,6.68,0.38,68.55,0.92,2.82,,,,,,64.25,4.28,190.25,0.0,0.0,230.25,,
2024-06-01 16:00:00,23.75,93.0,2.6,7.8,6.28,23.05,5.18,0.18,67.57,0.72,2.48,,,,,,65.0,5.15,194.5,0.0,0.0,143.5,,
2024-06-01 17:00:00,18.25,74.0,2.55,7.5,6.12,21.85,3.72,0.4,53.85,0.68,2.28,,,,,,65.25,5.1,218.25,0.0,0.0,61.75,,
2024-06-01 18:00:00,12.5,44.25,2.98,8.57,6.95,20.98,3.25,0.66,48.02,0.7,2.85,,,,,,65.25,4.95,239.5,0.0,0.0,16.0,,
2024-06-01 19:00:00,10.5,43.25,2.62,10.0,7.45,20.05,2.5,0.87,43.32,0.8,2.92,,,,,,65.75,4.38,269.25,0.0,0.0,15.0,,
2024-06-01 20:00:00,9.75,39.0,2.45,10.1,7.35,18.42,3.68,0.84,44.98,0.78,2.82,,,,,,65.25,4.45,254.5,0.0,0.0,15.0,,
2024-06-01 21:00:00,13.0,45.25,2.1,9.85,7.02,18.27,4.47,0.88,43.66,0.85,3.32,,,,,,65.25,3.65,212.75,0.0,0.0,15.0,,
2024-06-01 22:00:00,16.5,55.75,1.77,12.28,7.45,20.9,5.38,0.71,39.59,1.15,4.5,,,,,,65.0,3.45,230.5,0.0,0.0,15.0,,
2024-06-01 23:00:00,15.25,57.75,2.7,11.3,8.18,18.12,6.02,0.3,45.03,1.12,4.0,,,,,,66.0,1.58,151.25,0.0,0.0,15.0,,
2024-06-02 00:00:00,8.0,57.5,2.33,9.07,6.7,17.52,4.7,0.68,55.08,1.15,4.12,,,,,,66.0,2.48,174.5,0.0,0.0,15.0,,
2024-06-02 01:00:00,10.25,50.5,2.92,7.1,6.15,17.2,3.4,0.83,61.44,0.88,3.15,,,,,,66.5,2.2,143.25,0.0,0.0,15.0,,
2024-06-02 02:00:00,7.5,23.5,4.0,7.95,7.45,13.98,3.02,0.6,58.61,0.72,2.7,,,,,,66.75,1.23,153.5,0.0,0.0,15.0,,
2024-06-02 03:00:00,5.0,19.25,2.78,7.43,6.25,13.9,3.2,0.57,57.17,0.68,2.72,,,,,,69.0,0.82,160.75,0.0,0.0,14.5,,
2024-06-02 04:00:00,3.75,22.25,3.1,10.78,8.28,12.62,4.12,0.58,44.93,0.7,2.92,,,,,,69.0,1.02,190.5,0.0,0.0,14.0,,
2024-06-02 05:00:00,11.0,33.75,3.12,18.0,12.1,14.78,4.75,0.53,34.64,0.85,3.45,,,,,,68.25,1.1,200.5,0.0,0.0,14.25,,
2024-06-02 06:00:00,15.0,46.25,3.1,18.32,12.27,17.27,4.2,0.45,35.33,1.02,3.85,,,,,,67.25,2.12,226.5,0.0,0.0,31.0,,
2024-06-02 07:00:00,10.75,45.5,4.05,20.98,14.48,17.32,3.12,0.58,38.71,1.15,4.08,,,,,,67.0,2.35,161.0,0.0,0.0,107.75,,
2024-06-02 08:00:00,16.25,65.75,4.6,19.4,14.08,18.7,3.75,0.51,44.2,1.35,4.43,,,,,,67.0,1.85,93.75,0.0,0.0,214.25,,
2024-06-02 09:00:00,17.25,84.0,3.5,16.38,11.5,18.25,5.42,0.57,56.06,1.38,5.08,,,,,,67.75,1.32,177.75,0.0,0.0,291.25,,
2024-06-02 10:00:00,17.5,74.25,3.42,12.62,9.48,17.65,3.87,0.68,73.94,1.23,4.6,,,,,,67.75,1.32,181.25,0.0,0.0,353.25,,
2024-06-02 11:00:00,14.25,71.5,2.73,12.23,8.73,18.47,4.5,0.76,93.93,1.18,4.38,,,,,,67.25,1.95,198.5,0.0,0.0,385.0,,
2024-06-02 12:00:00,13.0,102.0,3.6,17.43,12.17,24.53,3.75,0.9,99.67,1.3,4.68,,,,,,66.5,2.78,209.5,0.0,0.0,384.25,,
2024-06-02 13:00:00,24.5,114.5,2.2,16.8,10.25,23.5,4.62,0.8,95.21,1.4,5.3,,,,,,66.5,2.92,218.25,0.0,0.0,352.75,,
2024-06-02 14:00:00,22.0,102.25,1.75,14.6,9.2,25.85,6.82,0.5,91.43,1.32,5.4,,,,,,66.0,2.88,224.25,0.0,0.0,297.5,,
2024-06-02 15:00:00,17.25,82.0,2.85,11.95,8.62,24.82,6.0,0.42,85.12,1.1,4.22,,,,,,65.5,3.38,241.5,0.0,0.0,178.75,,
2024-06-02 16:00:00,13.25,62.0,2.45,8.35,6.4,24.22,4.92,0.34,73.74,0.9,3.4,,,,,,65.5,3.28,241.0,0.0,0.0,86.25,,
2024-06-02 17:00:00,15.75,51.0,3.25,8.5,7.15,21.3,4.4,0.46,63.9,0.78,2.85,,,,,,64.75,2.9,273.25,0.0,0.0,39.75,,
2024-06-02 18:00:00,13.0,38.0,2.7,7.52,6.22,19.3,3.2,0.62,68.06,0.62,2.17,,,,,,66.25,3.12,259.0,0.0,0.0,15.25,,
2024-06-02 19:00:00,13.75,41.5,2.65,9.28,7.1,18.4,3.0,0.66,61.69,0.6,2.0,,,,,,65.25,3.3,267.0,0.0,0.0,15.0,,
2024-06-02 20:00:00,6.75,32.5,2.52,9.05,6.88,17.3,1.62,0.72,56.89,0.68,2.02,,,,,,66.75,3.4,256.75,0.0,0.0,15.0,,
2024-06-02 21:00:00,7.25,29.25,1.23,10.28,6.25,18.8,1.62,0.66,49.68,0.7,2.15,,,,,,66.25,3.02,233.5,0.0,0.0,15.0,,
2024-06-02 22:00:00,11.25,34.5,2.05,10.88,7.45,19.32,3.15,0.56,60.12,0.7,2.35,,,,,,65.5,2.92,258.5,0.0,0.0,15.0,,
2024-06-02 23:00:00,11.75,38.25,3.0,10.5,8.02,17.98,3.05,0.47,58.5,0.65,2.02,,,,,,66.0,2.7,255.5,0.0,0.0,15.0,,
2024-06-03 00:00:00,10.5,39.75,2.45,7.95,6.22,17.55,3.0,0.42,61.74,0.48,1.48,,,,,,65.5,3.82,235.0,0.0,0.0,15.0,,
2024-06-03 01:00:00,8.5,43.0,3.75,6.42,6.5,16.08,3.22,0.5,63.5,0.4,1.23,,,,,,66.75,4.0,202.25,0.0,0.0,15.0,,
2024-06-03 02:00:00,6.5,20.0,3.2,6.0,5.8,13.7,1.9,0.56,64.42,0.38,1.02,,,,,,67.25,2.88,161.0,0.0,0.0,15.0,,
2024-06-03 03:00:00,7.0,21.5,2.52,6.08,5.25,15.08,2.1,0.57,67.49,0.4,1.18,,,,,,67.5,1.85,97.5,0.0,0.0,15.0,,
2024-06-03 04:00:00,12.75,16.0,2.7,7.3,6.05,13.58,1.0,0.64,52.48,0.45,1.52,,,,,,68.5,1.23,48.25,0.0,0.0,15.0,,
2024-06-03 05:00:00,11.25,16.75,1.42,9.4,6.15,14.68,0.3,0.48,40.67,0.55,2.15,,,,,,68.5,0.62,139.67,0.0,0.0,15.75,,
2024-06-03 06:00:00,10.75,32.5,3.0,12.48,9.05,15.3,1.98,0.55,36.26,0.8,3.28,,,,,,67.5,0.95,76.75,0.0,0.0,64.5,,
2024-06-03 07:00:00,16.0,49.0,3.2,13.25,9.68,14.98,2.6,0.62,40.52,1.0,3.95,,,,,,68.25,0.88,247.0,0.0,0.0,52.0,,
2024-06-03 08:00:00,17.5,61.0,3.12,16.18,11.15,15.95,5.5,0.64,46.11,1.2,4.3,,,,,,68.0,1.08,277.5,0.0,0.0,95.25,,
2024-06-03 09:00:00,22.0,68.5,4.25,12.45,10.07,15.05,5.78,0.71,58.56,1.38,4.12,,,,,,67.0,2.35,297.75,0.0,0.0,96.0,,
2024-06-03 10:00:00,18.5,59.5,2.65,9.68,7.32,13.42,5.13,0.69,68.84,0.85,2.7,,,,,,68.25,2.55,303.75,0.0,0.0,233.5,,
2024-06-03 11:00:00,9.25,48.75,2.37,8.07,6.13,14.92,7.6,0.65,61.98,0.7,4.42,,,,,,67.75,2.65,303.5,0.0,0.0,301.0,,
2024-06-03 12:00:00,13.25,54.5,3.23,8.27,7.03,17.07,4.45,0.67,62.96,0.68,5.4,,,,,,67.75,2.52,301.25,0.0,0.0,311.25,,
2024-06-03 13:00:00,12.75,43.75,1.35,8.2,4.78,16.8,3.2,0.54,57.92,0.7,4.8,,,,,,67.5,2.45,310.0,0.0,0.0,297.75,,
2024-06-03 14:00:00,8.5,34.0,2.6,7.12,5.92,15.78,3.65,0.46,73.8,0.72,3.95,,,,,,67.0,2.45,306.75,0.0,0.0,177.75,,
2024-06-03 15:00:00,7.25,33.0,2.6,8.62,6.68,14.9,3.72,0.52,70.51,0.68,5.1,,,,,,66.75,1.85,303.5,0.0,0.0,148.5,,
2024-06-03 16:00:00,7.25,30.75,2.92,9.2,7.32,14.98,3.0,0.44,69.72,0.7,5.22,,,,,,66.75,1.42,311.5,0.0,0.0,93.25,,
2024-06-03 17:00:00,7.0,40.5,4.42,10.85,9.4,14.05,2.92,0.54,72.08,0.75,6.02,,,,,,67.5,1.48,278.25,0.0,0.0,45.75,,
2024-06-03 18:00:00,15.25,69.25,2.78,13.75,9.6,13.95,4.65,0.6,63.65,0.95,5.98,,,,,,67.5,1.28,198.0,0.0,0.0,16.0,,
2024-06-03 19:00:00,19.75,80.5,2.45,14.98,9.93,14.48,5.3,0.74,58.94,1.42,6.35,,,,,,68.0,0.95,189.0,0.0,0.0,15.0,,
2024-06-03 20:00:00,12.75,60.25,2.52,15.72,10.4,13.95,2.95,0.81,55.56,1.6,5.85,,,,,,68.25,0.8,179.0,0.0,0.0,15.0,,
2024-06-03 21:00:00,12.25,62.75,0.62,27.95,15.32,18.52,2.17,0.76,45.13,1.8,6.9,,,,,,67.25,1.85,218.75,0.0,0.0,15.0,,
2024-06-03 22:00:00,12.75,50.75,2.42,19.92,12.55,16.75,3.75,0.9,55.47,1.65,6.25,,,,,,67.75,0.98,185.75,0.0,0.0,15.0,,
2024-06-03 23:00:00,12.0,46.0,2.78,17.12,11.32,16.25,4.53,0.83,57.08,1.6,6.25,,,,,,67.5,1.38,205.5,0.0,0.0,15.0,,
2024-06-04 00:00:00,10.5,23.0,2.68,13.08,9.12,16.02,3.08,0.69,63.55,1.12,4.5,,,,,,67.5,1.45,205.75,0.0,0.0,15.0,,
2024-06-04 01:00:00,6.5,18.5,4.3,9.52,8.55,13.7,2.65,0.7,68.26,0.85,3.38,,,,,,67.5,1.4,187.75,0.0,0.0,15.0,,
2024-06-04 02:00:00,9.0,26.25,2.75,9.6,7.3,12.08,2.45,0.58,65.2,0.7,2.82,,,,,,68.25,1.62,188.75,0.0,0.0,15.0,,
2024-06-04 03:00:00,12.25,35.25,2.35,7.75,6.05,13.55,2.5,0.72,82.91,0.57,2.48,,,,,,68.75,2.12,192.75,0.0,0.0,15.0,,
2024-06-04 04:00:00,12.5,34.5,2.5,9.82,7.25,13.35,2.8,0.6,56.94,0.52,2.15,,,,,,68.25,2.35,152.0,0.0,0.0,15.0,,
2024-06-04 05:00:00,11.75,40.75,0.78,11.8,6.95,16.85,2.65,0.57,29.1,0.7,2.6,,,,,,67.25,2.17,142.25,0.0,0.0,15.0,,
2024-06-04 06:00:00,15.0,48.75,2.62,16.05,10.7,16.08,2.95,0.63,38.76,0.82,3.2,,,,,,68.0,1.8,139.5,0.0,0.0,40.75,,
2024-06-04 07:00:00,17.5,63.5,4.2,16.25,12.1,15.95,3.48,0.69,38.56,1.12,3.92,,,,,,68.25,1.65,108.0,0.0,0.0,119.0,,
2024-06-04 08:00:00,17.5,86.25,5.15,18.32,13.98,17.02,8.32,0.64,40.33,1.23,4.1,,,,,,66.75,2.6,122.25,0.0,0.0,214.5,,
2024-06-04 09:00:00,21.5,95.0,5.8,19.55,15.12,16.65,8.98,0.93,59.1,1.15,3.8,,,,,,68.0,2.55,129.5,0.0,0.0,292.75,,
2024-06-04 10:00:00,19.5,89.25,2.78,14.5,9.98,17.25,6.9,0.96,66.3,1.2,4.1,,,,,,68.25,2.58,167.75,0.0,0.0,335.25,,
2024-06-04 11:00:00,19.5,78.75,3.13,12.67,9.3,17.87,7.33,0.95,68.75,1.15,4.78,,,,,,67.5,3.3,202.75,0.0,0.0,329.25,,
2024-06-04 12:00:00,22.0,74.0,1.97,11.9,7.93,21.03,4.45,0.91,56.06,0.98,4.1,,,,,,65.75,3.8,201.0,0.0,0.0,315.5,,
2024-06-04 13:00:00,15.5,78.75,1.7,10.88,7.15,22.55,4.6,0.6,57.18,0.98,4.12,,,,,,66.25,4.3,196.0,0.0,0.0,392.75,,
2024-06-04 14:00:00,12.5,72.75,2.92,10.25,7.85,21.72,5.1,0.52,71.15,0.88,3.4,,,,,,65.75,4.85,228.75,0.0,0.0,327.25,,
2024-06-04 15:00:00,8.75,66.75,2.5,11.28,8.07,21.48,4.85,0.57,68.85,0.82,2.52,,,,,,65.75,4.5,205.75,0.0,0.0,229.25,,
2024-06-04 16:00:00,13.0,68.75,2.38,11.6,8.12,22.9,4.22,0.54,76.0,0.78,2.52,,,,,,64.75,4.35,202.75,0.0,0.0,52.75,,
2024-06-04 17:00:00,19.75,83.5,4.4,10.2,9.02,20.15,3.6,0.58,78.2,0.7,2.78,,,,,,66.5,3.12,254.5,2.0,2.0,15.5,,
2024-06-04 18:00:00,17.25,100.25,2.8,14.58,10.0,17.7,3.88,0.6,46.36,0.9,4.25,,,,,,66.5,2.52,194.5,0.75,0.75,15.5,,
2024-06-04 19:00:00,4.25,17.0,3.22,22.3,14.48,16.7,4.28,0.95,25.67,1.82,6.42,,,,,,67.75,1.08,207.75,0.0,0.0,15.0,,
2024-06-04 20:00:00,8.75,36.75,3.42,32.3,19.92,19.23,4.38,1.22,31.23,2.45,10.22,,,,,,67.75,1.88,234.25,0.0,0.0,15.0,,
2024-06-04 21:00:00,11.0,44.0,3.08,32.58,19.82,22.92,3.9,1.21,18.37,3.0,12.4,,,,,,67.0,1.85,263.75,0.0,0.0,15.0,,
2024-06-04 22:00:00,10.25,48.5,3.35,24.25,15.6,19.8,4.18,1.06,29.3,2.8,11.75,,,,,,67.25,2.02,238.5,0.0,0.0,15.0,,
2024-06-04 23:00:00,9.0,42.5,2.48,15.9,10.45,18.62,3.88,0.82,33.12,2.28,9.3,,,,,,66.75,3.02,223.5,0.0,0.0,15.0,,
2024-06-05 00:00:00,10.75,34.0,2.92,10.95,8.2,16.95,4.05,0.7,36.02,1.52,6.5,,,,,,67.25,2.45,242.25,0.0,0.0,15.0,,
2024-06-05 01:00:00,8.25,24.0,4.35,8.05,7.8,13.5,3.85,0.65,49.59,0.98,4.45,,,,,,67.5,3.3,215.0,0.0,0.0,15.0,,
2024-06-05 02:00:00,12.0,31.0,5.38,30.0,20.35,14.5,4.28,0.61,35.34,0.72,3.28,,,,,,67.75,2.8,177.0,0.0,0.0,15.0,,
2024-06-05 03:00:00,12.0,34.5,5.08,18.27,13.85,15.98,4.6,0.52,50.96,0.7,2.88,,,,,,69.0,2.08,123.25,0.0,0.0,15.0,,
2024-06-05 04:00:00,12.25,36.5,5.1,20.25,14.88,15.4,2.95,0.46,32.44,0.62,3.12,,,,,,67.75,2.33,136.75,0.0,0.0,15.0,,
2024-06-05 05:00:00,11.75,38.25,4.5,17.2,12.85,15.85,3.68,0.4,17.34,0.75,3.28,,,,,,68.0,2.28,150.75,0.0,0.0,15.0,,
2024-06-05 06:00:00,9.25,38.25,5.62,16.7,13.4,14.9,4.62,0.7,23.86,0.85,3.5,,,,,,67.75,1.65,133.25,0.0,0.0,39.75,,
2024-06-05 07:00:00,13.0,38.5,5.98,15.9,13.28,14.82,5.9,0.84,25.72,1.05,4.1,,,,,,67.75,1.9,155.0,0.0,0.0,120.75,,
2024-06-05 08:00:00,12.0,46.5,5.28,15.82,12.72,14.92,5.78,0.79,35.08,1.18,4.65,,,,,,68.0,2.15,138.25,0.0,0.0,159.5,,
2024-06-05 09:00:00,10.75,49.0,4.38,14.3,11.18,12.78,5.03,0.75,51.45,1.1,5.05,,,,,,68.5,1.58,126.0,0.0,0.0,191.25,,
2024-06-05 10:00:00,17.0,58.25,3.3,14.6,10.45,14.82,3.67,0.81,52.43,1.25,6.57,,,,,,69.75,1.1,124.5,0.0,0.0,273.5,,
2024-06-05 11:00:00,19.5,73.0,3.0,13.9,9.87,16.23,4.03,0.75,61.15,1.35,8.07,,,,,,67.75,1.4,176.75,0.0,0.0,430.5,,
2024-06-05 12:00:00,15.75,61.25,1.47,12.9,8.07,19.8,2.15,0.74,54.78,1.27,8.5,,,,,,68.25,2.5,196.75,0.0,0.0,398.75,,
2024-06-05 13:00:00,8.75,60.25,1.8,11.32,7.48,17.0,1.7,0.61,61.3,1.32,8.12,,,,,,67.5,3.72,210.0,0.0,0.0,408.75,,
2024-06-05 14:00:00,9.5,55.0,2.1,10.68,7.38,16.73,2.7,0.52,63.11,1.03,5.22,,,,,,66.0,4.08,232.25,0.0,0.0,171.25,,
2024-06-05 15:00:00,12.0,44.75,2.48,10.95,7.88,14.7,3.88,0.25,48.85,0.85,4.6,,,,,,67.25,2.33,262.75,2.25,2.25,15.75,,
2024-06-05 16:00:00,5.75,13.75,3.45,15.12,10.85,16.6,3.12,0.45,50.03,1.18,6.08,,,,,,67.0,1.45,216.25,2.25,2.25,16.0,,
2024-06-05 17:00:00,5.5,15.25,4.5,21.05,14.82,14.72,2.7,0.89,32.88,1.23,8.62,,,,,,68.0,1.2,313.5,0.25,0.25,15.25,,
2024-06-05 18:00:00,6.75,22.5,5.05,32.12,21.22,16.4,3.02,1.15,32.04,1.58,10.05,,,,,,67.25,1.75,258.25,0.0,0.0,15.0,,
2024-06-05 19:00:00,6.25,24.25,5.32,31.58,21.15,15.35,2.7,1.32,31.06,2.17,11.25,,,,,,69.25,0.88,90.5,0.0,0.0,15.0,,
2024-06-05 20:00:00,8.25,27.75,5.48,34.2,22.62,18.2,3.45,1.42,23.52,2.42,13.32,,,,,,68.75,1.45,197.0,0.0,0.0,15.0,,
2024-06-05 21:00:00,12.5,37.25,11.88,39.62,30.72,20.2,3.68,1.52,17.89,3.08,15.35,,,,,,67.75,2.55,286.25,0.0,0.0,15.0,,
2024-06-05 22:00:00,12.25,34.75,5.03,25.12,17.42,16.73,2.95,1.12,28.62,2.7,12.82,,,,,,67.5,2.75,190.25,0.0,0.0,15.0,,
2024-06-05 23:00:00,5.5,16.75,2.7,20.4,13.05,15.82,1.85,0.8,29.94,1.95,9.1,,,,,,68.0,2.08,150.75,0.0,0.0,15.0,,
2024-06-06 00:00:00,2.25,18.5,4.05,13.58,10.52,14.4,1.33,0.56,37.73,1.52,7.3,,,,,,68.5,1.52,87.0,0.0,0.0,15.0,,
2024-06-06 01:00:00,7.25,18.25,4.28,11.28,9.48,11.85,1.7,0.58,42.73,1.15,6.3,,,,,,69.0,1.7,82.0,0.0,0.0,15.0,,
2024-06-06 02:00:00,10.25,22.75,4.97,18.55,13.92,12.32,2.55,0.58,34.17,1.05,5.98,,,,,,69.5,1.45,106.0,0.0,0.0,15.0,,
2024-06-06 03:00:00,7.25,24.25,4.03,12.3,9.75,12.95,2.98,0.67,49.46,1.0,5.75,,,,,,69.5,1.1,81.25,0.0,0.0,15.0,,
2024-06-06 04:00:00,5.25,22.25,5.18,22.58,16.23,14.55,2.35,0.38,12.59,1.05,6.0,,,,,,69.5,1.12,136.5,0.0,0.0,15.0,,
2024-06-06 05:00:00,5.75,25.75,6.1,24.35,17.9,15.38,1.55,0.45,20.38,1.18,6.32,,,,,,70.0,1.15,149.0,0.0,0.0,15.0,,
2024-06-06 06:00:00,6.0,34.25,8.02,23.68,19.12,15.35,2.05,0.64,22.3,1.38,6.82,,,,,,69.5,1.02,100.5,0.0,0.0,21.75,,
2024-06-06 07:00:00,11.0,36.75,9.93,26.62,22.25,15.28,3.15,0.93,23.22,1.72,7.5,,,,,,68.75,1.62,129.75,0.0,0.0,51.5,,
2024-06-06 08:00:00,15.0,44.5,10.15,21.9,19.9,14.45,4.42,0.9,38.32,1.75,6.92,,,,,,68.75,1.5,149.75,0.0,0.0,88.0,,
2024-06-06 09:00:00,11.0,49.25,7.0,17.27,14.88,11.62,4.92,0.84,38.17,1.65,7.0,,,,,,70.25,1.48,95.0,0.0,0.0,128.0,,
2024-06-06 10:00:00,16.75,43.5,5.05,16.12,12.68,12.02,3.77,0.88,38.47,1.58,7.1,,,,,,70.0,1.68,111.0,0.0,0.0,225.5,,
2024-06-06 11:00:00,16.25,50.0,3.43,14.97,10.77,13.48,2.0,0.86,44.25,1.58,8.1,,,,,,69.75,2.1,134.0,0.0,0.0,259.75,,
2024-06-06 12:00:00,15.0,50.75,0.97,15.5,9.0,19.1,3.05,0.62,48.8,1.62,8.52,,,,,,69.0,1.88,163.5,0.0,0.0,281.0,,
2024-06-06 13:00:00,10.25,58.25,2.58,14.9,10.0,15.52,2.1,0.7,56.45,1.52,9.3,,,,,,69.0,1.12,166.75,0.0,0.0,294.0,,
2024-06-06 14:00:00,12.5,46.25,2.75,12.28,8.72,14.35,2.35,0.55,60.08,1.3,8.52,,,,,,68.75,1.18,177.5,0.0,0.0,217.5,,
2024-06-06 15:00:00,10.25,52.75,2.78,14.95,10.2,15.22,2.4,0.37,56.5,1.25,8.18,,,,,,68.0,2.55,201.25,0.0,0.0,155.75,,
2024-06-06 16:00:00,16.75,77.75,4.0,12.72,8.57,17.12,3.4,0.52,69.44,1.05,6.98,,,,,,67.75,3.02,230.0,0.0,0.0,116.75,,
2024-06-06 17:00:00,15.0,70.25,3.08,9.23,7.38,16.58,3.05,0.98,62.82,0.98,5.52,,,,,,68.0,3.45,231.0,0.0,0.0,34.5,,
2024-06-06 18:00:00,12.0,58.0,2.42,11.62,8.15,16.15,3.48,0.97,52.77,0.85,4.53,,,,,,68.0,3.32,257.0,0.0,0.0,15.5,,
2024-06-06 19:00:00,13.0,53.75,2.38,11.82,8.25,14.75,3.82,1.07,33.56,0.92,4.9,,,,,,67.5,2.22,248.0,8.5,8.5,15.25,,
2024-06-06 20:00:00,16.0,38.25,1.6,11.42,7.35,15.22,2.78,0.89,32.78,0.95,5.4,,,,,,69.5,1.0,225.5,2.25,2.25,16.0,,
2024-06-06 21:00:00,5.0,3.75,2.25,21.67,13.32,16.38,2.3,0.75,26.36,1.65,7.12,,,,,,67.25,3.05,201.5,1.0,1.0,16.0,,
2024-06-06 22:00:00,4.25,6.25,3.45,21.32,14.18,16.38,4.12,0.58,32.49,1.68,6.98,,,,,,68.0,2.05,171.25,0.25,0.25,16.0,,
2024-06-06 23:00:00,2.0,6.5,3.95,20.5,14.12,16.98,4.72,0.55,32.05,1.68,6.95,,,,,,67.75,1.45,128.25,0.25,0.25,16.0,,
2024-06-07 00:00:00,1.0,4.25,5.0,18.3,13.75,15.45,2.1,0.79,37.58,1.35,6.3,,,,,,69.25,1.6,98.75,0.0,0.0,15.25,,
2024-06-07 01:00:00,1.0,2.0,3.9,17.48,12.45,13.58,0.7,0.77,35.62,1.08,6.2,,,,,,69.75,1.45,111.5,0.0,0.0,15.0,,
2024-06-07 02:00:00,,,14.88,70.92,49.82,19.58,1.88,0.72,26.72,1.05,5.95,,,,,,70.0,1.9,152.25,0.0,0.0,15.0,,
2024-06-07 03:00:00,,,9.8,34.0,26.05,16.55,2.3,0.68,46.71,0.95,5.8,,,,,,69.5,1.02,104.0,0.0,0.0,15.0,,
2024-06-07 04:00:00,2.0,5.0,7.5,30.55,22.33,17.65,2.88,0.52,9.67,0.92,5.82,,,,,,69.5,1.27,212.25,0.0,0.0,15.0,,
2024-06-07 05:00:00,2.25,8.0,8.38,24.48,19.8,16.25,3.8,0.56,20.97,1.02,5.85,,,,,,68.75,1.32,196.25,0.0,0.0,15.0,,
2024-06-07 06:00:00,3.0,15.5,7.82,21.45,17.77,14.98,3.85,0.66,23.81,1.08,5.8,,,,,,69.25,2.4,233.75,0.0,0.0,21.0,,
2024-06-07 07:00:00,4.25,11.5,6.28,21.02,16.23,15.12,4.05,0.71,27.78,1.12,5.48,,,,,,69.75,1.42,239.75,0.0,0.0,53.75,,
2024-06-07 08:00:00,9.5,14.75,8.3,18.62,16.68,13.85,3.98,0.85,39.74,1.25,5.3,,,,,,69.75,1.3,188.5,0.0,0.0,137.75,,
2024-06-07 09:00:00,12.75,20.75,6.2,17.62,14.42,12.95,4.88,0.87,35.28,1.35,5.62,,,,,,70.0,2.58,148.75,0.0,0.0,258.0,,
2024-06-07 10:00:00,8.75,23.5,4.05,16.2,11.9,13.8,3.83,0.4,40.33,1.48,5.78,,,,,,70.0,3.12,156.0,0.0,0.0,210.75,,
2024-06-07 11:00:00,7.25,28.75,3.33,17.1,11.83,15.27,3.83,0.7,40.44,1.5,6.3,,,,,,69.75,2.45,180.0,0.0,0.0,148.0,,
2024-06-07 12:00:00,6.75,40.5,2.6,19.9,12.73,20.53,3.52,0.62,24.16,1.78,7.38,,,,,,68.75,2.38,171.25,0.0,0.0,138.5,,
2024-06-07 13:00:00,10.75,40.5,3.15,18.15,12.22,15.5,3.53,0.82,42.48,1.85,7.58,,,,,,68.75,3.1,195.25,0.0,0.0,253.5,,
2024-06-07 14:00:00,6.5,38.75,3.0,13.5,9.62,15.92,4.8,0.75,52.62,1.6,6.25,,,,,,69.0,2.68,192.25,0.0,0.0,319.25,,
2024-06-07 15:00:00,5.5,45.5,2.98,12.45,9.05,15.95,4.9,0.7,56.1,1.25,5.5,,,,,,68.75,2.28,199.5,0.0,0.0,176.0,,
2024-06-07 16:00:00,7.5,41.75,4.45,11.75,9.88,14.18,1.98,0.73,61.54,1.05,5.28,,,,,,68.75,2.42,235.5,0.0,0.0,101.25,,
2024-06-07 17:00:00,8.75,40.75,3.2,10.92,8.4,13.92,1.05,0.62,47.04,1.0,4.82,,,,,,69.25,3.28,255.0,0.0,0.0,43.0,,
2024-06-07 18:00:00,9.25,30.5,2.08,11.38,7.75,13.85,3.6,0.58,45.42,0.82,4.47,,,,,,69.25,3.22,276.25,0.0,0.0,17.0,,
2024-06-07 19:00:00,12.5,31.25,1.6,13.72,8.57,13.58,4.03,0.65,35.47,0.92,4.5,,,,,,69.25,2.9,292.5,0.0,0.0,15.0,,
2024-06-07 20:00:00,10.5,36.0,2.0,13.85,8.48,16.85,4.58,0.8,25.67,1.23,5.48,,,,,,68.5,2.95,262.5,0.0,0.0,15.0,,
2024-06-07 21:00:00,9.5,29.25,1.83,14.8,9.35,15.98,4.82,1.0,29.74,1.35,5.95,,,,,,68.25,2.65,268.5,0.0,0.0,15.0,,
2024-06-07 22:00:00,10.5,26.25,2.75,12.05,8.68,15.08,3.75,0.91,29.15,1.25,5.62,,,,,,68.5,3.4,241.75,0.0,0.0,15.0,,
2024-06-07 23:00:00,8.33,25.75,2.5,10.18,7.45,15.02,3.05,0.81,28.52,0.98,4.5,,,,,,68.5,3.2,225.75,0.0,0.0,15.0,,
2024-06-08 00:00:00,6.5,31.0,4.03,6.95,6.98,11.45,4.4,0.37,53.26,0.6,2.98,,,,,,69.25,1.27,297.75,0.0,0.0,15.0,,
2024-06-08 01:00:00,5.0,,3.02,7.6,6.5,10.52,4.6,0.45,42.78,0.5,2.58,,,,,,70.25,0.7,181.75,0.0,0.0,15.0,,
2024-06-08 02:00:00,6.0,16.0,6.68,31.45,22.18,13.3,2.5,0.44,29.01,0.57,3.08,,,,,,70.5,1.52,187.5,0.0,0.0,15.0,,
2024-06-08 03:00:00,6.25,15.25,4.0,22.52,15.2,14.65,1.23,0.32,36.78,0.7,3.58,,,,,,70.5,0.95,196.25,0.0,0.0,15.0,,
2024-06-08 04:00:00,6.5,12.5,2.52,16.32,10.7,15.05,3.68,0.48,21.41,0.7,3.78,,,,,,69.0,1.95,219.25,0.0,0.0,15.0,,
2024-06-08 05:00:00,4.5,12.25,3.42,19.48,13.12,13.02,4.32,0.52,26.6,0.65,3.45,,,,,,69.25,2.1,206.0,0.0,0.0,15.0,,
2024-06-08 06:00:00,5.25,17.75,4.32,19.5,13.9,13.85,2.58,0.57,26.65,0.7,3.38,,,,,,69.5,3.02,204.5,0.0,0.0,26.0,,
2024-06-08 07:00:00,13.0,24.5,5.72,17.75,14.12,14.5,2.88,0.66,30.04,0.78,3.2,,,,,,69.0,3.08,204.75,0.0,0.0,72.25,,
2024-06-08 08:00:00,16.0,31.5,8.62,17.3,16.2,12.68,1.9,0.69,38.66,1.0,3.35,,,,,,70.5,2.65,207.25,0.0,0.0,87.75,,
2024-06-08 09:00:00,16.25,43.5,7.4,17.6,15.35,12.6,1.38,0.73,26.07,1.27,4.05,,,,,,71.0,2.28,206.0,0.0,0.0,134.0,,
2024-06-08 10:00:00,18.75,60.0,6.0,17.42,14.1,13.38,1.73,0.87,27.24,1.58,5.6,,,,,,70.25,2.33,171.75,0.0,0.0,269.75,,
2024-06-08 11:00:00,19.75,65.5,3.43,16.0,11.27,13.73,4.37,0.84,19.45,1.5,5.42,,,,,,69.5,2.53,155.5,0.0,0.0,403.0,,
2024-06-08 12:00:00,9.0,55.0,2.0,13.7,8.8,15.5,4.2,0.69,37.92,1.5,6.1,,,,,,69.5,2.3,155.5,0.0,0.0,354.5,,
2024-06-08 13:00:00,11.5,61.0,3.35,12.55,9.35,14.45,3.75,0.82,48.22,1.42,7.68,,,,,,68.5,2.35,147.5,0.0,0.0,254.0,,
2024-06-08 14:00:00,11.75,56.75,3.02,12.18,8.93,13.5,4.28,0.99,54.05,1.27,8.98,,,,,,68.5,2.98,175.5,0.0,0.0,230.0,,
2024-06-08 15:00:00,10.0,50.25,3.78,13.2,10.12,16.98,4.6,0.99,58.36,1.05,7.1,,,,,,67.75,3.42,259.0,0.0,0.0,183.25,,
2024-06-08 16:00:00,16.5,65.5,3.6,13.52,10.15,14.72,3.05,1.02,60.52,0.9,5.85,,,,,,68.5,2.95,256.75,0.0,0.0,125.5,,
2024-06-08 17:00:00,16.25,52.25,2.98,14.18,9.98,13.12,3.6,1.02,46.3,0.9,6.02,,,,,,68.25,3.4,267.25,0.0,0.0,50.0,,
2024-06-08 18:00:00,12.5,43.5,2.5,13.28,9.1,12.6,4.22,0.96,40.38,0.92,5.7,,,,,,68.5,4.08,265.25,0.0,0.0,16.0,,
2024-06-08 19:00:00,14.5,41.0,1.77,11.55,7.22,14.28,4.68,0.78,17.3,1.02,5.45,,,,,,68.5,3.98,254.25,0.0,0.0,15.0,,
2024-06-08 20:00:00,6.5,38.25,2.12,16.55,10.5,15.78,4.28,0.76,22.0,1.25,6.08,,,,,,67.5,3.18,230.5,0.0,0.0,15.0,,
2024-06-08 21:00:00,5.0,39.0,3.02,16.25,11.12,15.7,2.8,0.82,28.52,1.4,6.55,,,,,,67.25,3.7,243.25,0.0,0.0,15.0,,
2024-06-08 22:00:00,7.0,37.0,3.22,13.8,9.98,16.3,1.55,0.7,29.2,1.15,5.4,,,,,,67.75,3.6,242.25,0.0,0.0,15.0,,
2024-06-08 23:00:00,11.5,30.5,4.03,12.12,9.72,15.68,1.72,0.68,35.28,0.9,4.32,,,,,,68.5,3.85,245.5,0.0,0.0,15.0,,
2024-06-09 00:00:00,7.0,29.0,3.68,9.83,8.22,12.95,2.02,0.44,44.74,0.57,2.88,,,,,,68.0,4.12,216.25,0.0,0.0,15.0,,
2024-06-09 01:00:00,7.0,24.75,2.52,8.65,6.62,12.92,1.42,0.48,35.97,0.48,2.28,,,,,,69.25,3.62,238.25,0.0,0.0,15.0,,
2024-06-09 02:00:00,3.0,12.25,2.65,13.15,9.18,12.92,4.18,0.48,34.43,0.4,1.95,,,,,,69.5,3.08,237.0,0.0,0.0,15.0,,
2024-06-09 03:00:00,3.75,14.25,3.58,24.9,16.18,17.32,5.22,0.35,18.49,0.45,2.12,,,,,,69.25,2.33,237.5,0.0,0.0,15.0,,
2024-06-09 04:00:00,6.0,20.5,5.78,28.42,19.8,16.25,4.97,0.59,21.8,0.52,2.38,,,,,,68.25,2.72,221.25,0.0,0.0,15.0,,
2024-06-09 05:00:00,6.5,28.75,7.28,27.7,20.6,15.45,4.12,0.78,21.9,0.65,2.75,,,,,,68.0,2.12,220.75,0.0,0.0,15.0,,
2024-06-09 06:00:00,8.0,33.75,8.48,21.72,18.42,15.45,5.5,0.73,22.0,0.92,3.35,,,,,,68.5,1.72,234.0,0.0,0.0,49.75,,
2024-06-09 07:00:00,9.5,45.75,9.98,18.45,17.85,13.78,5.42,0.65,35.58,1.15,4.35,,,,,,69.5,1.82,171.0,0.0,0.0,140.5,,
2024-06-09 08:00:00,14.0,55.25,6.28,13.68,12.4,11.32,3.5,0.5,39.1,1.1,4.35,,,,,,70.25,1.92,137.5,0.0,0.0,217.0,,
2024-06-09 09:00:00,12.75,47.5,4.1,11.95,9.73,11.1,2.88,0.63,37.78,1.02,4.28,,,,,,68.5,2.52,135.5,0.0,0.0,305.25,,
2024-06-09 10:00:00,8.75,39.0,2.5,10.85,7.8,12.28,2.6,0.46,43.02,0.95,4.18,,,,,,69.0,3.0,141.0,0.0,0.0,398.0,,
2024-06-09 11:00:00,7.25,37.5,1.33,11.77,7.37,16.0,5.87,0.5,35.72,1.02,4.82,,,,,,69.0,3.6,156.25,0.0,0.0,384.0,,
2024-06-09 12:00:00,5.5,41.25,2.43,10.73,7.7,17.53,3.52,0.7,45.62,1.12,6.12,,,,,,67.75,3.58,165.75,0.0,0.0,405.0,,
2024-06-09 13:00:00,7.25,38.75,3.32,11.1,8.6,14.92,4.0,0.92,48.76,0.95,6.12,,,,,,67.0,2.75,178.75,0.0,0.0,235.0,,
2024-06-09 14:00:00,9.0,44.5,3.45,14.12,10.28,16.38,3.48,0.9,55.91,1.02,6.18,,,,,,67.75,3.22,251.75,0.0,0.0,174.0,,
2024-06-09 15:00:00,11.75,60.5,4.75,13.05,10.75,16.1,3.85,1.12,66.05,0.95,4.65,,,,,,66.75,3.52,252.75,0.0,0.0,181.25,,
2024-06-09 16:00:00,10.25,50.5,2.38,11.62,8.12,15.68,3.55,1.19,64.88,0.8,3.92,,,,,,66.5,3.88,250.25,0.0,0.0,108.5,,
2024-06-09 17:00:00,9.25,52.0,2.65,11.32,8.18,15.48,3.25,1.08,56.5,0.7,3.52,,,,,,67.25,3.78,277.5,0.0,0.0,56.25,,
2024-06-09 18:00:00,13.75,49.25,1.85,11.2,7.43,14.25,3.65,1.03,50.96,0.85,3.68,,,,,,67.5,3.88,272.0,0.0,0.0,18.25,,
2024-06-09 19:00:00,13.5,42.0,1.47,11.85,6.88,15.65,3.85,0.9,31.26,1.0,4.0,,,,,,66.75,3.75,261.5,0.0,0.0,15.25,,
2024-06-09 20:00:00,6.5,44.75,2.02,16.7,10.6,16.02,4.05,0.92,35.42,1.18,4.72,,,,,,66.5,2.98,263.75,0.0,0.0,15.25,,
2024-06-09 21:00:00,7.75,42.75,3.22,16.98,11.62,16.12,4.2,1.03,33.91,1.32,5.4,,,,,,66.75,2.72,272.5,0.0,0.0,15.0,,
2024-06-09 22:00:00,7.0,39.5,2.68,16.55,10.95,16.55,3.22,1.08,33.22,1.35,5.55,,,,,,68.0,2.75,269.25,0.0,0.0,15.0,,
2024-06-09 23:00:00,9.5,38.25,4.85,12.0,10.25,14.72,2.22,0.92,47.72,1.08,4.68,,,,,,67.5,2.55,267.0,0.0,0.0,15.0,,
2024-06-10 00:00:00,14.75,29.75,3.65,9.3,7.88,13.5,2.95,0.57,41.11,0.8,3.6,,,,,,68.25,2.42,242.0,0.0,0.0,15.0,,
2024-06-10 01:00:00,7.75,27.5,2.8,9.07,7.08,12.68,3.8,0.6,33.42,0.68,3.02,,,,,,68.25,2.6,227.25,0.0,0.0,15.0,,
2024-06-10 02:00:00,8.25,24.25,2.58,10.25,7.58,12.22,3.92,0.64,32.08,0.68,2.9,,,,,,67.5,2.22,199.5,0.0,0.0,15.0,,
2024-06-10 03:00:00,12.0,28.75,1.7,11.32,7.4,16.02,4.6,0.47,25.35,0.75,3.25,,,,,,68.25,2.08,207.25,0.0,0.0,15.0,,
2024-06-10 04:00:00,10.5,32.25,3.28,12.45,9.32,14.3,2.58,0.45,23.27,0.82,3.55,,,,,,68.0,1.48,181.75,0.0,0.0,15.0,,
2024-06-10 05:00:00,6.0,45.75,4.7,13.22,10.85,13.2,2.8,0.61,22.93,0.9,3.65,,,,,,68.0,1.72,190.0,0.0,0.0,15.25,,
2024-06-10 06:00:00,7.5,69.25,6.25,14.62,12.8,13.48,1.1,0.7,23.03,1.0,4.12,,,,,,69.0,1.27,150.75,0.0,0.0,61.0,,
2024-06-10 07:00:00,12.5,52.25,8.35,13.1,13.82,12.25,1.15,0.7,30.72,1.08,4.12,,,,,,68.5,1.98,139.75,0.0,0.0,156.5,,
2024-06-10 08:00:00,14.0,54.0,5.52,12.52,11.18,11.48,3.15,0.68,33.42,1.0,3.8,,,,,,69.0,2.42,148.0,0.0,0.0,243.0,,
2024-06-10 09:00:00,12.5,57.0,4.08,12.65,10.02,11.68,4.92,0.7,37.63,1.05,4.18,,,,,,67.75,2.85,160.25,0.0,0.0,344.25,,
2024-06-10 10:00:00,9.0,55.25,2.52,10.6,7.72,13.02,4.97,0.61,41.9,0.9,3.8,,,,,,68.25,2.72,174.75,0.0,0.0,394.25,,
2024-06-10 11:00:00,12.5,48.5,1.23,9.7,6.17,16.0,6.83,0.45,35.62,0.92,4.15,,,,,,66.75,2.58,174.25,0.0,0.0,461.5,,
2024-06-10 12:00:00,12.75,42.5,3.87,10.53,8.77,18.6,4.78,0.49,47.09,0.9,4.1,,,,,,66.75,2.65,155.5,0.0,0.0,461.0,,
2024-06-10 13:00:00,7.5,43.0,3.2,10.52,8.2,15.58,3.32,0.36,50.13,0.9,4.2,,,,,,66.75,2.52,171.25,0.0,0.0,403.75,,
2024-06-10 14:00:00,2.5,49.5,2.6,10.68,7.82,15.02,3.4,0.54,52.38,0.82,3.85,,,,,,65.75,2.35,157.5,0.0,0.0,377.0,,
2024-06-10 15:00:00,5.75,36.75,4.22,15.2,11.5,18.68,3.75,0.75,64.83,0.72,3.42,,,,,,66.0,3.42,196.25,0.0,0.0,114.75,,
2024-06-10 16:00:00,19.0,74.5,2.2,17.0,10.82,19.45,2.52,0.79,58.6,0.8,3.65,,,,,,65.5,3.85,188.0,0.0,0.0,132.5,,
2024-06-10 17:00:00,17.75,79.5,2.45,15.62,10.28,17.23,2.38,0.83,47.09,0.85,4.03,,,,,,65.75,3.5,156.25,1.25,1.25,19.5,,
2024-06-10 18:00:00,19.0,80.25,2.6,17.65,11.52,17.08,3.32,0.86,30.62,0.95,5.5,,,,,,66.25,2.1,137.5,0.0,0.0,16.0,,
2024-06-10 19:00:00,6.5,25.5,1.92,26.58,15.68,21.4,3.48,1.13,22.25,1.82,10.35,,,,,,65.75,3.0,200.0,0.0,0.0,15.0,,
2024-06-10 20:00:00,7.75,33.5,2.8,24.72,15.48,21.48,3.4,1.24,29.6,1.92,10.12,,,,,,67.0,2.17,184.25,0.0,0.0,15.0,,
2024-06-10 21:00:00,16.25,45.75,4.12,28.02,18.3,20.58,3.4,1.41,23.67,2.08,10.0,,,,,,66.75,1.12,85.75,0.0,0.0,15.0,,
2024-06-10 22:00:00,14.75,50.75,6.58,27.18,19.77,18.77,2.95,1.38,23.72,2.38,11.1,,,,,,66.25,1.55,94.5,0.0,0.0,15.0,,
2024-06-10 23:00:00,8.0,45.0,6.18,17.5,14.3,13.3,1.95,0.95,33.71,1.7,8.5,,,,,,67.25,2.25,128.25,0.0,0.0,15.0,,
2024-06-11 00:00:00,7.75,31.5,3.88,14.3,10.78,12.35,2.4,0.64,29.4,1.27,7.0,,,,,,68.5,2.2,137.0,0.0,0.0,15.0,,
2024-06-11 01:00:00,6.5,33.75,3.4,13.58,9.98,11.65,2.62,0.5,29.45,1.1,5.58,,,,,,67.75,2.45,156.5,0.0,0.0,15.0,,
2024-06-11 02:00:00,5.75,27.0,3.18,17.9,12.1,11.8,2.4,0.35,27.12,0.92,4.65,,,,,,68.0,2.0,116.0,0.0,0.0,15.0,,
2024-06-11 03:00:00,7.75,26.0,2.75,13.05,9.2,14.15,3.05,0.5,26.0,1.0,5.1,,,,,,67.5,1.72,115.5,0.0,0.0,15.0,,
2024-06-11 04:00:00,7.5,24.0,4.4,13.08,10.5,12.62,2.02,0.47,24.35,1.0,5.25,,,,,,67.25,1.85,99.25,0.0,0.0,15.0,,
2024-06-11 05:00:00,9.5,28.75,4.25,14.8,11.32,12.38,2.17,0.5,22.93,1.0,5.35,,,,,,67.75,1.52,100.5,0.0,0.0,15.0,,
2024-06-11 06:00:00,12.5,35.0,7.9,14.95,14.45,13.12,4.25,0.59,24.36,1.0,5.52,,,,,,68.25,1.95,113.0,0.0,0.0,83.25,,
2024-06-11 07:00:00,14.0,39.0,6.6,13.62,12.62,11.28,5.0,0.66,31.21,0.95,4.92,,,,,,69.25,2.3,144.75,0.0,0.0,94.75,,
2024-06-11 08:00:00,7.75,44.0,5.15,12.6,10.85,10.88,4.18,0.7,32.83,0.98,4.78,,,,,,68.25,2.48,148.5,0.0,0.0,165.0,,
2024-06-11 09:00:00,13.75,46.0,3.5,11.45,8.98,10.77,3.28,0.64,36.46,1.03,5.03,,,,,,68.75,2.5,169.75,0.0,0.0,232.5,,
2024-06-11 10:00:00,8.75,32.75,1.9,9.55,6.1,13.2,3.5,0.51,34.79,0.92,4.72,,,,,,67.5,2.42,168.75,0.0,0.0,405.5,,
2024-06-11 11:00:00,12.5,30.25,2.17,9.2,6.63,13.98,4.4,0.68,41.31,1.0,4.8,,,,,,67.0,2.02,181.5,0.0,0.0,407.5,,
2024-06-11 12:00:00,7.25,34.25,3.2,10.6,8.23,17.03,2.15,0.8,45.76,0.92,5.92,,,,,,67.0,2.0,181.0,0.0,0.0,365.0,,
2024-06-11 13:00:00,6.0,34.0,3.22,11.65,8.75,13.6,2.1,0.79,53.31,0.95,5.95,,,,,,66.5,2.02,142.25,0.0,0.0,332.75,,
2024-06-11 14:00:00,8.0,30.25,4.12,10.25,8.8,13.5,3.4,0.84,52.58,0.9,5.25,,,,,,67.0,1.88,120.75,0.0,0.0,219.25,,
2024-06-11 15:00:00,5.5,31.0,3.92,11.7,9.38,12.75,3.08,0.9,56.1,0.82,4.92,,,,,,66.75,2.38,123.0,0.0,0.0,152.75,,
2024-06-11 16:00:00,8.0,45.5,3.02,14.9,10.4,12.92,4.2,0.96,52.88,1.0,5.78,,,,,,66.75,2.0,118.0,0.0,0.0,84.5,,
2024-06-11 17:00:00,10.5,60.25,2.95,14.65,10.22,12.8,4.75,0.98,50.18,1.12,8.9,,,,,,67.0,1.8,114.0,0.0,0.0,52.75,,
2024-06-11 18:00:00,9.5,58.25,1.95,18.05,11.25,15.4,4.75,0.98,39.98,1.2,10.12,,,,,,67.0,1.32,158.5,0.0,0.0,16.5,,
2024-06-11 19:00:00,12.75,73.0,3.15,26.62,16.75,17.6,3.95,1.08,30.87,2.4,13.38,,,,,,66.25,2.35,197.5,0.0,0.0,15.0,,
2024-06-11 20:00:00,14.75,82.5,3.0,25.7,16.1,18.12,3.22,0.99,31.95,2.33,11.65,,,,,,66.5,1.58,276.25,0.0,0.0,15.0,,
2024-06-11 21:00:00,4.5,53.75,3.78,20.4,13.92,19.7,3.52,1.17,34.69,2.4,10.52,,,,,,66.75,1.92,257.25,4.0,4.0,16.0,,
2024-06-11 22:00:00,2.75,15.5,5.4,20.78,15.45,16.73,4.92,0.94,32.29,2.05,8.55,,,,,,66.75,1.02,191.0,0.0,0.0,16.0,,
2024-06-11 23:00:00,2.0,11.0,4.18,13.72,10.68,13.08,5.25,0.7,37.44,1.5,6.85,,,,,,68.25,0.5,237.0,0.0,0.0,15.0,,
2024-06-12 00:00:00,9.0,20.0,3.95,13.45,10.4,12.7,3.0,0.58,32.58,1.35,6.25,,,,,,68.5,0.38,221.0,0.0,0.0,15.0,,
2024-06-12 01:00:00,9.0,21.25,3.92,13.35,10.35,11.88,2.17,0.54,29.84,1.23,5.9,,,,,,68.75,0.3,320.0,0.25,0.25,15.0,,
2024-06-12 02:00:00,8.75,27.0,4.58,23.98,16.48,15.88,2.7,0.5,17.64,1.88,7.78,,,,,,68.25,0.3,254.0,0.25,0.25,15.0,,
2024-06-12 03:00:00,7.5,32.5,13.55,45.62,35.28,20.08,3.42,0.63,25.67,2.08,8.75,,,,,,68.25,0.3,63.5,0.0,0.0,15.0,,
2024-06-12 04:00:00,5.0,27.75,9.32,20.82,18.68,15.82,2.6,0.69,21.9,1.98,8.85,,,,,,68.5,0.32,60.75,0.0,0.0,15.0,,
2024-06-12 05:00:00,3.25,21.75,8.78,16.95,16.12,14.5,2.08,0.63,21.36,1.8,8.0,,,,,,68.5,0.52,76.5,0.0,0.0,15.0,,
2024-06-12 06:00:00,9.25,34.5,9.78,14.45,15.6,13.4,3.4,0.82,27.14,1.62,7.32,,,,,,68.75,0.48,82.0,0.0,0.0,22.0,,
2024-06-12 07:00:00,15.0,36.0,8.52,13.95,14.35,12.1,4.47,0.71,28.66,1.45,6.55,,,,,,69.25,1.05,123.5,0.0,0.0,53.0,,
2024-06-12 08:00:00,11.75,27.75,7.48,13.65,13.32,11.68,3.28,0.67,28.66,1.32,6.18,,,,,,69.0,1.25,149.0,0.0,0.0,115.75,,
2024-06-12 09:00:00,9.75,31.0,5.92,13.23,11.85,11.35,3.2,0.68,31.16,1.45,6.48,,,,,,70.0,1.8,146.75,0.0,0.0,175.75,,
2024-06-12 10:00:00,6.25,35.0,2.45,12.6,8.7,14.2,3.07,0.6,26.46,1.4,6.32,,,,,,69.25,2.0,162.0,0.0,0.0,216.5,,
2024-06-12 11:00:00,6.75,36.75,2.53,11.8,8.37,13.93,2.9,0.47,33.22,1.3,6.05,,,,,,68.25,2.25,158.5,0.0,0.0,260.0,,
2024-06-12 12:00:00,6.75,32.0,3.0,11.53,8.57,16.67,2.82,0.44,38.81,1.1,5.52,,,,,,67.75,1.3,137.75,0.0,0.0,224.5,,
2024-06-12 13:00:00,10.25,27.75,3.03,11.5,8.55,12.85,3.0,0.51,41.02,1.1,5.48,,,,,,68.5,1.78,139.0,0.0,0.0,274.5,,
2024-06-12 14:00:00,12.5,22.25,4.3,10.0,8.8,11.42,2.8,0.59,45.67,0.9,4.92,,,,,,68.0,1.98,238.25,0.0,0.0,357.75,,
2024-06-12 15:00:00,7.25,20.25,3.32,8.83,7.45,11.3,2.22,0.55,43.8,0.7,4.7,,,,,,67.5,1.85,255.75,0.0,0.0,236.75,,
2024-06-12 16:00:00,5.25,32.5,3.72,10.28,8.52,11.28,2.88,0.57,44.2,0.8,5.88,,,,,,68.25,1.1,185.25,0.0,0.0,143.0,,
2024-06-12 17:00:00,6.5,40.25,3.1,13.2,9.52,11.62,3.05,0.48,44.25,1.0,7.6,,,,,,67.75,0.8,126.75,0.0,0.0,58.5,,
2024-06-12 18:00:00,9.5,50.25,1.68,21.75,12.98,14.85,3.6,0.69,32.24,1.32,10.35,,,,,,68.0,0.32,110.75,0.0,0.0,17.75,,
2024-06-12 19:00:00,15.5,78.5,3.75,25.05,16.4,15.3,4.05,0.87,29.7,2.0,12.15,,,,,,67.25,0.8,80.5,0.0,0.0,15.0,,
2024-06-12 20:00:00,20.0,82.75,4.72,30.08,19.85,15.85,4.22,1.09,24.79,2.4,12.75,,,,,,68.25,0.57,68.0,0.0,0.0,15.0,,
2024-06-12 21:00:00,20.0,89.0,5.28,30.32,20.42,15.98,3.95,1.17,24.6,2.58,12.82,,,,,,68.25,0.5,170.5,0.0,0.0,15.0,,
2024-06-12 22:00:00,18.5,74.75,6.38,19.02,15.3,13.95,2.68,0.99,37.88,2.33,11.58,,,,,,68.0,2.17,292.5,12.0,12.0,15.25,,
2024-06-12 23:00:00,14.0,50.0,3.25,11.6,8.82,11.92,1.75,0.64,44.93,1.32,7.3,,,,,,68.5,1.25,277.25,6.25,6.25,16.0,,
2024-06-13 00:00:00,,,2.88,10.32,7.85,12.25,3.55,0.55,34.06,1.0,6.0,,,,,,68.5,1.15,302.5,0.5,0.5,16.0,,
2024-06-13 01:00:00,,,3.55,10.9,8.72,11.92,4.32,0.57,31.1,0.85,5.32,,,,,,69.75,0.42,64.25,0.25,0.25,16.0,,
2024-06-13 02:00:00,,,1.78,9.62,6.55,16.23,3.85,0.5,11.17,0.88,5.7,,,,,,69.0,0.32,185.25,0.0,0.0,15.5,,
2024-06-13 03:00:00,,,3.7,10.1,8.45,19.23,3.12,0.44,31.03,0.92,5.72,,,,,,69.0,0.55,60.0,0.0,0.0,15.0,,
2024-06-13 04:00:00,3.0,5.0,4.53,12.45,10.28,17.8,2.22,0.38,25.18,0.95,6.52,,,,,,68.5,0.78,71.0,0.0,0.0,15.0,,
2024-06-13 05:00:00,3.75,8.25,5.68,17.95,14.15,16.77,2.38,0.46,22.93,1.1,7.42,,,,,,69.25,0.5,127.5,0.0,0.0,15.0,,
2024-06-13 06:00:00,6.75,20.25,10.3,21.6,19.85,14.27,1.72,0.67,29.79,1.2,7.5,,,,,,69.25,0.57,103.75,0.0,0.0,46.25,,
2024-06-13 07:00:00,10.0,28.5,8.48,17.25,16.05,13.75,2.25,0.84,29.5,1.27,7.2,,,,,,69.5,1.08,116.75,0.0,0.0,147.0,,
2024-06-13 08:00:00,12.0,31.0,6.5,14.78,13.15,12.5,2.8,0.88,34.2,1.23,6.78,,,,,,70.5,1.8,148.5,0.0,0.0,191.25,,
2024-06-13 09:00:00,8.25,28.25,3.92,14.75,10.98,12.0,3.25,0.88,39.25,1.32,6.8,,,,,,69.5,2.3,143.75,0.0,0.0,291.5,,
2024-06-13 10:00:00,5.75,35.75,1.5,11.18,7.2,15.58,4.23,0.62,36.11,1.27,6.65,,,,,,68.75,2.42,183.75,0.0,0.0,387.25,,
2024-06-13 11:00:00,5.0,31.25,2.1,9.97,7.07,15.2,5.33,0.58,42.82,1.1,6.6,,,,,,68.75,1.75,186.75,0.0,0.0,395.5,,
2024-06-13 12:00:00,5.0,39.0,2.8,9.67,7.37,16.8,3.62,0.44,45.67,1.02,7.12,,,,,,67.75,2.08,151.5,0.0,0.0,201.25,,
2024-06-13 13:00:00,5.75,39.25,3.85,15.18,11.18,14.82,1.9,0.43,46.4,0.98,7.38,,,,,,68.0,1.9,158.5,0.0,0.0,189.25,,
2024-06-13 14:00:00,7.5,33.0,4.62,12.68,10.48,12.95,1.05,0.49,47.48,0.88,7.42,,,,,,67.0,1.8,182.5,0.0,0.0,213.75,,
2024-06-13 15:00:00,6.75,40.5,3.2,13.22,9.6,11.95,0.7,0.56,40.28,0.8,8.5,,,,,,68.75,1.23,103.25,0.0,0.0,77.0,,
2024-06-13 16:00:00,10.75,52.0,4.2,22.08,15.2,12.72,3.85,0.7,42.39,1.12,11.0,,,,,,68.5,0.98,119.25,0.0,0.0,99.0,,
2024-06-13 17:00:00,17.5,78.75,2.3,24.38,14.3,15.82,4.5,0.75,50.28,1.45,13.4,,,,,,67.5,2.2,179.5,0.0,0.0,48.75,,
2024-06-13 18:00:00,19.75,90.5,2.12,23.88,14.42,18.8,4.28,0.84,40.38,1.78,11.8,,,,,,68.0,2.3,124.75,0.0,0.0,18.0,,
2024-06-13 19:00:00,15.25,73.0,2.88,29.5,17.98,18.05,3.32,1.03,26.95,2.3,12.28,,,,,,68.25,1.18,83.75,0.0,0.0,15.0,,
2024-06-13 20:00:00,20.75,68.0,4.82,32.75,21.35,18.12,2.35,1.12,26.46,2.45,13.7,,,,,,67.5,1.75,118.75,0.0,0.0,15.0,,
2024-06-13 21:00:00,16.0,59.75,6.45,30.22,21.32,17.58,1.18,0.93,26.85,2.45,13.42,,,,,,67.75,1.85,122.0,0.0,0.0,15.0,,
2024-06-13 22:00:00,12.0,48.25,4.78,23.88,16.62,14.48,1.85,0.87,34.6,2.0,11.6,,,,,,67.75,1.92,112.5,0.0,0.0,15.0,,
2024-06-13 23:00:00,9.5,33.25,3.92,20.6,14.12,13.05,1.38,0.85,34.94,1.7,9.28,,,,,,69.0,1.42,128.75,0.0,0.0,15.0,,
2024-06-14 00:00:00,10.0,31.0,3.1,16.77,11.48,12.65,1.7,0.6,33.81,1.42,8.48,,,,,,68.0,1.3,102.0,0.0,0.0,15.0,,
2024-06-14 01:00:00,6.75,29.5,2.82,14.05,9.82,13.2,1.6,0.37,25.58,1.23,7.88,,,,,,68.25,1.4,94.25,0.0,0.0,15.0,,
2024-06-14 02:00:00,6.0,27.5,3.1,13.08,9.45,14.12,1.42,0.68,24.82,1.27,8.43,,,,,,68.5,1.25,82.0,0.0,0.0,15.0,,
2024-06-14 03:00:00,6.0,33.0,3.28,14.15,10.2,14.1,1.7,0.57,29.92,1.3,8.15,,,,,,68.5,1.5,109.75,0.0,0.0,15.0,,
2024-06-14 04:00:00,6.25,27.5,4.42,15.6,11.88,13.6,3.47,0.65,25.97,1.15,7.88,,,,,,69.0,1.42,100.0,0.0,0.0,15.0,,
2024-06-14 05:00:00,8.5,31.5,5.48,20.78,15.52,13.78,5.45,0.66,25.43,1.2,7.7,,,,,,69.0,1.2,84.0,0.0,0.0,15.0,,
2024-06-14 06:00:00,13.75,42.0,7.5,16.32,14.82,12.42,3.42,0.83,32.88,1.12,7.52,,,,,,70.0,0.9,71.75,0.0,0.0,35.75,,
2024-06-14 07:00:00,15.0,54.75,8.72,18.17,16.77,12.62,2.75,1.03,28.03,1.32,7.95,,,,,,69.5,1.4,112.25,0.0,0.0,100.0,,
2024-06-14 08:00:00,14.0,68.0,7.65,16.73,15.12,12.45,3.32,0.87,27.74,1.35,7.48,,,,,,69.5,1.72,115.25,0.0,0.0,116.25,,
2024-06-14 09:00:00,18.25,72.5,5.6,16.12,13.1,13.22,3.18,0.82,23.52,1.65,8.25,,,,,,69.5,1.82,122.75,0.0,0.0,174.25,,
2024-06-14 10:00:00,12.5,65.5,3.5,14.98,10.85,14.72,2.97,0.78,29.3,1.65,7.95,,,,,,69.25,2.3,155.0,0.0,0.0,346.75,,
2024-06-14 11:00:00,11.25,57.75,2.7,13.07,9.2,14.28,2.7,0.79,38.51,1.45,7.45,,,,,,69.0,2.28,155.0,0.0,0.0,304.75,,
2024-06-14 12:00:00,11.0,55.75,3.7,10.83,8.8,18.2,2.35,0.76,45.57,1.25,6.7,,,,,,67.75,2.45,180.0,0.0,0.0,421.75,,
2024-06-14 13:00:00,8.25,50.25,3.85,10.02,8.45,14.02,1.13,0.76,48.61,1.08,5.92,,,,,,68.25,2.33,223.0,0.0,0.0,439.75,,
2024-06-14 14:00:00,10.25,42.25,3.2,9.02,7.38,13.35,3.92,0.78,46.5,0.85,4.72,,,,,,67.75,2.05,218.25,0.0,0.0,350.0,,
2024-06-14 15:00:00,13.5,37.5,2.62,9.05,7.0,13.92,5.62,0.77,39.54,0.68,4.68,,,,,,67.5,1.52,190.75,0.0,0.0,157.0,,
2024-06-14 16:00:00,12.0,52.0,3.2,9.62,7.72,14.02,2.68,,40.57,0.8,5.28,,,,,,67.75,1.02,133.0,0.0,0.0,130.5,,
2024-06-14 17:00:00,13.25,61.0,2.3,12.28,8.38,15.68,1.65,0.85,32.05,0.8,7.9,,,,,,67.25,1.0,241.0,0.0,0.0,56.25,,
2024-06-14 18:00:00,17.25,63.25,2.92,17.25,11.58,16.18,2.1,0.71,39.05,0.8,11.48,,,,,,67.25,1.3,257.25,0.0,0.0,17.75,,
2024-06-14 19:00:00,19.25,93.5,2.52,18.12,11.72,18.58,2.28,0.86,57.92,1.68,11.45,,,,,,65.75,2.2,178.5,0.0,0.0,15.0,,
2024-06-14 20:00:00,23.0,85.75,1.92,21.72,13.12,20.98,2.22,0.83,61.44,1.72,9.18,,,,,,67.75,2.7,187.75,0.0,0.0,15.0,,
2024-06-14 21:00:00,25.75,98.75,4.35,23.78,16.17,20.55,3.08,0.84,52.92,1.7,7.72,,,,,,66.5,1.82,182.25,0.0,0.0,15.0,,
2024-06-14 22:00:00,31.75,107.0,3.45,22.58,14.8,18.68,3.8,0.64,46.94,1.8,8.4,,,,,,67.5,2.05,166.0,0.0,0.0,15.0,,
2024-06-14 23:00:00,22.25,83.75,2.58,19.62,12.52,16.4,4.78,0.65,41.01,1.5,7.12,,,,,,67.5,2.08,152.75,0.0,0.0,15.0,,
2024-06-15 00:00:00,12.5,61.5,3.05,15.02,10.52,14.78,3.32,0.94,35.18,1.2,6.0,,,,,,67.75,1.85,155.5,0.0,0.0,15.0,,
2024-06-15 01:00:00,7.75,42.5,1.5,13.22,8.3,16.15,3.0,0.8,20.92,1.1,5.55,,,,,,67.75,1.68,157.25,0.0,0.0,15.0,,
2024-06-15 02:00:00,7.25,43.0,2.62,17.28,11.32,15.98,2.42,0.3,26.59,1.02,5.3,,,,,,67.0,1.9,147.0,0.0,0.0,15.0,,
2024-06-15 03:00:00,9.25,40.5,5.12,47.2,29.25,19.8,1.12,0.24,29.4,0.9,4.6,,,,,,67.5,1.82,137.25,0.0,0.0,15.0,,
2024-06-15 04:00:00,13.25,44.0,6.2,37.9,25.2,18.98,1.58,,25.38,0.98,4.35,,,,,,67.75,1.6,121.5,0.0,0.0,15.0,,
2024-06-15 05:00:00,17.25,55.5,7.05,19.23,15.92,17.18,2.82,0.27,31.65,1.02,4.5,,,,,,67.75,1.3,121.75,0.0,0.0,15.0,,
2024-06-15 06:00:00,24.25,73.25,6.3,16.25,13.78,15.28,4.12,0.41,29.89,1.05,4.42,,,,,,69.25,1.27,101.25,0.0,0.0,18.75,,
2024-06-15 07:00:00,17.75,78.75,7.48,15.65,14.45,15.02,5.5,0.46,25.78,1.23,5.05,,,,,,69.25,1.4,112.25,0.0,0.0,42.75,,
2024-06-15 08:00:00,22.0,81.5,6.72,14.48,13.22,13.75,4.12,0.58,25.24,1.35,6.1,,,,,,69.5,1.78,146.5,0.0,0.0,84.25,,
2024-06-15 09:00:00,17.0,74.25,4.15,14.25,11.0,15.05,3.8,0.3,19.65,1.45,6.28,,,,,,68.25,2.0,130.25,0.0,0.0,75.5,,
2024-06-15 10:00:00,12.75,75.75,5.82,14.75,12.62,14.7,3.3,0.33,24.74,1.52,6.48,,,,,,68.0,2.25,156.75,0.0,0.0,122.5,,
2024-06-15 11:00:00,16.75,79.25,5.77,15.2,12.8,15.17,4.7,0.45,31.12,1.55,6.85,,,,,,68.0,1.78,165.5,0.0,0.0,189.0,,
2024-06-15 12:00:00,13.0,81.5,2.97,15.27,10.53,16.87,4.97,0.56,38.37,1.42,6.75,,,,,,68.25,1.88,147.5,0.0,0.0,166.25,,
2024-06-15 13:00:00,14.5,77.0,5.03,14.55,11.8,13.15,4.97,0.48,48.56,1.3,6.6,,,,,,68.0,1.88,135.75,0.0,0.0,199.75,,
2024-06-15 14:00:00,19.75,76.0,3.55,13.62,10.15,12.8,5.58,0.59,52.43,1.15,6.68,,,,,,68.5,1.5,114.5,0.0,0.0,186.75,,
2024-06-15 15:00:00,19.5,75.5,3.3,13.52,9.85,13.38,6.42,0.63,49.69,1.23,8.15,,,,,,68.0,1.52,103.75,0.0,0.0,160.25,,
2024-06-15 16:00:00,14.0,87.75,3.38,14.72,10.6,13.35,3.8,0.33,51.06,1.2,9.18,,,,,,67.5,1.15,82.5,0.0,0.0,103.75,,
2024-06-15 17:00:00,20.5,106.75,1.65,25.1,14.68,16.2,2.42,0.96,37.83,1.7,11.9,,,,,,68.0,1.38,123.25,0.0,0.0,51.5,,
2024-06-15 18:00:00,24.25,129.75,2.98,35.72,21.42,16.55,2.7,1.25,36.7,3.08,14.88,,,,,,67.25,1.55,113.75,0.0,0.0,17.0,,
2024-06-15 19:00:00,32.0,155.0,4.05,44.1,26.72,17.9,2.88,1.39,25.68,3.68,15.15,,,,,,68.5,1.15,132.75,0.0,0.0,15.0,,
2024-06-15 20:00:00,35.75,157.75,8.75,48.6,32.98,19.42,2.17,1.55,24.2,3.58,15.9,,,,,,68.0,1.25,154.0,0.0,0.0,15.0,,
2024-06-15 21:00:00,33.5,155.25,6.95,31.08,22.12,16.9,1.95,1.12,49.15,3.05,14.08,,,,,,68.75,1.88,156.25,0.0,0.0,15.0,,
2024-06-15 22:00:00,20.75,88.75,2.8,21.58,13.75,15.65,3.28,0.66,54.0,2.3,10.6,,,,,,68.25,2.1,171.5,0.0,0.0,15.0,,
2024-06-15 23:00:00,20.25,61.75,2.2,16.45,10.48,14.35,2.9,0.72,46.3,1.85,9.18,,,,,,68.0,2.33,149.0,0.0,0.0,15.0,,
2024-06-16 00:00:00,12.5,47.75,1.88,13.82,8.88,13.7,3.2,0.62,40.82,1.4,6.78,,,,,,68.5,1.9,130.5,0.0,0.0,15.0,,
2024-06-16 01:00:00,12.25,51.25,2.6,16.5,10.9,13.12,2.82,0.48,37.14,1.1,5.4,,,,,,69.0,2.15,145.0,0.0,0.0,15.0,,
2024-06-16 02:00:00,7.5,44.25,3.42,25.05,16.08,13.68,4.58,0.43,32.99,0.88,4.42,,,,,,68.75,1.98,143.5,0.0,0.0,15.0,,
2024-06-16 03:00:00,10.75,39.25,4.47,33.45,21.42,15.35,5.03,0.35,45.08,0.8,4.1,,,,,,68.25,1.95,137.75,0.0,0.0,15.0,,
2024-06-16 04:00:00,15.25,41.75,4.15,31.8,20.3,15.98,2.62,0.38,31.3,0.9,4.38,,,,,,69.5,1.95,138.75,0.0,0.0,15.0,,
2024-06-16 05:00:00,12.75,50.0,5.72,37.55,24.65,17.75,1.58,0.66,14.96,1.12,5.28,,,,,,68.0,1.42,120.5,0.0,0.0,15.25,,
2024-06-16 06:00:00,13.5,60.25,5.9,20.9,15.92,15.05,2.62,0.64,21.56,1.32,5.65,,,,,,68.0,1.75,116.25,0.0,0.0,57.25,,
2024-06-16 07:00:00,18.0,64.0,5.55,16.58,13.32,14.2,3.4,0.73,23.03,1.45,5.95,,,,,,68.5,2.12,150.25,0.0,0.0,150.0,,
2024-06-16 08:00:00,16.5,62.25,3.2,12.88,9.45,13.32,3.68,0.8,29.84,1.45,5.4,,,,,,68.25,2.75,187.25,0.0,0.0,252.5,,
2024-06-16 09:00:00,12.5,55.5,2.92,10.62,8.05,13.52,3.58,0.73,38.9,1.27,4.6,,,,,,68.0,2.38,187.0,0.0,0.0,346.0,,
2024-06-16 10:00:00,13.5,51.0,2.4,10.78,7.68,15.3,2.8,0.8,46.5,1.18,4.32,,,,,,68.25,2.22,176.75,0.0,0.0,386.25,,
2024-06-16 11:00:00,12.0,51.25,2.97,11.1,8.37,16.13,4.6,0.89,54.05,1.18,4.4,,,,,,67.75,1.9,160.75,0.0,0.0,446.5,,
2024-06-16 12:00:00,11.0,51.75,3.33,12.03,9.07,19.2,3.12,0.78,54.44,1.2,4.68,,,,,,67.0,1.78,251.0,0.0,0.0,403.0,,
2024-06-16 13:00:00,9.5,50.75,3.42,11.75,9.0,15.52,2.48,0.72,60.61,1.1,4.5,,,,,,66.75,1.62,230.5,0.0,0.0,399.25,,
2024-06-16 14:00:00,13.25,48.5,2.17,11.15,7.68,15.5,1.35,0.92,56.4,1.05,4.47,,,,,,65.0,1.45,159.75,0.0,0.0,330.75,,
2024-06-16 15:00:00,11.0,45.75,2.65,11.28,8.18,16.47,1.5,0.83,63.7,1.05,4.3,,,,,,65.25,2.45,188.0,0.0,0.0,240.25,,
2024-06-16 16:00:00,11.0,51.25,2.9,12.75,9.1,17.42,0.68,0.73,65.07,0.95,3.95,,,,,,65.75,3.22,184.5,0.0,0.0,174.5,,
2024-06-16 17:00:00,11.5,53.0,2.5,15.08,10.02,17.95,0.43,0.78,65.56,0.9,3.48,,,,,,66.0,3.25,180.75,0.0,0.0,48.5,,
2024-06-16 18:00:00,13.0,57.75,2.92,13.3,9.45,18.68,2.62,0.72,67.09,0.9,3.15,,,,,,66.0,3.4,200.75,0.0,0.0,21.5,,
2024-06-16 19:00:00,13.0,62.0,1.95,14.3,9.18,17.35,4.08,0.7,59.54,0.98,3.6,,,,,,66.0,2.65,187.5,0.0,0.0,15.0,,
2024-06-16 20:00:00,12.0,57.25,1.8,12.55,8.18,17.75,2.3,0.8,55.71,1.1,4.12,,,,,,66.0,3.15,214.0,0.0,0.0,15.0,,
2024-06-16 21:00:00,10.25,53.25,2.15,15.58,10.02,17.73,2.45,1.13,42.24,1.23,4.6,,,,,,66.75,2.02,155.25,0.25,0.25,15.0,,
2024-06-16 22:00:00,12.25,48.75,3.75,21.35,14.38,19.48,3.68,0.58,44.59,1.15,4.47,,,,,,66.0,2.05,142.75,1.25,1.25,16.0,,
2024-06-16 23:00:00,7.0,26.75,3.32,18.8,12.7,19.55,3.28,0.51,31.07,1.2,4.65,,,,,,65.5,2.0,180.75,0.0,0.0,15.0,,
2024-06-17 00:00:00,7.25,33.75,5.2,25.58,17.85,17.77,1.5,0.61,29.74,1.27,4.8,,,,,,67.25,1.85,143.75,0.0,0.0,15.0,,
2024-06-17 01:00:00,7.25,24.5,3.55,12.12,9.35,13.38,1.15,0.75,39.49,0.95,3.8,,,,,,66.5,2.2,144.75,0.0,0.0,15.0,,
2024-06-17 02:00:00,5.5,8.75,2.68,8.98,6.95,12.22,2.78,0.72,39.07,0.7,3.0,,,,,,68.0,2.42,185.25,0.0,0.0,15.0,,
2024-06-17 03:00:00,6.5,9.75,2.85,8.0,6.62,12.78,3.2,0.76,46.65,0.6,2.45,,,,,,67.75,1.48,200.75,0.0,0.0,15.0,,
2024-06-17 04:00:00,5.0,5.0,2.1,10.52,7.32,13.95,2.15,0.79,28.72,0.55,2.5,,,,,,68.75,1.1,187.75,0.0,0.0,15.0,,
2024-06-17 05:00:00,2.0,4.75,3.2,14.15,10.07,13.98,1.7,1.01,29.54,0.7,3.05,,,,,,68.0,2.92,177.5,0.0,0.0,15.0,,
2024-06-17 06:00:00,2.0,12.75,3.4,13.6,9.93,14.62,4.47,0.46,31.66,0.7,3.02,,,,,,67.25,1.82,124.5,0.0,0.0,36.5,,
2024-06-17 07:00:00,1.0,15.75,3.98,12.35,9.8,14.42,5.98,0.46,30.38,0.85,3.6,,,,,,67.5,1.85,131.5,0.0,0.0,161.25,,
2024-06-17 08:00:00,2.75,28.75,5.3,13.3,11.38,14.15,3.28,0.66,39.0,1.08,4.18,,,,,,67.5,2.45,144.75,0.0,0.0,230.0,,
2024-06-17 09:00:00,7.75,34.0,5.3,14.4,11.98,12.8,2.42,0.67,48.7,1.1,4.05,,,,,,68.25,2.47,156.5,0.0,0.0,309.75,,
2024-06-17 10:00:00,8.75,35.0,2.8,14.0,9.72,14.08,2.53,0.37,58.21,1.1,4.42,,,,,,68.5,2.72,150.5,0.0,0.0,420.25,,
2024-06-17 11:00:00,12.75,39.5,2.13,14.5,9.4,15.6,3.33,0.59,61.35,1.12,4.8,,,,,,67.75,2.38,151.25,0.0,0.0,442.75,,
2024-06-17 12:00:00,9.0,40.75,3.93,13.03,10.17,28.93,3.15,0.73,48.76,1.23,5.6,,,,,,66.5,1.52,182.5,0.0,0.0,449.75,,
2024-06-17 13:00:00,9.5,38.5,3.1,12.6,9.25,21.32,1.98,0.91,61.84,1.25,5.5,,,,,,67.0,2.12,213.5,0.0,0.0,327.0,,
2024-06-17 14:00:00,11.5,61.0,3.0,14.3,9.98,22.65,1.83,1.14,69.14,1.35,5.68,,,,,,66.0,2.7,210.5,0.0,0.0,254.25,,
2024-06-17 15:00:00,13.25,65.75,3.52,14.35,10.48,23.6,1.95,1.12,66.2,1.32,5.65,,,,,,65.75,3.22,194.75,0.0,0.0,279.0,,
2024-06-17 16:00:00,12.75,75.5,3.15,14.0,9.98,22.98,5.45,1.21,75.51,1.18,4.8,,,,,,65.75,3.8,221.5,0.0,0.0,174.25,,
2024-06-17 17:00:00,11.25,62.25,2.95,13.35,9.48,20.45,7.12,0.81,80.56,0.98,3.72,,,,,,65.5,4.2,227.75,0.0,0.0,78.75,,
2024-06-17 18:00:00,19.0,65.5,2.72,14.25,9.75,19.62,3.52,0.74,68.75,0.98,3.28,,,,,,66.75,2.78,236.75,0.0,0.0,15.75,,
2024-06-17 19:00:00,20.5,69.5,2.92,11.45,8.5,17.73,3.02,0.8,59.04,1.1,4.1,,,,,,66.5,3.2,229.25,0.0,0.0,15.0,,
2024-06-17 20:00:00,15.0,59.0,1.72,14.28,9.05,17.72,4.28,0.85,37.78,1.15,4.47,,,,,,66.75,2.05,211.75,0.0,0.0,15.0,,
2024-06-17 21:00:00,13.5,58.0,2.58,14.65,9.9,18.73,4.4,0.76,34.3,1.45,5.9,,,,,,66.75,2.68,209.5,0.0,0.0,15.0,,
2024-06-17 22:00:00,16.75,52.5,2.45,13.0,8.9,18.15,3.28,0.5,38.02,1.23,5.22,,,,,,66.75,3.08,209.75,0.0,0.0,15.0,,
2024-06-17 23:00:00,11.75,43.25,3.22,9.22,7.52,17.3,3.08,0.08,36.4,0.95,4.22,,,,,,66.0,3.42,213.25,0.0,0.0,15.0,,
2024-06-18 00:00:00,7.75,35.75,3.18,7.02,6.32,16.05,2.62,0.82,38.17,0.62,2.9,,,,,,65.75,3.72,210.25,0.0,0.0,15.0,,
2024-06-18 01:00:00,7.25,34.25,3.4,6.42,6.2,13.15,1.5,0.27,43.76,0.48,1.95,,,,,,66.5,3.38,208.75,0.0,0.0,15.0,,
2024-06-18 02:00:00,7.5,50.0,2.33,5.1,4.6,13.32,4.08,0.4,33.06,0.4,1.58,,,,,,67.0,3.85,197.5,1.75,1.75,16.0,,
2024-06-18 03:00:00,5.0,,2.82,6.55,5.85,15.48,4.12,0.33,47.76,0.3,1.35,,,,,,66.75,1.6,188.75,0.25,0.25,15.75,,
2024-06-18 04:00:00,2.0,2.0,2.15,6.8,5.4,15.1,3.92,0.13,30.87,0.35,1.65,,,,,,67.75,1.2,225.25,0.0,0.0,15.5,,
2024-06-18 05:00:00,,2.0,2.55,9.3,7.0,16.2,4.05,0.11,29.3,0.5,2.38,,,,,,68.0,1.82,149.25,0.0,0.0,18.0,,
2024-06-18 06:00:00,3.0,2.75,4.42,16.55,12.38,17.02,3.12,0.05,28.22,0.68,2.92,,,,,,68.25,1.45,155.75,0.0,0.0,32.0,,
2024-06-18 07:00:00,2.75,6.75,5.32,19.85,14.85,16.82,3.45,0.21,27.39,0.92,3.85,,,,,,68.25,1.42,203.5,0.0,0.0,39.75,,
2024-06-18 08:00:00,2.75,13.25,6.2,18.75,15.08,15.45,5.25,0.2,31.16,1.08,4.95,,,,,,67.5,1.72,177.25,0.0,0.0,64.0,,
2024-06-18 09:00:00,5.5,19.5,5.58,18.62,14.5,12.6,5.95,0.2,37.04,1.25,5.9,,,,,,68.5,2.33,177.5,0.0,0.0,102.25,,
2024-06-18 10:00:00,7.25,30.5,5.18,18.55,14.15,13.85,4.37,0.23,38.22,1.35,6.25,,,,,,69.75,1.6,143.25,0.0,0.0,221.25,,
2024-06-18 11:00:00,7.75,40.25,4.87,18.33,13.73,13.75,6.23,0.34,49.78,1.48,9.62,,,,,,68.75,2.52,174.25,0.0,0.0,501.25,,
2024-06-18 12:00:00,7.25,38.75,1.7,12.33,7.5,17.67,3.6,0.09,45.13,1.52,18.65,,,,,,68.0,2.2,170.75,0.0,0.0,388.0,,
2024-06-18 13:00:00,7.5,37.75,2.82,10.65,7.98,13.55,1.8,0.36,48.31,1.45,17.45,,,,,,67.5,2.45,165.25,0.0,0.0,323.25,,
2024-06-18 14:00:00,6.5,28.5,2.85,10.7,8.05,13.52,3.28,0.88,56.45,1.23,13.2,,,,,,66.75,1.95,153.5,0.0,0.0,265.75,,
2024-06-18 15:00:00,7.5,33.75,2.92,12.6,9.07,14.05,3.2,0.9,55.08,1.2,10.92,,,,,,67.25,1.85,162.0,0.0,0.0,208.5,,
2024-06-18 16:00:00,6.67,44.0,4.43,14.52,11.3,14.1,2.7,1.02,63.3,1.3,10.95,,,,,,66.5,2.72,230.0,0.0,0.0,190.75,,
2024-06-18 17:00:00,9.5,45.25,3.18,17.1,11.68,15.52,2.1,0.5,72.13,1.23,8.1,,,,,,67.25,3.5,221.5,0.0,0.0,61.75,,
2024-06-18 18:00:00,13.75,56.5,2.08,15.32,9.85,14.98,3.0,0.57,68.11,1.12,6.12,,,,,,67.5,3.92,249.0,0.0,0.0,17.0,,
2024-06-18 19:00:00,13.0,51.75,2.7,13.55,9.4,14.95,3.92,0.63,55.86,1.2,5.8,,,,,,67.75,3.82,247.5,0.0,0.0,15.0,,
2024-06-18 20:00:00,12.5,49.75,1.95,13.08,7.68,16.82,4.0,0.53,36.85,1.25,5.88,,,,,,67.25,4.4,250.75,0.0,0.0,15.0,,
2024-06-18 21:00:00,10.5,45.5,2.45,9.85,7.25,16.17,3.5,0.77,45.08,1.18,5.52,,,,,,66.5,3.72,271.0,8.5,8.5,15.5,,
2024-06-18 22:00:00,8.25,44.0,2.55,9.35,7.0,15.65,3.08,0.69,44.84,0.85,4.5,,,,,,66.25,3.72,230.75,6.75,6.75,16.0,,
2024-06-18 23:00:00,4.75,,2.3,10.92,7.7,15.65,2.58,0.57,34.89,0.7,3.88,,,,,,66.75,2.62,241.0,0.5,0.5,16.0,,
2024-06-19 00:00:00,1.0,,4.32,9.3,8.45,13.05,3.28,0.52,40.23,0.65,3.72,,,,,,67.75,2.4,209.5,0.25,0.25,16.0,,
2024-06-19 01:00:00,1.0,,2.78,7.95,6.5,10.48,3.62,0.74,43.17,0.5,3.2,,,,,,68.5,2.05,213.25,0.0,0.0,15.25,,
2024-06-19 02:00:00,2.0,,2.17,5.42,4.62,9.5,2.4,0.86,40.7,0.43,2.98,,,,,,69.75,1.95,180.25,0.25,0.25,15.5,,
2024-06-19 03:00:00,5.0,,2.92,5.7,5.4,10.0,1.82,1.01,50.9,0.4,2.8,,,,,,69.5,2.3,187.75,0.0,0.0,15.0,,
2024-06-19 04:00:00,2.0,,1.1,7.68,4.7,11.62,0.85,1.14,30.18,0.4,2.98,,,,,,68.5,2.17,192.75,0.0,0.0,15.0,,
2024-06-19 05:00:00,2.75,11.0,2.7,9.12,7.02,11.75,1.3,0.91,30.53,0.52,3.62,,,,,,68.75,2.28,212.25,0.0,0.0,15.0,,
2024-06-19 06:00:00,4.5,10.0,3.4,11.7,8.98,12.0,2.42,0.78,30.82,0.75,5.35,,,,,,68.5,1.72,181.75,0.0,0.0,42.75,,
2024-06-19 07:00:00,3.0,9.5,4.08,13.62,10.55,12.82,2.28,1.04,29.94,0.88,5.32,,,,,,68.75,1.52,159.5,0.0,0.0,99.0,,
2024-06-19 08:00:00,4.5,20.0,6.92,14.3,13.22,12.08,2.88,1.52,38.66,1.08,5.7,,,,,,69.25,1.45,152.75,0.0,0.0,182.25,,
2024-06-19 09:00:00,8.75,28.5,4.35,12.32,10.1,10.07,3.2,1.58,42.83,1.25,6.25,,,,,,69.5,1.72,193.5,0.0,0.0,308.75,,
2024-06-19 10:00:00,7.75,28.0,3.1,10.38,8.0,11.42,2.8,1.22,42.53,1.1,6.45,,,,,,69.5,2.25,182.5,0.0,0.0,358.25,,
2024-06-19 11:00:00,7.0,32.25,2.97,10.9,8.27,11.93,4.13,1.16,48.22,1.0,7.15,,,,,,68.75,2.3,185.0,0.0,0.0,452.0,,
2024-06-19 12:00:00,8.0,34.25,1.33,9.47,6.1,17.77,3.12,0.55,34.5,1.0,6.98,,,,,,67.75,2.17,206.5,0.0,0.0,473.75,,
2024-06-19 13:00:00,9.67,29.0,2.65,9.5,7.18,14.0,2.2,0.32,44.2,0.95,6.18,,,,,,68.0,2.28,187.75,0.0,0.0,401.0,,
2024-06-19 14:00:00,5.75,28.75,2.88,8.75,6.95,13.68,2.8,0.93,41.4,0.85,5.45,,,,,,67.25,2.05,193.5,0.0,0.0,388.0,,
2024-06-19 15:00:00,3.25,33.75,3.22,10.62,8.27,13.58,2.88,0.69,47.43,0.78,5.1,,,,,,67.75,1.9,226.0,0.0,0.0,85.5,,
2024-06-19 16:00:00,8.0,52.0,4.6,18.75,13.68,13.02,3.55,0.6,46.74,1.75,26.92,,,,,,67.25,2.1,237.25,0.0,0.0,59.5,,
2024-06-19 17:00:00,11.0,50.0,2.78,14.65,10.05,11.8,2.75,0.45,51.55,1.75,31.0,,,,,,67.0,2.88,235.75,0.0,0.0,31.75,,
2024-06-19 18:00:00,11.25,37.75,2.28,14.7,9.68,12.08,2.75,0.42,56.55,1.35,24.45,,,,,,67.25,2.95,221.25,0.0,0.0,19.75,,
2024-06-19 19:00:00,12.5,46.25,2.0,17.42,10.9,12.42,3.85,0.88,43.07,1.27,15.88,,,,,,67.25,2.82,248.25,0.0,0.0,15.0,,
2024-06-19 20:00:00,12.75,45.5,2.0,19.73,11.65,15.02,4.25,0.74,29.94,1.58,12.5,,,,,,68.0,2.75,232.0,0.0,0.0,15.0,,
2024-06-19 21:00:00,9.5,39.25,1.72,19.18,11.62,14.12,4.0,0.66,35.92,1.72,10.4,,,,,,67.25,2.68,204.25,0.0,0.0,15.0,,
2024-06-19 22:00:00,9.75,30.5,2.28,14.08,9.32,13.15,1.72,0.65,44.15,1.38,8.75,,,,,,67.25,3.68,206.5,0.0,0.0,15.0,,
2024-06-19 23:00:00,5.75,17.25,2.05,10.4,7.22,13.38,0.6,0.35,45.72,1.05,6.68,,,,,,68.0,2.8,189.25,0.0,0.0,15.0,,
2024-06-20 00:00:00,4.5,8.5,4.48,8.0,7.88,11.28,2.68,0.58,48.95,0.7,6.2,,,,,,68.25,3.18,216.0,0.5,0.5,15.25,,
2024-06-20 01:00:00,3.0,7.0,2.68,6.7,5.75,10.32,4.08,0.76,44.69,0.52,6.82,,,,,,68.75,2.5,205.75,0.0,0.0,15.25,,
2024-06-20 02:00:00,,,2.3,5.4,4.78,10.0,4.18,1.02,40.31,0.5,8.05,,,,,,68.5,2.22,204.0,0.0,0.0,15.0,,
2024-06-20 03:00:00,3.0,7.0,2.1,5.4,4.62,10.98,3.52,0.98,50.76,0.5,9.4,,,,,,68.75,1.6,148.0,0.0,0.0,15.0,,
2024-06-20 04:00:00,3.0,6.75,1.08,9.15,5.78,13.1,3.68,0.56,25.24,0.57,10.8,,,,,,69.0,1.32,176.25,0.0,0.0,15.0,,
2024-06-20 05:00:00,5.0,10.0,3.52,11.6,9.07,12.25,2.5,0.41,27.54,0.8,11.7,,,,,,68.5,1.52,172.0,0.0,0.0,15.0,,
2024-06-20 06:00:00,10.0,22.75,3.3,12.98,9.52,12.35,3.08,0.71,28.66,0.88,12.28,,,,,,69.25,1.7,198.25,0.0,0.0,56.0,,
2024-06-20 07:00:00,5.5,27.0,6.72,14.75,13.25,12.52,2.8,0.5,28.27,0.98,11.98,,,,,,69.25,1.55,183.75,0.0,0.0,137.0,,
2024-06-20 08:00:00,2.5,34.25,7.35,13.3,13.05,11.0,4.5,0.7,44.78,1.02,11.25,,,,,,69.5,1.75,179.75,0.0,0.0,247.25,,
2024-06-20 09:00:00,8.5,40.25,4.68,13.8,11.18,10.65,5.05,0.89,44.34,1.15,11.62,,,,,,69.5,2.48,183.75,0.0,0.0,323.0,,
2024-06-20 10:00:00,12.75,48.0,2.8,13.48,9.5,12.12,4.57,0.7,51.16,1.1,10.92,,,,,,69.5,2.22,194.75,0.0,0.0,398.0,,
2024-06-20 11:00:00,11.0,48.5,1.97,12.1,8.1,12.6,6.47,0.43,44.74,1.05,11.22,,,,,,68.25,1.98,241.75,0.0,0.0,459.75,,
2024-06-20 12:00:00,7.75,40.75,2.9,8.87,7.07,17.2,2.3,0.68,43.07,1.02,12.5,,,,,,68.75,2.3,258.75,0.0,0.0,471.25,,
2024-06-20 13:00:00,6.5,40.25,2.55,8.93,6.8,13.55,1.45,0.69,48.7,1.0,13.18,,,,,,67.75,2.48,253.75,0.0,0.0,420.0,,
2024-06-20 14:00:00,4.5,40.5,2.35,8.22,6.28,13.22,0.6,0.56,54.64,0.9,12.35,,,,,,67.25,2.33,215.5,0.0,0.0,316.25,,
2024-06-20 15:00:00,4.0,43.25,3.42,10.4,8.32,14.35,0.7,0.85,65.76,0.98,9.1,,,,,,66.5,2.22,209.0,0.0,0.0,269.75,,
2024-06-20 16:00:00,9.25,56.75,3.7,12.02,9.43,14.12,4.3,0.76,59.04,1.02,8.6,,,,,,67.0,2.35,184.5,0.0,0.0,198.75,,
2024-06-20 17:00:00,16.5,61.5,2.65,13.3,9.25,14.32,4.97,0.78,53.06,1.38,13.52,,,,,,65.75,2.78,226.5,0.0,0.0,62.0,,
2024-06-20 18:00:00,19.25,74.25,2.92,20.3,13.18,15.73,4.85,0.92,53.7,1.7,14.55,,,,,,66.5,2.4,274.75,0.0,0.0,17.75,,
2024-06-20 19:00:00,23.25,92.75,1.67,23.7,13.48,20.12,5.22,0.78,52.72,1.78,11.77,,,,,,66.0,2.82,252.25,0.0,0.0,15.0,,
2024-06-20 20:00:00,22.0,91.75,2.12,18.32,11.45,20.9,5.78,0.84,53.75,1.88,10.3,,,,,,67.0,3.35,229.0,0.0,0.0,15.0,,
2024-06-20 21:00:00,13.75,57.75,2.38,13.68,9.18,17.4,4.97,0.84,49.68,1.5,8.8,,,,,,66.5,2.8,227.25,6.5,6.5,15.75,,
2024-06-20 22:00:00,6.5,33.25,3.75,15.92,11.55,17.12,4.65,0.96,23.23,1.32,12.55,,,,,,67.0,1.27,237.75,0.25,0.25,16.0,,
2024-06-20 23:00:00,6.0,16.5,5.18,21.6,15.7,16.2,5.42,1.26,27.98,1.7,14.72,,,,,,68.0,0.45,226.75,0.0,0.0,15.0,,
2024-06-21 00:00:00,9.5,19.0,5.52,20.92,15.58,13.32,3.3,0.7,32.98,1.75,16.6,,,,,,69.0,1.92,195.0,0.0,0.0,15.0,,
2024-06-21 01:00:00,11.75,22.25,3.2,19.08,12.78,12.92,3.12,0.79,32.34,1.5,15.48,,,,,,67.5,2.5,228.5,0.0,0.0,15.0,,
2024-06-21 02:00:00,14.0,23.25,2.52,13.05,9.0,11.78,2.68,0.49,33.32,1.18,10.92,,,,,,68.75,2.42,209.75,0.0,0.0,15.0,,
2024-06-21 03:00:00,12.75,23.5,1.85,12.48,8.12,13.28,0.85,0.51,38.16,1.1,9.0,,,,,,69.0,1.85,206.0,0.0,0.0,15.0,,
2024-06-21 04:00:00,8.5,23.5,2.4,11.28,8.0,13.82,2.1,0.58,23.86,1.12,8.93,,,,,,68.75,1.9,198.0,0.0,0.0,15.0,,
2024-06-21 05:00:00,7.25,28.5,3.68,12.02,9.4,12.9,3.12,0.58,23.91,1.08,8.98,,,,,,67.5,1.62,194.25,0.0,0.0,15.0,,
2024-06-21 06:00:00,7.75,32.5,5.38,13.6,11.58,13.28,2.02,0.62,23.28,1.12,10.4,,,,,,68.5,1.4,151.5,0.0,0.0,30.25,,
2024-06-21 07:00:00,7.0,41.75,7.8,15.52,14.62,13.02,2.82,0.79,28.12,1.35,13.15,,,,,,68.25,1.78,174.25,0.0,0.0,117.75,,
2024-06-21 08:00:00,8.25,48.5,6.48,15.02,13.25,10.65,1.35,0.54,40.62,1.27,13.4,,,,,,69.25,2.45,206.25,0.0,0.0,203.25,,
2024-06-21 09:00:00,11.25,53.0,3.95,14.1,10.75,10.55,0.52,0.64,57.28,1.32,11.12,,,,,,69.5,2.78,243.5,0.0,0.0,338.25,,
2024-06-21 10:00:00,9.0,50.25,2.1,11.25,7.7,11.18,3.2,0.57,50.18,1.12,8.4,,,,,,69.0,2.78,226.0,0.0,0.0,411.0,,
2024-06-21 11:00:00,8.75,42.0,1.9,9.53,6.6,13.1,7.3,0.51,41.94,1.05,7.45,,,,,,68.0,2.82,239.0,0.0,0.0,444.0,,
2024-06-21 12:00:00,7.25,43.0,2.97,10.07,7.77,17.0,3.22,0.56,45.42,1.02,9.93,,,,,,68.0,2.72,222.75,0.0,0.0,456.75,,
2024-06-21 13:00:00,5.75,46.0,2.92,10.38,7.95,13.8,1.92,0.52,48.76,1.0,10.8,,,,,,67.25,2.42,233.25,0.0,0.0,435.0,,
2024-06-21 14:00:00,7.75,46.25,2.1,9.35,6.72,13.88,2.95,0.54,51.35,0.95,8.5,,,,,,66.75,2.55,221.25,0.0,0.0,379.75,,
2024-06-21 15:00:00,7.0,49.75,3.28,9.68,7.8,13.75,4.58,0.57,56.55,0.88,9.78,,,,,,66.5,2.2,226.25,0.0,0.0,296.5,,
2024-06-21 16:00:00,9.25,60.0,3.28,10.62,8.32,13.42,3.2,0.61,56.01,0.88,11.18,,,,,,66.0,2.05,215.0,0.0,0.0,194.5,,
2024-06-21 17:00:00,16.25,72.25,2.15,14.42,9.35,15.05,2.58,0.77,57.77,0.98,12.32,,,,,,67.0,2.17,226.75,0.0,0.0,66.75,,
2024-06-21 18:00:00,15.75,85.25,3.48,15.75,11.22,15.62,4.0,0.91,50.47,1.32,10.7,,,,,,66.75,3.58,258.25,0.0,0.0,15.25,,
2024-06-21 19:00:00,11.0,60.5,1.9,18.3,11.22,14.7,3.65,0.88,31.07,1.38,9.1,,,,,,65.75,1.12,251.0,0.0,0.0,15.0,,
2024-06-21 20:00:00,10.0,43.75,3.22,24.9,15.85,15.42,2.42,1.09,28.12,1.88,10.9,,,,,,65.75,1.48,256.75,0.0,0.0,15.0,,
2024-06-21 21:00:00,14.25,60.0,3.95,30.28,19.35,16.4,1.62,1.19,28.62,2.2,12.28,,,,,,67.25,1.8,205.25,0.0,0.0,15.0,,
2024-06-21 22:00:00,9.0,51.5,3.75,19.77,13.6,14.65,1.98,1.02,35.18,2.02,15.02,,,,,,67.25,1.92,207.5,0.0,0.0,15.0,,
2024-06-21 23:00:00,9.0,33.75,3.73,19.35,13.32,13.08,2.88,0.85,37.58,1.7,13.5,,,,,,67.0,1.98,212.5,0.0,0.0,15.0,,
2024-06-22 00:00:00,9.0,30.0,3.62,20.62,13.92,11.42,2.17,0.68,35.33,1.32,11.32,,,,,,68.0,1.1,185.25,0.0,0.0,15.0,,
2024-06-22 01:00:00,9.5,28.75,3.35,15.25,10.8,11.15,2.5,0.68,32.78,1.25,12.95,,,,,,67.25,1.4,149.75,0.0,0.0,15.0,,
2024-06-22 02:00:00,10.5,25.0,3.28,12.65,9.43,10.62,3.8,0.61,33.06,1.15,16.05,,,,,,68.25,1.4,192.0,0.0,0.0,15.0,,
2024-06-22 03:00:00,9.0,27.25,1.7,12.08,7.85,13.52,4.35,0.54,26.85,1.25,20.25,,,,,,67.25,1.65,175.75,0.0,0.0,15.0,,
2024-06-22 04:00:00,8.5,35.5,3.78,12.62,9.82,12.72,2.8,0.54,26.31,1.38,22.28,,,,,,68.0,1.42,157.75,0.0,0.0,15.0,,
2024-06-22 05:00:00,7.5,40.5,3.45,14.35,10.45,12.98,1.95,0.52,26.07,1.35,22.9,,,,,,68.5,1.55,164.0,0.0,0.0,15.0,,
2024-06-22 06:00:00,9.5,44.25,4.6,15.25,11.82,13.05,2.68,0.6,27.24,1.38,21.32,,,,,,68.5,1.48,167.75,0.0,0.0,56.5,,
2024-06-22 07:00:00,11.75,53.0,8.12,14.45,14.32,12.02,2.17,0.72,32.93,1.5,19.3,,,,,,69.0,1.88,174.75,0.0,0.0,136.5,,
2024-06-22 08:00:00,12.75,59.75,4.62,12.28,10.25,10.85,1.27,0.69,36.9,1.25,16.82,,,,,,69.25,2.6,214.25,0.0,0.0,257.25,,
2024-06-22 09:00:00,10.75,61.0,3.25,11.05,8.57,10.88,1.5,0.85,42.09,1.18,13.1,,,,,,69.0,2.68,226.0,0.0,0.0,342.5,,
2024-06-22 10:00:00,14.75,56.0,2.75,9.98,7.55,11.73,1.77,0.83,47.92,1.08,12.3,,,,,,68.25,2.25,227.0,0.0,0.0,418.0,,
2024-06-22 11:00:00,10.0,50.0,1.05,10.53,6.03,14.1,2.7,0.6,41.55,1.08,10.62,,,,,,67.5,2.02,227.75,0.0,0.0,457.5,,
2024-06-22 12:00:00,7.5,48.75,3.03,9.17,7.3,18.63,1.62,0.52,48.9,1.1,9.02,,,,,,67.75,1.62,252.5,0.0,0.0,487.0,,
2024-06-22 13:00:00,9.0,46.25,2.28,9.9,7.1,15.1,0.8,0.43,50.76,1.1,8.28,,,,,,66.0,1.7,221.0,0.0,0.0,344.5,,
2024-06-22 14:00:00,9.75,47.0,2.98,7.58,6.45,16.02,3.85,0.36,47.34,0.95,7.22,,,,,,66.0,1.42,250.0,0.0,0.0,290.0,,
2024-06-22 15:00:00,12.25,42.75,4.1,9.48,8.3,14.8,5.05,0.33,46.7,0.82,6.65,,,,,,66.25,1.48,233.25,0.0,0.0,143.5,,
2024-06-22 16:00:00,11.75,56.75,3.0,9.98,7.75,14.32,2.35,0.3,42.09,0.8,12.1,,,,,,66.0,1.55,313.75,0.0,0.0,127.0,,
2024-06-22 17:00:00,8.0,57.75,2.62,11.4,8.25,13.95,1.18,0.57,38.66,0.82,10.1,,,,,,66.5,1.05,232.75,0.0,0.0,48.0,,
2024-06-22 18:00:00,11.5,70.0,3.08,15.32,10.62,16.75,2.22,0.86,43.32,1.27,11.4,,,,,,66.0,1.78,212.5,0.0,0.0,17.25,,
2024-06-22 19:00:00,21.0,88.0,1.48,20.78,12.25,22.12,4.4,0.89,48.02,1.62,11.7,,,,,,65.75,2.95,273.25,0.0,0.0,15.0,,
2024-06-22 20:00:00,15.5,76.5,2.28,18.38,11.68,19.27,2.35,0.96,51.94,1.68,9.8,,,,,,65.25,2.95,275.75,0.0,0.0,15.0,,
2024-06-22 21:00:00,8.0,63.0,2.12,18.65,11.65,17.1,0.3,0.73,49.49,1.6,8.52,,,,,,65.25,3.0,270.0,0.0,0.0,15.0,,
2024-06-22 22:00:00,8.25,44.0,2.75,16.77,11.18,15.95,1.1,0.8,44.74,1.42,7.38,,,,,,66.0,2.95,267.75,0.0,0.0,15.0,,
2024-06-22 23:00:00,8.75,37.0,4.3,11.18,9.38,13.58,0.97,0.6,51.79,1.05,5.6,,,,,,66.75,4.25,254.5,0.0,0.0,15.0,,
2024-06-23 00:00:00,7.25,22.75,2.98,8.85,7.1,12.15,1.85,0.58,52.28,0.6,3.65,,,,,,66.75,3.6,250.0,0.0,0.0,15.0,,
2024-06-23 01:00:00,5.0,16.25,2.7,8.07,6.48,11.7,2.1,0.52,47.28,0.43,2.8,,,,,,67.25,3.38,235.75,0.0,0.0,15.0,,
2024-06-23 02:00:00,5.25,17.0,1.32,12.52,7.75,12.42,2.42,0.38,50.96,0.4,2.55,,,,,,67.75,3.78,211.75,0.0,0.0,15.0,,
2024-06-23 03:00:00,5.75,17.5,2.17,14.05,9.25,15.02,2.55,0.28,37.5,0.55,2.92,,,,,,67.0,2.1,176.5,0.0,0.0,15.0,,
2024-06-23 04:00:00,5.5,19.75,2.95,10.45,7.95,14.02,3.58,0.44,37.0,0.57,3.7,,,,,,67.0,2.02,159.5,0.0,0.0,15.0,,
2024-06-23 05:00:00,7.25,23.5,3.08,14.85,10.4,13.45,4.05,0.37,31.85,0.68,4.12,,,,,,67.25,1.75,190.0,0.0,0.0,15.25,,
2024-06-23 06:00:00,9.0,29.5,4.2,14.85,11.25,13.68,5.03,0.8,30.48,0.82,4.7,,,,,,68.0,1.62,162.25,0.0,0.0,46.5,,
2024-06-23 07:00:00,11.25,35.75,5.1,12.18,10.62,12.15,6.3,0.53,36.94,0.82,5.08,,,,,,67.75,1.95,176.0,0.0,0.0,150.75,,
2024-06-23 08:00:00,11.75,44.0,4.38,11.98,9.95,11.12,6.1,0.46,37.53,0.92,5.0,,,,,,68.5,1.82,226.75,0.0,0.0,228.25,,
2024-06-23 09:00:00,18.5,51.25,2.75,10.9,8.07,10.9,5.5,0.5,43.07,1.02,4.92,,,,,,68.0,2.25,255.75,0.0,0.0,347.75,,
2024-06-23 10:00:00,14.5,45.0,1.83,9.93,6.4,12.62,3.17,0.47,45.82,1.02,4.6,,,,,,67.75,2.48,223.0,0.0,0.0,427.5,,
2024-06-23 11:00:00,14.75,40.5,1.3,10.87,6.9,14.27,2.0,1.27,49.44,1.08,4.8,,,,,,67.25,2.02,219.75,0.0,0.0,477.0,,
2024-06-23 12:00:00,10.5,38.5,3.03,10.33,7.97,18.57,2.35,1.29,56.94,1.02,4.85,,,,,,67.0,1.95,217.75,0.0,0.0,481.0,,
2024-06-23 13:00:00,8.75,43.0,2.78,10.82,7.95,15.68,3.4,1.27,58.26,1.0,4.6,,,,,,66.5,2.17,225.5,0.0,0.0,398.75,,
2024-06-23 14:00:00,9.0,38.0,3.3,10.38,8.18,15.32,3.0,1.28,59.0,0.95,4.47,,,,,,66.0,2.22,227.25,0.0,0.0,374.75,,
2024-06-23 15:00:00,11.75,49.5,3.0,10.68,8.15,15.92,3.32,1.3,71.78,0.8,3.92,,,,,,65.75,3.82,255.0,0.0,0.0,280.5,,
2024-06-23 16:00:00,12.75,48.0,1.88,11.25,7.48,17.62,3.45,1.26,77.22,0.68,3.5,,,,,,66.0,4.47,247.0,0.0,0.0,175.0,,
2024-06-23 17:00:00,15.75,52.0,2.3,9.85,7.12,21.62,3.32,1.16,80.46,0.57,2.98,,,,,,65.75,4.82,259.5,0.0,0.0,72.75,,
2024-06-23 18:00:00,11.5,68.0,1.93,11.8,7.2,22.2,2.8,0.84,70.85,0.75,3.15,,,,,,65.25,3.9,244.0,0.0,0.0,20.0,,
2024-06-23 19:00:00,16.5,69.0,1.98,12.88,8.43,20.15,2.65,0.94,60.37,1.0,4.0,,,,,,65.5,4.18,243.25,0.0,0.0,15.0,,
2024-06-23 20:00:00,9.5,38.0,2.65,16.88,11.15,17.92,3.85,1.08,48.32,1.12,4.5,,,,,,64.75,2.82,262.5,0.0,0.0,15.0,,
2024-06-23 21:00:00,11.0,42.0,2.5,15.85,10.48,17.05,4.22,1.11,54.49,1.2,5.0,,,,,,65.75,4.0,252.5,0.0,0.0,15.0,,
2024-06-23 22:00:00,10.0,32.75,3.55,14.95,10.85,15.48,4.47,1.15,42.73,1.1,4.5,,,,,,66.75,1.48,217.25,0.25,0.25,15.5,,
2024-06-23 23:00:00,6.0,24.25,3.4,11.4,8.88,13.15,4.68,0.72,44.49,0.95,4.32,,,,,,67.5,1.23,165.5,0.0,0.0,15.0,,
2024-06-24 00:00:00,5.0,25.75,2.65,8.88,6.85,12.58,4.72,0.59,41.4,0.8,3.95,,,,,,67.25,1.65,174.0,0.0,0.0,15.0,,
2024-06-24 01:00:00,10.0,20.5,2.95,8.12,6.75,12.2,4.6,0.49,40.23,0.78,3.68,,,,,,67.75,1.08,139.5,0.0,0.0,15.0,,
2024-06-24 02:00:00,6.5,21.75,2.35,7.7,6.02,12.95,3.55,0.36,31.16,0.82,3.97,,,,,,67.5,1.23,151.5,0.0,0.0,15.0,,
2024-06-24 03:00:00,5.0,11.0,2.9,7.18,6.18,13.5,4.35,0.45,36.39,0.8,4.28,,,,,,67.75,1.38,148.25,0.0,0.0,15.0,,
2024-06-24 04:00:00,4.5,8.75,3.3,7.5,6.72,13.05,3.6,0.3,31.41,0.8,4.28,,,,,,67.25,1.18,153.5,0.0,0.0,15.0,,
2024-06-24 05:00:00,3.0,13.25,3.22,11.25,8.65,12.55,2.4,0.35,28.81,0.8,4.42,,,,,,68.5,1.05,129.75,0.0,0.0,15.0,,
2024-06-24 06:00:00,3.0,22.5,4.92,14.82,11.9,12.45,4.08,0.57,29.69,1.08,5.1,,,,,,67.75,1.27,179.25,0.0,0.0,28.5,,
2024-06-24 07:00:00,3.75,34.5,5.65,18.02,14.2,10.88,4.65,0.75,31.7,1.1,5.12,,,,,,68.25,1.62,184.25,0.0,0.0,63.25,,
2024-06-24 08:00:00,8.75,49.25,5.42,16.55,13.23,10.72,4.92,0.85,31.46,1.18,5.18,,,,,,68.0,1.78,194.0,0.0,0.0,116.75,,
2024-06-24 09:00:00,16.25,52.25,4.35,16.68,12.42,10.45,4.58,0.93,35.03,1.42,5.95,,,,,,68.75,2.33,188.0,0.0,0.0,178.25,,
2024-06-24 10:00:00,12.5,51.25,3.35,14.9,9.18,12.88,4.3,0.76,37.44,1.38,5.92,,,,,,67.75,2.38,193.5,0.0,0.0,248.25,,
2024-06-24 11:00:00,7.5,55.0,2.23,13.03,8.77,13.05,4.57,0.64,48.07,1.38,11.58,,,,,,67.0,3.05,208.75,0.0,0.0,397.25,,
2024-06-24 12:00:00,7.25,52.5,2.1,10.97,7.53,16.9,4.42,0.58,57.03,1.27,23.83,,,,,,67.0,3.02,189.5,0.0,0.0,478.0,,
2024-06-24 13:00:00,10.25,44.0,2.78,10.8,8.0,14.22,4.08,0.54,61.64,1.1,17.18,,,,,,67.0,2.95,186.75,0.0,0.0,443.5,,
2024-06-24 14:00:00,8.25,41.0,3.72,10.38,8.55,14.25,3.08,0.57,68.01,0.95,13.45,,,,,,67.25,3.82,189.25,0.0,0.0,406.0,,
2024-06-24 15:00:00,10.75,43.5,2.88,10.45,7.88,14.48,1.85,0.56,67.03,0.92,8.32,,,,,,66.5,3.3,196.75,0.0,0.0,320.5,,
2024-06-24 16:00:00,15.25,52.25,2.68,11.82,8.55,13.92,3.45,0.62,64.04,1.05,6.45,,,,,,66.0,3.65,188.75,0.0,0.0,205.75,,
2024-06-24 17:00:00,12.5,57.25,2.42,13.95,9.4,14.3,4.35,0.68,61.59,1.3,5.82,,,,,,66.25,3.38,234.25,0.0,0.0,62.75,,
2024-06-24 18:00:00,11.0,58.5,1.63,15.75,9.35,20.05,3.22,0.64,59.24,1.23,5.92,,,,,,65.25,3.68,261.75,0.0,0.0,16.5,,
2024-06-24 19:00:00,11.0,49.5,2.4,15.5,10.2,17.27,1.68,0.67,59.53,1.3,6.2,,,,,,66.0,3.52,264.5,0.0,0.0,15.0,,
2024-06-24 20:00:00,10.25,46.25,2.15,18.75,11.75,16.35,2.58,0.62,52.38,1.4,6.52,,,,,,66.0,3.7,270.5,0.0,0.0,15.0,,
2024-06-24 21:00:00,7.75,47.25,2.78,15.85,10.68,15.98,2.58,0.18,54.54,1.32,6.32,,,,,,65.5,3.58,237.25,0.0,0.0,15.0,,
2024-06-24 22:00:00,7.0,38.75,3.75,12.98,9.88,14.22,2.62,0.23,54.74,1.03,5.03,,,,,,66.5,2.92,237.5,0.0,0.0,15.0,,
2024-06-24 23:00:00,6.5,36.75,2.4,11.72,8.18,12.65,2.3,0.55,53.31,0.8,4.05,,,,,,66.75,3.18,216.25,0.0,0.0,15.0,,
2024-06-25 00:00:00,5.25,33.0,3.05,11.8,8.8,12.25,3.28,0.5,46.16,0.7,3.5,,,,,,67.25,2.25,201.75,0.0,0.0,15.0,,
2024-06-25 01:00:00,6.5,33.0,3.6,23.22,15.25,12.52,4.65,0.49,35.48,0.88,3.65,,,,,,67.75,1.75,159.0,0.0,0.0,15.0,,
2024-06-25 02:00:00,8.75,31.75,2.17,12.68,8.52,13.5,4.65,0.41,32.47,0.88,4.55,,,,,,67.75,1.5,162.75,0.0,0.0,15.0,,
2024-06-25 03:00:00,10.0,28.75,2.95,11.92,8.72,14.02,4.15,0.5,37.17,0.92,6.02,,,,,,66.75,1.8,181.25,0.0,0.0,15.0,,
2024-06-25 04:00:00,6.75,30.75,3.02,10.58,8.1,13.0,3.55,0.44,33.91,0.9,6.45,,,,,,66.5,1.75,159.25,0.0,0.0,15.0,,
2024-06-25 05:00:00,6.33,30.25,2.15,11.7,8.0,12.55,3.08,0.52,31.95,0.85,6.28,,,,,,67.5,1.8,182.25,0.0,0.0,15.0,,
2024-06-25 06:00:00,8.0,36.25,5.18,12.75,11.0,11.08,4.78,0.61,33.56,0.85,6.22,,,,,,68.0,1.85,179.5,0.0,0.0,47.25,,
2024-06-25 07:00:00,11.75,55.0,4.7,14.45,11.52,10.28,5.82,0.63,35.18,1.0,8.12,,,,,,68.0,2.28,196.5,0.0,0.0,161.0,,
2024-06-25 08:00:00,13.5,65.0,3.58,13.95,10.32,10.55,4.47,0.68,42.73,1.02,7.25,,,,,,68.25,2.82,204.75,0.0,0.0,261.5,,
2024-06-25 09:00:00,11.0,64.25,3.12,11.15,8.43,10.6,2.68,0.66,45.47,1.05,6.15,,,,,,68.0,3.08,225.75,0.0,0.0,358.75,,
2024-06-25 10:00:00,8.0,49.5,1.75,10.38,6.12,13.0,2.7,0.58,41.65,1.0,5.5,,,,,,67.0,3.1,199.0,0.0,0.0,436.75,,
2024-06-25 11:00:00,8.0,41.67,2.57,9.9,7.4,14.57,68.9,0.5,50.96,0.95,5.47,,,,,,66.67,2.83,200.67,0.0,0.0,419.67,,
2024-06-25 12:00:00,9.0,47.0,3.42,10.28,8.22,15.25,1.58,0.53,53.11,0.9,5.35,,,,,,66.0,2.75,212.25,0.0,0.0,359.0,,
2024-06-25 13:00:00,12.25,45.25,3.28,10.12,8.05,15.5,0.88,0.42,55.32,1.02,10.0,,,,,,66.0,2.97,204.5,0.0,0.0,481.0,,
2024-06-25 14:00:00,13.0,41.0,3.45,10.95,8.6,15.1,1.78,0.5,59.92,0.95,11.58,,,,,,65.25,3.2,203.25,0.0,0.0,279.5,,
2024-06-25 15:00:00,13.75,47.0,2.7,10.65,7.85,15.62,2.05,0.58,54.64,0.88,8.07,,,,,,66.0,3.22,211.75,0.0,0.0,265.0,,
2024-06-25 16:00:00,14.75,57.5,2.92,11.92,8.72,15.6,2.5,0.57,52.19,1.05,6.85,,,,,,65.25,3.42,184.75,0.0,0.0,147.0,,
2024-06-25 17:00:00,12.25,66.0,2.52,15.0,9.98,17.27,2.1,0.6,54.73,1.3,6.35,,,,,,65.25,3.55,213.0,0.0,0.0,76.75,,
2024-06-25 18:00:00,17.0,82.0,1.55,18.6,11.15,23.55,5.9,0.63,66.1,1.5,7.18,,,,,,65.25,3.62,275.0,0.0,0.0,24.5,,
2024-06-25 19:00:00,18.0,83.0,2.95,18.1,11.98,19.73,5.4,0.75,59.39,1.52,7.15,,,,,,64.75,3.45,260.75,0.0,0.0,15.0,,
2024-06-25 20:00:00,14.75,57.25,3.35,16.68,11.6,17.55,3.35,0.8,49.34,1.65,7.2,,,,,,65.0,3.4,229.75,1.0,1.0,15.25,,
2024-06-25 21:00:00,18.5,66.25,3.82,19.05,13.25,16.48,3.08,0.84,30.04,1.42,6.38,,,,,,66.75,1.18,125.75,0.0,0.0,15.5,,
2024-06-25 22:00:00,7.75,34.0,5.03,25.78,17.8,20.42,5.12,1.01,25.58,2.0,9.12,,,,,,66.0,0.72,171.25,0.0,0.0,15.0,,
2024-06-25 23:00:00,14.0,47.25,6.5,18.77,15.28,16.3,4.78,0.92,29.4,1.92,9.32,,,,,,66.0,1.12,148.25,0.0,0.0,15.0,,
2024-06-26 00:00:00,7.75,32.0,5.0,12.68,10.82,13.18,2.95,0.78,29.01,1.38,7.95,,,,,,67.25,0.88,226.75,0.0,0.0,15.0,,
2024-06-26 01:00:00,6.5,26.5,4.4,9.35,8.55,12.78,2.17,0.66,29.69,1.2,7.4,,,,,,67.5,1.2,179.5,0.0,0.0,15.0,,
2024-06-26 02:00:00,5.5,17.5,1.95,10.98,7.4,14.2,3.62,0.57,22.41,1.15,7.02,,,,,,67.75,1.25,140.25,0.0,0.0,15.0,,
2024-06-26 03:00:00,6.0,13.25,4.45,11.12,9.5,14.68,5.18,0.5,27.77,1.2,7.15,,,,,,67.5,0.88,134.25,0.0,0.0,15.0,,
2024-06-26 04:00:00,4.5,15.5,5.05,11.25,10.07,13.9,4.6,0.42,24.35,1.18,7.18,,,,,,66.75,1.42,128.5,0.0,0.0,15.0,,
2024-06-26 05:00:00,9.0,20.75,3.92,11.6,9.32,13.0,3.6,0.42,24.4,1.1,7.22,,,,,,67.0,1.75,167.0,0.0,0.0,15.0,,
2024-06-26 06:00:00,9.5,26.0,6.3,11.8,11.4,11.72,3.52,0.59,28.81,0.98,7.2,,,,,,68.0,1.85,137.0,0.0,0.0,23.25,,
2024-06-26 07:00:00,12.25,39.25,7.72,16.95,15.28,10.98,5.18,0.82,27.05,1.08,7.0,,,,,,68.25,1.7,174.5,0.0,0.0,64.5,,
2024-06-26 08:00:00,14.0,52.25,8.02,16.73,15.45,11.25,4.0,0.88,27.2,1.25,7.52,,,,,,68.0,2.15,177.0,0.0,0.0,81.0,,
2024-06-26 09:00:00,10.5,53.0,7.88,17.62,15.78,10.95,3.72,0.95,29.25,1.45,7.65,,,,,,68.0,2.15,183.75,0.0,0.0,86.0,,
2024-06-26 10:00:00,16.5,52.75,5.35,17.32,13.55,13.58,4.7,0.81,23.72,1.9,19.3,,,,,,67.75,1.98,165.5,0.0,0.0,162.5,,
2024-06-26 11:00:00,12.0,51.5,4.5,16.6,12.47,13.63,4.53,0.71,33.46,2.0,28.12,,,,,,68.0,2.17,180.0,0.0,0.0,275.75,,
2024-06-26 12:00:00,11.0,46.5,3.5,9.6,7.93,16.77,2.35,0.67,38.47,1.75,24.7,,,,,,67.5,2.33,205.5,0.0,0.0,217.25,,
2024-06-26 13:00:00,7.5,36.0,6.55,16.5,14.1,14.15,2.25,0.64,39.01,1.45,19.38,,,,,,67.5,2.15,198.75,0.0,0.0,195.75,,
2024-06-26 14:00:00,7.25,35.5,5.08,13.62,11.4,13.1,1.18,0.64,46.99,1.18,14.52,,,,,,67.0,2.17,183.0,0.0,0.0,178.25,,
2024-06-26 15:00:00,10.5,37.25,3.48,12.85,9.7,12.78,1.98,0.63,45.62,1.08,12.78,,,,,,67.75,2.35,178.5,0.0,0.0,154.5,,
2024-06-26 16:00:00,9.0,49.5,3.4,14.5,10.55,12.95,4.78,0.66,46.3,1.35,15.8,,,,,,67.0,2.12,172.25,0.0,0.0,140.0,,
2024-06-26 17:00:00,10.25,59.75,2.28,16.6,10.68,13.23,5.18,0.6,49.39,1.45,14.4,,,,,,67.25,3.12,192.25,0.0,0.0,71.25,,
2024-06-26 18:00:00,13.5,65.0,1.48,20.32,12.0,15.68,2.9,0.63,33.86,1.72,11.38,,,,,,66.75,2.88,211.25,0.0,0.0,17.25,,
2024-06-26 19:00:00,11.25,56.25,2.52,23.12,14.38,14.62,2.3,0.79,33.62,1.98,9.93,,,,,,66.5,2.95,193.25,0.0,0.0,15.0,,
2024-06-26 20:00:00,9.0,56.0,3.35,20.78,13.8,15.02,2.5,0.71,42.34,2.05,9.57,,,,,,66.75,3.72,210.0,0.0,0.0,15.0,,
2024-06-26 21:00:00,9.0,52.5,2.48,20.92,13.12,14.9,2.38,0.79,39.2,1.82,8.18,,,,,,66.5,3.5,210.0,0.0,0.0,15.0,,
2024-06-26 22:00:00,9.5,50.25,4.97,20.62,15.02,13.38,3.48,0.84,37.68,1.75,7.22,,,,,,67.25,2.58,203.5,0.0,0.0,15.0,,
2024-06-26 23:00:00,10.25,45.75,3.2,14.8,10.45,11.78,3.85,0.57,38.76,1.52,6.85,,,,,,68.0,2.45,194.75,0.0,0.0,15.0,,
2024-06-27 00:00:00,7.5,36.75,2.98,11.42,8.5,10.8,3.38,0.62,36.06,1.18,5.68,,,,,,67.25,2.3,168.75,0.0,0.0,15.0,,
2024-06-27 01:00:00,5.75,29.25,2.25,10.5,7.4,10.6,3.18,0.53,34.25,0.95,5.45,,,,,,67.5,2.2,171.25,0.0,0.0,15.0,,
2024-06-27 02:00:00,5.0,28.0,1.87,11.3,7.02,12.72,2.7,0.48,25.29,0.95,5.9,,,,,,67.25,2.1,156.5,0.0,0.0,15.0,,
2024-06-27 03:00:00,5.0,31.0,3.18,12.18,9.07,13.02,3.08,0.48,32.6,0.92,6.1,,,,,,67.5,2.15,188.25,0.0,0.0,15.0,,
2024-06-27 04:00:00,5.25,32.0,3.78,11.75,9.35,12.75,3.62,0.5,28.37,0.9,7.12,,,,,,68.25,1.92,164.75,0.0,0.0,15.0,,
2024-06-27 05:00:00,6.75,35.75,3.58,13.18,9.9,12.1,4.32,0.58,27.34,1.05,7.48,,,,,,68.75,1.32,141.5,0.0,0.0,15.0,,
2024-06-27 06:00:00,11.0,41.5,5.75,14.4,12.35,10.85,4.9,0.63,30.13,1.02,8.22,,,,,,68.75,1.32,146.25,0.0,0.0,20.75,,
2024-06-27 07:00:00,15.5,52.25,5.62,15.12,12.62,10.85,5.1,0.71,27.05,1.08,8.25,,,,,,69.25,1.1,137.0,0.0,0.0,41.0,,
2024-06-27 08:00:00,11.25,56.25,6.32,15.5,13.4,11.12,4.68,0.77,28.42,1.25,9.2,,,,,,68.5,1.65,164.25,0.0,0.0,130.5,,
2024-06-27 09:00:00,12.5,65.25,4.75,15.05,11.88,11.02,4.08,0.72,30.63,1.45,9.65,,,,,,68.25,2.08,202.5,0.0,0.0,130.75,,
2024-06-27 10:00:00,12.5,58.75,3.38,14.38,10.42,12.7,2.63,0.64,29.69,1.78,19.73,,,,,,68.5,2.08,174.5,0.0,0.0,130.5,,
2024-06-27 11:00:00,7.75,47.0,4.13,13.23,10.37,12.87,1.83,0.63,35.62,2.22,41.98,,,,,,67.25,2.1,189.75,0.0,0.0,167.75,,
2024-06-27 12:00:00,9.5,56.25,3.47,14.33,10.43,16.33,1.98,0.72,54.93,1.92,32.05,,,,,,68.0,2.25,169.75,0.0,0.0,255.75,,
2024-06-27 13:00:00,16.25,69.25,3.45,13.45,9.93,13.8,2.22,0.67,55.32,1.75,23.4,,,,,,69.0,2.33,186.75,0.0,0.0,274.25,,
2024-06-27 14:00:00,13.25,51.0,3.7,11.02,8.88,11.98,3.52,0.62,52.77,1.23,15.68,,,,,,67.5,2.65,194.75,0.0,0.0,194.25,,
2024-06-27 15:00:00,11.75,50.25,2.35,12.35,8.45,12.3,4.35,0.54,49.64,1.12,11.9,,,,,,67.5,2.6,177.5,0.0,0.0,155.0,,
2024-06-27 16:00:00,15.0,60.25,3.02,14.58,10.15,12.48,3.3,0.58,45.62,1.12,10.07,,,,,,67.5,2.33,176.25,0.0,0.0,85.5,,
2024-06-27 17:00:00,16.75,73.75,1.98,18.4,11.38,13.68,3.0,0.63,34.6,1.2,9.85,,,,,,67.5,1.82,172.0,0.0,0.0,41.25,,
2024-06-27 18:00:00,14.75,87.75,3.18,26.55,16.68,14.98,3.0,0.84,28.13,2.05,12.55,,,,,,66.75,1.8,198.75,0.0,0.0,16.0,,
2024-06-27 19:00:00,19.25,90.75,3.32,26.82,16.98,14.45,5.18,0.84,30.58,2.7,12.52,,,,,,67.0,2.4,201.5,0.0,0.0,15.0,,
2024-06-27 20:00:00,17.0,73.75,3.05,25.72,16.1,14.28,2.75,0.84,30.33,2.72,11.12,,,,,,66.5,2.4,209.25,0.0,0.0,15.0,,
2024-06-27 21:00:00,15.5,67.75,4.47,26.85,17.9,13.88,1.98,0.98,36.26,2.6,10.42,,,,,,67.0,2.02,214.75,0.0,0.0,15.0,,
2024-06-27 22:00:00,11.5,58.25,4.22,19.35,13.75,11.72,3.42,0.75,33.37,2.05,8.9,,,,,,67.5,2.35,178.75,0.0,0.0,15.0,,
2024-06-27 23:00:00,12.0,44.75,2.6,15.82,10.55,10.35,3.4,0.62,31.36,1.55,7.72,,,,,,68.0,2.25,158.0,0.0,0.0,15.0,,
2024-06-28 00:00:00,8.75,29.25,2.55,11.58,8.22,9.93,4.2,0.45,32.1,1.18,6.7,,,,,,67.5,2.2,192.75,0.0,0.0,15.0,,
2024-06-28 01:00:00,7.25,28.25,1.85,8.15,5.82,10.88,4.15,0.34,29.1,0.92,5.98,,,,,,68.25,2.25,199.75,0.0,0.0,15.0,,
2024-06-28 02:00:00,5.0,24.75,3.18,8.9,7.28,11.3,1.83,0.45,27.83,0.82,5.88,,,,,,68.25,2.15,158.5,0.0,0.0,15.0,,
2024-06-28 03:00:00,4.5,30.25,3.02,11.68,8.68,12.65,0.9,0.46,30.58,0.8,5.5,,,,,,68.5,1.95,175.5,0.0,0.0,15.0,,
2024-06-28 04:00:00,2.5,30.25,3.68,10.65,8.62,12.2,3.15,0.5,29.1,0.72,5.55,,,,,,68.25,1.48,142.25,0.0,0.0,15.0,,
2024-06-28 05:00:00,2.0,32.0,4.65,11.0,9.65,10.88,5.22,0.55,30.33,0.9,5.38,,,,,,68.5,1.48,155.75,0.0,0.0,15.0,,
2024-06-28 06:00:00,8.0,47.0,5.38,13.32,11.45,10.3,5.1,0.58,27.93,0.82,6.05,,,,,,69.0,1.7,149.5,0.0,0.0,39.0,,
2024-06-28 07:00:00,18.5,63.5,6.6,16.08,14.0,10.62,5.58,0.82,28.13,1.05,6.15,,,,,,69.25,1.68,156.5,0.0,0.0,101.0,,
2024-06-28 08:00:00,22.0,85.5,7.05,15.75,14.12,10.7,4.0,0.84,31.95,1.25,6.1,,,,,,69.5,2.08,154.5,0.0,0.0,238.25,,
2024-06-28 09:00:00,17.25,78.5,3.28,13.58,9.88,12.58,2.02,0.76,33.81,1.35,6.48,,,,,,68.75,2.62,179.0,0.0,0.0,468.75,,
2024-06-28 10:00:00,13.33,63.67,2.33,13.73,9.23,14.27,2.6,0.59,45.08,1.2,6.17,,,,,,68.0,2.23,183.33,0.0,0.0,255.33,,
2024-06-28 11:00:00,13.33,64.25,3.0,12.97,9.3,15.37,4.1,0.62,43.76,1.18,7.2,,,,,,67.75,2.25,215.0,0.0,0.0,265.5,,
2024-06-28 12:00:00,8.25,57.25,3.03,11.27,8.5,17.77,4.15,0.48,44.79,1.1,7.4,,,,,,67.0,2.1,189.75,0.0,0.0,226.25,,
2024-06-28 13:00:00,9.5,60.0,4.62,11.18,9.68,14.4,4.25,0.54,50.67,1.05,6.78,,,,,,66.75,2.05,197.25,0.0,0.0,192.0,,
2024-06-28 14:00:00,10.5,55.75,3.38,11.88,9.1,13.48,4.08,0.55,55.08,0.95,5.75,,,,,,66.5,2.17,162.0,0.0,0.0,234.25,,
2024-06-28 15:00:00,19.5,54.75,2.33,11.12,7.85,14.38,4.0,0.55,61.84,0.98,5.38,,,,,,67.25,2.82,220.25,0.0,0.0,246.5,,
2024-06-28 16:00:00,41.5,69.25,2.35,15.42,10.1,22.22,3.53,0.66,86.44,1.32,5.92,,,,,,66.0,4.22,269.5,0.0,0.0,216.25,,
2024-06-28 17:00:00,14.0,85.75,1.47,15.45,8.75,25.2,3.85,0.6,59.34,1.0,4.53,,,,,,65.75,4.32,277.75,0.0,0.0,88.75,,
2024-06-28 18:00:00,15.0,73.25,2.55,14.35,9.7,20.92,4.7,0.58,56.06,1.02,5.18,,,,,,66.25,4.18,286.75,0.0,0.0,20.25,,
2024-06-28 19:00:00,8.75,54.5,2.12,14.3,9.32,18.32,4.0,0.46,52.77,1.2,5.58,,,,,,65.5,3.95,282.5,0.0,0.0,15.0,,
2024-06-28 20:00:00,9.0,49.25,2.3,15.48,10.0,17.3,3.75,0.49,42.53,1.27,5.48,,,,,,66.75,2.9,274.0,0.0,0.0,15.0,,
2024-06-28 21:00:00,11.0,46.25,4.2,14.7,11.25,15.7,3.28,0.49,41.3,1.25,5.72,,,,,,66.5,2.25,270.25,0.0,0.0,15.0,,
2024-06-28 22:00:00,9.0,41.75,2.98,13.38,9.48,14.28,4.28,0.76,42.68,1.05,5.1,,,,,,66.75,3.45,253.25,0.0,0.0,15.0,,
2024-06-28 23:00:00,8.75,36.0,2.95,10.48,8.02,14.15,4.65,0.68,40.91,0.78,4.22,,,,,,66.75,3.22,255.75,0.0,0.0,15.0,,
2024-06-29 00:00:00,8.0,38.0,2.25,10.38,7.35,13.15,3.25,0.68,37.68,0.68,4.55,,,,,,67.25,2.78,230.0,0.0,0.0,15.0,,
2024-06-29 01:00:00,7.75,33.25,2.25,18.52,11.62,16.55,2.5,0.52,22.68,0.72,4.0,,,,,,66.5,2.48,214.0,0.0,0.0,15.0,,
2024-06-29 02:00:00,9.5,31.5,2.78,15.98,10.8,15.28,1.85,0.51,27.05,0.82,3.8,,,,,,67.25,2.75,228.25,0.0,0.0,15.0,,
2024-06-29 03:00:00,15.75,41.5,2.9,13.52,9.5,15.42,1.58,0.49,31.75,0.88,3.65,,,,,,67.25,3.1,222.0,0.0,0.0,15.0,,
2024-06-29 04:00:00,11.0,41.25,3.75,18.0,12.65,14.72,3.6,0.44,26.66,0.95,3.45,,,,,,66.75,2.72,229.0,0.0,0.0,15.0,,
2024-06-29 05:00:00,9.5,47.0,7.62,20.8,17.27,13.8,4.72,0.5,29.26,0.92,3.22,,,,,,67.75,2.17,214.0,0.0,0.0,15.0,,
2024-06-29 06:00:00,13.25,57.0,7.35,17.55,15.32,13.2,5.15,0.68,26.26,1.02,3.6,,,,,,69.0,1.75,219.75,0.0,0.0,42.0,,
2024-06-29 07:00:00,14.0,72.0,7.3,14.88,13.8,12.65,5.85,0.82,26.85,1.15,4.15,,,,,,68.75,1.65,203.5,0.0,0.0,105.25,,
2024-06-29 08:00:00,21.5,82.25,6.02,14.82,12.78,12.25,5.2,0.86,28.76,1.18,4.53,,,,,,68.75,1.98,257.25,0.0,0.0,153.25,,
2024-06-29 09:00:00,17.5,83.75,4.75,13.4,11.0,11.72,4.85,0.87,33.56,1.25,5.18,,,,,,68.0,1.98,260.0,0.0,0.0,270.5,,
2024-06-29 10:00:00,18.75,75.0,3.3,11.98,9.05,12.18,2.8,0.85,37.93,1.12,5.0,,,,,,68.5,2.15,272.25,0.0,0.0,400.5,,
2024-06-29 11:00:00,18.0,67.75,2.43,10.47,7.5,13.53,1.47,0.83,42.29,1.08,5.18,,,,,,68.25,2.33,280.0,0.0,0.0,388.75,,
2024-06-29 12:00:00,16.33,63.33,2.15,9.9,6.95,14.55,1.57,0.76,44.17,1.0,5.3,,,,,,67.33,1.9,262.67,0.0,0.0,328.33,,
2024-06-29 13:00:00,15.5,82.75,1.85,10.45,7.05,15.78,0.9,0.65,44.05,1.15,7.68,,,,,,67.25,1.8,240.5,0.0,0.0,345.25,,
2024-06-29 14:00:00,21.5,127.25,3.05,10.65,8.12,15.5,2.5,0.68,58.41,1.1,7.15,,,,,,65.5,1.8,227.0,0.0,0.0,297.0,,
2024-06-29 15:00:00,18.75,86.5,3.18,12.12,8.98,17.68,3.12,0.69,65.81,1.38,6.58,,,,,,65.75,3.45,259.5,0.0,0.0,192.75,,
2024-06-29 16:00:00,22.5,114.0,2.82,11.62,8.45,18.5,5.45,0.71,71.39,1.2,4.6,,,,,,66.5,3.4,258.25,0.0,0.0,128.75,,
2024-06-29 17:00:00,16.75,79.5,2.92,12.78,9.18,19.55,6.3,0.72,66.84,1.35,4.03,,,,,,66.25,4.12,256.5,0.0,0.0,56.75,,
2024-06-29 18:00:00,13.75,64.75,2.05,13.1,8.62,18.45,3.98,0.72,60.52,1.12,3.68,,,,,,65.75,3.7,279.25,0.0,0.0,20.0,,
2024-06-29 19:00:00,15.5,56.0,2.58,13.4,9.25,16.85,3.2,0.76,48.8,1.12,4.25,,,,,,66.5,4.1,271.5,0.0,0.0,15.0,,
2024-06-29 20:00:00,13.5,42.25,2.8,13.58,9.48,16.52,1.8,0.84,42.78,1.2,5.03,,,,,,65.5,3.97,265.5,0.0,0.0,15.0,,
2024-06-29 21:00:00,11.25,44.0,3.9,10.52,8.75,15.65,0.9,0.66,48.66,1.05,4.85,,,,,,66.75,4.58,282.25,0.0,0.0,15.0,,
2024-06-29 22:00:00,9.75,37.5,2.62,9.57,7.22,15.25,2.5,0.58,40.42,0.8,3.8,,,,,,66.25,3.82,273.25,0.0,0.0,15.0,,
2024-06-29 23:00:00,11.0,34.75,2.3,9.68,7.02,14.42,4.28,0.52,37.78,0.65,3.48,,,,,,67.5,3.42,240.25,0.0,0.0,15.0,,
2024-06-30 00:00:00,8.75,30.0,2.42,6.35,5.32,13.85,3.65,0.49,38.17,0.45,2.58,,,,,,67.75,3.62,240.25,0.0,0.0,15.0,,
2024-06-30 01:00:00,10.25,28.75,2.4,6.85,5.62,13.52,4.08,0.53,35.87,0.4,2.08,,,,,,66.5,3.52,238.75,0.0,0.0,15.0,,
2024-06-30 02:00:00,8.25,32.5,2.25,7.7,5.95,13.15,4.35,0.5,34.63,0.4,1.92,,,,,,67.5,4.15,241.0,0.0,0.0,15.0,,
2024-06-30 03:00:00,8.5,28.5,2.2,7.15,5.55,13.85,4.45,0.47,42.6,0.4,1.6,,,,,,67.0,4.15,224.25,0.0,0.0,15.0,,
2024-06-30 04:00:00,7.0,27.5,1.62,8.02,5.65,13.52,3.48,0.45,33.02,0.4,1.45,,,,,,68.0,3.32,248.5,0.0,0.0,15.0,,
2024-06-30 05:00:00,6.75,22.0,1.82,9.9,6.7,14.25,3.25,0.38,25.82,0.48,1.78,,,,,,67.0,3.38,248.25,0.0,0.0,15.0,,
2024-06-30 06:00:00,7.5,30.75,4.15,12.08,9.75,13.42,3.32,0.44,25.28,0.65,2.1,,,,,,67.75,2.88,226.75,0.0,0.0,32.5,,
2024-06-30 07:00:00,11.75,41.75,5.1,14.4,11.82,13.05,3.72,0.49,25.53,0.95,2.95,,,,,,67.25,3.05,239.5,0.0,0.0,72.75,,
2024-06-30 08:00:00,12.5,50.75,4.35,14.65,11.38,13.52,4.58,0.49,29.06,1.3,3.62,,,,,,67.0,3.05,215.75,0.0,0.0,143.75,,
2024-06-30 09:00:00,17.25,57.25,4.38,16.0,12.1,13.32,4.97,0.53,33.08,1.62,4.25,,,,,,68.0,2.35,213.0,0.0,0.0,146.0,,
2024-06-30 10:00:00,16.5,69.25,3.65,15.75,11.35,13.72,3.67,0.57,35.72,1.65,4.88,,,,,,68.0,1.5,181.25,0.0,0.0,98.5,,
2024-06-30 11:00:00,15.0,74.0,4.57,16.07,12.27,14.53,2.53,0.64,36.5,1.68,5.7,,,,,,69.0,1.12,136.25,0.0,0.0,93.5,,
2024-06-30 12:00:00,24.0,94.75,4.8,14.73,11.77,17.93,4.4,0.78,42.09,1.78,6.57,,,,,,67.5,1.42,183.0,0.0,0.0,189.0,,
2024-06-30 13:00:00,21.25,90.0,3.7,11.12,8.9,12.3,3.58,0.74,47.18,1.45,5.78,,,,,,68.0,1.9,226.25,0.0,0.0,213.0,,
2024-06-30 14:00:00,14.75,78.0,2.88,9.9,7.58,11.95,3.18,0.68,46.5,1.2,5.2,,,,,,69.25,1.55,188.75,0.0,0.0,193.75,,
2024-06-30 15:00:00,19.25,76.0,2.75,11.0,8.05,12.1,2.5,0.7,55.96,1.1,5.03,,,,,,68.25,1.72,217.0,0.0,0.0,163.5,,
2024-06-30 16:00:00,18.25,68.0,2.78,12.05,8.6,14.15,3.2,0.66,56.35,1.0,4.68,,,,,,67.75,2.72,266.75,0.0,0.0,118.75,,
2024-06-30 17:00:00,19.75,59.25,2.25,11.52,7.93,15.0,4.2,0.66,55.18,0.9,3.95,,,,,,67.0,3.32,288.25,0.0,0.0,70.25,,
2024-06-30 18:00:00,12.5,51.25,2.45,11.02,7.88,14.85,4.2,0.67,52.04,0.78,3.4,,,,,,67.25,3.02,288.5,0.0,0.0,19.0,,
2024-06-30 19:00:00,11.0,50.75,2.2,11.38,7.82,14.82,4.28,0.74,50.08,0.75,3.2,,,,,,67.0,3.52,306.5,0.0,0.0,15.0,,
2024-06-30 20:00:00,11.25,42.25,0.85,9.72,5.42,15.72,4.0,0.6,37.04,0.88,3.65,,,,,,66.5,4.28,300.5,0.0,0.0,15.0,,
2024-06-30 21:00:00,11.67,31.5,2.2,10.28,7.2,15.38,3.9,0.64,36.11,0.85,3.65,,,,,,67.5,3.75,282.5,0.0,0.0,15.0,,
2024-06-30 22:00:00,10.5,39.75,2.38,9.58,7.05,13.92,3.45,0.64,36.6,0.82,3.68,,,,,,67.5,3.42,277.5,0.0,0.0,15.0,,
2024-06-30 23:00:00,9.0,33.0,3.0,8.9,7.17,13.23,2.3,0.49,36.52,0.8,3.4,,,,,,66.67,3.3,249.0,0.0,0.0,15.0,,
2024-07-01 00:00:00,5.25,26.75,2.8,6.68,5.82,11.9,4.35,0.48,38.71,0.6,3.05,,,,,,68.5,0.82,153.25,0.0,0.0,15.0,,
2024-07-01 01:00:00,3.0,6.75,3.0,7.75,6.58,11.7,5.5,0.48,32.14,0.65,3.82,,,,,,68.0,1.05,249.0,0.0,0.0,15.0,,
2024-07-01 02:00:00,2.0,3.5,3.02,8.55,7.02,11.82,3.4,0.52,31.49,0.7,4.25,,,,,,67.75,1.35,205.5,0.0,0.0,15.0,,
2024-07-01 03:00:00,2.0,6.75,3.05,10.52,8.05,12.92,2.28,0.47,32.73,0.7,4.22,,,,,,68.25,1.45,207.0,0.0,0.0,15.0,,
2024-07-01 04:00:00,2.75,13.5,4.7,11.8,10.1,11.98,4.3,0.52,32.1,0.72,4.2,,,,,,68.0,1.42,229.5,0.0,0.0,15.0,,
2024-07-01 05:00:00,7.25,21.0,4.08,12.68,10.07,11.5,5.35,0.51,34.3,0.75,3.95,,,,,,68.5,2.65,272.5,0.0,0.0,15.0,,
2024-07-01 06:00:00,15.0,31.25,4.75,15.28,11.98,12.38,5.5,0.69,28.37,0.82,3.55,,,,,,68.75,2.08,265.25,0.0,0.0,15.25,,
2024-07-01 07:00:00,16.5,36.25,6.1,14.35,12.6,12.5,5.5,0.77,28.13,0.9,3.68,,,,,,69.25,2.0,263.75,0.0,0.0,24.0,,
2024-07-01 08:00:00,13.0,44.75,9.25,15.75,15.9,12.75,4.88,0.92,27.58,1.1,4.18,,,,,,69.25,1.92,271.75,0.0,0.0,49.0,,
2024-07-01 09:00:00,15.25,62.75,10.42,18.62,18.48,12.72,4.92,1.02,27.98,1.45,5.4,,,,,,69.25,2.33,224.25,0.0,0.0,98.5,,
2024-07-01 10:00:00,14.75,77.0,9.07,22.42,19.35,13.9,5.6,1.03,27.49,1.62,6.18,,,,,,69.0,2.08,207.25,0.0,0.0,155.0,,
2024-07-01 11:00:00,18.5,85.25,7.17,20.87,16.87,13.17,6.37,0.95,37.88,1.7,6.4,,,,,,69.25,1.75,204.0,0.0,0.0,280.0,,
2024-07-01 12:00:00,14.0,79.25,1.77,14.7,9.27,16.7,4.5,0.79,31.6,1.6,6.6,,,,,,68.5,1.88,211.75,0.0,0.0,290.75,,
2024-07-01 13:00:00,12.75,64.25,3.15,12.22,9.02,13.3,4.03,0.84,41.9,1.45,6.7,,,,,,67.25,2.2,194.75,0.0,0.0,281.0,,
2024-07-01 14:00:00,10.25,56.75,2.88,11.78,8.62,11.8,3.48,0.66,51.16,1.18,5.7,,,,,,68.0,2.4,214.0,0.0,0.0,241.0,,
2024-07-01 15:00:00,13.5,65.5,2.6,11.5,8.22,11.7,2.45,0.49,51.99,1.02,4.97,,,,,,67.75,2.2,189.5,0.0,0.0,174.75,,
2024-07-01 16:00:00,12.5,60.5,3.18,13.12,9.55,12.08,3.08,0.42,47.18,1.05,5.05,,,,,,67.25,2.12,200.25,0.0,0.0,110.5,,
2024-07-01 17:00:00,15.0,67.0,2.4,14.6,9.7,11.78,3.32,0.39,43.96,1.38,5.52,,,,,,68.0,2.48,198.0,0.0,0.0,63.5,,
2024-07-01 18:00:00,19.0,68.75,3.12,21.32,13.88,12.75,3.38,0.74,37.68,1.52,6.22,,,,,,68.5,2.17,239.25,0.0,0.0,20.0,,
2024-07-01 19:00:00,20.75,86.25,2.38,24.3,14.88,15.95,3.75,1.26,45.47,1.82,7.02,,,,,,68.5,2.25,279.75,0.0,0.0,15.0,,
2024-07-01 20:00:00,19.75,97.0,4.03,25.72,16.95,16.1,3.1,1.27,46.99,1.95,7.75,,,,,,68.0,2.3,256.0,0.0,0.0,15.0,,
2024-07-01 21:00:00,26.5,98.0,2.55,22.82,14.22,14.9,3.08,1.06,49.05,1.78,7.28,,,,,,68.5,2.72,221.25,0.0,0.0,15.0,,
2024-07-01 22:00:00,21.0,88.75,2.52,21.32,13.38,15.0,5.52,1.07,42.0,1.7,6.72,,,,,,68.75,1.68,204.0,0.0,0.0,15.0,,
2024-07-01 23:00:00,17.5,75.75,2.92,17.52,11.68,13.9,6.6,0.93,40.72,1.52,6.55,,,,,,67.25,1.38,251.0,0.0,0.0,15.0,,
2024-07-02 00:00:00,16.5,64.25,2.5,13.18,9.02,13.55,6.88,0.72,34.98,1.35,6.3,,,,,,68.5,0.98,245.75,0.0,0.0,15.0,,
2024-07-02 01:00:00,17.75,60.0,2.88,15.08,10.4,13.02,5.62,0.66,34.35,1.27,6.52,,,,,,68.25,1.88,247.0,0.0,0.0,15.0,,
2024-07-02 02:00:00,15.75,61.0,3.45,20.4,13.68,13.0,3.55,0.49,30.38,1.15,5.8,,,,,,68.5,1.7,235.75,0.0,0.0,15.0,,
2024-07-02 03:00:00,12.25,52.5,4.15,18.65,13.28,13.6,2.22,0.24,43.25,1.1,5.45,,,,,,69.25,1.32,201.0,0.0,0.0,15.0,,
2024-07-02 04:00:00,11.75,41.25,3.28,15.68,11.05,13.92,3.28,0.54,17.1,1.15,5.58,,,,,,68.75,1.27,175.5,0.0,0.0,15.0,,
2024-07-02 05:00:00,7.75,31.0,4.6,15.18,11.85,12.65,4.4,0.7,22.0,1.1,5.38,,,,,,69.0,1.48,192.5,0.0,0.0,15.0,,
2024-07-02 06:00:00,7.25,37.0,5.9,18.45,14.62,12.05,4.92,0.57,22.69,1.12,5.6,,,,,,68.25,1.45,238.5,0.0,0.0,47.75,,
2024-07-02 07:00:00,10.5,49.0,7.22,15.12,13.98,12.05,4.53,0.76,23.72,1.18,5.58,,,,,,67.75,1.55,195.75,0.0,0.0,140.0,,
2024-07-02 08:00:00,17.75,60.25,7.88,14.62,14.1,11.75,4.4,0.75,27.34,1.25,5.68,,,,,,68.25,1.82,213.75,0.0,0.0,244.25,,
2024-07-02 09:00:00,15.75,66.0,4.62,14.6,11.52,11.9,4.6,0.76,35.38,1.32,5.88,,,,,,67.5,2.22,210.25,0.0,0.0,353.25,,
2024-07-02 10:00:00,12.25,61.25,4.72,18.55,13.72,13.78,4.97,0.68,39.89,1.27,5.82,,,,,,67.5,2.33,222.75,0.0,0.0,410.25,,
2024-07-02 11:00:00,13.75,66.0,3.73,13.9,10.47,13.93,8.1,0.79,40.67,1.12,6.42,,,,,,67.5,2.5,244.0,0.0,0.0,401.5,,
2024-07-02 12:00:00,22.67,147.67,4.1,14.1,10.85,18.15,4.2,0.73,46.78,0.9,6.07,,,,,,67.0,2.53,209.33,0.0,0.0,339.0,,
2024-07-02 13:00:00,30.25,204.75,4.22,15.32,11.58,14.8,2.5,0.74,45.72,0.85,6.25,,,,,,67.25,2.72,225.75,0.0,0.0,399.5,,
2024-07-02 14:00:00,13.0,61.5,4.55,20.02,14.32,16.08,2.8,0.69,44.69,1.12,6.88,,,,,,66.25,2.62,214.25,0.0,0.0,356.0,,
2024-07-02 15:00:00,14.0,51.75,2.62,14.32,9.78,15.62,2.22,0.66,48.32,1.18,6.48,,,,,,66.25,2.95,220.0,0.0,0.0,280.25,,
2024-07-02 16:00:00,17.25,66.0,5.98,19.42,15.23,17.5,3.95,0.7,43.32,1.1,5.78,,,,,,65.5,2.42,208.0,0.0,0.0,196.5,,
2024-07-02 17:00:00,19.25,76.5,6.75,23.35,17.92,21.22,4.65,0.78,45.13,1.18,6.28,,,,,,65.0,2.8,243.0,0.0,0.0,90.0,,
2024-07-02 18:00:00,21.25,80.0,3.7,20.08,13.7,19.77,4.32,0.8,47.04,1.18,5.88,,,,,,66.0,3.05,244.25,0.0,0.0,22.25,,
2024-07-02 19:00:00,17.0,78.5,2.08,23.02,13.92,19.2,4.85,0.94,43.02,1.42,5.98,,,,,,65.25,2.6,264.5,0.0,0.0,15.0,,
2024-07-02 20:00:00,20.0,82.0,2.45,23.5,14.52,18.88,1.8,1.1,37.98,1.88,7.9,,,,,,65.5,2.62,284.5,0.0,0.0,15.0,,
2024-07-02 21:00:00,18.25,71.25,2.52,18.62,11.98,16.32,,0.99,45.47,1.88,7.88,,,,,,66.5,3.72,257.0,0.0,0.0,15.0,,
2024-07-02 22:00:00,12.5,46.0,2.25,13.25,8.9,15.5,5.83,0.83,46.89,1.25,5.65,,,,,,66.0,3.75,252.5,0.0,0.0,15.0,,
2024-07-02 23:00:00,10.0,37.25,1.98,11.5,7.72,14.5,7.72,0.74,43.17,0.98,4.2,,,,,,66.25,3.32,246.5,0.0,0.0,15.0,,
2024-07-03 00:00:00,8.25,30.25,1.95,9.8,6.82,13.78,5.1,0.62,40.13,0.75,3.32,,,,,,67.25,3.2,244.0,0.0,0.0,15.0,,
2024-07-03 01:00:00,13.5,32.5,2.5,14.6,9.75,13.85,3.08,0.51,34.2,0.62,2.92,,,,,,66.25,2.82,232.75,0.0,0.0,15.0,,
2024-07-03 02:00:00,14.0,29.5,4.65,21.12,15.02,14.25,5.9,0.44,28.55,0.72,3.12,,,,,,66.0,2.17,210.75,0.0,0.0,15.0,,
2024-07-03 03:00:00,2.75,32.75,4.03,14.42,10.95,14.58,8.57,0.51,34.43,0.78,3.52,,,,,,66.75,2.42,221.75,0.0,0.0,15.0,,
2024-07-03 04:00:00,6.75,29.5,4.08,11.78,9.62,12.08,3.9,0.44,31.36,0.62,3.02,,,,,,67.25,1.88,218.25,0.0,0.0,15.0,,
2024-07-03 05:00:00,12.5,33.5,4.6,13.0,10.68,11.78,0.3,0.4,27.83,0.7,3.15,,,,,,67.0,1.8,191.25,0.0,0.0,15.0,,
2024-07-03 06:00:00,14.75,46.0,6.58,15.32,13.45,12.25,5.57,0.45,26.51,0.8,3.55,,,,,,67.5,1.67,202.75,0.0,0.0,46.25,,
2024-07-03 07:00:00,17.0,64.25,7.68,18.9,16.3,13.42,6.75,0.44,27.2,1.08,4.03,,,,,,67.5,2.42,233.75,0.0,0.0,146.5,,
2024-07-03 08:00:00,15.75,74.25,5.72,14.62,12.42,13.0,6.75,0.48,29.5,1.2,3.98,,,,,,67.25,2.38,213.75,0.0,0.0,201.0,,
2024-07-03 09:00:00,13.0,74.25,4.75,14.62,11.62,13.18,6.18,0.56,35.08,1.3,4.52,,,,,,68.25,2.45,209.25,0.0,0.0,293.25,,
2024-07-03 10:00:00,17.0,72.5,2.75,15.02,10.22,14.55,6.0,0.46,44.0,1.27,4.42,,,,,,67.5,2.12,207.75,0.0,0.0,393.75,,
2024-07-03 11:00:00,17.0,72.5,2.8,12.97,9.13,17.2,9.43,0.39,44.05,1.25,4.92,,,,,,66.5,2.2,210.25,0.0,0.0,386.75,,
2024-07-03 12:00:00,10.5,70.25,3.1,11.87,8.77,20.47,3.52,0.4,46.94,1.2,5.12,,,,,,66.0,2.52,253.5,0.0,0.0,462.0,,
2024-07-03 13:00:00,8.75,74.25,3.8,11.8,9.4,17.02,1.25,0.4,56.06,1.08,4.85,,,,,,66.25,2.6,216.0,0.0,0.0,420.25,,
2024-07-03 14:00:00,9.0,65.5,3.0,11.88,8.75,17.05,5.0,0.33,56.79,1.12,5.9,,,,,,65.75,2.58,206.0,0.0,0.0,364.0,,
2024-07-03 15:00:00,12.0,63.25,2.65,10.8,7.9,17.0,6.22,0.26,56.01,1.08,5.78,,,,,,66.0,2.4,205.5,0.0,0.0,291.0,,
2024-07-03 16:00:00,13.5,66.5,3.88,13.02,10.07,16.9,3.9,0.31,54.04,1.1,5.7,,,,,,64.75,2.75,225.0,0.0,0.0,187.25,,
2024-07-03 17:00:00,18.25,86.5,1.92,17.75,11.0,21.68,4.72,0.42,67.37,1.2,5.55,,,,,,65.25,3.55,250.25,0.0,0.0,81.5,,
2024-07-03 18:00:00,17.25,92.5,3.6,18.77,12.9,23.32,3.22,0.42,60.76,1.23,5.7,,,,,,65.0,3.8,259.0,0.0,0.0,17.25,,
2024-07-03 19:00:00,12.0,76.75,3.12,16.92,11.55,21.2,3.35,0.42,67.62,1.3,5.4,,,,,,65.5,4.3,291.75,0.0,0.0,15.0,,
2024-07-03 20:00:00,12.5,80.0,2.48,14.28,9.6,17.88,2.55,0.69,51.84,1.2,5.3,,,,,,65.25,3.92,310.75,0.0,0.0,15.0,,
2024-07-03 21:00:00,12.25,86.0,3.08,10.02,7.8,15.88,1.1,0.66,56.55,0.82,4.28,,,,,,66.75,1.7,254.5,9.0,9.0,16.0,,
2024-07-03 22:00:00,6.0,12.75,3.58,13.85,10.3,16.95,1.38,0.72,26.51,0.85,4.62,,,,,,67.0,1.72,187.5,1.25,1.25,16.0,,
2024-07-03 23:00:00,3.75,9.5,3.72,16.77,11.98,16.95,3.68,0.68,20.24,0.98,5.58,,,,,,67.5,0.82,135.0,1.5,1.5,16.0,,
2024-07-04 00:00:00,5.25,11.0,4.7,13.3,10.9,16.12,2.7,0.88,23.42,0.88,5.65,,,,,,68.25,0.68,273.67,0.25,0.25,16.0,,
2024-07-04 01:00:00,2.75,12.25,4.45,12.7,10.38,15.22,3.15,0.89,27.88,0.88,5.58,,,,,,67.5,0.92,273.67,0.0,0.0,15.75,,
2024-07-04 02:00:00,2.25,16.0,4.92,15.8,12.42,14.85,4.0,0.92,28.23,0.9,5.55,,,,,,68.0,2.02,278.25,0.0,0.0,15.0,,
2024-07-04 03:00:00,2.5,13.75,3.03,13.05,9.48,18.38,4.97,0.72,24.56,0.9,5.58,,,,,,67.0,1.6,291.0,0.0,0.0,15.0,,
2024-07-04 04:00:00,2.75,8.75,3.18,13.55,9.78,16.02,2.85,0.59,25.43,0.88,5.35,,,,,,66.75,2.12,268.25,0.0,0.0,15.0,,
2024-07-04 05:00:00,7.75,16.25,4.73,21.15,15.08,16.02,1.68,0.53,23.76,0.82,4.78,,,,,,67.25,1.7,249.75,0.0,0.0,15.0,,
2024-07-04 06:00:00,7.25,26.0,6.4,19.42,15.6,15.9,4.32,0.58,22.69,0.92,4.95,,,,,,67.75,1.08,283.0,0.0,0.0,25.25,,
2024-07-04 07:00:00,9.0,35.75,6.38,19.15,15.35,15.75,6.95,0.67,25.33,1.1,5.32,,,,,,68.25,1.08,269.5,0.0,0.0,73.0,,
2024-07-04 08:00:00,13.0,41.0,8.05,20.92,17.73,15.92,4.58,0.78,27.44,1.4,6.12,,,,,,68.25,1.4,195.5,0.0,0.0,162.75,,
2024-07-04 09:00:00,14.75,51.5,5.3,20.5,15.2,15.28,2.55,0.72,33.22,1.7,7.28,,,,,,69.0,2.0,226.75,0.0,0.0,242.75,,
2024-07-04 10:00:00,11.75,52.5,3.82,15.42,11.28,15.85,3.5,0.56,38.51,1.52,6.92,,,,,,68.25,2.08,254.25,0.0,0.0,319.0,,
2024-07-04 11:00:00,12.5,42.5,5.27,12.73,11.03,15.67,4.8,0.64,44.88,1.18,5.85,,,,,,67.0,2.08,241.5,0.0,0.0,361.0,,
2024-07-04 12:00:00,9.0,43.25,3.43,10.5,8.4,15.57,2.95,0.68,46.5,1.02,5.28,,,,,,68.25,2.0,252.75,0.0,0.0,391.25,,
2024-07-04 13:00:00,10.5,39.5,1.68,9.7,6.5,12.72,1.83,0.68,47.58,0.95,5.6,,,,,,68.5,1.95,200.0,0.0,0.0,268.5,,
2024-07-04 14:00:00,5.75,35.25,2.25,9.8,7.05,13.35,0.3,0.68,46.99,0.9,5.58,,,,,,67.0,1.78,223.75,0.0,0.0,171.5,,
2024-07-04 15:00:00,5.75,40.25,3.8,11.9,9.4,13.02,3.4,0.79,47.63,0.9,6.1,,,,,,67.0,1.25,164.5,0.0,0.0,116.75,,
2024-07-04 16:00:00,8.75,54.25,3.12,16.25,11.2,13.52,2.55,0.82,52.28,1.23,7.2,,,,,,67.0,1.68,233.0,0.0,0.0,164.0,,
2024-07-04 17:00:00,11.75,59.5,2.92,17.2,11.48,14.32,1.2,0.82,60.46,1.42,6.7,,,,,,66.5,2.82,272.0,0.0,0.0,100.5,,
2024-07-04 18:00:00,15.25,68.0,2.38,22.32,13.77,14.98,3.75,1.01,47.58,1.3,5.85,,,,,,66.75,1.85,293.25,0.0,0.0,19.0,,
2024-07-04 19:00:00,19.25,80.75,1.85,29.1,17.0,17.82,4.9,1.11,29.65,1.92,8.68,,,,,,66.5,2.52,251.25,0.0,0.0,15.0,,
2024-07-04 20:00:00,19.5,79.0,3.02,25.65,16.12,15.6,2.5,1.14,38.71,2.58,9.07,,,,,,66.25,2.42,234.5,0.0,0.0,15.0,,
2024-07-04 21:00:00,17.5,67.75,2.92,25.92,16.15,16.27,2.15,1.12,37.93,2.68,9.15,,,,,,67.75,2.05,254.5,0.0,0.0,15.0,,
2024-07-04 22:00:00,15.0,67.75,3.15,19.4,12.88,16.95,2.55,0.85,44.4,2.17,8.12,,,,,,67.0,2.42,235.0,1.25,1.25,15.5,,
2024-07-04 23:00:00,11.75,56.0,2.8,18.15,11.9,16.55,2.02,0.81,35.23,1.82,6.88,,,,,,67.25,2.38,280.25,0.25,0.25,15.5,,
2024-07-05 00:00:00,10.25,37.0,2.92,12.98,9.2,14.55,3.8,0.78,35.77,1.4,5.68,,,,,,67.5,2.5,283.25,0.0,0.0,15.0,,
2024-07-05 01:00:00,8.0,24.25,2.4,9.57,7.05,13.7,5.3,0.54,35.13,0.98,4.42,,,,,,68.25,2.6,262.75,0.0,0.0,15.0,,
2024-07-05 02:00:00,7.5,23.5,3.08,8.43,6.98,13.22,3.7,0.49,34.04,0.72,3.5,,,,,,67.0,2.75,238.0,0.0,0.0,15.0,,
2024-07-05 03:00:00,6.5,27.75,4.3,8.25,7.85,13.05,,0.58,50.44,0.55,2.85,,,,,,68.0,2.42,251.25,0.0,0.0,15.0,,
2024-07-05 04:00:00,8.0,28.0,4.38,17.27,12.73,12.7,3.67,0.49,36.56,0.55,2.62,,,,,,67.75,2.62,208.0,0.0,0.0,15.0,,
2024-07-05 05:00:00,8.75,31.75,5.42,21.18,15.7,12.85,4.53,0.52,29.15,0.7,3.0,,,,,,68.75,1.52,202.0,0.0,0.0,15.0,,
2024-07-05 06:00:00,10.5,36.75,6.65,18.48,15.22,12.2,2.6,0.6,26.66,0.88,3.7,,,,,,69.25,1.55,175.75,0.0,0.0,36.25,,
2024-07-05 07:00:00,9.75,46.25,6.92,15.27,13.75,11.88,1.75,0.84,26.6,1.1,4.15,,,,,,69.5,1.52,194.75,0.0,0.0,126.5,,
2024-07-05 08:00:00,12.5,50.25,7.22,13.42,13.05,11.75,3.28,0.82,27.58,1.2,4.62,,,,,,69.25,2.1,200.25,0.0,0.0,241.0,,
2024-07-05 09:00:00,12.75,52.25,4.82,14.9,11.82,11.65,4.6,0.88,33.62,1.27,5.2,,,,,,68.75,2.38,220.75,0.0,0.0,330.25,,
2024-07-05 10:00:00,10.0,54.0,3.08,11.6,8.68,12.5,4.37,0.75,34.79,1.12,4.68,,,,,,68.25,3.02,221.0,0.0,0.0,438.25,,
2024-07-05 11:00:00,12.0,47.0,1.42,7.38,5.1,14.45,6.9,0.56,33.37,1.1,4.65,,,,,,68.25,2.85,203.75,0.0,0.0,478.5,,
2024-07-05 12:00:00,8.5,43.25,2.98,8.88,7.12,14.05,5.12,0.43,42.19,0.95,4.22,,,,,,67.5,2.25,180.5,0.0,0.0,448.5,,
2024-07-05 13:00:00,7.5,43.5,2.35,11.62,8.1,14.32,4.85,0.6,54.44,0.93,4.4,,,,,,67.5,2.22,193.75,0.0,0.0,292.25,,
2024-07-05 14:00:00,10.0,54.75,2.85,13.08,9.25,16.73,6.22,0.6,57.04,1.08,4.22,,,,,,66.25,3.62,235.25,0.0,0.0,375.75,,
2024-07-05 15:00:00,13.75,66.5,3.5,12.35,9.4,17.45,6.2,0.69,62.18,1.0,3.55,,,,,,66.75,3.68,242.0,0.0,0.0,279.75,,
2024-07-05 16:00:00,17.0,69.5,4.12,12.78,10.07,18.52,4.8,0.67,63.8,1.0,3.32,,,,,,65.75,3.7,265.25,0.0,0.0,179.0,,
2024-07-05 17:00:00,19.5,76.5,2.7,17.65,11.55,18.88,3.4,0.74,60.66,0.98,3.22,,,,,,66.0,3.2,272.0,0.0,0.0,57.5,,
2024-07-05 18:00:00,18.0,82.75,2.62,20.25,12.92,18.8,4.53,0.87,53.75,1.3,4.65,,,,,,65.75,2.72,263.0,0.0,0.0,17.0,,
2024-07-05 19:00:00,18.25,76.5,3.8,16.48,11.85,18.68,4.0,0.75,52.33,1.25,4.68,,,,,,66.0,2.8,292.0,0.0,0.0,15.0,,
2024-07-05 20:00:00,17.75,69.75,2.95,16.58,11.22,18.08,4.85,0.72,49.2,1.27,5.15,,,,,,66.5,2.72,244.0,0.0,0.0,15.0,,
2024-07-05 21:00:00,13.75,65.25,2.28,15.8,10.25,15.98,4.58,0.72,44.64,1.32,5.4,,,,,,67.5,2.65,226.0,0.0,0.0,15.0,,
2024-07-05 22:00:00,12.5,45.25,2.38,15.22,10.02,15.0,4.68,0.65,38.96,1.23,5.05,,,,,,67.0,3.6,235.25,4.0,4.0,15.0,,
2024-07-05 23:00:00,11.0,46.0,2.3,9.22,6.8,12.95,4.88,0.46,36.5,0.98,3.98,,,,,,66.5,3.78,233.5,4.25,4.25,16.0,,
2024-07-06 00:00:00,2.0,6.0,2.5,7.18,5.82,12.2,1.95,0.28,35.03,0.62,3.02,,,,,,67.5,1.88,209.5,2.5,2.5,16.0,,
2024-07-06 01:00:00,1.75,5.25,2.95,7.38,6.3,11.32,1.4,0.28,33.96,0.6,3.4,,,,,,68.25,1.1,143.5,0.75,0.75,16.0,,
2024-07-06 02:00:00,1.0,3.0,2.3,7.8,6.02,11.98,1.45,0.17,31.95,0.57,4.05,,,,,,69.5,0.42,135.5,0.25,0.25,16.0,,
2024-07-06 03:00:00,,,4.08,16.45,12.08,14.5,2.3,0.45,27.96,0.7,4.6,,,,,,68.75,0.42,48.75,0.0,0.0,15.0,,
2024-07-06 04:00:00,5.0,16.0,5.95,19.27,15.08,13.98,3.98,0.51,23.32,0.75,4.75,,,,,,67.75,0.32,182.0,0.25,0.25,15.75,,
2024-07-06 05:00:00,4.25,16.25,7.35,23.55,18.5,15.0,4.9,0.54,22.15,0.82,5.22,,,,,,68.5,0.3,208.75,0.0,0.0,16.0,,
2024-07-06 06:00:00,3.0,19.75,7.2,21.7,17.38,14.6,2.75,0.63,23.13,0.9,5.25,,,,,,68.75,0.3,225.5,0.0,0.0,17.75,,
2024-07-06 07:00:00,7.75,29.75,9.35,24.48,20.62,15.05,2.92,0.8,23.28,1.02,5.75,,,,,,68.5,0.75,334.25,0.0,0.0,40.0,,
2024-07-06 08:00:00,11.5,34.5,8.45,22.78,19.0,16.05,3.0,0.86,25.43,1.32,6.2,,,,,,68.75,2.0,255.5,0.0,0.0,59.75,,
2024-07-06 09:00:00,7.25,35.75,7.75,25.85,20.1,16.15,3.02,0.93,26.56,1.72,6.82,,,,,,68.0,2.2,241.5,0.0,0.0,77.75,,
2024-07-06 10:00:00,8.0,45.0,8.52,28.15,21.88,16.75,4.47,1.24,32.83,2.08,7.95,,,,,,68.5,1.3,231.75,0.0,0.0,123.25,,
2024-07-06 11:00:00,11.75,51.5,6.27,27.2,19.57,16.23,8.03,1.04,44.24,2.22,8.98,,,,,,69.25,0.8,141.75,0.0,0.0,143.25,,
2024-07-06 12:00:00,22.25,62.0,5.5,22.9,16.63,16.5,3.25,1.18,47.34,2.1,10.02,,,,,,69.5,0.95,203.75,0.0,0.0,162.0,,
2024-07-06 13:00:00,20.5,63.75,2.9,23.48,14.82,13.7,1.3,1.04,52.19,2.05,10.3,,,,,,68.25,1.2,194.5,0.0,0.0,177.75,,
2024-07-06 14:00:00,21.0,69.25,3.65,22.7,15.08,13.38,4.92,0.9,50.81,1.88,10.98,,,,,,70.0,1.3,207.0,0.0,0.0,172.75,,
2024-07-06 15:00:00,17.0,69.0,2.75,17.42,11.5,12.7,6.3,0.82,45.86,1.68,10.55,,,,,,69.0,1.55,221.75,0.0,0.0,152.0,,
2024-07-06 16:00:00,14.0,65.25,3.18,17.05,11.68,12.3,2.22,0.7,42.63,1.55,9.82,,,,,,70.25,0.85,217.75,0.0,0.0,75.75,,
2024-07-06 17:00:00,15.0,68.75,3.88,23.17,15.48,12.42,1.58,0.9,40.82,1.6,10.52,,,,,,69.5,1.08,323.25,0.0,0.0,48.75,,
2024-07-06 18:00:00,19.0,86.75,2.7,31.35,18.9,15.52,1.62,1.2,28.81,1.9,10.42,,,,,,68.75,1.58,311.75,0.0,0.0,16.5,,
2024-07-06 19:00:00,22.0,87.0,3.2,29.58,18.3,15.95,2.82,1.24,30.14,2.05,9.65,,,,,,68.25,1.25,330.67,0.0,0.0,15.0,,
2024-07-06 20:00:00,21.0,82.25,4.3,33.7,21.42,15.52,2.25,1.42,27.39,2.35,10.45,,,,,,69.0,1.6,330.0,0.0,0.0,15.0,,
2024-07-06 21:00:00,19.0,88.0,4.28,35.4,22.3,15.05,1.25,1.44,25.33,2.52,10.72,,,,,,69.25,0.98,275.0,0.0,0.0,15.0,,
2024-07-06 22:00:00,20.5,90.25,4.18,30.85,19.85,14.68,4.0,1.2,34.74,2.52,10.42,,,,,,68.25,2.22,317.75,0.0,0.0,15.0,,
2024-07-06 23:00:00,16.5,69.0,2.15,17.08,10.82,13.85,4.65,0.8,44.88,1.95,8.3,,,,,,69.0,2.72,300.5,0.0,0.0,15.0,,
2024-07-07 00:00:00,15.0,38.25,1.2,13.12,7.35,16.15,4.45,0.73,41.5,1.48,6.5,,,,,,67.75,2.85,294.75,0.0,0.0,15.75,,
2024-07-07 01:00:00,5.25,35.5,3.7,11.92,8.6,20.18,4.08,0.93,30.77,1.25,5.88,,,,,,67.0,2.5,239.25,0.0,0.0,15.0,,
2024-07-07 02:00:00,3.0,31.25,4.0,9.82,8.48,14.85,3.22,0.89,32.6,0.92,4.53,,,,,,68.75,1.62,204.25,0.0,0.0,15.0,,
2024-07-07 03:00:00,4.5,26.0,4.45,15.52,11.88,12.85,2.92,0.68,43.58,0.9,4.32,,,,,,68.75,1.23,213.75,0.0,0.0,15.0,,
2024-07-07 04:00:00,11.0,35.25,9.77,35.0,26.58,13.98,4.0,0.57,32.29,0.9,4.35,,,,,,69.25,1.2,156.25,0.0,0.0,15.0,,
2024-07-07 05:00:00,16.0,40.0,8.25,20.42,17.55,12.65,5.98,0.61,28.47,1.08,4.9,,,,,,69.5,0.88,161.25,0.0,0.0,15.0,,
2024-07-07 06:00:00,15.25,57.75,9.98,20.92,19.2,11.95,2.7,0.76,26.61,1.27,6.02,,,,,,70.5,1.0,148.5,0.0,0.0,32.0,,
2024-07-07 07:00:00,22.5,75.5,9.15,18.15,17.1,11.88,2.15,0.8,27.59,1.38,6.7,,,,,,69.75,1.27,168.5,0.0,0.0,79.5,,
2024-07-07 08:00:00,22.75,76.5,7.58,17.92,15.65,11.2,6.92,0.83,28.86,1.48,6.82,,,,,,70.25,1.8,189.0,0.0,0.0,152.5,,
2024-07-07 09:00:00,18.25,70.75,4.78,14.75,11.68,10.3,8.65,0.77,30.77,1.42,6.18,,,,,,69.5,2.4,233.75,0.0,0.0,304.0,,
2024-07-07 10:00:00,13.75,53.75,2.9,10.35,7.92,10.58,3.33,0.54,34.15,1.1,4.92,,,,,,68.75,2.8,233.0,0.0,0.0,430.75,,
2024-07-07 11:00:00,6.75,39.5,0.37,9.27,5.2,13.38,2.65,0.53,27.59,1.02,4.68,,,,,,68.5,2.58,250.5,0.0,0.0,473.25,,
2024-07-07 12:00:00,6.25,35.25,2.07,9.7,6.83,14.23,1.72,0.5,37.98,0.92,4.2,,,,,,67.5,2.58,221.25,0.0,0.0,438.75,,
2024-07-07 13:00:00,7.0,37.0,3.05,10.3,7.95,11.58,0.4,0.31,43.71,0.8,3.68,,,,,,67.5,2.0,201.5,0.0,0.0,420.25,,
2024-07-07 14:00:00,6.75,39.5,3.02,9.48,7.52,12.22,3.4,0.24,46.3,0.82,3.85,,,,,,67.0,1.95,189.25,0.0,0.0,322.75,,
2024-07-07 15:00:00,6.0,37.5,2.58,9.4,7.1,12.1,4.28,0.24,48.8,0.8,3.65,,,,,,67.25,1.48,219.5,0.0,0.0,265.25,,
2024-07-07 16:00:00,7.5,38.5,2.33,10.62,7.5,12.3,6.88,0.33,51.55,0.8,3.65,,,,,,67.0,2.28,234.0,0.0,0.0,99.25,,
2024-07-07 17:00:00,12.0,42.0,2.72,11.48,8.32,12.28,6.7,0.43,45.28,0.72,3.48,,,,,,67.0,1.85,206.0,0.25,0.25,28.0,,
2024-07-07 18:00:00,11.67,30.75,2.75,15.68,10.6,12.1,5.28,0.54,38.96,0.95,4.25,,,,,,67.75,2.25,230.25,0.0,0.0,15.5,,
2024-07-07 19:00:00,10.0,30.75,5.0,16.95,13.02,11.68,5.38,0.64,38.12,1.18,5.28,,,,,,67.5,2.22,212.0,0.0,0.0,15.0,,
2024-07-07 20:00:00,6.0,19.25,2.7,12.75,8.98,10.98,3.82,0.64,40.77,1.1,5.12,,,,,,66.75,1.8,271.75,1.5,1.5,16.0,,
2024-07-07 21:00:00,4.0,5.75,3.0,10.42,8.02,10.75,4.0,0.59,39.89,0.98,4.8,,,,,,68.25,1.5,313.0,0.5,0.5,16.0,,
2024-07-07 22:00:00,6.5,7.5,2.98,10.48,8.0,10.75,3.2,0.56,34.3,1.02,4.88,,,,,,68.75,0.88,259.0,0.0,0.0,15.5,,
2024-07-07 23:00:00,5.0,6.0,2.85,8.75,6.98,10.88,3.38,0.55,34.64,0.88,4.35,,,,,,69.25,1.05,173.5,0.0,0.0,15.0,,
2024-07-08 00:00:00,9.0,14.0,3.0,9.48,7.45,10.6,2.6,0.68,31.6,0.85,4.28,,,,,,69.0,1.0,94.25,0.0,0.0,15.0,,
2024-07-08 01:00:00,8.0,14.75,3.95,10.48,8.75,10.75,2.03,0.7,30.08,0.98,4.62,,,,,,69.0,0.52,138.25,0.25,0.25,15.0,,
2024-07-08 02:00:00,4.0,16.0,3.4,9.88,7.98,11.18,3.15,0.64,29.86,0.9,4.82,,,,,,69.25,0.6,86.25,0.0,0.0,15.0,,
2024-07-08 03:00:00,1.25,13.25,3.55,8.98,7.68,13.95,2.05,0.61,28.09,1.05,5.45,,,,,,69.25,0.75,101.5,0.0,0.0,15.0,,
2024-07-08 04:00:00,3.25,14.75,3.45,9.3,7.75,12.55,1.7,0.68,27.93,0.95,5.0,,,,,,68.5,1.08,76.75,0.0,0.0,15.0,,
2024-07-08 05:00:00,6.5,16.75,3.28,10.98,8.5,11.98,2.0,0.73,26.61,0.92,4.8,,,,,,68.5,0.82,147.0,0.0,0.0,15.0,,
2024-07-08 06:00:00,5.75,19.5,5.3,14.82,12.2,12.3,4.85,0.76,23.76,1.05,5.3,,,,,,69.5,0.75,103.5,0.0,0.0,17.75,,
2024-07-08 07:00:00,8.75,32.25,8.25,19.65,17.2,13.45,5.1,0.62,22.54,1.3,5.98,,,,,,68.5,0.9,109.25,0.0,0.0,31.25,,
2024-07-08 08:00:00,10.25,43.0,10.18,20.92,19.4,3.58,3.85,0.88,23.82,1.6,6.65,,,,,,69.75,0.9,149.75,0.0,0.0,77.5,,
2024-07-08 09:00:00,11.0,56.75,11.98,24.68,22.85,23.08,2.8,1.06,25.78,1.9,7.8,,,,,,69.25,1.32,180.5,0.0,0.0,131.5,,
2024-07-08 10:00:00,17.75,62.25,9.3,25.32,20.98,15.2,3.5,0.91,33.61,2.08,8.12,,,,,,68.75,1.7,189.5,0.0,0.0,249.75,,
2024-07-08 11:00:00,12.5,63.0,5.27,20.73,15.37,14.25,5.67,0.82,45.57,1.7,6.9,,,,,,69.0,2.17,183.0,0.0,0.0,364.5,,
2024-07-08 12:00:00,16.0,63.0,2.1,14.77,9.6,13.97,5.22,0.82,56.3,1.48,6.35,,,,,,68.75,2.28,178.25,0.0,0.0,410.25,,
2024-07-08 13:00:00,12.5,60.25,2.38,12.98,8.82,11.95,3.72,0.64,57.92,1.2,5.68,,,,,,68.25,2.12,186.25,0.0,0.0,282.75,,
2024-07-08 14:00:00,11.0,52.25,2.62,11.8,8.4,12.45,5.32,0.48,54.93,1.1,5.28,,,,,,68.0,1.85,162.0,0.0,0.0,197.5,,
2024-07-08 15:00:00,9.75,51.75,2.75,11.75,8.5,12.15,5.62,0.76,50.03,1.0,5.1,,,,,,69.5,1.5,159.75,0.0,0.0,151.75,,
2024-07-08 16:00:00,8.5,52.5,3.32,13.5,9.93,12.35,3.95,0.62,53.22,1.08,5.65,,,,,,68.0,2.25,198.25,0.0,0.0,152.75,,
2024-07-08 17:00:00,16.25,66.0,2.33,14.98,9.82,12.48,4.4,0.48,52.43,1.0,5.12,,,,,,68.0,2.78,207.5,0.0,0.0,67.0,,
2024-07-08 18:00:00,17.25,67.0,1.82,19.6,11.9,13.42,5.82,0.59,36.31,1.15,5.62,,,,,,67.5,1.88,237.75,0.0,0.0,18.25,,
2024-07-08 19:00:00,18.67,69.5,3.45,27.05,17.2,15.15,5.15,1.0,39.2,1.7,7.4,,,,,,68.0,2.22,276.0,0.0,0.0,15.0,,
2024-07-08 20:00:00,19.5,70.75,2.98,24.85,15.65,14.45,5.72,1.1,44.2,1.92,7.3,,,,,,67.75,1.8,288.75,0.0,0.0,15.0,,
2024-07-08 21:00:00,19.0,83.0,2.05,22.55,13.68,16.95,6.68,1.1,49.98,1.92,7.45,,,,,,67.75,2.55,267.75,0.0,0.0,15.0,,
2024-07-08 22:00:00,18.25,84.25,3.98,23.28,15.58,16.08,7.52,0.96,34.4,1.68,6.85,,,,,,68.5,1.23,274.25,1.0,1.0,16.0,,
2024-07-08 23:00:00,7.5,48.5,4.42,24.52,16.65,14.62,6.15,0.88,23.76,1.42,6.42,,,,,,69.0,0.4,313.33,0.0,0.0,15.75,,
2024-07-09 00:00:00,8.25,39.5,4.5,23.2,15.95,13.92,4.72,0.76,22.69,1.62,7.68,,,,,,68.75,0.43,328.33,0.0,0.0,15.0,,
2024-07-09 01:00:00,6.25,38.5,5.4,16.5,13.15,13.62,2.92,0.72,24.4,1.48,7.1,,,,,,69.5,0.45,213.0,0.0,0.0,15.0,,
2024-07-09 02:00:00,6.75,22.0,6.07,13.05,11.9,12.75,1.62,0.76,25.09,1.27,6.5,,,,,,69.0,0.48,144.5,0.0,0.0,15.0,,
2024-07-09 03:00:00,7.75,23.5,5.2,10.68,9.9,11.38,3.18,0.7,42.2,1.1,6.05,,,,,,70.5,0.55,105.0,0.0,0.0,15.0,,
2024-07-09 04:00:00,13.25,28.5,4.53,11.05,9.6,9.9,5.7,0.64,29.35,1.1,5.9,,,,,,69.75,0.55,38.25,0.0,0.0,15.0,,
2024-07-09 05:00:00,12.25,29.75,12.52,27.12,24.62,12.45,6.15,0.67,26.85,1.12,5.88,,,,,,70.5,0.6,82.25,0.25,0.25,15.0,,
2024-07-09 06:00:00,7.5,32.0,25.25,37.65,40.55,17.58,8.28,0.74,17.24,1.45,7.28,,,,,,69.25,0.42,295.5,0.0,0.0,16.0,,
2024-07-09 07:00:00,9.5,44.75,28.58,30.65,39.52,18.62,9.52,0.96,18.77,2.0,9.4,,,,,,69.5,0.92,274.33,0.25,0.25,31.75,,
2024-07-09 08:00:00,11.0,53.25,23.3,29.67,34.7,16.8,5.2,1.16,22.24,2.05,9.2,,,,,,69.5,1.02,258.0,0.0,0.0,78.5,,
2024-07-09 09:00:00,12.25,49.25,20.18,34.12,34.52,16.3,4.22,1.44,24.8,2.38,10.32,,,,,,69.5,1.42,224.25,0.0,0.0,173.5,,
2024-07-09 10:00:00,16.75,62.25,13.18,26.8,24.95,14.08,4.93,1.07,35.08,2.2,9.45,,,,,,69.25,1.68,173.5,0.0,0.0,243.75,,
2024-07-09 11:00:00,17.0,63.0,5.1,23.73,16.77,13.2,7.07,0.79,44.98,1.78,8.43,,,,,,69.5,2.35,189.25,0.0,0.0,267.5,,
2024-07-09 12:00:00,11.75,61.5,3.63,13.43,10.1,14.33,3.2,0.64,44.78,1.55,7.85,,,,,,69.5,1.98,172.75,0.0,0.0,246.75,,
2024-07-09 13:00:00,14.75,57.5,3.3,13.85,10.02,11.35,1.83,0.64,48.51,1.27,8.62,,,,,,69.25,1.9,176.0,0.0,0.0,206.0,,
2024-07-09 14:00:00,16.75,56.75,2.72,12.9,9.05,11.22,4.72,0.64,50.13,1.15,8.43,,,,,,68.5,1.98,178.25,0.0,0.0,213.0,,
2024-07-09 15:00:00,16.0,52.0,3.05,12.58,9.18,11.22,5.92,0.59,50.32,1.05,7.72,,,,,,68.0,2.15,224.25,0.0,0.0,159.25,,
2024-07-09 16:00:00,16.67,63.0,2.83,17.0,11.3,12.2,5.33,0.68,54.62,1.25,7.13,,,,,,68.33,1.97,227.67,0.0,0.0,96.33,,
2024-07-09 17:00:00,18.0,68.75,2.95,17.62,11.78,12.08,5.0,0.63,49.49,1.25,6.7,,,,,,68.25,2.62,263.25,0.0,0.0,52.75,,
2024-07-09 18:00:00,15.75,56.75,1.55,18.18,10.9,14.35,3.35,0.56,45.47,1.23,5.9,,,,,,68.25,2.62,266.5,0.0,0.0,18.0,,
2024-07-09 19:00:00,9.75,60.75,2.05,21.55,13.1,14.02,2.3,0.7,47.87,1.4,6.0,,,,,,68.25,2.4,279.5,0.0,0.0,15.0,,
2024-07-09 20:00:00,11.0,67.0,2.68,22.42,14.08,15.32,3.02,0.72,52.77,1.4,5.68,,,,,,68.5,2.53,291.25,0.0,0.0,15.0,,
2024-07-09 21:00:00,10.0,68.25,2.65,21.22,13.48,14.9,4.03,0.73,49.83,1.6,5.95,,,,,,68.25,2.78,275.25,0.0,0.0,15.0,,
2024-07-09 22:00:00,14.0,57.75,2.6,17.65,11.48,12.9,4.47,0.66,43.56,1.42,5.82,,,,,,68.5,3.0,276.75,0.0,0.0,15.0,,
2024-07-09 23:00:00,8.75,41.0,2.85,13.85,9.7,12.08,4.2,0.61,36.36,1.12,5.03,,,,,,68.5,2.55,269.0,0.0,0.0,15.0,,
2024-07-10 00:00:00,11.25,36.0,2.8,10.98,8.1,11.52,3.12,0.62,37.0,0.95,4.35,,,,,,68.75,3.18,262.75,0.0,0.0,15.0,,
2024-07-10 01:00:00,10.5,29.75,1.9,8.07,5.88,11.22,2.1,0.55,37.09,0.62,3.35,,,,,,69.0,3.15,240.5,0.0,0.0,15.0,,
2024-07-10 02:00:00,8.0,30.25,3.48,7.3,6.7,10.22,4.6,0.6,44.62,0.45,2.65,,,,,,69.25,2.28,237.75,0.0,0.0,15.0,,
2024-07-10 03:00:00,15.0,37.0,3.05,9.05,7.28,10.55,7.8,0.63,48.93,0.43,2.45,,,,,,69.5,1.5,201.5,0.0,0.0,15.0,,
2024-07-10 04:00:00,14.75,44.0,3.65,9.3,7.88,10.15,8.85,0.6,34.74,0.55,3.05,,,,,,70.25,1.72,216.75,0.0,0.0,15.0,,
2024-07-10 05:00:00,5.5,39.0,3.4,12.25,9.28,9.85,7.68,0.61,30.33,0.65,3.55,,,,,,70.5,1.1,149.75,0.0,0.0,15.0,,
2024-07-10 06:00:00,10.25,49.75,6.1,15.25,13.1,10.5,4.53,0.7,27.34,0.92,4.42,,,,,,69.25,1.35,195.5,0.0,0.0,53.0,,
2024-07-10 07:00:00,19.75,74.0,7.05,16.15,14.35,11.38,2.95,0.82,27.88,1.15,4.82,,,,,,69.75,1.78,168.75,0.0,0.0,138.75,,
2024-07-10 08:00:00,18.25,77.0,5.42,16.82,13.35,11.9,3.38,0.82,73.45,1.23,5.12,,,,,,70.25,1.92,204.5,0.0,0.0,255.75,,
2024-07-10 09:00:00,15.25,73.0,3.0,15.22,10.55,12.28,3.08,0.86,62.92,1.38,5.52,,,,,,69.0,1.82,223.75,0.0,0.0,356.5,,
2024-07-10 10:00:00,13.0,58.5,1.78,11.88,7.72,13.15,3.47,0.69,42.24,1.35,5.52,,,,,,68.25,1.5,257.25,0.0,0.0,430.0,,
2024-07-10 11:00:00,12.75,50.0,3.1,11.7,8.77,12.32,5.57,0.48,48.41,1.18,5.38,,,,,,68.25,1.62,269.5,0.0,0.0,469.75,,
2024-07-10 12:00:00,12.0,48.5,2.03,9.93,6.97,15.97,7.43,0.46,54.64,1.1,4.78,,,,,,67.5,1.38,270.5,0.0,0.0,480.0,,
2024-07-10 13:00:00,12.0,55.5,2.78,11.68,8.45,13.28,7.58,0.46,73.79,1.02,4.58,,,,,,67.0,2.45,240.0,0.0,0.0,410.25,,
2024-07-10 14:00:00,13.33,62.0,4.28,12.42,10.05,15.12,6.5,0.54,82.76,1.02,4.05,,,,,,66.5,2.35,230.25,0.0,0.0,341.0,,
2024-07-10 15:00:00,15.25,62.25,2.5,12.7,8.78,15.95,5.5,0.62,73.45,0.95,3.88,,,,,,66.75,2.48,221.0,0.0,0.0,305.0,,
2024-07-10 16:00:00,14.0,71.0,2.2,12.62,8.55,16.35,3.88,0.64,67.03,0.92,4.22,,,,,,66.0,2.6,218.0,0.0,0.0,182.25,,
2024-07-10 17:00:00,16.75,65.75,2.67,11.48,7.62,16.52,3.15,0.57,66.94,0.88,4.75,,,,,,66.5,2.6,228.0,0.0,0.0,72.5,,
2024-07-10 18:00:00,15.25,57.25,1.8,11.2,7.42,17.32,3.68,0.62,61.79,1.0,5.08,,,,,,65.75,2.7,236.25,0.0,0.0,19.0,,
2024-07-10 19:00:00,11.75,50.5,2.78,13.02,9.15,16.6,3.15,0.67,59.34,1.02,4.75,,,,,,65.75,3.08,241.25,0.0,0.0,15.0,,
2024-07-10 20:00:00,8.0,46.25,3.08,16.08,11.05,16.95,1.42,0.78,55.62,1.1,4.38,,,,,,66.75,3.3,260.0,0.0,0.0,15.0,,
2024-07-10 21:00:00,10.0,49.0,2.68,15.75,10.55,17.38,0.3,1.03,58.75,1.05,3.92,,,,,,66.0,2.9,254.25,0.0,0.0,15.0,,
2024-07-10 22:00:00,15.0,50.0,3.02,13.62,9.75,15.68,1.75,0.68,54.04,0.82,3.18,,,,,,66.5,3.12,265.25,0.0,0.0,15.0,,
2024-07-10 23:00:00,12.0,36.25,2.0,10.1,7.0,15.15,2.28,0.46,40.13,0.62,2.42,,,,,,67.25,3.35,261.0,0.0,0.0,15.0,,
2024-07-11 00:00:00,10.75,37.25,2.45,7.38,5.9,14.12,3.85,0.44,40.18,0.48,2.15,,,,,,67.25,3.05,258.5,3.0,3.0,15.5,,
2024-07-11 01:00:00,6.5,29.0,2.67,6.6,4.92,13.85,3.88,0.38,38.42,0.4,2.05,,,,,,67.5,1.62,206.5,1.0,1.0,16.0,,
2024-07-11 02:00:00,4.25,,2.48,15.38,10.18,15.3,3.45,0.53,27.96,0.48,2.98,,,,,,68.5,1.05,161.5,0.0,0.0,15.25,,
2024-07-11 03:00:00,2.0,1.0,3.03,15.12,10.48,16.25,2.28,0.57,35.28,0.5,3.15,,,,,,67.25,0.88,188.0,0.0,0.0,15.0,,
2024-07-11 04:00:00,,1.5,4.15,14.55,11.1,15.1,2.17,0.55,28.72,0.52,3.62,,,,,,68.5,0.6,310.67,0.5,0.5,15.5,,
2024-07-11 05:00:00,,3.75,4.75,11.98,10.25,14.28,2.5,0.68,31.16,0.6,3.97,,,,,,68.0,1.23,317.5,0.75,0.75,16.0,,
2024-07-11 06:00:00,5.0,8.0,4.75,9.98,9.15,11.92,2.55,0.6,38.37,0.5,3.52,,,,,,69.25,0.57,296.0,0.0,0.0,15.75,,
2024-07-11 07:00:00,6.0,15.25,4.4,13.72,10.88,12.25,4.15,0.79,32.34,0.6,3.8,,,,,,69.75,0.4,95.5,0.25,0.25,21.5,,
2024-07-11 08:00:00,9.0,24.25,7.15,22.67,17.9,13.92,1.18,0.92,28.71,1.1,5.52,,,,,,69.75,0.3,176.75,0.0,0.0,34.75,,
2024-07-11 09:00:00,10.75,42.5,9.75,30.55,24.22,17.3,0.8,1.1,23.42,1.92,8.48,,,,,,69.5,1.42,254.5,0.0,0.0,67.75,,
2024-07-11 10:00:00,16.25,52.25,10.3,35.98,27.45,20.58,4.43,1.32,30.43,2.35,9.48,,,,,,68.0,1.75,195.5,0.0,0.0,111.25,,
2024-07-11 11:00:00,15.5,58.0,6.67,33.83,23.4,19.73,7.5,1.16,34.74,2.3,9.18,,,,,,68.25,1.85,210.0,0.0,0.0,127.0,,
2024-07-11 12:00:00,11.0,55.75,4.07,26.03,17.2,21.2,3.92,1.37,38.71,2.18,9.52,,,,,,69.0,1.3,149.5,0.0,0.0,132.25,,
2024-07-11 13:00:00,12.75,60.75,4.53,22.62,15.7,16.88,3.6,1.18,54.68,1.95,11.2,,,,,,69.5,1.58,213.75,0.0,0.0,150.25,,
2024-07-11 14:00:00,17.0,66.5,3.62,18.48,12.8,14.48,3.12,1.06,62.18,1.78,8.88,,,,,,68.75,1.9,185.5,0.0,0.0,241.75,,
2024-07-11 15:00:00,14.5,57.5,2.78,14.78,10.07,13.98,3.95,0.94,52.24,1.65,7.5,,,,,,69.25,1.6,192.75,0.0,0.0,160.0,,
2024-07-11 16:00:00,15.25,55.0,2.78,18.23,11.92,13.52,5.25,0.91,52.43,1.58,7.3,,,,,,69.25,1.95,247.75,0.0,0.0,89.0,,
2024-07-11 17:00:00,13.0,57.25,1.98,18.95,11.65,15.15,5.7,0.73,30.92,1.45,6.6,,,,,,68.75,3.28,295.25,0.0,0.0,62.25,,
2024-07-11 18:00:00,12.0,45.0,1.7,18.2,11.05,15.82,5.2,0.66,37.93,1.3,5.48,,,,,,67.75,3.08,303.75,0.0,0.0,16.0,,
2024-07-11 19:00:00,8.5,42.75,1.85,18.2,11.2,15.2,3.42,0.61,43.07,1.2,5.07,,,,,,68.25,2.7,288.25,0.0,0.0,15.0,,
2024-07-11 20:00:00,8.5,46.75,2.52,19.15,12.22,15.48,5.75,0.65,44.1,1.3,5.2,,,,,,68.25,2.02,300.5,0.0,0.0,15.0,,
2024-07-11 21:00:00,13.75,54.25,4.1,21.8,14.85,15.25,7.48,0.82,50.08,1.38,5.28,,,,,,69.0,2.25,305.75,0.0,0.0,15.0,,
2024-07-11 22:00:00,12.75,58.25,3.15,17.25,11.7,13.75,3.92,1.14,57.72,1.4,5.62,,,,,,69.5,2.28,296.25,0.0,0.0,15.0,,
2024-07-11 23:00:00,6.25,48.75,2.5,13.08,8.98,13.78,1.38,0.88,52.33,1.15,4.9,,,,,,68.5,2.68,276.0,0.0,0.0,15.0,,
2024-07-12 00:00:00,16.5,45.25,2.12,10.15,7.2,14.32,3.4,0.47,55.76,0.9,3.88,,,,,,69.5,2.32,271.75,0.0,0.0,15.0,,
2024-07-12 01:00:00,15.5,45.5,0.98,10.25,6.22,15.8,3.8,0.43,28.55,0.8,3.48,,,,,,69.0,2.7,221.75,0.0,0.0,15.0,,
2024-07-12 02:00:00,8.25,42.0,2.25,9.38,6.82,14.95,4.28,0.79,32.86,0.72,3.38,,,,,,68.75,2.38,229.25,0.0,0.0,15.0,,
2024-07-12 03:00:00,8.75,33.25,2.0,9.45,6.65,14.28,3.72,0.54,36.45,0.6,3.2,,,,,,69.0,2.5,240.75,0.0,0.0,15.0,,
2024-07-12 04:00:00,7.75,28.5,2.12,10.68,7.42,13.4,3.65,0.64,31.22,0.6,2.92,,,,,,68.75,2.52,234.5,0.0,0.0,15.0,,
2024-07-12 05:00:00,8.0,37.5,4.75,11.02,9.78,12.25,5.18,0.68,34.45,0.7,2.98,,,,,,68.75,1.88,177.5,0.0,0.0,15.0,,
2024-07-12 06:00:00,12.25,37.75,5.12,13.35,11.28,11.75,6.3,0.42,33.52,0.8,3.4,,,,,,68.75,1.95,203.0,0.0,0.0,49.5,,
2024-07-12 07:00:00,18.75,54.5,6.18,13.98,12.45,12.88,5.62,0.7,29.74,1.0,3.88,,,,,,69.5,2.35,203.25,0.0,0.0,152.0,,
2024-07-12 08:00:00,23.75,64.5,5.05,15.4,12.28,13.22,5.12,0.72,30.67,1.12,3.92,,,,,,69.5,2.08,167.25,0.0,0.0,259.0,,
2024-07-12 09:00:00,15.0,69.5,2.4,14.68,9.07,14.5,5.15,0.6,22.15,1.32,4.93,,,,,,69.25,2.38,200.0,0.0,0.0,360.25,,
2024-07-12 10:00:00,16.25,59.75,2.78,11.8,8.55,14.12,5.07,0.59,36.65,1.23,4.65,,,,,,68.25,1.98,200.75,0.0,0.0,406.5,,
2024-07-12 11:00:00,13.0,54.25,3.5,12.43,9.4,13.87,5.8,0.77,46.5,1.12,4.55,,,,,,67.5,2.12,203.25,0.0,0.0,476.0,,
2024-07-12 12:00:00,14.75,54.0,2.83,10.33,7.87,17.13,4.6,1.08,60.37,1.08,4.6,,,,,,68.25,1.62,214.75,0.0,0.0,487.0,,
2024-07-12 13:00:00,9.0,41.0,3.08,10.4,8.0,15.05,5.82,0.89,61.74,0.9,4.5,,,,,,67.5,1.82,200.0,0.0,0.0,457.75,,
2024-07-12 14:00:00,13.75,43.25,2.38,10.78,7.7,16.65,6.72,0.78,66.49,0.8,3.88,,,,,,67.5,2.7,239.5,0.0,0.0,367.25,,
2024-07-12 15:00:00,18.25,61.75,3.2,11.7,8.8,19.23,8.02,0.93,74.14,0.85,3.62,,,,,,66.75,4.42,256.75,0.0,0.0,268.0,,
2024-07-12 16:00:00,15.25,67.0,2.58,12.92,8.95,19.68,5.2,0.95,71.39,0.78,2.72,,,,,,65.25,4.62,273.75,0.0,0.0,201.5,,
2024-07-12 17:00:00,12.5,56.75,1.38,12.6,7.8,20.45,2.42,0.69,51.55,0.82,2.72,,,,,,66.5,4.72,275.75,0.0,0.0,70.0,,
2024-07-12 18:00:00,12.25,51.75,2.68,11.5,8.25,17.6,3.62,0.58,47.43,0.92,3.58,,,,,,66.0,4.85,272.0,0.0,0.0,18.25,,
2024-07-12 19:00:00,13.5,47.25,2.95,12.45,9.05,16.62,3.55,0.93,46.94,1.08,4.28,,,,,,66.0,5.25,273.5,0.0,0.0,15.0,,
2024-07-12 20:00:00,9.0,52.5,2.1,12.9,8.6,15.9,2.48,0.77,44.59,1.1,4.3,,,,,,66.5,4.88,239.75,2.75,2.75,15.25,,
2024-07-12 21:00:00,13.75,75.0,3.82,10.35,8.62,12.32,2.02,0.77,46.55,0.72,3.18,,,,,,67.0,1.45,218.25,6.5,6.5,16.0,,
2024-07-12 22:00:00,2.0,9.0,4.25,17.4,12.65,11.52,1.5,0.8,37.19,0.92,4.2,,,,,,68.25,0.6,179.5,1.25,1.25,16.0,,
2024-07-12 23:00:00,5.25,8.5,3.8,15.88,11.55,12.65,1.15,0.57,32.73,1.03,4.88,,,,,,67.25,2.08,169.75,2.0,2.0,16.0,,
2024-07-13 00:00:00,6.0,7.0,2.98,10.98,8.22,11.02,3.75,0.78,38.96,0.7,3.6,,,,,,68.0,1.85,209.25,4.0,4.0,16.0,,
2024-07-13 01:00:00,,,1.95,10.15,7.0,13.55,5.22,0.68,24.21,0.7,4.47,,,,,,67.25,1.45,133.0,1.5,1.5,16.0,,
2024-07-13 02:00:00,,,3.12,10.1,7.93,13.48,3.15,0.42,29.4,0.68,4.5,,,,,,66.75,1.95,202.75,0.0,0.0,16.0,,
2024-07-13 03:00:00,,,3.25,11.4,8.72,14.42,2.55,0.5,32.01,0.62,4.25,,,,,,68.75,1.18,186.0,0.0,0.0,16.0,,
2024-07-13 04:00:00,,1.0,3.42,10.62,8.48,13.12,4.12,0.37,26.22,0.6,3.88,,,,,,68.5,1.05,92.0,0.0,0.0,15.5,,
2024-07-13 05:00:00,6.0,3.75,5.32,10.75,10.0,11.7,6.3,0.52,31.66,0.68,4.07,,,,,,69.75,0.52,180.0,0.0,0.0,15.5,,
2024-07-13 06:00:00,5.75,13.0,5.2,11.2,10.15,10.75,5.12,0.33,31.56,0.7,4.3,,,,,,70.25,0.4,281.5,0.0,0.0,18.25,,
2024-07-13 07:00:00,4.5,16.75,6.12,10.05,10.35,11.12,4.55,0.39,30.09,0.78,4.15,,,,,,70.75,0.42,292.25,0.25,0.25,47.25,,
2024-07-13 08:00:00,3.75,18.5,7.18,10.1,11.2,11.52,5.38,0.28,29.5,0.92,4.35,,,,,,69.5,0.98,223.0,0.0,0.0,95.5,,
2024-07-13 09:00:00,6.75,18.75,6.85,11.65,11.78,14.28,6.35,0.44,16.56,1.18,5.0,,,,,,69.0,0.9,243.25,0.0,0.0,152.0,,
2024-07-13 10:00:00,8.25,25.5,7.28,12.42,12.5,14.0,4.47,1.11,25.58,1.3,5.48,,,,,,68.75,1.02,232.0,0.0,0.0,210.25,,
2024-07-13 11:00:00,8.5,30.75,6.53,14.27,12.97,13.87,4.53,1.23,35.62,1.32,5.9,,,,,,69.75,1.98,210.25,0.0,0.0,342.25,,
2024-07-13 12:00:00,13.75,31.75,4.27,11.4,9.53,16.9,5.0,0.96,39.88,1.18,5.55,,,,,,68.25,2.15,219.0,0.0,0.0,330.5,,
2024-07-13 13:00:00,7.0,27.75,3.72,11.32,9.05,12.42,5.98,0.79,51.45,0.95,5.28,,,,,,68.75,1.98,182.75,0.0,0.0,243.5,,
2024-07-13 14:00:00,11.25,26.5,2.9,10.0,7.65,12.38,3.8,0.8,48.26,0.9,5.3,,,,,,69.75,1.58,193.5,0.0,0.0,197.5,,
2024-07-13 15:00:00,21.25,29.75,2.65,11.52,8.28,12.58,3.55,0.83,51.3,0.9,5.48,,,,,,69.0,1.32,138.75,0.0,0.0,144.5,,
2024-07-13 16:00:00,14.25,56.75,3.7,20.32,13.8,14.73,3.6,0.86,49.54,1.18,6.58,,,,,,68.75,1.4,231.25,0.0,0.0,82.5,,
2024-07-13 17:00:00,19.25,89.75,3.75,22.32,14.88,17.05,4.18,0.93,52.33,1.42,7.38,,,,,,68.5,2.12,284.75,0.0,0.0,68.75,,
2024-07-13 18:00:00,20.75,72.0,2.75,22.85,14.4,15.18,4.75,1.03,49.69,1.45,7.4,,,,,,68.25,1.78,296.25,0.0,0.0,18.0,,
2024-07-13 19:00:00,16.0,75.75,3.32,35.7,21.68,15.92,2.35,1.82,34.74,1.75,8.5,,,,,,67.5,1.45,291.5,0.0,0.0,15.0,,
2024-07-13 20:00:00,23.5,107.0,7.25,43.88,29.28,18.45,2.75,2.34,23.22,2.38,11.52,,,,,,68.5,1.78,317.5,0.0,0.0,15.0,,
2024-07-13 21:00:00,24.25,97.25,2.9,30.25,18.45,17.38,3.8,1.06,29.4,2.48,11.4,,,,,,67.25,2.78,234.5,0.0,0.0,15.0,,
2024-07-13 22:00:00,13.75,48.0,2.85,21.95,13.98,14.73,3.02,1.04,31.6,2.02,8.95,,,,,,68.0,2.5,194.75,0.0,0.0,15.0,,
2024-07-13 23:00:00,14.0,38.5,2.62,17.92,11.68,12.78,4.65,0.74,30.04,1.65,7.38,,,,,,68.25,2.02,246.25,0.0,0.0,15.0,,
2024-07-14 00:00:00,8.25,28.0,3.22,11.4,8.7,11.82,6.15,0.36,35.18,1.25,6.12,,,,,,67.75,2.48,312.75,0.0,0.0,15.0,,
2024-07-14 01:00:00,8.25,23.75,3.25,7.38,6.55,9.32,7.07,0.88,42.63,0.75,4.32,,,,,,69.25,1.5,314.25,0.0,0.0,15.0,,
2024-07-14 02:00:00,4.75,14.5,2.9,8.57,6.92,9.55,3.52,0.58,34.37,0.65,3.98,,,,,,69.5,1.05,295.25,0.0,0.0,15.0,,
2024-07-14 03:00:00,2.75,23.5,2.78,9.93,7.52,10.55,2.33,0.78,43.51,0.7,4.15,,,,,,70.0,0.4,218.5,0.0,0.0,15.0,,
2024-07-14 04:00:00,7.5,17.75,2.85,8.02,6.55,10.32,2.02,0.74,28.86,0.6,4.32,,,,,,69.75,0.38,152.0,0.0,0.0,15.0,,
2024-07-14 05:00:00,5.0,13.5,3.85,9.0,7.9,11.8,1.5,0.66,22.59,0.68,4.55,,,,,,69.75,0.32,158.5,0.0,0.0,15.0,,
2024-07-14 06:00:00,1.75,17.5,4.68,12.82,10.65,11.88,1.4,0.47,23.08,0.8,5.05,,,,,,69.25,0.52,52.75,0.0,0.0,17.5,,
2024-07-14 07:00:00,3.5,35.5,7.18,16.27,14.5,13.02,2.75,0.39,22.74,1.23,6.12,,,,,,69.75,0.62,79.25,0.0,0.0,38.0,,
2024-07-14 08:00:00,12.0,45.25,10.5,17.68,17.95,13.62,5.05,0.5,26.51,1.6,7.12,,,,,,70.5,0.75,93.0,0.0,0.0,66.75,,
2024-07-14 09:00:00,15.0,62.5,10.55,21.5,19.95,12.22,6.05,0.66,37.53,1.68,7.5,,,,,,70.5,1.38,243.25,0.0,0.0,85.5,,
2024-07-14 10:00:00,19.25,68.5,9.05,24.62,20.45,13.62,6.07,0.97,32.78,1.82,7.95,,,,,,70.0,1.55,196.75,0.0,0.0,114.5,,
2024-07-14 11:00:00,22.0,70.0,6.63,23.83,18.03,13.47,8.73,1.11,32.88,1.92,8.38,,,,,,70.5,1.0,135.5,0.0,0.0,101.5,,
2024-07-14 12:00:00,17.75,57.25,3.17,18.67,12.53,15.67,6.42,1.35,28.42,1.88,8.15,,,,,,70.25,0.82,76.0,0.0,0.0,127.5,,
2024-07-14 13:00:00,13.75,43.25,4.12,17.9,12.85,13.15,5.7,0.84,33.72,1.92,8.55,,,,,,69.75,0.9,62.25,0.0,0.0,143.0,,
2024-07-14 14:00:00,12.0,33.75,3.85,16.73,11.98,12.25,4.18,0.29,41.94,2.0,8.85,,,,,,68.75,0.88,130.75,0.0,0.0,149.75,,
2024-07-14 15:00:00,9.75,32.25,3.28,16.58,11.48,11.72,4.0,0.71,43.02,1.8,8.3,,,,,,69.25,1.45,221.25,0.0,0.0,88.0,,
2024-07-14 16:00:00,12.0,40.75,3.75,21.35,14.4,13.0,6.55,0.78,50.62,1.62,8.0,,,,,,69.25,1.8,287.25,0.0,0.0,59.75,,
2024-07-14 17:00:00,13.0,46.25,3.95,21.9,14.88,11.82,7.15,0.75,45.62,1.32,7.2,,,,,,70.0,1.95,322.25,0.0,0.0,37.75,,
2024-07-14 18:00:00,14.25,46.25,3.2,18.85,12.62,11.48,3.15,0.8,45.72,1.27,7.6,,,,,,69.25,2.55,291.25,0.0,0.0,16.0,,
2024-07-14 19:00:00,9.75,45.5,2.28,15.98,10.32,12.15,3.1,1.09,51.79,1.2,6.4,,,,,,69.25,2.33,276.75,0.0,0.0,15.0,,
2024-07-14 20:00:00,13.5,53.5,2.08,23.25,14.1,15.22,2.88,1.14,19.01,1.5,6.4,,,,,,70.25,0.98,293.75,0.0,0.0,15.0,,
2024-07-14 21:00:00,19.5,64.75,3.62,32.22,20.08,16.58,4.12,1.44,27.88,2.05,8.1,,,,,,69.75,0.5,250.0,0.0,0.0,15.0,,
2024-07-14 22:00:00,22.25,64.25,4.28,33.15,21.05,16.42,5.98,1.63,33.08,2.3,9.4,,,,,,69.75,1.48,310.25,0.25,0.25,15.0,,
2024-07-14 23:00:00,15.0,54.75,4.42,30.15,19.7,15.1,6.3,1.0,27.69,2.15,8.78,,,,,,69.75,1.38,176.25,0.0,0.0,15.0,,
2024-07-15 00:00:00,8.75,44.5,4.62,17.38,13.02,11.68,7.4,0.76,33.62,1.88,7.55,,,,,,69.25,1.85,182.25,0.0,0.0,15.0,,
2024-07-15 01:00:00,8.75,23.0,3.95,11.08,9.15,9.0,6.8,0.9,35.08,1.25,5.62,,,,,,70.75,1.05,168.5,0.0,0.0,15.0,,
2024-07-15 02:00:00,10.0,17.5,3.65,8.88,7.68,8.57,5.68,0.84,30.84,1.1,5.05,,,,,,70.25,1.68,176.25,0.0,0.0,15.0,,
2024-07-15 03:00:00,6.5,17.0,3.35,7.52,6.7,9.1,5.2,0.75,50.3,0.95,4.28,,,,,,70.25,1.85,196.5,0.0,0.0,15.0,,
2024-07-15 04:00:00,4.5,9.75,2.17,7.05,5.5,10.22,4.6,0.63,18.47,0.78,3.65,,,,,,69.25,1.62,206.75,0.0,0.0,15.0,,
2024-07-15 05:00:00,3.0,6.0,3.38,7.92,6.95,10.42,3.88,0.39,20.19,0.7,3.42,,,,,,69.25,2.12,222.0,0.0,0.0,15.0,,
2024-07-15 06:00:00,6.0,11.0,4.12,11.42,9.43,10.65,4.12,0.42,21.27,0.75,3.35,,,,,,69.0,1.9,185.25,0.0,0.0,19.25,,
2024-07-15 07:00:00,5.75,14.25,6.15,13.15,12.0,10.6,4.08,0.53,23.08,0.88,3.68,,,,,,69.75,2.1,169.0,0.0,0.0,60.75,,
2024-07-15 08:00:00,5.75,23.5,8.43,14.1,14.35,10.22,4.68,0.72,34.25,0.98,3.82,,,,,,69.5,2.42,189.0,0.0,0.0,119.25,,
2024-07-15 09:00:00,9.25,23.25,7.45,14.88,13.98,9.32,5.65,0.8,35.92,1.2,4.78,,,,,,70.0,2.17,176.5,0.0,0.0,134.0,,
2024-07-15 10:00:00,12.75,26.0,5.85,15.45,12.98,10.35,3.77,0.71,32.0,1.27,5.4,,,,,,70.75,2.25,187.25,0.25,0.25,165.5,,
2024-07-15 11:00:00,10.5,25.0,5.27,16.6,13.13,10.73,4.47,0.93,34.5,1.27,5.82,,,,,,70.25,1.78,197.25,0.0,0.0,178.75,,
2024-07-15 12:00:00,6.5,30.0,3.67,15.27,11.07,14.3,2.42,0.84,15.39,1.35,6.1,,,,,,69.25,1.95,189.75,0.0,0.0,166.75,,
2024-07-15 13:00:00,7.25,26.0,4.62,18.08,13.35,11.78,1.77,0.77,28.66,1.42,6.68,,,,,,70.0,1.88,208.25,0.25,0.25,128.5,,
2024-07-15 14:00:00,5.75,21.75,4.2,19.52,13.75,11.75,4.32,0.81,29.79,1.58,7.02,,,,,,69.25,1.98,247.5,0.5,0.5,106.75,,
2024-07-15 15:00:00,7.5,17.0,3.62,19.55,13.35,12.08,5.38,0.72,26.51,1.65,6.9,,,,,,69.75,2.48,258.5,0.25,0.25,64.5,,
2024-07-15 16:00:00,6.75,18.0,7.02,22.25,17.52,11.52,5.98,0.64,42.58,1.55,7.02,,,,,,69.25,2.52,247.5,0.0,0.0,105.25,,
2024-07-15 17:00:00,9.75,29.75,5.52,23.5,17.0,11.18,6.48,0.81,37.04,1.8,7.32,,,,,,69.75,2.48,238.25,0.0,0.0,53.25,,
2024-07-15 18:00:00,13.25,30.0,5.12,25.68,17.8,10.42,4.08,0.91,27.29,2.0,7.8,,,,,,70.25,1.72,166.5,0.0,0.0,16.5,,
2024-07-15 19:00:00,15.0,33.75,5.18,20.4,15.05,9.48,2.62,0.94,28.52,1.85,7.7,,,,,,69.75,2.0,171.75,0.0,0.0,15.0,,
2024-07-15 20:00:00,8.5,34.5,4.5,21.85,15.28,11.45,6.1,0.89,10.65,2.02,8.0,,,,,,69.25,2.6,203.25,0.0,0.0,15.0,,
2024-07-15 21:00:00,7.5,29.25,4.28,19.75,13.95,11.15,6.7,1.2,22.15,1.98,7.65,,,,,,68.75,2.68,196.25,0.0,0.0,15.0,,
2024-07-15 22:00:00,8.5,28.0,3.85,16.23,11.75,10.18,5.98,1.09,24.11,1.55,6.5,,,,,,68.5,2.3,181.0,0.0,0.0,15.0,,
2024-07-15 23:00:00,6.0,30.25,3.5,13.75,10.1,10.0,4.32,0.68,26.46,1.27,5.48,,,,,,69.0,2.0,182.25,0.0,0.0,15.0,,
2024-07-16 00:00:00,2.75,25.5,5.2,9.85,9.43,8.82,2.1,0.76,39.74,1.03,4.45,,,,,,69.25,2.25,194.0,0.0,0.0,15.0,,
2024-07-16 01:00:00,2.75,17.0,2.95,8.78,7.12,8.07,0.3,0.7,34.84,0.75,3.52,,,,,,70.0,2.42,185.25,0.0,0.0,15.0,,
2024-07-16 02:00:00,5.5,13.25,2.78,8.82,6.95,8.28,2.92,0.62,31.56,0.62,3.48,,,,,,70.25,2.25,190.0,0.0,0.0,15.0,,
2024-07-16 03:00:00,6.75,10.5,3.3,8.5,7.22,9.5,3.4,0.6,49.65,0.6,3.62,,,,,,70.25,2.62,188.75,0.0,0.0,15.0,,
2024-07-16 04:00:00,5.0,8.75,3.05,15.78,10.92,11.9,4.25,0.49,13.08,0.6,3.6,,,,,,69.25,2.7,196.0,0.0,0.0,15.0,,
2024-07-16 05:00:00,2.0,9.0,3.6,13.8,10.3,10.68,5.25,0.44,21.71,0.6,3.02,,,,,,69.0,2.9,216.5,0.0,0.0,15.0,,
2024-07-16 06:00:00,3.0,13.25,4.7,13.72,11.1,10.15,3.72,0.51,22.74,0.6,2.8,,,,,,69.5,2.9,199.0,0.0,0.0,28.25,,
2024-07-16 07:00:00,3.75,20.0,6.85,14.52,13.28,10.42,4.45,0.58,25.09,0.72,2.88,,,,,,69.25,3.32,208.25,0.0,0.0,111.25,,
2024-07-16 08:00:00,6.75,30.0,8.22,14.72,14.5,8.85,3.72,0.67,38.9,0.8,3.02,,,,,,70.0,3.0,207.75,0.0,0.0,142.75,,
2024-07-16 09:00:00,10.0,35.25,6.72,14.25,13.05,8.95,4.32,0.69,34.25,1.02,4.08,,,,,,69.5,2.52,203.25,0.0,0.0,236.25,,
2024-07-16 10:00:00,12.5,42.0,4.68,13.52,11.0,10.22,4.5,0.67,35.92,1.05,4.53,,,,,,70.25,2.42,194.25,0.0,0.0,318.75,,
2024-07-16 11:00:00,10.5,42.75,2.73,12.83,9.07,10.62,6.67,0.59,30.77,0.95,4.65,,,,,,69.5,2.85,200.25,0.0,0.0,229.25,,
2024-07-16 12:00:00,8.5,45.5,18.2,18.98,28.52,18.15,4.08,0.66,26.46,0.98,4.9,,,,,,69.75,2.78,188.5,0.0,0.0,222.75,,
2024-07-16 13:00:00,7.0,46.25,3.58,14.12,10.45,11.4,1.6,0.68,37.29,1.05,5.28,,,,,,69.0,2.8,185.75,0.0,0.0,260.25,,
2024-07-16 14:00:00,7.25,42.75,3.15,13.58,9.8,10.78,4.85,0.58,39.74,1.15,5.5,,,,,,68.5,2.7,204.5,0.0,0.0,201.0,,
2024-07-16 15:00:00,8.0,44.5,2.95,14.48,10.1,10.98,5.28,0.6,42.09,1.42,5.65,,,,,,69.75,2.8,194.0,0.0,0.0,113.0,,
2024-07-16 16:00:00,9.25,61.0,4.78,17.95,13.45,10.42,3.52,0.7,48.46,1.82,5.9,,,,,,69.0,2.55,167.5,0.0,0.0,91.0,,
2024-07-16 17:00:00,13.25,60.25,3.28,21.1,13.85,10.55,3.52,0.82,39.84,1.6,6.45,,,,,,69.0,2.05,186.0,0.0,0.0,45.0,,
2024-07-16 18:00:00,15.0,58.25,3.45,22.65,14.85,11.42,3.48,0.88,34.4,1.92,7.88,,,,,,69.25,2.75,195.0,0.0,0.0,17.5,,
2024-07-16 19:00:00,16.75,59.5,3.75,24.38,15.98,11.6,4.2,0.87,23.86,2.22,8.3,,,,,,68.5,2.65,188.5,0.0,0.0,15.0,,
2024-07-16 20:00:00,11.75,57.75,2.22,20.38,12.68,12.65,3.2,0.82,20.34,2.52,9.25,,,,,,68.0,2.7,180.75,0.0,0.0,15.0,,
2024-07-16 21:00:00,8.0,45.0,3.05,19.7,13.0,11.55,3.2,0.88,24.5,2.05,7.5,,,,,,69.0,2.72,200.75,0.0,0.0,15.0,,
2024-07-16 22:00:00,9.25,36.0,3.12,16.02,11.12,11.02,3.75,0.9,26.41,1.65,6.58,,,,,,68.75,2.75,178.0,0.0,0.0,15.0,,
2024-07-16 23:00:00,11.75,34.25,4.03,12.12,9.72,11.05,3.12,0.78,30.14,1.25,5.45,,,,,,69.75,2.38,175.25,0.0,0.0,15.0,,
2024-07-17 00:00:00,7.25,27.25,3.9,10.15,8.57,9.7,4.92,0.42,39.25,0.9,4.35,,,,,,69.0,1.95,181.25,0.0,0.0,15.0,,
2024-07-17 01:00:00,6.0,22.0,3.3,8.55,7.22,9.48,6.3,0.37,33.12,0.78,4.07,,,,,,69.25,1.85,174.0,0.0,0.0,15.0,,
2024-07-17 02:00:00,9.75,21.5,3.25,8.68,7.28,9.28,4.35,0.34,31.3,0.68,4.12,,,,,,70.25,2.02,153.0,0.0,0.0,15.0,,
2024-07-17 03:00:00,11.0,19.5,2.38,9.35,6.9,10.78,2.7,0.24,39.07,0.6,3.8,,,,,,69.25,1.45,182.0,0.0,0.0,15.0,,
2024-07-17 04:00:00,7.25,19.5,2.15,10.9,7.55,11.35,6.02,0.38,19.94,0.6,4.05,,,,,,68.75,1.98,166.5,0.0,0.0,15.0,,
2024-07-17 05:00:00,6.0,27.0,5.05,13.78,11.45,10.8,7.02,0.47,21.51,0.68,3.58,,,,,,68.75,1.68,132.75,0.0,0.0,15.0,,
2024-07-17 06:00:00,9.0,38.5,6.9,15.75,13.98,11.48,5.1,0.7,21.9,0.8,3.82,,,,,,69.5,1.65,132.75,0.0,0.0,21.5,,
2024-07-17 07:00:00,9.75,48.25,9.22,16.85,16.42,11.7,4.9,0.82,26.95,1.05,4.58,,,,,,69.75,1.38,146.5,0.0,0.0,34.5,,
2024-07-17 08:00:00,13.0,57.25,11.8,17.62,19.0,10.82,5.62,0.77,38.47,1.23,5.65,,,,,,70.25,1.78,194.5,0.0,0.0,81.25,,
2024-07-17 09:00:00,17.0,66.0,10.52,19.3,18.88,13.1,5.3,0.63,23.62,1.42,6.1,,,,,,69.0,1.55,178.25,0.0,0.0,126.75,,
2024-07-17 10:00:00,20.0,72.0,10.22,19.5,18.65,12.45,6.8,1.03,34.0,1.5,6.3,,,,,,70.5,2.02,161.75,0.0,0.0,209.0,,
2024-07-17 11:00:00,16.75,71.25,6.3,17.4,14.4,12.23,7.7,0.92,30.77,1.48,6.15,,,,,,69.5,2.65,174.0,0.0,0.0,415.0,,
2024-07-17 12:00:00,8.0,63.5,2.77,11.17,8.13,15.63,3.68,0.61,27.49,1.35,6.52,,,,,,69.5,2.85,206.75,0.0,0.0,334.0,,
2024-07-17 13:00:00,10.5,47.0,3.45,10.85,8.55,11.55,1.98,0.57,33.86,1.08,7.52,,,,,,68.25,2.5,202.5,0.0,0.0,251.5,,
2024-07-17 14:00:00,9.5,47.75,2.8,10.4,7.8,11.3,4.22,0.56,38.61,0.95,5.7,,,,,,67.25,2.82,184.75,0.0,0.0,382.75,,
2024-07-17 15:00:00,12.75,49.25,4.12,10.62,8.95,11.25,5.42,0.55,46.01,0.85,4.93,,,,,,67.5,2.2,150.0,0.0,0.0,234.5,,
2024-07-17 16:00:00,16.5,50.5,4.15,13.2,10.32,11.72,4.2,0.46,48.71,0.82,4.88,,,,,,67.75,1.6,161.25,0.0,0.0,133.0,,
2024-07-17 17:00:00,13.5,70.5,3.38,21.58,14.25,14.48,3.8,0.73,51.25,1.1,5.95,,,,,,66.75,2.35,241.25,0.0,0.0,52.75,,
2024-07-17 18:00:00,19.5,96.5,3.58,25.9,16.75,14.98,6.78,0.84,38.81,1.27,6.35,,,,,,67.5,1.88,263.5,0.0,0.0,17.0,,
2024-07-17 19:00:00,23.5,90.5,4.25,31.78,20.45,16.12,8.32,0.88,26.66,1.7,7.55,,,,,,67.25,2.43,200.75,0.0,0.0,15.0,,
2024-07-17 20:00:00,18.0,84.25,4.27,23.58,16.02,14.25,5.1,0.85,20.33,2.33,8.05,,,,,,67.25,2.88,163.0,0.0,0.0,15.0,,
2024-07-17 21:00:00,5.25,49.25,4.47,18.1,13.25,13.38,1.98,0.78,25.77,1.95,7.22,,,,,,68.25,1.15,268.25,0.25,0.25,15.0,,
2024-07-17 22:00:00,3.0,38.5,6.88,19.18,15.8,14.1,1.7,0.84,23.47,1.85,7.18,,,,,,68.25,0.35,307.0,0.25,0.25,15.5,,
2024-07-17 23:00:00,3.0,30.25,7.68,17.38,15.52,13.92,2.17,0.68,26.02,1.88,7.68,,,,,,68.0,1.25,131.0,0.0,0.0,15.0,,
2024-07-18 00:00:00,3.75,26.0,5.82,13.15,11.72,10.98,5.7,0.77,31.46,1.35,5.82,,,,,,69.5,1.7,139.5,0.0,0.0,15.0,,
2024-07-18 01:00:00,7.5,20.0,5.85,11.7,10.95,10.28,6.02,0.48,28.27,1.1,5.25,,,,,,69.0,1.6,135.75,0.0,0.0,15.0,,
2024-07-18 02:00:00,11.25,19.75,4.43,10.75,9.28,9.95,4.47,0.44,26.72,0.98,4.95,,,,,,68.75,2.45,169.75,0.0,0.0,15.0,,
2024-07-18 03:00:00,8.25,16.25,2.1,9.25,6.65,11.72,3.32,0.49,30.05,0.82,4.32,,,,,,68.5,2.85,192.25,0.0,0.0,15.0,,
2024-07-18 04:00:00,5.0,8.0,2.6,8.65,6.7,11.15,2.62,0.49,21.46,0.72,3.88,,,,,,68.75,1.8,164.5,0.0,0.0,15.0,,
2024-07-18 05:00:00,2.0,12.25,2.9,10.02,7.7,10.8,2.9,0.52,22.69,0.7,3.8,,,,,,67.75,2.15,185.75,0.0,0.0,15.0,,
2024-07-18 06:00:00,2.75,23.75,4.38,9.9,8.82,10.62,4.08,0.45,23.72,0.7,3.75,,,,,,69.25,2.62,192.25,0.0,0.0,19.0,,
2024-07-18 07:00:00,6.75,26.0,6.28,13.02,12.02,10.22,5.25,0.57,30.48,0.72,3.4,,,,,,68.25,2.1,146.5,0.0,0.0,34.25,,
2024-07-18 08:00:00,12.25,48.5,7.18,14.68,13.62,10.68,4.15,0.76,32.54,1.0,4.2,,,,,,69.5,2.42,164.5,0.0,0.0,88.0,,
2024-07-18 09:00:00,11.75,59.5,6.4,13.9,12.6,10.78,3.2,0.83,33.37,1.18,5.32,,,,,,69.0,2.72,194.25,0.0,0.0,208.25,,
2024-07-18 10:00:00,7.5,48.75,4.65,12.02,10.18,10.8,3.4,0.78,35.82,1.05,4.95,,,,,,68.5,2.7,205.75,0.0,0.0,239.75,,
2024-07-18 11:00:00,6.0,38.25,1.77,11.9,7.73,12.55,3.3,0.76,27.39,1.0,5.2,,,,,,68.25,2.88,193.25,0.0,0.0,203.75,,
2024-07-18 12:00:00,6.5,38.5,3.53,11.8,9.13,15.0,4.78,0.63,34.98,1.0,6.75,,,,,,68.5,2.62,162.75,0.0,0.0,217.75,,
2024-07-18 13:00:00,7.5,43.5,3.4,12.38,9.35,12.28,4.32,0.65,40.03,1.0,6.32,,,,,,68.0,2.52,156.0,0.0,0.0,196.0,,
2024-07-18 14:00:00,6.5,36.5,2.92,14.12,9.82,12.38,3.1,0.69,42.04,0.98,5.85,,,,,,67.5,2.48,142.5,0.0,0.0,182.5,,
2024-07-18 15:00:00,8.0,42.5,4.35,15.6,11.82,12.9,4.12,0.79,47.78,1.25,5.98,,,,,,67.75,2.5,144.5,0.0,0.0,154.5,,
2024-07-18 16:00:00,8.75,56.5,3.32,16.52,11.5,12.58,6.42,0.69,45.86,1.32,6.62,,,,,,68.75,2.62,154.25,0.0,0.0,112.0,,
2024-07-18 17:00:00,12.75,60.5,3.45,16.98,11.88,12.2,6.88,0.68,41.99,1.55,6.32,,,,,,68.25,3.47,157.75,4.75,4.75,50.25,,
2024-07-18 18:00:00,14.25,54.25,2.72,15.62,10.58,10.98,5.18,0.76,36.84,1.23,5.55,,,,,,67.75,2.62,165.25,0.25,0.25,15.75,,
2024-07-18 19:00:00,3.75,15.75,2.95,23.98,15.18,14.42,4.78,0.84,22.28,2.2,7.18,,,,,,67.75,2.62,151.75,0.0,0.0,15.5,,
2024-07-18 20:00:00,6.25,23.0,5.82,22.65,16.75,17.27,2.9,0.96,15.29,2.62,8.4,,,,,,67.0,1.52,140.0,0.0,0.0,15.0,,
2024-07-18 21:00:00,7.0,22.25,6.8,21.5,16.97,14.9,1.85,0.89,21.9,2.15,8.15,,,,,,68.75,1.9,162.5,0.0,0.0,15.0,,
2024-07-18 22:00:00,6.5,26.0,6.02,17.62,14.28,14.02,4.6,0.78,22.44,1.82,7.28,,,,,,68.25,1.98,150.75,0.0,0.0,15.0,,
2024-07-18 23:00:00,5.0,16.0,6.02,13.85,12.32,12.82,5.42,0.74,30.13,1.45,6.12,,,,,,67.75,2.2,176.75,0.0,0.0,15.0,,
2024-07-19 00:00:00,4.25,12.0,3.6,11.55,9.07,14.75,2.22,0.74,25.87,1.2,5.9,,,,,,67.75,2.65,185.5,0.0,0.0,15.0,,
2024-07-19 01:00:00,1.75,8.5,3.35,9.7,7.92,14.58,0.75,0.55,25.97,0.98,4.75,,,,,,68.0,2.2,186.75,0.0,0.0,15.0,,
2024-07-19 02:00:00,1.0,7.5,2.97,10.05,6.95,16.27,6.15,0.44,25.87,0.8,4.32,,,,,,67.75,1.68,136.5,0.0,0.0,15.0,,
2024-07-19 03:00:00,1.0,10.0,7.4,11.12,11.92,17.6,7.72,0.62,33.12,0.82,4.57,,,,,,66.75,1.72,158.0,0.0,0.0,15.0,,
2024-07-19 04:00:00,2.0,14.75,5.05,12.62,10.82,15.95,5.88,0.63,22.54,0.8,4.53,,,,,,67.0,1.32,129.25,0.0,0.0,15.0,,
2024-07-19 05:00:00,5.75,19.75,3.95,13.32,10.35,18.38,5.25,0.49,19.8,0.88,5.18,,,,,,67.75,1.1,106.5,0.0,0.0,15.0,,
2024-07-19 06:00:00,8.75,24.5,14.68,29.75,27.78,16.32,3.88,0.63,21.32,1.02,5.52,,,,,,66.75,1.65,146.0,0.0,0.0,24.75,,
2024-07-19 07:00:00,11.75,42.5,13.15,20.72,21.75,15.88,3.95,0.68,23.08,1.32,5.5,,,,,,66.75,1.9,155.5,0.0,0.0,70.25,,
2024-07-19 08:00:00,14.75,50.5,13.8,17.88,20.7,16.23,5.65,0.8,22.64,1.48,5.7,,,,,,67.75,1.8,143.25,0.0,0.0,161.0,,
2024-07-19 09:00:00,16.0,57.75,10.3,18.75,18.35,14.5,6.4,0.8,28.62,1.7,6.45,,,,,,67.25,2.25,180.0,0.0,0.0,207.5,,
2024-07-19 10:00:00,12.5,46.5,7.05,15.4,13.92,12.68,2.87,0.65,42.04,1.35,5.78,,,,,,68.0,2.92,190.0,0.0,0.0,379.75,,
2024-07-19 11:00:00,11.25,42.75,3.5,12.23,9.37,12.2,3.33,0.64,45.92,1.05,4.65,,,,,,68.25,3.1,194.25,0.0,0.0,276.25,,
2024-07-19 12:00:00,11.25,45.25,3.2,11.57,8.73,15.73,3.72,0.63,50.52,0.92,4.58,,,,,,67.5,2.68,177.25,0.0,0.0,258.25,,
2024-07-19 13:00:00,9.75,45.75,3.3,12.98,9.52,13.15,3.22,0.62,49.49,0.9,6.18,,,,,,68.25,2.88,176.75,0.0,0.0,234.25,,
2024-07-19 14:00:00,10.75,44.75,1.5,13.62,8.45,16.42,1.52,0.56,38.02,1.08,6.32,,,,,,67.25,2.75,183.0,0.0,0.0,217.75,,
2024-07-19 15:00:00,6.75,44.75,3.48,13.45,10.0,14.68,0.87,0.61,40.42,1.15,6.62,,,,,,66.75,3.38,181.75,0.0,0.0,156.75,,
2024-07-19 16:00:00,6.5,49.5,3.12,14.1,10.0,14.72,2.6,0.64,37.58,1.05,7.08,,,,,,67.0,3.15,191.25,0.0,0.0,92.5,,
2024-07-19 17:00:00,9.0,55.5,3.38,14.52,10.5,14.05,3.85,0.65,33.76,1.02,8.82,,,,,,67.25,2.98,191.0,0.0,0.0,62.5,,
2024-07-19 18:00:00,11.75,50.0,3.8,16.52,11.9,15.22,1.6,0.73,33.12,1.05,8.3,,,,,,66.0,2.25,183.25,0.0,0.0,15.5,,
2024-07-19 19:00:00,11.75,48.5,5.78,19.88,15.25,16.8,,0.88,26.9,1.35,8.98,,,,,,66.25,2.35,185.0,0.0,0.0,15.0,,
2024-07-19 20:00:00,13.5,51.5,2.33,21.95,13.58,19.95,2.35,0.7,21.31,1.55,8.82,,,,,,66.25,2.08,182.75,0.0,0.0,15.0,,
2024-07-19 21:00:00,11.25,47.0,,23.0,16.75,30.02,,0.72,21.32,1.98,9.6,,,,,,64.5,1.58,185.5,0.0,0.0,15.0,,
2024-07-19 22:00:00,8.5,43.0,11.65,20.85,20.6,25.38,5.05,0.84,26.85,1.88,8.9,,,,,,64.75,1.9,196.75,0.0,0.0,15.0,,
2024-07-19 23:00:00,6.67,30.0,6.28,16.77,14.02,17.1,8.9,0.41,25.82,1.4,7.38,,,,,,65.75,2.45,194.5,0.0,0.0,15.0,,
2024-07-20 00:00:00,6.5,24.25,6.58,10.9,11.12,13.18,6.12,0.53,29.45,1.08,5.55,,,,,,66.5,2.1,184.0,0.0,0.0,15.0,,
2024-07-20 01:00:00,7.5,16.5,4.15,11.25,9.32,13.22,2.62,0.44,19.06,1.0,5.32,,,,,,67.75,1.8,193.25,0.0,0.0,15.0,,
2024-07-20 02:00:00,5.75,18.5,4.25,11.32,9.48,12.1,1.3,0.41,23.19,1.05,5.18,,,,,,66.5,2.17,193.25,0.0,0.0,15.0,,
2024-07-20 03:00:00,4.5,19.5,2.9,13.92,9.22,18.88,0.8,0.45,26.33,1.2,5.18,,,,,,65.5,1.85,195.0,0.0,0.0,15.0,,
2024-07-20 04:00:00,3.5,19.25,5.5,14.95,11.95,21.3,7.87,0.4,23.18,1.08,5.58,,,,,,65.5,2.0,195.0,0.0,0.0,15.0,,
2024-07-20 05:00:00,5.0,25.0,4.2,14.72,11.82,22.6,8.9,0.37,24.3,1.08,5.35,,,,,,64.75,1.42,150.25,0.0,0.0,15.0,,
2024-07-20 06:00:00,6.0,35.75,12.4,17.73,16.85,28.62,4.5,0.55,22.59,1.2,5.68,,,,,,65.0,1.2,150.75,0.0,0.0,27.75,,
2024-07-20 07:00:00,9.5,54.75,17.02,24.5,26.95,20.08,6.1,0.72,23.82,1.58,4.62,,,,,,65.75,1.48,171.25,0.0,0.0,69.5,,
2024-07-20 08:00:00,14.0,71.0,16.4,20.02,23.95,14.78,3.72,0.62,31.26,1.48,6.18,,,,,,67.25,1.72,179.25,0.0,0.0,114.25,,
2024-07-20 09:00:00,20.25,76.0,11.88,19.55,20.05,16.73,1.27,0.8,27.59,1.68,6.8,,,,,,67.0,1.62,167.5,0.0,0.0,147.25,,
2024-07-20 10:00:00,13.0,71.75,9.65,18.27,17.58,14.98,3.55,0.71,33.42,1.55,6.25,,,,,,66.5,2.38,210.75,0.0,0.0,244.0,,
2024-07-20 11:00:00,15.25,64.75,6.03,17.03,13.97,18.1,6.4,0.71,35.18,1.38,6.12,,,,,,66.5,2.65,211.25,0.0,0.0,353.0,,
2024-07-20 12:00:00,12.5,54.0,0.93,14.3,8.3,22.83,6.95,0.58,34.94,1.15,5.52,,,,,,66.5,2.58,212.25,0.0,0.0,275.25,,
2024-07-20 13:00:00,11.0,55.0,2.85,18.25,11.45,23.35,7.2,0.58,42.48,1.4,5.95,,,,,,63.75,2.9,195.5,0.0,0.0,249.5,,
2024-07-20 14:00:00,10.5,63.5,5.5,15.82,12.85,20.68,8.3,0.69,42.48,1.48,6.05,,,,,,65.5,2.4,192.0,0.0,0.0,215.0,,
2024-07-20 15:00:00,9.75,57.0,3.42,14.92,10.72,16.5,9.62,0.76,42.38,1.25,6.72,,,,,,66.5,2.1,194.25,0.0,0.0,179.0,,
2024-07-20 16:00:00,12.25,70.25,3.65,15.28,11.08,14.12,7.1,0.79,44.49,1.23,7.05,,,,,,66.0,1.9,177.5,0.0,0.0,159.75,,
2024-07-20 17:00:00,14.5,78.0,4.58,14.58,11.45,13.35,,0.68,46.21,1.2,8.05,,,,,,67.75,1.08,139.75,0.0,0.0,76.25,,
2024-07-20 18:00:00,21.75,100.5,4.42,21.25,14.9,14.05,4.3,0.83,37.24,1.52,9.32,,,,,,67.5,0.7,95.5,0.0,0.0,16.0,,
2024-07-20 19:00:00,31.0,140.5,7.88,32.52,23.7,15.6,5.5,1.15,24.7,2.08,11.55,,,,,,67.0,0.7,53.5,0.0,0.0,15.0,,
2024-07-20 20:00:00,35.25,166.25,15.8,32.28,30.05,16.35,3.4,1.48,23.67,2.58,14.48,,,,,,67.0,0.88,115.25,0.0,0.0,15.0,,
2024-07-20 21:00:00,38.0,162.5,19.05,31.15,32.05,19.02,2.8,1.49,19.94,3.3,14.98,,,,,,67.0,1.1,121.5,0.0,0.0,15.0,,
2024-07-20 22:00:00,30.75,139.75,17.35,26.58,28.28,18.62,3.72,1.26,18.57,3.12,14.15,,,,,,67.0,1.3,157.75,0.0,0.0,15.0,,
2024-07-20 23:00:00,17.75,104.0,13.55,20.78,22.1,15.48,3.9,1.01,21.95,2.58,11.98,,,,,,67.25,1.58,170.75,0.0,0.0,15.0,,
2024-07-21 00:00:00,17.0,80.0,8.8,15.75,15.58,15.02,4.25,0.75,24.3,2.15,10.32,,,,,,66.75,1.9,196.5,0.0,0.0,15.0,,
2024-07-21 01:00:00,17.0,76.0,7.52,16.55,14.95,16.77,4.45,0.6,21.9,1.85,9.2,,,,,,65.75,1.72,165.0,0.0,0.0,15.0,,
2024-07-21 02:00:00,16.0,59.75,9.15,13.82,14.85,13.25,4.53,0.66,26.79,1.48,7.43,,,,,,67.25,1.9,197.5,0.0,0.0,15.0,,
2024-07-21 03:00:00,12.0,48.0,5.45,11.48,10.52,11.82,2.5,0.6,30.45,1.12,5.98,,,,,,67.75,1.62,172.75,0.0,0.0,15.0,,
2024-07-21 04:00:00,10.0,50.75,7.45,17.4,15.35,10.48,4.0,0.58,25.19,1.0,5.55,,,,,,67.5,1.35,189.0,0.0,0.0,15.0,,
2024-07-21 05:00:00,12.75,52.0,8.0,15.3,14.62,10.35,5.7,0.57,24.6,1.05,5.72,,,,,,67.75,1.23,165.0,0.0,0.0,15.0,,
2024-07-21 06:00:00,13.0,60.25,8.9,24.45,20.27,13.8,5.1,0.52,17.79,1.18,6.25,,,,,,68.25,1.52,181.75,0.0,0.0,37.75,,
2024-07-21 07:00:00,16.5,69.0,12.3,26.2,23.98,13.65,4.05,0.58,24.21,1.38,6.02,,,,,,67.75,1.85,211.5,0.0,0.0,100.25,,
2024-07-21 08:00:00,17.75,77.75,9.0,21.68,18.82,13.0,2.37,0.61,29.7,1.5,5.8,,,,,,68.0,2.28,193.75,0.0,0.0,271.75,,
2024-07-21 09:00:00,13.5,81.0,4.42,14.75,11.42,11.95,,0.56,35.03,1.27,5.05,,,,,,68.25,2.7,194.5,0.0,0.0,314.75,,
2024-07-21 10:00:00,5.75,64.0,4.72,12.42,10.42,11.62,,0.63,41.01,1.12,4.3,,,,,,68.0,2.52,199.25,0.0,0.0,205.25,,
2024-07-21 11:00:00,14.5,57.75,3.87,11.53,9.27,11.98,1.85,0.66,41.16,1.0,3.97,,,,,,68.0,2.52,195.5,0.0,0.0,306.0,,
2024-07-21 12:00:00,15.5,58.75,2.23,11.7,8.07,14.83,2.7,0.68,47.63,0.98,4.15,,,,,,67.0,2.45,198.5,0.0,0.0,361.25,,
2024-07-21 13:00:00,14.5,64.0,3.15,10.82,8.32,12.42,3.98,0.66,45.38,0.9,4.65,,,,,,67.0,2.75,184.5,0.0,0.0,398.5,,
2024-07-21 14:00:00,14.25,62.0,2.75,11.68,8.38,13.12,3.15,0.64,47.04,0.95,4.7,,,,,,66.75,2.75,186.25,0.0,0.0,263.0,,
2024-07-21 15:00:00,9.5,56.5,2.48,10.5,7.6,13.88,2.88,0.63,46.3,0.9,4.53,,,,,,65.75,2.68,192.75,0.0,0.0,176.25,,
2024-07-21 16:00:00,12.75,60.0,3.3,11.6,8.88,14.15,7.25,0.66,43.27,0.92,4.47,,,,,,66.75,1.9,185.75,0.0,0.0,54.5,,
2024-07-21 17:00:00,17.75,69.25,2.75,15.55,10.5,14.92,7.98,0.71,37.53,1.18,5.4,,,,,,66.0,2.02,194.0,0.0,0.0,47.75,,
2024-07-21 18:00:00,15.75,74.75,2.75,16.68,11.08,15.38,3.1,0.68,27.93,1.42,6.4,,,,,,66.0,1.85,178.25,0.0,0.0,17.5,,
2024-07-21 19:00:00,11.75,62.5,3.0,14.15,9.98,14.02,1.05,0.66,32.34,1.48,6.2,,,,,,65.75,2.5,234.75,0.0,0.0,15.0,,
2024-07-21 20:00:00,9.75,55.5,2.8,11.1,8.2,12.8,2.1,0.62,32.39,1.23,5.12,,,,,,65.75,2.52,205.5,0.0,0.0,15.0,,
2024-07-21 21:00:00,6.0,29.75,2.55,10.82,7.8,11.82,2.12,0.6,32.25,1.12,4.8,,,,,,66.0,2.65,231.0,0.0,0.0,15.25,,
2024-07-21 22:00:00,1.0,29.25,3.25,10.75,8.35,11.25,3.35,0.56,32.58,1.0,4.35,,,,,,67.75,2.48,208.75,0.0,0.0,16.0,,
2024-07-21 23:00:00,1.25,31.25,2.72,9.82,7.5,12.85,3.88,0.53,30.48,0.98,4.12,,,,,,67.0,2.33,230.0,0.0,0.0,15.0,,
2024-07-22 00:00:00,3.25,34.75,3.1,9.28,7.48,13.88,4.28,0.46,29.84,0.85,3.7,,,,,,66.25,2.3,190.0,0.0,0.0,15.0,,
2024-07-22 01:00:00,8.0,32.5,3.7,9.7,8.22,11.72,4.4,0.44,30.24,0.68,3.0,,,,,,67.25,2.38,211.5,0.0,0.0,15.0,,
2024-07-22 02:00:00,9.75,29.75,5.35,8.12,8.62,10.78,5.5,0.48,33.25,0.55,2.48,,,,,,67.75,1.7,167.75,0.0,0.0,15.0,,
2024-07-22 03:00:00,7.25,31.75,3.35,8.3,7.1,11.05,5.03,0.42,35.67,0.5,2.45,,,,,,68.25,1.85,194.25,0.0,0.0,15.0,,
2024-07-22 04:00:00,10.5,21.5,3.28,7.95,6.88,10.12,6.1,0.44,31.07,0.5,2.42,,,,,,68.0,1.48,155.75,0.0,0.0,15.0,,
2024-07-22 05:00:00,8.5,23.25,4.27,9.78,8.65,9.72,7.48,0.47,27.74,0.6,2.62,,,,,,68.75,1.23,177.5,0.0,0.0,15.0,,
2024-07-22 06:00:00,7.5,39.5,6.25,13.88,12.4,10.25,4.32,0.54,24.35,0.7,3.12,,,,,,68.25,1.5,197.25,0.0,0.0,32.75,,
2024-07-22 07:00:00,11.5,63.5,7.58,17.12,15.28,11.18,3.12,0.64,25.92,0.98,3.62,,,,,,68.5,1.95,178.75,0.0,0.0,88.75,,
2024-07-22 08:00:00,19.0,76.5,8.0,16.38,15.22,11.72,4.68,0.7,27.98,1.1,4.03,,,,,,68.5,2.25,208.75,0.0,0.0,196.25,,
2024-07-22 09:00:00,19.25,74.5,5.6,16.45,13.3,12.22,5.52,0.72,32.68,1.25,4.78,,,,,,68.75,3.0,220.25,0.0,0.0,267.5,,
2024-07-22 10:00:00,19.75,70.75,4.18,14.92,11.3,14.22,4.47,0.54,30.23,1.12,4.95,,,,,,67.0,3.08,200.75,0.0,0.0,392.25,,
2024-07-22 11:00:00,15.0,63.5,4.67,14.93,11.73,14.52,4.63,0.57,39.15,1.05,4.92,,,,,,67.25,2.6,211.75,0.0,0.0,358.0,,
2024-07-22 12:00:00,6.25,63.25,3.47,10.77,8.57,15.8,3.72,0.55,43.81,0.92,5.1,,,,,,67.25,2.95,231.5,0.0,0.0,427.75,,
2024-07-22 13:00:00,15.5,62.0,2.72,11.05,8.05,13.62,4.12,0.58,46.55,0.85,5.03,,,,,,66.75,2.38,224.0,0.0,0.0,307.0,,
2024-07-22 14:00:00,13.5,48.5,3.95,12.8,9.98,13.02,5.05,0.6,52.58,0.72,4.45,,,,,,66.5,2.3,215.0,0.0,0.0,232.75,,
2024-07-22 15:00:00,11.25,55.75,2.2,15.88,9.48,17.3,5.75,0.63,49.49,0.78,4.95,,,,,,65.5,2.0,220.75,0.0,0.0,123.75,,
2024-07-22 16:00:00,12.75,78.75,4.95,26.12,17.9,17.82,8.0,0.79,50.82,1.1,6.32,,,,,,65.0,2.33,269.25,0.0,0.0,54.75,,
2024-07-22 17:00:00,23.0,118.5,3.3,26.8,16.95,16.85,7.4,0.82,41.06,1.45,7.4,,,,,,66.25,1.7,204.75,0.0,0.0,56.5,,
2024-07-22 18:00:00,22.25,110.5,2.78,31.45,19.0,17.18,5.38,0.95,40.28,1.68,8.22,,,,,,66.5,2.02,308.0,0.0,0.0,18.25,,
2024-07-22 19:00:00,30.5,130.25,3.55,33.9,20.9,17.52,4.38,1.14,30.53,1.9,8.82,,,,,,67.25,0.95,309.75,0.0,0.0,15.0,,
2024-07-22 20:00:00,33.75,138.0,8.85,37.67,27.22,17.45,2.8,1.37,22.2,2.38,10.65,,,,,,66.25,1.5,231.0,0.0,0.0,15.0,,
2024-07-22 21:00:00,27.25,119.0,9.05,28.68,22.62,15.7,2.92,1.18,22.39,2.4,10.45,,,,,,67.0,1.92,178.75,0.0,0.0,15.0,,
2024-07-22 22:00:00,17.25,74.0,6.3,22.08,16.88,16.42,1.5,0.89,20.63,2.22,9.52,,,,,,66.25,1.9,175.25,0.0,0.0,15.0,,
2024-07-22 23:00:00,12.5,60.5,5.8,17.75,14.18,14.42,0.87,0.72,24.7,1.98,8.3,,,,,,66.0,1.8,199.75,0.0,0.0,15.0,,
2024-07-23 00:00:00,13.5,68.0,4.72,15.88,12.3,13.28,3.58,0.65,25.63,1.68,7.12,,,,,,66.5,1.7,189.75,0.0,0.0,15.0,,
2024-07-23 01:00:00,11.0,45.25,4.2,14.85,11.32,12.3,4.9,0.57,25.82,1.42,6.6,,,,,,66.5,1.82,180.25,0.0,0.0,15.0,,
2024-07-23 02:00:00,7.75,31.75,4.08,13.35,10.45,11.88,2.28,0.5,26.33,1.2,6.02,,,,,,67.5,1.62,177.75,0.0,0.0,15.0,,
2024-07-23 03:00:00,8.0,31.5,4.4,13.55,10.78,12.25,1.58,0.47,27.05,1.08,5.3,,,,,,67.0,1.5,160.0,0.0,0.0,15.0,,
2024-07-23 04:00:00,10.0,23.5,5.32,14.1,11.8,11.6,2.62,0.46,25.14,1.0,5.1,,,,,,68.0,1.58,182.5,0.0,0.0,15.0,,
2024-07-23 05:00:00,7.5,23.25,4.72,15.55,12.1,11.68,3.05,0.47,25.48,0.9,4.97,,,,,,67.0,1.88,178.0,0.0,0.0,15.0,,
2024-07-23 06:00:00,9.75,31.25,6.92,14.6,13.4,11.1,2.55,0.57,29.35,0.9,4.38,,,,,,68.5,1.75,170.5,0.0,0.0,38.75,,
2024-07-23 07:00:00,12.5,47.75,6.45,16.35,13.92,11.28,3.02,0.61,28.47,0.98,4.25,,,,,,68.75,2.1,175.75,0.0,0.0,101.25,,
2024-07-23 08:00:00,14.75,61.0,6.5,16.23,13.92,11.52,3.75,0.69,29.45,1.08,4.32,,,,,,68.0,2.15,166.0,0.0,0.0,183.0,,
2024-07-23 09:00:00,16.0,65.5,5.55,16.73,13.42,11.65,4.12,0.71,34.64,1.23,4.88,,,,,,68.0,2.5,196.25,0.0,0.0,281.25,,
2024-07-23 10:00:00,13.0,61.0,3.63,16.37,11.67,13.53,4.1,0.48,40.9,1.1,4.53,,,,,,68.0,2.9,186.0,0.0,0.0,366.0,,
2024-07-23 11:00:00,13.0,61.0,3.25,11.47,6.8,15.67,4.7,0.72,44.49,0.9,3.75,,,,,,66.75,2.58,217.75,0.25,0.25,388.75,,
2024-07-23 12:00:00,9.0,62.0,3.1,10.6,8.13,18.07,2.42,0.67,45.91,0.88,4.03,,,,,,66.0,3.12,212.0,0.0,0.0,375.5,,
2024-07-23 13:00:00,9.0,57.75,1.88,10.78,7.22,15.58,1.5,0.42,50.86,0.8,3.62,,,,,,67.25,2.78,198.75,0.0,0.0,422.25,,
2024-07-23 14:00:00,9.0,45.25,1.75,9.42,6.45,16.9,3.5,0.27,46.4,0.8,3.58,,,,,,66.25,2.98,211.25,0.0,0.0,372.25,,
2024-07-23 15:00:00,11.0,46.25,2.88,12.62,9.07,17.8,3.15,0.57,42.92,0.8,3.75,,,,,,66.25,2.98,214.25,0.0,0.0,250.25,,
2024-07-23 16:00:00,10.0,48.25,3.42,11.4,8.88,16.5,2.48,0.65,44.0,0.8,4.2,,,,,,65.5,2.28,207.5,0.0,0.0,162.5,,
2024-07-23 17:00:00,8.25,56.5,3.88,18.52,13.02,16.42,4.35,0.78,44.54,0.95,4.88,,,,,,65.75,1.95,193.0,0.0,0.0,34.0,,
2024-07-23 18:00:00,14.75,76.25,3.47,24.38,15.78,16.42,3.7,1.02,37.44,1.62,6.32,,,,,,66.0,1.88,214.25,0.0,0.0,15.75,,
2024-07-23 19:00:00,22.25,95.25,4.35,28.45,18.68,16.38,3.35,1.15,29.74,2.52,8.62,,,,,,66.0,2.17,214.0,0.0,0.0,15.0,,
2024-07-23 20:00:00,17.25,81.0,3.45,16.65,11.65,14.88,4.05,0.94,35.23,2.17,7.42,,,,,,66.0,2.92,207.25,0.0,0.0,15.0,,
2024-07-23 21:00:00,8.5,35.5,3.38,23.0,14.95,15.25,5.12,1.06,27.44,1.95,7.12,,,,,,66.5,2.28,225.0,0.0,0.0,15.0,,
2024-07-23 22:00:00,7.0,34.25,4.9,28.58,19.2,15.22,5.42,1.15,26.36,2.2,8.32,,,,,,66.5,1.4,187.75,0.0,0.0,15.0,,
2024-07-23 23:00:00,7.5,35.25,7.02,28.98,21.08,14.42,4.92,1.03,25.53,2.02,8.02,,,,,,67.5,1.18,180.0,0.0,0.0,15.0,,
2024-07-24 00:00:00,8.5,31.75,5.72,17.52,13.95,13.0,5.78,0.75,25.09,1.78,7.32,,,,,,67.0,1.68,186.75,0.0,0.0,15.0,,
2024-07-24 01:00:00,7.25,19.25,5.28,14.15,11.78,12.22,5.92,0.65,24.89,1.42,6.58,,,,,,66.75,1.62,178.5,0.0,0.0,15.0,,
2024-07-24 02:00:00,7.5,22.5,5.12,14.32,11.82,13.0,4.7,0.61,23.65,1.3,6.32,,,,,,67.25,1.88,203.0,0.0,0.0,15.0,,
2024-07-24 03:00:00,5.75,27.5,5.08,14.25,11.68,14.12,3.12,0.61,27.37,1.23,6.32,,,,,,67.0,1.6,191.5,0.0,0.0,15.0,,
2024-07-24 04:00:00,5.0,20.0,5.78,13.5,11.82,12.52,3.12,0.52,24.01,1.08,5.6,,,,,,68.25,2.02,198.0,0.0,0.0,15.0,,
2024-07-24 05:00:00,1.0,20.5,5.45,11.52,10.58,11.35,2.9,0.52,23.96,0.88,4.65,,,,,,67.75,1.58,201.5,0.0,0.0,15.0,,
2024-07-24 06:00:00,4.0,23.5,5.12,12.52,10.85,12.15,2.3,0.54,20.38,0.88,4.88,,,,,,68.0,1.7,193.25,0.0,0.0,53.25,,
2024-07-24 07:00:00,13.25,31.0,8.57,13.4,14.1,13.55,2.75,0.58,22.39,1.12,5.18,,,,,,67.0,2.17,179.5,0.0,0.0,147.0,,
2024-07-24 08:00:00,12.5,40.25,7.65,15.45,14.45,13.02,6.02,0.59,26.36,1.18,5.15,,,,,,67.75,2.53,191.75,0.0,0.0,246.75,,
2024-07-24 09:00:00,7.25,42.25,5.45,15.72,12.78,13.08,5.88,0.56,32.83,1.25,5.55,,,,,,66.75,3.1,192.5,0.0,0.0,357.5,,
2024-07-24 10:00:00,6.0,47.75,4.1,13.32,10.42,12.85,3.4,0.54,36.41,1.1,4.8,,,,,,67.25,3.2,235.0,0.0,0.0,423.25,,
2024-07-24 11:00:00,9.0,52.25,2.6,11.4,8.13,13.4,4.0,0.53,40.62,1.02,4.42,,,,,,67.0,3.22,235.25,0.0,0.0,420.5,,
2024-07-24 12:00:00,9.75,51.5,2.87,9.4,7.33,17.93,3.75,0.56,45.52,0.85,3.75,,,,,,66.0,3.5,214.5,0.0,0.0,501.0,,
2024-07-24 13:00:00,12.0,56.5,2.82,8.8,6.98,14.7,4.58,0.58,46.6,0.75,3.6,,,,,,65.75,3.55,225.75,0.0,0.0,468.0,,
2024-07-24 14:00:00,11.25,55.0,3.38,8.43,7.22,15.42,2.88,0.54,51.2,0.62,3.2,,,,,,66.0,3.32,229.25,0.0,0.0,371.25,,
2024-07-24 15:00:00,10.0,46.0,2.12,10.5,7.3,16.5,5.3,0.63,50.08,0.6,3.35,,,,,,66.0,2.92,218.75,0.0,0.0,248.5,,
2024-07-24 16:00:00,13.25,50.0,3.4,11.8,9.05,17.4,4.47,0.71,48.07,0.7,4.1,,,,,,65.5,2.8,231.75,0.0,0.0,139.25,,
2024-07-24 17:00:00,13.75,64.75,3.52,14.05,10.32,17.23,5.7,0.7,46.01,0.82,4.58,,,,,,65.5,2.35,199.25,0.0,0.0,56.5,,
2024-07-24 18:00:00,13.75,74.0,2.45,18.25,11.72,16.82,6.22,0.8,41.11,1.05,5.68,,,,,,65.75,1.8,204.0,0.0,0.0,18.0,,
2024-07-24 19:00:00,15.0,78.5,3.08,20.58,13.45,16.8,6.62,0.88,35.28,1.27,6.82,,,,,,65.5,1.85,167.0,0.0,0.0,15.0,,
2024-07-24 20:00:00,13.0,80.75,4.38,22.92,15.72,16.85,3.4,0.99,30.04,1.62,7.45,,,,,,65.0,1.75,176.5,0.0,0.0,15.0,,
2024-07-24 21:00:00,13.75,72.75,4.72,24.25,16.77,15.82,2.03,1.1,25.97,1.68,7.25,,,,,,66.0,1.4,127.75,0.0,0.0,15.0,,
2024-07-24 22:00:00,17.0,70.0,4.18,24.6,16.45,17.48,1.45,1.03,22.24,1.85,7.82,,,,,,65.25,1.65,157.25,0.0,0.0,15.0,,
2024-07-24 23:00:00,16.75,67.5,4.78,18.23,13.6,15.68,,0.89,27.05,1.82,7.68,,,,,,65.75,2.08,203.5,0.0,0.0,15.0,,
2024-07-25 00:00:00,6.5,45.25,4.05,11.65,9.5,14.55,2.53,0.64,29.2,1.45,6.52,,,,,,66.25,2.2,201.25,0.0,0.0,15.0,,
2024-07-25 01:00:00,5.5,29.75,3.32,12.98,9.57,13.75,2.88,0.6,26.51,1.15,5.4,,,,,,65.5,2.0,195.75,0.0,0.0,15.0,,
2024-07-25 02:00:00,7.5,36.0,4.28,13.35,10.52,14.1,1.6,0.55,25.61,1.2,5.05,,,,,,66.75,1.82,169.25,0.0,0.0,15.0,,
2024-07-25 03:00:00,8.75,36.75,3.58,12.68,9.65,14.65,0.3,0.51,28.49,1.1,4.92,,,,,,66.0,2.15,180.5,0.0,0.0,15.0,,
2024-07-25 04:00:00,7.5,27.5,4.08,11.08,9.28,14.38,4.15,0.46,26.85,0.95,5.22,,,,,,66.75,1.9,185.25,0.0,0.0,15.0,,
2024-07-25 05:00:00,5.25,21.75,4.0,12.7,9.98,13.6,5.45,0.44,24.99,0.82,4.55,,,,,,67.0,1.82,170.0,0.0,0.0,15.0,,
2024-07-25 06:00:00,3.75,29.75,6.45,12.73,12.05,12.72,5.7,0.52,28.76,0.82,4.12,,,,,,67.5,1.72,192.5,0.0,0.0,35.5,,
2024-07-25 07:00:00,8.0,40.5,8.2,14.6,14.48,13.3,6.3,0.57,28.08,0.9,4.15,,,,,,67.5,2.15,194.25,0.0,0.0,68.5,,
2024-07-25 08:00:00,14.75,53.25,8.7,17.55,16.45,13.68,6.7,0.72,28.18,1.18,4.47,,,,,,67.75,2.3,193.0,0.0,0.0,169.5,,
2024-07-25 09:00:00,16.25,65.75,5.62,17.05,13.62,14.0,5.32,0.74,32.34,1.35,4.95,,,,,,67.25,2.4,189.75,0.0,0.0,177.25,,
2024-07-25 10:00:00,14.5,60.75,4.68,17.85,13.3,14.98,2.47,0.79,40.33,1.25,5.08,,,,,,68.0,2.4,208.0,0.0,0.0,292.75,,
2024-07-25 11:00:00,14.25,69.25,1.8,15.6,9.77,16.68,2.3,0.68,48.85,1.18,4.97,,,,,,66.25,2.8,201.5,0.0,0.0,376.5,,
2024-07-25 12:00:00,9.5,53.75,2.93,14.07,9.93,19.37,1.02,0.72,53.07,1.08,4.45,,,,,,67.0,2.95,192.25,0.0,0.0,377.25,,
2024-07-25 13:00:00,11.5,56.25,2.6,12.08,8.52,16.27,1.23,0.62,52.62,0.98,4.25,,,,,,66.5,2.75,194.75,0.0,0.0,262.0,,
2024-07-25 14:00:00,11.75,48.75,1.98,11.18,7.57,18.15,1.72,0.62,49.69,1.0,4.32,,,,,,65.5,2.88,189.5,0.0,0.0,278.25,,
2024-07-25 15:00:00,9.0,59.25,2.9,12.18,8.82,16.8,2.1,0.66,49.49,0.95,4.53,,,,,,65.75,2.78,180.5,0.0,0.0,197.5,,
2024-07-25 16:00:00,11.75,78.75,2.92,13.35,9.5,16.48,5.77,0.58,44.34,1.0,5.18,,,,,,66.25,2.35,229.5,0.0,0.0,159.75,,
2024-07-25 17:00:00,10.5,65.25,3.42,14.02,10.25,16.02,7.6,0.63,36.5,0.9,6.02,,,,,,66.25,1.52,235.5,0.0,0.0,71.25,,
2024-07-25 18:00:00,9.0,74.25,3.82,17.4,12.4,15.98,7.72,0.7,35.33,1.25,6.42,,,,,,65.75,1.82,208.25,0.0,0.0,17.25,,
2024-07-25 19:00:00,8.25,73.75,3.15,17.95,12.12,15.95,5.42,0.79,33.62,1.32,6.78,,,,,,66.25,2.48,192.5,0.0,0.0,15.0,,
2024-07-25 20:00:00,6.5,48.75,3.38,16.52,11.52,15.08,6.35,0.78,30.58,1.42,6.68,,,,,,67.25,1.92,194.25,0.0,0.0,15.0,,
2024-07-25 21:00:00,8.0,39.25,4.08,16.38,12.0,14.9,8.45,0.79,28.32,1.58,6.82,,,,,,65.75,1.8,184.75,0.0,0.0,15.0,,
2024-07-25 22:00:00,7.75,37.75,4.75,14.3,11.48,14.7,5.55,0.74,32.39,1.35,6.08,,,,,,66.25,1.83,191.25,0.0,0.0,15.0,,
2024-07-25 23:00:00,7.5,30.25,4.0,13.22,10.28,14.48,3.52,0.61,29.4,1.23,6.2,,,,,,66.25,2.12,191.5,0.0,0.0,15.0,,
2024-07-26 00:00:00,8.75,28.0,3.92,14.5,10.82,13.48,2.75,0.55,27.98,1.12,5.62,,,,,,66.25,2.35,190.0,0.0,0.0,15.0,,
2024-07-26 01:00:00,7.5,26.5,3.3,13.48,9.85,13.5,2.28,0.53,27.64,1.02,4.95,,,,,,67.0,2.1,203.75,0.0,0.0,15.0,,
2024-07-26 02:00:00,5.25,20.5,3.98,9.88,8.48,13.05,2.88,0.54,28.29,0.85,4.0,,,,,,67.25,2.22,198.5,0.0,0.0,15.0,,
2024-07-26 03:00:00,3.75,15.5,3.15,10.05,7.92,13.52,4.68,0.53,32.8,0.75,3.32,,,,,,67.0,1.92,185.0,0.0,0.0,15.0,,
2024-07-26 04:00:00,6.25,13.5,3.72,9.78,8.25,12.4,4.78,0.59,27.68,0.7,2.92,,,,,,67.25,2.1,198.5,0.0,0.0,15.0,,
2024-07-26 05:00:00,7.0,13.75,3.25,10.8,8.43,12.62,4.4,0.61,23.32,0.7,3.02,,,,,,66.5,1.98,191.25,0.0,0.0,15.0,,
2024-07-26 06:00:00,8.5,23.25,5.55,12.68,11.25,13.2,2.92,0.58,21.85,0.85,3.88,,,,,,66.5,2.02,198.75,0.0,0.0,32.25,,
2024-07-26 07:00:00,11.75,41.25,7.5,15.88,14.55,13.5,1.38,0.69,24.06,1.15,4.65,,,,,,66.0,2.25,203.25,0.0,0.0,99.0,,
2024-07-26 08:00:00,9.25,58.75,8.7,17.2,16.23,14.42,4.32,0.78,28.37,1.55,5.22,,,,,,66.75,2.3,186.0,0.0,0.0,249.25,,
2024-07-26 09:00:00,12.5,62.0,5.82,16.12,13.28,13.5,6.28,0.77,35.38,1.55,5.52,,,,,,67.25,2.5,198.25,0.0,0.0,354.5,,
2024-07-26 10:00:00,11.25,56.5,3.22,13.2,9.72,13.35,5.5,0.72,40.62,1.32,4.8,,,,,,66.75,2.2,242.75,0.0,0.0,318.75,,
2024-07-26 11:00:00,11.0,55.25,4.7,15.3,11.97,15.8,6.5,0.68,38.22,1.12,4.7,,,,,,66.75,2.9,215.5,0.0,0.0,352.75,,
2024-07-26 12:00:00,9.5,51.25,3.13,9.53,7.57,18.33,6.42,0.63,41.02,0.95,4.1,,,,,,66.75,3.62,229.5,0.0,0.0,430.75,,
2024-07-26 13:00:00,13.5,62.0,4.0,8.83,7.92,15.48,6.65,0.6,48.07,0.78,3.72,,,,,,66.0,3.02,262.5,0.0,0.0,458.25,,
2024-07-26 14:00:00,11.25,55.75,3.05,9.12,7.32,16.6,4.82,0.57,45.72,0.65,3.12,,,,,,65.75,2.78,276.25,0.0,0.0,380.25,,
2024-07-26 15:00:00,10.0,53.75,3.08,8.72,7.15,16.88,3.48,0.55,41.65,0.62,3.85,,,,,,66.25,2.62,258.0,0.0,0.0,229.25,,
2024-07-26 16:00:00,12.75,51.5,3.4,10.42,8.3,17.48,3.45,0.58,37.58,0.7,4.53,,,,,,64.5,2.25,240.5,0.0,0.0,124.0,,
2024-07-26 17:00:00,12.0,56.5,3.25,12.42,9.22,17.55,4.97,0.62,39.74,0.78,4.72,,,,,,64.75,2.3,216.75,0.0,0.0,64.25,,
2024-07-26 18:00:00,13.0,62.25,3.1,16.73,11.4,16.6,4.47,0.64,37.44,1.0,5.35,,,,,,65.0,2.02,187.0,0.0,0.0,19.75,,
2024-07-26 19:00:00,16.25,72.25,3.38,18.23,12.42,16.7,4.47,0.74,31.8,1.25,7.45,,,,,,64.5,1.65,177.5,0.0,0.0,15.0,,
2024-07-26 20:00:00,17.0,69.0,4.25,21.25,14.78,16.6,6.3,0.88,29.16,1.52,8.6,,,,,,65.25,1.72,176.5,0.0,0.0,15.0,,
2024-07-26 21:00:00,16.25,82.5,4.62,23.52,16.27,17.85,7.6,0.9,23.32,1.78,8.55,,,,,,65.75,1.75,161.75,0.0,0.0,15.0,,
2024-07-26 22:00:00,14.0,69.75,4.7,18.42,13.58,16.3,5.18,0.78,27.1,1.75,8.18,,,,,,66.25,2.33,208.25,0.0,0.0,15.0,,
2024-07-26 23:00:00,12.0,40.75,3.32,11.2,8.65,14.68,2.55,0.6,28.47,1.38,6.5,,,,,,66.5,2.05,218.0,0.0,0.0,15.0,,
2024-07-27 00:00:00,5.0,28.0,3.0,9.35,7.42,13.72,3.88,0.51,28.37,1.1,5.6,,,,,,66.25,2.58,205.5,0.0,0.0,15.0,,
2024-07-27 01:00:00,2.75,24.0,3.08,7.52,6.48,13.32,4.2,0.46,29.64,0.85,4.62,,,,,,66.5,2.68,214.25,0.0,0.0,15.0,,
2024-07-27 02:00:00,5.5,22.5,2.95,7.8,6.55,13.55,5.18,0.44,28.35,0.7,3.9,,,,,,66.0,2.52,204.75,0.0,0.0,15.0,,
2024-07-27 03:00:00,6.5,18.25,2.98,7.85,6.58,14.68,5.75,0.49,30.38,0.62,3.55,,,,,,66.0,2.5,218.75,0.0,0.0,15.0,,
2024-07-27 04:00:00,5.25,20.0,3.05,8.18,6.8,13.58,4.05,0.4,27.98,0.6,3.45,,,,,,66.25,2.22,209.75,0.0,0.0,15.0,,
2024-07-27 05:00:00,6.25,23.25,3.95,9.25,8.15,12.8,3.7,0.4,29.89,0.57,3.25,,,,,,67.0,2.38,200.0,0.0,0.0,15.0,,
2024-07-27 06:00:00,6.75,25.75,3.95,10.02,8.52,12.0,5.1,0.42,30.62,0.5,2.88,,,,,,67.5,2.47,222.5,0.0,0.0,47.0,,
2024-07-27 07:00:00,7.25,40.75,4.18,9.2,8.25,11.95,4.8,0.55,30.58,0.6,2.98,,,,,,67.0,2.4,236.5,0.0,0.0,105.25,,
2024-07-27 08:00:00,9.75,62.0,4.2,9.28,8.35,12.25,5.1,0.68,31.07,0.65,2.98,,,,,,67.25,2.08,220.0,0.0,0.0,228.75,,
2024-07-27 09:00:00,6.25,40.0,3.75,10.2,8.52,12.88,5.55,0.73,34.94,0.88,3.5,,,,,,67.25,1.95,239.0,0.0,0.0,315.25,,
2024-07-27 10:00:00,8.0,47.0,3.42,10.42,8.32,14.58,3.77,0.65,45.62,0.85,3.62,,,,,,66.75,2.12,229.25,0.0,0.0,227.0,,
2024-07-27 11:00:00,11.0,50.0,2.73,11.87,8.5,16.6,4.95,0.63,54.49,0.83,3.57,,,,,,67.33,2.73,198.67,0.0,0.0,325.33,,
2024-07-27 12:00:00,9.0,57.5,2.2,10.35,6.05,19.6,6.05,0.71,45.08,0.9,4.6,,,,,,65.5,2.9,199.0,0.0,0.0,362.5,,
2024-07-27 13:00:00,10.25,69.0,1.7,11.75,7.65,21.75,4.15,0.6,40.18,1.0,5.28,,,,,,64.75,3.02,225.0,0.0,0.0,423.5,,
2024-07-27 14:00:00,14.0,68.0,3.68,10.75,8.7,17.0,3.7,0.61,40.08,0.88,4.9,,,,,,64.75,2.5,257.75,0.0,0.0,333.75,,
2024-07-27 15:00:00,12.75,68.0,2.9,10.42,7.9,16.35,4.8,0.57,44.54,0.8,5.22,,,,,,65.0,2.58,220.0,0.0,0.0,259.5,,
2024-07-27 16:00:00,11.25,75.0,3.42,11.52,8.9,16.25,2.27,0.55,41.8,0.8,5.42,,,,,,64.25,1.92,202.0,0.0,0.0,120.25,,
2024-07-27 17:00:00,20.25,100.5,2.7,15.55,10.48,15.95,1.58,0.61,42.04,0.95,7.35,,,,,,65.25,1.75,159.75,0.0,0.0,56.0,,
2024-07-27 18:00:00,27.0,116.0,2.4,23.55,14.5,16.65,5.35,0.83,38.91,1.32,10.92,,,,,,65.75,2.02,171.75,0.0,0.0,18.25,,
2024-07-27 19:00:00,24.75,116.75,3.95,23.12,15.5,16.62,7.57,0.95,32.29,1.62,9.93,,,,,,65.25,1.72,159.5,0.0,0.0,15.0,,
2024-07-27 20:00:00,18.25,99.5,4.12,26.32,17.32,16.5,4.2,1.04,26.8,1.88,9.95,,,,,,65.5,1.8,148.75,0.0,0.0,15.0,,
2024-07-27 21:00:00,20.0,93.75,6.38,24.68,18.33,16.27,6.02,0.99,27.34,1.98,9.35,,,,,,66.5,1.55,184.25,0.0,0.0,15.0,,
2024-07-27 22:00:00,21.5,81.75,5.2,17.18,13.38,14.82,3.8,0.75,28.47,1.68,7.88,,,,,,66.25,2.12,198.25,0.0,0.0,15.0,,
2024-07-27 23:00:00,16.25,62.5,4.4,10.0,8.93,12.98,2.62,0.55,31.12,1.32,6.58,,,,,,66.0,2.5,246.5,0.0,0.0,15.0,,
2024-07-28 00:00:00,12.75,68.0,3.18,7.98,6.78,12.3,1.45,0.46,30.33,0.85,4.55,,,,,,66.5,1.75,238.0,0.0,0.0,15.0,,
2024-07-28 01:00:00,9.5,36.5,4.12,8.6,7.92,12.27,,0.45,27.93,0.7,3.95,,,,,,66.0,1.9,178.75,0.0,0.0,15.0,,
2024-07-28 02:00:00,12.5,40.25,3.85,10.45,8.68,12.25,4.05,0.42,25.81,0.75,4.25,,,,,,66.25,2.12,196.5,0.0,0.0,15.0,,
2024-07-28 03:00:00,17.0,34.75,3.22,9.38,7.65,11.88,4.4,0.38,28.36,0.75,4.12,,,,,,66.25,2.4,187.75,0.0,0.0,15.0,,
2024-07-28 04:00:00,2.0,26.25,3.45,7.68,6.88,10.55,1.93,0.36,28.57,0.62,3.28,,,,,,67.25,2.8,219.5,0.0,0.0,15.0,,
2024-07-28 05:00:00,2.75,30.25,2.82,7.1,6.07,11.28,,0.44,25.38,0.6,3.1,,,,,,66.5,2.52,227.25,0.0,0.0,15.0,,
2024-07-28 06:00:00,5.5,32.75,3.28,8.22,7.08,10.55,4.53,0.65,27.0,0.6,3.35,,,,,,66.5,2.45,201.75,0.0,0.0,42.75,,
2024-07-28 07:00:00,8.25,44.25,4.6,9.6,8.8,10.9,5.38,0.74,27.83,0.75,3.78,,,,,,66.75,2.45,206.5,0.0,0.0,101.5,,
2024-07-28 08:00:00,12.25,61.5,4.62,9.72,8.93,11.4,5.18,0.64,29.84,0.88,3.78,,,,,,66.75,2.42,207.25,0.0,0.0,100.5,,
2024-07-28 09:00:00,11.75,57.5,3.88,10.1,8.52,11.1,3.88,0.7,34.35,0.9,3.68,,,,,,67.75,3.0,221.0,0.0,0.0,242.0,,
2024-07-28 10:00:00,7.75,61.0,2.8,9.32,7.22,12.82,5.8,0.77,39.84,0.9,3.25,,,,,,67.5,3.15,214.5,0.0,0.0,393.5,,
2024-07-28 11:00:00,9.5,71.0,3.23,8.0,6.9,13.7,6.37,0.74,43.86,0.82,3.12,,,,,,67.0,2.95,215.25,0.0,0.0,425.25,,
2024-07-28 12:00:00,16.75,80.5,3.47,9.33,7.8,16.8,6.02,0.75,46.84,0.82,3.4,,,,,,66.5,2.3,198.25,0.0,0.0,297.0,,
2024-07-28 13:00:00,14.0,70.0,3.92,10.28,8.72,14.73,6.95,0.82,56.35,0.82,4.15,,,,,,66.25,3.0,206.75,0.0,0.0,351.0,,
2024-07-28 14:00:00,9.0,61.5,2.75,9.57,7.32,15.35,4.97,0.86,57.77,0.95,4.25,,,,,,65.5,3.0,178.25,0.0,0.0,362.75,,
2024-07-28 15:00:00,11.75,65.75,2.9,9.65,7.48,15.42,3.35,0.66,54.14,0.85,3.4,,,,,,66.0,3.15,185.75,0.0,0.0,189.75,,
2024-07-28 16:00:00,13.25,74.25,2.82,10.4,7.88,15.8,3.08,0.71,49.39,0.72,3.05,,,,,,65.75,2.92,201.75,0.0,0.0,129.5,,
2024-07-28 17:00:00,19.0,74.5,2.3,11.92,8.18,16.32,3.18,0.84,45.82,0.85,3.28,,,,,,65.25,2.28,191.5,0.0,0.0,59.75,,
2024-07-28 18:00:00,16.5,75.5,2.72,15.08,10.25,16.0,5.7,0.93,39.4,1.1,4.07,,,,,,65.25,2.28,204.25,0.0,0.0,19.75,,
2024-07-28 19:00:00,19.0,85.0,2.88,19.55,12.78,15.88,4.78,0.95,32.88,1.5,5.05,,,,,,66.0,2.12,217.75,0.0,0.0,15.0,,
2024-07-28 20:00:00,21.25,90.75,3.28,22.32,14.52,15.65,5.5,0.98,29.35,1.88,6.15,,,,,,65.25,2.0,185.5,0.0,0.0,15.0,,
2024-07-28 21:00:00,20.0,88.75,2.98,20.38,13.28,15.95,4.4,0.84,27.14,2.0,6.72,,,,,,65.5,2.35,201.75,0.0,0.0,15.0,,
2024-07-28 22:00:00,19.25,83.0,3.3,16.58,11.52,14.52,5.58,0.82,30.87,1.85,6.18,,,,,,65.5,2.48,179.5,0.0,0.0,15.0,,
2024-07-28 23:00:00,8.25,72.25,2.82,12.42,8.93,13.55,5.82,0.63,30.57,1.48,4.88,,,,,,65.5,2.5,189.25,0.0,0.0,15.0,,
2024-07-29 00:00:00,8.75,54.0,2.9,11.5,8.52,13.08,6.42,0.49,28.72,1.23,4.1,,,,,,66.0,2.33,169.0,0.0,0.0,15.0,,
2024-07-29 01:00:00,8.0,41.0,3.32,11.3,8.7,12.72,5.1,0.56,28.37,1.0,3.42,,,,,,66.25,2.35,182.75,0.0,0.0,15.0,,
2024-07-29 02:00:00,8.25,37.0,3.5,11.72,9.15,13.12,3.28,0.72,26.72,0.88,2.98,,,,,,67.25,2.35,188.0,0.0,0.0,15.0,,
2024-07-29 03:00:00,8.5,31.0,3.15,9.68,7.72,14.38,3.92,0.64,28.75,0.72,2.72,,,,,,67.0,2.4,185.75,0.0,0.0,15.0,,
2024-07-29 04:00:00,6.5,21.5,4.58,8.8,8.4,12.92,4.25,0.68,28.03,0.68,2.55,,,,,,68.0,1.78,174.75,0.0,0.0,15.0,,
2024-07-29 05:00:00,7.25,24.0,5.12,9.82,9.38,11.85,5.05,0.42,29.84,0.52,2.15,,,,,,68.75,1.88,171.0,0.0,0.0,15.0,,
2024-07-29 06:00:00,12.75,41.0,5.65,12.6,11.28,11.25,2.95,0.39,26.26,0.62,2.33,,,,,,68.5,1.48,167.25,0.0,0.0,43.75,,
2024-07-29 07:00:00,10.75,57.75,10.25,15.25,16.45,11.98,2.25,0.35,26.07,0.82,2.85,,,,,,67.25,1.72,176.75,0.0,0.0,114.75,,
2024-07-29 08:00:00,16.25,66.5,9.02,15.28,15.42,12.98,7.62,0.44,31.21,1.0,3.32,,,,,,66.25,2.08,181.0,0.0,0.0,224.25,,
2024-07-29 09:00:00,17.5,75.25,6.45,18.8,15.23,13.25,10.4,0.49,36.41,1.2,4.25,,,,,,67.5,2.42,190.0,0.0,0.0,261.25,,
2024-07-29 10:00:00,18.25,69.0,3.35,14.35,10.38,14.85,5.17,0.43,43.27,1.12,4.22,,,,,,66.75,2.85,174.25,0.0,0.0,373.75,,
2024-07-29 11:00:00,16.5,69.0,2.47,12.83,8.87,15.7,1.23,0.32,47.58,1.0,3.85,,,,,,66.5,2.5,227.25,0.0,0.0,426.25,,
2024-07-29 12:00:00,16.5,75.0,1.8,9.53,6.5,20.33,2.55,0.42,47.09,0.85,4.18,,,,,,65.5,2.4,208.5,0.0,0.0,408.5,,
2024-07-29 13:00:00,12.0,66.0,1.8,10.17,6.87,16.23,2.37,0.61,51.29,0.93,4.5,,,,,,65.67,2.47,175.33,0.0,0.0,395.67,,
2024-07-29 14:00:00,10.33,57.0,2.67,10.4,7.7,16.0,5.17,0.59,54.29,0.95,4.2,,,,,,65.67,2.63,211.33,0.0,0.0,205.33,,
2024-07-29 15:00:00,12.75,,2.72,13.15,9.15,15.5,6.22,0.61,59.38,1.02,4.1,,,,,,65.25,2.72,239.0,0.0,0.0,134.25,,
2024-07-29 16:00:00,12.5,67.0,3.55,15.75,11.22,16.9,3.48,0.6,63.5,1.15,5.15,,,,,,65.5,4.03,292.75,0.0,0.0,88.0,,
2024-07-29 17:00:00,15.0,73.0,3.15,17.08,11.62,19.62,4.97,0.56,69.38,1.0,4.15,,,,,,65.75,4.18,312.5,0.0,0.0,42.5,,
2024-07-29 18:00:00,17.5,84.25,2.52,16.02,10.62,20.85,5.05,0.48,60.08,1.0,3.38,,,,,,65.25,3.58,305.0,0.0,0.0,15.0,,
2024-07-29 19:00:00,14.0,57.75,2.7,14.82,10.05,16.95,3.65,0.6,43.9,1.18,3.62,,,,,,66.0,2.88,254.5,0.0,0.0,15.0,,
2024-07-29 20:00:00,10.75,42.0,4.22,16.55,12.25,15.72,4.1,0.7,38.46,1.3,4.85,,,,,,66.5,2.58,312.25,0.0,0.0,15.0,,
2024-07-29 21:00:00,17.5,51.5,2.88,16.92,11.32,15.65,5.58,0.81,36.85,1.18,4.62,,,,,,65.25,2.92,258.0,0.0,0.0,15.0,,
2024-07-29 22:00:00,13.25,51.75,2.85,16.42,11.05,15.35,3.28,0.89,31.26,1.23,4.85,,,,,,67.0,1.55,266.25,0.0,0.0,15.0,,
2024-07-29 23:00:00,12.0,43.75,2.85,12.92,9.18,14.52,2.25,0.76,32.44,1.15,4.72,,,,,,66.5,1.12,311.75,0.0,0.0,15.0,,
2024-07-30 00:00:00,6.0,29.25,2.45,10.45,7.57,15.18,,0.66,28.86,1.0,4.97,,,,,,67.75,0.7,235.75,0.0,0.0,15.0,,
2024-07-30 01:00:00,5.25,22.5,3.32,12.77,9.52,14.28,,0.7,29.2,1.0,4.68,,,,,,67.75,0.48,234.0,0.0,0.0,15.0,,
2024-07-30 02:00:00,2.75,19.25,3.22,15.58,10.9,13.75,1.0,0.6,28.29,0.92,4.65,,,,,,67.0,1.02,223.33,0.0,0.0,15.0,,
2024-07-30 03:00:00,3.75,27.25,3.3,17.08,11.75,14.85,1.38,0.74,28.62,1.08,4.75,,,,,,68.0,0.75,236.33,0.0,0.0,15.0,,
2024-07-30 04:00:00,10.0,40.0,6.12,15.5,13.2,13.35,3.4,0.8,29.25,1.08,5.08,,,,,,68.0,0.62,318.0,0.0,0.0,15.0,,
2024-07-30 05:00:00,13.25,45.5,11.2,17.98,18.68,14.45,3.92,0.67,26.76,0.95,5.62,,,,,,68.25,0.45,311.33,0.0,0.0,15.0,,
2024-07-30 06:00:00,16.25,64.75,13.38,21.58,22.3,14.08,3.65,0.74,23.66,1.25,6.05,,,,,,68.0,1.62,235.5,0.0,0.0,31.5,,
2024-07-30 07:00:00,20.25,73.5,10.62,19.15,18.77,13.28,4.95,0.7,26.51,1.42,6.0,,,,,,67.75,1.72,187.75,0.0,0.0,143.75,,
2024-07-30 08:00:00,13.75,74.5,6.62,17.38,14.68,14.92,3.88,0.66,25.58,1.48,6.42,,,,,,67.0,2.1,174.25,0.0,0.0,256.75,,
2024-07-30 09:00:00,16.5,68.75,3.65,16.7,11.9,14.55,3.22,0.98,35.14,1.58,6.55,,,,,,67.0,1.95,182.5,0.0,0.0,324.75,,
2024-07-30 10:00:00,8.0,54.5,2.53,12.25,8.57,14.85,3.77,0.8,41.75,1.3,5.5,,,,,,66.5,2.15,206.25,0.0,0.0,425.5,,
2024-07-30 11:00:00,5.5,48.75,2.3,10.3,7.4,15.33,5.67,0.79,43.76,1.12,4.9,,,,,,66.75,2.42,203.25,0.0,0.0,442.25,,
2024-07-30 12:00:00,7.0,42.25,4.13,9.9,8.63,18.8,3.6,0.89,49.34,0.88,4.22,,,,,,65.75,2.4,228.25,0.0,0.0,515.0,,
2024-07-30 13:00:00,8.25,34.25,2.7,8.88,6.92,15.95,2.22,0.83,47.82,0.75,3.82,,,,,,65.75,2.45,221.25,0.0,0.0,475.75,,
2024-07-30 14:00:00,12.25,38.0,1.27,9.98,6.28,17.02,1.55,0.82,53.7,0.72,3.9,,,,,,65.5,2.05,197.5,0.0,0.0,415.75,,
2024-07-30 15:00:00,12.75,46.5,2.78,8.88,6.98,18.32,1.9,1.02,52.09,0.72,3.8,,,,,,65.25,2.22,182.75,0.0,0.0,341.0,,
2024-07-30 16:00:00,11.25,47.5,1.02,10.72,6.5,20.32,3.1,0.98,52.14,0.9,4.22,,,,,,64.0,1.8,192.75,0.0,0.0,166.5,,
2024-07-30 17:00:00,11.25,60.5,3.38,12.22,9.28,18.95,3.95,0.98,58.5,1.0,4.62,,,,,,64.75,2.28,215.0,0.0,0.0,48.25,,
2024-07-30 18:00:00,16.5,73.5,1.95,16.12,10.18,20.08,5.5,1.07,60.22,1.15,4.92,,,,,,65.0,3.4,287.75,0.0,0.0,16.75,,
2024-07-30 19:00:00,12.25,62.0,2.02,18.55,11.5,20.2,5.78,0.94,65.07,1.18,4.55,,,,,,65.0,3.88,291.0,0.0,0.0,15.0,,
2024-07-30 20:00:00,12.0,53.25,4.0,17.65,12.65,20.23,5.12,1.02,59.83,1.12,4.35,,,,,,64.5,3.75,302.0,0.75,0.75,15.75,,
2024-07-30 21:00:00,10.0,36.0,2.68,20.12,12.85,17.82,5.48,1.0,41.7,1.25,5.12,,,,,,64.75,2.8,313.0,0.0,0.0,15.0,,
2024-07-30 22:00:00,12.0,38.75,2.62,22.4,14.08,16.38,9.1,1.17,33.71,1.18,5.0,,,,,,65.75,2.17,317.0,0.0,0.0,15.0,,
2024-07-30 23:00:00,10.25,42.75,3.15,21.18,13.8,16.6,9.55,1.14,32.24,1.23,5.38,,,,,,65.25,1.98,278.75,0.0,0.0,15.0,,
2024-07-31 00:00:00,12.0,31.25,2.7,18.05,11.78,17.75,7.52,0.63,23.08,1.35,5.8,,,,,,65.25,1.7,182.0,0.0,0.0,15.0,,
2024-07-31 01:00:00,4.75,30.25,3.7,11.22,9.0,14.78,7.0,0.49,28.57,1.18,5.28,,,,,,67.0,1.9,170.0,0.0,0.0,15.0,,
2024-07-31 02:00:00,1.5,15.5,3.75,10.73,8.8,14.08,5.48,0.62,29.2,1.02,4.75,,,,,,66.5,2.12,190.5,0.0,0.0,15.0,,
2024-07-31 03:00:00,4.0,15.5,2.72,10.3,7.72,14.1,4.7,0.58,32.28,0.88,4.3,,,,,,67.0,2.22,180.5,0.0,0.0,15.0,,
2024-07-31 04:00:00,7.5,19.5,4.53,9.57,8.78,13.0,3.72,0.54,35.03,0.72,3.6,,,,,,68.0,2.22,186.5,0.0,0.0,15.0,,
2024-07-31 05:00:00,9.75,18.0,3.28,9.98,7.98,12.18,2.88,0.42,32.04,0.7,3.28,,,,,,67.5,1.95,205.25,0.0,0.0,15.0,,
2024-07-31 06:00:00,12.0,20.25,3.42,11.38,8.8,11.98,5.35,0.45,30.77,0.7,3.18,,,,,,67.5,2.0,187.5,0.0,0.0,28.75,,
2024-07-31 07:00:00,11.75,30.25,4.93,13.18,11.02,12.52,5.7,0.44,30.28,0.78,3.32,,,,,,67.25,1.92,191.25,0.0,0.0,125.75,,
2024-07-31 08:00:00,9.75,43.0,4.97,15.75,12.42,14.8,5.62,0.55,30.09,1.08,4.28,,,,,,66.0,2.0,185.25,0.0,0.0,273.5,,
2024-07-31 09:00:00,5.0,49.5,3.65,13.98,10.4,14.32,3.32,0.49,41.36,1.23,4.85,,,,,,66.75,2.8,184.25,0.0,0.0,365.5,,
2024-07-31 10:00:00,3.0,43.0,2.9,12.65,9.05,15.62,1.57,0.79,45.82,1.08,4.5,,,,,,66.75,2.68,198.0,0.0,0.0,439.75,,
2024-07-31 11:00:00,7.0,45.5,2.33,11.23,7.87,16.5,1.3,0.73,47.19,1.0,4.28,,,,,,67.25,2.72,203.5,0.0,0.0,461.5,,
2024-07-31 12:00:00,9.5,44.0,3.53,9.8,8.1,20.5,6.4,0.76,52.04,0.75,3.9,,,,,,66.25,2.75,208.25,0.0,0.0,408.0,,
2024-07-31 13:00:00,10.25,44.25,2.6,10.2,7.52,17.58,9.38,0.8,52.33,0.78,3.92,,,,,,65.0,2.65,194.5,0.0,0.0,387.75,,
2024-07-31 14:00:00,8.25,47.75,2.18,10.0,7.05,18.08,5.9,0.8,51.11,0.7,3.48,,,,,,66.5,2.25,208.75,0.0,0.0,277.0,,
2024-07-31 15:00:00,8.25,53.5,2.4,10.35,7.42,18.7,3.48,0.8,51.94,0.7,3.8,,,,,,65.0,2.05,187.25,0.0,0.0,293.5,,
2024-07-31 16:00:00,6.5,50.0,2.22,11.9,8.12,19.82,4.65,0.8,52.97,0.82,4.25,,,,,,64.75,2.12,184.5,0.0,0.0,204.0,,
2024-07-31 17:00:00,9.5,62.5,2.92,12.58,9.07,19.4,2.8,0.82,52.72,0.85,4.45,,,,,,65.25,1.85,148.25,0.0,0.0,57.25,,
2024-07-31 18:00:00,14.75,67.5,3.05,19.32,12.75,18.85,6.1,0.96,49.54,1.12,5.15,,,,,,65.0,2.12,221.5,0.0,0.0,18.5,,
2024-07-31 19:00:00,17.33,74.25,2.5,25.72,15.2,20.65,5.85,1.08,40.96,1.4,5.82,,,,,,64.25,2.92,320.25,0.0,0.0,15.0,,
2024-07-31 20:00:00,20.5,70.25,2.15,19.82,12.32,21.22,1.93,1.01,60.42,1.78,6.68,,,,,,64.25,3.5,287.0,0.0,0.0,15.0,,
2024-07-31 21:00:00,24.5,85.75,2.95,19.65,12.82,21.08,1.3,1.02,49.93,1.7,6.15,,,,,,65.0,2.9,270.0,0.0,0.0,15.0,,
2024-07-31 22:00:00,12.5,63.0,2.78,15.85,10.68,19.27,4.85,0.94,42.88,1.45,5.48,,,,,,65.75,3.1,269.0,0.0,0.0,15.0,,
2024-07-31 23:00:00,8.0,51.0,2.97,14.23,10.0,18.57,6.9,0.84,42.73,1.17,4.67,,,,,,65.33,3.77,213.67,0.0,0.0,15.0,,
2024-08-01 00:00:00,12.0,51.0,3.22,12.08,9.07,18.68,7.1,0.63,38.96,1.0,3.4,,,,,,66.0,2.28,185.75,0.0,0.0,15.0,,
2024-08-01 01:00:00,10.75,45.75,2.7,10.15,7.57,17.48,7.0,0.61,35.87,0.98,3.42,,,,,,65.75,2.65,204.75,0.0,0.0,15.0,,
2024-08-01 02:00:00,5.75,25.75,2.1,7.5,5.68,15.8,4.32,0.52,37.18,0.7,2.75,,,,,,67.25,2.35,228.0,0.0,0.0,15.0,,
2024-08-01 03:00:00,2.25,13.25,1.53,7.58,4.97,17.35,2.62,0.48,35.08,0.6,2.52,,,,,,65.75,1.58,202.25,0.0,0.0,15.0,,
2024-08-01 04:00:00,3.75,14.0,2.68,7.1,5.98,15.35,4.6,0.43,29.5,0.68,3.15,,,,,,66.5,1.45,173.5,0.0,0.0,15.0,,
2024-08-01 05:00:00,5.25,22.0,3.52,10.0,8.15,14.48,3.65,0.3,27.93,0.78,3.55,,,,,,67.0,1.02,222.0,0.0,0.0,15.0,,
2024-08-01 06:00:00,5.5,25.0,4.35,14.25,11.12,14.78,1.1,0.24,25.53,1.02,3.85,,,,,,67.25,2.35,202.0,0.0,0.0,44.5,,
2024-08-01 07:00:00,11.75,38.0,6.0,15.27,12.92,15.32,0.98,0.4,31.26,1.25,4.38,,,,,,66.0,3.32,212.0,0.0,0.0,148.25,,
2024-08-01 08:00:00,10.25,50.0,5.1,18.1,13.75,15.77,1.13,0.54,38.61,1.12,4.0,,,,,,66.75,3.0,203.75,0.0,0.0,172.5,,
2024-08-01 09:00:00,16.25,58.0,3.85,17.6,12.5,15.3,1.83,0.56,40.67,1.25,4.92,,,,,,67.25,2.65,198.75,0.0,0.0,207.0,,
2024-08-01 10:00:00,14.0,58.0,3.32,15.9,11.12,16.73,0.7,0.31,45.52,1.25,5.03,,,,,,67.75,2.62,174.0,0.0,0.0,210.5,,
2024-08-01 11:00:00,12.75,55.0,2.33,14.8,9.77,17.9,2.8,0.1,46.3,1.18,5.6,,,,,,66.25,2.25,188.5,0.0,0.0,217.5,,
2024-08-01 12:00:00,9.0,55.0,0.9,12.0,7.2,24.6,3.5,0.14,49.49,1.15,6.0,,,,,,66.0,2.4,215.0,0.0,0.0,336.5,,
2024-08-01 13:00:00,13.75,60.25,3.28,9.7,7.8,17.18,3.53,0.34,51.89,1.0,4.9,,,,,,66.5,2.38,196.0,0.0,0.0,291.0,,
2024-08-01 14:00:00,15.0,63.25,2.15,10.7,7.42,17.3,3.35,0.29,53.31,0.92,4.45,,,,,,66.0,2.17,199.0,0.0,0.0,335.75,,
2024-08-01 15:00:00,11.75,52.25,3.8,10.45,8.62,18.15,2.42,0.75,56.3,0.85,4.12,,,,,,66.5,2.05,175.5,0.0,0.0,217.5,,
2024-08-01 16:00:00,11.0,56.75,2.58,13.38,9.22,18.68,2.45,0.73,57.33,0.9,4.55,,,,,,65.5,1.58,160.5,0.0,0.0,164.0,,
2024-08-01 17:00:00,12.25,69.0,2.68,13.82,9.55,18.18,2.5,0.92,52.24,1.0,5.15,,,,,,65.75,1.38,184.75,0.0,0.0,58.0,,
2024-08-01 18:00:00,15.25,68.0,3.42,19.5,13.15,18.98,1.85,0.82,49.64,1.12,5.45,,,,,,65.0,3.02,287.75,0.0,0.0,17.25,,
2024-08-01 19:00:00,14.0,60.75,1.45,21.3,12.5,21.48,,0.82,52.68,1.42,5.5,,,,,,65.25,3.3,283.0,0.0,0.0,15.0,,
2024-08-01 20:00:00,15.0,70.75,2.25,16.15,10.42,21.25,1.83,0.84,60.46,1.48,5.82,,,,,,65.25,3.72,271.75,0.0,0.0,15.0,,
2024-08-01 21:00:00,9.0,53.25,2.92,13.82,9.75,18.2,2.55,0.65,51.89,1.4,5.35,,,,,,66.0,3.32,252.75,0.0,0.0,15.0,,
2024-08-01 22:00:00,8.75,41.0,2.95,16.25,11.08,16.68,3.4,0.68,39.15,1.35,5.2,,,,,,66.75,2.2,184.5,0.0,0.0,15.0,,
2024-08-01 23:00:00,7.75,43.5,4.22,14.05,10.9,16.08,4.6,0.64,35.33,1.27,4.97,,,,,,65.75,1.75,177.25,0.0,0.0,15.0,,
2024-08-02 00:00:00,7.25,32.0,3.25,11.15,8.57,14.88,2.5,0.58,34.79,0.98,4.15,,,,,,66.25,2.1,159.5,0.0,0.0,15.0,,
2024-08-02 01:00:00,7.75,26.25,2.8,9.72,7.48,14.38,1.78,1.0,33.62,0.85,3.85,,,,,,65.5,2.02,202.5,0.0,0.0,15.0,,
2024-08-02 02:00:00,6.0,19.0,3.0,7.9,6.62,14.15,2.78,0.98,34.3,0.68,3.32,,,,,,65.5,2.3,184.0,0.0,0.0,15.0,,
2024-08-02 03:00:00,2.75,18.5,1.85,7.62,5.55,16.68,2.1,0.76,30.25,0.62,3.2,,,,,,66.5,2.02,177.25,0.0,0.0,15.0,,
2024-08-02 04:00:00,2.25,10.75,3.02,8.8,7.12,14.4,4.37,0.54,28.96,0.65,3.12,,,,,,67.0,1.8,168.0,0.0,0.0,15.0,,
2024-08-02 05:00:00,2.75,21.5,3.75,10.58,8.68,13.68,3.8,0.53,26.95,0.72,3.38,,,,,,67.0,1.95,177.75,0.0,0.0,15.0,,
2024-08-02 06:00:00,3.0,28.5,3.45,11.58,8.98,13.32,3.4,0.47,26.75,0.8,3.62,,,,,,66.25,1.82,202.25,0.0,0.0,34.0,,
2024-08-02 07:00:00,7.75,31.75,5.6,11.45,10.65,13.18,2.55,0.64,31.94,0.8,3.55,,,,,,66.5,1.92,184.75,0.0,0.0,98.25,,
2024-08-02 08:00:00,14.67,47.25,4.8,11.25,9.9,13.3,0.87,0.62,33.32,0.82,3.52,,,,,,67.25,2.4,190.5,0.0,0.0,182.0,,
2024-08-02 09:00:00,16.25,49.75,3.1,11.38,8.6,13.18,1.18,0.51,38.22,0.98,3.95,,,,,,66.75,2.58,192.75,0.0,0.0,274.0,,
2024-08-02 10:00:00,12.25,47.0,2.68,10.3,7.68,15.45,1.73,0.56,41.8,0.9,3.88,,,,,,67.25,2.8,213.75,0.0,0.0,342.0,,
2024-08-02 11:00:00,14.25,48.0,0.47,11.17,6.33,18.97,4.63,0.6,44.3,0.95,4.3,,,,,,67.25,2.28,186.0,0.0,0.0,355.5,,
2024-08-02 12:00:00,10.0,47.0,3.47,11.07,8.73,21.13,3.28,0.6,59.0,1.08,5.05,,,,,,66.0,2.15,175.75,0.0,0.0,315.5,,
2024-08-02 13:00:00,13.25,60.25,2.72,12.7,9.0,17.5,2.28,0.42,62.38,1.25,5.55,,,,,,66.25,2.52,182.75,0.0,0.0,263.5,,
2024-08-02 14:00:00,13.25,54.25,2.72,12.15,8.7,17.2,4.92,0.63,62.82,1.23,5.3,,,,,,65.75,2.33,192.5,0.0,0.0,251.25,,
2024-08-02 15:00:00,11.33,57.0,4.6,13.62,11.0,18.0,8.4,0.63,65.81,1.15,4.97,,,,,,65.75,2.33,229.0,0.0,0.0,168.5,,
2024-08-02 16:00:00,14.75,76.25,2.82,16.92,11.28,21.08,7.35,0.48,73.26,1.18,5.25,,,,,,65.5,3.0,272.0,0.0,0.0,66.0,,
2024-08-02 17:00:00,23.0,89.75,2.78,20.9,13.35,22.68,7.92,0.45,71.19,1.18,4.97,,,,,,65.5,2.0,281.75,0.0,0.0,29.25,,
2024-08-02 18:00:00,23.5,98.75,2.72,21.9,13.82,23.25,7.0,0.75,62.23,1.35,5.62,,,,,,65.5,1.52,266.5,0.0,0.0,15.5,,
2024-08-02 19:00:00,24.25,118.5,2.03,24.88,14.45,23.1,6.9,0.87,31.6,1.88,7.1,,,,,,65.75,0.75,145.0,0.0,0.0,15.0,,
2024-08-02 20:00:00,22.25,110.25,3.68,26.7,17.18,19.35,4.58,1.12,39.1,2.15,8.22,,,,,,66.0,1.85,226.0,0.0,0.0,15.0,,
2024-08-02 21:00:00,21.75,87.25,3.3,19.5,13.1,16.9,3.32,1.04,35.23,2.22,8.07,,,,,,66.25,2.2,231.25,1.25,1.25,15.5,,
2024-08-02 22:00:00,18.0,59.75,3.0,11.72,8.68,15.4,2.7,0.85,33.12,1.48,5.95,,,,,,66.75,1.52,213.75,0.0,0.0,15.0,,
2024-08-02 23:00:00,,2.75,4.25,11.88,9.78,13.38,3.45,0.68,34.74,1.08,4.9,,,,,,67.0,0.7,245.0,0.0,0.0,15.0,,
2024-08-03 00:00:00,3.0,6.75,4.0,10.45,8.8,12.38,3.52,0.46,30.82,0.85,4.27,,,,,,67.75,0.88,237.5,0.0,0.0,15.0,,
2024-08-03 01:00:00,5.0,13.75,5.0,11.55,10.22,12.02,5.62,0.45,28.12,0.8,4.1,,,,,,68.25,0.88,228.25,0.0,0.0,15.0,,
2024-08-03 02:00:00,10.0,18.25,4.0,10.72,8.95,12.58,4.45,0.59,27.96,0.7,3.8,,,,,,68.5,0.6,200.0,0.0,0.0,15.0,,
2024-08-03 03:00:00,7.0,16.0,4.3,9.68,8.65,15.35,2.6,0.5,26.07,0.78,4.0,,,,,,67.5,0.43,168.0,0.0,0.0,15.0,,
2024-08-03 04:00:00,5.0,20.0,6.25,14.3,12.68,13.8,3.78,0.7,22.34,0.85,4.47,,,,,,67.75,0.5,142.25,0.0,0.0,15.0,,
2024-08-03 05:00:00,4.5,20.75,5.18,12.65,10.92,14.1,5.58,0.65,23.47,0.9,4.88,,,,,,68.0,1.18,175.5,0.0,0.0,15.0,,
2024-08-03 06:00:00,5.75,24.5,5.75,11.52,10.68,12.7,3.5,0.58,24.79,0.95,4.72,,,,,,67.25,1.58,181.5,0.0,0.0,56.25,,
2024-08-03 07:00:00,12.25,29.0,6.92,10.6,11.25,12.0,2.4,0.68,30.97,0.9,4.12,,,,,,67.5,2.12,200.5,0.0,0.0,166.25,,
2024-08-03 08:00:00,9.25,32.25,4.53,10.4,9.25,11.62,2.95,0.7,31.6,0.82,3.85,,,,,,67.5,2.65,199.25,0.0,0.0,241.25,,
2024-08-03 09:00:00,14.25,40.5,3.8,10.42,8.65,12.12,3.22,0.7,37.63,0.9,4.0,,,,,,67.75,2.05,201.0,0.0,0.0,360.75,,
2024-08-03 10:00:00,8.5,37.0,1.7,11.18,7.3,14.6,2.77,0.61,38.02,0.9,4.62,,,,,,68.25,2.33,189.5,0.0,0.0,437.75,,
2024-08-03 11:00:00,7.5,38.75,1.63,9.07,6.2,16.45,5.1,0.59,41.06,0.92,6.6,,,,,,66.5,2.12,191.25,0.0,0.0,475.25,,
2024-08-03 12:00:00,10.0,36.75,3.13,9.93,7.77,19.37,3.75,0.56,47.48,0.88,7.52,,,,,,66.75,2.1,232.75,0.0,0.0,489.75,,
2024-08-03 13:00:00,13.0,40.5,3.08,9.98,7.8,16.32,3.95,0.48,52.09,0.78,8.0,,,,,,66.0,2.38,224.75,0.0,0.0,478.75,,
2024-08-03 14:00:00,11.75,37.25,4.58,11.42,9.82,16.82,3.08,0.48,56.3,0.8,6.72,,,,,,66.25,2.1,186.5,0.0,0.0,264.0,,
2024-08-03 15:00:00,7.75,40.5,3.22,12.55,9.28,18.15,4.53,0.72,59.05,0.8,5.98,,,,,,66.5,1.8,189.5,0.0,0.0,322.0,,
2024-08-03 16:00:00,8.75,44.0,2.9,14.62,10.12,18.85,3.92,0.75,50.42,0.85,6.32,,,,,,64.5,3.2,250.0,0.0,0.0,189.75,,
2024-08-03 17:00:00,14.5,61.5,2.85,16.42,11.05,19.08,3.72,0.73,55.96,0.95,5.22,,,,,,65.25,3.08,248.0,0.0,0.0,65.25,,
2024-08-03 18:00:00,15.0,69.0,1.73,17.58,10.25,19.77,4.4,0.61,54.93,1.2,5.32,,,,,,65.0,3.3,283.75,0.0,0.0,15.5,,
2024-08-03 19:00:00,12.25,64.0,2.4,19.65,12.38,18.98,4.25,0.56,53.56,1.4,5.12,,,,,,65.75,3.12,282.5,0.0,0.0,15.0,,
2024-08-03 20:00:00,14.25,68.25,3.28,27.15,17.1,18.88,4.3,0.85,39.78,1.82,6.22,,,,,,65.75,1.52,282.0,0.0,0.0,15.0,,
2024-08-03 21:00:00,17.5,80.0,5.03,29.15,19.58,17.95,5.18,0.99,27.74,2.1,7.78,,,,,,66.25,1.82,192.25,0.0,0.0,15.0,,
2024-08-03 22:00:00,13.5,77.0,3.88,17.42,12.48,16.1,3.95,0.84,39.64,1.85,7.32,,,,,,66.0,2.75,212.0,0.0,0.0,15.0,,
2024-08-03 23:00:00,5.0,5.0,3.25,10.38,8.1,13.68,3.25,0.69,39.74,1.12,5.12,,,,,,67.25,1.38,184.75,0.0,0.0,15.0,,
2024-08-04 00:00:00,2.0,6.75,3.15,13.7,9.82,12.78,4.53,0.72,33.07,1.1,4.78,,,,,,66.0,2.2,216.75,0.0,0.0,15.0,,
2024-08-04 01:00:00,2.25,12.0,3.12,15.9,10.98,13.75,5.5,0.74,33.52,0.92,4.18,,,,,,67.25,3.22,229.25,0.0,0.0,15.0,,
2024-08-04 02:00:00,3.75,13.0,1.38,13.35,8.18,15.3,2.27,0.6,31.88,0.78,3.5,,,,,,66.75,3.0,221.75,0.0,0.0,15.0,,
2024-08-04 03:00:00,6.5,16.5,2.8,9.5,7.32,16.52,1.15,0.6,36.98,0.7,3.2,,,,,,66.25,2.55,234.5,0.0,0.0,15.0,,
2024-08-04 04:00:00,8.0,18.0,3.5,10.3,8.32,14.65,3.72,0.48,32.44,0.6,2.82,,,,,,68.0,2.05,198.5,0.0,0.0,15.0,,
2024-08-04 05:00:00,2.0,19.0,2.82,11.72,8.52,13.6,4.08,0.44,29.64,0.62,2.92,,,,,,66.5,1.55,152.25,0.0,0.0,15.0,,
2024-08-04 06:00:00,1.75,20.5,4.78,12.25,10.42,13.35,3.45,0.36,31.21,0.75,3.65,,,,,,67.5,1.27,142.0,0.0,0.0,29.0,,
2024-08-04 07:00:00,1.5,26.0,4.5,11.88,10.0,12.18,4.28,0.74,35.18,0.75,3.48,,,,,,67.25,1.58,152.75,0.0,0.0,84.25,,
2024-08-04 08:00:00,5.0,33.0,4.0,13.02,10.15,12.75,4.92,0.88,37.58,0.88,3.68,,,,,,66.75,1.98,203.5,0.0,0.0,209.25,,
2024-08-04 09:00:00,10.33,43.5,3.38,12.38,9.32,13.08,6.52,0.78,42.97,1.02,4.0,,,,,,67.5,2.08,170.25,0.0,0.0,358.25,,
2024-08-04 10:00:00,9.5,36.25,1.63,10.62,6.6,16.82,8.27,0.49,42.29,1.05,4.05,,,,,,68.75,1.88,198.25,0.0,0.0,361.25,,
2024-08-04 11:00:00,10.0,30.0,1.9,10.47,7.07,16.5,6.67,0.87,48.56,1.02,4.05,,,,,,66.25,1.8,201.0,0.0,0.0,449.0,,
2024-08-04 12:00:00,6.5,35.5,2.17,10.47,7.3,19.23,5.65,0.96,52.33,1.05,4.03,,,,,,67.0,1.9,162.5,0.0,0.0,477.25,,
2024-08-04 13:00:00,5.75,36.75,3.0,9.88,7.65,16.38,6.55,1.08,59.98,1.08,3.95,,,,,,67.25,2.12,170.0,0.0,0.0,483.75,,
2024-08-04 14:00:00,8.0,41.5,3.38,9.68,7.9,16.85,4.45,1.1,59.24,0.98,3.72,,,,,,66.25,2.1,219.75,0.0,0.0,425.0,,
2024-08-04 15:00:00,9.25,34.75,2.88,10.25,7.85,20.1,4.53,1.12,64.97,0.82,4.25,,,,,,65.25,3.92,255.25,0.0,0.0,329.25,,
2024-08-04 16:00:00,11.5,45.5,3.12,11.32,8.62,20.7,5.38,1.12,64.58,0.62,2.72,,,,,,65.5,3.85,251.75,0.0,0.0,136.75,,
2024-08-04 17:00:00,7.0,44.25,2.1,12.15,8.18,19.82,6.22,1.1,58.02,0.6,2.32,,,,,,65.0,3.42,259.25,16.75,16.75,15.75,,
2024-08-04 18:00:00,6.75,37.0,2.22,12.88,8.65,18.27,5.92,1.03,34.89,0.62,2.68,,,,,,66.5,1.1,261.0,0.75,0.75,16.0,,
2024-08-04 19:00:00,6.5,17.25,4.42,22.95,15.78,18.27,7.3,1.08,25.43,2.98,8.15,,,,,,66.75,0.68,302.5,0.25,0.25,16.0,,
2024-08-04 20:00:00,7.5,30.25,6.52,21.95,16.92,18.35,4.25,1.04,24.7,3.22,9.65,,,,,,66.5,0.32,267.75,0.0,0.0,15.75,,
2024-08-04 21:00:00,7.75,30.75,6.22,18.58,14.92,15.85,2.7,0.97,25.24,2.78,8.22,,,,,,66.5,0.38,93.25,0.0,0.0,15.0,,
2024-08-04 22:00:00,13.0,32.0,9.12,23.65,19.98,15.28,0.68,1.09,25.68,2.52,8.15,,,,,,66.25,1.18,184.75,0.0,0.0,15.0,,
2024-08-04 23:00:00,14.75,36.25,6.15,22.12,16.75,14.6,1.3,1.36,29.94,2.15,7.5,,,,,,66.75,1.48,260.0,0.0,0.0,15.0,,
2024-08-05 00:00:00,17.0,33.5,5.08,18.98,14.18,14.18,2.17,0.68,29.4,1.8,6.5,,,,,,67.75,1.23,175.5,0.0,0.0,15.0,,
2024-08-05 01:00:00,7.25,32.5,3.38,13.58,9.98,13.98,1.0,0.54,32.83,1.52,5.72,,,,,,67.5,2.9,220.0,0.0,0.0,15.0,,
2024-08-05 02:00:00,4.5,6.5,1.17,8.82,5.38,14.9,2.0,0.44,31.03,1.12,4.28,,,,,,67.0,3.05,226.0,0.0,0.0,15.0,,
2024-08-05 03:00:00,2.75,5.0,1.85,7.3,5.35,16.78,2.28,0.52,42.53,0.78,3.12,,,,,,67.0,4.62,234.75,0.25,0.25,15.5,,
2024-08-05 04:00:00,2.0,,3.6,6.35,6.35,15.12,1.3,0.48,36.95,0.52,2.05,,,,,,66.5,2.55,219.5,4.75,4.75,16.0,,
2024-08-05 05:00:00,,,3.28,7.22,6.5,12.9,,0.48,32.58,0.43,1.92,,,,,,67.75,1.12,206.5,6.0,6.0,16.0,,
2024-08-05 06:00:00,,,4.7,8.65,8.38,11.45,2.23,0.56,35.28,0.48,2.02,,,,,,69.0,0.45,197.5,2.25,2.25,16.0,,
2024-08-05 07:00:00,2.0,7.0,5.03,12.52,10.7,11.25,5.1,0.58,29.1,0.52,2.62,,,,,,69.0,0.38,297.5,1.25,1.25,17.0,,
2024-08-05 08:00:00,2.75,10.75,7.15,15.12,13.78,12.25,4.3,0.66,26.86,0.85,3.62,,,,,,68.75,0.52,194.5,0.25,0.25,39.75,,
2024-08-05 09:00:00,5.25,24.25,10.3,19.5,18.77,13.72,4.2,0.7,27.54,1.38,5.95,,,,,,69.25,0.7,107.25,0.0,0.0,87.75,,
2024-08-05 10:00:00,6.75,30.25,9.38,18.58,17.52,17.32,3.5,0.93,20.97,1.6,7.32,,,,,,68.75,0.95,141.75,0.0,0.0,147.0,,
2024-08-05 11:00:00,9.0,29.0,7.1,21.75,17.25,18.1,2.85,1.29,33.45,1.8,7.93,,,,,,68.67,0.8,77.0,0.0,0.0,239.33,,
2024-08-05 12:00:00,8.75,34.75,4.4,18.9,13.67,18.03,3.88,1.33,45.82,1.72,7.72,,,,,,68.5,1.0,160.75,0.0,0.0,232.25,,
2024-08-05 13:00:00,7.75,47.0,3.28,19.88,13.22,15.55,4.55,1.44,63.21,1.85,7.72,,,,,,68.5,1.82,209.75,0.0,0.0,251.5,,
2024-08-05 14:00:00,7.25,49.0,3.65,17.82,12.42,14.95,3.65,1.07,75.66,1.62,6.95,,,,,,68.0,2.2,232.5,0.0,0.0,233.25,,
2024-08-05 15:00:00,7.5,45.75,3.05,17.08,11.52,14.82,3.6,0.95,67.47,1.42,6.0,,,,,,68.75,1.95,256.25,0.0,0.0,171.0,,
2024-08-05 16:00:00,6.0,42.75,2.35,16.2,10.55,14.2,6.45,1.15,52.38,1.2,5.65,,,,,,68.0,2.28,255.25,0.0,0.0,110.0,,
2024-08-05 17:00:00,6.5,36.75,2.65,16.35,10.85,13.7,7.28,1.18,53.31,1.05,4.78,,,,,,68.25,1.98,257.25,0.0,0.0,62.25,,
2024-08-05 18:00:00,8.25,36.5,2.25,17.58,11.22,15.32,4.68,0.87,37.58,1.08,4.88,,,,,,68.5,2.08,308.75,0.0,0.0,17.75,,
2024-08-05 19:00:00,9.0,29.5,3.05,20.0,13.1,14.72,5.78,0.83,42.29,1.32,5.32,,,,,,68.25,2.17,308.25,0.0,0.0,15.0,,
2024-08-05 20:00:00,8.25,34.5,3.0,22.92,14.62,14.68,3.15,0.9,35.82,1.6,6.4,,,,,,68.5,2.35,244.5,0.0,0.0,15.0,,
2024-08-05 21:00:00,5.75,38.5,3.0,15.98,10.95,13.48,2.9,0.69,35.03,1.6,6.62,,,,,,68.5,1.8,186.5,0.0,0.0,15.0,,
2024-08-05 22:00:00,5.0,22.0,4.43,17.62,12.98,12.72,5.3,0.81,32.34,1.25,5.72,,,,,,69.0,0.85,149.5,0.0,0.0,15.0,,
2024-08-05 23:00:00,5.5,31.0,4.05,18.4,13.12,12.0,7.88,0.84,29.3,1.23,5.85,,,,,,69.25,1.05,153.25,0.0,0.0,15.0,,
2024-08-06 00:00:00,6.75,28.75,4.35,17.82,13.0,11.7,7.45,0.6,29.06,1.23,6.15,,,,,,69.25,1.55,152.0,0.0,0.0,15.0,,
2024-08-06 01:00:00,5.75,21.5,3.45,13.9,10.2,11.25,5.9,0.28,30.09,1.05,6.78,,,,,,69.75,1.1,128.5,0.0,0.0,15.0,,
2024-08-06 02:00:00,5.0,19.5,2.65,12.92,9.0,12.9,3.35,0.6,21.49,1.08,6.65,,,,,,69.0,1.4,153.25,0.0,0.0,15.0,,
2024-08-06 03:00:00,4.25,16.25,3.45,11.62,9.02,12.95,3.35,0.76,34.63,0.92,5.98,,,,,,69.25,0.7,123.75,0.0,0.0,15.0,,
2024-08-06 04:00:00,2.0,13.25,3.32,10.5,8.35,12.28,4.25,1.17,29.54,0.95,5.72,,,,,,69.5,1.23,148.5,0.0,0.0,15.0,,
2024-08-06 05:00:00,1.0,17.75,3.53,8.82,7.58,11.9,7.0,1.16,32.74,0.9,5.4,,,,,,68.5,1.52,196.25,0.0,0.0,15.0,,
2024-08-06 06:00:00,2.25,13.25,4.75,10.78,9.57,10.62,4.58,0.74,33.61,0.78,4.53,,,,,,69.5,0.85,223.5,0.0,0.0,30.25,,
2024-08-06 07:00:00,6.25,21.25,3.78,10.48,8.7,10.68,3.25,0.58,32.53,0.8,4.1,,,,,,70.25,1.12,171.5,0.0,0.0,117.75,,
2024-08-06 08:00:00,7.25,30.5,5.15,12.3,10.72,10.62,1.68,0.6,36.21,0.85,4.05,,,,,,69.75,1.3,181.0,0.0,0.0,272.25,,
2024-08-06 09:00:00,9.5,48.25,3.5,15.08,10.82,11.75,2.1,0.77,42.63,1.12,4.95,,,,,,69.75,1.4,193.0,0.0,0.0,319.0,,
2024-08-06 10:00:00,13.5,47.5,1.58,13.08,8.2,13.75,2.8,0.68,45.42,1.27,5.45,,,,,,69.25,1.02,178.75,0.0,0.0,356.75,,
2024-08-06 11:00:00,10.75,33.25,2.9,11.53,8.47,13.48,1.53,0.71,51.7,1.18,5.28,,,,,,69.5,1.05,217.25,0.0,0.0,474.0,,
2024-08-06 12:00:00,6.5,29.5,3.37,9.63,7.87,16.83,3.48,0.46,51.3,1.0,5.2,,,,,,68.25,1.25,269.25,0.0,0.0,485.25,,
2024-08-06 13:00:00,5.5,25.0,3.62,10.05,8.25,13.95,4.53,0.64,57.77,1.02,6.98,,,,,,67.25,1.2,254.25,0.0,0.0,460.25,,
2024-08-06 14:00:00,7.25,29.0,2.62,9.3,7.1,15.32,2.42,0.62,68.36,0.82,7.32,,,,,,67.0,1.6,267.25,0.0,0.0,394.0,,
2024-08-06 15:00:00,9.5,34.75,2.22,12.5,8.45,16.27,2.1,0.84,93.84,0.9,6.5,,,,,,66.75,2.42,218.25,0.0,0.0,201.75,,
2024-08-06 16:00:00,13.25,55.5,2.17,14.88,9.2,16.77,0.98,0.83,96.43,1.08,5.88,,,,,,66.5,2.3,219.75,0.0,0.0,150.25,,
2024-08-06 17:00:00,12.5,67.0,1.6,15.38,8.72,18.02,0.77,0.71,77.18,1.2,5.38,,,,,,66.75,2.05,257.5,0.0,0.0,43.0,,
2024-08-06 18:00:00,14.5,58.25,2.88,11.08,8.2,15.4,2.28,0.74,38.96,1.05,5.58,,,,,,66.5,1.3,293.75,0.0,0.0,15.5,,
2024-08-06 19:00:00,7.5,25.0,3.58,13.1,9.9,14.05,3.72,0.79,35.67,1.08,5.78,,,,,,66.75,2.48,188.75,0.0,0.0,15.0,,
2024-08-06 20:00:00,7.0,25.5,2.7,17.23,11.4,14.05,3.0,0.82,36.26,1.45,5.85,,,,,,66.75,2.48,250.0,0.0,0.0,15.25,,
2024-08-06 21:00:00,3.75,11.75,5.65,26.38,18.68,14.3,0.85,1.04,27.34,1.68,6.4,,,,,,67.5,0.95,159.75,0.5,0.5,16.0,,
2024-08-06 22:00:00,6.0,19.25,6.5,27.52,19.95,13.48,2.62,1.25,26.41,1.82,7.32,,,,,,68.75,0.82,222.25,0.0,0.0,15.75,,
2024-08-06 23:00:00,5.0,15.5,5.48,21.05,15.6,12.78,3.62,0.77,27.54,1.68,7.58,,,,,,68.5,1.35,176.25,0.0,0.0,15.0,,
2024-08-07 00:00:00,2.0,11.0,4.75,15.4,12.05,11.95,5.05,0.83,29.55,1.3,6.2,,,,,,68.0,1.55,161.5,0.0,0.0,15.0,,
2024-08-07 01:00:00,2.0,11.0,2.75,12.88,9.1,12.88,5.5,0.72,26.9,1.1,5.38,,,,,,67.5,2.05,159.25,0.0,0.0,15.0,,
2024-08-07 02:00:00,1.75,10.0,2.92,10.35,7.92,13.7,3.85,0.54,28.23,1.03,5.4,,,,,,67.75,1.98,206.75,0.0,0.0,15.0,,
2024-08-07 03:00:00,1.0,5.75,2.6,9.95,7.43,13.88,1.42,0.51,35.22,0.82,4.35,,,,,,68.0,1.25,224.75,0.0,0.0,15.0,,
2024-08-07 04:00:00,,2.75,3.15,9.93,7.82,13.1,0.73,0.45,29.16,0.72,4.1,,,,,,69.5,0.95,324.75,0.0,0.0,15.0,,
2024-08-07 05:00:00,1.0,5.75,4.7,10.38,9.32,12.3,1.07,0.42,29.84,0.78,4.15,,,,,,69.5,0.78,137.0,0.0,0.0,15.0,,
2024-08-07 06:00:00,1.5,10.0,5.4,14.85,12.25,11.02,3.2,0.44,29.84,0.75,4.08,,,,,,69.25,2.17,226.75,0.0,0.0,17.0,,
2024-08-07 07:00:00,3.75,18.0,7.15,17.82,15.28,11.62,5.42,0.93,26.22,1.02,4.53,,,,,,69.75,1.3,154.5,0.0,0.0,41.25,,
2024-08-07 08:00:00,6.0,24.25,9.05,18.4,17.15,11.65,4.8,1.08,25.82,1.25,5.05,,,,,,69.75,1.25,181.5,0.0,0.0,85.25,,
2024-08-07 09:00:00,6.25,30.5,8.82,18.75,17.12,13.4,4.58,1.15,24.45,1.6,6.52,,,,,,68.25,0.85,239.0,0.0,0.0,142.25,,
2024-08-07 10:00:00,7.5,47.0,7.28,17.18,15.05,14.25,3.97,0.9,25.14,1.72,7.18,,,,,,68.75,1.1,261.25,0.0,0.0,189.5,,
2024-08-07 11:00:00,8.75,45.5,6.7,15.67,13.77,14.03,2.17,0.81,31.31,1.48,6.78,,,,,,68.5,0.98,209.5,0.0,0.0,193.75,,
2024-08-07 12:00:00,8.75,43.25,5.47,12.47,11.07,16.27,1.7,0.8,35.18,1.23,8.4,,,,,,69.5,0.95,215.25,0.0,0.0,208.25,,
2024-08-07 13:00:00,11.0,46.5,4.95,12.2,10.52,13.28,0.5,0.76,42.14,1.12,9.48,,,,,,69.0,0.95,207.75,0.0,0.0,203.25,,
2024-08-07 14:00:00,9.75,33.75,3.45,10.6,8.45,12.35,1.3,0.7,44.24,1.0,8.88,,,,,,70.0,0.8,206.75,0.0,0.0,205.0,,
2024-08-07 15:00:00,6.5,30.25,3.2,9.78,7.8,12.02,1.85,0.74,41.4,1.0,9.45,,,,,,68.75,0.92,224.25,0.0,0.0,159.25,,
2024-08-07 16:00:00,7.75,40.5,2.88,10.1,7.72,11.62,6.35,0.7,43.02,1.03,10.25,,,,,,68.5,0.95,305.5,0.0,0.0,127.75,,
2024-08-07 17:00:00,9.25,43.5,2.05,15.1,9.75,13.58,7.92,0.66,37.24,1.0,9.55,,,,,,67.75,0.88,270.0,0.0,0.0,54.5,,
2024-08-07 18:00:00,17.0,54.75,3.2,18.75,12.58,14.5,3.8,0.87,45.76,1.45,10.07,,,,,,68.0,1.15,224.0,0.0,0.0,17.75,,
2024-08-07 19:00:00,19.0,79.25,2.62,20.95,13.25,15.02,2.3,1.05,53.6,2.3,9.02,,,,,,68.0,0.8,227.75,0.0,0.0,15.0,,
2024-08-07 20:00:00,16.25,84.75,2.92,22.28,14.25,14.58,2.35,1.01,53.26,2.08,9.82,,,,,,68.75,0.72,202.0,0.0,0.0,15.0,,
2024-08-07 21:00:00,17.25,60.0,4.15,19.3,13.62,13.82,3.88,1.04,53.41,1.88,9.0,,,,,,68.5,0.72,193.75,0.0,0.0,15.0,,
2024-08-07 22:00:00,15.75,49.25,3.03,19.12,12.58,12.58,3.4,0.84,49.59,1.68,8.32,,,,,,69.75,0.72,242.25,0.0,0.0,15.0,,
2024-08-07 23:00:00,9.75,45.75,2.5,24.65,15.15,12.65,2.98,0.49,42.44,1.55,7.38,,,,,,69.0,0.75,280.25,0.0,0.0,15.0,,
2024-08-08 00:00:00,12.0,47.25,2.45,21.48,13.45,12.6,2.38,0.91,42.63,1.4,6.82,,,,,,68.75,1.0,274.5,0.0,0.0,15.0,,
2024-08-08 01:00:00,10.75,36.5,1.75,19.4,11.72,12.62,2.42,0.76,26.95,1.32,6.78,,,,,,68.5,1.68,210.5,0.0,0.0,15.0,,
2024-08-08 02:00:00,6.0,31.75,2.85,16.82,11.28,12.18,2.95,0.71,26.33,1.25,6.42,,,,,,68.75,2.0,299.25,0.75,0.75,15.75,,
2024-08-08 03:00:00,3.5,13.75,3.52,14.35,10.45,13.52,3.35,0.69,31.42,1.6,6.58,,,,,,68.5,2.08,261.25,0.0,0.0,15.0,,
2024-08-08 04:00:00,5.25,14.25,2.95,11.25,8.43,11.75,2.82,0.64,28.91,1.03,5.0,,,,,,69.0,1.92,193.25,0.0,0.0,15.0,,
2024-08-08 05:00:00,6.25,9.5,4.53,9.55,8.75,10.45,1.78,0.66,32.04,0.82,4.7,,,,,,69.0,1.25,137.75,0.25,0.25,15.25,,
2024-08-08 06:00:00,7.5,13.25,5.45,12.65,11.15,9.82,3.15,0.56,27.68,0.75,4.4,,,,,,68.5,1.48,170.5,0.0,0.0,18.25,,
2024-08-08 07:00:00,8.5,20.5,7.75,18.15,15.92,11.05,3.75,0.72,27.78,0.95,4.9,,,,,,70.5,1.2,144.5,0.0,0.0,44.25,,
2024-08-08 08:00:00,7.25,25.25,9.6,18.8,17.8,11.85,3.88,0.8,31.75,1.18,5.75,,,,,,69.75,1.65,185.0,0.0,0.0,126.5,,
2024-08-08 09:00:00,8.25,35.25,6.05,21.78,16.5,15.12,2.42,0.79,19.4,1.55,6.6,,,,,,68.75,1.65,192.25,0.0,0.0,216.75,,
2024-08-08 10:00:00,8.5,36.75,2.85,19.9,12.98,23.35,4.27,0.75,27.78,1.72,7.38,,,,,,65.75,1.6,228.75,0.0,0.0,368.0,,
2024-08-08 11:00:00,6.75,38.0,3.63,17.93,12.47,28.73,6.55,0.74,31.66,1.68,7.32,,,,,,64.25,1.7,260.75,0.0,0.0,469.25,,
2024-08-08 12:00:00,6.5,35.0,,15.8,11.1,37.47,6.0,0.73,34.35,1.48,8.5,,,,,,64.0,1.58,261.5,0.0,0.0,413.5,,
2024-08-08 13:00:00,7.75,29.0,,15.15,11.65,31.38,,0.85,36.11,1.25,8.62,,,,,,63.75,1.2,225.0,0.0,0.0,396.0,,
2024-08-08 14:00:00,7.0,29.0,,14.3,10.9,30.9,,0.94,37.44,1.15,8.05,,,,,,64.5,1.35,242.5,0.0,0.0,360.5,,
2024-08-08 15:00:00,,,,,,,,,,,,,,,,,,,,,0.0,,,
2024-08-08 16:00:00,,,,,,,47.9,,23.72,,,,,,,,67.0,1.3,201.0,0.0,0.0,129.0,,
2024-08-08 17:00:00,7.0,53.0,3.17,21.07,13.7,18.33,82.12,0.8,33.22,1.15,7.25,,,,,,66.0,1.8,226.5,0.0,0.0,63.25,,
2024-08-08 18:00:00,6.75,53.75,3.2,17.8,12.1,16.32,14.88,0.43,40.38,1.4,7.58,,,,,,66.5,2.25,278.75,0.0,0.0,28.25,,
2024-08-08 19:00:00,6.5,53.25,3.55,19.6,13.3,15.28,3.92,0.18,32.64,1.32,6.85,,,,,,67.0,2.82,311.0,0.0,0.0,15.0,,
2024-08-08 20:00:00,8.25,46.75,5.35,20.82,15.4,14.55,2.22,0.85,29.99,1.35,6.3,,,,,,67.0,2.75,240.75,0.0,0.0,15.0,,
2024-08-08 21:00:00,9.75,51.0,4.7,20.62,14.8,13.9,1.98,0.89,25.92,1.52,6.75,,,,,,67.5,1.9,209.25,0.0,0.0,15.0,,
2024-08-08 22:00:00,11.75,49.75,5.45,19.27,14.65,12.8,1.3,0.97,23.67,1.5,6.78,,,,,,67.25,1.3,163.5,0.0,0.0,15.0,,
2024-08-08 23:00:00,9.5,54.5,5.78,18.82,14.7,12.55,1.35,0.98,24.5,1.45,6.82,,,,,,68.0,1.52,151.0,0.0,0.0,15.0,,
2024-08-09 00:00:00,5.0,44.75,3.35,15.88,11.18,14.3,2.95,0.69,22.54,1.45,6.85,,,,,,67.0,1.85,190.5,0.0,0.0,15.0,,
2024-08-09 01:00:00,5.0,20.5,4.6,16.25,12.38,13.38,3.92,0.74,25.53,1.27,5.95,,,,,,67.0,2.2,208.5,0.0,0.0,15.0,,
2024-08-09 02:00:00,5.0,19.5,3.8,14.5,10.8,13.7,3.55,0.58,28.09,1.05,5.22,,,,,,67.25,2.45,215.0,0.0,0.0,15.0,,
2024-08-09 03:00:00,4.25,10.75,3.28,9.38,7.6,13.65,2.1,0.5,36.06,0.8,4.35,,,,,,68.5,2.62,203.75,0.0,0.0,15.0,,
2024-08-09 04:00:00,2.75,7.0,4.68,7.85,7.92,11.35,0.55,0.55,33.61,0.57,3.48,,,,,,67.25,2.62,192.25,0.0,0.0,15.0,,
2024-08-09 05:00:00,4.25,8.5,3.65,7.6,7.0,10.5,,0.42,27.58,0.5,3.18,,,,,,68.25,2.45,196.5,0.0,0.0,15.0,,
2024-08-09 06:00:00,2.25,14.25,3.35,9.88,8.02,10.38,1.62,0.65,26.36,0.57,3.42,,,,,,68.75,2.1,208.25,0.0,0.0,47.25,,
2024-08-09 07:00:00,4.25,20.75,4.7,9.35,8.8,11.3,4.15,0.62,25.58,0.7,4.0,,,,,,69.25,1.58,232.0,0.0,0.0,151.5,,
2024-08-09 08:00:00,8.0,33.0,5.3,10.4,9.85,12.6,4.15,0.71,23.86,0.98,4.58,,,,,,68.0,1.45,269.75,0.0,0.0,263.5,,
2024-08-09 09:00:00,7.75,43.25,5.5,11.65,10.68,12.38,3.35,0.67,31.7,1.23,5.68,,,,,,68.75,1.45,234.75,0.0,0.0,365.75,,
2024-08-09 10:00:00,7.0,38.0,3.5,11.5,9.03,13.3,2.1,0.71,39.14,1.13,5.5,,,,,,68.33,1.3,249.33,0.0,0.0,434.33,,
2024-08-09 11:00:00,9.5,41.25,2.9,8.37,6.77,13.9,0.3,0.64,47.43,1.1,5.9,,,,,,68.25,1.88,305.0,0.0,0.0,469.0,,
2024-08-09 12:00:00,11.25,52.75,2.27,11.67,8.0,17.97,1.05,0.59,59.63,1.0,5.03,,,,,,67.5,1.78,286.75,0.0,0.0,469.25,,
2024-08-09 13:00:00,11.75,64.25,2.33,12.0,8.3,14.85,0.97,0.34,55.52,1.03,4.9,,,,,,66.75,2.17,273.25,0.0,0.0,417.0,,
2024-08-09 14:00:00,10.0,56.0,3.2,12.6,9.25,14.7,0.92,0.48,47.73,0.98,4.72,,,,,,66.75,2.12,230.25,0.0,0.0,117.0,,
2024-08-09 15:00:00,7.25,53.0,4.05,10.8,9.02,13.9,2.75,0.58,49.44,0.88,5.8,,,,,,66.5,2.3,229.0,0.0,0.0,219.0,,
2024-08-09 16:00:00,7.5,44.25,3.9,11.08,9.07,14.85,2.8,0.64,48.36,0.72,5.92,,,,,,66.0,1.68,205.5,0.0,0.0,43.75,,
2024-08-09 17:00:00,6.75,43.75,2.8,15.48,10.52,14.75,2.5,0.87,37.63,0.82,6.65,,,,,,66.5,1.58,229.25,3.25,3.25,15.75,,
2024-08-09 18:00:00,8.25,34.75,4.1,15.38,11.5,12.6,3.72,1.14,28.81,0.9,6.75,,,,,,66.5,1.18,290.5,1.0,1.0,16.0,,
2024-08-09 19:00:00,5.25,27.0,7.05,24.28,18.62,14.32,4.47,1.31,23.86,1.38,7.48,,,,,,67.25,1.12,238.75,0.0,0.0,15.0,,
2024-08-09 20:00:00,4.25,54.75,12.5,27.78,24.95,16.18,7.12,1.52,23.76,2.02,9.62,,,,,,66.75,1.52,272.5,0.0,0.0,15.0,,
2024-08-09 21:00:00,8.25,60.0,14.0,29.9,27.28,16.38,7.42,1.51,25.14,1.95,9.05,,,,,,67.5,1.65,315.0,0.0,0.0,15.0,,
2024-08-09 22:00:00,8.75,41.75,9.28,26.68,21.72,15.88,6.2,1.36,29.89,1.62,7.5,,,,,,66.75,2.05,273.25,0.0,0.0,15.0,,
2024-08-09 23:00:00,8.25,41.0,3.68,23.28,15.3,15.55,5.45,1.12,30.43,1.5,6.85,,,,,,67.5,1.98,214.5,0.0,0.0,15.25,,
2024-08-10 00:00:00,8.25,37.0,1.25,15.75,9.38,20.12,6.5,0.77,27.78,1.6,7.25,,,,,,65.5,2.28,181.75,0.0,0.0,16.0,,
2024-08-10 01:00:00,4.75,19.5,4.72,11.35,9.9,17.98,5.03,0.7,27.68,1.25,6.38,,,,,,66.0,1.75,161.0,0.0,0.0,15.0,,
2024-08-10 02:00:00,1.25,4.0,3.1,10.52,8.08,13.1,6.9,0.5,28.88,0.98,5.6,,,,,,66.25,1.78,181.0,0.0,0.0,15.0,,
2024-08-10 03:00:00,1.75,7.5,3.47,10.62,8.48,12.68,7.48,0.42,31.16,0.88,5.12,,,,,,68.25,0.88,164.75,0.0,0.0,15.0,,
2024-08-10 04:00:00,1.25,9.5,4.9,10.1,9.4,11.15,5.95,0.5,31.41,0.8,4.82,,,,,,67.5,1.42,139.0,0.0,0.0,15.0,,
2024-08-10 05:00:00,3.25,12.5,4.2,10.95,9.22,10.3,5.45,0.61,28.52,0.72,4.18,,,,,,68.75,1.12,192.75,0.0,0.0,15.0,,
2024-08-10 06:00:00,6.5,15.5,4.43,9.65,8.7,10.22,3.65,0.66,29.79,0.75,4.2,,,,,,68.75,1.27,220.5,0.0,0.0,43.25,,
2024-08-10 07:00:00,5.75,14.5,4.22,9.65,8.55,10.38,2.53,0.68,28.86,0.8,3.95,,,,,,68.75,1.23,243.0,0.0,0.0,61.5,,
2024-08-10 08:00:00,7.75,22.75,4.4,9.77,8.75,12.9,1.9,0.63,24.84,0.9,4.28,,,,,,68.25,1.05,323.75,1.25,1.25,98.75,,
2024-08-10 09:00:00,7.5,20.5,6.38,12.0,11.55,14.18,1.33,0.74,29.55,1.27,5.78,,,,,,68.75,0.95,304.75,0.0,0.0,321.0,,
2024-08-10 10:00:00,8.25,34.0,4.62,10.48,9.32,15.15,1.13,0.72,35.03,1.25,6.02,,,,,,68.75,1.45,308.75,0.0,0.0,387.75,,
2024-08-10 11:00:00,6.75,38.0,3.8,11.2,9.0,15.28,3.87,0.66,39.59,1.1,5.98,,,,,,68.25,2.17,307.0,0.0,0.0,368.5,,
2024-08-10 12:00:00,8.75,38.25,3.57,11.1,8.83,18.57,4.2,0.7,50.86,0.9,4.08,,,,,,67.5,1.62,281.5,0.0,0.0,287.5,,
2024-08-10 13:00:00,7.75,38.25,3.55,11.42,8.95,15.28,7.57,0.72,54.59,0.88,3.9,,,,,,67.75,1.9,221.75,0.0,0.0,332.5,,
2024-08-10 14:00:00,9.25,40.75,2.65,12.78,8.95,15.68,5.35,0.72,61.1,0.9,3.92,,,,,,67.25,1.8,223.25,0.0,0.0,392.0,,
2024-08-10 15:00:00,15.25,54.5,2.25,15.42,10.0,16.58,3.22,0.74,68.26,0.9,3.9,,,,,,66.75,2.08,224.0,0.0,0.0,257.75,,
2024-08-10 16:00:00,11.75,53.5,1.78,14.4,9.12,18.73,3.28,0.6,68.84,1.05,4.4,,,,,,66.25,1.82,221.5,0.0,0.0,167.0,,
2024-08-10 17:00:00,9.25,55.25,2.55,16.65,10.95,17.3,2.02,0.55,66.64,1.1,5.05,,,,,,66.75,1.9,254.0,0.0,0.0,67.25,,
2024-08-10 18:00:00,13.0,56.75,2.28,20.03,12.5,16.88,3.2,0.62,66.34,1.08,5.22,,,,,,67.25,1.75,278.0,0.0,0.0,15.25,,
2024-08-10 19:00:00,14.0,60.25,3.1,22.5,14.48,16.15,4.65,0.72,56.69,1.25,5.42,,,,,,67.25,1.55,288.5,0.0,0.0,15.0,,
2024-08-10 20:00:00,17.5,68.25,3.2,24.9,15.85,15.3,4.12,0.94,47.72,1.45,5.78,,,,,,67.25,1.68,265.5,0.0,0.0,15.0,,
2024-08-10 21:00:00,17.25,81.5,2.58,29.92,18.02,15.95,4.53,1.04,36.56,1.68,6.78,,,,,,68.0,1.32,278.25,0.0,0.0,15.0,,
2024-08-10 22:00:00,13.75,79.25,3.0,25.8,16.18,15.15,4.47,0.87,42.14,1.65,6.75,,,,,,67.0,1.6,278.25,0.0,0.0,15.0,,
2024-08-10 23:00:00,18.25,70.5,2.45,22.55,13.98,15.0,5.18,0.83,39.59,1.48,6.32,,,,,,67.5,1.2,235.75,0.0,0.0,15.0,,
2024-08-11 00:00:00,16.25,78.75,2.6,23.1,13.8,16.45,5.7,0.87,29.4,1.62,6.95,,,,,,67.25,1.18,290.0,0.0,0.0,15.0,,
2024-08-11 01:00:00,15.5,73.25,3.25,24.95,15.9,15.92,5.18,1.12,32.39,1.52,6.62,,,,,,67.5,1.6,287.5,0.0,0.0,15.0,,
2024-08-11 02:00:00,10.0,44.5,3.6,21.55,14.42,15.25,4.8,1.04,32.8,1.18,5.32,,,,,,67.75,1.08,243.75,0.0,0.0,15.0,,
2024-08-11 03:00:00,8.75,30.5,3.53,15.32,11.02,15.4,5.38,0.98,39.46,1.02,5.03,,,,,,68.75,1.38,177.25,0.0,0.0,15.0,,
2024-08-11 04:00:00,13.25,35.25,4.55,12.88,10.5,13.15,5.05,0.6,36.16,1.0,5.52,,,,,,67.75,3.02,208.5,0.0,0.0,15.0,,
2024-08-11 05:00:00,10.0,24.75,2.75,8.4,6.7,11.02,3.72,0.62,35.77,0.7,3.95,,,,,,67.75,3.12,206.5,0.0,0.0,15.0,,
2024-08-11 06:00:00,5.75,15.75,3.08,9.35,7.48,9.98,5.32,0.64,31.16,0.5,2.98,,,,,,68.0,2.25,192.25,0.0,0.0,41.25,,
2024-08-11 07:00:00,2.0,14.0,3.82,10.92,8.92,10.42,7.15,0.47,30.18,0.6,3.32,,,,,,68.5,1.27,198.0,0.0,0.0,146.0,,
2024-08-11 08:00:00,3.0,31.25,3.65,10.22,8.4,12.82,2.7,0.6,30.87,0.82,4.1,,,,,,68.25,1.32,290.25,0.0,0.0,265.0,,
2024-08-11 09:00:00,6.5,39.75,3.08,11.15,8.43,13.02,,0.77,41.55,1.02,4.78,,,,,,68.25,1.65,307.25,0.0,0.0,371.0,,
2024-08-11 10:00:00,8.25,45.0,2.9,10.25,7.8,14.8,1.55,0.81,43.41,1.1,4.92,,,,,,68.25,2.02,309.5,0.0,0.0,446.25,,
2024-08-11 11:00:00,9.75,46.75,2.4,10.03,7.27,15.87,3.83,0.82,56.99,0.92,4.15,,,,,,67.75,1.85,257.75,0.0,0.0,481.25,,
2024-08-11 12:00:00,12.5,54.25,3.47,12.67,9.53,21.87,2.9,0.91,56.94,0.82,3.75,,,,,,66.5,2.48,232.75,0.0,0.0,341.75,,
2024-08-11 13:00:00,13.25,56.75,2.68,11.1,8.1,16.68,2.17,0.91,65.61,0.78,3.28,,,,,,66.75,2.02,224.75,0.0,0.0,473.5,,
2024-08-11 14:00:00,10.0,43.5,2.58,9.45,7.1,16.9,5.1,0.9,63.65,0.72,2.8,,,,,,66.0,2.1,242.0,0.0,0.0,400.25,,
2024-08-11 15:00:00,8.25,44.75,1.78,9.28,6.42,17.9,5.98,0.85,59.73,0.7,2.6,,,,,,65.75,1.75,227.0,0.0,0.0,296.0,,
2024-08-11 16:00:00,11.0,49.5,2.4,10.4,7.5,17.68,4.25,0.79,56.55,0.7,2.62,,,,,,66.5,1.8,224.5,0.0,0.0,173.0,,
2024-08-11 17:00:00,9.25,46.25,3.3,11.95,9.05,17.02,4.97,0.8,56.94,0.7,2.62,,,,,,65.75,2.0,221.0,0.0,0.0,43.0,,
2024-08-11 18:00:00,13.0,63.75,2.33,13.45,9.02,16.35,2.88,0.82,55.71,0.75,2.92,,,,,,65.75,1.6,215.25,0.0,0.0,16.75,,
2024-08-11 19:00:00,11.5,48.75,3.38,15.18,10.8,15.8,3.08,0.84,54.83,0.85,3.2,,,,,,66.25,1.75,231.5,0.0,0.0,15.0,,
2024-08-11 20:00:00,8.5,42.75,3.65,14.48,10.68,15.78,1.65,0.91,55.72,0.78,2.85,,,,,,66.75,1.78,223.5,0.0,0.0,15.0,,
2024-08-11 21:00:00,12.0,45.0,3.3,12.88,9.52,15.55,0.87,0.93,55.37,0.7,2.8,,,,,,66.0,1.68,247.25,0.0,0.0,15.0,,
2024-08-11 22:00:00,9.5,42.5,2.4,11.1,7.88,15.75,0.8,0.9,55.66,0.7,2.9,,,,,,66.5,2.2,266.25,0.0,0.0,15.0,,
2024-08-11 23:00:00,10.0,33.75,2.08,8.78,6.35,17.2,0.3,0.56,55.02,0.68,2.52,,,,,,66.0,2.3,278.5,0.0,0.0,15.0,,
2024-08-12 00:00:00,6.5,27.0,2.52,9.25,6.98,16.52,3.35,0.42,53.16,0.57,2.3,,,,,,66.5,2.75,285.0,0.0,0.0,15.0,,
2024-08-12 01:00:00,4.5,18.5,2.92,7.58,6.38,15.68,4.08,0.53,56.15,0.45,1.8,,,,,,66.75,2.82,236.25,0.0,0.0,15.0,,
2024-08-12 02:00:00,3.5,17.25,2.1,6.7,5.3,14.82,17.35,0.68,47.82,0.45,1.85,,,,,,66.25,2.17,208.75,0.0,0.0,15.0,,
2024-08-12 03:00:00,4.25,8.5,3.3,6.72,6.22,14.42,2.92,0.64,46.91,0.4,1.78,,,,,,66.5,2.92,184.0,0.0,0.0,15.0,,
2024-08-12 04:00:00,2.0,7.0,3.1,6.55,5.98,12.22,3.0,0.41,42.82,0.3,1.45,,,,,,66.75,1.98,192.75,0.0,0.0,15.0,,
2024-08-12 05:00:00,,,2.28,8.82,6.58,11.4,2.48,0.31,37.0,0.3,1.5,,,,,,68.0,1.62,167.0,0.0,0.0,15.0,,
2024-08-12 06:00:00,5.0,16.0,2.85,9.48,7.35,11.42,2.65,0.46,35.23,0.4,1.78,,,,,,67.5,0.95,257.25,0.0,0.0,38.25,,
2024-08-12 07:00:00,6.0,17.0,2.9,11.38,8.4,13.38,4.35,0.44,32.73,0.52,2.38,,,,,,67.75,1.68,189.75,0.0,0.0,126.0,,
2024-08-12 08:00:00,7.5,22.25,4.03,11.98,9.6,14.38,5.5,0.58,36.31,0.78,3.1,,,,,,67.0,1.58,198.5,0.0,0.0,244.0,,
2024-08-12 09:00:00,3.0,29.0,4.58,13.55,10.92,14.08,4.82,0.76,41.74,1.1,4.38,,,,,,68.5,1.42,243.25,0.0,0.0,310.75,,
2024-08-12 10:00:00,3.0,29.25,3.58,13.68,10.2,15.18,1.93,0.8,49.15,1.08,4.55,,,,,,68.75,1.65,227.0,0.0,0.0,433.75,,
2024-08-12 11:00:00,3.0,32.0,3.23,12.8,9.33,16.17,3.17,0.87,52.19,1.05,4.58,,,,,,68.25,1.38,265.0,0.0,0.0,403.75,,
2024-08-12 12:00:00,7.33,39.33,2.35,9.6,6.95,18.45,3.8,0.69,63.11,0.9,4.23,,,,,,67.0,1.9,289.67,0.0,0.0,511.33,,
2024-08-12 13:00:00,15.0,42.75,2.33,9.2,6.75,19.2,6.4,0.64,66.44,0.72,3.42,,,,,,66.5,2.0,281.5,0.0,0.0,458.25,,
2024-08-12 14:00:00,16.5,58.75,2.7,13.5,9.38,22.02,6.62,0.69,78.99,0.88,3.7,,,,,,65.0,2.38,244.0,0.0,0.0,402.0,,
2024-08-12 15:00:00,25.25,97.0,2.15,13.82,9.12,24.25,7.92,0.71,64.0,0.95,4.68,,,,,,64.75,2.22,220.25,0.0,0.0,305.5,,
2024-08-12 16:00:00,11.0,81.5,3.28,14.02,10.15,21.12,4.78,0.77,69.18,1.0,5.18,,,,,,65.0,2.35,216.5,0.0,0.0,195.25,,
2024-08-12 17:00:00,11.25,61.0,2.12,18.1,11.38,19.42,3.65,0.81,82.37,1.1,4.53,,,,,,65.75,2.2,217.75,0.0,0.0,68.75,,
2024-08-12 18:00:00,12.5,61.5,2.45,18.32,11.72,18.18,5.75,0.89,96.28,1.48,4.82,,,,,,66.0,2.4,237.75,0.0,0.0,18.75,,
2024-08-12 19:00:00,14.0,66.0,3.92,13.5,10.42,17.18,6.95,0.93,99.32,1.42,4.6,,,,,,64.75,2.7,263.75,0.0,0.0,15.0,,
2024-08-12 20:00:00,13.75,46.0,2.72,14.9,10.18,16.65,4.4,0.8,84.48,1.1,3.65,,,,,,66.25,2.52,296.75,0.0,0.0,15.0,,
2024-08-12 21:00:00,13.0,36.0,2.28,14.12,9.32,16.35,3.92,0.57,69.72,1.05,3.58,,,,,,67.0,2.45,278.0,0.0,0.0,15.0,,
2024-08-12 22:00:00,11.5,24.0,1.95,12.6,8.27,15.95,2.35,0.28,55.91,0.9,3.28,,,,,,65.75,2.92,286.5,0.0,0.0,15.0,,
2024-08-12 23:00:00,6.75,22.0,1.23,10.95,6.78,17.65,0.67,0.36,45.47,0.78,2.85,,,,,,66.0,2.78,293.0,0.0,0.0,15.0,,
2024-08-13 00:00:00,7.25,16.0,2.12,9.2,6.62,15.25,,0.4,46.4,0.62,2.4,,,,,,65.75,2.52,313.5,0.0,0.0,15.0,,
2024-08-13 01:00:00,9.75,14.75,3.0,8.65,7.05,14.48,,0.65,45.77,0.6,2.32,,,,,,67.0,2.25,297.0,0.0,0.0,15.0,,
2024-08-13 02:00:00,4.75,11.75,2.68,8.32,6.58,13.82,1.33,0.79,44.75,0.5,2.25,,,,,,66.75,1.8,257.5,0.0,0.0,15.0,,
2024-08-13 03:00:00,2.25,14.5,3.22,8.88,7.35,13.85,1.78,0.65,50.5,0.43,2.1,,,,,,66.25,1.48,208.75,0.0,0.0,15.0,,
2024-08-13 04:00:00,7.25,18.0,3.68,10.0,8.32,12.8,3.55,0.56,37.29,0.45,2.62,,,,,,67.5,1.08,153.75,0.0,0.0,15.0,,
2024-08-13 05:00:00,11.0,25.25,3.38,10.62,8.4,12.78,5.03,0.57,34.45,0.55,3.0,,,,,,67.25,0.82,96.0,0.0,0.0,15.0,,
2024-08-13 06:00:00,11.0,33.0,3.8,13.82,10.4,13.22,2.88,0.65,32.05,0.7,3.62,,,,,,68.0,0.75,174.25,0.0,0.0,44.25,,
2024-08-13 07:00:00,11.0,44.0,4.15,14.52,11.08,16.15,2.75,0.57,28.22,1.02,4.82,,,,,,67.75,1.3,177.5,0.0,0.0,104.25,,
2024-08-13 08:00:00,13.0,42.25,3.45,14.65,10.58,14.9,6.48,0.62,38.56,1.1,4.78,,,,,,66.5,2.02,212.25,0.0,0.0,232.0,,
2024-08-13 09:00:00,18.75,48.75,3.18,13.4,9.72,15.35,7.88,0.69,48.41,1.18,5.03,,,,,,66.0,2.0,186.5,0.0,0.0,273.25,,
2024-08-13 10:00:00,15.5,59.25,2.05,15.85,10.1,15.95,6.7,0.79,55.42,1.23,5.12,,,,,,66.75,1.6,193.75,0.0,0.0,232.5,,
2024-08-13 11:00:00,7.75,61.5,3.87,14.27,10.73,17.32,7.43,0.8,62.43,1.18,4.78,,,,,,66.0,2.9,258.25,0.0,0.0,440.75,,
2024-08-13 12:00:00,9.25,44.5,2.5,10.53,7.6,20.57,4.92,0.69,51.89,0.92,3.5,,,,,,65.25,3.6,264.5,0.0,0.0,522.5,,
2024-08-13 13:00:00,12.25,34.25,2.4,8.88,6.68,18.12,3.52,0.6,47.87,0.7,2.72,,,,,,65.25,3.42,244.75,0.0,0.0,478.5,,
2024-08-13 14:00:00,1.5,37.5,3.12,8.62,7.15,18.5,3.92,0.55,41.75,0.7,2.82,,,,,,65.25,3.35,243.75,0.0,0.0,411.25,,
2024-08-13 15:00:00,3.75,43.75,2.03,7.55,5.12,20.52,2.55,0.5,38.62,0.7,4.38,,,,,,64.75,3.55,250.5,0.0,0.0,316.75,,
2024-08-13 16:00:00,8.0,38.33,2.13,8.07,6.03,18.23,2.27,0.52,40.18,0.65,4.97,,,,,,64.67,3.57,266.33,0.0,0.0,208.0,,
2024-08-13 17:00:00,12.0,36.75,3.08,8.98,7.22,17.88,1.62,0.54,41.36,0.7,3.32,,,,,,64.75,3.1,260.25,0.0,0.0,60.25,,
2024-08-13 18:00:00,10.75,40.0,3.9,9.3,8.07,16.18,5.38,0.6,34.84,0.85,3.28,,,,,,64.75,2.95,274.5,0.0,0.0,17.25,,
2024-08-13 19:00:00,8.25,29.5,4.65,9.57,8.9,15.52,8.7,0.64,34.84,0.85,2.85,,,,,,64.25,3.18,291.25,0.0,0.0,15.0,,
2024-08-13 20:00:00,11.25,18.25,2.68,10.92,7.98,15.2,4.78,0.62,31.26,0.7,2.68,,,,,,65.25,3.3,286.5,0.0,0.0,15.0,,
2024-08-13 21:00:00,8.5,24.75,3.42,11.68,8.95,15.35,1.58,0.66,28.91,0.7,2.9,,,,,,65.75,3.05,296.5,0.0,0.0,15.0,,
2024-08-13 22:00:00,6.5,23.0,2.45,12.82,8.78,15.92,3.68,0.58,27.15,0.65,2.68,,,,,,66.0,3.38,294.5,0.0,0.0,15.0,,
2024-08-13 23:00:00,5.0,18.25,2.72,8.32,6.62,16.45,4.2,0.5,24.45,0.5,2.17,,,,,,65.25,2.9,298.0,0.0,0.0,15.0,,
2024-08-14 00:00:00,6.0,13.0,3.42,8.65,7.38,14.23,2.25,0.51,27.74,0.4,1.7,,,,,,66.5,1.98,293.5,0.0,0.0,15.0,,
2024-08-14 01:00:00,8.5,12.5,3.65,10.15,8.38,13.92,1.9,0.49,26.66,0.38,1.62,,,,,,66.25,2.22,294.5,0.0,0.0,15.0,,
2024-08-14 02:00:00,6.0,10.0,3.6,9.22,7.8,13.42,3.08,0.48,28.22,0.3,1.38,,,,,,66.75,1.82,312.5,0.0,0.0,15.0,,
2024-08-14 03:00:00,2.5,6.0,5.18,7.72,8.35,12.55,3.08,0.48,35.41,0.25,1.12,,,,,,67.0,1.9,293.25,0.0,0.0,15.0,,
2024-08-14 04:00:00,1.0,3.75,3.3,6.95,6.38,11.15,2.02,0.45,30.33,0.22,1.2,,,,,,67.25,1.48,249.25,0.0,0.0,15.0,,
2024-08-14 05:00:00,1.25,8.0,4.58,9.45,8.75,10.88,1.85,0.48,26.76,0.3,1.38,,,,,,68.25,0.92,263.75,0.0,0.0,15.0,,
2024-08-14 06:00:00,1.75,16.25,4.65,11.75,9.98,12.52,0.65,0.42,24.7,0.38,1.95,,,,,,68.0,0.88,283.25,0.0,0.0,50.0,,
2024-08-14 07:00:00,2.0,22.75,5.75,10.35,10.15,14.25,0.5,0.56,22.84,0.57,2.72,,,,,,67.0,1.12,200.0,0.0,0.0,188.5,,
2024-08-14 08:00:00,5.25,22.0,6.12,9.15,9.85,14.05,2.53,0.59,26.85,0.65,2.8,,,,,,67.0,1.48,242.0,0.0,0.0,324.75,,
2024-08-14 09:00:00,6.5,23.75,4.72,9.62,8.98,13.92,3.8,0.62,32.93,0.7,2.72,,,,,,67.25,1.55,215.0,0.0,0.0,400.5,,
2024-08-14 10:00:00,7.75,36.5,5.32,10.78,10.02,14.95,3.77,0.63,31.9,0.8,3.18,,,,,,66.5,2.4,224.5,0.0,0.0,485.75,,
2024-08-14 11:00:00,6.0,49.75,6.17,9.37,10.07,16.7,7.17,0.62,33.42,0.6,2.8,,,,,,66.0,2.42,223.25,0.0,0.0,515.5,,
2024-08-14 12:00:00,2.5,23.25,5.83,8.53,9.27,18.8,3.35,0.6,29.89,0.5,2.72,,,,,,66.0,2.95,216.75,0.0,0.0,514.25,,
2024-08-14 13:00:00,1.0,24.5,4.55,9.1,8.55,18.7,2.05,0.51,28.27,0.5,3.0,,,,,,64.75,2.7,222.0,0.0,0.0,489.0,,
2024-08-14 14:00:00,3.0,15.75,3.35,9.22,7.62,20.42,1.7,0.45,26.12,0.45,2.62,,,,,,64.25,2.9,223.75,0.0,0.0,428.75,,
2024-08-14 15:00:00,4.25,13.5,3.28,7.32,6.58,19.7,0.3,0.47,27.34,0.48,2.45,,,,,,64.5,2.92,227.0,0.0,0.0,341.0,,
2024-08-14 16:00:00,7.25,18.0,3.48,7.95,7.08,17.92,4.65,0.46,29.84,0.48,2.45,,,,,,64.75,2.7,218.5,0.0,0.0,224.25,,
2024-08-14 17:00:00,5.25,24.75,4.27,7.48,7.42,17.6,6.48,0.46,29.89,0.45,4.15,,,,,,65.0,2.65,221.75,0.0,0.0,51.0,,
2024-08-14 18:00:00,5.75,40.75,5.08,8.15,8.5,16.02,4.12,0.51,28.17,0.55,4.55,,,,,,65.0,2.5,229.5,0.0,0.0,15.5,,
2024-08-14 19:00:00,5.25,26.0,4.92,10.48,9.6,15.58,3.92,0.55,28.66,0.6,3.68,,,,,,64.25,2.7,232.5,0.0,0.0,15.0,,
2024-08-14 20:00:00,5.75,17.25,4.58,9.72,8.88,15.55,5.0,0.55,25.24,0.6,3.08,,,,,,65.0,2.5,230.25,0.0,0.0,15.0,,
2024-08-14 21:00:00,4.25,9.0,4.88,9.85,9.2,15.32,5.75,0.56,25.24,0.52,2.65,,,,,,65.25,2.28,242.0,0.0,0.0,15.0,,
2024-08-14 22:00:00,1.75,8.25,3.62,9.72,8.1,16.25,3.78,0.52,24.94,0.52,2.58,,,,,,65.5,2.08,267.5,0.0,0.0,15.0,,
2024-08-14 23:00:00,1.0,6.0,3.95,9.38,8.2,15.8,0.95,0.5,22.83,0.57,2.58,,,,,,65.75,1.92,271.75,0.0,0.0,15.0,,
2024-08-15 00:00:00,,6.0,4.03,9.6,8.35,14.78,0.5,0.48,26.41,0.48,2.3,,,,,,65.75,2.25,271.5,0.0,0.0,15.0,,
2024-08-15 01:00:00,,6.0,4.03,9.72,8.48,13.98,1.62,0.43,26.85,0.38,1.78,,,,,,65.75,2.25,276.5,0.0,0.0,15.0,,
2024-08-15 02:00:00,,2.0,3.92,6.98,6.9,13.25,5.12,0.44,29.46,0.3,1.48,,,,,,65.75,2.3,268.25,0.0,0.0,15.0,,
2024-08-15 03:00:00,,2.0,3.92,7.1,6.95,13.45,6.1,0.47,36.0,0.28,1.23,,,,,,66.75,1.95,252.0,0.0,0.0,15.0,,
2024-08-15 04:00:00,3.0,6.0,3.72,9.1,7.88,11.68,3.93,0.41,29.79,0.3,1.5,,,,,,66.5,1.15,168.75,0.0,0.0,15.0,,
2024-08-15 05:00:00,3.0,7.25,3.85,11.9,9.43,12.18,1.2,0.44,27.39,0.4,1.82,,,,,,66.5,1.65,181.0,0.0,0.0,15.0,,
2024-08-15 06:00:00,4.25,13.0,3.9,11.95,9.55,14.12,0.97,0.45,25.33,0.48,2.33,,,,,,67.25,1.08,152.0,0.0,0.0,40.75,,
2024-08-15 07:00:00,7.5,21.25,4.58,10.92,9.52,14.92,,0.42,26.66,0.68,3.1,,,,,,67.25,1.23,140.75,0.0,0.0,113.25,,
2024-08-15 08:00:00,6.5,25.0,4.22,12.05,9.9,14.68,1.42,0.21,32.39,0.82,3.52,,,,,,66.5,2.25,252.5,0.0,0.0,147.5,,
2024-08-15 09:00:00,7.25,19.0,3.42,12.1,9.2,14.28,1.83,0.35,35.92,0.88,3.65,,,,,,67.0,2.08,236.75,0.0,0.0,299.25,,
2024-08-15 10:00:00,4.25,29.75,4.28,10.05,8.88,15.28,5.13,0.67,43.12,0.9,3.38,,,,,,67.75,2.38,231.25,0.0,0.0,412.25,,
2024-08-15 11:00:00,3.75,36.5,3.1,9.7,7.77,16.87,7.27,0.73,43.32,0.8,3.0,,,,,,66.25,3.78,262.25,0.0,0.0,499.75,,
2024-08-15 12:00:00,8.25,37.0,2.2,8.33,6.17,19.43,6.62,0.74,38.9,0.6,2.22,,,,,,65.5,4.32,271.0,0.0,0.0,517.0,,
2024-08-15 13:00:00,6.25,23.25,3.18,7.08,6.35,17.42,7.1,0.58,37.14,0.52,1.72,,,,,,65.5,4.28,248.25,0.0,0.0,490.75,,
2024-08-15 14:00:00,6.0,17.75,2.08,6.98,5.32,19.3,6.0,0.56,32.04,0.48,1.6,,,,,,65.25,4.08,254.0,0.0,0.0,407.25,,
2024-08-15 15:00:00,2.5,19.75,2.65,6.92,5.85,18.02,4.2,0.48,32.0,0.5,1.98,,,,,,65.75,3.82,257.75,0.0,0.0,311.5,,
2024-08-15 16:00:00,1.25,24.5,2.65,7.68,6.22,16.92,3.48,0.46,34.06,0.48,1.65,,,,,,65.25,4.22,272.5,0.0,0.0,201.0,,
2024-08-15 17:00:00,2.0,14.5,2.5,6.85,5.7,15.78,0.98,0.44,35.42,0.4,1.45,,,,,,65.25,4.72,290.5,0.0,0.0,66.5,,
2024-08-15 18:00:00,3.0,17.0,3.3,8.5,7.22,15.58,4.28,0.44,37.88,0.45,1.6,,,,,,65.0,3.98,283.0,0.0,0.0,17.25,,
2024-08-15 19:00:00,5.75,20.5,3.65,10.2,8.38,16.35,5.68,0.54,34.2,0.5,1.85,,,,,,64.5,3.28,287.25,0.0,0.0,15.0,,
2024-08-15 20:00:00,4.5,20.5,2.85,10.72,8.0,15.98,4.85,0.59,32.24,0.52,1.95,,,,,,65.25,3.18,303.0,0.0,0.0,15.0,,
2024-08-15 21:00:00,3.0,15.25,2.45,10.72,7.65,15.92,5.03,0.59,31.06,0.5,2.02,,,,,,65.25,2.92,282.0,0.0,0.0,15.0,,
2024-08-15 22:00:00,2.75,13.0,1.55,9.82,6.48,16.92,4.6,0.53,27.3,0.52,2.17,,,,,,65.5,3.1,291.5,0.0,0.0,15.0,,
2024-08-15 23:00:00,2.0,12.0,2.2,7.55,5.82,15.52,2.75,0.5,32.05,0.48,1.88,,,,,,65.5,3.18,301.75,0.0,0.0,15.0,,
2024-08-16 00:00:00,6.0,9.5,3.15,5.6,5.58,14.28,2.38,0.52,34.6,0.4,1.6,,,,,,66.25,3.02,288.5,0.0,0.0,15.0,,
2024-08-16 01:00:00,6.0,10.5,2.82,4.85,4.88,13.48,3.52,0.56,35.48,0.32,1.27,,,,,,66.0,2.8,249.5,0.0,0.0,15.0,,
2024-08-16 02:00:00,6.0,9.5,3.53,5.12,5.58,13.18,2.6,0.5,40.11,0.28,1.15,,,,,,66.25,2.33,238.0,0.0,0.0,15.0,,
2024-08-16 03:00:00,5.75,14.0,2.38,6.92,5.62,14.2,0.88,0.52,43.32,0.25,1.12,,,,,,67.0,2.5,254.0,0.0,0.0,15.0,,
2024-08-16 04:00:00,5.0,21.5,2.5,5.18,4.8,13.15,1.3,0.52,37.34,0.2,0.98,,,,,,66.25,2.75,259.25,0.0,0.0,15.0,,
2024-08-16 05:00:00,5.0,16.0,2.92,6.48,5.82,13.05,1.9,0.53,32.73,0.2,0.9,,,,,,66.75,2.48,228.5,0.0,0.0,15.0,,
2024-08-16 06:00:00,5.0,14.75,2.42,9.55,7.05,15.3,1.7,0.5,24.11,0.35,1.32,,,,,,65.5,2.72,213.75,0.0,0.0,47.0,,
2024-08-16 07:00:00,6.0,21.25,4.2,9.8,8.57,14.6,,0.54,27.78,0.52,2.02,,,,,,67.25,3.0,211.75,0.0,0.0,149.5,,
2024-08-16 08:00:00,8.75,27.0,4.38,10.62,9.2,14.55,2.7,0.65,31.51,0.75,2.48,,,,,,67.25,3.1,221.75,0.0,0.0,248.25,,
2024-08-16 09:00:00,7.5,35.0,3.08,10.2,7.95,14.25,2.82,0.76,35.62,0.85,3.0,,,,,,66.0,2.65,196.75,0.0,0.0,330.0,,
2024-08-16 10:00:00,6.5,41.75,3.92,10.25,8.62,15.22,5.23,0.76,44.93,0.9,3.08,,,,,,66.0,2.75,224.25,0.0,0.0,267.75,,
2024-08-16 11:00:00,7.5,43.5,3.07,10.67,8.17,16.5,9.33,0.61,43.12,0.88,2.98,,,,,,65.75,3.18,265.25,0.0,0.0,296.25,,
2024-08-16 12:00:00,5.75,40.5,3.3,9.47,7.7,20.13,7.75,0.45,41.5,0.72,2.88,,,,,,66.25,3.75,242.25,0.0,0.0,467.5,,
2024-08-16 13:00:00,4.25,36.0,3.05,8.4,6.9,18.32,6.95,0.36,38.37,0.65,2.52,,,,,,66.0,4.53,260.5,0.0,0.0,477.75,,
2024-08-16 14:00:00,2.25,35.75,2.1,7.1,5.5,19.98,3.02,0.45,29.94,0.55,2.0,,,,,,65.0,5.0,268.75,0.0,0.0,407.5,,
2024-08-16 15:00:00,2.75,33.25,3.42,7.08,6.55,18.15,0.37,0.57,33.32,0.5,1.78,,,,,,65.0,4.7,271.75,0.0,0.0,311.25,,
2024-08-16 16:00:00,2.0,27.25,2.78,8.02,6.55,17.27,3.33,0.58,32.83,0.48,1.95,,,,,,65.75,4.53,270.5,0.0,0.0,195.0,,
2024-08-16 17:00:00,3.25,25.0,3.4,8.1,7.05,15.9,3.85,0.52,33.91,0.43,1.65,,,,,,65.0,4.12,292.5,0.0,0.0,53.25,,
2024-08-16 18:00:00,6.5,24.75,4.22,10.2,8.9,15.48,6.12,0.64,35.13,0.5,1.85,,,,,,65.25,3.7,298.25,0.0,0.0,16.75,,
2024-08-16 19:00:00,6.5,24.25,2.9,11.05,8.28,15.95,7.28,0.61,30.87,0.62,2.05,,,,,,65.5,3.7,308.5,0.0,0.0,15.0,,
2024-08-16 20:00:00,10.25,25.0,3.22,10.48,8.2,15.12,6.02,0.57,30.33,0.68,2.3,,,,,,65.25,3.12,291.5,0.0,0.0,15.0,,
2024-08-16 21:00:00,8.0,23.75,2.68,11.82,8.48,15.3,5.58,0.68,29.84,0.68,2.45,,,,,,65.5,3.12,302.75,0.0,0.0,15.0,,
2024-08-16 22:00:00,8.0,18.0,1.1,12.48,7.52,17.0,3.52,0.59,24.5,0.68,2.55,,,,,,65.5,3.58,307.0,0.0,0.0,15.0,,
2024-08-16 23:00:00,7.75,11.0,2.65,9.4,7.15,14.62,3.2,0.48,31.21,0.5,1.9,,,,,,66.25,3.72,313.75,0.0,0.0,15.0,,
2024-08-17 00:00:00,6.5,8.0,2.65,7.32,6.1,13.65,2.42,0.47,35.23,0.35,1.23,,,,,,65.75,3.98,304.75,0.0,0.0,15.0,,
2024-08-17 01:00:00,6.0,8.0,2.9,5.4,5.22,13.3,1.9,0.51,40.13,0.3,1.0,,,,,,66.25,3.55,293.75,0.0,0.0,15.0,,
2024-08-17 02:00:00,8.5,12.0,3.2,6.22,5.85,11.92,1.95,0.52,42.73,0.22,0.82,,,,,,66.25,2.65,277.75,0.0,0.0,15.0,,
2024-08-17 03:00:00,6.0,12.0,2.72,6.68,5.8,12.35,3.05,0.54,40.7,0.22,0.92,,,,,,67.0,2.28,249.0,0.0,0.0,15.0,,
2024-08-17 04:00:00,4.0,13.75,2.88,7.35,6.2,11.25,4.65,0.54,34.2,0.25,1.08,,,,,,66.75,1.9,222.0,0.0,0.0,15.0,,
2024-08-17 05:00:00,7.25,17.25,3.12,9.88,7.78,11.72,5.7,0.5,30.14,0.32,1.3,,,,,,67.25,1.2,249.75,0.0,0.0,15.0,,
2024-08-17 06:00:00,7.5,17.25,3.05,12.68,9.25,14.02,6.22,0.47,23.18,0.52,2.15,,,,,,67.5,0.85,213.5,0.0,0.0,45.75,,
2024-08-17 07:00:00,6.5,36.0,5.12,13.35,11.25,13.55,5.58,0.52,28.42,0.7,2.72,,,,,,67.75,0.72,102.5,0.0,0.0,121.25,,
2024-08-17 08:00:00,8.0,45.5,4.98,14.65,11.85,13.58,3.42,0.62,31.8,0.88,3.7,,,,,,67.5,1.25,186.5,0.0,0.0,98.75,,
2024-08-17 09:00:00,10.75,49.25,4.5,13.98,11.1,13.5,3.32,0.65,38.71,1.08,4.15,,,,,,67.75,1.42,221.75,0.0,0.0,222.0,,
2024-08-17 10:00:00,15.75,53.5,4.05,12.6,10.05,14.55,2.97,0.77,43.61,1.0,3.55,,,,,,67.25,1.65,233.75,0.0,0.0,333.25,,
2024-08-17 11:00:00,6.0,46.0,4.1,10.6,9.05,15.25,8.9,0.78,38.61,0.85,3.25,,,,,,66.5,2.45,212.5,0.0,0.0,501.5,,
2024-08-17 12:00:00,6.0,40.33,3.7,9.73,8.23,15.07,6.5,0.67,32.67,0.65,2.7,,,,,,66.0,3.3,224.67,0.0,0.0,511.67,,
2024-08-17 13:00:00,6.25,39.0,3.58,7.8,7.05,17.33,5.95,0.6,31.51,0.6,2.55,,,,,,66.0,3.02,231.5,0.0,0.0,487.25,,
2024-08-17 14:00:00,6.75,32.0,4.03,8.5,7.8,18.25,4.32,0.51,25.87,0.62,2.65,,,,,,66.0,2.98,223.75,0.0,0.0,419.75,,
2024-08-17 15:00:00,5.0,30.5,5.6,9.82,9.78,17.52,4.55,0.48,28.42,0.55,2.58,,,,,,65.75,2.75,218.25,0.0,0.0,320.5,,
2024-08-17 16:00:00,2.25,34.0,4.35,8.65,8.12,17.35,4.45,0.48,29.89,0.55,2.82,,,,,,65.0,3.0,241.75,0.0,0.0,214.0,,
2024-08-17 17:00:00,3.0,32.75,4.62,11.3,9.78,15.28,4.78,0.5,31.16,0.62,3.72,,,,,,65.25,2.3,221.25,0.0,0.0,49.75,,
2024-08-17 18:00:00,3.5,37.0,4.85,12.3,10.52,15.3,3.88,0.56,32.44,0.62,3.48,,,,,,65.25,2.95,250.25,0.0,0.0,15.75,,
2024-08-17 19:00:00,5.0,32.75,3.35,9.5,7.8,14.95,3.72,0.64,32.44,0.75,3.2,,,,,,66.0,2.85,271.5,0.0,0.0,15.0,,
2024-08-17 20:00:00,4.25,25.75,3.02,11.65,8.65,14.55,2.42,0.64,31.8,0.8,3.1,,,,,,65.0,3.18,284.25,0.0,0.0,15.0,,
2024-08-17 21:00:00,1.75,14.25,1.4,11.68,7.35,16.42,1.32,0.61,30.09,0.78,2.98,,,,,,64.75,3.25,290.5,0.0,0.0,15.0,,
2024-08-17 22:00:00,1.5,11.5,2.62,11.0,7.98,16.25,1.78,0.57,28.81,0.72,2.85,,,,,,64.75,3.28,297.75,0.0,0.0,15.0,,
2024-08-17 23:00:00,3.0,17.25,2.65,9.28,7.05,14.6,3.18,0.53,31.21,0.55,2.25,,,,,,65.5,2.9,284.5,0.0,0.0,15.0,,
2024-08-18 00:00:00,3.5,12.0,3.08,7.4,6.42,13.68,1.85,0.51,32.93,0.45,1.92,,,,,,66.25,2.72,284.5,0.0,0.0,15.0,,
2024-08-18 01:00:00,4.5,13.0,3.65,6.1,6.2,12.5,1.05,0.53,35.92,0.4,1.58,,,,,,65.25,1.88,287.75,0.0,0.0,15.0,,
2024-08-18 02:00:00,3.0,16.25,3.15,8.72,7.22,12.02,1.1,0.55,35.87,0.4,1.48,,,,,,66.25,2.0,227.75,0.0,0.0,15.0,,
2024-08-18 03:00:00,3.0,17.25,2.65,8.6,6.72,13.25,1.5,0.56,38.74,0.4,1.62,,,,,,66.5,1.4,196.0,0.0,0.0,15.0,,
2024-08-18 04:00:00,4.33,17.5,2.45,9.43,7.02,12.45,2.42,0.57,33.12,0.48,1.85,,,,,,67.25,1.4,173.25,0.0,0.0,15.0,,
2024-08-18 05:00:00,6.5,18.75,2.62,10.45,7.7,13.73,3.05,0.52,27.2,0.52,2.22,,,,,,67.0,1.12,200.0,0.0,0.0,15.0,,
2024-08-18 06:00:00,4.25,29.25,4.15,11.98,9.72,14.4,2.1,0.51,25.72,0.75,3.0,,,,,,67.0,0.92,149.75,0.0,0.0,29.25,,
2024-08-18 07:00:00,3.75,36.0,3.95,12.68,9.95,14.4,3.35,0.55,30.28,0.92,3.65,,,,,,67.75,2.12,250.0,0.0,0.0,158.5,,
2024-08-18 08:00:00,7.5,47.0,3.72,13.4,10.12,14.12,8.65,0.56,35.28,0.98,3.5,,,,,,66.75,1.6,170.75,0.0,0.0,257.0,,
2024-08-18 09:00:00,4.0,47.0,4.18,14.3,10.98,14.2,20.05,0.63,45.67,1.05,3.42,,,,,,66.75,1.2,216.0,0.0,0.0,320.0,,
2024-08-18 10:00:00,7.25,49.5,3.45,12.4,9.4,15.3,11.17,0.75,55.91,0.92,3.25,,,,,,66.75,1.9,223.5,0.0,0.0,376.5,,
2024-08-18 11:00:00,8.0,56.75,2.63,13.2,9.17,16.77,3.87,0.74,67.82,0.9,3.18,,,,,,65.75,2.52,229.0,0.0,0.0,486.75,,
2024-08-18 12:00:00,7.25,53.5,2.77,11.23,8.27,20.33,5.38,0.72,61.15,0.82,3.75,,,,,,65.25,2.82,228.75,0.0,0.0,515.5,,
2024-08-18 13:00:00,5.0,46.5,1.55,11.35,7.3,19.95,4.38,0.62,50.13,0.75,3.55,,,,,,65.0,2.82,215.75,0.0,0.0,487.5,,
2024-08-18 14:00:00,5.67,47.0,2.85,9.72,7.48,19.1,6.1,0.57,48.02,0.65,2.92,,,,,,64.0,3.3,220.0,0.0,0.0,427.75,,
2024-08-18 15:00:00,7.0,40.0,3.0,8.32,6.9,18.5,5.72,0.55,47.34,0.52,2.08,,,,,,65.5,3.12,216.75,0.0,0.0,336.75,,
2024-08-18 16:00:00,8.25,28.5,2.33,9.25,6.8,17.2,4.53,0.55,45.96,0.5,1.72,,,,,,65.0,3.1,218.75,0.0,0.0,217.75,,
2024-08-18 17:00:00,11.0,29.5,3.38,8.2,7.1,16.65,5.58,0.61,48.95,0.43,1.98,,,,,,64.5,2.75,232.25,0.0,0.0,49.75,,
2024-08-18 18:00:00,7.75,31.5,2.78,9.15,7.12,17.88,5.1,0.66,49.54,0.4,2.02,,,,,,65.25,2.85,227.25,0.0,0.0,16.0,,
2024-08-18 19:00:00,6.5,47.5,2.95,8.95,7.15,19.9,7.48,0.57,49.74,0.5,1.98,,,,,,64.5,2.82,254.75,0.0,0.0,15.0,,
2024-08-18 20:00:00,5.25,54.0,2.82,7.9,6.5,18.7,8.05,0.55,45.47,0.5,1.82,,,,,,66.0,2.6,247.5,0.0,0.0,15.0,,
2024-08-18 21:00:00,5.75,22.5,2.28,7.32,5.75,18.2,2.82,0.51,35.77,0.52,1.85,,,,,,65.5,2.42,268.25,0.0,0.0,15.0,,
2024-08-18 22:00:00,4.25,17.0,2.55,7.82,6.28,15.7,3.82,0.53,36.6,0.5,1.82,,,,,,65.5,3.02,275.25,0.0,0.0,15.0,,
2024-08-18 23:00:00,2.25,12.5,2.6,7.12,5.88,14.92,4.28,0.45,35.23,0.43,1.5,,,,,,65.75,3.4,295.75,0.0,0.0,15.0,,
2024-08-19 00:00:00,3.0,8.75,2.33,5.92,5.05,13.98,2.55,0.51,36.06,0.4,1.23,,,,,,66.0,3.32,280.5,0.0,0.0,15.0,,
2024-08-19 01:00:00,3.0,11.0,3.55,4.7,5.38,13.25,4.3,0.53,42.72,0.3,1.08,,,,,,65.5,3.08,254.75,0.0,0.0,15.0,,
2024-08-19 02:00:00,9.0,11.0,3.15,4.55,5.05,13.3,5.1,0.49,38.35,0.3,0.98,,,,,,66.0,1.85,184.0,0.0,0.0,15.0,,
2024-08-19 03:00:00,8.5,11.0,2.35,6.2,5.2,14.62,4.5,0.45,43.71,0.3,1.05,,,,,,66.0,2.5,229.0,0.0,0.0,15.0,,
2024-08-19 04:00:00,6.75,7.0,2.92,6.25,5.72,13.58,2.82,0.6,36.16,0.3,1.05,,,,,,66.25,2.88,201.0,0.0,0.0,15.0,,
2024-08-19 05:00:00,5.0,7.0,2.0,6.55,4.68,15.25,,0.42,27.98,0.3,1.12,,,,,,66.5,2.78,221.0,0.0,0.0,15.0,,
2024-08-19 06:00:00,2.25,19.0,2.82,9.43,7.3,13.75,0.5,0.45,28.96,0.4,1.32,,,,,,67.0,2.52,205.5,0.0,0.0,37.0,,
2024-08-19 07:00:00,4.0,24.25,3.8,11.05,8.9,13.62,2.25,0.68,29.2,0.6,1.88,,,,,,66.25,2.65,224.5,0.0,0.0,93.5,,
2024-08-19 08:00:00,7.0,41.75,5.35,11.95,10.7,13.0,3.75,0.79,31.41,0.82,2.4,,,,,,66.75,3.05,183.5,0.0,0.0,232.75,,
2024-08-19 09:00:00,6.5,45.25,5.85,11.35,10.8,13.22,5.25,0.89,38.51,0.98,3.2,,,,,,67.0,2.6,188.5,0.0,0.0,387.75,,
2024-08-19 10:00:00,5.0,41.25,2.82,11.2,8.32,14.75,3.7,0.86,46.8,0.9,3.1,,,,,,66.0,2.9,210.0,0.0,0.0,404.25,,
2024-08-19 11:00:00,5.5,45.25,2.33,11.12,7.82,14.62,3.1,0.85,50.52,0.88,3.28,,,,,,67.0,2.72,223.25,0.0,0.0,199.75,,
2024-08-19 12:00:00,7.25,46.25,2.98,9.68,7.58,16.38,3.28,0.69,50.72,0.8,2.88,,,,,,66.25,4.32,282.75,0.0,0.0,260.75,,
2024-08-19 13:00:00,8.25,53.5,2.03,12.5,7.78,21.58,6.18,0.61,55.32,0.85,3.42,,,,,,65.5,3.65,269.75,0.0,0.0,255.0,,
2024-08-19 14:00:00,8.25,69.5,2.95,10.52,8.0,20.85,10.25,0.54,63.16,0.92,3.12,,,,,,65.25,4.53,290.5,0.0,0.0,270.75,,
2024-08-19 15:00:00,4.75,52.75,2.82,10.9,8.1,17.92,7.8,0.65,54.93,0.85,3.6,,,,,,65.25,3.88,274.25,0.0,0.0,187.25,,
2024-08-19 16:00:00,3.75,34.0,3.45,11.52,8.93,15.8,3.6,0.73,46.6,0.88,4.5,,,,,,65.5,3.35,260.5,0.0,0.0,200.5,,
2024-08-19 17:00:00,10.75,31.75,4.3,11.12,9.4,15.18,3.28,0.68,46.01,0.85,3.62,,,,,,65.5,4.28,279.75,0.0,0.0,58.5,,
2024-08-19 18:00:00,5.75,24.5,3.02,10.0,7.78,15.05,4.53,0.6,38.96,0.72,2.7,,,,,,65.5,4.5,291.0,0.0,0.0,17.25,,
2024-08-19 19:00:00,2.25,22.25,3.22,11.52,8.78,14.85,3.72,0.71,33.32,0.75,2.85,,,,,,65.25,3.47,280.5,0.0,0.0,15.0,,
2024-08-19 20:00:00,4.0,23.25,3.08,13.95,9.93,15.22,4.5,0.76,31.8,0.95,4.05,,,,,,65.5,2.95,255.0,0.0,0.0,15.0,,
2024-08-19 21:00:00,6.5,32.25,1.6,12.82,8.15,16.5,3.48,0.66,31.6,1.08,4.6,,,,,,65.25,4.12,298.25,0.0,0.0,15.0,,
2024-08-19 22:00:00,5.75,28.25,2.85,9.07,7.1,14.7,3.72,0.54,38.86,0.82,3.6,,,,,,65.75,4.18,287.5,0.0,0.0,15.0,,
2024-08-19 23:00:00,7.75,22.0,2.65,9.88,7.38,13.98,4.92,0.5,37.05,0.65,2.98,,,,,,66.25,3.22,253.75,0.0,0.0,15.0,,
2024-08-20 00:00:00,7.25,20.25,2.33,9.4,6.85,13.02,4.97,0.55,36.36,0.52,2.4,,,,,,65.75,2.7,257.75,0.0,0.0,15.0,,
2024-08-20 01:00:00,7.75,23.0,4.2,8.22,7.8,11.85,4.92,0.55,37.34,0.43,1.95,,,,,,66.75,2.6,247.75,0.0,0.0,15.0,,
2024-08-20 02:00:00,6.0,19.75,3.12,15.1,10.6,11.9,3.22,0.55,32.34,0.4,1.8,,,,,,66.0,2.78,224.0,0.0,0.0,15.0,,
2024-08-20 03:00:00,3.0,17.5,3.12,16.32,11.2,13.15,3.98,0.53,32.86,0.4,1.75,,,,,,67.0,2.3,203.5,0.0,0.0,15.0,,
2024-08-20 04:00:00,5.0,13.0,2.75,15.98,10.72,12.3,4.25,0.5,28.57,0.45,1.8,,,,,,67.5,2.05,214.0,0.0,0.0,15.0,,
2024-08-20 05:00:00,10.0,12.75,1.98,13.35,8.75,12.8,3.8,0.43,26.8,0.5,2.2,,,,,,66.75,2.58,262.25,0.0,0.0,15.0,,
2024-08-20 06:00:00,7.0,15.75,3.85,13.6,10.32,11.9,4.7,0.45,28.17,0.57,2.4,,,,,,67.5,2.52,240.75,0.0,0.0,48.75,,
2024-08-20 07:00:00,7.0,32.75,5.75,18.18,14.32,12.25,13.28,0.58,28.76,0.78,2.58,,,,,,67.0,1.9,202.25,0.0,0.0,129.25,,
2024-08-20 08:00:00,6.5,51.5,5.35,17.58,13.68,12.18,8.4,0.7,39.79,1.05,3.22,,,,,,67.0,2.38,220.75,0.0,0.0,241.0,,
2024-08-20 09:00:00,5.5,56.0,4.1,17.0,12.4,11.82,4.4,0.81,48.41,1.08,3.6,,,,,,67.5,2.3,244.0,0.0,0.0,226.75,,
2024-08-20 10:00:00,6.0,59.5,3.25,17.35,11.82,11.72,6.15,0.88,55.96,1.12,3.9,,,,,,67.25,1.52,207.75,0.0,0.0,378.25,,
2024-08-20 11:00:00,3.5,73.75,2.5,17.4,11.3,13.38,7.52,0.9,79.92,1.27,4.42,,,,,,66.5,2.17,236.0,0.0,0.0,474.0,,
2024-08-20 12:00:00,5.25,79.75,2.33,15.72,9.57,16.52,6.75,0.78,75.12,1.27,4.42,,,,,,65.75,3.6,259.5,0.0,0.0,498.0,,
2024-08-20 13:00:00,6.67,56.0,2.13,9.3,6.67,17.17,3.3,0.57,72.32,1.0,3.4,,,,,,64.67,3.77,273.67,0.0,0.0,473.33,,
2024-08-20 14:00:00,8.25,38.75,2.98,7.62,6.52,17.42,5.65,0.53,61.64,0.82,2.72,,,,,,66.5,3.85,268.75,0.0,0.0,333.0,,
2024-08-20 15:00:00,8.75,32.5,3.05,8.62,7.08,16.2,5.72,0.5,47.73,0.62,2.4,,,,,,65.75,4.0,268.75,0.0,0.0,235.0,,
2024-08-20 16:00:00,9.25,31.5,3.82,9.62,8.2,18.23,9.9,0.55,56.06,0.5,2.32,,,,,,65.25,4.12,276.75,0.0,0.0,174.5,,
2024-08-20 17:00:00,12.0,43.25,3.25,10.5,8.22,17.35,11.25,0.62,51.94,0.5,2.08,,,,,,66.0,4.62,297.25,0.0,0.0,60.75,,
2024-08-20 18:00:00,8.0,20.0,2.15,10.32,7.22,15.9,8.0,0.64,40.82,0.5,1.92,,,,,,64.5,4.45,293.75,0.0,0.0,18.25,,
2024-08-20 19:00:00,5.0,18.5,2.52,10.35,7.5,15.58,7.02,0.68,36.99,0.52,2.08,,,,,,64.75,4.28,309.0,0.0,0.0,15.0,,
2024-08-20 20:00:00,5.5,16.5,2.22,11.05,7.65,16.77,4.92,0.66,32.39,0.57,2.12,,,,,,65.5,4.3,303.0,0.0,0.0,15.0,,
2024-08-20 21:00:00,6.75,22.25,2.8,9.48,7.35,15.48,1.7,0.63,34.98,0.78,2.92,,,,,,65.0,4.12,294.25,0.0,0.0,15.0,,
2024-08-20 22:00:00,5.25,15.75,2.7,8.52,6.75,14.02,4.58,0.59,35.52,0.75,2.95,,,,,,65.75,4.28,294.0,0.0,0.0,15.0,,
2024-08-20 23:00:00,3.75,13.75,2.95,6.52,5.88,12.92,6.75,0.52,38.22,0.52,2.22,,,,,,66.0,4.3,281.5,0.0,0.0,15.0,,
2024-08-21 00:00:00,6.5,20.5,2.65,6.15,5.4,12.7,4.18,0.48,40.86,0.38,1.58,,,,,,65.75,3.82,241.5,0.0,0.0,15.0,,
2024-08-21 01:00:00,7.25,23.5,3.02,7.62,6.52,12.42,1.25,0.48,37.93,0.3,1.05,,,,,,66.0,3.5,215.25,0.0,0.0,15.0,,
2024-08-21 02:00:00,4.0,19.0,2.48,8.93,6.78,12.68,0.3,0.5,34.17,0.3,1.08,,,,,,65.75,3.0,235.25,0.0,0.0,15.0,,
2024-08-21 03:00:00,2.25,18.5,2.95,7.45,6.35,13.22,0.5,0.52,37.04,0.3,1.12,,,,,,66.25,2.8,256.0,0.0,0.0,15.0,,
2024-08-21 04:00:00,6.75,15.5,1.62,7.75,5.45,13.5,2.9,0.43,27.54,0.35,1.18,,,,,,65.75,3.0,215.75,0.0,0.0,15.0,,
2024-08-21 05:00:00,8.0,12.75,3.68,9.5,8.1,12.6,5.58,0.41,26.07,0.5,1.32,,,,,,66.0,2.78,220.75,0.0,0.0,15.0,,
2024-08-21 06:00:00,5.5,20.75,3.58,12.25,9.4,12.22,4.18,0.46,25.92,0.7,1.8,,,,,,67.5,1.92,189.75,0.0,0.0,49.25,,
2024-08-21 07:00:00,7.25,31.25,5.3,13.3,11.38,12.72,6.72,0.52,26.85,0.9,2.5,,,,,,66.75,3.4,209.0,0.0,0.0,163.75,,
2024-08-21 08:00:00,7.75,37.5,5.75,14.2,12.2,12.72,11.4,0.61,32.74,0.88,2.45,,,,,,66.5,3.6,211.0,0.0,0.0,249.25,,
2024-08-21 09:00:00,7.0,35.25,4.15,13.38,10.5,12.62,9.38,0.68,37.98,0.9,2.95,,,,,,66.25,4.08,215.25,0.0,0.0,379.0,,
2024-08-21 10:00:00,6.75,34.75,2.78,11.42,8.35,13.2,6.75,0.66,40.33,0.8,2.9,,,,,,66.5,3.82,227.25,0.0,0.0,353.75,,
2024-08-21 11:00:00,6.0,43.25,3.12,10.9,8.32,14.05,5.45,0.62,43.85,0.85,2.92,,,,,,66.5,4.58,261.25,0.0,0.0,346.75,,
2024-08-21 12:00:00,6.25,48.5,2.15,10.07,7.1,16.82,4.68,0.52,38.47,0.77,2.6,,,,,,66.25,4.38,237.0,0.0,0.0,387.5,,
2024-08-21 13:00:00,7.0,37.25,2.42,10.98,7.8,16.4,2.17,0.55,47.24,0.82,3.1,,,,,,65.75,3.85,273.75,0.0,0.0,292.25,,
2024-08-21 14:00:00,7.25,42.5,2.3,9.45,6.9,16.77,4.2,0.54,49.54,0.8,3.4,,,,,,66.0,4.45,270.25,0.0,0.0,352.25,,
2024-08-21 15:00:00,7.5,38.5,2.18,8.95,6.55,16.1,5.15,0.51,50.61,0.65,2.38,,,,,,66.25,5.35,288.5,0.0,0.0,283.5,,
2024-08-21 16:00:00,9.0,70.75,4.62,21.95,15.4,26.4,5.7,1.11,44.59,1.18,2.5,,,,,,65.25,5.58,297.0,0.0,0.0,158.25,,
2024-08-21 17:00:00,16.5,132.5,3.35,13.4,9.85,19.9,5.38,0.77,35.82,3.88,4.7,,,,,,65.25,4.4,289.75,0.0,0.0,43.5,,
2024-08-21 18:00:00,12.0,43.5,3.28,15.38,10.82,17.08,3.52,0.66,31.31,1.78,4.1,,,,,,65.0,2.85,271.0,0.0,0.0,15.75,,
2024-08-21 19:00:00,11.0,48.0,4.4,16.85,12.55,16.73,2.15,0.67,30.33,1.55,5.08,,,,,,65.5,3.32,275.75,0.0,0.0,15.0,,
2024-08-21 20:00:00,7.25,38.0,1.42,17.0,10.22,17.45,1.2,0.51,28.03,1.45,5.32,,,,,,65.0,3.95,259.5,0.0,0.0,15.0,,
2024-08-21 21:00:00,4.5,35.25,3.22,17.15,11.75,14.65,0.3,0.82,31.9,1.32,4.88,,,,,,65.5,3.2,263.25,0.0,0.0,15.0,,
2024-08-21 22:00:00,3.75,33.75,2.92,13.72,9.62,14.1,1.57,0.71,37.48,1.15,4.35,,,,,,66.0,3.85,249.0,0.0,0.0,15.0,,
2024-08-21 23:00:00,6.25,26.0,2.08,10.9,7.5,12.92,2.62,0.58,39.54,0.85,3.25,,,,,,66.25,4.28,229.25,0.0,0.0,15.0,,
2024-08-22 00:00:00,7.25,21.75,2.78,10.07,7.6,11.88,2.17,0.56,41.06,0.6,2.25,,,,,,66.5,3.88,240.75,0.0,0.0,15.0,,
2024-08-22 01:00:00,7.75,19.5,2.95,9.2,7.28,11.42,2.3,0.54,37.68,0.52,1.85,,,,,,66.5,3.72,233.5,0.0,0.0,15.0,,
2024-08-22 02:00:00,6.5,23.5,2.68,12.35,8.75,11.15,3.1,0.57,33.78,0.5,1.68,,,,,,67.0,3.25,234.5,0.0,0.0,15.0,,
2024-08-22 03:00:00,5.25,22.75,3.62,16.45,11.68,12.68,3.7,0.55,35.34,0.52,1.88,,,,,,67.5,2.72,212.75,0.0,0.0,15.0,,
2024-08-22 04:00:00,6.67,25.5,3.25,22.45,14.68,14.08,2.75,0.39,21.26,0.6,2.17,,,,,,66.75,1.98,202.75,0.0,0.0,15.0,,
2024-08-22 05:00:00,7.25,26.0,3.88,15.35,11.32,12.32,3.68,0.56,26.46,0.7,2.6,,,,,,67.0,1.78,198.0,0.0,0.0,15.0,,
2024-08-22 06:00:00,4.25,27.5,5.6,14.2,12.08,12.0,4.72,0.62,25.82,0.8,2.68,,,,,,67.5,1.82,196.5,0.0,0.0,53.5,,
2024-08-22 07:00:00,2.0,45.0,6.62,15.35,13.5,12.08,7.15,0.74,27.0,0.95,3.12,,,,,,68.0,1.68,165.0,0.0,0.0,191.0,,
2024-08-22 08:00:00,3.75,59.75,7.38,16.05,14.52,12.1,3.92,0.84,37.19,1.02,3.72,,,,,,66.25,2.17,191.5,0.0,0.0,236.25,,
2024-08-22 09:00:00,8.25,66.5,3.15,18.27,12.3,11.9,2.3,0.86,46.84,1.12,4.28,,,,,,67.5,2.25,214.0,0.0,0.0,393.75,,
2024-08-22 10:00:00,8.5,58.5,3.3,14.8,10.58,12.15,1.42,0.8,58.56,1.1,4.22,,,,,,67.75,2.55,220.5,0.0,0.0,461.75,,
2024-08-22 11:00:00,14.0,47.75,2.22,13.75,9.15,13.32,1.5,0.78,60.66,1.1,4.32,,,,,,66.25,2.53,199.25,0.0,0.0,493.25,,
2024-08-22 12:00:00,7.25,49.25,1.83,10.62,7.12,14.98,2.22,0.58,54.29,1.1,4.2,,,,,,66.25,2.6,178.0,0.0,0.0,484.25,,
2024-08-22 13:00:00,5.0,56.25,3.0,10.82,8.2,15.02,2.8,0.56,67.57,1.08,4.88,,,,,,66.0,3.6,262.25,0.0,0.0,395.5,,
2024-08-22 14:00:00,6.0,55.75,2.3,11.5,8.02,16.45,2.1,0.5,68.9,0.95,3.65,,,,,,65.5,4.82,281.0,0.0,0.0,357.5,,
2024-08-22 15:00:00,8.5,57.5,2.72,12.4,8.8,16.4,2.62,0.47,65.76,0.82,2.78,,,,,,65.0,4.58,280.0,0.0,0.0,210.75,,
2024-08-22 16:00:00,6.5,68.75,3.98,13.58,10.45,18.05,6.7,0.55,67.96,0.82,2.72,,,,,,64.75,4.58,283.5,0.0,0.0,119.0,,
2024-08-22 17:00:00,4.5,54.5,3.0,12.98,9.35,18.0,7.2,0.44,64.97,0.9,3.35,,,,,,65.75,4.55,289.0,0.0,0.0,55.75,,
2024-08-22 18:00:00,4.0,57.5,2.98,14.98,10.35,17.15,4.38,0.66,64.53,1.08,4.1,,,,,,65.25,4.5,286.25,0.0,0.0,15.75,,
2024-08-22 19:00:00,9.25,48.75,2.08,14.35,9.3,17.08,3.48,0.72,54.98,1.15,4.38,,,,,,66.0,4.75,286.25,0.0,0.0,15.0,,
2024-08-22 20:00:00,13.5,35.25,1.8,13.02,8.05,16.27,4.4,0.69,43.07,1.08,4.08,,,,,,65.25,4.85,285.75,0.0,0.0,15.0,,
2024-08-22 21:00:00,6.5,32.0,3.08,12.02,8.93,14.55,4.1,0.69,41.46,0.98,3.9,,,,,,66.25,4.35,262.25,0.0,0.0,15.0,,
2024-08-22 22:00:00,8.0,27.25,2.4,10.42,7.52,13.95,3.28,0.55,37.73,0.75,3.28,,,,,,65.75,4.05,248.5,0.0,0.0,15.0,,
2024-08-22 23:00:00,8.0,22.0,2.7,7.95,6.38,12.98,3.42,0.32,41.31,0.5,2.3,,,,,,65.0,3.8,242.75,0.0,0.0,15.0,,
2024-08-23 00:00:00,8.75,21.25,3.15,7.45,6.52,12.75,2.2,0.55,43.36,0.38,1.5,,,,,,65.75,3.68,233.25,0.0,0.0,15.0,,
2024-08-23 01:00:00,9.75,19.0,2.52,9.18,6.98,12.7,1.88,0.58,38.42,0.38,1.25,,,,,,66.5,3.58,229.25,0.0,0.0,15.0,,
2024-08-23 02:00:00,5.75,18.0,2.52,10.35,7.58,12.68,1.38,0.66,36.0,0.38,1.23,,,,,,66.0,3.18,225.25,0.0,0.0,15.0,,
2024-08-23 03:00:00,5.25,18.25,2.5,13.02,8.28,15.62,4.0,0.68,32.93,0.43,1.4,,,,,,66.0,3.42,212.0,0.0,0.0,15.0,,
2024-08-23 04:00:00,8.0,20.25,2.52,15.82,10.45,14.65,13.78,0.66,26.31,0.5,1.65,,,,,,66.0,3.42,218.0,0.0,0.0,15.0,,
2024-08-23 05:00:00,12.25,25.75,3.0,17.12,11.58,13.85,16.7,0.62,26.56,0.5,1.72,,,,,,66.75,3.35,233.0,0.0,0.0,15.0,,
2024-08-23 06:00:00,6.5,31.75,4.22,16.65,12.3,13.48,12.45,0.73,27.39,0.62,1.85,,,,,,67.5,2.82,219.25,0.0,0.0,29.0,,
2024-08-23 07:00:00,6.0,37.25,5.75,17.08,13.75,12.92,8.45,0.87,29.6,0.88,2.58,,,,,,66.75,3.0,243.0,0.0,0.0,69.5,,
2024-08-23 08:00:00,8.75,51.75,6.72,19.75,15.95,12.95,9.43,1.05,34.45,1.1,2.95,,,,,,66.75,3.22,216.5,0.0,0.0,264.0,,
2024-08-23 09:00:00,8.25,65.5,3.7,20.52,13.95,13.92,8.7,1.1,42.39,1.3,3.55,,,,,,66.75,2.62,193.25,0.0,0.0,367.0,,
2024-08-23 10:00:00,9.0,61.25,2.48,15.08,10.05,13.82,4.85,1.06,53.26,1.3,3.68,,,,,,66.25,2.95,194.25,0.0,0.0,454.5,,
2024-08-23 11:00:00,9.75,54.0,1.3,13.18,8.07,16.18,2.82,0.95,57.08,1.27,3.55,,,,,,66.0,2.88,197.75,0.0,0.0,423.75,,
2024-08-23 12:00:00,10.75,54.25,1.92,10.98,7.38,16.05,2.17,0.88,56.01,1.27,3.6,,,,,,66.0,2.9,184.25,0.0,0.0,436.0,,
2024-08-23 13:00:00,8.25,49.0,3.95,13.22,10.25,17.68,0.7,0.87,67.13,1.08,3.48,,,,,,66.5,3.88,256.75,0.0,0.0,371.75,,
2024-08-23 14:00:00,11.0,57.75,2.62,14.18,9.72,19.15,5.58,0.88,73.79,0.98,2.92,,,,,,65.5,4.5,275.0,0.0,0.0,285.0,,
2024-08-23 15:00:00,8.25,56.0,3.92,12.85,10.0,18.35,9.22,0.92,68.6,0.8,2.5,,,,,,64.75,4.58,276.5,0.0,0.0,218.25,,
2024-08-23 16:00:00,10.25,51.5,3.45,14.12,10.35,18.18,7.75,1.0,62.13,0.78,2.4,,,,,,65.0,4.2,297.5,0.0,0.0,116.25,,
2024-08-23 17:00:00,13.25,49.0,3.4,15.32,10.92,17.65,4.32,1.01,53.8,0.85,3.22,,,,,,65.25,4.5,294.0,0.0,0.0,50.0,,
2024-08-23 18:00:00,10.0,52.75,2.55,14.28,9.68,17.38,8.88,1.04,50.72,0.95,4.05,,,,,,65.0,4.7,279.25,0.0,0.0,15.75,,
2024-08-23 19:00:00,6.0,47.5,1.38,16.95,10.15,18.75,9.7,1.06,39.05,1.12,4.55,,,,,,65.0,4.2,271.75,0.0,0.0,15.0,,
2024-08-23 20:00:00,5.0,52.0,3.12,19.6,12.98,17.55,3.65,1.12,36.02,1.4,5.55,,,,,,64.5,3.58,271.0,0.0,0.0,15.0,,
2024-08-23 21:00:00,10.0,50.75,3.5,19.77,13.42,15.72,2.9,1.1,35.48,1.48,5.62,,,,,,65.75,3.15,272.75,0.0,0.0,15.0,,
2024-08-23 22:00:00,6.75,44.25,2.38,14.8,9.8,14.52,4.2,1.0,38.32,1.23,5.0,,,,,,65.75,4.07,280.5,0.0,0.0,15.0,,
2024-08-23 23:00:00,6.25,34.75,3.1,10.62,8.18,13.42,4.7,0.89,39.84,0.85,3.4,,,,,,65.5,3.55,261.0,0.0,0.0,15.0,,
2024-08-24 00:00:00,7.25,30.0,2.62,9.12,6.98,13.22,4.4,0.5,38.76,0.55,2.33,,,,,,65.5,4.35,232.25,0.0,0.0,15.0,,
2024-08-24 01:00:00,8.25,26.5,2.55,9.1,6.98,12.8,1.78,0.46,35.72,0.43,1.6,,,,,,66.25,5.05,252.25,0.0,0.0,15.0,,
2024-08-24 02:00:00,8.75,24.75,2.62,8.45,6.62,12.92,1.68,0.45,34.04,0.4,1.23,,,,,,66.25,3.98,246.75,0.0,0.0,15.0,,
2024-08-24 03:00:00,7.75,23.0,2.3,9.25,5.68,15.4,3.02,0.38,28.22,0.43,1.38,,,,,,66.25,3.68,222.0,0.0,0.0,15.0,,
2024-08-24 04:00:00,6.0,21.25,2.62,9.32,7.1,12.75,7.32,0.45,28.96,0.48,1.4,,,,,,66.5,3.45,231.5,0.0,0.0,15.0,,
2024-08-24 05:00:00,3.5,24.25,2.9,11.52,8.48,12.1,9.02,0.47,27.59,0.5,1.65,,,,,,66.5,3.02,238.0,0.0,0.0,15.0,,
2024-08-24 06:00:00,5.25,25.25,3.32,13.18,9.7,12.02,5.28,0.46,27.24,0.62,1.82,,,,,,66.75,3.4,236.5,0.0,0.0,36.25,,
2024-08-24 07:00:00,6.25,38.25,6.28,16.15,13.65,12.05,4.0,0.59,31.66,0.88,2.15,,,,,,66.75,3.3,234.0,0.0,0.0,82.5,,
2024-08-24 08:00:00,7.25,51.25,6.7,17.65,14.82,12.32,3.58,0.69,29.99,1.1,2.82,,,,,,67.0,2.58,219.0,0.0,0.0,154.25,,
2024-08-24 09:00:00,8.75,61.75,5.03,16.1,12.62,12.02,4.0,0.69,32.29,1.18,3.42,,,,,,67.5,2.28,209.0,0.0,0.0,202.5,,
2024-08-24 10:00:00,11.25,65.5,3.85,14.98,11.1,12.38,3.2,0.64,40.62,1.25,3.78,,,,,,67.25,2.05,178.25,0.0,0.0,276.5,,
2024-08-24 11:00:00,11.0,73.33,4.23,14.63,11.2,14.17,2.53,0.72,50.11,1.3,4.3,,,,,,68.33,2.57,235.0,0.0,0.0,364.33,,
2024-08-24 12:00:00,9.0,78.5,2.28,13.82,9.2,13.85,2.5,0.48,59.54,1.27,4.68,,,,,,67.0,2.7,202.25,0.0,0.0,422.75,,
2024-08-24 13:00:00,9.0,74.0,2.68,12.08,8.6,14.68,2.88,0.47,59.88,1.23,5.08,,,,,,66.25,3.0,195.25,0.0,0.0,394.75,,
2024-08-24 14:00:00,8.75,75.5,2.6,10.2,7.52,14.8,2.82,0.6,58.02,1.15,5.0,,,,,,66.0,3.2,196.0,0.0,0.0,306.75,,
2024-08-24 15:00:00,9.0,76.5,4.47,10.18,9.0,14.52,4.38,0.72,58.12,1.08,4.93,,,,,,65.25,2.92,196.25,0.0,0.0,229.25,,
2024-08-24 16:00:00,12.0,68.75,2.65,11.15,8.05,15.58,7.88,0.73,52.82,0.88,4.9,,,,,,66.0,2.92,188.0,0.0,0.0,196.0,,
2024-08-24 17:00:00,11.0,76.5,2.25,18.05,11.4,16.23,8.82,0.83,54.0,1.05,5.18,,,,,,64.5,2.78,275.5,0.0,0.0,56.75,,
2024-08-24 18:00:00,11.5,81.0,2.88,26.75,16.5,17.3,6.22,0.96,43.17,1.3,5.55,,,,,,65.25,2.6,293.0,0.0,0.0,16.25,,
2024-08-24 19:00:00,19.75,95.75,1.45,28.78,16.42,19.35,3.02,1.02,30.48,1.65,6.45,,,,,,65.5,2.33,306.25,0.0,0.0,15.0,,
2024-08-24 20:00:00,13.25,85.75,3.35,28.18,17.68,16.9,2.4,1.14,31.26,1.92,7.4,,,,,,65.75,2.2,315.5,0.0,0.0,15.0,,
2024-08-24 21:00:00,12.5,80.75,2.9,27.52,17.0,16.02,0.3,1.14,33.76,2.0,7.8,,,,,,65.75,2.65,267.25,0.0,0.0,15.0,,
2024-08-24 22:00:00,7.75,65.0,2.1,23.25,14.1,14.68,1.78,1.02,32.39,1.78,6.82,,,,,,66.0,2.68,240.0,0.0,0.0,15.0,,
2024-08-24 23:00:00,7.25,54.5,4.55,18.65,13.6,13.1,5.58,0.86,30.38,1.52,5.92,,,,,,66.25,1.88,202.5,0.0,0.0,15.0,,
2024-08-25 00:00:00,8.25,48.0,3.53,15.32,11.0,12.32,3.2,0.68,28.03,1.23,5.43,,,,,,65.5,1.52,166.5,0.0,0.0,15.0,,
2024-08-25 01:00:00,8.5,42.5,4.12,15.18,11.45,12.68,2.22,0.63,25.72,1.18,5.3,,,,,,67.5,1.5,171.25,0.0,0.0,15.0,,
2024-08-25 02:00:00,6.5,40.75,4.65,13.1,10.8,12.35,5.5,0.55,27.31,1.12,6.18,,,,,,66.0,1.88,202.75,0.0,0.0,15.0,,
2024-08-25 03:00:00,5.0,29.5,2.97,10.9,8.25,14.0,6.42,0.49,26.39,1.08,6.9,,,,,,66.0,1.78,189.0,0.0,0.0,15.0,,
2024-08-25 04:00:00,5.75,24.75,4.08,11.08,9.25,11.6,2.22,0.54,25.68,0.98,5.58,,,,,,66.5,1.52,187.5,0.0,0.0,15.0,,
2024-08-25 05:00:00,8.0,25.75,3.65,11.7,9.22,11.6,0.3,0.54,25.09,1.02,6.45,,,,,,66.25,1.48,186.75,0.0,0.0,15.0,,
2024-08-25 06:00:00,7.5,37.5,5.75,12.5,11.35,11.32,2.53,0.58,24.35,1.1,7.05,,,,,,68.0,1.18,183.75,0.0,0.0,30.75,,
2024-08-25 07:00:00,7.25,59.5,7.55,13.8,13.48,11.25,4.5,0.68,32.44,1.15,7.52,,,,,,67.5,1.58,162.5,0.0,0.0,141.5,,
2024-08-25 08:00:00,11.75,67.0,4.85,13.12,10.95,11.6,4.5,0.68,37.73,1.23,6.18,,,,,,67.0,1.95,196.25,0.0,0.0,279.75,,
2024-08-25 09:00:00,12.75,65.5,2.9,10.78,8.05,11.72,3.88,0.64,39.99,1.08,5.0,,,,,,66.5,2.8,197.0,0.0,0.0,385.5,,
2024-08-25 10:00:00,10.25,59.5,2.38,9.4,6.92,12.62,2.75,0.58,41.06,0.85,4.0,,,,,,65.5,3.1,192.25,0.0,0.0,466.5,,
2024-08-25 11:00:00,13.25,58.0,1.68,9.3,6.3,13.52,0.8,0.52,41.7,0.95,3.78,,,,,,66.0,3.0,207.25,0.0,0.0,499.5,,
2024-08-25 12:00:00,11.75,67.75,2.9,8.88,7.05,13.0,0.85,0.5,41.11,0.78,3.3,,,,,,65.75,2.88,226.25,0.0,0.0,504.25,,
2024-08-25 13:00:00,13.25,68.0,2.65,7.45,6.1,13.42,0.78,0.48,41.5,0.7,3.02,,,,,,66.25,3.08,215.75,0.0,0.0,438.75,,
2024-08-25 14:00:00,9.5,56.25,1.75,7.48,5.4,14.18,3.68,0.49,45.13,0.6,2.75,,,,,,65.25,2.92,194.75,0.0,0.0,389.5,,
2024-08-25 15:00:00,5.25,43.25,1.92,8.75,6.2,16.08,7.55,0.54,48.32,0.52,2.42,,,,,,64.75,2.98,194.25,0.0,0.0,308.25,,
2024-08-25 16:00:00,6.0,53.5,3.08,8.22,6.88,17.08,5.32,0.57,47.48,0.55,2.4,,,,,,64.25,3.1,186.0,0.0,0.0,203.75,,
2024-08-25 17:00:00,6.25,52.0,2.03,9.93,6.95,17.95,3.92,0.6,46.01,0.6,2.55,,,,,,64.75,3.08,175.75,0.0,0.0,72.0,,
2024-08-25 18:00:00,9.25,66.75,2.02,14.12,9.2,18.73,4.8,0.64,37.83,0.78,3.2,,,,,,63.75,2.82,184.0,0.0,0.0,15.75,,
2024-08-25 19:00:00,15.5,62.75,3.08,20.08,13.2,17.52,4.32,0.71,36.16,1.25,4.75,,,,,,64.0,2.9,247.75,0.0,0.0,15.0,,
2024-08-25 20:00:00,14.75,78.0,2.95,22.2,14.15,17.5,6.18,0.8,41.99,1.48,5.18,,,,,,64.75,2.15,248.75,0.0,0.0,15.0,,
2024-08-25 21:00:00,16.25,64.25,2.45,16.85,10.98,15.9,6.75,0.72,39.79,1.38,4.8,,,,,,64.5,2.72,222.75,0.0,0.0,15.0,,
2024-08-25 22:00:00,12.25,41.75,3.85,14.85,11.08,15.22,4.32,0.7,38.12,1.15,4.2,,,,,,65.0,2.72,214.25,0.0,0.0,15.0,,
2024-08-25 23:00:00,6.5,41.75,2.88,13.98,9.82,15.32,6.32,0.68,37.09,0.98,3.65,,,,,,65.5,2.1,183.5,0.0,0.0,15.0,,
2024-08-26 00:00:00,6.75,35.75,2.75,11.48,8.35,14.62,4.78,0.59,32.34,0.9,3.28,,,,,,65.5,1.88,180.75,0.0,0.0,15.0,,
2024-08-26 01:00:00,10.75,35.25,2.98,10.68,8.07,14.38,2.02,0.36,28.47,0.82,3.1,,,,,,65.5,1.72,161.75,0.0,0.0,15.0,,
2024-08-26 02:00:00,6.5,25.75,3.02,8.28,6.9,14.7,1.93,0.31,28.29,0.82,2.9,,,,,,65.75,2.1,179.25,0.0,0.0,15.0,,
2024-08-26 03:00:00,5.5,22.25,3.28,7.72,6.75,14.58,0.43,0.51,28.88,0.82,2.88,,,,,,64.5,2.15,205.0,0.0,0.0,15.0,,
2024-08-26 04:00:00,7.25,21.25,3.38,7.2,6.6,12.38,3.5,0.48,28.62,0.72,2.48,,,,,,66.75,1.95,195.75,0.0,0.0,15.0,,
2024-08-26 05:00:00,7.75,16.75,2.9,6.68,5.95,11.52,5.38,0.5,29.16,0.7,2.42,,,,,,67.0,2.28,208.0,0.0,0.0,15.0,,
2024-08-26 06:00:00,7.25,21.25,4.03,6.6,6.8,11.02,4.08,0.52,30.43,0.6,2.3,,,,,,66.0,2.38,205.5,0.0,0.0,60.75,,
2024-08-26 07:00:00,9.25,31.25,4.88,7.72,8.05,11.65,3.82,0.49,31.8,0.5,1.98,,,,,,66.0,2.3,191.5,0.0,0.0,105.5,,
2024-08-26 08:00:00,11.75,41.25,4.32,9.5,8.55,11.75,2.15,0.66,31.85,0.65,2.35,,,,,,66.25,2.3,191.75,0.0,0.0,118.25,,
2024-08-26 09:00:00,8.25,45.75,3.28,9.95,7.95,12.3,1.27,0.76,34.15,0.75,2.6,,,,,,67.5,2.5,214.25,0.0,0.0,202.25,,
2024-08-26 10:00:00,9.0,57.0,2.73,9.87,7.5,12.9,0.8,0.71,39.13,0.8,3.03,,,,,,65.67,2.4,216.33,0.0,0.0,378.33,,
2024-08-26 11:00:00,,,,,,,,,,,,,,,,,,,,,0.0,,,
2024-08-26 12:00:00,13.0,63.5,3.5,11.2,8.8,13.35,1.45,0.55,49.1,0.8,4.35,,,,,,63.5,2.25,162.5,0.0,0.0,151.0,,
2024-08-26 13:00:00,12.25,61.75,2.9,11.9,8.68,14.15,2.0,0.52,55.61,0.9,5.32,,,,,,66.0,2.88,172.0,0.0,0.0,221.75,,
2024-08-26 14:00:00,8.0,64.5,4.15,10.82,9.12,14.92,6.43,0.61,59.19,0.98,5.05,,,,,,65.5,2.95,167.25,0.0,0.0,338.5,,
2024-08-26 15:00:00,11.75,66.5,4.12,11.18,9.3,16.88,8.95,0.5,56.6,0.92,4.38,,,,,,65.0,3.35,179.25,0.0,0.0,285.25,,
2024-08-26 16:00:00,13.75,68.5,2.42,13.32,9.02,17.42,5.9,0.45,52.14,1.08,4.12,,,,,,64.25,3.02,176.75,0.0,0.0,148.0,,
2024-08-26 17:00:00,14.0,72.5,2.65,14.52,9.88,17.38,3.88,0.55,44.98,1.05,4.32,,,,,,64.0,2.98,168.75,0.0,0.0,56.25,,
2024-08-26 18:00:00,16.0,78.0,2.33,17.6,11.25,18.32,3.4,0.59,41.31,1.55,5.55,,,,,,64.5,2.85,216.75,0.0,0.0,16.5,,
2024-08-26 19:00:00,14.5,69.5,2.92,18.32,12.08,17.38,2.22,0.68,49.98,1.78,6.28,,,,,,65.0,3.7,281.25,0.0,0.0,15.25,,
2024-08-26 20:00:00,16.0,59.5,2.48,16.98,11.02,16.42,5.35,0.66,49.2,1.6,5.7,,,,,,65.0,3.52,252.5,0.0,0.0,15.0,,
2024-08-26 21:00:00,7.0,51.75,2.78,18.55,12.12,15.4,5.03,0.68,42.78,1.42,5.52,,,,,,66.25,2.98,246.5,0.0,0.0,15.5,,
2024-08-26 22:00:00,7.5,49.25,2.48,14.5,9.7,15.5,4.75,0.67,49.39,1.18,4.82,,,,,,64.75,3.55,271.5,0.0,0.0,15.0,,
2024-08-26 23:00:00,8.0,41.25,2.55,11.3,8.12,15.22,4.85,0.56,46.99,0.8,3.42,,,,,,66.0,2.95,238.5,0.0,0.0,15.0,,
2024-08-27 00:00:00,4.25,33.0,2.8,11.82,8.6,14.65,5.58,0.49,43.95,0.6,2.72,,,,,,64.75,3.18,211.0,0.0,0.0,15.25,,
2024-08-27 01:00:00,2.0,33.75,3.1,12.02,8.95,15.22,5.2,0.48,36.02,0.57,2.38,,,,,,66.25,1.88,169.5,0.0,0.0,15.5,,
2024-08-27 02:00:00,3.0,36.0,1.72,11.38,7.45,15.98,4.97,0.49,29.14,0.65,2.9,,,,,,66.5,1.52,148.75,0.0,0.0,15.0,,
2024-08-27 03:00:00,6.75,38.0,3.15,10.25,8.02,15.6,3.42,0.51,31.49,0.78,3.72,,,,,,66.5,1.4,168.5,0.0,0.0,15.0,,
2024-08-27 04:00:00,8.25,34.5,3.5,10.52,8.45,13.1,5.15,0.51,27.64,0.9,4.22,,,,,,67.0,1.32,137.0,0.0,0.0,15.0,,
2024-08-27 05:00:00,5.25,25.25,3.15,10.18,7.98,11.9,7.18,0.54,26.22,0.92,4.0,,,,,,67.0,1.58,161.5,0.0,0.0,15.25,,
2024-08-27 06:00:00,3.75,28.75,4.38,10.48,9.07,11.15,7.85,0.57,27.88,0.88,4.08,,,,,,66.0,1.98,179.75,0.0,0.0,21.75,,
2024-08-27 07:00:00,6.5,34.0,4.15,11.72,9.58,11.4,5.3,0.52,27.69,0.78,3.52,,,,,,66.25,2.15,198.0,0.0,0.0,46.5,,
2024-08-27 08:00:00,9.25,56.25,6.28,13.9,12.5,11.98,6.35,0.69,27.68,0.88,3.7,,,,,,66.5,1.9,206.75,0.0,0.0,87.75,,
2024-08-27 09:00:00,12.67,67.25,5.45,14.65,12.22,12.35,6.72,0.73,30.77,1.25,4.65,,,,,,67.5,1.88,192.5,0.0,0.0,141.5,,
2024-08-27 10:00:00,11.0,58.5,2.88,13.58,9.52,13.1,5.22,0.61,32.24,1.27,4.97,,,,,,66.25,2.28,196.0,0.0,0.0,222.5,,
2024-08-27 11:00:00,7.75,48.5,2.82,11.82,8.62,12.3,4.72,0.62,42.04,1.23,4.8,,,,,,67.0,2.08,223.5,0.0,0.0,286.0,,
2024-08-27 12:00:00,7.0,51.5,3.05,10.78,8.22,12.6,4.68,0.64,47.09,1.23,4.88,,,,,,67.0,2.42,188.75,0.0,0.0,351.25,,
2024-08-27 13:00:00,7.0,50.25,3.18,9.35,7.58,12.85,4.32,0.63,49.1,1.08,4.53,,,,,,66.0,2.22,195.5,0.0,0.0,338.75,,
2024-08-27 14:00:00,6.75,39.0,3.85,9.5,8.22,13.55,3.92,0.72,51.35,0.88,3.9,,,,,,65.0,1.95,196.25,0.0,0.0,217.0,,
2024-08-27 15:00:00,5.75,57.25,2.68,9.98,7.45,14.35,2.42,0.62,50.66,0.8,3.68,,,,,,66.5,1.85,156.25,0.0,0.0,126.75,,
2024-08-27 16:00:00,7.0,60.0,2.68,16.77,11.05,14.9,1.9,0.63,52.48,0.88,4.28,,,,,,66.0,2.33,217.25,0.0,0.0,94.5,,
2024-08-27 17:00:00,13.75,67.0,3.58,21.6,14.38,17.08,2.85,0.71,52.09,1.58,4.82,,,,,,65.5,2.9,260.5,0.0,0.0,44.25,,
2024-08-27 18:00:00,16.25,72.5,1.93,24.78,14.1,18.27,2.1,0.81,47.58,2.62,5.58,,,,,,65.25,2.55,262.0,0.0,0.0,15.75,,
2024-08-27 19:00:00,16.0,77.0,2.68,24.78,15.38,16.55,,0.86,52.87,2.78,6.12,,,,,,65.75,2.85,263.75,0.0,0.0,15.0,,
2024-08-27 20:00:00,14.33,66.25,3.08,21.78,14.12,15.88,2.97,0.88,47.14,2.58,5.72,,,,,,66.5,2.12,276.0,0.0,0.0,15.0,,
2024-08-27 21:00:00,15.0,61.25,2.17,19.68,12.25,15.45,4.35,0.84,46.11,2.45,5.85,,,,,,66.25,2.02,191.5,0.0,0.0,15.0,,
2024-08-27 22:00:00,8.5,61.0,4.03,18.8,13.25,15.15,4.97,0.83,43.95,1.85,5.28,,,,,,67.0,1.95,189.0,0.0,0.0,15.0,,
2024-08-27 23:00:00,7.25,54.0,2.22,16.05,10.35,14.65,4.1,0.79,41.7,1.62,4.82,,,,,,66.5,1.62,158.75,0.0,0.0,15.0,,
2024-08-28 00:00:00,7.75,43.0,3.2,12.98,9.43,14.38,1.38,0.52,37.24,1.4,4.47,,,,,,67.0,1.4,282.25,0.0,0.0,15.0,,
2024-08-28 01:00:00,8.5,49.75,3.15,13.98,9.98,14.4,1.7,0.45,26.26,1.27,4.25,,,,,,66.75,1.0,315.25,0.0,0.0,15.0,,
2024-08-28 02:00:00,13.0,68.5,2.7,15.42,10.38,14.82,6.82,0.59,19.8,1.3,4.32,,,,,,68.5,0.68,247.75,0.0,0.0,15.0,,
2024-08-28 03:00:00,12.5,79.5,4.6,15.45,11.95,14.58,6.75,0.67,26.39,1.3,4.5,,,,,,68.25,0.55,319.25,0.0,0.0,15.75,,
2024-08-28 04:00:00,9.5,35.75,5.1,10.77,9.9,13.38,4.65,0.65,26.17,1.12,4.3,,,,,,67.25,0.48,249.0,0.25,0.25,16.0,,
2024-08-28 05:00:00,5.0,7.75,5.78,10.85,10.48,12.68,4.0,0.6,24.74,1.02,4.3,,,,,,67.0,0.82,246.5,0.25,0.25,16.0,,
2024-08-28 06:00:00,1.0,7.25,7.62,10.72,11.9,11.52,2.62,0.57,28.96,0.9,3.6,,,,,,68.75,0.42,230.75,0.0,0.0,16.0,,
2024-08-28 07:00:00,2.25,12.0,10.15,16.23,16.85,12.08,1.42,0.78,24.84,0.98,3.88,,,,,,67.75,1.52,306.0,0.0,0.0,28.25,,
2024-08-28 08:00:00,8.0,27.0,14.75,21.62,23.52,13.52,4.65,0.94,23.86,1.35,4.9,,,,,,67.0,1.65,268.0,0.0,0.0,61.5,,
2024-08-28 09:00:00,14.0,39.0,16.27,24.0,25.98,14.92,6.3,1.03,22.69,1.75,6.25,,,,,,68.25,1.12,150.25,0.0,0.0,96.0,,
2024-08-28 10:00:00,13.5,48.5,12.6,22.28,22.1,15.1,4.47,0.88,23.37,1.92,7.25,,,,,,68.25,1.38,149.75,0.0,0.0,142.0,,
2024-08-28 11:00:00,10.5,47.75,9.07,19.85,17.95,13.85,2.6,0.97,29.89,1.78,7.32,,,,,,67.75,1.48,205.5,0.0,0.0,146.75,,
2024-08-28 12:00:00,6.5,42.5,5.65,16.85,13.58,12.88,2.92,0.85,34.35,1.55,6.57,,,,,,68.5,1.6,155.75,0.0,0.0,157.75,,
2024-08-28 13:00:00,8.25,44.75,3.85,15.02,11.15,12.3,4.25,0.86,40.77,1.42,6.4,,,,,,68.25,1.38,136.25,0.0,0.0,134.25,,
2024-08-28 14:00:00,8.75,43.0,3.4,16.1,11.32,12.05,3.85,0.72,45.77,1.25,5.95,,,,,,69.0,1.32,180.75,0.0,0.0,99.5,,
2024-08-28 15:00:00,8.75,60.5,3.45,19.08,12.92,12.25,3.42,0.82,42.09,1.58,6.1,,,,,,67.75,1.23,208.5,0.0,0.0,78.0,,
2024-08-28 16:00:00,11.25,64.75,3.62,18.55,12.8,12.08,3.6,0.81,42.82,1.6,6.3,,,,,,67.5,1.4,223.25,0.0,0.0,72.5,,
2024-08-28 17:00:00,14.5,64.0,2.8,27.35,16.85,15.18,4.85,0.87,35.67,1.52,6.98,,,,,,66.75,1.7,277.0,0.0,0.0,35.5,,
2024-08-28 18:00:00,20.5,82.0,2.7,27.88,17.02,15.05,4.45,0.88,30.33,1.72,7.75,,,,,,68.0,2.08,309.0,0.0,0.0,16.0,,
2024-08-28 19:00:00,13.75,53.25,2.92,24.15,15.25,13.77,2.92,0.94,32.29,1.62,6.95,,,,,,68.0,1.88,322.0,0.0,0.0,16.0,,
2024-08-28 20:00:00,7.25,47.25,3.8,22.08,14.85,13.45,1.78,1.04,32.39,1.75,6.98,,,,,,68.0,2.2,289.75,0.0,0.0,16.0,,
2024-08-28 21:00:00,7.75,42.25,4.0,20.25,14.08,13.0,2.1,1.02,35.38,1.62,6.58,,,,,,67.75,2.48,290.0,0.0,0.0,16.0,,
2024-08-28 22:00:00,8.0,36.0,2.82,20.42,13.15,12.27,3.02,0.77,39.44,1.3,5.62,,,,,,68.25,2.55,305.5,0.0,0.0,16.0,,
2024-08-28 23:00:00,12.75,42.0,2.58,17.35,11.32,12.55,5.12,0.74,42.63,1.12,4.82,,,,,,69.0,2.95,263.75,0.0,0.0,16.0,,
2024-08-29 00:00:00,14.75,39.75,1.88,12.77,8.3,12.75,5.22,0.5,46.79,0.9,3.7,,,,,,67.0,3.4,267.25,0.0,0.0,16.0,,
2024-08-29 01:00:00,5.75,33.25,1.0,14.2,8.32,14.08,4.47,0.42,37.63,0.72,2.92,,,,,,68.25,2.65,272.25,0.0,0.0,16.0,,
2024-08-29 02:00:00,8.0,33.25,4.47,28.72,18.95,14.0,3.35,0.57,25.74,0.82,2.88,,,,,,67.5,1.68,165.5,0.0,0.0,16.0,,
2024-08-29 03:00:00,9.0,33.75,3.48,15.98,11.35,13.62,3.28,0.58,33.71,0.82,3.25,,,,,,68.25,1.32,140.0,0.0,0.0,16.0,,
2024-08-29 04:00:00,10.75,42.5,3.5,14.48,10.55,13.52,4.35,0.67,28.32,1.0,4.0,,,,,,68.25,1.7,158.75,0.0,0.0,16.0,,
2024-08-29 05:00:00,7.0,39.25,4.53,11.68,9.93,12.9,6.22,0.66,28.08,1.1,4.2,,,,,,69.25,1.5,150.75,0.25,0.25,16.0,,
2024-08-29 06:00:00,8.5,26.0,5.95,12.62,11.58,11.42,6.55,0.48,25.82,1.05,3.85,,,,,,68.75,1.48,140.5,0.0,0.0,18.5,,
2024-08-29 07:00:00,11.5,32.75,7.18,13.22,12.88,11.1,7.55,0.53,23.47,1.1,4.15,,,,,,69.0,1.78,174.75,0.0,0.0,43.0,,
2024-08-29 08:00:00,8.0,44.25,8.82,12.98,14.08,11.0,6.95,0.66,24.6,1.1,4.53,,,,,,68.75,1.85,192.25,0.0,0.0,112.25,,
2024-08-29 09:00:00,11.0,45.25,6.72,15.02,13.48,11.78,5.98,0.65,23.32,1.27,5.18,,,,,,68.25,2.3,191.75,0.0,0.0,206.5,,
2024-08-29 10:00:00,12.25,45.75,4.82,13.58,11.12,12.2,5.55,0.61,30.18,1.27,5.0,,,,,,69.0,1.98,199.75,0.0,0.0,224.75,,
2024-08-29 11:00:00,13.75,43.75,3.32,13.2,9.7,12.05,3.95,0.54,39.84,1.15,4.9,,,,,,68.5,2.07,204.0,0.0,0.0,319.25,,
2024-08-29 12:00:00,6.0,40.0,2.82,10.25,7.75,12.45,3.5,0.56,42.73,0.98,4.25,,,,,,68.25,1.75,245.5,0.0,0.0,285.0,,
2024-08-29 13:00:00,2.75,36.25,4.1,10.4,8.85,11.23,3.4,0.67,45.52,0.92,3.92,,,,,,68.0,1.75,229.75,0.0,0.0,279.0,,
2024-08-29 14:00:00,3.25,25.0,3.42,8.92,7.55,12.05,3.42,0.72,42.04,1.0,4.12,,,,,,67.0,1.85,214.75,0.0,0.0,279.75,,
2024-08-29 15:00:00,8.0,25.0,2.92,8.88,7.1,12.42,4.12,0.73,43.17,1.05,3.82,,,,,,67.75,1.6,222.25,0.0,0.0,147.75,,
2024-08-29 16:00:00,11.0,59.0,2.62,13.77,9.45,13.22,4.6,0.81,44.39,1.12,4.62,,,,,,67.0,0.78,187.0,0.0,0.0,90.5,,
2024-08-29 17:00:00,12.5,63.75,2.1,19.75,12.22,16.9,6.1,0.79,36.6,1.27,5.75,,,,,,68.25,1.18,246.25,0.0,0.0,46.75,,
2024-08-29 18:00:00,18.75,78.0,2.85,27.72,17.05,16.1,5.7,0.92,32.63,1.48,6.35,,,,,,67.75,1.3,199.75,0.0,0.0,16.75,,
2024-08-29 19:00:00,21.25,,4.4,25.82,17.32,16.45,5.25,1.0,31.12,2.0,7.48,,,,,,67.0,2.28,239.5,0.0,0.0,15.25,,
2024-08-29 20:00:00,12.75,,3.98,27.83,18.05,14.88,4.0,1.15,26.7,2.5,7.65,,,,,,67.75,1.67,200.0,0.0,0.0,15.25,,
2024-08-29 21:00:00,12.25,,6.15,28.48,20.12,14.72,3.35,1.26,28.42,2.28,7.82,,,,,,68.0,2.65,268.25,0.0,0.0,16.0,,
2024-08-29 22:00:00,13.75,,5.25,19.65,14.72,14.5,3.88,1.14,29.11,1.8,6.6,,,,,,67.25,2.33,198.5,0.0,0.0,16.0,,
2024-08-29 23:00:00,13.25,,3.72,16.5,11.78,13.58,3.88,0.81,28.42,1.4,5.58,,,,,,67.75,2.55,199.75,0.0,0.0,16.0,,
2024-08-30 00:00:00,4.25,,2.72,12.35,8.78,12.42,3.85,0.6,30.23,1.0,4.55,,,,,,68.25,2.3,191.5,0.0,0.0,15.5,,
2024-08-30 01:00:00,2.0,,1.83,11.2,7.42,13.98,2.95,0.48,24.6,0.82,4.18,,,,,,67.75,2.3,200.0,0.0,0.0,15.75,,
2024-08-30 02:00:00,2.0,,3.45,11.22,8.77,13.7,2.52,0.53,24.17,0.82,4.45,,,,,,68.25,2.42,211.25,0.0,0.0,16.0,,
2024-08-30 03:00:00,2.75,,3.58,10.8,8.62,14.62,1.75,0.52,28.68,0.8,4.7,,,,,,68.25,2.05,204.25,0.0,0.0,15.25,,
2024-08-30 04:00:00,5.5,,3.78,10.15,8.52,13.65,1.95,0.51,24.25,0.8,4.55,,,,,,67.25,2.28,198.0,0.0,0.0,15.0,,
2024-08-30 05:00:00,5.75,,4.92,11.62,10.18,12.38,3.68,0.6,27.69,0.75,4.07,,,,,,68.0,1.95,184.75,0.0,0.0,15.0,,
2024-08-30 06:00:00,3.25,,5.88,12.98,11.7,11.88,6.18,0.67,24.89,0.72,4.1,,,,,,68.0,2.15,214.75,0.0,0.0,20.75,,
2024-08-30 07:00:00,8.5,,6.98,13.32,12.75,12.08,8.12,0.76,23.86,0.85,4.25,,,,,,69.25,1.78,198.75,0.0,0.0,49.25,,
2024-08-30 08:00:00,13.0,,8.77,13.35,14.22,12.18,6.08,0.84,24.26,1.0,4.3,,,,,,69.5,1.58,184.25,0.0,0.0,72.25,,
2024-08-30 09:00:00,13.75,,7.38,14.42,13.68,15.05,4.92,0.76,20.14,1.32,5.28,,,,,,68.25,1.88,204.75,0.0,0.0,100.25,,
2024-08-30 10:00:00,15.25,,7.2,16.25,14.55,14.0,3.92,0.77,25.18,1.45,5.52,,,,,,68.75,1.88,193.75,0.0,0.0,112.0,,
2024-08-30 11:00:00,14.0,,5.42,16.4,13.15,13.82,3.72,0.73,32.68,1.4,7.25,,,,,,68.5,1.78,199.75,0.0,0.0,172.25,,
2024-08-30 12:00:00,15.75,,4.55,16.62,12.58,13.35,5.82,0.76,36.6,1.4,8.65,,,,,,68.25,1.7,199.5,0.0,0.0,176.75,,
2024-08-30 13:00:00,12.0,,4.2,14.62,11.15,13.22,5.3,0.77,43.51,1.23,8.0,,,,,,69.0,1.92,227.5,0.0,0.0,189.0,,
2024-08-30 14:00:00,11.0,,3.15,13.1,9.52,12.95,4.03,0.68,47.38,1.1,7.28,,,,,,68.5,2.22,201.75,0.0,0.0,198.5,,
2024-08-30 15:00:00,10.0,,2.8,12.8,9.1,13.52,3.42,0.63,49.1,1.02,6.3,,,,,,68.0,2.0,202.5,0.0,0.0,237.25,,
2024-08-30 16:00:00,16.25,,2.78,16.48,11.0,16.05,3.92,0.62,43.9,1.05,6.28,,,,,,67.0,1.68,230.25,0.0,0.0,62.0,,
2024-08-30 17:00:00,17.25,83.0,2.52,22.12,13.82,17.75,4.15,0.7,36.06,1.25,7.12,,,,,,67.25,0.75,251.0,0.0,0.0,18.25,,
2024-08-30 18:00:00,18.0,79.25,7.02,36.65,25.2,23.9,5.72,0.97,28.56,1.85,10.42,,,,,,67.0,1.38,313.75,0.75,0.75,16.0,,
2024-08-30 19:00:00,14.0,62.75,27.55,41.35,44.35,25.3,6.68,0.93,21.26,3.15,12.0,,,,,,68.25,0.65,287.75,0.0,0.0,16.0,,
2024-08-30 20:00:00,2.75,39.75,11.92,20.98,20.85,18.52,3.4,0.7,31.95,2.55,10.1,,,,,,67.25,1.85,245.75,4.25,4.25,16.0,,
2024-08-30 21:00:00,4.25,15.0,7.32,18.8,15.95,16.75,1.55,0.79,34.89,1.82,8.32,,,,,,67.5,1.32,213.25,2.5,2.5,16.0,,
2024-08-30 22:00:00,2.0,6.0,5.42,17.45,13.68,15.12,4.05,0.76,29.2,1.58,8.15,,,,,,68.25,1.7,231.0,0.5,0.5,16.0,,
2024-08-30 23:00:00,,5.75,3.45,15.68,11.15,14.12,5.22,0.61,27.3,1.35,6.95,,,,,,68.25,1.78,234.0,0.0,0.0,16.75,,
2024-08-31 00:00:00,3.0,6.75,3.58,16.23,11.52,12.32,4.28,0.65,28.52,1.1,6.1,,,,,,68.25,2.05,265.0,0.0,0.0,17.0,,
2024-08-31 01:00:00,3.0,11.75,2.35,13.92,9.27,12.92,2.75,0.45,23.96,0.95,5.68,,,,,,68.25,1.88,233.0,0.0,0.0,17.0,,
2024-08-31 02:00:00,4.5,11.75,3.62,14.58,10.7,12.65,5.22,0.54,25.54,0.88,5.9,,,,,,68.5,1.72,196.25,0.0,0.0,17.0,,
2024-08-31 03:00:00,8.0,13.75,3.05,9.68,7.62,13.02,4.53,0.46,35.08,0.75,5.0,,,,,,69.5,1.8,212.75,0.0,0.0,17.0,,
2024-08-31 04:00:00,5.25,13.0,3.35,10.68,8.4,12.25,5.25,0.42,27.64,0.72,4.5,,,,,,69.0,1.52,268.25,0.0,0.0,16.25,,
2024-08-31 05:00:00,7.25,13.0,5.2,11.95,10.55,11.35,6.62,0.59,29.15,0.68,4.1,,,,,,69.5,1.23,329.67,0.0,0.0,15.0,,
2024-08-31 06:00:00,11.75,16.5,4.92,14.12,11.55,11.25,4.08,0.6,26.17,0.7,4.0,,,,,,69.5,1.3,199.5,0.0,0.0,24.0,,
2024-08-31 07:00:00,12.75,27.75,8.32,16.05,15.3,11.45,2.3,0.66,23.86,0.7,4.0,,,,,,70.5,1.42,203.25,0.0,0.0,59.5,,
2024-08-31 08:00:00,10.25,36.25,10.88,16.85,17.88,12.52,2.1,0.75,23.96,0.7,4.0,,,,,,69.75,1.75,215.25,0.0,0.0,93.5,,
2024-08-31 09:00:00,13.25,53.75,9.25,16.4,16.25,14.3,1.07,0.69,21.12,1.05,5.07,,,,,,69.0,1.85,211.25,0.0,0.0,138.0,,
2024-08-31 10:00:00,11.0,50.0,8.55,15.95,15.45,13.95,2.6,0.88,22.44,1.45,6.25,,,,,,68.0,1.8,221.0,0.0,0.0,213.0,,
2024-08-31 11:00:00,,,,,,,,,,,,,,,,,,,,,0.0,,,
2024-08-31 12:00:00,,,,,,,,,,,,,,,,,,,,,0.0,,,
2024-08-31 13:00:00,,,,,,,,,,,,,,,,,,,,,0.0,,,
2024-08-31 14:00:00,,,,,,,,,,,,,,,,,,,,,0.0,,,
2024-08-31 15:00:00,,,,,,,,,,,,,,,,,,,,,0.0,,,
2024-08-31 16:00:00,15.75,39.0,3.75,12.32,9.57,16.23,3.88,0.62,36.8,0.95,5.08,,,,,,67.25,1.58,258.5,0.0,0.0,166.5,,
2024-08-31 17:00:00,11.75,38.75,3.12,12.95,9.4,16.6,5.48,0.64,26.95,0.98,5.38,,,,,,67.5,1.3,296.5,0.0,0.0,49.25,,
2024-08-31 18:00:00,10.5,41.75,3.7,16.55,11.75,15.95,6.35,0.7,24.01,1.23,6.38,,,,,,69.25,1.0,215.5,0.0,0.0,15.25,,
2024-08-31 19:00:00,10.75,60.0,7.48,23.42,18.52,16.02,5.25,0.89,20.78,1.58,7.52,,,,,,68.0,0.5,282.33,0.0,0.0,15.0,,
2024-08-31 20:00:00,18.25,93.25,21.42,25.9,31.2,18.92,3.75,1.13,21.7,2.1,9.4,,,,,,68.5,0.4,205.0,0.0,0.0,15.0,,
2024-08-31 21:00:00,24.5,131.25,31.3,28.02,40.35,21.35,6.42,1.52,24.16,2.5,12.3,,,,,,69.5,0.42,128.25,0.0,0.0,15.0,,
2024-08-31 22:00:00,21.75,124.25,26.67,25.5,35.25,20.88,9.45,1.33,24.11,2.45,12.05,,,,,,68.0,1.27,280.25,0.0,0.0,15.0,,
2024-08-31 23:00:00,18.0,92.0,18.77,18.53,25.1,18.37,10.5,1.15,23.46,2.1,10.07,,,,,,68.33,1.53,315.33,0.0,0.0,15.0,,
2024-09-01 00:00:00,10.25,31.5,11.52,13.98,16.82,17.25,9.18,0.56,24.84,1.65,8.15,,,,,,68.0,1.68,283.0,0.0,0.0,15.0,,
2024-09-01 01:00:00,7.75,20.75,7.35,12.72,12.75,17.78,6.68,0.43,20.04,1.52,7.28,,,,,,67.0,1.65,267.75,0.0,0.0,15.25,,
2024-09-01 02:00:00,5.75,29.0,5.95,11.02,10.65,16.4,4.25,0.76,21.95,1.32,6.45,,,,,,68.0,2.15,301.25,0.0,0.0,15.0,,
2024-09-01 03:00:00,1.75,18.0,4.47,10.0,8.98,16.92,3.15,0.72,27.11,1.1,5.4,,,,,,68.5,1.62,302.25,0.0,0.0,15.0,,
2024-09-01 04:00:00,3.5,20.75,4.82,12.02,10.32,14.92,5.88,0.76,23.03,1.0,5.0,,,,,,68.5,1.68,278.5,0.0,0.0,15.0,,
2024-09-01 05:00:00,10.5,29.0,6.18,12.92,11.9,14.72,7.52,0.78,26.61,1.05,5.12,,,,,,67.5,1.8,298.25,0.0,0.0,15.0,,
2024-09-01 06:00:00,8.75,29.5,6.22,12.82,11.9,14.5,7.8,0.54,26.85,0.95,4.6,,,,,,69.0,1.82,250.5,0.0,0.0,60.5,,
2024-09-01 07:00:00,8.25,33.75,7.12,12.3,12.35,14.62,7.15,0.58,26.36,0.95,4.68,,,,,,69.25,2.17,253.0,0.0,0.0,177.5,,
2024-09-01 08:00:00,8.5,39.25,5.12,11.82,10.48,15.2,6.18,0.54,30.33,0.95,4.25,,,,,,68.0,2.6,258.0,0.0,0.0,295.5,,
2024-09-01 09:00:00,6.75,30.75,3.0,10.8,8.18,17.1,5.3,0.46,28.13,0.9,3.95,,,,,,67.75,2.6,247.25,0.0,0.0,391.0,,
2024-09-01 10:00:00,6.75,30.25,2.58,9.22,6.98,16.05,2.1,0.52,36.06,0.9,3.72,,,,,,67.0,2.62,262.75,0.0,0.0,426.75,,
2024-09-01 11:00:00,8.25,29.25,3.52,9.02,7.62,16.0,,0.54,39.3,0.82,3.4,,,,,,67.5,2.42,248.25,0.0,0.0,288.75,,
2024-09-01 12:00:00,6.0,25.75,2.82,9.3,7.22,16.18,3.07,0.57,43.03,0.8,3.38,,,,,,67.5,2.38,255.25,0.0,0.0,343.75,,
2024-09-01 13:00:00,6.0,29.0,3.25,9.8,7.85,17.95,3.88,0.68,49.54,0.72,3.18,,,,,,66.25,2.33,253.5,0.0,0.0,395.0,,
2024-09-01 14:00:00,5.25,25.5,2.72,10.85,8.0,20.2,3.4,0.75,50.47,0.75,3.25,,,,,,66.5,1.8,255.0,0.0,0.0,232.5,,
2024-09-01 15:00:00,2.75,30.25,2.58,10.35,7.55,20.78,4.35,0.75,49.84,0.78,3.58,,,,,,66.5,1.88,267.75,0.0,0.0,213.0,,
2024-09-01 16:00:00,2.75,25.25,2.5,12.6,8.7,21.05,3.35,0.81,48.26,0.78,3.42,,,,,,65.75,1.35,264.25,0.0,0.0,107.5,,
2024-09-01 17:00:00,6.0,39.0,2.12,20.2,12.45,21.92,1.23,0.75,37.48,1.05,4.58,,,,,,64.5,2.55,296.25,0.0,0.0,31.0,,
2024-09-01 18:00:00,9.0,48.25,3.65,17.6,12.32,18.5,0.5,0.77,35.33,1.15,4.75,,,,,,65.5,2.15,298.0,0.0,0.0,16.75,,
2024-09-01 19:00:00,10.0,42.5,3.92,20.45,14.0,17.4,1.15,0.86,29.69,1.3,5.4,,,,,,66.75,0.9,276.5,0.0,0.0,16.0,,
2024-09-01 20:00:00,12.0,49.25,8.12,21.0,17.75,18.38,3.78,0.81,25.87,1.38,5.55,,,,,,66.75,1.27,248.5,0.0,0.0,16.0,,
2024-09-01 21:00:00,8.25,43.5,6.48,15.6,13.58,17.5,6.22,0.95,31.07,1.12,4.68,,,,,,66.75,0.85,228.25,0.0,0.0,16.0,,
2024-09-01 22:00:00,6.5,33.75,5.85,18.95,14.85,17.32,6.68,0.97,29.79,1.05,4.5,,,,,,67.25,1.68,302.0,0.0,0.0,15.75,,
2024-09-01 23:00:00,8.0,34.25,3.48,15.4,11.02,16.42,7.18,0.89,34.0,0.98,4.12,,,,,,66.0,2.45,334.25,0.0,0.0,16.0,,
2024-09-02 00:00:00,6.75,27.5,2.68,11.7,8.38,16.02,3.0,0.6,36.6,0.75,3.45,,,,,,67.25,2.0,331.25,0.0,0.0,16.0,,
2024-09-02 01:00:00,5.0,22.25,1.42,13.27,8.18,17.23,0.75,0.5,28.47,0.72,3.35,,,,,,67.25,2.12,311.5,0.0,0.0,16.0,,
2024-09-02 02:00:00,11.0,19.75,2.6,9.88,7.35,15.38,3.78,0.5,32.47,0.8,3.3,,,,,,67.25,2.28,290.5,0.0,0.0,16.0,,
2024-09-02 03:00:00,10.0,19.0,3.35,9.55,7.82,16.32,6.15,0.48,33.91,0.7,3.05,,,,,,67.0,1.62,312.5,0.0,0.0,16.0,,
2024-09-02 04:00:00,7.5,25.0,3.52,11.8,9.12,14.0,4.05,0.48,30.18,0.8,3.08,,,,,,67.0,1.85,331.75,0.0,0.0,16.0,,
2024-09-02 05:00:00,9.75,23.5,4.75,12.88,10.7,14.2,2.5,0.58,31.06,0.75,3.12,,,,,,67.75,1.3,313.0,0.0,0.0,16.0,,
2024-09-02 06:00:00,11.25,24.0,5.38,13.28,11.45,13.65,3.42,0.63,28.42,0.75,3.2,,,,,,69.25,1.08,289.25,0.0,0.0,32.0,,
2024-09-02 07:00:00,10.25,48.0,6.75,18.95,15.58,13.7,5.12,0.78,27.83,1.0,3.85,,,,,,69.0,1.6,246.0,0.0,0.0,91.0,,
2024-09-02 08:00:00,15.5,77.25,7.15,21.08,17.02,14.68,6.5,0.86,29.49,1.15,4.28,,,,,,69.25,1.5,208.0,0.0,0.0,165.75,,
2024-09-02 09:00:00,18.25,81.25,4.97,21.88,15.68,16.12,7.22,0.77,27.39,1.48,5.55,,,,,,68.5,2.02,225.75,0.0,0.0,312.0,,
2024-09-02 10:00:00,13.0,71.25,3.52,15.18,11.0,14.55,4.72,0.69,38.47,1.38,5.18,,,,,,68.25,2.4,221.25,0.0,0.0,388.5,,
2024-09-02 11:00:00,12.33,61.0,2.83,12.4,8.9,14.93,2.1,0.63,41.23,1.1,4.73,,,,,,67.33,1.97,241.67,0.0,0.0,416.0,,
2024-09-02 12:00:00,10.0,50.0,2.85,11.65,8.48,15.72,3.72,0.64,46.94,1.0,4.4,,,,,,66.75,2.33,240.5,0.0,0.0,420.5,,
2024-09-02 13:00:00,7.25,48.25,3.12,11.88,8.85,17.73,6.22,0.71,56.6,0.88,4.05,,,,,,67.0,2.1,219.75,0.0,0.0,451.25,,
2024-09-02 14:00:00,8.75,52.75,2.55,12.55,8.7,19.7,4.6,0.71,59.19,0.9,4.05,,,,,,66.5,2.42,236.0,0.0,0.0,381.75,,
2024-09-02 15:00:00,10.5,57.25,3.0,13.58,9.7,21.65,5.12,0.71,58.06,0.92,3.65,,,,,,64.75,2.9,270.0,0.0,0.0,312.0,,
2024-09-02 16:00:00,8.75,62.0,2.3,15.92,10.3,23.1,2.88,0.7,49.88,0.95,4.18,,,,,,65.5,3.28,309.5,0.0,0.0,148.5,,
2024-09-02 17:00:00,8.25,56.25,2.78,17.35,11.48,20.82,0.48,0.67,45.03,1.02,4.25,,,,,,65.0,2.88,311.25,0.0,0.0,38.25,,
2024-09-02 18:00:00,10.25,57.0,2.98,22.4,14.32,19.5,1.85,0.78,46.6,1.2,5.62,,,,,,66.0,2.78,320.0,0.0,0.0,16.5,,
2024-09-02 19:00:00,12.75,,3.4,22.98,14.98,18.38,1.35,0.88,45.42,1.52,5.85,,,,,,65.5,2.9,329.5,0.0,0.0,16.0,,
2024-09-02 20:00:00,10.75,,2.4,16.42,10.7,19.48,2.12,0.88,64.78,1.5,5.65,,,,,,66.25,4.9,337.25,0.0,0.0,16.0,,
2024-09-02 21:00:00,13.75,,3.02,11.9,8.78,22.02,3.68,0.87,63.6,1.08,4.12,,,,,,66.5,3.95,339.0,0.0,0.0,16.0,,
2024-09-02 22:00:00,7.25,,3.1,14.0,9.95,19.73,1.8,0.86,47.43,0.92,3.6,,,,,,66.0,3.1,321.0,0.0,0.0,16.0,,
2024-09-02 23:00:00,7.25,,2.05,10.65,7.35,19.45,,0.74,42.97,0.75,3.05,,,,,,65.5,3.02,304.5,1.5,1.5,16.0,,
2024-09-03 00:00:00,5.25,,2.2,7.05,5.52,18.82,1.43,0.46,37.29,0.57,2.45,,,,,,67.0,2.35,334.0,17.5,17.5,16.0,,
2024-09-03 01:00:00,6.0,,1.75,7.5,5.32,17.4,2.15,0.48,32.83,0.52,2.52,,,,,,67.5,0.75,340.33,1.25,1.25,16.0,,
2024-09-03 02:00:00,5.75,,3.6,9.7,8.07,16.35,2.72,0.54,30.9,0.65,3.15,,,,,,67.5,0.4,,1.0,1.0,16.0,,
2024-09-03 03:00:00,5.25,,7.95,18.52,16.32,19.92,4.2,0.57,26.13,0.9,3.9,,,,,,67.5,0.48,282.75,0.0,0.0,16.0,,
2024-09-03 04:00:00,6.5,,13.52,23.55,23.5,18.85,4.05,0.62,23.91,2.08,6.62,,,,,,68.0,0.52,286.75,0.0,0.0,16.0,,
2024-09-03 05:00:00,9.5,,10.82,19.88,19.3,16.55,3.4,0.61,27.88,1.32,4.95,,,,,,68.25,0.3,237.33,0.0,0.0,16.0,,
2024-09-03 06:00:00,14.5,,18.12,22.65,26.8,17.15,2.75,0.68,23.28,1.18,4.35,,,,,,68.25,0.3,263.75,0.0,0.0,16.5,,
2024-09-03 07:00:00,15.25,,15.98,23.75,25.6,16.4,2.05,0.87,24.5,1.18,4.5,,,,,,69.0,0.3,238.5,0.25,0.25,42.75,,
2024-09-03 08:00:00,13.75,,23.95,30.72,35.8,20.45,3.8,0.98,22.05,1.6,5.3,,,,,,68.75,0.3,259.25,0.0,0.0,106.5,,
2024-09-03 09:00:00,15.25,,18.85,32.33,32.52,20.5,3.32,1.03,25.09,1.9,6.7,,,,,,69.75,0.55,317.5,0.0,0.0,166.75,,
2024-09-03 10:00:00,13.25,,11.48,23.7,21.92,17.58,3.53,0.84,32.04,1.85,6.78,,,,,,68.25,1.7,268.75,0.0,0.0,256.75,,
2024-09-03 11:00:00,14.5,,4.48,21.85,15.28,16.27,2.68,0.75,42.48,1.62,6.32,,,,,,68.5,2.0,282.75,0.0,0.0,243.25,,
2024-09-03 12:00:00,14.25,48.0,4.15,15.65,11.68,15.92,3.22,0.76,45.08,1.45,6.05,,,,,,67.25,1.92,305.0,0.0,0.0,171.5,,
2024-09-03 13:00:00,9.0,51.75,3.38,17.48,12.02,16.6,3.28,0.81,48.36,1.23,5.62,,,,,,67.5,1.85,305.5,0.0,0.0,191.5,,
2024-09-03 14:00:00,10.25,62.75,2.98,15.55,10.75,16.72,4.32,0.78,49.24,1.2,5.32,,,,,,67.0,2.08,267.75,0.0,0.0,223.75,,
2024-09-03 15:00:00,13.25,62.0,3.12,15.38,10.7,16.75,3.92,0.73,47.04,1.1,5.03,,,,,,66.5,1.88,263.5,0.0,0.0,190.0,,
2024-09-03 16:00:00,10.25,63.75,2.78,17.55,11.58,19.18,2.68,0.72,42.92,1.35,5.5,,,,,,66.5,2.22,283.25,0.0,0.0,103.75,,
2024-09-03 17:00:00,8.0,65.0,2.5,17.65,11.42,17.62,2.17,0.73,55.37,1.38,5.68,,,,,,67.25,2.95,310.5,0.0,0.0,38.75,,
2024-09-03 18:00:00,9.25,55.5,2.4,16.88,10.98,17.4,3.82,0.77,55.08,1.35,5.62,,,,,,67.5,2.92,327.0,0.0,0.0,16.0,,
2024-09-03 19:00:00,12.5,60.25,2.58,18.42,11.92,17.5,5.45,0.79,54.24,1.25,5.75,,,,,,67.5,3.05,339.67,0.0,0.0,16.0,,
2024-09-03 20:00:00,11.0,49.25,3.6,14.92,10.85,16.08,5.2,0.78,46.01,1.1,4.58,,,,,,66.5,3.3,345.25,6.75,6.75,16.0,,
2024-09-03 21:00:00,9.75,34.75,3.12,11.85,8.85,13.8,5.25,0.68,37.93,0.82,3.68,,,,,,68.25,0.6,304.25,1.5,1.5,16.0,,
2024-09-03 22:00:00,5.0,13.75,3.62,12.98,9.82,13.5,7.98,0.77,29.3,0.92,5.28,,,,,,68.5,0.45,268.0,0.75,0.75,16.0,,
2024-09-03 23:00:00,2.75,9.25,4.5,20.52,14.55,14.52,9.35,0.89,25.38,1.15,6.72,,,,,,68.0,0.92,,0.25,0.25,16.0,,
2024-09-04 00:00:00,5.0,18.25,4.62,25.17,17.15,18.17,4.08,0.81,21.02,1.32,6.58,,,,,,68.25,0.4,267.67,0.0,0.0,16.0,,
2024-09-04 01:00:00,5.0,24.75,7.62,27.08,20.62,19.05,0.9,0.87,20.97,1.45,7.0,,,,,,69.0,0.95,334.0,0.0,0.0,16.0,,
2024-09-04 02:00:00,5.25,24.0,10.07,28.52,23.33,19.4,2.35,0.86,21.89,1.55,7.38,,,,,,68.25,0.8,315.0,0.0,0.0,16.0,,
2024-09-04 03:00:00,6.25,25.0,7.22,19.27,16.12,20.7,2.95,0.77,28.36,1.52,7.25,,,,,,68.75,0.45,328.25,0.0,0.0,16.0,,
2024-09-04 04:00:00,8.25,30.25,8.12,16.1,15.2,18.35,2.02,0.85,26.41,1.3,6.02,,,,,,69.0,0.3,346.0,0.0,0.0,16.0,,
2024-09-04 05:00:00,11.25,47.75,8.07,15.55,14.82,16.5,2.58,0.78,25.53,1.25,5.52,,,,,,69.75,0.3,352.0,0.0,0.0,16.0,,
2024-09-04 06:00:00,11.25,51.75,8.38,14.98,14.75,16.0,4.65,0.8,23.81,1.2,5.5,,,,,,69.5,0.3,,0.0,0.0,21.25,,
2024-09-04 07:00:00,15.5,47.5,9.9,15.6,16.3,16.23,5.32,0.91,24.65,1.27,5.62,,,,,,69.75,0.3,,0.0,0.0,62.5,,
2024-09-04 08:00:00,8.25,52.5,10.58,21.12,19.85,19.15,2.68,0.94,22.35,1.48,5.92,,,,,,70.25,0.4,,0.0,0.0,89.0,,
2024-09-04 09:00:00,8.25,70.5,11.78,22.65,21.62,19.7,1.68,1.11,23.67,2.05,7.72,,,,,,69.75,0.6,,0.0,0.0,131.75,,
2024-09-04 10:00:00,6.5,62.5,9.75,19.18,18.15,18.38,4.72,1.02,26.8,1.85,7.2,,,,,,69.0,1.1,,0.0,0.0,213.5,,
2024-09-04 11:00:00,9.0,53.0,6.93,19.5,16.0,17.6,6.3,0.91,32.8,1.65,6.53,,,,,,68.0,1.23,,0.0,0.0,235.33,,
2024-09-04 12:00:00,10.0,53.75,5.05,16.18,12.72,17.33,4.7,0.91,42.73,1.48,6.4,,,,,,69.0,1.25,346.0,0.0,0.0,341.25,,
2024-09-04 13:00:00,7.25,49.5,3.2,13.02,9.5,17.3,4.35,0.74,49.15,1.2,5.45,,,,,,67.75,1.55,321.5,0.0,0.0,395.75,,
2024-09-04 14:00:00,7.75,45.5,2.65,11.48,8.27,17.27,6.05,0.68,46.06,1.08,4.88,,,,,,66.75,1.42,322.75,0.0,0.0,267.0,,
2024-09-04 15:00:00,7.5,42.25,3.08,11.08,8.45,18.18,6.82,0.66,39.74,1.15,4.82,,,,,,68.0,1.6,338.0,0.0,0.0,177.0,,
2024-09-04 16:00:00,10.0,55.5,2.02,12.12,8.07,19.5,2.72,0.62,30.38,1.27,5.52,,,,,,68.25,0.88,327.5,0.0,0.0,98.25,,
2024-09-04 17:00:00,12.5,60.0,3.2,14.25,10.18,17.4,0.3,0.68,49.64,1.25,5.58,,,,,,67.25,2.75,324.75,0.0,0.0,39.75,,
2024-09-04 18:00:00,12.25,68.25,3.12,17.48,11.82,17.27,,0.76,42.97,1.27,5.18,,,,,,67.75,1.95,331.0,0.0,0.0,16.0,,
2024-09-04 19:00:00,16.0,67.0,2.55,22.65,14.12,16.88,0.53,0.88,37.63,1.42,5.38,,,,,,68.0,2.1,356.0,0.0,0.0,16.0,,
2024-09-04 20:00:00,16.25,72.75,4.45,26.15,17.48,16.73,5.88,1.1,35.23,1.48,5.7,,,,,,68.0,1.23,338.5,0.0,0.0,16.0,,
2024-09-04 21:00:00,16.25,83.75,3.5,27.48,17.45,16.92,9.82,1.17,33.07,1.58,6.4,,,,,,68.5,1.2,,0.0,0.0,16.0,,
2024-09-04 22:00:00,16.75,97.0,4.62,32.58,21.08,17.05,7.48,1.3,25.92,1.78,7.18,,,,,,68.0,0.9,,0.0,0.0,16.0,,
2024-09-04 23:00:00,23.75,113.75,6.08,37.12,24.68,18.18,5.85,1.3,25.28,1.88,7.6,,,,,,68.0,1.25,,0.0,0.0,16.0,,
2024-09-05 00:00:00,18.5,119.0,4.47,33.5,21.4,19.25,4.78,1.01,20.14,1.98,7.9,,,,,,67.75,1.7,,0.0,0.0,16.0,,
2024-09-05 01:00:00,13.5,108.75,4.15,27.62,18.1,18.75,3.72,0.86,30.09,1.75,6.85,,,,,,68.25,2.33,,0.0,0.0,16.0,,
2024-09-05 02:00:00,11.75,70.0,3.38,30.82,19.1,18.23,4.05,0.66,32.21,1.52,5.68,,,,,,68.25,1.85,,0.0,0.0,16.0,,
2024-09-05 03:00:00,10.25,46.5,2.95,20.82,13.48,18.12,3.75,0.62,38.09,1.5,5.18,,,,,,69.75,1.48,,0.0,0.0,16.0,,
2024-09-05 04:00:00,9.0,49.75,4.92,15.28,12.15,15.98,4.38,0.69,34.2,1.2,4.62,,,,,,68.75,0.9,,0.0,0.0,16.0,,
2024-09-05 05:00:00,13.0,60.0,4.65,16.48,12.58,15.2,5.3,0.73,27.34,1.15,4.85,,,,,,68.25,0.88,,0.0,0.0,16.0,,
2024-09-05 06:00:00,16.0,75.0,5.6,17.5,13.88,14.9,4.88,0.77,23.62,1.32,5.35,,,,,,68.25,1.4,,0.0,0.0,54.5,,
2024-09-05 07:00:00,16.0,73.0,6.28,14.55,12.82,15.45,5.35,0.73,24.4,1.4,5.15,,,,,,68.75,1.7,,0.0,0.0,181.25,,
2024-09-05 08:00:00,15.25,67.75,5.42,13.88,11.78,16.68,4.2,0.71,22.29,1.48,5.3,,,,,,68.0,1.78,313.25,0.0,0.0,299.5,,
2024-09-05 09:00:00,12.75,68.0,4.47,12.88,10.45,15.1,1.82,0.68,29.26,1.32,5.05,,,,,,68.25,2.3,315.75,0.0,0.0,384.25,,
2024-09-05 10:00:00,11.75,63.0,3.08,11.42,8.57,14.18,4.85,0.61,33.66,1.12,4.45,,,,,,67.5,2.3,317.5,0.0,0.0,465.25,,
2024-09-05 11:00:00,10.0,62.25,3.5,10.68,8.52,14.42,5.9,0.61,36.65,1.05,4.62,,,,,,67.75,2.15,305.5,0.0,0.0,515.0,,
2024-09-05 12:00:00,6.75,52.0,3.88,10.68,8.85,17.15,4.53,0.7,39.84,1.08,4.82,,,,,,67.25,2.12,297.5,0.0,0.0,476.0,,
2024-09-05 13:00:00,6.75,54.25,2.95,10.52,7.98,18.4,3.25,0.69,36.41,1.02,4.75,,,,,,66.25,2.0,303.25,0.0,0.0,277.75,,
2024-09-05 14:00:00,10.0,54.5,2.82,11.8,8.55,18.58,3.88,0.7,34.64,0.92,4.8,,,,,,65.75,1.85,323.75,0.0,0.0,124.0,,
2024-09-05 15:00:00,12.0,61.0,3.38,11.82,9.07,19.7,5.18,0.65,29.54,1.0,5.52,,,,,,66.0,1.5,327.25,0.0,0.0,83.75,,
2024-09-05 16:00:00,9.0,61.0,3.12,11.98,8.9,18.38,4.68,0.61,28.52,1.18,6.6,,,,,,66.25,1.12,328.0,0.0,0.0,65.5,,
2024-09-05 17:00:00,9.75,73.75,3.92,14.48,10.95,16.7,5.82,0.65,27.93,1.35,7.88,,,,,,66.0,0.92,332.0,0.0,0.0,22.5,,
2024-09-05 18:00:00,13.25,91.25,5.08,20.02,14.8,17.12,6.58,0.74,23.57,1.42,8.75,,,,,,67.0,0.6,301.25,0.0,0.0,16.0,,
2024-09-05 19:00:00,20.0,116.0,10.25,27.78,23.12,19.27,8.12,0.99,24.01,1.68,9.02,,,,,,67.25,1.6,312.0,0.0,0.0,16.0,,
2024-09-05 20:00:00,23.75,114.25,7.98,23.98,19.18,20.4,5.1,1.02,35.87,1.62,7.7,,,,,,65.0,2.42,350.5,0.0,0.0,16.0,,
2024-09-05 21:00:00,9.25,55.75,3.4,24.2,15.62,19.6,2.22,1.04,37.88,1.32,6.3,,,,,,65.75,1.92,327.25,0.0,0.0,16.0,,
2024-09-05 22:00:00,11.75,56.5,2.85,20.82,13.38,18.82,2.92,0.98,40.92,1.25,5.7,,,,,,66.0,2.05,351.25,0.0,0.0,16.0,,
2024-09-05 23:00:00,10.0,50.25,1.62,16.45,10.1,19.65,4.05,0.84,38.03,1.1,4.92,,,,,,65.5,1.85,338.5,0.25,0.25,16.0,,
2024-09-06 00:00:00,12.25,43.75,2.22,12.98,8.72,18.4,4.62,0.65,42.78,1.05,4.78,,,,,,66.25,2.4,332.5,0.0,0.0,16.0,,
2024-09-06 01:00:00,6.5,36.25,3.12,10.35,8.05,16.3,3.8,0.56,49.39,0.88,3.85,,,,,,66.75,2.85,344.33,0.0,0.0,16.0,,
2024-09-06 02:00:00,5.0,22.75,2.03,11.12,7.6,15.5,3.08,0.51,44.69,0.62,2.97,,,,,,67.0,2.3,336.33,1.0,1.0,16.25,,
2024-09-06 03:00:00,4.5,13.25,2.92,10.25,7.8,18.4,3.92,0.54,37.83,0.6,2.82,,,,,,66.75,1.03,348.0,0.5,0.5,17.0,,
2024-09-06 04:00:00,3.0,7.0,4.85,10.1,9.38,13.88,3.25,0.57,36.36,0.57,2.52,,,,,,68.5,0.6,322.0,0.75,0.75,17.0,,
2024-09-06 05:00:00,3.0,13.25,4.12,12.0,9.72,12.6,2.5,0.61,28.62,0.7,2.92,,,,,,68.75,0.38,329.33,0.25,0.25,17.0,,
2024-09-06 06:00:00,4.5,16.0,6.62,18.55,15.28,13.32,3.6,0.71,24.3,0.8,3.4,,,,,,69.0,0.42,339.0,0.25,0.25,19.0,,
2024-09-06 07:00:00,9.5,26.0,13.78,22.55,23.17,16.55,4.28,0.81,21.7,1.1,4.35,,,,,,69.25,0.3,198.0,0.0,0.0,53.5,,
2024-09-06 08:00:00,11.5,41.25,13.38,26.4,24.92,17.88,2.95,0.85,21.56,1.42,5.32,,,,,,68.25,0.38,353.0,0.0,0.0,105.25,,
2024-09-06 09:00:00,13.75,51.5,11.68,30.22,25.58,17.05,2.1,0.98,29.64,1.65,6.1,,,,,,69.25,1.23,342.0,0.0,0.0,143.0,,
2024-09-06 10:00:00,14.75,54.5,6.8,25.62,19.2,16.15,5.65,0.9,31.36,1.8,6.68,,,,,,68.25,1.4,306.25,0.0,0.0,213.0,,
2024-09-06 11:00:00,10.5,56.25,4.68,17.68,13.22,14.62,6.1,0.86,35.33,1.5,6.22,,,,,,68.5,1.58,340.5,0.0,0.0,207.25,,
2024-09-06 12:00:00,7.67,52.33,4.5,14.63,11.43,13.77,5.0,0.89,37.76,1.3,5.7,,,,,,68.33,1.47,328.67,0.0,0.0,201.33,,
2024-09-06 13:00:00,5.5,57.5,3.53,11.32,8.9,14.25,4.65,0.8,34.15,1.32,5.85,,,,,,68.25,1.6,330.0,0.0,0.0,215.0,,
2024-09-06 14:00:00,8.0,48.5,4.08,10.73,9.0,14.4,3.15,0.72,34.06,1.18,5.08,,,,,,66.75,1.4,307.75,0.0,0.0,194.25,,
2024-09-06 15:00:00,10.5,54.0,3.05,13.28,9.55,15.88,2.75,0.62,30.14,1.12,5.25,,,,,,68.25,1.25,267.75,0.0,0.0,189.25,,
2024-09-06 16:00:00,9.75,65.75,4.58,17.8,13.22,15.65,4.78,0.78,32.14,1.35,6.0,,,,,,67.5,1.18,230.75,0.0,0.0,110.0,,
2024-09-06 17:00:00,13.25,98.5,4.0,22.3,15.08,15.6,5.15,0.94,30.04,1.58,8.02,,,,,,67.5,0.82,147.5,0.0,0.0,50.0,,
2024-09-06 18:00:00,19.5,130.75,9.55,32.45,25.02,16.27,6.62,1.33,23.18,1.88,9.43,,,,,,67.25,0.75,87.0,0.0,0.0,16.0,,
2024-09-06 19:00:00,29.75,184.25,26.02,40.88,42.92,19.92,8.05,1.95,26.12,2.58,12.4,,,,,,66.5,1.25,314.5,0.0,0.0,16.0,,
2024-09-06 20:00:00,38.75,229.75,35.42,49.35,55.05,22.72,7.85,2.34,24.94,3.32,13.65,,,,,,67.5,1.08,243.5,0.0,0.0,16.0,,
2024-09-06 21:00:00,39.25,215.25,31.62,43.65,48.95,21.38,7.35,2.16,23.08,3.22,13.85,,,,,,68.75,0.6,126.75,0.0,0.0,15.5,,
2024-09-06 22:00:00,31.75,163.75,28.58,33.67,41.12,19.75,5.52,2.0,22.0,3.02,13.18,,,,,,68.0,0.65,170.0,0.0,0.0,15.25,,
2024-09-06 23:00:00,23.75,125.0,25.1,29.1,35.85,20.15,3.2,1.56,17.3,2.98,12.65,,,,,,69.0,0.82,291.75,0.0,0.0,15.75,,
2024-09-07 00:00:00,19.5,101.0,26.15,27.78,36.05,19.2,2.1,1.22,18.96,2.8,11.75,,,,,,68.0,0.85,299.5,0.0,0.0,16.0,,
2024-09-07 01:00:00,15.75,101.0,21.5,23.08,29.72,17.58,1.3,0.92,23.13,2.48,10.55,,,,,,68.25,1.42,328.0,7.0,7.0,16.0,,
2024-09-07 02:00:00,8.0,14.0,12.1,11.68,16.05,15.5,3.68,0.58,25.61,2.05,8.75,,,,,,68.0,1.98,348.5,4.0,4.0,16.0,,
2024-09-07 03:00:00,4.25,11.75,9.5,9.38,12.7,14.8,4.45,0.59,40.05,1.48,6.78,,,,,,69.25,0.88,339.5,0.5,0.5,16.0,,
2024-09-07 04:00:00,2.0,7.25,6.2,9.93,10.3,12.02,4.8,0.68,29.79,1.15,5.85,,,,,,68.5,0.75,336.33,0.25,0.25,16.0,,
2024-09-07 05:00:00,2.25,14.75,6.58,11.78,11.62,11.45,4.92,0.69,25.33,1.12,5.85,,,,,,70.0,0.82,276.5,0.25,0.25,16.0,,
2024-09-07 06:00:00,4.0,16.75,7.02,12.78,12.52,12.02,5.5,0.72,24.26,1.2,5.95,,,,,,69.25,0.9,320.0,0.0,0.0,23.5,,
2024-09-07 07:00:00,6.5,22.0,8.77,16.02,15.72,15.55,5.18,0.66,20.58,1.42,6.25,,,,,,68.25,0.95,355.0,0.0,0.0,60.0,,
2024-09-07 08:00:00,5.0,42.75,10.65,17.27,17.82,15.42,4.15,0.87,22.0,1.68,6.65,,,,,,68.75,1.15,289.25,0.0,0.0,107.5,,
2024-09-07 09:00:00,7.0,52.75,9.0,16.08,15.88,14.9,3.22,0.86,24.8,1.62,6.38,,,,,,68.75,1.02,191.0,0.0,0.0,98.75,,
2024-09-07 10:00:00,10.0,57.75,8.05,15.75,14.98,14.12,3.0,0.91,28.12,1.65,6.48,,,,,,69.0,1.05,,0.0,0.0,167.5,,
2024-09-07 11:00:00,9.5,56.5,6.52,15.05,13.35,13.68,3.12,0.93,35.13,2.1,8.95,,,,,,68.5,1.12,353.0,0.0,0.0,233.0,,
2024-09-07 12:00:00,15.75,54.25,3.62,13.32,10.0,13.48,4.7,0.8,34.79,1.75,7.82,,,,,,67.75,1.45,314.75,0.0,0.0,366.25,,
2024-09-07 13:00:00,11.25,50.5,3.12,10.3,8.07,13.2,5.58,0.71,32.78,1.6,6.95,,,,,,67.25,1.88,331.25,0.0,0.0,411.5,,
2024-09-07 14:00:00,9.0,44.25,3.22,9.22,7.58,13.48,4.6,0.63,31.51,1.42,6.02,,,,,,67.5,1.88,327.75,0.0,0.0,308.25,,
2024-09-07 15:00:00,8.75,39.0,1.78,7.62,5.48,15.32,4.28,0.55,27.68,1.5,5.85,,,,,,67.75,1.55,305.25,0.0,0.0,217.0,,
2024-09-07 16:00:00,10.0,40.25,3.58,7.7,7.02,13.65,1.63,0.57,30.38,1.42,5.65,,,,,,67.75,1.35,328.25,0.0,0.0,115.75,,
2024-09-07 17:00:00,13.75,48.5,3.25,11.2,8.6,13.25,0.65,0.64,29.64,1.52,5.52,,,,,,68.0,0.98,351.0,0.0,0.0,38.0,,
2024-09-07 18:00:00,13.75,70.75,4.35,18.35,13.3,14.22,2.22,0.87,24.3,2.05,6.98,,,,,,68.25,0.35,348.0,0.0,0.0,16.0,,
2024-09-07 19:00:00,18.75,110.75,17.15,24.42,26.95,16.42,3.52,1.4,26.07,2.48,8.62,,,,,,68.25,0.48,198.0,0.0,0.0,16.0,,
2024-09-07 20:00:00,27.5,156.25,25.3,27.38,35.08,19.3,4.85,1.73,23.42,2.72,10.4,,,,,,68.0,1.28,267.5,0.0,0.0,16.0,,
2024-09-07 21:00:00,26.0,140.5,14.73,23.22,24.38,16.48,3.92,1.28,23.91,2.58,10.05,,,,,,67.75,1.5,296.25,0.0,0.0,16.0,,
2024-09-07 22:00:00,16.75,53.0,11.72,18.27,19.25,15.38,4.58,1.12,26.56,2.05,8.1,,,,,,68.0,1.27,337.75,0.0,0.0,16.0,,
2024-09-07 23:00:00,13.5,43.75,5.72,15.3,12.78,16.1,4.45,0.84,21.17,1.92,7.6,,,,,,68.25,1.65,,0.0,0.0,16.0,,
2024-09-08 00:00:00,6.0,27.25,3.9,10.9,9.0,14.38,4.58,0.67,27.24,1.6,6.3,,,,,,67.5,1.35,346.0,0.0,0.0,16.0,,
2024-09-08 01:00:00,6.0,7.0,3.38,9.25,7.68,12.72,5.25,0.58,27.64,1.25,5.15,,,,,,66.75,1.67,355.0,0.0,0.0,16.0,,
2024-09-08 02:00:00,9.0,18.0,3.32,9.18,7.58,12.6,2.95,0.56,28.03,1.05,4.65,,,,,,68.0,1.12,300.0,0.0,0.0,16.0,,
2024-09-08 03:00:00,8.5,16.5,5.52,10.2,9.93,13.58,1.83,0.6,38.29,0.95,4.4,,,,,,67.75,1.32,300.0,0.0,0.0,16.0,,
2024-09-08 04:00:00,6.75,16.5,4.05,12.18,9.78,11.85,1.5,0.61,25.92,0.9,4.08,,,,,,68.5,1.33,,0.0,0.0,16.0,,
2024-09-08 05:00:00,8.0,29.5,4.75,11.62,10.02,11.45,2.33,0.62,24.5,0.88,3.95,,,,,,68.25,1.18,,0.0,0.0,16.0,,
2024-09-08 06:00:00,14.0,35.0,5.52,13.22,11.55,12.38,2.02,0.65,24.7,0.88,3.85,,,,,,68.75,1.2,326.0,0.0,0.0,23.0,,
2024-09-08 07:00:00,13.5,53.25,4.9,14.62,11.75,14.35,2.82,0.52,18.96,1.18,4.68,,,,,,68.75,1.5,345.0,0.0,0.0,67.25,,
2024-09-08 08:00:00,11.75,46.25,5.0,13.75,11.35,14.32,1.85,0.69,27.49,1.18,4.58,,,,,,68.0,1.95,332.5,0.0,0.0,126.75,,
2024-09-08 09:00:00,10.25,48.0,4.45,12.62,10.3,13.62,0.82,0.71,28.56,1.18,4.25,,,,,,69.0,1.85,317.5,0.0,0.0,121.5,,
2024-09-08 10:00:00,7.5,41.0,4.25,11.6,9.65,13.05,3.4,0.76,31.12,1.15,4.22,,,,,,68.25,2.05,306.0,0.0,0.0,156.0,,
2024-09-08 11:00:00,6.5,40.5,4.97,11.62,10.22,13.32,4.47,0.77,36.7,1.02,4.0,,,,,,68.75,1.3,323.75,0.0,0.0,161.75,,
2024-09-08 12:00:00,8.0,46.0,4.12,10.52,8.93,13.35,5.05,0.76,35.67,1.05,4.15,,,,,,68.25,1.15,300.0,0.0,0.0,194.75,,
2024-09-08 13:00:00,10.0,41.75,3.18,12.35,9.17,12.98,6.52,0.8,37.73,1.08,4.65,,,,,,68.0,1.2,266.0,0.0,0.0,169.75,,
2024-09-08 14:00:00,13.75,47.0,2.92,11.9,8.75,14.25,4.53,0.72,38.51,1.08,6.25,,,,,,68.25,1.1,266.0,0.0,0.0,178.25,,
2024-09-08 15:00:00,7.0,51.0,3.28,12.2,9.12,14.15,3.08,0.7,34.6,1.18,5.65,,,,,,68.5,0.8,282.5,0.0,0.0,105.75,,
2024-09-08 16:00:00,6.75,61.5,3.08,12.8,9.3,13.78,4.28,0.76,36.06,1.23,5.45,,,,,,68.75,1.0,257.0,0.0,0.0,77.75,,
2024-09-08 17:00:00,7.5,56.0,2.82,16.08,10.85,13.85,6.65,0.83,36.7,1.42,5.9,,,,,,68.5,0.52,125.75,0.0,0.0,33.75,,
2024-09-08 18:00:00,12.25,62.75,4.2,21.65,14.98,13.8,7.52,1.11,28.08,1.7,7.15,,,,,,68.25,0.3,32.0,0.0,0.0,15.0,,
2024-09-08 19:00:00,17.0,100.0,10.58,27.8,23.4,15.45,9.35,1.45,26.8,2.05,8.72,,,,,,69.25,1.2,116.0,0.0,0.0,15.0,,
2024-09-08 20:00:00,23.0,108.25,4.12,22.48,15.32,15.1,5.5,1.14,36.8,2.08,8.55,,,,,,68.75,2.15,,0.0,0.0,15.0,,
2024-09-08 21:00:00,8.25,63.75,2.1,18.95,11.75,16.3,3.08,1.03,43.96,1.62,6.7,,,,,,67.5,2.17,347.0,0.0,0.0,15.25,,
2024-09-08 22:00:00,18.0,70.5,1.58,20.05,11.95,16.73,4.0,0.9,34.79,1.5,6.18,,,,,,67.25,1.65,351.0,0.0,0.0,15.5,,
2024-09-08 23:00:00,17.0,66.5,2.47,19.73,12.52,16.25,3.88,0.94,28.17,1.6,6.3,,,,,,68.75,1.2,328.0,0.0,0.0,15.5,,
2024-09-09 00:00:00,12.75,64.25,2.88,18.27,12.02,15.25,3.7,0.82,29.45,1.5,5.9,,,,,,68.0,1.4,341.5,0.0,0.0,15.0,,
2024-09-09 01:00:00,8.5,47.5,3.48,13.95,10.3,14.18,2.75,0.7,27.64,1.3,5.25,,,,,,67.75,1.78,338.0,0.0,0.0,15.0,,
2024-09-09 02:00:00,6.0,25.5,3.15,9.07,7.4,12.35,3.92,0.64,28.03,1.08,4.35,,,,,,67.75,1.83,345.0,0.0,0.0,15.0,,
2024-09-09 03:00:00,2.5,9.0,3.12,7.15,6.38,12.6,5.85,0.6,34.76,0.8,3.5,,,,,,68.5,1.75,344.5,0.0,0.0,15.0,,
2024-09-09 04:00:00,1.5,11.5,3.38,7.38,6.62,10.98,7.15,0.59,28.18,0.7,3.08,,,,,,68.0,1.6,354.0,0.0,0.0,15.0,,
2024-09-09 05:00:00,3.75,21.5,3.75,9.07,7.88,10.58,7.25,0.6,24.65,0.72,3.0,,,,,,68.25,1.5,,0.0,0.0,15.0,,
2024-09-09 06:00:00,5.75,32.25,4.88,11.12,9.88,11.88,7.52,0.53,19.8,0.72,3.22,,,,,,68.0,1.4,323.67,0.0,0.0,20.25,,
2024-09-09 07:00:00,6.5,46.25,7.92,13.95,13.88,12.45,7.1,0.6,19.84,0.95,3.9,,,,,,68.25,1.48,274.0,0.0,0.0,61.75,,
2024-09-09 08:00:00,12.5,65.0,10.15,18.3,17.98,12.95,4.65,0.78,22.93,1.15,4.3,,,,,,68.25,2.28,349.25,0.0,0.0,70.25,,
2024-09-09 09:00:00,16.75,83.0,9.93,20.4,18.92,13.08,2.35,0.88,24.75,1.5,5.15,,,,,,68.0,2.08,319.75,0.0,0.0,130.0,,
2024-09-09 10:00:00,14.75,77.75,7.9,18.5,16.27,12.72,4.65,0.87,33.32,1.48,5.2,,,,,,68.0,2.35,283.75,0.0,0.0,248.25,,
2024-09-09 11:00:00,11.75,61.75,4.5,14.9,11.58,13.0,5.6,0.67,36.36,1.15,4.45,,,,,,67.5,2.38,264.75,0.0,0.0,272.0,,
2024-09-09 12:00:00,15.0,60.0,3.55,12.4,9.48,13.25,4.88,0.62,35.08,1.0,4.28,,,,,,68.0,2.1,301.25,0.0,0.0,128.0,,
2024-09-09 13:00:00,17.5,55.75,3.28,12.28,9.2,13.52,4.47,0.62,36.55,0.9,4.25,,,,,,66.75,1.78,265.5,0.0,0.0,141.75,,
2024-09-09 14:00:00,16.0,52.0,2.33,13.02,8.8,15.27,3.5,0.57,36.31,0.95,4.7,,,,,,66.5,2.0,249.5,0.0,0.0,270.75,,
2024-09-09 15:00:00,14.25,53.5,3.55,13.0,9.78,14.58,0.62,0.63,45.86,1.0,4.65,,,,,,68.0,1.55,262.25,0.0,0.0,213.25,,
2024-09-09 16:00:00,12.5,60.5,3.55,15.48,11.1,14.5,2.88,0.68,46.5,1.2,5.0,,,,,,67.5,1.52,280.0,0.0,0.0,126.75,,
2024-09-09 17:00:00,20.25,71.0,2.88,18.65,12.28,14.02,5.18,0.74,42.53,1.62,5.25,,,,,,68.25,1.15,288.75,0.0,0.0,60.0,,
2024-09-09 18:00:00,12.5,83.5,4.18,22.15,15.22,14.32,5.35,0.95,46.7,1.58,5.95,,,,,,66.75,1.95,339.33,0.0,0.0,15.25,,
2024-09-09 19:00:00,14.0,83.0,3.35,21.8,14.3,15.62,6.75,1.01,46.94,1.42,5.42,,,,,,66.5,2.9,352.0,0.0,0.0,15.0,,
2024-09-09 20:00:00,13.75,50.75,3.0,20.08,13.08,15.4,3.65,1.03,41.06,1.3,5.1,,,,,,66.75,2.9,337.0,0.0,0.0,15.0,,
2024-09-09 21:00:00,12.75,52.25,3.1,20.5,13.45,15.85,0.85,1.04,33.81,1.3,5.22,,,,,,66.75,2.92,325.5,0.0,0.0,15.0,,
2024-09-09 22:00:00,11.75,52.0,2.28,23.88,14.6,17.08,1.5,0.95,25.18,1.48,5.82,,,,,,66.25,2.02,340.5,0.0,0.0,15.25,,
2024-09-09 23:00:00,11.0,56.5,3.75,21.78,14.6,15.05,0.3,0.88,27.73,1.5,5.88,,,,,,66.5,1.48,338.33,0.0,0.0,16.0,,
2024-09-10 00:00:00,11.25,49.25,4.5,19.02,13.78,14.22,1.55,0.75,26.02,1.4,5.75,,,,,,67.75,1.4,326.5,0.0,0.0,15.5,,
2024-09-10 01:00:00,11.75,41.0,4.2,17.12,12.55,13.38,1.75,0.66,24.2,1.3,5.52,,,,,,67.75,1.2,335.67,0.0,0.0,15.5,,
2024-09-10 02:00:00,11.0,38.5,6.38,16.5,13.92,12.68,3.08,0.68,26.46,1.15,5.38,,,,,,68.5,1.2,311.0,0.0,0.0,15.0,,
2024-09-10 03:00:00,9.5,29.0,4.35,13.05,10.5,13.08,2.15,0.63,31.62,0.98,5.03,,,,,,67.75,1.72,351.75,0.0,0.0,15.0,,
2024-09-10 04:00:00,4.0,21.75,4.58,9.2,8.57,11.4,4.97,0.57,27.14,0.82,4.2,,,,,,68.5,1.68,348.67,0.0,0.0,15.0,,
2024-09-10 05:00:00,1.25,19.0,4.15,8.68,8.05,10.62,5.95,0.56,25.78,0.75,3.8,,,,,,68.0,1.35,357.0,0.0,0.0,15.0,,
2024-09-10 06:00:00,3.0,25.25,4.22,11.32,9.52,12.58,3.78,0.45,21.02,0.8,3.88,,,,,,67.0,1.8,326.0,0.0,0.0,49.25,,
2024-09-10 07:00:00,7.5,40.75,8.18,13.4,13.8,12.4,2.55,0.66,24.99,0.92,3.97,,,,,,69.0,1.68,266.0,0.0,0.0,149.75,,
2024-09-10 08:00:00,14.0,60.0,7.0,16.42,14.45,12.88,6.5,0.71,29.69,1.08,4.22,,,,,,67.5,2.52,270.25,0.0,0.0,283.25,,
2024-09-10 09:00:00,18.0,64.75,5.8,16.05,13.22,12.85,7.55,0.7,35.08,1.12,4.58,,,,,,68.75,2.62,261.0,0.0,0.0,387.75,,
2024-09-10 10:00:00,13.25,61.0,3.92,13.82,10.52,13.38,4.58,0.67,45.37,0.95,3.9,,,,,,66.25,3.18,236.25,0.0,0.0,464.5,,
2024-09-10 11:00:00,16.0,61.25,3.0,12.2,8.92,14.8,2.95,0.59,47.14,1.0,3.97,,,,,,66.75,3.45,257.0,0.0,0.0,503.5,,
2024-09-10 12:00:00,11.75,60.25,2.85,10.78,8.0,16.0,3.6,0.56,46.01,0.98,3.62,,,,,,66.25,2.88,262.0,0.0,0.0,460.25,,
2024-09-10 13:00:00,9.5,55.0,2.5,11.0,7.85,18.95,4.6,0.55,50.13,0.92,3.7,,,,,,65.5,3.25,242.75,0.0,0.0,425.25,,
2024-09-10 14:00:00,12.75,48.0,2.95,12.05,8.8,19.82,3.88,0.54,40.38,0.95,3.7,,,,,,66.0,3.25,244.75,0.0,0.0,324.75,,
2024-09-10 15:00:00,8.25,49.0,3.5,12.42,9.42,17.18,3.48,0.55,44.54,0.88,3.58,,,,,,65.0,3.15,226.75,0.0,0.0,286.5,,
2024-09-10 16:00:00,7.25,52.0,3.45,14.1,10.3,16.98,3.2,0.57,45.62,0.92,3.92,,,,,,65.5,3.18,251.0,0.0,0.0,132.0,,
2024-09-10 17:00:00,11.0,78.0,3.05,17.62,11.88,17.05,3.72,0.67,40.08,1.15,4.65,,,,,,65.25,2.17,235.0,0.0,0.0,42.0,,
2024-09-10 18:00:00,13.0,80.0,3.75,23.82,15.7,19.42,3.92,0.88,36.16,1.25,5.88,,,,,,65.5,1.5,186.25,0.0,0.0,15.25,,
2024-09-10 19:00:00,20.0,83.75,3.68,24.02,15.8,20.65,6.18,0.98,37.39,1.52,6.2,,,,,,64.5,1.72,293.25,0.0,0.0,15.0,,
2024-09-10 20:00:00,23.25,78.5,4.0,23.78,15.9,20.1,6.88,1.11,31.16,1.7,6.68,,,,,,65.75,1.12,262.25,0.0,0.0,15.75,,
2024-09-10 21:00:00,20.75,82.0,4.85,21.7,15.5,20.0,6.75,1.07,29.11,1.72,6.82,,,,,,64.75,1.35,328.75,0.0,0.0,16.0,,
2024-09-10 22:00:00,12.75,77.5,4.35,22.68,15.6,20.15,3.92,1.0,22.98,1.78,6.85,,,,,,66.0,0.95,315.0,0.0,0.0,16.0,,
2024-09-10 23:00:00,18.25,73.5,5.12,22.28,15.98,17.15,2.22,0.95,24.65,1.82,7.15,,,,,,66.25,1.0,283.5,0.0,0.0,15.75,,
2024-09-11 00:00:00,15.75,66.25,4.88,16.8,12.88,15.75,1.52,0.76,25.34,1.7,6.9,,,,,,66.5,1.42,279.25,0.0,0.0,15.5,,
2024-09-11 01:00:00,6.5,36.0,4.6,10.78,9.43,14.68,3.75,0.66,28.57,1.48,5.8,,,,,,66.25,1.42,296.0,0.0,0.0,15.0,,
2024-09-11 02:00:00,7.75,21.5,4.62,8.38,8.18,15.02,4.0,0.61,30.77,1.1,4.75,,,,,,66.5,1.62,304.0,0.0,0.0,15.0,,
2024-09-11 03:00:00,6.5,13.5,3.55,8.35,7.35,16.35,3.6,0.57,30.84,0.9,4.2,,,,,,66.5,1.58,286.75,0.0,0.0,15.0,,
2024-09-11 04:00:00,5.25,11.25,3.97,7.58,7.25,14.25,1.95,0.55,28.72,0.8,3.88,,,,,,66.0,2.1,310.5,0.0,0.0,15.0,,
2024-09-11 05:00:00,6.0,12.75,4.08,8.1,7.6,14.12,2.62,0.49,26.8,0.7,3.48,,,,,,65.75,2.1,315.5,0.0,0.0,15.0,,
2024-09-11 06:00:00,6.5,25.5,3.03,10.05,7.85,14.05,6.22,0.42,23.57,0.8,3.62,,,,,,66.25,1.5,315.5,0.0,0.0,29.25,,
2024-09-11 07:00:00,9.25,36.5,5.78,11.88,11.0,13.0,7.48,0.48,25.58,0.98,3.98,,,,,,66.75,2.0,322.25,0.0,0.0,86.25,,
2024-09-11 08:00:00,12.75,59.5,5.55,13.02,11.42,13.25,4.58,0.56,29.4,1.02,4.08,,,,,,67.5,1.95,281.0,0.0,0.0,150.0,,
2024-09-11 09:00:00,13.33,68.25,5.42,12.92,11.28,13.92,3.52,0.63,33.91,1.2,4.9,,,,,,67.0,2.38,294.0,0.0,0.0,258.0,,
2024-09-11 10:00:00,15.5,62.5,4.4,13.15,10.55,14.98,4.97,0.65,41.7,1.08,4.68,,,,,,66.0,2.33,296.75,0.0,0.0,394.25,,
2024-09-11 11:00:00,13.75,59.0,3.18,11.42,8.62,16.3,5.45,0.6,41.75,0.97,4.62,,,,,,66.75,2.68,274.0,0.0,0.0,407.75,,
2024-09-11 12:00:00,14.5,56.25,2.92,11.82,8.68,17.2,7.28,0.6,47.58,0.88,4.2,,,,,,65.75,2.85,276.75,0.0,0.0,339.25,,
2024-09-11 13:00:00,17.25,62.75,2.02,10.85,7.4,19.0,6.5,0.54,46.26,0.82,3.97,,,,,,65.5,2.95,263.75,0.0,0.0,367.5,,
2024-09-11 14:00:00,12.25,53.75,2.58,11.08,8.0,17.92,5.2,0.55,53.22,0.92,3.95,,,,,,65.5,2.98,246.0,0.0,0.0,374.25,,
2024-09-11 15:00:00,13.25,57.75,2.95,12.22,8.88,17.6,3.08,0.56,54.44,1.0,3.8,,,,,,65.0,3.08,255.5,0.0,0.0,319.5,,
2024-09-11 16:00:00,14.0,62.5,2.88,14.6,10.1,18.3,5.38,0.6,59.64,1.05,4.03,,,,,,65.5,3.38,318.0,0.0,0.0,140.0,,
2024-09-11 17:00:00,14.0,61.5,3.18,15.92,11.08,18.9,6.78,0.69,55.18,1.02,4.3,,,,,,65.25,3.2,328.25,0.0,0.0,44.25,,
2024-09-11 18:00:00,15.5,67.25,3.45,18.88,12.85,21.82,6.78,0.73,59.44,1.08,4.2,,,,,,65.0,3.2,320.5,0.0,0.0,15.25,,
2024-09-11 19:00:00,17.75,74.0,3.05,18.1,12.12,21.55,5.22,0.73,55.52,1.08,4.2,,,,,,65.0,3.58,332.33,0.0,0.0,15.0,,
2024-09-11 20:00:00,11.5,54.5,2.65,16.12,10.7,20.15,3.88,0.74,52.97,1.12,4.4,,,,,,66.0,4.0,348.75,0.0,0.0,15.0,,
2024-09-11 21:00:00,12.5,50.25,1.38,14.62,8.9,20.55,3.28,0.66,38.02,1.1,4.32,,,,,,65.0,3.78,343.5,0.0,0.0,15.25,,
2024-09-11 22:00:00,11.0,48.25,3.0,15.38,10.6,18.38,2.62,0.66,34.54,1.08,4.45,,,,,,65.75,3.15,335.0,0.0,0.0,15.25,,
2024-09-11 23:00:00,10.25,40.5,3.22,15.02,10.6,16.4,3.72,0.6,32.53,0.92,4.1,,,,,,65.5,2.45,338.25,0.0,0.0,16.0,,
2024-09-12 00:00:00,8.0,39.25,3.3,11.02,8.57,15.8,1.95,0.53,30.68,0.78,3.42,,,,,,66.25,1.95,313.25,0.0,0.0,16.0,,
2024-09-12 01:00:00,9.25,33.0,3.85,11.05,9.0,14.9,2.95,0.56,30.78,0.72,3.38,,,,,,66.0,1.85,279.25,0.0,0.0,16.0,,
2024-09-12 02:00:00,12.5,38.25,4.25,11.8,9.72,15.4,3.38,0.56,32.01,0.72,3.32,,,,,,66.5,1.9,303.75,0.0,0.0,15.75,,
2024-09-12 03:00:00,9.75,36.75,3.25,11.18,8.6,16.27,5.05,0.55,30.25,0.7,3.65,,,,,,66.0,2.22,320.25,0.0,0.0,15.25,,
2024-09-12 04:00:00,6.5,38.75,3.22,10.5,8.2,14.35,4.97,0.56,27.54,0.72,3.5,,,,,,67.75,1.45,332.0,0.0,0.0,15.0,,
2024-09-12 05:00:00,9.25,39.0,2.62,10.8,7.95,15.18,6.22,0.51,24.5,0.92,3.88,,,,,,65.25,1.78,311.0,0.0,0.0,15.0,,
2024-09-12 06:00:00,14.0,44.75,4.53,11.7,9.9,14.15,3.8,0.5,23.81,1.08,4.15,,,,,,67.25,1.8,308.25,0.0,0.0,50.75,,
2024-09-12 07:00:00,17.5,55.75,5.82,13.38,11.85,13.88,1.02,0.55,27.64,1.18,4.35,,,,,,66.0,2.3,284.25,0.0,0.0,165.75,,
2024-09-12 08:00:00,18.5,66.0,4.78,13.78,11.15,13.85,3.15,0.58,34.01,1.2,4.43,,,,,,67.25,2.33,297.0,0.0,0.0,286.75,,
2024-09-12 09:00:00,16.75,71.0,4.68,14.98,11.72,14.32,3.55,0.67,43.66,1.23,4.65,,,,,,66.0,2.2,280.75,0.0,0.0,387.75,,
2024-09-12 10:00:00,14.75,68.25,2.95,14.15,9.93,15.45,3.48,0.67,49.93,1.08,4.1,,,,,,67.0,2.25,267.25,0.0,0.0,463.25,,
2024-09-12 11:00:00,11.5,68.25,2.7,11.62,8.35,16.27,3.45,0.64,52.52,1.05,4.55,,,,,,64.75,2.25,267.25,0.0,0.0,499.25,,
2024-09-12 12:00:00,13.75,63.5,2.62,11.82,8.45,17.48,6.1,0.63,53.9,1.0,4.38,,,,,,65.5,2.15,302.5,0.0,0.0,507.25,,
2024-09-12 13:00:00,16.0,52.33,1.38,10.45,6.7,19.55,8.72,0.55,54.78,1.1,4.62,,,,,,65.75,1.83,268.5,0.0,0.0,485.75,,
2024-09-12 14:00:00,16.0,43.25,2.78,9.12,7.08,17.45,4.7,0.54,50.57,1.05,3.92,,,,,,66.0,1.72,232.5,0.0,0.0,415.25,,
2024-09-12 15:00:00,16.5,49.5,2.42,11.7,8.22,18.6,4.4,0.56,66.25,0.9,3.65,,,,,,64.25,2.45,265.25,0.0,0.0,199.25,,
2024-09-12 16:00:00,17.75,78.25,3.05,13.1,9.43,19.23,4.12,0.62,57.62,1.0,3.95,,,,,,66.5,2.55,245.75,0.0,0.0,104.75,,
2024-09-12 17:00:00,19.75,62.5,3.52,15.62,11.12,20.68,4.0,0.71,55.37,1.2,3.88,,,,,,64.25,2.42,268.25,0.0,0.0,39.75,,
2024-09-12 18:00:00,25.25,67.25,2.92,15.78,10.82,20.5,5.5,0.79,55.62,1.15,3.95,,,,,,64.75,2.38,291.75,0.0,0.0,15.25,,
2024-09-12 19:00:00,17.25,64.25,2.52,18.15,11.7,19.95,7.6,0.88,52.08,1.35,4.25,,,,,,64.25,2.5,329.0,0.0,0.0,15.0,,
2024-09-12 20:00:00,15.5,55.0,3.08,20.3,13.32,20.12,3.65,0.92,50.66,1.25,4.3,,,,,,65.25,2.25,311.0,0.0,0.0,15.0,,
2024-09-12 21:00:00,8.75,57.25,1.13,18.42,10.48,20.88,0.9,0.8,50.57,1.2,4.35,,,,,,64.5,2.88,318.5,0.0,0.0,15.25,,
2024-09-12 22:00:00,10.5,48.5,1.0,20.48,11.4,31.67,0.8,0.68,48.75,1.12,4.0,,,,,,63.75,2.58,336.25,0.0,0.0,17.0,,
2024-09-12 23:00:00,8.5,52.25,,29.85,17.62,42.08,,0.78,37.73,1.2,4.1,,,,,,62.5,2.62,332.25,0.0,0.0,17.0,,
2024-09-13 00:00:00,7.0,38.5,,22.7,14.5,40.63,,0.68,38.76,1.1,3.58,,,,,,62.5,2.78,339.75,0.0,0.0,17.25,,
2024-09-13 01:00:00,7.0,32.0,,,,,,0.72,30.72,1.1,3.55,,,,,,62.25,2.22,335.0,0.0,0.0,17.75,,
2024-09-13 02:00:00,7.0,34.0,8.4,16.33,14.8,32.3,6.0,0.82,40.18,0.8,2.85,,,,,,63.0,2.42,301.67,0.0,0.0,16.25,,
2024-09-13 03:00:00,6.0,29.5,5.12,23.98,16.9,22.52,8.45,0.44,35.02,0.57,2.2,,,,,,66.0,2.05,287.25,0.0,0.0,16.0,,
2024-09-13 04:00:00,3.5,26.5,4.12,22.88,15.52,17.33,5.08,0.07,28.76,0.62,2.5,,,,,,64.75,1.6,291.5,0.0,0.0,16.0,,
2024-09-13 05:00:00,5.5,34.25,5.48,19.08,14.65,17.08,4.88,0.4,28.66,0.78,3.1,,,,,,65.25,2.05,287.0,0.0,0.0,16.0,,
2024-09-13 06:00:00,9.75,45.5,4.78,15.95,12.35,16.42,3.85,0.58,28.96,0.85,3.22,,,,,,65.5,1.68,271.0,0.0,0.0,56.75,,
2024-09-13 07:00:00,17.5,55.5,6.3,15.15,13.22,16.5,4.6,0.64,26.85,1.0,3.7,,,,,,66.5,1.85,262.25,0.0,0.0,117.75,,
2024-09-13 08:00:00,16.0,76.75,7.65,14.82,14.12,16.08,5.32,0.7,29.3,1.12,4.32,,,,,,65.75,1.58,259.25,0.0,0.0,167.5,,
2024-09-13 09:00:00,16.75,85.5,4.38,13.32,10.72,16.58,5.3,0.6,32.92,1.32,4.9,,,,,,65.5,1.8,287.75,0.0,0.0,363.25,,
2024-09-13 10:00:00,16.25,67.5,3.82,11.12,9.02,13.82,1.72,0.5,39.35,1.15,4.58,,,,,,65.75,1.92,290.0,0.0,0.0,468.0,,
2024-09-13 11:00:00,9.25,61.25,2.78,9.32,7.25,13.75,1.42,0.44,44.94,0.88,5.15,,,,,,65.75,1.9,271.0,0.0,0.0,489.75,,
2024-09-13 12:00:00,12.0,57.75,2.88,9.72,7.5,14.22,4.92,0.42,48.9,0.88,6.3,,,,,,65.75,1.6,249.0,0.0,0.0,371.75,,
2024-09-13 13:00:00,10.0,63.75,3.65,9.88,8.22,17.05,7.6,0.51,58.06,0.82,7.42,,,,,,65.75,1.67,282.5,0.0,0.0,339.5,,
2024-09-13 14:00:00,14.5,69.75,3.02,12.32,9.0,18.68,5.58,0.52,54.29,0.9,6.2,,,,,,63.75,2.52,276.5,0.0,0.0,349.25,,
2024-09-13 15:00:00,18.5,79.0,2.55,12.35,8.65,18.9,4.68,0.53,50.37,0.82,6.02,,,,,,64.5,2.58,264.25,0.0,0.0,283.5,,
2024-09-13 16:00:00,15.75,70.75,2.68,11.4,8.22,19.08,3.4,0.51,45.32,0.75,6.1,,,,,,64.0,2.25,258.5,0.0,0.0,141.25,,
2024-09-13 17:00:00,12.0,69.5,1.82,12.1,7.9,18.92,1.42,0.45,39.2,1.72,6.85,,,,,,64.25,1.68,246.0,0.0,0.0,38.0,,
2024-09-13 18:00:00,13.0,82.75,4.05,12.2,9.8,15.9,4.58,0.48,40.08,1.2,5.98,,,,,,64.75,1.48,247.0,0.0,0.0,15.25,,
2024-09-13 19:00:00,14.75,73.25,3.5,16.42,11.58,14.98,7.07,0.52,37.34,1.32,5.88,,,,,,65.5,1.85,256.5,0.0,0.0,15.0,,
2024-09-13 20:00:00,10.5,69.75,3.25,18.72,12.58,14.85,4.65,0.61,37.44,1.27,5.43,,,,,,65.25,2.2,326.0,0.0,0.0,15.0,,
2024-09-13 21:00:00,9.75,56.0,3.85,21.82,14.73,16.08,4.28,0.74,37.39,1.15,5.03,,,,,,65.0,2.17,331.0,0.0,0.0,15.0,,
2024-09-13 22:00:00,11.75,53.75,2.9,19.27,12.6,16.4,6.7,0.76,44.3,1.15,4.97,,,,,,64.25,2.6,338.75,0.0,0.0,15.0,,
2024-09-13 23:00:00,11.5,54.75,2.0,11.8,7.9,16.48,7.55,0.66,71.19,1.0,4.25,,,,,,65.0,3.25,334.0,0.0,0.0,15.0,,
2024-09-14 00:00:00,12.75,51.25,1.52,11.42,7.28,16.82,7.72,0.56,72.13,0.8,3.2,,,,,,64.75,3.05,317.25,0.0,0.0,15.25,,
2024-09-14 01:00:00,11.25,46.5,1.72,10.07,6.72,16.35,6.95,0.51,61.15,0.7,2.75,,,,,,66.25,2.6,325.0,0.0,0.0,15.0,,
2024-09-14 02:00:00,9.5,30.25,2.48,10.5,7.57,13.8,3.23,0.51,52.92,0.57,2.4,,,,,,65.75,2.68,322.75,0.0,0.0,15.0,,
2024-09-14 03:00:00,11.0,31.0,2.4,8.52,6.48,14.45,,0.49,45.47,0.5,2.17,,,,,,66.75,2.55,305.25,0.0,0.0,15.25,,
2024-09-14 04:00:00,10.0,,3.32,10.52,8.32,12.85,1.13,0.51,38.61,0.5,2.15,,,,,,67.25,2.22,302.25,0.0,0.0,15.5,,
2024-09-14 05:00:00,6.75,,4.18,11.68,9.62,12.45,2.88,0.54,37.09,0.5,2.2,,,,,,67.25,1.48,286.75,0.0,0.0,15.75,,
2024-09-14 06:00:00,8.0,,3.47,12.02,9.2,13.18,4.7,0.6,33.86,0.62,2.65,,,,,,67.75,1.32,260.25,0.0,0.0,35.5,,
2024-09-14 07:00:00,13.75,,3.9,11.32,9.2,13.92,5.3,0.66,37.24,0.8,3.4,,,,,,66.75,1.3,249.75,0.0,0.0,137.0,,
2024-09-14 08:00:00,16.5,,3.6,13.12,9.9,14.95,3.0,0.68,39.88,1.0,3.8,,,,,,66.0,1.45,303.0,0.0,0.0,244.75,,
2024-09-14 09:00:00,23.25,,2.2,11.58,7.95,15.4,1.98,0.6,60.46,1.15,4.4,,,,,,67.25,1.65,276.25,0.0,0.0,357.0,,
2024-09-14 10:00:00,12.0,63.0,2.75,9.85,7.5,14.25,1.47,0.64,66.44,1.18,4.15,,,,,,66.75,1.65,295.5,0.0,0.0,450.0,,
2024-09-14 11:00:00,11.0,61.5,2.28,10.28,7.38,14.3,1.65,0.61,56.2,1.2,4.53,,,,,,66.0,1.6,297.75,0.0,0.0,470.75,,
2024-09-14 12:00:00,7.75,55.25,2.78,9.25,7.22,14.2,3.72,0.63,54.98,1.08,4.82,,,,,,65.75,1.7,318.75,0.0,0.0,428.25,,
2024-09-14 13:00:00,7.5,47.75,3.65,10.22,8.35,16.55,5.85,0.7,51.89,1.1,4.72,,,,,,65.75,1.75,296.75,0.0,0.0,356.25,,
2024-09-14 14:00:00,10.25,46.0,2.75,9.93,7.52,17.2,4.2,0.69,49.78,1.1,4.53,,,,,,65.25,1.4,226.25,0.0,0.0,266.0,,
2024-09-14 15:00:00,15.0,65.5,2.08,15.42,9.93,19.02,4.68,0.72,62.77,1.02,4.62,,,,,,65.0,2.35,255.25,0.0,0.0,202.0,,
2024-09-14 16:00:00,15.25,76.25,2.17,12.72,8.07,20.52,4.58,0.67,55.96,1.05,5.1,,,,,,64.5,2.12,258.25,0.0,0.0,69.75,,
2024-09-14 17:00:00,9.5,65.25,2.1,14.78,9.57,17.03,3.62,0.63,47.82,0.98,5.3,,,,,,65.0,1.8,243.25,0.0,0.0,43.5,,
2024-09-14 18:00:00,16.25,59.25,2.62,15.12,10.18,16.27,4.65,0.65,57.77,1.2,5.12,,,,,,65.0,2.15,255.75,0.0,0.0,15.25,,
2024-09-14 19:00:00,14.5,70.25,2.82,16.32,11.0,17.35,4.55,0.7,80.95,1.3,4.68,,,,,,64.75,2.15,268.25,0.0,0.0,15.0,,
2024-09-14 20:00:00,16.25,78.75,2.33,16.73,10.8,16.7,5.65,0.78,80.11,1.25,4.2,,,,,,65.75,2.1,297.75,0.0,0.0,15.0,,
2024-09-14 21:00:00,15.75,64.0,3.25,19.45,12.98,17.58,5.58,0.92,68.5,1.23,4.3,,,,,,65.5,2.1,336.67,0.0,0.0,15.0,,
2024-09-14 22:00:00,13.0,58.75,2.12,20.98,12.9,17.65,3.5,0.95,64.0,1.25,4.2,,,,,,64.5,2.58,335.5,0.0,0.0,15.0,,
2024-09-14 23:00:00,16.25,57.0,2.07,14.6,9.02,18.05,1.78,0.85,68.6,1.38,4.08,,,,,,65.0,3.1,333.0,0.0,0.0,15.0,,
2024-09-15 00:00:00,16.0,45.0,1.3,11.98,7.42,18.62,1.0,0.59,69.19,1.38,3.4,,,,,,65.75,2.78,334.75,0.0,0.0,15.0,,
2024-09-15 01:00:00,13.0,41.0,2.33,11.82,8.18,16.22,,0.58,69.53,1.12,2.58,,,,,,65.5,2.8,331.0,0.0,0.0,15.0,,
2024-09-15 02:00:00,12.75,29.5,2.52,11.4,8.12,15.12,4.0,0.56,62.26,0.85,1.9,,,,,,66.0,2.0,337.0,0.0,0.0,15.0,,
2024-09-15 03:00:00,10.75,31.5,2.35,12.6,8.6,15.1,7.15,0.54,47.82,0.72,1.78,,,,,,66.75,1.27,307.5,0.0,0.0,15.25,,
2024-09-15 04:00:00,7.5,32.25,3.75,11.28,9.07,14.15,2.75,0.58,42.19,0.75,2.1,,,,,,66.5,1.27,224.75,0.0,0.0,16.0,,
2024-09-15 05:00:00,8.75,35.0,4.0,11.38,9.35,14.12,0.9,0.62,45.67,0.78,2.58,,,,,,68.25,1.08,267.75,0.0,0.0,15.75,,
2024-09-15 06:00:00,10.5,55.5,3.12,12.95,9.48,14.65,0.78,0.68,41.5,0.98,3.72,,,,,,67.75,0.98,293.25,0.0,0.0,34.0,,
2024-09-15 07:00:00,19.5,77.5,2.7,14.2,9.75,14.32,1.3,0.73,40.52,1.1,4.05,,,,,,67.0,1.27,256.5,0.0,0.0,125.5,,
2024-09-15 08:00:00,21.25,96.0,1.72,12.58,8.1,15.92,3.88,0.64,39.01,1.23,4.32,,,,,,66.25,1.52,274.0,0.0,0.0,245.25,,
2024-09-15 09:00:00,12.75,93.0,3.08,9.98,7.8,14.08,4.2,0.57,44.79,1.27,4.22,,,,,,66.0,1.68,310.75,0.0,0.0,366.75,,
2024-09-15 10:00:00,10.75,63.25,2.4,10.4,7.5,13.48,3.88,0.54,50.03,1.12,4.0,,,,,,66.5,1.85,307.75,0.0,0.0,443.75,,
2024-09-15 11:00:00,10.0,57.0,2.82,10.42,7.8,13.8,4.15,0.53,51.6,1.08,3.9,,,,,,66.5,1.88,319.0,0.0,0.0,498.0,,
2024-09-15 12:00:00,16.0,61.25,3.55,9.48,7.92,14.45,4.12,0.64,54.44,1.15,3.9,,,,,,65.25,1.9,285.0,0.0,0.0,493.0,,
2024-09-15 13:00:00,8.5,53.5,2.0,8.8,6.32,17.12,5.35,0.65,50.62,1.0,3.82,,,,,,65.25,1.68,292.25,0.0,0.0,456.5,,
2024-09-15 14:00:00,12.75,44.5,2.1,9.68,6.9,18.42,5.25,0.64,51.5,1.02,4.0,,,,,,64.5,1.8,254.5,0.0,0.0,404.25,,
2024-09-15 15:00:00,11.0,41.0,2.8,9.98,7.5,20.23,6.1,0.63,52.68,0.82,3.38,,,,,,64.25,2.7,258.75,0.0,0.0,275.5,,
2024-09-15 16:00:00,9.5,43.5,1.6,7.88,5.48,20.05,4.72,0.52,47.68,0.62,2.72,,,,,,63.5,2.3,242.0,0.0,0.0,153.75,,
2024-09-15 17:00:00,12.75,44.25,3.25,12.32,9.2,16.77,3.48,0.53,46.99,0.62,2.55,,,,,,64.75,2.2,290.75,0.0,0.0,39.25,,
2024-09-15 18:00:00,9.5,52.5,2.52,14.25,9.6,16.18,4.2,0.58,60.52,0.72,2.75,,,,,,64.25,2.45,314.5,0.0,0.0,15.25,,
2024-09-15 19:00:00,10.5,55.75,2.3,11.85,8.2,15.85,4.97,0.63,76.0,0.88,2.68,,,,,,65.0,2.78,311.0,0.0,0.0,15.0,,
2024-09-15 20:00:00,10.0,53.25,3.92,12.82,10.05,16.7,3.35,0.74,84.23,0.9,2.52,,,,,,64.0,2.95,335.0,0.0,0.0,15.0,,
2024-09-15 21:00:00,12.5,54.25,2.38,12.82,8.8,17.7,2.88,0.78,68.5,0.82,2.35,,,,,,65.25,2.78,332.75,0.0,0.0,15.0,,
2024-09-15 22:00:00,12.25,44.5,2.42,11.22,7.95,17.32,4.53,0.76,71.1,0.85,2.5,,,,,,65.0,3.18,328.75,0.0,0.0,15.0,,
2024-09-15 23:00:00,13.75,41.75,2.3,11.85,8.18,17.77,6.4,0.74,64.58,0.82,2.48,,,,,,64.75,2.08,302.5,0.0,0.0,15.0,,
2024-09-16 00:00:00,8.25,47.0,1.62,11.42,7.38,17.95,5.9,0.54,59.34,0.88,2.72,,,,,,65.0,2.45,286.75,0.0,0.0,15.0,,
2024-09-16 01:00:00,11.0,43.5,2.05,8.82,6.38,14.82,5.9,0.55,57.77,0.78,2.4,,,,,,65.25,2.35,286.0,0.0,0.0,15.0,,
2024-09-16 02:00:00,8.25,32.0,2.55,8.55,6.6,13.25,2.75,0.52,51.15,0.68,2.1,,,,,,66.25,1.65,280.0,0.0,0.0,15.0,,
2024-09-16 03:00:00,8.25,29.0,2.68,8.88,6.9,13.98,0.92,0.49,39.98,0.7,2.33,,,,,,66.75,1.65,271.0,0.0,0.0,15.0,,
2024-09-16 04:00:00,5.75,27.25,3.95,7.05,7.0,13.15,3.48,0.52,35.33,0.7,2.35,,,,,,66.25,1.5,266.25,0.0,0.0,15.0,,
2024-09-16 05:00:00,6.0,22.5,2.88,8.2,6.68,12.82,5.1,0.52,31.16,0.7,2.3,,,,,,66.0,1.12,313.0,0.0,0.0,15.0,,
2024-09-16 06:00:00,9.75,28.25,3.68,9.65,8.1,12.52,2.18,0.55,30.33,0.7,2.52,,,,,,67.0,1.12,322.25,0.0,0.0,51.25,,
2024-09-16 07:00:00,12.5,44.75,4.68,11.3,9.85,13.15,1.2,0.59,47.04,0.8,2.82,,,,,,67.0,1.4,324.0,0.0,0.0,163.5,,
2024-09-16 08:00:00,14.5,56.25,3.15,12.68,9.32,14.3,2.82,0.53,40.57,0.98,3.28,,,,,,65.75,1.65,329.5,0.0,0.0,284.25,,
2024-09-16 09:00:00,15.5,58.0,4.38,11.0,9.4,12.55,1.72,0.54,45.08,1.1,3.82,,,,,,65.75,1.55,316.75,0.0,0.0,385.5,,
2024-09-16 10:00:00,13.25,59.75,3.08,10.4,8.05,12.3,1.82,0.5,50.96,1.05,3.5,,,,,,66.75,1.48,273.25,0.0,0.0,457.25,,
2024-09-16 11:00:00,10.25,54.5,3.05,10.2,7.9,12.95,3.25,0.5,53.85,0.95,3.3,,,,,,66.25,1.68,262.25,0.0,0.0,490.0,,
2024-09-16 12:00:00,8.25,48.0,3.28,10.62,8.32,15.68,3.02,0.68,55.81,0.8,3.15,,,,,,65.25,1.52,265.0,0.0,0.0,506.75,,
2024-09-16 13:00:00,10.25,47.0,2.45,12.18,8.48,18.18,2.25,0.67,63.21,0.9,3.45,,,,,,65.0,2.02,238.0,0.0,0.0,475.75,,
2024-09-16 14:00:00,14.5,70.0,2.02,16.6,10.45,20.27,4.8,0.7,93.49,0.95,3.5,,,,,,63.5,2.78,243.0,0.0,0.0,352.25,,
2024-09-16 15:00:00,16.75,93.0,2.8,18.6,12.18,21.28,6.35,0.7,83.45,1.05,3.22,,,,,,63.5,2.35,252.5,0.0,0.0,290.5,,
2024-09-16 16:00:00,20.33,91.75,2.05,17.77,11.1,21.62,6.3,0.63,80.31,1.1,3.58,,,,,,64.25,2.47,236.25,0.0,0.0,110.5,,
2024-09-16 17:00:00,23.25,97.75,2.38,17.68,11.35,18.95,5.1,0.66,86.68,1.1,3.82,,,,,,64.25,2.35,279.25,0.0,0.0,31.75,,
2024-09-16 18:00:00,23.5,96.0,3.0,16.0,10.98,17.15,4.8,0.7,87.32,1.18,4.03,,,,,,63.75,2.33,303.0,0.0,0.0,15.25,,
2024-09-16 19:00:00,19.75,77.25,1.58,17.4,10.52,15.82,4.32,0.75,76.98,1.23,4.1,,,,,,64.75,2.95,327.75,0.0,0.0,15.0,,
2024-09-16 20:00:00,14.5,53.0,3.68,16.85,11.92,16.58,2.2,0.81,61.94,1.03,4.12,,,,,,64.5,2.72,334.25,0.0,0.0,15.0,,
2024-09-16 21:00:00,17.25,41.25,2.65,16.73,11.1,16.25,2.02,0.84,58.21,0.92,3.8,,,,,,63.75,2.6,341.0,0.0,0.0,15.0,,
2024-09-16 22:00:00,11.75,43.25,2.45,16.32,10.65,16.25,2.82,0.86,54.68,0.95,3.8,,,,,,64.5,2.12,313.0,0.0,0.0,15.0,,
2024-09-16 23:00:00,12.5,49.5,1.6,17.25,10.48,16.05,4.35,0.72,52.92,1.0,3.9,,,,,,65.0,2.6,334.0,0.0,0.0,15.0,,
2024-09-17 00:00:00,15.75,55.25,2.12,13.58,8.95,15.68,3.08,0.62,56.69,0.95,3.62,,,,,,65.5,2.6,329.0,0.0,0.0,15.0,,
2024-09-17 01:00:00,11.0,50.0,3.02,10.0,7.8,13.78,2.65,0.56,61.59,0.78,2.88,,,,,,65.25,2.7,300.5,0.0,0.0,15.0,,
2024-09-17 02:00:00,7.25,40.0,1.9,9.72,6.28,13.2,2.85,0.52,56.25,0.6,2.25,,,,,,65.75,2.0,292.75,0.0,0.0,15.0,,
2024-09-17 03:00:00,5.5,40.0,3.05,9.22,7.4,14.1,4.32,0.56,45.86,0.6,2.3,,,,,,66.25,1.7,260.75,0.0,0.0,15.0,,
2024-09-17 04:00:00,7.25,38.5,3.8,10.55,8.65,13.7,1.98,0.64,42.09,0.6,2.25,,,,,,66.5,1.42,240.25,0.0,0.0,15.0,,
2024-09-17 05:00:00,10.5,39.25,3.08,11.82,8.82,13.85,2.5,0.68,41.21,0.7,2.92,,,,,,66.0,1.6,279.0,0.0,0.0,15.0,,
2024-09-17 06:00:00,17.0,56.75,3.0,11.85,8.72,13.98,5.98,0.72,39.49,0.85,3.12,,,,,,66.0,1.48,268.5,0.0,0.0,47.25,,
2024-09-17 07:00:00,15.0,63.25,3.08,11.95,8.85,15.12,7.4,0.7,35.77,1.02,3.4,,,,,,66.25,1.78,268.0,0.0,0.0,164.0,,
2024-09-17 08:00:00,16.5,66.75,3.22,10.8,8.3,14.45,4.0,0.6,37.68,1.1,3.65,,,,,,66.25,1.88,288.25,0.0,0.0,282.5,,
2024-09-17 09:00:00,11.75,64.0,3.45,10.07,8.15,13.0,3.88,0.57,40.57,1.0,3.45,,,,,,65.75,1.95,312.5,0.0,0.0,385.5,,
2024-09-17 10:00:00,11.5,58.75,2.43,9.07,6.32,13.35,1.82,0.56,44.79,0.9,3.58,,,,,,66.25,2.15,303.75,0.0,0.0,460.75,,
2024-09-17 11:00:00,13.0,61.5,3.95,7.92,7.42,14.08,0.3,0.58,52.09,0.75,4.4,,,,,,65.25,2.1,320.75,0.0,0.0,503.25,,
2024-09-17 12:00:00,14.0,64.5,3.55,8.72,7.58,16.45,3.2,0.62,55.81,0.62,5.28,,,,,,65.25,1.92,280.25,0.0,0.0,509.75,,
2024-09-17 13:00:00,14.75,65.0,1.8,9.35,6.4,18.05,6.65,0.63,54.0,0.65,5.95,,,,,,64.0,1.82,276.25,0.0,0.0,458.5,,
2024-09-17 14:00:00,11.75,71.0,2.28,13.92,9.25,20.58,8.05,0.68,73.26,0.75,5.45,,,,,,63.5,1.98,262.0,0.0,0.0,390.75,,
2024-09-17 15:00:00,23.25,115.75,1.92,12.95,8.43,22.25,8.95,0.62,77.22,0.8,5.03,,,,,,63.75,2.25,251.75,0.0,0.0,211.75,,
2024-09-17 16:00:00,22.5,88.75,3.35,11.4,8.82,18.73,4.7,0.56,69.92,0.78,5.4,,,,,,63.25,2.25,242.75,0.0,0.0,84.0,,
2024-09-17 17:00:00,19.0,88.5,2.5,16.4,10.75,17.0,3.4,0.6,74.58,1.0,5.82,,,,,,64.75,2.35,261.25,0.0,0.0,35.25,,
2024-09-17 18:00:00,19.5,78.0,2.42,14.55,9.68,16.23,4.72,0.62,73.16,1.05,5.45,,,,,,64.0,2.62,291.25,0.0,0.0,15.25,,
2024-09-17 19:00:00,11.0,63.75,3.35,12.22,9.2,16.55,6.15,0.68,66.1,1.1,4.32,,,,,,64.75,2.78,301.25,0.0,0.0,15.0,,
2024-09-17 20:00:00,7.5,46.0,3.25,12.6,9.3,18.12,3.18,0.67,59.0,1.0,3.8,,,,,,65.0,2.17,292.25,0.0,0.0,15.0,,
2024-09-17 21:00:00,8.0,40.0,2.68,12.9,9.02,17.55,1.0,0.67,55.62,1.0,3.72,,,,,,64.75,1.8,279.5,0.0,0.0,15.25,,
2024-09-17 22:00:00,12.5,34.0,2.72,14.48,9.9,17.1,0.8,0.68,56.89,0.95,3.62,,,,,,64.75,2.65,327.0,0.0,0.0,15.0,,
2024-09-17 23:00:00,8.75,36.0,1.32,12.42,7.65,17.95,0.68,0.58,57.14,0.85,3.32,,,,,,64.25,2.68,335.0,0.0,0.0,15.0,,
2024-09-18 00:00:00,11.5,44.0,2.0,9.65,6.75,16.65,3.72,0.54,66.59,0.78,3.05,,,,,,65.25,2.5,277.75,0.0,0.0,15.0,,
2024-09-18 01:00:00,13.25,46.0,2.4,21.22,13.22,14.42,6.18,0.48,55.32,0.68,2.52,,,,,,65.5,2.45,264.5,0.0,0.0,15.0,,
2024-09-18 02:00:00,13.5,34.25,2.82,23.02,14.52,14.4,6.25,0.47,49.39,0.65,2.35,,,,,,65.75,2.52,283.25,0.0,0.0,15.0,,
2024-09-18 03:00:00,11.0,34.5,3.58,14.9,10.85,15.32,7.8,0.51,49.52,0.6,2.25,,,,,,65.5,2.38,286.25,0.0,0.0,15.0,,
2024-09-18 04:00:00,7.5,31.5,2.9,18.88,12.4,15.02,5.12,0.53,43.86,0.6,2.22,,,,,,65.75,2.15,265.25,0.0,0.0,15.0,,
2024-09-18 05:00:00,6.75,30.0,2.75,28.88,17.62,14.68,3.55,0.56,33.76,0.65,2.47,,,,,,66.0,2.05,251.0,0.0,0.0,15.0,,
2024-09-18 06:00:00,10.0,40.25,4.17,23.32,14.88,17.75,4.78,0.56,29.1,0.8,3.38,,,,,,64.5,1.62,256.75,0.0,0.0,37.0,,
2024-09-18 07:00:00,12.75,44.0,6.32,17.95,14.68,23.52,5.7,0.68,32.34,1.05,3.97,,,,,,64.75,1.9,235.25,0.0,0.0,159.5,,
2024-09-18 08:00:00,13.75,66.0,3.85,15.02,11.12,17.4,5.32,0.58,38.32,1.05,3.9,,,,,,64.75,1.9,243.0,0.0,0.0,283.0,,
2024-09-18 09:00:00,17.25,66.0,3.32,13.82,10.1,13.02,3.92,0.57,47.14,1.25,4.42,,,,,,67.25,1.65,270.5,0.0,0.0,387.5,,
2024-09-18 10:00:00,12.5,46.0,2.7,11.7,8.4,13.25,3.45,0.54,57.53,1.32,4.82,,,,,,64.75,1.78,277.0,0.0,0.0,454.5,,
2024-09-18 11:00:00,12.75,46.25,2.78,10.68,7.92,13.62,3.8,0.54,67.86,1.35,6.52,,,,,,65.0,1.65,301.5,0.0,0.0,406.75,,
2024-09-18 12:00:00,10.75,53.25,3.38,11.58,8.88,15.92,4.05,0.68,72.91,1.08,6.62,,,,,,65.25,2.22,276.0,0.0,0.0,288.75,,
2024-09-18 13:00:00,16.75,71.0,2.4,13.55,9.15,18.32,4.47,0.71,73.26,1.05,5.95,,,,,,64.25,2.35,269.5,0.0,0.0,351.25,,
2024-09-18 14:00:00,17.25,65.25,2.65,12.12,8.57,19.08,4.97,0.69,68.01,0.98,4.8,,,,,,64.5,2.48,257.25,0.0,0.0,390.0,,
2024-09-18 15:00:00,12.25,57.5,2.4,10.85,7.72,19.42,4.65,0.68,65.91,0.75,4.05,,,,,,63.25,2.38,262.25,0.0,0.0,246.75,,
2024-09-18 16:00:00,12.75,57.5,1.62,10.32,6.85,18.92,5.82,0.58,63.89,0.78,4.82,,,,,,64.25,2.28,248.25,0.0,0.0,120.0,,
2024-09-18 17:00:00,12.0,54.25,2.33,12.68,8.65,15.7,5.98,0.6,63.21,0.9,5.32,,,,,,64.75,2.0,240.25,0.0,0.0,42.5,,
2024-09-18 18:00:00,12.25,63.0,2.85,14.15,9.78,15.52,3.68,0.64,71.54,1.08,6.18,,,,,,64.5,1.92,279.0,0.0,0.0,15.25,,
2024-09-18 19:00:00,14.75,78.0,2.65,13.08,9.12,15.38,2.75,0.7,87.76,1.1,5.12,,,,,,65.25,1.9,279.5,0.0,0.0,15.0,,
2024-09-18 20:00:00,18.25,59.0,3.02,16.0,10.98,16.23,3.6,0.8,83.3,1.1,4.72,,,,,,63.75,2.15,331.75,0.0,0.0,15.0,,
2024-09-18 21:00:00,12.5,54.0,2.65,16.1,10.75,17.15,3.65,0.72,71.0,1.08,4.45,,,,,,64.0,2.35,339.75,0.0,0.0,15.0,,
2024-09-18 22:00:00,12.25,40.75,3.1,14.6,10.32,16.32,2.7,0.7,68.55,0.92,3.85,,,,,,65.0,1.4,301.5,0.0,0.0,15.0,,
2024-09-18 23:00:00,16.5,52.0,3.12,15.45,10.8,16.42,4.58,0.71,56.94,0.95,3.92,,,,,,64.5,0.92,312.5,0.0,0.0,15.0,,
2024-09-19 00:00:00,16.5,62.5,2.5,15.52,10.28,16.35,3.92,0.58,47.48,1.12,4.9,,,,,,66.5,0.78,296.0,0.0,0.0,15.0,,
2024-09-19 01:00:00,12.25,41.0,2.75,13.15,9.22,13.73,1.6,0.6,50.28,0.92,4.3,,,,,,66.5,1.52,295.25,5.25,5.25,15.5,,
2024-09-19 02:00:00,11.5,37.25,2.95,8.62,6.98,13.05,4.18,0.56,55.6,0.85,3.98,,,,,,66.25,1.27,323.0,10.0,10.0,16.0,,
2024-09-19 03:00:00,7.0,17.5,2.88,13.3,9.38,13.8,8.18,0.57,43.64,0.7,3.58,,,,,,67.0,0.48,193.75,0.0,0.0,16.0,,
2024-09-19 04:00:00,8.0,22.0,8.3,23.0,19.0,14.45,5.12,0.62,34.25,0.75,3.9,,,,,,67.25,0.6,281.33,0.0,0.0,16.0,,
2024-09-19 05:00:00,11.5,33.75,8.5,28.28,21.9,15.32,3.68,0.67,28.81,2.65,8.1,,,,,,67.0,1.08,271.0,0.0,0.0,16.0,,
2024-09-19 06:00:00,13.0,45.5,6.02,25.0,18.2,14.05,1.58,0.72,33.17,2.12,6.52,,,,,,66.25,1.85,308.75,0.0,0.0,18.25,,
2024-09-19 07:00:00,14.5,60.75,5.18,25.85,17.98,14.48,0.78,0.85,32.14,1.82,5.6,,,,,,66.75,1.3,259.75,0.0,0.0,51.25,,
2024-09-19 08:00:00,18.5,68.75,5.38,20.78,15.42,14.95,4.05,0.78,32.59,2.02,6.68,,,,,,67.5,1.38,302.25,0.0,0.0,99.25,,
2024-09-19 09:00:00,17.25,55.75,5.32,21.58,15.75,13.68,5.25,0.9,40.23,1.98,6.65,,,,,,67.0,1.12,256.0,0.0,0.0,105.0,,
2024-09-19 10:00:00,19.25,83.25,4.05,26.65,17.48,14.0,7.48,1.03,44.84,2.08,7.32,,,,,,67.75,1.02,274.0,0.0,0.0,115.0,,
2024-09-19 11:00:00,21.75,110.25,4.53,25.88,17.48,13.6,7.85,1.02,47.18,2.08,7.9,,,,,,68.5,1.1,219.25,0.0,0.0,113.0,,
2024-09-19 12:00:00,18.25,93.0,4.5,18.77,13.62,13.3,5.52,1.05,48.22,1.8,7.58,,,,,,68.0,0.9,315.25,0.0,0.0,165.5,,
2024-09-19 13:00:00,17.5,75.0,3.62,17.62,12.32,13.6,3.38,1.0,52.38,1.8,9.12,,,,,,68.0,0.85,302.0,0.0,0.0,164.5,,
2024-09-19 14:00:00,15.5,96.0,3.08,16.6,11.32,13.72,6.5,0.96,56.55,1.68,10.0,,,,,,67.0,1.12,319.25,0.0,0.0,263.75,,
2024-09-19 15:00:00,23.0,96.0,2.35,16.77,10.82,14.3,7.93,0.86,54.64,1.55,10.58,,,,,,67.75,0.85,328.5,0.0,0.0,179.25,,
2024-09-19 16:00:00,22.25,,2.6,16.02,10.6,14.38,5.3,0.78,56.94,1.68,12.78,,,,,,68.0,0.4,253.67,0.0,0.0,88.75,,
2024-09-19 17:00:00,25.5,193.0,3.2,34.45,20.92,16.1,3.3,0.98,50.76,1.95,12.4,,,,,,67.0,0.85,214.5,0.0,0.0,40.0,,
2024-09-19 18:00:00,42.5,188.25,3.18,38.45,23.02,18.05,3.35,1.13,48.02,2.45,12.52,,,,,,68.0,0.7,203.25,0.0,0.0,15.0,,
2024-09-19 19:00:00,41.75,170.5,3.18,43.8,25.88,18.58,3.08,1.27,47.78,2.78,13.23,,,,,,67.75,0.8,263.5,0.0,0.0,15.0,,
2024-09-19 20:00:00,35.0,152.25,3.05,47.1,27.52,16.95,4.5,1.37,46.84,2.3,11.3,,,,,,67.25,0.82,305.0,0.0,0.0,15.0,,
2024-09-19 21:00:00,35.0,135.5,3.65,50.58,29.88,17.08,3.68,1.71,36.01,2.22,10.55,,,,,,67.5,1.15,,0.0,0.0,15.0,,
2024-09-19 22:00:00,33.25,149.75,6.35,51.9,32.78,17.77,5.38,1.86,30.18,2.5,11.5,,,,,,68.0,0.62,,0.0,0.0,15.25,,
2024-09-19 23:00:00,28.5,128.5,5.3,45.6,28.58,16.95,5.55,1.63,28.52,2.45,11.08,,,,,,67.5,0.75,332.0,0.0,0.0,15.25,,
2024-09-20 00:00:00,28.5,112.25,5.22,35.52,23.1,16.0,2.88,1.06,32.73,2.5,10.88,,,,,,68.0,1.68,259.0,0.0,0.0,15.25,,
2024-09-20 01:00:00,21.0,113.0,3.6,21.1,14.15,13.95,2.28,0.81,44.98,2.05,9.02,,,,,,67.75,1.52,275.5,0.0,0.0,15.5,,
2024-09-20 02:00:00,14.5,,1.85,13.8,8.82,13.48,2.3,0.69,51.35,1.72,7.85,,,,,,68.0,1.23,262.25,0.0,0.0,16.0,,
2024-09-20 03:00:00,21.0,,2.33,13.68,9.18,13.55,3.1,0.67,52.4,1.45,7.02,,,,,,68.5,1.23,245.75,0.0,0.0,15.0,,
2024-09-20 04:00:00,18.5,73.0,2.85,14.18,9.85,13.15,1.6,0.73,47.44,1.27,6.32,,,,,,68.5,0.9,216.25,0.0,0.0,15.75,,
2024-09-20 05:00:00,18.5,77.0,3.32,17.42,11.98,13.2,,0.76,37.19,1.23,6.38,,,,,,67.5,0.8,310.33,0.0,0.0,16.0,,
2024-09-20 06:00:00,14.0,87.0,3.4,18.65,12.7,13.0,2.38,0.8,34.89,1.3,6.55,,,,,,68.75,0.68,205.0,0.0,0.0,57.0,,
2024-09-20 07:00:00,16.75,86.0,3.18,20.08,13.22,14.95,4.32,0.79,36.46,1.45,6.75,,,,,,68.5,1.6,247.75,0.0,0.0,136.25,,
2024-09-20 08:00:00,24.5,98.25,3.6,19.0,13.02,15.02,5.7,0.84,46.5,1.6,6.7,,,,,,67.75,1.55,276.0,0.0,0.0,234.5,,
2024-09-20 09:00:00,24.0,91.5,3.35,18.0,12.28,14.22,5.75,0.86,57.04,1.62,6.48,,,,,,67.5,1.65,296.0,0.0,0.0,371.25,,
2024-09-20 10:00:00,24.25,89.25,2.78,13.8,9.57,13.55,4.05,0.77,59.58,1.52,6.18,,,,,,67.75,1.65,288.25,0.0,0.0,449.5,,
2024-09-20 11:00:00,16.25,67.25,3.25,10.95,8.5,14.25,3.0,0.74,66.15,1.48,6.45,,,,,,67.75,1.6,286.75,0.0,0.0,486.0,,
2024-09-20 12:00:00,17.5,63.5,2.68,11.22,8.18,16.08,3.4,0.76,71.1,1.25,5.98,,,,,,67.0,1.55,295.75,0.0,0.0,485.25,,
2024-09-20 13:00:00,18.75,71.25,3.15,12.78,9.38,18.38,2.9,0.73,83.06,1.12,5.7,,,,,,65.25,2.17,274.5,0.0,0.0,363.0,,
2024-09-20 14:00:00,18.25,85.0,1.68,14.55,9.1,20.75,6.22,0.71,85.11,1.02,4.7,,,,,,65.25,1.98,264.5,0.0,0.0,346.25,,
2024-09-20 15:00:00,19.75,97.75,2.02,21.1,12.88,23.18,7.78,0.63,64.48,1.02,4.92,,,,,,64.5,2.28,280.25,0.0,0.0,194.5,,
2024-09-20 16:00:00,24.0,100.5,2.92,16.22,10.98,20.45,6.28,0.65,69.88,1.42,4.82,,,,,,65.0,1.72,252.25,0.0,0.0,83.25,,
2024-09-20 17:00:00,28.25,101.5,2.22,18.85,11.82,19.27,7.5,0.68,65.52,1.82,6.72,,,,,,65.0,1.52,248.25,0.0,0.0,44.5,,
2024-09-20 18:00:00,24.0,100.0,2.65,24.7,15.3,19.7,6.75,0.74,63.06,1.78,7.1,,,,,,66.25,1.75,257.5,0.0,0.0,15.25,,
2024-09-20 19:00:00,25.25,100.0,3.15,21.1,13.78,20.92,7.07,0.89,82.76,1.65,6.48,,,,,,66.0,1.72,280.5,0.0,0.0,15.25,,
2024-09-20 20:00:00,22.0,95.0,3.08,18.97,12.58,22.35,7.2,1.01,88.1,1.5,5.68,,,,,,65.75,1.95,330.75,0.0,0.0,15.5,,
2024-09-20 21:00:00,25.75,89.5,2.35,19.25,12.12,22.28,6.62,1.02,86.34,1.45,5.42,,,,,,64.25,2.33,331.25,0.0,0.0,15.25,,
2024-09-20 22:00:00,18.75,72.75,3.05,15.98,10.98,22.0,6.02,0.99,84.38,1.42,5.18,,,,,,65.25,2.33,294.5,0.0,0.0,15.25,,
2024-09-20 23:00:00,17.5,71.0,1.7,15.55,9.3,22.33,4.42,0.85,73.64,1.38,4.85,,,,,,66.0,1.08,246.25,0.0,0.0,15.0,,
2024-09-21 00:00:00,14.0,60.75,3.6,11.95,9.22,18.0,5.38,0.72,68.21,1.5,5.0,,,,,,65.5,1.45,235.0,0.0,0.0,15.0,,
2024-09-21 01:00:00,8.75,38.0,2.17,11.52,7.9,17.42,5.45,0.66,62.62,1.23,4.55,,,,,,66.75,1.58,304.5,0.0,0.0,15.0,,
2024-09-21 02:00:00,11.0,33.25,3.32,10.85,8.52,16.48,5.12,0.61,58.41,1.08,4.18,,,,,,67.5,1.15,288.5,0.0,0.0,15.5,,
2024-09-21 03:00:00,11.0,27.25,3.55,10.15,8.25,19.48,4.97,0.64,51.61,0.92,3.58,,,,,,66.75,0.8,302.5,0.75,0.75,16.0,,
2024-09-21 04:00:00,10.25,24.5,3.55,11.88,9.18,15.4,4.25,0.63,43.12,0.75,3.18,,,,,,67.25,0.88,286.0,1.0,1.0,16.0,,
2024-09-21 05:00:00,7.75,25.0,2.92,16.97,11.4,15.48,2.88,0.65,38.37,0.82,3.32,,,,,,67.75,0.5,240.0,0.75,0.75,16.0,,
2024-09-21 06:00:00,8.5,32.0,4.35,24.08,16.35,16.95,1.48,0.72,32.39,0.88,3.4,,,,,,67.75,0.48,347.0,0.5,0.5,16.25,,
2024-09-21 07:00:00,12.75,34.5,3.58,19.95,13.52,18.52,1.65,0.64,31.56,1.12,4.65,,,,,,67.5,0.82,319.5,0.0,0.0,36.5,,
2024-09-21 08:00:00,10.75,33.0,5.32,18.48,14.2,16.6,4.92,0.73,34.45,1.15,4.7,,,,,,67.0,1.0,,0.0,0.0,84.75,,
2024-09-21 09:00:00,7.0,35.0,4.82,18.65,13.85,16.3,6.18,0.78,38.27,1.52,5.7,,,,,,67.0,1.02,344.0,0.0,0.0,162.75,,
2024-09-21 10:00:00,8.25,42.75,3.45,15.62,11.12,15.88,6.3,0.76,44.69,1.42,5.55,,,,,,67.75,1.35,338.0,0.0,0.0,262.0,,
2024-09-21 11:00:00,13.0,48.5,4.28,16.75,12.38,16.18,7.22,0.88,54.93,1.52,6.85,,,,,,68.0,1.48,280.5,0.0,0.0,298.0,,
2024-09-21 12:00:00,16.0,48.75,3.45,13.3,9.85,17.58,4.32,0.84,52.18,1.5,7.22,,,,,,66.75,1.72,284.75,0.0,0.0,392.5,,
2024-09-21 13:00:00,16.0,46.5,2.6,12.45,8.75,17.95,2.48,0.78,49.98,1.45,7.25,,,,,,66.5,1.6,314.5,0.0,0.0,327.75,,
2024-09-21 14:00:00,15.25,50.25,2.33,12.48,8.5,18.55,5.62,0.72,51.3,1.27,7.62,,,,,,67.0,1.62,334.25,0.0,0.0,160.75,,
2024-09-21 15:00:00,13.75,50.0,2.22,14.8,9.7,19.0,6.92,0.64,43.46,1.75,9.43,,,,,,66.75,1.32,329.75,0.0,0.0,109.25,,
2024-09-21 16:00:00,15.0,51.75,1.85,18.73,11.52,17.55,4.2,0.56,53.95,1.72,9.4,,,,,,65.75,2.92,308.5,0.0,0.0,30.5,,
2024-09-21 17:00:00,11.75,41.75,16.27,41.15,35.12,21.15,4.53,0.65,25.92,1.92,7.2,,,,,,67.0,1.15,293.0,0.0,0.0,15.75,,
2024-09-21 18:00:00,15.75,63.75,26.02,48.4,46.88,22.55,19.7,0.9,25.14,1.9,7.15,,,,,,68.0,0.8,246.0,0.0,0.0,15.0,,
2024-09-21 19:00:00,27.25,103.75,31.88,45.08,49.92,22.6,25.58,1.17,27.24,2.02,8.0,,,,,,66.75,0.92,340.0,0.0,0.0,15.25,,
2024-09-21 20:00:00,18.75,98.75,26.52,43.48,44.7,22.15,17.38,1.24,26.12,2.02,8.5,,,,,,67.25,1.12,356.0,0.0,0.0,15.25,,
2024-09-21 21:00:00,20.25,94.25,21.22,39.9,38.5,20.38,11.35,1.34,26.51,2.0,8.52,,,,,,67.25,1.12,326.0,0.0,0.0,15.75,,
2024-09-21 22:00:00,25.75,91.5,17.05,37.33,33.72,20.05,7.68,1.28,26.36,2.0,8.68,,,,,,66.75,1.55,338.0,0.0,0.0,16.0,,
2024-09-21 23:00:00,21.25,85.5,10.12,29.32,23.82,18.62,4.7,0.97,26.26,2.0,8.02,,,,,,66.25,1.68,303.25,0.0,0.0,15.25,,
2024-09-22 00:00:00,19.25,72.0,6.45,27.12,19.7,16.77,4.6,0.9,32.04,1.8,7.15,,,,,,67.75,1.32,260.5,0.0,0.0,15.0,,
2024-09-22 01:00:00,18.25,66.0,4.2,19.7,13.82,16.15,4.2,0.77,34.74,1.58,6.4,,,,,,66.75,1.65,270.75,0.0,0.0,15.0,,
2024-09-22 02:00:00,12.5,47.0,3.45,15.88,11.28,14.2,4.68,0.7,33.84,1.32,6.0,,,,,,67.75,1.42,313.0,0.0,0.0,15.0,,
2024-09-22 03:00:00,11.75,43.0,3.95,14.65,11.0,15.48,5.62,0.7,40.7,1.18,5.48,,,,,,67.25,1.83,319.5,0.0,0.0,15.0,,
2024-09-22 04:00:00,12.75,37.0,3.45,13.58,10.0,13.1,4.25,0.65,36.16,1.05,5.12,,,,,,68.75,1.85,305.75,0.0,0.0,15.0,,
2024-09-22 05:00:00,8.5,28.0,3.25,12.02,9.02,12.45,3.92,0.64,35.77,0.98,4.75,,,,,,68.0,1.88,329.25,0.0,0.0,15.0,,
2024-09-22 06:00:00,8.25,27.75,2.9,12.2,8.82,13.15,5.15,0.61,32.88,0.98,4.35,,,,,,68.25,1.25,276.33,0.0,0.0,18.0,,
2024-09-22 07:00:00,12.25,34.0,3.3,14.3,10.32,14.9,4.68,0.6,26.36,1.18,4.8,,,,,,67.75,0.85,333.0,0.0,0.0,36.0,,
2024-09-22 08:00:00,13.75,53.75,4.6,14.62,11.58,14.08,4.05,0.71,29.79,1.23,4.9,,,,,,69.0,0.9,287.0,0.0,0.0,95.25,,
2024-09-22 09:00:00,15.0,48.0,4.4,14.82,11.42,13.48,3.58,0.75,34.35,1.45,5.05,,,,,,70.0,1.02,308.5,0.0,0.0,160.25,,
2024-09-22 10:00:00,12.5,41.75,3.65,12.42,9.55,13.52,3.6,0.78,41.01,1.5,4.82,,,,,,68.25,1.27,257.75,0.0,0.0,181.5,,
2024-09-22 11:00:00,12.5,41.25,3.12,12.15,9.0,13.6,3.65,0.73,51.94,1.25,4.43,,,,,,69.0,1.25,224.75,0.0,0.0,221.0,,
2024-09-22 12:00:00,10.25,42.0,3.18,11.18,8.52,14.62,4.4,0.75,53.66,1.12,4.4,,,,,,68.75,1.0,213.0,0.0,0.0,214.5,,
2024-09-22 13:00:00,17.0,47.0,3.0,12.6,9.15,16.32,6.1,0.76,59.78,1.1,5.25,,,,,,67.25,0.5,177.0,0.0,0.0,128.5,,
2024-09-22 14:00:00,14.5,51.75,1.48,14.72,9.05,20.82,5.75,0.7,67.13,1.12,5.4,,,,,,67.0,1.55,275.75,0.0,0.0,149.25,,
2024-09-22 15:00:00,9.5,63.5,2.08,14.82,9.55,18.65,3.22,0.73,68.21,1.2,5.05,,,,,,66.5,1.9,261.75,0.0,0.0,115.75,,
2024-09-22 16:00:00,16.25,56.75,2.28,14.98,9.78,17.6,4.53,0.73,68.84,1.18,4.5,,,,,,66.5,1.82,300.0,0.0,0.0,78.25,,
2024-09-22 17:00:00,13.5,56.25,2.2,13.7,9.1,17.3,5.2,0.71,69.48,1.15,4.28,,,,,,67.5,1.8,281.75,0.0,0.0,36.0,,
2024-09-22 18:00:00,14.5,56.75,2.78,21.95,13.9,18.08,4.55,0.88,52.43,1.18,4.18,,,,,,67.75,1.3,319.33,0.0,0.0,15.0,,
2024-09-22 19:00:00,20.75,81.5,3.6,30.33,19.05,19.55,5.12,0.99,44.2,1.48,4.75,,,,,,67.75,1.48,318.33,0.0,0.0,15.0,,
2024-09-22 20:00:00,17.0,70.75,3.4,23.28,15.1,18.3,1.47,1.0,47.04,1.52,5.2,,,,,,67.25,1.18,313.25,0.0,0.0,15.0,,
2024-09-22 21:00:00,16.0,50.0,2.78,21.78,13.8,18.08,,0.96,48.61,1.42,4.92,,,,,,67.5,1.7,338.0,0.0,0.0,15.0,,
2024-09-22 22:00:00,12.5,44.75,2.3,19.22,12.1,19.08,3.5,0.85,47.53,1.32,4.8,,,,,,67.5,1.45,338.67,0.0,0.0,15.0,,
2024-09-22 23:00:00,13.0,49.0,2.22,19.98,12.45,17.42,3.92,0.88,42.88,1.48,5.2,,,,,,66.75,1.6,295.75,0.0,0.0,15.0,,
2024-09-23 00:00:00,16.0,50.25,3.35,14.9,10.68,16.6,2.7,0.7,57.28,1.32,4.95,,,,,,66.75,3.15,303.75,0.0,0.0,15.0,,
2024-09-23 01:00:00,7.0,34.5,3.5,10.35,8.35,15.95,2.6,0.55,54.34,1.0,3.58,,,,,,67.0,2.58,306.25,0.0,0.0,15.0,,
2024-09-23 02:00:00,7.0,29.75,2.4,9.78,7.12,15.4,4.0,0.41,46.38,0.9,2.98,,,,,,67.0,2.1,299.5,0.0,0.0,15.0,,
2024-09-23 03:00:00,8.75,29.0,3.25,8.57,7.22,17.27,3.5,0.6,49.78,0.8,2.65,,,,,,69.25,1.7,293.5,0.0,0.0,15.25,,
2024-09-23 04:00:00,12.75,36.0,3.35,9.7,7.82,15.12,3.48,0.6,38.02,0.8,2.72,,,,,,68.75,1.7,262.67,0.0,0.0,15.25,,
2024-09-23 05:00:00,8.25,34.5,2.65,10.95,7.93,14.25,4.2,0.71,31.56,0.8,2.78,,,,,,67.5,1.45,281.5,0.0,0.0,15.25,,
2024-09-23 06:00:00,6.75,34.25,2.62,13.28,9.2,15.88,4.12,0.65,25.97,0.88,3.22,,,,,,67.75,1.27,,0.0,0.0,32.5,,
2024-09-23 07:00:00,10.0,49.5,4.7,15.88,12.22,15.58,3.18,0.57,30.04,1.12,3.97,,,,,,67.75,1.68,278.0,0.0,0.0,87.75,,
2024-09-23 08:00:00,12.75,57.0,4.7,17.25,12.98,15.28,5.22,0.85,35.58,1.2,4.12,,,,,,68.75,1.6,254.25,0.0,0.0,175.25,,
2024-09-23 09:00:00,12.5,55.0,3.78,15.3,11.2,15.75,5.38,1.08,43.22,1.32,4.68,,,,,,67.75,1.4,253.75,0.0,0.0,315.25,,
2024-09-23 10:00:00,12.25,52.75,3.18,12.45,9.25,15.95,4.2,0.92,52.33,1.27,4.45,,,,,,66.75,1.75,292.75,0.0,0.0,339.25,,
2024-09-23 11:00:00,8.5,42.75,3.52,10.32,8.38,17.48,3.25,0.47,57.52,1.15,4.55,,,,,,67.5,1.58,270.0,0.0,0.0,455.0,,
2024-09-23 12:00:00,12.5,36.0,3.1,10.45,8.02,19.12,4.3,0.56,57.28,1.0,4.12,,,,,,67.25,1.62,256.0,0.0,0.0,476.75,,
2024-09-23 13:00:00,11.0,42.75,2.4,10.6,7.62,21.32,4.72,0.5,61.69,1.0,4.42,,,,,,65.75,1.48,294.5,0.0,0.0,391.5,,
2024-09-23 14:00:00,11.0,44.5,2.1,12.88,8.15,23.78,5.25,0.54,67.67,1.08,4.88,,,,,,66.25,1.65,252.75,0.0,0.0,240.75,,
2024-09-23 15:00:00,11.25,67.0,2.5,12.52,8.7,21.1,3.72,0.7,67.38,1.1,4.53,,,,,,66.0,2.17,265.0,0.0,0.0,134.5,,
2024-09-23 16:00:00,16.0,65.75,3.9,26.98,17.48,21.92,4.65,0.68,51.25,1.3,4.75,,,,,,65.5,2.28,298.0,0.0,0.0,83.25,,
2024-09-23 17:00:00,27.25,95.25,5.62,33.72,22.5,22.08,6.45,0.67,38.32,2.15,6.2,,,,,,66.5,0.92,267.75,0.0,0.0,35.5,,
2024-09-23 18:00:00,23.25,104.75,4.85,23.12,16.27,21.55,6.9,0.91,45.08,1.9,7.02,,,,,,66.75,1.0,249.75,0.0,0.0,15.25,,
2024-09-23 19:00:00,18.0,71.75,3.4,28.02,17.7,20.6,7.15,1.09,40.23,1.88,6.92,,,,,,65.25,1.72,304.0,0.0,0.0,15.0,,
2024-09-23 20:00:00,17.5,55.25,3.42,24.72,15.9,20.8,3.8,1.14,54.83,1.62,6.15,,,,,,65.5,1.95,333.75,0.0,0.0,15.0,,
2024-09-23 21:00:00,16.0,50.75,2.72,21.88,13.82,20.82,1.42,1.13,59.78,1.5,5.7,,,,,,66.0,1.92,323.5,0.0,0.0,15.25,,
2024-09-23 22:00:00,16.0,43.5,1.45,20.35,11.28,21.15,3.68,0.96,54.54,1.42,5.32,,,,,,65.75,2.55,327.0,0.0,0.0,15.5,,
2024-09-23 23:00:00,12.75,41.5,2.78,15.42,10.45,17.38,4.4,0.76,52.09,1.23,4.62,,,,,,66.0,3.18,317.75,0.0,0.0,15.25,,
2024-09-24 00:00:00,3.0,34.0,2.75,10.35,7.7,16.67,5.22,0.54,48.66,0.88,3.58,,,,,,66.25,3.0,312.25,9.5,9.5,16.0,,
2024-09-24 01:00:00,2.5,13.25,2.15,12.08,8.18,15.55,6.25,0.49,48.07,0.62,2.8,,,,,,66.75,1.38,,6.5,6.5,16.0,,
2024-09-24 02:00:00,1.0,5.0,4.3,11.18,9.43,15.85,4.72,0.56,44.36,0.6,2.8,,,,,,67.0,1.4,,0.5,0.5,16.0,,
2024-09-24 03:00:00,2.0,11.0,2.98,10.88,8.15,16.95,3.45,0.39,47.43,0.6,2.92,,,,,,68.25,1.08,,0.5,0.5,16.0,,
2024-09-24 04:00:00,2.25,10.0,3.28,10.8,8.43,14.62,3.88,0.29,42.68,0.6,3.2,,,,,,67.25,1.3,,0.0,0.0,16.0,,
2024-09-24 05:00:00,3.0,7.0,3.48,11.18,8.78,14.1,5.45,0.37,39.35,0.65,3.2,,,,,,68.0,1.1,,0.0,0.0,16.0,,
2024-09-24 06:00:00,1.0,11.0,1.5,14.48,8.85,16.27,3.68,0.3,30.63,0.8,3.53,,,,,,67.25,1.02,,0.0,0.0,36.25,,
2024-09-24 07:00:00,3.0,15.5,5.35,16.12,12.9,16.4,1.35,0.52,32.53,1.02,4.18,,,,,,67.25,0.88,284.5,0.0,0.0,153.5,,
2024-09-24 08:00:00,8.5,28.5,4.18,17.0,12.45,16.27,2.68,0.48,40.13,1.2,4.75,,,,,,68.0,1.25,210.5,0.0,0.0,201.5,,
2024-09-24 09:00:00,8.25,29.75,4.35,16.77,12.48,15.58,3.55,0.55,49.39,1.4,5.28,,,,,,68.25,1.6,250.5,0.0,0.0,361.75,,
2024-09-24 10:00:00,11.25,35.25,4.03,14.52,11.0,16.35,5.18,0.64,53.31,1.25,4.92,,,,,,66.75,1.6,282.0,0.0,0.0,397.75,,
2024-09-24 11:00:00,9.75,28.5,2.98,11.95,8.8,18.02,5.78,0.51,53.7,1.05,4.65,,,,,,67.5,1.9,322.75,0.0,0.0,482.5,,
2024-09-24 12:00:00,11.0,32.25,2.3,10.65,7.48,19.38,3.52,0.48,51.89,1.0,4.47,,,,,,66.75,1.7,290.5,0.0,0.0,448.25,,
2024-09-24 13:00:00,7.75,29.25,2.1,10.28,7.15,21.02,2.62,0.49,53.7,0.98,4.3,,,,,,65.5,1.55,282.75,0.0,0.0,352.75,,
2024-09-24 14:00:00,8.0,30.75,2.1,10.07,7.02,21.52,3.85,0.58,51.55,0.92,4.32,,,,,,66.5,1.5,290.0,0.0,0.0,205.75,,
2024-09-24 15:00:00,11.5,44.5,2.35,12.75,8.72,19.55,4.72,0.59,68.35,0.98,4.08,,,,,,65.75,2.28,248.0,0.0,0.0,154.75,,
2024-09-24 16:00:00,12.5,53.75,2.82,14.7,10.12,18.98,3.52,0.47,59.04,1.15,4.28,,,,,,66.25,2.75,263.75,0.5,0.5,79.75,,
2024-09-24 17:00:00,9.75,51.75,2.15,14.35,9.43,16.58,1.7,0.56,43.86,1.2,4.55,,,,,,66.25,0.9,276.67,2.75,2.75,17.0,,
2024-09-24 18:00:00,6.5,32.0,5.25,24.75,17.45,17.8,0.85,1.06,32.68,1.55,6.65,,,,,,66.75,1.2,344.67,0.0,0.0,16.0,,
2024-09-24 19:00:00,10.5,41.75,4.12,37.17,23.1,19.82,0.55,1.36,33.17,2.08,8.98,,,,,,65.5,1.92,339.67,0.0,0.0,16.0,,
2024-09-24 20:00:00,17.75,55.75,3.95,31.88,20.15,20.55,3.43,1.32,42.78,1.9,7.92,,,,,,66.25,1.5,,0.0,0.0,16.0,,
2024-09-24 21:00:00,15.75,58.5,2.97,24.8,14.88,20.25,5.28,1.17,42.58,1.82,7.92,,,,,,65.75,2.3,347.5,0.0,0.0,16.0,,
2024-09-24 22:00:00,11.75,39.0,1.9,19.08,11.68,18.82,3.48,0.88,15.98,1.72,7.18,,,,,,66.5,2.7,347.5,0.0,0.0,15.75,,
2024-09-24 23:00:00,9.75,26.5,2.45,14.65,9.75,15.8,2.75,0.67,17.88,1.38,5.72,,,,,,66.25,2.48,296.25,0.0,0.0,15.25,,
2024-09-25 00:00:00,5.75,14.0,2.85,10.75,8.02,14.92,2.35,0.82,21.26,1.08,4.78,,,,,,66.25,2.2,336.5,0.0,0.0,15.25,,
2024-09-25 01:00:00,5.25,10.25,3.2,10.72,8.25,14.92,1.58,0.8,20.72,0.85,4.03,,,,,,68.0,1.88,315.25,0.0,0.0,15.0,,
2024-09-25 02:00:00,5.75,16.75,4.4,22.98,15.8,15.15,2.42,0.54,19.41,0.7,3.6,,,,,,67.25,1.55,345.0,0.0,0.0,15.0,,
2024-09-25 03:00:00,7.0,16.75,4.22,31.72,20.27,16.9,3.48,0.57,19.8,0.7,3.5,,,,,,67.5,1.68,345.5,0.0,0.0,15.0,,
2024-09-25 04:00:00,11.75,20.0,5.75,32.82,22.12,15.48,1.92,0.56,11.37,0.75,3.4,,,,,,68.75,1.12,305.25,0.0,0.0,15.0,,
2024-09-25 05:00:00,8.75,24.5,5.78,26.32,18.7,15.9,1.25,0.56,10.71,0.82,3.58,,,,,,67.75,0.68,283.0,0.0,0.0,15.0,,
2024-09-25 06:00:00,10.25,30.75,6.22,20.88,16.18,16.12,2.85,0.48,5.58,1.0,4.2,,,,,,68.0,0.92,305.0,0.0,0.0,46.75,,
2024-09-25 07:00:00,9.0,40.25,8.43,20.45,17.73,15.58,3.0,0.77,11.02,1.18,4.62,,,,,,68.0,1.23,248.75,0.0,0.0,154.75,,
2024-09-25 08:00:00,10.25,52.25,6.9,19.77,16.15,15.42,2.42,0.81,15.92,1.27,4.85,,,,,,67.75,1.8,232.25,0.0,0.0,273.5,,
2024-09-25 09:00:00,8.0,49.25,4.8,16.92,12.88,15.15,2.75,0.87,23.03,1.27,5.08,,,,,,68.25,2.28,253.5,0.0,0.0,301.75,,
2024-09-25 10:00:00,8.0,42.25,2.72,13.58,9.45,15.35,2.95,0.66,30.92,1.08,4.38,,,,,,67.0,2.72,276.75,0.0,0.0,452.75,,
2024-09-25 11:00:00,7.33,28.0,2.7,11.73,8.43,16.2,4.37,0.41,36.2,0.97,4.1,,,,,,66.67,2.03,272.67,15.0,11.25,429.67,,
2024-09-25 12:00:00,5.0,31.5,2.78,11.82,8.48,17.73,3.6,0.42,36.06,0.92,4.2,,,,,,66.5,1.82,267.75,0.0,0.0,341.0,,
2024-09-25 13:00:00,3.25,39.25,1.58,12.75,8.05,19.5,2.62,0.56,33.17,1.0,4.65,,,,,,66.0,1.32,251.25,0.0,0.0,214.0,,
2024-09-25 14:00:00,7.0,30.25,2.9,10.72,8.1,17.1,4.08,0.55,36.75,0.98,4.62,,,,,,65.25,1.3,254.0,0.0,0.0,272.5,,
2024-09-25 15:00:00,8.75,31.0,3.08,11.32,8.52,16.88,5.38,0.29,44.98,0.92,5.25,,,,,,65.75,2.12,274.25,0.0,0.0,152.5,,
2024-09-25 16:00:00,13.25,40.0,2.0,15.75,10.05,17.18,2.95,0.54,47.82,1.0,5.52,,,,,,65.0,2.82,333.25,0.0,0.0,61.0,,
2024-09-25 17:00:00,11.75,43.75,3.4,16.4,11.5,18.48,1.83,0.73,51.55,1.0,5.58,,,,,,66.0,3.08,335.0,0.0,0.0,26.5,,
2024-09-25 18:00:00,13.75,52.25,2.62,19.45,12.42,20.45,2.68,0.82,46.7,1.08,5.98,,,,,,66.25,3.28,330.0,0.0,0.0,15.25,,
2024-09-25 19:00:00,11.75,40.75,1.82,18.7,11.42,17.98,2.95,0.74,36.9,1.0,5.0,,,,,,65.75,3.35,346.25,0.0,0.0,15.5,,
2024-09-25 20:00:00,7.75,31.0,2.65,20.15,12.92,17.45,2.95,0.8,32.2,1.1,4.97,,,,,,66.0,3.02,350.0,0.0,0.0,16.0,,
2024-09-25 21:00:00,7.25,27.75,2.17,18.7,11.72,18.32,2.68,0.72,20.29,1.25,5.42,,,,,,66.0,1.68,,11.0,11.0,16.0,,
2024-09-25 22:00:00,7.25,18.0,2.9,10.7,8.05,15.18,3.28,0.61,26.9,1.12,5.08,,,,,,66.0,2.55,343.0,19.25,19.25,16.0,,
2024-09-25 23:00:00,4.0,,2.0,13.15,8.62,13.42,3.35,0.66,23.42,0.85,4.53,,,,,,66.75,1.17,301.0,1.25,1.25,16.0,,
2024-09-26 00:00:00,1.0,2.0,2.78,18.1,11.85,13.48,4.2,0.56,16.07,0.92,4.4,,,,,,67.25,1.08,269.25,0.0,0.0,16.0,,
2024-09-26 01:00:00,,2.0,4.22,13.32,10.52,13.45,5.7,0.66,22.34,0.98,3.75,,,,,,67.5,1.42,265.0,0.0,0.0,16.0,,
2024-09-26 02:00:00,,2.0,3.62,13.7,10.22,12.72,2.95,0.6,25.42,0.62,2.88,,,,,,68.75,1.05,278.67,0.25,0.25,16.0,,
2024-09-26 03:00:00,6.0,4.5,2.17,12.08,8.18,13.9,1.83,0.58,29.47,0.6,2.68,,,,,,68.0,0.92,336.0,0.0,0.0,16.0,,
2024-09-26 04:00:00,5.75,10.0,2.4,12.12,8.4,12.82,3.75,0.6,21.61,0.55,2.75,,,,,,68.0,1.32,,0.0,0.0,16.0,,
2024-09-26 05:00:00,4.5,16.25,2.0,20.23,12.38,14.22,4.97,0.46,9.22,0.62,3.08,,,,,,68.75,0.78,,0.0,0.0,16.0,,
2024-09-26 06:00:00,6.5,20.0,5.48,24.48,17.5,15.45,2.27,0.34,5.58,0.88,3.75,,,,,,68.5,1.27,,0.0,0.0,16.0,,
2024-09-26 07:00:00,15.0,31.25,8.68,23.98,19.8,16.25,1.13,0.51,6.71,1.1,4.25,,,,,,68.5,0.57,,0.0,0.0,34.0,,
2024-09-26 08:00:00,10.25,40.0,13.82,29.2,26.8,17.82,1.85,0.75,9.5,1.42,5.3,,,,,,69.0,0.32,,0.0,0.0,67.5,,
2024-09-26 09:00:00,13.75,48.5,15.2,38.22,32.67,18.68,2.15,1.3,17.54,1.95,7.45,,,,,,68.75,0.92,,0.0,0.0,151.25,,
2024-09-26 10:00:00,13.0,53.25,8.7,35.15,25.8,16.95,3.52,1.09,28.18,1.85,7.3,,,,,,68.5,0.98,346.0,0.0,0.0,170.25,,
2024-09-26 11:00:00,13.0,46.5,4.78,26.12,17.8,15.5,4.0,0.87,34.54,1.8,7.45,,,,,,68.0,1.6,,0.0,0.0,257.25,,
2024-09-26 12:00:00,12.0,50.75,3.02,19.92,13.05,15.3,6.3,0.76,46.21,1.55,7.45,,,,,,67.5,1.75,350.0,0.0,0.0,321.0,,
2024-09-26 13:00:00,8.25,45.0,2.45,15.85,10.4,16.08,7.6,0.48,26.26,1.45,7.75,,,,,,66.75,1.48,354.0,0.0,0.0,213.75,,
2024-09-26 14:00:00,6.0,29.5,3.1,13.38,9.65,13.8,4.75,0.57,32.1,1.25,7.3,,,,,,67.5,1.05,303.67,0.0,0.0,222.25,,
2024-09-26 15:00:00,7.5,33.0,3.1,14.9,10.45,13.8,3.0,0.89,47.53,1.23,7.9,,,,,,67.75,1.15,323.0,0.0,0.0,153.5,,
2024-09-26 16:00:00,11.75,49.75,2.0,18.5,11.48,14.48,4.65,0.96,36.95,1.25,7.9,,,,,,68.0,2.17,332.0,0.0,0.0,71.75,,
2024-09-26 17:00:00,10.5,56.5,3.65,20.2,13.72,14.78,5.18,0.9,32.58,1.12,7.05,,,,,,67.5,2.0,328.25,0.0,0.0,31.25,,
2024-09-26 18:00:00,8.5,59.0,3.3,22.1,14.48,15.08,4.03,0.82,,1.15,6.5,,,,,,68.25,2.05,317.75,0.0,0.0,16.0,,
2024-09-26 19:00:00,7.0,51.25,3.18,18.3,12.28,14.78,4.45,0.84,150.58,1.2,6.32,,,,,,67.25,1.95,308.5,0.0,0.0,16.0,,
2024-09-26 20:00:00,7.33,47.0,2.98,16.92,11.38,14.75,6.18,0.83,83.6,1.15,6.1,,,,,,66.75,1.98,297.5,0.0,0.0,16.0,,
2024-09-26 21:00:00,7.75,45.75,1.42,14.22,8.75,15.25,6.42,0.66,50.72,1.1,5.62,,,,,,67.25,2.28,321.25,0.0,0.0,16.0,,
2024-09-26 22:00:00,7.25,31.75,3.02,13.52,9.65,13.35,3.15,0.69,41.21,1.02,4.95,,,,,,66.75,1.95,324.5,0.0,0.0,16.0,,
2024-09-26 23:00:00,7.75,27.25,2.85,14.95,10.25,13.18,2.3,0.57,37.92,0.95,4.22,,,,,,67.5,1.12,331.0,0.0,0.0,15.75,,
2024-09-27 00:00:00,7.0,26.0,2.78,16.6,11.08,13.68,3.12,0.62,36.11,0.85,3.97,,,,,,67.75,1.12,,0.0,0.0,16.0,,
2024-09-27 01:00:00,8.0,29.25,3.9,19.1,13.35,12.95,4.9,0.64,33.32,0.78,3.75,,,,,,68.25,1.12,,0.0,0.0,16.0,,
2024-09-27 02:00:00,10.5,30.25,3.6,19.1,13.1,13.22,3.88,0.57,28.42,0.85,3.8,,,,,,69.25,0.85,,0.0,0.0,15.0,,
2024-09-27 03:00:00,9.75,29.0,3.3,17.48,11.98,14.28,1.62,0.74,32.14,0.8,4.02,,,,,,69.5,1.4,,0.0,0.0,15.0,,
2024-09-27 04:00:00,10.75,24.0,2.4,14.5,9.62,13.05,3.28,0.66,26.95,0.75,3.8,,,,,,69.25,1.3,,0.0,0.0,15.0,,
2024-09-27 05:00:00,6.5,27.5,2.78,16.88,11.18,14.4,4.0,0.53,13.18,0.78,3.7,,,,,,68.25,1.3,,0.0,0.0,15.0,,
2024-09-27 06:00:00,6.5,30.25,3.35,17.8,12.25,13.32,4.9,0.72,16.32,0.8,3.55,,,,,,68.25,1.23,,0.0,0.0,31.75,,
2024-09-27 07:00:00,10.25,38.25,4.85,18.12,13.62,13.6,5.7,0.87,19.11,1.1,3.92,,,,,,69.0,1.25,,0.0,0.0,142.0,,
2024-09-27 08:00:00,10.0,58.5,5.32,19.4,14.65,14.68,3.65,1.09,24.8,1.15,4.38,,,,,,68.5,1.38,,0.0,0.0,236.5,,
2024-09-27 09:00:00,14.75,79.5,4.47,17.48,12.98,15.05,2.28,0.87,35.72,1.2,4.85,,,,,,68.25,1.8,328.0,0.0,0.0,351.0,,
2024-09-27 10:00:00,10.25,68.0,3.2,14.22,10.18,14.9,3.48,0.75,43.22,1.12,4.42,,,,,,68.0,1.42,291.25,0.0,0.0,414.75,,
2024-09-27 11:00:00,9.0,49.25,2.28,13.45,9.0,14.92,2.58,0.73,49.83,1.1,4.6,,,,,,68.25,1.08,271.5,0.0,0.0,420.5,,
2024-09-27 12:00:00,13.0,56.0,1.82,14.32,9.05,16.0,2.12,0.44,47.19,1.08,4.45,,,,,,67.5,2.45,302.0,0.0,0.0,404.25,,
2024-09-27 13:00:00,12.75,52.25,1.82,12.82,8.28,16.88,1.55,0.65,40.18,1.1,4.4,,,,,,65.75,3.92,328.25,2.75,2.75,127.5,,
2024-09-27 14:00:00,2.75,39.0,3.42,12.08,9.2,14.85,3.52,0.79,42.04,0.98,3.5,,,,,,67.0,3.08,309.0,0.5,0.5,190.75,,
2024-09-27 15:00:00,2.25,34.5,3.18,14.08,10.05,15.05,5.98,0.64,30.53,0.9,3.3,,,,,,65.5,1.72,294.75,0.0,0.0,104.5,,
2024-09-27 16:00:00,4.5,38.75,3.32,15.9,11.2,14.3,2.55,0.72,25.82,0.9,4.0,,,,,,67.25,2.1,338.75,0.0,0.0,68.25,,
2024-09-27 17:00:00,9.0,40.0,5.28,21.55,15.75,14.32,0.7,0.94,21.8,1.15,5.03,,,,,,67.0,1.45,323.5,0.0,0.0,29.0,,
2024-09-27 18:00:00,13.0,56.5,6.28,26.38,19.1,15.58,1.42,1.14,17.0,1.62,6.68,,,,,,67.25,1.58,292.5,0.0,0.0,15.0,,
2024-09-27 19:00:00,22.75,76.25,4.62,22.98,15.98,15.18,1.1,1.1,16.66,1.5,6.3,,,,,,66.25,1.35,,0.0,0.0,15.25,,
2024-09-27 20:00:00,15.5,42.5,5.2,26.35,18.25,16.45,0.95,1.27,9.56,1.65,6.72,,,,,,66.75,0.9,,0.0,0.0,15.75,,
2024-09-27 21:00:00,15.5,59.0,13.15,33.7,28.6,18.8,1.55,1.42,5.34,2.08,8.15,,,,,,67.75,0.7,,0.0,0.0,16.0,,
2024-09-27 22:00:00,19.5,95.0,17.95,32.33,31.75,17.5,3.22,1.72,7.3,2.4,8.9,,,,,,68.25,0.8,,0.0,0.0,15.5,,
2024-09-27 23:00:00,16.5,67.0,19.42,32.3,32.95,17.18,5.0,1.7,7.6,2.38,9.15,,,,,,69.0,0.48,,0.0,0.0,15.25,,
2024-09-28 00:00:00,13.5,64.75,19.2,31.02,32.1,16.77,8.62,1.24,8.43,2.32,9.12,,,,,,68.0,0.52,,0.0,0.0,15.5,,
2024-09-28 01:00:00,17.75,56.0,19.08,39.67,36.6,17.27,9.7,1.25,11.42,2.05,8.68,,,,,,69.25,0.45,,0.0,0.0,15.25,,
2024-09-28 02:00:00,16.25,49.5,20.5,51.88,44.28,18.32,6.1,1.15,9.15,1.88,7.95,,,,,,69.25,0.48,,0.0,0.0,15.0,,
2024-09-28 03:00:00,15.5,51.75,21.15,34.78,35.7,18.73,5.55,1.1,15.68,1.8,7.88,,,,,,68.75,0.35,,0.0,0.0,15.0,,
2024-09-28 04:00:00,20.5,66.5,21.35,26.6,31.5,17.88,3.85,0.96,11.96,1.92,8.4,,,,,,69.0,0.5,,0.0,0.0,15.0,,
2024-09-28 05:00:00,18.75,66.5,14.48,18.42,21.55,15.9,3.8,0.8,6.18,1.95,8.02,,,,,,68.25,0.52,,0.0,0.0,15.0,,
2024-09-28 06:00:00,9.5,40.5,12.92,20.35,21.32,15.08,2.1,0.94,8.77,1.85,7.18,,,,,,69.0,0.38,,0.0,0.0,27.75,,
2024-09-28 07:00:00,12.75,57.0,11.58,20.92,20.5,15.3,1.1,0.85,12.69,1.88,7.08,,,,,,69.25,0.52,,0.0,0.0,112.25,,
2024-09-28 08:00:00,17.0,60.75,9.1,21.32,18.75,14.5,4.72,1.35,19.99,1.8,6.75,,,,,,69.0,0.72,,0.0,0.0,156.25,,
2024-09-28 09:00:00,16.0,70.0,7.1,19.65,16.25,14.08,7.02,0.9,29.45,1.62,6.65,,,,,,68.5,1.15,269.0,0.0,0.0,339.5,,
2024-09-28 10:00:00,21.0,59.75,3.85,16.92,12.15,13.35,6.75,0.87,38.42,1.45,5.95,,,,,,68.0,1.4,343.0,0.0,0.0,258.5,,
2024-09-28 11:00:00,18.0,50.75,2.17,17.05,10.82,14.12,5.75,0.87,54.29,1.4,5.72,,,,,,67.75,1.98,308.25,0.0,0.0,337.25,,
2024-09-28 12:00:00,16.5,56.75,1.15,12.58,7.68,15.75,4.4,0.66,33.47,1.2,5.4,,,,,,65.75,3.2,304.75,0.0,0.0,501.5,,
2024-09-28 13:00:00,11.75,38.0,2.5,11.18,7.98,14.75,5.75,0.68,35.77,1.1,4.8,,,,,,67.0,1.65,305.75,0.0,0.0,185.0,,
2024-09-28 14:00:00,10.5,29.0,2.95,12.68,9.15,14.2,8.45,0.72,41.26,1.02,5.48,,,,,,68.0,1.33,318.25,0.0,0.0,225.75,,
2024-09-28 15:00:00,9.75,40.0,3.4,10.25,8.22,13.52,7.2,0.66,27.59,0.98,5.75,,,,,,66.25,2.42,258.0,0.0,0.0,279.75,,
2024-09-28 16:00:00,11.0,36.25,3.48,9.52,7.92,13.32,4.2,0.66,26.12,0.88,4.92,,,,,,66.5,2.9,284.5,0.0,0.0,138.25,,
2024-09-28 17:00:00,7.5,26.5,3.38,10.58,8.35,14.7,1.83,0.69,24.55,0.95,4.58,,,,,,67.0,2.88,301.5,0.0,0.0,24.5,,
2024-09-28 18:00:00,6.75,30.0,3.18,10.32,8.07,14.5,6.18,0.7,21.95,0.8,3.92,,,,,,66.5,2.9,298.75,0.0,0.0,15.0,,
2024-09-28 19:00:00,9.75,27.0,2.78,9.88,7.52,14.23,6.9,0.72,20.38,0.82,3.32,,,,,,66.0,2.48,290.25,0.0,0.0,15.25,,
2024-09-28 20:00:00,12.0,28.5,2.4,13.58,9.18,15.52,4.6,0.68,13.67,0.82,3.68,,,,,,66.25,2.1,276.25,0.0,0.0,15.25,,
2024-09-28 21:00:00,10.67,30.25,3.0,11.65,8.68,13.82,2.38,0.6,15.39,0.82,3.72,,,,,,66.0,2.42,292.5,0.0,0.0,15.75,,
2024-09-28 22:00:00,7.75,20.5,3.32,10.38,8.25,12.8,3.2,0.56,17.4,0.72,3.22,,,,,,66.75,2.02,307.75,0.0,0.0,15.75,,
2024-09-28 23:00:00,6.75,14.0,2.88,9.07,7.15,12.45,3.92,0.57,17.3,0.68,3.0,,,,,,66.5,2.1,294.33,0.0,0.0,16.0,,
2024-09-29 00:00:00,5.25,9.25,2.95,11.88,8.7,11.85,4.28,0.58,19.06,0.55,2.38,,,,,,67.5,1.95,344.5,0.0,0.0,16.0,,
2024-09-29 01:00:00,3.5,12.5,3.1,9.6,7.62,11.98,4.25,0.53,17.54,0.45,2.08,,,,,,67.75,1.75,354.0,0.0,0.0,15.25,,
2024-09-29 02:00:00,4.5,11.0,3.42,9.3,7.75,11.85,4.45,0.52,13.85,0.45,2.0,,,,,,67.75,1.68,347.75,0.0,0.0,15.0,,
2024-09-29 03:00:00,2.75,11.0,3.42,9.55,7.88,13.38,6.18,0.52,18.16,0.4,1.82,,,,,,67.0,1.7,356.0,0.0,0.0,15.0,,
2024-09-29 04:00:00,2.0,12.0,3.0,9.6,7.55,12.92,5.7,0.44,6.12,0.48,2.02,,,,,,68.75,1.08,,0.0,0.0,15.0,,
2024-09-29 05:00:00,2.75,12.0,7.02,19.0,15.82,12.08,5.25,0.5,4.36,0.55,2.92,,,,,,68.25,0.48,,0.0,0.0,15.0,,
2024-09-29 06:00:00,8.0,44.0,12.48,16.08,18.68,12.65,4.97,0.66,6.27,0.9,4.4,,,,,,68.75,0.42,,0.0,0.0,44.5,,
2024-09-29 07:00:00,15.75,42.75,14.08,15.85,19.88,14.22,4.97,0.68,8.87,1.27,5.62,,,,,,67.25,1.38,,0.0,0.0,148.25,,
2024-09-29 08:00:00,11.75,39.0,9.25,12.42,14.15,13.85,5.52,0.68,16.51,1.08,5.1,,,,,,68.75,1.82,330.5,0.0,0.0,248.0,,
2024-09-29 09:00:00,10.25,,5.2,12.98,11.12,13.22,5.22,0.62,18.57,0.9,4.25,,,,,,67.75,1.88,342.25,0.0,0.0,263.5,,
2024-09-29 10:00:00,8.25,,3.38,11.02,8.57,13.72,4.08,0.59,18.08,0.8,3.9,,,,,,67.5,2.6,316.75,0.0,0.0,414.5,,
2024-09-29 11:00:00,8.75,,3.32,7.07,6.43,14.2,5.18,0.53,14.31,0.6,3.15,,,,,,67.0,3.15,280.25,0.0,0.0,503.5,,
2024-09-29 12:00:00,6.33,,2.45,6.32,5.32,14.92,2.75,0.45,8.18,0.5,2.68,,,,,,67.0,3.4,289.75,0.0,0.0,500.0,,
2024-09-29 13:00:00,2.75,,3.12,4.6,5.0,13.25,1.38,0.47,12.25,0.48,2.52,,,,,,66.5,3.32,276.5,0.0,0.0,450.5,,
2024-09-29 14:00:00,2.25,,2.42,4.75,4.47,13.32,2.38,0.46,9.31,0.4,2.28,,,,,,66.0,3.75,280.25,0.0,0.0,393.0,,
2024-09-29 15:00:00,3.75,,3.85,3.58,5.03,12.8,2.9,0.47,11.96,0.32,1.75,,,,,,66.0,3.82,303.25,0.0,0.0,293.0,,
2024-09-29 16:00:00,5.25,,4.38,4.5,5.98,13.3,4.9,0.52,16.46,0.3,1.45,,,,,,65.75,3.4,277.5,0.0,0.0,145.25,,
2024-09-29 17:00:00,3.5,,3.45,5.03,5.52,14.42,6.7,0.56,14.26,0.28,1.25,,,,,,66.25,2.68,299.0,0.0,0.0,23.0,,
2024-09-29 18:00:00,5.0,,3.48,6.52,6.28,14.1,5.65,0.59,11.37,0.3,1.48,,,,,,66.25,2.7,294.25,0.0,0.0,15.0,,
2024-09-29 19:00:00,4.5,,4.08,7.68,7.38,14.25,3.92,0.63,9.36,0.4,2.0,,,,,,66.0,2.35,300.75,0.0,0.0,15.0,,
2024-09-29 20:00:00,4.0,,3.15,7.0,6.3,15.12,3.5,0.53,5.49,0.43,2.2,,,,,,65.75,2.75,316.0,0.0,0.0,15.0,,
2024-09-29 21:00:00,6.75,,4.22,7.08,7.22,13.12,3.32,0.52,7.69,0.45,2.05,,,,,,66.5,2.7,326.0,0.0,0.0,15.25,,
2024-09-29 22:00:00,5.75,,3.95,5.72,6.15,12.68,2.25,0.48,7.79,0.4,1.88,,,,,,66.5,2.62,316.5,0.0,0.0,15.25,,
2024-09-29 23:00:00,5.0,,3.08,7.42,6.48,11.77,1.27,0.47,6.91,0.4,1.52,,,,,,66.5,2.08,334.25,0.0,0.0,16.0,,
2024-09-30 00:00:00,4.5,,4.82,6.58,7.42,11.68,0.67,0.52,12.25,0.32,1.32,,,,,,67.0,2.2,339.5,0.0,0.0,16.0,,
2024-09-30 01:00:00,3.75,,4.12,7.4,7.28,11.98,1.2,0.52,9.56,0.3,1.23,,,,,,66.0,1.62,,0.0,0.0,16.0,,
2024-09-30 02:00:00,5.25,9.0,4.42,7.2,7.43,12.18,2.22,0.52,8.56,0.3,1.45,,,,,,66.75,1.35,,0.0,0.0,15.5,,
2024-09-30 03:00:00,3.5,9.0,4.97,7.7,8.15,13.9,2.5,0.48,13.78,0.3,1.7,,,,,,66.5,1.38,,0.0,0.0,15.25,,
2024-09-30 04:00:00,5.5,9.5,4.4,8.38,8.05,13.55,1.78,0.39,3.14,0.38,2.12,,,,,,66.5,0.92,,0.0,0.0,15.0,,
2024-09-30 05:00:00,6.75,13.75,7.48,9.0,10.95,12.32,1.2,0.48,4.46,0.5,2.88,,,,,,68.5,0.62,,0.0,0.0,15.0,,
2024-09-30 06:00:00,6.25,22.25,9.57,10.7,13.48,13.05,2.02,0.52,5.09,0.88,3.98,,,,,,68.25,0.52,256.67,0.0,0.0,54.75,,
2024-09-30 07:00:00,7.5,26.25,10.85,13.0,15.7,13.38,3.68,0.58,8.92,0.98,4.07,,,,,,68.25,0.98,255.25,0.0,0.0,148.5,,
2024-09-30 08:00:00,10.0,31.75,9.65,10.82,13.58,12.7,3.45,0.62,13.18,0.92,3.7,,,,,,67.0,1.5,282.0,0.0,0.0,256.5,,
2024-09-30 09:00:00,11.75,19.0,6.1,11.42,11.0,12.58,3.58,0.42,15.29,0.8,3.28,,,,,,68.75,1.15,250.5,0.0,0.0,149.25,,
2024-09-30 10:00:00,10.0,,4.92,13.38,11.08,12.55,3.35,0.54,24.8,0.88,3.58,,,,,,67.25,1.62,237.75,0.0,0.0,336.25,,
2024-09-30 11:00:00,13.25,20.0,3.1,8.75,7.12,14.5,2.45,0.38,18.52,0.8,3.32,,,,,,67.25,2.9,291.0,0.0,0.0,507.5,,
2024-09-30 12:00:00,4.0,20.0,3.5,5.03,5.53,14.97,1.4,0.74,10.59,0.73,3.07,,,,,,66.67,4.13,300.0,0.0,0.0,509.67,,
2024-09-30 13:00:00,2.0,18.5,3.0,5.12,5.15,14.32,,0.82,10.73,0.6,2.3,,,,,,65.0,4.15,294.0,0.0,0.0,464.0,,
2024-09-30 14:00:00,6.0,14.0,3.78,5.5,5.98,13.45,2.88,0.81,9.11,0.45,1.9,,,,,,66.5,3.72,312.25,0.0,0.0,382.75,,
2024-09-30 15:00:00,6.0,14.0,5.18,5.08,6.92,13.38,4.0,0.84,9.11,0.45,2.08,,,,,,66.25,3.55,291.5,0.0,0.0,291.5,,
2024-09-30 16:00:00,6.0,,5.68,6.05,7.82,14.95,3.65,0.8,11.32,0.4,2.02,,,,,,66.0,3.62,295.5,0.0,0.0,137.5,,
2024-09-30 17:00:00,6.25,18.0,4.68,5.62,6.82,15.1,3.48,0.78,10.0,0.48,2.0,,,,,,65.5,2.88,300.75,0.0,0.0,21.25,,
2024-09-30 18:00:00,6.75,17.0,4.6,8.07,8.05,14.9,1.7,0.87,8.48,0.6,2.38,,,,,,64.75,2.75,295.0,0.0,0.0,15.0,,
2024-09-30 19:00:00,5.25,14.0,4.88,10.32,9.45,15.42,,0.84,9.67,0.7,2.65,,,,,,65.5,2.8,325.25,0.0,0.0,15.75,,
2024-09-30 20:00:00,3.0,17.0,4.47,11.75,9.85,14.3,1.03,0.98,3.58,0.7,2.88,,,,,,65.75,2.2,327.25,0.0,0.0,15.5,,
2024-09-30 21:00:00,3.0,17.0,4.95,10.85,9.82,12.95,1.78,1.03,5.73,0.8,3.3,,,,,,66.75,2.2,338.0,0.0,0.0,15.75,,
2024-09-30 22:00:00,3.75,14.0,5.78,10.9,10.5,11.9,4.8,0.99,5.34,0.78,3.32,,,,,,66.5,2.02,343.75,0.0,0.0,15.5,,
2024-09-30 23:00:00,6.0,14.0,6.13,11.57,11.07,11.77,5.77,0.97,6.01,0.8,3.67,,,,,,66.0,2.03,342.0,0.0,0.0,16.0,,
2024-10-01 00:00:00,3.0,,6.65,11.15,11.35,11.95,2.32,0.57,8.48,0.62,3.12,,,,,,67.25,1.58,332.0,0.0,0.0,16.0,,
2024-10-01 01:00:00,4.25,20.0,5.88,11.25,10.8,12.08,0.5,0.65,7.15,0.57,2.9,,,,,,66.75,1.48,344.0,0.0,0.0,15.5,,
2024-10-01 02:00:00,7.5,19.5,6.22,11.32,11.08,12.22,1.98,0.64,6.53,0.5,2.8,,,,,,66.75,1.48,331.0,0.0,0.0,15.5,,
2024-10-01 03:00:00,6.25,17.0,6.1,11.75,11.22,14.4,4.32,0.57,14.02,0.5,2.68,,,,,,66.75,1.5,,0.0,0.0,15.75,,
2024-10-01 04:00:00,6.5,12.5,6.35,11.68,11.35,12.9,2.1,0.49,4.26,0.52,2.82,,,,,,67.25,1.5,,0.0,0.0,15.0,,
2024-10-01 05:00:00,4.5,8.0,7.85,11.75,12.62,11.7,,0.55,4.8,0.5,2.6,,,,,,67.75,1.12,,0.0,0.0,15.0,,
2024-10-01 06:00:00,4.5,13.25,8.77,12.25,13.68,12.05,2.73,0.67,5.29,0.65,3.15,,,,,,68.25,0.78,255.0,0.0,0.0,53.25,,
2024-10-01 07:00:00,8.5,30.75,11.05,12.78,15.78,12.62,5.75,0.82,8.14,0.82,3.55,,,,,,67.5,1.15,253.0,0.0,0.0,138.0,,
2024-10-01 08:00:00,7.25,36.75,9.98,12.8,14.95,12.68,3.25,0.88,14.7,0.92,3.88,,,,,,67.5,1.92,256.25,0.0,0.0,241.75,,
2024-10-01 09:00:00,9.25,39.0,5.58,14.42,12.22,12.52,3.12,0.92,17.4,0.9,3.58,,,,,,67.25,2.02,287.5,0.0,0.0,185.0,,
2024-10-01 10:00:00,12.0,39.75,3.28,13.52,9.85,12.4,1.62,0.92,21.9,0.98,3.68,,,,,,67.5,2.4,314.5,0.0,0.0,260.5,,
2024-10-01 11:00:00,8.25,37.0,2.12,10.25,7.18,14.12,0.92,0.79,16.9,0.88,3.35,,,,,,66.25,3.28,290.75,0.0,0.0,512.5,,
2024-10-01 12:00:00,6.0,22.0,3.67,7.7,7.1,13.4,2.07,0.65,14.57,0.8,2.97,,,,,,65.33,3.8,293.67,0.0,0.0,499.33,,
2024-10-01 13:00:00,4.33,16.67,2.82,6.5,5.7,13.18,2.3,0.6,14.11,0.5,2.25,,,,,,65.75,4.12,289.5,0.0,0.0,456.5,,
2024-10-01 14:00:00,3.5,9.0,3.4,5.95,5.98,13.45,3.88,0.56,12.64,0.45,1.9,,,,,,65.25,4.0,286.5,0.0,0.0,385.0,,
2024-10-01 15:00:00,4.5,15.25,3.68,6.95,6.68,13.58,5.7,0.63,13.58,0.4,1.6,,,,,,64.5,4.12,300.75,0.0,0.0,285.5,,
2024-10-01 16:00:00,3.5,9.25,4.5,7.12,7.5,14.38,4.92,0.7,12.74,0.4,1.42,,,,,,65.0,3.65,305.0,0.0,0.0,136.25,,
2024-10-01 17:00:00,4.5,15.25,3.97,8.48,7.72,14.58,2.75,0.73,11.02,0.4,1.75,,,,,,65.25,3.5,308.75,0.0,0.0,21.0,,
2024-10-01 18:00:00,2.5,12.5,4.25,10.32,8.98,14.65,3.92,0.78,10.09,0.5,2.08,,,,,,65.25,3.52,313.5,0.0,0.0,15.0,,
2024-10-01 19:00:00,1.5,13.25,3.65,11.7,9.15,16.08,5.7,0.78,7.1,0.6,2.22,,,,,,65.0,3.32,317.0,0.0,0.0,15.25,,
2024-10-01 20:00:00,3.0,19.75,5.0,13.68,11.3,13.48,2.2,0.78,6.56,0.72,2.68,,,,,,65.5,3.02,318.25,0.0,0.0,15.0,,
2024-10-01 21:00:00,2.5,15.5,5.28,11.62,10.48,12.75,0.4,0.78,7.44,0.72,2.68,,,,,,66.0,3.02,327.25,0.0,0.0,15.25,,
2024-10-01 22:00:00,1.25,6.5,4.8,11.88,10.25,12.4,3.18,0.75,7.2,0.65,2.68,,,,,,66.5,2.62,337.33,0.0,0.0,15.75,,
2024-10-01 23:00:00,2.0,11.25,5.22,12.1,10.65,11.82,5.82,0.76,11.81,0.62,2.75,,,,,,67.0,2.15,348.75,0.0,0.0,15.75,,
2024-10-02 00:00:00,2.75,12.0,4.25,11.2,9.4,12.55,3.85,0.57,11.91,0.55,2.5,,,,,,66.5,2.05,346.0,0.0,0.0,15.25,,
2024-10-02 01:00:00,5.0,12.0,4.1,9.88,8.55,12.48,2.3,0.55,10.0,0.48,2.17,,,,,,66.0,2.1,357.0,0.0,0.0,15.0,,
2024-10-02 02:00:00,1.0,2.0,4.8,8.57,8.48,12.68,2.7,0.54,9.41,0.4,2.05,,,,,,66.0,2.2,357.0,0.0,0.0,15.0,,
2024-10-02 03:00:00,1.25,3.0,4.65,18.9,13.82,16.23,2.75,0.44,5.55,0.5,2.4,,,,,,66.0,2.4,,0.0,0.0,15.25,,
2024-10-02 04:00:00,2.75,6.0,6.8,16.73,14.45,12.68,3.4,0.46,5.49,0.52,2.4,,,,,,67.25,1.42,,0.0,0.0,15.0,,
2024-10-02 05:00:00,4.5,8.5,7.02,15.12,13.72,12.2,2.8,0.48,5.98,0.57,2.48,,,,,,67.5,1.32,,0.0,0.0,15.0,,
2024-10-02 06:00:00,3.5,18.25,9.18,24.7,20.6,13.25,2.7,0.53,6.81,0.65,2.88,,,,,,67.5,1.98,321.5,0.0,0.0,53.25,,
2024-10-02 07:00:00,5.5,28.25,9.07,21.85,19.0,13.7,4.05,0.65,15.04,0.8,2.88,,,,,,67.5,2.68,301.0,0.0,0.0,171.5,,
2024-10-02 08:00:00,8.25,38.75,5.88,16.08,13.27,14.08,3.95,0.64,15.53,0.82,2.92,,,,,,66.5,3.18,272.5,0.0,0.0,281.0,,
2024-10-02 09:00:00,11.25,40.25,3.97,13.6,10.5,13.02,3.45,0.62,21.95,0.8,3.08,,,,,,66.25,3.88,301.5,0.0,0.0,380.75,,
2024-10-02 10:00:00,9.75,38.5,3.28,13.1,9.62,13.85,5.35,0.63,30.62,0.85,3.18,,,,,,66.25,3.18,280.5,0.0,0.0,454.25,,
2024-10-02 11:00:00,12.25,42.0,1.65,12.45,7.95,15.85,6.0,0.55,29.74,1.02,4.32,,,,,,65.25,2.98,270.0,0.0,0.0,488.75,,
2024-10-02 12:00:00,13.0,48.0,3.02,10.1,7.85,14.1,2.42,0.55,35.62,1.08,4.8,,,,,,66.25,2.88,289.75,0.0,0.0,462.25,,
2024-10-02 13:00:00,12.5,,2.58,8.88,6.8,14.35,1.98,0.55,37.93,0.95,4.1,,,,,,65.25,2.28,258.5,0.0,0.0,463.5,,
2024-10-02 14:00:00,10.5,42.0,2.8,10.35,7.75,14.6,3.52,0.56,43.46,0.9,3.6,,,,,,66.0,2.65,270.0,0.0,0.0,384.0,,
2024-10-02 15:00:00,9.75,44.25,3.6,12.78,9.78,17.35,7.0,0.68,42.73,0.88,3.35,,,,,,65.25,3.2,271.75,0.0,0.0,276.25,,
2024-10-02 16:00:00,11.75,48.0,2.88,12.15,8.75,19.15,4.78,0.65,39.01,0.82,3.0,,,,,,64.75,4.38,299.75,0.0,0.0,129.0,,
2024-10-02 17:00:00,11.0,37.5,2.92,11.9,8.7,19.02,2.22,0.68,33.76,0.68,2.52,,,,,,64.0,4.05,309.5,0.0,0.0,26.25,,
2024-10-02 18:00:00,11.25,33.0,1.75,14.95,9.35,19.2,1.7,0.75,29.89,0.82,3.18,,,,,,64.25,3.82,337.0,0.0,0.0,16.0,,
2024-10-02 19:00:00,10.75,20.0,1.75,11.35,7.5,17.7,0.87,0.66,22.64,1.05,4.05,,,,,,64.25,4.45,344.5,0.0,0.0,16.0,,
2024-10-02 20:00:00,6.5,20.0,2.38,11.48,8.07,14.12,1.57,0.67,18.81,1.0,3.68,,,,,,65.5,3.4,336.5,0.0,0.0,16.0,,
2024-10-02 21:00:00,6.75,24.0,3.1,13.45,9.68,13.8,2.55,0.72,17.3,1.02,4.1,,,,,,64.5,2.85,334.0,0.0,0.0,16.0,,
2024-10-02 22:00:00,12.0,26.25,3.25,12.45,9.28,13.25,1.5,0.7,16.52,1.02,4.0,,,,,,65.5,2.22,311.5,0.0,0.0,16.0,,
2024-10-02 23:00:00,11.75,29.25,3.45,10.92,8.62,13.08,2.7,0.72,23.18,0.92,3.45,,,,,,65.25,2.18,314.25,0.0,0.0,16.0,,
2024-10-03 00:00:00,9.5,18.0,2.38,8.93,6.65,13.0,3.18,0.54,23.81,0.75,2.98,,,,,,66.25,2.1,330.25,0.0,0.0,16.0,,
2024-10-03 01:00:00,4.5,9.0,2.7,8.75,6.85,12.25,3.6,0.51,25.53,0.65,2.62,,,,,,65.25,2.17,320.0,0.0,0.0,15.0,,
2024-10-03 02:00:00,3.0,11.0,2.35,10.35,7.38,12.65,3.52,0.47,21.63,0.6,2.45,,,,,,65.25,2.55,304.75,0.0,0.0,15.0,,
2024-10-03 03:00:00,3.5,15.0,2.2,9.22,6.12,14.28,2.58,0.43,20.06,0.62,2.35,,,,,,66.25,1.78,301.75,0.0,0.0,15.0,,
2024-10-03 04:00:00,4.25,9.75,2.85,11.23,8.35,12.02,1.5,0.47,17.3,0.6,2.38,,,,,,66.5,2.42,318.25,0.0,0.0,15.0,,
2024-10-03 05:00:00,2.25,13.25,3.2,9.9,7.8,10.92,,0.47,16.95,0.6,2.3,,,,,,66.75,2.4,302.5,0.0,0.0,15.0,,
2024-10-03 06:00:00,4.5,21.5,3.6,13.18,9.93,10.6,2.0,0.56,14.75,0.65,2.33,,,,,,66.5,2.22,264.5,0.0,0.0,49.25,,
2024-10-03 07:00:00,10.0,40.0,5.08,15.25,12.25,11.3,3.42,0.63,16.71,0.8,2.52,,,,,,67.0,1.88,253.0,0.0,0.0,100.0,,
2024-10-03 08:00:00,15.25,57.75,4.82,16.05,12.48,12.45,2.22,0.7,20.28,0.92,3.02,,,,,,66.75,2.08,269.25,0.0,0.0,261.75,,
2024-10-03 09:00:00,18.33,65.5,3.52,17.4,12.12,13.22,3.28,0.74,33.32,1.05,3.55,,,,,,66.0,2.22,261.25,0.0,0.0,364.75,,
2024-10-03 10:00:00,10.5,62.5,2.95,16.3,11.05,14.35,5.52,0.71,45.03,1.18,3.92,,,,,,66.0,1.72,232.75,0.0,0.0,439.25,,
2024-10-03 11:00:00,9.75,55.5,2.78,12.15,8.75,14.52,4.65,0.63,46.75,1.05,4.28,,,,,,66.0,1.55,296.25,0.0,0.0,477.5,,
2024-10-03 12:00:00,12.0,49.75,2.62,11.55,8.28,13.78,3.72,0.62,53.9,1.02,4.0,,,,,,66.0,1.3,289.75,0.0,0.0,478.75,,
2024-10-03 13:00:00,11.75,51.25,2.38,8.88,6.68,14.25,3.65,0.6,52.43,0.9,3.98,,,,,,65.0,1.42,293.25,0.0,0.0,422.0,,
2024-10-03 14:00:00,11.5,50.25,3.28,14.12,10.18,15.92,4.12,0.64,57.58,0.9,3.75,,,,,,65.0,2.92,250.25,0.0,0.0,324.75,,
2024-10-03 15:00:00,14.0,76.75,1.95,13.58,8.85,18.8,4.12,0.67,47.24,0.98,3.6,,,,,,64.75,2.15,298.5,0.5,0.5,41.0,,
2024-10-03 16:00:00,17.0,62.75,4.12,19.58,13.72,17.45,4.53,0.8,24.01,1.15,4.85,,,,,,64.0,1.85,314.25,0.0,0.0,48.75,,
2024-10-03 17:00:00,17.25,64.0,3.68,35.35,21.7,19.02,5.25,1.06,23.42,1.82,7.05,,,,,,65.25,1.9,318.33,0.0,0.0,26.25,,
2024-10-03 18:00:00,16.5,76.75,3.72,43.0,25.92,19.92,5.78,1.18,16.46,2.08,8.22,,,,,,64.0,2.28,321.75,0.0,0.0,16.0,,
2024-10-03 19:00:00,13.0,71.0,5.05,46.05,28.6,19.73,4.85,1.23,12.06,2.3,8.78,,,,,,65.5,1.82,306.0,0.0,0.0,16.0,,
2024-10-03 20:00:00,16.5,75.5,6.78,42.12,27.9,17.38,6.85,1.35,9.8,2.62,9.05,,,,,,65.5,1.23,301.5,0.0,0.0,16.0,,
2024-10-03 21:00:00,18.5,84.25,7.52,44.7,29.9,17.02,8.2,1.48,7.84,2.58,9.25,,,,,,66.5,1.25,307.33,0.0,0.0,16.0,,
2024-10-03 22:00:00,20.5,96.75,11.18,41.1,30.92,16.8,6.6,1.61,6.71,2.55,9.35,,,,,,66.0,0.88,274.75,0.0,0.0,16.0,,
2024-10-03 23:00:00,22.0,94.0,12.4,37.45,29.95,17.0,5.78,1.38,8.52,2.45,9.45,,,,,,66.5,1.38,306.0,0.0,0.0,16.0,,
2024-10-04 00:00:00,17.25,71.0,7.65,18.1,15.82,14.82,4.85,0.95,22.05,2.0,8.02,,,,,,66.0,1.35,325.25,0.0,0.0,16.0,,
2024-10-04 01:00:00,3.5,18.5,4.75,21.58,15.32,13.52,4.55,0.78,22.54,1.6,6.48,,,,,,66.75,0.85,286.0,0.0,0.0,16.0,,
2024-10-04 02:00:00,5.75,18.25,4.25,21.55,14.88,13.98,1.7,0.62,15.29,1.5,6.32,,,,,,68.0,0.48,304.0,0.0,0.0,16.0,,
2024-10-04 03:00:00,8.25,38.5,6.85,31.32,22.25,15.88,1.65,0.82,8.69,1.6,7.22,,,,,,66.25,0.92,258.5,0.0,0.0,16.0,,
2024-10-04 04:00:00,9.75,55.5,6.78,20.9,16.6,13.62,2.05,0.9,9.75,1.68,7.15,,,,,,67.0,1.55,301.5,0.0,0.0,16.0,,
2024-10-04 05:00:00,12.0,37.75,5.15,15.98,12.68,12.45,2.45,0.76,11.81,1.5,5.9,,,,,,66.5,1.4,272.75,0.0,0.0,16.0,,
2024-10-04 06:00:00,11.75,39.25,6.32,17.6,14.45,12.22,4.58,0.75,11.18,1.45,5.4,,,,,,67.5,1.32,242.0,0.0,0.0,41.25,,
2024-10-04 07:00:00,11.0,54.5,7.9,17.42,15.7,12.42,5.7,0.75,15.39,1.3,5.45,,,,,,67.25,1.48,237.0,0.0,0.0,157.0,,
2024-10-04 08:00:00,11.5,54.0,5.62,15.98,13.05,13.12,5.58,0.78,20.43,1.3,5.12,,,,,,67.75,1.65,265.75,0.0,0.0,273.75,,
2024-10-04 09:00:00,13.0,58.0,4.28,15.7,11.82,13.38,6.25,0.81,28.57,1.3,4.9,,,,,,66.5,1.7,246.0,0.0,0.0,362.25,,
2024-10-04 10:00:00,12.0,55.5,2.08,13.22,8.68,14.32,3.52,0.86,34.25,1.27,4.5,,,,,,67.0,1.55,274.25,0.0,0.0,433.75,,
2024-10-04 11:00:00,9.5,41.25,2.02,12.95,8.57,13.58,0.3,0.69,43.71,1.3,4.68,,,,,,66.5,1.52,301.25,0.0,0.0,468.0,,
2024-10-04 12:00:00,11.0,48.0,2.25,9.52,6.95,13.48,1.78,0.66,51.7,1.23,4.35,,,,,,66.25,1.65,309.75,0.0,0.0,453.5,,
2024-10-04 13:00:00,12.5,59.0,3.02,11.05,8.38,14.2,3.4,0.66,56.64,1.1,3.7,,,,,,66.25,2.08,283.25,0.0,0.0,317.0,,
2024-10-04 14:00:00,15.5,59.0,2.97,13.08,9.35,15.75,5.7,0.76,51.06,1.1,3.92,,,,,,65.5,2.4,260.0,0.0,0.0,175.5,,
2024-10-04 15:00:00,11.25,59.0,2.68,12.05,8.55,17.42,7.15,0.81,49.1,1.02,4.72,,,,,,64.5,2.08,248.25,0.0,0.0,102.75,,
2024-10-04 16:00:00,12.5,54.0,2.78,13.7,9.55,16.77,7.4,0.79,48.02,0.98,5.48,,,,,,64.75,2.38,240.25,0.0,0.0,90.75,,
2024-10-04 17:00:00,12.5,39.0,2.2,14.62,9.6,16.72,7.48,0.81,58.8,0.98,5.38,,,,,,64.75,2.17,245.25,0.0,0.0,30.5,,
2024-10-04 18:00:00,9.25,51.0,1.18,13.98,8.38,17.48,4.05,0.58,59.54,1.02,4.7,,,,,,64.5,2.3,283.75,0.0,0.0,16.0,,
2024-10-04 19:00:00,14.0,51.0,2.62,15.45,10.35,15.38,1.7,0.62,57.62,1.18,4.3,,,,,,65.5,2.7,320.5,0.0,0.0,16.0,,
2024-10-04 20:00:00,15.0,50.0,2.72,17.2,11.38,15.22,2.3,0.93,53.41,1.12,4.22,,,,,,66.0,2.48,319.75,0.0,0.0,16.0,,
2024-10-04 21:00:00,9.5,47.5,3.18,16.32,11.28,14.95,2.75,1.01,41.55,1.2,4.65,,,,,,66.0,1.9,319.75,0.0,0.0,16.0,,
2024-10-04 22:00:00,12.5,41.75,3.62,18.33,12.65,14.85,4.1,1.1,26.95,1.2,4.72,,,,,,66.25,1.55,298.75,0.0,0.0,16.0,,
2024-10-04 23:00:00,14.75,47.0,4.1,18.0,12.88,14.6,5.38,1.02,19.75,1.2,4.92,,,,,,66.25,1.67,281.75,0.0,0.0,16.0,,
2024-10-05 00:00:00,7.5,19.0,3.18,12.3,9.15,13.88,4.47,0.68,25.97,1.02,4.35,,,,,,66.0,1.78,283.0,0.0,0.0,16.0,,
2024-10-05 01:00:00,6.25,20.5,2.85,11.7,8.52,13.6,3.65,0.64,25.09,0.9,3.88,,,,,,66.0,1.35,287.75,0.0,0.0,16.0,,
2024-10-05 02:00:00,7.0,24.5,1.7,13.58,8.57,15.25,3.45,0.52,24.37,0.95,4.08,,,,,,66.0,2.6,300.0,0.0,0.0,16.0,,
2024-10-05 03:00:00,6.0,20.25,2.75,10.68,7.92,14.38,2.38,0.52,31.69,0.8,3.48,,,,,,65.75,2.45,305.75,0.0,0.0,16.0,,
2024-10-05 04:00:00,3.0,12.5,2.78,8.55,6.8,12.48,1.6,0.5,29.94,0.7,3.08,,,,,,66.25,1.98,314.75,0.0,0.0,16.0,,
2024-10-05 05:00:00,,12.5,3.05,8.73,7.15,11.82,,0.5,26.22,0.65,2.85,,,,,,66.5,1.45,325.0,0.0,0.0,16.0,,
2024-10-05 06:00:00,3.0,10.5,3.92,12.0,9.6,11.42,3.87,0.6,22.0,0.72,2.85,,,,,,67.25,1.65,312.5,0.0,0.0,39.25,,
2024-10-05 07:00:00,5.25,26.5,3.42,12.55,9.42,12.08,4.8,0.64,21.02,0.75,2.95,,,,,,67.25,1.45,322.5,0.0,0.0,135.5,,
2024-10-05 08:00:00,12.5,57.5,4.15,12.75,10.18,12.55,4.85,0.69,22.49,0.85,3.15,,,,,,67.5,1.2,302.0,0.0,0.0,205.75,,
2024-10-05 09:00:00,13.75,71.5,3.92,13.68,10.5,13.58,5.78,0.74,41.36,0.97,3.45,,,,,,66.5,1.3,331.75,0.0,0.0,343.0,,
2024-10-05 10:00:00,17.0,64.0,2.22,15.28,9.9,15.72,4.28,0.68,49.1,1.08,4.2,,,,,,65.75,1.58,307.75,0.0,0.0,325.0,,
2024-10-05 11:00:00,27.5,107.0,2.82,15.95,10.8,15.25,5.2,0.72,59.04,1.1,4.18,,,,,,67.5,1.32,310.5,0.0,0.0,330.75,,
2024-10-05 12:00:00,21.75,107.0,2.42,12.52,8.68,15.95,5.42,0.67,65.03,1.1,4.42,,,,,,65.5,1.72,318.75,0.0,0.0,309.75,,
2024-10-05 13:00:00,19.0,78.0,2.95,12.72,9.18,16.48,3.12,0.65,51.65,0.9,5.1,,,,,,66.25,1.8,266.0,0.0,0.0,112.0,,
2024-10-05 14:00:00,20.75,79.75,2.88,17.12,11.52,17.77,6.25,0.78,44.49,1.0,5.52,,,,,,65.75,1.92,242.5,0.0,0.0,126.5,,
2024-10-05 15:00:00,17.5,81.25,3.18,19.92,13.18,18.98,7.28,0.82,45.38,1.02,5.3,,,,,,64.75,1.92,303.25,0.0,0.0,81.75,,
2024-10-05 16:00:00,19.0,69.0,3.32,17.98,12.28,19.25,4.38,0.85,48.95,1.02,4.85,,,,,,64.75,1.85,297.0,0.0,0.0,69.5,,
2024-10-05 17:00:00,18.5,66.5,2.3,18.73,11.8,18.95,2.7,0.89,53.31,1.12,5.28,,,,,,64.25,2.1,308.5,0.0,0.0,28.75,,
2024-10-05 18:00:00,18.25,69.75,1.48,21.95,12.9,19.32,4.8,0.86,55.32,1.25,5.28,,,,,,66.25,2.22,333.0,0.0,0.0,16.0,,
2024-10-05 19:00:00,19.5,71.0,2.17,21.85,13.4,16.68,5.7,0.92,56.69,1.38,5.03,,,,,,66.5,2.3,335.25,0.0,0.0,16.0,,
2024-10-05 20:00:00,12.0,55.5,3.15,18.18,12.22,14.68,1.67,0.92,48.31,1.32,4.88,,,,,,65.5,2.05,328.5,0.0,0.0,16.0,,
2024-10-05 21:00:00,11.25,42.5,2.72,19.5,12.58,13.38,0.3,0.96,36.8,1.32,5.08,,,,,,66.0,1.95,332.0,0.0,0.0,16.0,,
2024-10-05 22:00:00,10.0,38.25,3.42,23.78,15.4,13.72,0.87,1.0,28.86,1.3,5.1,,,,,,66.25,1.55,342.25,0.0,0.0,16.0,,
2024-10-05 23:00:00,13.25,50.0,3.1,23.78,15.18,14.38,,0.88,25.48,1.3,5.25,,,,,,67.5,1.62,317.5,0.0,0.0,16.0,,
2024-10-06 00:00:00,14.5,54.0,2.4,21.15,13.18,14.42,2.37,0.81,28.22,1.18,4.85,,,,,,67.25,1.25,303.0,0.0,0.0,16.0,,
2024-10-06 01:00:00,15.5,49.75,2.82,19.92,12.95,14.18,4.15,0.78,21.17,1.15,4.88,,,,,,66.75,0.92,303.0,0.0,0.0,16.0,,
2024-10-06 02:00:00,15.25,56.5,2.08,21.02,12.88,14.75,3.28,0.72,15.22,1.3,5.58,,,,,,67.75,0.95,245.0,0.0,0.0,16.0,,
2024-10-06 03:00:00,16.5,59.0,3.7,17.9,12.55,14.32,1.9,0.7,23.98,1.25,5.72,,,,,,68.5,0.8,171.75,0.0,0.0,16.0,,
2024-10-06 04:00:00,10.0,51.75,3.62,15.68,11.3,13.02,5.22,0.68,22.24,1.12,5.6,,,,,,68.25,0.52,291.33,0.0,0.0,16.0,,
2024-10-06 05:00:00,13.75,52.75,3.32,22.7,14.75,12.5,8.32,0.71,15.53,1.25,6.48,,,,,,68.5,0.35,349.0,0.0,0.0,16.0,,
2024-10-06 06:00:00,16.75,71.25,4.95,19.92,14.65,12.75,7.72,0.76,17.84,1.18,6.28,,,,,,68.0,0.32,327.0,0.0,0.0,29.75,,
2024-10-06 07:00:00,20.0,88.75,5.03,20.45,14.95,13.18,8.3,0.82,20.09,1.3,6.15,,,,,,69.0,0.48,246.0,0.0,0.0,131.25,,
2024-10-06 08:00:00,21.75,94.75,4.15,16.42,12.1,13.25,8.45,0.8,32.73,1.32,6.15,,,,,,68.25,0.45,292.25,0.0,0.0,150.5,,
2024-10-06 09:00:00,18.0,75.25,2.88,20.85,13.42,14.7,7.48,0.82,47.82,1.32,6.05,,,,,,67.75,1.18,278.75,0.0,0.0,248.25,,
2024-10-06 10:00:00,19.25,88.0,3.28,21.08,13.9,15.88,3.55,0.78,55.76,1.48,6.2,,,,,,66.25,1.55,283.5,0.0,0.0,238.5,,
2024-10-06 11:00:00,21.25,75.25,2.78,15.1,10.35,14.5,1.45,0.71,58.46,1.25,5.32,,,,,,66.5,1.4,268.0,0.0,0.0,375.0,,
2024-10-06 12:00:00,14.75,61.75,2.68,12.38,8.75,14.1,4.2,0.66,58.16,1.1,4.62,,,,,,67.5,1.9,266.75,0.0,0.0,411.5,,
2024-10-06 13:00:00,11.0,53.0,2.5,11.6,8.18,14.6,5.95,0.66,60.17,0.95,4.22,,,,,,66.5,2.05,253.75,0.0,0.0,413.5,,
2024-10-06 14:00:00,10.5,44.75,3.1,10.15,7.95,15.6,5.25,0.72,56.6,0.82,3.65,,,,,,65.25,1.98,248.0,0.0,0.0,351.25,,
2024-10-06 15:00:00,8.75,39.5,2.25,10.3,7.3,16.12,5.58,0.71,46.8,0.78,3.78,,,,,,65.75,1.98,264.25,0.0,0.0,269.5,,
2024-10-06 16:00:00,8.25,47.0,2.3,10.68,7.55,16.65,3.75,0.72,44.69,0.7,3.15,,,,,,66.0,1.82,262.25,0.0,0.0,130.0,,
2024-10-06 17:00:00,9.75,54.0,2.05,10.88,7.45,17.6,3.4,0.69,46.75,1.55,3.02,,,,,,65.5,1.82,257.75,0.0,0.0,31.75,,
2024-10-06 18:00:00,11.25,47.25,2.2,11.48,7.88,15.9,3.28,0.62,43.12,1.55,3.08,,,,,,64.75,1.68,246.0,0.0,0.0,16.0,,
2024-10-06 19:00:00,9.0,42.5,2.1,12.32,8.25,13.92,2.38,0.63,39.88,1.15,3.02,,,,,,66.5,1.45,233.5,0.0,0.0,16.0,,
2024-10-06 20:00:00,9.0,34.5,2.42,11.25,7.95,13.45,4.03,0.64,40.33,1.05,3.02,,,,,,66.0,1.58,266.0,0.0,0.0,16.0,,
2024-10-06 21:00:00,10.0,32.5,2.75,10.78,7.95,13.58,6.15,0.73,40.72,0.92,2.78,,,,,,66.25,1.18,309.0,0.0,0.0,16.0,,
2024-10-06 22:00:00,11.75,30.25,2.5,13.72,9.35,13.88,5.65,0.81,39.25,0.85,2.72,,,,,,66.5,1.65,325.0,0.0,0.0,16.0,,
2024-10-06 23:00:00,7.5,25.75,2.5,10.75,7.72,13.92,4.5,0.75,40.67,0.72,2.45,,,,,,65.5,1.6,308.75,0.0,0.0,16.0,,
2024-10-07 00:00:00,6.0,20.25,2.38,10.2,7.32,13.95,3.12,0.58,39.89,0.65,2.33,,,,,,65.75,1.05,286.67,0.0,0.0,16.0,,
2024-10-07 01:00:00,6.75,23.5,2.22,11.25,7.78,14.98,2.35,0.49,36.55,0.6,2.5,,,,,,67.25,0.82,295.0,0.0,0.0,16.0,,
2024-10-07 02:00:00,8.25,22.75,2.45,10.32,7.42,13.55,3.08,0.55,38.42,0.6,2.78,,,,,,67.5,0.75,331.0,0.0,0.0,16.0,,
2024-10-07 03:00:00,6.0,25.0,1.7,9.85,6.6,13.6,3.55,0.54,35.54,0.55,2.7,,,,,,67.5,0.52,337.0,0.0,0.0,16.0,,
2024-10-07 04:00:00,9.0,50.0,2.45,15.08,10.0,13.58,4.2,0.57,15.24,0.82,3.82,,,,,,69.0,0.52,342.0,0.0,0.0,16.0,,
2024-10-07 05:00:00,17.0,52.25,3.58,14.05,10.42,13.82,4.92,0.63,14.85,1.02,4.5,,,,,,67.75,0.35,239.0,0.0,0.0,16.0,,
2024-10-07 06:00:00,15.0,60.75,4.53,16.1,12.28,13.72,4.65,0.76,18.47,1.0,4.3,,,,,,67.5,0.3,189.75,0.0,0.0,36.0,,
2024-10-07 07:00:00,18.0,66.75,5.05,16.77,13.0,14.02,5.72,0.83,19.4,1.1,4.75,,,,,,67.75,0.52,300.25,0.0,0.0,103.5,,
2024-10-07 08:00:00,16.25,63.75,4.38,13.98,10.95,14.6,3.1,0.8,26.26,1.1,4.47,,,,,,67.0,1.48,267.25,0.0,0.0,285.75,,
2024-10-07 09:00:00,10.25,45.0,1.85,9.88,6.75,15.62,1.3,0.66,31.21,0.98,4.2,,,,,,67.0,1.95,257.25,0.0,0.0,398.0,,
2024-10-07 10:00:00,8.75,36.0,2.42,8.57,6.52,14.18,1.33,0.61,36.7,0.92,3.85,,,,,,66.75,2.17,265.5,0.0,0.0,424.25,,
2024-10-07 11:00:00,11.5,41.0,2.75,7.68,6.32,14.32,3.9,0.61,35.97,0.8,3.48,,,,,,66.0,2.58,252.75,0.0,0.0,482.5,,
2024-10-07 12:00:00,12.5,41.0,2.22,6.88,5.45,14.55,5.15,0.58,34.25,0.72,3.38,,,,,,65.75,2.6,265.5,0.0,0.0,454.0,,
2024-10-07 13:00:00,11.75,35.0,2.92,6.4,5.75,15.95,6.45,0.64,35.67,0.65,3.15,,,,,,65.5,2.28,270.75,0.0,0.0,397.0,,
2024-10-07 14:00:00,12.75,35.0,3.0,7.28,6.32,17.5,4.65,0.65,33.27,0.57,3.08,,,,,,65.75,2.17,271.25,0.0,0.0,329.0,,
2024-10-07 15:00:00,9.5,48.0,2.92,9.2,7.28,17.48,2.15,0.68,28.96,0.57,3.7,,,,,,65.0,2.17,255.75,0.0,0.0,242.0,,
2024-10-07 16:00:00,11.25,46.5,2.65,9.68,7.35,17.78,2.52,0.66,29.54,0.62,4.38,,,,,,65.5,1.92,258.25,0.0,0.0,66.0,,
2024-10-07 17:00:00,12.25,45.75,1.35,11.05,6.98,18.05,2.4,0.57,25.58,0.88,5.3,,,,,,65.0,1.42,241.5,0.0,0.0,20.0,,
2024-10-07 18:00:00,13.0,54.5,2.82,10.82,8.05,15.4,1.65,0.57,24.4,1.18,6.95,,,,,,65.25,1.32,242.5,0.0,0.0,16.0,,
2024-10-07 19:00:00,12.5,45.0,3.3,8.78,7.32,13.75,0.73,0.54,26.46,1.08,6.4,,,,,,65.5,1.05,246.75,0.0,0.0,16.0,,
2024-10-07 20:00:00,11.25,38.75,3.45,10.07,8.18,13.1,0.65,0.58,24.64,1.02,5.9,,,,,,64.75,1.3,245.25,0.0,0.0,16.0,,
2024-10-07 21:00:00,11.25,37.25,3.9,10.68,8.82,13.15,1.0,0.68,24.84,0.88,5.08,,,,,,66.5,1.18,258.25,0.0,0.0,16.0,,
2024-10-07 22:00:00,9.5,35.75,2.92,12.18,8.82,13.75,3.2,0.76,22.79,0.8,4.78,,,,,,65.75,1.4,294.25,0.0,0.0,16.0,,
2024-10-07 23:00:00,10.5,34.5,3.18,10.58,8.15,13.88,3.68,0.7,24.65,0.8,4.78,,,,,,66.5,1.38,310.0,0.0,0.0,16.0,,
2024-10-08 00:00:00,8.25,24.0,3.05,8.9,7.22,13.58,3.72,0.58,27.04,0.62,4.25,,,,,,65.75,1.65,326.5,0.0,0.0,16.0,,
2024-10-08 01:00:00,6.0,24.0,1.35,9.85,6.32,14.18,3.95,0.48,22.0,0.6,4.05,,,,,,66.25,1.02,256.5,0.0,0.0,16.0,,
2024-10-08 02:00:00,6.75,23.0,3.22,12.1,9.05,12.35,3.6,0.55,18.88,0.6,4.3,,,,,,66.25,1.4,247.5,0.0,0.0,16.0,,
2024-10-08 03:00:00,9.0,20.0,2.68,10.38,7.7,13.2,4.42,0.53,22.02,0.5,3.92,,,,,,66.5,1.1,215.0,0.0,0.0,16.0,,
2024-10-08 04:00:00,1.0,18.0,3.92,13.25,10.25,11.52,2.75,0.56,13.03,0.65,4.85,,,,,,67.5,0.68,348.33,0.0,0.0,16.0,,
2024-10-08 05:00:00,2.0,18.25,5.55,16.4,13.2,12.92,0.4,0.62,12.06,0.78,5.12,,,,,,67.25,0.38,328.33,0.0,0.0,16.0,,
2024-10-08 06:00:00,5.0,20.25,5.2,12.8,11.05,11.78,0.5,0.67,13.67,0.8,5.03,,,,,,68.0,0.32,258.33,0.0,0.0,36.75,,
2024-10-08 07:00:00,6.75,28.25,3.88,16.55,11.95,17.38,1.75,0.66,9.31,1.02,6.25,,,,,,64.75,0.72,146.0,0.0,0.0,128.0,,
2024-10-08 08:00:00,11.0,39.75,8.52,17.45,16.18,16.4,1.9,0.76,25.48,1.1,6.0,,,,,,67.0,0.8,192.25,0.0,0.0,185.0,,
2024-10-08 09:00:00,8.0,37.0,4.28,17.9,13.0,14.08,0.88,0.61,30.23,1.08,5.72,,,,,,67.75,0.88,218.75,4.0,4.0,75.75,,
2024-10-08 10:00:00,7.75,38.25,3.62,15.48,11.2,14.58,5.0,0.54,39.05,1.15,6.68,,,,,,67.5,0.78,314.75,0.5,0.5,300.0,,
2024-10-08 11:00:00,8.0,33.5,3.18,13.2,9.57,13.0,8.32,0.53,40.08,1.2,7.5,,,,,,66.25,1.75,274.25,0.0,0.0,497.5,,
2024-10-08 12:00:00,11.0,36.25,1.92,9.45,6.62,12.6,4.6,0.48,37.48,1.35,7.12,,,,,,67.0,2.12,275.75,0.0,0.0,488.0,,
2024-10-08 13:00:00,11.0,43.33,1.83,8.97,6.27,13.83,3.4,0.55,38.68,0.97,5.97,,,,,,65.33,2.37,267.0,0.0,0.0,443.0,,
2024-10-08 14:00:00,10.0,45.25,3.95,8.32,7.6,14.48,4.08,0.56,34.94,0.75,5.05,,,,,,66.25,2.42,258.0,0.0,0.0,375.75,,
2024-10-08 15:00:00,8.25,31.5,2.02,8.6,6.25,14.38,4.85,0.5,33.52,0.6,4.85,,,,,,65.5,2.45,268.0,0.0,0.0,269.25,,
2024-10-08 16:00:00,11.25,32.0,3.08,7.52,6.48,13.98,4.85,0.49,24.6,0.65,5.2,,,,,,64.5,2.45,276.25,0.0,0.0,119.0,,
2024-10-08 17:00:00,9.0,29.5,2.08,8.5,6.22,15.32,5.25,0.49,20.63,0.68,5.38,,,,,,64.75,2.02,273.5,0.0,0.0,22.5,,
2024-10-08 18:00:00,9.0,30.5,3.32,9.3,7.65,14.15,5.38,0.51,14.56,0.92,6.3,,,,,,65.75,1.72,280.25,0.0,0.0,16.0,,
2024-10-08 19:00:00,8.25,25.25,3.55,8.2,7.25,12.45,7.07,0.56,17.15,0.95,5.95,,,,,,65.5,1.8,255.75,0.0,0.0,16.0,,
2024-10-08 20:00:00,5.25,12.75,3.65,8.65,7.52,11.95,5.38,0.56,17.49,0.85,5.4,,,,,,66.5,1.6,248.5,0.0,0.0,15.5,,
2024-10-08 21:00:00,2.75,10.0,3.92,8.12,7.5,11.35,4.97,0.6,18.28,0.8,5.05,,,,,,66.75,1.12,256.75,0.0,0.0,16.0,,
2024-10-08 22:00:00,2.0,12.5,4.2,9.18,8.32,11.9,3.28,0.57,16.76,0.72,4.68,,,,,,66.25,0.98,241.75,0.0,0.0,16.0,,
2024-10-08 23:00:00,2.0,10.0,3.38,9.0,7.52,12.15,2.65,0.54,16.17,0.68,4.8,,,,,,66.75,1.0,244.0,0.0,0.0,16.0,,
2024-10-09 00:00:00,3.0,8.5,4.35,8.6,8.1,12.12,3.15,0.57,16.61,0.6,4.78,,,,,,66.25,1.12,271.25,0.0,0.0,16.0,,
2024-10-09 01:00:00,5.75,12.75,4.58,20.95,14.82,13.32,3.58,0.54,10.98,0.62,4.97,,,,,,66.5,0.95,148.5,0.0,0.0,16.0,,
2024-10-09 02:00:00,4.5,11.0,6.52,23.5,17.82,12.9,4.2,0.52,5.36,0.85,5.52,,,,,,67.0,0.43,46.75,0.0,0.0,16.0,,
2024-10-09 03:00:00,4.25,10.25,6.28,17.38,14.3,12.28,3.95,0.56,8.69,0.98,6.1,,,,,,68.25,0.32,66.0,0.0,0.0,16.0,,
2024-10-09 04:00:00,7.5,19.5,7.75,17.3,15.48,12.62,4.4,0.59,5.24,1.15,7.15,,,,,,67.25,0.6,113.75,0.0,0.0,16.0,,
2024-10-09 05:00:00,6.0,27.0,8.05,17.88,16.05,12.45,4.92,0.66,6.27,1.12,7.22,,,,,,67.75,0.55,322.25,0.0,0.0,16.0,,
2024-10-09 06:00:00,8.75,29.0,10.22,17.1,17.42,13.12,4.28,0.68,11.47,1.1,7.02,,,,,,68.75,0.68,304.67,0.25,0.25,32.0,,
2024-10-09 07:00:00,14.75,30.5,9.9,15.7,16.45,13.38,4.95,0.64,10.04,1.27,6.72,,,,,,68.5,0.85,302.0,0.0,0.0,172.0,,
2024-10-09 08:00:00,8.0,17.0,8.2,10.85,12.48,12.42,6.65,0.61,15.48,1.23,6.05,,,,,,68.25,0.6,283.25,0.0,0.0,248.0,,
2024-10-09 09:00:00,7.0,23.0,5.32,12.5,11.0,13.7,6.82,0.54,14.26,1.18,6.08,,,,,,67.75,1.27,277.25,0.0,0.0,358.25,,
2024-10-09 10:00:00,7.0,24.5,4.05,12.3,9.82,13.1,3.55,0.63,17.59,1.08,5.48,,,,,,66.5,2.65,313.0,0.0,0.0,231.25,,
2024-10-09 11:00:00,7.0,26.75,3.58,11.78,9.15,12.45,1.27,0.63,17.74,0.98,5.0,,,,,,66.5,2.05,262.0,0.0,0.0,281.0,,
2024-10-09 12:00:00,6.5,19.75,3.58,9.45,7.92,12.18,3.53,0.58,17.34,0.8,5.55,,,,,,67.0,2.25,261.75,0.0,0.0,436.75,,
2024-10-09 13:00:00,4.25,16.5,3.35,8.72,7.4,12.5,5.58,0.62,19.4,0.65,4.7,,,,,,66.5,2.6,270.75,0.0,0.0,401.5,,
2024-10-09 14:00:00,2.0,11.75,3.4,8.15,7.12,14.48,6.22,0.64,20.87,0.55,3.97,,,,,,66.0,2.45,259.0,0.0,0.0,388.5,,
2024-10-09 15:00:00,4.5,30.5,3.08,8.25,6.98,15.3,5.62,0.61,15.78,0.62,4.38,,,,,,65.25,2.2,249.0,0.0,0.0,276.75,,
2024-10-09 16:00:00,11.75,51.5,3.92,8.0,7.52,15.42,4.53,0.6,14.85,0.6,4.8,,,,,,64.75,2.38,268.5,0.0,0.0,127.25,,
2024-10-09 17:00:00,10.0,20.75,1.92,9.28,6.48,16.12,4.78,0.55,11.91,0.7,5.35,,,,,,65.0,2.12,273.75,0.0,0.0,23.25,,
2024-10-09 18:00:00,6.5,20.25,3.62,9.07,7.82,13.42,1.95,0.55,12.35,0.7,5.8,,,,,,65.5,1.98,265.5,0.0,0.0,16.0,,
2024-10-09 19:00:00,4.0,12.5,3.88,9.72,8.3,12.32,0.3,0.56,12.15,0.68,5.52,,,,,,64.25,1.4,266.75,0.0,0.0,16.0,,
2024-10-09 20:00:00,1.0,13.25,3.6,9.93,8.15,11.85,2.27,0.57,12.3,0.72,5.2,,,,,,67.0,1.42,257.5,0.0,0.0,16.0,,
2024-10-09 21:00:00,1.5,9.75,3.92,10.02,8.5,11.85,3.92,0.67,14.16,0.75,4.85,,,,,,66.5,1.25,265.25,0.0,0.0,16.0,,
2024-10-09 22:00:00,3.0,7.5,3.9,9.5,8.25,12.85,2.68,0.6,13.33,0.62,4.25,,,,,,66.0,1.35,273.75,0.0,0.0,16.0,,
2024-10-09 23:00:00,2.5,12.0,3.72,11.02,8.88,13.05,2.02,0.57,11.66,0.6,4.05,,,,,,66.0,1.35,327.5,0.0,0.0,16.0,,
2024-10-10 00:00:00,1.25,10.5,4.08,9.02,8.05,13.65,1.42,0.53,13.04,0.5,3.7,,,,,,66.5,1.5,344.33,0.0,0.0,16.0,,
2024-10-10 01:00:00,2.0,6.0,2.48,9.65,7.18,14.2,0.9,0.43,9.8,0.48,3.75,,,,,,67.0,1.42,319.5,12.5,12.5,16.0,,
2024-10-10 02:00:00,2.0,5.25,2.22,7.05,5.6,11.88,2.88,0.47,13.07,0.43,4.25,,,,,,67.75,1.5,326.25,9.75,9.75,16.25,,
2024-10-10 03:00:00,2.0,3.0,3.72,7.65,7.1,12.72,3.95,0.48,15.42,0.4,3.85,,,,,,66.25,1.23,328.75,6.5,6.5,16.0,,
2024-10-10 04:00:00,2.0,,3.22,10.25,8.05,11.78,4.0,0.5,9.8,0.48,4.12,,,,,,68.0,0.8,233.33,0.0,0.0,16.0,,
2024-10-10 05:00:00,2.25,,5.88,11.55,10.95,11.68,3.8,0.56,7.99,0.48,4.25,,,,,,67.5,0.6,300.33,0.0,0.0,16.0,,
2024-10-10 06:00:00,5.0,33.0,6.3,13.12,12.08,12.15,4.4,0.55,9.16,0.55,3.92,,,,,,68.5,1.1,300.0,0.0,0.0,16.5,,
2024-10-10 07:00:00,11.0,33.0,5.4,12.4,11.0,11.68,4.9,0.56,12.54,1.33,4.97,,,,,,68.5,1.25,302.75,0.25,0.25,28.75,,
2024-10-10 08:00:00,,,5.6,11.92,10.85,11.62,3.15,0.6,12.64,1.6,6.18,,,,,,67.75,1.23,302.5,0.0,0.0,94.5,,
2024-10-10 09:00:00,6.0,,3.92,12.3,9.72,13.22,2.4,0.45,8.87,1.23,4.95,,,,,,67.5,1.62,305.0,0.0,0.0,107.75,,
2024-10-10 10:00:00,5.0,9.0,5.72,12.22,11.12,12.95,1.88,0.49,12.79,1.15,4.97,,,,,,68.75,0.68,281.75,0.25,0.25,116.5,,
2024-10-10 11:00:00,2.25,10.75,4.7,11.35,9.82,12.65,4.2,0.53,17.98,1.15,6.05,,,,,,69.75,0.5,308.67,0.0,0.0,284.25,,
2024-10-10 12:00:00,3.0,16.25,4.82,11.35,9.93,12.27,3.72,0.54,19.5,0.95,6.4,,,,,,69.5,0.72,240.75,0.0,0.0,189.0,,
2024-10-10 13:00:00,3.75,16.75,5.42,10.9,10.2,12.3,4.92,0.67,25.34,0.88,5.92,,,,,,68.5,0.72,235.25,0.0,0.0,267.5,,
2024-10-10 14:00:00,6.25,18.0,3.65,10.58,8.62,12.4,3.88,0.64,27.93,0.8,5.52,,,,,,68.0,1.18,282.0,0.0,0.0,198.25,,
2024-10-10 15:00:00,7.25,24.0,3.8,10.62,8.72,13.08,1.88,0.6,20.34,0.88,5.48,,,,,,68.0,1.38,273.5,0.0,0.0,159.5,,
2024-10-10 16:00:00,7.33,22.33,3.17,9.07,7.4,13.1,3.93,0.49,20.65,0.73,5.13,,,,,,67.33,1.1,271.33,0.0,0.0,43.67,,
2024-10-10 17:00:00,6.0,21.0,2.6,9.58,7.28,13.42,3.8,0.44,9.8,0.88,5.68,,,,,,67.0,1.08,292.75,0.0,0.0,19.5,,
2024-10-10 18:00:00,7.75,29.75,4.53,13.38,10.78,12.02,3.65,0.56,10.04,0.95,6.05,,,,,,68.5,0.6,249.75,0.0,0.0,16.0,,
2024-10-10 19:00:00,12.75,41.25,6.2,14.7,12.85,13.12,4.35,0.7,8.43,1.23,7.12,,,,,,68.75,0.45,189.0,0.0,0.0,16.0,,
2024-10-10 20:00:00,12.0,48.75,6.48,18.73,15.25,12.7,2.98,0.91,6.76,1.52,8.07,,,,,,69.0,0.32,187.0,0.0,0.0,16.0,,
2024-10-10 21:00:00,12.25,43.25,10.52,18.5,18.42,13.4,2.3,1.18,10.29,1.75,8.7,,,,,,68.75,0.45,243.67,0.0,0.0,16.0,,
2024-10-10 22:00:00,14.0,49.0,16.27,22.92,25.48,14.35,4.85,1.24,7.3,1.68,8.62,,,,,,68.5,0.78,284.0,0.0,0.0,16.0,,
2024-10-10 23:00:00,14.5,47.5,17.0,22.45,25.72,14.32,5.95,1.1,6.91,1.52,7.85,,,,,,69.5,0.35,204.0,0.0,0.0,16.0,,
2024-10-11 00:00:00,7.0,27.25,16.15,21.08,24.32,14.42,2.77,0.86,7.5,1.55,7.4,,,,,,69.0,0.38,,0.0,0.0,16.0,,
2024-10-11 01:00:00,9.5,43.0,24.45,21.75,31.48,17.23,0.3,0.99,3.53,1.85,7.92,,,,,,68.75,0.48,324.0,0.0,0.0,16.0,,
2024-10-11 02:00:00,17.0,70.0,18.92,13.32,22.5,14.02,4.08,0.8,7.06,1.98,8.78,,,,,,69.25,0.6,286.67,1.25,1.25,16.0,,
2024-10-11 03:00:00,2.0,3.0,12.8,12.5,17.05,14.48,4.72,0.67,12.08,1.62,7.38,,,,,,68.75,0.57,267.75,0.5,0.5,16.0,,
2024-10-11 04:00:00,2.25,3.5,11.08,13.02,15.9,13.25,4.8,0.67,6.56,2.22,8.35,,,,,,69.0,0.38,332.5,0.0,0.0,16.0,,
2024-10-11 05:00:00,3.0,5.25,10.68,13.48,15.82,12.1,4.47,0.7,10.54,1.72,7.25,,,,,,70.0,0.3,345.5,0.0,0.0,16.0,,
2024-10-11 06:00:00,4.25,13.25,12.1,14.15,17.38,12.58,5.05,0.76,10.2,1.7,7.2,,,,,,69.75,0.35,342.5,0.0,0.0,40.0,,
2024-10-11 07:00:00,10.25,40.75,15.38,17.4,21.72,14.45,5.03,0.9,10.98,1.7,7.2,,,,,,70.0,0.42,339.0,0.0,0.0,116.0,,
2024-10-11 08:00:00,15.0,53.0,11.75,16.35,18.25,13.78,3.4,0.82,9.75,1.68,7.18,,,,,,69.5,0.52,287.0,0.0,0.0,135.25,,
2024-10-11 09:00:00,8.75,38.0,9.62,16.82,16.73,15.08,2.92,0.78,5.83,2.1,9.5,,,,,,69.0,0.52,308.75,0.25,0.25,127.0,,
2024-10-11 10:00:00,7.75,36.0,6.82,14.7,13.38,14.2,2.65,0.74,14.7,2.15,9.8,,,,,,69.5,1.0,291.0,0.0,0.0,405.0,,
2024-10-11 11:00:00,7.0,28.5,4.42,10.68,9.28,12.48,3.28,0.64,15.0,1.95,8.3,,,,,,69.0,2.0,273.75,0.0,0.0,463.5,,
2024-10-11 12:00:00,7.5,21.0,3.38,8.2,7.18,12.15,4.42,0.61,16.07,1.45,6.75,,,,,,69.5,2.4,301.5,0.0,0.0,483.5,,
2024-10-11 13:00:00,8.25,11.25,3.5,6.82,6.48,13.15,5.72,0.68,18.42,1.12,5.38,,,,,,67.5,2.5,291.5,0.0,0.0,446.75,,
2024-10-11 14:00:00,6.25,9.5,2.78,5.9,5.35,13.6,2.68,0.62,14.65,1.02,4.5,,,,,,67.25,2.35,279.75,0.0,0.0,356.75,,
2024-10-11 15:00:00,7.0,18.0,3.22,6.1,5.85,13.82,1.38,0.61,14.5,0.78,3.88,,,,,,66.75,2.2,290.75,0.0,0.0,231.75,,
2024-10-11 16:00:00,,36.25,3.15,6.5,6.05,14.62,0.3,0.51,10.1,0.7,3.98,,,,,,65.75,2.48,295.75,0.0,0.0,81.5,,
2024-10-11 17:00:00,13.0,29.25,3.03,7.15,6.22,13.78,2.35,0.47,9.75,0.7,6.58,,,,,,67.0,2.35,287.75,0.0,0.0,23.25,,
2024-10-11 18:00:00,12.0,33.0,3.9,8.5,7.72,12.6,2.88,0.55,11.22,0.8,5.88,,,,,,66.75,2.02,302.5,0.0,0.0,15.5,,
2024-10-11 19:00:00,8.5,19.0,3.28,9.15,7.5,12.35,3.05,0.55,11.81,0.88,4.92,,,,,,67.25,2.08,316.0,0.0,0.0,16.0,,
2024-10-11 20:00:00,6.75,17.5,3.6,10.82,8.72,11.92,3.2,0.63,12.98,0.9,4.35,,,,,,66.75,1.75,305.5,1.25,1.25,16.0,,
2024-10-11 21:00:00,6.0,13.0,3.65,11.82,9.25,12.38,3.48,0.8,14.21,0.8,3.92,,,,,,67.75,1.05,303.75,0.0,0.0,16.25,,
2024-10-11 22:00:00,,,4.53,14.4,11.3,13.15,4.92,0.85,9.11,0.9,4.35,,,,,,67.75,0.95,310.0,0.0,0.0,16.0,,
2024-10-11 23:00:00,3.0,,4.0,11.72,9.48,13.08,6.12,0.78,10.19,0.95,4.3,,,,,,67.75,0.78,261.0,0.0,0.0,16.0,,
2024-10-12 00:00:00,3.0,,3.78,11.78,9.32,14.1,2.42,0.48,11.86,0.92,4.12,,,,,,68.25,0.68,260.0,0.0,0.0,16.0,,
2024-10-12 01:00:00,9.0,11.0,5.1,12.28,10.62,13.85,,0.6,6.57,1.1,4.2,,,,,,67.75,0.98,335.0,0.0,0.0,16.0,,
2024-10-12 02:00:00,8.25,10.0,4.7,11.22,9.77,12.9,0.87,0.6,8.36,1.02,3.82,,,,,,68.0,0.57,,0.0,0.0,16.0,,
2024-10-12 03:00:00,6.0,7.0,4.45,9.32,8.6,13.92,1.7,0.56,12.48,0.95,4.05,,,,,,69.5,0.3,,0.0,0.0,16.0,,
2024-10-12 04:00:00,,7.0,5.08,11.28,10.15,13.32,5.15,0.64,8.52,0.95,4.62,,,,,,69.75,0.3,,0.0,0.0,16.0,,
2024-10-12 05:00:00,3.0,12.5,6.82,13.38,12.7,12.32,8.0,0.6,10.19,1.0,5.0,,,,,,69.5,0.52,,0.0,0.0,16.0,,
2024-10-12 06:00:00,3.0,29.0,5.75,9.72,9.85,11.98,4.9,0.5,10.49,1.0,5.0,,,,,,69.25,1.55,,2.75,2.75,28.5,,
2024-10-12 07:00:00,1.0,11.0,6.68,11.9,11.75,11.9,3.2,0.54,10.14,1.0,5.0,,,,,,68.5,0.72,341.33,0.75,0.75,81.25,,
2024-10-12 08:00:00,1.5,10.0,6.55,11.18,11.28,14.82,3.32,0.4,9.99,1.0,4.95,,,,,,69.5,0.6,311.25,0.0,0.0,294.75,,
2024-10-12 09:00:00,3.0,7.0,5.38,9.02,9.12,13.8,3.02,0.44,8.67,1.35,4.6,,,,,,68.25,1.23,302.5,0.0,0.0,315.75,,
2024-10-12 10:00:00,,,4.47,7.32,7.52,12.85,3.48,0.45,10.54,0.85,3.42,,,,,,67.75,1.55,280.25,0.0,0.0,483.75,,
2024-10-12 11:00:00,5.0,27.0,5.03,7.68,8.12,13.05,5.38,0.54,13.33,0.72,3.45,,,,,,68.75,2.02,302.75,0.0,0.0,271.0,,
2024-10-12 12:00:00,4.5,23.0,4.72,7.55,7.85,13.88,5.32,0.74,17.49,0.62,3.5,,,,,,67.5,2.02,309.5,0.0,0.0,320.0,,
2024-10-12 13:00:00,2.5,9.0,3.93,5.83,6.23,15.07,5.27,0.56,14.63,0.5,2.87,,,,,,68.33,2.03,282.0,0.0,0.0,457.67,,
2024-10-12 14:00:00,3.0,7.0,3.48,5.38,5.68,15.12,1.75,0.51,13.82,0.5,2.6,,,,,,67.0,2.02,277.0,0.0,0.0,389.5,,
2024-10-12 15:00:00,6.0,7.5,3.1,6.88,6.18,15.55,1.23,0.38,12.06,0.4,2.22,,,,,,67.0,2.08,300.25,0.0,0.0,230.25,,
2024-10-12 16:00:00,6.75,10.25,2.15,6.1,5.03,16.1,,0.34,7.74,0.4,2.35,,,,,,66.25,1.8,306.75,0.0,0.0,128.75,,
2024-10-12 17:00:00,8.5,13.75,4.38,7.55,7.6,13.6,,0.46,8.57,0.43,2.62,,,,,,67.25,1.38,311.5,0.0,0.0,25.0,,
2024-10-12 18:00:00,6.5,16.0,6.8,10.82,11.28,13.88,1.73,0.68,6.76,0.5,3.12,,,,,,67.5,1.42,327.5,0.0,0.0,15.25,,
2024-10-12 19:00:00,5.75,23.75,4.47,10.0,8.93,13.4,3.65,0.84,8.52,0.78,3.65,,,,,,67.5,1.82,322.75,0.0,0.0,16.0,,
2024-10-12 20:00:00,7.25,18.5,5.03,8.3,8.5,13.12,7.22,0.73,12.6,0.75,3.68,,,,,,67.0,1.52,314.0,0.0,0.0,16.0,,
2024-10-12 21:00:00,5.0,12.75,4.0,8.65,7.88,13.3,10.1,0.66,12.25,0.7,3.38,,,,,,67.75,1.4,318.25,0.0,0.0,16.0,,
2024-10-12 22:00:00,4.25,11.0,4.2,7.78,7.55,13.38,5.62,0.59,10.54,0.72,3.32,,,,,,67.5,1.15,321.25,0.0,0.0,16.0,,
2024-10-12 23:00:00,1.75,16.0,4.82,8.8,8.65,13.5,2.42,0.63,9.26,0.68,3.32,,,,,,67.75,0.88,320.5,0.0,0.0,16.0,,
2024-10-13 00:00:00,1.0,12.75,5.82,8.5,9.28,14.85,1.3,0.58,6.08,0.7,3.42,,,,,,67.75,0.9,327.67,0.0,0.0,16.0,,
2024-10-13 01:00:00,1.0,12.5,5.42,7.48,8.38,12.7,0.4,0.73,7.6,0.7,3.1,,,,,,68.5,0.82,323.0,0.0,0.0,16.0,,
2024-10-13 02:00:00,3.0,16.0,5.82,7.88,8.95,12.35,2.2,0.71,7.12,0.7,2.85,,,,,,68.25,0.92,329.5,0.0,0.0,16.0,,
2024-10-13 03:00:00,8.25,19.25,4.55,7.02,7.45,12.92,3.45,0.68,11.89,0.52,2.68,,,,,,68.5,0.92,338.75,0.0,0.0,16.0,,
2024-10-13 04:00:00,5.0,9.75,5.35,7.57,8.38,12.05,4.12,0.58,13.62,0.52,2.5,,,,,,67.5,1.08,339.25,0.0,0.0,16.0,,
2024-10-13 05:00:00,1.75,5.0,4.92,8.07,8.3,11.15,4.12,0.46,11.47,0.55,2.4,,,,,,69.0,0.85,336.5,0.0,0.0,16.0,,
2024-10-13 06:00:00,1.5,5.75,5.62,8.45,9.07,11.5,4.5,0.52,9.95,0.6,2.58,,,,,,68.75,0.85,290.67,0.0,0.0,45.25,,
2024-10-13 07:00:00,3.5,14.25,4.75,6.12,7.1,12.68,5.85,0.51,11.12,0.68,3.22,,,,,,67.75,1.45,293.75,0.0,0.0,149.25,,
2024-10-13 08:00:00,5.0,6.0,3.3,6.15,5.95,13.82,3.4,0.43,6.12,0.6,2.75,,,,,,67.25,1.75,303.75,0.0,0.0,211.75,,
2024-10-13 09:00:00,,,4.62,5.57,6.7,12.28,1.3,0.48,11.27,0.52,2.75,,,,,,68.5,1.88,303.75,0.0,0.0,303.25,,
2024-10-13 10:00:00,,,3.4,6.15,6.05,12.02,1.65,0.42,13.92,0.43,2.78,,,,,,67.75,1.85,283.25,0.0,0.0,327.0,,
2024-10-13 11:00:00,2.0,5.0,3.42,5.42,5.65,12.12,2.35,0.44,14.36,0.4,2.35,,,,,,67.0,2.12,290.75,0.0,0.0,364.25,,
2024-10-13 12:00:00,2.0,5.0,4.7,5.52,6.75,12.9,3.38,0.6,18.67,0.35,2.25,,,,,,68.0,2.05,280.0,0.0,0.0,354.5,,
2024-10-13 13:00:00,,,3.75,5.3,5.88,14.27,5.03,0.58,18.96,0.32,2.0,,,,,,66.5,2.28,285.5,0.0,0.0,422.0,,
2024-10-13 14:00:00,,,3.68,5.88,6.12,14.9,4.5,0.58,14.7,0.3,1.6,,,,,,66.0,2.08,309.0,0.0,0.0,201.5,,
2024-10-13 15:00:00,5.0,11.0,4.18,9.35,8.38,15.48,4.8,0.61,14.06,0.32,1.68,,,,,,66.25,1.92,309.25,0.0,0.0,95.0,,
2024-10-13 16:00:00,4.5,12.75,4.75,12.27,10.35,15.9,3.38,0.5,6.91,0.4,1.88,,,,,,65.75,1.75,312.0,0.0,0.0,52.25,,
2024-10-13 17:00:00,3.5,18.25,6.5,13.4,12.38,13.78,1.18,0.5,8.48,0.4,2.0,,,,,,67.75,1.23,305.75,0.0,0.0,25.25,,
2024-10-13 18:00:00,5.0,18.5,8.1,16.83,15.55,14.05,4.4,0.54,6.91,0.43,2.25,,,,,,67.0,0.98,302.0,0.0,0.0,16.5,,
2024-10-13 19:00:00,4.5,14.75,10.8,20.18,19.52,14.18,4.25,0.56,5.34,0.5,2.3,,,,,,67.75,0.75,303.0,0.0,0.0,17.0,,
2024-10-13 20:00:00,2.75,10.5,16.0,19.52,23.4,14.28,5.82,0.67,8.57,0.6,2.98,,,,,,67.75,0.48,308.25,0.0,0.0,17.0,,
2024-10-13 21:00:00,3.5,22.5,19.55,17.77,25.35,16.12,5.42,0.8,7.74,0.68,3.22,,,,,,68.5,0.32,291.75,0.0,0.0,16.0,,
2024-10-13 22:00:00,7.25,30.0,12.45,14.25,17.68,14.23,5.2,0.75,8.48,0.78,3.45,,,,,,67.75,0.3,168.0,0.0,0.0,15.75,,
2024-10-13 23:00:00,4.5,11.25,11.22,11.38,15.22,14.62,4.6,0.7,8.92,0.7,3.25,,,,,,68.0,0.3,168.0,0.0,0.0,16.0,,
2024-10-14 00:00:00,4.0,13.75,9.22,13.85,14.85,15.2,7.07,0.63,3.28,0.85,3.82,,,,,,68.5,0.55,279.0,0.0,0.0,16.0,,
2024-10-14 01:00:00,5.75,28.0,8.22,9.57,11.8,13.82,9.38,0.54,9.21,1.0,4.22,,,,,,67.75,0.92,,2.25,2.25,16.25,,
2024-10-14 02:00:00,4.0,,4.82,8.38,8.35,13.05,3.72,0.56,10.26,0.75,3.38,,,,,,68.0,0.9,329.25,3.0,3.0,16.25,,
2024-10-14 03:00:00,1.0,,4.6,7.42,7.68,13.68,0.6,0.56,14.57,0.6,2.95,,,,,,68.75,0.5,250.33,0.25,0.25,16.0,,
2024-10-14 04:00:00,,,5.95,7.18,8.65,11.75,4.38,0.67,17.2,0.52,2.95,,,,,,68.75,0.6,322.5,1.75,1.75,16.0,,
2024-10-14 05:00:00,3.0,,4.47,6.58,7.15,10.4,6.42,0.69,15.58,0.43,2.42,,,,,,67.0,1.27,359.0,0.75,0.75,16.0,,
2024-10-14 06:00:00,3.0,5.0,4.35,9.12,8.32,10.65,3.32,0.72,12.2,0.4,2.4,,,,,,67.5,1.1,,0.0,0.0,36.75,,
2024-10-14 07:00:00,2.75,5.0,4.95,10.35,9.5,11.75,1.65,0.64,9.9,0.43,2.4,,,,,,68.75,1.4,359.0,0.0,0.0,82.0,,
2024-10-14 08:00:00,3.0,8.25,4.7,11.12,9.75,12.32,1.1,0.62,7.74,0.68,3.08,,,,,,67.75,1.92,354.5,0.0,0.0,85.0,,
2024-10-14 09:00:00,6.0,17.5,5.95,13.65,12.1,12.38,1.82,0.71,9.99,0.88,3.55,,,,,,68.75,2.22,348.0,0.0,0.0,71.5,,
2024-10-14 10:00:00,6.0,16.0,4.22,9.72,8.6,11.85,3.2,0.66,14.06,0.75,3.48,,,,,,67.0,2.62,353.25,0.0,0.0,141.75,,
2024-10-14 11:00:00,,,3.5,7.55,6.78,13.48,3.22,0.57,16.95,0.68,5.72,,,,,,67.25,3.12,350.75,0.0,0.0,316.75,,
2024-10-14 12:00:00,5.0,7.0,4.22,6.3,6.78,13.95,4.6,0.64,25.63,0.57,6.95,,,,,,68.25,3.38,350.75,0.0,0.0,267.75,,
2024-10-14 13:00:00,5.25,7.0,2.68,4.6,4.62,13.7,4.82,0.63,23.28,0.55,6.65,,,,,,67.5,3.5,348.25,0.0,0.0,285.75,,
2024-10-14 14:00:00,5.25,6.75,3.1,5.18,5.22,13.08,6.02,0.58,23.67,0.5,5.78,,,,,,67.25,2.98,345.25,0.0,0.0,191.0,,
2024-10-14 15:00:00,3.0,6.0,1.48,6.35,4.6,13.8,5.38,0.46,19.06,0.43,5.38,,,,,,66.75,2.88,341.75,0.0,0.0,136.25,,
2024-10-14 16:00:00,5.0,14.0,2.72,6.42,5.62,13.05,2.8,0.43,18.72,0.4,6.08,,,,,,67.5,3.2,347.25,0.0,0.0,79.25,,
2024-10-14 17:00:00,5.0,13.75,3.28,7.55,6.7,12.62,0.3,0.49,17.98,0.5,6.3,,,,,,67.0,2.42,345.5,0.0,0.0,27.0,,
2024-10-14 18:00:00,1.0,11.75,2.78,10.85,7.98,12.02,3.12,0.59,12.74,0.6,6.95,,,,,,68.0,1.55,338.5,0.25,0.25,16.0,,
2024-10-14 19:00:00,1.5,7.75,3.62,12.55,9.65,11.9,4.78,0.72,12.3,0.65,6.58,,,,,,68.0,1.12,340.25,0.0,0.0,16.0,,
2024-10-14 20:00:00,3.75,8.0,4.35,12.72,10.3,11.42,4.53,0.88,15.68,0.68,6.78,,,,,,68.75,1.3,343.75,0.5,0.5,16.0,,
2024-10-14 21:00:00,6.25,10.25,3.68,13.45,10.07,14.15,4.32,0.97,11.96,0.77,6.45,,,,,,67.0,1.5,351.33,0.0,0.0,16.0,,
2024-10-14 22:00:00,7.0,13.25,3.5,14.0,10.35,15.32,4.12,0.94,2.45,1.02,5.85,,,,,,68.25,1.38,,0.5,0.5,16.0,,
2024-10-14 23:00:00,6.75,24.5,2.72,12.25,8.75,16.15,5.55,0.78,12.44,0.9,5.25,,,,,,67.5,1.92,,10.25,10.25,16.0,,
2024-10-15 00:00:00,5.25,9.75,4.68,12.72,10.58,15.42,4.47,0.52,3.99,1.05,5.08,,,,,,69.0,0.57,324.67,2.75,2.75,16.0,,
2024-10-15 01:00:00,3.0,6.0,4.82,7.42,7.9,15.18,3.9,0.5,9.02,2.0,7.02,,,,,,68.75,0.62,,0.0,0.0,16.0,,
2024-10-15 02:00:00,4.25,17.0,3.92,10.75,8.9,14.48,4.9,0.49,9.02,1.32,5.15,,,,,,69.25,1.12,343.67,0.0,0.0,16.0,,
2024-10-15 03:00:00,6.5,17.0,5.05,8.25,8.48,16.45,5.25,0.54,17.18,1.05,4.25,,,,,,70.25,0.48,327.0,0.25,0.25,16.0,,
2024-10-15 04:00:00,2.25,,5.18,5.4,7.05,12.45,6.42,0.52,12.93,0.9,4.0,,,,,,69.5,0.55,348.75,0.0,0.0,16.0,,
2024-10-15 05:00:00,3.5,,4.3,4.45,5.85,11.82,5.88,0.53,10.14,0.9,4.0,,,,,,69.5,0.7,,0.0,0.0,16.0,,
2024-10-15 06:00:00,4.5,,3.88,5.22,5.9,11.6,4.97,0.52,10.63,0.9,4.0,,,,,,70.0,1.45,346.0,7.75,7.75,16.0,,
2024-10-15 07:00:00,2.75,,2.25,6.75,5.42,12.8,3.78,0.39,7.94,0.82,3.72,,,,,,70.0,1.18,349.67,2.25,2.25,63.25,,
2024-10-15 08:00:00,2.0,,4.25,7.38,7.43,13.02,3.15,0.56,6.91,0.62,3.22,,,,,,69.25,1.12,,3.75,3.75,42.0,,
2024-10-15 09:00:00,2.0,,4.8,9.05,8.7,13.35,2.68,0.67,9.55,0.82,3.4,,,,,,69.5,1.35,,2.5,2.5,66.75,,
2024-10-15 10:00:00,,,4.47,7.32,7.55,13.98,4.38,0.66,9.17,0.82,4.18,,,,,,69.0,1.88,350.5,10.33,7.75,18.25,,
2024-10-15 11:00:00,,,6.38,14.88,13.1,15.9,6.02,0.78,11.24,0.98,4.32,,,,,,68.75,0.82,340.0,11.5,11.5,30.0,,
2024-10-15 12:00:00,1.0,,7.32,18.52,15.85,16.7,5.22,0.73,19.73,1.5,5.8,,,,,,68.25,2.58,,9.75,9.75,44.5,,
2024-10-15 13:00:00,1.0,,4.55,12.38,10.25,16.35,3.4,0.63,12.94,1.2,5.32,,,,,,69.0,1.42,,2.75,2.75,46.0,,
2024-10-15 14:00:00,1.5,,5.75,12.8,11.5,15.48,1.55,0.67,10.92,1.1,5.0,,,,,,70.0,0.57,,4.0,4.0,16.25,,
2024-10-15 15:00:00,2.75,,4.3,10.42,9.05,16.33,0.78,0.49,8.43,1.02,4.8,,,,,,70.0,0.45,332.33,3.5,3.5,22.5,,
2024-10-15 16:00:00,3.0,7.0,5.03,17.77,13.55,14.58,3.08,0.68,5.59,1.42,6.45,,,,,,70.75,0.3,307.67,1.25,1.25,16.75,,
2024-10-15 17:00:00,5.25,7.0,8.1,20.55,17.53,14.28,3.9,0.8,6.03,1.35,6.68,,,,,,70.5,0.3,,1.5,1.5,16.0,,
2024-10-15 18:00:00,2.75,8.5,9.82,22.22,19.85,15.3,1.95,0.86,6.32,1.38,7.28,,,,,,70.25,0.3,,3.0,3.0,16.0,,
2024-10-15 19:00:00,2.0,14.5,11.1,21.05,20.2,15.4,,0.88,14.26,1.4,6.75,,,,,,70.5,0.45,330.0,3.75,3.75,16.0,,
2024-10-15 20:00:00,2.33,17.0,8.57,17.65,16.38,13.8,3.77,0.82,13.14,1.4,6.7,,,,,,70.25,0.57,,1.0,1.0,16.0,,
2024-10-15 21:00:00,3.5,13.0,9.12,16.95,16.42,13.52,5.38,0.84,9.95,1.4,6.7,,,,,,70.75,0.5,,0.25,0.25,16.0,,
2024-10-15 22:00:00,4.5,15.5,8.88,14.2,14.75,12.62,4.32,0.79,9.65,1.4,6.7,,,,,,70.75,0.68,,0.0,0.0,16.0,,
2024-10-15 23:00:00,3.0,5.0,6.58,9.25,10.3,13.15,2.5,0.54,7.25,1.3,6.1,,,,,,70.25,0.38,,0.25,0.25,16.0,,
2024-10-16 00:00:00,,,6.4,7.68,9.3,11.25,1.7,0.58,7.55,0.95,4.68,,,,,,70.5,0.52,,0.75,0.75,16.0,,
2024-10-16 01:00:00,,,5.7,6.55,8.1,10.82,0.3,0.55,9.6,0.82,4.15,,,,,,70.25,0.62,,0.75,0.75,16.0,,
2024-10-16 02:00:00,1.0,,5.15,7.28,8.07,10.9,0.3,0.54,10.0,0.72,3.9,,,,,,71.0,0.85,,1.75,1.75,16.0,,
2024-10-16 03:00:00,1.0,,5.22,6.12,7.48,13.6,,0.6,25.41,0.7,3.75,,,,,,70.5,0.48,,0.75,0.75,16.0,,
2024-10-16 04:00:00,1.0,,5.52,5.1,7.15,11.6,0.65,0.54,14.31,0.7,3.7,,,,,,69.75,1.18,,0.75,0.75,16.0,,
2024-10-16 05:00:00,,,4.23,5.12,6.15,10.7,1.35,0.54,14.31,0.7,3.7,,,,,,70.75,0.48,,0.25,0.25,16.0,,
2024-10-16 06:00:00,,,4.72,6.45,7.25,9.9,3.45,0.55,11.51,0.7,3.7,,,,,,70.75,0.38,,0.25,0.25,16.5,,
2024-10-16 07:00:00,,,5.05,6.95,7.82,9.35,4.65,0.58,12.0,0.7,3.7,,,,,,70.25,0.52,,0.75,0.75,32.25,,
2024-10-16 08:00:00,1.0,,4.6,7.5,7.7,9.22,3.72,0.63,13.43,0.7,3.7,,,,,,70.25,0.62,,0.0,0.0,75.0,,
2024-10-16 09:00:00,1.0,,5.05,6.95,7.82,9.45,3.65,0.68,12.79,0.7,3.7,,,,,,70.25,0.78,,0.0,0.0,185.25,,
2024-10-16 10:00:00,,,4.6,7.95,8.0,9.4,2.68,0.69,11.86,0.7,3.7,,,,,,70.0,1.25,,0.0,0.0,178.25,,
2024-10-16 11:00:00,,,4.65,9.15,8.6,11.78,1.62,0.6,4.26,0.75,3.62,,,,,,70.0,0.5,,1.25,1.25,79.0,,
2024-10-16 12:00:00,,,5.28,9.4,9.32,10.45,0.55,0.66,10.68,0.82,3.8,,,,,,69.75,0.7,,3.75,3.75,73.75,,
2024-10-16 13:00:00,,,4.93,8.07,8.35,10.4,0.53,0.64,12.35,0.8,3.92,,,,,,69.75,1.48,,0.25,0.25,314.75,,
2024-10-16 14:00:00,3.0,,3.92,7.4,7.1,10.75,3.07,0.57,12.78,0.72,3.7,,,,,,69.75,1.0,,0.0,0.0,158.5,,
2024-10-16 15:00:00,2.75,,4.18,7.62,7.45,10.98,4.0,0.58,12.89,0.7,3.72,,,,,,70.25,0.88,,0.0,0.0,106.75,,
2024-10-16 16:00:00,2.0,3.0,3.88,7.35,7.05,10.8,5.18,0.56,12.35,0.7,3.78,,,,,,69.5,0.72,,0.0,0.0,73.25,,
2024-10-16 17:00:00,1.0,3.5,3.92,10.1,8.57,10.85,6.25,0.64,10.34,0.75,3.95,,,,,,70.25,0.5,,0.0,0.0,22.75,,
2024-10-16 18:00:00,1.5,5.25,5.48,13.35,11.48,11.5,2.95,0.89,7.45,0.95,4.9,,,,,,69.5,0.32,,0.0,0.0,16.0,,
2024-10-16 19:00:00,4.0,8.5,8.52,15.45,15.15,11.8,3.38,1.01,9.26,1.1,5.9,,,,,,70.0,0.4,,0.0,0.0,16.0,,
2024-10-16 20:00:00,7.5,16.75,8.3,16.9,15.8,12.38,5.78,1.12,7.11,1.1,5.9,,,,,,70.75,0.35,,0.0,0.0,15.5,,
2024-10-16 21:00:00,9.0,20.0,12.15,16.95,18.92,12.7,7.07,1.27,5.93,1.1,5.9,,,,,,70.25,0.32,,0.0,0.0,15.25,,
2024-10-16 22:00:00,8.5,24.25,12.58,16.23,18.82,12.7,3.4,1.27,5.44,1.1,5.9,,,,,,71.0,0.3,,0.0,0.0,15.25,,
2024-10-16 23:00:00,6.5,26.75,15.0,16.52,21.0,12.65,,1.21,5.29,1.1,5.9,,,,,,71.0,0.43,,0.0,0.0,15.25,,
2024-10-17 00:00:00,4.5,21.5,15.9,30.35,29.05,13.85,0.9,0.99,4.7,1.1,5.9,,,,,,70.75,0.4,,0.0,0.0,15.75,,
2024-10-17 01:00:00,3.0,16.75,17.65,30.72,30.65,13.5,1.05,0.92,4.85,1.1,5.9,,,,,,70.75,0.32,,0.0,0.0,15.5,,
2024-10-17 02:00:00,2.0,16.5,18.2,27.98,29.72,14.38,2.42,0.77,6.07,1.1,5.82,,,,,,70.5,0.45,,0.0,0.0,15.5,,
2024-10-17 03:00:00,2.25,17.75,20.52,40.38,38.2,16.45,1.05,0.75,10.06,1.35,6.8,,,,,,70.5,0.35,,0.0,0.0,15.5,,
2024-10-17 04:00:00,2.75,17.5,24.3,23.82,32.45,14.28,2.55,0.72,5.44,1.4,7.02,,,,,,70.25,0.3,,0.0,0.0,15.0,,
2024-10-17 05:00:00,2.75,19.0,27.7,19.9,33.08,14.52,3.22,0.68,6.12,1.4,7.0,,,,,,71.0,0.3,,0.0,0.0,15.75,,
2024-10-17 06:00:00,5.25,21.75,30.8,19.7,35.5,15.42,5.95,0.84,7.89,1.4,6.98,,,,,,71.25,0.3,,0.0,0.0,50.0,,
2024-10-17 07:00:00,6.5,34.25,29.7,22.15,35.9,15.45,9.15,0.98,11.66,1.3,6.8,,,,,,71.0,0.3,,0.0,0.0,158.5,,
2024-10-17 08:00:00,8.0,45.5,21.32,23.12,29.65,15.4,8.18,0.96,17.74,1.3,6.8,,,,,,70.75,0.42,,0.0,0.0,204.5,,
2024-10-17 09:00:00,8.0,39.25,13.08,21.85,22.28,14.0,5.7,0.93,27.1,1.3,6.8,,,,,,69.75,1.12,,0.0,0.0,352.25,,
2024-10-17 10:00:00,7.75,36.0,4.72,21.28,15.2,12.72,3.28,0.84,36.36,1.35,6.98,,,,,,69.25,1.68,,0.0,0.0,452.5,,
2024-10-17 11:00:00,7.0,39.75,2.92,16.8,11.28,12.38,1.45,0.71,42.44,1.18,5.88,,,,,,68.25,2.6,,0.0,0.0,492.5,,
2024-10-17 12:00:00,7.25,33.5,2.15,12.38,8.35,11.9,1.62,0.68,43.56,1.07,5.03,,,,,,69.0,2.22,,0.0,0.0,483.0,,
2024-10-17 13:00:00,7.25,32.5,2.75,12.1,8.68,12.42,2.42,0.61,41.5,1.0,4.47,,,,,,67.0,2.22,340.0,0.0,0.0,410.25,,
2024-10-17 14:00:00,4.25,25.0,1.68,10.15,6.72,14.0,2.22,0.55,35.72,1.1,4.28,,,,,,67.75,2.17,347.0,0.0,0.0,313.25,,
2024-10-17 15:00:00,2.25,25.5,1.72,9.82,6.6,16.1,2.02,0.58,35.72,1.12,4.5,,,,,,66.5,2.2,,0.0,0.0,150.0,,
2024-10-17 16:00:00,3.5,27.0,3.95,8.95,7.95,15.18,2.17,0.58,32.24,1.1,4.93,,,,,,67.5,2.15,,0.0,0.0,115.25,,
2024-10-17 17:00:00,5.75,39.0,3.42,12.12,9.17,13.23,2.33,0.61,33.03,1.2,4.78,,,,,,67.0,1.48,,0.0,0.0,22.75,,
2024-10-17 18:00:00,10.25,45.0,3.12,14.12,10.05,13.38,3.2,0.74,36.65,1.68,5.28,,,,,,68.0,1.5,,0.0,0.0,16.0,,
2024-10-17 19:00:00,17.25,59.25,2.8,16.45,11.0,13.05,4.28,0.78,36.41,1.5,5.18,,,,,,68.25,1.25,,0.0,0.0,16.0,,
2024-10-17 20:00:00,17.75,56.75,2.82,19.55,12.68,15.1,5.08,0.81,32.04,1.4,5.07,,,,,,68.5,1.1,,0.0,0.0,16.0,,
2024-10-17 21:00:00,18.25,83.0,2.55,17.05,11.18,16.3,5.3,0.75,36.51,1.25,5.0,,,,,,68.25,1.02,,0.0,0.0,16.0,,
2024-10-17 22:00:00,19.25,41.0,2.75,14.52,9.95,14.05,2.48,0.72,30.97,1.2,4.7,,,,,,67.5,0.98,,0.0,0.0,16.0,,
2024-10-17 23:00:00,10.25,37.0,3.92,13.08,10.12,11.62,1.42,0.67,27.24,1.05,4.42,,,,,,67.75,0.92,,0.0,0.0,16.0,,
2024-10-18 00:00:00,9.0,24.5,2.9,12.02,8.72,11.9,1.7,0.66,23.86,0.92,3.85,,,,,,69.0,0.82,,0.0,0.0,16.0,,
2024-10-18 01:00:00,11.0,23.0,3.4,13.15,9.8,11.58,2.42,0.58,18.91,0.9,3.8,,,,,,68.75,0.3,,0.0,0.0,16.0,,
2024-10-18 02:00:00,7.5,36.0,4.72,21.55,15.35,12.18,5.3,0.55,12.55,1.05,4.42,,,,,,68.25,0.35,,0.0,0.0,16.0,,
2024-10-18 03:00:00,5.0,30.25,5.3,18.1,13.92,13.22,8.22,0.55,25.02,1.08,5.22,,,,,,68.25,1.08,317.0,5.75,5.75,16.25,,
2024-10-18 04:00:00,3.25,12.0,4.0,10.12,8.62,10.3,5.5,0.49,21.85,1.0,5.0,,,,,,68.75,0.52,315.67,0.5,0.5,16.25,,
2024-10-18 05:00:00,7.0,9.0,4.0,11.65,9.43,10.2,3.92,0.59,12.35,1.0,5.0,,,,,,69.25,0.3,346.0,0.0,0.0,16.0,,
2024-10-18 06:00:00,6.0,27.0,6.95,19.65,16.15,12.7,3.55,0.62,8.1,1.0,4.95,,,,,,69.25,0.48,,0.0,0.0,18.5,,
2024-10-18 07:00:00,7.25,25.25,7.45,18.98,16.15,14.15,4.08,0.96,5.74,1.42,6.38,,,,,,68.75,1.18,,3.5,3.5,103.0,,
2024-10-18 08:00:00,10.5,19.0,7.48,15.25,14.22,12.7,5.05,1.18,14.65,1.23,5.78,,,,,,70.0,0.6,338.0,0.0,0.0,296.5,,
2024-10-18 09:00:00,9.5,18.75,5.78,15.0,12.68,13.38,5.08,1.27,21.85,1.35,5.85,,,,,,69.0,0.8,354.0,0.0,0.0,328.75,,
2024-10-18 10:00:00,10.25,30.0,3.85,14.9,11.08,13.42,6.75,1.27,27.88,1.27,5.52,,,,,,69.25,0.6,314.25,0.0,0.0,105.0,,
2024-10-18 11:00:00,9.5,48.75,2.88,15.98,10.82,14.3,6.88,1.36,32.04,1.2,5.42,,,,,,69.5,0.7,318.33,0.25,0.25,70.5,,
2024-10-18 12:00:00,14.0,70.5,3.6,20.35,13.72,14.38,5.42,1.39,46.65,1.55,6.25,,,,,,69.5,1.25,,0.0,0.0,297.75,,
2024-10-18 13:00:00,14.0,48.0,2.5,18.93,12.03,13.97,2.8,1.35,72.13,1.43,5.5,,,,,,69.33,1.1,322.5,0.0,0.0,336.0,,
2024-10-18 14:00:00,9.0,39.0,3.02,17.73,11.88,14.8,2.82,0.98,69.97,1.32,5.12,,,,,,68.0,1.12,351.5,0.0,0.0,204.25,,
2024-10-18 15:00:00,13.5,45.75,3.0,12.62,9.15,14.95,4.5,0.76,45.32,1.13,4.7,,,,,,68.25,1.38,348.33,0.0,0.0,198.25,,
2024-10-18 16:00:00,15.75,37.0,2.72,15.2,10.3,15.35,4.85,0.76,53.56,1.1,4.62,,,,,,68.75,1.35,341.75,0.0,0.0,117.25,,
2024-10-18 17:00:00,9.0,33.0,3.38,15.7,11.05,14.18,4.47,0.8,37.14,1.0,4.58,,,,,,68.0,0.72,330.33,0.0,0.0,25.0,,
2024-10-18 18:00:00,9.5,39.75,2.95,17.38,11.65,13.62,2.92,0.88,30.82,1.15,5.25,,,,,,67.75,0.57,343.0,0.0,0.0,16.0,,
2024-10-18 19:00:00,12.75,46.25,3.85,21.12,14.4,14.18,2.75,1.02,22.74,1.55,6.78,,,,,,68.25,0.4,325.75,0.0,0.0,16.0,,
2024-10-18 20:00:00,16.75,54.75,3.7,20.82,14.12,15.02,1.62,1.09,21.86,1.52,6.52,,,,,,69.0,0.32,323.75,0.0,0.0,16.0,,
2024-10-18 21:00:00,11.75,44.5,4.35,20.42,14.4,14.88,1.55,1.2,17.74,1.58,6.58,,,,,,68.0,0.3,319.0,0.0,0.0,16.0,,
2024-10-18 22:00:00,9.25,49.25,4.0,23.52,15.75,15.58,4.18,1.19,9.46,1.82,7.5,,,,,,68.25,0.3,319.0,0.0,0.0,16.0,,
2024-10-18 23:00:00,11.75,42.5,7.12,27.45,20.42,14.7,5.62,1.25,7.99,2.0,8.3,,,,,,68.5,0.3,318.25,0.0,0.0,16.0,,
2024-10-19 00:00:00,10.5,57.5,14.18,35.48,30.4,16.35,7.52,1.16,7.54,2.2,9.18,,,,,,69.5,0.3,296.0,0.0,0.0,16.0,,
2024-10-19 01:00:00,18.5,91.5,21.78,34.55,36.1,18.45,9.1,1.32,8.48,2.48,9.9,,,,,,69.0,0.52,317.25,0.0,0.0,16.0,,
2024-10-19 02:00:00,17.25,84.75,15.02,23.35,24.68,16.0,8.7,0.92,9.28,2.48,10.25,,,,,,69.5,1.27,341.5,5.0,5.0,16.5,,
2024-10-19 03:00:00,8.0,42.0,8.3,19.35,17.1,14.55,7.4,0.61,15.75,1.82,7.42,,,,,,69.25,0.82,298.0,3.0,3.0,16.0,,
2024-10-19 04:00:00,5.25,14.0,6.48,14.9,13.22,11.72,6.25,0.52,12.15,1.5,6.45,,,,,,70.25,0.3,286.0,0.25,0.25,16.0,,
2024-10-19 05:00:00,6.0,13.25,6.32,14.58,12.92,11.22,6.52,0.38,9.94,1.3,5.98,,,,,,69.5,0.3,336.0,0.0,0.0,16.0,,
2024-10-19 06:00:00,7.5,15.0,11.92,24.1,22.55,13.2,4.53,0.71,9.06,1.3,6.07,,,,,,70.0,0.32,307.0,0.0,0.0,37.0,,
2024-10-19 07:00:00,11.0,24.75,10.32,17.77,17.88,13.15,3.72,0.94,12.15,1.3,6.1,,,,,,70.0,0.57,335.67,0.0,0.0,165.5,,
2024-10-19 08:00:00,9.5,23.0,9.9,16.5,16.82,13.48,4.97,1.08,14.8,1.3,6.1,,,,,,69.25,0.8,321.33,0.0,0.0,271.5,,
2024-10-19 09:00:00,14.0,38.75,8.32,17.3,15.98,13.8,5.38,0.97,22.24,1.3,6.1,,,,,,69.25,0.88,315.0,0.0,0.0,287.5,,
2024-10-19 10:00:00,13.5,39.75,4.62,17.25,12.9,13.48,6.02,0.88,30.77,1.27,5.88,,,,,,67.75,0.95,321.0,0.0,0.0,295.25,,
2024-10-19 11:00:00,12.5,39.0,3.08,17.52,11.8,14.2,5.65,0.88,39.5,1.23,5.58,,,,,,67.75,1.18,,0.0,0.0,234.5,,
2024-10-19 12:00:00,11.25,45.5,2.75,16.05,10.8,15.15,5.58,0.72,45.42,1.18,5.2,,,,,,68.25,1.6,,0.0,0.0,456.75,,
2024-10-19 13:00:00,4.5,36.75,2.35,11.18,7.9,15.48,5.68,0.74,37.09,1.02,4.72,,,,,,66.75,2.08,,0.0,0.0,442.5,,
2024-10-19 14:00:00,8.5,29.5,2.08,10.3,7.12,16.08,4.2,0.51,24.99,0.85,4.12,,,,,,66.0,2.17,,0.0,0.0,372.5,,
2024-10-19 15:00:00,6.75,22.0,4.45,11.68,9.95,13.65,2.95,0.48,19.16,0.82,3.65,,,,,,66.75,2.28,,0.0,0.0,128.5,,
2024-10-19 16:00:00,6.0,29.5,4.95,16.5,12.82,13.88,5.18,0.53,13.43,0.7,3.78,,,,,,67.0,2.2,,0.0,0.0,36.25,,
2024-10-19 17:00:00,6.5,22.25,4.6,16.6,12.55,14.32,5.62,0.59,12.89,0.88,4.88,,,,,,67.5,1.8,,0.0,0.0,20.5,,
2024-10-19 18:00:00,7.5,16.0,5.0,23.02,16.27,14.0,3.6,0.6,9.56,0.82,4.62,,,,,,67.75,1.62,,0.0,0.0,16.0,,
2024-10-19 19:00:00,6.25,23.5,5.55,24.72,17.7,14.15,2.3,0.54,7.79,0.75,4.3,,,,,,67.75,0.88,,0.0,0.0,16.0,,
2024-10-19 20:00:00,7.25,28.0,7.12,23.17,18.18,14.02,2.3,0.68,6.91,0.95,6.1,,,,,,68.25,0.4,338.0,0.0,0.0,16.0,,
2024-10-19 21:00:00,7.5,29.5,8.52,22.18,18.77,13.4,2.35,0.85,5.68,1.18,6.48,,,,,,69.75,0.32,,0.0,0.0,16.0,,
2024-10-19 22:00:00,6.5,35.75,10.0,20.78,19.15,13.7,2.62,0.98,10.68,1.23,7.35,,,,,,68.25,0.42,318.67,0.0,0.0,16.0,,
2024-10-19 23:00:00,7.5,33.75,9.22,18.25,17.23,13.92,3.0,0.86,8.28,1.27,6.92,,,,,,69.0,0.32,269.0,0.0,0.0,16.0,,
2024-10-20 00:00:00,4.75,12.0,8.28,13.9,14.12,13.15,3.3,0.69,9.02,1.1,5.98,,,,,,69.0,0.3,,0.0,0.0,16.0,,
2024-10-20 01:00:00,1.0,25.0,8.35,15.32,14.95,12.75,4.32,0.81,7.6,1.23,6.35,,,,,,69.0,0.3,,0.0,0.0,16.0,,
2024-10-20 02:00:00,1.5,25.0,10.12,15.7,16.6,12.98,4.8,0.74,6.27,1.3,6.78,,,,,,68.75,0.3,,0.0,0.0,16.0,,
2024-10-20 03:00:00,3.5,14.0,9.48,11.55,13.82,14.05,4.8,0.71,15.03,1.15,6.2,,,,,,68.75,0.5,339.0,0.0,0.0,16.0,,
2024-10-20 04:00:00,6.5,23.0,8.62,9.93,12.3,12.25,4.95,0.62,8.87,1.02,5.42,,,,,,69.75,0.52,,1.0,1.0,16.5,,
2024-10-20 05:00:00,11.0,47.25,8.2,11.85,12.98,12.0,6.02,0.66,7.06,1.1,5.4,,,,,,68.5,0.75,314.5,6.75,6.75,16.75,,
2024-10-20 06:00:00,10.25,33.5,6.78,10.78,11.25,13.0,2.88,0.78,4.9,1.05,5.08,,,,,,68.25,0.32,224.5,0.0,0.0,39.0,,
2024-10-20 07:00:00,8.25,26.0,11.22,11.92,15.45,12.88,1.5,0.95,6.86,1.2,5.52,,,,,,69.0,0.5,,0.0,0.0,141.25,,
2024-10-20 08:00:00,8.75,50.75,10.68,11.5,14.78,13.72,2.5,1.02,6.71,1.15,5.48,,,,,,68.25,1.3,,0.0,0.0,279.5,,
2024-10-20 09:00:00,6.75,38.0,8.0,8.52,11.08,12.95,4.45,0.97,9.02,0.98,4.55,,,,,,68.0,1.52,,0.0,0.0,193.0,,
2024-10-20 10:00:00,3.0,20.0,6.25,9.0,9.85,11.68,4.78,0.85,10.63,0.9,4.05,,,,,,69.0,1.68,,0.0,0.0,316.5,,
2024-10-20 11:00:00,6.0,,5.65,10.15,10.02,12.18,6.8,0.8,12.89,0.72,3.3,,,,,,69.0,1.55,,0.0,0.0,422.75,,
2024-10-20 12:00:00,6.75,23.0,7.22,17.38,15.1,13.18,6.72,0.74,11.27,0.72,3.15,,,,,,68.25,1.62,,0.0,0.0,105.25,,
2024-10-20 13:00:00,9.0,29.25,8.12,18.1,16.2,13.48,11.4,0.81,11.61,0.72,3.12,,,,,,68.0,1.75,,0.0,0.0,312.25,,
2024-10-20 14:00:00,8.5,38.75,6.82,13.25,12.6,14.72,10.75,0.92,15.39,0.55,2.68,,,,,,67.5,2.4,,0.0,0.0,378.25,,
2024-10-20 15:00:00,7.0,11.0,4.03,11.82,9.55,15.7,3.48,0.82,16.56,0.45,2.2,,,,,,67.25,2.52,,0.0,0.0,265.25,,
2024-10-20 16:00:00,3.0,5.5,3.28,10.45,8.2,15.48,2.82,0.84,14.31,0.4,1.95,,,,,,66.5,2.02,,0.0,0.0,148.5,,
2024-10-20 17:00:00,3.5,8.5,4.1,13.6,10.55,15.8,3.12,0.84,11.37,0.4,2.25,,,,,,66.5,1.42,,0.0,0.0,24.25,,
2024-10-20 18:00:00,5.25,19.25,7.02,16.55,14.48,18.38,1.1,0.93,7.15,0.45,2.65,,,,,,66.25,1.42,,0.0,0.0,16.0,,
2024-10-20 19:00:00,6.5,20.0,5.32,15.22,12.42,21.15,1.02,1.06,7.2,0.62,3.32,,,,,,65.25,1.1,,0.0,0.0,16.0,,
2024-10-20 20:00:00,7.75,,7.48,15.95,14.55,28.18,1.85,0.66,7.01,0.78,4.1,,,,,,66.0,1.03,,0.0,0.0,16.0,,
2024-10-20 21:00:00,6.75,20.0,7.22,15.45,14.12,18.38,3.35,0.53,10.73,0.82,3.75,,,,,,66.25,0.9,,0.0,0.0,16.0,,
2024-10-20 22:00:00,6.0,18.5,3.97,12.82,10.28,26.88,5.27,0.58,8.82,1.0,4.88,,,,,,63.75,1.0,,0.0,0.0,16.0,,
2024-10-20 23:00:00,5.75,14.0,7.37,11.78,11.52,33.05,5.77,0.59,11.08,0.95,4.55,,,,,,64.0,0.68,343.0,0.0,0.0,16.0,,
2024-10-21 00:00:00,5.5,,8.68,10.3,12.55,22.78,5.95,0.54,10.34,0.92,4.18,,,,,,65.5,0.42,325.0,0.0,0.0,16.0,,
2024-10-21 01:00:00,6.5,17.0,7.6,13.4,13.35,24.9,6.57,0.52,11.12,0.95,4.35,,,,,,65.75,0.3,300.5,0.0,0.0,16.0,,
2024-10-21 02:00:00,5.0,18.75,6.6,17.95,15.98,39.0,5.5,0.55,6.08,1.23,5.58,,,,,,64.25,0.3,321.25,0.0,0.0,16.0,,
2024-10-21 03:00:00,5.25,24.0,,17.92,18.02,52.62,,0.68,7.84,1.55,7.05,,,,,,63.75,0.32,306.0,0.0,0.0,16.0,,
2024-10-21 04:00:00,7.25,42.0,18.7,18.88,23.4,36.5,5.15,0.76,4.26,1.75,5.88,,,,,,65.5,0.35,,0.0,0.0,16.0,,
2024-10-21 05:00:00,10.5,43.5,17.1,15.92,22.38,20.7,7.85,0.74,6.32,1.5,6.78,,,,,,66.75,0.6,309.5,1.5,1.5,16.25,,
2024-10-21 06:00:00,8.0,38.75,11.12,12.25,15.58,18.58,6.88,0.63,10.19,1.35,5.82,,,,,,66.75,0.82,327.0,2.25,2.25,64.25,,
2024-10-21 07:00:00,5.75,11.0,10.25,17.1,17.77,34.6,4.3,0.72,7.54,1.42,6.02,,,,,,65.25,0.4,282.5,0.0,0.0,170.0,,
2024-10-21 08:00:00,7.25,,13.0,16.35,19.27,29.4,3.3,0.76,14.84,1.5,6.8,,,,,,65.25,0.98,295.0,0.0,0.0,214.75,,
2024-10-21 09:00:00,5.0,,8.0,17.5,15.15,36.35,4.5,0.76,16.76,1.5,6.2,,,,,,63.5,1.52,302.0,0.0,0.0,353.0,,
2024-10-21 10:00:00,5.5,,,18.27,14.88,38.45,,0.83,17.89,1.38,5.92,,,,,,62.75,2.0,304.75,0.0,0.0,446.75,,
2024-10-21 11:00:00,6.0,,9.7,14.82,13.1,34.28,1.3,0.85,17.0,1.25,5.42,,,,,,63.75,2.17,320.25,0.0,0.0,502.25,,
2024-10-21 12:00:00,2.75,,5.48,9.48,9.5,16.55,4.58,0.66,19.16,0.88,4.5,,,,,,65.5,2.32,319.5,0.0,0.0,495.75,,
2024-10-21 13:00:00,1.75,,4.68,8.18,8.18,17.0,7.93,0.6,17.1,0.75,4.08,,,,,,65.25,2.22,337.5,0.0,0.0,452.25,,
2024-10-21 14:00:00,1.0,,4.3,7.0,7.22,17.15,4.85,0.48,16.71,0.62,3.9,,,,,,65.0,2.17,327.0,0.0,0.0,376.75,,
2024-10-21 15:00:00,1.0,24.0,3.8,7.55,7.1,18.02,4.72,0.43,15.63,0.62,4.0,,,,,,65.0,2.28,337.0,0.0,0.0,265.75,,
2024-10-21 16:00:00,2.0,22.5,3.82,8.8,7.78,18.58,3.6,0.41,18.03,0.68,4.2,,,,,,63.75,2.42,326.0,0.0,0.0,135.75,,
2024-10-21 17:00:00,5.5,23.0,4.8,10.1,9.25,18.52,3.25,0.56,12.0,0.85,6.8,,,,,,65.25,1.65,317.25,0.0,0.0,27.25,,
2024-10-21 18:00:00,7.25,38.0,5.08,11.08,10.0,18.12,2.62,0.69,12.06,1.08,8.57,,,,,,65.0,1.55,320.75,0.0,0.0,16.0,,
2024-10-21 19:00:00,7.5,33.5,6.0,10.05,10.22,17.65,1.18,0.73,11.66,1.02,7.28,,,,,,65.25,1.2,334.5,0.0,0.0,16.0,,
2024-10-21 20:00:00,5.75,22.75,5.78,12.3,11.22,17.5,0.5,0.8,9.06,1.02,6.55,,,,,,66.75,0.72,334.67,0.0,0.0,16.0,,
2024-10-21 21:00:00,5.5,30.0,7.5,12.45,12.7,15.98,,0.84,5.93,1.12,6.7,,,,,,66.0,0.62,337.0,0.0,0.0,16.0,,
2024-10-21 22:00:00,6.5,27.0,7.58,12.1,12.62,13.5,2.43,0.82,7.74,1.2,6.55,,,,,,66.75,0.38,314.67,0.0,0.0,16.0,,
2024-10-21 23:00:00,5.0,,7.78,11.95,12.65,12.68,3.6,0.75,6.76,1.15,6.22,,,,,,67.75,0.3,300.0,0.0,0.0,16.0,,
2024-10-22 00:00:00,5.0,25.0,8.0,12.88,13.32,12.62,1.95,0.69,6.72,1.1,6.08,,,,,,67.75,0.3,298.0,0.0,0.0,16.0,,
2024-10-22 01:00:00,4.5,26.25,14.2,17.52,20.85,13.62,0.95,0.68,4.56,1.2,6.72,,,,,,69.0,0.3,292.75,0.0,0.0,16.0,,
2024-10-22 02:00:00,4.67,33.75,13.62,17.15,20.23,13.95,3.6,0.66,4.9,1.38,7.68,,,,,,67.75,0.3,250.33,0.0,0.0,16.0,,
2024-10-22 03:00:00,12.0,55.75,20.32,19.23,26.7,17.1,4.6,0.74,10.19,1.45,7.78,,,,,,68.75,0.3,259.5,0.0,0.0,16.0,,
2024-10-22 04:00:00,21.25,83.25,19.1,16.65,24.4,16.25,4.85,0.73,6.08,1.45,7.9,,,,,,67.5,0.4,300.5,0.0,0.0,16.0,,
2024-10-22 05:00:00,12.75,69.0,17.62,14.3,21.98,15.4,6.65,0.86,6.96,1.23,7.28,,,,,,68.0,0.35,285.0,0.0,0.0,16.0,,
2024-10-22 06:00:00,12.0,55.0,17.55,13.1,21.25,15.6,3.68,1.01,6.81,1.2,7.15,,,,,,68.5,0.45,216.0,0.0,0.0,48.0,,
2024-10-22 07:00:00,13.25,57.0,16.83,13.62,20.9,15.52,2.7,1.06,7.54,1.32,6.32,,,,,,67.5,0.9,353.0,0.0,0.0,158.75,,
2024-10-22 08:00:00,17.75,66.75,15.8,12.1,19.25,16.08,3.95,1.1,10.0,1.2,6.4,,,,,,68.5,0.98,339.0,0.0,0.0,246.75,,
2024-10-22 09:00:00,22.0,78.5,13.12,12.5,17.28,16.25,7.08,1.05,10.63,1.15,6.02,,,,,,67.75,0.92,,0.0,0.0,317.0,,
2024-10-22 10:00:00,25.0,76.75,13.35,15.4,19.05,17.92,10.62,0.96,11.96,1.1,5.75,,,,,,66.5,1.48,320.0,0.0,0.0,322.75,,
2024-10-22 11:00:00,16.0,59.75,8.0,13.12,13.5,17.12,7.52,0.94,13.67,0.98,5.72,,,,,,65.5,2.5,,0.0,0.0,543.25,,
2024-10-22 12:00:00,14.0,38.0,4.7,10.32,9.28,18.05,4.7,0.77,9.94,0.7,5.1,,,,,,66.0,2.75,,0.0,0.0,517.0,,
2024-10-22 13:00:00,8.0,,4.78,7.88,8.05,14.75,0.5,0.49,11.42,0.55,5.03,,,,,,66.0,2.65,,0.0,0.0,463.25,,
2024-10-22 14:00:00,7.5,,4.8,7.85,8.07,13.35,2.55,0.46,11.22,0.48,4.22,,,,,,66.5,2.48,,0.0,0.0,383.5,,
2024-10-22 15:00:00,5.0,,5.12,9.0,8.93,13.62,5.3,0.49,10.68,0.4,3.53,,,,,,66.25,2.33,,0.0,0.0,257.25,,
2024-10-22 16:00:00,2.25,23.0,5.42,9.3,9.32,13.22,5.68,0.5,10.73,1.0,3.35,,,,,,66.0,2.15,,0.0,0.0,142.0,,
2024-10-22 17:00:00,4.5,23.0,6.0,12.08,11.32,12.65,5.9,0.5,7.64,0.62,3.32,,,,,,66.5,1.45,,0.0,0.0,28.0,,
2024-10-22 18:00:00,8.75,34.0,9.65,14.98,15.8,12.82,4.58,0.56,5.39,0.68,4.43,,,,,,67.0,0.98,,0.0,0.0,16.0,,
2024-10-22 19:00:00,9.5,33.75,12.38,16.85,19.05,13.92,1.15,0.59,4.46,0.75,4.82,,,,,,67.0,0.9,,0.0,0.0,16.0,,
2024-10-22 20:00:00,12.25,31.5,14.8,17.95,21.58,15.72,1.9,0.69,5.58,0.9,4.97,,,,,,66.75,0.82,,0.0,0.0,16.0,,
2024-10-22 21:00:00,6.5,26.0,17.92,22.42,26.45,17.0,2.02,0.64,5.24,0.85,4.82,,,,,,67.0,0.38,333.5,0.0,0.0,16.0,,
2024-10-22 22:00:00,6.0,25.75,16.5,19.88,24.0,16.8,4.05,0.66,5.64,0.9,5.1,,,,,,66.5,0.32,305.0,0.0,0.0,16.0,,
2024-10-22 23:00:00,10.25,43.5,17.15,23.3,26.35,17.38,4.2,0.74,5.44,1.0,5.35,,,,,,66.75,0.38,336.5,0.0,0.0,16.0,,
2024-10-23 00:00:00,14.0,72.0,18.82,21.5,26.72,17.82,3.08,0.72,5.73,1.25,6.05,,,,,,67.5,0.35,279.0,0.0,0.0,16.0,,
2024-10-23 01:00:00,14.5,74.0,18.5,19.8,25.6,17.58,3.2,0.72,5.58,1.18,6.25,,,,,,68.25,0.32,279.75,0.0,0.0,16.0,,
2024-10-23 02:00:00,13.75,64.0,16.08,15.05,21.05,16.65,2.75,0.66,4.7,1.15,7.65,,,,,,67.5,0.42,292.0,0.0,0.0,16.0,,
2024-10-23 03:00:00,6.5,31.25,14.45,12.35,18.3,17.38,1.85,0.58,10.52,1.05,6.22,,,,,,66.75,0.55,288.25,0.0,0.0,16.0,,
2024-10-23 04:00:00,5.5,21.25,12.28,10.58,15.6,16.27,2.58,0.48,4.66,0.98,5.75,,,,,,66.75,0.48,326.33,0.0,0.0,16.0,,
2024-10-23 05:00:00,6.75,18.75,11.5,11.38,15.4,13.92,2.3,0.6,4.46,0.95,5.5,,,,,,67.75,0.42,342.0,0.0,0.0,16.0,,
2024-10-23 06:00:00,7.5,30.5,12.42,12.55,16.77,13.75,1.35,0.66,5.54,0.98,5.32,,,,,,67.75,0.5,334.0,0.0,0.0,42.25,,
2024-10-23 07:00:00,11.25,41.75,11.52,12.98,16.3,14.02,0.42,0.67,6.86,1.0,5.32,,,,,,68.0,0.68,324.75,0.0,0.0,153.5,,
2024-10-23 08:00:00,9.75,45.75,10.45,11.6,14.62,13.78,3.38,0.8,10.88,1.05,5.05,,,,,,67.5,1.15,,0.0,0.0,280.25,,
2024-10-23 09:00:00,11.0,50.75,9.88,14.05,15.5,14.4,6.18,0.76,13.32,1.0,4.6,,,,,,68.0,1.32,353.0,0.0,0.0,373.0,,
2024-10-23 10:00:00,7.67,51.75,5.25,12.75,11.05,14.82,5.4,0.7,24.8,0.88,4.12,,,,,,67.5,1.27,340.0,0.0,0.0,428.0,,
2024-10-23 11:00:00,9.5,58.75,4.03,14.45,10.95,16.18,6.02,0.67,27.34,0.83,3.82,,,,,,66.5,1.98,347.5,0.0,0.0,380.5,,
2024-10-23 12:00:00,17.0,67.25,3.58,15.95,11.4,20.88,7.68,0.74,32.2,0.82,4.25,,,,,,65.25,2.68,359.0,0.0,0.0,456.75,,
2024-10-23 13:00:00,18.5,83.25,4.05,15.05,11.28,24.05,7.4,0.79,38.12,0.75,3.52,,,,,,65.5,2.42,353.0,0.0,0.0,347.75,,
2024-10-23 14:00:00,21.5,96.75,3.9,16.3,11.85,25.78,5.58,0.77,36.31,0.7,3.05,,,,,,65.5,2.33,353.5,0.0,0.0,380.5,,
2024-10-23 15:00:00,19.0,81.0,3.45,19.92,13.4,27.48,6.3,0.65,34.0,0.75,3.48,,,,,,65.5,2.15,346.0,0.0,0.0,239.5,,
2024-10-23 16:00:00,24.5,,3.72,23.9,15.7,27.9,7.8,0.73,26.85,0.78,3.92,,,,,,65.0,1.95,354.0,0.0,0.0,90.25,,
2024-10-23 17:00:00,28.75,,3.65,22.15,14.72,26.4,5.98,0.84,26.26,0.78,4.7,,,,,,65.0,1.45,,0.0,0.0,26.0,,
2024-10-23 18:00:00,27.0,111.0,4.3,22.75,15.6,24.7,5.3,0.95,23.32,0.85,5.48,,,,,,65.25,1.3,,0.0,0.0,16.0,,
2024-10-23 19:00:00,24.75,111.0,4.03,16.7,12.12,23.92,4.85,1.04,27.93,0.95,5.65,,,,,,64.5,0.92,334.33,0.0,0.0,16.0,,
2024-10-23 20:00:00,26.0,,3.52,13.25,9.92,21.78,5.05,0.98,26.17,1.1,6.1,,,,,,66.0,0.68,327.33,0.0,0.0,16.0,,
2024-10-23 21:00:00,21.67,,4.35,12.42,10.18,19.12,4.53,0.98,28.66,1.1,6.12,,,,,,67.25,0.6,311.25,0.0,0.0,16.0,,
2024-10-23 22:00:00,18.5,,3.68,13.6,10.23,19.1,4.38,0.98,27.44,1.1,5.85,,,,,,67.25,0.52,286.0,0.0,0.0,16.0,,
2024-10-23 23:00:00,17.75,,2.88,14.7,10.18,19.6,4.68,0.91,30.42,1.1,5.48,,,,,,67.25,0.92,285.5,0.0,0.0,16.0,,
2024-10-24 00:00:00,20.5,,2.65,13.88,9.5,19.73,2.62,0.8,29.55,1.05,5.35,,,,,,68.5,0.68,288.5,0.0,0.0,16.0,,
2024-10-24 01:00:00,22.75,,3.62,16.27,11.62,20.08,3.22,0.86,20.28,1.05,5.72,,,,,,69.0,1.02,307.0,0.0,0.0,16.0,,
2024-10-24 02:00:00,26.0,,3.97,20.25,14.02,20.8,2.62,0.88,16.66,1.32,7.7,,,,,,67.25,1.15,304.5,0.0,0.0,16.0,,
2024-10-24 03:00:00,27.75,,3.75,19.0,13.1,23.0,2.42,0.87,23.06,1.32,8.28,,,,,,68.0,1.2,314.25,0.0,0.0,16.0,,
2024-10-24 04:00:00,22.0,,4.53,13.32,10.7,21.18,3.8,0.8,22.68,1.12,6.95,,,,,,67.5,1.48,308.5,0.0,0.0,16.0,,
2024-10-24 05:00:00,16.0,,3.18,10.12,7.98,19.48,6.1,0.73,22.44,1.0,5.88,,,,,,66.5,1.8,312.0,0.0,0.0,16.0,,
2024-10-24 06:00:00,14.25,,2.95,10.9,8.2,17.52,8.0,0.7,19.99,0.9,5.07,,,,,,68.0,1.75,329.25,0.0,0.0,29.25,,
2024-10-24 07:00:00,8.75,,4.08,13.08,10.28,16.88,7.55,0.73,20.58,0.9,4.75,,,,,,68.0,1.35,309.0,0.0,0.0,79.75,,
2024-10-24 08:00:00,8.0,,3.47,14.8,10.6,17.13,6.57,0.78,21.75,0.93,4.7,,,,,,66.67,1.5,291.33,0.0,0.0,114.33,,
2024-10-24 09:00:00,14.0,,3.88,22.88,15.38,18.75,8.22,1.07,59.39,1.35,6.08,,,,,,67.5,1.1,302.75,0.0,0.0,136.0,,
2024-10-24 10:00:00,16.75,,3.4,16.98,11.78,17.62,4.25,0.95,59.88,1.35,6.35,,,,,,67.0,1.35,299.25,0.0,0.0,224.75,,
2024-10-24 11:00:00,15.0,,2.75,15.25,10.32,18.6,1.83,0.8,48.66,1.25,6.52,,,,,,68.0,1.35,272.0,0.0,0.0,363.25,,
2024-10-24 12:00:00,13.75,,3.38,13.22,9.8,17.92,3.08,0.79,44.69,1.23,7.3,,,,,,67.5,1.25,274.25,0.0,0.0,256.75,,
2024-10-24 13:00:00,19.75,83.0,3.1,14.42,10.15,16.8,2.72,0.8,45.86,1.2,7.85,,,,,,67.0,1.25,283.5,0.0,0.0,183.75,,
2024-10-24 14:00:00,20.75,,3.9,12.7,9.88,17.12,6.35,0.81,43.71,1.2,8.43,,,,,,68.0,1.0,282.0,0.0,0.0,173.5,,
2024-10-24 15:00:00,16.75,,3.92,11.92,9.5,18.32,9.7,0.78,43.46,1.1,9.62,,,,,,67.25,0.72,275.75,0.0,0.0,166.25,,
2024-10-24 16:00:00,17.0,116.0,2.88,13.95,9.7,18.32,7.28,0.8,39.79,1.12,12.0,,,,,,67.0,0.68,300.75,0.0,0.0,74.25,,
2024-10-24 17:00:00,20.75,112.0,2.38,14.8,9.82,18.35,4.25,0.74,37.63,1.12,15.52,,,,,,68.0,0.42,340.0,0.0,0.0,24.0,,
2024-10-24 18:00:00,26.75,124.0,3.68,28.1,17.92,19.98,3.02,1.12,21.86,1.32,25.28,,,,,,68.5,0.3,,0.0,0.0,16.0,,
2024-10-24 19:00:00,40.25,203.0,8.7,48.6,32.88,24.83,3.6,1.63,15.24,2.2,31.35,,,,,,67.25,0.68,298.0,0.0,0.0,16.0,,
2024-10-24 20:00:00,44.25,209.0,5.15,42.9,27.02,26.25,4.6,1.64,30.77,2.18,29.0,,,,,,67.0,1.0,284.5,0.0,0.0,16.0,,
2024-10-24 21:00:00,36.5,162.5,4.62,49.58,30.1,24.88,5.95,1.74,18.23,2.2,24.8,,,,,,68.0,0.88,284.75,0.0,0.0,16.0,,
2024-10-24 22:00:00,38.0,161.25,5.05,46.95,29.08,24.1,5.9,1.86,11.96,2.28,22.78,,,,,,65.75,1.15,309.25,0.0,0.0,16.0,,
2024-10-24 23:00:00,34.0,153.5,3.8,35.15,21.78,22.88,4.72,1.57,12.35,2.4,21.4,,,,,,67.0,1.08,299.0,0.0,0.0,16.0,,
2024-10-25 00:00:00,20.5,94.5,5.0,24.05,16.88,18.6,3.4,1.14,12.25,2.2,19.2,,,,,,67.75,1.3,337.25,0.0,0.0,16.0,,
2024-10-25 01:00:00,15.0,66.0,4.53,17.62,13.05,16.58,3.15,0.94,14.55,1.85,16.82,,,,,,67.75,1.52,339.33,0.0,0.0,16.0,,
2024-10-25 02:00:00,10.75,40.5,4.28,17.02,12.55,16.05,1.6,0.8,14.57,1.55,14.6,,,,,,67.5,1.65,342.5,0.0,0.0,16.0,,
2024-10-25 03:00:00,7.25,43.25,4.0,16.08,11.78,18.98,,0.7,23.91,1.35,13.12,,,,,,67.0,1.95,340.0,0.0,0.0,16.0,,
2024-10-25 04:00:00,8.0,37.0,1.65,14.18,8.85,32.33,3.77,0.63,13.18,1.3,12.58,,,,,,65.5,1.52,341.25,0.0,0.0,16.0,,
2024-10-25 05:00:00,8.0,36.0,4.97,17.15,13.25,39.22,4.9,0.62,8.77,1.45,12.3,,,,,,64.25,1.45,321.75,0.0,0.0,16.0,,
2024-10-25 06:00:00,9.25,44.25,,18.02,15.12,40.67,,0.63,8.92,1.48,11.95,,,,,,64.25,1.4,310.25,0.0,0.0,33.75,,
2024-10-25 07:00:00,13.0,52.0,11.8,16.0,16.05,32.02,,0.7,9.95,1.52,11.1,,,,,,64.25,1.38,316.0,0.0,0.0,108.5,,
2024-10-25 08:00:00,14.75,61.5,10.28,14.85,16.27,17.15,5.95,0.88,15.19,1.4,9.43,,,,,,66.5,1.45,298.5,0.0,0.0,187.75,,
2024-10-25 09:00:00,21.75,88.75,6.62,18.92,15.45,16.08,7.7,0.97,24.4,1.52,8.82,,,,,,66.25,1.45,278.75,0.0,0.0,286.25,,
2024-10-25 10:00:00,26.5,107.75,4.3,16.82,12.45,17.6,6.47,0.94,35.62,1.5,8.22,,,,,,67.5,1.3,278.75,0.0,0.0,314.25,,
2024-10-25 11:00:00,24.5,97.75,3.93,15.23,11.33,20.77,7.7,0.85,46.55,1.4,8.72,,,,,,66.0,1.42,271.5,0.0,0.0,370.5,,
2024-10-25 12:00:00,22.0,105.75,2.9,13.13,9.37,19.93,6.62,0.76,52.43,1.23,8.9,,,,,,66.5,0.9,259.0,0.0,0.0,357.75,,
2024-10-25 13:00:00,18.75,101.0,3.02,13.35,9.52,19.2,6.18,0.74,69.38,1.2,8.82,,,,,,67.0,0.9,275.0,0.0,0.0,313.75,,
2024-10-25 14:00:00,18.25,90.75,2.78,12.92,9.12,20.68,3.4,0.69,63.56,1.1,8.9,,,,,,64.75,0.92,278.5,0.0,0.0,258.75,,
2024-10-25 15:00:00,19.0,96.75,2.35,12.78,8.68,21.12,2.05,0.63,60.47,1.1,8.6,,,,,,65.75,0.57,286.25,0.0,0.0,191.5,,
2024-10-25 16:00:00,19.25,101.0,3.25,15.08,10.72,18.3,2.5,0.7,57.53,1.1,10.18,,,,,,66.25,1.05,289.75,0.0,0.0,86.75,,
2024-10-25 17:00:00,19.0,100.5,2.55,20.05,12.75,19.02,2.1,0.73,44.39,1.32,9.85,,,,,,66.0,1.88,290.0,0.0,0.0,24.75,,
2024-10-25 18:00:00,17.5,84.25,2.6,25.02,15.5,19.3,5.08,0.84,34.06,1.38,9.18,,,,,,66.0,1.72,284.75,0.0,0.0,16.0,,
2024-10-25 19:00:00,22.75,99.0,3.18,29.68,18.38,20.9,8.12,1.1,26.61,1.68,8.9,,,,,,65.75,1.48,286.75,0.0,0.0,16.0,,
2024-10-25 20:00:00,26.5,115.0,3.65,33.12,20.58,22.2,4.97,1.22,21.85,1.82,9.48,,,,,,65.75,1.48,289.0,0.0,0.0,16.0,,
2024-10-25 21:00:00,28.75,113.25,2.55,28.25,17.08,23.02,2.55,1.13,32.14,1.82,8.93,,,,,,65.75,2.2,297.5,0.0,0.0,16.0,,
2024-10-25 22:00:00,20.5,95.0,3.3,24.52,15.73,23.05,5.12,1.04,34.3,1.62,7.82,,,,,,66.0,2.4,307.0,0.0,0.0,16.0,,
2024-10-25 23:00:00,14.0,74.25,1.98,21.1,12.9,21.48,5.6,0.83,28.72,1.55,7.35,,,,,,65.25,2.5,309.25,0.0,0.0,16.0,,
2024-10-26 00:00:00,7.5,43.0,2.72,15.12,10.3,17.65,3.32,0.76,25.19,1.35,6.52,,,,,,66.5,2.15,300.5,0.0,0.0,16.0,,
2024-10-26 01:00:00,6.75,29.25,3.08,13.28,9.57,16.27,3.75,0.68,19.01,1.23,5.95,,,,,,66.5,1.9,295.75,0.0,0.0,16.0,,
2024-10-26 02:00:00,9.0,33.75,3.35,12.2,9.2,15.5,4.47,0.64,19.8,1.05,5.5,,,,,,67.5,1.62,281.25,0.0,0.0,16.0,,
2024-10-26 03:00:00,9.0,35.75,4.68,11.22,9.72,17.45,5.05,0.68,24.44,0.95,5.28,,,,,,67.0,1.15,288.5,0.0,0.0,16.0,,
2024-10-26 04:00:00,11.0,39.5,3.32,18.62,12.6,16.12,4.28,0.68,13.52,0.95,6.3,,,,,,67.5,1.0,306.0,0.0,0.0,16.0,,
2024-10-26 05:00:00,16.67,55.0,4.6,17.52,13.08,16.95,3.15,0.7,13.04,1.02,6.35,,,,,,67.25,1.05,296.0,0.0,0.0,16.0,,
2024-10-26 06:00:00,17.75,68.75,5.32,19.02,14.42,17.08,3.1,0.78,12.1,1.18,7.08,,,,,,67.25,0.82,304.5,0.0,0.0,34.75,,
2024-10-26 07:00:00,24.5,98.0,5.28,18.75,14.3,19.48,4.53,0.81,11.81,1.42,7.1,,,,,,66.75,0.95,281.0,0.0,0.0,122.25,,
2024-10-26 08:00:00,30.25,122.75,6.32,21.0,16.32,17.95,6.2,0.91,23.71,1.52,6.9,,,,,,68.0,1.1,288.75,0.0,0.0,234.25,,
2024-10-26 09:00:00,32.75,138.0,3.22,19.12,12.77,17.1,6.3,0.89,41.5,1.55,6.88,,,,,,67.5,1.7,260.5,0.0,0.0,337.0,,
2024-10-26 10:00:00,28.75,121.5,5.08,20.75,15.12,18.5,4.73,1.55,46.7,1.5,6.75,,,,,,67.25,1.45,273.5,0.0,0.0,407.25,,
2024-10-26 11:00:00,28.0,112.0,7.07,20.53,16.7,22.03,7.07,1.94,49.24,1.38,6.62,,,,,,67.0,1.6,259.25,0.0,0.0,440.75,,
2024-10-26 12:00:00,27.25,102.25,6.6,24.53,18.43,26.6,6.32,2.27,53.02,1.27,7.9,,,,,,65.75,1.38,279.5,0.0,0.0,430.25,,
2024-10-26 13:00:00,24.33,119.33,2.95,19.88,13.02,22.8,3.8,1.86,58.26,1.2,8.0,,,,,,64.5,1.3,268.75,0.0,0.0,391.25,,
2024-10-26 14:00:00,23.5,122.75,2.52,15.58,10.32,23.98,5.57,1.2,60.08,1.15,7.58,,,,,,64.25,1.55,247.75,0.0,0.0,285.25,,
2024-10-26 15:00:00,25.5,123.0,1.92,12.45,8.2,21.95,5.05,0.85,62.53,1.15,6.88,,,,,,65.75,1.45,265.5,0.0,0.0,192.5,,
2024-10-26 16:00:00,25.75,118.5,2.98,14.28,10.02,20.42,4.6,0.71,63.94,1.12,7.18,,,,,,65.75,1.78,320.5,0.0,0.0,75.25,,
2024-10-26 17:00:00,25.0,128.0,2.7,17.58,11.52,20.12,4.0,0.66,56.89,1.2,8.18,,,,,,66.25,1.12,302.5,0.0,0.0,20.75,,
2024-10-26 18:00:00,32.75,142.0,3.05,20.92,13.65,20.2,5.95,0.77,51.65,1.45,7.72,,,,,,66.0,1.23,294.5,0.0,0.0,16.0,,
2024-10-26 19:00:00,29.25,140.75,3.82,23.25,15.5,22.75,8.85,0.84,43.71,1.68,7.68,,,,,,66.0,0.92,297.25,0.0,0.0,16.0,,
2024-10-26 20:00:00,27.25,133.75,2.33,22.3,13.8,23.25,5.42,0.83,43.9,1.58,7.35,,,,,,65.0,1.62,284.5,0.0,0.0,16.0,,
2024-10-26 21:00:00,20.5,97.5,2.82,22.65,14.38,23.4,3.15,0.89,42.58,1.52,7.02,,,,,,65.0,1.55,296.5,0.0,0.0,16.0,,
2024-10-26 22:00:00,26.5,103.25,2.2,26.12,15.68,24.2,3.2,0.9,35.42,1.58,7.22,,,,,,65.25,1.7,312.0,0.0,0.0,16.0,,
2024-10-26 23:00:00,28.75,113.75,2.62,27.85,17.0,23.3,3.0,0.89,32.05,1.75,7.55,,,,,,65.5,1.55,302.0,0.0,0.0,16.0,,
2024-10-27 00:00:00,21.5,103.0,3.28,23.3,15.08,20.12,5.1,0.95,30.67,1.72,7.05,,,,,,65.75,1.27,308.25,0.0,0.0,16.0,,
2024-10-27 01:00:00,19.75,88.25,3.4,21.88,14.45,19.1,6.88,0.87,22.74,1.7,6.6,,,,,,66.75,0.82,308.0,0.0,0.0,16.0,,
2024-10-27 02:00:00,18.5,80.25,4.05,30.75,19.62,19.73,7.85,0.86,24.5,1.52,6.62,,,,,,66.5,1.48,305.0,0.0,0.0,16.0,,
2024-10-27 03:00:00,16.75,81.5,1.93,20.4,11.72,31.05,10.22,0.77,23.59,1.55,6.32,,,,,,66.0,1.65,282.25,0.0,0.0,16.0,,
2024-10-27 04:00:00,16.75,85.0,3.1,19.75,13.77,38.65,11.0,0.72,20.43,1.7,6.55,,,,,,63.25,1.25,307.25,0.0,0.0,16.0,,
2024-10-27 05:00:00,21.0,95.0,,22.75,16.12,40.85,,0.76,14.85,1.75,6.92,,,,,,64.75,0.88,306.5,0.0,0.0,16.0,,
2024-10-27 06:00:00,28.0,116.25,6.47,29.28,20.88,42.92,6.03,0.83,12.69,2.02,7.55,,,,,,63.75,1.18,309.75,0.0,0.0,38.0,,
2024-10-27 07:00:00,32.0,149.0,,26.38,20.4,44.85,,0.89,17.4,2.15,8.0,,,,,,63.5,1.18,274.75,0.0,0.0,126.25,,
2024-10-27 08:00:00,34.5,160.25,,24.52,18.95,46.5,,0.88,27.49,2.32,8.18,,,,,,63.0,1.4,276.75,0.0,0.0,193.0,,
2024-10-27 09:00:00,33.0,146.5,,27.72,21.05,46.15,,0.97,36.94,2.32,8.15,,,,,,62.5,1.27,289.5,0.0,0.0,323.75,,
2024-10-27 10:00:00,33.5,140.5,8.7,27.55,20.95,45.72,,1.59,49.83,2.38,8.15,,,,,,63.75,1.05,289.0,0.0,0.0,390.0,,
2024-10-27 11:00:00,31.0,135.5,10.0,21.3,19.5,26.5,7.93,2.05,54.1,1.9,6.98,,,,,,65.25,1.2,279.75,0.0,0.0,401.5,,
2024-10-27 12:00:00,23.25,109.75,7.5,22.23,17.97,25.5,3.13,2.29,55.86,1.58,6.1,,,,,,65.25,1.25,286.75,0.0,0.0,311.0,,
2024-10-27 13:00:00,23.5,112.25,3.8,17.73,12.52,20.23,0.93,1.92,59.0,1.42,5.58,,,,,,66.25,1.02,256.25,0.0,0.0,230.25,,
2024-10-27 14:00:00,24.25,103.25,4.3,15.68,11.82,21.42,2.48,1.53,78.89,1.35,5.38,,,,,,64.75,1.35,335.25,0.0,0.0,162.25,,
2024-10-27 15:00:00,30.25,126.75,2.78,16.82,11.2,24.52,4.92,1.1,76.34,1.42,5.32,,,,,,65.0,1.82,347.75,0.0,0.0,180.5,,
2024-10-27 16:00:00,25.5,117.75,2.1,16.5,10.45,23.88,4.85,0.83,57.77,1.2,4.72,,,,,,63.75,1.5,292.5,0.0,0.0,78.5,,
2024-10-27 17:00:00,21.0,111.75,3.48,19.08,12.95,23.0,4.88,0.76,44.1,1.1,4.22,,,,,,65.0,0.78,251.75,0.0,0.0,20.75,,
2024-10-27 18:00:00,34.0,150.75,6.38,38.78,25.8,25.1,7.18,0.8,20.53,1.25,5.08,,,,,,64.25,0.32,277.25,0.0,0.0,16.0,,
2024-10-27 19:00:00,44.5,176.75,9.18,46.4,32.12,25.6,6.9,0.94,12.0,1.52,6.88,,,,,,66.5,0.3,334.5,0.0,0.0,16.0,,
2024-10-27 20:00:00,41.5,176.25,7.9,33.67,24.35,24.4,3.3,1.09,19.8,1.78,7.45,,,,,,65.5,0.3,314.25,0.0,0.0,16.0,,
2024-10-27 21:00:00,44.0,195.0,8.48,25.95,20.72,22.38,2.55,1.04,27.34,1.78,7.15,,,,,,66.25,0.3,308.25,0.0,0.0,16.0,,
2024-10-27 22:00:00,35.5,158.0,7.72,25.08,19.62,22.05,2.42,1.03,26.95,1.82,7.6,,,,,,65.5,0.35,290.75,0.0,0.0,16.0,,
2024-10-27 23:00:00,26.75,119.0,6.5,23.7,17.95,18.5,0.87,0.94,32.1,1.8,7.58,,,,,,66.5,0.48,291.25,0.0,0.0,16.0,,
2024-10-28 00:00:00,23.25,91.75,4.98,28.65,19.25,18.45,2.8,0.99,29.45,1.68,6.88,,,,,,67.25,0.43,285.25,0.0,0.0,16.0,,
2024-10-28 01:00:00,24.0,92.5,3.92,28.62,18.4,18.77,2.35,0.97,31.02,1.55,6.35,,,,,,67.5,0.4,281.0,0.0,0.0,16.0,,
2024-10-28 02:00:00,23.5,96.5,4.32,27.6,18.2,19.85,3.4,0.89,32.27,1.5,6.12,,,,,,67.75,0.3,268.25,0.0,0.0,16.0,,
2024-10-28 03:00:00,22.75,92.25,3.7,21.7,14.52,19.45,7.0,0.87,25.35,1.48,6.1,,,,,,67.25,0.3,265.0,0.0,0.0,16.0,,
2024-10-28 04:00:00,26.0,95.5,5.0,25.52,17.65,19.15,5.95,1.02,11.08,1.7,7.2,,,,,,68.0,0.3,250.75,0.0,0.0,16.0,,
2024-10-28 05:00:00,31.5,136.75,7.15,27.02,20.18,19.9,7.28,1.16,9.6,2.0,7.78,,,,,,67.75,0.48,322.0,0.0,0.0,16.0,,
2024-10-28 06:00:00,37.5,152.5,6.9,21.95,17.32,20.8,11.35,1.12,14.06,2.02,7.48,,,,,,68.5,0.57,287.5,0.0,0.0,31.5,,
2024-10-28 07:00:00,33.75,143.5,6.75,23.12,17.75,20.95,7.6,1.14,22.93,1.9,7.1,,,,,,67.5,0.8,276.75,0.0,0.0,110.5,,
2024-10-28 08:00:00,36.75,159.25,5.78,25.42,18.2,21.1,4.08,1.14,32.78,1.9,6.92,,,,,,66.0,1.25,285.25,0.0,0.0,218.75,,
2024-10-28 09:00:00,36.75,159.0,3.45,24.85,16.0,21.8,3.4,1.08,49.0,1.92,6.9,,,,,,66.0,2.38,299.25,0.0,0.0,319.25,,
2024-10-28 10:00:00,29.75,138.75,3.28,26.2,16.58,24.68,5.67,1.54,64.44,1.88,6.48,,,,,,65.5,1.55,286.5,0.0,0.0,384.0,,
2024-10-28 11:00:00,29.0,139.25,4.13,27.5,18.0,21.05,5.23,1.76,75.02,1.75,6.0,,,,,,67.0,1.48,283.5,0.0,0.0,397.0,,
2024-10-28 12:00:00,27.75,132.25,4.23,26.27,17.4,25.23,1.98,1.76,67.33,1.62,5.6,,,,,,66.0,2.12,286.5,0.0,0.0,212.5,,
2024-10-28 13:00:00,24.75,124.75,2.65,19.23,12.38,21.22,0.5,1.2,61.25,1.5,5.72,,,,,,66.0,2.28,326.75,0.0,0.0,158.25,,
2024-10-28 14:00:00,26.0,116.5,3.42,17.32,12.02,22.65,5.03,0.93,61.94,1.35,5.8,,,,,,66.25,1.75,324.67,0.0,0.0,102.75,,
2024-10-28 15:00:00,25.75,120.0,2.48,16.18,10.6,29.78,13.55,0.73,65.66,1.25,5.58,,,,,,64.75,2.52,305.5,0.0,0.0,174.75,,
2024-10-28 16:00:00,31.75,133.75,2.4,13.52,9.15,29.38,10.62,0.55,58.26,1.1,4.95,,,,,,64.75,2.55,295.5,0.0,0.0,94.0,,
2024-10-28 17:00:00,22.75,100.0,2.22,15.15,9.82,28.1,5.8,0.51,66.64,1.1,4.68,,,,,,65.25,2.6,291.5,0.0,0.0,23.5,,
2024-10-28 18:00:00,16.25,89.5,2.68,15.95,10.68,26.42,5.9,0.49,57.14,1.18,4.92,,,,,,64.25,2.33,290.75,0.0,0.0,16.0,,
2024-10-28 19:00:00,17.25,84.75,2.9,22.12,14.12,21.98,4.15,0.62,38.42,1.35,5.35,,,,,,65.75,1.95,287.5,0.0,0.0,16.0,,
2024-10-28 20:00:00,17.75,81.5,2.88,23.32,14.7,20.65,5.92,0.7,35.96,1.4,5.35,,,,,,66.0,2.15,289.0,0.0,0.0,16.0,,
2024-10-28 21:00:00,18.5,76.5,3.72,20.78,14.05,20.25,6.6,0.7,39.1,1.32,5.12,,,,,,66.25,1.72,288.0,0.0,0.0,16.0,,
2024-10-28 22:00:00,21.75,83.75,3.53,20.85,13.95,23.6,7.42,0.88,41.6,1.45,5.78,,,,,,66.0,1.68,298.25,0.0,0.0,16.0,,
2024-10-28 23:00:00,17.75,79.0,3.05,18.68,12.42,23.98,7.7,0.91,38.71,1.35,5.43,,,,,,66.75,1.23,296.25,0.0,0.0,16.0,,
2024-10-29 00:00:00,16.0,64.0,3.22,17.42,11.85,23.7,6.48,0.83,33.56,1.23,5.2,,,,,,65.75,0.98,310.25,0.0,0.0,16.0,,
2024-10-29 01:00:00,13.0,54.5,3.05,17.98,12.1,23.3,4.2,0.78,28.86,1.18,4.9,,,,,,66.25,0.88,310.25,0.0,0.0,16.0,,
2024-10-29 02:00:00,12.75,49.25,2.77,28.8,16.95,21.9,3.15,0.69,20.19,1.18,5.03,,,,,,67.25,0.52,272.75,0.0,0.0,16.0,,
2024-10-29 03:00:00,12.0,38.5,3.7,29.58,18.73,21.45,1.38,0.66,25.61,1.1,4.8,,,,,,67.5,0.52,322.33,0.0,0.0,16.0,,
2024-10-29 04:00:00,14.0,49.75,4.45,24.75,16.77,20.4,1.05,0.66,16.02,1.1,5.08,,,,,,67.0,0.48,307.67,0.0,0.0,16.0,,
2024-10-29 05:00:00,18.5,77.5,4.7,20.0,14.48,21.0,1.0,0.68,17.25,1.3,6.6,,,,,,67.5,1.0,313.25,0.0,0.0,16.0,,
2024-10-29 06:00:00,14.5,70.0,4.68,18.5,13.58,20.92,0.3,0.66,22.15,1.25,5.82,,,,,,67.0,1.38,322.75,0.0,0.0,27.0,,
2024-10-29 07:00:00,16.67,63.0,1.82,22.32,13.38,34.45,1.33,0.73,13.13,1.4,5.98,,,,,,64.5,1.68,293.75,0.0,0.0,41.75,,
2024-10-29 08:00:00,18.25,71.25,4.62,22.22,15.58,41.0,5.3,0.81,22.05,1.55,5.92,,,,,,64.5,1.7,297.0,0.0,0.0,96.75,,
2024-10-29 09:00:00,18.75,78.0,3.6,20.55,13.88,41.5,8.18,0.86,26.26,1.52,5.75,,,,,,63.25,2.2,310.25,0.0,0.0,206.25,,
2024-10-29 10:00:00,16.75,77.0,8.05,19.73,17.12,26.05,5.53,1.48,38.22,1.35,5.32,,,,,,65.5,2.22,299.75,0.0,0.0,346.25,,
2024-10-29 11:00:00,12.75,72.0,6.7,20.67,16.43,22.18,4.9,1.63,46.01,1.12,4.55,,,,,,65.75,2.12,324.75,0.0,0.0,337.0,,
2024-10-29 12:00:00,13.75,67.0,6.77,25.1,18.87,23.83,3.15,1.84,45.52,1.1,4.1,,,,,,65.25,1.65,331.75,0.0,0.0,252.0,,
2024-10-29 13:00:00,18.5,69.0,3.9,21.58,14.65,20.72,1.45,1.47,48.36,1.05,4.08,,,,,,65.5,2.15,306.75,0.0,0.0,369.0,,
2024-10-29 14:00:00,17.25,67.0,2.62,16.02,10.62,23.78,5.38,1.16,52.28,0.95,3.8,,,,,,65.5,2.8,295.5,0.0,0.0,298.5,,
2024-10-29 15:00:00,18.5,70.75,2.33,15.95,10.38,25.6,7.28,0.86,51.3,0.87,3.62,,,,,,65.25,2.42,295.0,0.0,0.0,143.5,,
2024-10-29 16:00:00,20.75,73.25,3.25,14.8,10.52,25.1,7.6,0.75,41.75,0.9,3.82,,,,,,65.5,1.5,309.5,0.0,0.0,45.25,,
2024-10-29 17:00:00,24.0,80.25,2.75,16.95,11.28,25.45,6.55,0.76,49.1,0.98,6.35,,,,,,64.5,0.98,302.33,0.0,0.0,20.75,,
2024-10-29 18:00:00,27.5,101.0,2.75,24.78,15.45,24.0,8.98,0.84,35.52,1.3,8.93,,,,,,66.75,0.5,275.75,0.0,0.0,16.0,,
2024-10-29 19:00:00,28.5,104.25,4.2,32.67,20.78,21.85,9.22,1.1,21.02,1.82,11.48,,,,,,66.75,1.38,288.75,0.0,0.0,16.0,,
2024-10-29 20:00:00,25.25,94.5,3.82,32.55,20.42,20.52,8.57,1.18,19.8,1.9,10.58,,,,,,66.25,1.8,290.5,0.0,0.0,16.0,,
2024-10-29 21:00:00,19.25,86.75,4.18,28.0,18.27,19.9,9.02,1.13,22.3,1.92,10.0,,,,,,66.25,1.45,290.25,0.0,0.0,16.0,,
2024-10-29 22:00:00,17.5,77.25,3.5,21.88,14.5,20.27,8.2,1.09,26.07,1.55,8.9,,,,,,66.5,0.52,300.75,0.0,0.0,16.0,,
2024-10-29 23:00:00,18.25,76.0,4.05,19.92,13.9,21.02,6.7,1.02,26.9,1.48,7.98,,,,,,66.25,0.85,285.0,0.0,0.0,16.0,,
2024-10-30 00:00:00,17.75,79.25,4.05,25.48,16.92,21.52,4.12,1.1,12.64,1.55,8.1,,,,,,66.25,0.38,356.0,0.0,0.0,16.0,,
2024-10-30 01:00:00,24.5,109.75,5.7,28.32,19.73,23.32,3.0,1.05,7.15,1.72,9.48,,,,,,67.5,0.4,284.0,0.0,0.0,16.0,,
2024-10-30 02:00:00,28.75,115.25,6.25,22.48,17.0,20.95,3.48,0.93,9.6,1.8,9.18,,,,,,67.25,0.45,285.25,0.0,0.0,16.0,,
2024-10-30 03:00:00,27.0,103.0,6.0,21.55,16.33,20.45,2.75,0.87,14.83,1.7,8.72,,,,,,67.0,0.68,258.5,0.0,0.0,16.0,,
2024-10-30 04:00:00,22.5,85.25,5.6,17.35,13.78,18.3,5.55,0.75,20.24,1.6,7.92,,,,,,68.0,0.4,245.5,0.0,0.0,16.0,,
2024-10-30 05:00:00,18.5,67.5,4.42,18.77,13.6,17.92,8.57,0.71,19.99,1.52,7.55,,,,,,68.25,0.48,330.0,0.0,0.0,16.0,,
2024-10-30 06:00:00,21.0,72.5,4.22,20.58,14.4,18.08,7.08,0.78,16.07,1.5,7.4,,,,,,67.25,0.32,226.0,0.0,0.0,18.5,,
2024-10-30 07:00:00,25.75,97.0,5.88,24.52,17.82,18.38,4.08,0.94,16.71,1.62,7.38,,,,,,68.25,0.43,280.0,0.0,0.0,84.75,,
2024-10-30 08:00:00,30.5,111.75,4.62,21.58,15.2,18.85,4.2,0.94,32.24,1.65,7.48,,,,,,68.0,1.18,283.0,0.0,0.0,212.0,,
2024-10-30 09:00:00,28.5,105.75,3.98,19.5,13.52,19.0,4.47,0.96,43.76,1.58,7.2,,,,,,67.5,1.15,297.0,0.0,0.0,236.0,,
2024-10-30 10:00:00,25.0,87.75,4.8,22.98,16.1,21.88,5.3,1.51,45.32,1.38,6.88,,,,,,66.75,1.7,298.0,0.0,0.0,224.0,,
2024-10-30 11:00:00,19.75,86.25,5.33,25.57,17.93,23.13,7.6,1.85,46.89,1.4,7.25,,,,,,66.5,1.15,305.75,0.0,0.0,138.5,,
2024-10-30 12:00:00,20.5,91.75,2.0,26.2,15.53,28.23,5.42,1.8,43.36,1.25,6.35,,,,,,65.75,2.5,315.75,7.5,7.5,26.5,,
2024-10-30 13:00:00,12.75,52.75,3.5,22.5,13.92,27.52,4.8,0.97,32.53,1.95,6.85,,,,,,65.5,1.88,316.25,1.25,1.25,39.25,,
2024-10-30 14:00:00,5.25,35.0,6.42,28.62,20.42,19.05,5.18,0.94,26.16,1.88,6.68,,,,,,67.5,1.18,311.25,0.0,0.0,79.75,,
2024-10-30 15:00:00,13.5,57.5,3.88,19.58,13.58,17.18,5.42,0.74,31.56,1.6,6.7,,,,,,67.5,1.02,308.25,0.0,0.0,81.5,,
2024-10-30 16:00:00,16.75,63.25,3.38,20.12,13.48,16.67,7.1,0.64,34.3,1.65,7.15,,,,,,68.5,1.15,293.25,0.0,0.0,52.5,,
2024-10-30 17:00:00,15.25,73.75,3.25,23.55,15.18,20.95,7.3,0.77,27.98,1.4,7.62,,,,,,67.25,0.5,286.0,0.0,0.0,18.0,,
2024-10-30 18:00:00,22.5,94.75,3.42,34.0,20.88,33.75,7.35,1.16,9.9,1.95,9.12,,,,,,66.25,0.3,260.5,0.0,0.0,16.0,,
2024-10-30 19:00:00,36.75,145.0,17.92,40.92,36.33,40.83,8.68,1.86,9.85,2.68,11.62,,,,,,65.0,0.32,298.33,0.0,0.0,16.0,,
2024-10-30 20:00:00,82.5,323.0,35.52,41.9,51.15,44.35,10.22,2.5,13.33,3.68,14.42,,,,,,65.5,0.35,328.0,0.0,0.0,16.0,,
2024-10-30 21:00:00,118.0,476.75,57.9,43.8,70.38,41.92,15.0,2.89,15.88,4.02,12.12,,,,,,65.25,0.3,284.0,0.0,0.0,16.0,,
2024-10-30 22:00:00,162.0,632.0,76.97,42.6,85.22,33.5,13.22,3.23,20.78,3.58,15.2,,,,,,67.0,0.3,292.5,0.0,0.0,16.0,,
2024-10-30 23:00:00,166.0,531.0,69.55,42.0,78.9,31.68,10.45,2.91,15.78,3.48,15.28,,,,,,67.25,0.3,,0.0,0.0,16.0,,
2024-10-31 00:00:00,116.25,468.25,51.88,35.4,61.05,28.52,9.42,2.14,11.96,3.15,14.05,,,,,,68.0,0.3,,0.0,0.0,16.0,,
2024-10-31 01:00:00,58.0,243.5,39.42,34.92,50.6,29.78,10.48,1.91,8.57,2.8,12.88,,,,,,67.5,0.3,,0.0,0.0,16.0,,
2024-10-31 02:00:00,35.75,137.25,38.25,37.55,51.05,41.75,7.0,1.86,5.49,3.18,14.08,,,,,,65.5,0.3,170.0,0.0,0.0,16.0,,
2024-10-31 03:00:00,36.75,139.5,33.78,33.98,45.52,47.62,3.75,1.71,7.58,3.3,14.28,,,,,,65.75,0.3,161.0,0.0,0.0,16.0,,
2024-10-31 04:00:00,24.0,109.0,27.82,28.48,37.72,42.4,2.55,1.51,7.15,3.2,13.7,,,,,,64.0,0.3,164.5,0.0,0.0,16.0,,
2024-10-31 05:00:00,23.75,83.75,25.78,23.08,33.25,31.58,1.4,1.28,6.71,2.9,13.0,,,,,,65.75,0.32,214.0,0.0,0.0,16.0,,
2024-10-31 06:00:00,23.5,78.75,23.18,20.7,29.85,22.68,2.35,1.2,9.02,2.42,11.82,,,,,,67.25,0.3,249.0,0.0,0.0,33.25,,
2024-10-31 07:00:00,24.25,82.75,20.23,20.02,27.08,21.62,3.72,1.08,12.15,2.25,11.25,,,,,,68.25,0.35,348.0,0.0,0.0,120.0,,
2024-10-31 08:00:00,26.0,105.0,15.65,17.88,22.2,20.25,5.45,1.02,19.06,2.12,9.9,,,,,,68.5,0.45,307.75,0.0,0.0,227.0,,
2024-10-31 09:00:00,30.67,100.5,9.4,18.12,17.25,19.1,6.75,1.1,29.89,1.88,9.02,,,,,,67.25,0.5,288.5,0.0,0.0,143.0,,
2024-10-31 10:00:00,25.25,103.0,11.25,20.1,19.85,32.3,9.0,1.64,25.04,1.95,9.12,,,,,,66.25,0.32,322.67,0.0,0.0,116.25,,
2024-10-31 11:00:00,28.75,127.75,17.5,21.9,25.83,40.08,14.83,2.0,24.6,2.2,9.8,,,,,,64.5,1.02,328.0,0.0,0.0,124.5,,
2024-10-31 12:00:00,27.25,127.25,17.63,23.93,27.07,44.9,8.07,2.1,29.06,2.02,9.05,,,,,,64.0,1.6,338.75,0.0,0.0,390.75,,
2024-10-31 13:00:00,23.75,88.5,12.0,19.4,20.12,23.02,3.3,1.48,24.21,1.68,7.65,,,,,,64.75,1.98,331.75,0.0,0.0,427.75,,
2024-10-31 14:00:00,20.5,81.25,6.68,14.58,13.18,15.62,6.22,1.01,20.92,1.18,5.85,,,,,,66.25,2.05,355.25,0.0,0.0,266.0,,
2024-10-31 15:00:00,19.75,78.5,4.1,9.95,8.6,13.88,6.8,0.73,20.14,0.95,4.8,,,,,,65.25,2.1,334.0,0.0,0.0,220.75,,
2024-10-31 16:00:00,12.5,42.5,3.48,9.45,7.88,12.7,4.1,0.7,20.92,0.72,4.02,,,,,,66.25,1.98,312.25,0.0,0.0,91.5,,
2024-10-31 17:00:00,13.75,58.25,4.58,11.2,9.68,14.58,6.15,0.77,19.99,0.68,3.7,,,,,,65.75,1.45,316.75,0.0,0.0,17.75,,
2024-10-31 18:00:00,63.75,92.0,12.82,20.9,21.5,19.75,10.07,0.75,20.38,0.7,3.9,,,,,,66.5,0.85,323.5,0.0,0.0,16.0,,
2024-10-31 19:00:00,246.0,,35.4,28.9,44.18,28.35,40.83,0.78,25.97,0.98,4.1,,,,,,67.25,0.92,326.67,0.0,0.0,16.0,,
2024-10-31 20:00:00,406.75,,44.7,29.68,52.08,29.95,37.58,0.79,25.72,1.0,4.18,,,,,,65.5,0.72,329.0,0.0,0.0,16.0,,
2024-10-31 21:00:00,333.5,,34.12,25.7,41.4,23.28,26.45,0.69,15.92,1.2,4.55,,,,,,67.5,0.68,328.75,0.0,0.0,16.0,,
2024-10-31 22:00:00,172.75,,23.28,21.98,30.6,17.8,15.5,0.65,12.4,1.1,4.35,,,,,,69.25,0.45,301.75,0.0,0.0,16.0,,
2024-10-31 23:00:00,73.0,,18.53,19.6,25.5,16.9,10.5,0.62,10.97,1.1,4.3,,,,,,68.67,0.47,288.33,0.0,0.0,16.0,,
2024-11-01 00:00:00,40.25,,13.08,15.58,18.88,15.6,8.48,0.72,12.84,0.98,4.05,,,,,,68.0,0.78,331.0,2.25,2.25,16.0,,
2024-11-01 01:00:00,7.25,,9.17,11.58,13.62,18.73,9.82,0.66,14.7,0.85,3.88,,,,,,67.0,0.45,268.75,0.0,0.0,16.0,,
2024-11-01 02:00:00,5.5,,9.65,12.4,14.45,27.2,8.2,0.68,11.5,1.02,5.1,,,,,,65.75,0.3,,0.0,0.0,16.0,,
2024-11-01 03:00:00,8.25,,10.15,15.12,16.3,33.05,6.55,0.69,8.76,1.23,6.8,,,,,,65.5,0.32,346.0,0.0,0.0,16.0,,
2024-11-01 04:00:00,14.0,,11.1,16.38,17.75,31.45,8.18,0.61,7.54,1.3,7.38,,,,,,65.0,0.3,,0.0,0.0,16.0,,
2024-11-01 05:00:00,19.0,,12.8,12.18,16.92,18.4,8.32,0.56,8.14,1.2,7.08,,,,,,67.25,0.3,336.0,0.0,0.0,16.0,,
2024-11-01 06:00:00,18.0,,11.22,13.0,15.98,15.75,5.03,0.57,9.12,1.2,6.25,,,,,,68.25,0.3,,0.0,0.0,35.0,,
2024-11-01 07:00:00,24.75,,10.6,12.8,15.45,15.62,2.12,0.73,9.9,1.32,6.2,,,,,,68.0,0.3,,0.0,0.0,87.75,,
2024-11-01 08:00:00,25.75,,9.8,13.88,15.32,16.38,6.1,0.88,14.36,1.4,6.3,,,,,,68.25,0.35,330.0,0.0,0.0,118.25,,
2024-11-01 09:00:00,21.0,,6.92,14.38,13.3,22.35,8.18,0.87,17.15,1.5,6.38,,,,,,66.5,0.55,,0.0,0.0,262.5,,
2024-11-01 10:00:00,16.5,,9.65,21.22,19.15,30.88,8.63,1.23,23.86,1.62,6.6,,,,,,65.75,0.82,324.0,0.0,0.0,416.75,,
2024-11-01 11:00:00,13.75,68.0,8.27,24.73,19.93,25.7,8.53,1.34,26.9,1.15,5.68,,,,,,65.25,1.48,341.5,0.0,0.0,217.25,,
2024-11-01 12:00:00,16.5,69.25,8.6,21.7,18.57,25.43,9.95,1.42,28.28,1.18,5.4,,,,,,65.25,1.25,,0.0,0.0,264.5,,
2024-11-01 13:00:00,10.75,66.5,3.85,14.05,10.6,16.12,2.9,1.05,24.35,1.03,5.03,,,,,,65.25,2.25,355.0,0.0,0.0,429.75,,
2024-11-01 14:00:00,14.25,45.5,3.22,10.0,7.95,14.7,4.63,0.62,25.14,0.72,3.85,,,,,,65.25,2.33,355.5,0.0,0.0,353.0,,
2024-11-01 15:00:00,11.5,37.75,3.28,9.57,7.72,14.3,6.42,0.43,21.16,0.55,2.92,,,,,,66.25,2.22,357.0,0.0,0.0,243.75,,
2024-11-01 16:00:00,14.75,26.0,4.38,11.7,9.8,14.02,3.52,0.45,18.96,0.5,2.65,,,,,,67.25,2.05,,0.0,0.0,103.75,,
2024-11-01 17:00:00,5.5,26.75,5.5,18.0,14.08,16.68,4.68,0.46,12.94,0.43,2.45,,,,,,66.5,1.7,,0.0,0.0,19.75,,
2024-11-01 18:00:00,20.5,63.0,9.55,24.55,20.8,17.38,5.22,0.56,9.46,0.57,2.85,,,,,,66.0,1.25,,0.0,0.0,16.0,,
2024-11-01 19:00:00,42.0,144.5,13.2,24.18,23.6,19.88,6.48,0.72,9.06,0.88,3.5,,,,,,65.0,1.12,,0.0,0.0,16.0,,
2024-11-01 20:00:00,60.5,229.75,11.68,22.58,21.5,19.62,7.88,0.71,7.35,0.9,3.85,,,,,,66.75,0.75,358.0,0.0,0.0,16.0,,
2024-11-01 21:00:00,39.0,168.25,12.98,19.45,20.88,16.27,7.0,0.7,7.45,0.98,4.1,,,,,,66.5,1.05,333.0,0.5,0.5,16.0,,
2024-11-01 22:00:00,21.5,105.5,8.57,14.45,14.65,13.72,4.85,0.73,11.96,0.88,4.03,,,,,,66.5,0.45,310.0,0.0,0.0,16.0,,
2024-11-01 23:00:00,16.75,68.0,8.28,17.02,15.78,13.6,3.48,0.84,7.2,0.98,4.42,,,,,,68.0,0.3,303.75,0.0,0.0,16.0,,
2024-11-02 00:00:00,23.25,87.0,8.62,15.8,15.4,14.45,6.18,0.84,8.92,1.23,5.8,,,,,,67.25,0.3,284.5,0.0,0.0,16.0,,
2024-11-02 01:00:00,17.75,69.5,7.35,18.9,16.0,22.7,6.95,0.77,2.2,1.52,7.4,,,,,,65.25,0.38,,0.0,0.0,16.0,,
2024-11-02 02:00:00,14.0,70.75,9.4,21.95,19.38,29.1,4.65,0.61,4.25,1.45,7.35,,,,,,64.5,0.52,,0.0,0.0,16.0,,
2024-11-02 03:00:00,5.0,14.0,9.77,14.92,15.88,33.92,3.6,0.6,6.66,1.32,7.1,,,,,,63.75,0.3,355.0,0.0,0.0,16.0,,
2024-11-02 04:00:00,7.25,24.5,11.3,16.52,17.95,30.92,5.82,0.66,5.29,1.7,8.07,,,,,,64.25,0.32,,0.0,0.0,16.0,,
2024-11-02 05:00:00,14.75,72.75,12.25,15.15,17.98,18.58,6.3,0.78,6.57,1.38,7.0,,,,,,66.5,0.3,230.67,0.0,0.0,16.0,,
2024-11-02 06:00:00,17.75,70.0,12.88,14.72,18.3,16.7,3.48,0.86,5.98,1.3,6.8,,,,,,67.0,0.32,291.0,0.0,0.0,21.25,,
2024-11-02 07:00:00,20.5,76.25,12.88,16.1,19.02,16.6,0.63,0.94,6.62,1.4,6.6,,,,,,68.0,0.48,,2.25,2.25,57.0,,
2024-11-02 08:00:00,18.25,67.5,9.27,14.68,15.32,15.25,4.55,0.7,11.27,1.3,5.78,,,,,,66.5,1.48,,14.5,14.5,114.0,,
2024-11-02 09:00:00,8.0,14.75,7.22,13.65,13.15,16.17,8.72,0.69,17.15,1.15,4.95,,,,,,67.25,0.7,,0.0,0.0,392.75,,
2024-11-02 10:00:00,10.25,22.25,9.93,15.92,16.55,19.95,13.17,1.19,13.62,1.3,5.35,,,,,,66.5,1.12,,0.0,0.0,450.0,,
2024-11-02 11:00:00,7.5,19.0,11.83,13.47,16.83,19.87,14.93,1.39,12.2,1.2,6.22,,,,,,66.25,1.92,357.5,0.0,0.0,479.0,,
2024-11-02 12:00:00,5.67,16.75,11.27,9.17,14.03,19.77,7.28,1.39,10.78,0.95,5.4,,,,,,65.5,1.9,341.5,0.0,0.0,385.0,,
2024-11-02 13:00:00,4.5,18.5,6.57,8.22,9.78,15.02,2.42,0.78,13.03,0.88,5.28,,,,,,66.5,1.75,,0.0,0.0,209.75,,
2024-11-02 14:00:00,3.75,17.75,3.88,5.95,6.3,13.22,3.12,0.48,14.07,0.68,5.05,,,,,,66.5,2.08,,0.0,0.0,338.5,,
2024-11-02 15:00:00,6.5,20.5,3.82,5.68,6.15,13.05,3.35,0.28,15.09,0.55,4.45,,,,,,65.75,2.22,,0.0,0.0,240.5,,
2024-11-02 16:00:00,9.5,22.75,4.58,7.35,7.6,13.8,7.22,0.28,14.11,0.5,4.18,,,,,,65.25,1.95,,0.0,0.0,94.25,,
2024-11-02 17:00:00,11.75,28.5,4.25,8.78,8.1,15.6,8.18,0.54,11.08,0.6,4.45,,,,,,65.75,1.65,,0.0,0.0,19.0,,
2024-11-02 18:00:00,6.0,41.75,4.02,9.95,8.52,16.23,7.68,0.73,9.41,0.85,5.4,,,,,,66.25,1.4,,0.0,0.0,16.0,,
2024-11-02 19:00:00,11.0,57.5,5.05,11.58,10.27,16.58,8.72,0.84,7.99,1.1,5.75,,,,,,66.25,0.7,325.0,0.0,0.0,16.0,,
2024-11-02 20:00:00,21.5,102.25,8.93,15.0,15.25,17.9,6.55,0.88,4.9,1.27,6.45,,,,,,66.75,0.35,327.33,0.0,0.0,16.0,,
2024-11-02 21:00:00,34.0,156.0,9.2,14.42,15.2,14.5,4.05,0.97,5.74,1.35,6.48,,,,,,68.5,0.3,318.0,0.0,0.0,16.0,,
2024-11-02 22:00:00,26.75,106.5,11.58,14.7,17.23,14.4,4.12,1.03,5.39,1.58,7.58,,,,,,67.75,0.32,312.5,0.0,0.0,16.0,,
2024-11-02 23:00:00,14.75,68.0,8.22,11.95,13.08,13.68,3.62,0.91,7.15,1.45,7.02,,,,,,68.0,0.3,311.0,0.0,0.0,16.0,,
2024-11-03 00:00:00,15.75,44.0,7.2,10.65,11.5,16.3,5.5,0.87,7.25,1.38,6.95,,,,,,67.25,0.3,300.5,0.0,0.0,16.0,,
2024-11-03 01:00:00,10.75,33.5,7.08,11.45,11.82,27.08,8.05,0.79,4.12,1.68,8.22,,,,,,64.0,0.3,300.5,0.0,0.0,16.0,,
2024-11-03 02:00:00,7.5,32.25,11.52,15.92,17.85,32.42,6.15,0.84,4.12,1.75,8.35,,,,,,64.0,0.3,297.75,0.0,0.0,16.0,,
2024-11-03 03:00:00,11.25,50.25,18.05,20.88,25.78,38.3,6.55,0.89,5.42,2.12,9.9,,,,,,64.25,0.32,292.67,0.0,0.0,16.0,,
2024-11-03 04:00:00,16.5,68.25,15.35,13.58,19.75,23.58,2.72,0.81,4.7,1.8,8.52,,,,,,65.25,0.38,318.0,0.0,0.0,16.0,,
2024-11-03 05:00:00,13.0,47.75,14.0,11.42,17.42,18.0,1.05,0.86,5.98,1.48,7.15,,,,,,67.0,0.5,343.0,0.0,0.0,16.0,,
2024-11-03 06:00:00,16.0,50.0,12.98,11.9,16.9,17.3,2.3,0.84,5.78,1.5,6.6,,,,,,67.75,0.32,353.0,0.0,0.0,20.25,,
2024-11-03 07:00:00,16.5,61.0,12.88,10.58,16.1,16.9,1.68,0.89,6.66,1.5,6.85,,,,,,68.0,0.65,,0.0,0.0,104.5,,
2024-11-03 08:00:00,15.75,63.25,11.08,8.93,13.75,17.55,4.47,0.76,9.56,1.27,6.18,,,,,,66.5,0.92,,0.0,0.0,183.0,,
2024-11-03 09:00:00,11.25,53.25,8.93,9.9,12.5,17.83,5.88,0.71,13.03,1.1,5.38,,,,,,67.0,1.52,309.5,0.0,0.0,328.0,,
2024-11-03 10:00:00,15.5,49.75,8.6,10.75,12.68,19.18,6.37,1.15,14.02,0.98,4.68,,,,,,66.5,1.98,,0.0,0.0,451.75,,
2024-11-03 11:00:00,8.0,29.75,8.97,11.77,13.5,20.05,8.7,1.25,12.79,0.75,3.85,,,,,,65.25,2.48,,0.0,0.0,484.0,,
2024-11-03 12:00:00,8.0,34.0,8.67,11.63,13.2,19.73,4.0,1.3,10.93,0.6,3.12,,,,,,65.5,2.48,354.0,0.0,0.0,470.75,,
2024-11-03 13:00:00,8.25,30.25,4.48,9.57,8.83,14.85,0.3,0.86,14.89,0.45,2.45,,,,,,65.75,2.7,359.0,0.0,0.0,420.5,,
2024-11-03 14:00:00,8.25,27.25,3.35,7.62,6.8,14.2,1.13,0.5,14.5,0.43,2.0,,,,,,66.0,2.7,354.5,0.0,0.0,354.0,,
2024-11-03 15:00:00,7.5,29.75,3.6,7.38,6.85,15.0,1.38,0.5,14.16,0.5,1.78,,,,,,66.75,2.62,348.5,0.0,0.0,243.25,,
2024-11-03 16:00:00,11.25,40.5,3.8,6.98,6.82,16.38,3.7,0.55,15.48,0.48,1.55,,,,,,65.25,2.25,347.5,0.0,0.0,128.5,,
2024-11-03 17:00:00,9.0,33.75,4.08,9.4,8.32,17.5,4.05,0.53,10.93,0.4,1.52,,,,,,64.5,2.0,,0.0,0.0,26.5,,
2024-11-03 18:00:00,9.5,43.75,4.0,10.9,9.1,17.82,3.1,0.53,8.68,1.02,2.78,,,,,,64.5,1.72,,0.0,0.0,16.0,,
2024-11-03 19:00:00,10.25,42.5,6.5,15.98,13.8,18.32,1.82,0.54,4.75,1.32,4.12,,,,,,66.0,1.12,,0.0,0.0,16.0,,
2024-11-03 20:00:00,9.0,55.5,8.12,15.12,14.65,17.02,3.42,0.51,3.92,1.4,5.03,,,,,,65.5,0.95,,0.0,0.0,16.0,,
2024-11-03 21:00:00,13.5,68.25,14.82,16.75,20.98,15.38,2.75,0.57,5.1,1.2,4.53,,,,,,66.75,0.57,,0.0,0.0,16.0,,
2024-11-03 22:00:00,15.5,54.5,12.28,13.82,17.32,14.68,3.2,0.68,5.44,1.18,4.8,,,,,,68.0,0.48,356.0,0.0,0.0,16.0,,
2024-11-03 23:00:00,7.5,42.75,12.02,16.73,18.65,15.15,4.72,0.63,5.1,1.5,5.3,,,,,,67.0,0.38,,0.0,0.0,16.0,,
2024-11-04 00:00:00,5.25,32.75,15.52,17.52,21.98,17.2,3.28,0.51,6.08,1.58,5.25,,,,,,67.5,0.38,355.0,0.0,0.0,16.0,,
2024-11-04 01:00:00,3.75,39.0,14.05,15.12,19.45,17.42,1.3,0.48,5.44,1.75,5.55,,,,,,66.5,0.3,,0.0,0.0,16.0,,
2024-11-04 02:00:00,6.5,32.25,10.28,14.05,15.85,23.72,3.42,0.43,4.51,1.58,5.78,,,,,,65.0,0.92,,0.0,0.0,16.0,,
2024-11-04 03:00:00,8.25,27.25,8.82,12.3,13.72,31.6,3.62,0.49,5.03,1.4,5.2,,,,,,64.75,0.35,272.75,0.0,0.0,16.0,,
2024-11-04 04:00:00,8.25,23.75,11.6,12.25,15.92,18.52,2.75,0.69,6.17,1.45,5.38,,,,,,66.5,0.62,274.0,0.0,0.0,16.0,,
2024-11-04 05:00:00,5.75,30.25,9.02,9.2,12.28,14.75,,0.6,9.16,1.12,4.58,,,,,,68.25,1.4,,1.5,1.5,16.0,,
2024-11-04 06:00:00,4.5,6.75,8.02,12.32,13.08,14.65,2.68,0.68,7.06,0.9,3.8,,,,,,67.75,0.35,338.5,0.0,0.0,48.25,,
2024-11-04 07:00:00,3.75,11.75,11.0,17.55,18.3,17.85,5.3,0.74,7.06,1.12,4.6,,,,,,68.25,0.32,261.33,0.0,0.0,169.0,,
2024-11-04 08:00:00,6.5,33.0,9.0,16.02,15.9,30.5,11.85,0.64,6.81,1.45,5.92,,,,,,66.0,0.45,,0.0,0.0,248.0,,
2024-11-04 09:00:00,8.25,41.25,6.98,13.92,13.08,36.78,9.02,0.65,9.26,1.48,5.78,,,,,,63.25,1.68,350.0,0.0,0.0,384.5,,
2024-11-04 10:00:00,10.25,28.75,7.45,13.15,13.08,44.35,6.47,1.0,8.67,1.2,4.72,,,,,,62.75,2.5,,0.0,0.0,459.75,,
2024-11-04 11:00:00,12.75,28.75,8.3,12.87,12.57,45.87,7.9,0.77,12.05,1.2,4.35,,,,,,62.5,2.72,,0.0,0.0,491.5,,
2024-11-04 12:00:00,8.75,39.0,8.0,9.33,11.43,29.13,3.02,0.81,12.34,0.82,3.03,,,,,,65.25,2.68,350.0,0.0,0.0,486.25,,
2024-11-04 13:00:00,7.75,37.5,5.4,8.5,8.95,22.25,5.15,0.82,13.92,1.3,2.52,,,,,,66.25,2.65,354.67,0.0,0.0,448.5,,
2024-11-04 14:00:00,8.0,43.25,4.68,11.65,9.98,23.85,11.15,0.48,12.5,2.0,2.3,,,,,,65.75,2.68,348.0,0.0,0.0,358.5,,
2024-11-04 15:00:00,11.5,44.0,3.9,9.43,8.18,21.55,4.8,0.54,14.85,4.95,2.78,,,,,,66.25,2.72,347.75,0.0,0.0,246.5,,
2024-11-04 16:00:00,12.0,37.5,4.4,8.75,8.25,22.72,4.47,0.47,13.86,2.8,2.52,,,,,,65.25,2.62,346.0,0.0,0.0,111.75,,
2024-11-04 17:00:00,9.0,44.25,3.85,10.72,8.82,21.05,4.2,0.59,12.0,1.98,2.8,,,,,,65.0,2.08,348.0,0.0,0.0,24.75,,
2024-11-04 18:00:00,8.25,44.5,4.6,13.7,11.05,19.88,4.47,0.77,9.5,1.45,3.15,,,,,,65.0,1.7,355.0,0.0,0.0,16.0,,
2024-11-04 19:00:00,6.75,49.5,4.45,13.45,10.8,18.7,6.25,0.91,8.72,1.23,3.35,,,,,,66.75,1.15,,0.0,0.0,16.0,,
2024-11-04 20:00:00,9.0,48.0,6.7,16.6,14.3,18.85,6.68,0.74,8.57,1.4,4.28,,,,,,66.25,1.83,354.0,0.75,0.75,16.0,,
2024-11-04 21:00:00,8.0,54.5,2.72,13.38,9.28,17.65,6.18,0.89,14.55,1.4,4.28,,,,,,66.25,0.35,327.33,0.0,0.0,16.0,,
2024-11-04 22:00:00,5.0,22.75,8.45,22.58,18.82,18.6,5.38,0.92,6.12,1.48,5.58,,,,,,67.0,0.52,,0.0,0.0,16.0,,
2024-11-04 23:00:00,5.25,33.5,5.75,16.68,13.5,17.65,3.5,0.86,11.62,2.15,6.65,,,,,,67.5,0.55,,0.0,0.0,16.0,,
2024-11-05 00:00:00,7.25,44.75,4.35,18.23,13.25,17.73,4.8,0.4,10.34,2.55,7.5,,,,,,67.75,0.35,,0.0,0.0,16.0,,
2024-11-05 01:00:00,10.25,54.75,4.82,13.85,11.3,17.2,3.72,0.73,9.07,2.28,7.18,,,,,,68.25,0.35,306.0,0.0,0.0,16.0,,
2024-11-05 02:00:00,8.75,48.25,5.72,12.72,11.45,17.0,4.75,0.88,9.47,1.9,6.25,,,,,,68.75,0.32,294.5,0.0,0.0,16.0,,
2024-11-05 03:00:00,10.5,44.75,4.18,12.65,10.1,18.38,5.75,0.54,12.74,1.8,6.0,,,,,,68.0,0.35,,0.0,0.0,16.0,,
2024-11-05 04:00:00,10.0,62.25,5.18,12.92,11.1,17.4,4.22,0.45,7.74,1.72,6.18,,,,,,68.75,0.32,,0.0,0.0,16.0,,
2024-11-05 05:00:00,13.25,75.5,5.28,11.52,10.4,17.12,1.5,0.56,7.54,1.65,6.28,,,,,,68.5,0.3,314.0,0.0,0.0,16.0,,
2024-11-05 06:00:00,13.75,92.5,5.65,13.35,11.75,17.1,3.15,0.52,7.6,1.6,6.45,,,,,,68.75,0.32,,0.0,0.0,33.5,,
2024-11-05 07:00:00,15.5,118.5,7.35,15.22,14.08,18.35,4.2,0.74,8.97,1.68,6.95,,,,,,69.5,0.45,351.0,0.0,0.0,123.0,,
2024-11-05 08:00:00,21.75,129.0,6.42,13.12,12.18,18.18,4.03,0.82,13.86,1.62,7.38,,,,,,68.75,0.9,347.67,0.0,0.0,247.0,,
2024-11-05 09:00:00,16.25,96.0,4.55,12.2,10.22,17.85,5.1,0.84,19.6,1.48,6.32,,,,,,68.75,1.58,343.75,0.0,0.0,235.0,,
2024-11-05 10:00:00,10.25,79.5,4.92,17.82,13.45,20.75,6.03,1.12,22.69,1.23,5.3,,,,,,68.0,2.22,336.0,0.0,0.0,276.75,,
2024-11-05 11:00:00,8.75,86.0,1.3,19.43,11.37,29.6,13.03,1.28,30.28,1.08,4.18,,,,,,67.25,2.75,332.0,0.0,0.0,387.25,,
2024-11-05 12:00:00,11.0,91.0,3.47,14.37,10.43,27.67,4.28,1.53,41.16,0.78,2.9,,,,,,67.75,3.0,342.0,0.0,0.0,429.5,,
2024-11-05 13:00:00,12.25,87.5,2.95,10.95,8.22,23.42,4.42,1.26,51.89,0.6,2.02,,,,,,66.75,3.45,329.0,0.0,0.0,425.5,,
2024-11-05 14:00:00,15.25,83.75,2.65,9.35,7.1,24.58,6.35,1.14,59.19,0.57,1.45,,,,,,67.5,3.18,317.5,0.0,0.0,316.75,,
2024-11-05 15:00:00,14.0,80.75,2.58,10.38,7.62,28.0,8.45,1.12,56.64,0.6,1.75,,,,,,66.25,3.18,308.75,0.0,0.0,222.5,,
2024-11-05 16:00:00,15.75,96.0,2.22,19.12,11.98,27.4,7.8,1.17,42.28,0.62,1.95,,,,,,66.5,2.85,306.0,0.0,0.0,107.5,,
2024-11-05 17:00:00,13.25,111.75,3.25,23.08,14.9,26.6,7.08,1.23,35.92,0.7,2.02,,,,,,66.25,2.33,332.25,0.0,0.0,24.5,,
2024-11-05 18:00:00,15.75,121.5,2.58,18.1,11.7,25.0,7.42,1.28,43.22,0.82,2.4,,,,,,66.25,2.02,345.25,0.0,0.0,16.0,,
2024-11-05 19:00:00,13.75,115.5,2.45,15.55,10.28,24.55,8.45,1.3,44.44,0.9,2.62,,,,,,67.0,1.68,349.5,0.0,0.0,16.0,,
2024-11-05 20:00:00,18.75,114.25,2.88,15.18,10.4,24.9,5.3,1.33,39.79,0.88,2.8,,,,,,66.5,1.35,340.75,0.0,0.0,16.0,,
2024-11-05 21:00:00,18.25,130.75,3.15,16.22,11.2,24.82,3.95,1.44,29.16,0.98,3.35,,,,,,67.75,0.88,337.75,0.0,0.0,16.0,,
2024-11-05 22:00:00,17.75,146.25,2.6,14.42,9.85,23.92,2.82,1.5,30.08,1.18,4.73,,,,,,68.5,0.65,343.5,0.0,0.0,16.0,,
2024-11-05 23:00:00,13.75,128.5,2.65,12.18,8.62,23.25,3.02,1.32,31.75,1.23,5.15,,,,,,68.0,0.6,335.75,0.0,0.0,16.0,,
2024-11-06 00:00:00,14.25,126.5,3.0,16.82,11.38,25.22,2.25,0.78,25.72,1.23,4.95,,,,,,68.0,0.72,343.67,0.0,0.0,16.0,,
2024-11-06 01:00:00,16.5,149.0,2.42,14.98,9.95,24.18,2.62,0.78,25.19,1.25,5.45,,,,,,68.5,1.05,327.67,0.0,0.0,16.0,,
2024-11-06 02:00:00,13.5,136.25,2.88,15.02,10.25,22.98,4.0,0.76,26.39,1.2,5.35,,,,,,69.25,1.23,357.0,0.0,0.0,16.0,,
2024-11-06 03:00:00,16.5,130.5,2.2,19.25,12.05,24.92,7.92,0.76,22.02,1.2,5.18,,,,,,69.0,0.68,,0.0,0.0,16.0,,
2024-11-06 04:00:00,13.5,143.5,2.7,15.92,10.62,23.58,7.78,0.74,22.3,1.2,5.12,,,,,,68.75,0.9,330.0,0.0,0.0,16.0,,
2024-11-06 05:00:00,16.75,128.75,2.88,12.1,8.78,23.3,4.53,0.72,28.62,1.15,4.53,,,,,,68.75,1.15,,0.0,0.0,16.0,,
2024-11-06 06:00:00,12.5,111.0,2.72,9.6,7.32,21.65,5.58,0.72,30.48,1.1,4.2,,,,,,69.5,1.45,,0.0,0.0,69.25,,
2024-11-06 07:00:00,10.0,79.0,2.5,7.68,6.1,20.48,4.92,0.66,28.27,0.95,3.38,,,,,,68.75,2.1,,0.0,0.0,205.0,,
2024-11-06 08:00:00,6.0,27.0,2.52,6.4,5.4,19.98,3.12,0.63,30.14,0.78,2.85,,,,,,68.75,2.75,355.0,0.0,0.0,270.75,,
2024-11-06 09:00:00,3.5,27.0,2.33,7.25,5.75,20.88,0.65,0.64,36.41,0.7,2.6,,,,,,69.25,2.5,354.0,0.0,0.0,182.25,,
2024-11-06 10:00:00,5.0,37.25,2.47,6.9,5.65,22.62,2.8,0.64,35.38,0.68,2.8,,,,,,68.25,2.45,,0.0,0.0,307.75,,
2024-11-06 11:00:00,5.25,46.0,2.83,7.1,6.07,22.62,7.1,0.65,43.66,0.65,3.15,,,,,,68.0,2.72,339.0,0.0,0.0,388.5,,
2024-11-06 12:00:00,6.5,57.0,2.63,6.77,5.73,24.57,4.97,0.61,38.86,0.62,2.75,,,,,,67.5,2.92,338.75,0.0,0.0,445.5,,
2024-11-06 13:00:00,7.75,38.25,2.35,5.18,4.7,18.92,3.48,0.56,34.06,0.48,2.52,,,,,,68.75,2.88,338.0,0.0,0.0,314.25,,
2024-11-06 14:00:00,6.0,19.5,2.42,5.08,4.68,18.73,3.22,0.53,36.51,0.4,2.3,,,,,,67.5,3.05,344.0,0.75,0.75,100.25,,
2024-11-06 15:00:00,2.75,20.75,2.48,7.68,6.08,18.82,4.15,0.54,23.52,0.43,2.12,,,,,,68.5,1.48,,0.25,0.25,50.25,,
2024-11-06 16:00:00,2.0,11.75,2.55,8.12,6.4,18.18,3.15,0.6,19.06,0.57,3.82,,,,,,68.5,0.92,,0.0,0.0,44.0,,
2024-11-06 17:00:00,2.75,14.75,3.05,9.95,7.75,18.25,1.88,0.69,15.68,0.72,5.1,,,,,,69.25,0.7,,0.0,0.0,18.5,,
2024-11-06 18:00:00,6.5,20.0,2.92,11.78,8.57,18.42,4.12,0.78,12.64,1.02,6.52,,,,,,68.5,0.75,360.0,0.0,0.0,16.0,,
2024-11-06 19:00:00,9.0,35.5,3.82,15.32,11.25,18.48,3.75,0.82,10.14,1.12,6.85,,,,,,68.75,1.33,,1.0,1.0,16.0,,
2024-11-06 20:00:00,3.75,44.0,3.62,11.08,8.8,17.77,3.4,0.79,14.45,1.08,6.25,,,,,,69.25,0.65,320.0,2.25,2.25,16.0,,
2024-11-06 21:00:00,6.75,14.5,3.8,13.0,10.02,17.23,2.8,0.89,10.44,1.08,5.9,,,,,,69.0,0.52,323.0,0.0,0.0,16.0,,
2024-11-06 22:00:00,8.25,28.5,4.15,13.1,10.32,17.6,3.62,0.88,9.8,1.1,5.92,,,,,,70.25,0.32,,0.0,0.0,16.0,,
2024-11-06 23:00:00,6.0,40.75,4.58,18.08,13.35,17.8,4.2,0.88,6.13,1.2,5.95,,,,,,69.5,0.38,265.0,0.0,0.0,16.0,,
2024-11-07 00:00:00,6.5,43.25,4.95,16.32,12.68,17.82,2.55,0.77,6.76,1.08,5.72,,,,,,70.0,0.52,342.0,0.0,0.0,16.0,,
2024-11-07 01:00:00,7.5,35.0,4.6,13.82,11.08,17.8,0.6,0.72,7.94,1.0,4.97,,,,,,70.0,0.7,312.0,5.75,5.75,16.0,,
2024-11-07 02:00:00,5.75,29.0,4.1,11.32,9.33,16.25,3.85,0.64,8.88,0.92,4.53,,,,,,69.0,0.9,,0.75,0.75,16.0,,
2024-11-07 03:00:00,4.25,9.5,3.38,6.35,6.12,16.1,5.58,0.57,18.82,0.7,3.75,,,,,,69.5,0.72,,0.25,0.25,16.0,,
2024-11-07 04:00:00,2.0,5.0,3.1,5.12,5.28,14.25,5.58,0.53,16.46,0.57,3.32,,,,,,69.75,0.92,359.0,0.0,0.0,16.0,,
2024-11-07 05:00:00,3.5,,2.8,4.7,4.8,13.68,5.95,0.52,15.29,0.5,2.95,,,,,,70.75,0.78,,0.0,0.0,16.0,,
2024-11-07 06:00:00,8.0,,3.0,5.8,5.48,13.62,3.52,0.56,13.23,0.5,2.9,,,,,,69.5,0.75,356.0,0.0,0.0,27.0,,
2024-11-07 07:00:00,2.0,5.0,3.35,7.62,6.78,13.3,3.52,0.6,12.59,0.5,2.9,,,,,,70.5,0.75,356.5,1.25,1.25,34.0,,
2024-11-07 08:00:00,2.0,6.5,4.68,13.58,11.02,14.02,5.38,0.8,10.44,0.5,2.9,,,,,,70.75,0.32,331.5,0.75,0.75,63.25,,
2024-11-07 09:00:00,3.25,14.5,6.55,16.32,13.95,15.22,6.22,0.96,11.12,0.5,2.9,,,,,,70.25,0.52,346.5,4.0,4.0,74.75,,
2024-11-07 10:00:00,7.5,27.5,6.38,15.72,13.52,16.77,5.07,0.97,11.96,0.5,2.9,,,,,,70.25,0.38,,2.25,2.25,79.75,,
2024-11-07 11:00:00,8.5,31.75,5.63,17.57,13.87,21.98,7.5,0.97,9.06,0.9,3.97,,,,,,68.5,0.88,315.0,1.75,1.75,66.25,,
2024-11-07 12:00:00,6.75,20.5,10.6,16.0,17.1,20.13,2.55,1.26,11.76,1.32,5.95,,,,,,69.75,0.98,330.0,4.0,4.0,120.25,,
2024-11-07 13:00:00,6.0,16.75,7.15,21.98,17.48,18.48,4.8,1.06,11.42,1.82,6.38,,,,,,69.0,0.45,351.0,2.5,2.5,50.0,,
2024-11-07 14:00:00,5.75,16.5,5.45,19.68,14.92,21.78,9.17,0.86,9.07,2.02,8.2,,,,,,68.0,1.45,313.0,8.0,8.0,44.5,,
2024-11-07 15:00:00,4.25,16.5,6.05,17.58,14.25,15.92,6.28,0.89,11.46,1.92,7.02,,,,,,70.0,0.3,,0.0,0.0,49.0,,
2024-11-07 16:00:00,2.0,40.5,10.6,26.6,22.72,20.42,8.98,1.26,6.08,2.0,9.5,,,,,,69.0,0.3,,0.0,0.0,46.5,,
2024-11-07 17:00:00,2.0,41.0,10.62,23.45,21.15,17.15,8.93,1.12,7.4,2.18,10.32,,,,,,69.5,0.72,322.0,0.25,0.25,16.25,,
2024-11-07 18:00:00,3.25,33.25,9.48,22.92,19.9,15.95,5.3,1.31,5.98,2.48,9.28,,,,,,70.25,0.48,,0.0,0.0,16.0,,
2024-11-07 19:00:00,7.25,42.25,9.28,20.55,18.45,15.68,4.22,1.4,7.3,2.6,9.62,,,,,,68.75,1.48,,0.0,0.0,16.0,,
2024-11-07 20:00:00,8.0,26.25,5.1,14.72,11.95,13.98,2.8,0.98,10.39,2.5,8.65,,,,,,69.5,1.98,,0.0,0.0,16.0,,
2024-11-07 21:00:00,7.25,12.25,2.85,11.48,8.4,13.55,0.73,0.77,11.46,2.4,8.3,,,,,,69.5,1.75,,0.0,0.0,16.0,,
2024-11-07 22:00:00,5.5,13.0,2.48,11.75,8.2,13.18,2.95,0.73,12.44,2.45,8.02,,,,,,70.0,1.72,,0.0,0.0,16.0,,
2024-11-07 23:00:00,7.5,12.5,3.02,9.7,7.62,12.92,4.58,0.59,14.16,2.42,7.62,,,,,,70.25,1.92,,0.0,0.0,16.0,,
2024-11-08 00:00:00,8.0,10.0,2.62,9.07,6.95,12.7,4.28,0.57,15.04,2.38,7.12,,,,,,70.5,1.58,,0.0,0.0,16.0,,
2024-11-08 01:00:00,4.25,8.5,2.25,8.12,6.1,12.45,3.98,0.54,16.36,2.48,6.9,,,,,,70.0,1.78,,0.0,0.0,16.0,,
2024-11-08 02:00:00,2.25,12.75,3.08,6.45,5.92,12.22,2.35,0.5,17.38,2.5,7.0,,,,,,70.25,1.5,,0.0,0.0,16.0,,
2024-11-08 03:00:00,3.5,14.0,2.6,7.78,6.25,12.9,,0.5,21.1,2.5,7.0,,,,,,70.25,1.6,,0.0,0.0,16.0,,
2024-11-08 04:00:00,5.0,19.25,2.85,7.9,6.5,12.32,2.9,0.5,17.2,2.5,7.0,,,,,,69.75,1.4,,0.0,0.0,16.0,,
2024-11-08 05:00:00,5.25,18.75,3.05,10.3,7.98,12.12,4.45,0.54,12.1,2.5,7.0,,,,,,70.5,0.68,,0.0,0.0,16.0,,
2024-11-08 06:00:00,6.0,25.25,3.72,11.8,9.32,13.8,5.25,0.66,8.24,2.5,7.0,,,,,,71.5,0.3,,0.0,0.0,34.5,,
2024-11-08 07:00:00,5.0,26.75,4.5,11.7,9.88,12.88,5.35,0.72,10.63,2.5,7.0,,,,,,70.25,1.4,,0.0,0.0,115.0,,
2024-11-08 08:00:00,2.0,16.5,3.68,9.45,8.02,11.8,4.22,0.62,17.0,2.5,7.0,,,,,,69.5,2.68,,0.0,0.0,313.25,,
2024-11-08 09:00:00,2.25,6.25,3.08,7.65,6.6,11.2,3.6,0.56,20.92,2.5,7.0,,,,,,68.75,2.98,,0.0,0.0,406.75,,
2024-11-08 10:00:00,3.0,7.5,2.38,7.48,5.9,11.82,3.83,0.53,23.86,2.4,6.85,,,,,,69.75,3.48,,0.0,0.0,452.5,,
2024-11-08 11:00:00,4.5,10.0,1.4,9.03,5.93,18.1,5.83,0.5,27.78,1.02,3.1,,,,,,67.75,3.3,,0.0,0.0,457.25,,
2024-11-08 12:00:00,9.0,15.33,11.13,11.33,16.6,17.37,3.57,0.5,24.5,0.87,2.23,,,,,,69.33,2.77,,0.0,0.0,466.67,,
2024-11-08 13:00:00,8.75,19.0,1.5,10.1,6.58,16.98,3.4,0.49,26.41,1.25,2.4,,,,,,66.75,3.22,,0.0,0.0,436.25,,
2024-11-08 14:00:00,7.25,15.5,4.6,6.78,7.35,14.08,1.43,0.54,24.36,2.38,1.98,,,,,,67.0,2.78,,0.0,0.0,346.5,,
2024-11-08 15:00:00,5.5,14.5,3.32,9.43,7.72,13.52,1.58,0.53,24.65,1.75,1.65,,,,,,66.75,2.88,,0.0,0.0,191.5,,
2024-11-08 16:00:00,7.0,15.0,3.02,9.12,7.32,13.88,2.08,0.52,22.2,1.38,2.17,,,,,,67.0,2.55,,0.0,0.0,80.0,,
2024-11-08 17:00:00,6.5,15.25,3.2,10.25,8.02,11.6,3.62,0.53,21.71,1.92,3.47,,,,,,67.25,2.05,,0.0,0.0,17.25,,
2024-11-08 18:00:00,4.5,23.5,2.9,12.12,8.78,11.58,3.72,0.59,20.28,2.15,4.82,,,,,,67.75,2.35,,0.0,0.0,16.0,,
2024-11-08 19:00:00,3.5,17.75,3.18,12.82,9.35,12.45,4.32,0.58,18.82,2.45,5.98,,,,,,68.75,2.3,,0.0,0.0,16.0,,
2024-11-08 20:00:00,4.5,12.75,2.8,11.22,8.22,12.82,2.58,0.24,18.13,2.8,6.98,,,,,,68.0,2.88,,0.0,0.0,16.0,,
2024-11-08 21:00:00,3.5,10.75,2.17,10.12,7.15,12.98,1.05,0.15,21.66,2.68,6.22,,,,,,68.0,2.38,,0.0,0.0,16.0,,
2024-11-08 22:00:00,5.0,15.25,2.55,9.45,7.08,14.08,0.78,0.35,20.92,2.6,6.18,,,,,,68.0,1.9,,0.0,0.0,16.5,,
2024-11-08 23:00:00,5.0,13.75,2.35,9.5,6.95,14.15,0.37,0.32,19.5,2.28,5.85,,,,,,69.25,1.55,,0.0,0.0,16.25,,
2024-11-09 00:00:00,5.0,15.5,2.68,11.65,8.4,14.88,3.45,0.53,18.62,2.17,5.65,,,,,,68.25,1.45,,0.0,0.0,16.0,,
2024-11-09 01:00:00,5.0,13.75,3.08,15.0,10.48,20.17,6.62,0.36,11.42,2.38,6.35,,,,,,68.0,1.38,,0.0,0.0,16.0,,
2024-11-09 02:00:00,5.0,14.5,3.18,15.05,10.55,15.55,4.82,0.17,11.95,2.4,6.32,,,,,,68.5,0.57,,0.0,0.0,16.0,,
2024-11-09 03:00:00,4.25,24.25,3.82,14.68,10.92,17.7,2.25,0.46,13.66,1.85,5.5,,,,,,69.75,0.3,258.75,0.0,0.0,16.0,,
2024-11-09 04:00:00,2.0,39.0,4.3,15.98,12.0,17.08,2.6,0.2,8.72,1.7,5.32,,,,,,70.0,0.4,,0.0,0.0,16.0,,
2024-11-09 05:00:00,2.0,41.5,4.38,12.92,10.45,15.9,3.1,0.24,7.3,1.55,5.25,,,,,,69.5,0.38,316.5,0.0,0.0,16.0,,
2024-11-09 06:00:00,3.75,52.25,4.42,10.72,9.28,15.75,2.7,0.12,9.16,1.48,5.25,,,,,,70.5,1.08,,1.25,1.25,49.0,,
2024-11-09 07:00:00,8.5,31.25,4.32,10.95,9.38,15.92,2.58,0.42,11.36,1.48,4.92,,,,,,70.25,0.57,321.0,0.0,0.0,157.75,,
2024-11-09 08:00:00,8.5,20.0,4.25,10.02,8.75,15.85,2.62,0.68,11.81,1.35,4.82,,,,,,68.75,1.3,,0.0,0.0,147.25,,
2024-11-09 09:00:00,11.5,19.75,4.3,9.3,8.48,15.75,1.9,0.88,13.92,1.3,4.82,,,,,,70.0,1.1,,0.0,0.0,143.0,,
2024-11-09 10:00:00,5.75,20.25,2.8,9.62,7.38,21.9,2.7,0.94,14.65,1.3,5.08,,,,,,68.75,1.18,,0.0,0.0,175.0,,
2024-11-09 11:00:00,3.0,35.0,4.4,16.4,12.3,23.3,7.05,0.87,16.27,1.5,5.7,,,,,,68.33,2.87,,0.0,0.0,287.0,,
2024-11-09 12:00:00,5.75,56.0,4.25,22.05,15.18,25.32,8.18,0.74,20.87,1.6,4.65,,,,,,66.5,3.47,,0.0,0.0,309.25,,
2024-11-09 13:00:00,8.75,56.75,3.65,18.32,12.7,20.58,10.02,0.67,29.84,1.48,3.53,,,,,,67.25,3.5,,0.0,0.0,205.75,,
2024-11-09 14:00:00,11.0,64.0,4.2,17.02,11.55,29.32,9.72,0.59,20.39,1.48,3.25,,,,,,66.5,2.95,,0.0,0.0,127.25,,
2024-11-09 15:00:00,10.25,50.5,4.28,16.8,12.45,26.38,3.88,0.67,24.5,1.48,3.42,,,,,,66.0,3.22,,0.0,0.0,99.25,,
2024-11-09 16:00:00,8.75,50.25,3.68,18.27,12.75,23.22,5.7,0.82,30.68,1.65,3.78,,,,,,67.25,3.35,,0.0,0.0,63.5,,
2024-11-09 17:00:00,11.0,67.0,2.85,17.48,11.62,23.52,6.42,0.95,40.42,2.35,5.18,,,,,,67.75,3.08,,0.0,0.0,21.5,,
2024-11-09 18:00:00,11.75,83.25,2.78,21.1,13.48,24.28,2.42,1.08,37.2,2.0,4.97,,,,,,68.0,2.4,,0.0,0.0,16.0,,
2024-11-09 19:00:00,13.75,92.0,2.15,15.95,10.28,24.32,1.1,1.12,40.82,2.2,5.18,,,,,,69.25,2.62,,0.0,0.0,16.0,,
2024-11-09 20:00:00,13.75,77.25,2.55,11.08,7.92,22.98,3.72,1.08,33.81,3.15,6.45,,,,,,70.0,2.28,,0.0,0.0,16.0,,
2024-11-09 21:00:00,14.75,63.0,2.08,11.2,7.62,20.55,5.38,0.96,34.11,2.75,6.0,,,,,,69.0,1.55,342.5,0.0,0.0,16.0,,
2024-11-09 22:00:00,10.5,49.0,2.5,12.82,8.85,19.55,3.08,1.1,22.49,2.2,5.7,,,,,,69.75,0.35,,0.0,0.0,16.0,,
2024-11-09 23:00:00,8.25,54.0,2.33,15.18,9.48,21.25,2.42,0.88,18.47,2.45,6.62,,,,,,68.5,1.35,,0.0,0.0,16.0,,
2024-11-10 00:00:00,6.25,29.75,2.22,12.6,8.57,24.08,6.05,0.6,16.86,2.9,8.0,,,,,,67.5,1.05,,0.0,0.0,16.0,,
2024-11-10 01:00:00,7.0,26.25,3.45,12.22,9.35,19.85,6.35,0.66,13.33,2.5,7.05,,,,,,68.75,0.42,294.5,0.0,0.0,16.0,,
2024-11-10 02:00:00,6.75,43.75,3.08,10.55,8.1,17.9,4.12,0.7,14.11,2.0,6.28,,,,,,69.25,0.35,,0.0,0.0,16.0,,
2024-11-10 03:00:00,6.25,38.75,2.95,10.05,7.7,18.75,3.2,0.7,18.29,1.85,5.9,,,,,,70.0,0.5,,0.0,0.0,16.0,,
2024-11-10 04:00:00,8.0,33.0,3.82,8.68,7.7,17.92,3.0,0.67,15.04,1.65,5.5,,,,,,70.75,0.45,,0.0,0.0,16.0,,
2024-11-10 05:00:00,10.25,33.0,2.0,11.15,7.55,26.55,5.35,0.65,8.33,1.58,5.95,,,,,,68.5,0.38,358.0,0.0,0.0,16.0,,
2024-11-10 06:00:00,7.75,64.5,5.75,15.42,12.92,31.72,7.8,0.82,7.6,1.88,6.75,,,,,,68.0,0.32,353.0,0.0,0.0,32.0,,
2024-11-10 07:00:00,6.75,100.25,5.12,13.73,11.5,31.2,7.07,0.85,9.56,1.85,6.85,,,,,,67.5,0.62,,0.0,0.0,118.75,,
2024-11-10 08:00:00,6.75,80.5,6.35,11.62,11.3,32.55,5.25,0.8,15.39,1.75,6.42,,,,,,67.25,1.32,,0.0,0.0,218.75,,
2024-11-10 09:00:00,9.0,65.5,4.32,13.7,10.78,23.4,4.32,0.78,23.28,1.38,4.97,,,,,,68.0,2.7,,0.0,0.0,305.5,,
2024-11-10 10:00:00,8.25,76.25,4.15,22.82,15.5,27.3,6.97,0.65,28.86,1.18,3.9,,,,,,68.5,3.72,,0.0,0.0,366.0,,
2024-11-10 11:00:00,6.0,93.5,3.33,21.77,14.33,28.32,13.53,0.64,35.92,1.2,3.0,,,,,,68.5,3.88,,0.0,0.0,400.75,,
2024-11-10 12:00:00,6.0,92.25,4.0,25.07,16.53,30.93,14.85,0.63,31.95,1.2,2.78,,,,,,68.5,3.72,,0.0,0.0,374.0,,
2024-11-10 13:00:00,6.25,97.25,3.3,20.45,13.55,25.22,13.35,0.57,39.4,1.23,2.82,,,,,,67.0,3.68,,0.0,0.0,350.0,,
2024-11-10 14:00:00,6.75,82.25,3.55,17.42,12.18,24.68,10.4,0.54,40.57,1.23,2.68,,,,,,68.0,3.78,,0.0,0.0,280.0,,
2024-11-10 15:00:00,7.75,74.75,2.7,19.8,12.7,24.75,9.18,0.55,39.44,1.4,2.75,,,,,,67.25,3.7,,0.0,0.0,155.5,,
2024-11-10 16:00:00,11.75,59.75,2.38,16.95,10.95,24.25,9.7,0.64,38.86,1.6,3.1,,,,,,68.25,3.4,,0.0,0.0,76.0,,
2024-11-10 17:00:00,9.25,62.25,2.1,17.2,10.88,24.3,7.2,0.69,39.35,2.0,3.8,,,,,,67.25,3.3,,0.0,0.0,21.0,,
2024-11-10 18:00:00,12.0,70.0,2.08,26.85,15.98,24.8,8.12,0.69,27.39,2.48,4.8,,,,,,68.0,2.85,,0.0,0.0,16.0,,
2024-11-10 19:00:00,10.25,85.75,2.2,15.25,9.93,24.82,7.45,0.69,40.62,2.72,5.48,,,,,,68.0,3.08,,0.0,0.0,16.0,,
2024-11-10 20:00:00,12.75,69.0,1.3,12.6,7.75,24.35,6.92,0.79,39.84,2.85,5.88,,,,,,67.75,2.88,,0.0,0.0,16.0,,
2024-11-10 21:00:00,9.75,64.75,2.25,13.88,9.28,23.55,6.92,0.78,33.76,3.25,6.55,,,,,,68.5,2.62,,0.0,0.0,16.0,,
2024-11-10 22:00:00,12.5,61.25,1.92,17.95,11.08,23.8,4.2,0.78,32.24,3.0,6.25,,,,,,67.5,2.65,,0.0,0.0,16.0,,
2024-11-10 23:00:00,12.5,60.5,2.35,15.32,10.07,23.1,1.85,0.72,42.19,2.42,5.22,,,,,,68.25,2.52,,0.0,0.0,16.0,,
2024-11-11 00:00:00,7.5,54.0,2.7,18.98,12.28,22.32,1.78,0.73,29.5,2.78,5.78,,,,,,68.0,2.4,,0.0,0.0,16.0,,
2024-11-11 01:00:00,6.25,53.0,2.3,22.42,13.8,22.4,1.83,0.7,21.17,3.25,6.7,,,,,,68.5,1.23,,0.0,0.0,16.0,,
2024-11-11 02:00:00,6.75,64.0,2.72,20.82,13.25,21.98,2.75,0.74,20.13,3.35,7.18,,,,,,69.25,1.62,,0.0,0.0,16.0,,
2024-11-11 03:00:00,6.25,52.75,2.33,10.72,7.55,23.35,3.35,0.69,29.73,2.68,5.58,,,,,,69.25,0.7,,0.0,0.0,16.0,,
2024-11-11 04:00:00,7.25,61.0,1.98,9.6,6.68,22.18,1.5,0.71,22.93,2.35,5.22,,,,,,69.0,0.92,,0.0,0.0,16.0,,
2024-11-11 05:00:00,8.25,85.75,2.3,8.88,6.6,22.4,1.58,0.67,20.53,2.08,4.62,,,,,,69.75,0.68,,0.0,0.0,16.0,,
2024-11-11 06:00:00,8.5,103.25,3.0,9.78,7.65,22.68,3.52,0.65,20.24,1.88,4.32,,,,,,70.0,1.0,,0.0,0.0,26.5,,
2024-11-11 07:00:00,6.75,93.5,2.65,10.25,7.6,23.38,5.62,0.68,23.18,1.7,4.1,,,,,,69.75,1.45,,0.0,0.0,75.5,,
2024-11-11 08:00:00,6.5,85.5,2.98,9.38,7.38,24.35,3.12,0.55,27.58,1.55,3.88,,,,,,69.25,2.17,,0.0,0.0,238.75,,
2024-11-11 09:00:00,8.0,74.75,2.28,8.12,6.18,28.32,3.55,0.81,33.76,1.38,3.62,,,,,,69.0,2.6,,0.0,0.0,293.5,,
2024-11-11 10:00:00,8.0,75.5,2.6,7.1,5.88,29.82,4.53,0.69,41.65,1.15,3.0,,,,,,68.5,2.92,,0.0,0.0,317.0,,
2024-11-11 11:00:00,9.0,78.25,2.1,7.47,4.97,37.27,7.6,0.69,48.51,1.0,2.78,,,,,,67.0,3.22,,0.0,0.0,299.5,,
2024-11-11 12:00:00,11.75,73.25,4.13,6.77,7.0,42.8,5.62,0.68,46.21,0.98,2.6,,,,,,65.75,3.4,,0.0,0.0,247.5,,
2024-11-11 13:00:00,11.5,74.0,3.12,6.88,6.22,34.88,4.8,0.69,57.23,0.85,2.38,,,,,,66.75,3.18,,0.0,0.0,82.0,,
2024-11-11 14:00:00,11.5,71.25,3.52,8.0,7.1,30.78,4.65,0.63,48.51,0.92,2.12,,,,,,66.5,3.45,,0.0,0.0,79.25,,
2024-11-11 15:00:00,7.5,63.0,2.2,9.4,6.78,28.35,4.28,0.64,55.17,0.85,2.12,,,,,,67.75,3.18,,0.0,0.0,67.0,,
2024-11-11 16:00:00,9.0,63.75,2.08,10.75,7.43,28.58,2.48,0.62,52.87,0.92,2.85,,,,,,68.25,2.65,,0.0,0.0,45.75,,
2024-11-11 17:00:00,9.0,66.0,2.28,14.05,9.32,28.42,1.85,0.63,44.0,0.9,2.85,,,,,,67.5,2.35,,0.0,0.0,19.5,,
2024-11-11 18:00:00,10.75,64.25,2.33,13.6,9.18,27.48,3.4,0.36,46.65,0.9,2.98,,,,,,67.5,2.5,,0.0,0.0,16.0,,
2024-11-11 19:00:00,13.5,60.25,2.6,13.72,9.4,26.48,5.18,0.37,33.37,0.95,3.5,,,,,,66.75,1.52,,0.0,0.0,16.0,,
2024-11-11 20:00:00,5.75,61.25,2.1,13.52,8.93,25.25,2.82,0.68,39.59,0.98,3.72,,,,,,67.75,1.82,,0.0,0.0,16.0,,
2024-11-11 21:00:00,5.75,55.0,2.4,14.98,9.98,25.52,1.55,0.64,47.58,0.9,2.98,,,,,,68.5,2.48,,0.0,0.0,16.0,,
2024-11-11 22:00:00,7.5,56.75,2.22,13.68,9.07,25.98,3.48,0.5,45.38,0.82,2.22,,,,,,68.25,2.5,,2.0,2.0,16.0,,
2024-11-11 23:00:00,6.25,38.5,1.62,14.3,8.98,28.22,5.03,0.6,24.99,1.0,2.4,,,,,,66.75,1.72,,0.0,0.0,16.0,,
2024-11-12 00:00:00,6.5,19.75,2.05,12.38,8.22,35.28,2.72,0.66,12.35,1.35,3.52,,,,,,67.25,1.02,,0.0,0.0,16.0,,
2024-11-12 01:00:00,5.0,13.0,3.55,6.45,6.3,25.48,0.85,0.63,15.39,1.0,2.75,,,,,,67.75,1.12,352.0,0.0,0.0,16.0,,
2024-11-12 02:00:00,3.0,,2.02,6.78,5.18,39.4,4.72,0.5,12.28,0.9,2.75,,,,,,66.5,1.25,,0.25,0.25,16.0,,
2024-11-12 03:00:00,3.5,,3.55,7.08,6.68,48.45,5.5,0.5,12.61,0.88,2.9,,,,,,65.25,1.02,,0.25,0.25,16.0,,
2024-11-12 04:00:00,5.0,,6.18,5.82,8.15,25.18,3.45,0.8,18.47,0.72,2.5,,,,,,66.5,1.12,,2.25,2.25,16.0,,
2024-11-12 05:00:00,3.0,28.0,3.88,6.78,6.72,22.42,2.22,0.7,17.89,0.72,2.3,,,,,,67.75,0.95,,0.5,0.5,16.0,,
2024-11-12 06:00:00,3.0,24.0,3.6,6.65,6.45,22.0,2.5,0.63,15.29,0.7,2.28,,,,,,68.75,1.23,,1.5,1.5,16.0,,
2024-11-12 07:00:00,3.5,12.5,2.7,8.12,6.5,21.55,0.9,0.7,15.19,0.62,2.12,,,,,,68.75,1.4,,2.75,2.75,16.0,,
2024-11-12 08:00:00,5.0,14.0,2.95,9.68,7.55,20.9,1.9,0.74,15.44,0.62,1.98,,,,,,68.75,1.7,,3.5,3.5,16.75,,
2024-11-12 09:00:00,5.0,8.0,3.18,8.68,7.18,19.98,2.12,0.8,16.46,0.62,2.0,,,,,,69.25,1.15,,1.0,1.0,28.75,,
2024-11-12 10:00:00,4.5,7.75,2.58,12.12,8.52,23.42,2.63,0.81,13.28,0.72,2.25,,,,,,69.5,1.52,,1.5,1.5,30.75,,
2024-11-12 11:00:00,3.0,7.0,2.23,13.83,9.2,35.93,3.73,0.7,6.22,2.53,6.4,,,,,,66.75,2.35,,0.5,0.5,48.75,,
2024-11-12 12:00:00,5.0,6.0,4.67,10.8,9.53,23.2,2.95,0.7,10.14,1.68,4.35,,,,,,68.0,1.45,,0.0,0.0,55.25,,
2024-11-12 13:00:00,5.25,6.5,3.0,10.75,8.2,22.58,4.72,0.69,10.63,1.2,3.68,,,,,,68.25,1.45,,0.25,0.25,75.25,,
2024-11-12 14:00:00,6.25,8.25,3.75,10.05,8.43,25.18,2.33,0.66,10.19,1.1,3.8,,,,,,67.0,1.35,,0.0,0.0,80.25,,
2024-11-12 15:00:00,7.0,11.0,5.32,11.88,10.65,28.02,1.45,0.66,7.01,1.65,5.4,,,,,,67.5,0.95,,0.0,0.0,62.0,,
2024-11-12 16:00:00,6.5,15.75,6.48,11.98,11.65,18.75,,0.7,7.55,1.25,5.38,,,,,,67.5,1.27,,0.0,0.0,51.75,,
2024-11-12 17:00:00,4.5,11.25,5.92,12.72,11.58,17.4,,0.72,6.96,1.02,4.45,,,,,,69.5,0.98,,0.0,0.0,16.5,,
2024-11-12 18:00:00,3.5,9.0,6.98,13.82,13.02,17.3,2.03,0.77,4.85,0.98,4.68,,,,,,68.5,1.1,,0.0,0.0,16.0,,
2024-11-12 19:00:00,4.5,8.25,6.7,12.48,12.1,17.25,1.55,0.77,5.93,0.98,5.03,,,,,,68.75,1.12,,0.0,0.0,16.0,,
2024-11-12 20:00:00,3.0,6.0,5.18,11.8,10.48,16.4,1.23,0.77,6.12,0.88,4.3,,,,,,70.0,0.72,,0.0,0.0,16.0,,
2024-11-12 21:00:00,6.0,8.0,4.78,10.0,9.2,16.1,0.9,0.74,6.72,0.88,4.08,,,,,,69.25,1.15,,0.0,0.0,16.0,,
2024-11-12 22:00:00,6.0,8.0,4.8,10.32,9.4,15.82,2.1,0.72,5.88,0.9,3.78,,,,,,70.0,1.18,,0.0,0.0,16.0,,
2024-11-12 23:00:00,7.0,12.0,4.2,11.8,9.7,15.7,2.82,0.69,5.44,2.0,5.85,,,,,,69.75,0.92,,0.0,0.0,16.0,,
2024-11-13 00:00:00,6.0,11.25,3.78,10.02,8.43,15.25,3.85,0.44,7.45,1.9,5.1,,,,,,69.5,2.1,,0.25,0.25,16.0,,
2024-11-13 01:00:00,3.0,9.0,2.85,7.22,6.15,14.68,3.85,0.4,9.36,1.8,4.5,,,,,,69.0,2.17,,0.75,0.75,16.25,,
2024-11-13 02:00:00,,,2.95,7.48,6.38,13.8,2.1,0.43,7.58,2.38,5.98,,,,,,70.25,1.1,,1.5,1.5,16.0,,
2024-11-13 03:00:00,,,2.58,5.88,5.25,14.32,0.3,0.42,15.16,2.3,6.0,,,,,,69.25,1.12,,1.0,1.0,16.0,,
2024-11-13 04:00:00,3.0,,3.22,7.28,6.5,13.55,0.83,0.42,9.21,2.3,6.0,,,,,,71.0,0.7,,0.25,0.25,16.0,,
2024-11-13 05:00:00,3.0,,2.85,9.93,7.6,13.05,1.1,0.4,7.5,2.3,6.0,,,,,,70.0,0.62,,0.25,0.25,16.0,,
2024-11-13 06:00:00,3.0,,3.35,9.3,7.72,13.18,1.95,0.46,8.87,2.3,6.0,,,,,,70.5,0.57,,0.0,0.0,19.25,,
2024-11-13 07:00:00,2.0,17.0,5.45,14.35,12.02,14.65,3.45,0.62,6.52,2.3,6.0,,,,,,71.25,0.48,,0.0,0.0,73.0,,
2024-11-13 08:00:00,3.0,18.25,7.22,12.88,12.7,15.28,3.45,0.72,7.94,2.3,6.0,,,,,,70.5,0.57,,0.0,0.0,160.5,,
2024-11-13 09:00:00,6.0,18.5,6.1,10.45,10.52,15.88,2.68,0.64,7.94,2.3,6.0,,,,,,70.5,1.52,,0.0,0.0,213.0,,
2024-11-13 10:00:00,5.25,8.75,4.95,9.62,9.1,16.73,3.83,0.59,8.57,2.3,6.0,,,,,,70.5,1.6,,0.0,0.0,160.25,,
2024-11-13 11:00:00,3.5,15.0,4.6,13.37,10.8,25.2,10.2,0.51,12.06,1.98,5.52,,,,,,67.25,1.85,,0.0,0.0,219.0,,
2024-11-13 12:00:00,5.25,24.25,6.63,10.53,11.0,25.63,6.68,0.52,7.51,1.23,4.05,,,,,,67.5,2.42,,0.0,0.0,170.25,,
2024-11-13 13:00:00,6.0,17.0,3.95,13.02,10.15,24.0,5.9,0.5,12.98,1.25,4.05,,,,,,67.5,3.2,,0.0,0.0,147.5,,
2024-11-13 14:00:00,5.75,17.0,4.45,11.72,9.83,22.05,6.55,0.49,7.94,1.38,4.15,,,,,,66.5,3.0,,0.0,0.0,137.5,,
2024-11-13 15:00:00,5.25,9.0,3.8,9.07,7.88,22.68,6.1,0.46,9.85,1.38,4.07,,,,,,67.5,2.45,,0.0,0.0,109.75,,
2024-11-13 16:00:00,6.0,12.0,5.58,11.4,10.6,24.38,4.65,0.46,5.54,1.72,4.92,,,,,,68.0,2.08,,0.0,0.0,55.25,,
2024-11-13 17:00:00,,,5.03,11.38,10.18,21.08,3.9,0.46,7.2,1.88,5.57,,,,,,69.0,2.02,,0.0,0.0,20.0,,
2024-11-13 18:00:00,,,4.4,11.15,9.55,20.82,4.92,0.49,6.52,2.32,7.02,,,,,,68.5,1.68,,0.0,0.0,16.0,,
2024-11-13 19:00:00,5.0,7.0,4.1,10.2,8.72,20.65,4.47,0.5,7.25,2.5,6.98,,,,,,68.75,2.03,,0.0,0.0,16.0,,
2024-11-13 20:00:00,4.25,7.0,3.95,10.32,8.72,20.68,4.05,0.52,7.01,2.55,6.75,,,,,,68.25,1.95,,0.0,0.0,16.0,,
2024-11-13 21:00:00,2.25,6.5,3.4,10.32,8.22,20.78,3.32,0.57,7.15,2.33,6.32,,,,,,69.5,2.22,,0.0,0.0,16.0,,
2024-11-13 22:00:00,3.75,5.75,3.85,12.2,9.68,20.85,3.72,0.54,6.52,1.98,5.52,,,,,,69.25,2.05,,0.0,0.0,16.0,,
2024-11-13 23:00:00,6.0,9.5,4.22,11.68,9.68,20.23,5.12,0.59,5.59,1.9,5.58,,,,,,69.75,0.62,,0.0,0.0,16.0,,
2024-11-14 00:00:00,5.75,12.25,4.25,7.32,7.4,19.18,4.53,0.52,6.08,1.5,4.6,,,,,,69.75,0.78,,0.0,0.0,16.0,,
2024-11-14 01:00:00,4.5,8.25,3.78,6.75,6.65,18.68,3.48,0.46,7.06,1.3,4.1,,,,,,70.25,0.65,,0.0,0.0,16.0,,
2024-11-14 02:00:00,3.5,10.5,3.72,7.3,6.93,18.2,2.22,0.45,6.34,1.3,4.1,,,,,,69.75,0.43,,0.75,0.75,16.0,,
2024-11-14 03:00:00,5.0,6.0,4.3,6.3,6.85,19.42,0.6,0.45,13.0,1.3,4.1,,,,,,69.75,0.3,,0.0,0.0,16.0,,
2024-11-14 04:00:00,1.0,12.0,4.47,7.35,7.6,18.12,1.5,0.47,6.86,1.3,4.1,,,,,,70.25,0.38,,0.0,0.0,16.0,,
2024-11-14 05:00:00,1.5,13.75,4.55,9.35,8.68,17.92,1.3,0.5,4.9,1.3,4.1,,,,,,69.75,0.3,,0.0,0.0,16.0,,
2024-11-14 06:00:00,3.5,24.0,6.85,10.32,11.1,18.3,2.33,0.6,5.05,1.3,4.1,,,,,,71.0,0.35,,0.0,0.0,34.0,,
2024-11-14 07:00:00,5.0,41.0,9.6,11.1,13.68,19.42,3.15,0.73,6.86,1.3,4.1,,,,,,70.25,0.48,,0.0,0.0,145.25,,
2024-11-14 08:00:00,5.0,47.0,7.02,9.05,10.48,18.73,2.5,0.65,6.32,1.3,4.1,,,,,,70.75,1.75,,0.0,0.0,268.25,,
2024-11-14 09:00:00,5.0,,4.85,8.6,8.55,18.1,2.5,0.6,9.31,1.3,4.1,,,,,,69.5,2.28,,0.0,0.0,362.0,,
2024-11-14 10:00:00,,,3.78,7.72,7.15,19.35,2.43,0.56,10.19,1.3,4.1,,,,,,69.5,2.6,,0.0,0.0,429.25,,
2024-11-14 11:00:00,3.0,12.0,3.03,8.63,7.07,26.37,9.53,0.53,12.64,1.03,3.68,,,,,,68.75,2.82,,0.0,0.0,350.0,,
2024-11-14 12:00:00,2.75,13.0,4.33,7.07,7.3,29.43,4.2,0.54,5.64,0.6,2.88,,,,,,66.25,3.05,,0.0,0.0,455.0,,
2024-11-14 13:00:00,2.0,14.0,3.35,8.32,7.15,25.55,2.88,0.5,12.3,0.45,2.33,,,,,,66.25,2.72,,0.0,0.0,399.75,,
2024-11-14 14:00:00,2.25,9.5,4.12,8.8,8.05,32.42,3.8,0.51,8.77,0.57,2.25,,,,,,65.25,2.82,,0.25,0.25,273.0,,
2024-11-14 15:00:00,3.0,12.75,5.58,10.38,10.0,21.55,2.3,0.51,11.47,0.57,2.35,,,,,,67.0,2.72,,0.0,0.0,159.0,,
2024-11-14 16:00:00,3.5,11.5,4.97,10.8,9.8,21.98,4.7,0.53,11.32,0.52,3.02,,,,,,67.25,2.25,,0.0,0.0,88.25,,
2024-11-14 17:00:00,5.67,22.5,7.02,17.3,14.92,23.7,6.35,0.57,7.1,0.6,3.1,,,,,,67.5,1.95,,0.0,0.0,17.5,,
2024-11-14 18:00:00,7.5,34.5,10.2,19.92,18.9,25.1,5.0,0.62,5.78,0.95,3.8,,,,,,68.75,1.1,,0.0,0.0,16.0,,
2024-11-14 19:00:00,8.5,34.0,8.98,16.77,16.23,25.4,4.53,0.71,5.1,1.18,4.88,,,,,,68.5,1.05,,0.0,0.0,16.0,,
2024-11-14 20:00:00,6.0,17.25,6.28,13.52,12.3,22.28,2.13,0.71,6.57,1.27,4.75,,,,,,68.25,1.23,,0.5,0.5,16.25,,
2024-11-14 21:00:00,3.5,13.0,6.58,13.88,12.7,22.05,0.3,0.71,6.08,1.18,4.27,,,,,,68.75,1.25,,0.0,0.0,16.0,,
2024-11-14 22:00:00,5.25,15.25,7.95,16.1,15.05,22.15,2.87,0.73,4.85,1.48,4.8,,,,,,68.5,1.18,,1.0,1.0,17.0,,
2024-11-14 23:00:00,5.25,12.0,5.62,14.28,12.15,21.0,4.42,0.66,5.44,1.5,4.95,,,,,,69.25,1.23,,1.0,1.0,17.0,,
2024-11-15 00:00:00,4.0,12.25,5.95,14.8,12.72,20.32,2.1,0.61,4.8,1.42,4.62,,,,,,70.0,0.3,,0.0,0.0,16.5,,
2024-11-15 01:00:00,6.5,24.25,7.28,13.9,13.35,20.38,,0.64,4.61,1.27,4.72,,,,,,69.75,0.32,,1.25,1.25,16.25,,
2024-11-15 02:00:00,5.0,29.0,6.65,13.42,12.6,19.92,2.7,0.65,4.05,1.15,4.8,,,,,,70.0,0.35,,0.0,0.0,16.0,,
2024-11-15 03:00:00,4.5,27.5,6.7,11.55,11.62,21.45,3.8,0.64,9.41,1.1,4.65,,,,,,69.75,0.68,,0.75,0.75,16.0,,
2024-11-15 04:00:00,3.5,35.0,6.72,10.82,11.25,20.5,4.53,0.6,6.03,0.98,4.22,,,,,,70.0,0.9,,2.0,2.0,16.0,,
2024-11-15 05:00:00,5.0,17.0,6.75,13.12,12.42,21.05,5.3,0.57,5.49,0.8,3.55,,,,,,71.0,0.42,,0.0,0.0,16.0,,
2024-11-15 06:00:00,3.0,6.0,6.32,11.42,11.22,20.82,6.38,0.58,5.44,0.8,3.52,,,,,,70.25,0.9,345.0,11.5,11.5,26.0,,
2024-11-15 07:00:00,3.0,6.0,6.75,11.42,11.55,21.62,5.3,0.66,8.23,0.8,3.5,,,,,,70.5,0.6,,0.0,0.0,136.0,,
2024-11-15 08:00:00,6.0,11.0,7.38,10.85,11.77,23.5,4.18,0.74,5.63,0.8,3.5,,,,,,69.75,0.7,,0.0,0.0,174.5,,
2024-11-15 09:00:00,6.25,10.25,8.05,10.68,12.25,24.0,3.85,0.8,6.22,0.8,3.5,,,,,,69.25,0.82,,0.0,0.0,205.75,,
2024-11-15 10:00:00,7.0,11.0,12.28,14.12,17.5,28.3,3.87,0.72,5.83,0.9,3.75,,,,,,70.0,1.3,,0.0,0.0,199.75,,
2024-11-15 11:00:00,6.5,21.25,11.37,14.8,17.13,28.23,6.83,0.66,6.03,0.98,4.08,,,,,,68.5,2.25,,0.0,0.0,425.25,,
2024-11-15 12:00:00,5.5,21.75,2.4,10.07,7.33,40.63,7.75,0.52,9.56,0.92,3.95,,,,,,67.25,3.05,,0.0,0.0,332.5,,
2024-11-15 13:00:00,6.75,11.0,3.52,8.43,7.32,41.05,5.32,0.49,4.77,1.03,3.92,,,,,,65.0,2.98,,0.0,0.0,333.25,,
2024-11-15 14:00:00,5.25,7.25,4.5,6.6,7.15,33.88,3.4,0.51,5.14,0.68,3.0,,,,,,66.5,2.85,,0.0,0.0,289.25,,
2024-11-15 15:00:00,3.0,6.75,4.6,8.98,8.55,34.92,4.85,0.5,5.83,0.62,2.9,,,,,,66.25,2.72,,0.0,0.0,245.25,,
2024-11-15 16:00:00,3.0,12.0,5.22,7.55,8.25,26.95,4.72,0.52,8.67,0.8,3.15,,,,,,67.25,2.68,,0.0,0.0,66.5,,
2024-11-15 17:00:00,3.5,13.0,5.8,12.6,11.42,25.85,6.62,0.55,6.32,1.25,3.68,,,,,,66.5,2.0,,0.0,0.0,16.75,,
2024-11-15 18:00:00,5.5,19.75,8.3,15.98,15.3,26.7,4.12,0.61,5.73,1.58,5.3,,,,,,68.0,1.08,,0.0,0.0,16.0,,
2024-11-15 19:00:00,6.5,28.0,8.4,14.15,14.32,24.7,2.5,0.68,4.85,2.15,6.45,,,,,,68.25,1.4,,0.0,0.0,16.0,,
2024-11-15 20:00:00,5.75,17.75,6.48,12.12,11.72,22.72,2.3,0.62,5.58,2.35,6.9,,,,,,69.0,0.9,,0.0,0.0,16.0,,
2024-11-15 21:00:00,8.0,13.75,6.48,12.0,11.72,22.42,3.25,0.65,5.0,2.25,6.35,,,,,,70.0,0.85,,0.0,0.0,16.0,,
2024-11-15 22:00:00,7.5,14.25,7.0,13.42,12.78,22.4,4.03,0.64,4.6,2.12,6.42,,,,,,68.5,0.98,,0.0,0.0,16.0,,
2024-11-15 23:00:00,5.0,19.75,6.6,14.0,12.82,21.45,3.92,0.68,3.87,1.82,5.58,,,,,,68.75,0.45,,0.0,0.0,16.0,,
2024-11-16 00:00:00,3.5,24.25,6.52,12.38,11.9,20.52,4.05,0.66,4.21,1.6,5.12,,,,,,69.0,1.6,,0.0,0.0,16.0,,
2024-11-16 01:00:00,5.0,22.0,5.45,12.32,10.98,19.73,3.55,0.57,3.23,1.4,4.5,,,,,,69.5,0.88,,0.0,0.0,16.0,,
2024-11-16 02:00:00,,,4.53,10.92,9.48,18.75,4.12,0.57,5.23,1.2,4.03,,,,,,69.75,0.3,,0.0,0.0,16.0,,
2024-11-16 03:00:00,8.0,22.0,4.58,12.7,10.52,20.48,4.4,0.58,9.01,0.97,3.8,,,,,,69.25,0.3,,0.0,0.0,16.0,,
2024-11-16 04:00:00,7.67,25.0,5.85,13.25,11.8,20.25,3.15,0.61,6.12,1.1,4.55,,,,,,70.0,0.3,,0.0,0.0,16.0,,
2024-11-16 05:00:00,6.75,35.75,6.65,11.88,11.75,20.48,1.58,0.64,4.9,1.1,4.88,,,,,,70.5,0.32,,0.0,0.0,16.0,,
2024-11-16 06:00:00,7.25,48.75,8.98,11.8,13.58,22.28,2.7,0.73,5.98,1.1,5.25,,,,,,70.0,0.3,,0.0,0.0,39.0,,
2024-11-16 07:00:00,11.0,72.0,10.35,12.85,15.25,24.95,3.6,0.82,6.32,1.1,5.3,,,,,,69.75,0.7,,0.0,0.0,70.5,,
2024-11-16 08:00:00,9.75,59.5,8.68,13.88,14.42,25.35,3.6,0.74,7.15,1.1,5.3,,,,,,70.0,1.0,,0.0,0.0,184.75,,
2024-11-16 09:00:00,4.75,23.5,5.52,11.28,10.48,26.0,3.6,0.5,9.65,1.1,5.3,,,,,,69.25,2.6,,0.0,0.0,295.0,,
2024-11-16 10:00:00,1.25,31.25,3.25,10.98,8.48,28.5,2.63,0.21,13.72,1.03,3.9,,,,,,68.75,3.15,,0.0,0.0,372.75,,
2024-11-16 11:00:00,3.33,42.67,2.65,10.15,7.55,43.97,9.15,0.3,16.2,0.8,3.0,,,,,,67.0,3.13,,0.0,0.0,372.0,,
2024-11-16 12:00:00,5.75,41.5,5.6,11.93,10.9,36.53,6.52,0.3,7.99,0.92,3.25,,,,,,67.25,2.68,,0.25,0.25,218.75,,
2024-11-16 13:00:00,5.0,26.5,2.7,10.82,7.98,34.22,5.95,0.29,18.18,1.68,3.65,,,,,,66.5,2.52,,0.0,0.0,249.5,,
2024-11-16 14:00:00,5.5,28.0,3.18,10.58,8.22,36.25,5.7,0.3,23.03,1.65,3.75,,,,,,67.0,2.58,,0.0,0.0,204.75,,
2024-11-16 15:00:00,6.75,44.5,1.7,12.65,8.1,58.78,5.05,0.53,17.0,1.18,3.92,,,,,,64.25,3.1,,0.0,0.0,187.25,,
2024-11-16 16:00:00,6.5,40.25,4.53,12.82,10.5,38.52,5.18,0.72,19.45,1.15,3.88,,,,,,67.25,2.48,,0.0,0.0,95.5,,
2024-11-16 17:00:00,8.25,50.25,4.05,14.12,10.75,33.48,4.6,0.79,15.73,1.12,4.6,,,,,,68.25,1.1,358.5,0.0,0.0,17.75,,
2024-11-16 18:00:00,10.0,80.5,2.88,15.22,10.48,35.08,3.72,0.5,23.86,1.23,5.35,,,,,,67.0,2.02,,0.0,0.0,16.0,,
2024-11-16 19:00:00,11.75,86.0,2.6,17.2,11.28,36.17,3.25,0.14,22.24,1.35,5.1,,,,,,67.25,2.05,,0.0,0.0,16.0,,
2024-11-16 20:00:00,10.0,80.75,1.23,16.75,9.7,45.32,4.85,0.01,24.99,1.48,5.45,,,,,,66.25,1.85,,0.0,0.0,16.0,,
2024-11-16 21:00:00,15.0,87.75,1.33,18.27,10.88,57.82,3.4,0.34,25.38,1.45,5.22,,,,,,64.0,1.92,,0.0,0.0,16.0,,
2024-11-16 22:00:00,12.5,101.75,,19.75,12.52,66.53,,0.68,29.35,1.32,4.55,,,,,,64.0,1.98,,0.0,0.0,16.0,,
2024-11-16 23:00:00,13.75,100.5,,18.5,11.75,74.25,,0.64,32.44,1.25,3.95,,,,,,63.75,1.92,,0.0,0.0,16.0,,
2024-11-17 00:00:00,14.25,99.25,,16.3,11.22,75.62,,0.66,33.36,1.2,3.48,,,,,,63.25,1.95,,0.0,0.0,16.0,,
2024-11-17 01:00:00,18.0,98.0,,14.5,9.8,74.12,,0.65,32.39,1.12,3.1,,,,,,63.75,1.62,,0.0,0.0,16.0,,
2024-11-17 02:00:00,17.0,93.25,,13.3,9.3,72.75,,1.0,32.21,1.48,3.45,,,,,,63.25,1.82,,0.0,0.0,16.0,,
2024-11-17 03:00:00,14.0,96.75,,12.8,8.67,76.12,,0.84,33.32,1.55,3.52,,,,,,63.0,1.9,,0.0,0.0,16.0,,
2024-11-17 04:00:00,16.0,96.25,,13.12,9.68,69.47,,,32.78,2.2,4.92,,,,,,63.0,1.52,,0.0,0.0,16.0,,
2024-11-17 05:00:00,21.0,97.0,,12.2,10.1,68.5,,,32.83,2.12,4.32,,,,,,63.75,1.75,,0.0,0.0,16.0,,
2024-11-17 06:00:00,19.0,96.75,,14.88,11.55,63.53,,,28.86,2.7,5.38,,,,,,63.75,1.35,,0.0,0.0,26.0,,
2024-11-17 07:00:00,21.25,95.5,,14.52,9.78,57.6,,,35.18,2.1,4.88,,,,,,63.0,2.28,,0.0,0.0,95.75,,
2024-11-17 08:00:00,19.25,95.25,,,,,,,40.57,1.8,4.15,,,,,,63.25,2.8,,0.0,0.0,174.5,,
2024-11-17 09:00:00,19.0,97.0,,14.75,9.1,53.2,,,41.75,1.52,3.48,,,,,,62.75,3.25,,0.0,0.0,309.5,,
2024-11-17 10:00:00,16.25,89.5,2.2,12.6,8.6,58.35,,,48.46,1.12,2.4,,,,,,62.25,3.48,,0.0,0.0,347.5,,
2024-11-17 11:00:00,16.25,85.75,,,,,,,43.46,1.12,2.4,,,,,,62.5,3.68,,0.0,0.0,412.0,,
2024-11-17 12:00:00,13.25,85.75,5.77,11.23,10.63,36.0,5.53,0.75,48.56,0.88,2.15,,,,,,64.75,3.62,,0.0,0.0,326.75,,
2024-11-17 13:00:00,11.75,80.75,3.55,8.68,7.48,27.25,8.12,0.58,47.48,0.88,2.32,,,,,,64.5,3.7,,0.0,0.0,345.25,,
2024-11-17 14:00:00,14.0,87.5,2.88,10.62,7.95,25.12,6.35,0.12,45.38,0.85,1.85,,,,,,65.75,3.25,,0.0,0.0,171.0,,
2024-11-17 15:00:00,14.0,89.25,2.58,10.65,7.8,24.42,5.0,0.2,46.89,0.95,1.95,,,,,,65.25,3.25,,0.0,0.0,93.0,,
2024-11-17 16:00:00,14.0,80.25,2.65,10.48,7.78,23.4,5.98,0.32,46.99,1.0,1.95,,,,,,66.0,3.08,,0.0,0.0,53.5,,
2024-11-17 17:00:00,15.25,79.25,1.48,11.52,7.3,26.7,5.62,0.35,45.08,1.18,2.6,,,,,,65.5,2.72,,0.0,0.0,20.25,,
2024-11-17 18:00:00,18.75,84.25,4.5,11.08,7.6,35.67,4.47,0.39,43.51,1.42,3.42,,,,,,65.0,2.5,,0.0,0.0,16.0,,
2024-11-17 19:00:00,17.75,88.0,3.58,9.72,8.1,24.5,4.72,0.37,47.48,1.25,2.88,,,,,,64.75,2.55,,0.0,0.0,16.0,,
2024-11-17 20:00:00,17.25,88.25,2.55,8.18,6.45,22.48,4.2,0.49,52.33,1.23,2.48,,,,,,66.5,2.6,,0.0,0.0,16.0,,
2024-11-17 21:00:00,16.5,90.75,2.38,8.9,6.7,22.8,3.72,0.59,49.74,1.27,2.38,,,,,,66.75,2.02,,0.0,0.0,16.0,,
2024-11-17 22:00:00,11.25,96.75,2.72,9.5,7.28,23.1,1.85,0.56,49.1,1.35,2.6,,,,,,67.25,2.15,,0.0,0.0,16.0,,
2024-11-17 23:00:00,11.5,99.0,2.02,9.85,6.93,25.62,2.08,0.31,51.89,1.68,3.48,,,,,,67.0,1.95,,0.0,0.0,16.0,,
2024-11-18 00:00:00,17.25,99.25,0.83,10.9,6.7,41.15,2.87,0.76,48.61,1.6,3.12,,,,,,64.5,2.0,,0.0,0.0,16.25,,
2024-11-18 01:00:00,12.25,97.5,3.8,14.42,10.22,44.62,0.8,0.67,42.92,1.45,2.65,,,,,,63.25,1.82,,0.0,0.0,16.0,,
2024-11-18 02:00:00,13.0,87.25,4.62,10.85,9.52,29.18,5.88,0.53,46.19,1.15,2.05,,,,,,65.75,1.85,,0.0,0.0,16.0,,
2024-11-18 03:00:00,14.25,79.25,2.42,14.25,9.55,28.15,9.17,0.47,45.73,1.0,1.68,,,,,,67.25,1.88,,0.0,0.0,16.0,,
2024-11-18 04:00:00,18.25,77.25,2.98,11.05,8.28,25.38,5.38,0.5,45.82,0.9,1.52,,,,,,67.0,1.85,,0.0,0.0,16.0,,
2024-11-18 05:00:00,17.75,69.75,1.95,7.7,5.68,23.88,3.65,0.56,48.71,0.82,1.48,,,,,,67.5,2.05,,0.0,0.0,16.0,,
2024-11-18 06:00:00,13.75,71.5,2.5,8.88,6.75,22.48,2.88,0.52,45.23,0.8,1.27,,,,,,68.0,1.82,,0.0,0.0,28.75,,
2024-11-18 07:00:00,12.0,72.5,2.3,10.8,7.6,22.08,3.55,0.71,43.02,1.25,2.25,,,,,,67.0,2.3,,0.0,0.0,82.75,,
2024-11-18 08:00:00,9.0,81.0,2.15,9.35,6.78,24.25,2.5,0.57,48.12,1.85,3.5,,,,,,67.75,3.02,,0.0,0.0,182.5,,
2024-11-18 09:00:00,8.5,86.0,2.28,8.62,6.43,22.38,0.52,0.76,59.14,1.58,2.92,,,,,,67.25,3.8,,0.0,0.0,277.5,,
2024-11-18 10:00:00,9.33,93.67,1.0,9.53,5.37,40.83,2.75,0.84,62.65,1.55,2.9,,,,,,65.0,4.17,,0.0,0.0,314.0,,
2024-11-18 11:00:00,13.5,99.25,3.67,8.17,7.37,26.7,3.87,0.63,56.4,1.35,2.82,,,,,,66.75,3.82,,0.0,0.0,411.25,,
2024-11-18 12:00:00,12.0,107.75,2.53,7.73,6.23,30.1,4.4,0.74,59.04,1.18,2.58,,,,,,65.75,3.72,,0.0,0.0,366.0,,
2024-11-18 13:00:00,12.0,111.5,2.82,7.08,6.05,24.45,4.72,0.68,56.74,1.1,2.35,,,,,,66.5,3.82,,0.0,0.0,244.0,,
2024-11-18 14:00:00,12.25,105.75,2.4,8.6,6.55,30.02,6.92,0.85,56.89,1.08,2.1,,,,,,66.25,3.62,,0.0,0.0,173.25,,
2024-11-18 15:00:00,16.75,101.25,2.88,8.4,6.88,25.42,8.3,0.81,58.46,1.15,2.28,,,,,,66.0,3.7,,0.0,0.0,123.75,,
2024-11-18 16:00:00,24.5,100.0,2.98,8.22,6.78,23.75,7.32,0.86,60.22,1.3,2.45,,,,,,66.25,3.35,,0.0,0.0,70.5,,
2024-11-18 17:00:00,12.5,102.5,2.17,8.23,6.12,21.88,4.47,0.91,62.77,1.2,2.62,,,,,,66.75,3.02,,0.0,0.0,19.75,,
2024-11-18 18:00:00,8.25,98.5,2.08,7.52,5.7,21.18,3.92,0.88,60.37,1.1,2.4,,,,,,67.25,2.8,,0.0,0.0,16.0,,
2024-11-18 19:00:00,9.0,89.75,1.8,8.1,5.78,22.35,3.82,0.92,59.1,1.27,2.7,,,,,,66.75,2.65,,0.0,0.0,16.0,,
2024-11-18 20:00:00,11.0,84.75,2.15,7.48,5.78,20.98,1.83,1.0,60.47,1.25,2.82,,,,,,67.5,2.48,,0.0,0.0,16.0,,
2024-11-18 21:00:00,15.0,82.75,2.0,6.82,5.22,25.05,2.22,1.02,60.07,1.27,2.9,,,,,,66.75,2.48,,0.0,0.0,16.0,,
2024-11-18 22:00:00,10.75,84.5,2.48,7.0,5.72,21.38,2.92,1.0,61.54,1.5,3.22,,,,,,66.5,2.38,,0.0,0.0,16.0,,
2024-11-18 23:00:00,13.75,75.0,2.38,9.2,6.82,20.88,3.0,0.86,57.09,1.9,4.1,,,,,,67.0,2.38,,0.0,0.0,16.0,,
2024-11-19 00:00:00,8.25,78.0,2.42,9.18,6.88,20.52,2.62,0.52,57.28,1.82,4.05,,,,,,67.25,2.38,,0.0,0.0,16.0,,
2024-11-19 01:00:00,11.0,79.5,2.45,11.42,8.05,20.75,0.95,0.63,51.25,1.7,3.8,,,,,,68.25,2.1,,0.0,0.0,16.0,,
2024-11-19 02:00:00,8.0,82.5,2.2,11.4,7.82,20.15,3.82,0.73,47.69,1.88,4.08,,,,,,67.5,1.98,,0.0,0.0,16.0,,
2024-11-19 03:00:00,8.75,80.5,2.38,8.0,6.15,20.72,5.42,0.78,52.98,1.92,4.35,,,,,,69.0,1.55,,0.0,0.0,16.0,,
2024-11-19 04:00:00,11.25,85.25,2.4,7.9,6.18,19.25,3.92,0.79,51.55,2.08,5.22,,,,,,68.75,2.05,,0.0,0.0,16.0,,
2024-11-19 05:00:00,11.0,82.0,2.45,10.18,7.42,19.42,2.8,0.89,44.15,1.95,4.6,,,,,,68.75,1.27,,0.0,0.0,16.0,,
2024-11-19 06:00:00,9.0,100.25,2.15,9.35,6.75,18.65,1.9,0.91,27.0,1.62,3.82,,,,,,69.5,0.6,352.0,0.0,0.0,20.25,,
2024-11-19 07:00:00,10.75,112.25,2.28,9.3,6.82,18.58,1.7,0.97,27.04,1.5,4.68,,,,,,69.75,0.85,,0.0,0.0,60.75,,
2024-11-19 08:00:00,7.0,116.75,2.33,9.65,6.98,18.77,2.95,0.97,30.77,1.5,5.05,,,,,,69.0,2.3,,0.0,0.0,171.75,,
2024-11-19 09:00:00,8.0,112.0,2.65,11.65,8.32,19.12,2.75,0.84,51.16,1.25,3.55,,,,,,68.75,4.18,,0.0,0.0,276.5,,
2024-11-19 10:00:00,11.0,116.5,2.82,14.75,10.1,23.05,6.47,0.78,48.02,1.1,2.42,,,,,,68.0,4.05,,0.0,0.0,304.75,,
2024-11-19 11:00:00,12.25,122.0,3.67,23.63,15.57,23.78,11.37,0.77,39.98,1.1,2.38,,,,,,68.5,4.0,,0.0,0.0,246.75,,
2024-11-19 12:00:00,15.25,140.75,2.97,16.67,11.27,24.0,10.92,0.6,47.87,1.08,2.8,,,,,,68.75,3.18,,0.0,0.0,169.25,,
2024-11-19 13:00:00,13.75,111.5,1.68,20.4,12.22,35.58,22.0,0.54,46.16,1.17,3.35,,,,,,66.0,3.45,,0.0,0.0,150.25,,
2024-11-19 14:00:00,14.25,120.25,3.15,22.38,14.5,32.82,15.38,0.3,37.0,1.3,3.95,,,,,,66.0,3.65,,0.0,0.0,143.0,,
2024-11-19 15:00:00,9.75,104.25,2.62,16.38,10.85,36.8,11.52,0.55,47.68,1.42,3.4,,,,,,65.5,3.82,,0.0,0.0,132.0,,
2024-11-19 16:00:00,11.75,105.0,3.95,21.4,14.58,27.83,12.52,0.58,39.74,1.5,3.65,,,,,,67.0,3.45,,0.0,0.0,86.0,,
2024-11-19 17:00:00,11.0,116.25,2.8,19.88,12.82,27.45,11.8,0.45,44.05,1.72,4.15,,,,,,67.0,3.48,,0.0,0.0,21.25,,
2024-11-19 18:00:00,11.0,90.75,2.12,14.75,9.57,25.4,6.98,0.42,48.95,1.52,3.88,,,,,,67.0,3.12,,0.0,0.0,16.0,,
2024-11-19 19:00:00,10.25,74.25,2.42,9.93,7.25,23.12,4.5,0.58,55.27,1.7,4.07,,,,,,68.0,3.12,,0.0,0.0,16.0,,
2024-11-19 20:00:00,7.5,70.0,2.4,7.65,6.0,21.75,4.2,0.56,56.69,1.72,4.1,,,,,,67.75,2.65,,0.0,0.0,16.0,,
2024-11-19 21:00:00,6.5,65.5,2.45,7.35,5.85,20.72,3.8,0.6,55.76,1.82,4.58,,,,,,67.75,2.45,,0.0,0.0,16.0,,
2024-11-19 22:00:00,8.0,69.25,2.0,6.7,5.2,20.0,2.33,0.52,60.02,1.72,4.38,,,,,,68.5,2.62,,0.0,0.0,16.0,,
2024-11-19 23:00:00,7.5,65.5,2.58,5.75,5.2,19.75,1.38,0.54,59.68,1.38,3.52,,,,,,68.25,2.58,,0.0,0.0,16.0,,
2024-11-20 00:00:00,6.5,60.25,2.05,5.65,4.7,19.55,2.42,0.42,58.75,1.2,2.9,,,,,,68.5,2.35,,0.0,0.0,16.0,,
2024-11-20 01:00:00,8.0,60.25,2.2,6.0,5.0,19.62,2.9,0.52,52.62,1.35,3.12,,,,,,69.25,1.78,,0.0,0.0,16.0,,
2024-11-20 02:00:00,7.75,66.0,2.12,7.38,5.65,19.77,1.57,0.62,50.7,1.48,3.75,,,,,,68.75,1.92,,0.0,0.0,16.0,,
2024-11-20 03:00:00,6.0,62.0,2.03,7.05,5.42,21.42,1.27,0.66,48.67,2.08,4.82,,,,,,69.0,1.68,,0.0,0.0,16.0,,
2024-11-20 04:00:00,3.5,61.0,2.58,7.42,6.0,19.77,1.7,0.64,48.85,2.3,5.32,,,,,,69.75,2.02,,0.0,0.0,16.0,,
2024-11-20 05:00:00,6.5,67.0,2.55,7.05,5.85,19.88,2.8,0.63,50.32,2.12,5.0,,,,,,68.75,1.78,,0.0,0.0,16.0,,
2024-11-20 06:00:00,10.0,69.75,2.25,7.25,5.7,19.75,3.4,0.56,50.32,2.02,4.92,,,,,,69.5,2.1,,0.0,0.0,25.5,,
2024-11-20 07:00:00,6.75,81.25,2.6,7.8,6.22,20.72,3.32,0.48,53.17,1.9,4.43,,,,,,69.75,2.42,,0.0,0.0,94.75,,
2024-11-20 08:00:00,7.75,88.5,2.65,7.0,5.88,20.58,4.2,0.45,59.73,1.82,4.12,,,,,,69.25,3.3,,0.0,0.0,205.25,,
2024-11-20 09:00:00,12.5,82.75,2.2,6.72,5.35,22.45,5.52,0.41,65.22,1.42,3.05,,,,,,68.5,4.0,,0.0,0.0,295.25,,
2024-11-20 10:00:00,10.0,88.5,1.58,8.1,5.58,29.88,7.17,0.37,58.16,1.23,2.45,,,,,,67.5,3.85,,0.0,0.0,364.75,,
2024-11-20 11:00:00,7.25,90.0,2.77,9.3,7.17,24.2,5.03,0.44,54.58,1.0,1.95,,,,,,67.75,3.5,,0.0,0.0,389.5,,
2024-11-20 12:00:00,8.0,93.25,1.2,11.43,7.03,41.8,7.0,0.39,54.15,1.0,2.42,,,,,,66.25,3.38,,0.0,0.0,350.0,,
2024-11-20 13:00:00,8.25,101.25,3.12,10.12,7.95,31.28,3.85,0.59,49.54,0.98,2.65,,,,,,66.0,3.18,,0.0,0.0,277.5,,
2024-11-20 14:00:00,10.0,101.0,2.82,14.75,10.15,35.62,9.62,0.75,44.4,0.95,2.12,,,,,,65.75,3.0,,0.0,0.0,156.75,,
2024-11-20 15:00:00,12.5,112.5,2.6,17.77,11.58,36.1,12.9,0.88,41.89,0.98,2.55,,,,,,65.0,2.8,,0.0,0.0,123.25,,
2024-11-20 16:00:00,10.25,102.25,3.4,12.82,9.57,26.05,11.12,0.86,44.74,0.95,2.48,,,,,,66.25,2.42,,0.0,0.0,84.75,,
2024-11-20 17:00:00,7.5,101.25,2.95,12.88,9.25,24.22,9.1,0.84,41.16,1.0,2.38,,,,,,68.25,1.85,,0.0,0.0,19.0,,
2024-11-20 18:00:00,5.75,93.5,2.42,10.3,7.48,22.65,5.15,0.73,43.61,1.3,3.55,,,,,,67.5,1.72,,0.0,0.0,16.0,,
2024-11-20 19:00:00,5.5,84.25,2.35,9.82,7.15,21.6,2.35,0.62,40.57,1.68,4.42,,,,,,68.0,1.4,,0.0,0.0,16.0,,
2024-11-20 20:00:00,7.0,78.75,2.42,11.22,7.92,21.68,6.7,0.6,36.95,1.75,5.08,,,,,,68.0,1.3,,0.0,0.0,16.0,,
2024-11-20 21:00:00,8.25,77.0,2.22,12.32,8.4,21.32,8.3,0.55,36.85,1.68,5.0,,,,,,68.25,1.75,,0.0,0.0,16.0,,
2024-11-20 22:00:00,11.0,75.0,2.42,11.7,8.18,20.78,4.85,0.54,40.86,1.95,6.0,,,,,,67.25,1.7,,0.0,0.0,16.0,,
2024-11-20 23:00:00,8.0,75.25,2.08,10.9,7.5,20.25,3.08,0.47,40.92,1.75,5.22,,,,,,67.25,1.98,,0.0,0.0,16.0,,
2024-11-21 00:00:00,8.0,66.25,2.17,13.15,8.75,20.42,2.8,0.46,42.58,2.33,6.62,,,,,,68.5,2.58,,0.0,0.0,16.0,,
2024-11-21 01:00:00,8.25,64.0,2.7,15.1,10.2,20.85,1.38,0.49,44.49,1.98,5.8,,,,,,67.75,3.0,,0.0,0.0,16.0,,
2024-11-21 02:00:00,8.75,62.25,2.28,14.48,9.57,21.28,2.82,0.51,48.61,1.68,5.25,,,,,,68.5,2.7,,0.0,0.0,16.0,,
2024-11-21 03:00:00,7.25,57.0,2.25,9.68,7.0,22.3,4.6,0.5,54.1,1.72,5.03,,,,,,68.25,2.52,,0.0,0.0,16.0,,
2024-11-21 04:00:00,6.0,59.25,2.42,8.25,6.35,20.4,4.78,0.51,50.96,1.75,4.88,,,,,,68.0,2.17,,0.0,0.0,16.0,,
2024-11-21 05:00:00,8.75,66.25,1.8,8.85,6.18,20.35,4.78,0.5,50.56,1.88,5.03,,,,,,69.0,2.28,,0.0,0.0,16.0,,
2024-11-21 06:00:00,8.75,68.75,2.17,10.1,7.15,20.72,2.9,0.48,47.97,1.9,4.7,,,,,,69.75,2.12,,0.0,0.0,17.25,,
2024-11-21 07:00:00,10.5,75.75,2.0,9.18,6.5,20.85,1.12,0.5,49.83,1.92,4.85,,,,,,69.0,2.22,,0.0,0.0,59.75,,
2024-11-21 08:00:00,9.0,82.25,2.1,8.02,6.0,21.52,3.55,0.53,55.62,1.52,3.78,,,,,,69.0,2.8,,0.0,0.0,177.0,,
2024-11-21 09:00:00,9.67,90.75,2.48,9.8,7.25,22.08,4.2,0.54,54.58,1.15,2.9,,,,,,70.5,3.12,,0.0,0.0,265.25,,
2024-11-21 10:00:00,9.75,101.75,2.38,10.15,7.35,24.1,2.7,0.53,57.62,1.0,2.22,,,,,,68.75,3.65,,0.0,0.0,250.25,,
2024-11-21 11:00:00,6.0,92.0,2.8,13.23,9.3,25.1,3.95,0.54,52.59,1.07,2.53,,,,,,68.67,2.97,,0.0,0.0,130.0,,
2024-11-21 12:00:00,9.5,112.5,1.18,12.85,7.8,43.82,13.95,0.54,55.27,1.23,3.0,,,,,,65.0,3.08,,0.0,0.0,238.5,,
2024-11-21 13:00:00,11.5,111.0,3.42,12.85,9.62,30.7,8.4,0.56,58.66,1.12,2.8,,,,,,67.75,3.1,,0.0,0.0,226.0,,
2024-11-21 14:00:00,12.75,116.5,3.05,17.0,11.52,28.82,10.55,0.55,54.15,1.02,2.12,,,,,,68.25,3.25,,0.0,0.0,183.25,,
2024-11-21 15:00:00,11.25,134.25,2.75,22.85,14.4,32.62,12.95,0.58,44.2,1.23,2.38,,,,,,67.5,2.58,341.0,0.0,0.0,155.5,,
2024-11-21 16:00:00,9.75,134.75,2.68,19.8,12.7,27.7,13.08,0.6,47.04,1.18,2.58,,,,,,67.25,2.72,340.0,0.0,0.0,68.0,,
2024-11-21 17:00:00,11.75,123.25,2.42,19.02,12.08,26.45,11.0,0.56,46.26,1.18,2.88,,,,,,68.5,2.78,,0.0,0.0,19.75,,
2024-11-21 18:00:00,11.25,114.75,2.5,15.9,10.4,25.5,10.2,0.63,49.39,1.25,3.2,,,,,,67.75,2.22,,0.0,0.0,16.0,,
2024-11-21 19:00:00,12.0,104.0,1.98,13.02,8.52,24.35,9.45,0.7,49.05,1.62,4.15,,,,,,68.0,2.08,,0.0,0.0,16.0,,
2024-11-21 20:00:00,11.0,99.5,2.28,11.68,8.0,23.52,7.35,0.72,52.82,1.85,4.58,,,,,,68.5,2.02,,0.0,0.0,16.0,,
2024-11-21 21:00:00,9.0,94.25,2.3,9.98,7.18,26.42,5.85,0.76,67.08,1.9,4.6,,,,,,68.5,1.85,,0.0,0.0,16.0,,
2024-11-21 22:00:00,11.25,92.0,2.15,9.05,6.58,25.52,4.8,0.64,52.48,2.0,4.85,,,,,,68.75,1.78,,0.0,0.0,16.0,,
2024-11-21 23:00:00,9.0,90.25,1.42,12.65,7.9,31.5,4.45,0.6,50.13,2.15,5.22,,,,,,66.75,2.0,,0.0,0.0,16.0,,
2024-11-22 00:00:00,9.0,85.0,2.72,14.15,9.75,29.3,6.18,0.55,41.31,2.32,5.35,,,,,,67.25,1.65,,0.0,0.0,16.0,,
2024-11-22 01:00:00,9.5,87.75,3.1,17.25,11.62,25.62,6.42,0.53,33.12,2.02,4.8,,,,,,69.0,0.95,,0.0,0.0,16.0,,
2024-11-22 02:00:00,10.25,97.75,2.45,12.92,8.88,28.9,6.35,0.61,32.34,1.65,3.6,,,,,,68.75,0.82,354.0,0.0,0.0,16.0,,
2024-11-22 03:00:00,7.75,96.5,2.05,10.42,7.22,27.92,6.38,0.6,21.24,1.42,3.25,,,,,,69.5,0.55,353.33,0.0,0.0,16.0,,
2024-11-22 04:00:00,7.5,80.5,2.48,8.72,6.62,23.18,3.55,0.62,22.0,1.3,3.28,,,,,,69.75,0.65,336.0,0.0,0.0,16.0,,
2024-11-22 05:00:00,8.5,99.0,2.85,8.62,6.95,24.6,2.1,0.68,20.24,1.2,3.3,,,,,,69.5,0.62,342.0,0.0,0.0,16.0,,
2024-11-22 06:00:00,6.5,120.0,2.62,8.78,6.78,23.52,5.08,0.75,14.31,1.2,3.3,,,,,,70.25,0.65,359.0,0.0,0.0,28.0,,
2024-11-22 07:00:00,6.0,111.25,3.7,10.95,8.85,23.88,8.52,0.76,13.77,1.2,3.3,,,,,,70.0,1.4,,0.0,0.0,113.25,,
2024-11-22 08:00:00,8.5,111.75,3.02,9.0,7.22,25.05,4.53,0.75,21.32,1.2,3.3,,,,,,69.0,1.72,349.0,0.0,0.0,215.0,,
2024-11-22 09:00:00,8.0,113.0,2.52,9.3,7.02,25.88,2.55,0.76,27.93,1.2,3.3,,,,,,69.25,1.85,340.25,0.0,0.0,300.0,,
2024-11-22 10:00:00,10.25,119.5,2.95,13.68,9.65,30.7,4.8,0.74,32.44,1.2,3.3,,,,,,69.75,2.22,349.25,0.0,0.0,257.25,,
2024-11-22 11:00:00,8.75,115.75,1.6,14.43,8.93,51.03,17.23,0.68,37.92,1.08,2.78,,,,,,66.25,2.45,355.0,0.0,0.0,172.0,,
2024-11-22 12:00:00,10.25,99.25,2.5,9.47,7.13,51.67,9.3,0.74,42.48,1.02,2.95,,,,,,64.5,2.65,332.0,0.0,0.0,257.0,,
2024-11-22 13:00:00,10.0,95.0,3.8,6.08,6.3,27.25,4.62,0.43,54.14,0.9,2.5,,,,,,68.0,3.08,334.5,0.0,0.0,272.75,,
2024-11-22 14:00:00,14.0,91.5,1.95,6.72,5.15,40.35,7.12,0.46,54.1,0.8,1.85,,,,,,65.75,2.78,336.25,0.0,0.0,214.25,,
2024-11-22 15:00:00,9.0,102.25,3.3,11.58,8.85,28.62,9.78,0.63,47.82,0.75,1.48,,,,,,67.0,2.75,350.67,0.0,0.0,153.0,,
2024-11-22 16:00:00,13.5,117.25,3.12,18.47,12.4,28.38,11.08,0.63,44.49,1.02,2.6,,,,,,67.5,3.08,347.5,0.0,0.0,78.0,,
2024-11-22 17:00:00,16.25,127.5,2.55,17.0,11.1,28.52,8.85,0.63,51.99,1.4,3.18,,,,,,67.75,2.98,,0.0,0.0,23.0,,
2024-11-22 18:00:00,11.5,108.0,2.22,14.75,9.72,26.22,7.3,0.64,47.09,1.58,3.5,,,,,,66.25,2.35,,0.0,0.0,16.0,,
2024-11-22 19:00:00,13.75,96.25,2.08,13.65,8.95,24.78,6.28,0.66,44.93,1.5,3.52,,,,,,68.75,2.17,,0.0,0.0,16.0,,
2024-11-22 20:00:00,14.25,96.75,2.58,13.52,9.22,23.88,7.48,0.71,42.43,1.58,3.72,,,,,,68.0,2.0,,0.0,0.0,16.0,,
2024-11-22 21:00:00,8.25,122.75,2.62,14.82,10.02,23.72,6.58,0.72,38.91,1.25,2.95,,,,,,68.5,1.7,,0.0,0.0,16.0,,
2024-11-22 22:00:00,8.0,122.25,2.48,13.38,9.2,26.38,3.62,0.71,38.86,1.18,2.62,,,,,,68.5,1.23,,0.0,0.0,16.0,,
2024-11-22 23:00:00,12.75,125.75,2.88,11.6,8.52,25.12,2.38,0.72,34.16,1.27,2.62,,,,,,68.75,0.9,,0.0,0.0,16.0,,
2024-11-23 00:00:00,8.25,122.5,2.5,8.8,6.72,21.92,3.88,0.72,30.87,1.18,2.4,,,,,,70.25,0.57,,0.0,0.0,16.0,,
2024-11-23 01:00:00,5.75,87.25,2.28,7.3,5.75,20.32,4.4,0.7,32.98,1.1,2.68,,,,,,69.75,0.95,332.0,0.0,0.0,16.0,,
2024-11-23 02:00:00,6.0,90.75,2.35,7.08,5.65,20.62,2.55,0.69,27.57,1.1,2.98,,,,,,70.0,0.95,344.0,0.0,0.0,16.0,,
2024-11-23 03:00:00,9.75,112.75,2.12,7.12,5.55,22.28,2.75,0.69,26.2,1.18,3.38,,,,,,69.75,0.52,338.5,0.0,0.0,16.0,,
2024-11-23 04:00:00,10.67,127.75,2.42,8.05,6.25,20.82,1.83,0.68,22.69,1.2,3.5,,,,,,70.25,0.77,322.0,0.0,0.0,16.0,,
2024-11-23 05:00:00,7.5,130.75,2.45,7.32,5.82,21.72,3.08,0.66,25.18,1.2,3.5,,,,,,69.0,0.85,357.0,0.0,0.0,16.0,,
2024-11-23 06:00:00,6.5,126.5,2.55,7.02,5.8,20.2,4.08,0.64,24.64,1.2,3.5,,,,,,69.5,0.8,,0.0,0.0,23.0,,
2024-11-23 07:00:00,8.25,105.5,2.58,7.25,5.92,20.32,6.05,0.66,29.11,1.2,3.5,,,,,,70.25,1.15,,0.0,0.0,72.5,,
2024-11-23 08:00:00,10.0,103.75,2.33,6.5,5.35,21.22,3.08,0.63,33.47,1.2,3.5,,,,,,69.25,1.65,,0.0,0.0,192.25,,
2024-11-23 09:00:00,11.75,109.25,2.52,5.95,5.25,22.05,2.3,0.44,41.16,1.2,3.5,,,,,,70.5,2.1,346.5,0.0,0.0,239.0,,
2024-11-23 10:00:00,7.5,98.25,2.28,4.95,4.53,24.65,1.1,0.29,46.65,1.12,3.75,,,,,,69.5,2.52,333.5,0.0,0.0,313.5,,
2024-11-23 11:00:00,6.25,93.25,1.1,6.13,4.17,41.1,6.53,0.28,43.76,1.05,4.75,,,,,,67.0,2.4,333.0,0.0,0.0,271.5,,
2024-11-23 12:00:00,8.25,102.25,1.67,12.77,8.2,52.03,11.8,0.66,38.66,1.1,4.3,,,,,,65.0,2.88,335.0,0.0,0.0,223.5,,
2024-11-23 13:00:00,12.25,98.5,4.25,10.82,9.18,27.15,5.7,0.55,41.36,0.88,2.9,,,,,,66.5,2.98,353.0,0.0,0.0,123.0,,
2024-11-23 14:00:00,12.5,94.5,3.72,15.32,11.18,25.4,9.95,0.53,35.18,0.75,2.22,,,,,,67.75,2.28,,0.0,0.0,94.75,,
2024-11-23 15:00:00,10.25,96.75,2.72,13.05,9.2,25.22,11.0,0.65,39.0,0.7,2.42,,,,,,67.25,2.5,,0.0,0.0,57.0,,
2024-11-23 16:00:00,8.25,98.0,2.62,14.0,9.6,25.1,7.48,0.76,34.25,0.8,2.6,,,,,,67.75,2.92,,0.0,0.0,22.5,,
2024-11-23 17:00:00,9.5,92.5,2.72,18.05,11.82,23.65,4.08,0.72,24.6,1.15,2.88,,,,,,68.25,2.6,,0.0,0.0,16.5,,
2024-11-23 18:00:00,10.0,79.75,2.5,17.32,11.22,22.38,5.38,0.48,24.89,1.27,3.22,,,,,,68.0,2.55,,0.0,0.0,16.0,,
2024-11-23 19:00:00,7.0,62.75,2.6,13.35,9.2,21.48,5.2,0.57,29.55,1.42,3.3,,,,,,68.0,2.35,,0.0,0.0,16.0,,
2024-11-23 20:00:00,7.5,62.5,2.7,12.35,8.78,20.9,5.45,0.6,29.16,1.65,3.7,,,,,,68.5,2.62,,0.0,0.0,16.0,,
2024-11-23 21:00:00,9.0,67.25,2.6,10.38,7.6,19.9,5.42,0.44,32.34,1.7,3.8,,,,,,68.5,2.08,,0.0,0.0,16.0,,
2024-11-23 22:00:00,8.75,49.0,2.35,10.52,7.48,21.28,7.4,0.39,26.26,1.7,4.22,,,,,,68.75,2.17,,0.0,0.0,16.0,,
2024-11-23 23:00:00,6.75,47.75,1.95,12.18,8.15,21.05,7.75,0.4,26.71,1.23,3.2,,,,,,68.5,2.0,,0.0,0.0,16.0,,
2024-11-24 00:00:00,4.0,53.0,2.55,11.98,8.48,19.5,4.62,0.52,27.83,1.02,2.68,,,,,,68.5,2.05,,0.0,0.0,16.0,,
2024-11-24 01:00:00,7.25,52.25,2.17,9.02,6.58,20.42,3.0,0.58,32.98,0.82,2.1,,,,,,68.0,1.95,,0.0,0.0,16.0,,
2024-11-24 02:00:00,7.75,49.5,2.25,8.85,6.55,27.3,5.62,0.54,26.53,0.8,2.22,,,,,,67.0,1.72,,0.0,0.0,16.0,,
2024-11-24 03:00:00,6.5,47.5,2.48,8.28,6.42,28.32,6.42,0.69,27.96,1.32,3.05,,,,,,67.0,1.5,,0.0,0.0,16.0,,
2024-11-24 04:00:00,5.0,47.25,2.17,10.6,7.48,37.25,6.35,0.68,21.95,2.22,5.42,,,,,,66.5,0.82,,0.0,0.0,16.0,,
2024-11-24 05:00:00,5.25,52.5,3.72,9.25,7.9,29.9,5.95,0.68,13.82,1.8,4.72,,,,,,68.5,0.38,354.5,0.0,0.0,16.0,,
2024-11-24 06:00:00,6.0,62.0,3.32,9.07,7.52,38.75,4.58,0.62,11.91,1.8,5.08,,,,,,66.75,0.5,318.0,0.0,0.0,17.25,,
2024-11-24 07:00:00,6.25,79.0,5.0,7.85,8.2,28.52,3.4,0.66,15.63,1.62,5.03,,,,,,68.5,0.95,341.0,0.0,0.0,34.5,,
2024-11-24 08:00:00,7.5,86.25,3.97,6.4,6.6,24.6,3.42,0.86,18.38,1.45,4.3,,,,,,68.25,1.1,,0.0,0.0,124.75,,
2024-11-24 09:00:00,8.75,90.0,3.35,6.45,6.1,23.12,2.3,0.63,19.84,1.32,3.92,,,,,,69.0,1.48,,0.0,0.0,163.75,,
2024-11-24 10:00:00,7.75,87.75,3.25,10.52,8.22,23.62,4.03,0.35,23.03,1.25,3.62,,,,,,69.0,2.55,,0.0,0.0,155.5,,
2024-11-24 11:00:00,6.75,83.75,3.07,12.83,9.3,23.12,10.0,0.5,32.53,1.15,2.92,,,,,,68.75,3.15,,0.0,0.0,163.0,,
2024-11-24 12:00:00,6.33,88.75,1.63,16.17,9.93,29.4,14.55,0.65,34.01,1.2,2.55,,,,,,67.75,2.95,,0.0,0.0,178.5,,
2024-11-24 13:00:00,9.25,82.25,3.32,18.82,12.7,29.15,15.18,0.65,30.67,1.15,3.42,,,,,,66.5,3.38,,0.0,0.0,188.5,,
2024-11-24 14:00:00,14.25,87.0,2.9,12.52,9.02,20.32,8.12,0.48,39.05,1.03,2.78,,,,,,67.25,3.0,,0.0,0.0,143.75,,
2024-11-24 15:00:00,8.75,76.75,3.42,21.52,14.22,21.22,6.85,0.54,31.8,1.05,3.32,,,,,,67.25,3.35,,0.0,0.0,101.5,,
2024-11-24 16:00:00,8.75,88.25,3.45,23.22,15.12,22.28,6.75,0.61,27.88,1.27,4.42,,,,,,68.25,2.9,,0.0,0.0,62.25,,
2024-11-24 17:00:00,9.75,82.5,2.2,24.92,15.05,27.28,8.12,0.64,27.73,1.38,4.58,,,,,,66.5,2.82,,0.0,0.0,23.75,,
2024-11-24 18:00:00,7.25,86.0,1.08,18.85,10.9,38.8,10.78,0.5,35.23,1.68,5.92,,,,,,65.0,2.38,,0.0,0.0,16.0,,
2024-11-24 19:00:00,11.0,74.75,1.47,12.28,7.92,45.35,6.53,0.76,40.18,2.22,5.6,,,,,,64.0,2.65,,0.0,0.0,16.0,,
2024-11-24 20:00:00,11.25,74.75,2.7,9.57,6.95,51.32,4.7,0.81,42.29,2.22,4.92,,,,,,63.5,2.58,,0.0,0.0,16.0,,
2024-11-24 21:00:00,10.75,71.25,4.18,7.93,7.65,33.02,5.3,0.77,44.88,1.88,2.82,,,,,,65.75,2.4,,0.0,0.0,16.0,,
2024-11-24 22:00:00,7.0,80.75,2.33,7.85,6.08,32.5,5.62,0.62,43.42,1.75,3.45,,,,,,66.0,2.42,,0.0,0.0,16.0,,
2024-11-24 23:00:00,8.0,78.75,1.88,10.42,7.08,28.4,5.7,0.57,45.37,2.0,4.0,,,,,,66.25,2.55,,0.0,0.0,16.0,,
2024-11-25 00:00:00,11.0,77.0,1.98,11.62,7.75,26.42,6.15,0.72,40.13,1.95,3.85,,,,,,66.5,2.35,,0.0,0.0,16.0,,
2024-11-25 01:00:00,10.0,85.75,2.62,17.1,11.2,22.92,6.35,0.89,35.08,1.75,3.65,,,,,,67.75,2.0,,0.0,0.0,16.0,,
2024-11-25 02:00:00,8.25,94.25,2.5,17.48,11.32,21.68,6.55,0.93,31.82,1.65,3.6,,,,,,68.25,1.65,,0.0,0.0,16.0,,
2024-11-25 03:00:00,11.0,88.75,2.62,8.5,6.65,21.55,6.48,0.89,34.36,1.48,3.2,,,,,,68.75,0.88,356.0,0.0,0.0,16.0,,
2024-11-25 04:00:00,7.25,70.5,1.9,7.6,5.18,27.2,6.5,0.88,27.44,1.35,3.18,,,,,,67.25,0.85,,0.0,0.0,16.0,,
2024-11-25 05:00:00,5.0,75.0,1.68,7.9,5.55,36.88,4.88,0.88,19.16,1.5,3.62,,,,,,65.5,0.95,330.0,0.0,0.0,16.0,,
2024-11-25 06:00:00,6.5,86.0,4.08,6.95,7.08,33.67,5.52,0.84,19.45,1.42,3.65,,,,,,67.0,0.92,,0.0,0.0,20.0,,
2024-11-25 07:00:00,10.25,94.75,4.35,6.65,7.05,24.32,6.15,0.8,21.56,1.27,3.45,,,,,,67.75,1.18,,0.0,0.0,67.25,,
2024-11-25 08:00:00,7.75,102.75,2.08,7.95,5.95,31.7,4.08,0.79,24.74,1.27,3.65,,,,,,67.0,1.9,,0.0,0.0,155.75,,
2024-11-25 09:00:00,8.0,103.25,2.7,7.3,6.08,33.45,2.88,0.96,29.6,1.3,3.42,,,,,,66.0,2.12,,0.0,0.0,205.5,,
2024-11-25 10:00:00,11.75,109.25,3.62,7.15,6.75,29.18,3.02,0.99,38.22,1.18,2.82,,,,,,66.5,3.02,,0.0,0.0,313.75,,
2024-11-25 11:00:00,14.0,118.0,1.8,7.15,5.25,38.95,5.4,0.85,59.33,1.17,1.97,,,,,,65.33,3.7,,0.0,0.0,146.33,,
2024-11-25 12:00:00,29.0,123.25,1.5,12.83,8.07,39.0,5.42,0.86,50.91,1.1,1.72,,,,,,65.0,3.48,,0.0,0.0,129.5,,
2024-11-25 13:00:00,28.75,122.75,2.35,11.35,7.98,39.38,7.0,0.73,66.84,1.15,2.22,,,,,,64.5,3.62,,0.0,0.0,142.75,,
2024-11-25 14:00:00,27.25,112.0,2.77,8.82,6.72,39.88,5.77,0.84,55.62,1.0,1.65,,,,,,64.5,3.22,,0.0,0.0,93.25,,
2024-11-25 15:00:00,25.5,116.5,4.0,8.2,7.6,28.35,3.8,0.84,48.8,1.1,2.0,,,,,,66.75,2.9,,0.0,0.0,39.0,,
2024-11-25 16:00:00,27.75,116.0,2.95,10.38,7.88,25.7,5.58,0.66,47.38,1.15,2.33,,,,,,66.0,2.38,,0.0,0.0,43.5,,
2024-11-25 17:00:00,30.25,125.25,2.33,11.18,7.85,23.62,5.15,0.7,44.54,1.15,3.08,,,,,,65.5,1.92,,0.0,0.0,19.0,,
2024-11-25 18:00:00,29.25,115.5,2.62,9.12,7.02,21.92,5.5,0.86,40.47,1.12,3.75,,,,,,67.75,1.35,,0.0,0.0,16.0,,
2024-11-25 19:00:00,25.75,109.5,2.78,8.62,6.85,20.48,5.48,0.95,38.17,1.25,3.95,,,,,,68.0,1.4,,0.0,0.0,16.0,,
2024-11-25 20:00:00,29.0,105.0,2.78,7.85,6.45,19.5,4.25,1.01,35.82,1.23,3.92,,,,,,69.0,1.25,,0.0,0.0,16.0,,
2024-11-25 21:00:00,25.33,107.25,2.28,9.72,7.0,19.3,3.12,0.99,28.47,1.2,3.95,,,,,,68.5,1.15,,0.0,0.0,16.0,,
2024-11-25 22:00:00,28.0,109.25,2.28,18.15,11.48,20.2,2.22,0.9,37.97,1.38,3.9,,,,,,67.5,3.55,,0.0,0.0,16.0,,
2024-11-25 23:00:00,22.0,90.0,2.45,14.78,9.85,20.8,3.22,0.83,49.15,1.62,3.92,,,,,,67.75,3.02,,0.0,0.0,16.0,,
2024-11-26 00:00:00,19.25,66.0,2.47,12.1,8.48,18.58,3.32,0.6,37.97,1.78,4.15,,,,,,68.25,3.32,,0.0,0.0,16.0,,
2024-11-26 01:00:00,10.25,35.25,2.65,14.6,9.93,18.55,2.52,0.57,31.41,1.58,4.92,,,,,,68.0,3.18,,0.0,0.0,16.0,,
2024-11-26 02:00:00,10.75,35.25,2.3,13.72,9.15,19.2,3.08,0.6,32.99,1.6,4.6,,,,,,67.75,2.95,,0.0,0.0,16.0,,
2024-11-26 03:00:00,20.5,70.25,2.12,8.43,6.18,20.2,3.28,0.63,38.88,1.25,2.8,,,,,,68.75,1.7,,0.0,0.0,16.0,,
2024-11-26 04:00:00,21.5,62.5,2.4,6.75,5.58,17.12,4.6,0.57,32.58,1.05,2.2,,,,,,68.75,2.5,,0.0,0.0,16.0,,
2024-11-26 05:00:00,11.25,28.5,2.38,7.02,5.68,15.92,4.92,0.56,29.3,0.88,1.72,,,,,,68.75,1.95,,0.0,0.0,16.0,,
2024-11-26 06:00:00,13.75,40.75,2.52,6.3,5.4,16.77,4.45,0.65,21.66,0.88,1.7,,,,,,68.25,0.95,,0.0,0.0,20.0,,
2024-11-26 07:00:00,20.5,77.75,2.75,6.65,5.75,18.1,3.42,0.74,21.9,1.05,2.45,,,,,,69.0,1.52,,0.0,0.0,29.75,,
2024-11-26 08:00:00,26.0,93.75,2.88,6.5,5.78,18.92,3.72,0.81,22.93,1.0,2.38,,,,,,69.25,1.95,,0.0,0.0,55.5,,
2024-11-26 09:00:00,26.75,94.25,2.82,6.15,5.58,19.12,2.88,0.85,26.66,1.18,2.95,,,,,,68.75,2.28,,0.5,0.5,32.5,,
2024-11-26 10:00:00,17.75,73.0,2.05,6.05,4.88,19.98,3.3,0.81,25.63,1.1,3.05,,,,,,69.5,1.88,,1.5,1.5,19.25,,
2024-11-26 11:00:00,10.25,43.75,1.9,8.37,5.97,20.5,4.8,0.74,20.97,1.2,4.35,,,,,,68.0,2.12,,14.75,14.75,16.75,,
2024-11-26 12:00:00,7.25,18.5,2.6,11.6,8.23,41.0,5.7,0.76,18.04,1.68,5.8,,,,,,66.0,1.32,,3.0,3.0,28.5,,
2024-11-26 13:00:00,7.75,27.25,3.0,12.02,8.8,37.5,3.18,0.76,21.76,1.75,6.7,,,,,,67.0,0.92,,1.0,1.0,39.25,,
2024-11-26 14:00:00,17.75,62.75,4.15,9.88,8.6,26.95,4.72,0.81,28.86,1.6,6.55,,,,,,68.0,1.6,,3.0,3.0,40.25,,
2024-11-26 15:00:00,22.75,78.5,2.38,8.3,6.3,38.62,6.62,0.78,31.21,1.58,6.8,,,,,,66.5,1.7,,0.0,0.0,55.5,,
2024-11-26 16:00:00,22.25,84.5,4.05,7.28,7.15,26.32,5.85,0.81,32.39,1.5,7.68,,,,,,68.25,1.7,,0.0,0.0,22.5,,
2024-11-26 17:00:00,25.0,96.25,2.88,9.93,7.58,22.62,5.0,0.89,26.76,1.38,7.68,,,,,,70.0,1.27,,1.75,1.75,16.25,,
2024-11-26 18:00:00,30.0,116.5,2.22,10.4,7.35,21.85,3.55,0.95,25.53,1.48,7.88,,,,,,69.5,1.18,,0.25,0.25,16.5,,
2024-11-26 19:00:00,27.5,110.75,2.7,10.62,7.78,20.95,2.68,0.98,23.18,1.5,7.48,,,,,,69.25,0.98,,0.0,0.0,16.75,,
2024-11-26 20:00:00,30.0,107.75,2.68,12.18,8.62,21.25,2.17,1.02,18.08,1.5,7.57,,,,,,70.0,0.65,,0.25,0.25,16.25,,
2024-11-26 21:00:00,29.25,99.25,2.78,8.78,6.95,18.15,0.8,0.9,28.32,1.5,7.15,,,,,,70.5,1.38,,1.0,1.0,16.5,,
2024-11-26 22:00:00,20.25,71.75,2.22,7.15,5.62,18.32,3.47,0.8,31.56,1.4,6.75,,,,,,69.75,1.4,,0.0,0.0,16.0,,
2024-11-26 23:00:00,25.25,83.25,2.08,16.02,10.2,19.1,5.38,0.6,37.44,1.32,5.35,,,,,,70.0,4.25,,0.0,0.0,16.0,,
2024-11-27 00:00:00,22.5,83.0,2.68,27.62,16.85,20.52,5.38,0.68,30.82,1.5,4.82,,,,,,70.0,4.03,,0.0,0.0,16.0,,
2024-11-27 01:00:00,28.25,106.75,2.48,34.35,20.3,21.6,5.55,0.94,29.99,1.45,4.82,,,,,,69.25,4.35,,0.0,0.0,16.0,,
2024-11-27 02:00:00,21.5,100.5,2.1,22.88,13.85,19.5,4.88,0.99,40.25,1.3,4.15,,,,,,70.0,3.22,,0.0,0.0,16.0,,
2024-11-27 03:00:00,19.0,87.25,2.05,20.23,12.42,19.75,3.98,1.02,48.09,1.25,3.82,,,,,,69.5,3.7,,0.0,0.0,16.0,,
2024-11-27 04:00:00,24.5,96.5,2.28,21.35,13.2,18.62,4.35,0.9,39.0,1.2,3.2,,,,,,69.25,4.2,,0.0,0.0,16.0,,
2024-11-27 05:00:00,23.25,97.5,2.05,25.12,15.02,19.05,4.03,0.71,41.65,1.35,3.8,,,,,,69.75,4.72,,0.0,0.0,16.0,,
2024-11-27 06:00:00,23.75,106.25,3.1,33.92,20.62,19.92,3.28,0.88,32.0,1.35,4.05,,,,,,70.0,5.32,,0.0,0.0,16.75,,
2024-11-27 07:00:00,24.5,107.75,2.58,35.52,20.98,19.55,4.18,0.86,38.12,1.4,4.18,,,,,,69.25,5.2,,0.0,0.0,36.0,,
2024-11-27 08:00:00,29.0,103.75,2.78,30.38,18.42,19.45,5.92,1.08,41.36,1.48,4.32,,,,,,69.75,4.62,,0.0,0.0,45.5,,
2024-11-27 09:00:00,28.5,113.0,3.15,29.7,18.32,18.98,7.07,0.84,38.27,1.52,4.47,,,,,,70.0,4.92,,0.0,0.0,95.75,,
2024-11-27 10:00:00,26.0,113.25,2.85,31.35,18.98,20.32,7.87,0.86,38.71,1.45,4.25,,,,,,68.75,4.6,,0.0,0.0,110.5,,
2024-11-27 11:00:00,23.0,104.33,2.3,29.15,17.35,26.1,14.8,0.83,46.52,1.5,4.4,,,,,,68.0,4.43,,0.0,0.0,147.33,,
2024-11-27 12:00:00,22.75,102.75,2.87,32.1,19.4,39.17,13.88,0.59,41.65,1.52,4.42,,,,,,65.75,5.05,,0.0,0.0,154.0,,
2024-11-27 13:00:00,21.0,98.0,4.15,26.65,17.58,25.08,8.1,0.68,44.84,1.42,4.08,,,,,,67.0,4.35,,0.0,0.0,129.0,,
2024-11-27 14:00:00,19.0,82.0,3.08,9.82,7.75,22.25,6.57,0.81,65.9,0.9,2.65,,,,,,67.75,3.38,,0.0,0.0,115.25,,
2024-11-27 15:00:00,21.0,70.0,2.48,7.6,6.05,20.9,5.25,0.84,52.24,0.62,1.25,,,,,,68.5,3.72,,0.0,0.0,100.0,,
2024-11-27 16:00:00,18.5,74.5,2.4,8.3,6.32,20.72,5.12,0.91,59.19,0.62,0.95,,,,,,68.75,3.92,,0.0,0.0,42.5,,
2024-11-27 17:00:00,20.5,88.25,2.02,10.95,7.42,21.38,5.42,0.92,55.91,0.78,0.82,,,,,,68.25,3.8,,0.0,0.0,17.0,,
2024-11-27 18:00:00,20.0,88.25,2.48,9.95,7.32,20.8,6.5,0.91,62.67,0.72,0.82,,,,,,69.0,3.95,,0.0,0.0,16.0,,
2024-11-27 19:00:00,15.25,86.5,2.17,9.02,6.55,20.78,6.35,0.71,65.51,0.82,0.65,,,,,,68.75,4.42,,0.0,0.0,16.0,,
2024-11-27 20:00:00,19.25,85.5,2.0,6.85,5.25,20.45,5.58,0.66,69.28,0.78,0.57,,,,,,70.0,4.32,,0.0,0.0,16.0,,
2024-11-27 21:00:00,19.75,78.75,1.88,8.8,6.2,20.42,4.4,0.66,64.58,0.85,0.5,,,,,,69.25,4.25,,0.0,0.0,16.0,,
2024-11-27 22:00:00,20.25,83.0,2.3,11.82,8.18,21.05,7.85,0.55,64.34,0.82,0.55,,,,,,69.0,3.8,,0.0,0.0,16.0,,
2024-11-27 23:00:00,24.25,91.0,2.38,6.57,5.42,20.78,7.2,0.39,73.06,0.78,0.45,,,,,,69.5,3.5,,0.0,0.0,16.0,,
2024-11-28 00:00:00,25.75,97.75,2.43,4.95,4.58,21.2,3.65,0.93,77.56,0.8,0.48,,,,,,69.25,3.5,,0.0,0.0,16.0,,
2024-11-28 01:00:00,28.0,101.25,2.42,5.42,4.82,21.5,1.9,0.99,76.59,0.82,0.5,,,,,,70.0,2.75,,0.0,0.0,16.0,,
2024-11-28 02:00:00,26.5,102.25,2.5,6.48,5.48,20.48,3.55,0.96,63.57,0.8,0.6,,,,,,70.25,1.88,,0.0,0.0,16.0,,
2024-11-28 03:00:00,24.75,98.25,2.22,5.55,4.75,20.95,4.47,0.94,51.48,0.8,0.6,,,,,,70.5,1.95,,0.0,0.0,16.0,,
2024-11-28 04:00:00,32.25,113.0,2.42,6.1,5.2,19.08,4.2,0.9,45.96,0.8,0.6,,,,,,70.25,2.08,,0.0,0.0,16.0,,
2024-11-28 05:00:00,29.75,115.0,2.28,4.4,4.25,18.0,3.5,0.94,52.92,0.8,0.6,,,,,,70.25,2.8,,0.0,0.0,16.0,,
2024-11-28 06:00:00,28.75,102.25,1.85,4.28,3.75,17.52,3.0,0.98,53.56,0.8,0.6,,,,,,70.5,2.82,,0.0,0.0,16.25,,
2024-11-28 07:00:00,27.75,100.75,2.25,5.32,4.65,17.9,2.95,1.01,52.38,0.8,0.6,,,,,,70.5,3.05,,0.0,0.0,17.75,,
2024-11-28 08:00:00,26.5,105.5,2.4,6.42,5.38,17.5,3.85,1.17,48.56,0.8,0.6,,,,,,70.75,3.05,,0.0,0.0,46.75,,
2024-11-28 09:00:00,26.25,116.5,2.33,7.95,6.07,17.58,4.72,1.2,46.55,0.8,0.6,,,,,,71.25,3.4,,0.0,0.0,115.25,,
2024-11-28 10:00:00,30.75,127.25,2.53,7.8,6.2,19.23,3.87,1.15,49.64,0.8,0.6,,,,,,70.5,3.72,,0.0,0.0,193.0,,
2024-11-28 11:00:00,31.5,126.25,2.03,7.7,5.77,25.32,11.27,1.14,60.76,0.9,1.12,,,,,,69.0,3.52,,0.0,0.0,133.5,,
2024-11-28 12:00:00,27.25,120.5,1.5,9.13,6.03,38.53,11.08,0.83,65.56,1.18,3.02,,,,,,66.5,3.6,,0.0,0.0,106.5,,
2024-11-28 13:00:00,27.25,119.5,2.35,9.1,6.7,34.55,10.18,0.57,72.62,1.12,2.92,,,,,,65.0,3.5,,0.0,0.0,115.75,,
2024-11-28 14:00:00,26.0,121.0,2.33,8.73,6.5,35.6,8.93,0.71,73.26,1.23,2.62,,,,,,65.5,3.5,,0.0,0.0,81.25,,
2024-11-28 15:00:00,27.25,117.25,3.5,7.15,6.6,23.02,3.6,0.91,72.57,1.08,1.75,,,,,,67.0,3.45,,0.0,0.0,54.5,,
2024-11-28 16:00:00,23.5,105.0,2.85,7.68,6.42,20.92,4.6,0.86,73.21,1.0,1.75,,,,,,68.25,2.82,,0.0,0.0,36.0,,
2024-11-28 17:00:00,28.25,102.25,2.4,7.0,5.7,19.55,4.72,0.62,66.84,1.08,2.58,,,,,,69.25,2.98,,0.0,0.0,17.25,,
2024-11-28 18:00:00,29.0,103.5,2.52,6.75,5.62,18.85,3.15,0.92,71.78,1.0,2.3,,,,,,68.75,3.18,,0.0,0.0,16.0,,
2024-11-28 19:00:00,26.75,103.5,2.22,7.2,5.68,18.25,1.42,0.9,74.33,1.0,1.95,,,,,,70.75,2.58,,0.0,0.0,16.0,,
2024-11-28 20:00:00,20.75,99.0,2.48,6.15,5.22,16.92,2.82,0.82,67.38,1.0,2.08,,,,,,70.75,2.35,,0.0,0.0,16.0,,
2024-11-28 21:00:00,22.75,97.0,2.62,5.2,4.92,16.88,2.62,0.64,75.9,1.0,2.1,,,,,,70.0,2.92,,0.0,0.0,16.0,,
2024-11-28 22:00:00,21.0,87.0,2.12,4.32,4.03,16.92,2.85,0.78,73.55,1.0,2.1,,,,,,69.25,2.95,,0.0,0.0,16.0,,
2024-11-28 23:00:00,17.75,71.5,2.3,3.48,3.75,16.58,3.02,0.8,64.63,1.0,2.1,,,,,,69.75,2.2,,1.75,1.75,16.0,,
2024-11-29 00:00:00,16.0,61.0,2.17,3.97,3.85,16.08,2.42,0.71,53.75,1.0,2.1,,,,,,70.25,2.05,,2.5,2.5,16.0,,
2024-11-29 01:00:00,13.0,58.75,2.33,3.6,3.78,15.88,1.62,0.62,51.94,1.0,2.1,,,,,,69.25,2.17,,6.75,6.75,16.0,,
2024-11-29 02:00:00,12.5,48.75,1.95,3.9,3.7,15.23,3.28,0.66,47.37,0.92,2.0,,,,,,69.75,1.75,,3.5,3.5,16.0,,
2024-11-29 03:00:00,11.25,42.25,2.22,4.85,4.42,16.3,3.65,0.67,47.82,0.88,1.8,,,,,,70.25,2.48,,0.75,0.75,16.0,,
2024-11-29 04:00:00,12.0,52.0,1.98,4.05,3.75,14.9,4.05,0.58,47.92,0.8,1.5,,,,,,69.5,2.5,,2.0,2.0,16.0,,
2024-11-29 05:00:00,12.5,52.75,2.12,3.7,3.68,14.5,4.72,0.64,43.61,0.82,1.45,,,,,,69.5,2.4,,0.0,0.0,16.25,,
2024-11-29 06:00:00,14.5,58.25,2.28,4.65,4.32,14.52,3.4,0.69,36.6,0.8,1.4,,,,,,69.75,2.2,,0.0,0.0,18.0,,
2024-11-29 07:00:00,15.5,69.0,2.5,7.18,5.88,14.42,2.42,0.75,30.97,0.8,1.4,,,,,,70.5,2.62,,0.0,0.0,41.0,,
2024-11-29 08:00:00,14.5,68.25,2.72,7.55,6.28,14.38,4.03,0.7,32.73,0.8,1.4,,,,,,71.0,2.8,,2.0,2.0,47.5,,
2024-11-29 09:00:00,15.5,56.75,2.88,8.07,6.65,14.0,3.68,0.85,31.31,0.8,1.4,,,,,,70.5,2.78,,1.25,1.25,104.5,,
2024-11-29 10:00:00,13.75,57.75,2.68,6.5,5.62,14.22,3.03,0.83,34.54,0.8,1.4,,,,,,70.25,3.02,,0.0,0.0,194.0,,
2024-11-29 11:00:00,14.0,62.67,2.05,6.1,5.0,15.93,5.75,0.88,41.55,0.83,1.57,,,,,,69.33,3.23,,0.0,0.0,170.67,,
2024-11-29 12:00:00,15.5,64.5,1.8,8.07,5.73,29.77,5.98,0.81,40.96,1.1,3.62,,,,,,66.0,3.2,,1.0,1.0,116.75,,
2024-11-29 13:00:00,16.0,75.0,2.3,10.58,7.52,26.52,5.9,0.61,40.77,1.25,4.65,,,,,,65.25,2.72,,0.5,0.5,59.75,,
2024-11-29 14:00:00,20.75,83.0,2.25,10.68,7.48,27.58,5.55,0.67,43.61,1.4,5.45,,,,,,65.75,2.12,,0.0,0.0,47.25,,
2024-11-29 15:00:00,17.0,78.75,3.22,8.18,6.98,20.2,3.22,0.71,46.4,1.27,5.12,,,,,,67.75,1.95,,0.0,0.0,35.0,,
2024-11-29 16:00:00,16.75,76.25,2.65,7.5,6.15,15.32,4.58,0.68,46.26,1.12,5.0,,,,,,69.25,1.92,,0.0,0.0,20.75,,
2024-11-29 17:00:00,16.0,79.25,2.5,6.92,5.68,14.18,6.02,0.6,47.34,1.1,5.38,,,,,,69.25,2.72,,0.0,0.0,16.5,,
2024-11-29 18:00:00,17.0,76.25,2.7,6.55,5.7,13.88,4.97,0.91,47.24,1.1,5.4,,,,,,69.75,2.82,,0.0,0.0,16.0,,
2024-11-29 19:00:00,19.5,71.5,2.12,6.88,5.35,14.05,4.53,0.88,45.57,1.1,5.4,,,,,,69.75,2.52,,2.0,2.0,16.0,,
2024-11-29 20:00:00,17.33,60.5,2.58,6.28,5.4,14.18,4.4,0.86,43.86,1.1,5.4,,,,,,70.5,2.17,,1.0,1.0,16.0,,
2024-11-29 21:00:00,14.25,47.0,2.33,5.28,4.75,13.08,3.5,0.85,42.44,1.1,5.4,,,,,,70.75,2.4,,0.25,0.25,16.0,,
2024-11-29 22:00:00,8.75,36.25,2.33,4.62,4.35,11.98,3.92,0.87,34.79,1.1,5.4,,,,,,70.5,2.42,,0.0,0.0,16.0,,
2024-11-29 23:00:00,8.0,33.25,2.45,6.3,5.35,11.45,4.0,0.92,30.43,1.1,5.4,,,,,,70.75,2.42,,0.25,0.25,16.0,,
2024-11-30 00:00:00,8.0,36.0,2.38,6.1,5.18,11.3,4.47,0.71,34.79,1.1,5.4,,,,,,70.75,2.58,,0.75,0.75,16.0,,
2024-11-30 01:00:00,9.0,29.5,2.2,6.3,5.12,11.7,4.35,0.73,33.76,1.1,5.4,,,,,,70.5,2.9,,1.0,1.0,16.0,,
2024-11-30 02:00:00,12.25,45.75,2.48,5.03,4.68,12.0,2.5,0.72,34.04,1.1,5.4,,,,,,71.5,3.4,,0.25,0.25,16.0,,
2024-11-30 03:00:00,12.5,42.25,2.05,3.1,3.28,12.65,1.58,0.7,39.46,1.1,5.4,,,,,,70.75,3.32,,1.0,1.0,16.0,,
2024-11-30 04:00:00,10.0,32.75,1.95,2.9,3.15,12.25,0.43,0.7,33.02,1.1,5.4,,,,,,70.25,3.5,,2.75,2.75,16.0,,
2024-11-30 05:00:00,7.25,27.75,2.45,3.38,3.78,11.65,,0.73,30.18,1.1,5.4,,,,,,70.0,3.65,,6.75,6.75,16.0,,
2024-11-30 06:00:00,8.75,24.75,1.52,4.75,3.78,11.35,1.18,0.73,27.14,1.1,5.4,,,,,,70.75,4.2,,5.75,5.75,16.0,,
2024-11-30 07:00:00,10.25,24.75,2.68,4.82,4.75,10.85,1.6,0.68,26.12,1.1,5.4,,,,,,70.5,4.53,,6.0,6.0,16.0,,
2024-11-30 08:00:00,7.25,18.25,2.4,5.65,4.95,10.45,3.18,0.65,24.75,1.1,5.4,,,,,,70.5,4.4,,16.5,16.5,16.0,,
2024-11-30 09:00:00,5.0,16.25,2.75,5.65,5.2,9.9,4.1,0.65,24.06,1.1,5.4,,,,,,70.5,3.18,,22.5,22.5,17.25,,
2024-11-30 10:00:00,,6.75,1.92,5.88,4.72,10.45,2.97,0.59,26.85,1.1,5.4,,,,,,69.75,4.03,,2.0,2.0,18.5,,
2024-11-30 11:00:00,,8.0,2.33,3.97,4.03,14.37,4.8,0.54,22.15,0.65,2.22,,,,,,69.5,5.05,,1.0,1.0,28.5,,
2024-11-30 12:00:00,,19.5,2.53,5.23,4.8,15.1,2.28,0.49,24.4,0.4,0.88,,,,,,69.75,5.42,,5.25,5.25,28.25,,
2024-11-30 13:00:00,3.0,8.0,2.82,6.1,5.55,10.5,2.75,0.5,29.89,0.4,0.8,,,,,,70.0,5.65,,7.25,7.25,35.0,,
2024-11-30 14:00:00,4.25,9.75,2.7,11.32,8.18,12.48,3.88,0.52,27.93,0.4,0.8,,,,,,70.25,6.5,,0.25,0.25,62.25,,
2024-11-30 15:00:00,7.25,22.0,2.8,12.85,9.15,13.15,4.58,0.52,26.56,0.4,0.8,,,,,,70.0,6.95,,0.0,0.0,40.25,,
2024-11-30 16:00:00,5.5,16.0,2.75,14.52,10.0,14.0,5.82,0.5,19.5,1.15,4.22,,,,,,69.75,6.65,,0.0,0.0,20.5,,
2024-11-30 17:00:00,7.0,17.75,2.2,7.15,5.6,12.22,7.8,0.46,29.4,1.18,3.25,,,,,,70.25,6.3,,1.0,1.0,17.0,,
2024-11-30 18:00:00,7.25,21.25,2.2,7.0,5.48,12.72,4.97,0.31,33.27,1.35,3.85,,,,,,70.0,6.28,,0.0,0.0,17.0,,
2024-11-30 19:00:00,7.5,15.25,1.98,3.48,3.45,12.08,1.62,0.21,33.56,1.35,2.98,,,,,,69.5,5.82,,0.0,0.0,17.0,,
2024-11-30 20:00:00,5.0,11.75,2.45,3.45,3.88,11.3,2.98,0.29,31.41,1.1,2.0,,,,,,70.0,4.9,,0.0,0.0,16.25,,
2024-11-30 21:00:00,2.75,10.0,2.52,3.25,3.78,11.2,2.9,0.2,29.06,1.1,2.0,,,,,,69.5,4.42,,0.0,0.0,16.0,,
2024-11-30 22:00:00,4.5,13.75,2.33,3.45,3.7,10.85,3.28,0.42,29.06,1.1,2.0,,,,,,69.25,4.2,,0.0,0.0,16.25,,
2024-11-30 23:00:00,3.0,7.0,2.23,2.47,3.13,10.53,2.97,0.47,27.83,1.1,2.0,,,,,,69.33,4.4,,0.33,0.25,17.0,,
2024-12-01 00:00:00,3.75,9.5,2.42,1.95,3.0,9.95,3.35,0.5,26.8,1.1,2.0,,,,,,69.75,3.88,,0.0,0.0,17.0,,
2024-12-01 01:00:00,5.75,10.25,2.75,2.28,3.42,9.75,3.92,0.52,27.39,1.1,2.0,,,,,,70.75,3.28,,0.0,0.0,16.75,,
2024-12-01 02:00:00,5.0,8.0,2.05,2.45,3.0,9.52,3.18,0.53,28.75,1.1,2.0,,,,,,70.25,3.82,,0.0,0.0,16.0,,
2024-12-01 03:00:00,,,1.95,2.28,2.75,10.28,0.7,0.55,33.51,1.1,2.0,,,,,,70.5,3.52,,0.0,0.0,16.0,,
2024-12-01 04:00:00,,39.0,2.5,1.8,3.02,9.57,0.8,0.55,28.37,1.1,2.0,,,,,,70.0,2.7,,0.0,0.0,16.0,,
2024-12-01 05:00:00,2.0,31.0,2.42,2.38,3.22,9.38,1.35,0.54,27.24,1.1,2.0,,,,,,69.5,2.98,,0.0,0.0,16.0,,
2024-12-01 06:00:00,2.25,8.25,2.52,3.3,3.82,9.32,3.32,0.56,25.87,1.1,2.0,,,,,,70.5,2.65,,0.0,0.0,21.25,,
2024-12-01 07:00:00,3.0,12.0,2.45,3.55,3.88,9.52,5.58,0.6,23.86,1.1,2.0,,,,,,70.25,2.95,,0.0,0.0,70.5,,
2024-12-01 08:00:00,2.75,11.25,2.62,4.12,4.32,9.62,4.75,0.62,24.65,1.1,2.0,,,,,,70.0,2.95,,0.0,0.0,79.25,,
2024-12-01 09:00:00,2.0,9.0,2.5,5.45,4.92,9.88,3.4,0.65,22.78,1.1,2.0,,,,,,70.25,2.6,,0.0,0.0,82.25,,
2024-12-01 10:00:00,2.75,9.5,2.68,5.62,5.18,10.88,4.63,0.7,23.28,1.1,2.0,,,,,,70.25,2.4,,0.0,0.0,101.25,,
2024-12-01 11:00:00,5.0,14.25,2.7,6.47,5.7,11.43,6.3,0.72,23.76,1.1,2.0,,,,,,70.0,2.65,,0.25,0.25,44.75,,
2024-12-01 12:00:00,5.0,24.0,3.23,7.93,6.9,13.47,2.8,0.73,24.01,1.1,2.0,,,,,,70.0,2.75,,0.25,0.25,47.5,,
2024-12-01 13:00:00,1.0,11.0,3.12,7.62,6.6,10.6,2.72,0.73,24.16,1.1,2.0,,,,,,70.75,2.55,,0.0,0.0,75.0,,
2024-12-01 14:00:00,2.0,14.5,2.78,8.88,6.95,10.52,2.68,0.73,24.36,1.1,2.0,,,,,,70.0,2.15,341.0,1.5,1.5,56.5,,
2024-12-01 15:00:00,5.5,23.75,2.88,11.15,8.25,10.4,3.15,0.73,21.22,1.1,2.0,,,,,,70.0,1.95,339.0,0.0,0.0,46.75,,
2024-12-01 16:00:00,6.0,16.5,2.92,10.02,7.68,10.22,2.68,0.72,20.92,1.1,2.0,,,,,,70.5,1.48,343.33,0.0,0.0,25.75,,
2024-12-01 17:00:00,2.5,6.5,2.6,10.8,7.92,10.48,3.8,0.72,19.36,1.1,2.0,,,,,,69.5,1.6,327.0,0.0,0.0,17.0,,
2024-12-01 18:00:00,2.0,8.75,2.65,9.35,7.12,10.15,3.12,0.72,22.93,1.1,2.0,,,,,,70.75,1.58,310.25,0.25,0.25,17.0,,
2024-12-01 19:00:00,5.0,11.0,2.45,9.4,6.98,9.98,4.97,0.77,20.88,1.1,2.0,,,,,,70.75,1.32,322.67,0.25,0.25,16.25,,
2024-12-01 20:00:00,4.5,10.5,4.78,14.72,11.75,11.05,5.65,0.76,13.62,1.1,2.0,,,,,,71.25,0.88,347.0,0.0,0.0,16.75,,
2024-12-01 21:00:00,4.25,12.25,3.38,9.78,7.98,10.45,5.3,0.78,21.36,1.1,2.0,,,,,,70.5,1.32,298.0,0.5,0.5,16.5,,
2024-12-01 22:00:00,7.5,18.25,2.78,7.25,6.07,10.22,5.0,0.73,23.47,1.1,2.0,,,,,,71.5,1.02,324.0,0.25,0.25,16.25,,
2024-12-01 23:00:00,5.75,9.75,2.6,8.4,6.52,10.35,3.2,0.67,20.53,1.1,2.0,,,,,,70.75,1.55,297.33,0.25,0.25,16.25,,
2024-12-02 00:00:00,4.5,17.5,2.45,6.2,5.28,10.1,4.12,0.56,22.74,1.1,2.0,,,,,,71.75,2.0,300.5,0.0,0.0,16.75,,
2024-12-02 01:00:00,2.5,13.75,1.98,4.35,3.92,9.68,4.82,0.34,22.54,1.1,2.0,,,,,,71.0,0.65,309.0,0.0,0.0,16.25,,
2024-12-02 02:00:00,1.5,8.25,2.55,4.5,4.43,9.78,2.58,0.38,20.71,1.1,2.0,,,,,,71.0,0.55,340.67,0.0,0.0,16.25,,
2024-12-02 03:00:00,4.0,13.25,2.7,5.62,5.2,10.5,0.82,0.43,17.97,1.1,2.0,,,,,,71.75,0.3,,0.0,0.0,16.0,,
2024-12-02 04:00:00,6.5,17.0,2.95,5.9,5.55,9.9,4.08,0.48,11.17,1.1,2.0,,,,,,71.75,0.32,,0.0,0.0,16.25,,
2024-12-02 05:00:00,5.25,17.25,3.38,7.05,6.52,9.95,5.1,0.49,9.85,1.1,2.0,,,,,,71.5,0.42,,0.25,0.25,16.25,,
2024-12-02 06:00:00,6.25,19.25,3.85,9.82,8.35,10.1,3.15,0.7,13.96,1.1,2.0,,,,,,71.5,0.5,331.5,0.0,0.0,20.0,,
2024-12-02 07:00:00,6.75,28.25,4.9,14.42,11.62,11.15,2.9,0.97,10.93,1.1,2.0,,,,,,72.0,0.3,258.5,0.0,0.0,58.25,,
2024-12-02 08:00:00,6.67,40.0,5.92,13.62,12.05,12.2,2.5,0.9,13.28,1.08,1.95,,,,,,70.25,1.55,355.0,0.0,0.0,161.0,,
2024-12-02 09:00:00,9.0,27.25,3.45,8.8,7.5,12.05,3.4,0.79,17.84,1.15,3.7,,,,,,68.75,2.28,350.5,0.0,0.0,261.75,,
2024-12-02 10:00:00,13.0,30.5,3.08,8.72,7.15,12.38,2.0,0.72,24.99,1.2,4.1,,,,,,70.5,2.45,338.0,0.0,0.0,212.75,,
2024-12-02 11:00:00,16.0,53.33,1.8,9.07,6.3,18.2,6.15,0.64,23.32,1.05,3.77,,,,,,68.33,2.77,355.0,0.0,0.0,234.33,,
2024-12-02 12:00:00,16.75,66.0,3.32,7.98,6.98,20.4,3.5,0.66,25.33,0.92,3.38,,,,,,67.25,3.35,,0.0,0.0,326.0,,
2024-12-02 13:00:00,17.5,66.75,1.88,8.18,5.9,18.0,3.75,0.62,31.21,0.75,2.58,,,,,,66.5,3.72,,0.0,0.0,262.25,,
2024-12-02 14:00:00,14.75,68.75,2.03,8.52,6.2,25.48,4.25,0.55,26.56,0.8,2.7,,,,,,65.25,3.78,,0.0,0.0,238.0,,
2024-12-02 15:00:00,18.0,68.25,3.08,7.6,6.52,28.58,3.85,0.56,22.64,0.75,2.52,,,,,,64.25,3.18,,0.0,0.0,95.75,,
2024-12-02 16:00:00,13.0,68.5,5.03,7.93,8.35,17.55,2.92,0.73,22.15,0.72,2.65,,,,,,66.75,2.52,,0.0,0.0,41.5,,
2024-12-02 17:00:00,15.33,65.5,3.15,9.55,7.65,14.55,3.6,0.55,22.0,0.75,3.45,,,,,,67.25,2.28,,0.0,0.0,17.25,,
2024-12-02 18:00:00,14.75,59.75,2.58,9.95,7.4,13.42,2.87,0.18,21.66,0.8,3.52,,,,,,68.75,2.35,,0.0,0.0,16.0,,
2024-12-02 19:00:00,18.25,56.75,2.62,11.65,8.32,13.45,0.48,0.4,19.8,1.02,3.45,,,,,,67.75,2.15,,0.0,0.0,16.0,,
2024-12-02 20:00:00,20.67,57.5,2.7,10.82,7.92,13.28,3.08,0.42,21.61,0.98,3.35,,,,,,69.25,2.0,,0.0,0.0,16.0,,
2024-12-02 21:00:00,17.5,51.0,2.7,9.95,7.52,12.9,4.85,0.38,21.26,0.85,3.02,,,,,,69.5,2.0,,0.0,0.0,16.0,,
2024-12-02 22:00:00,16.0,45.5,2.72,8.48,6.68,12.72,3.4,0.36,22.88,0.8,2.9,,,,,,68.5,1.62,,0.0,0.0,16.0,,
2024-12-02 23:00:00,15.5,47.0,2.65,8.32,6.55,12.95,1.55,0.47,22.49,0.8,2.9,,,,,,68.75,1.4,,0.0,0.0,16.0,,
2024-12-03 00:00:00,14.0,47.0,2.75,9.62,7.32,13.4,2.62,0.77,18.77,0.68,2.5,,,,,,69.0,1.27,,0.0,0.0,16.0,,
2024-12-03 01:00:00,13.75,46.5,2.92,8.1,6.68,12.88,2.95,0.74,21.56,0.6,2.1,,,,,,69.5,1.68,,0.0,0.0,16.0,,
2024-12-03 02:00:00,13.25,43.75,2.65,8.65,6.75,12.18,1.45,0.72,21.69,0.6,2.1,,,,,,69.75,1.55,,0.0,0.0,16.0,,
2024-12-03 03:00:00,12.75,40.5,2.85,9.25,7.18,12.98,,0.67,26.92,0.6,2.1,,,,,,69.5,1.4,,0.0,0.0,16.0,,
2024-12-03 04:00:00,8.75,40.0,2.42,9.88,7.22,12.42,2.97,0.55,19.7,0.6,2.1,,,,,,69.75,1.1,,0.0,0.0,16.0,,
2024-12-03 05:00:00,8.0,32.25,2.62,7.32,6.02,11.48,4.9,0.59,28.08,0.6,2.1,,,,,,69.0,2.55,,0.5,0.5,16.75,,
2024-12-03 06:00:00,8.25,28.5,2.5,6.08,5.22,10.58,3.2,0.72,28.76,0.6,2.1,,,,,,69.25,2.25,,0.0,0.0,18.0,,
2024-12-03 07:00:00,10.75,36.25,2.78,8.22,6.62,10.62,2.78,0.78,25.48,0.6,2.1,,,,,,69.0,1.95,,0.0,0.0,94.25,,
2024-12-03 08:00:00,16.25,45.5,2.62,9.68,7.3,13.2,3.35,0.5,23.37,0.75,2.28,,,,,,67.75,2.45,,0.0,0.0,148.5,,
2024-12-03 09:00:00,16.25,44.25,3.12,9.15,7.4,13.98,4.35,0.8,24.74,0.82,2.3,,,,,,67.25,2.58,,0.0,0.0,216.25,,
2024-12-03 10:00:00,13.25,46.75,3.2,7.5,6.58,13.7,5.5,0.89,26.46,0.75,2.15,,,,,,67.0,2.78,,0.0,0.0,292.0,,
2024-12-03 11:00:00,11.0,54.75,2.13,6.7,5.3,14.27,7.6,0.88,26.9,0.72,1.95,,,,,,67.5,2.52,,0.0,0.0,372.5,,
2024-12-03 12:00:00,12.5,59.75,5.23,6.97,8.0,17.77,6.57,0.64,21.86,0.8,2.28,,,,,,66.25,2.52,,0.0,0.0,367.0,,
2024-12-03 13:00:00,13.33,49.0,4.08,5.55,6.25,11.68,6.57,0.62,23.92,0.75,2.35,,,,,,67.75,2.15,,0.0,0.0,306.5,,
2024-12-03 14:00:00,8.75,47.5,2.88,5.45,5.22,13.2,6.02,0.62,23.57,0.68,2.58,,,,,,67.0,2.25,,0.0,0.0,283.0,,
2024-12-03 15:00:00,15.0,50.5,2.8,5.22,5.03,11.85,5.38,0.6,25.82,0.57,2.0,,,,,,67.0,2.35,,0.0,0.0,193.75,,
2024-12-03 16:00:00,10.0,48.5,2.75,4.88,4.85,10.98,5.7,0.6,24.01,0.57,1.85,,,,,,67.5,2.25,,0.0,0.0,108.5,,
2024-12-03 17:00:00,13.0,54.75,2.33,5.6,4.92,10.68,6.3,0.62,23.13,0.57,2.3,,,,,,68.0,1.9,,0.0,0.0,26.5,,
2024-12-03 18:00:00,12.75,52.5,2.48,9.07,6.82,10.8,3.5,0.66,19.01,0.7,2.8,,,,,,68.0,1.52,,0.0,0.0,16.0,,
2024-12-03 19:00:00,11.0,55.5,2.25,9.5,6.48,13.32,2.75,0.68,18.03,0.8,3.12,,,,,,67.5,1.58,,0.0,0.0,16.0,,
2024-12-03 20:00:00,8.75,51.0,3.3,9.95,7.45,17.12,2.0,0.71,15.54,0.92,3.68,,,,,,66.75,1.55,,0.0,0.0,16.0,,
2024-12-03 21:00:00,10.25,48.75,2.12,8.68,6.32,15.15,1.78,0.7,17.1,0.82,3.52,,,,,,64.75,1.75,,0.0,0.0,16.0,,
2024-12-03 22:00:00,7.5,41.75,3.22,7.5,6.62,17.32,5.2,0.72,17.54,0.85,3.38,,,,,,65.25,1.55,,0.0,0.0,16.0,,
2024-12-03 23:00:00,5.75,38.5,3.95,6.75,6.45,11.8,6.95,0.72,19.26,0.68,2.75,,,,,,67.75,1.12,,0.0,0.0,16.0,,
2024-12-04 00:00:00,5.25,31.5,,7.52,6.68,11.25,,,16.17,0.6,2.62,,,,,,68.75,0.95,,0.0,0.0,16.0,,
2024-12-04 01:00:00,6.5,31.5,,5.32,5.6,10.78,,,17.0,0.6,2.55,,,,,,69.5,0.57,,0.0,0.0,16.0,,
2024-12-04 02:00:00,7.5,25.75,,5.42,5.52,10.4,,,16.4,0.57,2.68,,,,,,69.25,0.52,,0.0,0.0,16.0,,
2024-12-04 03:00:00,6.25,22.0,,6.5,6.1,10.98,,,15.16,0.55,2.8,,,,,,69.25,0.32,,0.0,0.0,16.0,,
2024-12-04 04:00:00,7.25,22.25,,11.18,9.7,10.68,,,9.9,0.6,3.22,,,,,,69.75,0.3,,0.0,0.0,16.0,,
2024-12-04 05:00:00,7.75,21.75,,12.08,11.48,10.8,,,8.67,0.65,3.5,,,,,,70.0,0.3,,0.0,0.0,16.0,,
2024-12-04 06:00:00,9.25,24.0,,13.18,15.85,12.65,,,7.79,0.92,4.45,,,,,,70.0,0.32,,0.0,0.0,18.0,,
2024-12-04 07:00:00,16.75,50.25,,16.27,24.5,14.48,,,9.07,1.5,6.02,,,,,,70.5,0.32,324.33,0.0,0.0,85.5,,
2024-12-04 08:00:00,16.0,61.75,,12.18,17.05,14.08,,,10.34,1.55,5.72,,,,,,69.25,0.52,311.5,0.0,0.0,240.5,,
2024-12-04 09:00:00,7.5,19.25,,7.4,10.85,10.62,,,12.4,1.23,4.78,,,,,,69.0,1.15,,0.0,0.0,278.0,,
2024-12-04 10:00:00,8.25,11.5,4.8,7.05,8.45,11.0,,0.65,14.11,1.02,4.0,,,,,,68.75,1.65,,0.0,0.0,404.25,,
2024-12-04 11:00:00,5.0,16.33,2.85,7.15,6.15,15.85,,0.58,13.52,0.93,3.9,,,,,,66.67,2.23,,0.0,0.0,444.33,,
2024-12-04 12:00:00,3.0,21.5,3.6,6.63,6.4,17.2,2.05,0.54,14.06,0.8,3.55,,,,,,66.0,2.25,,0.0,0.0,479.0,,
2024-12-04 13:00:00,3.67,15.75,3.78,5.68,6.12,13.3,1.62,0.42,15.19,0.65,2.88,,,,,,66.25,2.6,,0.0,0.0,427.0,,
2024-12-04 14:00:00,4.0,13.5,1.7,7.7,5.9,18.55,2.6,0.34,12.79,0.6,2.92,,,,,,65.0,2.6,355.67,0.0,0.0,356.5,,
2024-12-04 15:00:00,1.0,18.25,5.2,8.8,8.6,19.6,6.9,0.67,9.9,0.6,3.28,,,,,,64.5,2.8,343.5,0.0,0.0,270.25,,
2024-12-04 16:00:00,3.0,20.5,5.4,7.1,8.2,11.75,6.85,0.74,11.32,0.6,3.08,,,,,,65.5,1.9,,0.0,0.0,111.0,,
2024-12-04 17:00:00,3.5,26.0,5.48,9.22,9.4,11.08,8.0,0.76,9.46,0.68,3.42,,,,,,67.25,1.58,343.0,0.0,0.0,24.25,,
2024-12-04 18:00:00,4.5,27.5,6.6,10.62,11.02,11.78,5.65,0.79,8.14,0.8,3.85,,,,,,66.75,1.82,341.0,0.0,0.0,16.0,,
2024-12-04 19:00:00,3.0,21.25,6.52,9.78,10.55,11.02,4.8,0.69,9.46,0.88,3.6,,,,,,67.0,2.4,,0.0,0.0,16.0,,
2024-12-04 20:00:00,3.75,15.0,2.73,7.38,6.08,17.58,5.33,0.56,9.12,0.82,3.5,,,,,,64.75,2.25,,1.75,1.75,16.75,,
2024-12-04 21:00:00,5.25,10.75,6.23,11.02,10.45,19.7,3.63,0.64,6.76,1.0,3.9,,,,,,66.75,0.62,,0.25,0.25,16.5,,
2024-12-04 22:00:00,3.0,7.5,6.42,10.52,10.82,14.95,3.32,0.67,7.5,1.12,4.65,,,,,,66.25,0.7,,0.0,0.0,16.0,,
2024-12-04 23:00:00,7.0,11.5,7.63,10.42,11.22,20.92,1.5,0.65,6.32,1.12,5.48,,,,,,65.75,0.32,,0.0,0.0,16.0,,
2024-12-05 00:00:00,6.5,17.5,9.4,9.78,12.8,13.65,4.12,0.72,7.99,1.05,5.03,,,,,,67.75,0.3,,0.0,0.0,16.0,,
2024-12-05 01:00:00,4.5,19.25,11.32,10.65,14.88,12.88,3.38,0.72,7.45,1.05,4.97,,,,,,67.5,0.38,310.5,0.0,0.0,16.0,,
2024-12-05 02:00:00,5.25,41.75,14.58,11.25,17.8,13.28,3.42,0.78,7.45,1.1,5.45,,,,,,67.75,0.3,297.0,0.0,0.0,16.0,,
2024-12-05 03:00:00,11.25,46.0,12.7,10.02,15.62,13.58,2.95,0.73,9.15,1.08,5.28,,,,,,68.0,0.43,333.0,0.0,0.0,16.0,,
2024-12-05 04:00:00,8.75,22.0,9.4,9.72,12.88,18.65,4.95,0.68,4.8,1.08,5.0,,,,,,67.0,0.55,306.0,1.5,1.5,16.75,,
2024-12-05 05:00:00,7.25,13.0,9.2,11.1,13.38,23.9,5.5,0.6,6.27,1.1,5.1,,,,,,65.75,0.43,323.0,0.0,0.0,17.0,,
2024-12-05 06:00:00,4.0,12.75,,10.75,13.3,25.3,,0.64,7.5,1.02,4.9,,,,,,65.5,0.32,343.0,0.0,0.0,32.25,,
2024-12-05 07:00:00,1.25,12.5,11.58,9.02,14.22,19.15,5.7,0.8,7.69,1.1,4.9,,,,,,66.5,0.48,,0.0,0.0,130.25,,
2024-12-05 08:00:00,2.25,13.75,9.9,8.15,12.4,17.6,6.82,0.53,8.87,1.05,4.6,,,,,,67.25,0.52,287.0,0.0,0.0,239.5,,
2024-12-05 09:00:00,4.5,14.75,9.85,9.4,13.0,15.78,13.42,0.78,12.25,1.08,4.55,,,,,,66.75,0.88,315.25,0.0,0.0,224.75,,
2024-12-05 10:00:00,8.0,22.25,7.18,9.98,11.12,18.82,14.4,0.7,12.2,1.1,4.4,,,,,,66.0,1.05,342.0,0.0,0.0,187.75,,
2024-12-05 11:00:00,4.5,25.75,4.6,10.03,9.23,27.63,,0.67,10.19,1.08,4.35,,,,,,65.0,1.38,,0.0,0.0,449.0,,
2024-12-05 12:00:00,3.75,14.0,6.03,6.2,8.2,19.73,4.85,0.7,11.76,0.98,3.58,,,,,,65.5,2.02,,0.0,0.0,445.0,,
2024-12-05 13:00:00,5.25,8.25,5.52,5.3,7.32,13.55,5.75,0.64,11.66,0.72,3.0,,,,,,65.25,2.15,,0.0,0.0,404.0,,
2024-12-05 14:00:00,3.75,9.0,3.85,4.35,5.45,11.3,2.92,0.58,17.59,0.62,2.5,,,,,,66.0,2.05,,0.0,0.0,337.0,,
2024-12-05 15:00:00,6.75,12.75,2.85,4.45,4.7,12.75,1.92,0.46,26.32,0.5,10.18,,,,,,65.5,1.9,,0.0,0.0,240.25,,
2024-12-05 16:00:00,8.75,25.25,3.38,5.7,5.78,12.52,3.15,0.4,23.81,0.55,19.9,,,,,,67.5,1.8,,0.0,0.0,128.5,,
2024-12-05 17:00:00,8.25,27.25,5.55,8.93,9.25,11.85,1.67,0.64,22.54,0.42,13.88,,,,,,68.0,1.5,,0.0,0.0,29.25,,
2024-12-05 18:00:00,9.5,25.0,8.68,9.95,12.35,11.48,2.62,0.68,15.29,0.4,12.0,,,,,,68.0,1.1,344.33,0.0,0.0,16.0,,
2024-12-05 19:00:00,11.75,38.5,7.75,9.02,11.08,10.4,3.45,0.63,12.89,0.4,12.0,,,,,,69.25,0.88,317.25,0.0,0.0,16.0,,
2024-12-05 20:00:00,13.5,50.25,9.52,9.95,13.08,11.28,1.2,0.79,11.66,0.4,12.0,,,,,,69.0,0.55,326.0,0.0,0.0,16.0,,
2024-12-05 21:00:00,11.75,43.75,14.82,11.7,18.3,11.1,1.45,0.83,9.46,0.4,12.0,,,,,,69.75,0.57,352.0,0.0,0.0,16.0,,
2024-12-05 22:00:00,11.75,44.75,12.72,9.35,15.3,10.42,1.75,0.89,9.16,0.4,12.0,,,,,,69.75,0.32,236.0,0.0,0.0,16.0,,
2024-12-05 23:00:00,14.0,59.75,13.95,10.35,16.85,11.02,1.58,0.77,7.25,0.55,11.75,,,,,,69.75,0.38,305.0,0.0,0.0,16.0,,
2024-12-06 00:00:00,12.5,53.25,11.68,8.55,14.02,10.75,2.3,0.71,7.5,1.08,9.5,,,,,,69.5,0.4,328.5,0.0,0.0,16.0,,
2024-12-06 01:00:00,8.0,23.0,10.18,6.9,11.92,9.6,2.42,0.68,8.52,1.2,8.8,,,,,,69.5,0.35,305.0,0.0,0.0,16.0,,
2024-12-06 02:00:00,7.5,13.25,8.25,6.35,10.07,8.85,1.95,0.62,8.1,1.2,8.8,,,,,,71.0,0.32,306.33,0.0,0.0,16.0,,
2024-12-06 03:00:00,7.25,24.0,8.3,7.35,10.72,9.45,1.88,0.32,11.56,1.2,8.8,,,,,,70.0,0.3,297.5,0.0,0.0,16.0,,
2024-12-06 04:00:00,11.75,36.0,8.22,7.4,10.6,8.55,2.02,0.46,7.74,1.2,8.8,,,,,,71.25,0.3,315.75,0.0,0.0,16.0,,
2024-12-06 05:00:00,13.25,36.5,8.43,6.92,10.52,8.55,2.42,0.51,7.25,1.2,8.8,,,,,,71.5,0.3,327.0,0.0,0.0,16.0,,
2024-12-06 06:00:00,10.25,33.0,7.62,6.5,9.62,7.95,2.33,0.55,6.61,1.2,8.8,,,,,,71.5,0.35,331.67,0.0,0.0,18.25,,
2024-12-06 07:00:00,7.25,20.75,7.5,5.48,8.93,8.18,2.92,0.43,6.62,1.2,8.8,,,,,,71.25,0.35,346.0,0.0,0.0,77.0,,
2024-12-06 08:00:00,5.5,31.5,7.68,4.9,8.82,8.25,3.32,0.57,7.64,1.2,8.8,,,,,,70.75,0.77,320.5,0.0,0.0,133.25,,
2024-12-06 09:00:00,9.5,42.5,6.45,5.18,7.98,7.98,4.28,0.6,8.82,1.2,8.8,,,,,,70.5,0.95,301.25,0.0,0.0,272.75,,
2024-12-06 10:00:00,15.75,53.5,5.78,5.92,7.8,8.48,3.2,0.8,10.34,1.2,8.8,,,,,,70.75,0.98,313.0,0.0,0.0,219.0,,
2024-12-06 11:00:00,12.5,57.75,4.73,7.7,7.97,9.57,5.4,0.75,5.55,1.18,8.3,,,,,,70.75,0.85,293.0,0.0,0.0,118.75,,
2024-12-06 12:00:00,13.25,67.0,5.4,8.0,8.7,11.47,6.18,0.6,6.71,0.82,6.1,,,,,,68.75,2.4,,0.0,0.0,443.75,,
2024-12-06 13:00:00,10.0,58.5,4.77,7.25,7.7,8.78,7.28,0.53,9.31,0.8,5.88,,,,,,68.25,2.52,,0.0,0.0,404.5,,
2024-12-06 14:00:00,7.0,25.75,3.32,4.75,5.25,8.77,2.95,0.5,10.83,0.65,4.75,,,,,,68.5,2.28,263.75,0.0,0.0,328.25,,
2024-12-06 15:00:00,7.0,31.0,3.78,7.2,6.9,15.35,2.58,0.55,11.27,0.5,4.97,,,,,,66.0,2.3,270.75,0.0,0.0,218.75,,
2024-12-06 16:00:00,6.75,30.25,5.05,6.9,7.72,11.85,3.8,0.53,16.27,0.4,4.6,,,,,,69.0,2.17,272.25,0.0,0.0,121.5,,
2024-12-06 17:00:00,6.25,27.25,2.95,6.88,6.08,12.25,5.78,0.52,11.95,,,,,,,,68.0,1.82,273.25,0.0,0.0,21.0,,
2024-12-06 18:00:00,7.0,27.75,3.75,6.95,6.75,16.88,3.92,0.59,11.17,,,,,,,,67.0,1.52,276.75,0.0,0.0,16.0,,
2024-12-06 19:00:00,7.5,37.5,4.3,9.22,8.38,13.92,3.8,0.66,9.7,,,,,,,,68.5,0.85,265.5,0.0,0.0,16.0,,
2024-12-06 20:00:00,8.75,41.75,4.28,9.85,8.75,14.3,4.4,0.72,3.99,0.78,5.3,,,,,,68.75,0.68,255.75,0.0,0.0,16.0,,
2024-12-06 21:00:00,7.25,38.0,4.62,6.78,7.38,12.88,3.48,0.73,8.52,0.9,6.38,,,,,,68.5,0.92,260.75,0.0,0.0,16.0,,
2024-12-06 22:00:00,7.0,29.25,4.08,6.85,6.95,14.02,5.22,0.75,8.62,0.92,6.32,,,,,,68.75,0.48,266.0,0.0,0.0,16.0,,
2024-12-06 23:00:00,13.25,31.0,6.0,11.02,10.75,14.75,4.85,0.72,7.2,0.9,6.18,,,,,,69.75,0.35,261.0,0.0,0.0,16.0,,
2024-12-07 00:00:00,12.25,34.0,7.95,11.38,12.52,15.52,2.02,0.66,11.22,0.8,5.4,,,,,,70.5,0.3,261.0,0.0,0.0,16.0,,
2024-12-07 01:00:00,8.25,31.75,9.32,12.22,14.1,14.48,1.03,0.64,7.64,0.8,5.4,,,,,,71.25,0.3,261.0,0.0,0.0,16.0,,
2024-12-07 02:00:00,12.0,29.75,8.93,12.15,13.73,13.5,3.8,0.66,7.19,0.8,5.4,,,,,,71.25,0.3,261.0,0.0,0.0,16.0,,
2024-12-07 03:00:00,13.75,52.75,8.93,11.0,13.1,14.2,4.47,0.7,7.9,0.8,5.4,,,,,,71.25,0.3,289.25,0.0,0.0,16.0,,
2024-12-07 04:00:00,17.75,73.75,9.28,10.25,13.05,14.48,4.25,0.71,3.43,1.03,5.95,,,,,,70.0,0.3,55.25,0.0,0.0,16.0,,
2024-12-07 05:00:00,13.5,53.75,9.55,10.0,13.05,14.12,3.75,0.72,5.88,1.1,6.18,,,,,,69.0,0.3,16.75,0.0,0.0,16.0,,
2024-12-07 06:00:00,13.0,43.5,9.02,10.1,12.72,14.98,3.92,0.77,6.57,1.12,6.0,,,,,,70.0,0.3,35.75,0.0,0.0,18.0,,
2024-12-07 07:00:00,14.25,52.75,7.95,10.12,11.85,16.35,3.72,0.86,8.72,1.2,6.02,,,,,,69.5,0.32,47.75,0.0,0.0,64.25,,
2024-12-07 08:00:00,11.25,59.0,8.28,9.12,11.6,15.55,5.1,0.84,12.0,1.2,6.6,,,,,,70.5,0.75,112.5,0.0,0.0,140.0,,
2024-12-07 09:00:00,17.0,51.5,4.6,5.72,6.78,11.12,6.42,0.71,11.42,1.2,6.6,,,,,,71.25,1.78,252.5,0.0,0.0,316.75,,
2024-12-07 10:00:00,12.75,22.75,3.0,4.8,4.95,10.68,5.43,0.64,13.97,1.2,6.6,,,,,,71.25,2.05,253.5,0.0,0.0,318.5,,
2024-12-07 11:00:00,8.5,32.75,2.57,3.93,4.23,10.25,7.1,0.57,12.64,1.2,6.55,,,,,,70.0,2.05,243.5,0.0,0.0,301.75,,
2024-12-07 12:00:00,7.25,41.0,2.05,3.73,3.1,12.0,4.68,0.52,10.92,0.68,4.47,,,,,,69.5,2.02,240.25,0.0,0.0,199.25,,
2024-12-07 13:00:00,7.25,50.0,1.4,4.65,3.62,15.25,5.1,0.49,12.44,0.6,4.35,,,,,,65.75,2.4,229.25,0.0,0.0,386.5,,
2024-12-07 14:00:00,5.0,18.0,2.72,4.97,4.9,17.85,4.08,0.45,11.71,0.52,4.15,,,,,,65.75,2.35,229.0,0.0,0.0,326.5,,
2024-12-07 15:00:00,5.0,21.25,3.38,4.1,4.98,12.72,3.4,0.39,16.56,0.43,3.38,,,,,,67.5,2.02,224.5,0.0,0.0,230.5,,
2024-12-07 16:00:00,5.75,31.0,3.35,4.35,5.08,14.32,3.5,0.33,19.01,0.4,3.25,,,,,,68.5,2.03,221.5,0.0,0.0,112.25,,
2024-12-07 17:00:00,8.25,35.25,2.92,4.68,4.9,14.98,4.65,0.55,19.5,0.4,3.12,,,,,,68.25,1.6,216.75,0.0,0.0,21.0,,
2024-12-07 18:00:00,10.0,47.0,2.78,5.2,5.0,14.52,3.78,0.68,18.03,0.5,3.38,,,,,,68.75,1.42,245.25,0.0,0.0,16.0,,
2024-12-07 19:00:00,13.25,44.75,2.78,4.9,4.88,12.98,2.62,0.74,19.06,0.5,3.4,,,,,,69.25,1.42,240.25,0.0,0.0,16.0,,
2024-12-07 20:00:00,14.75,47.25,2.15,5.6,4.72,13.05,1.85,0.82,15.58,0.5,3.42,,,,,,69.75,1.02,246.75,0.0,0.0,16.0,,
2024-12-07 21:00:00,15.75,47.75,1.82,6.55,5.03,14.0,0.5,0.66,13.38,0.78,3.65,,,,,,69.0,1.02,241.25,0.0,0.0,16.0,,
2024-12-07 22:00:00,11.0,44.0,2.58,5.4,4.95,13.82,2.87,0.71,19.26,0.75,3.7,,,,,,68.25,1.08,233.75,0.0,0.0,16.0,,
2024-12-07 23:00:00,8.25,33.5,2.65,4.55,4.6,14.2,3.53,0.7,19.31,0.7,3.6,,,,,,68.75,0.78,233.25,0.0,0.0,16.0,,
2024-12-08 00:00:00,5.75,28.75,2.6,6.12,5.32,13.85,5.22,0.63,18.03,0.7,3.4,,,,,,70.25,0.35,249.5,0.0,0.0,16.0,,
2024-12-08 01:00:00,5.75,28.75,3.4,5.82,5.82,13.4,6.25,0.55,19.94,0.7,3.4,,,,,,70.75,0.3,249.0,0.0,0.0,16.0,,
2024-12-08 02:00:00,9.25,35.75,4.58,12.55,10.42,13.55,4.58,0.56,10.32,0.7,3.4,,,,,,71.75,0.3,249.0,0.0,0.0,16.0,,
2024-12-08 03:00:00,12.5,49.5,5.82,13.0,11.68,15.08,3.75,0.6,11.7,0.7,3.4,,,,,,71.0,0.3,249.0,0.0,0.0,16.0,,
2024-12-08 04:00:00,13.25,60.0,6.0,11.52,11.0,14.3,4.12,0.67,7.51,0.7,3.4,,,,,,72.0,0.3,249.0,0.0,0.0,16.0,,
2024-12-08 05:00:00,19.75,94.0,6.98,11.58,11.88,16.15,3.6,0.69,4.06,1.15,5.12,,,,,,69.75,0.3,249.0,0.0,0.0,16.0,,
2024-12-08 06:00:00,18.5,84.5,7.48,11.9,12.38,15.98,2.6,0.76,6.56,1.23,6.7,,,,,,70.5,0.3,249.0,0.0,0.0,20.75,,
2024-12-08 07:00:00,17.25,77.0,7.9,11.68,12.6,17.0,2.17,0.84,7.94,1.35,6.52,,,,,,70.25,0.3,249.5,0.0,0.0,93.25,,
2024-12-08 08:00:00,18.5,85.75,6.65,12.3,11.88,17.35,3.38,0.89,12.06,1.38,8.38,,,,,,70.0,0.38,250.0,0.0,0.0,195.25,,
2024-12-08 09:00:00,18.0,75.25,5.2,8.8,8.9,13.32,4.4,0.78,19.5,1.3,9.0,,,,,,71.25,1.1,238.0,0.0,0.0,336.0,,
2024-12-08 10:00:00,11.75,43.5,2.88,6.15,5.62,12.28,3.57,0.68,21.41,1.3,9.0,,,,,,70.75,1.15,239.25,0.0,0.0,388.5,,
2024-12-08 11:00:00,11.25,39.5,2.33,5.97,5.07,11.68,5.03,0.57,24.06,1.3,9.0,,,,,,69.5,1.75,245.5,0.0,0.0,422.5,,
2024-12-08 12:00:00,11.25,49.5,2.3,4.2,4.13,15.0,7.72,0.57,19.21,1.0,7.45,,,,,,69.5,2.0,240.25,0.0,0.0,413.5,,
2024-12-08 13:00:00,9.5,45.75,1.32,4.42,3.45,13.25,7.65,0.61,19.11,0.7,4.95,,,,,,67.75,1.98,243.0,0.0,0.0,374.75,,
2024-12-08 14:00:00,10.5,37.0,2.1,3.48,3.58,12.7,4.3,0.61,23.81,0.62,4.08,,,,,,67.5,2.02,251.75,0.0,0.0,304.75,,
2024-12-08 15:00:00,8.75,32.0,2.4,3.8,3.97,12.88,2.25,0.69,23.47,0.5,3.45,,,,,,67.75,1.85,247.75,0.0,0.0,209.0,,
2024-12-08 16:00:00,9.0,36.75,2.52,3.75,4.03,13.2,1.78,0.69,25.09,0.5,2.98,,,,,,68.5,1.68,265.0,0.0,0.0,100.5,,
2024-12-08 17:00:00,12.5,43.5,3.25,5.98,5.8,13.65,3.2,0.6,23.96,0.43,2.65,,,,,,68.75,1.4,278.75,0.0,0.0,23.5,,
2024-12-08 18:00:00,15.0,51.5,2.9,10.05,7.68,13.15,4.32,0.61,16.61,0.4,2.6,,,,,,70.25,0.98,278.75,0.0,0.0,16.0,,
2024-12-08 19:00:00,17.75,63.25,2.98,14.8,10.27,13.82,3.25,0.78,12.1,0.4,2.6,,,,,,70.0,0.9,309.5,0.0,0.0,16.0,,
2024-12-08 20:00:00,15.75,65.0,3.78,16.27,11.72,14.18,3.95,0.72,8.82,0.4,2.6,,,,,,69.75,0.82,304.75,0.0,0.0,16.0,,
2024-12-08 21:00:00,12.25,60.25,4.47,18.52,13.52,16.4,1.85,0.65,4.51,0.65,3.15,,,,,,69.0,0.7,298.25,0.0,0.0,16.0,,
2024-12-08 22:00:00,13.0,66.75,6.62,19.7,15.88,17.12,5.15,0.72,7.6,0.72,3.58,,,,,,70.0,0.8,306.25,0.0,0.0,16.0,,
2024-12-08 23:00:00,14.0,71.75,4.97,13.88,11.4,15.9,5.9,0.72,11.91,1.18,4.47,,,,,,69.5,0.55,320.0,0.0,0.0,16.0,,
2024-12-09 00:00:00,16.75,64.5,4.0,14.38,10.85,16.38,6.25,0.66,11.9,1.4,4.72,,,,,,69.0,0.48,319.25,0.0,0.0,16.0,,
2024-12-09 01:00:00,16.5,75.0,5.28,17.58,13.62,17.18,7.52,0.64,13.67,1.23,4.45,,,,,,70.25,0.6,299.25,0.0,0.0,16.0,,
2024-12-09 02:00:00,17.5,79.0,4.12,7.2,7.18,13.95,7.1,0.64,21.89,1.2,4.4,,,,,,70.0,0.88,262.5,0.0,0.0,16.0,,
2024-12-09 03:00:00,16.0,65.5,2.88,5.38,5.2,14.72,5.42,0.63,28.68,1.2,4.4,,,,,,71.0,0.42,253.25,0.0,0.0,16.0,,
2024-12-09 04:00:00,18.75,74.5,2.53,5.0,4.72,14.22,4.68,0.62,24.21,1.2,4.4,,,,,,71.0,0.3,262.0,0.0,0.0,16.0,,
2024-12-09 05:00:00,24.25,87.25,1.92,10.52,7.15,15.8,1.85,0.56,9.85,0.98,3.8,,,,,,70.5,0.3,262.0,0.0,0.0,16.0,,
2024-12-09 06:00:00,17.75,92.25,3.48,15.1,10.85,16.48,1.8,0.63,8.18,1.15,4.47,,,,,,70.5,0.32,167.5,0.0,0.0,20.0,,
2024-12-09 07:00:00,24.25,115.75,5.3,14.52,12.02,16.75,,1.02,8.92,1.25,4.88,,,,,,70.5,0.38,55.5,0.0,0.0,63.5,,
2024-12-09 08:00:00,28.0,126.5,4.08,13.1,10.3,20.38,3.13,1.14,11.22,1.4,5.0,,,,,,69.25,0.52,45.75,0.0,0.0,135.0,,
2024-12-09 09:00:00,27.0,138.5,3.55,11.68,9.1,26.52,5.32,1.09,18.18,1.62,5.52,,,,,,67.75,0.98,119.5,0.0,0.0,204.5,,
2024-12-09 10:00:00,24.25,124.25,5.18,10.58,9.82,20.8,5.6,0.89,30.92,1.3,4.7,,,,,,69.25,1.25,138.0,0.0,0.0,240.0,,
2024-12-09 11:00:00,25.5,120.5,3.27,12.17,9.1,18.23,11.73,0.82,28.96,1.3,4.7,,,,,,70.5,2.02,203.5,0.0,0.0,306.0,,
2024-12-09 12:00:00,27.25,117.5,2.6,13.7,9.4,18.47,7.92,0.73,26.95,1.3,4.7,,,,,,70.0,2.05,273.0,0.0,0.0,357.25,,
2024-12-09 13:00:00,27.0,124.75,2.75,16.45,10.98,18.1,10.92,0.66,24.6,1.3,4.62,,,,,,69.0,2.45,260.5,0.0,0.0,318.0,,
2024-12-09 14:00:00,23.75,129.25,1.7,14.15,8.88,22.75,11.2,0.59,23.57,0.92,2.92,,,,,,68.25,2.65,273.75,0.0,0.0,256.5,,
2024-12-09 15:00:00,24.25,122.25,2.8,20.9,13.4,28.18,14.75,0.32,21.02,0.68,1.12,,,,,,67.5,2.3,282.75,0.0,0.0,157.25,,
2024-12-09 16:00:00,27.0,135.75,3.1,23.5,15.05,31.1,21.55,0.42,20.97,3.6,2.63,,,,,,68.25,2.3,273.75,0.0,0.0,52.0,,
2024-12-09 17:00:00,25.5,137.25,3.15,21.55,14.02,31.75,13.1,0.6,19.9,32.13,31.67,,,,,,67.5,2.2,270.0,0.0,0.0,20.25,,
2024-12-09 18:00:00,29.5,129.25,3.35,20.72,13.78,25.3,8.32,0.52,22.34,24.92,27.6,,,,,,68.25,2.25,275.5,0.0,0.0,16.0,,
2024-12-09 19:00:00,26.75,109.5,3.02,22.0,14.18,21.55,6.98,0.63,16.86,6.6,19.82,,,,,,69.25,1.95,270.0,0.0,0.0,16.0,,
2024-12-09 20:00:00,23.5,101.25,2.62,13.88,9.43,18.9,9.12,0.57,18.72,6.6,19.8,,,,,,70.0,1.58,278.25,0.0,0.0,16.0,,
2024-12-09 21:00:00,24.5,97.25,1.82,10.75,7.22,19.02,8.8,0.59,16.66,6.3,18.95,,,,,,67.75,1.92,213.75,0.0,0.0,16.5,,
2024-12-09 22:00:00,21.67,91.0,1.6,10.25,6.75,20.23,7.3,0.73,16.95,4.6,13.35,,,,,,68.5,1.2,193.5,0.0,0.0,16.75,,
2024-12-09 23:00:00,18.75,87.0,2.58,8.4,6.52,21.7,4.58,0.71,20.14,4.6,12.2,,,,,,69.5,1.25,220.25,0.0,0.0,16.75,,
2024-12-10 00:00:00,17.5,83.0,2.72,7.12,6.0,22.0,3.38,0.72,20.88,4.53,11.02,,,,,,69.75,0.88,129.25,0.0,0.0,16.75,,
2024-12-10 01:00:00,17.0,80.0,3.12,6.75,6.15,22.48,3.08,0.68,21.56,4.03,11.1,,,,,,70.75,0.82,98.5,0.0,0.0,17.0,,
2024-12-10 02:00:00,19.5,77.0,2.8,5.35,5.15,18.5,4.72,0.66,22.41,4.0,10.9,,,,,,70.5,0.85,162.5,0.0,0.0,16.75,,
2024-12-10 03:00:00,18.5,73.0,2.25,5.62,4.82,18.1,5.58,0.69,21.43,4.0,10.9,,,,,,71.25,0.68,95.0,0.0,0.0,17.0,,
2024-12-10 04:00:00,18.67,85.75,2.42,5.18,4.7,15.23,4.75,0.64,17.4,4.0,10.9,,,,,,70.75,0.65,210.75,0.0,0.0,17.0,,
2024-12-10 05:00:00,17.5,79.25,2.25,5.03,4.47,16.35,2.7,0.63,12.5,3.78,10.98,,,,,,70.75,0.85,107.5,0.0,0.0,17.0,,
2024-12-10 06:00:00,22.5,82.25,2.4,11.48,8.07,18.92,4.18,0.7,12.2,4.12,12.35,,,,,,69.75,1.27,227.25,0.0,0.0,20.25,,
2024-12-10 07:00:00,23.75,91.75,2.58,13.25,9.15,21.22,4.38,0.8,17.84,7.28,17.75,,,,,,70.0,1.8,226.5,0.0,0.0,70.0,,
2024-12-10 08:00:00,23.5,100.0,2.55,11.02,7.9,21.82,4.85,0.84,22.93,5.48,13.68,,,,,,69.25,1.95,218.5,0.0,0.0,129.5,,
2024-12-10 09:00:00,24.5,100.0,2.1,8.57,6.25,28.25,5.8,0.87,27.68,5.08,12.38,,,,,,68.75,2.48,192.75,0.0,0.0,149.5,,
2024-12-10 10:00:00,22.0,98.0,3.55,10.05,8.25,23.75,5.87,0.7,34.44,3.85,9.15,,,,,,69.5,2.9,188.5,0.0,0.0,192.5,,
2024-12-10 11:00:00,20.0,91.75,2.33,8.03,6.17,19.5,6.73,0.67,33.56,3.7,8.5,,,,,,69.75,2.8,197.75,0.0,0.0,229.5,,
2024-12-10 12:00:00,22.25,90.25,2.17,6.4,5.17,18.73,4.7,0.66,34.94,3.7,8.5,,,,,,70.0,3.28,205.75,0.0,0.0,288.0,,
2024-12-10 13:00:00,20.0,88.0,2.05,6.95,5.35,17.65,4.08,0.62,38.22,3.68,8.38,,,,,,69.5,3.75,205.25,0.0,0.0,196.25,,
2024-12-10 14:00:00,19.75,89.5,1.48,6.35,4.58,21.45,6.6,0.6,39.15,2.75,9.0,,,,,,68.5,3.68,222.0,0.0,0.0,132.0,,
2024-12-10 15:00:00,18.5,94.5,2.35,6.6,5.38,23.4,4.82,0.63,37.14,2.88,12.02,,,,,,69.0,2.7,191.25,0.0,0.0,101.0,,
2024-12-10 16:00:00,18.25,96.0,2.22,7.48,5.82,24.08,2.3,0.64,36.9,2.85,10.9,,,,,,68.0,3.18,211.5,0.0,0.0,60.5,,
2024-12-10 17:00:00,21.0,97.25,2.4,7.2,5.75,26.05,0.48,0.69,36.41,2.92,13.08,,,,,,68.75,2.62,198.0,0.0,0.0,21.0,,
2024-12-10 18:00:00,19.5,96.75,3.3,7.15,6.5,24.15,3.02,0.65,38.22,2.9,13.65,,,,,,69.0,2.85,197.25,0.0,0.0,16.0,,
2024-12-10 19:00:00,23.5,85.25,2.35,6.82,5.52,20.65,5.18,0.67,31.41,2.9,13.7,,,,,,69.25,2.1,191.5,0.0,0.0,16.0,,
2024-12-10 20:00:00,22.0,90.75,1.7,8.6,5.95,19.27,3.72,0.67,31.51,2.9,13.7,,,,,,69.75,2.58,183.25,0.0,0.0,16.0,,
2024-12-10 21:00:00,21.5,94.0,1.9,7.18,5.38,18.68,1.03,0.64,27.2,2.85,13.3,,,,,,70.5,1.78,141.75,0.0,0.0,16.0,,
2024-12-10 22:00:00,19.75,85.75,1.35,7.28,4.95,20.3,3.72,0.65,26.9,3.45,9.85,,,,,,71.0,1.6,115.0,0.0,0.0,16.0,,
2024-12-10 23:00:00,18.5,79.0,2.22,5.18,4.58,21.32,6.12,0.63,32.44,3.72,9.82,,,,,,68.5,1.48,96.0,0.0,0.0,16.0,,
2024-12-11 00:00:00,17.5,78.0,2.3,5.6,4.85,24.52,5.35,0.58,28.52,3.42,9.57,,,,,,69.0,1.78,130.0,0.0,0.0,16.0,,
2024-12-11 01:00:00,18.5,71.75,2.82,4.05,4.5,23.55,3.78,0.58,28.96,3.32,9.9,,,,,,69.25,1.48,106.5,0.0,0.0,16.0,,
2024-12-11 02:00:00,15.0,62.25,3.38,4.75,5.25,20.27,5.72,0.64,29.27,3.1,9.8,,,,,,71.25,1.58,126.5,0.0,0.0,16.0,,
2024-12-11 03:00:00,11.5,61.5,2.02,4.85,4.25,18.92,6.32,0.66,25.87,3.1,9.8,,,,,,71.25,1.58,92.5,0.0,0.0,16.0,,
2024-12-11 04:00:00,17.75,57.25,2.55,2.32,3.3,15.48,4.25,0.66,20.24,3.1,9.8,,,,,,71.0,1.58,90.5,0.0,0.0,16.0,,
2024-12-11 05:00:00,14.0,60.0,2.03,2.85,3.12,15.42,3.6,0.7,13.18,3.05,9.73,,,,,,70.75,1.52,97.5,0.0,0.0,16.0,,
2024-12-11 06:00:00,13.75,66.5,1.55,4.38,3.55,17.3,4.65,0.63,11.07,2.78,9.45,,,,,,70.25,1.18,167.5,0.0,0.0,16.0,,
2024-12-11 07:00:00,13.75,71.0,2.05,10.18,7.08,19.7,4.2,0.6,16.12,3.62,11.05,,,,,,69.0,3.22,254.5,0.0,0.0,30.5,,
2024-12-11 08:00:00,16.25,79.5,2.08,13.25,8.7,24.32,3.2,0.57,24.79,5.65,14.22,,,,,,69.5,3.7,268.25,0.0,0.0,58.25,,
2024-12-11 09:00:00,17.0,77.0,2.4,15.0,9.93,26.45,2.55,0.5,24.11,6.78,16.6,,,,,,69.0,3.9,255.5,6.75,6.75,32.25,,
2024-12-11 10:00:00,15.0,71.0,2.88,10.32,7.8,21.32,2.73,0.65,29.1,5.3,12.95,,,,,,70.5,2.62,175.75,0.0,0.0,58.5,,
2024-12-11 11:00:00,10.0,61.0,2.37,13.53,9.1,18.7,2.97,0.59,29.45,5.3,12.8,,,,,,71.0,2.6,184.0,0.25,0.25,81.5,,
2024-12-11 12:00:00,14.33,54.75,2.03,7.83,5.83,16.5,3.98,0.86,27.64,5.3,12.8,,,,,,70.5,1.9,159.25,0.0,0.0,110.0,,
2024-12-11 13:00:00,15.5,44.25,1.58,7.9,5.48,19.3,6.02,0.79,25.09,5.32,14.1,,,,,,69.0,2.75,184.5,0.0,0.0,50.75,,
2024-12-11 14:00:00,10.5,44.0,2.08,7.85,5.9,21.48,5.9,0.6,24.01,3.35,9.78,,,,,,69.75,1.82,160.75,0.25,0.25,40.5,,
2024-12-11 15:00:00,9.5,50.0,2.68,8.7,6.8,18.92,4.38,0.51,21.36,3.82,11.72,,,,,,69.25,1.32,93.0,0.0,0.0,31.0,,
2024-12-11 16:00:00,11.0,51.5,2.33,10.42,7.4,19.25,3.55,0.46,22.54,4.15,14.78,,,,,,68.75,1.98,178.5,0.5,0.5,22.5,,
2024-12-11 17:00:00,10.5,49.0,2.1,13.38,8.85,19.3,3.95,0.44,18.96,4.97,16.7,,,,,,70.25,1.78,130.25,0.5,0.5,17.0,,
2024-12-11 18:00:00,10.25,25.0,3.62,10.55,8.52,17.58,4.05,0.6,18.38,4.72,19.25,,,,,,71.25,1.2,71.25,0.0,0.0,16.25,,
2024-12-11 19:00:00,12.75,17.5,2.45,6.82,5.6,13.9,4.97,0.87,15.63,4.7,19.6,,,,,,72.0,1.05,75.75,0.0,0.0,16.0,,
2024-12-11 20:00:00,9.5,26.0,2.33,6.3,5.2,13.42,5.32,0.93,16.02,4.7,19.6,,,,,,72.0,1.25,102.75,0.0,0.0,16.0,,
2024-12-11 21:00:00,10.25,39.5,2.33,6.25,5.25,13.08,6.05,0.94,12.89,4.7,19.6,,,,,,71.75,1.55,101.75,3.5,3.5,16.5,,
2024-12-11 22:00:00,7.5,42.0,1.58,9.12,6.12,14.8,5.0,0.8,7.35,4.32,19.75,,,,,,71.5,0.85,208.0,0.0,0.0,17.0,,
2024-12-11 23:00:00,6.75,40.0,1.7,11.3,7.38,15.42,3.48,0.67,11.02,4.2,19.8,,,,,,71.25,1.08,185.75,0.0,0.0,17.0,,
2024-12-12 00:00:00,9.5,50.75,2.05,9.48,6.72,17.62,3.28,0.62,18.23,4.68,19.95,,,,,,70.0,2.22,248.25,0.0,0.0,16.5,,
2024-12-12 01:00:00,10.0,45.75,2.3,7.05,5.6,19.18,4.4,0.48,22.54,9.22,23.3,,,,,,69.75,2.5,252.75,1.25,1.25,16.0,,
2024-12-12 02:00:00,7.0,39.25,3.35,4.38,5.0,18.15,5.1,0.6,29.2,9.75,23.72,,,,,,70.75,3.52,241.75,11.5,11.5,17.0,,
2024-12-12 03:00:00,8.0,39.25,2.88,3.58,4.25,17.3,5.15,0.65,26.85,9.7,23.6,,,,,,71.5,1.55,285.5,0.25,0.25,17.0,,
2024-12-12 04:00:00,11.25,59.25,2.4,4.15,4.18,13.42,3.4,0.7,21.32,9.7,23.6,,,,,,71.25,2.48,245.75,0.25,0.25,17.0,,
2024-12-12 05:00:00,13.0,47.75,2.02,5.45,4.6,13.62,1.78,0.45,22.4,9.7,23.6,,,,,,72.0,2.08,141.0,6.75,6.75,17.0,,
2024-12-12 06:00:00,14.75,54.75,0.9,3.8,2.8,16.9,1.38,0.68,25.33,7.55,18.98,,,,,,70.0,1.88,267.25,0.25,0.25,17.25,,
2024-12-12 07:00:00,11.0,47.25,1.8,3.68,3.4,14.78,0.87,0.64,30.67,5.3,13.52,,,,,,70.25,3.38,267.25,11.5,11.5,17.25,,
2024-12-12 08:00:00,10.5,35.25,2.33,5.88,4.97,15.75,4.55,0.69,26.41,4.12,9.77,,,,,,71.0,0.8,292.5,0.0,0.0,42.5,,
2024-12-12 09:00:00,8.0,34.25,2.35,9.3,6.82,16.65,6.18,0.73,25.68,4.1,9.7,,,,,,71.5,1.67,292.0,2.75,2.75,31.25,,
2024-12-12 10:00:00,6.0,39.5,3.2,9.85,7.82,18.18,4.87,0.73,25.92,3.78,9.05,,,,,,71.5,1.0,227.75,2.0,2.0,40.0,,
2024-12-12 11:00:00,9.5,47.75,2.83,10.83,8.1,15.35,3.77,0.82,11.91,3.6,8.7,,,,,,72.0,1.15,183.75,0.25,0.25,23.75,,
2024-12-12 12:00:00,12.67,54.33,2.9,11.97,9.43,15.23,4.63,0.79,14.31,3.6,8.7,,,,,,72.0,1.83,268.0,4.33,3.25,35.0,,
2024-12-12 13:00:00,17.0,51.25,2.17,10.15,7.18,13.35,5.18,0.85,13.85,3.65,8.85,,,,,,72.0,0.62,136.0,0.0,0.0,42.5,,
2024-12-12 14:00:00,19.0,69.75,1.05,11.7,7.15,18.27,3.42,0.8,65.01,6.85,24.35,,,,,,70.0,1.15,218.25,0.0,0.0,59.5,,
2024-12-12 15:00:00,15.25,69.25,2.12,6.88,5.42,17.52,3.15,0.61,25.04,7.08,23.58,,,,,,70.5,1.95,191.5,0.0,0.0,54.75,,
2024-12-12 16:00:00,13.0,66.75,2.62,8.43,6.58,20.65,1.1,0.57,25.43,7.0,21.18,,,,,,70.5,1.55,205.75,2.5,2.5,22.75,,
2024-12-12 17:00:00,12.75,60.25,2.4,9.15,6.82,22.42,0.77,0.58,27.83,7.3,23.3,,,,,,70.75,1.95,270.5,3.5,3.5,17.0,,
2024-12-12 18:00:00,12.25,67.0,3.1,7.0,6.28,22.3,1.93,0.65,23.96,7.3,23.3,,,,,,71.25,2.15,277.0,3.5,3.5,17.0,,
2024-12-12 19:00:00,14.75,62.0,2.92,5.6,5.35,18.55,3.8,0.7,17.1,7.3,23.3,,,,,,72.0,2.75,274.25,0.0,0.0,17.0,,
2024-12-12 20:00:00,19.75,74.75,1.8,5.05,4.18,16.68,3.98,0.7,32.53,7.3,23.3,,,,,,72.75,2.62,270.0,0.0,0.0,16.75,,
2024-12-12 21:00:00,19.25,77.75,2.15,4.38,4.1,16.1,4.32,0.7,32.19,7.3,23.3,,,,,,70.75,2.8,268.25,0.0,0.0,16.0,,
2024-12-12 22:00:00,18.25,81.0,0.65,4.42,2.92,18.35,3.1,0.63,43.36,6.8,21.5,,,,,,70.75,2.35,276.5,0.0,0.0,16.0,,
2024-12-12 23:00:00,14.33,83.75,2.15,5.55,4.72,19.23,1.9,0.61,44.49,6.7,21.1,,,,,,70.5,2.55,265.25,0.0,0.0,16.0,,
2024-12-13 00:00:00,16.0,83.0,2.28,4.7,4.38,22.08,2.9,0.63,49.49,6.7,21.1,,,,,,71.0,2.65,258.25,0.0,0.0,16.0,,
2024-12-13 01:00:00,15.5,84.25,2.4,3.97,4.08,22.95,5.2,0.65,52.67,6.7,21.1,,,,,,70.5,2.52,275.25,0.0,0.0,16.0,,
2024-12-13 02:00:00,20.75,89.0,3.38,3.6,4.68,21.3,3.88,0.66,50.83,6.7,21.1,,,,,,70.75,2.38,269.0,0.0,0.0,16.0,,
2024-12-13 03:00:00,16.75,91.0,2.4,3.25,3.65,19.58,3.0,0.65,44.23,6.7,21.1,,,,,,72.25,1.95,281.75,0.0,0.0,16.0,,
2024-12-13 04:00:00,23.0,88.5,2.48,2.95,3.58,14.5,2.75,0.66,43.85,6.7,21.1,,,,,,72.0,2.08,254.75,0.0,0.0,16.0,,
2024-12-13 05:00:00,16.0,87.0,2.4,4.3,4.25,13.68,2.75,0.66,39.54,6.7,21.1,,,,,,71.75,1.8,291.25,0.0,0.0,16.0,,
2024-12-13 06:00:00,12.75,76.0,0.98,6.22,4.05,21.38,4.45,0.61,28.66,4.68,12.92,,,,,,70.25,1.62,285.5,0.0,0.0,20.25,,
2024-12-13 07:00:00,12.0,69.0,2.5,5.95,5.22,17.6,2.92,0.62,39.35,3.97,9.12,,,,,,70.25,2.02,247.5,0.0,0.0,68.25,,
2024-12-13 08:00:00,12.0,66.5,2.68,6.68,5.72,18.1,2.03,0.64,41.55,3.9,9.1,,,,,,70.25,2.35,273.0,0.0,0.0,107.0,,
2024-12-13 09:00:00,13.25,72.0,2.28,8.15,6.15,18.65,1.45,0.66,47.24,3.9,9.1,,,,,,70.5,2.58,280.0,0.0,0.0,101.5,,
2024-12-13 10:00:00,17.0,81.75,2.82,8.93,7.08,21.8,1.47,0.72,50.08,3.78,8.98,,,,,,71.25,3.15,265.75,0.0,0.0,309.0,,
2024-12-13 11:00:00,18.0,80.33,2.4,8.2,6.35,19.8,3.45,0.71,31.1,4.0,7.5,,,,,,71.0,3.43,246.0,0.0,0.0,287.33,,
2024-12-13 12:00:00,20.0,93.0,1.93,7.83,5.73,21.2,2.78,0.74,57.18,4.05,6.1,,,,,,71.25,3.52,256.25,0.0,0.0,311.0,,
2024-12-13 13:00:00,21.25,99.75,2.38,5.5,4.85,16.88,2.15,0.77,58.8,4.82,6.0,,,,,,71.0,3.78,223.25,0.0,0.0,272.5,,
2024-12-13 14:00:00,24.75,101.75,1.52,5.35,4.08,17.52,5.6,0.68,51.01,5.42,6.32,,,,,,69.75,3.62,227.0,0.0,0.0,207.0,,
2024-12-13 15:00:00,24.25,104.0,1.75,14.0,8.88,19.4,8.05,0.6,53.16,5.88,8.22,,,,,,69.5,3.52,222.25,0.0,0.0,113.5,,
2024-12-13 16:00:00,23.0,106.25,2.68,12.38,8.72,21.28,6.35,0.56,59.14,7.1,12.75,,,,,,69.25,3.42,97.25,0.0,0.0,52.25,,
2024-12-13 17:00:00,17.75,88.0,2.35,9.75,7.08,20.58,3.4,0.54,57.43,7.25,14.3,,,,,,69.25,3.12,84.5,0.0,0.0,19.75,,
2024-12-13 18:00:00,20.75,99.75,3.22,8.22,7.02,20.05,2.75,0.66,65.22,7.88,15.35,,,,,,69.75,3.3,59.5,0.0,0.0,16.0,,
2024-12-13 19:00:00,24.0,116.0,3.08,8.72,7.2,18.15,3.35,0.78,64.48,7.8,14.9,,,,,,71.0,3.6,83.0,0.0,0.0,16.0,,
2024-12-13 20:00:00,26.0,111.25,2.25,6.2,5.1,16.0,4.75,0.76,65.9,7.8,14.9,,,,,,70.5,3.28,63.0,0.0,0.0,16.0,,
2024-12-13 21:00:00,21.75,100.5,2.1,5.1,4.45,14.62,4.75,0.72,63.16,7.8,14.9,,,,,,70.75,3.0,56.5,0.0,0.0,16.0,,
2024-12-13 22:00:00,17.0,82.5,1.35,5.62,4.12,15.38,5.25,0.61,48.07,7.8,14.9,,,,,,70.0,2.4,45.5,0.0,0.0,16.0,,
2024-12-13 23:00:00,14.0,78.0,2.08,6.35,5.08,15.4,4.72,0.77,48.9,7.8,14.9,,,,,,69.75,2.3,37.75,0.0,0.0,16.0,,
2024-12-14 00:00:00,14.5,78.5,2.15,8.0,6.0,15.95,5.0,0.69,45.86,7.8,14.9,,,,,,71.5,1.55,47.5,0.0,0.0,16.0,,
2024-12-14 01:00:00,17.75,82.5,1.98,9.55,6.68,15.7,4.47,0.84,31.66,7.8,14.9,,,,,,71.5,0.5,46.5,0.0,0.0,16.0,,
2024-12-14 02:00:00,21.25,86.25,2.9,8.22,6.72,17.48,5.03,0.81,27.83,7.35,15.73,,,,,,70.5,0.55,46.25,0.0,0.0,16.0,,
2024-12-14 03:00:00,16.0,73.75,3.12,6.52,6.02,15.2,2.38,0.9,29.79,7.0,16.3,,,,,,72.0,0.55,51.75,0.0,0.0,16.0,,
2024-12-14 04:00:00,16.75,71.25,2.5,5.05,4.7,12.4,5.12,0.92,22.93,7.0,16.3,,,,,,72.0,0.45,45.0,0.0,0.0,16.0,,
2024-12-14 05:00:00,18.25,77.25,2.6,5.4,4.92,12.05,5.78,1.03,20.24,7.0,16.3,,,,,,73.0,0.42,55.75,0.0,0.0,16.0,,
2024-12-14 06:00:00,17.0,85.5,1.42,6.2,4.45,13.98,6.2,1.04,12.79,7.0,16.3,,,,,,72.25,0.48,48.75,0.0,0.0,20.5,,
2024-12-14 07:00:00,19.25,88.25,2.45,7.45,5.92,14.58,6.6,0.79,18.96,7.0,16.3,,,,,,71.75,0.68,33.75,0.0,0.0,83.0,,
2024-12-14 08:00:00,19.75,84.25,2.8,8.72,7.0,15.68,3.42,0.83,21.32,7.0,16.3,,,,,,71.25,1.15,39.75,0.0,0.0,172.25,,
2024-12-14 09:00:00,17.75,82.75,2.8,10.85,8.1,15.72,1.58,0.63,38.52,7.0,16.3,,,,,,70.75,3.9,39.5,0.0,0.0,282.0,,
2024-12-14 10:00:00,16.25,75.75,3.42,16.7,11.68,20.75,0.93,0.64,47.73,6.82,15.88,,,,,,70.75,3.6,38.0,0.0,0.0,311.0,,
2024-12-14 11:00:00,22.67,103.0,3.0,19.17,12.63,20.47,3.15,0.52,51.22,5.9,11.07,,,,,,71.0,3.57,42.67,0.0,0.0,333.0,,
2024-12-14 12:00:00,22.75,105.75,2.75,17.95,11.78,16.23,3.1,0.35,46.16,4.7,9.7,,,,,,70.75,3.25,74.75,0.0,0.0,247.0,,
2024-12-14 13:00:00,24.25,106.0,2.12,11.08,7.65,15.85,3.6,0.67,56.74,4.7,9.7,,,,,,70.75,3.75,172.5,0.0,0.0,203.5,,
2024-12-14 14:00:00,20.5,101.5,1.48,11.92,7.52,18.38,8.45,0.6,48.26,4.25,10.25,,,,,,69.75,3.6,192.5,0.0,0.0,154.0,,
2024-12-14 15:00:00,16.0,103.25,2.05,11.1,7.58,19.58,7.6,0.66,62.62,3.88,16.02,,,,,,68.75,3.8,217.5,0.0,0.0,75.25,,
2024-12-14 16:00:00,16.25,89.75,2.6,14.12,9.62,20.35,5.05,0.64,57.62,5.38,28.05,,,,,,69.0,3.9,239.0,0.0,0.0,58.75,,
2024-12-14 17:00:00,17.75,75.25,2.52,13.3,9.07,19.5,2.7,0.72,51.6,6.6,19.15,,,,,,69.75,3.18,253.5,0.0,0.0,20.5,,
2024-12-14 18:00:00,19.0,78.5,3.25,14.85,10.55,18.98,2.58,0.92,53.76,7.3,18.68,,,,,,69.5,2.78,266.0,0.0,0.0,16.0,,
2024-12-14 19:00:00,17.5,77.75,2.4,13.45,9.07,15.95,2.38,0.77,53.8,7.3,18.6,,,,,,69.75,2.82,243.25,0.0,0.0,16.0,,
2024-12-14 20:00:00,20.5,78.0,2.15,9.07,6.6,14.12,6.62,0.8,51.74,7.3,18.6,,,,,,71.0,2.7,257.75,0.0,0.0,16.0,,
2024-12-14 21:00:00,16.5,71.5,2.1,9.88,6.98,13.3,9.93,0.99,51.65,7.3,18.6,,,,,,70.5,2.98,257.5,0.0,0.0,16.0,,
2024-12-14 22:00:00,16.25,68.5,1.38,12.3,7.7,15.52,8.05,0.75,41.5,7.3,18.6,,,,,,70.5,2.4,265.75,0.0,0.0,16.0,,
2024-12-14 23:00:00,11.0,63.5,1.92,11.5,7.7,16.35,5.7,0.61,41.9,7.3,18.6,,,,,,71.0,2.05,266.0,0.0,0.0,16.0,,
2024-12-15 00:00:00,11.0,62.0,1.8,11.65,7.68,16.5,3.38,0.5,41.06,7.3,18.6,,,,,,69.75,1.82,247.25,0.0,0.0,16.0,,
2024-12-15 01:00:00,11.5,65.75,2.28,13.92,9.22,16.52,2.25,0.53,32.1,7.3,18.6,,,,,,70.75,0.62,105.5,0.0,0.0,16.25,,
2024-12-15 02:00:00,14.25,73.75,2.75,9.35,7.2,15.7,0.5,0.61,30.64,6.42,17.45,,,,,,71.5,0.5,108.75,0.0,0.0,16.0,,
2024-12-15 03:00:00,17.0,60.0,2.25,6.78,5.42,13.88,0.3,0.61,29.27,6.3,17.3,,,,,,72.75,0.5,47.5,0.0,0.0,16.0,,
2024-12-15 04:00:00,14.5,52.5,2.48,6.07,5.25,11.15,1.67,0.63,24.55,6.3,17.3,,,,,,72.25,0.65,67.5,0.0,0.0,16.0,,
2024-12-15 05:00:00,18.0,74.75,2.28,7.55,5.9,12.32,3.08,0.67,19.99,6.3,17.3,,,,,,72.0,0.62,55.75,0.0,0.0,16.0,,
2024-12-15 06:00:00,27.0,112.5,1.08,8.7,5.48,22.4,7.12,0.68,9.41,7.8,21.62,,,,,,70.25,0.75,65.5,0.0,0.0,20.25,,
2024-12-15 07:00:00,36.5,146.75,3.38,9.82,7.92,20.4,8.07,0.76,16.76,8.35,25.45,,,,,,71.0,0.8,73.0,0.0,0.0,80.25,,
2024-12-15 08:00:00,33.25,137.75,3.25,8.52,7.18,16.52,2.8,0.62,26.31,7.78,23.2,,,,,,70.25,1.35,111.0,0.0,0.0,192.75,,
2024-12-15 09:00:00,19.0,106.0,2.9,8.12,6.62,15.73,0.7,0.63,36.85,7.7,22.8,,,,,,70.75,2.82,194.0,0.0,0.0,314.5,,
2024-12-15 10:00:00,20.0,89.25,3.1,16.55,11.25,20.85,2.2,0.46,51.4,7.58,22.5,,,,,,70.5,4.0,242.5,0.0,0.0,324.25,,
2024-12-15 11:00:00,23.5,103.0,3.53,18.57,12.77,20.47,3.93,0.64,58.26,7.3,21.8,,,,,,70.0,4.28,230.75,0.0,0.0,324.25,,
2024-12-15 12:00:00,26.0,112.75,2.57,22.9,14.27,20.6,6.22,0.67,54.2,7.3,21.8,,,,,,70.75,4.38,242.0,0.0,0.0,335.25,,
2024-12-15 13:00:00,27.75,132.25,2.38,21.95,13.62,17.77,10.22,0.69,56.99,7.3,21.8,,,,,,70.75,4.58,239.0,0.0,0.0,311.5,,
2024-12-15 14:00:00,21.5,125.25,2.25,20.02,12.48,18.55,15.05,0.65,50.32,6.52,18.58,,,,,,70.0,4.43,236.5,0.0,0.0,234.75,,
2024-12-15 15:00:00,15.0,110.25,1.92,23.05,13.8,21.05,18.75,0.62,49.88,4.88,10.82,,,,,,69.5,4.5,236.5,0.0,0.0,104.0,,
2024-12-15 16:00:00,19.25,107.75,2.17,24.72,14.9,22.52,15.65,0.64,53.56,5.9,13.68,,,,,,69.0,4.1,235.5,0.0,0.0,74.5,,
2024-12-15 17:00:00,22.25,102.25,2.42,22.4,13.85,21.18,7.68,0.65,54.05,6.32,14.65,,,,,,69.5,3.78,250.0,0.0,0.0,24.25,,
2024-12-15 18:00:00,21.25,89.75,2.65,28.28,17.1,21.7,5.05,0.63,47.14,6.22,15.73,,,,,,68.75,3.02,254.5,0.0,0.0,16.0,,
2024-12-15 19:00:00,24.25,90.75,2.8,16.77,11.2,18.02,3.42,0.64,64.92,6.3,16.8,,,,,,71.25,3.38,257.0,0.0,0.0,16.0,,
2024-12-15 20:00:00,20.5,76.75,2.08,9.07,6.6,15.68,6.68,0.63,65.86,6.3,16.8,,,,,,70.5,3.0,260.0,0.0,0.0,16.0,,
2024-12-15 21:00:00,15.0,74.25,1.98,9.38,6.58,15.72,7.55,0.78,61.94,6.3,16.8,,,,,,71.5,2.42,280.75,0.0,0.0,16.0,,
2024-12-15 22:00:00,12.25,76.5,1.58,10.18,6.7,16.2,7.15,0.64,48.36,6.0,16.35,,,,,,70.75,2.22,280.5,0.0,0.0,16.0,,
2024-12-15 23:00:00,14.5,76.25,1.15,12.45,7.58,24.2,8.3,0.68,38.02,9.78,19.6,,,,,,69.75,1.08,115.25,0.0,0.0,16.0,,
2024-12-16 00:00:00,18.25,91.0,2.98,9.57,7.5,17.35,4.5,0.67,40.67,7.6,15.75,,,,,,70.75,0.9,159.75,0.0,0.0,16.0,,
2024-12-16 01:00:00,17.0,92.5,2.45,6.88,5.58,15.58,2.4,0.72,41.99,7.0,14.6,,,,,,71.0,1.02,123.5,0.0,0.0,16.0,,
2024-12-16 02:00:00,22.25,88.25,2.35,5.55,4.82,16.42,5.7,0.78,36.0,6.98,14.52,,,,,,70.5,0.82,103.5,0.0,0.0,16.0,,
2024-12-16 03:00:00,28.75,115.0,2.88,5.35,5.18,18.95,9.1,0.77,36.26,6.6,13.8,,,,,,71.25,0.38,174.25,0.0,0.0,16.0,,
2024-12-16 04:00:00,26.0,110.25,2.52,5.1,4.75,15.3,8.32,0.93,32.83,6.6,13.8,,,,,,71.75,0.98,104.25,0.0,0.0,16.0,,
2024-12-16 05:00:00,22.5,105.0,2.45,11.82,8.28,15.75,7.3,0.73,44.69,6.6,13.8,,,,,,72.0,2.72,244.75,0.0,0.0,16.0,,
2024-12-16 06:00:00,28.0,106.75,2.15,19.68,12.25,18.35,4.08,0.56,48.95,6.48,13.78,,,,,,71.0,2.17,193.0,0.0,0.0,19.75,,
2024-12-16 07:00:00,22.5,115.0,1.58,11.6,7.4,17.85,5.18,0.76,40.18,5.6,13.6,,,,,,72.0,1.2,120.5,0.0,0.0,47.0,,
2024-12-16 08:00:00,23.5,123.75,2.15,11.3,7.75,22.9,7.55,0.78,34.4,5.98,15.05,,,,,,69.5,1.45,116.75,0.0,0.0,134.5,,
2024-12-16 09:00:00,21.0,121.25,3.05,9.22,7.4,18.18,7.6,0.91,43.46,6.35,18.12,,,,,,70.0,1.98,134.0,0.0,0.0,228.5,,
2024-12-16 10:00:00,17.75,109.75,2.62,8.28,6.52,17.48,5.87,0.84,55.86,5.72,16.3,,,,,,69.75,3.45,210.25,0.0,0.0,351.75,,
2024-12-16 11:00:00,18.25,94.5,2.83,9.27,7.27,20.77,7.5,0.74,73.55,4.35,10.55,,,,,,69.75,3.68,220.5,0.0,0.0,350.25,,
2024-12-16 12:00:00,22.5,102.75,2.57,8.1,6.4,18.2,4.0,0.76,71.49,4.1,10.0,,,,,,70.25,3.5,223.5,0.0,0.0,407.75,,
2024-12-16 13:00:00,22.25,90.75,2.58,5.62,5.12,16.02,2.22,0.64,76.19,3.62,9.55,,,,,,71.25,3.52,217.25,0.0,0.0,364.75,,
2024-12-16 14:00:00,17.0,73.5,2.3,5.1,4.58,16.23,5.98,0.5,68.21,3.3,12.7,,,,,,71.5,3.08,210.0,0.0,0.0,283.5,,
2024-12-16 15:00:00,16.25,70.5,1.48,5.48,4.05,17.52,7.85,0.52,61.84,2.82,10.15,,,,,,70.0,2.92,199.25,0.0,0.0,200.0,,
2024-12-16 16:00:00,14.5,74.5,2.2,6.1,5.0,18.2,4.72,0.72,56.35,2.88,12.7,,,,,,69.25,2.82,215.75,0.0,0.0,127.25,,
2024-12-16 17:00:00,16.25,75.75,2.15,8.88,6.5,19.05,2.28,0.87,57.97,2.78,12.78,,,,,,69.5,2.7,235.0,0.0,0.0,27.75,,
2024-12-16 18:00:00,17.75,84.0,2.3,11.6,8.02,18.38,5.28,0.95,48.31,3.12,15.95,,,,,,69.75,1.82,185.25,0.0,0.0,16.0,,
2024-12-16 19:00:00,20.5,84.25,3.52,11.1,8.8,18.0,7.22,0.8,42.44,3.6,24.65,,,,,,70.0,1.38,162.25,0.0,0.0,16.0,,
2024-12-16 20:00:00,22.75,83.5,2.58,8.88,6.8,14.72,6.5,0.78,38.52,3.6,23.6,,,,,,70.25,1.42,163.5,0.0,0.0,16.0,,
2024-12-16 21:00:00,24.5,78.75,2.28,7.38,5.75,13.62,5.92,0.74,40.33,3.6,23.6,,,,,,71.75,1.72,184.25,0.0,0.0,16.0,,
2024-12-16 22:00:00,21.25,76.75,2.58,8.12,6.42,13.88,2.9,0.72,42.88,3.6,23.6,,,,,,71.75,1.68,153.75,0.0,0.0,16.0,,
2024-12-16 23:00:00,16.75,70.75,1.32,7.28,4.95,15.78,1.8,0.68,41.6,3.52,24.75,,,,,,71.0,1.62,192.75,0.0,0.0,16.0,,
2024-12-17 00:00:00,17.5,66.5,2.02,5.7,4.65,16.27,1.15,0.64,46.45,3.5,25.1,,,,,,70.0,1.75,160.25,0.0,0.0,16.0,,
2024-12-17 01:00:00,14.75,76.5,2.28,5.4,4.72,17.1,,0.69,46.3,3.5,25.1,,,,,,70.5,1.75,189.25,0.0,0.0,16.0,,
2024-12-17 02:00:00,20.75,85.25,1.82,4.18,3.78,17.35,,0.72,49.59,3.5,25.1,,,,,,69.75,1.7,157.0,0.0,0.0,16.0,,
2024-12-17 03:00:00,22.25,87.0,3.4,3.25,4.47,18.92,0.3,0.7,55.4,3.32,21.18,,,,,,71.25,1.85,169.5,0.0,0.0,16.0,,
2024-12-17 04:00:00,21.0,82.0,2.75,3.25,4.0,14.25,4.25,0.7,45.23,3.3,20.5,,,,,,71.75,1.62,165.75,0.0,0.0,16.0,,
2024-12-17 05:00:00,23.0,86.0,1.78,3.5,3.32,13.4,7.12,0.72,44.4,3.3,20.5,,,,,,71.75,2.0,161.0,0.0,0.0,16.0,,
2024-12-17 06:00:00,21.75,90.5,1.95,3.95,3.7,13.5,5.45,0.74,45.42,3.3,20.5,,,,,,72.0,1.92,165.25,0.0,0.0,16.0,,
2024-12-17 07:00:00,25.0,97.0,1.42,5.45,4.03,15.52,4.05,0.73,43.46,3.3,20.5,,,,,,71.25,1.92,172.0,0.0,0.0,20.0,,
2024-12-17 08:00:00,20.5,104.0,1.52,6.5,4.75,18.77,6.95,0.73,51.35,3.4,18.48,,,,,,71.0,2.35,179.25,0.0,0.0,56.25,,
2024-12-17 09:00:00,23.5,106.75,2.25,6.65,5.35,19.3,5.58,0.74,57.23,4.6,13.08,,,,,,69.75,2.62,195.5,0.0,0.0,152.25,,
2024-12-17 10:00:00,20.5,106.25,1.7,6.45,4.82,24.82,6.7,0.7,64.04,4.88,14.55,,,,,,68.5,3.18,193.75,0.0,0.0,205.25,,
2024-12-17 11:00:00,26.5,111.0,2.07,6.9,5.3,30.63,10.93,0.69,69.04,4.85,18.05,,,,,,67.5,3.28,194.75,0.0,0.0,191.25,,
2024-12-17 12:00:00,30.25,119.0,5.1,6.67,7.67,25.63,3.82,0.74,70.7,5.0,16.75,,,,,,69.0,3.02,199.25,0.0,0.0,141.75,,
2024-12-17 13:00:00,28.25,111.0,2.7,6.1,5.45,17.95,1.18,0.74,79.92,4.15,15.15,,,,,,70.25,2.78,194.5,0.0,0.0,143.75,,
2024-12-17 14:00:00,27.75,124.5,2.5,5.45,4.95,20.15,4.78,0.77,85.7,4.12,22.92,,,,,,70.75,2.82,204.75,0.0,0.0,109.5,,
2024-12-17 15:00:00,25.0,129.0,2.62,4.95,4.78,18.1,5.78,0.77,77.76,4.2,24.28,,,,,,71.0,3.32,213.0,0.0,0.0,108.25,,
2024-12-17 16:00:00,26.75,130.5,1.62,6.78,4.9,18.88,7.32,0.71,63.56,4.2,20.42,,,,,,70.5,3.12,219.25,0.0,0.0,50.5,,
2024-12-17 17:00:00,25.0,155.25,2.12,8.9,6.55,18.85,8.77,0.69,62.67,4.55,21.55,,,,,,69.75,2.65,200.5,0.0,0.0,17.0,,
2024-12-17 18:00:00,33.0,198.25,2.17,8.7,6.4,17.8,6.15,0.54,60.42,4.43,24.72,,,,,,69.75,2.17,219.0,0.0,0.0,16.0,,
2024-12-17 19:00:00,36.5,144.0,2.4,8.93,6.68,17.02,4.0,0.51,51.11,4.4,24.8,,,,,,70.75,2.4,219.25,0.0,0.0,16.0,,
2024-12-17 20:00:00,27.5,131.25,2.92,6.85,6.02,16.97,5.65,0.64,55.22,4.28,24.68,,,,,,70.25,2.58,216.75,0.0,0.0,16.0,,
2024-12-17 21:00:00,23.25,99.25,2.42,5.55,4.9,15.4,4.85,0.74,45.62,4.2,24.6,,,,,,71.5,2.3,213.5,0.0,0.0,16.0,,
2024-12-17 22:00:00,22.5,91.0,2.2,5.05,4.45,14.6,5.18,0.74,44.1,4.2,24.6,,,,,,71.0,2.08,206.75,0.0,0.0,16.0,,
2024-12-17 23:00:00,18.5,91.0,1.98,5.0,4.25,14.12,5.82,0.79,39.0,4.2,24.6,,,,,,70.5,1.52,187.75,0.0,0.0,16.0,,
2024-12-18 00:00:00,20.0,93.75,1.55,7.4,5.2,15.6,8.75,0.59,29.26,4.05,22.1,,,,,,71.0,1.52,200.5,0.0,0.0,16.0,,
2024-12-18 01:00:00,20.75,103.25,2.2,9.82,7.0,15.58,11.92,0.48,29.99,4.0,21.3,,,,,,70.75,2.05,191.5,0.0,0.0,16.0,,
2024-12-18 02:00:00,24.0,106.75,2.4,8.55,6.48,15.55,7.32,0.64,34.23,4.0,21.3,,,,,,71.5,1.68,218.25,0.0,0.0,16.0,,
2024-12-18 03:00:00,27.0,103.75,2.35,9.22,6.78,16.5,5.9,0.76,35.41,4.0,21.3,,,,,,71.75,1.5,220.75,0.0,0.0,16.0,,
2024-12-18 04:00:00,24.5,95.0,1.2,6.88,4.62,22.78,8.52,0.72,34.5,4.35,18.1,,,,,,68.5,1.8,207.0,0.0,0.0,16.0,,
2024-12-18 05:00:00,17.5,89.5,1.85,8.07,5.78,29.92,9.38,0.58,29.4,5.35,17.32,,,,,,66.5,1.75,230.0,0.0,0.0,16.0,,
2024-12-18 06:00:00,18.25,88.5,4.72,7.8,7.95,22.75,5.12,0.73,29.35,4.92,15.92,,,,,,69.0,1.4,214.25,0.0,0.0,16.25,,
2024-12-18 07:00:00,19.5,83.0,3.4,9.2,7.62,15.5,1.3,0.9,22.54,4.4,14.7,,,,,,70.25,1.4,211.25,0.0,0.0,40.25,,
2024-12-18 08:00:00,28.5,88.25,2.53,8.85,6.25,14.92,3.85,0.83,22.05,4.38,14.5,,,,,,69.75,1.75,225.75,0.0,0.0,70.25,,
2024-12-18 09:00:00,21.5,82.75,3.22,7.75,6.7,14.15,3.6,0.94,26.8,5.07,18.55,,,,,,70.75,1.75,245.0,0.5,0.5,60.0,,
2024-12-18 10:00:00,14.75,71.25,1.8,7.12,5.25,16.95,2.87,0.67,18.33,5.1,21.72,,,,,,70.25,1.8,220.25,0.5,0.5,74.75,,
2024-12-18 11:00:00,16.25,65.25,2.33,6.9,5.6,15.47,3.25,0.59,22.59,5.0,24.4,,,,,,69.75,2.02,229.0,0.0,0.0,78.5,,
2024-12-18 12:00:00,12.25,56.25,2.63,5.83,5.23,16.07,2.6,0.66,23.27,5.0,24.4,,,,,,70.25,2.0,245.75,0.5,0.5,62.5,,
2024-12-18 13:00:00,7.0,38.5,2.8,6.0,5.45,13.6,2.2,0.59,23.62,5.0,24.4,,,,,,70.75,2.17,234.75,1.75,1.75,58.0,,
2024-12-18 14:00:00,8.75,45.75,3.08,5.32,5.38,13.7,2.65,0.76,25.48,4.8,22.78,,,,,,71.5,1.85,237.5,3.25,3.25,44.0,,
2024-12-18 15:00:00,12.5,43.5,3.02,4.95,5.07,12.3,1.95,0.76,20.43,4.7,22.0,,,,,,70.5,1.95,220.0,9.0,9.0,17.5,,
2024-12-18 16:00:00,9.5,43.0,2.8,5.25,5.08,12.1,7.55,0.72,19.16,4.7,22.0,,,,,,72.0,2.02,216.75,1.25,1.25,19.5,,
2024-12-18 17:00:00,14.75,59.75,2.82,5.7,5.32,12.52,10.07,0.74,21.22,4.7,22.0,,,,,,72.25,2.22,233.75,0.25,0.25,17.0,,
2024-12-18 18:00:00,18.5,75.0,1.78,6.05,4.65,14.08,7.35,0.68,18.67,3.98,18.3,,,,,,71.25,2.12,227.5,0.0,0.0,17.0,,
2024-12-18 19:00:00,22.0,76.75,2.22,5.85,4.92,14.02,4.45,0.65,29.5,3.7,17.0,,,,,,70.75,1.95,239.25,0.0,0.0,16.0,,
2024-12-18 20:00:00,19.25,71.5,2.35,5.62,4.9,14.3,4.25,0.75,30.43,3.7,17.0,,,,,,71.0,1.7,227.5,1.0,1.0,16.5,,
2024-12-18 21:00:00,19.25,68.25,2.6,5.9,5.28,14.32,3.42,0.76,32.1,3.7,17.0,,,,,,72.0,1.68,230.0,0.0,0.0,17.0,,
2024-12-18 22:00:00,16.25,69.75,3.22,5.25,5.42,13.95,4.53,0.78,29.84,3.7,17.0,,,,,,72.0,1.38,237.5,0.0,0.0,16.0,,
2024-12-18 23:00:00,14.75,63.0,2.42,4.55,4.4,12.98,5.1,0.74,24.45,3.7,17.0,,,,,,71.5,1.3,227.5,0.0,0.0,16.0,,
2024-12-19 00:00:00,17.75,66.75,2.58,4.85,4.65,12.7,3.75,0.64,23.37,3.7,17.0,,,,,,71.5,1.45,195.5,0.25,0.25,16.0,,
2024-12-19 01:00:00,19.5,75.0,2.48,3.9,4.08,12.28,3.2,0.62,25.23,3.7,17.0,,,,,,72.25,1.48,222.0,0.0,0.0,16.75,,
2024-12-19 02:00:00,15.75,66.75,1.4,3.9,3.22,13.12,5.42,0.59,24.83,4.22,22.05,,,,,,71.75,1.32,220.75,1.0,1.0,17.0,,
2024-12-19 03:00:00,11.25,70.5,2.28,4.6,4.28,12.88,6.45,0.62,30.71,4.3,23.0,,,,,,71.25,1.25,224.0,0.0,0.0,16.5,,
2024-12-19 04:00:00,17.75,73.75,2.2,5.08,4.5,13.3,6.3,0.62,26.95,4.32,21.9,,,,,,71.25,1.2,240.75,0.0,0.0,17.0,,
2024-12-19 05:00:00,17.0,72.75,2.15,9.68,6.9,22.88,9.6,0.74,17.93,5.45,17.82,,,,,,68.5,1.0,202.0,0.0,0.0,16.75,,
2024-12-19 06:00:00,17.25,76.25,4.1,9.28,8.25,16.73,4.0,0.77,22.59,5.38,16.6,,,,,,70.5,1.33,230.0,0.0,0.0,16.75,,
2024-12-19 07:00:00,19.5,61.75,3.25,7.02,6.38,14.28,0.78,0.82,25.43,4.85,15.2,,,,,,71.5,0.92,217.75,0.5,0.5,21.5,,
2024-12-19 08:00:00,23.5,61.25,2.85,7.07,6.08,12.9,3.2,0.86,19.11,4.8,15.1,,,,,,71.5,1.15,244.0,1.75,1.75,42.5,,
2024-12-19 09:00:00,18.75,59.75,3.2,6.78,6.2,11.55,4.28,0.87,18.28,4.8,15.1,,,,,,72.0,1.8,219.75,0.0,0.0,93.0,,
2024-12-19 10:00:00,10.0,52.25,2.62,5.9,5.25,11.42,5.6,0.83,15.48,4.8,15.1,,,,,,72.5,2.05,218.5,0.0,0.0,228.75,,
2024-12-19 11:00:00,12.5,48.75,1.43,5.23,3.93,12.65,11.1,0.84,19.84,4.55,15.28,,,,,,71.0,2.62,233.5,0.0,0.0,286.5,,
2024-12-19 12:00:00,10.5,45.25,2.4,4.97,4.6,15.13,4.15,0.82,21.9,4.5,15.3,,,,,,71.5,2.0,263.5,0.0,0.0,114.0,,
2024-12-19 13:00:00,9.0,44.25,2.33,5.45,4.82,12.22,3.02,0.77,25.58,4.5,15.3,,,,,,71.0,2.15,234.5,0.0,0.0,137.75,,
2024-12-19 14:00:00,9.5,39.25,2.58,5.25,4.85,12.58,3.02,0.75,23.86,4.5,15.3,,,,,,70.75,2.05,230.75,0.0,0.0,109.75,,
2024-12-19 15:00:00,10.0,40.25,3.72,4.6,5.52,11.38,3.02,0.82,20.97,4.78,19.83,,,,,,71.75,2.25,219.5,0.0,0.0,104.25,,
2024-12-19 16:00:00,7.25,40.5,3.18,5.08,5.28,10.07,4.7,0.86,15.68,4.8,20.1,,,,,,71.75,1.82,235.5,0.0,0.0,42.75,,
2024-12-19 17:00:00,10.25,45.25,2.92,7.78,6.45,9.8,5.3,0.9,12.05,4.8,20.1,,,,,,71.75,1.5,233.75,0.0,0.0,23.25,,
2024-12-19 18:00:00,16.75,64.75,2.82,8.95,7.02,9.75,4.12,0.95,10.13,4.8,20.1,,,,,,72.25,1.2,212.0,0.0,0.0,16.0,,
2024-12-19 19:00:00,14.25,64.75,2.1,9.32,6.68,11.7,4.28,0.86,6.86,4.8,20.1,,,,,,72.0,0.75,258.5,0.0,0.0,16.0,,
2024-12-19 20:00:00,9.5,58.75,3.8,11.52,9.18,11.5,3.02,0.84,8.77,4.8,20.1,,,,,,72.25,1.23,217.0,0.0,0.0,16.0,,
2024-12-19 21:00:00,12.25,57.5,4.62,10.5,9.35,11.58,0.9,0.84,10.39,4.8,20.1,,,,,,71.0,1.42,203.5,0.0,0.0,16.0,,
2024-12-19 22:00:00,13.5,42.25,3.52,8.35,7.32,11.78,3.78,0.82,12.84,4.8,20.18,,,,,,71.5,1.2,187.5,0.0,0.0,16.0,,
2024-12-19 23:00:00,6.25,27.25,4.23,7.48,7.45,10.88,5.25,0.75,13.52,3.9,30.0,,,,,,71.25,0.98,208.0,0.0,0.0,16.0,,
2024-12-20 00:00:00,7.0,26.25,3.2,6.6,6.18,9.57,2.18,0.75,8.18,3.9,30.0,,,,,,73.0,0.73,202.0,0.0,0.0,16.0,,
2024-12-20 01:00:00,7.0,28.75,3.15,6.15,5.82,9.18,0.4,0.7,7.54,3.9,30.0,,,,,,73.0,0.68,184.25,0.0,0.0,16.0,,
2024-12-20 02:00:00,7.25,27.5,2.82,6.82,5.95,9.45,2.95,0.66,8.56,3.9,30.0,,,,,,72.5,0.82,209.25,0.0,0.0,16.0,,
2024-12-20 03:00:00,7.75,35.0,2.25,8.65,6.42,11.82,6.02,0.7,16.2,3.9,30.0,,,,,,71.5,1.0,186.75,0.0,0.0,16.0,,
2024-12-20 04:00:00,8.25,40.25,2.52,6.08,5.28,10.8,2.75,0.7,20.14,3.9,30.0,,,,,,71.0,1.2,197.25,0.0,0.0,16.0,,
2024-12-20 05:00:00,11.25,50.75,2.28,6.5,5.28,11.55,2.15,0.66,16.56,4.53,29.25,,,,,,69.5,1.82,222.0,2.5,2.5,16.5,,
2024-12-20 06:00:00,9.0,35.0,2.82,5.2,5.0,10.07,1.27,0.59,19.5,4.4,20.2,,,,,,71.25,2.05,241.5,4.0,4.0,17.0,,
2024-12-20 07:00:00,8.0,16.0,3.47,6.25,6.18,10.3,1.7,0.76,18.62,4.05,20.05,,,,,,71.75,1.48,246.75,0.0,0.0,19.5,,
2024-12-20 08:00:00,8.0,16.75,3.08,6.7,6.12,9.42,1.18,0.76,14.94,3.8,19.9,,,,,,72.75,1.38,276.75,0.0,0.0,38.25,,
2024-12-20 09:00:00,8.0,22.75,2.7,5.95,5.42,9.2,2.7,0.79,14.11,3.8,19.9,,,,,,71.75,1.68,235.25,0.0,0.0,66.0,,
2024-12-20 10:00:00,10.5,41.0,2.62,7.38,6.08,11.52,4.8,0.9,17.71,3.8,20.58,,,,,,72.0,1.6,226.75,0.0,0.0,111.0,,
2024-12-20 11:00:00,16.5,59.0,1.63,8.03,5.6,13.47,7.52,0.78,28.03,6.32,44.32,,,,,,71.0,2.4,250.5,0.0,0.0,208.0,,
2024-12-20 12:00:00,12.5,48.0,1.8,5.77,4.5,15.33,5.35,0.73,25.28,6.4,43.1,,,,,,70.0,2.6,253.25,0.0,0.0,226.75,,
2024-12-20 13:00:00,12.5,42.0,2.42,6.82,5.65,12.0,2.75,0.67,23.81,5.3,33.3,,,,,,69.75,2.25,238.5,0.0,0.0,139.75,,
2024-12-20 14:00:00,7.5,38.25,2.55,5.28,4.88,10.32,2.8,0.6,24.26,5.3,33.3,,,,,,70.5,2.25,240.5,0.0,0.0,220.5,,
2024-12-20 15:00:00,6.25,26.5,3.3,4.3,4.97,9.78,2.38,0.62,24.65,4.98,31.65,,,,,,70.5,2.58,246.75,0.0,0.0,172.25,,
2024-12-20 16:00:00,8.0,26.5,2.17,3.7,3.75,9.22,3.22,0.66,20.48,4.9,31.3,,,,,,70.25,2.17,264.5,0.0,0.0,81.75,,
2024-12-20 17:00:00,11.0,31.75,2.65,4.42,4.53,8.68,3.12,0.59,20.29,4.9,31.3,,,,,,71.5,1.92,257.25,0.0,0.0,33.25,,
2024-12-20 18:00:00,11.0,33.75,2.6,4.9,4.68,8.72,4.8,0.67,30.97,4.53,28.72,,,,,,71.0,1.52,234.25,0.0,0.0,16.0,,
2024-12-20 19:00:00,10.5,33.75,1.65,6.02,4.5,10.52,7.15,0.83,19.8,4.28,23.22,,,,,,70.5,1.02,231.0,0.0,0.0,16.0,,
2024-12-20 20:00:00,8.5,34.25,2.22,7.2,5.65,10.9,5.62,0.96,17.79,4.3,22.9,,,,,,70.75,0.88,232.5,0.0,0.0,16.0,,
2024-12-20 21:00:00,6.5,30.5,2.48,8.38,6.48,11.48,5.1,1.24,17.0,4.3,22.9,,,,,,71.5,0.45,100.5,0.0,0.0,16.0,,
2024-12-20 22:00:00,8.5,40.5,2.78,10.85,8.07,12.42,5.1,1.41,13.72,4.3,22.9,,,,,,71.25,0.4,111.5,0.0,0.0,16.0,,
2024-12-20 23:00:00,17.75,54.75,4.18,11.5,9.52,11.42,5.2,1.03,10.49,4.68,23.0,,,,,,72.5,0.48,156.25,0.0,0.0,16.0,,
2024-12-21 00:00:00,14.0,49.75,3.58,8.6,7.5,10.3,4.25,0.86,7.35,4.7,23.0,,,,,,72.75,0.43,121.75,0.0,0.0,16.0,,
2024-12-21 01:00:00,13.5,51.75,3.38,7.32,6.68,9.43,1.7,0.82,10.68,4.7,23.0,,,,,,72.75,0.55,173.5,0.0,0.0,16.0,,
2024-12-21 02:00:00,12.0,42.5,3.22,6.15,5.85,8.85,2.28,0.76,12.35,4.7,23.0,,,,,,72.75,0.57,222.75,0.0,0.0,16.0,,
2024-12-21 03:00:00,12.0,44.0,1.98,6.55,5.08,10.8,3.95,0.74,16.59,5.7,23.55,,,,,,72.0,0.57,241.0,0.0,0.0,16.0,,
2024-12-21 04:00:00,11.25,45.5,2.92,7.6,6.42,9.8,3.8,0.7,16.17,5.8,23.6,,,,,,71.5,0.57,203.5,0.0,0.0,16.0,,
2024-12-21 05:00:00,9.67,51.25,2.65,8.9,6.9,10.28,2.75,0.57,14.16,5.8,23.6,,,,,,72.5,0.7,229.5,0.0,0.0,16.0,,
2024-12-21 06:00:00,11.0,55.0,3.08,8.4,7.0,10.38,4.72,0.92,15.78,5.8,23.6,,,,,,71.75,0.62,237.5,0.0,0.0,21.0,,
2024-12-21 07:00:00,13.0,56.0,4.28,9.05,8.3,10.32,5.9,0.8,13.23,5.7,23.3,,,,,,72.25,1.1,254.75,0.0,0.0,79.25,,
2024-12-21 08:00:00,18.5,56.25,3.62,8.55,7.48,10.38,3.9,0.64,15.73,4.72,20.82,,,,,,71.25,1.5,230.0,0.0,0.0,133.5,,
2024-12-21 09:00:00,14.75,43.0,2.8,6.88,5.95,10.32,2.5,0.67,25.55,5.28,23.02,,,,,,70.75,1.98,230.5,0.0,0.0,292.25,,
2024-12-21 10:00:00,7.25,29.25,2.78,4.9,4.82,10.05,3.33,0.52,16.52,5.6,23.0,,,,,,70.75,2.15,250.75,0.0,0.0,286.75,,
2024-12-21 11:00:00,5.5,33.0,1.73,6.73,5.0,11.53,9.63,0.64,16.22,5.35,20.78,,,,,,69.5,2.28,256.25,0.0,0.0,342.5,,
2024-12-21 12:00:00,7.0,32.25,2.9,4.3,4.67,12.53,5.38,0.73,21.76,5.12,19.85,,,,,,70.5,2.48,257.0,0.0,0.0,323.0,,
2024-12-21 13:00:00,7.0,31.0,2.8,5.72,4.72,11.2,4.97,0.78,28.32,3.5,18.73,,,,,,69.5,2.52,242.5,0.0,0.0,294.25,,
2024-12-21 14:00:00,7.0,33.25,2.55,6.35,5.5,15.9,8.05,0.58,20.19,3.8,22.68,,,,,,66.5,2.45,242.5,0.0,0.0,308.75,,
2024-12-21 15:00:00,6.0,30.25,3.18,5.72,5.65,11.48,5.03,0.56,26.22,3.35,22.18,,,,,,68.5,2.25,252.75,0.0,0.0,216.0,,
2024-12-21 16:00:00,6.25,32.5,3.4,7.6,6.75,12.42,3.58,0.58,30.67,3.05,22.48,,,,,,68.25,2.15,265.75,0.0,0.0,110.25,,
2024-12-21 17:00:00,16.5,47.0,1.83,11.12,6.95,17.08,7.45,0.7,24.35,3.5,20.55,,,,,,66.0,2.4,289.25,0.0,0.0,29.25,,
2024-12-21 18:00:00,16.25,50.5,3.98,12.25,9.75,14.28,5.72,0.76,21.8,4.2,14.32,,,,,,68.25,1.83,273.25,0.0,0.0,16.0,,
2024-12-21 19:00:00,10.25,48.0,3.4,11.48,8.88,11.08,3.88,0.77,18.03,4.32,14.35,,,,,,69.5,1.9,297.0,0.0,0.0,16.0,,
2024-12-21 20:00:00,9.25,36.0,3.22,14.75,10.45,10.22,4.4,0.72,14.26,4.3,14.5,,,,,,70.0,2.22,303.25,0.0,0.0,16.0,,
2024-12-21 21:00:00,11.5,33.75,1.75,10.48,7.0,11.7,6.02,0.63,11.96,4.22,12.68,,,,,,69.25,1.8,290.25,0.0,0.0,16.0,,
2024-12-21 22:00:00,6.0,30.25,4.05,16.32,11.98,10.75,4.0,0.63,9.9,5.58,15.3,,,,,,70.25,0.7,270.75,0.0,0.0,16.0,,
2024-12-21 23:00:00,3.5,37.75,2.88,12.95,9.28,11.92,2.82,0.65,11.08,5.6,16.88,,,,,,69.0,0.8,239.5,0.0,0.0,16.0,,
2024-12-22 00:00:00,6.0,30.25,3.42,10.58,8.43,11.6,2.92,0.64,17.4,5.58,15.9,,,,,,69.0,1.45,256.75,0.0,0.0,16.0,,
2024-12-22 01:00:00,8.0,27.0,3.45,8.4,7.3,9.85,3.22,0.56,20.68,4.02,12.1,,,,,,69.75,1.05,256.75,0.0,0.0,16.0,,
2024-12-22 02:00:00,5.5,22.0,3.1,6.2,5.78,8.55,4.0,0.64,17.18,3.8,11.8,,,,,,70.75,1.32,263.0,0.0,0.0,16.0,,
2024-12-22 03:00:00,7.25,20.75,2.3,9.05,6.68,9.8,5.9,0.67,13.72,3.8,11.8,,,,,,70.5,1.58,311.25,0.0,0.0,16.0,,
2024-12-22 04:00:00,8.25,31.25,0.8,10.92,6.3,13.25,10.1,0.68,9.56,3.88,12.1,,,,,,68.5,1.1,278.0,0.0,0.0,16.0,,
2024-12-22 05:00:00,8.0,20.75,3.1,8.95,7.28,16.5,11.45,0.6,10.63,3.8,12.9,,,,,,67.75,0.45,120.5,0.0,0.0,16.0,,
2024-12-22 06:00:00,6.75,27.0,5.78,8.45,9.18,12.62,5.43,0.61,12.94,3.97,13.78,,,,,,69.75,0.38,218.25,0.0,0.0,19.5,,
2024-12-22 07:00:00,11.25,39.0,2.68,8.5,6.7,14.18,2.93,0.7,7.15,4.62,15.7,,,,,,68.5,0.75,207.25,0.0,0.0,110.25,,
2024-12-22 08:00:00,8.75,39.0,4.68,9.48,8.85,16.95,5.9,0.64,11.46,5.5,19.82,,,,,,67.25,1.08,225.25,0.0,0.0,98.0,,
2024-12-22 09:00:00,8.75,35.5,5.2,8.02,8.48,14.15,4.53,0.56,15.73,5.58,21.3,,,,,,67.75,1.75,275.25,0.0,0.0,128.25,,
2024-12-22 10:00:00,9.75,24.75,3.25,9.35,7.6,16.08,4.27,0.59,19.7,4.4,14.78,,,,,,66.5,2.15,279.0,0.0,0.0,199.25,,
2024-12-22 11:00:00,5.25,24.0,3.17,8.4,7.1,13.97,4.77,0.54,22.39,3.7,12.25,,,,,,66.75,2.68,258.5,0.0,0.0,215.25,,
2024-12-22 12:00:00,4.0,23.0,3.17,6.6,6.07,15.9,5.95,0.44,24.25,3.12,13.48,,,,,,67.5,3.08,277.5,0.0,0.0,325.25,,
2024-12-22 13:00:00,6.75,20.75,3.32,7.32,6.62,12.2,5.2,0.38,29.65,2.7,10.45,,,,,,67.75,3.7,280.0,0.0,0.0,352.75,,
2024-12-22 14:00:00,6.0,23.0,3.95,5.95,6.4,10.07,4.97,0.41,31.56,2.05,5.65,,,,,,68.75,2.98,280.25,0.0,0.0,235.0,,
2024-12-22 15:00:00,6.0,22.25,2.4,4.8,4.5,8.78,5.58,0.56,30.43,1.8,5.62,,,,,,68.75,3.2,279.75,0.0,0.0,224.0,,
2024-12-22 16:00:00,6.0,23.25,2.5,7.15,5.88,8.85,6.62,0.57,25.73,1.62,7.02,,,,,,68.75,2.9,275.25,0.0,0.0,112.25,,
2024-12-22 17:00:00,6.5,31.75,2.65,9.75,7.35,10.07,13.45,0.55,20.24,1.62,6.68,,,,,,68.25,2.72,283.75,0.0,0.0,32.75,,
2024-12-22 18:00:00,8.25,26.0,1.78,6.22,4.7,10.6,9.9,0.52,22.54,2.25,5.6,,,,,,69.0,2.2,257.25,0.0,0.0,16.0,,
2024-12-22 19:00:00,8.5,21.0,2.22,6.35,5.18,10.38,3.6,0.5,22.64,2.48,5.43,,,,,,68.0,1.95,294.0,0.0,0.0,16.0,,
2024-12-22 20:00:00,8.0,29.75,2.25,9.88,7.08,10.4,4.6,0.6,21.76,2.4,5.72,,,,,,69.5,1.48,318.0,0.0,0.0,16.0,,
2024-12-22 21:00:00,11.5,46.75,2.3,10.38,7.35,11.22,4.9,0.72,18.87,2.98,7.78,,,,,,68.75,0.9,322.5,0.0,0.0,16.0,,
2024-12-22 22:00:00,11.5,44.0,4.45,8.02,7.92,11.28,4.0,0.6,22.05,3.32,9.62,,,,,,69.5,0.78,210.0,0.0,0.0,16.0,,
2024-12-22 23:00:00,7.5,40.25,3.6,6.82,6.55,8.95,1.7,0.61,20.58,3.3,9.7,,,,,,70.5,0.75,238.0,0.0,0.0,16.0,,
2024-12-23 00:00:00,8.5,40.75,2.82,5.88,5.4,7.9,3.6,0.61,16.71,3.3,9.7,,,,,,71.25,1.02,190.25,0.0,0.0,16.0,,
2024-12-23 01:00:00,6.0,21.5,2.68,4.35,4.53,7.42,6.78,0.59,15.78,3.3,9.7,,,,,,70.5,0.82,213.5,0.0,0.0,16.0,,
2024-12-23 02:00:00,4.5,19.25,2.17,3.92,3.92,8.48,5.22,0.56,10.06,2.72,8.48,,,,,,71.0,0.72,229.75,0.0,0.0,16.0,,
2024-12-23 03:00:00,8.75,19.5,2.75,4.3,4.5,9.65,3.6,0.56,15.35,3.05,9.62,,,,,,70.75,0.65,226.5,0.0,0.0,16.0,,
2024-12-23 04:00:00,8.25,33.5,2.7,5.62,5.2,9.78,1.12,0.58,14.11,3.3,10.55,,,,,,70.0,1.18,202.75,0.0,0.0,16.0,,
2024-12-23 05:00:00,8.75,50.0,2.92,5.12,5.1,9.2,0.8,0.6,16.42,3.3,10.75,,,,,,70.5,1.3,211.0,0.0,0.0,16.0,,
2024-12-23 06:00:00,7.75,39.0,2.85,4.97,4.97,9.6,1.38,0.58,16.37,3.22,10.55,,,,,,70.25,0.98,236.25,0.0,0.0,19.75,,
2024-12-23 07:00:00,7.5,32.25,3.08,5.9,5.62,10.52,1.4,0.56,13.82,3.02,9.95,,,,,,69.75,1.18,236.25,0.0,0.0,85.75,,
2024-12-23 08:00:00,10.0,30.75,3.6,5.25,5.7,9.68,2.92,0.61,16.56,3.08,10.0,,,,,,70.5,1.9,261.75,0.0,0.0,178.75,,
2024-12-23 09:00:00,11.75,33.25,2.42,4.5,4.38,9.57,2.3,0.58,18.57,3.02,9.7,,,,,,70.75,2.48,246.25,0.0,0.0,273.0,,
2024-12-23 10:00:00,7.75,35.25,2.3,4.75,4.45,10.82,3.4,0.53,19.5,2.92,8.1,,,,,,69.5,2.62,241.75,0.0,0.0,374.5,,
2024-12-23 11:00:00,6.0,39.0,1.7,4.5,3.8,11.42,6.13,0.48,28.27,2.9,8.2,,,,,,68.75,3.68,261.5,0.0,0.0,405.0,,
2024-12-23 12:00:00,3.5,41.25,2.33,6.13,5.13,14.53,2.95,0.46,33.22,2.33,5.05,,,,,,68.5,3.97,260.0,0.0,0.0,422.5,,
2024-12-23 13:00:00,5.25,50.0,1.35,6.4,4.47,17.92,5.62,0.46,33.03,2.33,5.03,,,,,,66.75,3.5,259.0,0.0,0.0,391.25,,
2024-12-23 14:00:00,5.75,47.75,3.03,4.92,4.88,16.78,2.43,0.47,27.2,2.28,5.85,,,,,,66.5,3.3,243.0,0.0,0.0,338.25,,
2024-12-23 15:00:00,5.0,25.0,3.42,4.38,5.12,12.35,1.0,0.47,33.03,1.92,5.25,,,,,,67.5,3.18,238.25,0.0,0.0,233.0,,
2024-12-23 16:00:00,5.0,31.5,3.05,3.68,4.42,11.18,,0.53,39.79,1.68,4.22,,,,,,68.5,2.98,246.0,0.0,0.0,152.25,,
2024-12-23 17:00:00,6.0,33.5,2.22,3.15,3.48,9.95,1.0,0.55,40.23,1.6,4.0,,,,,,69.0,2.92,243.5,0.0,0.0,48.75,,
2024-12-23 18:00:00,8.25,39.0,2.33,3.75,3.9,10.0,5.88,0.59,36.95,1.6,4.0,,,,,,69.0,2.4,247.25,0.0,0.0,16.0,,
2024-12-23 19:00:00,9.5,49.5,1.75,4.8,3.98,11.1,6.82,0.6,31.36,1.68,4.9,,,,,,69.0,2.02,237.5,0.0,0.0,16.0,,
2024-12-23 20:00:00,11.0,44.25,1.7,5.65,4.35,12.6,7.1,0.57,28.91,3.1,10.62,,,,,,68.25,1.98,241.5,0.0,0.0,16.0,,
2024-12-23 21:00:00,11.5,40.0,2.42,8.18,6.32,12.58,4.53,0.56,26.75,3.32,9.07,,,,,,68.5,2.5,248.0,0.0,0.0,16.0,,
2024-12-23 22:00:00,11.25,31.5,2.02,8.38,6.08,12.25,2.33,0.52,30.77,2.7,6.85,,,,,,68.0,2.4,256.0,0.0,0.0,16.0,,
2024-12-23 23:00:00,6.5,21.5,2.62,7.15,5.92,11.4,,0.55,29.1,2.6,5.58,,,,,,69.25,2.3,260.25,0.0,0.0,16.0,,
2024-12-24 00:00:00,7.5,14.0,2.92,6.02,5.62,10.42,4.47,0.55,35.33,2.4,5.3,,,,,,69.5,3.18,274.75,0.0,0.0,16.0,,
2024-12-24 01:00:00,5.25,14.5,2.45,5.78,5.05,9.93,6.5,0.56,28.96,2.4,5.3,,,,,,70.25,2.15,224.5,0.0,0.0,16.0,,
2024-12-24 02:00:00,2.5,15.5,2.35,4.75,4.45,9.12,3.28,0.54,28.09,2.4,5.3,,,,,,69.75,2.05,226.75,0.0,0.0,16.0,,
2024-12-24 03:00:00,1.0,12.75,1.62,4.15,3.55,10.65,1.1,0.49,26.72,2.28,4.8,,,,,,70.25,1.8,237.25,0.0,0.0,16.0,,
2024-12-24 04:00:00,,9.5,2.28,3.3,3.6,10.15,0.9,0.49,26.76,2.15,4.22,,,,,,69.0,2.12,222.25,0.0,0.0,16.0,,
2024-12-24 05:00:00,1.0,11.25,2.12,3.25,3.5,10.02,0.53,0.52,28.27,2.4,4.53,,,,,,69.75,2.08,227.0,0.0,0.0,16.0,,
2024-12-24 06:00:00,1.25,11.0,2.42,3.15,3.65,10.25,1.63,0.52,31.7,2.5,4.72,,,,,,69.75,2.3,241.0,0.0,0.0,16.25,,
2024-12-24 07:00:00,2.25,7.5,2.9,3.35,4.12,10.18,3.98,0.57,30.18,2.5,4.6,,,,,,71.0,2.45,225.0,0.0,0.0,36.25,,
2024-12-24 08:00:00,3.75,6.75,2.8,3.8,4.3,9.2,3.0,0.6,26.9,2.5,4.6,,,,,,70.25,2.25,217.0,0.25,0.25,62.25,,
2024-12-24 09:00:00,6.0,8.75,2.3,4.8,4.4,9.68,2.03,0.63,23.76,2.5,4.6,,,,,,71.25,2.55,216.0,0.0,0.0,93.0,,
2024-12-24 10:00:00,6.0,9.0,2.6,5.7,5.12,10.12,3.23,0.7,22.94,2.5,4.6,,,,,,70.5,2.22,226.25,0.0,0.0,111.0,,
2024-12-24 11:00:00,6.0,13.0,1.9,4.55,3.95,9.93,5.77,0.64,23.91,2.47,10.35,,,,,,70.25,2.75,217.75,0.0,0.0,223.5,,
2024-12-24 12:00:00,6.25,17.0,1.8,8.8,6.15,13.4,2.92,0.62,43.76,4.12,33.75,,,,,,69.25,2.92,216.0,0.0,0.0,199.75,,
2024-12-24 13:00:00,6.75,21.0,2.78,8.43,6.7,13.92,0.5,0.61,33.76,4.5,34.75,,,,,,68.75,2.45,216.75,0.0,0.0,92.5,,
2024-12-24 14:00:00,6.0,25.0,2.6,7.2,5.93,13.92,3.57,0.57,51.64,4.1,30.12,,,,,,69.25,2.68,220.5,0.0,0.0,103.75,,
2024-12-24 15:00:00,5.0,28.75,3.03,7.95,6.65,12.9,5.03,0.62,32.54,3.88,37.22,,,,,,69.75,2.6,222.75,0.0,0.0,89.75,,
2024-12-24 16:00:00,3.25,32.0,2.78,7.4,6.2,9.62,4.72,0.64,27.44,3.8,37.0,,,,,,70.5,2.38,225.0,0.0,0.0,40.75,,
2024-12-24 17:00:00,8.25,39.25,2.1,7.85,5.88,8.6,5.9,0.69,22.49,3.8,37.0,,,,,,71.75,2.08,223.75,0.0,0.0,19.75,,
2024-12-24 18:00:00,11.25,62.5,2.02,8.57,6.2,8.4,5.12,0.72,22.0,3.8,37.0,,,,,,72.25,2.02,228.25,0.0,0.0,16.0,,
2024-12-24 19:00:00,9.0,80.75,1.72,8.98,6.18,9.45,4.4,0.72,17.1,3.85,38.33,,,,,,70.75,2.0,222.5,0.0,0.0,16.0,,
2024-12-24 20:00:00,8.5,39.75,2.35,11.12,7.85,9.9,5.7,0.7,16.46,4.4,41.7,,,,,,70.75,1.78,247.5,0.0,0.0,16.0,,
2024-12-24 21:00:00,6.75,31.5,2.17,7.3,5.68,9.55,4.62,0.66,23.86,4.4,41.7,,,,,,70.0,2.1,246.0,0.0,0.0,16.0,,
2024-12-24 22:00:00,5.25,19.0,3.05,5.55,5.4,9.3,3.7,0.61,25.04,4.4,41.7,,,,,,70.25,2.52,231.25,0.0,0.0,16.0,,
2024-12-24 23:00:00,2.75,19.75,3.3,5.3,5.5,8.95,4.38,0.61,27.1,4.4,41.7,,,,,,71.0,1.92,256.0,0.0,0.0,16.0,,
2024-12-25 00:00:00,3.25,13.0,2.9,4.07,4.53,8.7,3.45,0.56,24.4,4.4,41.7,,,,,,72.5,1.85,242.5,0.0,0.0,16.0,,
2024-12-25 01:00:00,6.5,11.75,2.52,4.05,4.2,8.2,3.28,0.56,23.32,4.4,41.7,,,,,,71.5,1.95,234.0,0.0,0.0,16.0,,
2024-12-25 02:00:00,5.0,8.25,2.15,3.62,3.7,8.1,5.0,0.55,22.54,4.4,41.7,,,,,,71.25,1.6,233.0,0.0,0.0,16.0,,
2024-12-25 03:00:00,4.25,9.5,1.32,3.35,2.88,10.07,6.15,0.51,21.69,4.25,41.05,,,,,,70.75,2.08,231.25,0.0,0.0,16.0,,
2024-12-25 04:00:00,2.25,11.0,2.17,2.8,3.3,9.52,6.08,0.52,21.95,4.2,40.8,,,,,,70.25,2.17,239.25,0.0,0.0,16.0,,
2024-12-25 05:00:00,2.5,11.5,2.35,2.95,3.48,9.82,3.78,0.52,21.12,4.2,40.8,,,,,,71.5,2.22,224.5,0.0,0.0,16.0,,
2024-12-25 06:00:00,1.0,13.75,1.95,3.58,3.48,9.55,3.88,0.54,20.58,4.2,40.8,,,,,,70.25,2.15,230.5,0.0,0.0,16.25,,
2024-12-25 07:00:00,2.0,16.5,2.82,3.75,4.3,9.3,4.0,0.61,21.41,4.2,40.8,,,,,,71.75,2.17,243.0,0.0,0.0,32.5,,
2024-12-25 08:00:00,6.75,19.5,2.72,3.82,4.2,8.72,4.12,0.65,18.33,4.2,40.8,,,,,,72.25,2.08,228.0,0.0,0.0,68.0,,
2024-12-25 09:00:00,10.75,24.75,2.5,4.65,4.47,9.02,5.85,0.69,16.17,4.2,40.8,,,,,,71.25,2.17,239.5,0.25,0.25,112.0,,
2024-12-25 10:00:00,5.67,27.75,2.52,4.8,4.65,10.52,3.37,0.73,15.43,4.2,40.8,,,,,,72.0,2.45,244.5,0.5,0.5,156.0,,
2024-12-25 11:00:00,2.75,34.0,2.2,5.73,4.83,12.07,3.67,0.68,12.59,2.68,25.28,,,,,,71.25,2.22,234.5,0.0,0.0,148.5,,
2024-12-25 12:00:00,3.5,46.0,2.7,5.7,5.2,14.53,2.3,0.66,17.4,2.4,22.4,,,,,,71.25,2.45,229.75,0.0,0.0,133.75,,
2024-12-25 13:00:00,8.25,47.25,2.92,5.52,5.35,11.88,1.65,0.64,19.79,2.4,22.4,,,,,,71.25,2.52,239.25,0.0,0.0,118.0,,
2024-12-25 14:00:00,9.0,52.5,2.4,5.6,4.95,11.82,1.23,0.64,21.26,2.4,22.4,,,,,,71.0,2.68,244.75,0.0,0.0,90.0,,
2024-12-25 15:00:00,10.0,53.75,3.3,5.1,5.35,11.05,2.1,0.68,21.71,3.55,27.05,,,,,,71.0,2.22,245.5,0.25,0.25,49.5,,
2024-12-25 16:00:00,13.0,46.0,3.22,6.02,5.82,10.4,4.38,0.72,15.19,3.7,27.7,,,,,,72.0,1.58,246.75,0.75,0.75,25.75,,
2024-12-25 17:00:00,12.75,50.75,2.98,7.07,6.15,10.28,6.45,0.76,14.75,3.7,27.7,,,,,,72.0,1.88,240.75,0.0,0.0,16.5,,
2024-12-25 18:00:00,11.25,46.5,2.55,7.2,5.9,10.25,4.85,0.79,12.98,3.7,27.7,,,,,,71.25,1.9,240.25,0.0,0.0,16.0,,
2024-12-25 19:00:00,9.0,48.0,1.75,8.05,5.7,11.22,3.08,0.74,12.84,3.32,34.07,,,,,,71.25,2.02,218.0,0.0,0.0,16.0,,
2024-12-25 20:00:00,9.0,54.75,2.48,8.45,6.48,10.95,3.92,0.76,16.02,3.3,34.3,,,,,,71.0,1.8,223.0,0.0,0.0,16.0,,
2024-12-25 21:00:00,8.0,45.5,2.75,7.52,6.22,10.62,4.08,0.73,17.84,3.3,34.3,,,,,,70.75,2.12,213.5,0.0,0.0,16.0,,
2024-12-25 22:00:00,5.0,36.75,2.45,6.58,5.48,10.82,3.95,0.7,20.39,3.3,34.3,,,,,,70.25,2.42,232.75,0.0,0.0,16.0,,
2024-12-25 23:00:00,5.0,31.75,3.05,4.75,4.97,10.58,4.42,0.69,21.95,3.3,34.3,,,,,,70.75,2.65,223.0,0.0,0.0,16.25,,
2024-12-26 00:00:00,4.33,26.0,2.15,3.42,3.58,9.48,2.5,0.62,20.09,3.3,34.3,,,,,,71.0,2.8,239.0,0.0,0.0,16.25,,
2024-12-26 01:00:00,3.5,17.25,2.38,2.7,3.38,8.7,1.3,0.56,18.91,3.3,34.3,,,,,,71.25,2.2,249.25,0.25,0.25,16.75,,
2024-12-26 02:00:00,4.5,10.0,2.38,2.35,3.15,8.75,4.92,0.52,15.88,3.4,35.0,,,,,,72.0,2.6,235.5,2.0,2.0,17.0,,
2024-12-26 03:00:00,3.5,12.75,1.32,2.98,2.68,10.2,6.38,0.5,19.53,3.45,31.7,,,,,,70.25,2.75,257.5,3.5,3.5,17.0,,
2024-12-26 04:00:00,5.0,12.5,1.95,5.7,4.62,9.38,3.95,0.52,21.46,2.5,19.5,,,,,,70.25,3.28,299.75,0.5,0.5,17.0,,
2024-12-26 05:00:00,4.5,12.25,2.28,6.5,5.32,9.28,3.05,0.46,22.05,2.2,15.82,,,,,,70.5,3.48,296.25,0.75,0.75,17.0,,
2024-12-26 06:00:00,3.75,7.5,2.2,4.05,3.9,9.2,2.58,0.5,25.87,2.53,15.55,,,,,,71.0,3.95,279.0,2.0,2.0,17.0,,
2024-12-26 07:00:00,6.0,8.75,3.15,3.2,4.3,8.15,2.48,0.54,21.51,4.3,14.2,,,,,,72.0,3.28,270.25,2.5,2.5,26.25,,
2024-12-26 08:00:00,5.25,10.75,2.9,4.03,4.58,7.68,1.15,0.57,11.37,4.3,14.2,,,,,,72.75,2.1,272.5,0.0,0.0,105.0,,
2024-12-26 09:00:00,3.0,53.0,2.7,4.45,4.57,8.02,0.3,0.63,10.19,4.3,14.2,,,,,,72.0,1.72,280.5,0.0,0.0,154.0,,
2024-12-26 10:00:00,3.5,143.75,2.6,5.38,4.95,9.82,2.6,0.64,26.85,3.88,13.0,,,,,,71.25,1.78,275.75,0.5,0.5,194.25,,
2024-12-26 11:00:00,5.33,81.33,2.55,8.25,6.55,16.63,8.35,0.59,44.89,3.97,14.5,,,,,,69.33,2.33,264.67,0.0,0.0,434.67,,
2024-12-26 12:00:00,5.75,25.5,3.0,6.77,6.0,18.7,3.87,0.59,37.58,3.95,17.75,,,,,,68.0,2.1,280.25,0.0,0.0,388.75,,
2024-12-26 13:00:00,5.0,27.5,2.72,5.08,4.92,11.6,,0.55,24.16,5.25,16.68,,,,,,69.0,2.28,295.0,0.0,0.0,389.5,,
2024-12-26 14:00:00,5.0,21.0,2.88,4.25,4.55,11.12,1.42,0.52,27.54,3.22,13.82,,,,,,68.75,2.32,290.0,0.0,0.0,328.5,,
2024-12-26 15:00:00,6.0,25.25,3.55,3.9,5.0,10.07,1.72,0.51,25.78,2.8,11.4,,,,,,70.75,2.35,293.5,0.0,0.0,234.5,,
2024-12-26 16:00:00,9.75,29.5,3.45,6.62,6.32,9.52,1.15,0.52,19.3,2.8,11.4,,,,,,71.0,2.38,307.0,0.0,0.0,96.5,,
2024-12-26 17:00:00,12.5,31.75,3.4,11.78,9.05,9.38,0.7,0.42,15.39,2.8,11.4,,,,,,69.75,2.12,309.5,0.0,0.0,20.75,,
2024-12-26 18:00:00,13.5,34.25,2.78,11.9,8.57,9.72,2.02,0.28,15.58,2.72,11.45,,,,,,70.0,2.12,299.75,0.0,0.0,16.0,,
2024-12-26 19:00:00,10.5,31.75,2.25,7.05,5.58,9.88,3.2,0.41,19.6,2.92,13.75,,,,,,68.75,2.68,278.5,0.0,0.0,16.0,,
2024-12-26 20:00:00,4.75,20.5,1.78,5.4,4.32,8.98,1.82,0.56,23.62,2.92,12.68,,,,,,69.75,2.92,273.0,0.0,0.0,16.0,,
2024-12-26 21:00:00,1.0,15.25,2.95,8.15,6.75,8.8,1.17,0.58,19.06,2.65,11.32,,,,,,70.25,0.92,271.0,0.0,0.0,16.0,,
2024-12-26 22:00:00,2.0,13.0,4.53,12.05,10.08,9.67,2.78,0.67,18.42,2.68,10.98,,,,,,69.5,1.83,263.25,1.0,1.0,17.0,,
2024-12-26 23:00:00,3.25,12.5,3.53,8.1,7.15,8.65,4.65,0.69,18.86,2.8,10.6,,,,,,72.0,0.5,348.25,0.0,0.0,16.75,,
2024-12-27 00:00:00,7.0,13.0,2.85,10.7,8.02,8.43,5.18,0.64,9.6,2.8,10.6,,,,,,71.25,0.3,353.0,0.0,0.0,16.0,,
2024-12-27 01:00:00,7.0,17.75,3.68,6.5,6.45,7.55,6.5,0.58,17.06,2.8,10.6,,,,,,71.5,2.02,271.0,11.25,11.25,17.0,,
2024-12-27 02:00:00,6.0,12.75,2.12,5.95,4.92,7.85,5.58,0.39,16.53,3.12,11.98,,,,,,70.75,1.5,225.5,1.75,1.75,17.0,,
2024-12-27 03:00:00,2.75,11.75,2.0,7.9,5.82,9.28,5.65,0.66,19.73,3.6,13.8,,,,,,70.75,0.68,234.25,0.0,0.0,17.0,,
2024-12-27 04:00:00,2.33,20.5,2.62,5.6,5.12,8.12,2.4,0.58,22.74,3.6,13.8,,,,,,71.5,1.82,282.5,0.0,0.0,17.0,,
2024-12-27 05:00:00,3.75,23.75,2.28,4.7,4.38,7.62,1.3,0.5,24.74,3.6,13.8,,,,,,70.0,1.8,292.75,0.0,0.0,16.0,,
2024-12-27 06:00:00,5.75,29.5,2.78,4.82,4.8,7.8,5.62,0.69,28.03,3.02,12.68,,,,,,70.5,2.17,297.5,0.0,0.0,20.5,,
2024-12-27 07:00:00,5.25,32.75,2.48,5.3,4.85,7.72,8.6,0.6,23.37,2.4,11.5,,,,,,71.75,1.75,312.0,0.0,0.0,83.75,,
2024-12-27 08:00:00,6.75,38.25,2.68,6.1,5.48,7.75,4.58,0.62,23.67,2.4,11.5,,,,,,71.75,2.2,306.5,0.0,0.0,103.25,,
2024-12-27 09:00:00,8.25,39.5,2.33,8.2,6.28,7.82,4.2,0.65,24.16,2.4,11.5,,,,,,71.25,2.72,302.25,0.0,0.0,119.5,,
2024-12-27 10:00:00,6.0,42.0,1.82,9.75,6.65,10.07,3.0,0.6,22.24,2.42,10.2,,,,,,70.25,2.75,303.0,0.0,0.0,275.0,,
2024-12-27 11:00:00,7.0,45.0,2.2,9.4,6.77,10.87,0.65,0.56,26.59,2.75,9.27,,,,,,69.67,2.97,302.33,0.0,0.0,390.33,,
2024-12-27 12:00:00,7.5,42.5,2.98,8.3,6.82,9.52,0.3,0.42,30.97,2.6,7.85,,,,,,69.25,3.18,299.75,0.0,0.0,425.75,,
2024-12-27 13:00:00,6.5,34.75,2.75,7.02,6.02,10.12,0.3,0.48,42.73,2.55,7.32,,,,,,68.5,3.28,308.75,0.0,0.0,404.25,,
2024-12-27 14:00:00,8.25,34.5,3.55,6.98,6.58,10.88,2.07,0.53,34.15,2.5,7.22,,,,,,69.25,3.42,304.25,0.0,0.0,336.25,,
2024-12-27 15:00:00,8.5,35.25,2.97,6.6,5.95,9.85,2.72,0.42,34.89,2.3,6.1,,,,,,69.5,3.58,305.25,0.0,0.0,212.5,,
2024-12-27 16:00:00,6.75,36.75,3.08,9.82,7.7,10.07,3.18,0.5,29.25,2.3,6.1,,,,,,69.75,2.72,314.75,0.0,0.0,84.5,,
2024-12-27 17:00:00,6.25,47.0,2.45,11.28,8.0,9.82,3.9,0.51,29.4,2.3,6.1,,,,,,69.75,2.78,311.5,0.0,0.0,22.75,,
2024-12-27 18:00:00,6.0,46.75,1.6,10.38,6.82,10.38,5.75,0.42,22.59,3.82,9.62,,,,,,69.0,2.0,316.5,0.0,0.0,16.0,,
2024-12-27 19:00:00,4.25,55.0,2.12,11.08,7.65,10.02,6.7,0.66,22.69,7.45,18.0,,,,,,70.25,1.5,324.5,0.0,0.0,16.0,,
2024-12-27 20:00:00,7.75,53.0,2.33,9.25,6.82,9.75,4.92,0.69,27.2,7.98,19.82,,,,,,69.0,1.7,330.25,0.0,0.0,16.0,,
2024-12-27 21:00:00,7.0,48.25,2.48,11.05,7.88,10.07,2.92,0.73,24.01,8.3,21.0,,,,,,69.25,1.55,328.75,0.0,0.0,16.0,,
2024-12-27 22:00:00,7.5,50.25,3.05,12.25,9.02,10.15,2.5,0.68,27.39,8.57,22.25,,,,,,70.25,1.38,307.75,0.5,0.5,16.5,,
2024-12-27 23:00:00,8.5,45.0,3.0,12.38,8.95,9.5,2.3,0.58,24.21,8.5,21.8,,,,,,71.25,1.45,317.0,0.0,0.0,16.0,,
2024-12-28 00:00:00,7.5,44.75,2.35,11.28,7.93,8.75,3.4,0.58,21.12,8.5,21.8,,,,,,71.0,1.2,315.5,0.0,0.0,16.0,,
2024-12-28 01:00:00,8.25,43.25,2.33,10.1,7.22,8.35,3.48,0.58,23.37,8.5,21.8,,,,,,71.5,1.62,312.75,0.0,0.0,16.0,,
2024-12-28 02:00:00,5.0,42.0,1.85,16.68,10.4,10.25,1.62,0.52,11.5,8.57,21.05,,,,,,71.5,1.3,322.75,0.0,0.0,16.0,,
2024-12-28 03:00:00,2.75,44.25,2.0,15.58,9.98,9.78,0.43,0.5,24.44,8.6,20.8,,,,,,71.5,1.15,327.25,0.0,0.0,16.0,,
2024-12-28 04:00:00,6.5,41.75,2.45,16.62,10.85,9.15,1.83,0.36,19.16,8.6,20.8,,,,,,70.5,1.08,311.0,0.0,0.0,16.0,,
2024-12-28 05:00:00,10.25,42.25,2.95,18.88,12.45,9.25,3.2,0.22,19.6,8.6,20.8,,,,,,71.75,0.98,321.5,0.0,0.0,16.0,,
2024-12-28 06:00:00,8.0,45.5,3.6,12.48,9.57,8.78,3.12,0.46,27.83,6.05,15.6,,,,,,71.5,1.05,340.25,0.0,0.0,18.75,,
2024-12-28 07:00:00,8.0,44.25,2.82,10.32,7.78,7.98,2.75,0.38,25.58,5.5,14.5,,,,,,72.5,1.25,326.5,0.0,0.0,80.0,,
2024-12-28 08:00:00,7.75,44.0,2.45,8.6,6.55,7.98,5.5,0.34,31.85,5.5,14.5,,,,,,70.75,2.2,305.25,0.0,0.0,187.25,,
2024-12-28 09:00:00,7.25,44.75,2.95,8.1,6.68,8.0,6.85,0.5,33.71,5.5,14.5,,,,,,71.5,2.38,297.5,0.0,0.0,296.0,,
2024-12-28 10:00:00,7.25,54.75,1.58,8.62,5.88,9.72,4.2,0.59,33.52,5.48,14.4,,,,,,69.5,2.85,299.5,0.0,0.0,380.75,,
2024-12-28 11:00:00,4.25,50.75,1.83,7.53,5.5,11.18,3.5,0.65,40.77,3.05,7.65,,,,,,69.25,3.18,311.0,0.0,0.0,404.5,,
2024-12-28 12:00:00,3.25,50.25,3.0,7.2,6.27,12.17,1.42,0.65,40.52,2.58,5.0,,,,,,69.5,2.72,308.5,0.0,0.0,372.0,,
2024-12-28 13:00:00,6.5,50.0,2.7,6.02,5.38,10.05,0.7,0.6,47.14,2.5,6.15,,,,,,68.5,2.8,309.5,0.0,0.0,256.25,,
2024-12-28 14:00:00,7.0,49.5,3.48,6.0,5.95,11.25,0.7,0.64,54.54,2.7,5.88,,,,,,69.25,2.55,309.5,0.0,0.0,217.25,,
2024-12-28 15:00:00,11.75,56.0,3.58,7.5,6.9,10.48,1.02,0.6,38.66,3.0,7.0,,,,,,69.75,2.48,311.75,0.0,0.0,213.0,,
2024-12-28 16:00:00,7.75,52.25,2.35,8.12,6.22,9.65,0.85,0.54,35.87,2.65,5.8,,,,,,70.0,2.47,315.5,0.0,0.0,99.75,,
2024-12-28 17:00:00,7.5,53.5,2.35,14.88,9.85,9.8,0.6,0.5,24.06,2.55,5.4,,,,,,70.0,2.17,307.0,0.0,0.0,20.75,,
2024-12-28 18:00:00,8.75,64.0,1.6,16.58,10.18,11.38,3.75,0.6,19.16,4.4,11.02,,,,,,67.75,1.88,317.0,0.0,0.0,16.0,,
2024-12-28 19:00:00,8.25,62.75,2.62,13.25,9.18,10.6,4.28,0.71,24.94,6.62,16.55,,,,,,68.75,1.68,327.25,0.0,0.0,16.0,,
2024-12-28 20:00:00,9.0,58.0,2.58,11.72,8.27,10.7,2.68,0.74,27.39,8.55,19.92,,,,,,69.25,2.02,324.25,0.0,0.0,16.0,,
2024-12-28 21:00:00,8.5,57.0,2.38,13.95,9.32,11.68,2.02,0.73,27.78,7.78,18.65,,,,,,68.0,2.05,314.75,0.0,0.0,16.0,,
2024-12-28 22:00:00,6.33,65.25,3.85,17.45,12.45,11.8,1.25,0.7,22.88,7.4,17.3,,,,,,70.25,1.52,258.75,0.0,0.0,16.0,,
2024-12-28 23:00:00,5.5,68.75,3.12,12.95,9.43,10.92,2.68,0.7,17.64,7.4,17.3,,,,,,70.5,1.2,185.5,0.0,0.0,16.0,,
2024-12-29 00:00:00,7.5,59.75,2.62,20.1,12.8,10.95,1.78,0.65,16.27,7.4,17.3,,,,,,70.75,2.12,300.0,0.0,0.0,16.0,,
2024-12-29 01:00:00,8.75,62.25,2.15,20.62,12.72,11.45,1.05,0.58,15.19,7.3,17.2,,,,,,71.0,1.82,298.5,0.0,0.0,16.0,,
2024-12-29 02:00:00,7.75,63.0,1.75,20.2,12.18,12.55,4.65,0.72,15.74,5.25,15.15,,,,,,70.0,2.55,304.25,0.0,0.0,16.0,,
2024-12-29 03:00:00,6.75,62.0,2.42,20.08,12.62,13.98,7.8,0.86,25.74,5.3,15.52,,,,,,69.25,1.7,262.25,0.0,0.0,16.0,,
2024-12-29 04:00:00,6.0,57.0,2.7,11.28,8.2,13.3,6.5,0.96,24.21,4.15,12.22,,,,,,71.0,1.3,224.5,0.0,0.0,16.0,,
2024-12-29 05:00:00,7.5,50.25,2.72,8.8,6.85,13.28,4.78,1.01,24.26,4.07,11.95,,,,,,71.0,1.38,217.0,0.0,0.0,16.0,,
2024-12-29 06:00:00,11.25,50.25,3.15,8.48,7.05,12.08,4.08,0.63,29.64,4.0,11.4,,,,,,70.75,1.92,274.5,0.0,0.0,17.75,,
2024-12-29 07:00:00,8.25,58.25,2.25,6.85,5.45,11.48,5.03,0.6,26.46,4.0,11.4,,,,,,72.25,1.88,225.0,0.0,0.0,79.25,,
2024-12-29 08:00:00,6.25,60.5,2.15,6.38,5.12,10.85,4.72,0.59,28.81,4.0,11.4,,,,,,71.5,2.25,236.75,0.0,0.0,107.5,,
2024-12-29 09:00:00,7.25,56.0,2.1,4.95,4.32,11.6,4.0,0.5,29.79,3.8,10.8,,,,,,70.5,2.85,246.25,0.0,0.0,130.75,,
2024-12-29 10:00:00,9.25,57.75,1.8,5.58,4.42,13.75,3.83,0.73,36.5,3.2,5.35,,,,,,69.75,3.5,254.75,0.0,0.0,144.75,,
2024-12-29 11:00:00,12.0,63.25,2.37,5.9,5.07,15.03,4.5,0.69,43.61,3.15,3.98,,,,,,69.0,3.65,261.0,0.0,0.0,178.75,,
2024-12-29 12:00:00,9.0,66.5,1.4,6.43,4.5,23.23,4.85,0.63,44.34,3.35,4.03,,,,,,68.0,3.48,249.0,0.0,0.0,187.25,,
2024-12-29 13:00:00,9.5,74.75,2.25,6.88,5.48,18.08,4.8,0.62,46.6,3.1,3.82,,,,,,68.5,3.45,276.5,0.0,0.0,134.0,,
2024-12-29 14:00:00,11.75,75.75,3.08,5.6,5.48,15.32,4.58,0.61,54.44,2.95,2.48,,,,,,69.5,3.48,248.0,0.0,0.0,110.0,,
2024-12-29 15:00:00,13.25,73.25,2.35,4.9,4.53,14.12,5.95,0.62,52.04,2.9,2.2,,,,,,69.75,3.68,252.0,0.0,0.0,96.25,,
2024-12-29 16:00:00,11.25,75.75,2.33,5.45,4.8,14.2,3.55,0.64,52.38,2.9,2.2,,,,,,69.75,3.88,258.25,0.0,0.0,42.75,,
2024-12-29 17:00:00,12.5,73.75,2.02,4.65,4.12,14.95,3.05,0.64,52.97,2.9,2.25,,,,,,70.25,3.62,246.5,0.0,0.0,24.75,,
2024-12-29 18:00:00,13.25,78.75,1.2,6.15,4.25,17.05,6.8,0.66,48.16,3.3,3.28,,,,,,69.25,2.95,245.25,0.0,0.0,16.0,,
2024-12-29 19:00:00,11.25,78.5,1.62,9.15,6.22,17.0,7.98,0.7,44.69,3.9,4.92,,,,,,69.25,2.4,243.25,0.0,0.0,16.0,,
2024-12-29 20:00:00,12.5,79.75,2.15,8.65,6.35,18.1,4.4,0.71,49.98,3.88,5.8,,,,,,69.0,2.55,266.25,0.0,0.0,16.0,,
2024-12-29 21:00:00,13.75,79.0,2.22,13.12,8.75,18.7,2.38,0.71,38.22,3.82,5.5,,,,,,69.5,2.0,298.75,0.0,0.0,16.0,,
2024-12-29 22:00:00,13.25,75.75,3.02,13.72,9.75,17.85,2.68,0.66,39.64,4.2,4.6,,,,,,69.75,2.82,306.0,0.0,0.0,16.0,,
2024-12-29 23:00:00,14.0,65.0,2.45,6.95,5.68,15.5,2.45,0.59,39.84,4.2,4.6,,,,,,70.5,2.35,296.75,0.0,0.0,16.0,,
2024-12-30 00:00:00,13.25,59.0,2.5,6.75,5.6,14.02,4.12,0.55,32.78,4.2,4.6,,,,,,70.75,1.98,314.75,0.0,0.0,16.0,,
2024-12-30 01:00:00,10.5,50.5,2.28,10.0,7.15,13.72,3.92,0.5,25.53,4.15,4.57,,,,,,70.25,2.22,315.5,0.0,0.0,16.0,,
2024-12-30 02:00:00,8.0,51.75,1.32,11.85,7.35,15.2,3.42,0.56,25.28,6.18,12.12,,,,,,70.75,2.1,309.75,0.0,0.0,16.0,,
2024-12-30 03:00:00,7.25,52.75,2.65,19.45,12.48,18.25,2.3,0.45,22.15,6.35,13.48,,,,,,70.0,1.85,259.75,0.0,0.0,16.0,,
2024-12-30 04:00:00,12.75,58.25,2.78,9.28,7.18,17.1,1.13,0.53,24.55,6.3,14.0,,,,,,70.0,1.3,170.5,0.0,0.0,16.0,,
2024-12-30 05:00:00,9.0,62.75,2.7,4.82,4.8,17.42,,0.6,24.7,6.2,14.3,,,,,,70.75,1.35,161.25,0.0,0.0,16.0,,
2024-12-30 06:00:00,9.75,75.0,2.88,4.15,4.58,15.42,1.5,0.62,22.1,5.8,15.3,,,,,,71.75,1.27,139.75,0.0,0.0,16.0,,
2024-12-30 07:00:00,12.0,78.75,2.15,4.2,4.0,14.0,2.58,0.66,21.96,5.8,15.3,,,,,,71.5,1.35,204.75,0.0,0.0,37.0,,
2024-12-30 08:00:00,12.0,83.75,2.33,4.97,4.53,14.0,0.8,0.67,21.86,5.8,15.3,,,,,,72.0,1.48,196.75,0.0,0.0,108.5,,
2024-12-30 09:00:00,12.0,93.25,2.45,8.35,6.48,15.7,1.5,0.76,20.48,5.38,13.7,,,,,,72.0,2.58,273.0,0.0,0.0,154.0,,
2024-12-30 10:00:00,11.0,93.5,2.02,14.4,9.3,18.85,3.07,0.65,28.12,4.65,10.85,,,,,,70.0,4.12,290.25,0.0,0.0,262.0,,
2024-12-30 11:00:00,7.25,83.75,2.7,15.67,10.57,21.5,6.2,0.61,31.66,4.78,11.85,,,,,,70.0,4.1,295.0,0.0,0.0,249.5,,
2024-12-30 12:00:00,5.75,84.0,3.2,13.9,9.97,24.5,5.9,0.6,33.03,4.83,12.12,,,,,,68.75,4.2,296.5,0.0,0.0,276.0,,
2024-12-30 13:00:00,8.75,75.5,3.92,12.6,9.88,21.0,6.1,0.66,37.68,5.15,14.38,,,,,,68.75,3.8,288.75,0.0,0.0,296.0,,
2024-12-30 14:00:00,11.25,77.75,5.28,18.98,14.35,19.9,5.03,0.64,27.05,5.05,11.82,,,,,,69.25,3.62,293.75,0.0,0.0,284.0,,
2024-12-30 15:00:00,11.0,107.75,4.55,24.15,16.58,19.62,8.7,0.6,20.82,4.3,12.8,,,,,,70.25,3.53,285.25,0.0,0.0,168.25,,
2024-12-30 16:00:00,9.5,109.0,3.7,26.85,17.3,20.4,6.8,0.64,22.44,4.02,12.02,,,,,,69.5,3.08,288.75,0.0,0.0,65.25,,
2024-12-30 17:00:00,13.25,104.5,2.22,22.58,13.82,20.5,7.4,0.66,18.91,4.18,12.88,,,,,,69.25,2.7,296.0,0.0,0.0,25.5,,
2024-12-30 18:00:00,11.25,100.0,2.08,22.32,13.6,20.82,8.18,0.65,19.06,4.2,14.12,,,,,,69.25,2.28,302.25,0.0,0.0,16.0,,
2024-12-30 19:00:00,11.75,96.0,2.45,24.22,14.9,21.9,3.85,0.67,19.75,5.57,17.27,,,,,,68.75,2.78,295.75,0.0,0.0,16.0,,
2024-12-30 20:00:00,11.75,85.0,2.5,24.72,15.15,21.92,4.32,0.68,18.92,5.88,18.48,,,,,,68.75,2.2,301.0,0.0,0.0,16.0,,
2024-12-30 21:00:00,14.75,87.0,2.7,21.15,13.45,21.85,4.12,0.71,23.72,5.82,18.6,,,,,,68.75,1.88,260.5,0.0,0.0,16.0,,
2024-12-30 22:00:00,17.0,84.25,3.55,17.8,12.38,18.75,4.45,0.7,22.34,5.4,17.6,,,,,,70.5,1.88,254.25,0.0,0.0,16.0,,
2024-12-30 23:00:00,16.75,84.75,2.5,20.08,12.7,17.1,6.92,0.7,18.67,5.4,17.6,,,,,,70.5,1.5,255.0,0.0,0.0,16.0,,
2024-12-31 00:00:00,15.25,84.0,2.4,16.45,10.72,16.05,6.0,0.68,24.2,5.4,17.6,,,,,,70.25,1.65,294.5,0.0,0.0,16.0,,
2024-12-31 01:00:00,15.25,80.0,1.83,14.38,9.1,16.7,5.65,0.63,21.66,5.3,16.35,,,,,,70.5,1.9,311.0,0.0,0.0,16.0,,
2024-12-31 02:00:00,18.25,65.75,1.68,13.15,8.38,17.52,6.62,0.6,28.36,6.5,15.68,,,,,,69.5,1.98,323.75,0.0,0.0,16.0,,
2024-12-31 03:00:00,6.75,58.75,2.22,14.2,9.38,19.98,4.8,0.56,27.18,6.88,15.62,,,,,,69.25,1.42,304.75,0.0,0.0,16.0,,
2024-12-31 04:00:00,7.5,60.0,3.0,10.2,7.9,18.48,3.92,0.5,18.52,8.02,18.6,,,,,,70.5,0.85,190.25,0.0,0.0,16.0,,
2024-12-31 05:00:00,12.5,66.0,4.15,5.65,6.35,17.7,3.35,0.55,18.62,6.8,17.03,,,,,,70.75,1.32,152.25,0.0,0.0,16.0,,
2024-12-31 06:00:00,15.0,68.0,3.4,4.25,5.08,15.02,4.85,0.65,17.93,6.3,16.6,,,,,,72.0,1.32,158.5,0.0,0.0,16.5,,
2024-12-31 07:00:00,17.5,75.5,3.08,4.25,4.8,13.78,5.45,0.57,16.95,6.3,16.6,,,,,,71.5,1.5,164.0,0.0,0.0,49.5,,
2024-12-31 08:00:00,16.0,81.5,2.75,4.05,4.43,13.7,5.22,0.75,17.55,6.3,16.6,,,,,,71.25,1.82,195.25,0.0,0.0,97.5,,
2024-12-31 09:00:00,16.75,87.0,2.1,5.32,4.53,15.48,6.22,0.76,13.52,5.62,15.28,,,,,,71.5,1.68,192.0,0.0,0.0,145.5,,
2024-12-31 10:00:00,17.25,95.0,2.03,9.2,6.52,18.35,4.53,0.7,19.4,5.1,14.3,,,,,,69.75,1.72,284.5,0.0,0.0,153.0,,
2024-12-31 11:00:00,14.67,105.33,2.85,12.95,9.25,20.6,2.75,0.52,31.43,4.9,15.03,,,,,,69.67,3.6,304.67,0.0,0.0,252.33,,
2024-12-31 12:00:00,18.25,92.75,2.63,11.47,8.23,24.3,3.35,0.51,38.61,5.15,11.75,,,,,,69.25,4.03,297.75,0.0,0.0,325.0,,
2024-12-31 13:00:00,14.5,89.0,3.95,18.98,13.35,21.7,3.12,0.6,39.06,4.32,8.2,,,,,,69.75,3.58,289.0,0.0,0.0,190.0,,
2024-12-31 14:00:00,20.0,108.5,4.15,22.0,15.05,20.72,4.32,0.54,31.46,3.95,7.4,,,,,,69.5,3.75,289.5,0.0,0.0,246.25,,
2024-12-31 15:00:00,22.0,110.5,2.6,14.5,9.82,18.4,5.58,0.56,36.9,4.05,7.05,,,,,,69.0,3.18,293.5,0.0,0.0,126.75,,
2024-12-31 16:00:00,18.5,108.25,2.42,20.62,12.95,19.18,5.45,0.66,34.2,4.2,7.95,,,,,,69.75,3.05,278.5,0.0,0.0,60.75,,
2024-12-31 17:00:00,17.75,120.5,1.7,16.2,9.98,20.6,9.82,0.69,31.6,4.3,8.07,,,,,,69.0,2.82,268.75,0.0,0.0,18.5,,
2024-12-31 18:00:00,18.5,109.25,1.85,11.2,7.45,19.55,9.65,0.75,39.88,3.8,8.78,,,,,,69.0,2.55,241.25,0.0,0.0,16.0,,
2024-12-31 19:00:00,16.5,107.25,2.28,9.85,7.1,20.68,6.88,0.86,42.0,3.88,9.65,,,,,,69.75,2.42,269.25,0.0,0.0,16.0,,
2024-12-31 20:00:00,22.75,107.25,2.08,9.57,6.75,21.1,4.45,0.88,40.91,3.92,8.5,,,,,,69.75,2.25,270.75,0.0,0.0,16.0,,
2024-12-31 21:00:00,19.75,106.5,2.8,11.25,8.22,20.88,3.55,0.87,38.17,4.03,8.3,,,,,,69.5,1.83,287.75,0.0,0.0,16.0,,
2024-12-31 22:00:00,22.25,111.5,2.52,10.05,7.38,18.12,3.28,0.84,31.8,4.0,8.1,,,,,,70.75,1.52,217.75,0.0,0.0,16.0,,
2024-12-31 23:00:00,23.0,113.0,2.3,7.17,5.63,15.83,3.67,0.85,25.68,4.0,8.1,,,,,,71.67,1.2,170.33,0.0,0.0,16.0,,
