Timestamp,PM2.5 (µg/m³),PM10 (µg/m³),NO (µg/m³),NO2 (µg/m³),NOx (ppb),NH3 (µg/m³),SO2 (µg/m³),CO (mg/m³),Ozone (µg/m³),Benzene (µg/m³),Toluene (µg/m³),Xylene (µg/m³),O Xylene (µg/m³),Eth-Benzene (µg/m³),MP-Xylene (µg/m³),AT (°C),RH (%),WS (m/s),WD (deg),RF (mm),TOT-RF (mm),SR (W/mt2),BP (mmHg),VWS (m/s)
2023-01-01 00:00:00,35.75,76.25,1.15,14.05,8.45,20.725,7.449999999999999,,,,,,,,,,89.5,0.3,,0.0,0.0,14.0,766.0,
2023-01-01 01:00:00,52.75,113.0,1.075,16.175,9.525,19.725,6.975,,,,,,,,,,90.25,0.3,,0.0,0.0,14.0,764.75,
2023-01-01 02:00:00,65.25,134.25,3.375,25.725,16.45,15.475,8.5,,,,,,,,,,91.5,0.3,,0.0,0.0,14.0,763.5,
2023-01-01 03:00:00,80.25,171.25,4.15,28.075,18.325,15.15,9.0,,,,,,,,,,93.5,0.3,,0.0,0.0,14.0,763.0,
2023-01-01 04:00:00,88.0,181.75,13.725000000000001,24.0,23.95,11.55,8.225,,,,,,,,,,94.5,0.3,,0.0,0.0,14.0,763.0,
2023-01-01 05:00:00,89.33333333333333,201.0,15.966666666666669,23.233333333333334,25.3,12.1,19.166666666666668,,,,,,,,,,96.0,0.3,,0.0,0.0,14.0,763.6666666666666,
2023-01-01 06:00:00,82.5,175.5,13.575,20.9,22.125,14.725,13.25,,,,,,,,,,96.0,0.3,,0.0,0.0,19.75,765.25,
2023-01-01 07:00:00,73.5,161.5,18.05,25.975,28.5,11.225,10.075,,,,,,,,,,94.25,0.3,,0.0,0.0,92.25,766.5,
2023-01-01 08:00:00,75.25,159.25,8.325,21.9,18.45,18.9,9.975,,,,,,,,,,86.5,0.3,,0.0,0.0,226.25,768.75,
2023-01-01 09:00:00,61.75,120.75,5.5,14.825,12.4,22.4,11.7,,,,,,,,,,79.0,0.3,,0.0,0.0,299.5,769.5,
2023-01-01 10:00:00,46.25,96.75,3.675,14.5,10.725,22.2,15.866666666666667,,,,,,,,,,74.25,0.3,,0.0,0.0,299.25,769.0,
2023-01-01 11:00:00,44.25,98.75,2.2,13.675,9.05,22.375,9.133333333333333,,,,,,,,,,70.25,0.3,,0.0,0.0,435.0,768.0,
2023-01-01 12:00:00,34.75,67.5,1.575,11.375,7.325,22.225,8.35,,,,,,,,,,68.75,0.3,,0.0,0.0,533.5,766.5,
2023-01-01 13:00:00,32.0,57.75,1.9500000000000002,11.1,7.5,22.450000000000003,11.65,,,,,,,,,,66.75,0.3,,0.0,0.0,489.25,764.5,
2023-01-01 14:00:00,36.25,67.25,1.9000000000000001,11.7,7.75,21.700000000000003,24.1,,,,,,,,,,67.25,0.3,,0.0,0.0,384.25,763.25,
2023-01-01 15:00:00,40.25,83.0,1.925,11.825,7.875,22.1,21.55,,,,,,,,,,70.5,0.3,,0.0,0.0,288.0,762.0,
2023-01-01 16:00:00,38.0,66.0,1.45,10.825,6.925,22.4,15.45,,,,,,,,,,71.75,0.3,,0.0,0.0,154.75,762.0,
2023-01-01 17:00:00,29.75,63.5,1.4,9.85,6.375,22.525,7.75,,,,,,,,,,77.0,0.3,,0.0,0.0,34.5,762.5,
2023-01-01 18:00:00,30.25,47.0,1.2,10.3,6.45,22.15,7.475,,,,,,,,,,80.25,0.3,,0.0,0.0,14.75,763.75,
2023-01-01 19:00:00,25.0,49.25,1.35,10.899999999999999,6.9,21.675,7.3,,,,,,,,,,81.75,0.3,,0.0,0.0,14.0,765.0,
2023-01-01 20:00:00,25.5,53.75,1.525,12.275,7.8,21.275,6.475,,,,,,,,,,81.75,0.3,,0.0,0.0,14.0,766.0,
2023-01-01 21:00:00,28.5,53.75,1.525,15.125,9.3,20.125,5.5,,,,,,,,,,82.75,0.3,,0.0,0.0,14.0,766.75,
2023-01-01 22:00:00,33.0,71.0,1.375,16.55,9.925,19.675,5.525,,,,,,,,,,84.0,0.3,,0.0,0.0,14.0,767.0,
2023-01-01 23:00:00,32.0,62.5,1.725,16.975,10.475000000000001,19.6,5.1,,,,,,,,,,84.5,0.3,,0.0,0.0,14.0,766.25,
2023-01-02 00:00:00,29.0,62.25,1.75,13.425,8.575,20.625,5.550000000000001,,,,,,,,,,85.5,0.3,,0.0,0.0,14.0,765.5,
2023-01-02 01:00:00,27.25,55.75,1.825,9.95,6.8,22.025,5.4,,,,,,,,,,86.0,0.3,,0.0,0.0,14.5,764.75,
2023-01-02 02:00:00,24.75,59.0,2.625,15.25,10.275,19.65,7.525,,,,,,,,,,88.0,0.3,,0.0,0.0,14.5,763.5,
2023-01-02 03:00:00,35.25,82.25,5.125,15.9,12.6,18.225,8.9,,,,,,,,,,91.25,0.3,,0.0,0.0,14.75,763.0,
2023-01-02 04:00:00,40.0,87.25,6.075,15.875,13.4,17.95,9.25,,,,,,,,,,92.75,0.3,,0.0,0.0,14.75,763.0,
2023-01-02 05:00:00,36.25,81.25,5.2,13.675,11.475,19.4,8.8,,,,,,,,,,93.75,0.3,,0.0,0.0,14.5,763.75,
2023-01-02 06:00:00,44.5,84.5,23.125,17.3,28.0,8.9,7.85,,,,,,,,,,94.0,0.3,,0.0,0.0,19.5,765.0,
2023-01-02 07:00:00,51.0,104.75,18.825000000000003,19.25,25.55,12.15,11.975,,,,,,,,,,91.25,0.3,,0.0,0.0,96.25,766.5,
2023-01-02 08:00:00,54.75,118.25,13.45,19.6,21.35,16.675,15.15,,,,,,,,,,82.0,0.3,,0.0,0.0,227.25,768.5,
2023-01-02 09:00:00,47.75,115.75,7.45,15.0,14.025,21.35,11.575,,,,,,,,,,74.25,0.3,,0.0,0.0,295.25,769.0,
2023-01-02 10:00:00,42.0,80.75,3.35,10.125,8.075,23.825,8.733333333333334,,,,,,,,,,70.75,0.3,,0.0,0.0,295.25,768.5,
2023-01-02 11:00:00,27.0,56.25,2.325,9.399999999999999,6.95,24.55,6.633333333333333,,,,,,,,,,70.5,0.3,,0.0,0.0,294.5,767.5,
2023-01-02 12:00:00,27.5,47.25,1.7,8.1,5.675,23.7,6.675,,,,,,,,,,67.25,0.3,,0.0,0.0,480.5,766.25,
2023-01-02 13:00:00,28.5,44.0,1.55,7.8,5.4,23.7,6.325,,,,,,,,,,65.5,0.3,,0.0,0.0,448.25,764.25,
2023-01-02 14:00:00,27.25,41.75,1.225,7.25,4.875,23.725,5.825,,,,,,,,,,66.25,0.3,,0.0,0.0,430.75,763.0,
2023-01-02 15:00:00,27.5,42.75,1.275,7.0,4.75,23.65,5.7,,,,,,,,,,66.75,0.3,,0.0,0.0,296.75,762.0,
2023-01-02 16:00:00,26.0,39.0,1.3,7.466666666666666,5.033333333333333,23.366666666666664,6.0,,,,,,,,,,69.66666666666667,0.3,,0.0,0.0,178.0,762.0,
2023-01-02 17:00:00,25.5,52.5,1.25,9.1,5.825,22.95,5.725,,,,,,,,,,72.75,0.3,,0.0,0.0,35.5,763.25,
2023-01-02 18:00:00,27.75,63.25,1.1,12.55,7.6,21.65,4.975,,,,,,,,,,75.5,0.3,,0.0,0.0,14.75,764.5,
2023-01-02 19:00:00,30.25,73.5,1.225,13.675,8.275,20.8,4.975,,,,,,,,,,77.75,0.3,,0.0,0.0,14.75,765.5,
2023-01-02 20:00:00,33.5,76.5,1.75,14.475,9.1,20.45,6.025,,,,,,,,,,79.25,0.3,,0.0,0.0,14.25,767.25,
2023-01-02 21:00:00,40.0,84.25,1.875,15.774999999999999,9.9,19.85,5.925,,,,,,,,,,80.5,0.3,,0.0,0.0,14.25,768.0,
2023-01-02 22:00:00,38.25,91.5,1.425,17.1,10.25,19.3,5.15,,,,,,,,,,81.0,0.3,,0.0,0.0,14.0,767.75,
2023-01-02 23:00:00,42.0,84.0,1.6333333333333335,15.833333333333334,9.733333333333334,19.7,5.3,,,,,,,,,,81.0,0.3,,0.0,0.0,14.0,767.0,
2023-01-03 00:00:00,30.0,59.0,1.525,15.325,9.4,20.1,5.4,,,,,,,,,,83.5,0.3,,0.0,0.0,14.75,766.0,
2023-01-03 01:00:00,37.75,80.5,4.5,18.125,13.299999999999999,17.35,6.825,,,,,,,,,,86.5,0.3,,0.0,0.0,14.75,765.0,
2023-01-03 02:00:00,50.0,104.25,3.5,18.05,12.45,18.675,7.35,,,,,,,,,,89.75,0.3,,0.0,0.0,14.5,764.25,
2023-01-03 03:00:00,45.5,95.25,10.725,16.65,17.575,15.325,7.5,,,,,,,,,,91.0,0.3,,0.0,0.0,14.5,764.0,
2023-01-03 04:00:00,50.0,111.5,11.675,15.775,17.875,16.125,14.875,,,,,,,,,,91.25,0.3,,0.0,0.0,14.75,764.0,
2023-01-03 05:00:00,50.0,111.66666666666667,7.7,15.333333333333334,14.433333333333332,18.833333333333332,19.066666666666666,,,,,,,,,,92.33333333333333,0.3,,0.0,0.0,14.666666666666666,764.6666666666666,
2023-01-03 06:00:00,52.0,113.75,8.525,15.35,15.1,18.85,12.625,,,,,,,,,,93.0,0.3,,0.0,0.0,19.0,765.5,
2023-01-03 07:00:00,57.25,126.75,10.325,15.8,16.775,17.95,11.875,,,,,,,,,,90.5,0.3,,0.0,0.0,87.5,766.5,
2023-01-03 08:00:00,56.25,124.5,7.675,15.35,14.425,20.0,11.525,,,,,,,,,,85.5,0.3,,0.0,0.0,219.25,768.5,
2023-01-03 09:00:00,59.75,132.5,5.85,16.375,13.475,20.9,14.75,,,,,,,,,,81.25,0.3,,0.0,0.0,221.25,769.5,
2023-01-03 10:00:00,56.25,129.0,3.55,13.25,9.950000000000001,22.55,11.933333333333332,,,,,,,,,,73.75,0.3,,0.0,0.0,376.25,769.0,
2023-01-03 11:00:00,43.75,83.5,1.775,10.3,6.95,24.875,6.833333333333333,,,,,,,,,,68.25,0.3,,0.0,0.0,420.25,768.0,
2023-01-03 12:00:00,31.25,71.5,1.25,9.8,6.25,23.325,6.5,,,,,,,,,,69.75,0.3,,0.0,0.0,326.0,766.0,
2023-01-03 13:00:00,33.0,66.25,1.95,8.899999999999999,6.25,23.85,6.6,,,,,,,,,,69.5,0.3,,0.0,0.0,341.75,764.5,
2023-01-03 14:00:00,34.5,65.25,1.175,8.2,5.325,23.975,6.15,,,,,,,,,,70.25,0.3,,0.0,0.0,333.75,763.25,
2023-01-03 15:00:00,29.75,68.25,1.425,8.375,5.6,23.9,6.275,,,,,,,,,,69.75,0.3,,0.0,0.0,249.75,762.0,
2023-01-03 16:00:00,30.75,69.75,1.225,8.75,5.675,23.725,7.075,,,,,,,,,,73.75,0.3,,0.0,0.0,140.0,762.0,
2023-01-03 17:00:00,37.25,85.0,1.375,10.0,6.425,23.025,7.5,,,,,,,,,,73.0,0.3,,0.0,0.0,42.5,762.75,
2023-01-03 18:00:00,44.0,96.0,1.45,12.15,7.65,22.25,6.075,,,,,,,,,,77.5,0.3,,0.0,0.0,14.25,763.75,
2023-01-03 19:00:00,52.0,96.0,1.25,13.8,8.35,21.7,5.475,,,,,,,,,,79.75,0.3,,0.0,0.0,14.0,764.5,
2023-01-03 20:00:00,48.75,103.5,1.7,13.325,8.5,21.75,7.075,,,,,,,,,,81.75,0.3,,0.0,0.0,14.0,766.0,
2023-01-03 21:00:00,50.75,109.0,1.275,16.125,9.625,20.9,11.625,,,,,,,,,,82.75,0.3,,0.0,0.0,14.0,766.75,
2023-01-03 22:00:00,58.0,132.25,1.375,16.4,9.875,21.2,11.125,,,,,,,,,,83.25,0.3,,0.0,0.0,14.0,767.0,
2023-01-03 23:00:00,52.75,107.0,1.8,12.575,8.125,22.775000000000002,10.625,,,,,,,,,,83.75,0.3,,0.0,0.0,14.0,766.0,
2023-01-04 00:00:00,48.75,98.25,1.425,14.225,8.725,22.025,9.075,,,,,,,,,,84.75,0.3,,0.0,0.0,14.0,765.0,
2023-01-04 01:00:00,56.0,114.5,1.725,12.35,7.975,22.725,7.15,,,,,,,,,,84.75,0.3,,0.0,0.0,14.25,764.75,
2023-01-04 02:00:00,53.0,103.0,1.3250000000000002,10.975,6.9,23.325,7.025,,,,,,,,,,87.5,0.3,,0.0,0.0,14.25,763.75,
2023-01-04 03:00:00,51.5,89.75,1.525,11.45,7.4,22.775,6.3500000000000005,,,,,,,,,,88.0,0.3,,0.0,0.0,14.75,763.0,
2023-01-04 04:00:00,45.75,86.0,1.525,10.2,6.675,22.9,6.0,,,,,,,,,,89.25,0.3,,0.0,0.0,14.75,763.0,
2023-01-04 05:00:00,45.25,88.25,1.6,13.7,8.6,21.625,8.05,,,,,,,,,,89.0,0.3,,0.0,0.0,14.75,763.25,
2023-01-04 06:00:00,56.25,99.25,0.9750000000000001,15.45,9.0,20.675,7.725,,,,,,,,,,89.75,0.3,,0.0,0.0,19.0,764.75,
2023-01-04 07:00:00,63.25,121.5,2.575,18.525,11.975000000000001,19.4,8.75,,,,,,,,,,90.75,0.3,,0.0,0.0,60.75,766.0,
2023-01-04 08:00:00,75.0,151.5,3.15,19.275,12.8,19.625,14.275,,,,,,,,,,88.0,0.3,,0.0,0.0,146.25,767.0,
2023-01-04 09:00:00,78.5,151.5,2.525,17.65,11.475,22.925,14.1,,,,,,,,,,79.0,0.3,,0.0,0.0,243.75,768.0,
2023-01-04 10:00:00,66.25,125.25,1.475,11.875,7.55,24.0,7.699999999999999,,,,,,,,,,71.75,0.3,,0.0,0.0,351.0,767.25,
2023-01-04 11:00:00,48.5,86.0,1.5,9.95,6.525,24.1,5.3999999999999995,,,,,,,,,,69.5,0.3,,0.0,0.0,328.75,766.25,
2023-01-04 12:00:00,39.25,80.75,1.5,8.425,5.7,23.55,6.35,,,,,,,,,,68.5,0.3,,0.0,0.0,343.25,764.5,
2023-01-04 13:00:00,42.5,76.25,2.1,9.55,6.800000000000001,24.5,6.65,,,,,,,,,,71.75,0.3,,0.0,0.0,307.0,762.5,
2023-01-04 14:00:00,42.75,81.0,1.35,9.575,6.175,24.05,6.075,,,,,,,,,,73.25,0.3,,0.0,0.0,248.75,760.75,
2023-01-04 15:00:00,46.75,78.5,1.475,9.4,6.2,23.625,5.875,,,,,,,,,,74.75,0.3,,0.0,0.0,160.0,760.0,
2023-01-04 16:00:00,44.25,89.0,1.35,9.025,5.925,23.95,6.8,,,,,,,,,,75.5,0.3,,0.0,0.0,67.0,760.0,
2023-01-04 17:00:00,48.0,89.0,1.2333333333333334,10.166666666666666,6.433333333333334,23.5,7.3,,,,,,,,,,75.33333333333333,0.3,,0.0,0.0,32.0,760.3333333333334,
2023-01-04 18:00:00,46.25,82.75,1.25,13.75,8.35,22.125,5.6,,,,,,,,,,74.75,0.3,,0.0,0.0,14.5,761.5,
2023-01-04 19:00:00,42.75,81.0,1.275,15.075,9.05,21.775,5.425,,,,,,,,,,75.25,0.3,,0.0,0.0,14.25,762.75,
2023-01-04 20:00:00,45.333333333333336,83.0,1.3333333333333333,15.5,9.299999999999999,21.5,6.2,,,,,,,,,,74.66666666666667,0.3,,0.0,0.0,14.333333333333334,764.3333333333334,
2023-01-04 21:00:00,40.25,89.0,1.4,14.45,8.85,21.525,6.05,,,,,,,,,,74.5,0.3,,0.0,0.0,14.75,765.0,
2023-01-04 22:00:00,41.0,77.0,1.0,12.299999999999999,7.366666666666667,22.166666666666668,6.466666666666666,,,,,,,,,,75.0,0.3,,0.0,0.0,15.0,765.0,
2023-01-04 23:00:00,35.75,71.0,1.075,10.375,6.4,22.4,6.425,,,,,,,,,,76.5,0.3,,0.0,0.0,14.75,764.25,
2023-01-05 00:00:00,25.666666666666668,67.33333333333333,1.2666666666666666,8.633333333333333,5.6000000000000005,22.633333333333336,6.433333333333334,,,,,,,,,,78.33333333333333,0.3,,0.0,0.0,14.666666666666666,763.6666666666666,
2023-01-05 01:00:00,26.5,62.75,0.975,7.7,4.925,22.775,5.775,,,,,,,,,,79.5,0.3,,0.0,0.0,14.75,762.5,
2023-01-05 02:00:00,30.5,53.25,1.075,7.15,4.65,22.9,6.175000000000001,,,,,,,,,,78.5,0.3,,0.0,0.0,14.75,761.75,
2023-01-05 03:00:00,28.75,52.5,1.425,5.875,4.275,23.5,5.825,,,,,,,,,,76.25,0.3,,0.0,0.0,14.75,761.0,
2023-01-05 04:00:00,27.5,47.75,1.65,7.375,5.275,22.775,6.1,,,,,,,,,,76.5,0.3,,0.0,0.0,14.75,761.25,
2023-01-05 05:00:00,27.0,48.75,1.4,9.075,5.95,22.225,5.825,,,,,,,,,,76.75,0.3,,0.0,0.0,14.75,762.0,
2023-01-05 06:00:00,31.0,59.0,1.1,11.55,7.025,21.55,5.225,,,,,,,,,,79.25,0.3,,0.0,0.0,22.5,763.5,
2023-01-05 07:00:00,34.25,74.25,1.65,13.325,8.45,20.925,5.3,,,,,,,,,,78.25,0.3,,0.0,0.0,99.5,765.0,
2023-01-05 08:00:00,35.25,78.5,2.0,11.9,7.925000000000001,21.9,5.7,,,,,,,,,,74.75,0.3,,0.0,0.0,192.0,766.5,
2023-01-05 09:00:00,40.0,93.0,1.7,10.133333333333333,6.766666666666667,22.666666666666668,5.633333333333333,,,,,,,,,,73.0,0.3,,0.0,0.0,305.3333333333333,767.6666666666666,
2023-01-05 10:00:00,45.5,96.0,1.025,8.95,5.6,24.475,5.866666666666667,,,,,,,,,,71.0,0.3,,0.0,0.0,412.75,767.75,
2023-01-05 11:00:00,39.75,84.25,1.625,8.875,6.05,24.375,6.166666666666667,,,,,,,,,,71.0,0.3,,0.0,0.0,330.5,766.75,
2023-01-05 12:00:00,45.666666666666664,91.33333333333333,1.5,7.3999999999999995,5.133333333333334,23.7,4.833333333333333,,,,,,,,,,69.0,0.3,,0.0,0.0,421.6666666666667,765.3333333333334,
2023-01-05 13:00:00,45.25,84.0,1.7000000000000002,7.6,5.45,23.85,5.05,,,,,,,,,,67.75,0.3,,0.0,0.0,392.75,764.25,
2023-01-05 14:00:00,39.75,76.25,1.375,7.7,5.2,23.5,5.625,,,,,,,,,,68.25,0.3,,0.0,0.0,351.0,762.75,
2023-01-05 15:00:00,38.75,72.75,1.575,7.35,5.2,23.25,5.85,,,,,,,,,,68.0,0.3,,0.0,0.0,277.0,762.25,
2023-01-05 16:00:00,40.0,81.5,1.45,7.95,5.425,23.125,5.75,,,,,,,,,,71.75,0.3,,0.0,0.0,127.5,762.25,
2023-01-05 17:00:00,48.25,93.25,1.4,8.9,5.9,22.925,6.375,,,,,,,,,,74.75,0.3,,0.0,0.0,37.0,763.0,
2023-01-05 18:00:00,52.666666666666664,100.33333333333333,1.1666666666666667,11.0,6.766666666666667,22.433333333333337,7.133333333333333,,,,,,,,,,77.0,0.3,,0.0,0.0,14.333333333333334,764.0,
2023-01-05 19:00:00,48.5,107.75,1.225,12.725,7.75,22.075,6.6,,,,,,,,,,78.0,0.3,,0.0,0.0,14.75,765.5,
2023-01-05 20:00:00,49.5,109.25,1.6,12.225,7.8,22.225,6.85,,,,,,,,,,78.0,0.3,,0.0,0.0,14.75,766.5,
2023-01-05 21:00:00,50.0,106.75,1.375,11.7,7.325,22.3,5.425,,,,,,,,,,77.75,0.3,,0.0,0.0,14.75,767.0,
2023-01-05 22:00:00,56.0,106.0,1.0666666666666667,10.700000000000001,6.566666666666666,22.8,7.099999999999999,,,,,,,,,,78.0,0.3,,0.0,0.0,15.0,767.0,
2023-01-05 23:00:00,55.75,99.25,1.55,10.2,6.725,22.725,12.05,,,,,,,,,,80.0,0.3,,0.0,0.0,14.75,766.25,
2023-01-06 00:00:00,55.5,107.75,1.375,7.575,5.15,23.95,11.875,,,,,,,,,,79.75,0.3,,0.0,0.0,14.75,766.0,
2023-01-06 01:00:00,48.5,93.75,1.5,7.55,5.2,24.025,10.725,,,,,,,,,,85.0,0.3,,0.0,0.0,14.25,765.0,
2023-01-06 02:00:00,48.333333333333336,85.66666666666667,0.9,7.533333333333334,4.7,23.600000000000005,7.066666666666666,,,,,,,,,,83.66666666666667,0.3,,0.0,0.0,14.0,763.6666666666666,
2023-01-06 03:00:00,45.5,77.25,1.475,7.375,5.1,23.5,7.375,,,,,,,,,,83.5,0.3,,0.0,0.0,14.0,763.0,
2023-01-06 04:00:00,46.0,80.0,1.25,8.125,5.35,22.95,7.675,,,,,,,,,,84.75,0.3,,0.0,0.0,14.75,763.0,
2023-01-06 05:00:00,43.333333333333336,86.0,1.2666666666666666,8.9,5.766666666666667,22.733333333333334,8.200000000000001,,,,,,,,,,84.66666666666667,0.3,,0.0,0.0,14.666666666666666,764.0,
2023-01-06 06:00:00,46.0,87.75,1.125,11.45,7.025,21.674999999999997,8.275,,,,,,,,,,84.0,0.3,,0.0,0.0,18.25,765.5,
2023-01-06 07:00:00,52.75,100.75,1.5,15.225,9.325,20.45,8.8,,,,,,,,,,83.25,0.3,,0.0,0.0,77.5,766.75,
2023-01-06 08:00:00,55.0,122.75,1.825,15.975,9.95,20.65,9.65,,,,,,,,,,80.0,0.3,,0.0,0.0,162.25,769.5,
2023-01-06 09:00:00,49.0,103.0,1.9666666666666668,10.833333333333334,7.333333333333333,22.933333333333334,10.266666666666667,,,,,,,,,,74.0,0.3,,0.0,0.0,311.3333333333333,770.3333333333334,
2023-01-06 10:00:00,36.0,74.25,1.75,9.675,6.575,23.35,8.266666666666667,,,,,,,,,,71.75,0.3,,0.0,0.0,343.75,770.75,
2023-01-06 11:00:00,33.0,84.0,1.7,12.700000000000001,8.166666666666666,30.599999999999998,8.3,,,,,,,,,,69.0,0.3,,0.0,0.0,436.0,770.3333333333334,
2023-01-06 12:00:00,45.75,78.5,1.1500000000000001,11.775,7.199999999999999,22.275,5.55,,,,,,,,,,76.0,0.3,,0.0,0.0,233.25,768.25,
2023-01-06 13:00:00,45.75,98.75,1.9,12.85,8.399999999999999,22.3,11.675,,,,,,,,,,73.25,0.3,,0.0,0.0,313.5,766.5,
2023-01-06 14:00:00,46.75,99.25,1.275,9.825,6.275,23.125,10.475,,,,,,,,,,71.5,0.3,,0.0,0.0,291.75,765.25,
2023-01-06 15:00:00,43.0,94.0,1.5,9.133333333333333,6.1000000000000005,23.066666666666666,10.266666666666666,,,,,,,,,,72.66666666666667,0.3,,0.0,0.0,196.33333333333334,764.3333333333334,
2023-01-06 16:00:00,44.25,99.5,1.9500000000000002,12.8,8.375,21.95,17.5,,,,,,,,,,74.75,0.3,,0.0,0.0,102.75,764.0,
2023-01-06 17:00:00,48.25,116.0,1.8,17.725,10.925,21.05,26.15,,,,,,,,,,76.5,0.3,,0.0,0.0,32.25,764.5,
2023-01-06 18:00:00,58.0,134.0,1.3333333333333333,17.366666666666667,10.266666666666666,21.566666666666666,17.599999999999998,,,,,,,,,,78.66666666666667,0.3,,0.0,0.0,15.0,765.0,
2023-01-06 19:00:00,53.75,111.5,1.4,16.075,9.7,22.05,8.275,,,,,,,,,,80.5,0.3,,0.0,0.0,15.0,766.25,
2023-01-06 20:00:00,51.333333333333336,105.66666666666667,1.1333333333333333,16.466666666666665,9.700000000000001,21.46666666666667,8.466666666666667,,,,,,,,,,81.66666666666667,0.3,,0.0,0.0,15.0,767.3333333333334,
2023-01-06 21:00:00,55.5,112.0,1.725,17.4,10.625,20.75,10.725,,,,,,,,,,81.5,0.3,,0.0,0.0,15.0,768.0,
2023-01-06 22:00:00,59.5,117.75,1.525,17.2,10.375,20.85,10.65,,,,,,,,,,82.0,0.3,,0.0,0.0,15.0,768.0,
2023-01-06 23:00:00,56.0,107.5,1.55,15.95,9.75,21.2,8.8,,,,,,,,,,83.0,0.3,,0.0,0.0,14.75,767.25,
2023-01-07 00:00:00,49.5,102.5,1.5499999999999998,14.425,8.925,21.625,8.950000000000001,,,,,,,,,,83.25,0.3,,0.0,0.0,15.0,766.25,
2023-01-07 01:00:00,46.666666666666664,90.0,1.4666666666666668,12.433333333333332,7.766666666666667,22.166666666666668,9.966666666666667,,,,,,,,,,84.0,0.3,,0.0,0.0,14.666666666666666,765.0,
2023-01-07 02:00:00,44.5,87.0,1.225,10.55,6.6,22.425,10.1,,,,,,,,,,85.0,0.3,,0.0,0.0,14.75,764.0,
2023-01-07 03:00:00,47.0,87.25,1.1,10.4,6.4,22.025,10.9,,,,,,,,,,84.5,0.3,,0.0,0.0,14.75,763.0,
2023-01-07 04:00:00,49.75,80.75,1.2,10.8,6.7,21.975,12.95,,,,,,,,,,84.25,0.3,,0.0,0.0,15.0,763.0,
2023-01-07 05:00:00,49.333333333333336,89.0,1.4000000000000001,12.299999999999999,7.7,21.2,10.866666666666667,,,,,,,,,,86.66666666666667,0.3,,0.0,0.0,14.333333333333334,763.6666666666666,
2023-01-07 06:00:00,49.75,94.25,1.425,13.35,8.275,20.625,7.75,,,,,,,,,,89.25,0.3,,0.0,0.0,17.25,764.75,
2023-01-07 07:00:00,52.75,101.25,1.825,16.825,10.425,19.375,6.625,,,,,,,,,,88.5,0.3,,0.0,0.0,61.0,766.0,
2023-01-07 08:00:00,65.5,132.75,2.175,16.625,10.625,20.275,8.1,,,,,,,,,,87.5,0.3,,0.0,0.0,99.25,767.5,
2023-01-07 09:00:00,67.5,135.25,1.9,13.85,8.9,22.125,7.575,,,,,,,,,,85.5,0.3,,0.0,0.0,113.25,768.75,
2023-01-07 10:00:00,59.25,107.75,1.6,14.0,8.75,21.7,7.333333333333333,,,,,,,,,,87.75,0.3,,0.0,0.0,137.75,768.0,
2023-01-07 11:00:00,56.75,105.25,1.7,14.6,9.15,21.8,11.1,,,,,,,,,,81.25,0.3,,0.0,0.0,248.25,767.75,
2023-01-07 12:00:00,55.25,107.25,1.5,10.85,7.025,23.075,8.4,,,,,,,,,,71.5,0.3,,0.0,0.0,473.75,766.5,
2023-01-07 13:00:00,54.75,103.0,1.8,9.7,6.55,26.4,8.15,,,,,,,,,,71.0,0.3,,0.0,0.0,375.75,764.75,
2023-01-07 14:00:00,60.0,106.0,1.4333333333333333,9.733333333333333,6.366666666666667,29.266666666666666,8.25,,,,,,,,,,70.66666666666667,0.3,,0.0,0.0,370.6666666666667,763.3333333333334,
2023-01-07 15:00:00,65.0,104.0,,6.2,,20.5,122.9,,,,,,,,,,72.0,0.3,,0.0,0.0,219.66666666666666,762.3333333333334,
2023-01-07 16:00:00,62.0,115.0,47.7,13.5,26.05,15.233333333333334,9.8,,,,,,,,,,75.0,0.3,,0.0,0.0,92.25,762.0,
2023-01-07 17:00:00,65.5,120.0,1.125,16.475,9.675,19.0,12.475,,,,,,,,,,78.0,0.3,,0.0,0.0,35.25,762.5,
2023-01-07 18:00:00,74.75,132.0,1.575,15.375,9.45,18.55,2.875,,,,,,,,,,81.75,0.3,,0.0,0.0,15.25,763.5,
2023-01-07 19:00:00,72.0,126.0,1.475,16.375,9.9,17.625,0.925,,,,,,,,,,84.0,0.3,,0.0,0.0,15.0,764.75,
2023-01-07 20:00:00,75.33333333333333,140.66666666666666,1.7333333333333334,19.8,11.933333333333332,15.566666666666665,0.7,,,,,,,,,,85.0,0.3,,0.0,0.0,15.0,766.0,
2023-01-07 21:00:00,76.0,152.0,1.8333333333333333,20.099999999999998,12.166666666666666,15.0,1.0666666666666667,,,,,,,,,,86.0,0.3,,0.0,0.0,15.666666666666666,766.0,
2023-01-07 22:00:00,73.5,148.0,1.5,18.375,11.025,15.275,0.6000000000000001,,,,,,,,,,88.0,0.3,,0.0,0.0,15.0,766.0,
2023-01-07 23:00:00,70.75,148.5,1.525,17.1,10.325,14.95,,,,,,,,,,,89.0,0.3,,0.0,0.0,15.0,765.5,
2023-01-08 00:00:00,76.0,147.5,1.775,16.0,9.975,14.8,0.5,,,,,,,,,,89.0,0.3,,0.0,0.0,15.0,764.75,
2023-01-08 01:00:00,75.25,137.75,1.875,14.2,9.125,15.125,0.75,,,,,,,,,,90.25,0.3,,0.0,0.0,15.0,763.75,
2023-01-08 02:00:00,72.25,131.25,1.55,12.6,7.949999999999999,15.375,1.525,,,,,,,,,,91.75,0.3,,0.0,0.0,15.0,762.75,
2023-01-08 03:00:00,74.5,137.25,1.6,12.175,7.775,15.1,1.225,,,,,,,,,,93.0,0.3,,0.0,0.0,15.0,761.75,
2023-01-08 04:00:00,88.25,157.0,1.925,12.75,8.3,14.425,1.6,,,,,,,,,,93.0,0.3,,0.0,0.0,15.0,762.0,
2023-01-08 05:00:00,88.0,165.0,1.8,12.725,8.25,14.15,1.175,,,,,,,,,,92.75,0.3,,0.0,0.0,15.0,762.25,
2023-01-08 06:00:00,91.0,167.5,1.675,17.625,10.725,12.45,0.925,,,,,,,,,,95.0,0.3,,0.0,0.0,18.5,763.25,
2023-01-08 07:00:00,107.25,209.0,2.2,13.95,9.2,14.075,2.6,,,,,,,,,,95.0,0.3,,0.0,0.0,66.0,764.75,
2023-01-08 08:00:00,101.75,203.0,2.0,15.25,9.75,14.05,4.275,,,,,,,,,,90.0,0.3,,0.0,0.0,168.75,766.25,
2023-01-08 09:00:00,96.33333333333333,193.0,1.9000000000000001,12.9,8.4,15.966666666666669,3.1,,,,,,,,,,83.33333333333333,0.3,,0.0,0.0,294.6666666666667,767.0,
2023-01-08 10:00:00,86.25,172.0,2.275,11.925,8.2,15.925,5.3999999999999995,,,,,,,,,,79.5,0.3,,0.0,0.0,324.25,767.0,
2023-01-08 11:00:00,85.5,168.25,2.7,15.975000000000001,10.65,15.325,23.633333333333336,,,,,,,,,,75.25,0.3,,0.0,0.0,269.5,765.75,
2023-01-08 12:00:00,87.0,166.5,1.875,14.35,9.149999999999999,15.8,17.125,,,,,,,,,,74.25,0.3,,0.0,0.0,240.25,764.0,
2023-01-08 13:00:00,80.75,170.0,1.5,16.1,9.8,15.4,25.450000000000003,,,,,,,,,,75.25,0.3,,0.0,0.0,185.5,762.25,
2023-01-08 14:00:00,87.25,179.25,1.575,20.225,12.05,13.75,33.125,,,,,,,,,,74.25,0.3,,0.0,0.0,165.0,761.25,
2023-01-08 15:00:00,79.0,176.0,1.9000000000000001,15.933333333333332,10.033333333333333,14.966666666666667,17.73333333333333,,,,,,,,,,73.33333333333333,0.3,,0.0,0.0,122.33333333333333,761.0,
2023-01-08 16:00:00,69.75,145.0,1.6,11.8,7.550000000000001,15.3,8.975,,,,,,,,,,73.5,0.3,,0.0,0.0,55.5,761.0,
2023-01-08 17:00:00,61.5,128.75,1.7,11.85,7.675,14.225,13.15,,,,,,,,,,73.0,0.3,,0.0,0.0,31.75,761.5,
2023-01-08 18:00:00,67.5,127.75,1.175,14.725,8.8,12.575,20.925,,,,,,,,,,74.25,0.3,,0.0,0.0,15.0,762.5,
2023-01-08 19:00:00,72.66666666666667,134.66666666666666,1.3666666666666665,16.900000000000002,10.1,11.433333333333332,17.333333333333332,,,,,,,,,,74.33333333333333,0.3,,0.0,0.0,15.0,764.3333333333334,
2023-01-08 20:00:00,74.25,136.5,1.55,19.25,11.5,10.225,13.4,,,,,,,,,,75.25,0.3,,0.0,0.0,15.0,765.5,
2023-01-08 21:00:00,74.25,149.5,1.8250000000000002,21.625,12.975,9.175,11.6,,,,,,,,,,75.5,0.3,,0.0,0.0,15.0,766.0,
2023-01-08 22:00:00,72.0,148.0,1.75,19.65,11.85,9.7,7.4,,,,,,,,,,77.0,0.3,,0.0,0.0,15.0,766.0,
2023-01-08 23:00:00,56.25,119.75,1.775,14.325,9.1,11.25,3.05,,,,,,,,,,76.75,0.3,,0.0,0.0,15.0,765.5,
2023-01-09 00:00:00,48.0,90.33333333333333,1.7333333333333332,13.200000000000001,8.5,11.166666666666666,5.033333333333333,,,,,,,,,,77.66666666666667,0.3,,0.0,0.0,15.0,765.0,
2023-01-09 01:00:00,45.0,88.33333333333333,1.7333333333333334,13.233333333333334,8.4,10.866666666666667,6.766666666666667,,,,,,,,,,77.33333333333333,0.3,,0.0,0.0,15.0,764.0,
2023-01-09 02:00:00,51.333333333333336,101.0,1.4000000000000001,12.266666666666666,7.666666666666667,11.1,7.233333333333333,,,,,,,,,,79.33333333333333,0.3,,0.0,0.0,15.0,763.0,
2023-01-09 03:00:00,51.25,96.25,1.675,11.9,7.7,11.1,6.225,,,,,,,,,,80.25,0.3,,0.0,0.0,15.0,763.0,
2023-01-09 04:00:00,45.666666666666664,89.0,1.4333333333333333,9.700000000000001,6.366666666666667,11.9,2.9333333333333336,,,,,,,,,,84.0,0.3,,0.0,0.0,15.0,763.6666666666666,
2023-01-09 05:00:00,39.0,79.0,1.7333333333333334,10.700000000000001,7.1000000000000005,11.233333333333334,1.5999999999999999,,,,,,,,,,86.66666666666667,0.3,,0.0,0.0,15.0,764.3333333333334,
2023-01-09 06:00:00,68.66666666666667,138.66666666666666,2.1,18.833333333333332,11.733333333333334,8.299999999999999,3.6666666666666665,,,,,,,,,,88.33333333333333,0.3,,0.0,0.0,20.666666666666668,765.3333333333334,
2023-01-09 07:00:00,82.25,176.0,3.875,23.65,15.7,6.85,8.35,,,,,,,,,,85.0,0.3,,0.0,0.0,109.0,767.0,
2023-01-09 08:00:00,87.25,181.0,4.3,22.875,15.65,7.6,11.85,,,,,,,,,,74.25,0.3,,0.0,0.0,250.0,769.5,
2023-01-09 09:00:00,82.0,178.0,3.0666666666666664,17.933333333333334,12.033333333333333,10.366666666666667,14.266666666666667,,,,,,,,,,65.33333333333333,0.3,,0.0,0.0,368.0,770.0,
2023-01-09 10:00:00,49.666666666666664,111.0,1.8666666666666665,11.633333333333333,7.733333333333333,12.133333333333333,4.85,,,,,,,,,,61.333333333333336,0.3,,0.0,0.0,470.0,769.6666666666666,
2023-01-09 11:00:00,46.5,88.0,1.5,9.85,6.5,13.2,2.3499999999999996,,,,,,,,,,61.0,0.3,,0.0,0.0,509.5,768.5,
2023-01-09 12:00:00,41.333333333333336,77.0,1.6333333333333335,9.566666666666666,6.433333333333334,12.366666666666667,2.466666666666667,,,,,,,,,,60.666666666666664,0.3,,0.0,0.0,517.6666666666666,767.0,
2023-01-09 13:00:00,40.333333333333336,90.33333333333333,2.05,10.6,7.300000000000001,12.5,5.266666666666667,,,,,,,,,,59.666666666666664,0.3,,0.0,0.0,471.0,765.3333333333334,
2023-01-09 14:00:00,46.0,98.33333333333333,1.3,12.5,7.7,12.233333333333334,11.066666666666668,,,,,,,,,,60.333333333333336,0.3,,0.0,0.0,332.0,764.0,
2023-01-09 15:00:00,55.666666666666664,115.33333333333333,2.2666666666666666,15.233333333333334,9.9,12.333333333333334,18.166666666666668,,,,,,,,,,62.666666666666664,0.3,,0.0,0.0,197.66666666666666,763.6666666666666,
2023-01-09 16:00:00,53.75,127.0,2.066666666666667,15.766666666666666,10.1,12.9,14.4,,,,,,,,,,63.75,0.3,,0.0,0.0,138.25,764.0,
2023-01-09 17:00:00,48.5,122.0,1.475,15.175,9.275,12.95,7.7749999999999995,,,,,,,,,,66.25,0.3,,0.0,0.0,42.75,764.0,
2023-01-09 18:00:00,45.25,117.75,1.475,15.5,9.45,12.375,2.675,,,,,,,,,,70.75,0.3,,0.0,0.0,15.5,764.25,
2023-01-09 19:00:00,49.25,122.5,1.475,18.175,10.875,11.675,1.475,,,,,,,,,,76.0,0.3,,0.0,0.0,15.75,765.75,
2023-01-09 20:00:00,50.25,121.0,1.8,19.275,11.725,10.925,1.05,,,,,,,,,,77.5,0.3,,0.0,0.0,15.75,766.75,
2023-01-09 21:00:00,53.75,124.25,1.6,21.2,12.6,9.95,0.65,,,,,,,,,,78.75,0.3,,0.0,0.0,15.25,767.5,
2023-01-09 22:00:00,61.75,133.75,1.75,21.775,13.0,9.625,1.2,,,,,,,,,,78.25,0.3,,0.0,0.0,15.25,767.0,
2023-01-09 23:00:00,61.25,132.5,1.3250000000000002,23.25,13.45,8.825,1.325,,,,,,,,,,79.0,0.3,,0.0,0.0,15.25,766.25,
2023-01-10 00:00:00,63.25,131.5,1.8250000000000002,20.45,12.375,9.35,2.15,,,,,,,,,,82.0,0.3,,0.0,0.0,15.5,766.0,
2023-01-10 01:00:00,67.0,135.5,2.2,15.6,10.075,10.575,4.175,,,,,,,,,,82.75,0.3,,0.0,0.0,15.5,765.5,
2023-01-10 02:00:00,64.5,139.0,1.8,15.075,9.475,10.625,7.824999999999999,,,,,,,,,,83.0,0.3,,0.0,0.0,15.0,764.75,
2023-01-10 03:00:00,55.75,123.5,1.9,12.475,8.175,11.425,6.55,,,,,,,,,,82.5,0.3,,0.0,0.0,15.25,764.0,
2023-01-10 04:00:00,55.0,115.5,1.15,12.3,7.45,11.475,4.4,,,,,,,,,,82.5,0.3,,0.0,0.0,15.25,763.75,
2023-01-10 05:00:00,65.25,127.0,1.4,14.075,8.65,10.7,9.6,,,,,,,,,,83.75,0.3,,0.0,0.0,15.0,764.5,
2023-01-10 06:00:00,68.0,137.0,2.65,17.425,11.425,16.2,10.45,,,,,,,,,,84.0,0.3,,0.0,0.0,15.5,765.25,
2023-01-10 07:00:00,66.5,133.75,1.65,19.325,11.675,11.275,12.125,,,,,,,,,,82.0,0.3,,0.0,0.0,87.0,766.5,
2023-01-10 08:00:00,72.75,148.5,3.075,19.1,12.675,9.275,18.75,,,,,,,,,,76.75,0.3,,0.0,0.0,228.5,768.0,
2023-01-10 09:00:00,75.5,164.25,2.525,17.925,11.6,11.25,15.975,,,,,,,,,,72.5,0.3,,0.0,0.0,362.75,769.0,
2023-01-10 10:00:00,64.5,145.5,2.725,15.05,10.2,12.125,15.933333333333332,,,,,,,,,,68.0,0.3,,0.0,0.0,424.75,768.5,
2023-01-10 11:00:00,55.0,125.5,2.825,16.175,10.924999999999999,17.825,26.733333333333334,,,,,,,,,,67.0,0.3,,0.0,0.0,447.5,767.0,
2023-01-10 12:00:00,,,,,,,,,,,,,,,,,,,,,0.0,,,
2023-01-10 13:00:00,,,,,,,,,,,,,,,,,,,,,0.0,,,
2023-01-10 14:00:00,,,,,,,,,,,,,,,,,,,,,0.0,,,
2023-01-10 15:00:00,58.0,133.0,,,,,,,,,,,,,,,,,,,0.0,,,
2023-01-10 16:00:00,56.5,135.25,0.6,16.0,9.0,10.3,16.1,,,,,,,,,,66.25,0.3,,0.0,0.0,166.75,762.25,
2023-01-10 17:00:00,51.0,134.75,1.45,17.8,10.65,12.7,13.1,,,,,,,,,,69.5,0.3,,0.0,0.0,46.5,762.5,
2023-01-10 18:00:00,46.0,109.25,1.25,15.65,9.375,14.575,3.8,,,,,,,,,,73.5,0.3,,0.0,0.0,16.25,763.25,
2023-01-10 19:00:00,42.666666666666664,103.75,1.575,18.7,11.225,12.6,2.625,,,,,,,,,,75.5,0.3,,0.0,0.0,16.0,764.25,
2023-01-10 20:00:00,51.0,121.0,0.975,21.7,12.325000000000001,11.65,4.025,,,,,,,,,,76.75,0.3,,0.0,0.0,16.0,765.5,
2023-01-10 21:00:00,57.333333333333336,122.0,2.025,20.6,12.6,11.875,3.5,,,,,,,,,,78.5,0.3,,0.0,0.0,15.75,766.0,
2023-01-10 22:00:00,59.333333333333336,123.0,1.5,19.175,11.45,12.375,1.3,,,,,,,,,,81.25,0.3,,0.0,0.0,15.75,765.75,
2023-01-10 23:00:00,63.0,119.75,1.8,18.0,11.05,12.1,1.825,,,,,,,,,,84.0,0.3,,0.0,0.0,15.0,764.75,
2023-01-11 00:00:00,67.0,128.0,1.375,18.975,11.2,11.575,2.05,,,,,,,,,,85.5,0.3,,0.0,0.0,15.0,763.75,
2023-01-11 01:00:00,72.66666666666667,130.33333333333334,1.2333333333333334,17.366666666666667,10.266666666666667,12.033333333333333,5.266666666666667,,,,,,,,,,86.0,0.3,,0.0,0.0,15.0,762.3333333333334,
2023-01-11 02:00:00,70.0,126.75,1.15,13.1,7.925,13.275,6.824999999999999,,,,,,,,,,85.25,0.3,,0.0,0.0,15.0,761.0,
2023-01-11 03:00:00,51.25,99.0,0.875,12.575,7.375,13.075,4.275,,,,,,,,,,85.0,0.3,,0.0,0.0,15.25,760.25,
2023-01-11 04:00:00,49.5,92.25,1.3,16.275,9.725,11.125,3.325,,,,,,,,,,85.0,0.3,,0.0,0.0,15.0,760.0,
2023-01-11 05:00:00,50.5,100.25,2.6,18.85,12.15,10.2,3.225,,,,,,,,,,85.0,0.3,,0.0,0.0,15.75,760.75,
2023-01-11 06:00:00,51.5,108.25,1.425,21.825,12.775,8.95,4.525,,,,,,,,,,85.25,0.3,,0.0,0.0,21.0,762.5,
2023-01-11 07:00:00,60.25,123.75,2.575,20.125,12.75,9.825,4.625,,,,,,,,,,82.75,0.3,,0.0,0.0,98.5,764.0,
2023-01-11 08:00:00,65.5,138.75,2.575,22.125,13.85,9.225,6.525,,,,,,,,,,78.25,0.3,,0.0,0.0,238.75,765.75,
2023-01-11 09:00:00,66.5,150.75,2.15,16.225,10.375,12.575,4.75,,,,,,,,,,74.0,0.3,,0.0,0.0,367.25,766.0,
2023-01-11 10:00:00,59.0,131.0,2.05,15.6,9.95,12.4,14.6,,,,,,,,,,71.75,0.3,,0.0,0.0,375.0,766.0,
2023-01-11 11:00:00,66.0,139.5,1.525,13.2,8.25,14.6,7.633333333333333,,,,,,,,,,66.5,0.3,,0.0,0.0,514.25,765.25,
2023-01-11 12:00:00,56.5,111.5,1.5,10.525,6.825,13.775,6.575,,,,,,,,,,63.0,0.3,,0.0,0.0,526.25,763.5,
2023-01-11 13:00:00,46.0,84.0,2.25,9.0,6.6,14.5,7.475,,,,,,,,,,62.5,0.3,,0.0,0.0,518.5,761.5,
2023-01-11 14:00:00,43.5,76.25,1.5,9.225,6.125,13.35,6.1,,,,,,,,,,62.5,0.3,,0.0,0.0,442.0,760.25,
2023-01-11 15:00:00,37.0,79.0,2.25,9.65,6.975,12.775,7.6,,,,,,,,,,63.75,0.3,,0.0,0.0,285.5,759.0,
2023-01-11 16:00:00,43.75,108.25,2.15,14.65,9.55,16.75,17.45,,,,,,,,,,67.25,0.3,,0.0,0.0,153.75,759.0,
2023-01-11 17:00:00,53.75,122.0,1.5666666666666667,17.599999999999998,10.35,14.875,15.825,,,,,,,,,,72.25,0.3,,0.0,0.0,46.75,759.0,
2023-01-11 18:00:00,49.0,111.0,1.075,15.75,9.275,12.925,5.5,,,,,,,,,,78.25,0.3,,0.0,0.0,15.75,759.5,
2023-01-11 19:00:00,49.0,97.75,1.75,16.2,10.05,12.725,3.225,,,,,,,,,,81.75,0.3,,0.0,0.0,15.0,760.5,
2023-01-11 20:00:00,59.5,106.0,1.6,17.775,10.775,11.975,1.775,,,,,,,,,,83.0,0.3,,0.0,0.0,15.5,762.0,
2023-01-11 21:00:00,63.75,118.25,1.975,20.55,12.524999999999999,10.625,2.1500000000000004,,,,,,,,,,83.0,0.3,,0.0,0.0,15.75,763.0,
2023-01-11 22:00:00,63.25,131.25,2.025,24.05,14.399999999999999,9.2,3.625,,,,,,,,,,83.0,0.3,,0.0,0.0,15.0,762.75,
2023-01-11 23:00:00,61.5,135.25,2.3,22.575,13.899999999999999,9.775,3.325,,,,,,,,,,83.0,0.3,,0.0,0.0,15.0,762.0,
2023-01-12 00:00:00,54.25,117.75,1.925,18.75,11.575,10.875,2.4,,,,,,,,,,85.5,0.3,,0.0,0.0,15.0,761.75,
2023-01-12 01:00:00,57.0,114.5,2.05,12.5,8.325,13.025,4.1,,,,,,,,,,83.75,0.3,,0.0,0.0,15.0,761.0,
2023-01-12 02:00:00,57.75,101.25,1.525,11.35,7.3,12.95,3.7750000000000004,,,,,,,,,,83.5,0.3,,0.0,0.0,15.0,760.0,
2023-01-12 03:00:00,42.0,83.0,1.775,10.625,7.1,13.075,3.8249999999999997,,,,,,,,,,83.5,0.3,,0.0,0.0,15.0,759.0,
2023-01-12 04:00:00,41.0,79.0,1.4500000000000002,11.875,7.525,12.25,1.8,,,,,,,,,,85.25,0.3,,0.0,0.0,15.0,759.0,
2023-01-12 05:00:00,40.5,82.0,5.2,23.225,16.6,5.875,1.175,,,,,,,,,,86.25,0.3,,0.0,0.0,15.0,759.5,
2023-01-12 06:00:00,49.25,105.5,13.15,32.15,27.8,0.7,13.55,,,,,,,,,,87.0,0.3,,0.0,0.0,20.25,760.5,
2023-01-12 07:00:00,53.5,121.75,8.35,28.275,21.825,6.675,50.6,,,,,,,,,,82.0,0.3,,0.0,0.0,108.0,762.0,
2023-01-12 08:00:00,57.75,125.75,6.175,26.225,18.975,8.775,11.425,,,,,,,,,,75.25,0.3,,0.0,0.0,251.25,763.75,
2023-01-12 09:00:00,60.75,129.75,3.475,20.4,13.65,12.425,8.4,,,,,,,,,,70.75,0.3,,0.0,0.0,384.75,764.25,
2023-01-12 10:00:00,45.0,99.75,1.9,14.975,9.525,13.4,8.133333333333333,,,,,,,,,,67.5,0.3,,0.0,0.0,462.75,764.5,
2023-01-12 11:00:00,45.75,102.0,2.25,13.325,8.925,13.775,13.4,,,,,,,,,,63.0,0.3,,0.0,0.0,530.0,763.25,
2023-01-12 12:00:00,46.75,98.5,1.3,12.45,7.675,13.375,8.65,,,,,,,,,,61.0,0.3,,0.0,0.0,547.75,761.5,
2023-01-12 13:00:00,43.5,88.5,2.2,14.1,8.4,13.2,12.45,,,,,,,,,,61.25,0.3,,0.0,0.0,513.5,759.5,
2023-01-12 14:00:00,44.75,94.0,1.175,15.0,8.925,12.825,13.225,,,,,,,,,,62.0,0.3,,0.0,0.0,437.0,758.0,
2023-01-12 15:00:00,45.5,110.5,2.875,17.75,11.75,17.35,14.675,,,,,,,,,,63.25,0.3,,0.0,0.0,323.5,757.0,
2023-01-12 16:00:00,49.0,123.0,1.625,17.75,10.75,13.75,7.975,,,,,,,,,,65.25,0.3,,0.0,0.0,186.25,757.0,
2023-01-12 17:00:00,44.75,114.25,1.9,15.825,9.975,14.325000000000001,2.5999999999999996,,,,,,,,,,70.75,0.3,,0.0,0.0,43.75,757.0,
2023-01-12 18:00:00,42.25,94.5,1.775,17.0,10.5,14.75,1.1,,,,,,,,,,75.5,0.3,,0.0,0.0,15.75,757.75,
2023-01-12 19:00:00,43.25,87.25,1.1333333333333333,17.625,10.075,13.425,1.1,,,,,,,,,,77.5,0.3,,0.0,0.0,15.0,759.5,
2023-01-12 20:00:00,37.25,88.75,1.25,18.875,11.075,11.8,0.6333333333333333,,,,,,,,,,77.75,0.3,,0.0,0.0,15.25,761.0,
2023-01-12 21:00:00,43.0,90.0,1.475,20.475,12.125,11.075000000000001,,,,,,,,,,,77.25,0.3,,0.0,0.0,15.0,761.5,
2023-01-12 22:00:00,39.0,84.0,1.75,18.95,11.525,11.025,0.675,,,,,,,,,,77.25,0.3,,0.0,0.0,15.25,761.0,
2023-01-12 23:00:00,36.0,71.5,1.6,14.475,8.975,12.625,1.175,,,,,,,,,,78.0,0.3,,0.0,0.0,15.0,760.75,
2023-01-13 00:00:00,35.5,65.75,4.55,17.525,13.025,9.325000000000001,1.825,,,,,,,,,,80.5,0.3,,0.0,0.0,15.0,760.0,
2023-01-13 01:00:00,48.0,114.5,23.475,30.125,35.125,,21.875,,,,,,,,,,84.5,0.3,,0.0,0.0,15.0,759.25,
2023-01-13 02:00:00,85.75,199.0,10.925,28.15,23.85,6.075,46.475,,,,,,,,,,86.0,0.3,,0.0,0.0,15.0,758.0,
2023-01-13 03:00:00,68.0,135.25,7.725,24.9,19.55,9.95,17.125,,,,,,,,,,87.0,0.3,,0.0,0.0,15.0,758.0,
2023-01-13 04:00:00,52.0,110.0,6.9,20.35,16.475,12.125,8.45,,,,,,,,,,87.25,0.3,,0.0,0.0,15.0,758.0,
2023-01-13 05:00:00,51.5,100.75,7.475,28.025,20.975,7.975,14.9,,,,,,,,,,87.25,0.3,,0.0,0.0,15.0,758.75,
2023-01-13 06:00:00,60.0,118.5,20.125,27.275,30.85,6.0,33.15,,,,,,,,,,88.25,0.3,,0.0,0.0,20.0,760.5,
2023-01-13 07:00:00,62.75,126.25,14.85,28.825,27.4,5.6,29.900000000000002,,,,,,,,,,84.75,0.3,,0.0,0.0,106.75,762.25,
2023-01-13 08:00:00,59.25,141.25,11.325,23.75,21.849999999999998,10.6,20.525,,,,,,,,,,76.75,0.3,,0.0,0.0,241.25,764.5,
2023-01-13 09:00:00,52.0,126.75,6.725,22.9,17.675,12.725,17.55,,,,,,,,,,69.75,0.3,,0.0,0.0,316.0,765.5,
2023-01-13 10:00:00,52.0,106.0,2.6500000000000004,19.45,12.475,14.0,9.4,,,,,,,,,,65.5,0.3,,0.0,0.0,467.0,765.0,
2023-01-13 11:00:00,40.0,71.5,1.65,12.125,7.775,15.0,3.1999999999999997,,,,,,,,,,63.75,0.3,,0.0,0.0,486.5,764.5,
2023-01-13 12:00:00,30.0,66.5,1.475,10.375,6.7,13.15,2.6,,,,,,,,,,64.25,0.3,,0.0,0.0,489.25,762.5,
2023-01-13 13:00:00,29.25,62.0,1.4500000000000002,10.3,6.65,13.350000000000001,2.5,,,,,,,,,,63.5,0.3,,0.0,0.0,485.5,761.0,
2023-01-13 14:00:00,32.5,53.75,1.175,10.375,6.5,13.1,2.975,,,,,,,,,,62.0,0.3,,0.0,0.0,403.75,759.25,
2023-01-13 15:00:00,24.75,56.0,1.425,11.675,7.35,12.775,5.325,,,,,,,,,,62.25,0.3,,0.0,0.0,312.25,758.25,
2023-01-13 16:00:00,33.5,61.5,1.725,14.825,9.275,12.925,8.475,,,,,,,,,,64.0,0.3,,0.0,0.0,195.5,758.75,
2023-01-13 17:00:00,35.0,78.0,1.2666666666666666,13.833333333333334,8.366666666666667,12.9,6.733333333333333,,,,,,,,,,65.66666666666667,0.3,,0.0,0.0,58.0,759.0,
2023-01-13 18:00:00,33.5,67.75,1.6,15.825,9.7,11.975000000000001,1.425,,,,,,,,,,70.25,0.3,,0.0,0.0,15.5,759.5,
2023-01-13 19:00:00,36.75,81.25,1.9,20.0,12.200000000000001,10.875,1.85,,,,,,,,,,73.0,0.3,,0.0,0.0,15.75,761.0,
2023-01-13 20:00:00,43.25,99.0,1.5750000000000002,23.3,13.675,9.75,1.975,,,,,,,,,,73.0,0.3,,0.0,0.0,15.75,762.75,
2023-01-13 21:00:00,46.0,99.66666666666667,2.0,25.3,15.1,8.633333333333333,1.9000000000000001,,,,,,,,,,74.33333333333333,0.3,,0.0,0.0,15.666666666666666,763.0,
2023-01-13 22:00:00,43.5,88.75,2.225,25.575000000000003,15.4,8.0,0.65,,,,,,,,,,76.0,0.3,,0.0,0.0,16.0,763.0,
2023-01-13 23:00:00,38.5,79.75,2.125,17.875,11.200000000000001,10.55,0.43333333333333335,,,,,,,,,,76.0,0.3,,0.0,0.0,15.75,762.25,
2023-01-14 00:00:00,25.0,49.0,1.4,11.05,7.025,12.725,0.6499999999999999,,,,,,,,,,73.75,0.3,,0.0,0.0,15.75,761.5,
2023-01-14 01:00:00,15.25,33.0,1.3,9.825,6.275,12.575,0.775,,,,,,,,,,74.0,0.3,,0.0,0.0,15.75,760.75,
2023-01-14 02:00:00,14.5,42.5,3.125,16.7,11.425,8.9,0.35,,,,,,,,,,75.25,0.3,,0.0,0.0,16.0,759.75,
2023-01-14 03:00:00,36.0,89.25,22.35,26.125,32.05,3.8,11.0,,,,,,,,,,81.75,0.3,,0.0,0.0,15.75,759.25,
2023-01-14 04:00:00,93.0,215.75,15.825,26.625,27.0,4.733333333333333,27.6,,,,,,,,,,84.25,0.3,,0.0,0.0,15.75,759.25,
2023-01-14 05:00:00,126.25,297.25,22.925,32.55,35.95,1.2,88.25,,,,,,,,,,84.5,0.3,,0.0,0.0,16.0,760.25,
2023-01-14 06:00:00,178.0,402.5,34.05,34.925,46.275,,49.475,,,,,,,,,,86.5,0.3,,0.0,0.0,18.25,761.5,
2023-01-14 07:00:00,227.75,562.25,41.775000000000006,40.275,55.375,,20.675,,,,,,,,,,87.0,0.3,,0.0,0.0,49.25,762.5,
2023-01-14 08:00:00,341.25,857.0,39.025,52.775,59.8,6.55,21.475,,,,,,,,,,80.0,0.3,,0.0,0.0,163.5,764.5,
2023-01-14 09:00:00,396.0,,17.975,32.325,31.775000000000002,26.65,20.35,,,,,,,,,,66.75,0.3,,0.0,0.0,276.5,765.0,
2023-01-14 10:00:00,83.0,103.0,4.2,24.933333333333334,16.7,19.96666666666667,9.3,,,,,,,,,,63.0,0.3,,0.0,0.0,422.0,764.6666666666666,
2023-01-14 11:00:00,75.0,99.75,2.05,17.975,11.225,16.599999999999998,5.633333333333333,,,,,,,,,,62.25,0.3,,0.0,0.0,509.25,763.25,
2023-01-14 12:00:00,49.5,87.0,1.85,13.7,8.775,14.1,5.375,,,,,,,,,,62.5,0.3,,0.0,0.0,558.25,761.5,
2023-01-14 13:00:00,40.75,72.5,1.7000000000000002,12.95,8.3,13.149999999999999,6.0,,,,,,,,,,62.0,0.3,,0.0,0.0,533.0,759.5,
2023-01-14 14:00:00,28.25,55.0,2.05,13.5,8.85,12.225,7.225,,,,,,,,,,62.0,0.3,,0.0,0.0,450.25,758.0,
2023-01-14 15:00:00,29.75,53.75,2.375,14.0,9.375,12.15,11.275,,,,,,,,,,64.5,0.3,,0.0,0.0,278.75,757.25,
2023-01-14 16:00:00,29.75,57.75,1.95,14.5,9.3,12.024999999999999,10.325,,,,,,,,,,67.25,0.3,,0.0,0.0,85.75,757.0,
2023-01-14 17:00:00,24.5,53.25,1.65,15.025,9.35,11.9,5.675,,,,,,,,,,69.75,0.3,,0.0,0.0,36.5,757.75,
2023-01-14 18:00:00,28.5,55.75,1.8250000000000002,16.15,10.075,10.9,2.0,,,,,,,,,,71.5,0.3,,0.0,0.0,16.0,758.5,
2023-01-14 19:00:00,25.75,64.0,1.4,17.8,10.625,10.725,0.9,,,,,,,,,,72.75,0.3,,0.0,0.0,15.75,760.0,
2023-01-14 20:00:00,22.75,49.5,1.5499999999999998,19.45,11.6,10.1,1.025,,,,,,,,,,73.5,0.3,,0.0,0.0,16.0,761.25,
2023-01-14 21:00:00,24.0,57.5,1.5,18.425,11.05,10.45,0.625,,,,,,,,,,75.25,0.3,,0.0,0.0,16.0,762.0,
2023-01-14 22:00:00,22.75,52.5,1.85,18.525,11.35,10.0,1.85,,,,,,,,,,77.5,0.3,,0.0,0.0,16.0,762.0,
2023-01-14 23:00:00,27.75,58.0,1.9,15.8,9.95,10.475,2.25,,,,,,,,,,78.0,0.3,,0.0,0.0,16.0,761.0,
2023-01-15 00:00:00,27.25,49.0,1.375,14.15,8.65,10.925,2.05,,,,,,,,,,79.75,0.3,,0.0,0.0,16.0,760.0,
2023-01-15 01:00:00,27.25,43.5,2.35,19.0,12.0,8.5,1.675,,,,,,,,,,82.0,0.3,,0.0,0.0,16.0,759.0,
2023-01-15 02:00:00,24.25,55.25,3.55,18.15,12.55,8.6,1.8,,,,,,,,,,83.0,0.3,,0.0,0.0,16.0,758.0,
2023-01-15 03:00:00,30.0,72.75,17.0,21.575,25.325,2.9666666666666663,3.2750000000000004,,,,,,,,,,86.25,0.3,,0.0,0.0,15.75,757.75,
2023-01-15 04:00:00,54.25,114.5,13.45,22.05,22.675,5.5,4.625,,,,,,,,,,88.75,0.3,,0.0,0.0,15.75,757.75,
2023-01-15 05:00:00,57.5,122.25,18.225,20.9,25.95,5.0,5.175,,,,,,,,,,89.0,0.3,,0.0,0.0,16.0,758.5,
2023-01-15 06:00:00,62.25,133.5,20.0,22.625,28.275,5.375,5.075,,,,,,,,,,88.0,0.3,,0.0,0.0,20.0,759.5,
2023-01-15 07:00:00,55.0,119.75,24.6,24.65,33.125,4.225,6.2,,,,,,,,,,85.5,0.3,,0.0,0.0,97.75,761.0,
2023-01-15 08:00:00,56.5,146.0,17.425,21.225,25.425,10.775,10.525,,,,,,,,,,74.75,0.3,,0.0,0.0,253.25,763.5,
2023-01-15 09:00:00,48.5,76.0,9.2,17.875,17.025,15.4,10.175,,,,,,,,,,68.75,0.3,,0.0,0.0,347.5,764.0,
2023-01-15 10:00:00,39.5,74.75,4.675,19.225,14.025,13.075,8.066666666666666,,,,,,,,,,67.75,0.3,,0.0,0.0,339.75,763.5,
2023-01-15 11:00:00,40.75,67.5,2.5,13.025,8.975,14.0,6.833333333333333,,,,,,,,,,64.25,0.3,,0.0,0.0,501.25,762.0,
2023-01-15 12:00:00,29.75,56.25,1.35,10.225,6.525,13.05,5.175,,,,,,,,,,64.25,0.3,,0.0,0.0,572.25,760.5,
2023-01-15 13:00:00,27.25,52.25,0.5,10.45,5.949999999999999,12.95,5.95,,,,,,,,,,65.0,0.3,,0.0,0.0,539.25,758.5,
2023-01-15 14:00:00,27.75,42.75,1.45,8.5,5.725,12.725,6.85,,,,,,,,,,65.0,0.3,,0.0,0.0,469.25,757.25,
2023-01-15 15:00:00,18.0,30.25,1.325,7.8,5.225,12.6,6.325,,,,,,,,,,66.75,0.3,,0.0,0.0,349.75,757.0,
2023-01-15 16:00:00,19.75,33.75,1.5,7.2,5.025,13.0,3.3,,,,,,,,,,68.75,0.3,,0.0,0.0,183.75,757.0,
2023-01-15 17:00:00,24.75,41.75,1.475,7.05,4.95,12.8,1.9,,,,,,,,,,71.5,0.3,,0.0,0.0,49.25,757.5,
2023-01-15 18:00:00,24.75,40.25,1.475,8.2,5.55,12.225,0.55,,,,,,,,,,72.75,0.3,,0.0,0.0,16.5,758.0,
2023-01-15 19:00:00,27.75,39.5,1.175,11.0,6.8,11.45,,,,,,,,,,,73.0,0.3,,0.0,0.0,16.0,759.5,
2023-01-15 20:00:00,26.75,46.0,1.25,12.025,7.425000000000001,10.775,0.925,,,,,,,,,,73.75,0.3,,0.0,0.0,16.0,760.75,
2023-01-15 21:00:00,20.25,54.0,1.2999999999999998,14.725,8.9,9.7,0.725,,,,,,,,,,75.25,0.3,,0.0,0.0,16.0,761.0,
2023-01-15 22:00:00,29.25,60.0,1.425,15.75,9.55,9.475,0.375,,,,,,,,,,76.0,0.3,,0.0,0.0,16.0,761.25,
2023-01-15 23:00:00,27.0,56.25,1.725,11.35,7.475,11.1,0.3,,,,,,,,,,75.75,0.3,,0.0,0.0,16.0,761.0,
2023-01-16 00:00:00,25.25,44.25,1.225,10.025,6.3,11.3,0.1,,,,,,,,,,76.25,0.3,,0.0,0.0,16.0,760.5,
2023-01-16 01:00:00,20.25,39.5,1.275,7.324999999999999,4.95,11.925,0.1,,,,,,,,,,75.75,0.3,,0.0,0.0,16.0,759.5,
2023-01-16 02:00:00,22.0,34.5,2.425,11.975,8.325,9.825,,,,,,,,,,,78.0,0.3,,0.0,0.0,16.0,758.0,
2023-01-16 03:00:00,27.5,52.25,9.175,22.6,19.45,2.9,0.1,,,,,,,,,,81.75,0.3,,0.0,0.0,16.0,757.5,
2023-01-16 04:00:00,38.0,85.75,9.625,20.225,18.6,5.325,1.1,,,,,,,,,,86.0,0.3,,0.0,0.0,16.0,758.0,
2023-01-16 05:00:00,45.333333333333336,86.33333333333333,10.733333333333334,17.133333333333336,17.833333333333332,7.466666666666666,1.5,,,,,,,,,,89.33333333333333,0.3,,0.0,0.0,16.0,758.6666666666666,
2023-01-16 06:00:00,42.75,74.75,13.274999999999999,17.2,19.925,6.825,0.525,,,,,,,,,,89.5,0.3,,0.0,0.0,22.5,760.0,
2023-01-16 07:00:00,41.75,84.5,9.225,14.775,15.375,10.775,0.7,,,,,,,,,,84.25,0.3,,0.0,0.0,114.0,762.0,
2023-01-16 08:00:00,32.5,80.75,7.8,13.275,13.425,11.475,3.075,,,,,,,,,,76.0,0.3,,0.0,0.0,259.0,764.0,
2023-01-16 09:00:00,35.5,84.5,5.35,14.125,11.875,11.95,15.75,,,,,,,,,,69.0,0.3,,0.0,0.0,393.5,765.0,
2023-01-16 10:00:00,40.0,89.0,1.7333333333333334,14.233333333333334,8.966666666666667,12.966666666666667,14.033333333333331,,,,,,,,,,65.0,0.3,,0.0,0.0,492.0,765.0,
2023-01-16 11:00:00,36.5,68.25,2.1,12.2,8.2,13.7,15.4,,,,,,,,,,63.75,0.3,,0.0,0.0,556.75,763.5,
2023-01-16 12:00:00,36.25,72.0,2.025,13.35,8.775,11.7,19.825,,,,,,,,,,64.5,0.3,,0.0,0.0,548.25,762.5,
2023-01-16 13:00:00,37.75,82.25,2.5,11.15,8.0,13.05,11.4,,,,,,,,,,64.5,0.3,,0.0,0.0,535.0,760.75,
2023-01-16 14:00:00,28.5,54.25,1.275,8.35,5.475,12.8,4.9,,,,,,,,,,62.25,0.3,,0.0,0.0,466.0,759.5,
2023-01-16 15:00:00,21.5,41.75,1.55,7.15,5.075,12.825,1.675,,,,,,,,,,63.75,0.3,,0.0,0.0,346.25,759.0,
2023-01-16 16:00:00,24.5,46.5,1.35,6.975,4.75,12.875,1.625,,,,,,,,,,66.25,0.3,,0.0,0.0,194.0,759.0,
2023-01-16 17:00:00,30.0,47.5,1.75,6.625,4.925,12.75,1.7999999999999998,,,,,,,,,,70.75,0.3,,0.0,0.0,48.0,759.0,
2023-01-16 18:00:00,32.0,55.25,2.05,7.425,5.6,12.425,0.5666666666666667,,,,,,,,,,73.75,0.3,,0.0,0.0,16.5,760.0,
2023-01-16 19:00:00,30.25,58.25,1.85,10.275,6.95,11.425,0.25,,,,,,,,,,75.0,0.3,,0.0,0.0,16.0,761.5,
2023-01-16 20:00:00,33.5,64.0,1.575,12.775,8.075,10.75,0.1,,,,,,,,,,76.0,0.3,,0.0,0.0,16.0,763.0,
2023-01-16 21:00:00,30.75,60.25,1.45,13.125,8.15,10.600000000000001,0.55,,,,,,,,,,76.0,0.3,,0.0,0.0,16.0,763.0,
2023-01-16 22:00:00,27.75,56.0,1.4,14.175,8.65,10.025,1.975,,,,,,,,,,77.25,0.3,,0.0,0.0,16.0,763.0,
2023-01-16 23:00:00,27.75,46.5,1.85,10.725,7.225,10.975,2.25,,,,,,,,,,78.5,0.3,,0.0,0.0,15.75,762.5,
2023-01-17 00:00:00,20.5,35.0,1.725,8.125,5.725,11.475,0.8,,,,,,,,,,78.75,0.3,,0.0,0.0,15.5,761.5,
2023-01-17 01:00:00,19.5,29.75,1.3,6.525,4.55,11.8,1.325,,,,,,,,,,78.75,0.3,,0.0,0.0,15.25,759.75,
2023-01-17 02:00:00,20.5,25.25,1.95,10.725000000000001,7.275,9.6,0.575,,,,,,,,,,81.0,0.3,,0.0,0.0,16.0,758.25,
2023-01-17 03:00:00,23.75,48.0,4.025,16.3,11.95,7.0,0.525,,,,,,,,,,86.5,0.3,,0.0,0.0,15.75,758.0,
2023-01-17 04:00:00,39.5,93.75,7.15,17.8,15.275,5.45,1.325,,,,,,,,,,88.25,0.3,,0.0,0.0,15.0,758.0,
2023-01-17 05:00:00,43.0,88.5,12.149999999999999,19.2,20.1,3.8000000000000003,1.3,,,,,,,,,,89.5,0.3,,0.0,0.0,16.0,758.5,
2023-01-17 06:00:00,39.5,91.75,7.55,18.325,15.875,6.675,1.25,,,,,,,,,,88.5,0.3,,0.0,0.0,20.0,760.0,
2023-01-17 07:00:00,41.333333333333336,90.0,14.0,21.433333333333334,22.766666666666666,2.533333333333333,2.1333333333333333,,,,,,,,,,84.33333333333333,0.3,,0.0,0.0,97.0,762.0,
2023-01-17 08:00:00,45.25,93.25,10.65,18.575,18.525,7.0,3.325,,,,,,,,,,76.25,0.3,,0.0,0.0,244.5,765.0,
2023-01-17 09:00:00,40.0,89.75,4.95,18.375,13.775,10.95,9.475,,,,,,,,,,72.5,0.3,,0.0,0.0,363.0,766.25,
2023-01-17 10:00:00,47.0,81.25,2.05,14.850000000000001,9.575,12.225,13.666666666666666,,,,,,,,,,67.25,0.3,,0.0,0.0,364.5,766.25,
2023-01-17 11:00:00,38.25,59.0,1.675,10.1,6.725,13.625,3.766666666666667,,,,,,,,,,61.75,0.3,,0.0,0.0,515.25,766.0,
2023-01-17 12:00:00,29.0,36.0,1.45,8.200000000000001,5.525,12.575,2.575,,,,,,,,,,62.0,0.3,,0.0,0.0,602.0,764.5,
2023-01-17 13:00:00,25.25,39.25,1.9500000000000002,7.65,5.65,12.95,1.85,,,,,,,,,,62.25,0.3,,0.0,0.0,543.75,763.0,
2023-01-17 14:00:00,25.75,40.0,2.0,7.025,5.375,12.375,1.6,,,,,,,,,,63.25,0.3,,0.0,0.0,476.75,761.5,
2023-01-17 15:00:00,30.0,39.75,1.55,6.15,4.525,13.075,1.1666666666666667,,,,,,,,,,64.5,0.3,,0.0,0.0,344.25,760.75,
2023-01-17 16:00:00,20.75,41.25,1.225,6.4,4.4,13.0,0.3666666666666667,,,,,,,,,,66.5,0.3,,0.0,0.0,194.0,761.0,
2023-01-17 17:00:00,28.25,47.0,1.2,6.65,4.5,12.8,0.2,,,,,,,,,,68.25,0.3,,0.0,0.0,55.25,761.0,
2023-01-17 18:00:00,26.5,46.25,1.4249999999999998,7.625,5.2,12.425,,,,,,,,,,,69.5,0.3,,0.0,0.0,16.5,762.0,
2023-01-17 19:00:00,29.25,54.25,1.7,12.05,7.775,10.9,,,,,,,,,,,70.25,0.3,,0.0,0.0,16.0,762.75,
2023-01-17 20:00:00,34.25,60.25,1.675,14.174999999999999,8.925,9.975,,,,,,,,,,,70.25,0.3,,0.0,0.0,16.0,764.25,
2023-01-17 21:00:00,40.0,69.25,1.65,16.575,10.15,9.4,,,,,,,,,,,70.75,0.3,,0.0,0.0,16.0,765.0,
2023-01-17 22:00:00,40.5,72.75,2.075,15.4,9.925,9.375,,,,,,,,,,,71.25,0.3,,0.0,0.0,16.0,765.0,
2023-01-17 23:00:00,24.0,61.75,1.825,12.75,8.25,10.5,0.2333333333333333,,,,,,,,,,70.75,0.3,,0.0,0.0,16.0,764.0,
2023-01-18 00:00:00,26.0,57.25,1.5499999999999998,11.425,7.325,10.75,,,,,,,,,,,72.5,0.3,,0.0,0.0,16.0,763.0,
2023-01-18 01:00:00,31.0,56.5,1.6,9.975,6.6,11.0,,,,,,,,,,,74.0,0.3,,0.0,0.0,16.0,762.5,
2023-01-18 02:00:00,28.5,60.25,2.0,13.475000000000001,8.4,9.575,1.8,,,,,,,,,,76.5,0.3,,0.0,0.0,16.0,761.25,
2023-01-18 03:00:00,33.25,66.25,2.625,19.8,12.65,7.35,5.55,,,,,,,,,,82.25,0.3,,0.0,0.0,16.0,761.0,
2023-01-18 04:00:00,43.75,91.5,2.025,17.25,10.8,9.3,5.45,,,,,,,,,,84.0,0.3,,0.0,0.0,16.0,761.0,
2023-01-18 05:00:00,45.75,93.75,1.75,16.75,10.35,9.825,4.95,,,,,,,,,,83.25,0.3,,0.0,0.0,16.0,761.5,
2023-01-18 06:00:00,49.25,103.0,3.225,18.95,12.7,8.2,7.025,,,,,,,,,,84.0,0.3,,0.0,0.0,20.5,763.25,
2023-01-18 07:00:00,61.75,128.5,3.3499999999999996,17.45,12.0,9.275,10.725,,,,,,,,,,80.75,0.3,,0.0,0.0,89.5,765.5,
2023-01-18 08:00:00,63.333333333333336,142.66666666666666,3.6333333333333333,17.2,12.1,9.633333333333333,13.5,,,,,,,,,,76.0,0.3,,0.0,0.0,185.66666666666666,767.0,
2023-01-18 09:00:00,68.25,146.25,3.775,15.6,11.375,10.475,16.875,,,,,,,,,,71.75,0.3,,0.0,0.0,284.25,768.5,
2023-01-18 10:00:00,66.5,143.5,2.35,15.1,9.975,11.6,17.633333333333333,,,,,,,,,,66.0,0.3,,0.0,0.0,366.5,769.0,
2023-01-18 11:00:00,55.5,104.5,1.625,8.1,5.675,14.75,3.4,,,,,,,,,,62.5,0.3,,0.0,0.0,441.25,768.25,
2023-01-18 12:00:00,45.0,72.75,1.6,7.575,5.325,14.35,2.675,,,,,,,,,,62.0,0.3,,0.0,0.0,550.5,766.75,
2023-01-18 13:00:00,44.25,70.5,1.7,8.2,5.75,14.8,2.325,,,,,,,,,,61.75,0.3,,0.0,0.0,453.0,764.75,
2023-01-18 14:00:00,41.5,70.75,1.7333333333333334,7.95,5.2,14.875,0.9,,,,,,,,,,63.5,0.3,,0.0,0.0,350.25,763.25,
2023-01-18 15:00:00,41.5,83.5,1.825,7.825,5.65,14.6,0.85,,,,,,,,,,65.75,0.3,,0.0,0.0,255.0,762.0,
2023-01-18 16:00:00,47.5,81.75,1.875,8.675,6.125,14.8,1.025,,,,,,,,,,67.25,0.3,,0.0,0.0,175.5,761.25,
2023-01-18 17:00:00,50.75,88.5,1.575,8.875,6.0,14.35,0.625,,,,,,,,,,69.25,0.3,,0.0,0.0,48.75,762.0,
2023-01-18 18:00:00,47.25,82.25,1.425,10.775,6.875,13.55,0.45,,,,,,,,,,70.0,0.3,,0.0,0.0,16.0,762.75,
2023-01-18 19:00:00,48.0,82.25,0.9,16.475,9.45,11.3,0.1,,,,,,,,,,70.25,0.3,,0.0,0.0,15.75,764.25,
2023-01-18 20:00:00,50.5,103.0,1.7,23.1,13.65,8.375,0.575,,,,,,,,,,71.75,0.3,,0.0,0.0,15.75,765.5,
2023-01-18 21:00:00,52.5,111.0,1.75,19.3,11.7,10.075,1.15,,,,,,,,,,69.0,0.3,,0.0,0.0,15.75,767.0,
2023-01-18 22:00:00,35.75,86.75,1.775,16.1,10.0,10.825,0.1,,,,,,,,,,68.75,0.3,,0.0,0.0,15.75,767.0,
2023-01-18 23:00:00,34.333333333333336,71.66666666666667,1.7333333333333334,11.833333333333334,7.733333333333333,11.533333333333333,,,,,,,,,,,68.0,0.3,,0.0,0.0,15.666666666666666,766.3333333333334,
2023-01-19 00:00:00,32.5,58.75,1.9500000000000002,8.25,5.95,12.775,0.5333333333333333,,,,,,,,,,68.25,0.3,,0.0,0.0,15.75,765.5,
2023-01-19 01:00:00,34.0,54.25,1.2,10.2,6.4,11.55,0.9666666666666668,,,,,,,,,,69.75,0.3,,0.0,0.0,15.75,764.5,
2023-01-19 02:00:00,40.75,57.5,1.525,7.875,5.45,12.275,0.19999999999999998,,,,,,,,,,69.0,0.3,,0.0,0.0,16.0,763.25,
2023-01-19 03:00:00,33.5,51.25,4.25,11.65,9.65,9.4,,,,,,,,,,,71.0,0.3,,0.0,0.0,16.0,762.25,
2023-01-19 04:00:00,38.75,82.0,13.075,22.875,22.85,2.9333333333333336,27.75,,,,,,,,,,79.0,0.3,,0.0,0.0,16.0,762.25,
2023-01-19 05:00:00,60.25,135.75,13.825,23.55,23.775000000000002,7.699999999999999,38.175,,,,,,,,,,79.5,0.3,,0.0,0.0,16.0,763.0,
2023-01-19 06:00:00,66.0,137.75,14.85,23.15,24.375,4.6499999999999995,38.725,,,,,,,,,,80.75,0.3,,0.0,0.0,18.75,764.25,
2023-01-19 07:00:00,73.25,150.5,22.0,29.2,33.375,4.8,20.0,,,,,,,,,,79.25,0.3,,0.0,0.0,85.75,766.0,
2023-01-19 08:00:00,76.0,164.25,17.975,28.15,29.6,7.3,19.3,,,,,,,,,,70.5,0.3,,0.0,0.0,236.0,767.75,
2023-01-19 09:00:00,72.25,160.75,10.7,22.475,20.675,11.475,13.475,,,,,,,,,,66.25,0.3,,0.0,0.0,264.75,769.0,
2023-01-19 10:00:00,64.5,132.75,4.775,17.1,12.975000000000001,14.45,8.6,,,,,,,,,,64.0,0.3,,0.0,0.0,314.25,768.5,
2023-01-19 11:00:00,44.75,80.75,2.175,12.325,8.325,14.475,1.5333333333333332,,,,,,,,,,62.5,0.3,,0.0,0.0,451.0,767.5,
2023-01-19 12:00:00,35.75,65.5,2.075,9.125,6.550000000000001,14.0,1.85,,,,,,,,,,61.0,0.3,,0.0,0.0,527.75,765.5,
2023-01-19 13:00:00,38.0,76.0,1.6,8.9,6.1,13.7,0.6666666666666666,,,,,,,,,,60.333333333333336,0.3,,0.0,0.0,488.6666666666667,763.6666666666666,
2023-01-19 14:00:00,39.0,63.5,1.45,7.175,5.0,13.95,1.15,,,,,,,,,,57.25,0.3,,0.0,0.0,454.0,762.25,
2023-01-19 15:00:00,33.25,72.5,1.6749999999999998,7.199999999999999,5.2,13.475,0.9500000000000001,,,,,,,,,,57.5,0.3,,0.0,0.0,331.25,761.25,
2023-01-19 16:00:00,34.75,110.25,1.9000000000000001,8.075,5.875,13.8,2.45,,,,,,,,,,61.25,0.3,,0.0,0.0,171.5,761.25,
2023-01-19 17:00:00,37.25,77.25,1.4,9.5,6.2,13.6,1.775,,,,,,,,,,65.75,0.3,,0.0,0.0,53.5,762.0,
2023-01-19 18:00:00,40.0,85.5,1.825,11.35,7.5,12.75,1.825,,,,,,,,,,70.5,0.3,,0.0,0.0,16.5,762.25,
2023-01-19 19:00:00,46.666666666666664,91.66666666666667,1.5999999999999999,15.533333333333333,9.6,11.4,4.466666666666667,,,,,,,,,,72.33333333333333,0.3,,0.0,0.0,15.333333333333334,763.3333333333334,
2023-01-19 20:00:00,51.25,106.25,1.9500000000000002,22.075,13.325,9.475,6.45,,,,,,,,,,74.25,0.3,,0.0,0.0,15.75,764.75,
2023-01-19 21:00:00,63.0,144.75,2.9,26.5,16.475,8.075,6.475,,,,,,,,,,76.25,0.3,,0.0,0.0,15.75,765.0,
2023-01-19 22:00:00,69.0,154.33333333333334,2.3666666666666667,26.46666666666667,15.966666666666667,9.333333333333334,6.066666666666666,,,,,,,,,,77.33333333333333,0.3,,0.0,0.0,15.666666666666666,765.0,
2023-01-19 23:00:00,65.75,138.0,2.2249999999999996,22.975,14.025,11.3,3.075,,,,,,,,,,79.25,0.3,,0.0,0.0,15.75,764.5,
2023-01-20 00:00:00,55.75,110.75,2.1,19.15,11.9,12.55,1.325,,,,,,,,,,81.0,0.3,,0.0,0.0,15.75,763.5,
2023-01-20 01:00:00,55.75,95.75,1.925,19.424999999999997,11.9,11.6,1.85,,,,,,,,,,84.25,0.3,,0.0,0.0,15.75,762.0,
2023-01-20 02:00:00,58.0,108.5,1.825,15.75,9.9,12.725,7.1,,,,,,,,,,85.75,0.3,,0.0,0.0,15.75,761.0,
2023-01-20 03:00:00,56.25,106.25,1.95,13.2,8.575,13.475,6.025,,,,,,,,,,85.25,0.3,,0.0,0.0,15.75,760.25,
2023-01-20 04:00:00,49.0,83.0,1.675,10.85,7.1,14.05,5.05,,,,,,,,,,85.25,0.3,,0.0,0.0,15.75,760.5,
2023-01-20 05:00:00,44.5,78.0,1.525,12.175,7.725,13.025,7.125,,,,,,,,,,86.75,0.3,,0.0,0.0,15.75,761.0,
2023-01-20 06:00:00,50.0,92.5,1.4,14.325,8.775,11.95,7.975,,,,,,,,,,87.0,0.3,,0.0,0.0,18.5,762.5,
2023-01-20 07:00:00,55.0,106.33333333333333,2.1333333333333333,16.433333333333334,10.466666666666667,11.1,9.333333333333334,,,,,,,,,,86.66666666666667,0.3,,0.0,0.0,41.666666666666664,764.3333333333334,
2023-01-20 08:00:00,62.25,122.0,3.25,18.075,12.275,10.975,12.8,,,,,,,,,,86.0,0.3,,0.0,0.0,63.25,765.75,
2023-01-20 09:00:00,71.0,129.66666666666666,3.233333333333333,20.333333333333332,13.433333333333332,11.200000000000001,11.666666666666666,,,,,,,,,,88.33333333333333,0.3,,0.0,0.0,82.66666666666667,766.3333333333334,
2023-01-20 10:00:00,71.75,130.75,4.55,23.95,16.425,11.075,13.666666666666666,,,,,,,,,,86.5,0.3,,0.0,0.0,235.25,766.5,
2023-01-20 11:00:00,79.5,139.5,3.375,22.25,14.575,13.55,13.966666666666667,,,,,,,,,,79.0,0.3,,0.0,0.0,378.0,765.5,
2023-01-20 12:00:00,74.5,126.25,2.0,14.25,9.2,14.675,6.525,,,,,,,,,,71.75,0.3,,0.0,0.0,287.5,764.0,
2023-01-20 13:00:00,61.0,104.5,2.0,9.45,6.6,15.7,2.25,,,,,,,,,,67.0,0.3,,0.0,0.0,419.25,762.0,
2023-01-20 14:00:00,53.25,91.75,1.725,7.95,5.625,15.05,1.825,,,,,,,,,,68.25,0.3,,0.0,0.0,276.5,760.75,
2023-01-20 15:00:00,57.0,94.0,1.0666666666666667,7.933333333333334,5.1000000000000005,14.666666666666666,1.6666666666666667,,,,,,,,,,69.0,0.3,,0.0,0.0,216.66666666666666,760.0,
2023-01-20 16:00:00,55.0,106.5,1.825,10.15,6.875,14.125,1.175,,,,,,,,,,69.75,0.3,,0.0,0.0,118.25,760.0,
2023-01-20 17:00:00,61.25,118.5,1.625,12.75,8.125,13.85,1.275,,,,,,,,,,75.0,0.3,,0.0,0.0,39.5,760.5,
2023-01-20 18:00:00,62.5,123.25,1.175,14.725,8.775,12.775,0.625,,,,,,,,,,78.75,0.3,,0.0,0.0,16.25,761.75,
2023-01-20 19:00:00,62.0,119.5,1.4333333333333336,19.3,11.075000000000001,11.05,0.475,,,,,,,,,,85.25,0.3,,0.0,0.0,15.25,762.5,
2023-01-20 20:00:00,56.0,105.25,2.175,21.125,13.0,9.95,0.26666666666666666,,,,,,,,,,87.25,0.3,,0.0,0.0,15.75,763.75,
2023-01-20 21:00:00,57.0,106.0,2.175,24.275,14.675,8.425,0.5,,,,,,,,,,86.5,0.3,,0.0,0.0,15.75,765.0,
2023-01-20 22:00:00,58.0,111.0,2.05,21.775,13.25,9.425,0.35,,,,,,,,,,85.0,0.3,,0.0,0.0,15.5,764.75,
2023-01-20 23:00:00,50.75,96.25,1.7,15.825000000000001,9.774999999999999,11.6,0.2,,,,,,,,,,84.25,0.3,,0.0,0.0,15.5,764.0,
2023-01-21 00:00:00,45.5,87.75,1.5333333333333332,13.3,7.9,12.2,1.375,,,,,,,,,,84.5,0.3,,0.0,0.0,15.5,763.5,
2023-01-21 01:00:00,42.0,84.25,1.75,11.774999999999999,7.675,12.175,1.575,,,,,,,,,,86.0,0.3,,0.0,0.0,15.75,762.25,
2023-01-21 02:00:00,45.0,76.5,1.7000000000000002,10.225,6.85,12.65,0.7,,,,,,,,,,86.5,0.3,,0.0,0.0,15.75,761.0,
2023-01-21 03:00:00,45.0,80.25,1.7999999999999998,11.425,7.5,12.25,0.8,,,,,,,,,,87.5,0.3,,0.0,0.0,15.75,760.25,
2023-01-21 04:00:00,47.0,90.25,1.35,16.825000000000003,10.05,10.025,0.7,,,,,,,,,,89.0,0.3,,0.0,0.0,15.75,760.0,
2023-01-21 05:00:00,55.0,104.5,2.625,21.5,13.6,8.525,1.55,,,,,,,,,,90.25,0.3,,0.0,0.0,15.75,760.75,
2023-01-21 06:00:00,61.25,124.0,6.225,21.95,16.725,7.2,2.025,,,,,,,,,,92.25,0.3,,0.0,0.0,18.25,761.25,
2023-01-21 07:00:00,65.5,141.25,5.925,21.5,16.25,8.525,2.95,,,,,,,,,,92.0,0.3,,0.0,0.0,65.75,763.0,
2023-01-21 08:00:00,79.66666666666667,163.33333333333334,5.6000000000000005,24.53333333333333,17.6,9.233333333333334,5.866666666666667,,,,,,,,,,83.0,0.3,,0.0,0.0,219.66666666666666,765.0,
2023-01-21 09:00:00,85.25,170.0,3.2,22.45,14.525,11.875,7.65,,,,,,,,,,77.75,0.3,,0.0,0.0,326.5,766.0,
2023-01-21 10:00:00,77.0,145.0,2.575,17.875,11.625,13.85,14.133333333333335,,,,,,,,,,69.0,0.3,,0.0,0.0,461.25,765.75,
2023-01-21 11:00:00,64.5,119.5,2.0,13.95,9.025,14.65,9.0,,,,,,,,,,67.75,0.3,,0.0,0.0,444.5,764.5,
2023-01-21 12:00:00,53.0,104.25,2.025,13.225,8.7,13.925,7.375,,,,,,,,,,66.5,0.3,,0.0,0.0,525.5,763.25,
2023-01-21 13:00:00,50.5,96.5,1.65,12.05,7.75,14.45,5.8,,,,,,,,,,62.5,0.3,,0.0,0.0,525.0,761.5,
2023-01-21 14:00:00,49.75,88.0,1.2,9.950000000000001,6.25,13.725,3.075,,,,,,,,,,64.0,0.3,,0.0,0.0,434.75,759.75,
2023-01-21 15:00:00,45.0,88.33333333333333,1.7666666666666666,9.966666666666667,6.766666666666667,13.266666666666666,7.266666666666666,,,,,,,,,,69.66666666666667,0.3,,0.0,0.0,216.0,759.0,
2023-01-21 16:00:00,49.75,99.0,1.8499999999999999,11.625,7.675,12.6,5.75,,,,,,,,,,71.5,0.3,,0.0,0.0,111.75,759.0,
2023-01-21 17:00:00,53.75,108.75,1.725,9.975,6.7,13.35,0.9249999999999999,,,,,,,,,,75.5,0.3,,0.0,0.0,28.25,759.0,
2023-01-21 18:00:00,57.75,104.75,1.9249999999999998,13.325,8.65,11.975,4.75,,,,,,,,,,77.75,0.3,,0.0,0.0,15.75,760.0,
2023-01-21 19:00:00,55.0,113.5,1.45,15.475,9.375,11.325,5.9,,,,,,,,,,80.25,0.3,,0.0,0.0,15.75,761.25,
2023-01-21 20:00:00,58.75,111.5,1.475,13.525,8.425,12.450000000000001,2.85,,,,,,,,,,78.0,0.3,,0.0,0.0,15.75,762.25,
2023-01-21 21:00:00,59.0,99.5,1.225,12.025,7.4,13.025,1.5,,,,,,,,,,78.25,0.3,,0.0,0.0,15.75,763.0,
2023-01-21 22:00:00,52.0,93.75,1.275,10.45,6.6,13.3,1.025,,,,,,,,,,78.0,0.3,,0.0,0.0,16.0,762.5,
2023-01-21 23:00:00,48.25,88.0,1.3250000000000002,8.9,5.775,13.225,0.6,,,,,,,,,,78.0,0.3,,0.0,0.0,15.75,761.5,
2023-01-22 00:00:00,45.75,80.0,0.925,7.199999999999999,4.6,13.625,0.5,,,,,,,,,,77.25,0.3,,0.0,0.0,15.75,761.0,
2023-01-22 01:00:00,44.5,75.0,1.325,6.725,4.625,13.475,0.4,,,,,,,,,,77.0,0.3,,0.0,0.0,15.75,760.25,
2023-01-22 02:00:00,43.75,76.25,1.625,7.175,5.15,13.25,0.6499999999999999,,,,,,,,,,75.25,0.3,,0.0,0.0,15.75,759.5,
2023-01-22 03:00:00,46.0,73.25,1.375,8.525,5.7,12.75,0.75,,,,,,,,,,77.5,0.3,,0.0,0.0,15.75,759.0,
2023-01-22 04:00:00,46.25,83.75,1.35,9.6,6.25,12.225,0.525,,,,,,,,,,80.25,0.3,,0.0,0.0,15.75,759.0,
2023-01-22 05:00:00,50.0,101.5,1.325,15.3,9.225,10.1,0.8500000000000001,,,,,,,,,,82.5,0.3,,0.0,0.0,15.75,759.5,
2023-01-22 06:00:00,60.75,127.0,1.875,16.875,10.5,9.75,1.4,,,,,,,,,,84.75,0.3,,0.0,0.0,17.25,760.75,
2023-01-22 07:00:00,69.5,149.0,2.6,20.175,12.85,8.875,2.7,,,,,,,,,,83.75,0.3,,0.0,0.0,63.75,761.75,
2023-01-22 08:00:00,80.75,165.75,3.2,19.75,13.1,9.625,4.125,,,,,,,,,,79.0,0.3,,0.0,0.0,178.25,763.75,
2023-01-22 09:00:00,76.25,164.25,2.0,13.8,8.975000000000001,12.775,4.625,,,,,,,,,,71.25,0.3,,0.0,0.0,277.25,765.0,
2023-01-22 10:00:00,56.5,116.25,1.575,9.325,6.225,14.1,2.4,,,,,,,,,,68.0,0.3,,0.0,0.0,345.0,765.0,
2023-01-22 11:00:00,58.75,114.0,1.675,8.35,5.825,15.25,1.2333333333333334,,,,,,,,,,66.0,0.3,,0.0,0.0,374.5,763.75,
2023-01-22 12:00:00,58.75,110.0,1.3333333333333333,8.075,5.1,13.925,0.6,,,,,,,,,,65.25,0.3,,0.0,0.0,413.25,762.0,
2023-01-22 13:00:00,52.0,98.0,1.3,7.2,4.9,13.9,0.35,,,,,,,,,,64.66666666666667,0.3,,0.0,0.0,306.6666666666667,760.3333333333334,
2023-01-22 14:00:00,56.0,84.0,1.2,7.666666666666667,4.7,13.700000000000001,,,,,,,,,,,66.33333333333333,0.3,,0.0,0.0,306.6666666666667,759.0,
2023-01-22 15:00:00,52.0,85.75,1.9,6.825,5.15,13.125,,,,,,,,,,,67.0,0.3,,0.0,0.0,297.5,758.0,
2023-01-22 16:00:00,50.25,87.75,1.25,7.175,4.85,13.5,0.3666666666666667,,,,,,,,,,69.25,0.3,,0.0,0.0,115.0,758.0,
2023-01-22 17:00:00,47.25,88.0,0.95,8.3,5.2,12.925,0.75,,,,,,,,,,72.25,0.3,,0.0,0.0,44.25,758.75,
2023-01-22 18:00:00,54.0,91.0,1.4333333333333333,8.766666666666667,5.833333333333333,12.533333333333333,1.5999999999999999,,,,,,,,,,75.0,0.3,,0.0,0.0,16.666666666666668,759.0,
2023-01-22 19:00:00,45.0,90.75,1.425,10.45,6.725,11.725,1.575,,,,,,,,,,76.75,0.3,,0.0,0.0,16.0,760.5,
2023-01-22 20:00:00,45.0,92.5,1.65,11.025,7.2,11.65,0.85,,,,,,,,,,77.25,0.3,,0.0,0.0,16.0,761.25,
2023-01-22 21:00:00,38.5,91.5,1.5,10.675,6.875,11.875,0.75,,,,,,,,,,78.0,0.3,,0.0,0.0,16.0,762.0,
2023-01-22 22:00:00,46.75,92.75,1.3,9.875,6.275,12.25,,,,,,,,,,,78.75,0.3,,0.0,0.0,16.0,762.0,
2023-01-22 23:00:00,47.5,88.75,1.85,8.45,6.0,12.525,,,,,,,,,,,79.0,0.3,,0.0,0.0,16.0,761.25,
2023-01-23 00:00:00,43.0,80.25,1.1,7.775,5.025,12.525,,,,,,,,,,,79.75,0.3,,0.0,0.0,16.0,760.0,
2023-01-23 01:00:00,42.5,81.0,1.775,6.8,5.05,12.600000000000001,0.3333333333333333,,,,,,,,,,81.0,0.3,,0.0,0.0,16.0,759.25,
2023-01-23 02:00:00,39.25,70.0,1.725,5.75,4.45,12.925,0.2,,,,,,,,,,82.0,0.3,,0.0,0.0,16.0,757.75,
2023-01-23 03:00:00,37.0,67.75,1.55,7.725,5.35,12.425,0.6333333333333333,,,,,,,,,,83.5,0.3,,0.0,0.0,16.0,757.0,
2023-01-23 04:00:00,46.75,84.25,1.075,9.95,6.15,11.6,1.125,,,,,,,,,,84.75,0.3,,0.0,0.0,16.0,757.0,
2023-01-23 05:00:00,49.25,98.75,1.75,11.075,7.35,11.7,2.375,,,,,,,,,,85.75,0.3,,0.0,0.0,16.0,757.75,
2023-01-23 06:00:00,51.5,99.5,1.6,13.975,8.725,10.925,2.275,,,,,,,,,,86.5,0.3,,0.0,0.0,19.75,758.5,
2023-01-23 07:00:00,61.0,125.75,2.525,17.825,11.55,9.8,2.5,,,,,,,,,,87.0,0.3,,0.0,0.0,32.0,759.75,
2023-01-23 08:00:00,80.25,165.75,3.25,20.675,13.65,9.5,1.775,,,,,,,,,,86.25,0.3,,0.0,0.0,81.5,761.5,
2023-01-23 09:00:00,91.5,172.5,3.35,22.65,14.775,9.325,2.7,,,,,,,,,,85.0,0.3,,0.0,0.0,66.0,762.0,
2023-01-23 10:00:00,85.25,169.5,3.425,21.65,14.3,11.05,4.266666666666667,,,,,,,,,,82.25,0.3,,0.0,0.0,148.5,762.0,
2023-01-23 11:00:00,69.75,133.0,2.3000000000000003,15.375,10.0,14.575,3.766666666666667,,,,,,,,,,76.25,0.3,,0.0,0.0,261.75,761.25,
2023-01-23 12:00:00,36.5,84.0,1.825,10.625,7.1,12.775,1.2,,,,,,,,,,71.5,0.3,,0.0,0.0,316.25,760.0,
2023-01-23 13:00:00,29.25,63.0,2.25,9.35,6.75,13.2,0.35,,,,,,,,,,71.25,0.3,,0.0,0.0,379.0,758.5,
2023-01-23 14:00:00,30.5,62.25,1.6,8.625,5.875,12.425,0.7666666666666666,,,,,,,,,,71.5,0.3,,0.0,0.0,200.25,757.0,
2023-01-23 15:00:00,32.25,59.5,1.625,8.55,5.875,11.975,0.9750000000000001,,,,,,,,,,74.25,0.3,,0.0,0.0,200.25,756.5,
2023-01-23 16:00:00,31.5,60.75,1.7,8.4,5.825,12.275,0.5,,,,,,,,,,75.25,0.3,,0.0,0.0,133.25,757.0,
2023-01-23 17:00:00,30.0,68.75,1.7,9.1,6.25,12.4,,,,,,,,,,,79.0,0.3,,0.0,0.0,34.25,757.25,
2023-01-23 18:00:00,37.25,65.25,1.5,11.125,7.1,11.925,,,,,,,,,,,80.5,0.3,,0.0,0.0,17.0,758.25,
2023-01-23 19:00:00,32.0,56.0,1.7666666666666666,12.133333333333333,7.8999999999999995,11.566666666666668,,,,,,,,,,,80.0,0.3,,0.0,0.0,16.0,759.6666666666666,
2023-01-23 20:00:00,32.25,52.25,1.7,12.525,8.025,11.0,0.2,,,,,,,,,,79.5,0.3,,0.0,0.0,16.0,761.0,
2023-01-23 21:00:00,30.5,46.75,1.125,12.6,7.6,10.95,,,,,,,,,,,79.0,0.3,,0.0,0.0,16.25,762.0,
2023-01-23 22:00:00,24.5,48.0,1.5,12.025,7.6,11.225000000000001,,,,,,,,,,,80.5,0.3,,0.0,0.0,16.0,761.75,
2023-01-23 23:00:00,32.0,54.0,1.5666666666666667,10.633333333333333,6.966666666666666,11.533333333333333,0.2,,,,,,,,,,81.0,0.3,,0.0,0.0,16.0,760.6666666666666,
2023-01-24 00:00:00,35.25,54.75,1.4,10.25,6.6,11.125,,,,,,,,,,,81.5,0.3,,0.0,0.0,16.5,760.0,
2023-01-24 01:00:00,28.25,58.25,1.675,10.075,6.7,11.0,,,,,,,,,,,82.75,0.3,,0.0,0.0,16.0,759.0,
2023-01-24 02:00:00,31.0,59.0,1.325,10.175,6.5,11.1,0.1,,,,,,,,,,82.75,0.3,,0.0,0.0,16.0,758.0,
2023-01-24 03:00:00,29.25,50.25,1.7,9.975000000000001,6.7,11.175,,,,,,,,,,,82.0,0.3,,0.0,0.0,16.0,757.0,
2023-01-24 04:00:00,32.25,55.0,1.25,11.95,7.375,10.275,0.725,,,,,,,,,,83.25,0.3,,0.0,0.0,16.0,757.25,
2023-01-24 05:00:00,30.75,67.0,1.875,14.2,9.075,9.675,0.7750000000000001,,,,,,,,,,84.75,0.3,,0.0,0.0,16.0,758.0,
2023-01-24 06:00:00,37.0,78.0,6.35,23.3,17.55,4.1,0.4,,,,,,,,,,88.25,0.3,,0.0,0.0,19.0,759.25,
2023-01-24 07:00:00,53.0,118.0,11.625,25.1,22.825,2.4,1.475,,,,,,,,,,88.5,0.3,,0.0,0.0,70.25,760.75,
2023-01-24 08:00:00,65.75,144.5,8.4,26.05,20.675,4.925,3.4,,,,,,,,,,83.0,0.3,,0.0,0.0,156.25,762.5,
2023-01-24 09:00:00,60.75,134.0,1.8,13.274999999999999,8.55,13.3,2.4250000000000003,,,,,,,,,,73.0,0.3,,0.0,0.0,361.0,764.0,
2023-01-24 10:00:00,35.75,53.75,1.85,9.775,6.7,12.525,1.0999999999999999,,,,,,,,,,68.75,0.3,,0.0,0.0,510.5,764.0,
2023-01-24 11:00:00,26.25,56.0,1.8,9.524999999999999,6.525,12.5,1.2,,,,,,,,,,67.5,0.3,,0.0,0.0,386.5,763.5,
2023-01-24 12:00:00,25.75,55.25,1.6,8.575,5.85,11.9,1.25,,,,,,,,,,65.0,0.3,,0.0,0.0,634.25,762.25,
2023-01-24 13:00:00,23.0,50.0,2.1500000000000004,7.25,5.6,12.350000000000001,0.675,,,,,,,,,,64.25,0.3,,0.0,0.0,519.25,760.5,
2023-01-24 14:00:00,25.25,43.0,1.475,7.375,5.125,11.925,,,,,,,,,,,63.0,0.3,,0.0,0.0,439.0,759.25,
2023-01-24 15:00:00,23.0,48.5,1.85,7.65,5.55,11.45,0.44999999999999996,,,,,,,,,,63.25,0.3,,0.0,0.0,348.75,758.5,
2023-01-24 16:00:00,24.25,50.0,2.075,7.45,5.65,12.25,1.075,,,,,,,,,,65.75,0.3,,0.0,0.0,176.0,758.0,
2023-01-24 17:00:00,28.75,62.5,1.625,9.05,6.15,11.725000000000001,1.275,,,,,,,,,,69.25,0.3,,0.0,0.0,57.0,758.0,
2023-01-24 18:00:00,30.25,72.0,1.55,11.525,7.375,10.725,0.39999999999999997,,,,,,,,,,72.0,0.3,,0.0,0.0,16.5,759.0,
2023-01-24 19:00:00,29.25,69.5,2.075,12.9,8.55,10.4,,,,,,,,,,,74.0,0.3,,0.0,0.0,16.0,759.75,
2023-01-24 20:00:00,33.5,72.0,1.5,13.4,8.3,10.5,0.2,,,,,,,,,,74.0,0.3,,0.0,0.0,16.0,761.25,
2023-01-24 21:00:00,35.25,74.75,1.35,13.275,8.2,10.2,0.4,,,,,,,,,,74.75,0.3,,0.0,0.0,16.0,762.0,
2023-01-24 22:00:00,35.75,72.0,1.1,12.65,7.625,10.375,0.9,,,,,,,,,,75.25,0.3,,0.0,0.0,16.0,761.75,
2023-01-24 23:00:00,34.25,64.0,1.675,10.425,6.9,10.875,0.8,,,,,,,,,,75.25,0.3,,0.0,0.0,16.0,761.0,
2023-01-25 00:00:00,31.25,57.75,1.2,8.525,5.25,11.675,0.5,,,,,,,,,,75.5,0.3,,0.0,0.0,16.0,760.0,
2023-01-25 01:00:00,30.0,57.25,1.0,8.575,5.375,11.675,0.6,,,,,,,,,,75.5,0.3,,0.0,0.0,16.0,759.25,
2023-01-25 02:00:00,33.75,62.75,1.5499999999999998,13.55,8.5,9.725,1.9749999999999999,,,,,,,,,,77.75,0.3,,0.0,0.0,16.0,758.5,
2023-01-25 03:00:00,38.75,82.25,1.525,17.525,10.55,8.325,3.175,,,,,,,,,,80.5,0.3,,0.0,0.0,16.0,758.0,
2023-01-25 04:00:00,50.0,104.5,5.775,21.075,15.9,5.775,3.575,,,,,,,,,,84.0,0.3,,0.0,0.0,16.0,758.25,
2023-01-25 05:00:00,61.0,126.75,5.025,21.200000000000003,15.375,7.65,5.375,,,,,,,,,,84.5,0.3,,0.0,0.0,16.0,759.0,
2023-01-25 06:00:00,66.5,138.25,5.375,22.25,16.225,7.35,5.85,,,,,,,,,,86.25,0.3,,0.0,0.0,18.75,759.75,
2023-01-25 07:00:00,66.5,146.5,6.425,21.75,16.825,7.85,7.6,,,,,,,,,,85.75,0.3,,0.0,0.0,75.5,761.0,
2023-01-25 08:00:00,69.5,146.5,5.75,20.675,15.7,9.05,10.05,,,,,,,,,,80.5,0.3,,0.0,0.0,227.5,762.5,
2023-01-25 09:00:00,66.5,164.5,4.55,22.125,15.45,10.8,18.175,,,,,,,,,,72.5,0.3,,0.0,0.0,362.5,763.5,
2023-01-25 10:00:00,67.25,164.0,2.475,16.7,10.9,13.5,12.200000000000001,,,,,,,,,,67.0,0.3,,0.0,0.0,421.25,763.25,
2023-01-25 11:00:00,54.75,114.5,1.55,10.65,6.95,14.825,1.0,,,,,,,,,,66.0,0.3,,0.0,0.0,481.25,762.25,
2023-01-25 12:00:00,52.0,91.75,1.55,9.0,6.025,13.925,0.9,,,,,,,,,,65.25,0.3,,0.0,0.0,513.75,760.75,
2023-01-25 13:00:00,53.5,90.75,2.0,8.45,6.15,14.3,0.5,,,,,,,,,,65.75,0.3,,0.0,0.0,382.25,759.25,
2023-01-25 14:00:00,50.5,92.5,1.5,7.449999999999999,5.175,13.725,1.425,,,,,,,,,,64.75,0.3,,0.0,0.0,390.75,758.25,
2023-01-25 15:00:00,55.25,97.75,1.45,8.5,5.7,14.125,1.625,,,,,,,,,,65.0,0.3,,0.0,0.0,308.0,758.0,
2023-01-25 16:00:00,56.5,98.25,1.25,9.25,5.9,14.225,1.725,,,,,,,,,,67.0,0.3,,0.0,0.0,149.0,758.0,
2023-01-25 17:00:00,54.5,120.5,1.475,9.625,6.35,13.675,1.225,,,,,,,,,,69.75,0.3,,0.0,0.0,49.25,758.25,
2023-01-25 18:00:00,48.75,122.75,1.7,13.15,8.4,12.525,0.775,,,,,,,,,,72.0,0.3,,0.0,0.0,16.75,759.0,
2023-01-25 19:00:00,61.5,125.5,1.4,18.15,10.8,11.175,0.55,,,,,,,,,,74.0,0.3,,0.0,0.0,16.0,759.5,
2023-01-25 20:00:00,57.0,123.0,1.575,17.075,10.35,11.725,0.1,,,,,,,,,,74.5,0.3,,0.0,0.0,16.0,761.0,
2023-01-25 21:00:00,56.5,112.25,0.9750000000000001,16.925,9.825,12.025,0.1,,,,,,,,,,72.0,0.3,,0.0,0.0,16.0,761.25,
2023-01-25 22:00:00,56.0,114.5,1.125,17.45,10.225,11.0,,,,,,,,,,,71.0,0.3,,0.0,0.0,16.0,761.0,
2023-01-25 23:00:00,60.75,115.0,1.6,20.15,12.025,9.125,,,,,,,,,,,74.0,0.3,,0.0,0.0,16.0,761.0,
2023-01-26 00:00:00,67.5,132.0,2.05,20.55,12.625,8.7,0.8,,,,,,,,,,76.25,0.3,,0.0,0.0,16.0,760.0,
2023-01-26 01:00:00,72.5,143.25,1.675,25.15,14.7,7.45,1.0,,,,,,,,,,79.75,0.3,,0.0,0.0,16.0,759.25,
2023-01-26 02:00:00,75.75,159.25,1.6,25.1,14.65,7.975,1.925,,,,,,,,,,80.25,0.3,,0.0,0.0,16.0,758.0,
2023-01-26 03:00:00,80.75,159.25,1.85,23.65,14.075,9.125,2.975,,,,,,,,,,81.75,0.3,,0.0,0.0,16.0,758.0,
2023-01-26 04:00:00,80.25,154.5,2.05,17.325000000000003,10.875,11.9,4.85,,,,,,,,,,85.0,0.3,,0.0,0.0,16.0,757.25,
2023-01-26 05:00:00,80.25,147.25,1.825,16.25,10.125,11.825,6.9,,,,,,,,,,88.0,0.3,,0.0,0.0,16.75,758.0,
2023-01-26 06:00:00,80.5,149.25,1.9,15.75,9.95,11.725,6.1,,,,,,,,,,87.5,0.3,,0.0,0.0,22.0,759.0,
2023-01-26 07:00:00,86.5,155.0,2.45,18.625,11.925,10.375,8.675,,,,,,,,,,86.0,0.3,,0.0,0.0,77.75,760.5,
2023-01-26 08:00:00,81.25,160.0,2.675,15.825,10.575,11.725,10.3,,,,,,,,,,81.75,0.3,,0.0,0.0,198.75,762.25,
2023-01-26 09:00:00,77.75,156.0,2.8,13.4,9.425,13.0,9.35,,,,,,,,,,76.0,0.3,,0.0,0.0,345.75,763.0,
2023-01-26 10:00:00,78.0,156.5,1.95,13.775,8.925,13.975,9.066666666666668,,,,,,,,,,73.75,0.3,,0.0,0.0,322.5,763.0,
2023-01-26 11:00:00,88.5,164.5,1.875,13.925,8.95,15.3,14.233333333333334,,,,,,,,,,73.0,0.3,,0.0,0.0,260.0,761.75,
2023-01-26 12:00:00,80.75,154.5,1.175,13.925,8.325,15.45,16.325,,,,,,,,,,69.75,0.3,,0.0,0.0,355.75,760.25,
2023-01-26 13:00:00,71.75,142.0,1.55,10.5,6.85,17.5,6.975,,,,,,,,,,69.75,0.3,,0.0,0.0,271.5,758.0,
2023-01-26 14:00:00,74.25,126.25,1.075,8.6,5.425,16.85,1.35,,,,,,,,,,72.0,0.3,,0.0,0.0,279.25,757.0,
2023-01-26 15:00:00,76.75,127.25,1.375,9.8,6.375,16.225,2.075,,,,,,,,,,72.25,0.3,,0.0,0.0,195.0,756.25,
2023-01-26 16:00:00,,151.0,1.9,14.8,9.4,14.1,5.6,,,,,,,,,,73.5,0.3,,0.0,0.0,101.25,756.75,
2023-01-26 17:00:00,,187.75,,,,,,,,,,,,,,,75.5,0.3,,0.0,0.0,39.0,757.75,
2023-01-26 18:00:00,,166.25,,,,,,,,,,,,,,,79.25,0.3,,0.0,0.0,17.25,759.25,
2023-01-26 19:00:00,,151.0,,,,,,,,,,,,,,,80.75,0.3,,0.0,0.0,17.0,760.25,
2023-01-26 20:00:00,,146.5,,,,,,,,,,,,,,,79.25,0.3,,0.0,0.0,17.0,761.75,
2023-01-26 21:00:00,,111.25,,,,,,,,,,,,,,,79.25,0.3,,0.0,0.0,17.0,761.75,
2023-01-26 22:00:00,,94.75,,,,,,,,,,,,,,,79.0,0.3,,0.0,0.0,17.0,761.5,
2023-01-26 23:00:00,,80.0,,,,,,,,,,,,,,,78.25,0.3,,0.0,0.0,16.75,761.5,
2023-01-27 00:00:00,,78.25,,,,,,,,,,,,,,,77.75,0.3,,0.0,0.0,16.5,760.5,
2023-01-27 01:00:00,,62.25,,,,,,,,,,,,,,,78.0,0.3,,0.0,0.0,16.0,759.75,
2023-01-27 02:00:00,,58.25,,,,,,,,,,,,,,,79.5,0.3,,0.0,0.0,16.5,758.75,
2023-01-27 03:00:00,,67.75,,,,,,,,,,,,,,,81.25,0.3,,0.0,0.0,16.25,758.0,
2023-01-27 04:00:00,,86.25,,,,,,,,,,,,,,,81.75,0.3,,0.0,0.0,16.75,758.0,
2023-01-27 05:00:00,,94.0,,,,,,,,,,,,,,,83.25,0.3,,0.0,0.0,17.0,758.5,
2023-01-27 06:00:00,,116.5,,,,,,,,,,,,,,,85.25,0.3,,0.0,0.0,18.5,759.75,
2023-01-27 07:00:00,,157.5,,,,,,,,,,,,,,,85.5,0.3,,0.0,0.0,103.0,761.5,
2023-01-27 08:00:00,,182.25,,,,,,,,,,,,,,,79.25,0.3,,0.0,0.0,246.25,763.5,
2023-01-27 09:00:00,,171.0,,,,,,,,,,,,,,,73.66666666666667,0.3,,0.0,0.0,274.3333333333333,764.0,
2023-01-27 10:00:00,82.0,171.0,,,,,4.8,,,,,,,,,,62.5,0.3,,0.0,0.0,544.0,763.0,
2023-01-27 11:00:00,21.0,62.0,2.15,6.85,5.066666666666666,12.25,,,,,,,,,,,61.75,0.3,,0.0,0.0,576.25,762.5,
2023-01-27 12:00:00,22.25,62.0,1.675,8.975000000000001,6.15,12.15,3.95,,,,,,,,,,61.5,0.3,,0.0,0.0,576.0,760.5,
2023-01-27 13:00:00,26.25,62.75,2.9000000000000004,8.8,7.05,11.7,5.125,,,,,,,,,,62.5,0.3,,0.0,0.0,527.25,758.75,
2023-01-27 14:00:00,27.75,66.5,1.7,10.2,6.825,11.2,12.425,,,,,,,,,,63.0,0.3,,0.0,0.0,460.75,757.5,
2023-01-27 15:00:00,30.0,74.5,1.6500000000000001,12.375,7.925000000000001,10.6,14.275,,,,,,,,,,64.0,0.3,,0.0,0.0,344.25,757.0,
2023-01-27 16:00:00,33.25,89.5,2.225,13.675,9.025,11.05,14.275,,,,,,,,,,66.25,0.3,,0.0,0.0,183.0,757.0,
2023-01-27 17:00:00,42.75,108.25,2.65,14.5,9.875,11.075,12.925,,,,,,,,,,67.75,0.3,,0.0,0.0,51.75,757.75,
2023-01-27 18:00:00,40.75,120.5,1.625,18.200000000000003,11.024999999999999,10.15,15.025,,,,,,,,,,71.25,0.3,,0.0,0.0,16.75,759.0,
2023-01-27 19:00:00,38.0,110.25,1.45,17.975,10.725,9.15,4.2,,,,,,,,,,74.0,0.3,,0.0,0.0,16.0,759.5,
2023-01-27 20:00:00,41.75,112.25,2.05,18.5,11.5,7.125,3.025,,,,,,,,,,76.25,0.3,,0.0,0.0,16.0,760.75,
2023-01-27 21:00:00,47.5,123.75,2.975,23.025,14.675,4.875,7.2,,,,,,,,,,77.5,0.3,,0.0,0.0,16.5,761.0,
2023-01-27 22:00:00,56.25,143.75,2.575,24.05,14.899999999999999,4.9,8.375,,,,,,,,,,78.75,0.3,,0.0,0.0,16.25,760.75,
2023-01-27 23:00:00,51.25,135.25,2.75,22.9,14.4,6.65,8.625,,,,,,,,,,80.0,0.3,,0.0,0.0,16.0,759.75,
2023-01-28 00:00:00,53.5,137.25,2.125,19.975,12.325,8.5,5.375,,,,,,,,,,81.5,0.3,,0.0,0.0,16.0,758.5,
2023-01-28 01:00:00,57.75,128.5,2.225,17.075,10.9,9.825,3.0250000000000004,,,,,,,,,,83.5,0.3,,0.0,0.0,16.0,757.75,
2023-01-28 02:00:00,54.5,116.25,2.325,16.65,10.75,9.9,1.675,,,,,,,,,,86.0,0.3,,0.0,0.0,16.0,757.0,
2023-01-28 03:00:00,54.5,121.5,2.075,15.55,10.0,9.6,3.05,,,,,,,,,,89.5,0.3,,0.0,0.0,16.5,756.5,
2023-01-28 04:00:00,72.75,150.25,1.775,13.95,8.899999999999999,10.525,10.3,,,,,,,,,,90.0,0.3,,0.0,0.0,16.5,757.0,
2023-01-28 05:00:00,62.0,141.5,2.525,13.9,9.475,11.3,10.225,,,,,,,,,,90.0,0.3,,0.0,0.0,16.25,758.25,
2023-01-28 06:00:00,66.25,136.25,2.525,15.600000000000001,10.325,10.925,7.35,,,,,,,,,,90.75,0.3,,0.0,0.0,19.25,759.25,
2023-01-28 07:00:00,62.25,126.25,1.95,14.8,9.45,11.4,7.2250000000000005,,,,,,,,,,89.0,0.3,,0.0,0.0,80.0,760.75,
2023-01-28 08:00:00,68.0,137.5,2.9,17.125,11.45,10.55,12.525,,,,,,,,,,84.5,0.3,,0.0,0.0,200.75,762.25,
2023-01-28 09:00:00,69.5,149.5,2.875,12.9,9.175,12.9,7.8,,,,,,,,,,80.75,0.3,,0.0,0.0,343.75,763.0,
2023-01-28 10:00:00,58.5,120.25,2.175,12.675,8.5,13.125,10.299999999999999,,,,,,,,,,76.25,0.3,,0.0,0.0,380.0,762.5,
2023-01-28 11:00:00,65.5,128.75,2.025,13.875,9.05,13.45,21.96666666666667,,,,,,,,,,69.75,0.3,,0.0,0.0,391.75,761.0,
2023-01-28 12:00:00,62.5,131.5,1.5250000000000001,11.15,7.15,13.6,15.325,,,,,,,,,,64.25,0.3,,0.0,0.0,526.0,759.0,
2023-01-28 13:00:00,57.75,121.75,2.3,8.5,6.4,16.549999999999997,8.100000000000001,,,,,,,,,,61.25,0.3,,0.0,0.0,536.5,757.25,
2023-01-28 14:00:00,54.5,113.5,1.875,9.625,6.65,16.725,11.075,,,,,,,,,,59.25,0.3,,0.0,0.0,435.25,756.0,
2023-01-28 15:00:00,51.0,113.75,3.55,12.75,9.65,14.675,17.125,,,,,,,,,,63.25,0.3,,0.0,0.0,268.0,756.0,
2023-01-28 16:00:00,64.0,132.5,4.375,17.45,12.825000000000001,11.725000000000001,17.275,,,,,,,,,,68.25,0.3,,0.0,0.0,147.75,756.0,
2023-01-28 17:00:00,67.25,147.0,2.375,16.85,10.875,12.725,23.425,,,,,,,,,,72.25,0.3,,0.0,0.0,51.0,756.0,
2023-01-28 18:00:00,63.0,142.5,1.1,13.025,7.824999999999999,14.25,9.025,,,,,,,,,,78.0,0.3,,0.0,0.0,16.75,757.0,
2023-01-28 19:00:00,53.75,117.25,1.4666666666666668,12.325,7.425,14.7,3.175,,,,,,,,,,83.75,0.3,,0.0,0.0,16.0,758.0,
2023-01-28 20:00:00,69.5,110.75,1.025,12.7,7.6,14.4,2.775,,,,,,,,,,85.25,0.3,,0.0,0.0,17.0,759.0,
2023-01-28 21:00:00,64.0,117.0,1.6,11.95,7.625,15.45,2.65,,,,,,,,,,87.0,0.3,,0.0,0.0,17.0,759.5,
2023-01-28 22:00:00,59.0,116.25,1.5,12.375,6.575,15.65,1.95,,,,,,,,,,88.75,0.3,,0.0,0.0,17.25,758.75,
2023-01-28 23:00:00,54.25,106.5,1.525,11.875,7.525,15.25,1.55,,,,,,,,,,90.25,0.3,,0.0,0.0,17.0,758.0,
2023-01-29 00:00:00,57.25,109.75,2.15,11.45,7.85,15.125,0.3,,,,,,,,,,91.25,0.3,,0.0,0.0,16.75,756.75,
2023-01-29 01:00:00,58.0,108.75,1.4,11.075,7.05,14.25,,,,,,,,,,,92.25,0.3,,0.0,0.0,17.0,755.5,
2023-01-29 02:00:00,65.0,113.5,1.425,10.625,6.825,14.425,0.1,,,,,,,,,,93.0,0.3,,0.0,0.0,16.75,754.5,
2023-01-29 03:00:00,60.0,106.5,1.675,10.45,6.9,14.05,0.6,,,,,,,,,,93.0,0.3,,0.0,0.0,16.5,754.5,
2023-01-29 04:00:00,67.66666666666667,128.0,1.2333333333333334,12.133333333333333,7.466666666666666,13.566666666666668,2.1,,,,,,,,,,93.66666666666667,0.3,,0.0,0.0,16.0,755.0,
2023-01-29 05:00:00,75.75,148.0,1.25,12.95,7.875,15.7,5.15,,,,,,,,,,93.75,0.3,,0.0,0.0,16.0,755.25,
2023-01-29 06:00:00,70.0,137.5,2.175,10.05,7.1,17.625,4.0,,,,,,,,,,93.0,0.3,,0.0,0.0,18.75,756.75,
2023-01-29 07:00:00,65.75,131.0,2.25,11.5,7.95,16.425,4.875,,,,,,,,,,90.5,0.3,,0.0,0.0,75.75,758.0,
2023-01-29 08:00:00,68.5,145.75,1.55,10.825,7.025,16.475,5.2,,,,,,,,,,85.5,0.3,,0.0,0.0,210.0,759.5,
2023-01-29 09:00:00,60.25,124.75,1.375,10.0,6.45,15.025,5.4,,,,,,,,,,80.75,0.3,,0.0,0.0,261.25,760.5,
2023-01-29 10:00:00,56.0,120.25,1.65,11.025,7.199999999999999,14.5,6.3999999999999995,,,,,,,,,,80.75,0.3,,0.0,0.0,229.5,759.75,
2023-01-29 11:00:00,49.5,120.0,1.9,9.425,6.55,15.625,4.0,,,,,,,,,,69.25,0.3,,0.0,0.0,547.25,758.5,
2023-01-29 12:00:00,46.25,99.5,1.4749999999999999,8.15,5.525,14.45,2.425,,,,,,,,,,67.0,0.3,,0.0,0.0,533.0,756.75,
2023-01-29 13:00:00,42.25,100.75,1.45,8.05,5.449999999999999,15.399999999999999,2.825,,,,,,,,,,67.25,0.3,,0.0,0.0,495.5,755.25,
2023-01-29 14:00:00,45.0,97.75,1.175,6.45,4.425,16.525,3.95,,,,,,,,,,68.0,0.3,,0.0,0.0,388.5,754.5,
2023-01-29 15:00:00,44.25,93.0,1.7,6.575,4.85,15.75,2.7249999999999996,,,,,,,,,,71.25,0.3,,0.0,0.0,228.75,754.0,
2023-01-29 16:00:00,47.75,98.25,1.375,7.075,4.9,16.45,1.5,,,,,,,,,,73.75,0.3,,0.0,0.0,132.75,754.25,
2023-01-29 17:00:00,38.0,96.25,1.6666666666666667,7.55,4.9750000000000005,14.85,1.075,,,,,,,,,,77.5,0.3,,0.0,0.0,47.0,755.0,
2023-01-29 18:00:00,39.75,96.25,1.375,8.625,5.675,14.425,1.275,,,,,,,,,,79.75,0.3,,0.0,0.0,16.75,756.0,
2023-01-29 19:00:00,43.0,90.0,1.3,8.9,5.75,14.225,0.19999999999999998,,,,,,,,,,81.0,0.3,,0.0,0.0,17.0,757.25,
2023-01-29 20:00:00,38.75,79.0,1.45,9.275,6.125,13.549999999999999,0.25,,,,,,,,,,81.75,0.3,,0.0,0.0,17.0,758.75,
2023-01-29 21:00:00,41.0,79.0,1.875,7.8500000000000005,5.75,14.425,0.4,,,,,,,,,,82.0,0.3,,0.0,0.0,17.0,759.0,
2023-01-29 22:00:00,33.0,70.75,1.45,8.8,5.875,15.2,0.1,,,,,,,,,,83.0,0.3,,0.0,0.0,17.25,759.0,
2023-01-29 23:00:00,34.75,70.75,1.925,6.975,5.275,15.175,,,,,,,,,,,84.5,0.3,,0.0,0.0,16.5,758.75,
2023-01-30 00:00:00,30.5,64.75,1.6,6.525,4.775,15.575,,,,,,,,,,,85.75,0.3,,0.0,0.0,16.75,757.5,
2023-01-30 01:00:00,28.75,65.25,1.825,6.05,4.65,14.575,,,,,,,,,,,86.0,0.3,,0.0,0.0,16.5,756.25,
2023-01-30 02:00:00,30.25,60.5,1.875,6.0,4.675,14.075,0.7333333333333334,,,,,,,,,,86.0,0.3,,0.0,0.0,16.5,756.0,
2023-01-30 03:00:00,35.0,60.75,1.3,5.525,3.975,14.2,0.65,,,,,,,,,,86.5,0.3,,0.0,0.0,16.5,755.0,
2023-01-30 04:00:00,29.75,59.25,1.725,8.35,5.825,13.05,0.5,,,,,,,,,,88.0,0.3,,0.0,0.0,16.0,755.25,
2023-01-30 05:00:00,32.5,69.25,1.325,9.675,6.225,13.2,1.475,,,,,,,,,,88.0,0.3,,0.0,0.0,16.0,756.25,
2023-01-30 06:00:00,37.5,85.0,2.125,14.5,9.425,13.5,0.925,,,,,,,,,,90.25,0.3,,0.0,0.0,15.25,757.5,
2023-01-30 07:00:00,48.75,104.25,2.575,15.35,10.275,13.675,0.2,,,,,,,,,,93.0,0.3,,0.0,0.0,22.75,758.75,
2023-01-30 08:00:00,56.5,121.75,3.725,17.45,12.299999999999999,12.875,0.8666666666666666,,,,,,,,,,94.25,0.3,,0.0,0.0,79.25,760.0,
2023-01-30 09:00:00,66.75,147.5,3.025,15.2,10.55,14.7,0.825,,,,,,,,,,86.5,0.3,,0.0,0.0,192.5,761.5,
2023-01-30 10:00:00,44.75,92.25,1.7000000000000002,10.8,7.125,14.325,0.75,,,,,,,,,,75.5,0.3,,0.0,0.0,440.75,762.0,
2023-01-30 11:00:00,32.5,64.75,1.5,8.399999999999999,5.7,14.95,0.2,,,,,,,,,,73.0,0.3,,0.0,0.0,530.0,760.75,
2023-01-30 12:00:00,24.25,63.25,1.375,8.225,5.5,13.75,0.20000000000000004,,,,,,,,,,74.0,0.3,,0.0,0.0,401.0,759.5,
2023-01-30 13:00:00,25.75,69.0,1.9,6.95,5.300000000000001,15.05,0.95,,,,,,,,,,73.0,0.3,,0.0,0.0,515.5,757.75,
2023-01-30 14:00:00,35.75,66.75,1.3250000000000002,6.85,4.725,15.600000000000001,0.6333333333333333,,,,,,,,,,74.0,0.3,,0.0,0.0,354.0,756.75,
2023-01-30 15:00:00,31.0,71.75,1.525,7.3,5.125,15.15,0.7,,,,,,,,,,74.75,0.3,,0.0,0.0,307.5,756.0,
2023-01-30 16:00:00,28.5,79.25,1.4,7.6499999999999995,5.175,14.775,1.4,,,,,,,,,,76.75,0.3,,0.0,0.0,169.25,756.75,
2023-01-30 17:00:00,31.75,84.75,2.15,11.375,7.824999999999999,13.7,4.75,,,,,,,,,,78.25,0.3,,0.0,0.0,41.0,757.0,
2023-01-30 18:00:00,38.75,104.25,1.6,15.6,9.6,11.8,10.3,,,,,,,,,,81.5,0.3,,0.0,0.0,16.0,758.0,
2023-01-30 19:00:00,42.75,89.25,1.7,12.875,8.2,13.3,5.4,,,,,,,,,,84.5,0.3,,0.0,0.0,15.75,759.25,
2023-01-30 20:00:00,40.5,82.5,1.625,14.125,8.825,12.975,4.85,,,,,,,,,,85.75,0.3,,0.0,0.0,16.0,760.0,
2023-01-30 21:00:00,46.0,95.75,1.35,14.125,8.6,12.775,7.074999999999999,,,,,,,,,,85.0,0.3,,0.0,0.0,16.0,761.0,
2023-01-30 22:00:00,46.75,89.0,1.025,8.95,5.575,14.6,3.6,,,,,,,,,,85.25,0.3,,0.0,0.0,16.0,760.0,
2023-01-30 23:00:00,39.75,70.75,1.1666666666666667,7.675,4.725,15.7,2.9,,,,,,,,,,85.25,0.3,,0.0,0.0,16.0,759.25,
2023-01-31 00:00:00,39.5,70.75,1.525,7.95,5.425,15.2,3.475,,,,,,,,,,86.0,0.3,,0.0,0.0,16.0,758.5,
2023-01-31 01:00:00,39.75,72.5,1.9333333333333333,7.225,5.0,15.925,2.975,,,,,,,,,,86.25,0.3,,0.0,0.0,16.0,757.25,
2023-01-31 02:00:00,35.5,72.75,1.475,8.3,5.625,14.3,4.25,,,,,,,,,,87.5,0.3,,0.0,0.0,15.75,756.25,
2023-01-31 03:00:00,35.75,78.5,1.55,7.025,5.0,14.225,5.075,,,,,,,,,,86.75,0.3,,0.0,0.0,15.25,755.75,
2023-01-31 04:00:00,41.75,80.5,1.425,7.925,5.4,14.175,3.625,,,,,,,,,,88.5,0.3,,0.0,0.0,15.75,755.0,
2023-01-31 05:00:00,45.25,83.75,0.825,10.125,6.050000000000001,13.925,2.45,,,,,,,,,,90.75,0.3,,0.0,0.0,16.25,756.0,
2023-01-31 06:00:00,53.5,99.75,1.2,12.575,7.65,13.675,3.875,,,,,,,,,,92.75,0.3,,0.0,0.0,17.75,757.25,
2023-01-31 07:00:00,67.75,131.75,3.125,14.100000000000001,10.05,14.55,4.95,,,,,,,,,,92.25,0.3,,0.0,0.0,48.0,758.75,
2023-01-31 08:00:00,69.25,131.25,2.7,14.1,9.65,14.875,3.275,,,,,,,,,,89.75,0.3,,0.0,0.0,127.5,760.5,
2023-01-31 09:00:00,69.75,141.0,2.675,13.675,9.475000000000001,15.05,1.975,,,,,,,,,,87.25,0.3,,0.0,0.0,169.25,761.0,
2023-01-31 10:00:00,72.0,150.5,1.25,11.325,7.025,15.15,2.3000000000000003,,,,,,,,,,83.0,0.3,,0.0,0.0,235.75,761.0,
2023-01-31 11:00:00,54.75,102.0,2.25,11.15,7.7,14.875,10.433333333333334,,,,,,,,,,73.5,0.3,,0.0,0.0,321.25,760.25,
2023-01-31 12:00:00,58.75,127.0,3.275,19.075,12.825,10.525,34.35,,,,,,,,,,69.5,0.3,,0.0,0.0,312.0,758.75,
2023-01-31 13:00:00,61.5,149.75,2.75,12.0,8.600000000000001,15.4,15.95,,,,,,,,,,71.75,0.3,,0.0,0.0,372.5,756.75,
2023-01-31 14:00:00,54.5,111.5,2.375,15.275,10.05,14.175,20.425,,,,,,,,,,71.0,0.3,,0.0,0.0,195.5,756.0,
2023-01-31 15:00:00,55.5,137.5,2.1,16.224999999999998,10.325,15.325,21.15,,,,,,,,,,71.25,0.3,,0.0,0.0,211.0,755.0,
2023-01-31 16:00:00,54.0,124.0,2.425,16.7,10.85,14.65,23.225,,,,,,,,,,73.5,0.3,,0.0,0.0,120.25,755.0,
2023-01-31 17:00:00,54.75,131.25,1.575,18.925,11.35,13.85,22.725,,,,,,,,,,76.25,0.3,,0.0,0.0,25.25,755.5,
2023-01-31 18:00:00,56.25,120.5,1.8,14.625,9.225,14.9,10.875,,,,,,,,,,81.25,0.3,,0.0,0.0,15.75,756.25,
2023-01-31 19:00:00,50.333333333333336,98.66666666666667,1.1333333333333333,11.466666666666667,7.0,15.133333333333333,2.3000000000000003,,,,,,,,,,83.33333333333333,0.3,,0.0,0.0,16.0,757.0,
2023-01-31 20:00:00,44.25,88.5,1.4,11.475,7.225,14.9,3.375,,,,,,,,,,84.0,0.3,,0.0,0.0,16.25,758.0,
2023-01-31 21:00:00,48.0,91.0,1.5250000000000001,11.7,7.45,14.85,2.5500000000000003,,,,,,,,,,86.75,0.3,,0.0,0.0,17.0,758.0,
2023-01-31 22:00:00,48.75,94.5,1.5,11.25,7.2,15.1,1.2999999999999998,,,,,,,,,,87.75,0.3,,0.0,0.0,17.5,758.0,
2023-01-31 23:00:00,51.0,96.0,1.7333333333333334,11.200000000000001,7.366666666666667,15.966666666666669,1.3333333333333333,,,,,,,,,,88.66666666666667,0.3,,0.0,0.0,17.333333333333332,757.3333333333334,
2023-02-01 00:00:00,43.0,86.5,1.575,8.8,5.95,17.125,1.5,,,,,,,,,,88.0,0.3,,0.0,0.0,16.75,756.75,
2023-02-01 01:00:00,37.0,71.75,1.175,9.0,5.725,16.6,1.85,,,,,,,,,,88.25,0.3,,0.0,0.0,17.0,755.5,
2023-02-01 02:00:00,38.0,79.0,1.7666666666666668,9.0,6.233333333333333,16.866666666666667,1.9333333333333333,,,,,,,,,,90.0,0.3,,0.0,0.0,17.0,755.0,
2023-02-01 03:00:00,39.5,80.5,1.4,8.75,5.824999999999999,14.9,2.025,,,,,,,,,,90.5,0.3,,0.0,0.0,17.0,755.0,
2023-02-01 04:00:00,41.5,80.75,1.275,9.725,6.225,14.174999999999999,1.125,,,,,,,,,,91.5,0.3,,0.0,0.0,16.5,755.0,
2023-02-01 05:00:00,54.0,103.75,1.4249999999999998,10.6,6.825,14.3,0.875,,,,,,,,,,92.5,0.3,,0.0,0.0,17.25,755.0,
2023-02-01 06:00:00,60.25,107.5,0.9750000000000001,11.925,7.125,14.75,0.75,,,,,,,,,,92.0,0.3,,0.0,0.0,20.0,755.5,
2023-02-01 07:00:00,66.0,128.0,1.575,12.525,7.9,16.075,0.6,,,,,,,,,,91.5,0.3,,0.0,0.0,63.5,757.0,
2023-02-01 08:00:00,75.0,139.75,2.425,11.575,8.125,17.2,1.275,,,,,,,,,,89.5,0.3,,0.0,0.0,107.25,758.75,
2023-02-01 09:00:00,55.5,110.75,2.125,10.85,7.5,17.225,1.375,,,,,,,,,,87.75,0.3,,0.0,0.0,173.75,760.0,
2023-02-01 10:00:00,51.25,100.25,2.2249999999999996,9.65,6.925,17.375,0.5,,,,,,,,,,81.0,0.3,,0.0,0.0,262.5,760.0,
2023-02-01 11:00:00,51.0,83.25,1.875,12.425,8.1,15.3,9.700000000000001,,,,,,,,,,73.75,0.3,,0.0,0.0,383.5,759.25,
2023-02-01 12:00:00,46.75,93.0,2.125,13.825,9.075,13.125,20.9,,,,,,,,,,70.75,0.3,,0.0,0.0,355.75,757.75,
2023-02-01 13:00:00,42.0,97.0,2.95,17.75,11.8,13.55,31.925,,,,,,,,,,69.5,0.3,,0.0,0.0,352.75,756.5,
2023-02-01 14:00:00,39.25,106.25,3.325,18.025,12.325,14.075,29.35,,,,,,,,,,70.0,0.3,,0.0,0.0,271.5,755.0,
2023-02-01 15:00:00,40.25,97.25,2.875,15.25,10.45,14.875,26.25,,,,,,,,,,71.25,0.3,,0.0,0.0,195.5,754.25,
2023-02-01 16:00:00,39.0,90.25,1.525,11.125,7.15,17.075,6.9,,,,,,,,,,74.75,0.3,,0.0,0.0,103.0,754.25,
2023-02-01 17:00:00,30.75,72.0,1.325,9.05,5.875,17.125,0.675,,,,,,,,,,78.5,0.3,,0.0,0.0,42.25,755.0,
2023-02-01 18:00:00,26.5,60.5,1.35,8.85,5.824999999999999,16.85,0.775,,,,,,,,,,81.5,0.3,,0.0,0.0,17.0,756.0,
2023-02-01 19:00:00,32.75,62.5,1.675,9.95,6.65,15.799999999999999,0.6,,,,,,,,,,83.5,0.3,,0.0,0.0,16.5,757.25,
2023-02-01 20:00:00,30.25,65.75,1.025,10.775,6.575,14.6,0.85,,,,,,,,,,85.0,0.3,,0.0,0.0,17.0,758.5,
2023-02-01 21:00:00,32.25,69.5,1.525,10.2,6.65,15.2,0.7749999999999999,,,,,,,,,,86.75,0.3,,0.0,0.0,17.0,759.0,
2023-02-01 22:00:00,26.75,63.0,1.475,8.8,5.9,15.7,1.8,,,,,,,,,,86.5,0.3,,0.0,0.0,17.5,758.75,
2023-02-01 23:00:00,25.75,54.0,0.875,8.0,4.975,15.600000000000001,2.6,,,,,,,,,,84.0,0.3,,0.0,0.0,16.0,758.5,
2023-02-02 00:00:00,26.0,50.0,1.75,11.4,7.5,16.0,4.05,,,,,,,,,,86.75,0.3,,0.0,0.0,17.0,757.25,
2023-02-02 01:00:00,30.5,65.5,1.075,10.125,6.25,17.025,3.9,,,,,,,,,,85.5,0.3,,0.0,0.0,17.0,756.5,
2023-02-02 02:00:00,33.75,64.5,1.725,9.0,6.2,17.075,6.25,,,,,,,,,,83.25,0.3,,0.0,0.0,17.0,755.75,
2023-02-02 03:00:00,30.75,55.5,1.225,7.2,4.825,16.85,6.025,,,,,,,,,,82.0,0.3,,0.0,0.0,17.0,755.0,
2023-02-02 04:00:00,32.25,52.5,1.775,7.875,5.625,15.100000000000001,6.05,,,,,,,,,,82.5,0.3,,0.0,0.0,15.75,755.0,
2023-02-02 05:00:00,31.5,55.75,1.75,7.475,5.375,15.1,5.95,,,,,,,,,,80.5,0.3,,0.0,0.0,16.0,755.25,
2023-02-02 06:00:00,35.75,57.75,1.6749999999999998,7.625,5.425,14.875,3.525,,,,,,,,,,80.5,0.3,,0.0,0.0,17.25,756.5,
2023-02-02 07:00:00,38.5,79.0,1.7,10.125,6.75,14.475,2.975,,,,,,,,,,80.5,0.3,,0.0,0.0,39.75,758.0,
2023-02-02 08:00:00,49.25,99.25,1.375,12.3,7.675000000000001,15.95,2.325,,,,,,,,,,79.75,0.3,,0.0,0.0,74.75,759.75,
2023-02-02 09:00:00,49.75,122.25,1.9000000000000001,10.875,7.35,17.075,2.95,,,,,,,,,,78.5,0.3,,0.0,0.0,121.0,761.0,
2023-02-02 10:00:00,50.0,116.0,1.275,10.8,6.825,17.325,4.066666666666667,,,,,,,,,,76.5,0.3,,0.0,0.0,141.0,761.0,
2023-02-02 11:00:00,54.75,120.0,1.575,14.725,9.15,16.925,13.266666666666666,,,,,,,,,,74.0,0.3,,0.0,0.0,119.0,760.5,
2023-02-02 12:00:00,59.75,138.5,1.55,14.5,9.0,15.274999999999999,15.8,,,,,,,,,,72.0,0.3,,0.0,0.0,274.5,759.0,
2023-02-02 13:00:00,57.0,127.5,1.45,10.5,6.75,17.1,6.65,,,,,,,,,,68.5,0.3,,0.0,0.0,224.75,757.25,
2023-02-02 14:00:00,51.25,118.5,1.4,10.575,6.800000000000001,16.25,5.975,,,,,,,,,,67.25,0.3,,0.0,0.0,178.0,756.0,
2023-02-02 15:00:00,52.5,121.25,2.05,12.2,8.15,16.549999999999997,9.375,,,,,,,,,,68.25,0.3,,0.0,0.0,115.5,755.75,
2023-02-02 16:00:00,55.0,123.25,1.975,15.1,9.625,18.775,14.725,,,,,,,,,,70.25,0.3,,0.0,0.0,80.0,756.0,
2023-02-02 17:00:00,60.75,146.0,0.9750000000000001,18.55,10.65,21.825000000000003,16.9,,,,,,,,,,73.0,0.3,,0.0,0.0,34.0,756.0,
2023-02-02 18:00:00,66.25,143.0,1.875,16.275,10.15,20.85,8.825,,,,,,,,,,77.0,0.3,,0.0,0.0,16.75,757.25,
2023-02-02 19:00:00,58.25,125.0,1.3,16.175,9.675,20.35,7.075,,,,,,,,,,76.5,0.3,,0.0,0.0,16.0,758.25,
2023-02-02 20:00:00,58.5,122.25,1.075,16.2,9.5,18.025000000000002,7.4,,,,,,,,,,76.75,0.3,,0.0,0.0,16.0,759.5,
2023-02-02 21:00:00,56.5,113.5,1.075,16.025,9.425,16.45,6.1,,,,,,,,,,77.5,0.3,,0.0,0.0,16.0,760.0,
2023-02-02 22:00:00,52.75,104.75,1.125,12.1,7.325,17.15,8.325,,,,,,,,,,78.25,0.3,,0.0,0.0,16.5,760.0,
2023-02-02 23:00:00,45.25,79.5,1.325,9.2,5.975,17.325,4.0,,,,,,,,,,79.0,0.3,,0.0,0.0,16.0,760.0,
2023-02-03 00:00:00,42.75,69.0,1.45,7.675,5.225,18.75,2.45,,,,,,,,,,80.25,0.3,,0.0,0.0,16.0,759.0,
2023-02-03 01:00:00,39.5,69.0,1.5,6.65,4.775,21.775,1.375,,,,,,,,,,80.5,0.3,,0.0,0.0,16.0,758.25,
2023-02-03 02:00:00,35.0,69.75,1.675,5.6,4.325,21.475,1.425,,,,,,,,,,81.0,0.3,,0.0,0.0,15.75,757.25,
2023-02-03 03:00:00,42.75,72.25,1.7,5.55,4.325,21.025,0.75,,,,,,,,,,83.0,0.3,,0.0,0.0,16.0,757.0,
2023-02-03 04:00:00,40.25,74.25,1.575,5.3,4.05,19.6,0.3,,,,,,,,,,84.25,0.3,,0.0,0.0,16.0,757.0,
2023-02-03 05:00:00,42.0,79.75,1.3,6.875,4.75,17.2,,,,,,,,,,,85.25,0.3,,0.0,0.0,16.0,757.25,
2023-02-03 06:00:00,39.75,88.5,1.5499999999999998,10.125,6.65,15.925,1.425,,,,,,,,,,86.25,0.3,,0.0,0.0,18.5,758.5,
2023-02-03 07:00:00,52.0,102.25,1.2666666666666666,14.425,8.2,14.85,2.75,,,,,,,,,,86.0,0.3,,0.0,0.0,63.5,759.5,
2023-02-03 08:00:00,53.25,110.25,1.6500000000000001,9.85,6.575,17.025,3.075,,,,,,,,,,82.0,0.3,,0.0,0.0,144.0,761.5,
2023-02-03 09:00:00,45.0,100.5,1.975,8.325,6.025,19.525,1.475,,,,,,,,,,77.25,0.3,,0.0,0.0,292.0,762.75,
2023-02-03 10:00:00,36.75,86.25,1.575,6.95,4.95,19.5,0.2,,,,,,,,,,75.0,0.3,,0.0,0.0,391.75,763.0,
2023-02-03 11:00:00,38.5,86.5,2.3,7.025,5.6,19.55,,,,,,,,,,,70.0,0.3,,0.0,0.0,549.25,762.25,
2023-02-03 12:00:00,36.5,93.5,1.3,7.45,4.975,18.525,1.75,,,,,,,,,,68.75,0.3,,0.0,0.0,463.75,760.5,
2023-02-03 13:00:00,33.0,89.5,2.1,7.300000000000001,4.6,18.35,2.175,,,,,,,,,,65.75,0.3,,0.0,0.0,507.0,758.5,
2023-02-03 14:00:00,28.75,85.75,1.225,9.95,6.25,16.0,10.925,,,,,,,,,,64.5,0.3,,0.0,0.0,441.0,757.0,
2023-02-03 15:00:00,41.0,115.0,4.0,19.400000000000002,13.6,13.366666666666667,44.6,,,,,,,,,,66.33333333333333,0.3,,0.0,0.0,227.33333333333334,756.0,
2023-02-03 16:00:00,56.0,149.25,2.75,19.7,12.7,14.3,36.475,,,,,,,,,,71.0,0.3,,0.0,0.0,110.5,756.0,
2023-02-03 17:00:00,58.5,139.5,2.1,19.025,11.825,15.6,23.6,,,,,,,,,,74.25,0.3,,0.0,0.0,40.75,756.5,
2023-02-03 18:00:00,53.25,122.5,1.7,17.15,10.5,16.825000000000003,17.5,,,,,,,,,,76.5,0.3,,0.0,0.0,16.5,757.5,
2023-02-03 19:00:00,43.333333333333336,107.0,2.0,13.266666666666666,8.666666666666666,17.366666666666667,9.1,,,,,,,,,,77.33333333333333,0.3,,0.0,0.0,16.0,759.6666666666666,
2023-02-03 20:00:00,47.5,95.25,1.65,12.375,7.9,18.049999999999997,8.6,,,,,,,,,,78.75,0.3,,0.0,0.0,16.5,760.5,
2023-02-03 21:00:00,48.75,88.75,1.45,10.75,6.9,17.175,8.05,,,,,,,,,,78.5,0.3,,0.0,0.0,17.75,762.0,
2023-02-03 22:00:00,37.75,83.75,1.525,9.45,6.275,16.775,7.5,,,,,,,,,,78.25,0.3,,0.0,0.0,17.0,761.75,
2023-02-03 23:00:00,35.0,78.25,1.55,9.0,6.05,16.675,8.524999999999999,,,,,,,,,,79.0,0.3,,0.0,0.0,16.75,760.75,
2023-02-04 00:00:00,37.5,70.25,1.875,6.875,5.175,17.05,8.225,,,,,,,,,,79.75,0.3,,0.0,0.0,16.25,759.5,
2023-02-04 01:00:00,35.0,60.25,1.3,6.175,4.324999999999999,17.625,6.85,,,,,,,,,,80.0,0.3,,0.0,0.0,17.0,758.25,
2023-02-04 02:00:00,31.25,56.25,1.425,5.625,4.175,19.775,2.85,,,,,,,,,,81.75,0.3,,0.0,0.0,16.75,757.0,
2023-02-04 03:00:00,29.5,61.0,1.05,6.35,4.225,19.275,1.325,,,,,,,,,,83.5,0.3,,0.0,0.0,17.0,757.0,
2023-02-04 04:00:00,31.0,66.5,0.875,7.725,4.8,19.05,1.825,,,,,,,,,,84.75,0.3,,0.0,0.0,17.5,756.5,
2023-02-04 05:00:00,35.75,79.25,1.65,10.3,6.825,16.175,3.55,,,,,,,,,,86.0,0.3,,0.0,0.0,17.75,757.0,
2023-02-04 06:00:00,50.25,100.0,1.85,13.025,8.45,14.025,2.5,,,,,,,,,,88.0,0.3,,0.0,0.0,21.5,758.25,
2023-02-04 07:00:00,54.5,121.0,2.225,15.15,9.875,13.325,1.625,,,,,,,,,,88.75,0.3,,0.0,0.0,74.75,759.25,
2023-02-04 08:00:00,67.0,145.75,3.05,17.075,11.55,13.25,5.125,,,,,,,,,,84.5,0.3,,0.0,0.0,217.0,761.0,
2023-02-04 09:00:00,70.5,160.0,2.2,15.15,9.85,15.25,12.4,,,,,,,,,,78.25,0.3,,0.0,0.0,314.75,762.0,
2023-02-04 10:00:00,63.75,144.0,2.05,13.8,9.0,17.625,15.533333333333333,,,,,,,,,,72.25,0.3,,0.0,0.0,351.5,762.0,
2023-02-04 11:00:00,64.25,152.25,2.9,15.175,10.4,17.8,30.899999999999995,,,,,,,,,,66.5,0.3,,0.0,0.0,570.0,761.5,
2023-02-04 12:00:00,59.5,154.75,1.85,13.3,8.6,17.975,20.775,,,,,,,,,,64.25,0.3,,0.0,0.0,567.25,760.0,
2023-02-04 13:00:00,59.5,137.75,2.0,13.1,8.649999999999999,17.450000000000003,20.775,,,,,,,,,,64.25,0.3,,0.0,0.0,528.5,758.5,
2023-02-04 14:00:00,58.75,135.0,1.875,14.725,9.35,15.375,27.65,,,,,,,,,,66.25,0.3,,0.0,0.0,414.0,757.0,
2023-02-04 15:00:00,66.5,160.25,1.5,13.525,8.4,16.1,21.825,,,,,,,,,,69.25,0.3,,0.0,0.0,290.5,756.0,
2023-02-04 16:00:00,56.25,145.75,1.5,14.375,8.875,16.275,18.55,,,,,,,,,,71.5,0.3,,0.0,0.0,157.0,756.0,
2023-02-04 17:00:00,59.25,147.75,1.875,17.65,10.9,14.75,20.625,,,,,,,,,,75.0,0.3,,0.0,0.0,51.5,756.0,
2023-02-04 18:00:00,68.75,157.75,1.675,21.725,12.9,14.899999999999999,29.05,,,,,,,,,,77.25,0.3,,0.0,0.0,16.75,756.75,
2023-02-04 19:00:00,72.0,153.0,1.35,14.375,8.725,17.85,11.125,,,,,,,,,,79.0,0.3,,0.0,0.0,16.0,758.0,
2023-02-04 20:00:00,57.25,121.25,1.625,14.875,9.2,17.025,7.675,,,,,,,,,,80.0,0.3,,0.0,0.0,17.0,759.5,
2023-02-04 21:00:00,53.5,111.5,1.15,12.45,7.55,17.675,4.2,,,,,,,,,,80.0,0.3,,0.0,0.0,17.0,760.0,
2023-02-04 22:00:00,39.75,92.5,1.05,11.075,6.725,16.325,1.2999999999999998,,,,,,,,,,80.0,0.3,,0.0,0.0,17.0,760.0,
2023-02-04 23:00:00,38.75,74.25,1.0,10.325,6.3,15.325,0.225,,,,,,,,,,80.75,0.3,,0.0,0.0,16.75,759.75,
2023-02-05 00:00:00,37.333333333333336,72.33333333333333,1.0,11.433333333333332,6.8999999999999995,14.9,2.1999999999999997,,,,,,,,,,83.0,0.3,,0.0,0.0,16.0,758.3333333333334,
2023-02-05 01:00:00,39.0,87.25,1.525,12.925,8.125,14.8,4.875,,,,,,,,,,85.0,0.3,,0.0,0.0,16.5,757.5,
2023-02-05 02:00:00,48.25,108.25,1.55,12.725000000000001,8.025,17.025,4.2,,,,,,,,,,86.0,0.3,,0.0,0.0,16.5,755.75,
2023-02-05 03:00:00,48.75,95.0,1.6,11.675,7.525,18.825,2.925,,,,,,,,,,86.0,0.3,,0.0,0.0,16.0,755.0,
2023-02-05 04:00:00,48.5,92.25,1.875,13.375,8.65,17.975,3.35,,,,,,,,,,87.5,0.3,,0.0,0.0,16.75,755.0,
2023-02-05 05:00:00,50.25,103.25,1.725,14.125,8.925,17.825,3.025,,,,,,,,,,90.0,0.3,,0.0,0.0,17.0,755.25,
2023-02-05 06:00:00,54.0,115.5,1.95,15.3,9.725,14.65,2.725,,,,,,,,,,90.75,0.3,,0.0,0.0,20.75,756.5,
2023-02-05 07:00:00,64.5,140.75,2.2,15.825,10.175,13.775,4.4,,,,,,,,,,91.0,0.3,,0.0,0.0,96.75,758.5,
2023-02-05 08:00:00,66.0,137.0,2.525,13.075,9.0,14.85,7.2,,,,,,,,,,84.5,0.3,,0.0,0.0,243.0,760.5,
2023-02-05 09:00:00,56.5,126.25,2.7750000000000004,14.125,9.75,14.7,15.95,,,,,,,,,,77.5,0.3,,0.0,0.0,335.0,761.5,
2023-02-05 10:00:00,50.75,112.0,2.075,9.3,6.625,16.1,11.200000000000001,,,,,,,,,,67.75,0.3,,0.0,0.0,513.75,761.75,
2023-02-05 11:00:00,36.25,80.5,1.85,7.800000000000001,5.65,19.275,5.533333333333334,,,,,,,,,,64.0,0.3,,0.0,0.0,572.75,760.75,
2023-02-05 12:00:00,29.5,66.25,1.675,6.775,5.0,18.6,3.075,,,,,,,,,,61.5,0.3,,0.0,0.0,600.75,759.5,
2023-02-05 13:00:00,25.0,61.75,2.1,6.9,5.35,19.0,1.775,,,,,,,,,,61.25,0.3,,0.0,0.0,543.25,758.0,
2023-02-05 14:00:00,24.5,55.5,1.3,6.125,4.3,16.85,1.55,,,,,,,,,,64.5,0.3,,0.0,0.0,492.5,757.0,
2023-02-05 15:00:00,23.5,56.5,1.175,5.875,4.1,16.45,1.6,,,,,,,,,,67.0,0.3,,0.0,0.0,369.5,757.0,
2023-02-05 16:00:00,25.25,56.75,1.25,5.85,4.15,16.675,2.025,,,,,,,,,,70.5,0.3,,0.0,0.0,185.0,757.0,
2023-02-05 17:00:00,27.75,64.5,1.05,6.35,4.225,16.65,2.05,,,,,,,,,,73.75,0.3,,0.0,0.0,48.5,757.0,
2023-02-05 18:00:00,32.0,74.25,1.2,7.025,4.725,15.850000000000001,1.45,,,,,,,,,,77.0,0.3,,0.0,0.0,17.5,757.25,
2023-02-05 19:00:00,30.75,81.0,1.625,7.4,5.275,17.55,1.0,,,,,,,,,,78.5,0.3,,0.0,0.0,16.0,758.5,
2023-02-05 20:00:00,37.25,80.0,1.2,8.1,5.3,17.5,0.975,,,,,,,,,,79.25,0.3,,0.0,0.0,16.25,759.5,
2023-02-05 21:00:00,42.75,81.0,1.75,10.7,7.125,16.5,2.325,,,,,,,,,,81.0,0.3,,0.0,0.0,16.75,760.0,
2023-02-05 22:00:00,48.5,97.75,1.675,13.950000000000001,8.775,15.45,3.65,,,,,,,,,,82.5,0.3,,0.0,0.0,17.25,760.25,
2023-02-05 23:00:00,52.5,113.5,1.575,13.425,8.425,14.4,4.45,,,,,,,,,,83.75,0.3,,0.0,0.0,17.0,760.0,
2023-02-06 00:00:00,57.25,115.5,1.45,11.125,7.075,15.4,3.3,,,,,,,,,,84.75,0.3,,0.0,0.0,17.5,759.25,
2023-02-06 01:00:00,49.75,105.5,1.325,10.375,6.6,15.7,2.875,,,,,,,,,,86.0,0.3,,0.0,0.0,17.0,758.25,
2023-02-06 02:00:00,53.25,99.75,1.45,11.75,7.425,15.325,3.475,,,,,,,,,,87.75,0.3,,0.0,0.0,17.75,757.5,
2023-02-06 03:00:00,58.0,105.25,0.875,11.0,6.575,18.525,2.975,,,,,,,,,,89.75,0.3,,0.0,0.0,18.0,757.0,
2023-02-06 04:00:00,60.25,106.5,1.825,10.125,6.85,19.125,2.325,,,,,,,,,,90.75,0.3,,0.0,0.0,18.25,757.0,
2023-02-06 05:00:00,57.75,106.75,1.4,10.25,6.575,19.025,2.3,,,,,,,,,,91.5,0.3,,0.0,0.0,18.25,757.75,
2023-02-06 06:00:00,54.75,100.75,1.525,11.6,7.375,18.125,1.9249999999999998,,,,,,,,,,92.5,0.3,,0.0,0.0,24.0,758.25,
2023-02-06 07:00:00,50.75,98.75,2.475,15.825000000000001,10.45,14.525,4.15,,,,,,,,,,90.75,0.3,,0.0,0.0,106.25,760.0,
2023-02-06 08:00:00,60.25,117.5,2.525,15.625,10.375,14.4,6.975,,,,,,,,,,85.75,0.3,,0.0,0.0,246.75,762.0,
2023-02-06 09:00:00,61.5,130.25,2.075,14.75,9.525,14.725000000000001,15.9,,,,,,,,,,78.5,0.3,,0.0,0.0,365.0,763.25,
2023-02-06 10:00:00,51.5,120.0,1.8,10.55,7.075,16.275,11.933333333333332,,,,,,,,,,68.75,0.3,,0.0,0.0,510.25,763.25,
2023-02-06 11:00:00,43.5,90.5,1.725,8.0,5.675,18.075,3.3666666666666667,,,,,,,,,,65.5,0.3,,0.0,0.0,576.5,762.5,
2023-02-06 12:00:00,40.5,72.5,0.775,8.875,5.375,18.275,2.05,,,,,,,,,,65.5,0.3,,0.0,0.0,597.25,760.75,
2023-02-06 13:00:00,35.25,67.25,1.7999999999999998,9.55,6.55,17.5,1.65,,,,,,,,,,66.0,0.3,,0.0,0.0,541.5,759.0,
2023-02-06 14:00:00,33.25,66.0,1.7,8.1,5.7,17.675,1.525,,,,,,,,,,68.5,0.3,,0.0,0.0,397.5,757.0,
2023-02-06 15:00:00,32.5,68.5,1.25,8.025,5.275,17.05,1.2,,,,,,,,,,71.25,0.3,,0.0,0.0,331.0,756.0,
2023-02-06 16:00:00,29.0,69.0,2.15,7.0,5.45,16.575,0.7333333333333333,,,,,,,,,,71.5,0.3,,0.0,0.0,183.25,756.0,
2023-02-06 17:00:00,32.25,78.5,1.925,9.075,6.35,15.575,0.26666666666666666,,,,,,,,,,72.75,0.3,,0.0,0.0,39.25,756.0,
2023-02-06 18:00:00,34.25,88.5,1.575,12.225,7.775,14.725,0.5333333333333333,,,,,,,,,,77.25,0.3,,0.0,0.0,16.75,756.75,
2023-02-06 19:00:00,36.25,85.25,1.25,11.95,7.375,14.625,0.16666666666666666,,,,,,,,,,81.0,0.3,,0.0,0.0,16.25,757.0,
2023-02-06 20:00:00,31.5,77.25,1.45,11.325,7.2,16.7,0.475,,,,,,,,,,83.25,0.3,,0.0,0.0,17.0,758.0,
2023-02-06 21:00:00,34.0,68.5,1.675,11.05,7.25,16.375,1.15,,,,,,,,,,85.0,0.3,,0.0,0.0,18.25,759.0,
2023-02-06 22:00:00,34.75,65.75,1.4,9.95,6.425,16.425,0.3333333333333333,,,,,,,,,,85.5,0.3,,0.0,0.0,20.5,759.0,
2023-02-06 23:00:00,26.0,58.0,1.8,9.025,6.25,16.375,0.7,,,,,,,,,,86.25,0.3,,0.0,0.0,20.5,758.0,
2023-02-07 00:00:00,19.75,44.75,1.366666666666667,7.65,4.875,15.475,,,,,,,,,,,87.5,0.3,,0.0,0.0,21.0,758.0,
2023-02-07 01:00:00,20.0,40.75,1.7750000000000001,7.15,5.225,15.125,,,,,,,,,,,88.0,0.3,,0.0,0.0,20.75,757.5,
2023-02-07 02:00:00,22.25,40.5,1.0,8.325,5.25,14.825,1.35,,,,,,,,,,88.25,0.3,,0.0,0.0,19.75,756.75,
2023-02-07 03:00:00,20.5,45.25,1.375,9.525,6.2,14.8,1.575,,,,,,,,,,89.0,0.3,,0.0,0.0,20.25,756.25,
2023-02-07 04:00:00,27.333333333333332,67.33333333333333,2.2666666666666666,14.166666666666666,9.4,15.466666666666667,2.033333333333333,,,,,,,,,,90.33333333333333,0.3,,0.0,0.0,20.0,757.0,
2023-02-07 05:00:00,41.5,100.5,9.2,16.975,16.525,11.4,3.25,,,,,,,,,,93.5,0.3,,0.0,0.0,20.25,757.5,
2023-02-07 06:00:00,57.25,137.25,15.25,17.775,21.85,9.475,24.6,,,,,,,,,,95.0,0.3,,0.0,0.0,24.5,758.75,
2023-02-07 07:00:00,73.5,171.75,19.45,22.325,27.700000000000003,7.625,10.2,,,,,,,,,,93.0,0.3,,0.0,0.0,90.25,760.25,
2023-02-07 08:00:00,73.5,167.75,15.5,24.8,25.799999999999997,9.15,9.35,,,,,,,,,,84.5,0.3,,0.0,0.0,201.75,762.0,
2023-02-07 09:00:00,68.0,150.0,10.4,22.9,20.65,12.3,7.4,,,,,,,,,,77.0,0.3,,0.0,0.0,321.5,763.25,
2023-02-07 10:00:00,58.0,136.5,6.975,14.025,13.15,16.125,5.566666666666666,,,,,,,,,,69.5,0.3,,0.0,0.0,452.75,763.0,
2023-02-07 11:00:00,35.5,85.5,3.55,13.075,9.85,16.55,2.3333333333333335,,,,,,,,,,67.0,0.3,,0.0,0.0,557.5,761.75,
2023-02-07 12:00:00,32.25,79.25,1.15,11.55,7.075,17.225,2.825,,,,,,,,,,67.25,0.3,,0.0,0.0,572.75,760.0,
2023-02-07 13:00:00,35.0,71.75,2.4,9.5,7.0,18.15,2.4,,,,,,,,,,68.5,0.3,,0.0,0.0,544.25,758.0,
2023-02-07 14:00:00,32.0,67.5,1.675,8.275,5.800000000000001,17.5,1.2,,,,,,,,,,68.5,0.3,,0.0,0.0,470.75,756.5,
2023-02-07 15:00:00,33.75,83.25,1.475,8.3,5.6,17.275,0.975,,,,,,,,,,69.0,0.3,,0.0,0.0,350.25,755.5,
2023-02-07 16:00:00,35.5,97.75,1.55,8.55,5.825,16.15,1.375,,,,,,,,,,68.75,0.3,,0.0,0.0,170.75,755.0,
2023-02-07 17:00:00,25.5,71.5,1.725,7.525,5.4,16.325,0.625,,,,,,,,,,72.5,0.3,,0.0,0.0,48.75,755.0,
2023-02-07 18:00:00,27.5,79.5,1.2750000000000001,8.025,5.3,16.125,0.875,,,,,,,,,,76.75,0.3,,0.0,0.0,17.25,756.0,
2023-02-07 19:00:00,29.25,62.5,1.225,9.1,5.825,16.2,0.7000000000000001,,,,,,,,,,80.0,0.3,,0.0,0.0,17.0,757.25,
2023-02-07 20:00:00,30.75,61.25,1.15,9.6,6.025,16.15,1.35,,,,,,,,,,81.5,0.3,,0.0,0.0,17.0,759.0,
2023-02-07 21:00:00,32.75,62.25,1.375,10.0,6.4,17.2,1.55,,,,,,,,,,82.0,0.3,,0.0,0.0,17.0,759.0,
2023-02-07 22:00:00,31.333333333333332,64.33333333333333,1.9000000000000001,9.633333333333333,6.7,16.933333333333334,1.2,,,,,,,,,,82.0,0.3,,0.0,0.0,15.0,759.0,
2023-02-07 23:00:00,31.5,65.0,2.0,8.85,6.3,17.15,0.95,,,,,,,,,,82.0,0.3,,0.0,0.0,15.0,759.0,
2023-02-08 00:00:00,33.5,58.0,1.325,8.825,5.8,16.099999999999998,1.625,,,,,,,,,,82.75,0.3,,0.0,0.0,15.5,758.0,
2023-02-08 01:00:00,27.0,56.5,1.375,10.825,6.9,14.15,1.825,,,,,,,,,,84.5,0.3,,0.0,0.0,16.0,757.25,
2023-02-08 02:00:00,31.25,61.0,0.7,12.575,7.2749999999999995,13.4,0.675,,,,,,,,,,86.0,0.3,,0.0,0.0,16.0,756.25,
2023-02-08 03:00:00,36.666666666666664,67.33333333333333,1.4666666666666668,14.633333333333333,8.966666666666667,12.833333333333334,2.0666666666666664,,,,,,,,,,87.33333333333333,0.3,,0.0,0.0,16.0,756.0,
2023-02-08 04:00:00,40.25,85.75,1.225,17.8,10.475,12.75,1.95,,,,,,,,,,88.75,0.3,,0.0,0.0,16.0,756.0,
2023-02-08 05:00:00,45.25,110.5,2.475,19.299999999999997,12.3,14.4,2.225,,,,,,,,,,89.5,0.3,,0.0,0.0,16.0,756.75,
2023-02-08 06:00:00,58.0,135.0,3.3,21.075,13.925,13.65,3.25,,,,,,,,,,91.0,0.3,,0.0,0.0,20.25,758.25,
2023-02-08 07:00:00,58.0,138.75,4.525,20.375,14.5,13.6,4.675,,,,,,,,,,88.75,0.3,,0.0,0.0,92.75,759.75,
2023-02-08 08:00:00,57.5,132.0,4.625,19.4,14.075,13.475,4.775,,,,,,,,,,80.0,0.3,,0.0,0.0,229.25,761.75,
2023-02-08 09:00:00,48.75,112.25,1.875,9.075,6.35,16.525,2.65,,,,,,,,,,73.75,0.3,,0.0,0.0,383.0,762.75,
2023-02-08 10:00:00,26.5,55.5,1.525,7.625,5.3,15.875,2.433333333333333,,,,,,,,,,70.0,0.3,,0.0,0.0,500.75,763.0,
2023-02-08 11:00:00,26.5,64.5,1.1666666666666667,7.6,4.725,15.8,2.4,,,,,,,,,,67.0,0.3,,0.0,0.0,564.25,762.25,
2023-02-08 12:00:00,29.5,66.75,1.55,6.8,4.9,15.7,1.0,,,,,,,,,,65.75,0.3,,0.0,0.0,573.25,760.5,
2023-02-08 13:00:00,26.5,64.75,2.0,8.1,5.95,16.700000000000003,1.325,,,,,,,,,,66.75,0.3,,0.0,0.0,539.0,758.25,
2023-02-08 14:00:00,31.75,77.75,1.5,8.966666666666667,6.0,14.075,4.3,,,,,,,,,,67.5,0.3,,0.0,0.0,458.25,757.0,
2023-02-08 15:00:00,34.75,77.25,1.175,10.175,6.35,17.75,7.8,,,,,,,,,,69.75,0.3,,0.0,0.0,341.25,756.5,
2023-02-08 16:00:00,37.5,89.5,1.8,12.25,7.95,17.4,41.8,,,,,,,,,,72.5,0.3,,0.0,0.0,166.25,756.0,
2023-02-08 17:00:00,41.0,95.75,1.05,13.05,7.85,14.95,2.175,,,,,,,,,,73.25,0.3,,0.0,0.0,58.25,756.5,
2023-02-08 18:00:00,44.0,85.0,32.275,24.099999999999998,39.050000000000004,16.066666666666666,1.625,,,,,,,,,,76.75,0.3,,0.0,0.0,19.25,757.25,
2023-02-08 19:00:00,33.25,62.5,1.9,14.875,9.45,16.975,1.425,,,,,,,,,,80.0,0.3,,0.0,0.0,17.0,758.5,
2023-02-08 20:00:00,26.0,56.75,1.775,13.325,8.575,16.675,0.5499999999999999,,,,,,,,,,81.75,0.3,,0.0,0.0,17.0,759.5,
2023-02-08 21:00:00,26.0,58.0,1.9500000000000002,15.674999999999999,9.925,15.45,0.725,,,,,,,,,,81.75,0.3,,0.0,0.0,16.75,760.0,
2023-02-08 22:00:00,39.75,68.75,2.05,14.625,9.425,16.85,0.20000000000000004,,,,,,,,,,83.0,0.3,,0.0,0.0,15.25,760.0,
2023-02-08 23:00:00,24.75,55.5,1.875,12.5,8.15,17.05,0.3,,,,,,,,,,83.25,0.3,,0.0,0.0,15.75,759.5,
2023-02-09 00:00:00,21.0,54.75,1.9,12.5,8.2,17.1,1.0,,,,,,,,,,84.75,0.3,,0.0,0.0,16.0,759.0,
2023-02-09 01:00:00,30.666666666666668,61.666666666666664,1.5999999999999999,15.300000000000002,9.433333333333334,13.933333333333332,1.2,,,,,,,,,,86.33333333333333,0.3,,0.0,0.0,16.0,757.6666666666666,
2023-02-09 02:00:00,31.75,71.5,2.15,18.0,11.325,12.65,1.575,,,,,,,,,,87.5,0.3,,0.0,0.0,16.0,756.75,
2023-02-09 03:00:00,33.25,80.5,8.925,19.325000000000003,17.5,8.3,1.25,,,,,,,,,,88.5,0.3,,0.0,0.0,16.0,756.0,
2023-02-09 04:00:00,47.25,115.5,16.95,19.35,24.05,5.975,1.925,,,,,,,,,,90.0,0.3,,0.0,0.0,16.0,756.0,
2023-02-09 05:00:00,70.25,157.75,20.325,17.6,25.9,9.15,2.375,,,,,,,,,,91.25,0.3,,0.0,0.0,16.0,756.5,
2023-02-09 06:00:00,76.33333333333333,178.66666666666666,38.0,17.866666666666667,40.4,4.466666666666667,5.3,,,,,,,,,,92.33333333333333,0.3,,0.0,0.0,22.333333333333332,757.6666666666666,
2023-02-09 07:00:00,85.0,199.0,40.375,21.05,44.0,5.0,8.55,,,,,,,,,,90.5,0.3,,0.0,0.0,81.25,759.5,
2023-02-09 08:00:00,93.0,216.25,31.35,23.85,38.175000000000004,11.125,14.575,,,,,,,,,,83.25,0.3,,0.0,0.0,170.75,761.0,
2023-02-09 09:00:00,76.0,190.0,22.925,22.375,30.55,15.625,10.675,,,,,,,,,,79.0,0.3,,0.0,0.0,191.25,762.75,
2023-02-09 10:00:00,57.0,134.5,18.9,16.7,24.225,18.025,7.466666666666668,,,,,,,,,,71.75,0.3,,0.0,0.0,430.75,763.75,
2023-02-09 11:00:00,42.25,94.25,8.633333333333333,16.933333333333334,16.03333333333333,20.633333333333333,4.0,,,,,,,,,,69.0,0.3,,0.0,0.0,466.5,763.0,
2023-02-09 12:00:00,34.0,63.25,1.7333333333333332,11.533333333333333,7.5,19.3,2.5,,,,,,,,,,67.25,0.3,,0.0,0.0,574.75,761.75,
2023-02-09 13:00:00,31.0,46.25,1.35,9.825,6.3,17.6,2.025,,,,,,,,,,63.75,0.3,,0.0,0.0,564.0,759.75,
2023-02-09 14:00:00,26.25,53.5,1.425,8.15,5.5,19.725,1.125,,,,,,,,,,63.75,0.3,,0.0,0.0,501.5,758.5,
2023-02-09 15:00:00,34.25,86.25,1.5,7.574999999999999,5.25,19.675,0.95,,,,,,,,,,62.5,0.3,,0.0,0.0,370.5,758.0,
2023-02-09 16:00:00,19.0,48.5,1.9,8.45,6.025,18.575,0.9333333333333332,,,,,,,,,,64.5,0.3,,0.0,0.0,156.75,758.0,
2023-02-09 17:00:00,18.25,58.5,1.4,8.975,5.9,18.4,0.35,,,,,,,,,,71.5,0.3,,0.0,0.0,46.75,758.25,
2023-02-09 18:00:00,24.0,52.75,1.425,10.45,6.7,17.375,,,,,,,,,,,77.25,0.3,,0.0,0.0,18.5,759.5,
2023-02-09 19:00:00,22.25,42.0,1.05,11.7,7.075,17.025,,,,,,,,,,,79.0,0.3,,0.0,0.0,16.75,760.5,
2023-02-09 20:00:00,23.5,46.5,2.15,11.2,7.675,16.1,0.15000000000000002,,,,,,,,,,79.5,0.3,,0.0,0.0,14.25,761.5,
2023-02-09 21:00:00,17.5,41.25,1.6,11.3,7.325,16.375,0.75,,,,,,,,,,80.25,0.3,,0.0,0.0,16.0,762.5,
2023-02-09 22:00:00,21.5,38.0,1.525,10.575,6.875,18.174999999999997,0.7,,,,,,,,,,82.0,0.3,,0.0,0.0,16.0,763.0,
2023-02-09 23:00:00,19.25,36.25,1.5,9.625,6.325,19.125,0.65,,,,,,,,,,83.5,0.3,,0.0,0.0,16.0,762.5,
2023-02-10 00:00:00,14.75,36.25,2.15,8.1,6.075,19.025,0.9,,,,,,,,,,84.5,0.3,,0.0,0.0,16.0,761.25,
2023-02-10 01:00:00,9.5,25.75,1.775,8.2,5.775,18.975,1.075,,,,,,,,,,86.75,0.3,,0.0,0.0,16.0,760.5,
2023-02-10 02:00:00,14.25,26.0,1.725,7.425,5.325,16.95,0.725,,,,,,,,,,87.75,0.3,,0.0,0.0,16.0,759.5,
2023-02-10 03:00:00,21.0,41.0,14.0,14.25,18.975,7.5,0.9249999999999999,,,,,,,,,,89.25,0.3,,0.0,0.0,17.0,759.0,
2023-02-10 04:00:00,43.0,112.5,22.2,15.95,26.525,4.4,52.675,,,,,,,,,,91.25,0.3,,0.0,0.0,16.75,759.0,
2023-02-10 05:00:00,53.25,136.0,24.9,15.6,28.55,7.3,13.175,,,,,,,,,,92.0,0.3,,0.0,0.0,16.25,759.75,
2023-02-10 06:00:00,49.75,127.75,28.9,14.975,31.475,10.775,6.325,,,,,,,,,,93.25,0.3,,0.0,0.0,22.5,760.5,
2023-02-10 07:00:00,54.5,125.0,31.325,15.075,33.5,12.475,6.75,,,,,,,,,,90.75,0.3,,0.0,0.0,107.75,762.25,
2023-02-10 08:00:00,55.5,135.5,24.55,16.0,28.475,15.850000000000001,5.25,,,,,,,,,,82.0,0.3,,0.0,0.0,254.75,764.25,
2023-02-10 09:00:00,59.0,126.75,19.95,14.850000000000001,24.1,17.625,4.1,,,,,,,,,,70.0,0.3,,0.0,0.0,387.0,765.75,
2023-02-10 10:00:00,48.0,115.25,16.65,17.424999999999997,22.8,15.85,8.275,,,,,,,,,,59.5,0.3,,0.0,0.0,486.75,765.75,
2023-02-10 11:00:00,51.0,117.25,6.575,23.15,17.675,16.6,9.575,,,,,,,,,,51.75,0.3,,0.0,0.0,549.0,764.5,
2023-02-10 12:00:00,49.75,112.0,1.2,16.875,9.95,17.15,6.575,,,,,,,,,,50.5,0.3,,0.0,0.0,559.25,762.5,
2023-02-10 13:00:00,45.25,107.25,1.525,14.55,9.025,16.425,5.825,,,,,,,,,,54.25,0.3,,0.0,0.0,529.25,760.5,
2023-02-10 14:00:00,42.75,91.75,1.65,12.675,8.075,17.650000000000002,5.525,,,,,,,,,,56.25,0.3,,0.0,0.0,455.75,759.25,
2023-02-10 15:00:00,39.75,83.25,1.175,11.025,6.85,19.7,4.675,,,,,,,,,,62.0,0.3,,0.0,0.0,338.0,758.0,
2023-02-10 16:00:00,31.75,67.25,1.75,9.649999999999999,6.574999999999999,19.275,2.8,,,,,,,,,,65.0,0.3,,0.0,0.0,141.5,758.0,
2023-02-10 17:00:00,27.5,65.0,2.2,9.1,6.6,18.4,1.95,,,,,,,,,,65.75,0.3,,0.0,0.0,43.75,758.75,
2023-02-10 18:00:00,25.25,70.25,1.925,11.6,7.75,17.075,1.35,,,,,,,,,,67.75,0.3,,0.0,0.0,17.5,759.25,
2023-02-10 19:00:00,24.0,61.5,2.2,14.575,9.525,14.725,1.9,,,,,,,,,,69.25,0.3,,0.0,0.0,16.0,760.5,
2023-02-10 20:00:00,27.75,69.0,1.975,14.95,9.575,14.75,1.975,,,,,,,,,,71.5,0.3,,0.0,0.0,16.0,762.0,
2023-02-10 21:00:00,29.0,68.75,1.65,14.425,8.975,15.1,1.4249999999999998,,,,,,,,,,75.25,0.3,,0.0,0.0,16.0,762.75,
2023-02-10 22:00:00,27.0,66.25,1.65,12.4,7.95,16.0,0.6749999999999999,,,,,,,,,,77.5,0.3,,0.0,0.0,16.0,763.0,
2023-02-10 23:00:00,28.75,60.25,1.35,11.05,6.975,18.825,0.5,,,,,,,,,,80.5,0.3,,0.0,0.0,16.0,762.75,
2023-02-11 00:00:00,25.0,56.0,1.3,9.05,5.9,19.35,1.85,,,,,,,,,,82.75,0.3,,0.0,0.0,16.0,761.5,
2023-02-11 01:00:00,26.0,51.0,1.375,9.35,6.1,18.625,1.525,,,,,,,,,,83.25,0.3,,0.0,0.0,16.0,760.25,
2023-02-11 02:00:00,28.75,53.75,1.875,8.475,6.05,18.625,1.025,,,,,,,,,,84.5,0.3,,0.0,0.0,16.0,759.75,
2023-02-11 03:00:00,32.75,68.25,12.049999999999999,15.675,18.15,11.5,1.025,,,,,,,,,,85.25,0.3,,0.0,0.0,16.0,759.0,
2023-02-11 04:00:00,54.75,126.0,18.1,18.425,24.5,6.074999999999999,2.175,,,,,,,,,,86.0,0.3,,0.0,0.0,16.0,759.0,
2023-02-11 05:00:00,73.25,154.0,20.425,16.3,25.275,9.525,2.475,,,,,,,,,,86.5,0.3,,0.0,0.0,16.75,759.25,
2023-02-11 06:00:00,60.25,130.0,28.625,15.0,31.25,8.825,2.7,,,,,,,,,,88.5,0.3,,0.0,0.0,20.25,760.75,
2023-02-11 07:00:00,66.0,135.25,32.050000000000004,16.65,34.9,11.0,3.4,,,,,,,,,,86.25,0.3,,0.0,0.0,76.0,762.0,
2023-02-11 08:00:00,70.5,151.5,25.1,20.125,31.1,15.825000000000001,4.525,,,,,,,,,,80.75,0.3,,0.0,0.0,164.75,763.75,
2023-02-11 09:00:00,65.75,156.25,21.0,20.625,28.075,17.1,4.5,,,,,,,,,,78.0,0.3,,0.0,0.0,227.25,765.0,
2023-02-11 10:00:00,62.75,155.0,15.45,15.0,20.575,20.425,3.9749999999999996,,,,,,,,,,73.5,0.3,,0.0,0.0,334.75,765.0,
2023-02-11 11:00:00,57.75,130.0,11.725,18.35,19.3,17.025,4.1,,,,,,,,,,69.75,0.3,,0.0,0.0,344.5,764.25,
2023-02-11 12:00:00,61.25,153.75,6.45,20.325,16.05,16.05,5.65,,,,,,,,,,63.0,0.3,,0.0,0.0,416.5,762.5,
2023-02-11 13:00:00,60.0,159.5,1.7,21.325000000000003,12.75,15.7,6.4,,,,,,,,,,60.5,0.3,,0.0,0.0,448.0,760.75,
2023-02-11 14:00:00,67.25,168.75,1.975,18.2,11.3,16.0,6.2,,,,,,,,,,59.25,0.3,,0.0,0.0,320.75,759.5,
2023-02-11 15:00:00,54.25,137.25,1.725,16.65,10.225,17.25,7.85,,,,,,,,,,63.0,0.3,,0.0,0.0,213.0,759.0,
2023-02-11 16:00:00,59.75,134.75,1.5499999999999998,17.4,10.55,18.775,3.9000000000000004,,,,,,,,,,65.75,0.3,,0.0,0.0,99.25,758.0,
2023-02-11 17:00:00,64.5,138.25,2.025,18.55,11.5,17.65,2.975,,,,,,,,,,68.75,0.3,,0.0,0.0,50.5,758.75,
2023-02-11 18:00:00,65.75,154.5,1.725,21.25,12.675,16.3,2.55,,,,,,,,,,71.25,0.3,,0.0,0.0,17.25,759.5,
2023-02-11 19:00:00,70.75,160.25,1.375,22.625,13.125,13.875,2.475,,,,,,,,,,75.75,0.3,,0.0,0.0,16.0,760.75,
2023-02-11 20:00:00,61.0,146.0,1.0999999999999999,19.3,11.166666666666666,13.799999999999999,1.6333333333333335,,,,,,,,,,79.0,0.3,,0.0,0.0,16.0,762.0,
2023-02-11 21:00:00,60.5,127.5,1.625,20.725,12.325,13.05,1.1,,,,,,,,,,82.75,0.3,,0.0,0.0,17.0,763.0,
2023-02-11 22:00:00,56.75,117.25,1.0,18.700000000000003,10.575,13.8,1.175,,,,,,,,,,84.75,0.3,,0.0,0.0,16.25,763.0,
2023-02-11 23:00:00,49.0,104.5,1.375,14.925,9.075,15.7,1.3,,,,,,,,,,85.5,0.3,,0.0,0.0,16.25,763.0,
2023-02-12 00:00:00,47.0,93.0,1.925,23.675,14.125,15.225,0.2,,,,,,,,,,88.5,0.3,,0.0,0.0,17.25,762.0,
2023-02-12 01:00:00,49.25,101.25,2.75,24.875,15.450000000000001,14.45,0.2,,,,,,,,,,90.5,0.3,,0.0,0.0,17.0,760.75,
2023-02-12 02:00:00,53.0,123.0,8.45,27.75,21.65,10.700000000000001,0.2333333333333333,,,,,,,,,,91.0,0.3,,0.0,0.0,17.0,759.75,
2023-02-12 03:00:00,77.5,182.25,22.3,30.2,34.225,3.025,0.5,,,,,,,,,,92.75,0.3,,0.0,0.0,18.0,759.0,
2023-02-12 04:00:00,93.25,210.75,11.15,27.275,23.575,12.425,0.5,,,,,,,,,,95.0,0.3,,0.0,0.0,17.75,758.75,
2023-02-12 05:00:00,80.75,165.25,10.775,28.625,23.95,12.975,0.65,,,,,,,,,,95.5,0.3,,0.0,0.0,17.0,759.75,
2023-02-12 06:00:00,77.0,159.0,13.125,32.025000000000006,27.7,10.25,0.575,,,,,,,,,,95.0,0.3,,0.0,0.0,23.0,761.0,
2023-02-12 07:00:00,79.5,166.25,11.875,26.5,23.775,13.45,0.75,,,,,,,,,,90.5,0.3,,0.0,0.0,113.0,762.5,
2023-02-12 08:00:00,81.75,163.0,8.7,20.95,18.225,17.45,2.55,,,,,,,,,,82.0,0.3,,0.0,0.0,266.75,764.5,
2023-02-12 09:00:00,62.0,131.75,5.75,16.15,13.25,19.05,2.675,,,,,,,,,,74.75,0.3,,0.0,0.0,412.25,766.0,
2023-02-12 10:00:00,50.75,105.5,2.9,14.65,10.15,18.4,2.75,,,,,,,,,,65.75,0.3,,0.0,0.0,514.25,766.0,
2023-02-12 11:00:00,51.75,114.75,1.4,13.475,8.3,18.375,2.95,,,,,,,,,,55.5,0.3,,0.0,0.0,591.0,765.0,
2023-02-12 12:00:00,46.5,101.5,1.275,10.9,6.85,16.4,3.45,,,,,,,,,,60.75,0.3,,0.0,0.0,605.0,763.25,
2023-02-12 13:00:00,42.5,99.75,1.525,10.3,6.75,15.950000000000001,11.125,,,,,,,,,,55.25,0.3,,0.0,0.0,588.75,761.5,
2023-02-12 14:00:00,47.5,107.25,1.875,15.825,9.95,14.55,38.8,,,,,,,,,,52.0,0.3,,0.0,0.0,510.75,760.0,
2023-02-12 15:00:00,53.75,119.5,1.5999999999999999,11.2,7.25,17.175,9.775,,,,,,,,,,50.5,0.3,,0.0,0.0,385.25,759.25,
2023-02-12 16:00:00,39.25,81.75,0.8500000000000001,9.475,5.725,18.0,3.4,,,,,,,,,,53.5,0.3,,0.0,0.0,111.25,759.0,
2023-02-12 17:00:00,35.5,81.25,1.2,8.775,5.65,18.85,2.45,,,,,,,,,,59.5,0.3,,0.0,0.0,43.25,759.0,
2023-02-12 18:00:00,41.75,84.0,1.0999999999999999,9.9,5.875,18.75,2.225,,,,,,,,,,70.25,0.3,,0.0,0.0,18.5,759.75,
2023-02-12 19:00:00,46.75,90.0,1.425,10.95,6.95,18.1,2.2,,,,,,,,,,73.75,0.3,,0.0,0.0,16.5,760.5,
2023-02-12 20:00:00,44.75,90.75,1.25,13.775,8.3,15.8,2.8,,,,,,,,,,75.5,0.3,,0.0,0.0,16.0,761.75,
2023-02-12 21:00:00,42.5,93.25,0.75,15.05,8.575,15.0,3.05,,,,,,,,,,76.0,0.3,,0.0,0.0,16.0,762.75,
2023-02-12 22:00:00,45.5,92.5,1.425,16.675,10.025,13.55,1.2,,,,,,,,,,77.25,0.3,,0.0,0.0,16.0,763.0,
2023-02-12 23:00:00,44.25,92.5,2.15,22.35,13.6,11.35,0.925,,,,,,,,,,80.25,0.3,,0.0,0.0,16.0,762.25,
2023-02-13 00:00:00,53.5,105.75,3.075,24.975,15.775,11.475,1.25,,,,,,,,,,81.75,0.3,,0.0,0.0,16.25,761.0,
2023-02-13 01:00:00,53.5,114.5,6.9,25.7,19.275,11.175,3.2,,,,,,,,,,83.5,0.3,,0.0,0.0,17.0,760.25,
2023-02-13 02:00:00,60.0,146.0,11.7,22.85,21.65,9.725,4.05,,,,,,,,,,87.5,0.3,,0.0,0.0,17.0,759.0,
2023-02-13 03:00:00,68.5,166.75,19.05,21.075,26.725,7.225,4.05,,,,,,,,,,89.75,0.3,,0.0,0.0,17.0,759.0,
2023-02-13 04:00:00,76.5,203.0,16.325,18.925,23.35,8.875,3.65,,,,,,,,,,91.0,0.3,,0.0,0.0,17.0,759.0,
2023-02-13 05:00:00,80.5,205.75,18.325,18.225,24.6,8.25,3.8,,,,,,,,,,91.25,0.3,,0.0,0.0,17.0,759.5,
2023-02-13 06:00:00,87.66666666666667,202.0,21.233333333333334,21.7,28.833333333333332,6.966666666666666,3.3333333333333335,,,,,,,,,,90.33333333333333,0.3,,0.0,0.0,24.666666666666668,760.6666666666666,
2023-02-13 07:00:00,87.75,202.0,28.674999999999997,24.4,36.3,3.65,4.8,,,,,,,,,,83.75,0.3,,0.0,0.0,112.75,762.75,
2023-02-13 08:00:00,90.0,220.0,24.25,27.225,34.2,6.7,7.375,,,,,,,,,,70.25,0.3,,0.0,0.0,271.25,764.75,
2023-02-13 09:00:00,84.5,207.0,13.0,23.375,23.0,16.5,6.15,,,,,,,,,,68.25,0.3,,0.0,0.0,400.0,766.5,
2023-02-13 10:00:00,68.75,164.5,6.6,24.974999999999998,18.65,17.125,6.65,,,,,,,,,,59.0,0.3,,0.0,0.0,493.75,766.0,
2023-02-13 11:00:00,68.5,154.5,2.8499999999999996,23.5,14.8,17.15,6.7250000000000005,,,,,,,,,,56.5,0.3,,0.0,0.0,553.5,765.25,
2023-02-13 12:00:00,56.75,147.5,1.9,17.825,11.025,17.725,7.575,,,,,,,,,,50.25,0.3,,0.0,0.0,596.25,763.5,
2023-02-13 13:00:00,45.75,121.0,1.9249999999999998,14.975,9.55,15.8,12.45,,,,,,,,,,54.75,0.3,,0.0,0.0,572.75,761.5,
2023-02-13 14:00:00,49.0,116.75,2.45,14.75,9.85,15.425,15.05,,,,,,,,,,53.75,0.3,,0.0,0.0,497.75,759.75,
2023-02-13 15:00:00,44.75,107.66666666666667,3.2,15.775,11.025,14.425,19.224999999999998,,,,,,,,,,53.0,0.3,,0.0,0.0,369.25,759.0,
2023-02-13 16:00:00,50.75,105.75,1.975,15.05,9.65,15.350000000000001,9.5,,,,,,,,,,59.0,0.3,,0.0,0.0,103.25,759.0,
2023-02-13 17:00:00,49.0,120.25,2.075,12.4,8.3,17.15,3.15,,,,,,,,,,63.75,0.3,,0.0,0.0,46.25,759.25,
2023-02-13 18:00:00,34.0,81.5,2.075,11.55,7.825,17.65,1.5,,,,,,,,,,71.0,0.3,,0.0,0.0,18.5,760.0,
2023-02-13 19:00:00,26.75,72.25,1.6749999999999998,12.825,8.15,16.775,1.7,,,,,,,,,,74.0,0.3,,0.0,0.0,16.75,761.5,
2023-02-13 20:00:00,32.5,76.75,2.0,14.475,9.325,16.025,0.35,,,,,,,,,,74.75,0.3,,0.0,0.0,16.5,762.75,
2023-02-13 21:00:00,33.0,79.75,2.075,14.925,9.625,14.8,0.2,,,,,,,,,,76.5,0.3,,0.0,0.0,16.25,763.0,
2023-02-13 22:00:00,29.75,80.0,2.0,13.625,8.875,14.675,0.43333333333333335,,,,,,,,,,78.5,0.3,,0.0,0.0,15.5,763.75,
2023-02-13 23:00:00,29.5,71.75,1.625,11.925,7.65,14.75,0.3333333333333333,,,,,,,,,,80.75,0.3,,0.0,0.0,13.0,762.75,
2023-02-14 00:00:00,30.0,66.0,1.25,12.25,7.525,14.725,1.55,,,,,,,,,,82.75,0.3,,0.0,0.0,13.0,762.5,
2023-02-14 01:00:00,27.0,64.0,1.9333333333333336,12.200000000000001,8.066666666666666,16.433333333333334,1.8333333333333333,,,,,,,,,,84.33333333333333,0.3,,0.0,0.0,13.0,761.3333333333334,
2023-02-14 02:00:00,34.25,75.5,19.0,20.575,26.4,6.324999999999999,1.5,,,,,,,,,,85.75,0.3,,0.0,0.0,13.0,759.5,
2023-02-14 03:00:00,58.25,144.25,15.274999999999999,17.575,21.8,11.575,1.1,,,,,,,,,,88.5,0.3,,0.0,0.0,13.0,759.0,
2023-02-14 04:00:00,64.5,153.0,14.925,15.95,20.625,13.725,18.475,,,,,,,,,,89.0,0.3,,0.0,0.0,13.0,759.0,
2023-02-14 05:00:00,61.5,138.75,15.149999999999999,16.85,21.275,10.6,17.625,,,,,,,,,,88.0,0.3,,0.0,0.0,13.0,760.0,
2023-02-14 06:00:00,59.0,135.0,24.75,17.625,29.5,4.4,14.0,,,,,,,,,,88.0,0.3,,0.0,0.0,18.0,761.5,
2023-02-14 07:00:00,65.5,149.75,26.6,18.9,31.675,4.7749999999999995,9.15,,,,,,,,,,83.75,0.3,,0.0,0.0,108.75,763.0,
2023-02-14 08:00:00,67.25,165.0,18.725,18.175,24.85,11.4,9.6,,,,,,,,,,78.25,0.3,,0.0,0.0,249.75,765.25,
2023-02-14 09:00:00,68.0,159.0,15.3,19.2,22.7,13.1,12.6,,,,,,,,,,76.0,0.3,,0.0,0.0,325.0,766.0,
2023-02-14 10:00:00,68.0,159.0,3.05,14.1,10.75,15.800000000000002,6.35,,,,,,,,,,68.33333333333333,0.3,,0.0,0.0,472.3333333333333,766.0,
2023-02-14 11:00:00,,,4.8,16.633333333333333,12.766666666666666,20.5,6.366666666666667,,,,,,,,,,64.0,0.3,,0.0,0.0,547.3333333333334,765.3333333333334,
2023-02-14 12:00:00,51.0,134.0,2.425,16.55,10.8,20.25,7.55,,,,,,,,,,67.25,0.3,,0.0,0.0,574.0,763.0,
2023-02-14 13:00:00,49.666666666666664,114.25,2.35,14.375,9.525,18.2,13.2,,,,,,,,,,63.75,0.3,,0.0,0.0,552.25,761.5,
2023-02-14 14:00:00,42.333333333333336,97.75,1.725,12.975,8.3,16.85,12.875,,,,,,,,,,65.5,0.3,,0.0,0.0,484.5,759.5,
2023-02-14 15:00:00,45.666666666666664,96.75,2.3499999999999996,15.2,9.975,16.05,21.0,,,,,,,,,,66.0,0.3,,0.0,0.0,344.5,758.5,
2023-02-14 16:00:00,49.5,110.0,3.6,14.966666666666667,10.9,16.133333333333333,9.966666666666667,,,,,,,,,,64.0,0.3,,0.0,0.0,71.66666666666667,758.0,
2023-02-14 17:00:00,40.333333333333336,102.0,1.925,13.675,8.825,17.125,4.55,,,,,,,,,,65.5,0.3,,0.0,0.0,48.0,758.0,
2023-02-14 18:00:00,33.666666666666664,93.25,2.575,12.8,8.95,17.15,2.5,,,,,,,,,,73.25,0.3,,0.0,0.0,18.75,758.5,
2023-02-14 19:00:00,35.0,66.33333333333333,2.533333333333333,15.033333333333333,10.0,16.233333333333334,1.9666666666666668,,,,,,,,,,76.0,0.3,,0.0,0.0,17.0,759.6666666666666,
2023-02-14 20:00:00,32.0,65.25,2.25,13.6,9.075,16.5,2.5,,,,,,,,,,77.25,0.3,,0.0,0.0,17.0,760.75,
2023-02-14 21:00:00,27.666666666666668,65.75,1.975,11.95,7.975,17.25,2.55,,,,,,,,,,77.75,0.3,,0.0,0.0,17.0,761.0,
2023-02-14 22:00:00,29.666666666666668,64.25,2.2750000000000004,11.725,8.125,15.7,2.4,,,,,,,,,,79.0,0.3,,0.0,0.0,16.75,762.0,
2023-02-14 23:00:00,27.0,61.75,2.0,10.225,7.05,15.775,2.825,,,,,,,,,,81.5,0.3,,0.0,0.0,16.75,761.0,
2023-02-15 00:00:00,25.5,52.0,1.75,9.15,6.25,15.85,0.4,,,,,,,,,,83.5,0.3,,0.0,0.0,16.5,759.5,
2023-02-15 01:00:00,23.666666666666668,43.25,1.925,7.825,5.75,16.325,0.5,,,,,,,,,,84.75,0.3,,0.0,0.0,17.0,758.75,
2023-02-15 02:00:00,25.75,50.75,5.65,12.174999999999999,11.1,14.7,0.75,,,,,,,,,,86.75,0.3,,0.0,0.0,17.0,757.5,
2023-02-15 03:00:00,39.75,85.5,9.9,17.925,17.6,12.275,1.05,,,,,,,,,,89.0,0.3,,0.0,0.0,17.0,756.75,
2023-02-15 04:00:00,56.0,129.25,13.925,16.375,20.05,11.45,0.525,,,,,,,,,,90.5,0.3,,0.0,0.0,17.0,757.0,
2023-02-15 05:00:00,53.75,129.5,19.425,16.925,24.775,10.625,0.775,,,,,,,,,,91.75,0.3,,0.0,0.0,16.5,757.25,
2023-02-15 06:00:00,56.75,126.25,23.5,17.4,28.35,8.875,1.1,,,,,,,,,,92.0,0.3,,0.0,0.0,23.5,758.5,
2023-02-15 07:00:00,60.25,126.25,25.7,18.275,30.6,9.725,2.45,,,,,,,,,,87.5,0.3,,0.0,0.0,115.5,760.5,
2023-02-15 08:00:00,59.0,133.33333333333334,19.0,17.400000000000002,24.7,15.066666666666668,2.3333333333333335,,,,,,,,,,78.66666666666667,0.3,,0.0,0.0,272.3333333333333,762.3333333333334,
2023-02-15 09:00:00,49.0,112.5,16.025,14.55,20.775,16.925,1.625,,,,,,,,,,72.5,0.3,,0.0,0.0,398.0,763.75,
2023-02-15 10:00:00,49.0,102.0,10.799999999999999,19.966666666666665,19.366666666666664,15.533333333333333,9.633333333333335,,,,,,,,,,67.33333333333333,0.3,,0.0,0.0,494.3333333333333,763.6666666666666,
2023-02-15 11:00:00,63.75,137.5,6.675,26.55,19.525,28.0,47.475,,,,,,,,,,58.75,0.3,,0.0,0.0,543.0,762.0,
2023-02-15 12:00:00,66.0,154.0,2.1666666666666665,20.533333333333335,12.733333333333334,25.233333333333334,28.53333333333333,,,,,,,,,,62.333333333333336,0.3,,0.0,0.0,580.3333333333334,760.3333333333334,
2023-02-15 13:00:00,60.5,135.0,0.9,14.2,8.3,14.875,17.45,,,,,,,,,,63.75,0.3,,0.0,0.0,570.75,758.75,
2023-02-15 14:00:00,60.0,125.33333333333333,1.4666666666666668,13.4,8.333333333333334,15.0,13.5,,,,,,,,,,63.333333333333336,0.3,,0.0,0.0,491.3333333333333,757.6666666666666,
2023-02-15 15:00:00,57.333333333333336,120.66666666666667,1.8999999999999997,15.766666666666666,9.933333333333334,16.0,15.566666666666668,,,,,,,,,,69.0,0.3,,0.0,0.0,323.3333333333333,757.0,
2023-02-15 16:00:00,61.0,142.0,1.75,15.4,9.575,16.15,7.975,,,,,,,,,,72.0,0.3,,0.0,0.0,114.0,757.0,
2023-02-15 17:00:00,65.25,147.25,1.0,13.7,8.1,16.924999999999997,4.1,,,,,,,,,,76.5,0.3,,0.0,0.0,55.0,757.0,
2023-02-15 18:00:00,63.0,117.0,2.033333333333333,11.566666666666668,7.833333333333333,16.966666666666665,2.6999999999999997,,,,,,,,,,79.66666666666667,0.3,,0.0,0.0,18.666666666666668,757.6666666666666,
2023-02-15 19:00:00,48.75,92.25,1.225,12.65,7.725,16.925,2.025,,,,,,,,,,79.25,0.3,,0.0,0.0,17.0,758.5,
2023-02-15 20:00:00,43.0,78.75,2.325,12.8,8.7,15.825,0.825,,,,,,,,,,80.5,0.3,,0.0,0.0,16.25,759.0,
2023-02-15 21:00:00,46.5,82.75,2.3249999999999997,14.1,9.4,15.65,0.7,,,,,,,,,,81.0,0.3,,0.0,0.0,17.0,759.75,
2023-02-15 22:00:00,46.5,89.5,1.65,15.2,9.425,15.275,0.575,,,,,,,,,,82.25,0.3,,0.0,0.0,16.0,760.0,
2023-02-15 23:00:00,42.5,91.0,1.75,14.325,9.025,14.8,0.43333333333333335,,,,,,,,,,83.0,0.3,,0.0,0.0,16.25,759.5,
2023-02-16 00:00:00,43.25,80.5,1.7,12.175,7.9,14.275,0.525,,,,,,,,,,84.0,0.3,,0.0,0.0,16.5,759.0,
2023-02-16 01:00:00,40.25,75.0,1.725,12.475,8.05,13.7,0.9,,,,,,,,,,84.75,0.3,,0.0,0.0,17.0,758.0,
2023-02-16 02:00:00,38.5,78.75,2.175,15.274999999999999,9.85,12.7,1.3,,,,,,,,,,86.5,0.3,,0.0,0.0,17.0,757.0,
2023-02-16 03:00:00,41.0,96.75,2.225,14.725,9.65,13.15,1.35,,,,,,,,,,87.5,0.3,,0.0,0.0,17.0,757.0,
2023-02-16 04:00:00,45.75,98.25,3.825,19.325,13.375,11.2,2.375,,,,,,,,,,88.5,0.3,,0.0,0.0,17.0,757.0,
2023-02-16 05:00:00,56.0,136.33333333333334,22.8,18.433333333333334,28.333333333333332,3.9,4.466666666666666,,,,,,,,,,91.33333333333333,0.3,,0.0,0.0,17.0,757.0,
2023-02-16 06:00:00,75.0,183.5,37.625,20.5,41.5,2.7,10.4,,,,,,,,,,92.5,0.3,,0.0,0.0,22.75,758.5,
2023-02-16 07:00:00,105.5,255.25,31.325000000000003,27.5,40.1,4.175,26.6,,,,,,,,,,90.5,0.3,,0.0,0.0,92.25,760.5,
2023-02-16 08:00:00,111.5,265.0,25.900000000000002,23.975,33.775,11.0,39.375,,,,,,,,,,82.25,0.3,,0.0,0.0,207.75,762.25,
2023-02-16 09:00:00,98.0,202.0,17.0,19.03333333333333,23.933333333333334,16.8,15.466666666666667,,,,,,,,,,77.33333333333333,0.3,,0.0,0.0,260.3333333333333,763.6666666666666,
2023-02-16 10:00:00,58.5,132.75,9.95,19.25,18.325,17.4,8.5,,,,,,,,,,67.0,0.3,,0.0,0.0,482.25,764.0,
2023-02-16 11:00:00,54.25,113.5,2.5,16.8,11.0,18.225,5.4,,,,,,,,,,66.0,0.3,,0.0,0.0,580.25,763.0,
2023-02-16 12:00:00,45.0,91.25,1.45,10.75,6.875,18.275,4.25,,,,,,,,,,64.0,0.3,,0.0,0.0,608.5,761.75,
2023-02-16 13:00:00,41.666666666666664,82.66666666666667,1.6333333333333335,8.6,5.8999999999999995,19.233333333333334,4.233333333333333,,,,,,,,,,63.0,0.3,,0.0,0.0,578.6666666666666,760.3333333333334,
2023-02-16 14:00:00,41.0,85.0,2.0,6.875,5.3,18.575,4.55,,,,,,,,,,64.0,0.3,,0.0,0.0,493.75,759.25,
2023-02-16 15:00:00,42.0,94.5,1.5,8.125,5.525,18.425,3.725,,,,,,,,,,66.5,0.3,,0.0,0.0,344.0,758.0,
2023-02-16 16:00:00,45.0,96.25,1.225,7.6,5.075,18.95,0.7333333333333334,,,,,,,,,,70.0,0.3,,0.0,0.0,97.0,758.0,
2023-02-16 17:00:00,46.0,96.0,1.45,7.7,5.25,17.1,0.43333333333333335,,,,,,,,,,72.75,0.3,,0.0,0.0,49.25,757.75,
2023-02-16 18:00:00,48.333333333333336,91.33333333333333,0.8333333333333334,8.200000000000001,5.0,17.1,0.7333333333333334,,,,,,,,,,76.0,0.3,,0.0,0.0,19.0,758.0,
2023-02-16 19:00:00,47.75,90.75,1.0999999999999999,9.225,5.4,16.575,0.4,,,,,,,,,,77.5,0.3,,0.0,0.0,17.0,759.0,
2023-02-16 20:00:00,48.5,98.0,1.6333333333333335,8.85,5.625,16.925,1.95,,,,,,,,,,78.0,0.3,,0.0,0.0,16.75,760.25,
2023-02-16 21:00:00,44.5,96.0,1.0333333333333332,10.3,6.075,18.05,2.1,,,,,,,,,,78.0,0.3,,0.0,0.0,16.75,761.0,
2023-02-16 22:00:00,46.0,95.0,1.075,9.75,6.05,18.1,1.175,,,,,,,,,,78.5,0.3,,0.0,0.0,16.0,762.0,
2023-02-16 23:00:00,44.75,85.5,1.875,8.75,6.175,18.2,1.8250000000000002,,,,,,,,,,80.25,0.3,,0.0,0.0,16.5,761.0,
2023-02-17 00:00:00,39.25,89.5,1.525,7.575,5.275,18.075,0.675,,,,,,,,,,81.0,0.3,,0.0,0.0,16.5,760.75,
2023-02-17 01:00:00,36.0,81.0,0.925,9.95,6.050000000000001,15.6,0.75,,,,,,,,,,82.0,0.3,,0.0,0.0,16.75,760.0,
2023-02-17 02:00:00,46.5,98.0,3.95,19.125,13.399999999999999,10.425,5.325,,,,,,,,,,84.25,0.3,,0.0,0.0,17.0,758.75,
2023-02-17 03:00:00,58.666666666666664,128.33333333333334,1.2666666666666666,19.400000000000002,11.299999999999999,12.366666666666667,8.200000000000001,,,,,,,,,,85.66666666666667,0.3,,0.0,0.0,17.0,758.0,
2023-02-17 04:00:00,64.0,142.25,10.7,22.05,20.45,7.7,30.4,,,,,,,,,,88.0,0.3,,0.0,0.0,17.0,758.5,
2023-02-17 05:00:00,87.5,199.75,17.1,22.85,26.025,8.425,17.225,,,,,,,,,,90.0,0.3,,0.0,0.0,17.0,759.0,
2023-02-17 06:00:00,84.75,189.25,19.2,21.85,27.25,10.4,5.8999999999999995,,,,,,,,,,91.5,0.3,,0.0,0.0,22.5,760.5,
2023-02-17 07:00:00,85.33333333333333,171.33333333333334,22.433333333333337,24.166666666666668,31.066666666666666,9.833333333333334,6.666666666666667,,,,,,,,,,88.0,0.3,,0.0,0.0,117.0,762.6666666666666,
2023-02-17 08:00:00,88.75,187.25,15.75,21.575,24.275,14.825,7.925,,,,,,,,,,80.0,0.3,,0.0,0.0,224.0,764.5,
2023-02-17 09:00:00,68.66666666666667,153.66666666666666,11.566666666666668,16.8,18.366666666666667,16.533333333333335,5.8999999999999995,,,,,,,,,,73.66666666666667,0.3,,0.0,0.0,317.6666666666667,765.3333333333334,
2023-02-17 10:00:00,56.333333333333336,118.0,3.6999999999999997,14.233333333333334,10.6,18.6,4.666666666666667,,,,,,,,,,68.0,0.3,,0.0,0.0,467.6666666666667,765.0,
2023-02-17 11:00:00,49.5,98.5,1.275,11.475,7.15,18.1,3.8,,,,,,,,,,65.25,0.3,,0.0,0.0,596.5,764.0,
2023-02-17 12:00:00,50.25,90.5,1.3,9.0,5.85,18.1,2.725,,,,,,,,,,63.25,0.3,,0.0,0.0,614.0,762.25,
2023-02-17 13:00:00,44.5,77.75,1.5250000000000001,7.825,5.425,18.8,1.925,,,,,,,,,,62.0,0.3,,0.0,0.0,578.75,760.5,
2023-02-17 14:00:00,33.25,70.25,1.225,7.525,5.0,19.2,2.05,,,,,,,,,,62.5,0.3,,0.0,0.0,504.5,759.0,
2023-02-17 15:00:00,31.75,66.75,1.125,7.3,4.8,18.725,2.225,,,,,,,,,,61.5,0.3,,0.0,0.0,355.5,758.25,
2023-02-17 16:00:00,33.5,64.75,1.175,7.125,4.75,18.25,0.8,,,,,,,,,,62.25,0.3,,0.0,0.0,72.75,758.0,
2023-02-17 17:00:00,31.75,71.0,1.375,8.475,5.6,17.425,,,,,,,,,,,67.75,0.3,,0.0,0.0,47.75,758.0,
2023-02-17 18:00:00,32.0,74.25,1.5333333333333332,10.225,6.125,15.5,,,,,,,,,,,72.25,0.3,,0.0,0.0,18.5,758.75,
2023-02-17 19:00:00,35.5,74.5,1.15,12.375,7.5249999999999995,14.525,0.2,,,,,,,,,,74.0,0.3,,0.0,0.0,17.0,759.75,
2023-02-17 20:00:00,36.0,73.25,1.0,14.925,8.425,13.95,0.975,,,,,,,,,,76.0,0.3,,0.0,0.0,16.75,761.5,
2023-02-17 21:00:00,32.75,73.0,1.825,15.85,9.9,14.6,0.975,,,,,,,,,,77.0,0.3,,0.0,0.0,16.75,762.0,
2023-02-17 22:00:00,33.0,69.25,1.7000000000000002,14.55,9.1,15.475000000000001,1.15,,,,,,,,,,77.75,0.3,,0.0,0.0,16.75,762.0,
2023-02-17 23:00:00,35.75,65.0,1.9,13.65,8.775,16.55,1.125,,,,,,,,,,79.0,0.3,,0.0,0.0,16.75,762.0,
2023-02-18 00:00:00,34.333333333333336,62.333333333333336,2.0666666666666664,11.266666666666666,7.7,17.0,0.7666666666666666,,,,,,,,,,81.0,0.3,,0.0,0.0,16.666666666666668,761.0,
2023-02-18 01:00:00,31.5,64.0,1.75,11.600000000000001,7.6,16.2,0.875,,,,,,,,,,81.75,0.3,,0.0,0.0,17.0,760.0,
2023-02-18 02:00:00,25.75,49.25,1.7999999999999998,11.375,7.525,14.825,0.3,,,,,,,,,,83.25,0.3,,0.0,0.0,17.0,759.0,
2023-02-18 03:00:00,24.333333333333332,51.666666666666664,2.466666666666667,13.233333333333334,9.033333333333333,13.200000000000001,0.3,,,,,,,,,,85.66666666666667,0.3,,0.0,0.0,17.0,759.0,
2023-02-18 04:00:00,33.75,71.5,17.450000000000003,19.05,24.35,11.7,1.75,,,,,,,,,,85.75,0.3,,0.0,0.0,17.0,759.0,
2023-02-18 05:00:00,56.25,143.25,36.675,20.7,40.825,8.366666666666667,21.099999999999998,,,,,,,,,,88.25,0.3,,0.0,0.0,17.0,759.25,
2023-02-18 06:00:00,81.0,210.0,41.6,20.666666666666668,44.800000000000004,2.2,23.366666666666664,,,,,,,,,,90.0,0.3,,0.0,0.0,19.0,760.6666666666666,
2023-02-18 07:00:00,106.25,245.5,40.275,23.65,45.325,4.875,25.224999999999998,,,,,,,,,,86.5,0.3,,0.0,0.0,100.25,763.0,
2023-02-18 08:00:00,106.0,247.5,30.05,26.075,38.325,11.149999999999999,37.025,,,,,,,,,,78.25,0.3,,0.0,0.0,252.25,764.75,
2023-02-18 09:00:00,84.75,186.75,23.3,19.3,29.225,22.25,12.325,,,,,,,,,,71.75,0.3,,0.0,0.0,369.75,765.25,
2023-02-18 10:00:00,50.0,94.0,18.675,13.475,22.2,31.25,5.475,,,,,,,,,,67.75,0.3,,0.0,0.0,552.5,765.0,
2023-02-18 11:00:00,34.25,52.75,,,,,3.475,,,,,,,,,,65.5,0.3,,0.0,0.0,611.0,763.5,
2023-02-18 12:00:00,50.0,55.0,,,,,1.4,,,,,,,,,,67.0,0.3,,0.0,0.0,625.0,762.0,
2023-02-18 13:00:00,,,,,,,,,,,,,,,,,,,,,0.0,,,
2023-02-18 14:00:00,,,,,,,,,,,,,,,,,,,,,0.0,,,
2023-02-18 15:00:00,,,,,,,,,,,,,,,,,,,,,0.0,,,
2023-02-18 16:00:00,,,,,,,,,,,,,,,,,,,,,0.0,,,
2023-02-18 17:00:00,,,,,,,,,,,,,,,,,78.0,0.3,,0.0,0.0,29.0,758.0,
2023-02-18 18:00:00,18.0,41.0,1.4,9.100000000000001,5.199999999999999,18.55,3.0749999999999997,,,,,,,,,,79.75,0.3,,0.0,0.0,18.0,758.75,
2023-02-18 19:00:00,17.75,41.5,2.175,9.375,6.75,19.775,1.25,,,,,,,,,,81.75,0.3,,0.0,0.0,16.25,760.25,
2023-02-18 20:00:00,18.5,42.75,2.0,9.75,6.8,18.275,,,,,,,,,,,81.25,0.3,,0.0,0.0,16.75,761.75,
2023-02-18 21:00:00,23.0,42.0,1.8999999999999997,9.566666666666666,6.6000000000000005,17.266666666666666,,,,,,,,,,,83.0,0.3,,0.0,0.0,17.0,763.0,
2023-02-18 22:00:00,23.75,39.0,2.1,10.625,6.875,16.525,0.1,,,,,,,,,,81.75,0.3,,0.0,0.0,16.25,763.0,
2023-02-18 23:00:00,24.0,37.0,1.525,7.375,5.2,14.45,0.5333333333333333,,,,,,,,,,83.25,0.3,,0.0,0.0,16.75,763.0,
2023-02-19 00:00:00,22.75,36.25,1.3,6.1,4.3,15.65,,,,,,,,,,,84.0,0.3,,0.0,0.0,16.75,762.25,
2023-02-19 01:00:00,12.75,26.25,1.625,5.8,4.375,14.375,,,,,,,,,,,84.5,0.3,,0.0,0.0,16.75,760.5,
2023-02-19 02:00:00,19.0,28.75,1.675,7.300000000000001,5.225,15.025,0.625,,,,,,,,,,85.75,0.3,,0.0,0.0,17.0,759.25,
2023-02-19 03:00:00,13.25,26.25,1.525,7.875,5.45,14.275,0.6,,,,,,,,,,87.0,0.3,,0.0,0.0,17.0,759.0,
2023-02-19 04:00:00,13.5,29.25,1.45,6.8,4.775,14.7,,,,,,,,,,,87.0,0.3,,0.0,0.0,17.0,759.0,
2023-02-19 05:00:00,17.5,39.25,12.65,13.35,17.375,6.55,0.5,,,,,,,,,,88.5,0.3,,0.0,0.0,17.0,759.75,
2023-02-19 06:00:00,39.75,93.0,22.825,16.625,27.4,2.3333333333333335,11.0,,,,,,,,,,91.0,0.3,,0.0,0.0,20.5,761.25,
2023-02-19 07:00:00,60.25,152.75,27.75,16.575,31.375,3.3333333333333335,43.275,,,,,,,,,,90.75,0.3,,0.0,0.0,80.5,763.5,
2023-02-19 08:00:00,67.75,171.5,15.775,22.775,24.95,8.075,48.05,,,,,,,,,,83.75,0.3,,0.0,0.0,147.0,764.75,
2023-02-19 09:00:00,52.5,126.5,9.0,13.275,14.375,14.15,20.025,,,,,,,,,,75.75,0.3,,0.0,0.0,314.5,765.75,
2023-02-19 10:00:00,24.0,51.75,5.825,6.675,8.325,17.275,6.7,,,,,,,,,,69.75,0.3,,0.0,0.0,551.5,765.75,
2023-02-19 11:00:00,15.5,30.0,3.775,7.325,6.95,15.675,3.775,,,,,,,,,,67.25,0.3,,0.0,0.0,584.5,764.0,
2023-02-19 12:00:00,18.0,30.75,2.525,6.95,5.75,15.4,3.35,,,,,,,,,,64.75,0.3,,0.0,0.0,622.0,762.5,
2023-02-19 13:00:00,19.25,32.5,1.85,7.5,5.475,14.975,2.825,,,,,,,,,,63.75,0.3,,0.0,0.0,601.75,760.5,
2023-02-19 14:00:00,14.25,29.75,2.1,6.425,5.15,16.200000000000003,3.3,,,,,,,,,,64.5,0.325,,0.0,0.0,523.0,759.0,
2023-02-19 15:00:00,15.25,26.75,1.6,6.025,4.5,16.35,3.2249999999999996,,,,,,,,,,66.75,0.3,,0.0,0.0,346.75,758.0,
2023-02-19 16:00:00,15.5,30.75,2.2333333333333334,5.975,4.35,16.2,1.225,,,,,,,,,,69.25,0.3,,0.0,0.0,55.25,758.5,
2023-02-19 17:00:00,15.5,34.75,1.925,6.325,4.925,14.875,0.325,,,,,,,,,,72.0,0.3,,0.0,0.0,48.5,758.5,
2023-02-19 18:00:00,18.75,32.25,1.7000000000000002,6.7,4.95,14.75,,,,,,,,,,,76.25,0.3,,0.0,0.0,18.5,759.25,
2023-02-19 19:00:00,15.5,37.5,2.15,8.125,6.075,13.75,,,,,,,,,,,79.75,0.3,,0.0,0.0,17.0,760.5,
2023-02-19 20:00:00,16.5,41.5,1.575,9.425,6.325,13.6,2.3000000000000003,,,,,,,,,,80.75,0.3,,0.0,0.0,17.0,761.75,
2023-02-19 21:00:00,15.25,40.75,1.25,11.025,6.9,13.15,2.575,,,,,,,,,,81.0,0.3,,0.0,0.0,17.0,762.0,
2023-02-19 22:00:00,15.0,46.75,2.5,10.875,7.800000000000001,14.95,0.925,,,,,,,,,,82.0,0.3,,0.0,0.0,16.75,762.0,
2023-02-19 23:00:00,12.0,49.75,3.8666666666666667,8.5,6.8,26.575,0.7,,,,,,,,,,81.5,0.3,,0.0,0.0,16.0,762.0,
2023-02-20 00:00:00,10.75,23.25,1.275,5.25,3.8,15.05,0.4,,,,,,,,,,81.0,0.3,,0.0,0.0,16.75,760.75,
2023-02-20 01:00:00,8.0,17.75,1.975,4.775,4.175,15.85,,,,,,,,,,,81.0,0.3,,0.0,0.0,16.75,759.75,
2023-02-20 02:00:00,10.75,16.75,1.025,4.175,3.1,12.525,,,,,,,,,,,81.5,0.3,,0.0,0.0,17.0,759.0,
2023-02-20 03:00:00,10.5,18.0,0.8,5.025,3.3,13.975,0.2,,,,,,,,,,83.0,0.3,,0.0,0.0,17.0,759.0,
2023-02-20 04:00:00,12.0,24.0,3.525,6.175,6.125,12.5,,,,,,,,,,,83.25,0.3,,0.0,0.0,17.0,758.75,
2023-02-20 05:00:00,41.0,98.0,29.85,15.0,32.25,,0.19999999999999998,,,,,,,,,,88.75,0.3,,0.0,0.0,17.0,759.0,
2023-02-20 06:00:00,46.25,109.5,31.55,14.175,33.199999999999996,,1.6,,,,,,,,,,91.5,0.3,,0.0,0.0,25.0,760.0,
2023-02-20 07:00:00,62.0,139.33333333333334,25.8,18.766666666666666,30.933333333333334,19.933333333333334,3.6666666666666665,,,,,,,,,,87.0,0.3,,0.0,0.0,145.33333333333334,762.6666666666666,
2023-02-20 08:00:00,57.75,121.25,16.075,15.774999999999999,21.45,11.8,3.4,,,,,,,,,,78.5,0.3,,0.0,0.0,275.5,764.5,
2023-02-20 09:00:00,43.0,94.25,9.875,15.125,16.075,14.725,2.675,,,,,,,,,,71.25,0.3,,0.0,0.0,410.25,765.75,
2023-02-20 10:00:00,36.75,89.25,4.7,17.8,13.3,14.925,2.2,,,,,,,,,,63.25,0.3,,0.0,0.0,525.25,765.25,
2023-02-20 11:00:00,34.25,77.25,1.375,16.55,9.925,15.625,2.675,,,,,,,,,,56.75,0.3,,0.0,0.0,597.75,764.0,
2023-02-20 12:00:00,29.5,66.25,1.125,11.5,7.025,15.225,2.125,,,,,,,,,,50.75,0.3,,0.0,0.0,626.5,762.5,
2023-02-20 13:00:00,29.25,61.0,1.725,8.6,5.95,15.525,0.95,,,,,,,,,,47.0,0.3,,0.0,0.0,598.5,761.0,
2023-02-20 14:00:00,23.0,45.75,0.9500000000000001,7.775,4.925,15.775,0.6,,,,,,,,,,46.5,0.3,,0.0,0.0,517.5,759.75,
2023-02-20 15:00:00,19.75,49.5,1.5,7.575,5.225,16.625,0.7,,,,,,,,,,45.25,0.3,,0.0,0.0,339.75,759.0,
2023-02-20 16:00:00,20.0,41.0,1.775,8.05,5.725,15.775,0.27499999999999997,,,,,,,,,,50.5,0.35,,0.0,0.0,73.25,759.0,
2023-02-20 17:00:00,23.0,55.0,1.425,8.825,5.85,14.525,0.6,,,,,,,,,,61.75,0.3,,0.0,0.0,52.25,758.75,
2023-02-20 18:00:00,21.75,47.5,1.375,8.45,5.6,15.025,0.5,,,,,,,,,,67.25,0.3,,0.0,0.0,15.75,759.5,
2023-02-20 19:00:00,16.75,34.5,1.7,9.9,6.675,14.65,0.4,,,,,,,,,,69.25,0.3,,0.0,0.0,17.0,760.5,
2023-02-20 20:00:00,13.75,35.0,1.7999999999999998,11.475,7.6,13.325,0.35,,,,,,,,,,70.5,0.3,,0.0,0.0,17.0,761.5,
2023-02-20 21:00:00,15.75,34.75,2.1,13.174999999999999,8.7,12.975,0.2,,,,,,,,,,73.75,0.3,,0.0,0.0,16.75,762.0,
2023-02-20 22:00:00,15.75,41.5,2.325,13.15,8.9,12.9,0.1,,,,,,,,,,76.0,0.3,,0.0,0.0,16.75,762.0,
2023-02-20 23:00:00,17.0,34.5,1.4333333333333333,11.325,6.85,14.3,,,,,,,,,,,77.75,0.3,,0.0,0.0,16.75,762.0,
2023-02-21 00:00:00,13.75,26.0,1.0,8.225,5.2,11.775,,,,,,,,,,,78.25,0.3,,0.0,0.0,17.0,761.25,
2023-02-21 01:00:00,12.0,20.75,1.25,7.125,4.8,9.65,,,,,,,,,,,79.75,0.3,,0.0,0.0,17.0,760.25,
2023-02-21 02:00:00,9.75,16.5,2.225,8.925,6.55,7.65,,,,,,,,,,,81.25,0.3,,0.0,0.0,17.0,759.0,
2023-02-21 03:00:00,13.75,27.5,8.75,14.475,14.85,3.533333333333333,0.36666666666666664,,,,,,,,,,83.0,0.3,,0.0,0.0,17.0,759.0,
2023-02-21 04:00:00,24.0,59.5,18.7,17.0,24.275,3.0333333333333337,0.8,,,,,,,,,,84.5,0.3,,0.0,0.0,17.0,759.0,
2023-02-21 05:00:00,40.75,122.0,16.675,16.65,22.45,5.425,2.075,,,,,,,,,,86.0,0.3,,0.0,0.0,17.0,759.5,
2023-02-21 06:00:00,46.5,118.25,21.424999999999997,17.375,26.725,4.2,3.05,,,,,,,,,,86.0,0.3,,0.0,0.0,24.75,760.75,
2023-02-21 07:00:00,50.0,129.0,22.725,17.85,27.95,5.85,4.675,,,,,,,,,,81.25,0.3,,0.0,0.0,119.75,762.5,
2023-02-21 08:00:00,53.75,135.0,19.025,16.325,24.15,7.4,3.45,,,,,,,,,,75.5,0.3,,0.0,0.0,270.25,764.25,
2023-02-21 09:00:00,45.25,109.5,12.7,13.6,17.575000000000003,9.85,2.975,,,,,,,,,,69.75,0.3,,0.0,0.0,411.25,765.25,
2023-02-21 10:00:00,36.0,88.0,7.775,15.725,14.675,10.350000000000001,3.125,,,,,,,,,,60.75,0.3,,0.0,0.0,518.0,765.25,
2023-02-21 11:00:00,30.0,90.75,2.75,15.55,10.5,10.6,3.0,,,,,,,,,,52.0,0.3,,0.0,0.0,585.25,764.25,
2023-02-21 12:00:00,48.75,93.25,1.35,11.775,7.3500000000000005,13.35,3.7,,,,,,,,,,49.75,0.3,,0.0,0.0,579.0,762.5,
2023-02-21 13:00:00,48.25,101.25,1.075,12.475,7.5,13.925,4.05,,,,,,,,,,50.0,0.3,,0.0,0.0,555.5,760.5,
2023-02-21 14:00:00,43.0,103.66666666666667,1.5999999999999999,11.366666666666667,7.366666666666666,14.200000000000001,4.566666666666666,,,,,,,,,,51.0,0.3,,0.0,0.0,486.0,759.6666666666666,
2023-02-21 15:00:00,49.25,118.25,1.975,9.45,6.625,15.899999999999999,4.275,,,,,,,,,,50.75,0.3,,0.0,0.0,319.25,759.0,
2023-02-21 16:00:00,48.5,108.75,1.9,8.95,6.3,15.8,2.525,,,,,,,,,,56.25,0.3,,0.0,0.0,98.25,759.0,
2023-02-21 17:00:00,45.0,89.25,1.425,9.25,6.075,13.825,2.125,,,,,,,,,,63.75,0.325,,0.0,0.0,59.75,759.0,
2023-02-21 18:00:00,43.25,90.75,1.5,10.95,7.050000000000001,15.425,2.275,,,,,,,,,,72.0,0.3,,0.0,0.0,19.0,759.5,
2023-02-21 19:00:00,32.0,77.25,0.95,12.5,7.425,15.275,2.0,,,,,,,,,,78.25,0.3,,0.0,0.0,17.0,760.25,
2023-02-21 20:00:00,39.75,77.5,1.25,11.45,7.15,16.0,2.675,,,,,,,,,,77.25,0.3,,0.0,0.0,17.0,761.5,
2023-02-21 21:00:00,33.25,55.5,1.175,11.725,7.175,14.625,3.15,,,,,,,,,,77.5,0.3,,0.0,0.0,17.0,762.0,
2023-02-21 22:00:00,25.0,47.75,1.55,9.9,6.525,15.025,1.875,,,,,,,,,,78.0,0.3,,0.0,0.0,16.75,762.75,
2023-02-21 23:00:00,26.0,47.25,1.5,8.575,5.775,15.125,0.85,,,,,,,,,,78.25,0.3,,0.0,0.0,17.0,762.0,
2023-02-22 00:00:00,25.0,42.25,1.625,7.875,5.525,22.65,1.3,,,,,,,,,,80.0,0.3,,0.0,0.0,16.75,761.25,
2023-02-22 01:00:00,13.75,26.5,1.0,8.825,5.55,16.25,1.175,,,,,,,,,,81.5,0.3,,0.0,0.0,17.0,760.0,
2023-02-22 02:00:00,17.75,37.5,3.15,16.225,11.15,8.524999999999999,1.85,,,,,,,,,,83.25,0.3,,0.0,0.0,17.0,759.0,
2023-02-22 03:00:00,31.5,77.0,16.75,21.175,24.9,3.933333333333333,2.25,,,,,,,,,,86.0,0.3,,0.0,0.0,17.0,758.0,
2023-02-22 04:00:00,60.0,144.25,14.6,23.775,24.525,6.425,3.525,,,,,,,,,,89.25,0.3,,0.0,0.0,17.0,758.25,
2023-02-22 05:00:00,68.25,166.25,17.975,26.525,28.7,5.25,3.925,,,,,,,,,,90.75,0.3,,0.0,0.0,17.0,758.75,
2023-02-22 06:00:00,67.0,165.5,23.625,28.725,34.5,4.4,4.15,,,,,,,,,,90.25,0.3,,0.0,0.0,24.0,759.5,
2023-02-22 07:00:00,70.0,164.25,22.1,27.474999999999998,32.575,8.125,5.25,,,,,,,,,,85.0,0.3,,0.0,0.0,104.5,760.75,
2023-02-22 08:00:00,68.0,168.25,17.5,25.275,27.65,12.725,5.4,,,,,,,,,,78.5,0.3,,0.0,0.0,247.5,762.5,
2023-02-22 09:00:00,61.75,153.5,12.15,24.625,22.975,12.1,5.2,,,,,,,,,,68.0,0.3,,0.0,0.0,386.25,764.0,
2023-02-22 10:00:00,60.5,150.5,4.475,21.15,14.875,13.175,5.25,,,,,,,,,,56.75,0.3,,0.0,0.0,506.25,764.0,
2023-02-22 11:00:00,56.0,110.75,1.4749999999999999,12.2,7.675,13.7,4.85,,,,,,,,,,49.5,0.3,,0.0,0.0,588.75,763.25,
2023-02-22 12:00:00,46.25,85.75,1.525,9.225,6.125,12.85,5.85,,,,,,,,,,53.5,0.3,,0.0,0.0,605.5,762.0,
2023-02-22 13:00:00,43.5,86.25,1.2,9.125,5.825,14.35,6.55,,,,,,,,,,53.5,0.3,,0.0,0.0,573.25,760.5,
2023-02-22 14:00:00,43.0,90.75,1.275,7.95,5.275,15.25,5.025,,,,,,,,,,50.0,0.3,,0.0,0.0,490.75,759.5,
2023-02-22 15:00:00,46.5,96.25,1.25,8.475,5.525,16.125,4.1,,,,,,,,,,48.25,0.3,,0.0,0.0,313.25,758.5,
2023-02-22 16:00:00,50.25,114.5,1.85,8.45,5.975,16.299999999999997,4.2,,,,,,,,,,51.0,0.3,,0.0,0.0,93.0,758.0,
2023-02-22 17:00:00,54.0,128.5,1.875,9.6,6.6,16.5,3.325,,,,,,,,,,60.25,0.3,,0.0,0.0,61.75,759.0,
2023-02-22 18:00:00,41.75,91.5,1.675,10.425,6.9,16.4,1.65,,,,,,,,,,70.5,0.3,,0.0,0.0,18.75,759.0,
2023-02-22 19:00:00,31.75,79.25,2.0,10.45,7.175,15.8,1.175,,,,,,,,,,73.75,0.3,,0.0,0.0,17.0,759.75,
2023-02-22 20:00:00,30.0,66.75,1.6666666666666667,11.8,7.199999999999999,14.725,2.1,,,,,,,,,,75.0,0.3,,0.0,0.0,17.0,761.0,
2023-02-22 21:00:00,28.25,70.75,1.275,12.775,7.825,15.05,1.9000000000000001,,,,,,,,,,76.0,0.3,,0.0,0.0,17.0,762.0,
2023-02-22 22:00:00,32.75,67.5,1.775,11.375,7.5,14.45,3.65,,,,,,,,,,76.25,0.3,,0.0,0.0,16.75,762.0,
2023-02-22 23:00:00,34.5,68.5,1.8,9.9,6.75,14.75,3.125,,,,,,,,,,76.5,0.3,,0.0,0.0,17.0,761.25,
2023-02-23 00:00:00,31.75,62.25,1.5,7.825,5.325,15.1,1.6,,,,,,,,,,77.5,0.3,,0.0,0.0,16.75,761.0,
2023-02-23 01:00:00,28.25,48.75,2.85,7.075,6.075,22.225,1.575,,,,,,,,,,77.25,0.3,,0.0,0.0,16.75,760.25,
2023-02-23 02:00:00,30.0,54.0,1.65,9.425,6.35,13.35,0.975,,,,,,,,,,78.25,0.3,,0.0,0.0,17.0,759.0,
2023-02-23 03:00:00,36.75,78.5,7.550000000000001,20.825,17.174999999999997,5.833333333333333,1.25,,,,,,,,,,81.25,0.3,,0.0,0.0,17.0,759.0,
2023-02-23 04:00:00,53.75,135.5,13.1,21.825,22.275,2.85,3.3,,,,,,,,,,86.75,0.3,,0.0,0.0,17.0,759.0,
2023-02-23 05:00:00,67.5,158.75,15.45,20.3,23.349999999999998,7.6,2.375,,,,,,,,,,88.0,0.3,,0.0,0.0,17.0,759.25,
2023-02-23 06:00:00,60.25,142.25,21.85,20.65,28.775,3.925,2.7,,,,,,,,,,88.0,0.3,,0.0,0.0,26.0,760.5,
2023-02-23 07:00:00,69.25,162.0,19.55,20.175,26.625,7.625,3.075,,,,,,,,,,83.0,0.3,,0.0,0.0,131.25,762.0,
2023-02-23 08:00:00,64.75,143.75,12.45,19.0,20.25,12.5,5.1000000000000005,,,,,,,,,,75.75,0.3,,0.0,0.0,289.5,763.5,
2023-02-23 09:00:00,56.75,129.25,8.7,16.4,15.8,15.950000000000001,5.275,,,,,,,,,,68.0,0.3,,0.0,0.0,426.25,764.5,
2023-02-23 10:00:00,50.5,115.25,5.425,15.8,12.825,15.125,3.925,,,,,,,,,,62.25,0.3,,0.0,0.0,510.5,764.75,
2023-02-23 11:00:00,42.0,109.25,2.425,13.924999999999999,9.35,15.225,3.125,,,,,,,,,,62.25,0.3,,0.0,0.0,586.75,763.25,
2023-02-23 12:00:00,39.25,84.5,1.75,10.025,6.775,15.35,1.975,,,,,,,,,,61.25,0.3,,0.0,0.0,623.75,761.75,
2023-02-23 13:00:00,39.0,72.25,1.1333333333333333,22.325,6.2,15.175,1.85,,,,,,,,,,62.25,0.3,,0.0,0.0,588.5,760.0,
2023-02-23 14:00:00,34.25,72.5,1.65,8.75,6.0,17.2,2.95,,,,,,,,,,61.75,0.3,,0.0,0.0,509.0,758.5,
2023-02-23 15:00:00,30.25,62.0,2.15,8.025,6.025,16.5,2.925,,,,,,,,,,64.0,0.3,,0.0,0.0,306.0,758.0,
2023-02-23 16:00:00,32.0,58.5,1.725,7.55,5.4,16.225,1.2249999999999999,,,,,,,,,,66.75,0.3,,0.0,0.0,68.25,757.75,
2023-02-23 17:00:00,26.0,51.0,1.725,7.725,5.525,16.5,0.7333333333333334,,,,,,,,,,71.0,0.3,,0.0,0.0,65.5,758.0,
2023-02-23 18:00:00,25.5,57.5,1.45,7.9,5.375,15.875,1.525,,,,,,,,,,74.5,0.3,,0.0,0.0,19.0,758.5,
2023-02-23 19:00:00,23.75,50.0,1.5,8.275,5.65,14.25,2.075,,,,,,,,,,76.0,0.3,,0.0,0.0,17.0,759.25,
2023-02-23 20:00:00,24.5,49.25,1.575,9.125,6.15,14.325,2.35,,,,,,,,,,76.75,0.3,,0.0,0.0,17.0,760.5,
2023-02-23 21:00:00,27.75,47.0,1.475,9.025,6.0,14.075,2.375,,,,,,,,,,77.75,0.3,,0.0,0.0,17.0,761.75,
2023-02-23 22:00:00,21.25,44.75,1.45,8.575,5.75,14.875,2.75,,,,,,,,,,78.0,0.3,,0.0,0.0,16.75,761.5,
2023-02-23 23:00:00,15.0,38.5,1.175,8.05,5.225,14.625,1.9500000000000002,,,,,,,,,,78.0,0.3,,0.0,0.0,16.75,760.75,
2023-02-24 00:00:00,20.0,38.666666666666664,2.1999999999999997,7.366666666666667,5.7,14.633333333333333,0.5666666666666668,,,,,,,,,,79.66666666666667,0.3,,0.0,0.0,17.0,759.6666666666666,
2023-02-24 01:00:00,18.25,34.25,1.25,6.175,4.3,15.3,0.39999999999999997,,,,,,,,,,80.25,0.3,,0.0,0.0,16.75,759.0,
2023-02-24 02:00:00,18.5,30.0,2.3499999999999996,9.725,7.1,19.474999999999998,0.4666666666666666,,,,,,,,,,81.5,0.3,,0.0,0.0,16.75,758.25,
2023-02-24 03:00:00,24.75,54.0,14.45,16.05,20.275,4.35,1.075,,,,,,,,,,84.75,0.3,,0.0,0.0,17.0,758.0,
2023-02-24 04:00:00,50.75,120.75,17.3,16.425,22.825,6.1,1.725,,,,,,,,,,87.75,0.3,,0.0,0.0,17.0,758.0,
2023-02-24 05:00:00,58.0,127.75,22.325,16.725,27.05,6.325,1.925,,,,,,,,,,89.25,0.3,,0.0,0.0,17.25,759.25,
2023-02-24 06:00:00,55.75,118.0,30.125,16.65,33.35,5.65,2.95,,,,,,,,,,89.75,0.3,,0.0,0.0,25.75,760.5,
2023-02-24 07:00:00,58.5,129.25,32.175,16.775,35.075,7.425,3.925,,,,,,,,,,85.0,0.3,,0.0,0.0,128.25,762.5,
2023-02-24 08:00:00,58.25,132.5,23.45,17.475,28.375,13.6,3.975,,,,,,,,,,76.0,0.3,,0.0,0.0,293.5,764.75,
2023-02-24 09:00:00,50.75,114.75,17.125,14.1,21.425,16.75,3.075,,,,,,,,,,68.5,0.3,,0.0,0.0,343.5,765.75,
2023-02-24 10:00:00,39.5,82.75,9.825,13.975,15.45,18.75,2.675,,,,,,,,,,62.5,0.3,,0.0,0.0,546.25,766.0,
2023-02-24 11:00:00,25.75,51.0,2.5,12.325,8.6,17.225,2.325,,,,,,,,,,60.75,0.3,,0.0,0.0,622.5,765.0,
2023-02-24 12:00:00,25.75,48.0,1.625,10.175,6.725,17.725,2.5,,,,,,,,,,60.5,0.3,,0.0,0.0,638.75,763.25,
2023-02-24 13:00:00,26.75,48.25,2.533333333333333,8.95,6.25,14.675,2.65,,,,,,,,,,62.5,0.3,,0.0,0.0,606.25,761.5,
2023-02-24 14:00:00,22.0,46.25,1.3499999999999999,8.45,5.6,14.675,1.725,,,,,,,,,,62.25,0.3,,0.0,0.0,537.25,759.75,
2023-02-24 15:00:00,20.25,36.75,1.5750000000000002,7.6,5.35,14.875,1.375,,,,,,,,,,63.5,0.3,,0.0,0.0,292.0,759.0,
2023-02-24 16:00:00,23.75,36.0,1.25,7.775,5.15,15.3,1.525,,,,,,,,,,65.5,0.3,,0.0,0.0,53.0,759.0,
2023-02-24 17:00:00,22.5,44.25,1.8249999999999997,6.9,5.175000000000001,15.25,1.75,,,,,,,,,,68.5,0.3,,0.0,0.0,77.25,759.5,
2023-02-24 18:00:00,21.0,42.0,1.7,8.5,5.8999999999999995,15.166666666666666,0.7,,,,,,,,,,70.0,0.3,,0.0,0.0,19.333333333333332,760.0,
2023-02-24 19:00:00,20.0,36.0,1.35,10.166666666666666,6.1000000000000005,13.766666666666666,0.7666666666666666,,,,,,,,,,72.0,0.3,,0.0,0.0,17.0,761.6666666666666,
2023-02-24 20:00:00,20.0,35.0,1.4500000000000002,10.7,6.875,12.3,2.425,,,,,,,,,,73.0,0.3,,0.0,0.0,17.0,763.5,
2023-02-24 21:00:00,23.5,32.75,1.4,10.6,6.800000000000001,12.1,2.425,,,,,,,,,,73.5,0.3,,0.0,0.0,17.0,764.0,
2023-02-24 22:00:00,15.0,36.0,1.675,10.0,6.675,12.975,0.9,,,,,,,,,,73.75,0.3,,0.0,0.0,17.0,764.0,
2023-02-24 23:00:00,11.75,35.25,1.625,10.575,6.975,13.625,0.3666666666666667,,,,,,,,,,76.0,0.3,,0.0,0.0,17.0,764.25,
2023-02-25 00:00:00,10.75,23.5,1.725,8.675,6.025,13.925,3.0,,,,,,,,,,76.5,0.3,,0.0,0.0,17.0,763.5,
2023-02-25 01:00:00,10.25,20.0,1.6,8.225,5.675000000000001,14.275,2.625,,,,,,,,,,77.75,0.3,,0.0,0.0,17.0,763.0,
2023-02-25 02:00:00,10.25,16.5,2.125,11.8,8.0,12.425,1.475,,,,,,,,,,78.5,0.3,,0.0,0.0,17.0,762.75,
2023-02-25 03:00:00,18.0,50.25,23.6,17.4,28.45,4.7,2.225,,,,,,,,,,82.75,0.3,,0.0,0.0,17.0,761.75,
2023-02-25 04:00:00,50.0,134.0,27.5,18.3,32.125,2.5,3.3499999999999996,,,,,,,,,,85.75,0.3,,0.0,0.0,17.0,761.0,
2023-02-25 05:00:00,55.5,146.25,29.025,17.45,32.9,5.575,4.325,,,,,,,,,,87.0,0.3,,0.0,0.0,17.0,762.25,
2023-02-25 06:00:00,55.75,139.5,46.05,17.75,46.875,1.2,4.775,,,,,,,,,,88.75,0.3,,0.0,0.0,26.5,763.5,
2023-02-25 07:00:00,57.75,135.5,36.325,16.0,38.05,10.0,5.225,,,,,,,,,,83.5,0.3,,0.0,0.0,131.0,765.5,
2023-02-25 08:00:00,45.75,103.25,27.075,15.975000000000001,30.5,15.825,6.05,,,,,,,,,,74.75,0.3,,0.0,0.0,282.75,766.5,
2023-02-25 09:00:00,37.75,84.25,21.25,13.299999999999999,24.325,18.425,7.824999999999999,,,,,,,,,,66.75,0.3,,0.0,0.0,417.25,767.0,
2023-02-25 10:00:00,37.25,96.0,12.925,24.725,23.65,14.925,24.125,,,,,,,,,,60.5,0.3,,0.0,0.0,527.0,767.0,
2023-02-25 11:00:00,45.75,116.0,4.225,26.6,17.6,15.7,25.05,,,,,,,,,,56.75,0.3,,0.0,0.0,591.5,765.75,
2023-02-25 12:00:00,42.0,101.0,2.125,18.975,11.8,13.85,12.8,,,,,,,,,,60.5,0.3,,0.0,0.0,614.0,764.25,
2023-02-25 13:00:00,43.5,101.5,1.6749999999999998,20.625,12.35,12.2,31.325,,,,,,,,,,59.75,0.3,,0.0,0.0,577.75,762.75,
2023-02-25 14:00:00,44.25,116.5,2.25,15.75,10.2,13.55,14.25,,,,,,,,,,52.75,0.3,,0.0,0.0,503.25,761.75,
2023-02-25 15:00:00,33.5,76.75,1.65,12.75,8.125,14.825000000000001,6.425000000000001,,,,,,,,,,59.5,0.3,,0.0,0.0,277.0,761.0,
2023-02-25 16:00:00,33.0,78.0,1.6,12.575,7.975,14.55,3.7750000000000004,,,,,,,,,,62.75,0.3,,0.0,0.0,86.25,761.0,
2023-02-25 17:00:00,24.5,67.25,1.55,10.125,6.65,15.075,1.4,,,,,,,,,,68.75,0.3,,0.0,0.0,75.0,761.5,
2023-02-25 18:00:00,16.25,43.0,1.65,9.7,6.475,14.925,2.225,,,,,,,,,,74.75,0.3,,0.0,0.0,19.0,762.25,
2023-02-25 19:00:00,15.75,39.5,1.85,9.85,6.725,15.35,1.85,,,,,,,,,,76.25,0.3,,0.0,0.0,17.0,764.5,
2023-02-25 20:00:00,20.0,37.75,1.775,9.625,6.525,12.95,1.5750000000000002,,,,,,,,,,76.75,0.3,,0.0,0.0,17.0,766.0,
2023-02-25 21:00:00,19.0,41.0,1.9249999999999998,11.55,7.699999999999999,12.425,1.625,,,,,,,,,,77.25,0.3,,0.0,0.0,17.0,767.0,
2023-02-25 22:00:00,24.75,54.25,2.1,12.7,8.45,12.225,1.25,,,,,,,,,,78.0,0.3,,0.0,0.0,17.0,766.75,
2023-02-25 23:00:00,22.5,54.25,2.475,13.675,9.275,12.675,1.4500000000000002,,,,,,,,,,79.0,0.3,,0.0,0.0,17.0,766.0,
2023-02-26 00:00:00,21.5,48.5,2.875,16.45,11.075,11.325,2.625,,,,,,,,,,80.75,0.3,,0.0,0.0,17.0,765.5,
2023-02-26 01:00:00,30.25,62.75,2.275,16.2,10.475,11.5,4.375,,,,,,,,,,81.75,0.3,,0.0,0.0,17.0,764.5,
2023-02-26 02:00:00,29.25,64.0,6.4750000000000005,18.0,14.85,9.125,4.925,,,,,,,,,,84.0,0.3,,0.0,0.0,17.0,763.0,
2023-02-26 03:00:00,45.75,101.5,12.275,16.075,18.55,8.475,18.025,,,,,,,,,,86.5,0.3,,0.0,0.0,17.0,763.0,
2023-02-26 04:00:00,56.25,141.5,16.35,17.4,22.55,13.3,17.6,,,,,,,,,,88.25,0.3,,0.0,0.0,17.0,763.0,
2023-02-26 05:00:00,53.0,133.25,18.4,17.7,24.4,2.675,7.05,,,,,,,,,,89.75,0.3,,0.0,0.0,17.0,764.25,
2023-02-26 06:00:00,50.0,109.75,27.65,17.375,31.725,2.55,5.775,,,,,,,,,,90.5,0.3,,0.0,0.0,26.5,765.5,
2023-02-26 07:00:00,49.5,98.25,21.45,21.25,28.75,5.925000000000001,6.425,,,,,,,,,,84.25,0.3,,0.0,0.0,123.5,767.0,
2023-02-26 08:00:00,47.75,96.5,13.5,16.875,19.95,12.075,5.225,,,,,,,,,,75.75,0.3,,0.0,0.0,255.5,769.0,
2023-02-26 09:00:00,44.75,101.25,9.275,15.525,15.8,13.825,6.075,,,,,,,,,,70.5,0.3,,0.0,0.0,401.25,770.0,
2023-02-26 10:00:00,35.0,77.5,5.0,11.325,10.075,15.65,5.65,,,,,,,,,,60.75,0.3,,0.0,0.0,523.25,769.75,
2023-02-26 11:00:00,23.5,55.5,2.1,10.95,7.55,15.275,4.8,,,,,,,,,,58.75,0.3,,0.0,0.0,592.0,768.5,
2023-02-26 12:00:00,16.0,48.0,1.6333333333333335,8.799999999999999,6.0,16.466666666666665,4.766666666666667,,,,,,,,,,58.666666666666664,0.3,,0.0,0.0,613.3333333333334,767.0,
2023-02-26 13:00:00,30.25,63.75,1.5,7.075,5.0,14.85,2.9,,,,,,,,,,63.25,0.3,,0.0,0.0,579.0,765.5,
2023-02-26 14:00:00,26.0,54.75,1.5,6.475,4.65,14.375,3.575,,,,,,,,,,62.25,0.3,,0.0,0.0,505.25,764.25,
2023-02-26 15:00:00,20.0,48.0,1.525,6.25,4.55,13.025,3.675,,,,,,,,,,64.25,0.3,,0.0,0.0,274.0,763.75,
2023-02-26 16:00:00,19.25,48.5,0.95,6.8,4.4,13.375,2.5,,,,,,,,,,68.25,0.3,,0.0,0.0,97.0,764.0,
2023-02-26 17:00:00,18.5,48.75,1.85,5.95,4.7,14.275,1.8,,,,,,,,,,71.75,0.3,,0.0,0.0,77.0,764.0,
2023-02-26 18:00:00,21.75,47.0,0.95,7.4,4.675,14.375,1.3,,,,,,,,,,74.75,0.3,,0.0,0.0,19.25,764.75,
2023-02-26 19:00:00,18.25,55.0,1.2,8.075,5.3,13.575,1.2,,,,,,,,,,75.5,0.3,,0.0,0.0,17.0,765.75,
2023-02-26 20:00:00,19.5,56.25,1.375,8.7,5.775,14.825,1.6,,,,,,,,,,77.0,0.3,,0.0,0.0,17.0,767.0,
2023-02-26 21:00:00,21.25,43.75,0.625,9.675,5.675,11.0,1.625,,,,,,,,,,77.0,0.3,,0.0,0.0,17.0,767.5,
2023-02-26 22:00:00,23.25,48.75,1.0999999999999999,12.0,7.300000000000001,10.3,2.425,,,,,,,,,,77.25,0.3,,0.0,0.0,17.0,768.0,
2023-02-26 23:00:00,26.0,48.5,1.425,11.1,7.075,11.65,2.275,,,,,,,,,,78.5,0.3,,0.0,0.0,17.0,767.75,
2023-02-27 00:00:00,24.5,54.75,2.0250000000000004,12.525,8.3,12.35,2.775,,,,,,,,,,80.75,0.3,,0.0,0.0,17.0,766.5,
2023-02-27 01:00:00,31.0,74.5,1.8499999999999999,16.7,10.4,10.775,4.925,,,,,,,,,,83.75,0.3,,0.0,0.0,17.0,765.5,
2023-02-27 02:00:00,41.25,98.75,6.5,19.225,15.525,7.475,4.375,,,,,,,,,,86.0,0.3,,0.0,0.0,17.0,765.0,
2023-02-27 03:00:00,53.25,122.75,11.725,18.325,19.299999999999997,6.6,31.525,,,,,,,,,,87.5,0.3,,0.0,0.0,17.0,765.0,
2023-02-27 04:00:00,52.0,125.25,13.075000000000001,18.95,20.725,10.225,17.375,,,,,,,,,,88.75,0.3,,0.0,0.0,17.0,764.75,
2023-02-27 05:00:00,53.5,118.25,17.450000000000003,19.975,24.775,11.1,8.825,,,,,,,,,,90.0,0.3,,0.0,0.0,17.0,765.25,
2023-02-27 06:00:00,44.0,88.75,13.225,18.4,20.525,11.25,20.525,,,,,,,,,,89.75,0.3,,0.0,0.0,28.5,766.25,
2023-02-27 07:00:00,32.0,76.25,14.1,17.475,20.75,10.025,26.55,,,,,,,,,,84.25,0.3,,0.0,0.0,138.25,768.25,
2023-02-27 08:00:00,42.0,94.25,10.9,13.975,16.275,12.15,29.175,,,,,,,,,,77.5,0.3,,0.0,0.0,294.25,769.5,
2023-02-27 09:00:00,45.25,95.5,6.25,14.7,12.875,14.325,21.125,,,,,,,,,,71.0,0.3,,0.0,0.0,427.0,770.0,
2023-02-27 10:00:00,46.5,102.25,2.55,13.425,9.2,14.3,12.05,,,,,,,,,,63.75,0.3,,0.0,0.0,522.0,770.25,
2023-02-27 11:00:00,43.25,86.75,1.5666666666666667,12.925,7.825,13.975,9.25,,,,,,,,,,55.0,0.3,,0.0,0.0,611.25,768.75,
2023-02-27 12:00:00,28.75,69.75,1.8,9.775,6.075,14.3,4.35,,,,,,,,,,49.5,0.3,,0.0,0.0,631.25,767.5,
2023-02-27 13:00:00,26.5,55.25,0.95,8.075,5.075,15.0,3.875,,,,,,,,,,46.25,0.3,,0.0,0.0,597.75,765.75,
2023-02-27 14:00:00,23.25,55.0,1.125,7.45,4.875,13.3,4.45,,,,,,,,,,46.5,0.3,,0.0,0.0,514.0,764.5,
2023-02-27 15:00:00,27.5,71.5,0.6,8.425,4.975,12.55,3.9,,,,,,,,,,60.0,0.3,,0.0,0.0,269.25,763.0,
2023-02-27 16:00:00,30.75,78.0,1.225,8.4,5.45,12.225,3.5,,,,,,,,,,59.25,0.3,,0.0,0.0,100.25,763.0,
2023-02-27 17:00:00,35.25,82.5,1.225,9.225,5.9,13.475,3.125,,,,,,,,,,65.75,0.3,,0.0,0.0,78.0,763.0,
2023-02-27 18:00:00,32.25,72.5,0.675,10.0,5.9,14.075,2.675,,,,,,,,,,73.5,0.3,,0.0,0.0,19.5,763.5,
2023-02-27 19:00:00,28.5,55.25,1.275,10.025,6.4,14.175,2.2,,,,,,,,,,77.0,0.525,,0.0,0.0,16.75,764.5,
2023-02-27 20:00:00,23.0,51.75,1.1,9.575,5.975,14.149999999999999,2.5,,,,,,,,,,77.75,0.3,,0.0,0.0,17.0,765.25,
2023-02-27 21:00:00,22.25,49.0,1.075,10.15,6.275,14.875,2.45,,,,,,,,,,79.25,0.3,,0.0,0.0,17.0,766.0,
2023-02-27 22:00:00,30.0,51.25,1.2666666666666666,8.85,5.35,11.875,1.75,,,,,,,,,,80.75,0.3,,0.0,0.0,17.0,766.0,
2023-02-27 23:00:00,32.25,52.5,0.475,9.25,5.300000000000001,11.9,1.2,,,,,,,,,,81.25,0.3,,0.0,0.0,17.0,765.75,
2023-02-28 00:00:00,27.75,59.0,0.775,8.825,5.325,12.6,2.05,,,,,,,,,,82.5,0.3,,0.0,0.0,17.0,765.0,
2023-02-28 01:00:00,21.5,46.5,1.0,7.725,4.95,13.6,1.725,,,,,,,,,,82.25,0.3,,0.0,0.0,17.0,764.0,
2023-02-28 02:00:00,22.5,43.0,0.9666666666666667,7.35,4.5,14.0,1.85,,,,,,,,,,82.0,0.3,,0.0,0.0,17.0,763.25,
2023-02-28 03:00:00,21.0,41.0,0.95,8.4,5.25,13.5,4.625,,,,,,,,,,83.25,0.3,,0.0,0.0,17.0,763.0,
2023-02-28 04:00:00,24.5,57.0,1.025,11.175,6.775,12.725,2.8,,,,,,,,,,84.75,0.3,,0.0,0.0,17.0,763.5,
2023-02-28 05:00:00,38.0,77.5,0.95,15.45,9.0,13.05,2.45,,,,,,,,,,88.0,0.3,,0.0,0.0,17.0,764.25,
2023-02-28 06:00:00,49.75,110.25,1.1333333333333333,13.6,7.824999999999999,10.25,2.75,,,,,,,,,,90.25,0.3,,0.0,0.0,24.75,765.25,
2023-02-28 07:00:00,56.5,127.5,2.275,15.3,10.0,8.325,5.325,,,,,,,,,,88.25,0.3,,0.0,0.0,106.25,767.0,
2023-02-28 08:00:00,54.25,118.5,2.825,15.825,10.7,11.55,11.225,,,,,,,,,,82.75,0.3,,0.0,0.0,246.75,768.5,
2023-02-28 09:00:00,61.5,129.0,2.4,17.425,11.25,14.625,19.45,,,,,,,,,,78.25,0.3,,0.0,0.0,279.75,769.75,
2023-02-28 10:00:00,56.5,110.0,1.0,10.45,5.825,15.2,4.7,,,,,,,,,,72.25,0.3,,0.0,0.0,428.75,770.0,
2023-02-28 11:00:00,35.75,80.0,0.6000000000000001,9.275,5.425,16.075,2.125,,,,,,,,,,70.0,0.3,,0.0,0.0,517.75,769.25,
2023-02-28 12:00:00,35.0,81.5,0.325,7.725,4.4,16.975,2.075,,,,,,,,,,70.0,0.3,,0.0,0.0,522.75,767.5,
2023-02-28 13:00:00,42.25,82.25,1.7,7.85,4.3,17.325000000000003,2.375,,,,,,,,,,70.0,0.3,,0.0,0.0,537.25,766.0,
2023-02-28 14:00:00,35.25,72.0,0.6,7.475,3.725,17.225,2.775,,,,,,,,,,68.75,0.3,,0.0,0.0,471.0,764.5,
2023-02-28 15:00:00,30.5,75.25,0.39999999999999997,6.925,3.8499999999999996,15.525,2.7,,,,,,,,,,71.25,0.3,,0.0,0.0,241.25,764.0,
2023-02-28 16:00:00,34.0,78.5,0.4666666666666666,6.949999999999999,3.775,15.125,1.4000000000000001,,,,,,,,,,74.5,0.3,,0.0,0.0,127.5,763.0,
2023-02-28 17:00:00,41.5,86.75,0.4,8.3,4.300000000000001,14.65,1.5,,,,,,,,,,78.25,0.3,,0.0,0.0,59.0,763.0,
2023-02-28 18:00:00,44.25,85.75,,8.875,4.5,15.175,2.1,,,,,,,,,,81.25,0.3,,0.0,0.0,19.25,764.0,
2023-02-28 19:00:00,37.75,76.25,,10.25,4.875,14.675,2.25,,,,,,,,,,82.5,0.3,,0.0,0.0,18.5,764.5,
2023-02-28 20:00:00,33.25,78.0,0.5333333333333333,10.225,5.725,14.375,1.75,,,,,,,,,,83.5,0.3,,0.0,0.0,17.25,766.0,
2023-02-28 21:00:00,33.25,79.0,0.1,9.775,5.0,14.625,1.525,,,,,,,,,,84.0,0.3,,0.0,0.0,17.0,767.0,
2023-02-28 22:00:00,38.75,72.0,0.425,8.8,5.05,14.55,2.075,,,,,,,,,,84.0,0.3,,0.0,0.0,16.75,767.5,
2023-02-28 23:00:00,35.0,69.0,1.3,7.2,3.8000000000000003,12.933333333333332,2.5,,,,,,,,,,84.33333333333333,0.3,,0.0,0.0,17.0,767.0,
2023-03-01 00:00:00,29.25,63.0,0.525,6.55,3.925,15.875,2.05,,,,,,,,,,85.0,0.3,,0.0,0.0,16.75,766.25,
2023-03-01 01:00:00,34.333333333333336,61.666666666666664,1.4666666666666668,5.966666666666666,4.366666666666667,17.400000000000002,1.7333333333333334,,,,,,,,,,85.0,0.3,,0.0,0.0,17.0,765.3333333333334,
2023-03-01 02:00:00,30.25,53.75,0.44999999999999996,6.5,3.3,13.675,1.9,,,,,,,,,,85.0,0.3,,0.0,0.0,13.5,764.25,
2023-03-01 03:00:00,28.0,55.5,0.7666666666666666,7.325,4.225,13.4,2.05,,,,,,,,,,84.75,0.3,,0.0,0.0,13.0,763.25,
2023-03-01 04:00:00,30.25,55.5,0.2,8.25,4.35,13.799999999999999,1.7999999999999998,,,,,,,,,,83.0,0.3,,0.0,0.0,13.0,763.0,
2023-03-01 05:00:00,35.0,57.75,0.2333333333333333,8.725,4.75,13.625,1.125,,,,,,,,,,83.0,0.3,,0.0,0.0,13.0,763.25,
2023-03-01 06:00:00,32.75,58.25,0.925,13.7,8.049999999999999,16.825,2.575,,,,,,,,,,83.5,0.3,,0.0,0.0,20.0,764.5,
2023-03-01 07:00:00,42.25,80.5,1.0999999999999999,11.75,6.9,11.6,2.425,,,,,,,,,,79.75,0.3,,0.0,0.0,112.75,766.5,
2023-03-01 08:00:00,36.75,82.25,,9.925,4.9,11.375,1.875,,,,,,,,,,74.75,0.3,,0.0,0.0,252.75,768.25,
2023-03-01 09:00:00,36.25,81.0,0.2,7.85,4.175,12.35,1.725,,,,,,,,,,70.5,0.3,,0.0,0.0,398.0,769.5,
2023-03-01 10:00:00,37.25,73.25,0.75,8.275,4.5,16.2,2.375,,,,,,,,,,69.25,0.3,,0.0,0.0,463.5,770.0,
2023-03-01 11:00:00,38.5,69.5,0.7666666666666666,7.425,4.425,17.625,2.45,,,,,,,,,,66.5,0.3,,0.0,0.0,608.75,769.0,
2023-03-01 12:00:00,37.666666666666664,75.33333333333333,,7.933333333333333,3.9,17.066666666666666,0.7333333333333334,,,,,,,,,,66.66666666666667,0.3,,0.0,0.0,528.6666666666666,767.6666666666666,
2023-03-01 13:00:00,33.75,75.75,,7.525,3.35,17.425,0.9,,,,,,,,,,65.0,0.3,,0.0,0.0,591.75,765.75,
2023-03-01 14:00:00,36.5,71.25,0.9500000000000001,7.75,4.275,20.025,3.175,,,,,,,,,,64.5,0.3,,0.0,0.0,495.75,763.5,
2023-03-01 15:00:00,38.25,78.5,0.3,8.375,4.45,21.425,2.675,,,,,,,,,,67.0,3.025,,0.0,0.0,282.5,763.0,
2023-03-01 16:00:00,40.5,80.0,0.6000000000000001,7.699999999999999,4.6,19.85,2.3249999999999997,,,,,,,,,,69.5,3.275,,0.0,0.0,114.75,763.75,
2023-03-01 17:00:00,43.5,79.25,0.4666666666666666,8.2,4.675,19.425,2.225,,,,,,,,,,73.0,2.85,,0.0,0.0,76.0,764.0,
2023-03-01 18:00:00,38.0,75.5,1.05,9.55,5.925,19.025,2.45,,,,,,,,,,77.25,2.45,,0.0,0.0,19.5,764.5,
2023-03-01 19:00:00,36.75,71.5,0.15000000000000002,10.475,5.475,17.05,2.825,,,,,,,,,,78.25,2.325,,0.0,0.0,17.0,765.75,
2023-03-01 20:00:00,40.0,74.25,0.35,10.925,5.825,16.325,3.75,,,,,,,,,,78.0,2.075,,0.0,0.0,17.0,767.0,
2023-03-01 21:00:00,34.25,77.25,,10.9,5.4,16.65,3.775,,,,,,,,,,78.0,2.275,,0.0,0.0,17.0,768.25,
2023-03-01 22:00:00,34.25,71.5,,10.55,4.675,17.025,1.725,,,,,,,,,,79.0,2.15,,0.0,0.0,17.0,768.75,
2023-03-01 23:00:00,30.75,61.5,,8.7,3.9000000000000004,18.175,1.625,,,,,,,,,,79.5,1.9,,0.0,0.0,17.0,768.0,
2023-03-02 00:00:00,27.0,63.5,0.3,7.475,3.075,16.225,1.275,,,,,,,,,,80.0,1.7,,0.0,0.0,17.0,766.75,
2023-03-02 01:00:00,27.0,62.25,,7.625,2.825,14.65,1.925,,,,,,,,,,80.25,1.5,,0.0,0.0,17.0,765.5,
2023-03-02 02:00:00,28.333333333333332,57.0,,7.966666666666666,3.233333333333333,13.333333333333334,3.033333333333333,,,,,,,,,,81.0,0.9333333333333332,,0.0,0.0,17.0,764.3333333333334,
2023-03-02 03:00:00,33.25,71.0,,13.625,5.7,12.6,6.0,,,,,,,,,,83.0,1.025,,0.0,0.0,17.0,764.5,
2023-03-02 04:00:00,41.0,93.5,,13.35,5.875,13.575,5.725,,,,,,,,,,84.25,1.025,,0.0,0.0,17.0,764.0,
2023-03-02 05:00:00,47.75,96.75,,16.200000000000003,8.025,12.9,4.85,,,,,,,,,,87.5,1.55,,0.0,0.0,17.0,765.25,
2023-03-02 06:00:00,60.0,125.25,,17.625,8.375,12.3,3.825,,,,,,,,,,89.0,1.325,,0.0,0.0,27.75,766.5,
2023-03-02 07:00:00,66.25,143.75,,18.425,9.3,12.4,4.175,,,,,,,,,,86.25,1.625,,0.0,0.0,125.25,768.5,
2023-03-02 08:00:00,74.0,150.75,0.5,17.325,9.5,11.125,7.25,,,,,,,,,,78.0,1.35,,0.0,0.0,269.0,770.25,
2023-03-02 09:00:00,58.5,129.75,,9.725,4.475,15.625,4.7,,,,,,,,,,65.75,3.0,,0.0,0.0,427.75,771.0,
2023-03-02 10:00:00,30.75,77.0,,8.4,2.95,18.25,4.875,,,,,,,,,,61.25,3.1,,0.0,0.0,542.75,771.0,
2023-03-02 11:00:00,32.25,75.75,,7.65,2.8,18.025,4.65,,,,,,,,,,55.25,2.975,,0.0,0.0,612.75,770.25,
2023-03-02 12:00:00,31.0,82.5,0.4,4.925,2.475,16.25,2.425,,,,,,,,,,50.25,3.45,,0.0,0.0,635.5,768.5,
2023-03-02 13:00:00,34.5,84.0,,4.675,1.725,16.275,1.9500000000000002,,,,,,,,,,46.75,3.25,,0.0,0.0,601.75,767.0,
2023-03-02 14:00:00,35.5,75.75,0.39999999999999997,4.95,2.8,15.875,3.025,,,,,,,,,,46.0,3.1,,0.0,0.0,519.25,765.5,
2023-03-02 15:00:00,34.5,79.25,0.9,6.5,3.625,18.4,3.2,,,,,,,,,,46.5,3.025,,0.0,0.0,319.75,764.0,
2023-03-02 16:00:00,37.75,84.0,,6.95,3.275,18.125,3.925,,,,,,,,,,49.5,2.575,,0.0,0.0,242.0,764.0,
2023-03-02 17:00:00,43.0,90.5,,7.15,3.275,16.25,3.225,,,,,,,,,,55.75,2.05,,0.0,0.0,78.0,764.0,
2023-03-02 18:00:00,44.0,103.25,0.5,9.75,5.050000000000001,14.475,11.100000000000001,,,,,,,,,,60.25,1.85,,0.0,0.0,19.5,764.75,
2023-03-02 19:00:00,48.0,114.0,0.6333333333333333,16.45,9.0,12.025,17.975,,,,,,,,,,66.75,1.8499999999999999,,0.0,0.0,17.0,765.75,
2023-03-02 20:00:00,50.25,119.25,0.44999999999999996,13.5,7.075,14.025,4.425,,,,,,,,,,72.75,1.85,,0.0,0.0,17.0,767.5,
2023-03-02 21:00:00,50.75,106.75,0.44999999999999996,18.275,9.7,12.65,9.05,,,,,,,,,,74.5,1.525,,0.0,0.0,17.0,768.75,
2023-03-02 22:00:00,56.75,130.5,,19.225,9.925,12.75,10.625,,,,,,,,,,75.75,1.275,,0.0,0.0,17.0,769.0,
2023-03-02 23:00:00,50.5,130.5,0.5,18.9,10.125,13.125,10.05,,,,,,,,,,76.75,1.225,,0.0,0.0,17.0,767.75,
2023-03-03 00:00:00,51.25,122.25,,16.375,8.35,13.5,8.75,,,,,,,,,,78.5,1.225,,0.0,0.0,17.0,767.0,
2023-03-03 01:00:00,48.5,109.0,0.44999999999999996,13.35,7.075,12.05,6.875,,,,,,,,,,80.25,1.0750000000000002,,0.0,0.0,17.0,766.0,
2023-03-03 02:00:00,47.25,103.25,0.3,12.4,6.55,12.9,6.975,,,,,,,,,,81.25,1.125,,0.0,0.0,17.0,765.25,
2023-03-03 03:00:00,50.333333333333336,102.33333333333333,0.6,13.366666666666667,6.866666666666667,13.633333333333333,4.966666666666667,,,,,,,,,,83.33333333333333,1.2666666666666666,,0.0,0.0,17.0,765.0,
2023-03-03 04:00:00,58.5,108.5,,13.75,7.15,13.625,5.8,,,,,,,,,,85.5,1.175,,0.0,0.0,17.0,765.0,
2023-03-03 05:00:00,67.0,134.5,,14.5,7.1,13.95,8.2,,,,,,,,,,86.75,1.1,,0.0,0.0,17.0,766.0,
2023-03-03 06:00:00,59.75,128.0,0.8500000000000001,16.025,8.65,13.55,8.0,,,,,,,,,,86.75,0.875,,0.0,0.0,27.5,767.75,
2023-03-03 07:00:00,56.75,131.5,1.175,17.475,10.275,13.3,10.525,,,,,,,,,,82.25,1.55,,0.0,0.0,122.5,769.5,
2023-03-03 08:00:00,58.5,130.75,0.95,14.774999999999999,8.6,15.8,11.125,,,,,,,,,,78.5,1.925,,0.0,0.0,269.5,771.0,
2023-03-03 09:00:00,58.0,125.75,0.2,13.725,7.05,15.025,12.95,,,,,,,,,,73.0,1.875,,0.0,0.0,391.75,772.0,
2023-03-03 10:00:00,57.25,126.0,0.3,10.75,5.425,16.5,14.85,,,,,,,,,,66.0,2.45,,0.0,0.0,520.5,771.75,
2023-03-03 11:00:00,43.0,101.25,0.7,6.575,3.425,18.175,5.5,,,,,,,,,,60.25,2.9749999999999996,,0.0,0.0,602.25,770.25,
2023-03-03 12:00:00,33.5,74.0,0.3,6.025,2.6,18.425,4.475,,,,,,,,,,58.0,2.975,,0.0,0.0,621.75,769.0,
2023-03-03 13:00:00,32.75,79.0,,5.275,2.2,17.225,4.6,,,,,,,,,,60.25,2.95,,0.0,0.0,580.5,767.25,
2023-03-03 14:00:00,35.5,77.75,,5.574999999999999,2.425,16.675,4.55,,,,,,,,,,61.0,3.2,,0.0,0.0,496.0,765.5,
2023-03-03 15:00:00,37.333333333333336,81.33333333333333,,4.8999999999999995,2.1,17.033333333333335,4.533333333333333,,,,,,,,,,61.0,3.1999999999999997,,0.0,0.0,282.0,765.0,
2023-03-03 16:00:00,37.0,81.5,0.6,6.325,3.325,18.325,5.875,,,,,,,,,,57.75,2.9,,0.0,0.0,227.25,764.25,
2023-03-03 17:00:00,36.75,99.5,0.1,8.7,4.175,17.1,13.6,,,,,,,,,,54.75,2.875,,0.0,0.0,77.0,764.25,
2023-03-03 18:00:00,46.5,118.75,,10.025,4.475,16.825,10.05,,,,,,,,,,62.25,2.325,,0.0,0.0,19.5,765.25,
2023-03-03 19:00:00,50.0,109.0,,11.45,5.725,16.125,5.2,,,,,,,,,,67.5,2.05,,0.0,0.0,17.0,766.5,
2023-03-03 20:00:00,50.0,114.25,0.39999999999999997,17.575,9.425,14.0,9.975,,,,,,,,,,70.0,1.6,,0.0,0.0,17.0,767.75,
2023-03-03 21:00:00,60.5,139.0,0.26666666666666666,25.2,13.225,11.15,10.125,,,,,,,,,,70.0,1.275,,0.0,0.0,17.0,769.0,
2023-03-03 22:00:00,64.5,159.5,0.3,24.075,12.725,11.825,7.725,,,,,,,,,,70.5,1.025,,0.0,0.0,17.0,768.25,
2023-03-03 23:00:00,58.75,127.0,,14.95,7.550000000000001,14.725000000000001,3.9749999999999996,,,,,,,,,,71.0,1.1,,0.0,0.0,17.0,767.75,
2023-03-04 00:00:00,45.5,85.5,0.30000000000000004,10.75,5.525,16.875,2.925,,,,,,,,,,72.5,0.95,,0.0,0.0,17.0,767.0,
2023-03-04 01:00:00,44.0,77.5,,11.25,5.6,15.3,2.6,,,,,,,,,,74.5,0.825,,0.0,0.0,17.0,766.0,
2023-03-04 02:00:00,42.5,79.5,0.1,12.4,6.375,12.2,3.15,,,,,,,,,,76.5,1.025,,0.0,0.0,17.0,765.5,
2023-03-04 03:00:00,39.75,94.75,,15.15,7.825,10.55,5.625,,,,,,,,,,78.0,1.15,,0.0,0.0,17.5,765.0,
2023-03-04 04:00:00,47.5,115.25,1.1,15.0,8.0,10.8,6.675,,,,,,,,,,80.25,1.1,,0.0,0.0,17.0,765.0,
2023-03-04 05:00:00,56.0,135.0,0.46666666666666673,19.125,10.375,11.125,6.85,,,,,,,,,,82.0,0.9750000000000001,,0.0,0.0,17.0,766.0,
2023-03-04 06:00:00,62.0,145.0,1.05,22.725,12.95,9.575,7.325,,,,,,,,,,83.0,1.15,,0.0,0.0,27.25,767.5,
2023-03-04 07:00:00,75.75,176.25,3.475,24.95,16.075,8.45,10.95,,,,,,,,,,81.75,1.15,,0.0,0.0,120.0,769.5,
2023-03-04 08:00:00,91.5,211.25,2.425,20.65,12.925,12.175,14.55,,,,,,,,,,76.5,1.425,,0.0,0.0,254.5,770.75,
2023-03-04 09:00:00,88.75,206.5,0.9,13.15,7.45,16.05,13.025,,,,,,,,,,71.5,1.875,,0.0,0.0,385.5,771.25,
2023-03-04 10:00:00,64.75,148.75,0.7,12.725,6.675,15.475,20.175,,,,,,,,,,66.0,2.0749999999999997,,0.0,0.0,495.5,770.75,
2023-03-04 11:00:00,55.5,122.0,0.1,9.225,4.55,16.575,14.25,,,,,,,,,,57.0,2.15,,0.0,0.0,582.25,769.5,
2023-03-04 12:00:00,47.25,91.25,0.4,9.6,5.0,16.8,10.475,,,,,,,,,,56.75,2.525,,0.0,0.0,589.5,767.5,
2023-03-04 13:00:00,44.5,96.0,0.6666666666666666,8.775,5.05,16.95,7.324999999999999,,,,,,,,,,56.25,2.8,,0.0,0.0,542.5,766.0,
2023-03-04 14:00:00,41.25,88.75,,7.825,3.45,16.275,5.7,,,,,,,,,,56.75,3.0,,0.0,0.0,462.5,764.5,
2023-03-04 15:00:00,35.25,84.75,,6.45,2.925,16.1,3.7,,,,,,,,,,58.75,3.0,,0.0,0.0,291.75,763.75,
2023-03-04 16:00:00,35.0,84.75,0.925,6.275,4.075,15.925,3.35,,,,,,,,,,63.0,2.825,,0.0,0.0,208.25,764.0,
2023-03-04 17:00:00,39.5,88.75,0.39999999999999997,8.475,4.45,16.8,3.175,,,,,,,,,,69.25,2.5,,0.0,0.0,71.5,764.0,
2023-03-04 18:00:00,37.0,96.0,,11.9,5.25,15.875,4.65,,,,,,,,,,74.5,1.875,,0.0,0.0,19.25,765.25,
2023-03-04 19:00:00,46.25,108.75,0.55,16.25,8.425,13.5,13.45,,,,,,,,,,79.25,1.925,,0.0,0.0,17.0,766.5,
2023-03-04 20:00:00,53.0,122.0,0.85,14.275,7.75,14.45,23.9,,,,,,,,,,81.75,1.9000000000000001,,0.0,0.0,17.0,767.0,
2023-03-04 21:00:00,41.75,94.25,0.39999999999999997,10.9,6.0,15.75,9.375,,,,,,,,,,83.5,1.8,,0.0,0.0,17.5,768.0,
2023-03-04 22:00:00,34.5,73.0,0.44999999999999996,9.95,5.25,15.3,2.625,,,,,,,,,,84.5,1.575,,0.0,0.0,17.0,768.0,
2023-03-04 23:00:00,34.5,71.0,0.2,11.95,6.275,14.175,0.9,,,,,,,,,,85.75,1.625,,0.0,0.0,17.0,767.5,
2023-03-05 00:00:00,39.5,83.75,,14.575,7.3,13.2,6.7,,,,,,,,,,87.25,1.55,,0.0,0.0,17.0,766.25,
2023-03-05 01:00:00,43.0,109.25,0.8333333333333334,12.125,6.775,20.35,6.625,,,,,,,,,,89.0,1.225,,0.0,0.0,17.0,765.75,
2023-03-05 02:00:00,49.25,98.5,,11.3,5.4,16.5,5.525,,,,,,,,,,89.75,1.35,,0.0,0.0,17.0,765.0,
2023-03-05 03:00:00,47.0,90.75,,8.7,3.45,14.325,4.2,,,,,,,,,,90.25,1.625,,0.0,0.0,17.0,765.0,
2023-03-05 04:00:00,38.5,64.0,0.1,8.65,4.15,12.6,3.3,,,,,,,,,,92.0,1.55,,0.0,0.0,17.0,765.0,
2023-03-05 05:00:00,40.25,69.75,0.6,8.65,4.25,12.975,3.05,,,,,,,,,,93.5,1.375,,0.0,0.0,17.0,765.75,
2023-03-05 06:00:00,41.75,80.5,,10.8,5.35,12.8,1.0750000000000002,,,,,,,,,,94.0,1.225,,0.0,0.0,27.25,766.5,
2023-03-05 07:00:00,47.75,97.0,0.4,12.95,7.2,12.35,1.075,,,,,,,,,,91.5,2.05,,0.0,0.0,120.25,768.25,
2023-03-05 08:00:00,57.75,120.5,0.6666666666666666,9.7,5.55,14.55,3.5,,,,,,,,,,86.75,2.4,,0.0,0.0,268.5,769.5,
2023-03-05 09:00:00,54.0,107.0,0.7,9.525,5.6,15.575,11.975,,,,,,,,,,78.25,2.275,,0.0,0.0,400.75,770.25,
2023-03-05 10:00:00,49.0,93.25,0.36666666666666664,6.375,3.525,17.925,9.575,,,,,,,,,,67.0,2.85,,0.0,0.0,531.75,770.0,
2023-03-05 11:00:00,34.0,77.0,0.3,5.225,1.9500000000000002,17.65,5.6,,,,,,,,,,63.0,3.025,,0.0,0.0,574.75,768.5,
2023-03-05 12:00:00,33.75,72.25,0.2,5.875,3.05,16.825,2.75,,,,,,,,,,60.5,3.2,,0.0,0.0,611.0,766.75,
2023-03-05 13:00:00,31.5,73.75,0.4,4.975,2.35,17.45,1.85,,,,,,,,,,59.0,3.2,,0.0,0.0,578.25,765.25,
2023-03-05 14:00:00,25.75,64.75,0.3,6.025,2.55,16.575,1.85,,,,,,,,,,58.5,3.275,,0.0,0.0,496.75,763.75,
2023-03-05 15:00:00,23.5,59.25,,4.65,1.975,16.3,1.65,,,,,,,,,,59.25,2.925,,0.0,0.0,307.0,763.0,
2023-03-05 16:00:00,29.25,63.75,0.55,4.875,2.4749999999999996,16.525,2.9,,,,,,,,,,62.75,2.85,,0.0,0.0,229.75,763.0,
2023-03-05 17:00:00,32.25,66.0,0.44999999999999996,4.95,2.025,16.725,2.975,,,,,,,,,,65.0,2.4,,0.0,0.0,75.75,764.0,
2023-03-05 18:00:00,31.0,69.5,0.1,7.800000000000001,3.85,16.925,5.175,,,,,,,,,,67.75,1.825,,0.0,0.0,19.5,764.0,
2023-03-05 19:00:00,36.25,86.0,0.25,11.4,5.675,14.725,13.75,,,,,,,,,,74.5,1.9,,0.0,0.0,17.0,765.25,
2023-03-05 20:00:00,40.0,95.25,0.25,6.525,3.375,15.75,6.85,,,,,,,,,,80.0,1.95,,0.0,0.0,17.0,766.0,
2023-03-05 21:00:00,30.75,69.25,0.2,7.125,3.45,15.6,3.8,,,,,,,,,,82.0,1.7,,0.0,0.0,17.0,767.0,
2023-03-05 22:00:00,30.5,70.75,,8.15,4.1,15.325,3.675,,,,,,,,,,83.25,1.5,,0.0,0.0,17.0,767.0,
2023-03-05 23:00:00,33.0,77.0,0.6,9.575,4.875,14.774999999999999,6.375,,,,,,,,,,84.25,1.65,,0.0,0.0,17.0,766.5,
2023-03-06 00:00:00,35.5,85.0,0.8,8.275,4.45,15.375,5.75,,,,,,,,,,85.75,1.375,,0.0,0.0,17.0,765.5,
2023-03-06 01:00:00,32.25,71.0,0.3,6.875,3.5,16.2,3.225,,,,,,,,,,87.25,1.2999999999999998,,0.0,0.0,17.0,764.5,
2023-03-06 02:00:00,28.25,62.25,1.6,5.75,4.35,25.175,3.05,,,,,,,,,,88.5,1.15,,0.0,0.0,17.0,763.0,
2023-03-06 03:00:00,31.25,55.25,,5.775,2.275,18.0,2.4,,,,,,,,,,89.75,0.9750000000000001,,0.0,0.0,17.0,763.0,
2023-03-06 04:00:00,28.666666666666668,61.0,0.3,5.566666666666666,2.5666666666666664,15.133333333333333,2.1666666666666665,,,,,,,,,,91.0,1.0666666666666667,,0.0,0.0,17.0,763.0,
2023-03-06 05:00:00,31.75,71.0,0.55,9.75,5.125,12.65,2.15,,,,,,,,,,91.5,1.0250000000000001,,0.0,0.0,17.0,763.25,
2023-03-06 06:00:00,47.25,98.25,1.1333333333333335,12.575,7.300000000000001,12.7,3.4,,,,,,,,,,93.0,1.2,,0.0,0.0,26.75,764.5,
2023-03-06 07:00:00,62.0,126.5,2.625,15.8,10.5,11.025,6.725,,,,,,,,,,90.25,1.1,,0.0,0.0,117.5,765.75,
2023-03-06 08:00:00,64.75,130.0,2.25,15.475000000000001,10.05,12.975,9.725,,,,,,,,,,82.0,1.325,,0.0,0.0,234.75,767.0,
2023-03-06 09:00:00,54.5,127.5,0.5333333333333333,11.85,6.45,15.525,7.3,,,,,,,,,,72.5,1.8,,0.0,0.0,410.0,768.0,
2023-03-06 10:00:00,50.25,96.5,,6.8,3.35,18.425,5.4,,,,,,,,,,65.25,2.35,,0.0,0.0,529.5,767.75,
2023-03-06 11:00:00,40.75,77.0,0.4,6.125,3.15,18.475,4.6,,,,,,,,,,59.75,2.675,,0.0,0.0,604.75,766.75,
2023-03-06 12:00:00,34.25,68.0,0.7999999999999999,5.725,3.425,17.8,1.975,,,,,,,,,,57.5,2.85,,0.0,0.0,615.25,765.5,
2023-03-06 13:00:00,27.0,67.75,,,,27.8,1.9,,,,,,,,,,60.0,2.8,,0.0,0.0,585.0,763.5,
2023-03-06 14:00:00,30.75,69.75,,,,,2.625,,,,,,,,,,61.5,2.65,,0.0,0.0,496.0,762.25,
2023-03-06 15:00:00,34.0,77.25,,,,,2.7,,,,,,,,,,61.0,2.8,,0.0,0.0,306.75,761.25,
2023-03-06 16:00:00,37.25,77.5,,,,,3.025,,,,,,,,,,63.25,2.925,,0.0,0.0,233.0,761.0,
2023-03-06 17:00:00,38.25,88.0,,,,,3.35,,,,,,,,,,67.5,2.35,,0.0,0.0,76.5,761.0,
2023-03-06 18:00:00,38.5,94.5,,,,,1.9,,,,,,,,,,72.25,1.925,,0.0,0.0,19.25,761.0,
2023-03-06 19:00:00,38.0,91.5,,,,,0.8500000000000001,,,,,,,,,,76.0,1.75,,0.0,0.0,17.0,762.5,
2023-03-06 20:00:00,38.25,91.5,,,,,2.475,,,,,,,,,,77.5,1.625,,0.0,0.0,17.0,763.25,
2023-03-06 21:00:00,34.25,76.75,,,,,2.55,,,,,,,,,,78.0,1.4,,0.0,0.0,17.0,764.0,
2023-03-06 22:00:00,28.75,71.75,,,,,0.95,,,,,,,,,,78.75,1.525,,0.0,0.0,17.0,764.0,
2023-03-06 23:00:00,29.0,68.0,,,,,0.8,,,,,,,,,,79.0,1.275,,0.0,0.0,17.0,764.0,
2023-03-07 00:00:00,32.0,68.0,,,,,1.5333333333333332,,,,,,,,,,80.0,1.1666666666666667,,0.0,0.0,17.0,763.3333333333334,
2023-03-07 01:00:00,25.75,54.75,,,,,1.475,,,,,,,,,,81.0,1.4,,0.0,0.0,17.0,761.75,
2023-03-07 02:00:00,32.25,53.5,,,,,1.5,,,,,,,,,,81.5,1.3,,0.0,0.0,17.0,761.0,
2023-03-07 03:00:00,27.25,50.5,,,,,0.85,,,,,,,,,,81.0,1.125,,0.0,0.0,17.0,761.0,
2023-03-07 04:00:00,28.25,49.0,,,,,1.425,,,,,,,,,,81.0,0.9,,0.0,0.0,17.0,761.0,
2023-03-07 05:00:00,29.25,58.25,,,,,2.225,,,,,,,,,,81.0,0.65,,0.0,0.0,17.0,761.25,
2023-03-07 06:00:00,39.75,85.75,,,,,2.625,,,,,,,,,,84.25,0.825,,0.0,0.0,25.5,762.75,
2023-03-07 07:00:00,72.75,176.25,,,,,5.775,,,,,,,,,,86.5,0.9500000000000001,,0.0,0.0,105.0,764.5,
2023-03-07 08:00:00,84.0,201.25,,,,,8.325,,,,,,,,,,78.5,0.8500000000000001,,0.0,0.0,198.25,765.75,
2023-03-07 09:00:00,83.25,175.0,,,,,7.775,,,,,,,,,,72.75,1.5,,0.0,0.0,303.75,767.0,
2023-03-07 10:00:00,70.75,127.0,,11.266666666666666,5.033333333333333,22.400000000000002,4.05,,,,,,,,,,66.0,1.8,,0.0,0.0,520.0,767.0,
2023-03-07 11:00:00,38.75,67.5,,6.85,2.55,21.2,2.05,,,,,,,,,,64.5,2.45,,0.0,0.0,586.0,766.25,
2023-03-07 12:00:00,36.333333333333336,78.66666666666667,,5.166666666666667,2.1,19.6,2.733333333333333,,,,,,,,,,64.0,2.9333333333333336,,0.0,0.0,595.3333333333334,764.6666666666666,
2023-03-07 13:00:00,39.0,78.33333333333333,1.9,4.933333333333334,3.4333333333333336,19.533333333333335,2.3333333333333335,,,,,,,,,,64.0,3.0666666666666664,,0.0,0.0,566.6666666666666,763.0,
2023-03-07 14:00:00,37.75,76.25,1.0,4.3,1.6500000000000001,20.125,2.2750000000000004,,,,,,,,,,65.25,3.1750000000000003,,0.0,0.0,477.0,761.5,
2023-03-07 15:00:00,34.0,77.0,1.625,3.675,3.2750000000000004,18.875,1.475,,,,,,,,,,64.25,2.8,,0.0,0.0,316.0,761.0,
2023-03-07 16:00:00,35.0,71.66666666666667,0.65,4.166666666666667,2.5666666666666664,16.7,2.533333333333333,,,,,,,,,,67.33333333333333,3.1666666666666665,,0.0,0.0,176.66666666666666,761.0,
2023-03-07 17:00:00,36.666666666666664,85.33333333333333,1.8999999999999997,3.866666666666667,3.6333333333333333,15.466666666666667,1.9000000000000001,,,,,,,,,,71.0,2.6333333333333333,,0.0,0.0,55.0,761.0,
2023-03-07 18:00:00,33.5,94.0,0.675,5.15,3.3,15.775000000000002,2.15,,,,,,,,,,73.25,2.425,,0.0,0.0,18.75,761.5,
2023-03-07 19:00:00,29.75,82.0,1.4000000000000001,7.2,4.6,17.775,2.45,,,,,,,,,,74.75,2.075,,0.0,0.0,17.0,763.0,
2023-03-07 20:00:00,38.333333333333336,78.0,1.15,6.0,3.6666666666666665,18.2,2.2666666666666666,,,,,,,,,,75.66666666666667,2.233333333333333,,0.0,0.0,17.0,763.6666666666666,
2023-03-07 21:00:00,34.25,71.25,1.75,6.65,4.25,17.25,1.825,,,,,,,,,,76.0,2.0,,0.0,0.0,17.0,765.0,
2023-03-07 22:00:00,36.25,72.75,0.7999999999999999,4.95,2.9,17.275,1.4,,,,,,,,,,76.5,1.95,,0.0,0.0,17.0,764.75,
2023-03-07 23:00:00,31.5,65.0,1.0,3.85,2.525,17.325,1.85,,,,,,,,,,77.75,1.8,,0.0,0.0,17.0,764.5,
2023-03-08 00:00:00,31.0,60.0,1.5666666666666664,3.7249999999999996,2.8,15.625,2.35,,,,,,,,,,79.0,1.425,,0.0,0.0,17.0,764.0,
2023-03-08 01:00:00,24.5,54.0,1.0,3.675,1.475,15.25,2.5,,,,,,,,,,79.75,1.4000000000000001,,0.0,0.0,17.0,762.75,
2023-03-08 02:00:00,22.75,52.5,0.5666666666666667,3.25,2.05,14.875,1.6,,,,,,,,,,79.0,1.7,,0.0,0.0,17.0,761.75,
2023-03-08 03:00:00,23.5,47.75,0.875,2.825,2.225,15.75,1.525,,,,,,,,,,80.75,1.425,,0.0,0.0,17.0,761.25,
2023-03-08 04:00:00,27.75,48.5,1.0,3.275,1.975,16.7,2.625,,,,,,,,,,82.25,1.35,,0.0,0.0,17.0,761.75,
2023-03-08 05:00:00,27.75,54.0,1.1,2.3,2.075,17.425,2.975,,,,,,,,,,83.75,1.15,,0.0,0.0,17.0,762.0,
2023-03-08 06:00:00,29.75,59.5,0.7749999999999999,4.05,2.775,17.6,0.975,,,,,,,,,,83.25,1.15,,0.0,0.0,33.75,763.0,
2023-03-08 07:00:00,33.5,77.5,4.766666666666667,11.75,9.125,12.975,2.625,,,,,,,,,,81.25,1.0,,0.0,0.0,115.5,764.5,
2023-03-08 08:00:00,50.25,116.5,3.375,13.925,10.15,11.875,5.2,,,,,,,,,,80.5,1.65,,0.0,0.0,198.5,766.0,
2023-03-08 09:00:00,55.75,125.0,1.9,6.075,3.825,15.35,3.25,,,,,,,,,,69.75,2.275,,0.0,0.0,425.5,767.0,
2023-03-08 10:00:00,43.0,83.0,0.3,3.533333333333333,1.6666666666666667,16.099999999999998,2.966666666666667,,,,,,,,,,64.66666666666667,2.5,,0.0,0.0,516.3333333333334,767.0,
2023-03-08 11:00:00,34.0,67.0,0.6333333333333333,3.725,2.375,15.875,3.125,,,,,,,,,,58.25,3.025,,0.0,0.0,584.25,766.0,
2023-03-08 12:00:00,36.0,76.33333333333333,1.2,3.9333333333333336,2.1333333333333333,19.966666666666665,5.066666666666666,,,,,,,,,,56.333333333333336,3.3666666666666667,,0.0,0.0,592.0,764.6666666666666,
2023-03-08 13:00:00,37.75,85.75,0.9333333333333332,3.775,2.525,19.75,4.75,,,,,,,,,,57.5,3.05,,0.0,0.0,532.0,763.25,
2023-03-08 14:00:00,32.75,76.0,2.65,4.175,3.225,19.7,4.625,,,,,,,,,,57.0,3.2,,0.0,0.0,469.5,761.75,
2023-03-08 15:00:00,36.75,75.5,2.925,3.9499999999999997,4.45,21.575000000000003,3.7,,,,,,,,,,60.75,3.175,,0.0,0.0,303.75,760.25,
2023-03-08 16:00:00,33.0,81.0,1.8666666666666665,4.2,3.733333333333333,20.466666666666665,3.0666666666666664,,,,,,,,,,64.0,2.9333333333333336,,0.0,0.0,197.0,760.0,
2023-03-08 17:00:00,35.5,93.75,1.9249999999999998,4.050000000000001,3.725,17.95,2.55,,,,,,,,,,70.5,2.75,,0.0,0.0,74.75,760.25,
2023-03-08 18:00:00,44.333333333333336,85.66666666666667,1.5,3.3000000000000003,3.0,17.599999999999998,0.8333333333333334,,,,,,,,,,75.33333333333333,2.8000000000000003,,0.0,0.0,17.666666666666668,761.3333333333334,
2023-03-08 19:00:00,43.5,78.5,1.85,5.3,4.325,16.55,1.3,,,,,,,,,,77.25,2.35,,0.0,0.0,17.0,762.25,
2023-03-08 20:00:00,36.333333333333336,81.0,2.5,4.8,4.566666666666666,18.333333333333332,2.1666666666666665,,,,,,,,,,77.66666666666667,2.0,,0.0,0.0,17.0,763.0,
2023-03-08 21:00:00,39.333333333333336,76.0,2.3666666666666667,5.033333333333333,4.6000000000000005,18.233333333333334,2.3333333333333335,,,,,,,,,,79.0,2.0,,0.0,0.0,17.0,763.0,
2023-03-08 22:00:00,31.25,74.25,2.475,3.7750000000000004,4.025,19.275,0.875,,,,,,,,,,80.0,1.725,,0.0,0.0,17.0,763.0,
2023-03-08 23:00:00,28.0,73.5,3.0,3.0,4.025,19.4,1.0666666666666667,,,,,,,,,,81.0,1.475,,0.0,0.0,17.0,763.5,
2023-03-09 00:00:00,28.25,72.75,2.425,4.75,4.525,18.425,2.05,,,,,,,,,,82.0,1.6,,0.0,0.0,17.0,762.0,
2023-03-09 01:00:00,37.75,85.0,2.25,5.675,4.85,15.75,2.425,,,,,,,,,,83.75,1.425,,0.0,0.0,17.0,760.5,
2023-03-09 02:00:00,35.75,85.5,1.9,4.875,4.175,15.325,1.625,,,,,,,,,,85.25,1.275,,0.0,0.0,17.0,760.0,
2023-03-09 03:00:00,33.5,79.0,2.3,5.225,4.675,14.75,1.875,,,,,,,,,,86.0,1.2,,0.0,0.0,17.0,759.0,
2023-03-09 04:00:00,39.25,81.5,1.4000000000000001,5.0,3.775,15.649999999999999,4.175,,,,,,,,,,86.5,1.15,,0.0,0.0,17.0,759.0,
2023-03-09 05:00:00,42.75,81.75,2.9,6.225,5.675,15.425,3.325,,,,,,,,,,87.5,1.3,,0.0,0.0,17.0,760.25,
2023-03-09 06:00:00,43.0,90.25,3.075,8.325,6.95,18.55,2.6,,,,,,,,,,88.5,1.6749999999999998,,0.0,0.0,24.25,761.25,
2023-03-09 07:00:00,46.75,101.75,4.5,11.0,9.5,27.5,2.45,,,,,,,,,,87.5,1.55,,0.0,0.0,113.5,763.0,
2023-03-09 08:00:00,49.0,107.0,,,,,,,,,,,,,,,84.0,1.9666666666666668,,0.0,0.0,185.33333333333334,764.3333333333334,
2023-03-09 09:00:00,,,,,,,,,,,,,,,,,,,,,0.0,,,
2023-03-09 10:00:00,,,,25.2,,38.6,93.0,,,,,,,,,,68.0,3.4,,0.0,0.0,464.0,765.0,
2023-03-09 11:00:00,34.0,77.0,,,,,0.4,,,,,,,,,,67.5,3.7,,0.0,0.0,562.5,764.5,
2023-03-09 12:00:00,35.5,76.25,,,,,0.7000000000000001,,,,,,,,,,66.5,3.025,,0.0,0.0,422.25,763.5,
2023-03-09 13:00:00,39.25,73.0,9.466666666666667,,10.7,7.3,0.7666666666666666,,,,,,,,,,65.0,2.75,,0.0,0.0,456.5,762.0,
2023-03-09 14:00:00,38.5,72.75,,,,,8.05,,,,,,,,,,65.5,3.0,,0.0,0.0,382.75,760.75,
2023-03-09 15:00:00,40.5,83.0,,,,,13.625,,,,,,,,,,67.25,3.1,,0.0,0.0,206.25,759.5,
2023-03-09 16:00:00,36.0,88.25,,,,,7.699999999999999,,,,,,,,,,69.25,2.8,,0.0,0.0,155.0,759.0,
2023-03-09 17:00:00,43.666666666666664,84.66666666666667,,,,,2.1333333333333333,,,,,,,,,,73.66666666666667,2.533333333333333,,0.0,0.0,68.33333333333333,759.6666666666666,
2023-03-09 18:00:00,38.5,80.0,,,,,3.075,,,,,,,,,,78.0,2.55,,0.0,0.0,19.5,760.25,
2023-03-09 19:00:00,30.0,73.75,,,,,2.4749999999999996,,,,,,,,,,80.0,2.75,,0.0,0.0,17.0,761.25,
2023-03-09 20:00:00,27.25,72.25,5.25,,0.0,2.05,1.2,,,,,,,,,,79.75,2.225,,0.0,0.0,17.0,762.5,
2023-03-09 21:00:00,28.75,69.25,6.1,2.4,4.5,4.25,1.2333333333333334,,,,,,,,,,80.5,2.275,,0.0,0.0,17.0,763.0,
2023-03-09 22:00:00,31.0,67.0,3.0,1.3,3.2,2.9333333333333336,2.033333333333333,,,,,,,,,,81.5,1.9,,0.0,0.0,17.0,763.0,
2023-03-09 23:00:00,31.0,67.0,,,,,,,,,,,,,,,80.0,1.9,,0.0,0.0,17.0,763.0,
2023-03-10 00:00:00,23.0,54.0,7.7,,0.2,7.4,1.275,,,,,,,,,,80.5,1.325,,0.0,0.0,17.0,762.25,
2023-03-10 01:00:00,23.333333333333332,57.0,12.95,,6.6,2.3,0.7,,,,,,,,,,81.66666666666667,1.0333333333333334,,0.0,0.0,17.0,760.6666666666666,
2023-03-10 02:00:00,24.5,64.5,7.75,,5.0,4.2,1.275,,,,,,,,,,83.0,1.125,,0.0,0.0,17.0,760.0,
2023-03-10 03:00:00,32.25,84.0,4.433333333333334,2.7,3.25,3.8499999999999996,3.4,,,,,,,,,,88.0,1.675,,0.0,0.0,17.75,760.0,
2023-03-10 04:00:00,52.0,124.0,,4.9,,4.0,3.375,,,,,,,,,,89.5,1.625,,0.0,0.0,17.75,759.5,
2023-03-10 05:00:00,54.5,112.5,20.76666666666667,,2.8000000000000003,4.666666666666667,4.2,,,,,,,,,,90.25,1.25,,0.0,0.0,17.0,759.5,
2023-03-10 06:00:00,54.25,127.0,16.35,,9.75,4.933333333333333,2.775,,,,,,,,,,91.0,1.625,,0.0,0.0,28.5,761.0,
2023-03-10 07:00:00,60.25,139.25,11.5,17.6,1.8,3.3000000000000003,2.475,,,,,,,,,,88.75,1.275,,0.0,0.0,94.75,762.5,
2023-03-10 08:00:00,66.75,136.25,18.9,,10.766666666666666,4.325,9.25,,,,,,,,,,82.25,1.475,,0.0,0.0,194.75,764.0,
2023-03-10 09:00:00,61.5,117.5,2.075,,1.05,3.2,7.0249999999999995,,,,,,,,,,72.5,2.25,,0.0,0.0,359.75,764.75,
2023-03-10 10:00:00,45.0,89.25,3.2,,1.3666666666666665,2.5999999999999996,3.2,,,,,,,,,,67.75,2.775,,0.0,0.0,467.0,764.5,
2023-03-10 11:00:00,37.0,69.5,1.9500000000000002,,0.26666666666666666,2.75,2.7,,,,,,,,,,66.5,2.825,,0.0,0.0,546.5,763.0,
2023-03-10 12:00:00,41.25,66.5,2.15,,0.6333333333333333,2.875,3.325,,,,,,,,,,65.5,2.8,,0.0,0.0,488.25,762.0,
2023-03-10 13:00:00,43.0,78.75,1.875,,0.43333333333333335,3.15,3.375,,,,,,,,,,65.75,2.875,,0.0,0.0,384.75,760.75,
2023-03-10 14:00:00,36.0,74.5,6.875,4.6,6.933333333333334,3.65,1.8,,,,,,,,,,65.75,2.85,,0.0,0.0,367.75,759.5,
2023-03-10 15:00:00,33.5,73.25,21.75,1.0,7.625,4.1,1.5,,,,,,,,,,64.5,3.075,,0.0,0.0,269.75,758.0,
2023-03-10 16:00:00,36.0,77.5,,1.325,0.625,5.775,2.05,,,,,,,,,,67.5,2.825,,0.0,0.0,142.75,758.5,
2023-03-10 17:00:00,40.75,85.25,1.95,7.2749999999999995,2.4499999999999997,5.75,1.9,,,,,,,,,,71.75,2.975,,0.0,0.0,82.25,758.5,
2023-03-10 18:00:00,45.5,80.0,13.433333333333332,12.6,17.566666666666666,19.625,6.95,,,,,,,,,,75.25,2.4,,0.0,0.0,20.25,759.0,
2023-03-10 19:00:00,42.0,87.75,0.4,14.95,7.55,26.25,2.375,,,,,,,,,,76.0,2.2,,0.0,0.0,16.0,760.0,
2023-03-10 20:00:00,34.0,88.25,,14.725,6.7,23.05,1.425,,,,,,,,,,78.5,2.1,,0.0,0.0,16.0,760.75,
2023-03-10 21:00:00,29.75,96.0,,13.575,5.825,22.375,1.25,,,,,,,,,,79.0,1.85,,0.0,0.0,16.0,761.25,
2023-03-10 22:00:00,32.5,80.75,,14.4,5.775,21.375,1.525,,,,,,,,,,79.75,1.55,,0.0,0.0,16.0,762.0,
2023-03-10 23:00:00,28.5,77.0,,11.925,5.575,21.35,1.4500000000000002,,,,,,,,,,80.0,1.2999999999999998,,0.0,0.0,16.0,761.75,
2023-03-11 00:00:00,38.75,68.5,,11.275,4.5249999999999995,21.05,2.25,,,,,,,,,,80.5,1.1,,0.0,0.0,16.0,760.75,
2023-03-11 01:00:00,38.0,75.25,,14.35,6.275,19.625,3.325,,,,,,,,,,82.5,1.225,,0.0,0.0,16.0,759.5,
2023-03-11 02:00:00,38.75,92.25,,16.299999999999997,7.175,18.65,4.6,,,,,,,,,,84.25,1.25,,0.0,0.0,16.0,759.0,
2023-03-11 03:00:00,42.25,96.0,,15.825,6.575,18.45,4.4,,,,,,,,,,85.0,1.125,,0.0,0.0,16.0,759.0,
2023-03-11 04:00:00,45.25,96.75,,16.9,7.85,17.825,4.125,,,,,,,,,,85.75,0.575,,0.0,0.0,16.0,758.25,
2023-03-11 05:00:00,45.75,107.0,,19.625,9.049999999999999,16.45,3.525,,,,,,,,,,86.0,1.375,,0.0,0.0,16.0,759.25,
2023-03-11 06:00:00,55.5,133.0,,19.45,9.4,16.45,5.325,,,,,,,,,,89.0,1.525,,0.0,0.0,25.5,760.5,
2023-03-11 07:00:00,62.25,143.75,1.8,19.85,11.15,15.375,6.75,,,,,,,,,,86.5,1.6,,0.0,0.0,116.75,762.75,
2023-03-11 08:00:00,68.25,159.75,0.4666666666666666,18.475,10.025,16.65,7.825,,,,,,,,,,80.5,1.65,,0.0,0.0,253.0,764.25,
2023-03-11 09:00:00,62.5,153.75,,15.0,7.425,18.5,8.35,,,,,,,,,,73.75,1.85,,0.0,0.0,270.5,765.0,
2023-03-11 10:00:00,46.0,110.75,,14.675,4.033333333333333,19.475,7.0,,,,,,,,,,67.0,3.05,,0.0,0.0,538.25,765.0,
2023-03-11 11:00:00,30.25,81.75,3.3,12.666666666666666,6.1000000000000005,21.0,5.733333333333333,,,,,,,,,,64.25,3.2,,0.0,0.0,575.5,763.5,
2023-03-11 12:00:00,35.0,80.25,2.1333333333333333,9.333333333333334,6.733333333333333,20.233333333333334,5.475,,,,,,,,,,63.25,3.625,,0.0,0.0,595.0,762.25,
2023-03-11 13:00:00,29.25,85.5,2.6,9.525,5.35,25.675,3.2,,,,,,,,,,62.0,3.6,,0.0,0.0,553.5,760.75,
2023-03-11 14:00:00,28.0,75.33333333333333,,10.1,4.333333333333333,23.933333333333334,2.033333333333333,,,,,,,,,,64.0,3.466666666666667,,0.0,0.0,399.3333333333333,759.6666666666666,
2023-03-11 15:00:00,26.25,65.25,,9.325,3.8750000000000004,21.7,1.5,,,,,,,,,,65.25,3.375,,0.0,0.0,341.5,758.5,
2023-03-11 16:00:00,32.75,69.0,,9.25,3.7,20.875,3.0,,,,,,,,,,67.25,3.55,,0.0,0.0,216.5,759.0,
2023-03-11 17:00:00,31.5,70.5,30.8,10.325,10.775,20.425,3.7,,,,,,,,,,69.5,2.925,,0.0,0.0,72.75,759.0,
2023-03-11 18:00:00,30.5,72.25,1.4500000000000002,11.55,6.2,19.85,1.675,,,,,,,,,,71.75,2.75,,0.0,0.0,18.5,759.25,
2023-03-11 19:00:00,31.25,63.25,,13.25,5.475,19.45,1.2,,,,,,,,,,75.0,2.55,,0.0,0.0,16.0,760.25,
2023-03-11 20:00:00,29.5,61.5,,15.6,6.975,18.75,2.8,,,,,,,,,,76.25,2.125,,0.0,0.0,16.0,761.5,
2023-03-11 21:00:00,31.0,62.0,1.0,13.625,6.35,19.025,3.1,,,,,,,,,,76.25,2.35,,0.0,0.0,16.0,762.75,
2023-03-11 22:00:00,29.5,59.0,,13.65,6.425000000000001,19.075,2.55,,,,,,,,,,79.25,2.125,,0.0,0.0,16.0,763.0,
2023-03-11 23:00:00,25.5,57.5,13.1,14.4,10.333333333333334,20.425,2.375,,,,,,,,,,81.75,1.775,,0.0,0.0,16.0,762.5,
2023-03-12 00:00:00,27.0,52.5,,12.15,5.65,18.775,3.325,,,,,,,,,,80.5,1.65,,0.0,0.0,16.0,761.25,
2023-03-12 01:00:00,25.25,51.25,,11.425,5.3,18.8,3.9,,,,,,,,,,82.5,1.225,,0.0,0.0,16.0,760.25,
2023-03-12 02:00:00,24.0,62.5,,19.4,9.3,15.95,3.45,,,,,,,,,,84.5,1.45,,0.0,0.0,16.75,759.0,
2023-03-12 03:00:00,38.5,94.75,,18.4,8.65,16.3,3.25,,,,,,,,,,85.75,1.25,,0.0,0.0,16.75,759.25,
2023-03-12 04:00:00,46.5,97.0,,16.675,8.3,16.675,2.8,,,,,,,,,,87.5,1.275,,0.0,0.0,16.75,759.0,
2023-03-12 05:00:00,51.333333333333336,108.66666666666667,0.2,17.0,8.533333333333333,16.133333333333336,3.5,,,,,,,,,,89.66666666666667,1.5333333333333332,,0.0,0.0,16.666666666666668,760.0,
2023-03-12 06:00:00,57.0,131.0,,17.8,8.45,15.925,5.525,,,,,,,,,,90.0,1.675,,0.0,0.0,30.25,761.25,
2023-03-12 07:00:00,54.5,123.5,0.1,16.075,8.25,17.0,8.725,,,,,,,,,,86.75,1.7,,0.0,0.0,128.25,763.0,
2023-03-12 08:00:00,52.5,107.25,0.25,13.5,6.975,17.95,8.4,,,,,,,,,,81.25,2.125,,0.0,0.0,272.0,764.25,
2023-03-12 09:00:00,46.25,100.0,,13.525,6.95,19.975,10.5,,,,,,,,,,75.25,2.075,,0.0,0.0,358.0,765.0,
2023-03-12 10:00:00,59.25,99.25,8.3,18.9,10.375,24.125,16.0,,,,,,,,,,66.5,2.3249999999999997,,0.0,0.0,495.5,764.5,
2023-03-12 11:00:00,53.25,83.5,4.5,12.366666666666667,7.3,21.666666666666668,2.9333333333333336,,,,,,,,,,60.25,3.2,,0.0,0.0,575.5,763.25,
2023-03-12 12:00:00,32.75,69.75,1.0999999999999999,12.033333333333333,6.866666666666667,19.366666666666667,3.75,,,,,,,,,,59.5,3.0,,0.0,0.0,587.25,761.5,
2023-03-12 13:00:00,33.25,69.0,,10.025,4.65,19.675,4.2,,,,,,,,,,58.5,3.2,,0.0,0.0,552.0,760.25,
2023-03-12 14:00:00,31.75,67.25,0.3,8.9,4.625,19.6,2.4,,,,,,,,,,61.75,3.375,,0.0,0.0,405.5,758.5,
2023-03-12 15:00:00,16.5,61.0,,8.825,3.3,19.975,1.375,,,,,,,,,,64.75,3.45,,0.0,0.0,349.75,757.75,
2023-03-12 16:00:00,20.75,59.0,,8.325,3.4250000000000003,20.200000000000003,1.7,,,,,,,,,,68.25,3.375,,0.0,0.0,207.5,757.75,
2023-03-12 17:00:00,28.75,62.25,,9.575,4.175,19.6,2.375,,,,,,,,,,73.0,2.9749999999999996,,0.0,0.0,69.75,758.0,
2023-03-12 18:00:00,28.5,64.5,,11.925,5.15,19.15,6.1,,,,,,,,,,78.25,2.675,,0.0,0.0,18.75,758.25,
2023-03-12 19:00:00,29.5,68.0,,10.7,4.425,19.325,3.275,,,,,,,,,,82.0,2.425,,0.0,0.0,16.75,759.5,
2023-03-12 20:00:00,29.75,64.5,,9.925,4.175,19.35,2.925,,,,,,,,,,83.0,2.5,,0.0,0.0,16.5,760.5,
2023-03-12 21:00:00,34.25,64.5,,10.2,4.125,19.3,2.325,,,,,,,,,,83.5,2.125,,0.0,0.0,16.75,761.0,
2023-03-12 22:00:00,31.75,69.25,,10.075,4.5,19.1,2.4749999999999996,,,,,,,,,,82.75,1.875,,0.0,0.0,16.75,761.75,
2023-03-12 23:00:00,30.0,67.25,,9.2,3.75,19.55,2.925,,,,,,,,,,82.75,1.825,,0.0,0.0,16.75,761.5,
2023-03-13 00:00:00,28.5,57.75,,9.925,4.1,18.85,1.775,,,,,,,,,,84.0,1.15,,0.0,0.0,16.75,760.75,
2023-03-13 01:00:00,31.0,53.75,0.2,8.175,3.85,19.2,1.1,,,,,,,,,,85.25,0.9500000000000001,,0.0,0.0,16.75,759.75,
2023-03-13 02:00:00,24.0,52.75,,9.575,3.55,18.475,1.8,,,,,,,,,,86.25,1.0250000000000001,,0.0,0.0,16.75,758.25,
2023-03-13 03:00:00,25.5,58.5,0.1,11.85,5.175,17.725,2.575,,,,,,,,,,87.75,1.45,,0.0,0.0,16.0,758.0,
2023-03-13 04:00:00,41.666666666666664,85.33333333333333,,12.700000000000001,5.5,17.2,2.1333333333333333,,,,,,,,,,89.0,1.3333333333333333,,0.0,0.0,16.0,758.0,
2023-03-13 05:00:00,46.666666666666664,101.75,,13.8,6.0,16.775,2.9,,,,,,,,,,92.25,1.475,,0.0,0.0,16.0,758.0,
2023-03-13 06:00:00,48.75,109.5,,12.45,5.675,17.15,3.375,,,,,,,,,,93.0,1.575,,0.0,0.0,28.5,759.5,
2023-03-13 07:00:00,55.25,115.25,1.7,14.475,7.725,16.25,3.575,,,,,,,,,,90.5,1.325,,0.0,0.0,115.0,760.5,
2023-03-13 08:00:00,50.666666666666664,110.75,0.6,17.475,9.425,15.95,9.45,,,,,,,,,,84.0,1.65,,0.0,0.0,220.75,762.0,
2023-03-13 09:00:00,51.25,110.75,,15.325,7.0,18.825,10.875,,,,,,,,,,73.0,1.85,,0.0,0.0,363.75,762.75,
2023-03-13 10:00:00,45.25,93.25,,13.5,6.325,18.525,6.1000000000000005,,,,,,,,,,66.25,2.175,,0.0,0.0,495.5,762.5,
2023-03-13 11:00:00,32.5,60.5,,11.0,4.933333333333334,19.96666666666667,3.733333333333333,,,,,,,,,,62.0,2.5,,0.0,0.0,559.25,761.25,
2023-03-13 12:00:00,28.75,59.75,2.0,10.799999999999999,5.866666666666667,19.7,2.525,,,,,,,,,,57.0,2.575,,0.0,0.0,576.0,760.0,
2023-03-13 13:00:00,30.25,62.0,2.6666666666666665,6.55,4.9,20.425,2.2,,,,,,,,,,56.5,2.7,,0.0,0.0,541.25,758.25,
2023-03-13 14:00:00,28.75,61.0,2.225,4.0,3.925,19.925,1.9,,,,,,,,,,55.75,2.925,,0.0,0.0,396.75,757.25,
2023-03-13 15:00:00,31.0,58.0,1.4333333333333333,4.7,3.6666666666666665,19.5,1.4333333333333333,,,,,,,,,,57.0,2.6666666666666665,,0.0,0.0,351.3333333333333,756.6666666666666,
2023-03-13 16:00:00,27.25,67.5,1.5499999999999998,4.375,3.5749999999999997,19.15,2.2750000000000004,,,,,,,,,,60.5,2.8,,0.0,0.0,196.25,756.0,
2023-03-13 17:00:00,34.75,83.0,1.725,5.85,4.55,18.7,2.925,,,,,,,,,,67.0,2.675,,0.0,0.0,67.75,756.0,
2023-03-13 18:00:00,39.25,79.0,2.375,6.65,5.45,18.45,1.55,,,,,,,,,,74.75,2.35,,0.0,0.0,18.75,756.5,
2023-03-13 19:00:00,41.75,71.5,2.1,6.2749999999999995,5.075,18.425,0.75,,,,,,,,,,80.25,2.375,,0.0,0.0,16.5,757.25,
2023-03-13 20:00:00,27.0,57.5,2.125,6.525,5.175,18.375,1.625,,,,,,,,,,82.0,2.225,,0.0,0.0,16.25,758.0,
2023-03-13 21:00:00,21.0,56.0,2.6333333333333333,6.8,5.766666666666667,18.433333333333334,1.7666666666666666,,,,,,,,,,82.66666666666667,1.7,,0.0,0.0,17.0,759.0,
2023-03-13 22:00:00,27.0,59.0,1.95,6.3,4.925,18.175,2.0,,,,,,,,,,84.25,1.925,,0.0,0.0,16.0,759.0,
2023-03-13 23:00:00,26.5,53.5,2.2,6.05,5.0,18.0,1.3,,,,,,,,,,84.5,1.575,,0.0,0.0,16.5,758.75,
2023-03-14 00:00:00,24.666666666666668,47.666666666666664,1.5333333333333332,3.8333333333333335,3.3000000000000003,18.966666666666665,1.9000000000000001,,,,,,,,,,86.0,1.2333333333333334,,0.0,0.0,16.333333333333332,757.6666666666666,
2023-03-14 01:00:00,26.0,53.25,1.725,4.300000000000001,3.725,18.275,2.075,,,,,,,,,,86.25,1.25,,0.0,0.0,16.25,756.5,
2023-03-14 02:00:00,34.25,67.0,2.05,6.825,5.25,17.525,3.475,,,,,,,,,,88.25,1.125,,0.0,0.0,16.0,755.75,
2023-03-14 03:00:00,41.75,88.25,1.9,6.325,4.875,17.275,3.9499999999999997,,,,,,,,,,89.0,1.1500000000000001,,0.0,0.0,16.0,756.0,
2023-03-14 04:00:00,40.0,89.25,2.375,9.6,7.0,16.175,3.625,,,,,,,,,,89.75,0.725,,0.0,0.0,16.0,756.0,
2023-03-14 05:00:00,32.0,95.25,2.375,13.95,9.35,14.925,3.9749999999999996,,,,,,,,,,91.25,1.125,,0.0,0.0,16.0,756.0,
2023-03-14 06:00:00,45.25,109.5,2.325,12.350000000000001,8.475,15.65,5.875,,,,,,,,,,92.0,1.3,,0.0,0.0,28.75,757.25,
2023-03-14 07:00:00,50.25,107.0,3.075,14.8,10.375,14.15,8.075,,,,,,,,,,89.0,1.05,,0.0,0.0,109.75,759.0,
2023-03-14 08:00:00,52.5,111.5,3.7249999999999996,12.725,9.775,14.95,10.425,,,,,,,,,,83.25,1.3,,0.0,0.0,240.25,760.5,
2023-03-14 09:00:00,48.75,108.75,2.75,10.55,7.85,16.65,12.1,,,,,,,,,,76.5,1.65,,0.0,0.0,347.25,760.75,
2023-03-14 10:00:00,50.25,107.5,5.125,9.275,9.125,18.775,8.633333333333333,,,,,,,,,,69.0,2.375,,0.0,0.0,496.25,760.0,
2023-03-14 11:00:00,46.75,88.5,3.033333333333333,7.533333333333334,6.466666666666666,20.599999999999998,4.966666666666667,,,,,,,,,,68.5,2.55,,0.0,0.0,558.75,758.75,
2023-03-14 12:00:00,41.75,87.5,4.6000000000000005,4.8,6.3,21.8,4.275,,,,,,,,,,69.75,2.725,,0.0,0.0,556.5,757.0,
2023-03-14 13:00:00,40.25,80.0,1.65,5.575,4.3,20.85,3.75,,,,,,,,,,66.25,2.2,,0.0,0.0,528.25,755.25,
2023-03-14 14:00:00,46.25,81.5,1.85,5.225,4.3,19.625,3.775,,,,,,,,,,65.5,2.225,,0.0,0.0,389.25,753.75,
2023-03-14 15:00:00,42.25,86.5,2.25,6.325,5.225,19.525,3.925,,,,,,,,,,68.0,3.025,,0.0,0.0,309.5,753.0,
2023-03-14 16:00:00,37.0,89.25,2.225,5.1,4.5,19.825,7.949999999999999,,,,,,,,,,73.25,2.825,,0.0,0.0,183.25,753.0,
2023-03-14 17:00:00,37.75,93.5,1.9500000000000002,6.375,5.025,19.400000000000002,17.425,,,,,,,,,,76.25,2.675,,0.0,0.0,66.5,753.25,
2023-03-14 18:00:00,41.75,90.75,1.9500000000000002,6.375,4.975,19.25,4.075,,,,,,,,,,79.25,2.475,,0.0,0.0,18.75,754.25,
2023-03-14 19:00:00,43.25,77.5,2.2,4.2,4.025,19.8,2.6,,,,,,,,,,80.0,2.175,,0.0,0.0,16.0,755.25,
2023-03-14 20:00:00,32.0,75.33333333333333,1.3,5.6000000000000005,4.033333333333334,19.433333333333334,3.6,,,,,,,,,,80.33333333333333,2.1,,0.0,0.0,16.666666666666668,756.3333333333334,
2023-03-14 21:00:00,31.25,76.0,1.8,4.675000000000001,3.925,19.15,3.475,,,,,,,,,,81.0,1.95,,0.0,0.0,16.5,757.0,
2023-03-14 22:00:00,31.0,78.5,1.9,3.45,3.4,19.349999999999998,2.175,,,,,,,,,,81.25,2.075,,0.0,0.0,16.25,757.0,
2023-03-14 23:00:00,36.0,68.75,1.55,2.775,2.725,19.325,1.4,,,,,,,,,,82.0,1.725,,0.0,0.0,16.75,756.75,
2023-03-15 00:00:00,33.5,68.5,1.975,2.3499999999999996,2.85,19.225,2.175,,,,,,,,,,83.0,1.375,,0.0,0.0,16.75,756.0,
2023-03-15 01:00:00,37.0,62.0,2.375,1.3,2.65,19.25,2.125,,,,,,,,,,83.0,1.35,,0.0,0.0,16.75,754.75,
2023-03-15 02:00:00,41.0,64.75,1.8,1.65,2.35,18.925,1.825,,,,,,,,,,83.5,1.125,,0.0,0.0,16.75,754.0,
2023-03-15 03:00:00,34.0,64.75,1.925,4.6,4.0,17.525,2.125,,,,,,,,,,84.0,0.7749999999999999,,0.0,0.0,16.5,753.75,
2023-03-15 04:00:00,35.0,77.25,4.85,13.925,11.325,12.75,1.925,,,,,,,,,,85.75,0.8500000000000001,,0.0,0.0,16.0,754.0,
2023-03-15 05:00:00,52.5,120.5,5.875,16.65,13.625,12.225,2.625,,,,,,,,,,89.75,1.075,,0.0,0.0,16.75,754.5,
2023-03-15 06:00:00,66.25,151.25,7.949999999999999,15.775,14.825,11.95,3.5,,,,,,,,,,91.0,0.9,,0.0,0.0,28.0,755.0,
2023-03-15 07:00:00,58.75,135.25,10.2,19.5,18.65,10.35,4.05,,,,,,,,,,87.75,1.0,,0.0,0.0,100.25,756.5,
2023-03-15 08:00:00,62.25,148.0,7.775,18.725,16.3,13.05,3.575,,,,,,,,,,82.25,1.2999999999999998,,0.0,0.0,217.5,758.0,
2023-03-15 09:00:00,61.75,139.75,3.225,12.2,9.125,18.9,3.45,,,,,,,,,,75.75,1.075,,0.0,0.0,264.75,759.0,
2023-03-15 10:00:00,49.75,114.0,2.925,13.8,9.75,18.375,3.966666666666667,,,,,,,,,,71.0,1.825,,0.0,0.0,374.0,758.75,
2023-03-15 11:00:00,50.0,106.25,2.966666666666667,9.366666666666667,7.3999999999999995,20.633333333333336,4.333333333333333,,,,,,,,,,68.0,1.75,,0.0,0.0,398.5,758.0,
2023-03-15 12:00:00,44.0,92.0,4.7,5.8999999999999995,6.966666666666666,25.666666666666668,2.4,,,,,,,,,,67.25,2.725,,0.25,0.25,528.75,756.75,
2023-03-15 13:00:00,37.0,85.0,2.675,5.275,4.975,24.75,1.775,,,,,,,,,,67.75,3.475,,0.0,0.0,492.0,755.5,
2023-03-15 14:00:00,37.0,82.0,3.3,4.425,5.0,24.025,1.9000000000000001,,,,,,,,,,67.0,3.025,,0.0,0.0,372.25,754.25,
2023-03-15 15:00:00,36.0,73.75,2.675,4.075,4.325,22.925,2.225,,,,,,,,,,67.75,2.7750000000000004,,0.0,0.0,302.25,753.25,
2023-03-15 16:00:00,34.0,77.5,2.1,4.25,3.95,22.225,0.7,,,,,,,,,,71.25,2.825,,0.0,0.0,170.0,753.0,
2023-03-15 17:00:00,37.25,81.5,1.2,4.8,3.55,20.825,0.3,,,,,,,,,,75.25,2.325,,0.0,0.0,61.25,753.75,
2023-03-15 18:00:00,35.75,78.0,0.925,4.125,2.975,20.8,1.125,,,,,,,,,,80.25,2.55,,0.0,0.0,17.5,754.75,
2023-03-15 19:00:00,28.5,68.75,1.275,5.525,3.975,19.975,1.325,,,,,,,,,,81.25,2.05,,0.0,0.0,16.0,755.5,
2023-03-15 20:00:00,28.0,58.0,1.575,5.9,4.4,19.6,1.25,,,,,,,,,,82.5,2.025,,0.0,0.0,16.0,756.5,
2023-03-15 21:00:00,30.75,56.25,1.65,5.324999999999999,4.175,19.7,1.275,,,,,,,,,,83.75,2.0,,0.0,0.0,16.0,757.75,
2023-03-15 22:00:00,29.5,56.75,1.0333333333333334,4.025,2.65,19.925,1.1,,,,,,,,,,84.75,1.9500000000000002,,0.0,0.0,16.0,758.0,
2023-03-15 23:00:00,25.0,40.5,1.15,2.825,2.45,20.1,1.475,,,,,,,,,,85.25,2.1,,0.0,0.0,16.0,757.75,
2023-03-16 00:00:00,15.25,19.5,1.2666666666666666,2.35,1.925,19.675,0.675,,,,,,,,,,83.25,2.05,,0.0,0.0,16.0,756.5,
2023-03-16 01:00:00,13.0,15.0,1.25,1.325,1.725,19.4,0.65,,,,,,,,,,84.0,1.925,,0.0,0.0,16.0,755.25,
2023-03-16 02:00:00,11.666666666666666,16.666666666666668,1.15,1.4333333333333333,1.2666666666666666,19.333333333333332,0.3,,,,,,,,,,85.66666666666667,1.7333333333333334,,0.0,0.0,16.0,755.0,
2023-03-16 03:00:00,8.5,19.75,1.1666666666666667,2.125,1.825,18.725,0.15000000000000002,,,,,,,,,,86.0,1.975,,0.0,0.0,16.0,755.0,
2023-03-16 04:00:00,8.0,20.25,1.525,5.575,4.175,16.475,0.2333333333333333,,,,,,,,,,86.0,1.3,,0.0,0.0,16.0,755.0,
2023-03-16 05:00:00,13.25,24.5,3.3,9.125,7.5249999999999995,14.850000000000001,0.45,,,,,,,,,,85.75,1.1,,0.0,0.0,16.0,755.5,
2023-03-16 06:00:00,21.333333333333332,30.666666666666668,5.033333333333333,11.200000000000001,10.066666666666666,13.733333333333334,1.4666666666666668,,,,,,,,,,87.0,0.8000000000000002,,0.0,0.0,26.333333333333332,757.0,
2023-03-16 07:00:00,23.75,46.5,7.449999999999999,11.425,12.125,13.5,2.125,,,,,,,,,,84.0,0.8,,0.0,0.0,137.75,759.25,
2023-03-16 08:00:00,23.5,63.75,6.15,9.35,9.975,15.774999999999999,2.65,,,,,,,,,,76.5,1.075,,0.0,0.0,223.25,761.0,
2023-03-16 09:00:00,23.75,57.5,3.45,8.55,7.324999999999999,18.625,2.475,,,,,,,,,,73.5,1.75,,0.0,0.0,264.5,761.25,
2023-03-16 10:00:00,21.75,55.5,1.7,5.575,3.9749999999999996,19.875,2.1666666666666665,,,,,,,,,,70.75,2.275,,0.0,0.0,378.75,761.25,
2023-03-16 11:00:00,24.75,43.25,3.1999999999999997,3.533333333333333,4.5,20.766666666666666,2.0,,,,,,,,,,66.25,3.05,,0.0,0.0,571.25,760.5,
2023-03-16 12:00:00,18.25,42.0,3.5,4.066666666666666,5.033333333333333,19.099999999999998,0.925,,,,,,,,,,66.25,3.275,,0.0,0.0,581.0,758.75,
2023-03-16 13:00:00,19.75,50.5,2.1,4.0,3.85,19.599999999999998,0.9750000000000001,,,,,,,,,,66.5,3.475,,0.0,0.0,544.25,757.25,
2023-03-16 14:00:00,22.0,42.5,1.925,4.8,4.1,19.95,0.39999999999999997,,,,,,,,,,68.25,3.85,,0.0,0.0,406.5,755.5,
2023-03-16 15:00:00,21.25,49.75,1.45,3.525,3.05,19.8,0.475,,,,,,,,,,67.25,3.45,,0.0,0.0,348.0,755.0,
2023-03-16 16:00:00,19.5,52.5,1.875,3.3,3.275,19.375,0.725,,,,,,,,,,71.0,3.35,,0.0,0.0,202.75,754.75,
2023-03-16 17:00:00,19.5,58.0,1.2,3.8499999999999996,3.05,19.275,1.375,,,,,,,,,,78.0,3.1500000000000004,,0.0,0.0,50.0,754.25,
2023-03-16 18:00:00,16.25,41.25,1.25,3.7,2.95,19.0,1.875,,,,,,,,,,80.5,2.725,,0.0,0.0,17.5,755.5,
2023-03-16 19:00:00,19.0,35.25,0.7000000000000001,4.45,2.725,18.925,2.0,,,,,,,,,,82.0,2.475,,0.0,0.0,16.0,756.25,
2023-03-16 20:00:00,15.75,35.5,1.275,4.6,3.4749999999999996,18.725,1.475,,,,,,,,,,83.0,2.275,,0.0,0.0,16.0,758.25,
2023-03-16 21:00:00,16.25,40.0,0.7999999999999999,3.95,2.5,18.599999999999998,1.3,,,,,,,,,,82.75,2.325,,0.0,0.0,16.0,759.75,
2023-03-16 22:00:00,16.5,31.0,1.1,3.7750000000000004,2.925,18.475,1.875,,,,,,,,,,84.5,2.15,,0.0,0.0,16.0,759.25,
2023-03-16 23:00:00,8.25,32.25,1.0,2.2750000000000004,2.05,18.975,1.825,,,,,,,,,,85.0,2.175,,0.0,0.0,16.0,759.0,
2023-03-17 00:00:00,16.75,34.0,0.475,1.5,1.175,18.975,1.875,,,,,,,,,,86.0,1.8,,0.0,0.0,16.0,758.5,
2023-03-17 01:00:00,20.25,28.0,0.9,1.825,1.1,18.525,2.175,,,,,,,,,,87.0,1.8,,0.0,0.0,16.0,757.25,
2023-03-17 02:00:00,15.0,28.0,0.9,1.4,1.1,18.125,0.8666666666666666,,,,,,,,,,87.0,1.525,,0.0,0.0,16.0,756.25,
2023-03-17 03:00:00,15.75,27.75,1.1,0.8250000000000001,1.375,18.25,0.1,,,,,,,,,,86.75,1.225,,0.0,0.0,16.0,757.0,
2023-03-17 04:00:00,18.5,28.75,1.3,5.075,3.75,16.075,1.625,,,,,,,,,,91.25,1.075,,0.0,0.0,13.25,756.25,
2023-03-17 05:00:00,18.25,36.25,9.175,14.7,15.3,8.7,2.925,,,,,,,,,,92.5,0.8,,0.0,0.0,13.0,757.0,
2023-03-17 06:00:00,16.75,46.0,26.225,17.5,30.625,9.3,2.75,,,,,,,,,,93.25,0.525,,0.0,0.0,25.75,758.25,
2023-03-17 07:00:00,27.5,57.75,22.575,17.575,27.725,7.866666666666667,2.525,,,,,,,,,,91.5,0.875,,0.0,0.0,67.5,759.25,
2023-03-17 08:00:00,28.5,72.25,16.2,15.850000000000001,21.575,11.0,2.6,,,,,,,,,,87.5,0.925,,0.0,0.0,163.25,761.0,
2023-03-17 09:00:00,34.5,84.75,7.050000000000001,14.075,13.225,18.15,2.45,,,,,,,,,,81.5,1.025,,0.0,0.0,150.75,761.5,
2023-03-17 10:00:00,28.75,58.5,3.475,11.025,8.675,19.525,2.1999999999999997,,,,,,,,,,91.5,1.8,,0.0,0.0,87.25,761.25,
2023-03-17 11:00:00,25.0,36.5,5.85,14.9,9.966666666666667,18.400000000000002,3.0,,,,,,,,,,93.25,1.675,,0.0,0.0,139.75,760.0,
2023-03-17 12:00:00,25.0,38.0,3.3666666666666667,8.366666666666667,7.2,15.700000000000001,1.125,,,,,,,,,,93.25,3.225,,0.0,0.0,165.25,758.5,
2023-03-17 13:00:00,,,14.65,11.55,105.175,18.425,0.875,,,,,,,,,,87.25,3.05,,0.0,0.0,298.25,758.5,
2023-03-17 14:00:00,,,2.85,6.85,5.95,22.900000000000002,1.5,,,,,,,,,,82.33333333333333,3.466666666666667,,0.0,0.0,325.6666666666667,755.6666666666666,
2023-03-17 15:00:00,17.0,24.0,3.0666666666666664,6.0,4.8,17.4,1.625,,,,,,,,,,84.0,3.3,,0.0,0.0,243.5,755.0,
2023-03-17 16:00:00,18.0,26.25,2.4,6.3999999999999995,5.366666666666667,18.8,0.8,,,,,,,,,,88.0,2.7,,0.0,0.0,32.5,755.0,
2023-03-17 17:00:00,21.5,33.0,2.45,8.05,6.25,18.25,0.825,,,,,,,,,,89.25,2.475,,0.0,0.0,29.75,755.5,
2023-03-17 18:00:00,21.75,33.25,3.075,8.475000000000001,7.025,18.15,0.7000000000000001,,,,,,,,,,89.25,2.675,,0.0,0.0,21.25,756.0,
2023-03-17 19:00:00,17.666666666666668,32.333333333333336,3.8333333333333335,7.866666666666667,7.3,17.866666666666664,0.7999999999999999,,,,,,,,,,90.0,2.533333333333333,,0.0,0.0,15.0,756.6666666666666,
2023-03-17 20:00:00,18.5,29.0,3.675,8.6,7.55,17.15,0.425,,,,,,,,,,90.25,2.375,,0.0,0.0,15.0,757.5,
2023-03-17 21:00:00,20.0,29.0,3.375,7.275,6.65,16.725,0.825,,,,,,,,,,91.0,1.975,,0.0,0.0,15.0,758.0,
2023-03-17 22:00:00,12.0,28.0,3.5,6.05,6.050000000000001,16.675,0.5333333333333333,,,,,,,,,,91.25,1.95,,0.0,0.0,15.0,758.0,
2023-03-17 23:00:00,13.75,25.0,2.55,4.95,4.725,17.25,0.6,,,,,,,,,,91.0,1.425,,0.0,0.0,15.0,758.0,
2023-03-18 00:00:00,10.5,24.5,3.275,3.9,4.75,17.425,0.8500000000000001,,,,,,,,,,91.0,1.075,,0.0,0.0,15.0,757.25,
2023-03-18 01:00:00,12.25,24.25,3.225,2.8499999999999996,4.15,17.049999999999997,1.0,,,,,,,,,,91.0,1.125,,0.0,0.0,15.25,756.0,
2023-03-18 02:00:00,13.25,28.5,3.1,4.325,4.824999999999999,16.5,1.0,,,,,,,,,,91.0,0.775,,0.0,0.0,15.75,755.75,
2023-03-18 03:00:00,14.0,29.0,4.25,4.4,5.75,16.75,0.775,,,,,,,,,,93.25,1.0,,1.0,1.0,17.25,755.5,
2023-03-18 04:00:00,14.25,24.75,3.825,5.075,5.8,15.825000000000001,0.9,,,,,,,,,,95.0,0.75,,0.0,0.0,17.5,755.75,
2023-03-18 05:00:00,14.75,21.75,10.4,11.375,14.5,10.0,1.15,,,,,,,,,,96.25,0.65,,0.0,0.0,16.75,756.0,
2023-03-18 06:00:00,15.75,27.25,18.8,14.4,22.924999999999997,6.075,1.675,,,,,,,,,,97.0,0.65,,0.0,0.0,29.75,757.0,
2023-03-18 07:00:00,20.75,39.25,17.75,14.2,21.975,9.55,2.05,,,,,,,,,,95.5,0.725,,0.0,0.0,67.75,758.5,
2023-03-18 08:00:00,21.75,49.25,15.45,14.325,20.2,12.65,3.0,,,,,,,,,,91.25,0.9750000000000001,,0.0,0.0,223.5,759.5,
2023-03-18 09:00:00,21.75,50.5,10.075,5.4,11.05,19.575,3.0,,,,,,,,,,81.75,2.075,,0.0,0.0,323.25,760.0,
2023-03-18 10:00:00,10.0,26.25,6.3,6.1,8.35,19.125,2.4,,,,,,,,,,79.25,2.175,,0.0,0.0,305.75,760.5,
2023-03-18 11:00:00,21.0,29.75,4.8999999999999995,6.466666666666666,7.433333333333334,17.766666666666666,2.1999999999999997,,,,,,,,,,80.0,2.25,,0.0,0.0,175.75,759.0,
2023-03-18 12:00:00,19.75,29.0,5.433333333333334,9.233333333333333,9.299999999999999,13.766666666666666,0.625,,,,,,,,,,89.25,2.25,,0.0,0.0,197.0,756.75,
2023-03-18 13:00:00,25.0,,5.275,6.675,7.85,15.875,0.975,,,,,,,,,,83.25,2.875,,0.0,0.0,403.5,755.75,
2023-03-18 14:00:00,10.0,27.0,4.725,4.025,5.975,16.35,1.65,,,,,,,,,,83.25,2.6,,0.0,0.0,151.25,754.25,
2023-03-18 15:00:00,13.5,24.5,4.1,2.9000000000000004,4.85,15.6,1.3,,,,,,,,,,83.0,2.7,,0.0,0.0,127.5,753.0,
2023-03-18 16:00:00,16.25,22.0,4.125,2.0,4.4,16.0,0.8,,,,,,,,,,80.25,3.175,,0.0,0.0,195.75,752.0,
2023-03-18 17:00:00,13.25,22.5,3.625,2.125,4.075,16.05,,,,,,,,,,,82.0,2.6,,0.0,0.0,65.75,752.5,
2023-03-18 18:00:00,12.0,25.5,3.475,4.35,5.125,15.075,0.6,,,,,,,,,,84.5,2.125,,0.0,0.0,17.0,753.0,
2023-03-18 19:00:00,15.0,30.0,3.7999999999999994,8.299999999999999,7.466666666666666,13.633333333333333,,,,,,,,,,,85.33333333333333,2.0,,0.0,0.0,15.0,753.3333333333334,
2023-03-18 20:00:00,15.75,39.5,3.525,5.325,5.7,15.350000000000001,1.7750000000000001,,,,,,,,,,84.75,2.525,,0.0,0.0,15.0,754.0,
2023-03-18 21:00:00,12.666666666666666,37.666666666666664,3.1,5.066666666666666,5.2,15.1,2.033333333333333,,,,,,,,,,86.33333333333333,1.9666666666666668,,0.0,0.0,15.0,755.6666666666666,
2023-03-18 22:00:00,15.0,35.333333333333336,3.5666666666666664,5.066666666666666,5.566666666666666,14.833333333333334,1.3,,,,,,,,,,87.0,1.5333333333333332,,0.0,0.0,15.0,756.0,
2023-03-18 23:00:00,16.25,34.25,4.324999999999999,8.45,8.0,12.85,1.1,,,,,,,,,,87.5,1.15,,0.0,0.0,15.0,756.0,
2023-03-19 00:00:00,14.75,42.0,4.9,9.375,9.0,12.65,0.925,,,,,,,,,,88.5,0.625,,0.0,0.0,15.0,755.25,
2023-03-19 01:00:00,16.0,45.5,6.575,10.375,10.85,11.875,0.4666666666666666,,,,,,,,,,89.75,0.725,,0.0,0.0,15.0,753.5,
2023-03-19 02:00:00,15.75,50.5,7.925000000000001,11.725,12.675,11.125,1.25,,,,,,,,,,90.0,0.95,,0.0,0.0,15.0,753.25,
2023-03-19 03:00:00,23.0,56.0,5.575,8.8,9.275,13.525,1.625,,,,,,,,,,90.0,1.1,,0.0,0.0,15.0,753.0,
2023-03-19 04:00:00,20.0,41.0,4.425,7.4,7.5,14.2,1.9500000000000002,,,,,,,,,,91.0,1.15,,0.0,0.0,15.25,753.5,
2023-03-19 05:00:00,18.25,35.75,7.550000000000001,4.725,8.625,14.35,1.85,,,,,,,,,,95.75,2.125,,0.0,0.0,16.25,754.0,
2023-03-19 06:00:00,12.0,19.5,5.775,10.225,10.125,11.875,1.875,,,,,,,,,,98.0,0.55,,0.0,0.0,18.5,754.75,
2023-03-19 07:00:00,10.75,22.25,15.9,22.0,22.1,5.0,2.15,,,,,,,,,,97.25,1.325,,0.0,0.0,98.5,757.0,
2023-03-19 08:00:00,15.25,31.5,6.35,29.7,8.55,13.966666666666667,2.5500000000000003,,,,,,,,,,92.5,1.225,,0.0,0.0,142.5,758.5,
2023-03-19 09:00:00,13.0,24.25,7.075,10.5,11.375,12.3,2.6,,,,,,,,,,85.25,0.75,,0.0,0.0,222.75,759.0,
2023-03-19 10:00:00,14.5,35.75,5.55,11.65,10.725,13.725,5.033333333333334,,,,,,,,,,80.0,0.7,,0.0,0.0,179.0,759.0,
2023-03-19 11:00:00,22.5,44.75,4.8999999999999995,11.1,9.866666666666667,12.766666666666666,11.733333333333334,,,,,,,,,,75.75,1.0,,0.0,0.0,341.75,757.75,
2023-03-19 12:00:00,31.5,58.0,4.933333333333334,8.933333333333332,8.799999999999999,12.200000000000001,13.375,,,,,,,,,,77.25,2.05,,0.0,0.0,386.25,756.0,
2023-03-19 13:00:00,27.0,61.5,4.375,5.625,6.574999999999999,13.425,11.275,,,,,,,,,,76.25,2.25,,0.0,0.0,485.75,754.0,
2023-03-19 14:00:00,27.0,51.5,3.625,3.75,4.95,14.75,9.275,,,,,,,,,,74.25,2.325,,0.0,0.0,342.25,751.75,
2023-03-19 15:00:00,26.5,41.0,3.65,2.75,4.425,15.25,4.65,,,,,,,,,,72.0,2.35,,0.0,0.0,317.25,750.5,
2023-03-19 16:00:00,21.25,31.25,3.3,2.4,3.95,15.6,3.225,,,,,,,,,,75.25,2.5,,0.0,0.0,182.5,750.0,
2023-03-19 17:00:00,11.75,30.5,4.175,2.6666666666666665,4.425,14.975,2.2,,,,,,,,,,78.5,1.925,,0.0,0.0,29.5,751.25,
2023-03-19 18:00:00,18.75,33.75,3.625,4.9,5.550000000000001,14.125,2.45,,,,,,,,,,81.25,1.775,,0.0,0.0,16.5,752.0,
2023-03-19 19:00:00,22.5,30.25,2.875,6.575,5.875,13.725,1.7,,,,,,,,,,83.25,1.075,,0.0,0.0,15.0,753.0,
2023-03-19 20:00:00,18.25,31.0,3.375,7.25,6.625,13.55,0.825,,,,,,,,,,85.25,1.1500000000000001,,0.0,0.0,15.0,754.0,
2023-03-19 21:00:00,18.25,32.25,2.875,7.5,6.325,13.55,0.8,,,,,,,,,,87.0,1.1500000000000001,,0.0,0.0,15.0,755.25,
2023-03-19 22:00:00,16.5,34.5,3.15,6.275,5.9,13.674999999999999,2.05,,,,,,,,,,87.25,1.7,,0.0,0.0,15.0,755.25,
2023-03-19 23:00:00,15.5,30.0,3.55,5.0,5.525,14.175,1.875,,,,,,,,,,88.5,0.575,,0.0,0.0,15.0,755.0,
2023-03-20 00:00:00,10.333333333333334,28.0,4.0,5.233333333333333,6.033333333333334,13.700000000000001,2.1,,,,,,,,,,89.0,0.6666666666666666,,0.0,0.0,15.0,754.0,
2023-03-20 01:00:00,15.0,28.25,6.125,7.949999999999999,9.2,11.975,2.925,,,,,,,,,,89.75,1.25,,0.0,0.0,15.0,753.25,
2023-03-20 02:00:00,14.75,35.5,3.2,2.65,4.025,15.3,1.675,,,,,,,,,,95.0,1.0750000000000002,,0.0,0.0,15.25,751.75,
2023-03-20 03:00:00,12.666666666666666,17.666666666666668,3.1999999999999997,2.9,4.133333333333334,15.033333333333333,1.5666666666666667,,,,,,,,,,95.66666666666667,1.2666666666666666,,0.0,0.0,14.0,752.0,
2023-03-20 04:00:00,9.0,14.0,2.575,2.45,3.375,15.175,2.0,,,,,,,,,,95.5,2.375,,0.0,0.0,14.5,751.25,
2023-03-20 05:00:00,6.75,12.75,4.3500000000000005,9.3,8.5,11.5,1.4,,,,,,,,,,96.0,1.025,,0.0,0.0,14.0,752.75,
2023-03-20 06:00:00,11.5,20.5,5.3,13.475,11.475,10.075,1.275,,,,,,,,,,95.25,0.875,,0.0,0.0,24.5,754.5,
2023-03-20 07:00:00,17.75,31.25,4.65,9.15,8.625,12.85,1.3250000000000002,,,,,,,,,,93.0,1.375,,0.0,0.0,104.75,756.5,
2023-03-20 08:00:00,13.5,37.25,6.425,9.525,10.25,11.975,2.825,,,,,,,,,,85.0,1.225,,0.0,0.0,262.75,758.0,
2023-03-20 09:00:00,12.25,26.25,5.833333333333333,9.666666666666666,9.866666666666667,10.225,4.15,,,,,,,,,,81.25,1.825,,0.0,0.0,254.0,758.0,
2023-03-20 10:00:00,12.0,24.25,4.075,7.5,7.325,14.75,2.8666666666666667,,,,,,,,,,81.5,2.525,,0.0,0.0,295.5,757.75,
2023-03-20 11:00:00,11.25,17.0,4.866666666666666,4.8999999999999995,6.6000000000000005,14.166666666666666,1.3666666666666665,,,,,,,,,,82.0,2.425,,0.0,0.0,459.75,756.75,
2023-03-20 12:00:00,16.0,20.25,5.433333333333334,4.8,6.966666666666666,12.066666666666668,2.225,,,,,,,,,,76.75,3.0,,0.0,0.0,569.5,755.25,
2023-03-20 13:00:00,10.0,21.75,4.65,5.25,6.575,12.95,2.1,,,,,,,,,,73.5,2.525,,0.0,0.0,538.25,753.5,
2023-03-20 14:00:00,10.5,23.0,4.25,5.074999999999999,6.15,13.7,2.25,,,,,,,,,,74.25,3.075,,0.0,0.0,396.5,751.0,
2023-03-20 15:00:00,11.5,20.0,4.3,3.5,5.4,14.35,1.375,,,,,,,,,,78.5,3.475,,0.0,0.0,336.25,750.0,
2023-03-20 16:00:00,10.0,21.75,3.55,3.6999999999999997,4.875,14.825,1.0,,,,,,,,,,81.25,3.125,,0.0,0.0,153.5,749.5,
2023-03-20 17:00:00,11.25,27.5,3.975,5.05,5.9,14.2,,,,,,,,,,,83.75,2.875,,0.0,0.0,20.0,752.25,
2023-03-20 18:00:00,12.75,24.75,3.4749999999999996,7.025,6.525,13.55,1.1666666666666667,,,,,,,,,,89.75,2.425,,0.0,0.0,15.5,753.0,
2023-03-20 19:00:00,7.75,16.75,2.975,14.424999999999999,10.075,11.225,1.5250000000000001,,,,,,,,,,89.75,1.8,,0.0,0.0,14.75,753.0,
2023-03-20 20:00:00,15.5,33.75,3.45,14.225,10.4,11.925,2.75,,,,,,,,,,90.25,1.275,,0.0,0.0,14.75,754.25,
2023-03-20 21:00:00,21.75,40.25,4.05,12.075,9.725,11.95,2.8,,,,,,,,,,90.25,1.525,,0.0,0.0,14.75,755.0,
2023-03-20 22:00:00,17.0,35.666666666666664,4.766666666666667,12.799999999999999,10.633333333333333,11.0,0.9500000000000001,,,,,,,,,,88.33333333333333,1.4666666666666668,,0.0,0.0,15.0,755.0,
2023-03-20 23:00:00,13.75,35.25,3.5,10.55,8.5,12.325,0.6,,,,,,,,,,88.5,0.975,,0.0,0.0,15.0,755.0,
2023-03-21 00:00:00,12.25,30.75,3.3499999999999996,9.1,7.575,12.675,0.7,,,,,,,,,,89.5,1.25,,0.0,0.0,15.0,754.5,
2023-03-21 01:00:00,19.0,33.5,3.9,9.475,8.2,12.375,0.625,,,,,,,,,,90.5,1.025,,0.0,0.0,15.0,753.5,
2023-03-21 02:00:00,17.25,36.25,4.125,10.525,8.95,11.9,1.15,,,,,,,,,,91.75,1.0,,0.0,0.0,15.0,752.0,
2023-03-21 03:00:00,14.0,37.0,3.5333333333333337,9.4,7.866666666666667,12.566666666666668,1.0999999999999999,,,,,,,,,,92.0,0.8000000000000002,,0.0,0.0,15.666666666666666,752.0,
2023-03-21 04:00:00,17.75,32.25,4.175000000000001,7.175,7.175000000000001,13.1,1.125,,,,,,,,,,92.0,1.15,,0.0,0.0,15.75,752.0,
2023-03-21 05:00:00,20.0,37.75,5.175,9.05,9.025,12.0,1.875,,,,,,,,,,91.5,0.85,,0.0,0.0,15.0,752.5,
2023-03-21 06:00:00,29.0,43.0,8.6,13.233333333333334,14.0,8.666666666666666,2.2666666666666666,,,,,,,,,,92.0,0.5666666666666667,,0.0,0.0,23.333333333333332,753.3333333333334,
2023-03-21 07:00:00,25.25,60.25,11.0,15.950000000000001,17.175,7.85,4.05,,,,,,,,,,87.75,0.775,,0.0,0.0,134.75,755.5,
2023-03-21 08:00:00,31.0,69.0,7.275,11.825,12.225,12.0,5.175,,,,,,,,,,81.25,1.275,,0.0,0.0,280.5,756.25,
2023-03-21 09:00:00,26.5,55.75,5.275,8.875,9.0,14.65,5.4,,,,,,,,,,75.0,1.9249999999999998,,0.0,0.0,437.75,757.0,
2023-03-21 10:00:00,22.25,54.0,3.4,9.375,7.75,15.45,8.733333333333334,,,,,,,,,,72.5,1.95,,0.0,0.0,477.75,756.5,
2023-03-21 11:00:00,24.0,60.75,3.6999999999999997,8.633333333333333,7.633333333333334,14.833333333333334,6.866666666666667,,,,,,,,,,74.75,2.65,,0.0,0.0,492.5,755.5,
2023-03-21 12:00:00,27.0,57.0,4.433333333333334,5.1000000000000005,6.333333333333333,14.033333333333333,4.45,,,,,,,,,,74.5,3.0,,0.0,0.0,580.5,753.75,
2023-03-21 13:00:00,27.0,41.5,3.3,4.825,5.25,13.9,2.75,,,,,,,,,,73.25,3.05,,0.0,0.0,539.75,752.25,
2023-03-21 14:00:00,23.75,45.5,3.6500000000000004,4.1,5.15,14.975,2.25,,,,,,,,,,73.5,3.175,,0.0,0.0,399.5,751.25,
2023-03-21 15:00:00,16.75,33.5,3.825,3.65,5.075,15.925,1.85,,,,,,,,,,74.75,3.2,,0.0,0.0,353.25,750.25,
2023-03-21 16:00:00,22.25,29.75,3.625,4.125,5.15,16.1,2.45,,,,,,,,,,77.0,2.975,,0.0,0.0,211.25,750.0,
2023-03-21 17:00:00,13.0,30.25,3.275,4.625,5.1,16.825,2.375,,,,,,,,,,82.5,3.125,,0.0,0.0,75.5,750.75,
2023-03-21 18:00:00,10.5,24.75,3.45,3.875,4.825,16.75,1.8250000000000002,,,,,,,,,,85.25,2.8,,0.0,0.0,18.5,752.0,
2023-03-21 19:00:00,12.0,22.5,72.35000000000001,3.4333333333333336,4.15,17.625,1.625,,,,,,,,,,86.0,2.475,,0.0,0.0,15.25,753.5,
2023-03-21 20:00:00,12.0,18.0,4.35,4.3,5.85,15.1,2.35,,,,,,,,,,86.0,2.8,,0.0,0.0,15.0,754.0,
2023-03-21 21:00:00,19.5,25.5,3.225,3.725,4.574999999999999,16.05,2.2,,,,,,,,,,87.0,1.9500000000000002,,0.0,0.0,15.0,755.5,
2023-03-21 22:00:00,8.5,20.0,3.6999999999999997,3.275,4.75,16.175,1.425,,,,,,,,,,87.0,2.275,,0.0,0.0,15.0,756.5,
2023-03-21 23:00:00,7.25,16.5,3.725,3.175,4.725,16.075,1.375,,,,,,,,,,86.5,2.275,,0.0,0.0,15.0,756.5,
2023-03-22 00:00:00,8.0,14.5,3.35,2.825,4.225,16.075000000000003,0.8,,,,,,,,,,87.25,1.85,,0.0,0.0,15.5,756.0,
2023-03-22 01:00:00,7.333333333333333,12.333333333333334,2.966666666666667,1.45,2.9,16.633333333333336,0.7000000000000001,,,,,,,,,,88.0,1.7333333333333334,,0.0,0.0,15.666666666666666,755.0,
2023-03-22 02:00:00,8.666666666666666,12.666666666666666,2.733333333333333,4.033333333333333,4.366666666666667,14.966666666666667,1.1333333333333335,,,,,,,,,,88.33333333333333,1.2666666666666666,,0.0,0.0,15.666666666666666,754.3333333333334,
2023-03-22 03:00:00,13.5,15.25,3.95,5.225,6.0,14.35,1.05,,,,,,,,,,89.0,1.0,,0.0,0.0,15.75,753.75,
2023-03-22 04:00:00,12.0,16.75,3.75,6.175,6.325,14.6,0.925,,,,,,,,,,89.0,0.8500000000000001,,0.0,0.0,15.75,753.75,
2023-03-22 05:00:00,11.5,27.5,4.8,8.675,8.5,13.0,1.075,,,,,,,,,,90.0,0.9,,0.0,0.0,15.75,754.25,
2023-03-22 06:00:00,11.25,29.25,5.25,11.425,10.35,11.65,2.125,,,,,,,,,,90.75,0.9750000000000001,12.0,0.0,0.0,37.25,755.5,
2023-03-22 07:00:00,17.5,43.75,6.85,10.725,11.275,12.05,2.475,,,,,,,,,,87.25,1.1,,0.0,0.0,138.5,757.5,
2023-03-22 08:00:00,25.0,58.0,5.775,8.925,9.475,13.525,1.7000000000000002,,,,,,,,,,83.0,1.125,,0.0,0.0,184.0,759.0,
2023-03-22 09:00:00,24.25,55.75,4.6,9.55,8.8,14.8,1.8,,,,,,,,,,78.0,1.575,,0.0,0.0,278.0,760.0,
2023-03-22 10:00:00,21.0,49.25,4.1,6.7,6.9,15.55,1.5999999999999999,,,,,,,,,,72.75,1.375,,0.0,0.0,358.0,759.5,
2023-03-22 11:00:00,17.75,51.5,4.6000000000000005,6.533333333333334,7.2,14.533333333333333,1.0999999999999999,,,,,,,,,,67.0,1.5,,0.0,0.0,395.0,758.0,
2023-03-22 12:00:00,17.25,53.0,4.866666666666666,5.333333333333333,6.8,13.766666666666666,1.775,,,,,,,,,,73.0,2.775,,0.0,0.0,520.0,756.0,
2023-03-22 13:00:00,13.75,41.75,3.65,3.35,4.7,15.225000000000001,2.15,,,,,,,,,,72.5,2.975,,0.0,0.0,559.25,754.0,
2023-03-22 14:00:00,4.333333333333333,34.333333333333336,3.6,3.3333333333333335,4.7,15.700000000000001,3.033333333333333,,,,,,,,,,71.66666666666667,2.6,,0.0,0.0,406.0,752.6666666666666,
2023-03-22 15:00:00,13.0,34.25,3.475,3.275,4.55,16.325000000000003,3.0,,,,,,,,,,72.75,2.725,,0.0,0.0,351.0,750.5,
2023-03-22 16:00:00,17.5,38.25,3.7,3.475,4.825,16.3,1.6,,,,,,,,,,74.0,2.7,,0.0,0.0,216.25,750.0,
2023-03-22 17:00:00,12.75,39.5,4.449999999999999,28.275,5.550000000000001,14.9,0.675,,,,,,,,,,77.5,2.175,,0.0,0.0,66.75,750.0,
2023-03-22 18:00:00,11.75,37.25,4.775,4.75,6.425,16.35,1.2,,,,,,,,,,83.25,2.05,,0.0,0.0,17.5,751.0,
2023-03-22 19:00:00,10.5,26.75,4.425,5.275,6.375,16.65,1.05,,,,,,,,,,86.5,2.275,,0.0,0.0,15.75,752.5,
2023-03-22 20:00:00,10.5,27.25,3.75,3.4,4.875,17.35,1.45,,,,,,,,,,88.25,2.625,,0.0,0.0,16.0,753.75,
2023-03-22 21:00:00,15.0,22.0,3.233333333333333,3.8333333333333335,4.633333333333333,17.0,1.6666666666666667,,,,,,,,,,89.0,2.8000000000000003,,0.0,0.0,16.0,754.6666666666666,
2023-03-22 22:00:00,8.5,15.0,3.55,3.15,4.55,17.3,1.125,,,,,,,,,,89.0,2.525,,0.0,0.0,15.75,755.5,
2023-03-22 23:00:00,11.5,13.75,3.625,1.675,3.85,17.25,0.75,,,,,,,,,,89.0,2.2,,0.0,0.0,16.0,756.0,
2023-03-23 00:00:00,7.0,11.25,3.65,1.0333333333333332,3.3249999999999997,17.6,1.475,,,,,,,,,,89.0,1.8,,0.0,0.0,16.0,754.75,
2023-03-23 01:00:00,7.75,15.0,3.275,2.275,3.875,17.25,1.525,,,,,,,,,,90.0,1.9500000000000002,,0.0,0.0,16.0,754.0,
2023-03-23 02:00:00,9.75,16.75,3.033333333333333,17.0,4.366666666666666,15.766666666666667,2.075,,,,,,,,,,89.25,1.625,,0.0,0.0,16.0,753.5,
2023-03-23 03:00:00,8.25,20.0,4.375,4.775,6.075,15.6,1.525,,,,,,,,,,89.5,1.7,,0.0,0.0,16.0,753.0,
2023-03-23 04:00:00,6.25,14.0,4.675,6.050000000000001,7.0,14.65,1.975,,,,,,,,,,90.0,1.3,,0.0,0.0,16.0,753.0,
2023-03-23 05:00:00,7.25,14.0,4.575,5.25,6.5,15.225,1.975,,,,,,,,,,91.0,1.375,,0.0,0.0,16.0,753.5,
2023-03-23 06:00:00,11.0,18.0,6.425,7.175000000000001,9.05,13.25,1.5250000000000001,,,,,,,,,,90.75,1.05,,0.0,0.0,29.5,755.0,
2023-03-23 07:00:00,19.75,33.0,6.725,6.5,8.925,13.775,1.3,,,,,,,,,,88.5,1.475,,0.0,0.0,117.5,756.5,
2023-03-23 08:00:00,18.5,41.5,6.075,5.225,7.675,15.175,1.975,,,,,,,,,,82.25,2.325,,0.0,0.0,222.25,757.75,
2023-03-23 09:00:00,17.0,41.0,5.35,6.15,7.6,16.275,2.6500000000000004,,,,,,,,,,79.25,2.2,,0.0,0.0,244.75,758.25,
2023-03-23 10:00:00,19.25,47.0,5.025,7.375,8.025,17.2,1.8666666666666665,,,,,,,,,,75.0,2.475,,0.0,0.0,254.0,758.5,
2023-03-23 11:00:00,24.75,53.25,4.6000000000000005,6.166666666666667,7.066666666666666,17.099999999999998,1.6000000000000003,,,,,,,,,,79.5,3.0,,0.0,0.0,254.25,757.25,
2023-03-23 12:00:00,19.75,44.25,5.966666666666666,5.133333333333334,7.6000000000000005,14.9,1.35,,,,,,,,,,77.25,2.625,,0.0,0.0,345.5,756.5,
2023-03-23 13:00:00,15.0,38.75,4.05,3.2,5.0,16.5,1.4,,,,,,,,,,75.75,3.2,,0.0,0.0,368.25,755.0,
2023-03-23 14:00:00,13.75,29.0,3.35,3.775,4.725,17.45,0.925,,,,,,,,,,77.75,3.275,,0.0,0.0,229.5,753.5,
2023-03-23 15:00:00,16.0,29.5,5.300000000000001,5.025,7.0,16.925,0.9,,,,,,,,,,82.0,2.8,,0.0,0.0,97.5,752.0,
2023-03-23 16:00:00,8.75,32.5,6.4,5.775,8.274999999999999,16.125,2.75,,,,,,,,,,81.5,2.55,,0.0,0.0,59.5,753.25,
2023-03-23 17:00:00,17.5,43.0,5.4,14.825,12.275,13.1,3.05,,,,,,,,,,75.75,1.75,,0.0,0.0,23.75,752.25,
2023-03-23 18:00:00,27.0,61.25,5.55,15.8,12.925,12.675,0.65,,,,,,,,,,81.25,1.775,,0.0,0.0,15.5,752.75,
2023-03-23 19:00:00,22.75,53.75,6.075,9.0,9.75,15.4,0.3,,,,,,,,,,88.5,1.775,,0.0,0.0,15.0,754.5,
2023-03-23 20:00:00,15.75,27.25,5.5,5.875,7.625,16.1,1.3,,,,,,,,,,88.5,2.2,,0.0,0.0,15.0,755.75,
2023-03-23 21:00:00,7.0,23.5,7.725,8.15,10.6,13.325,2.35,,,,,,,,,,88.75,2.5,,0.0,0.0,15.0,757.0,
2023-03-23 22:00:00,10.5,30.0,9.0,8.825,12.0,13.0,1.1,,,,,,,,,,89.0,2.1,,0.0,0.0,15.0,757.0,
2023-03-23 23:00:00,11.0,34.25,6.75,6.45,8.875,15.45,0.7,,,,,,,,,,89.0,1.425,,0.0,0.0,15.0,756.5,
2023-03-24 00:00:00,7.5,27.5,6.15,5.85,8.175,15.325,1.75,,,,,,,,,,90.5,1.05,12.0,0.0,0.0,15.0,755.25,
2023-03-24 01:00:00,6.0,22.5,6.775,6.025,8.725,15.1,2.35,,,,,,,,,,92.25,0.9,12.0,0.0,0.0,15.0,754.0,
2023-03-24 02:00:00,6.666666666666667,24.666666666666668,7.2,7.2,9.700000000000001,14.266666666666666,1.7,,,,,,,,,,93.0,0.7999999999999999,12.0,0.0,0.0,15.0,753.0,
2023-03-24 03:00:00,11.333333333333334,37.333333333333336,12.966666666666667,8.233333333333333,14.9,10.9,1.5999999999999999,,,,,,,,,,93.0,0.8000000000000002,,0.0,0.0,15.0,753.0,
2023-03-24 04:00:00,20.5,53.75,15.899999999999999,10.925,18.725,9.45,1.175,,,,,,,,,,93.25,1.0,,0.0,0.0,15.0,753.0,
2023-03-24 05:00:00,25.75,68.0,12.85,10.025,15.8,12.25,1.075,,,,,,,,,,94.75,1.0,,0.0,0.0,15.0,753.25,
2023-03-24 06:00:00,19.0,59.0,14.966666666666667,11.233333333333334,18.166666666666668,10.6,2.1666666666666665,,,,,,,,,,93.33333333333333,0.7999999999999999,,0.0,0.0,27.0,755.0,
2023-03-24 07:00:00,36.5,71.5,12.55,10.8,15.95,12.875,3.325,,,,,,,,,,84.5,1.55,,0.0,0.0,148.5,756.75,
2023-03-24 08:00:00,27.25,75.0,10.100000000000001,9.65,13.35,14.6,7.775,,,,,,,,,,76.25,1.75,,0.0,0.0,288.75,758.5,
2023-03-24 09:00:00,30.25,76.5,8.4,11.475,12.95,15.0,7.85,,,,,,,,,,72.75,2.075,,0.0,0.0,409.0,759.0,
2023-03-24 10:00:00,26.25,59.25,4.8,9.725,9.100000000000001,16.925,6.1000000000000005,,,,,,,,,,72.5,2.3,12.0,0.0,0.0,420.0,758.75,
2023-03-24 11:00:00,20.75,45.75,5.1000000000000005,7.866666666666667,8.333333333333334,16.633333333333336,2.8666666666666667,,,,,,,,,,67.75,2.225,,0.0,0.0,488.0,757.75,
2023-03-24 12:00:00,17.75,39.5,5.333333333333333,6.5,7.766666666666667,15.666666666666666,2.8,,,,,,,,,,68.0,2.7,,0.0,0.0,477.25,756.5,
2023-03-24 13:00:00,12.5,38.75,4.275,4.35,5.775,16.6,2.725,,,,,,,,,,72.5,3.225,,0.0,0.0,437.0,755.0,
2023-03-24 14:00:00,17.5,31.25,4.5,4.35,5.95,16.55,1.825,,,,,,,,,,70.75,3.15,,0.0,0.0,410.25,753.75,
2023-03-24 15:00:00,17.5,29.0,4.225,3.2,5.125,17.225,1.425,,,,,,,,,,72.25,3.35,,0.0,0.0,350.25,753.0,
2023-03-24 16:00:00,13.75,28.75,4.5,2.1,4.775,17.475,1.7,,,,,,,,,,74.75,3.3,,0.0,0.0,219.5,752.5,
2023-03-24 17:00:00,16.25,31.0,5.05,2.65,5.525,17.2,1.55,,,,,,,,,,80.25,2.575,,0.0,0.0,68.0,753.0,
2023-03-24 18:00:00,17.25,36.5,4.85,4.525,6.375,16.7,1.1,,,,,,,,,,84.75,2.525,,0.0,0.0,17.0,753.75,
2023-03-24 19:00:00,17.75,24.5,4.85,4.15,6.15,16.725,0.95,,,,,,,,,,86.25,2.55,,0.0,0.0,15.0,755.25,
2023-03-24 20:00:00,14.0,21.5,4.7,3.3,5.575,16.975,1.3,,,,,,,,,,87.5,2.5,,0.0,0.0,15.0,756.5,
2023-03-24 21:00:00,6.25,26.0,4.35,3.25,5.25,17.1,1.425,,,,,,,,,,88.0,2.55,,0.0,0.0,15.0,757.75,
2023-03-24 22:00:00,9.666666666666666,21.666666666666668,4.466666666666666,2.8666666666666667,5.2,16.7,1.3,,,,,,,,,,88.0,2.1999999999999997,,0.0,0.0,15.0,758.3333333333334,
2023-03-24 23:00:00,9.0,14.75,4.375,2.975,5.15,16.775,1.025,,,,,,,,,,88.0,1.975,,0.0,0.0,15.0,758.25,
2023-03-25 00:00:00,8.25,17.25,3.8,2.325,4.325,17.1,1.125,,,,,,,,,,89.0,2.25,,0.0,0.0,15.0,757.5,
2023-03-25 01:00:00,5.333333333333333,10.333333333333334,4.366666666666666,3.6,5.433333333333334,16.3,1.3333333333333333,,,,,,,,,,89.0,1.7,,0.0,0.0,15.0,756.3333333333334,
2023-03-25 02:00:00,4.25,14.0,4.95,3.85,6.05,15.675,1.125,,,,,,,,,,89.0,1.625,,0.0,0.0,15.0,755.75,
2023-03-25 03:00:00,5.75,18.0,5.35,4.1,6.55,15.525,0.925,,,,,,,,,,89.25,1.45,,0.0,0.0,15.0,755.75,
2023-03-25 04:00:00,8.0,19.25,6.125,3.9,7.05,15.425,1.35,,,,,,,,,,90.75,1.2,,0.0,0.0,15.0,756.0,
2023-03-25 05:00:00,7.5,14.5,6.45,4.25,7.5,15.024999999999999,1.525,,,,,,,,,,91.75,1.35,,0.0,0.0,15.25,756.25,
2023-03-25 06:00:00,6.25,20.25,6.975,5.550000000000001,8.6,14.25,1.3,,,,,,,,,,92.5,1.4,,0.0,0.0,39.75,757.5,
2023-03-25 07:00:00,10.25,35.5,7.95,6.45,9.9,13.625,1.25,,,,,,,,,,86.75,1.6,,0.0,0.0,160.0,759.5,
2023-03-25 08:00:00,17.75,42.75,7.8,5.5,9.25,16.65,0.8,,,,,,,,,,77.75,2.05,,0.0,0.0,287.25,760.75,
2023-03-25 09:00:00,12.0,43.5,6.0,6.25,8.2,17.225,2.825,,,,,,,,,,73.0,2.0999999999999996,12.0,0.0,0.0,370.75,761.5,
2023-03-25 10:00:00,16.75,48.75,5.275,5.225,7.05,16.674999999999997,4.266666666666667,,,,,,,,,,69.0,2.05,,0.0,0.0,420.0,761.25,
2023-03-25 11:00:00,19.5,46.75,5.3999999999999995,4.466666666666667,6.766666666666667,16.066666666666666,1.2,,,,,,,,,,75.0,2.625,,0.0,0.0,412.25,760.0,
2023-03-25 12:00:00,13.25,33.5,6.133333333333333,2.9,6.533333333333334,14.633333333333333,1.55,,,,,,,,,,74.0,3.1,,0.0,0.0,542.75,758.5,
2023-03-25 13:00:00,16.25,32.5,4.6499999999999995,2.325,5.025,16.05,2.025,,,,,,,,,,75.5,3.475,,0.0,0.0,456.25,757.25,
2023-03-25 14:00:00,13.0,32.0,4.675000000000001,1.525,4.625,17.175,1.15,,,,,,,,,,76.75,3.55,,0.0,0.0,336.75,755.5,
2023-03-25 15:00:00,10.5,27.75,4.975,1.55,4.85,18.3,1.125,,,,,,,,,,76.5,3.2,,0.0,0.0,290.75,755.0,
2023-03-25 16:00:00,11.25,31.5,5.775,1.525,5.5,17.8,1.05,,,,,,,,,,78.5,3.125,,0.0,0.0,200.25,754.75,
2023-03-25 17:00:00,9.5,26.75,5.475,1.95,5.525,17.95,0.775,,,,,,,,,,81.5,3.075,,0.0,0.0,79.5,755.0,
2023-03-25 18:00:00,9.75,26.0,5.25,2.4,5.55,17.95,1.8,,,,,,,,,,85.25,2.675,,0.0,0.0,17.75,755.75,
2023-03-25 19:00:00,7.0,23.5,6.05,1.85,5.5,43.425,1.8,,,,,,,,,,86.0,2.425,,0.0,0.0,15.0,756.5,
2023-03-25 20:00:00,9.0,17.0,7.7,4.1,6.8999999999999995,18.900000000000002,1.1666666666666667,,,,,,,,,,86.33333333333333,2.1999999999999997,,0.0,0.0,15.0,757.3333333333334,
2023-03-25 21:00:00,7.25,19.25,5.275,3.3,6.05,17.35,0.9,,,,,,,,,,87.5,2.1500000000000004,,0.0,0.0,15.0,758.0,
2023-03-25 22:00:00,7.5,20.25,5.3,2.525,5.65,17.375,0.525,,,,,,,,,,88.5,2.3,,0.0,0.0,15.0,758.5,
2023-03-25 23:00:00,6.0,21.0,4.9,1.7000000000000002,4.875,17.9,0.35000000000000003,,,,,,,,,,88.25,2.025,,0.0,0.0,15.0,758.25,
2023-03-26 00:00:00,,,4.675,1.475,4.55,17.85,0.7000000000000001,,,,,,,,,,89.0,1.675,,0.0,0.0,15.0,757.25,
2023-03-26 01:00:00,4.0,8.0,5.025,1.525,4.925,17.125,0.725,,,,,,,,,,89.0,1.35,,0.0,0.0,15.0,756.5,
2023-03-26 02:00:00,5.5,9.0,4.25,2.875,5.0,16.8,1.225,,,,,,,,,,89.5,1.1,,0.0,0.0,15.0,755.5,
2023-03-26 03:00:00,9.5,11.5,6.050000000000001,3.1500000000000004,6.575,16.25,1.575,,,,,,,,,,90.0,0.9750000000000001,,0.0,0.0,15.0,755.0,
2023-03-26 04:00:00,7.75,14.5,5.625,5.35,7.4,15.35,1.9,,,,,,,,,,91.5,1.025,,0.0,0.0,15.0,755.25,
2023-03-26 05:00:00,7.0,26.5,7.8,5.025,9.0,14.5,2.55,,,,,,,,,,92.0,0.8500000000000001,,0.0,0.0,15.25,756.0,
2023-03-26 06:00:00,7.75,25.5,9.125,6.45,10.825,13.3,1.4,,,,,,,,,,92.25,1.025,12.0,0.0,0.0,41.75,756.5,
2023-03-26 07:00:00,10.5,36.5,9.875,5.8,11.100000000000001,14.25,1.025,,,,,,,,,,87.5,1.125,,0.0,0.0,133.0,758.5,
2023-03-26 08:00:00,11.5,35.75,7.4,4.3,8.275,16.25,0.9,,,,,,,,,,82.0,1.575,,0.0,0.0,249.0,760.25,
2023-03-26 09:00:00,9.75,27.75,7.125,3.925,7.875,16.7,0.9750000000000001,,,,,,,,,,74.0,1.85,,0.0,0.0,291.25,760.75,
2023-03-26 10:00:00,12.25,26.25,6.075,3.725,6.925000000000001,16.65,1.7333333333333334,,,,,,,,,,73.0,2.175,,0.0,0.0,342.75,760.0,
2023-03-26 11:00:00,19.5,32.5,6.033333333333334,2.733333333333333,6.333333333333333,15.766666666666666,1.2,,,,,,,,,,75.0,2.825,,0.0,0.0,382.5,759.25,
2023-03-26 12:00:00,11.75,31.5,5.566666666666666,2.533333333333333,5.833333333333333,14.200000000000001,2.0,,,,,,,,,,72.75,3.05,,0.0,0.0,535.75,757.5,
2023-03-26 13:00:00,10.5,31.75,5.25,1.525,5.05,15.75,2.55,,,,,,,,,,69.5,3.325,,0.0,0.0,508.75,755.5,
2023-03-26 14:00:00,10.0,28.25,5.125,1.1666666666666667,4.575,16.9,1.7,,,,,,,,,,69.25,3.4,,0.0,0.0,457.25,754.0,
2023-03-26 15:00:00,14.0,28.25,5.6,1.075,5.1,17.475,2.15,,,,,,,,,,72.0,3.4,,0.0,0.0,330.0,753.0,
2023-03-26 16:00:00,15.25,26.0,4.575,1.3250000000000002,4.4,17.599999999999998,1.2999999999999998,,,,,,,,,,75.0,2.925,,0.0,0.0,151.25,752.25,
2023-03-26 17:00:00,12.0,24.75,5.6,0.875,5.025,17.675,1.075,,,,,,,,,,80.5,2.85,,0.0,0.0,67.0,753.0,
2023-03-26 18:00:00,17.25,22.0,4.675,1.85,4.775,17.55,0.95,,,,,,,,,,84.5,2.75,,0.0,0.0,18.0,753.75,
2023-03-26 19:00:00,13.25,24.0,4.875,2.65,5.375,17.375,0.45,,,,,,,,,,86.0,2.4,,0.0,0.0,15.0,755.0,
2023-03-26 20:00:00,8.0,21.0,4.4,2.5,4.9,17.5,3.4,,,,,,,,,,87.0,2.1,,0.0,0.0,15.0,755.0,
2023-03-26 21:00:00,8.0,21.0,4.0,1.0333333333333334,3.85,15.800000000000002,1.0333333333333334,,,,,,,,,,86.5,2.3,,0.25,0.25,15.0,756.5,
2023-03-26 22:00:00,,,6.766666666666667,2.0,6.566666666666666,16.599999999999998,2.1666666666666665,,,,,,,,,,87.0,2.266666666666667,,0.0,0.0,15.0,757.0,
2023-03-26 23:00:00,13.25,21.666666666666668,6.625,1.9,6.375,17.575,1.95,,,,,,,,,,87.0,2.125,,0.0,0.0,15.0,756.0,
2023-03-27 00:00:00,9.75,19.25,6.65,2.125,6.525,17.35,1.1,,,,,,,,,,87.0,1.7000000000000002,,0.0,0.0,15.0,755.25,
2023-03-27 01:00:00,4.75,17.25,6.125,1.65,5.875,17.45,1.15,,,,,,,,,,88.25,1.775,,0.0,0.0,15.0,754.25,
2023-03-27 02:00:00,1.75,9.75,5.625,1.175,5.2,17.325,1.8,,,,,,,,,,89.25,1.475,12.0,0.0,0.0,15.0,753.75,
2023-03-27 03:00:00,5.75,12.75,6.2,1.925,6.05,16.725,2.0,,,,,,,,,,90.0,1.7,,0.0,0.0,15.25,753.0,
2023-03-27 04:00:00,11.25,15.5,7.575,2.7,7.625,16.1,1.6,,,,,,,,,,90.0,1.225,,0.0,0.0,15.75,754.0,
2023-03-27 05:00:00,13.0,18.75,7.75,1.7249999999999999,7.2,16.375,2.0,,,,,,,,,,90.75,1.6,,0.0,0.0,15.75,754.25,
2023-03-27 06:00:00,16.25,26.5,9.175,2.925,9.0,15.325,2.425,,,,,,,,,,91.75,1.5,,0.0,0.0,30.5,755.75,
2023-03-27 07:00:00,17.5,34.75,9.575,3.85,9.85,15.075,2.8,,,,,,,,,,86.75,1.675,,0.0,0.0,145.0,757.5,
2023-03-27 08:00:00,16.5,40.0,10.325,4.45,10.775,15.35,6.574999999999999,,,,,,,,,,78.5,2.1,,0.0,0.0,288.0,758.75,
2023-03-27 09:00:00,12.5,52.75,9.65,6.05,11.075,17.175,8.225,,,,,,,,,,72.5,2.075,,0.0,0.0,417.75,759.0,
2023-03-27 10:00:00,22.75,62.5,6.525,7.325,9.2,17.625,6.533333333333334,,,,,,,,,,67.75,2.0,,0.0,0.0,521.0,759.5,
2023-03-27 11:00:00,21.5,56.5,6.4,6.525,8.675,18.525,5.466666666666666,,,,,,,,,,59.5,1.675,,0.0,0.0,587.75,758.5,
2023-03-27 12:00:00,20.0,52.5,5.65,5.775,7.675,19.85,5.4,,,,,,,,,,65.5,2.175,,0.0,0.0,594.0,756.5,
2023-03-27 13:00:00,18.75,51.25,5.7,4.25,6.875,20.7,5.25,,,,,,,,,,71.0,3.3,,0.0,0.0,500.0,754.5,
2023-03-27 14:00:00,15.25,43.5,5.5,2.825,5.975,22.35,4.05,,,,,,,,,,72.25,3.25,,0.0,0.0,464.5,753.25,
2023-03-27 15:00:00,16.5,45.25,5.35,2.975,5.925,22.925,3.1750000000000003,,,,,,,,,,74.0,3.275,,0.0,0.0,348.25,752.25,
2023-03-27 16:00:00,19.75,46.5,5.85,2.3,6.0,22.775,7.0249999999999995,,,,,,,,,,75.5,3.3,,0.0,0.0,205.0,752.0,
2023-03-27 17:00:00,21.25,44.5,5.3,2.9,5.875,22.0,4.025,,,,,,,,,,79.5,2.9,,0.0,0.0,70.5,752.5,
2023-03-27 18:00:00,10.25,31.5,5.95,2.325,6.05,21.425,3.525,,,,,,,,,,82.5,2.625,,0.0,0.0,17.25,753.0,
2023-03-27 19:00:00,11.75,25.0,6.05,3.45,6.75,20.5,2.425,,,,,,,,,,84.5,2.425,,0.0,0.0,16.0,754.5,
2023-03-27 20:00:00,15.0,28.25,6.5,3.45,7.125,20.025,2.7249999999999996,,,,,,,,,,85.5,2.225,,0.0,0.0,16.0,755.5,
2023-03-27 21:00:00,16.5,28.5,5.725,2.425,5.95,20.45,2.65,,,,,,,,,,86.25,2.05,,0.0,0.0,16.0,755.75,
2023-03-27 22:00:00,10.75,26.75,5.225,2.775,5.725,20.3,1.75,,,,,,,,,,87.0,2.0250000000000004,,0.0,0.0,16.0,755.5,
2023-03-27 23:00:00,7.25,22.5,5.675,3.0500000000000003,6.25,19.65,1.575,,,,,,,,,,88.0,1.675,,0.0,0.0,16.0,755.0,
2023-03-28 00:00:00,9.0,14.5,5.825,3.175,6.45,19.575,1.0,,,,,,,,,,88.0,1.55,,0.0,0.0,16.0,754.25,
2023-03-28 01:00:00,12.25,21.5,6.2250000000000005,2.425,6.35,19.5,1.65,,,,,,,,,,88.25,2.075,,0.0,0.0,16.0,754.0,
2023-03-28 02:00:00,12.25,20.0,6.775,2.875,7.050000000000001,19.025,1.875,,,,,,,,,,88.75,1.625,,0.0,0.0,16.0,753.5,
2023-03-28 03:00:00,10.0,19.5,6.25,3.025,6.7,18.575,1.625,,,,,,,,,,89.5,1.2,,0.0,0.0,16.0,753.25,
2023-03-28 04:00:00,10.75,19.25,5.9,4.6,7.25,17.75,2.3,,,,,,,,,,90.0,0.9750000000000001,,0.0,0.0,16.0,754.0,
2023-03-28 05:00:00,14.5,23.75,7.125,4.15,8.0,17.375,2.575,,,,,,,,,,89.75,0.975,12.0,0.0,0.0,16.0,755.25,
2023-03-28 06:00:00,17.5,28.25,8.425,5.675,9.9,16.15,0.8,,,,,,,,,,89.75,1.325,,0.0,0.0,37.5,756.25,
2023-03-28 07:00:00,14.0,36.75,9.275,5.725,10.575000000000001,16.125,0.7,,,,,,,,,,86.25,1.375,,0.0,0.0,151.75,757.5,
2023-03-28 08:00:00,19.5,43.25,8.95,3.975,9.375,18.325,1.975,,,,,,,,,,79.5,1.8499999999999999,,0.0,0.0,268.75,759.0,
2023-03-28 09:00:00,27.0,54.666666666666664,7.85,5.35,9.225,19.375,2.1,,,,,,,,,,74.5,1.775,,0.0,0.0,307.5,759.0,
2023-03-28 10:00:00,28.0,72.25,6.875,6.3,8.95,20.525,1.75,,,,,,,,,,70.5,1.8,,0.0,0.0,405.5,759.5,
2023-03-28 11:00:00,30.5,75.5,6.824999999999999,4.975,8.175,20.525,1.775,,,,,,,,,,72.25,2.125,,0.0,0.0,416.0,758.5,
2023-03-28 12:00:00,28.5,64.25,5.95,2.75,6.3,20.625,2.925,,,,,,,,,,74.75,3.3,,0.0,0.0,583.5,757.0,
2023-03-28 13:00:00,24.25,58.0,6.175,1.775,5.95,20.625,2.6,,,,,,,,,,74.0,3.45,,0.0,0.0,516.5,755.5,
2023-03-28 14:00:00,16.5,46.75,5.7,1.4249999999999998,5.425000000000001,21.175,2.325,,,,,,,,,,73.75,3.125,,0.0,0.0,477.75,754.25,
2023-03-28 15:00:00,19.0,46.75,5.9,2.4499999999999997,6.075,21.25,2.5,,,,,,,,,,73.5,3.125,,0.0,0.0,359.25,753.75,
2023-03-28 16:00:00,21.5,42.0,6.475,1.175,5.9,22.125,2.325,,,,,,,,,,76.5,3.1,,0.0,0.0,220.0,753.25,
2023-03-28 17:00:00,19.25,48.5,8.575,2.325,8.225,22.35,2.125,,,,,,,,,,81.0,2.925,,0.0,0.0,74.0,753.75,
2023-03-28 18:00:00,16.0,46.0,7.125,3.925,7.9,21.6,2.9,,,,,,,,,,84.25,2.725,,0.0,0.0,18.0,754.5,
2023-03-28 19:00:00,12.25,34.75,6.05,3.75,6.9,21.8,3.05,,,,,,,,,,84.75,2.7,,0.0,0.0,16.0,756.25,
2023-03-28 20:00:00,12.75,35.75,6.525,4.1,7.45,21.05,1.525,,,,,,,,,,84.5,2.4,,0.0,0.0,16.0,757.5,
2023-03-28 21:00:00,20.75,32.0,6.025,3.05,6.5,21.174999999999997,1.475,,,,,,,,,,83.75,2.575,,0.0,0.0,16.0,758.25,
2023-03-28 22:00:00,19.5,30.75,5.275,2.575,5.65,20.85,0.95,,,,,,,,,,83.0,2.575,,0.0,0.0,16.0,758.75,
2023-03-28 23:00:00,17.75,28.5,5.5,3.25,6.2,20.15,1.225,,,,,,,,,,83.0,2.05,,0.0,0.0,16.0,758.0,
2023-03-29 00:00:00,16.75,31.5,6.275,2.275,6.3,20.075,1.275,,,,,,,,,,83.75,2.05,,0.0,0.0,16.0,757.5,
2023-03-29 01:00:00,15.25,41.75,6.55,2.825,6.825,19.55,1.0,,,,,,,,,,85.5,1.575,,0.0,0.0,16.0,756.75,
2023-03-29 02:00:00,15.0,73.5,6.45,4.425,7.6,18.75,1.05,,,,,,,,,,86.0,1.375,,0.0,0.0,16.0,756.0,
2023-03-29 03:00:00,20.5,37.5,7.4,5.575,8.95,17.6,1.9,,,,,,,,,,87.0,1.125,,0.0,0.0,16.0,756.0,
2023-03-29 04:00:00,17.25,39.25,7.675,5.175,9.0,17.9,2.225,,,,,,,,,,87.5,1.225,12.0,0.0,0.0,16.0,756.0,
2023-03-29 05:00:00,15.0,36.5,9.125,7.675,11.5,16.15,2.4,,,,,,,,,,89.0,1.1,,0.0,0.0,16.0,756.5,
2023-03-29 06:00:00,26.0,57.0,11.266666666666666,8.133333333333333,13.466666666666667,14.966666666666667,2.3333333333333335,,,,,,,,,,89.0,1.1333333333333335,,0.0,0.0,39.333333333333336,757.3333333333334,
2023-03-29 07:00:00,29.75,66.0,10.775,5.825,11.825,16.725,2.725,,,,,,,,,,85.5,1.375,,0.0,0.0,148.25,759.5,
2023-03-29 08:00:00,28.5,68.0,9.625,5.35,10.7,17.8,3.0,,,,,,,,,,80.75,1.7,,0.0,0.0,244.25,760.75,
2023-03-29 09:00:00,25.25,65.25,9.6,4.425,10.0,20.475,2.475,,,,,,,,,,73.25,2.025,,0.0,0.0,410.0,761.75,
2023-03-29 10:00:00,21.0,64.25,7.05,5.95,8.95,24.0,0.95,,,,,,,,,,67.25,2.0,,0.0,0.0,386.75,761.5,
2023-03-29 11:00:00,22.25,58.25,6.225,4.15,7.2749999999999995,20.35,1.4,,,,,,,,,,70.0,2.8,,0.0,0.0,529.0,759.75,
2023-03-29 12:00:00,17.75,55.5,6.075,2.6,6.325,20.575,2.25,,,,,,,,,,68.5,3.125,,0.0,0.0,597.5,758.25,
2023-03-29 13:00:00,20.0,56.25,5.475,2.4,5.75,20.3,1.875,,,,,,,,,,68.75,3.3499999999999996,,0.0,0.0,518.25,757.25,
2023-03-29 14:00:00,18.25,57.75,5.475,1.725,5.325,20.4,1.7,,,,,,,,,,69.5,3.425,,0.0,0.0,484.0,756.25,
2023-03-29 15:00:00,13.0,46.25,6.625,0.8666666666666667,5.65,20.75,2.225,,,,,,,,,,69.25,3.3,,0.0,0.0,363.0,755.25,
2023-03-29 16:00:00,16.0,56.0,5.825,1.0,5.025,20.9,1.375,,,,,,,,,,70.5,3.275,,0.0,0.0,222.25,755.0,
2023-03-29 17:00:00,24.0,45.25,5.675,1.75,5.55,20.9,1.525,,,,,,,,,,74.25,2.85,,0.0,0.0,76.25,755.0,
2023-03-29 18:00:00,20.5,40.25,5.175,2.425,5.5,20.475,1.625,,,,,,,,,,79.25,2.6,,0.0,0.0,19.0,755.75,
2023-03-29 19:00:00,17.75,39.75,5.35,3.6999999999999997,6.325,19.9,1.875,,,,,,,,,,81.0,2.425,,0.0,0.0,16.0,756.75,
2023-03-29 20:00:00,12.75,35.0,6.125,3.375,6.775,19.225,0.875,,,,,,,,,,81.25,2.35,,0.0,0.0,16.0,757.75,
2023-03-29 21:00:00,9.75,30.25,6.0,2.825,6.375,19.75,0.775,,,,,,,,,,82.75,1.925,,0.0,0.0,16.0,758.5,
2023-03-29 22:00:00,11.25,24.75,6.25,1.975,6.15,19.675,1.725,,,,,,,,,,82.75,1.75,,0.0,0.0,16.0,758.75,
2023-03-29 23:00:00,10.75,23.0,5.5249999999999995,1.1,5.1,19.525,2.05,,,,,,,,,,85.0,1.9249999999999998,,0.0,0.0,16.0,757.5,
2023-03-30 00:00:00,15.25,19.25,5.475,1.0,4.525,19.975,1.65,,,,,,,,,,85.0,1.7,,0.0,0.0,16.0,757.0,
2023-03-30 01:00:00,11.75,16.0,6.1,1.2333333333333334,5.425,19.275,1.55,,,,,,,,,,85.0,1.475,,0.0,0.0,16.0,756.0,
2023-03-30 02:00:00,7.5,16.75,6.1,3.4749999999999996,6.75,18.15,1.0,,,,,,,,,,85.5,1.075,,0.0,0.0,16.0,755.75,
2023-03-30 03:00:00,5.75,26.25,6.15,3.425,6.8,18.1,0.9,,,,,,,,,,86.5,1.275,,0.0,0.0,16.0,755.0,
2023-03-30 04:00:00,9.5,23.0,6.45,4.25,7.5,17.175,2.275,,,,,,,,,,88.5,1.125,,0.0,0.0,16.0,755.75,
2023-03-30 05:00:00,23.5,32.25,8.625,6.775,10.65,15.15,2.625,,,,,,,,,,89.25,1.2,,0.0,0.0,16.0,757.0,
2023-03-30 06:00:00,24.75,46.5,10.325,7.125,12.15,14.625,2.275,,,,,,,,,,89.75,1.15,,0.0,0.0,42.0,758.25,
2023-03-30 07:00:00,23.0,60.75,10.525,5.675,11.575,15.7,2.625,,,,,,,,,,85.25,1.125,,0.0,0.0,161.5,759.75,
2023-03-30 08:00:00,21.5,62.0,9.625,5.225,10.625,17.1,1.65,,,,,,,,,,79.0,1.9,,0.0,0.0,224.0,761.0,
2023-03-30 09:00:00,26.0,59.0,8.966666666666667,3.233333333333333,9.066666666666668,18.066666666666666,1.5666666666666667,,,,,,,,,,74.0,1.8333333333333333,,0.0,0.0,353.6666666666667,761.0,
2023-03-30 10:00:00,7.0,49.0,5.6,6.199999999999999,5.45,23.166666666666668,2.0,,,,,,,,,,67.75,2.1,,0.0,0.0,454.75,760.5,
2023-03-30 11:00:00,10.5,51.5,7.25,5.95,9.1,20.925,1.9249999999999998,,,,,,,,,,65.25,2.25,,0.0,0.0,576.5,759.0,
2023-03-30 12:00:00,20.0,55.75,7.25,3.275,7.65,21.625,3.025,,,,,,,,,,68.0,3.175,,0.0,0.0,605.75,757.0,
2023-03-30 13:00:00,16.25,46.25,6.725,3.475,7.325,22.2,3.475,,,,,,,,,,69.0,3.3499999999999996,,0.0,0.0,520.75,755.5,
2023-03-30 14:00:00,14.0,45.0,7.85,2.2,7.5249999999999995,23.25,2.375,,,,,,,,,,68.75,3.35,,0.0,0.0,485.5,753.75,
2023-03-30 15:00:00,17.0,37.75,7.025,1.4500000000000002,6.475,22.425,2.25,,,,,,,,,,69.75,3.3,,0.0,0.0,367.0,752.75,
2023-03-30 16:00:00,17.5,35.25,7.775,1.6,7.15,22.1,1.525,,,,,,,,,,70.5,3.1,,0.0,0.0,221.25,752.0,
2023-03-30 17:00:00,16.75,38.75,8.15,1.9,7.625,21.9,0.9,,,,,,,,,,73.5,2.925,,0.0,0.0,75.0,752.75,
2023-03-30 18:00:00,9.5,36.25,7.225,2.275,7.1,21.125,0.6499999999999999,,,,,,,,,,77.5,2.775,,0.0,0.0,17.75,753.75,
2023-03-30 19:00:00,10.0,31.5,7.324999999999999,3.7750000000000004,7.949999999999999,20.25,0.55,,,,,,,,,,80.0,2.575,,0.0,0.0,16.0,754.75,
2023-03-30 20:00:00,14.0,31.75,7.375,3.6,7.9,20.575,0.9,,,,,,,,,,80.25,2.7,,0.0,0.0,16.0,756.25,
2023-03-30 21:00:00,8.5,27.75,7.325,2.725,7.4,20.275,1.4,,,,,,,,,,81.0,2.35,,0.0,0.0,16.0,758.0,
2023-03-30 22:00:00,10.0,26.5,8.1,2.675,8.0,20.025,0.775,,,,,,,,,,82.0,2.75,,0.0,0.0,16.0,757.5,
2023-03-30 23:00:00,10.75,24.0,7.3,2.5,7.25,19.925,0.45,,,,,,,,,,83.25,2.2,,0.0,0.0,16.0,756.75,
2023-03-31 00:00:00,12.25,22.25,7.725,2.9,7.824999999999999,19.175,0.1,,,,,,,,,,84.25,1.55,,0.0,0.0,16.0,755.75,
2023-03-31 01:00:00,10.333333333333334,22.0,7.533333333333334,2.6333333333333333,7.5,19.366666666666667,,,,,,,,,,,85.33333333333333,1.6000000000000003,12.0,0.0,0.0,16.0,754.6666666666666,
2023-03-31 02:00:00,11.5,16.25,7.775,3.575,8.225,18.725,1.925,,,,,,,,,,86.5,1.475,,0.0,0.0,16.0,754.0,
2023-03-31 03:00:00,13.75,26.0,7.75,4.025,8.425,18.1,2.4000000000000004,,,,,,,,,,87.5,1.525,,0.0,0.0,16.0,753.5,
2023-03-31 04:00:00,17.25,34.0,7.3,4.0,8.05,18.3,2.4,,,,,,,,,,89.0,1.25,,0.0,0.0,16.0,753.75,
2023-03-31 05:00:00,20.75,34.5,7.35,6.425,9.375,16.075,2.4,,,,,,,,,,89.75,1.175,12.0,0.0,0.0,16.0,754.75,
2023-03-31 06:00:00,18.5,45.25,7.949999999999999,6.6,9.95,14.925,1.8250000000000002,,,,,,,,,,88.25,1.175,,0.0,0.0,45.5,755.75,
2023-03-31 07:00:00,15.25,48.25,6.425,6.075,8.45,16.2,2.175,,,,,,,,,,84.0,1.9,,0.0,0.0,168.5,757.0,
2023-03-31 08:00:00,19.5,54.75,7.2749999999999995,4.35,8.2,17.6,1.15,,,,,,,,,,78.75,2.325,,0.0,0.0,304.5,758.5,
2023-03-31 09:00:00,19.5,56.5,7.175,4.425,8.2,18.175,3.8,,,,,,,,,,69.75,2.2,,0.0,0.0,449.75,759.0,
2023-03-31 10:00:00,17.75,63.75,7.675000000000001,5.8,9.325,18.450000000000003,5.4,,,,,,,,,,63.5,2.05,,0.0,0.0,544.75,759.0,
2023-03-31 11:00:00,25.25,63.25,7.35,6.3,9.35,20.3,5.1,,,,,,,,,,60.0,2.025,12.0,0.0,0.0,598.75,758.0,
2023-03-31 12:00:00,22.25,62.5,7.525,4.2,8.35,21.375,3.625,,,,,,,,,,67.75,3.25,,0.0,0.0,603.25,756.25,
2023-03-31 13:00:00,19.75,55.5,7.550000000000001,3.275,7.875,22.475,2.05,,,,,,,,,,69.25,3.4,,0.0,0.0,519.75,754.5,
2023-03-31 14:00:00,20.75,50.0,7.125,3.25,7.525,22.675,2.15,,,,,,,,,,70.5,3.375,,0.0,0.0,481.0,753.25,
2023-03-31 15:00:00,23.75,52.5,7.975,2.95,8.05,23.75,2.25,,,,,,,,,,72.0,3.5,,0.0,0.0,358.75,751.5,
2023-03-31 16:00:00,17.25,43.75,7.475,2.25,7.275,23.25,3.1,,,,,,,,,,73.75,3.45,,0.0,0.0,213.0,751.0,
2023-03-31 17:00:00,19.25,48.75,7.625,2.0,7.199999999999999,22.575,3.05,,,,,,,,,,76.75,3.3,,0.0,0.0,78.25,751.25,
2023-03-31 18:00:00,23.25,44.75,7.8,2.825,7.8,21.85,1.5,,,,,,,,,,81.0,2.9,,0.0,0.0,18.25,752.5,
2023-03-31 19:00:00,22.25,36.25,6.95,3.5,7.525,21.2,1.1,,,,,,,,,,82.25,2.5,,0.0,0.0,16.0,753.5,
2023-03-31 20:00:00,15.5,39.0,7.2,3.675,7.800000000000001,20.8,1.525,,,,,,,,,,83.0,2.55,,0.0,0.0,16.0,754.25,
2023-03-31 21:00:00,12.25,36.0,7.45,3.3,7.8,20.525,0.975,,,,,,,,,,84.5,2.325,,0.0,0.0,16.0,755.0,
2023-03-31 22:00:00,17.0,32.75,6.675,2.4,6.675000000000001,20.825000000000003,1.95,,,,,,,,,,85.75,2.45,,0.0,0.0,16.0,755.0,
2023-03-31 23:00:00,20.0,23.0,7.066666666666666,1.3666666666666665,6.466666666666666,20.5,2.0666666666666664,,,,,,,,,,87.0,2.0,,0.0,0.0,16.0,755.0,
2023-04-01 00:00:00,16.75,25.5,7.55,1.75,7.075,20.1,1.175,,,,,,,,,,87.75,1.8,,0.0,0.0,16.0,754.5,
2023-04-01 01:00:00,11.0,26.75,8.1,2.325,7.85,19.375,0.8,,,,,,,,,,88.75,1.8499999999999999,,0.0,0.0,16.0,753.25,
2023-04-01 02:00:00,16.25,26.5,7.525,3.2,7.825,19.125,2.075,,,,,,,,,,89.0,1.375,12.0,0.0,0.0,16.0,753.0,
2023-04-01 03:00:00,22.75,29.5,7.85,3.625,8.325,18.8,2.175,,,,,,,,,,90.0,1.25,,0.0,0.0,16.0,753.0,
2023-04-01 04:00:00,19.5,32.75,6.85,3.5,7.425,18.425,1.3,,,,,,,,,,91.5,1.65,,0.0,0.0,16.0,753.5,
2023-04-01 05:00:00,14.25,31.5,7.15,3.925,7.925000000000001,17.875,0.8,,,,,,,,,,92.25,1.625,,0.0,0.0,16.0,754.25,
2023-04-01 06:00:00,21.25,40.0,7.05,6.3,9.075,16.299999999999997,0.7749999999999999,,,,,,,,,,92.0,1.775,12.0,0.0,0.0,42.25,755.5,
2023-04-01 07:00:00,20.5,44.75,7.125,5.15,8.55,17.625,0.5249999999999999,,,,,,,,,,89.25,2.025,,0.0,0.0,107.0,758.0,
2023-04-01 08:00:00,18.0,50.25,7.325,5.2,8.725,19.75,0.875,,,,,,,,,,83.75,1.875,,0.0,0.0,236.25,759.5,
2023-04-01 09:00:00,23.75,55.5,7.574999999999999,5.25,8.95,21.9,2.7750000000000004,,,,,,,,,,75.5,2.0,,0.0,0.0,350.5,760.0,
2023-04-01 10:00:00,22.75,69.25,7.5,6.075,9.3,20.75,6.2,,,,,,,,,,68.0,2.65,,0.0,0.0,473.0,759.25,
2023-04-01 11:00:00,22.75,66.0,7.5,4.85,8.7,20.75,3.95,,,,,,,,,,66.0,2.8,,0.0,0.0,424.5,758.25,
2023-04-01 12:00:00,22.25,53.0,7.725,3.0250000000000004,7.925000000000001,20.725,2.575,,,,,,,,,,68.5,3.05,,0.0,0.0,553.25,756.5,
2023-04-01 13:00:00,15.5,50.25,7.625,1.9500000000000002,7.225,20.975,2.575,,,,,,,,,,69.5,3.85,,0.0,0.0,508.25,754.5,
2023-04-01 14:00:00,18.5,49.5,7.1,2.025,6.85,21.425,2.325,,,,,,,,,,71.0,3.6,,0.0,0.0,460.25,752.75,
2023-04-01 15:00:00,14.5,45.75,7.7,2.1,7.375,23.1,2.45,,,,,,,,,,73.0,3.8,,0.0,0.0,342.75,751.5,
2023-04-01 16:00:00,14.0,47.333333333333336,7.5,2.3333333333333335,7.3,24.333333333333332,2.4,,,,,,,,,,74.33333333333333,3.5666666666666664,,0.0,0.0,206.66666666666666,751.0,
2023-04-01 17:00:00,11.0,43.0,8.25,2.3,7.925,23.15,2.15,,,,,,,,,,77.5,3.275,,0.0,0.0,58.75,752.0,
2023-04-01 18:00:00,13.75,33.75,6.725,1.8250000000000002,6.45,22.65,0.725,,,,,,,,,,81.5,3.1500000000000004,,0.0,0.0,17.25,753.0,
2023-04-01 19:00:00,13.5,31.0,7.7749999999999995,2.9,7.875,21.775,0.925,,,,,,,,,,83.0,2.8499999999999996,,0.0,0.0,16.0,754.25,
2023-04-01 20:00:00,15.0,26.25,7.625,2.7,7.625,21.3,1.15,,,,,,,,,,84.5,2.45,,0.0,0.0,16.0,755.75,
2023-04-01 21:00:00,14.5,27.75,7.625,2.8,7.699999999999999,21.075,1.225,,,,,,,,,,85.25,2.6,,0.0,0.0,16.0,756.25,
2023-04-01 22:00:00,13.25,23.75,7.525,4.175,8.35,20.0,2.275,,,,,,,,,,85.25,2.2,,0.0,0.0,16.0,757.0,
2023-04-01 23:00:00,13.0,27.25,7.075,2.525,7.075,21.225,2.925,,,,,,,,,,86.0,2.325,,0.0,0.0,16.0,756.5,
2023-04-02 00:00:00,9.5,14.25,7.425,1.65,6.9,21.3,1.025,,,,,,,,,,86.25,2.4,,0.0,0.0,16.0,756.0,
2023-04-02 01:00:00,7.5,20.0,7.35,2.075,7.075,20.35,1.0,,,,,,,,,,86.25,2.375,,0.0,0.0,16.0,754.25,
2023-04-02 02:00:00,6.0,22.75,7.225,1.05,6.45,20.975,2.475,,,,,,,,,,87.5,2.1,12.0,0.0,0.0,16.0,753.5,
2023-04-02 03:00:00,6.0,13.5,7.325,1.125,6.575,20.875,3.0,,,,,,,,,,88.5,2.075,,0.0,0.0,16.0,752.5,
2023-04-02 04:00:00,6.0,14.25,8.55,1.4000000000000001,7.4,20.425,1.775,,,,,,,,,,88.5,1.5,,0.0,0.0,16.0,753.5,
2023-04-02 05:00:00,6.75,14.0,7.825,2.4,7.65,19.25,1.725,,,,,,,,,,88.0,2.05,,0.0,0.0,16.25,754.5,
2023-04-02 06:00:00,9.25,21.75,7.6,4.45,8.55,17.75,2.55,,,,,,,,,,87.75,1.0750000000000002,,0.0,0.0,45.0,755.75,
2023-04-02 07:00:00,11.25,30.0,6.7,3.175,7.1,18.875,2.45,,,,,,,,,,83.25,1.75,,0.0,0.0,168.0,757.5,
2023-04-02 08:00:00,14.75,38.25,7.0,2.9,7.25,19.25,2.575,,,,,,,,,,79.25,2.125,,0.0,0.0,290.75,758.75,
2023-04-02 09:00:00,13.75,38.75,7.35,2.45,7.3,19.775,3.6500000000000004,,,,,,,,,,73.5,2.525,,0.0,0.0,428.25,759.0,
2023-04-02 10:00:00,12.5,46.0,7.0,3.35,7.475,19.950000000000003,2.95,,,,,,,,,,71.75,2.1,,0.0,0.0,297.0,758.5,
2023-04-02 11:00:00,14.25,43.25,7.15,1.7750000000000001,6.775,20.200000000000003,2.3,,,,,,,,,,73.0,3.175,,0.0,0.0,422.25,757.5,
2023-04-02 12:00:00,21.25,44.25,7.25,1.475,6.675,20.8,2.675,,,,,,,,,,73.25,3.275,,0.0,0.0,443.0,755.5,
2023-04-02 13:00:00,13.25,44.0,7.35,1.25,6.675,21.35,2.175,,,,,,,,,,72.25,3.4,,0.0,0.0,292.0,754.0,
2023-04-02 14:00:00,14.0,43.25,7.45,1.475,6.85,21.525,1.875,,,,,,,,,,70.25,3.7,,0.0,0.0,421.75,752.0,
2023-04-02 15:00:00,15.0,50.0,7.3,1.0499999999999998,6.475,22.05,1.475,,,,,,,,,,69.25,3.875,,0.0,0.0,298.25,750.75,
2023-04-02 16:00:00,18.25,49.25,7.3,1.0999999999999999,6.35,22.150000000000002,1.5,,,,,,,,,,71.5,3.25,,0.0,0.0,204.75,750.25,
2023-04-02 17:00:00,18.5,47.0,7.125,1.1,6.375,21.65,1.875,,,,,,,,,,75.75,3.075,,0.0,0.0,65.5,750.75,
2023-04-02 18:00:00,16.75,43.75,7.875,1.4749999999999999,7.2,20.95,0.8250000000000001,,,,,,,,,,80.5,2.7,,0.0,0.0,17.0,752.25,
2023-04-02 19:00:00,16.25,33.5,7.4,1.775,6.975,20.9,0.925,,,,,,,,,,82.75,2.55,,0.0,0.0,16.0,753.75,
2023-04-02 20:00:00,16.5,33.0,6.8,3.125,7.2,20.05,1.975,,,,,,,,,,84.5,2.625,,0.0,0.0,16.0,754.25,
2023-04-02 21:00:00,15.25,34.25,7.05,2.6,7.125,20.325,2.425,,,,,,,,,,84.25,2.425,,0.0,0.0,16.0,755.25,
2023-04-02 22:00:00,15.0,29.75,7.075,4.55,8.2,19.6,1.425,,,,,,,,,,83.25,2.35,,0.0,0.0,16.0,755.75,
2023-04-02 23:00:00,12.75,31.25,6.95,3.325,7.425,19.9,1.8,,,,,,,,,,83.5,2.025,,0.0,0.0,16.0,755.25,
2023-04-03 00:00:00,14.25,29.5,7.675,3.125,7.9,19.45,1.65,,,,,,,,,,83.25,1.9249999999999998,,0.0,0.0,16.0,754.0,
2023-04-03 01:00:00,11.0,29.25,6.95,2.75,7.15,19.55,1.45,,,,,,,,,,83.5,2.125,,0.0,0.0,16.0,752.75,
2023-04-03 02:00:00,10.0,23.0,8.15,1.85,7.575,19.549999999999997,3.2249999999999996,,,,,,,,,,85.75,1.525,,0.0,0.0,16.0,752.0,
2023-04-03 03:00:00,14.75,21.5,7.85,2.85,7.9,18.9,3.225,,,,,,,,,,87.75,1.675,,0.0,0.0,16.0,752.0,
2023-04-03 04:00:00,10.75,22.75,7.65,2.45,7.5249999999999995,19.0,1.45,,,,,,,,,,88.25,1.775,,0.0,0.0,16.0,752.0,
2023-04-03 05:00:00,10.25,23.5,7.125,5.05,8.5,17.725,1.5999999999999999,,,,,,,,,,89.0,1.625,12.0,0.0,0.0,16.0,753.25,
2023-04-03 06:00:00,13.5,30.75,6.7250000000000005,6.2,8.775,17.325,1.75,,,,,,,,,,88.75,1.375,,0.0,0.0,39.5,754.75,
2023-04-03 07:00:00,22.5,39.75,7.375,6.275,9.325,17.225,2.1,,,,,,,,,,83.75,1.9249999999999998,,0.0,0.0,160.0,756.75,
2023-04-03 08:00:00,26.5,44.25,7.475,4.5,8.475,18.375,7.5,,,,,,,,,,77.5,2.225,12.0,0.0,0.0,236.25,758.0,
2023-04-03 09:00:00,26.25,96.75,7.5,6.475,9.55,19.525,27.125,,,,,,,,,,73.0,2.475,,0.0,0.0,348.75,758.5,
2023-04-03 10:00:00,30.0,198.0,7.05,6.125,9.025,20.35,20.7,,,,,,,,,,67.5,2.725,,0.0,0.0,517.0,758.0,
2023-04-03 11:00:00,32.25,87.25,7.575,4.575,8.625,20.3,12.425,,,,,,,,,,65.75,2.1,,0.0,0.0,458.25,757.0,
2023-04-03 12:00:00,34.75,73.75,7.475,3.575,7.975,20.3,6.675000000000001,,,,,,,,,,69.5,2.675,,0.0,0.0,423.5,755.75,
2023-04-03 13:00:00,20.0,55.666666666666664,7.233333333333333,2.1,7.033333333333334,20.8,4.166666666666667,,,,,,,,,,69.33333333333333,3.1999999999999997,,0.0,0.0,406.3333333333333,754.0,
2023-04-03 14:00:00,16.25,49.75,7.475,1.775,7.05,20.95,2.175,,,,,,,,,,67.0,3.45,,0.0,0.0,469.5,752.75,
2023-04-03 15:00:00,17.25,44.25,7.275,1.975,6.975,20.5,1.5,,,,,,,,,,68.25,3.775,,0.0,0.0,346.5,752.0,
2023-04-03 16:00:00,15.5,39.0,7.5,1.225,6.75,20.575,1.825,,,,,,,,,,70.75,3.325,,0.0,0.0,205.25,752.0,
2023-04-03 17:00:00,8.75,39.0,8.175,2.7,8.1,19.9,1.75,,,,,,,,,,75.25,3.275,,0.0,0.0,71.5,752.25,
2023-04-03 18:00:00,11.75,37.5,8.075,3.9,8.625,20.6,2.15,,,,,,,,,,79.75,3.0,,0.0,0.0,18.0,753.0,
2023-04-03 19:00:00,14.25,30.25,7.125,3.95,7.925,19.475,2.325,,,,,,,,,,80.0,2.975,,0.0,0.0,16.0,754.0,
2023-04-03 20:00:00,13.666666666666666,23.333333333333332,7.933333333333333,4.766666666666667,9.0,18.366666666666664,2.4333333333333336,,,,,,,,,,80.33333333333333,2.5,,0.0,0.0,16.0,756.3333333333334,
2023-04-03 21:00:00,12.0,29.25,7.8,7.275,10.225,17.125,2.775,,,,,,,,,,81.5,2.575,,0.0,0.0,16.0,757.0,
2023-04-03 22:00:00,12.25,34.75,7.425,3.2,7.725,19.4,1.85,,,,,,,,,,83.0,2.575,,0.0,0.0,16.0,757.0,
2023-04-03 23:00:00,4.666666666666667,20.0,7.1000000000000005,2.3333333333333335,7.033333333333334,19.833333333333332,0.8666666666666667,,,,,,,,,,84.0,2.1999999999999997,,0.0,0.0,16.0,756.3333333333334,
2023-04-04 00:00:00,5.75,15.25,7.475,0.5333333333333333,6.175,19.825,2.475,,,,,,,,,,83.75,2.125,,0.0,0.0,16.0,756.0,
2023-04-04 01:00:00,6.75,16.25,7.75,4.3,8.600000000000001,17.675,2.625,,,,,,,,,,84.0,1.8,,0.0,0.0,16.0,755.5,
2023-04-04 02:00:00,12.0,23.75,7.65,4.0,8.35,17.925,1.575,,,,,,,,,,83.75,1.675,,0.0,0.0,16.0,754.25,
2023-04-04 03:00:00,11.75,17.5,7.2,2.625,7.275,18.375,1.275,,,,,,,,,,84.0,1.4,,0.0,0.0,16.0,754.0,
2023-04-04 04:00:00,11.5,20.0,7.574999999999999,3.5,8.025,17.825,2.15,,,,,,,,,,85.5,1.625,,0.0,0.0,16.0,754.0,
2023-04-04 05:00:00,12.25,21.25,7.45,4.375,8.35,16.9,2.575,,,,,,,,,,87.0,1.775,,0.0,0.0,16.25,754.75,
2023-04-04 06:00:00,11.25,20.75,7.925,5.55,9.375,16.25,2.7,,,,,,,,,,88.75,1.625,,0.0,0.0,40.25,756.5,
2023-04-04 07:00:00,15.0,35.0,7.866666666666667,4.866666666666666,8.966666666666667,16.566666666666666,3.1,,,,,,,,,,87.33333333333333,1.5666666666666667,,0.0,0.0,103.0,757.3333333333334,
2023-04-04 08:00:00,15.25,40.25,7.625,4.575,8.625,17.4,3.425,,,,,,,,,,78.75,2.225,12.0,0.0,0.0,300.75,759.5,
2023-04-04 09:00:00,15.0,41.333333333333336,7.466666666666666,5.066666666666666,8.766666666666666,21.53333333333333,2.8666666666666667,,,,,,,,,,70.0,2.5666666666666664,,0.0,0.0,336.6666666666667,760.0,
2023-04-04 10:00:00,14.5,47.5,7.675,4.775,8.775,19.95,0.825,,,,,,,,,,65.75,2.175,,0.0,0.0,449.5,760.0,
2023-04-04 11:00:00,17.25,44.75,7.575,4.275,8.45,20.625,0.575,,,,,,,,,,63.75,2.65,,0.0,0.0,465.25,759.25,
2023-04-04 12:00:00,14.25,40.75,7.35,3.75,8.0,21.65,1.675,,,,,,,,,,65.25,3.4,,0.0,0.0,603.25,757.5,
2023-04-04 13:00:00,21.0,40.5,7.675000000000001,3.25,7.975,22.925,1.95,,,,,,,,,,63.25,3.75,,0.0,0.0,537.5,756.0,
2023-04-04 14:00:00,18.5,39.25,8.025,2.15,7.65,22.1,1.15,,,,,,,,,,63.25,3.825,,0.0,0.0,489.5,754.75,
2023-04-04 15:00:00,11.5,31.0,6.75,2.15,6.625,21.3,1.3,,,,,,,,,,63.0,3.85,,0.0,0.0,368.25,754.0,
2023-04-04 16:00:00,12.75,31.75,6.949999999999999,1.775,6.6,21.1,1.175,,,,,,,,,,66.75,3.2,,0.0,0.0,226.75,753.5,
2023-04-04 17:00:00,12.0,34.0,6.366666666666667,2.35,6.033333333333334,21.099999999999998,1.2666666666666666,,,,,,,,,,70.0,3.233333333333333,,0.0,0.0,93.33333333333333,753.0,
2023-04-04 18:00:00,11.333333333333334,34.0,7.666666666666667,2.9666666666666663,7.8,20.833333333333332,2.1666666666666665,,,,,,,,,,76.0,2.9,,0.0,0.0,19.0,754.3333333333334,
2023-04-04 19:00:00,15.25,29.75,7.475,3.975,8.2,20.175,2.175,,,,,,,,,,79.5,2.625,,0.0,0.0,16.0,756.0,
2023-04-04 20:00:00,11.666666666666666,28.333333333333332,7.3,4.0,8.066666666666666,19.46666666666667,2.4333333333333336,,,,,,,,,,82.0,2.6666666666666665,,0.0,0.0,16.0,757.3333333333334,
2023-04-04 21:00:00,9.25,26.5,7.575,2.9749999999999996,7.75,19.924999999999997,2.425,,,,,,,,,,83.0,2.55,,0.0,0.0,16.0,758.75,
2023-04-04 22:00:00,11.75,23.75,7.575,3.2,7.875,19.75,3.1,,,,,,,,,,83.0,2.55,,0.0,0.0,16.0,759.0,
2023-04-04 23:00:00,11.666666666666666,21.333333333333332,6.633333333333333,4.733333333333333,7.8999999999999995,18.866666666666667,3.3666666666666667,,,,,,,,,,83.0,2.233333333333333,,0.0,0.0,16.0,758.0,
2023-04-05 00:00:00,1.0,22.25,6.95,4.15,7.925,18.9,2.125,,,,,,,,,,82.5,1.7,,0.0,0.0,16.0,756.75,
2023-04-05 01:00:00,2.25,16.0,7.550000000000001,2.55,7.475,19.3,1.5,,,,,,,,,,83.25,1.4249999999999998,,0.0,0.0,16.0,755.5,
2023-04-05 02:00:00,6.25,14.5,7.525,2.65,7.525,19.425,2.775,,,,,,,,,,85.25,1.7,,0.0,0.0,16.0,754.0,
2023-04-05 03:00:00,7.5,17.0,7.8500000000000005,2.025,7.45,19.175,2.85,,,,,,,,,,87.25,1.775,,0.0,0.0,16.0,753.75,
2023-04-05 04:00:00,8.25,15.75,7.425,4.075,8.2,18.2,2.55,,,,,,,,,,88.75,1.675,,0.0,0.0,16.0,753.25,
2023-04-05 05:00:00,6.0,30.0,7.533333333333334,5.133333333333334,8.9,17.533333333333335,2.3000000000000003,,,,,,,,,,89.66666666666667,1.4666666666666668,12.0,0.0,0.0,16.333333333333332,754.0,
2023-04-05 06:00:00,10.0,36.0,6.775,6.6,9.0,16.674999999999997,2.05,,,,,,,,,,89.75,1.425,,0.0,0.0,48.75,755.5,
2023-04-05 07:00:00,13.5,40.25,7.025,6.975,9.425,16.5,2.35,,,,,,,,,,83.25,1.55,,0.0,0.0,168.5,757.25,
2023-04-05 08:00:00,23.75,53.75,7.05,5.575,8.700000000000001,17.825,1.6,,,,,,,,,,76.75,2.1,,0.0,0.0,283.75,758.5,
2023-04-05 09:00:00,21.25,57.5,6.625,4.575,7.825,18.325,1.225,,,,,,,,,,72.0,2.025,,0.0,0.0,304.25,759.0,
2023-04-05 10:00:00,18.25,58.75,6.725,5.55,8.4,19.525,2.3,,,,,,,,,,66.5,2.2,,0.0,0.0,525.75,759.0,
2023-04-05 11:00:00,23.0,49.5,7.15,3.775,7.8,20.325,3.025,,,,,,,,,,64.75,2.375,,0.0,0.0,567.0,758.5,
2023-04-05 12:00:00,17.0,50.25,7.15,2.875,7.3,20.85,1.05,,,,,,,,,,68.75,3.625,,0.0,0.0,592.25,756.5,
2023-04-05 13:00:00,16.0,45.75,7.2,2.35,7.1,21.375,0.775,,,,,,,,,,66.75,3.5250000000000004,,0.0,0.0,526.25,754.75,
2023-04-05 14:00:00,14.5,40.0,7.65,2.3,7.425,22.6,1.625,,,,,,,,,,65.75,3.525,,0.0,0.0,481.25,753.5,
2023-04-05 15:00:00,15.75,42.25,7.125,1.925,6.8,25.325,1.675,,,,,,,,,,67.5,3.45,,0.0,0.0,356.75,752.5,
2023-04-05 16:00:00,10.0,39.666666666666664,7.6000000000000005,1.9333333333333333,7.2,22.8,1.7666666666666668,,,,,,,,,,76.66666666666667,3.6333333333333333,,0.0,0.0,195.33333333333334,752.3333333333334,
2023-04-05 17:00:00,16.25,36.0,7.9,2.15,7.55,22.825,1.525,,,,,,,,,,81.0,3.2,,0.0,0.0,78.5,753.0,
2023-04-05 18:00:00,12.0,27.75,7.7,2.9,7.8,22.224999999999998,1.25,,,,,,,,,,82.75,2.775,,0.0,0.0,18.25,754.0,
2023-04-05 19:00:00,16.0,28.0,7.125,3.475,7.675,22.15,1.5,,,,,,,,,,83.5,2.925,,0.0,0.0,15.75,755.5,
2023-04-05 20:00:00,17.5,22.25,7.625,3.175,7.8999999999999995,21.375,1.6500000000000001,,,,,,,,,,83.75,2.65,,0.0,0.0,15.5,756.75,
2023-04-05 21:00:00,13.0,23.0,7.866666666666667,3.1666666666666665,8.066666666666666,21.166666666666668,1.2666666666666666,,,,,,,,,,83.66666666666667,2.6333333333333333,,0.0,0.0,15.0,757.6666666666666,
2023-04-05 22:00:00,16.75,23.5,7.075,3.1,7.4,21.275,0.675,,,,,,,,,,85.0,2.4499999999999997,,0.0,0.0,15.0,758.0,
2023-04-05 23:00:00,10.0,15.75,7.1499999999999995,4.475,8.225,19.85,0.625,,,,,,,,,,84.5,1.8,,0.0,0.0,15.0,757.5,
2023-04-06 00:00:00,8.75,20.5,7.325,4.3,8.2,19.65,1.3,,,,,,,,,,85.5,1.7750000000000001,,0.0,0.0,15.0,756.5,
2023-04-06 01:00:00,4.5,33.75,7.975,3.925,8.6,19.625,2.075,,,,,,,,,,86.75,1.625,,0.0,0.0,15.0,756.0,
2023-04-06 02:00:00,4.25,21.75,7.425,3.35,7.825,19.5,2.975,,,,,,,,,,88.0,1.3,,0.0,0.0,15.0,755.5,
2023-04-06 03:00:00,8.0,14.75,7.225,2.925,7.425,19.275,2.8,,,,,,,,,,88.5,1.25,12.0,0.0,0.0,15.0,755.0,
2023-04-06 04:00:00,9.0,14.75,7.175,4.05,7.975,18.65,2.775,,,,,,,,,,89.0,1.025,,0.0,0.0,15.0,755.0,
2023-04-06 05:00:00,15.0,19.333333333333332,7.533333333333334,5.433333333333334,9.0,17.2,2.3000000000000003,,,,,,,,,,90.33333333333333,1.1666666666666667,,0.0,0.0,15.333333333333334,755.6666666666666,
2023-04-06 06:00:00,21.25,27.0,7.625,6.05,9.425,16.725,1.175,,,,,,,,,,90.25,1.275,,0.0,0.0,48.75,756.5,
2023-04-06 07:00:00,22.5,41.25,7.725,5.575,9.25,16.675,1.425,,,,,,,,,,85.25,1.3,,0.0,0.0,155.5,758.5,
2023-04-06 08:00:00,22.5,65.25,7.425,5.425,8.9,17.7,1.7999999999999998,,,,,,,,,,84.25,1.75,,0.0,0.0,150.75,759.5,
2023-04-06 09:00:00,18.75,82.0,8.125,4.95,9.225,19.325,1.475,,,,,,,,,,77.0,2.025,,0.0,0.0,353.75,760.25,
2023-04-06 10:00:00,21.75,58.5,7.449999999999999,6.45,9.475,20.8,2.075,,,,,,,,,,69.0,2.075,,0.0,0.0,399.0,759.75,
2023-04-06 11:00:00,25.75,60.25,7.425,6.325,9.425,20.925,1.4,,,,,,,,,,65.25,1.9749999999999999,,0.0,0.0,468.0,758.75,
2023-04-06 12:00:00,28.0,57.5,7.35,4.425,8.325,22.75,2.3,,,,,,,,,,67.0,2.6,,0.0,0.0,550.5,757.5,
2023-04-06 13:00:00,17.5,46.75,8.0,3.725,8.475,23.925,1.85,,,,,,,,,,65.25,3.5,,0.0,0.0,539.5,755.75,
2023-04-06 14:00:00,13.5,42.0,7.15,2.725,7.25,24.0,1.4,,,,,,,,,,63.75,3.075,,0.0,0.0,495.75,754.25,
2023-04-06 15:00:00,13.75,30.25,7.425,1.85,7.0,23.35,1.1,,,,,,,,,,64.5,3.075,,0.0,0.0,373.25,753.5,
2023-04-06 16:00:00,12.25,32.0,7.25,1.675,6.775,22.6,1.475,,,,,,,,,,71.25,3.075,,0.0,0.0,221.75,753.0,
2023-04-06 17:00:00,16.0,36.25,7.7749999999999995,2.3,7.575,22.65,1.9249999999999998,,,,,,,,,,76.5,2.9,,0.0,0.0,74.0,753.75,
2023-04-06 18:00:00,6.75,35.75,7.6,2.175,7.3500000000000005,22.35,2.05,,,,,,,,,,80.0,3.05,,0.0,0.0,19.5,754.5,
2023-04-06 19:00:00,6.5,23.0,7.225,3.6,7.825,21.925,1.95,,,,,,,,,,81.5,2.65,,0.0,0.0,15.25,756.25,
2023-04-06 20:00:00,7.5,22.5,7.449999999999999,2.8,7.525,21.625,1.2999999999999998,,,,,,,,,,83.0,2.4,,0.0,0.0,15.0,757.5,
2023-04-06 21:00:00,5.5,20.0,7.875,3.0,7.95,21.4,1.225,,,,,,,,,,83.0,2.2,,0.0,0.0,15.0,758.25,
2023-04-06 22:00:00,5.0,15.5,7.975,3.225,8.2,20.9,0.7250000000000001,,,,,,,,,,83.75,2.075,,0.0,0.0,14.75,759.0,
2023-04-06 23:00:00,8.0,10.5,7.4,1.225,6.725,21.325,0.45,,,,,,,,,,84.25,1.975,,0.0,0.0,14.5,758.25,
2023-04-07 00:00:00,8.0,9.0,7.725,1.05,6.825,21.075,1.975,,,,,,,,,,85.5,1.925,,0.0,0.0,14.0,758.0,
2023-04-07 01:00:00,6.0,7.0,7.625,0.95,6.375,20.5,2.3,,,,,,,,,,87.0,1.45,,0.0,0.0,14.0,756.75,
2023-04-07 02:00:00,6.0,7.0,7.4,0.3,6.1,20.275,1.125,,,,,,,,,,88.0,1.625,,0.0,0.0,14.0,756.0,
2023-04-07 03:00:00,6.0,9.0,7.35,0.2,5.9,20.05,0.975,,,,,,,,,,89.0,1.1,,0.0,0.0,14.0,756.0,
2023-04-07 04:00:00,6.0,9.0,7.65,1.5999999999999999,6.775,19.45,0.2,,,,,,,,,,89.0,0.775,,0.0,0.0,14.0,756.25,
2023-04-07 05:00:00,10.0,11.0,7.475,0.1,6.05,19.45,0.26666666666666666,,,,,,,,,,88.0,1.2,,0.0,0.0,14.25,757.25,
2023-04-07 06:00:00,9.5,12.5,7.025,1.1,6.325,18.849999999999998,0.225,,,,,,,,,,87.0,1.2,,0.0,0.0,52.5,758.75,
2023-04-07 07:00:00,8.0,17.0,7.233333333333333,1.5999999999999999,6.733333333333333,18.8,0.3,,,,,,,,,,81.33333333333333,1.5999999999999999,,0.0,0.0,171.33333333333334,760.3333333333334,
2023-04-07 08:00:00,5.75,19.0,7.25,0.625,6.225,19.6,1.475,,,,,,,,,,75.5,2.325,,0.0,0.0,328.0,762.0,
2023-04-07 09:00:00,8.0,17.0,6.875,0.25,5.55,20.175,1.45,,,,,,,,,,71.75,2.65,,0.0,0.0,442.25,763.0,
2023-04-07 10:00:00,9.5,30.25,7.175,1.475,6.6,21.1,3.175,,,,,,,,,,69.0,2.75,,0.0,0.0,539.25,762.75,
2023-04-07 11:00:00,13.25,32.5,7.375,1.4,6.725,22.45,3.65,,,,,,,,,,68.25,2.925,,0.0,0.0,637.0,762.0,
2023-04-07 12:00:00,12.5,26.5,6.85,1.575,6.4,25.325,1.75,,,,,,,,,,66.0,2.5,,0.0,0.0,641.0,760.75,
2023-04-07 13:00:00,16.25,23.0,7.575,1.725,7.075,26.25,1.625,,,,,,,,,,68.0,3.125,,0.0,0.0,562.25,759.25,
2023-04-07 14:00:00,13.25,25.5,7.275,0.6,6.2,29.475,1.9,,,,,,,,,,68.5,3.075,,0.0,0.0,502.25,758.0,
2023-04-07 15:00:00,13.0,24.75,7.65,0.75,6.625,26.125,1.825,,,,,,,,,,68.5,3.275,,0.0,0.0,374.0,757.5,
2023-04-07 16:00:00,17.25,28.0,6.5,0.55,5.575,25.975,0.5666666666666668,,,,,,,,,,70.75,3.05,,0.0,0.0,230.25,757.25,
2023-04-07 17:00:00,11.75,31.75,7.475,1.0666666666666667,6.45,24.85,0.44999999999999996,,,,,,,,,,75.25,3.05,,0.0,0.0,85.25,757.0,
2023-04-07 18:00:00,13.0,34.5,7.05,2.025,6.8,23.625,0.65,,,,,,,,,,77.0,2.55,,0.0,0.0,18.25,758.0,
2023-04-07 19:00:00,17.75,37.25,7.675,2.8,7.699999999999999,22.875,0.625,,,,,,,,,,77.75,2.275,,0.0,0.0,15.0,759.25,
2023-04-07 20:00:00,13.75,38.25,7.6,2.625,7.575,22.65,2.1999999999999997,,,,,,,,,,80.75,2.05,,0.0,0.0,14.5,760.25,
2023-04-07 21:00:00,12.5,30.25,7.175,2.375,7.1,22.525,2.825,,,,,,,,,,80.0,1.85,,0.0,0.0,14.0,761.0,
2023-04-07 22:00:00,11.0,31.0,7.366666666666667,2.2666666666666666,7.166666666666667,22.099999999999998,0.7333333333333334,,,,,,,,,,81.0,2.1999999999999997,,0.0,0.0,14.0,761.6666666666666,
2023-04-07 23:00:00,10.0,19.0,6.65,0.425,5.65,22.8,0.275,,,,,,,,,,82.0,2.025,,0.0,0.0,14.25,761.0,
2023-04-08 00:00:00,7.75,17.25,7.2,0.44999999999999996,5.975,22.25,1.45,,,,,,,,,,83.75,1.85,,0.0,0.0,14.0,760.5,
2023-04-08 01:00:00,10.0,12.0,7.375,,5.475,21.5,2.175,,,,,,,,,,84.0,1.525,,0.0,0.0,14.0,759.5,
2023-04-08 02:00:00,9.0,15.0,7.525,,5.775,21.625,1.7,,,,,,,,,,84.75,1.6,,0.0,0.0,14.0,759.0,
2023-04-08 03:00:00,8.5,15.5,7.3,0.2,5.75,21.299999999999997,1.125,,,,,,,,,,84.5,1.425,,0.0,0.0,14.0,758.25,
2023-04-08 04:00:00,6.75,15.75,7.6,,5.7,20.975,1.775,,,,,,,,,,86.0,1.375,,0.0,0.0,14.0,758.75,
2023-04-08 05:00:00,8.25,18.5,6.95,0.23333333333333336,5.725,20.425,1.9,,,,,,,,,,85.5,1.15,,0.0,0.0,15.25,760.0,
2023-04-08 06:00:00,14.0,37.0,7.275,1.35,6.6,19.675,2.075,,,,,,,,,,84.75,1.325,,0.0,0.0,54.0,761.25,
2023-04-08 07:00:00,12.25,32.5,7.3,1.5,6.75,19.575,2.2,,,,,,,,,,81.25,1.7999999999999998,,0.0,0.0,133.75,763.0,
2023-04-08 08:00:00,15.5,29.75,7.825,0.43333333333333335,6.55,20.549999999999997,1.55,,,,,,,,,,76.25,2.325,,0.0,0.0,307.5,764.75,
2023-04-08 09:00:00,13.0,33.75,7.0,0.5,5.925,21.45,1.7,,,,,,,,,,72.5,2.475,,0.0,0.0,461.0,765.75,
2023-04-08 10:00:00,12.75,31.0,7.3,1.2,6.575,22.425,2.3000000000000003,,,,,,,,,,68.75,2.175,,0.0,0.0,415.0,765.5,
2023-04-08 11:00:00,21.0,35.0,7.233333333333333,1.5666666666666667,6.7,22.933333333333334,2.5,,,,,,,,,,67.75,2.5,,0.0,0.0,582.75,764.5,
2023-04-08 12:00:00,20.0,38.5,6.466666666666666,2.3333333333333335,6.5,21.833333333333332,1.6,,,,,,,,,,67.25,3.175,,0.0,0.0,624.5,763.25,
2023-04-08 13:00:00,15.75,37.75,7.325,1.3,6.625,22.6,1.775,,,,,,,,,,65.25,3.075,,0.0,0.0,585.5,762.0,
2023-04-08 14:00:00,12.0,30.5,7.3,1.15,6.55,23.325,2.05,,,,,,,,,,67.75,2.925,,0.0,0.0,444.25,760.25,
2023-04-08 15:00:00,13.25,30.25,7.0,1.4749999999999999,6.45,23.025,2.075,,,,,,,,,,67.0,2.6,,0.0,0.0,381.5,760.0,
2023-04-08 16:00:00,17.25,36.0,6.8,1.8,6.5,23.125,1.75,,,,,,,,,,68.25,3.025,,0.0,0.0,190.25,760.0,
2023-04-08 17:00:00,16.5,40.75,7.725,2.45,7.575,22.7,1.7249999999999999,,,,,,,,,,73.5,3.2,,0.0,0.0,90.5,760.25,
2023-04-08 18:00:00,12.75,38.5,7.3,1.725,6.825,23.175,1.325,,,,,,,,,,75.5,2.65,,0.0,0.0,21.25,761.25,
2023-04-08 19:00:00,15.666666666666666,40.666666666666664,7.2,1.9666666666666668,6.8999999999999995,22.866666666666664,1.3666666666666665,,,,,,,,,,76.33333333333333,2.5,,0.0,0.0,15.0,762.3333333333334,
2023-04-08 20:00:00,17.5,37.0,7.6,1.975,7.225,22.475,1.15,,,,,,,,,,76.25,2.475,,0.0,0.0,15.0,763.0,
2023-04-08 21:00:00,19.25,37.25,7.225,2.375,7.125,22.425,1.175,,,,,,,,,,77.25,2.15,,0.0,0.0,14.75,763.75,
2023-04-08 22:00:00,18.25,29.75,7.075,2.225,6.925,22.1,2.375,,,,,,,,,,78.75,1.975,,0.0,0.0,14.75,765.0,
2023-04-08 23:00:00,12.75,30.0,6.575,0.3,5.475,22.975,2.825,,,,,,,,,,79.25,1.9,,0.0,0.0,14.75,764.0,
2023-04-09 00:00:00,12.75,24.5,6.475,1.1,5.575,22.225,2.475,,,,,,,,,,79.0,1.825,,0.0,0.0,14.75,762.75,
2023-04-09 01:00:00,12.75,25.75,6.9,,4.925,22.275,2.25,,,,,,,,,,78.75,1.475,,0.0,0.0,14.75,761.5,
2023-04-09 02:00:00,8.0,23.75,6.85,,5.125,21.625,1.25,,,,,,,,,,79.5,1.35,,0.0,0.0,14.75,761.0,
2023-04-09 03:00:00,14.25,22.0,6.775,,4.8,21.8,0.7999999999999999,,,,,,,,,,77.75,1.6,,0.0,0.0,14.75,760.5,
2023-04-09 04:00:00,14.75,28.25,7.133333333333333,0.65,5.766666666666667,21.6,1.3250000000000002,,,,,,,,,,78.75,1.225,,0.0,0.0,14.75,760.75,
2023-04-09 05:00:00,12.75,29.75,7.15,,5.6,21.0,1.525,,,,,,,,,,79.0,1.475,,0.0,0.0,15.25,761.0,
2023-04-09 06:00:00,11.0,34.25,7.45,1.6,6.925000000000001,19.825,1.85,,,,,,,,,,79.0,0.9750000000000001,,0.0,0.0,41.5,762.5,
2023-04-09 07:00:00,20.0,53.75,6.625,7.475,9.350000000000001,16.625,2.6,,,,,,,,,,80.25,1.15,,0.0,0.0,87.75,764.5,
2023-04-09 08:00:00,32.25,92.5,7.075,7.875,9.975,17.325,2.3,,,,,,,,,,78.25,1.425,,0.0,0.0,241.0,765.75,
2023-04-09 09:00:00,36.0,81.0,7.325,3.2,7.65,20.1,1.525,,,,,,,,,,67.0,2.25,,0.0,0.0,453.0,767.0,
2023-04-09 10:00:00,18.0,39.5,7.3,0.85,6.4,20.725,1.5,,,,,,,,,,66.25,2.15,,0.0,0.0,478.25,766.0,
2023-04-09 11:00:00,18.0,37.25,6.766666666666667,1.3999999999999997,6.266666666666667,20.333333333333332,1.9666666666666668,,,,,,,,,,65.0,2.625,,0.0,0.0,569.5,764.75,
2023-04-09 12:00:00,17.25,49.0,7.033333333333334,0.75,5.8,20.466666666666665,0.875,,,,,,,,,,65.5,3.2,,0.0,0.0,625.5,763.5,
2023-04-09 13:00:00,13.75,36.25,7.35,0.55,6.05,20.825,0.8666666666666667,,,,,,,,,,66.25,3.15,,0.0,0.0,545.25,761.75,
2023-04-09 14:00:00,9.5,33.25,7.425,0.2,5.9,21.325,1.525,,,,,,,,,,66.25,3.25,,0.0,0.0,462.0,760.75,
2023-04-09 15:00:00,10.0,31.75,7.275,0.2,5.7,22.35,1.775,,,,,,,,,,68.75,3.3,,0.0,0.0,315.25,760.0,
2023-04-09 16:00:00,16.25,36.25,7.525,0.6,6.325,22.1,1.275,,,,,,,,,,71.5,2.775,,0.0,0.0,165.5,759.0,
2023-04-09 17:00:00,18.5,41.75,7.775,1.0250000000000001,6.85,22.3,1.575,,,,,,,,,,76.0,2.45,,0.0,0.0,67.5,759.5,
2023-04-09 18:00:00,21.75,40.75,7.275,1.25,6.575,21.725,1.175,,,,,,,,,,79.25,2.325,,0.0,0.0,21.0,760.0,
2023-04-09 19:00:00,17.0,47.5,7.6,0.9,6.65,21.85,0.85,,,,,,,,,,80.75,2.5,,0.0,0.0,15.0,761.0,
2023-04-09 20:00:00,14.75,42.75,7.275,0.625,6.225,21.425,0.775,,,,,,,,,,81.0,2.225,,0.0,0.0,14.75,762.25,
2023-04-09 21:00:00,18.75,41.0,7.425,1.2,6.7,21.6,1.55,,,,,,,,,,81.0,2.05,,0.0,0.0,14.75,763.0,
2023-04-09 22:00:00,22.25,37.5,6.975,0.575,5.975,21.65,1.525,,,,,,,,,,81.0,1.9,,0.0,0.0,14.75,763.0,
2023-04-09 23:00:00,16.0,36.0,7.4,0.65,6.375,21.25,1.05,,,,,,,,,,81.75,1.95,,0.0,0.0,14.75,762.5,
2023-04-10 00:00:00,12.75,36.5,6.475,0.3666666666666667,5.4,21.325,1.275,,,,,,,,,,82.0,1.825,,0.0,0.0,14.75,760.75,
2023-04-10 01:00:00,14.5,37.0,7.125,,5.3,21.375,1.075,,,,,,,,,,82.5,1.7999999999999998,,0.0,0.0,14.75,759.75,
2023-04-10 02:00:00,19.25,34.0,6.85,0.19999999999999998,5.65,21.1,2.125,,,,,,,,,,82.0,1.55,,0.0,0.0,14.25,758.75,
2023-04-10 03:00:00,13.75,33.5,7.4,1.2000000000000002,6.2,20.525,2.125,,,,,,,,,,82.75,1.375,,0.0,0.0,14.0,758.0,
2023-04-10 04:00:00,20.5,31.75,7.3,1.0,5.875,20.525,1.475,,,,,,,,,,82.5,1.325,,0.0,0.0,14.0,758.0,
2023-04-10 05:00:00,16.25,32.75,6.7,2.55,6.825,19.3,1.35,,,,,,,,,,83.0,0.9,,0.0,0.0,14.75,759.25,
2023-04-10 06:00:00,21.75,46.75,6.975,5.025,8.35,17.875,3.025,,,,,,,,,,84.75,1.35,,0.0,0.0,53.0,760.5,
2023-04-10 07:00:00,33.5,73.25,7.4,6.15,9.25,18.075,4.525,,,,,,,,,,81.75,1.0750000000000002,,0.0,0.0,133.25,761.75,
2023-04-10 08:00:00,26.25,72.5,7.475,4.25,8.325,19.05,3.1,,,,,,,,,,73.5,1.2999999999999998,,0.0,0.0,263.75,763.75,
2023-04-10 09:00:00,26.25,65.5,8.0,2.175,7.65,20.6,2.4250000000000003,,,,,,,,,,69.25,2.0,,0.0,0.0,437.25,764.0,
2023-04-10 10:00:00,22.5,57.0,6.85,2.15,6.7,20.975,2.766666666666667,,,,,,,,,,67.0,2.175,,0.0,0.0,539.5,764.0,
2023-04-10 11:00:00,19.75,55.5,7.2,1.9666666666666668,6.8999999999999995,21.566666666666666,2.466666666666667,,,,,,,,,,67.5,2.725,,0.0,0.0,614.5,763.25,
2023-04-10 12:00:00,26.5,64.25,6.333333333333333,1.3,5.866666666666667,22.266666666666666,3.225,,,,,,,,,,67.0,2.825,,0.0,0.0,621.25,762.0,
2023-04-10 13:00:00,30.25,70.25,6.75,1.9,6.5,26.35,3.475,,,,,,,,,,66.25,2.875,,0.0,0.0,600.5,760.25,
2023-04-10 14:00:00,28.5,49.5,6.949999999999999,2.6,7.050000000000001,25.15,2.125,,,,,,,,,,65.25,2.8,,0.0,0.0,505.75,758.75,
2023-04-10 15:00:00,28.75,52.25,6.975,1.7000000000000002,6.6,25.65,1.8250000000000002,,,,,,,,,,66.0,2.875,,0.0,0.0,381.5,758.0,
2023-04-10 16:00:00,24.5,65.0,7.475,2.45,7.35,25.8,1.475,,,,,,,,,,69.0,2.65,,0.0,0.0,234.0,757.75,
2023-04-10 17:00:00,24.25,67.5,7.949999999999999,3.15,8.1,26.225,1.65,,,,,,,,,,72.75,2.4,,0.0,0.0,89.75,757.0,
2023-04-10 18:00:00,29.25,73.0,7.425,4.175000000000001,8.25,25.875,2.425,,,,,,,,,,77.0,2.275,,0.0,0.0,18.25,758.0,
2023-04-10 19:00:00,32.5,63.0,7.95,4.199999999999999,8.7,26.95,2.775,,,,,,,,,,79.0,2.025,,0.0,0.0,14.75,758.75,
2023-04-10 20:00:00,30.0,51.25,7.1,5.075,8.45,24.9,2.375,,,,,,,,,,79.75,2.0,,0.0,0.0,14.0,759.75,
2023-04-10 21:00:00,26.25,53.0,7.325,5.1,8.675,23.8,2.5,,,,,,,,,,81.75,1.8250000000000002,,0.0,0.0,14.0,760.25,
2023-04-10 22:00:00,24.75,53.75,7.225,3.325,7.625,23.7,2.45,,,,,,,,,,82.0,1.725,,0.0,0.0,14.0,760.5,
2023-04-10 23:00:00,24.75,47.0,7.175,1.65,6.675,23.5,2.45,,,,,,,,,,83.75,1.525,,0.0,0.0,14.0,759.75,
2023-04-11 00:00:00,18.25,45.25,6.933333333333334,1.25,6.066666666666666,19.7,1.925,,,,,,,,,,85.0,1.575,,0.0,0.0,14.0,758.75,
2023-04-11 01:00:00,17.5,36.75,7.85,,6.225,23.325,1.175,,,,,,,,,,85.25,1.475,,0.0,0.0,14.0,758.0,
2023-04-11 02:00:00,13.25,27.5,7.0,,5.575,22.575,1.4,,,,,,,,,,86.0,1.3,,0.0,0.0,14.0,757.75,
2023-04-11 03:00:00,15.25,30.0,7.2,0.5,5.65,22.025,1.8,,,,,,,,,,86.0,0.85,,0.0,0.0,14.0,757.0,
2023-04-11 04:00:00,18.25,33.75,7.425,2.8499999999999996,6.65,21.3,1.25,,,,,,,,,,86.0,0.6,,0.0,0.0,14.0,757.0,
2023-04-11 05:00:00,21.25,51.0,7.375,9.125,10.85,14.45,1.35,,,,,,,,,,88.25,0.925,,0.0,0.0,14.25,757.75,
2023-04-11 06:00:00,38.75,102.25,7.55,10.95,11.95,10.675,1.925,,,,,,,,,,89.0,1.0,,0.0,0.0,46.0,759.0,
2023-04-11 07:00:00,44.25,122.75,6.625,12.8,12.2,14.2,2.725,,,,,,,,,,86.25,1.125,,0.0,0.0,119.75,761.25,
2023-04-11 08:00:00,41.75,119.5,7.375,9.575,11.1,18.7,2.5749999999999997,,,,,,,,,,78.5,1.075,,0.0,0.0,238.75,762.5,
2023-04-11 09:00:00,33.75,97.0,7.525,8.775,10.8,20.425,1.65,,,,,,,,,,70.75,1.075,,0.0,0.0,417.25,763.25,
2023-04-11 10:00:00,37.0,102.75,7.325,10.35,11.450000000000001,21.575,1.6666666666666667,,,,,,,,,,65.75,1.525,,0.0,0.0,558.0,763.0,
2023-04-11 11:00:00,30.75,89.5,6.8,7.833333333333333,9.700000000000001,22.900000000000002,0.9666666666666667,,,,,,,,,,65.0,2.2,,0.0,0.0,619.25,762.25,
2023-04-11 12:00:00,31.75,78.75,5.833333333333333,5.033333333333334,7.433333333333334,21.366666666666664,2.8,,,,,,,,,,58.0,2.175,,0.0,0.0,630.75,761.0,
2023-04-11 13:00:00,35.0,76.75,7.5,4.575,8.525,23.75,2.825,,,,,,,,,,57.75,2.45,,0.0,0.0,592.75,759.5,
2023-04-11 14:00:00,29.75,70.25,7.175,3.8,7.875,26.6,1.725,,,,,,,,,,57.25,2.625,,0.0,0.0,508.75,758.25,
2023-04-11 15:00:00,30.5,64.25,6.725,3.475,7.275,32.375,1.675,,,,,,,,,,59.0,2.775,,0.0,0.0,382.5,758.0,
2023-04-11 16:00:00,27.0,76.25,7.325,3.825,8.025,33.55,2.075,,,,,,,,,,61.75,2.275,,0.0,0.0,234.25,758.0,
2023-04-11 17:00:00,31.0,86.5,7.075,4.675,8.225,30.974999999999998,1.875,,,,,,,,,,67.25,2.25,,0.0,0.0,87.75,758.0,
2023-04-11 18:00:00,34.25,71.0,7.2,5.625,8.875,27.55,2.225,,,,,,,,,,72.25,1.75,,0.0,0.0,18.5,758.25,
2023-04-11 19:00:00,33.5,73.25,7.425,8.9,10.75,25.625,2.55,,,,,,,,,,77.5,1.75,,0.0,0.0,15.0,759.5,
2023-04-11 20:00:00,29.0,70.0,7.825,8.425,10.85,24.925,0.5750000000000001,,,,,,,,,,80.75,1.55,,0.0,0.0,14.75,760.0,
2023-04-11 21:00:00,28.5,63.5,7.125,7.45,9.775,24.5,0.3666666666666667,,,,,,,,,,82.25,1.525,,0.0,0.0,14.0,760.25,
2023-04-11 22:00:00,26.75,53.0,7.275,5.65,8.9,24.25,1.6,,,,,,,,,,83.75,1.45,,0.0,0.0,14.0,761.0,
2023-04-11 23:00:00,25.75,51.75,7.6499999999999995,4.2,8.45,24.425,1.775,,,,,,,,,,84.0,1.3499999999999999,,0.0,0.0,14.0,760.25,
2023-04-12 00:00:00,24.75,48.5,8.8,4.075,9.325,25.325,2.825,,,,,,,,,,86.0,1.0,,0.0,0.0,14.0,759.25,
2023-04-12 01:00:00,22.75,50.5,7.725,5.625,9.225,22.8,2.6,,,,,,,,,,87.25,0.85,,0.0,0.0,14.0,758.5,
2023-04-12 02:00:00,20.5,52.0,7.05,6.6000000000000005,9.25,21.825,1.925,,,,,,,,,,88.75,0.775,,0.0,0.0,14.0,757.75,
2023-04-12 03:00:00,27.0,57.75,7.5,8.475,10.575,19.725,1.625,,,,,,,,,,90.25,1.175,,0.0,0.0,14.0,757.0,
2023-04-12 04:00:00,34.25,79.75,7.574999999999999,9.475,11.2,19.0,3.35,,,,,,,,,,91.0,1.25,,0.0,0.0,14.0,757.0,
2023-04-12 05:00:00,38.25,90.5,7.8500000000000005,9.475,11.4,18.25,3.8,,,,,,,,,,91.25,0.9,,0.0,0.0,14.5,757.5,
2023-04-12 06:00:00,40.5,83.5,6.325,11.05,11.025,15.025,3.025,,,,,,,,,,91.25,0.625,,0.0,0.0,54.25,759.0,
2023-04-12 07:00:00,45.0,95.5,7.05,8.525,10.275,19.425,2.95,,,,,,,,,,85.5,1.1,,0.0,0.0,188.25,760.75,
2023-04-12 08:00:00,41.5,95.75,7.425,7.525,10.025,20.9,3.025,,,,,,,,,,80.5,1.5,,0.0,0.0,339.0,761.75,
2023-04-12 09:00:00,32.75,89.75,7.675000000000001,9.2,11.15,20.9,2.9,,,,,,,,,,67.75,1.275,,0.0,0.0,464.75,762.5,
2023-04-12 10:00:00,38.25,109.25,7.25,10.25,11.35,24.25,3.3333333333333335,,,,,,,,,,60.5,1.7,,0.0,0.0,559.25,762.0,
2023-04-12 11:00:00,39.75,105.0,7.333333333333333,8.666666666666666,10.566666666666668,27.400000000000002,2.6666666666666665,,,,,,,,,,63.0,2.3,,0.0,0.0,608.0,760.75,
2023-04-12 12:00:00,41.25,96.25,4.25,16.166666666666668,6.0,23.266666666666666,1.625,,,,,,,,,,61.0,2.55,,0.0,0.0,631.25,759.25,
2023-04-12 13:00:00,38.25,87.5,7.8,4.9,8.925,30.9,1.975,,,,,,,,,,56.0,2.475,,0.0,0.0,594.75,757.75,
2023-04-12 14:00:00,35.5,87.0,7.575,3.8,8.2,27.799999999999997,2.0999999999999996,,,,,,,,,,52.25,2.525,,0.0,0.0,509.0,756.5,
2023-04-12 15:00:00,33.75,89.0,6.975,3.475,7.525,27.15,2.6999999999999997,,,,,,,,,,50.75,2.45,,0.0,0.0,385.0,756.0,
2023-04-12 16:00:00,36.0,92.25,7.35,4.625,8.475,26.875,2.775,,,,,,,,,,53.0,2.25,,0.0,0.0,238.5,756.0,
2023-04-12 17:00:00,43.5,110.75,7.425,6.225,9.35,25.525,2.75,,,,,,,,,,57.25,2.325,,0.0,0.0,89.75,756.0,
2023-04-12 18:00:00,39.5,104.5,7.725,6.575,9.75,25.25,1.65,,,,,,,,,,67.5,2.025,,0.0,0.0,17.75,756.25,
2023-04-12 19:00:00,39.5,86.75,7.5,6.8,9.7,24.549999999999997,1.675,,,,,,,,,,71.0,1.7,,0.0,0.0,14.75,757.5,
2023-04-12 20:00:00,35.0,83.66666666666667,7.433333333333334,8.033333333333333,10.333333333333334,23.833333333333332,1.6666666666666667,,,,,,,,,,74.0,1.7,,0.0,0.0,14.0,758.3333333333334,
2023-04-12 21:00:00,36.5,86.25,7.525,11.7,12.35,21.95,1.1,,,,,,,,,,76.75,1.05,,0.0,0.0,14.0,759.5,
2023-04-12 22:00:00,39.0,89.66666666666667,7.3,12.1,12.366666666666665,21.833333333333332,1.0666666666666667,,,,,,,,,,78.0,1.1666666666666667,,0.0,0.0,14.0,759.6666666666666,
2023-04-12 23:00:00,35.0,86.0,7.225,10.6,11.525,22.2,1.45,,,,,,,,,,80.5,1.2,,0.0,0.0,14.0,758.75,
2023-04-13 00:00:00,35.25,75.5,7.175,7.975,10.075,22.85,0.825,,,,,,,,,,82.75,1.15,,0.0,0.0,14.0,758.25,
2023-04-13 01:00:00,32.5,69.75,7.4,4.375,8.325,23.725,0.475,,,,,,,,,,84.5,1.2,,0.0,0.0,14.0,756.5,
2023-04-13 02:00:00,25.75,67.25,7.525,4.95,8.75,23.025,1.875,,,,,,,,,,86.5,0.975,,0.0,0.0,14.0,756.0,
2023-04-13 03:00:00,36.25,69.75,7.4,6.7,9.575,21.675,2.675,,,,,,,,,,87.75,0.775,,0.0,0.0,14.0,755.75,
2023-04-13 04:00:00,34.5,71.75,6.949999999999999,9.725,10.85,19.725,0.9750000000000001,,,,,,,,,,88.0,0.8500000000000001,,0.0,0.0,14.0,756.0,
2023-04-13 05:00:00,39.75,99.25,7.625,13.225,13.25,13.625,1.225,,,,,,,,,,89.0,0.9,12.0,0.0,0.0,14.25,756.75,
2023-04-13 06:00:00,50.75,133.0,6.95,12.7,12.4,13.375,1.975,,,,,,,,,,89.0,0.875,,0.0,0.0,52.75,758.0,
2023-04-13 07:00:00,49.25,137.25,7.675000000000001,12.0,12.625,18.85,1.55,,,,,,,,,,83.5,1.25,12.0,0.0,0.0,180.5,759.5,
2023-04-13 08:00:00,47.25,120.25,7.8500000000000005,10.0,11.7,21.225,3.1,,,,,,,,,,77.5,1.575,12.0,0.0,0.0,329.75,761.0,
2023-04-13 09:00:00,50.0,118.25,7.925,11.425,12.575,27.8,3.275,,,,,,,,,,68.25,1.5,,0.0,0.0,452.5,761.0,
2023-04-13 10:00:00,54.5,133.75,7.425,12.025,12.45,29.25,2.8333333333333335,,,,,,,,,,56.75,1.85,,0.0,0.0,550.25,760.5,
2023-04-13 11:00:00,48.75,120.5,7.033333333333334,8.366666666666667,10.200000000000001,28.733333333333334,2.433333333333333,,,,,,,,,,54.5,2.05,,0.0,0.0,599.75,759.5,
2023-04-13 12:00:00,43.75,108.75,5.3999999999999995,6.733333333333333,8.0,26.566666666666666,3.375,,,,,,,,,,61.5,2.85,,0.0,0.0,613.5,757.75,
2023-04-13 13:00:00,39.75,101.25,7.25,5.225,8.7,28.725,3.625,,,,,,,,,,59.25,3.025,,0.0,0.0,573.25,756.0,
2023-04-13 14:00:00,38.0,88.5,7.425,4.95,8.675,29.725,1.8,,,,,,,,,,59.25,3.175,,0.0,0.0,485.5,755.0,
2023-04-13 15:00:00,36.25,84.0,7.5,3.325,7.875,34.65,1.55,,,,,,,,,,58.25,2.85,,0.0,0.0,363.25,754.75,
2023-04-13 16:00:00,40.0,85.5,7.25,3.875,8.0,38.75,1.125,,,,,,,,,,60.75,2.9,,0.0,0.0,219.0,754.0,
2023-04-13 17:00:00,43.0,92.75,7.95,3.875,8.525,32.9,1.525,,,,,,,,,,64.5,2.325,,0.0,0.0,81.75,754.75,
2023-04-13 18:00:00,47.25,98.25,7.525,5.5,9.05,30.9,1.4,,,,,,,,,,70.25,2.275,,0.0,0.0,17.75,755.75,
2023-04-13 19:00:00,33.0,90.0,7.433333333333333,6.8,9.666666666666666,29.133333333333336,1.5666666666666667,,,,,,,,,,74.0,1.8666666666666665,,0.0,0.0,14.0,756.6666666666666,
2023-04-13 20:00:00,41.0,89.66666666666667,7.566666666666666,7.033333333333334,9.933333333333332,28.266666666666666,0.9333333333333332,,,,,,,,,,77.66666666666667,1.7333333333333334,,0.0,0.0,14.0,758.0,
2023-04-13 21:00:00,40.5,86.5,7.425,7.65,10.075,27.05,0.325,,,,,,,,,,80.75,1.5,,0.0,0.0,14.0,758.75,
2023-04-13 22:00:00,36.75,72.0,7.025,6.125,8.95,26.85,1.8250000000000002,,,,,,,,,,83.25,1.5,,0.0,0.0,14.0,759.0,
2023-04-13 23:00:00,30.0,70.25,7.7,6.550000000000001,9.75,26.3,1.9,,,,,,,,,,85.0,1.125,,0.0,0.0,14.0,758.75,
2023-04-14 00:00:00,31.75,74.5,7.8,8.775,11.0,25.275000000000002,0.625,,,,,,,,,,86.25,0.875,,0.0,0.0,14.0,757.5,
2023-04-14 01:00:00,35.75,75.75,7.525,8.55,10.675,25.05,0.625,,,,,,,,,,87.25,0.775,,0.0,0.0,14.0,756.5,
2023-04-14 02:00:00,33.25,72.25,7.975,6.725,10.075,25.375,1.05,,,,,,,,,,87.75,0.8,,0.0,0.0,14.0,756.0,
2023-04-14 03:00:00,38.75,73.0,7.525,10.65,11.825,22.825,1.4,,,,,,,,,,88.75,0.775,,0.0,0.0,14.0,755.75,
2023-04-14 04:00:00,41.333333333333336,89.66666666666667,7.733333333333333,10.033333333333333,11.633333333333333,22.866666666666664,2.066666666666667,,,,,,,,,,90.0,1.0,,0.0,0.0,14.0,756.0,
2023-04-14 05:00:00,36.25,72.5,6.85,9.725,10.75,22.475,2.875,,,,,,,,,,91.0,1.25,,0.0,0.0,14.5,757.25,
2023-04-14 06:00:00,37.5,83.25,6.8,8.225,9.9,22.65,1.6,,,,,,,,,,91.25,1.25,,0.0,0.0,53.25,758.5,
2023-04-14 07:00:00,38.75,86.25,8.7,7.824999999999999,11.274999999999999,23.65,1.75,,,,,,,,,,86.5,1.575,,0.0,0.0,179.75,760.0,
2023-04-14 08:00:00,39.5,92.0,7.275,6.325,9.275,23.6,1.975,,,,,,,,,,79.75,1.725,12.0,0.0,0.0,325.0,760.75,
2023-04-14 09:00:00,43.0,89.25,7.3,4.75,8.475,23.5,1.975,,,,,,,,,,68.75,2.125,,0.0,0.0,451.75,761.0,
2023-04-14 10:00:00,38.75,89.0,7.225,4.7,8.35,22.975,1.4000000000000001,,,,,,,,,,60.5,1.825,,0.0,0.0,548.25,760.25,
2023-04-14 11:00:00,35.25,86.0,7.433333333333334,4.0,8.166666666666666,24.233333333333334,0.5666666666666667,,,,,,,,,,53.75,1.825,,0.0,0.0,602.5,759.0,
2023-04-14 12:00:00,35.5,85.25,5.966666666666666,5.366666666666667,7.7,28.8,1.65,,,,,,,,,,50.75,2.1,,0.0,0.0,604.75,756.75,
2023-04-14 13:00:00,33.0,83.75,7.0,62.925,7.733333333333333,28.03333333333333,2.15,,,,,,,,,,58.0,3.025,,0.0,0.0,566.0,755.25,
2023-04-14 14:00:00,29.75,82.5,8.774999999999999,2.733333333333333,7.1,29.0,1.825,,,,,,,,,,53.25,2.9,,0.0,0.0,479.25,754.0,
2023-04-14 15:00:00,29.5,71.75,7.45,2.75,7.475,29.275,1.95,,,,,,,,,,52.5,2.525,,0.0,0.0,358.25,753.5,
2023-04-14 16:00:00,31.25,74.0,7.275,3.45,7.75,28.475,1.95,,,,,,,,,,56.0,2.525,,0.0,0.0,218.25,753.0,
2023-04-14 17:00:00,33.5,83.0,8.2,3.925,8.775,28.05,1.975,,,,,,,,,,60.25,2.025,,0.0,0.0,81.0,753.0,
2023-04-14 18:00:00,38.25,86.5,7.925,6.5,9.9,27.575,3.4,,,,,,,,,,65.5,1.875,,0.0,0.0,17.75,753.75,
2023-04-14 19:00:00,37.5,90.5,7.925,5.775,9.525,26.75,3.675,,,,,,,,,,69.5,2.0999999999999996,,0.0,0.0,14.0,755.0,
2023-04-14 20:00:00,32.25,68.75,7.775,4.5,8.7,26.95,2.15,,,,,,,,,,73.5,2.05,,0.0,0.0,14.0,756.0,
2023-04-14 21:00:00,32.0,65.0,7.949999999999999,7.35,10.375,25.375,1.775,,,,,,,,,,75.5,1.45,,0.0,0.0,14.0,757.0,
2023-04-14 22:00:00,36.0,67.75,7.75,4.65,8.775,26.3,1.725,,,,,,,,,,79.0,1.6500000000000001,,0.0,0.0,14.0,757.25,
2023-04-14 23:00:00,27.75,49.5,7.075,3.7,7.7,26.475,1.65,,,,,,,,,,82.75,1.525,,0.0,0.0,14.0,757.0,
2023-04-15 00:00:00,22.0,49.25,7.375,5.45,8.925,25.625,1.4,,,,,,,,,,85.5,1.45,,0.0,0.0,14.0,756.0,
2023-04-15 01:00:00,24.25,42.75,6.725,4.5,7.85,25.375,0.675,,,,,,,,,,87.0,1.1,,0.0,0.0,14.0,755.5,
2023-04-15 02:00:00,23.25,40.5,8.15,5.025,9.275,24.175,0.5666666666666668,,,,,,,,,,88.5,0.775,,0.0,0.0,14.0,755.0,
2023-04-15 03:00:00,26.25,46.0,7.425,3.6,7.9750000000000005,24.95,0.675,,,,,,,,,,90.0,0.9,,0.0,0.0,14.0,755.0,
2023-04-15 04:00:00,24.5,51.75,7.625,5.3,9.025,23.475,0.9750000000000001,,,,,,,,,,89.75,1.0,,0.0,0.0,14.0,755.0,
2023-04-15 05:00:00,26.5,57.5,7.325,7.5249999999999995,9.975,22.225,1.225,,,,,,,,,,90.0,0.8,,0.0,0.0,14.25,755.5,
2023-04-15 06:00:00,29.75,55.0,7.324999999999999,9.9,11.225,20.4,1.65,,,,,,,,,,89.25,0.8500000000000001,,0.0,0.0,47.75,757.0,
2023-04-15 07:00:00,34.0,71.25,7.525,8.65,10.7,21.925,1.25,,,,,,,,,,85.25,1.325,,0.0,0.0,169.75,758.75,
2023-04-15 08:00:00,30.25,72.75,7.05,6.65,9.225,23.375,2.0,,,,,,,,,,77.75,1.75,,0.0,0.0,314.75,760.5,
2023-04-15 09:00:00,28.75,68.75,8.0,5.8,9.600000000000001,24.225,2.075,,,,,,,,,,64.25,1.925,,0.0,0.0,439.5,761.0,
2023-04-15 10:00:00,30.75,72.5,7.275,6.2,9.200000000000001,27.0,1.6333333333333335,,,,,,,,,,57.25,1.575,,0.0,0.0,529.5,760.25,
2023-04-15 11:00:00,29.25,60.25,7.133333333333333,6.2,7.933333333333334,30.166666666666668,2.0666666666666664,,,,,,,,,,52.5,1.35,,0.0,0.0,593.75,759.25,
2023-04-15 12:00:00,28.25,67.75,6.166666666666667,5.866666666666667,8.166666666666666,39.13333333333333,2.375,,,,,,,,,,56.75,2.425,,0.0,0.0,597.0,757.5,
2023-04-15 13:00:00,30.0,73.75,8.600000000000001,4.275,9.25,32.6,2.925,,,,,,,,,,61.75,2.825,,0.0,0.0,531.25,755.5,
2023-04-15 14:00:00,24.75,58.25,10.175,4.875,10.875,30.55,2.625,,,,,,,,,,58.5,2.575,,0.0,0.0,432.25,754.25,
2023-04-15 15:00:00,25.25,61.5,6.033333333333334,1.5,5.4,37.175,2.2,,,,,,,,,,56.75,2.5,,0.0,0.0,266.25,753.75,
2023-04-15 16:00:00,21.75,70.75,4.2,25.0,9.0,33.175,1.4000000000000001,,,,,,,,,,55.25,2.55,,0.0,0.0,142.0,753.0,
2023-04-15 17:00:00,27.25,77.75,6.3,5.433333333333334,2.625,31.275000000000002,1.7,,,,,,,,,,57.75,2.1,,0.0,0.0,71.5,754.0,
2023-04-15 18:00:00,27.5,80.5,8.55,3.65,8.9,28.125,1.05,,,,,,,,,,60.5,1.825,,0.0,0.0,16.5,754.0,
2023-04-15 19:00:00,25.75,71.75,7.3500000000000005,6.45,9.4,27.75,1.1,,,,,,,,,,66.25,1.675,,0.0,0.0,14.0,755.0,
2023-04-15 20:00:00,26.0,66.75,7.800000000000001,6.575,9.875,26.85,1.9499999999999997,,,,,,,,,,71.0,1.875,,0.0,0.0,14.0,756.0,
2023-04-15 21:00:00,28.0,64.75,7.2749999999999995,10.15,11.325,24.85,1.725,,,,,,,,,,76.25,1.6500000000000001,,0.0,0.0,14.0,756.5,
2023-04-15 22:00:00,24.75,69.5,7.375,12.475,12.65,24.325,1.0499999999999998,,,,,,,,,,76.5,1.15,,0.0,0.0,14.0,756.5,
2023-04-15 23:00:00,25.25,66.75,7.125,9.875,11.025,25.025,0.26666666666666666,,,,,,,,,,81.25,1.075,12.0,0.0,0.0,14.0,755.75,
2023-04-16 00:00:00,26.0,61.25,6.925000000000001,6.35,9.0,26.125,1.9000000000000001,,,,,,,,,,84.0,1.075,,0.0,0.0,14.0,754.25,
2023-04-16 01:00:00,16.5,53.75,6.95,5.25,8.475,25.575,1.65,,,,,,,,,,85.0,1.225,12.0,0.0,0.0,14.0,753.5,
2023-04-16 02:00:00,17.75,48.25,12.05,6.725,13.375,23.025,0.45,,,,,,,,,,85.0,0.95,,0.0,0.0,14.0,752.75,
2023-04-16 03:00:00,26.0,56.0,7.4,7.8500000000000005,10.2,23.4,0.4666666666666666,,,,,,,,,,86.5,0.9500000000000001,,0.0,0.0,14.0,752.0,
2023-04-16 04:00:00,25.75,65.0,7.65,5.8500000000000005,9.3,23.575,2.35,,,,,,,,,,90.0,1.6,,0.0,0.0,14.0,752.5,
2023-04-16 05:00:00,27.25,63.5,7.824999999999999,8.525,10.875,22.0,3.15,,,,,,,,,,92.0,1.225,,0.0,0.0,14.25,753.25,
2023-04-16 06:00:00,34.5,86.5,6.9,8.5,10.125,21.675,2.625,,,,,,,,,,90.75,1.525,,0.0,0.0,56.0,754.5,
2023-04-16 07:00:00,38.0,89.0,7.050000000000001,7.675,9.8,23.0,2.9,,,,,,,,,,84.25,1.7750000000000001,12.0,0.0,0.0,185.25,756.5,
2023-04-16 08:00:00,42.75,94.0,7.699999999999999,7.675,10.325,23.5,3.225,,,,,,,,,,73.75,1.85,,0.0,0.0,323.25,757.75,
2023-04-16 09:00:00,39.5,100.75,7.575,7.4,10.1,28.575,2.95,,,,,,,,,,65.5,1.975,12.0,0.0,0.0,444.25,758.0,
2023-04-16 10:00:00,40.5,102.0,6.9,6.95,9.275,27.1,3.1333333333333333,,,,,,,,,,60.5,1.825,12.0,0.0,0.0,531.0,757.5,
2023-04-16 11:00:00,39.5,96.25,7.033333333333334,6.2,9.033333333333333,26.5,8.5,,,,,,,,,,53.5,2.05,,0.0,0.0,583.75,756.5,
2023-04-16 12:00:00,40.0,88.75,5.866666666666667,3.866666666666667,6.8,25.5,9.95,,,,,,,,,,51.75,1.95,,0.0,0.0,580.0,754.75,
2023-04-16 13:00:00,36.75,88.5,7.225,4.1499999999999995,8.075,27.1,4.4,,,,,,,,,,60.5,2.95,,0.0,0.0,554.75,753.25,
2023-04-16 14:00:00,35.0,79.75,7.625,2.8249999999999997,7.7,28.75,3.225,,,,,,,,,,61.25,2.75,,0.0,0.0,466.75,752.0,
2023-04-16 15:00:00,30.5,73.75,7.6,2.65,7.575,28.675,2.875,,,,,,,,,,60.25,2.825,,0.0,0.0,349.25,751.25,
2023-04-16 16:00:00,27.5,67.5,14.15,3.625,13.45,26.775000000000002,2.15,,,,,,,,,,60.0,2.525,,0.0,0.0,199.5,751.0,
2023-04-16 17:00:00,32.75,70.25,7.625,3.0,7.8,28.3,1.85,,,,,,,,,,62.25,2.05,,0.0,0.0,76.5,751.0,
2023-04-16 18:00:00,35.0,74.0,6.8,3.466666666666667,7.366666666666667,28.066666666666666,2.1333333333333333,,,,,,,,,,68.33333333333333,2.3666666666666667,,0.0,0.0,18.0,752.0,
2023-04-16 19:00:00,31.75,67.25,6.425,2.675,6.675,27.375,2.4,,,,,,,,,,75.5,2.325,,0.0,0.0,14.0,753.0,
2023-04-16 20:00:00,29.5,61.5,7.975,3.3,8.2,26.1,1.5,,,,,,,,,,79.75,1.925,,0.0,0.0,14.0,754.5,
2023-04-16 21:00:00,25.5,59.75,7.325,5.5,8.875,25.525,1.25,,,,,,,,,,80.0,1.9,,0.0,0.0,14.0,755.75,
2023-04-16 22:00:00,28.25,62.25,7.225,11.75,12.175,22.925,1.5,,,,,,,,,,78.0,1.35,,0.0,0.0,14.0,756.0,
2023-04-16 23:00:00,32.0,70.75,7.375,9.625,11.125,23.575000000000003,1.9,,,,,,,,,,77.0,1.275,,0.0,0.0,14.0,754.75,
2023-04-17 00:00:00,28.75,67.0,7.7,8.375,10.725000000000001,24.25,2.175,,,,,,,,,,78.5,0.8500000000000001,,0.0,0.0,14.0,753.5,
2023-04-17 01:00:00,20.0,62.5,7.175,4.475,8.2,24.375,2.3,,,,,,,,,,83.5,1.0,12.0,0.0,0.0,14.0,752.75,
2023-04-17 02:00:00,24.25,48.0,7.025,4.1,7.85,24.0,1.025,,,,,,,,,,85.25,1.225,,0.0,0.0,14.0,752.0,
2023-04-17 03:00:00,29.0,47.25,8.325,4.525,9.2,23.075,1.1,,,,,,,,,,87.25,1.5,,0.0,0.0,14.0,752.0,
2023-04-17 04:00:00,29.25,54.5,7.525,4.65,8.625,23.175,2.325,,,,,,,,,,90.75,1.5,,0.0,0.0,14.0,752.25,
2023-04-17 05:00:00,22.25,56.75,7.5,5.825,9.2,22.125,2.525,,,,,,,,,,88.5,1.225,12.0,0.0,0.0,14.5,753.0,
2023-04-17 06:00:00,29.25,64.75,7.375,10.600000000000001,11.65,19.875,1.3250000000000002,,,,,,,,,,82.25,1.525,,0.0,0.0,54.25,754.5,
2023-04-17 07:00:00,39.0,85.0,7.7,12.350000000000001,12.825,20.65,0.95,,,,,,,,,,76.5,1.95,12.0,1.0,1.0,180.5,756.5,
2023-04-17 08:00:00,37.5,96.0,8.525,7.0,10.600000000000001,23.025,4.0,,,,,,,,,,73.5,2.45,,0.0,0.0,325.25,757.5,
2023-04-17 09:00:00,38.25,109.0,6.85,10.225,11.0,21.8,70.025,,,,,,,,,,64.0,2.15,,0.0,0.0,453.5,758.0,
2023-04-17 10:00:00,54.25,128.25,6.7,10.05,10.775,23.625,68.43333333333334,,,,,,,,,,56.75,1.9500000000000002,,0.0,0.0,543.25,757.25,
2023-04-17 11:00:00,55.5,123.5,7.866666666666667,8.233333333333333,10.766666666666666,24.2,47.0,,,,,,,,,,51.5,2.0,,0.0,0.0,595.5,756.5,
2023-04-17 12:00:00,52.5,115.25,6.066666666666666,5.2,7.7,23.666666666666668,12.875,,,,,,,,,,50.25,2.075,,0.0,0.0,604.75,755.25,
2023-04-17 13:00:00,38.25,85.25,8.175,4.15,8.85,26.025,5.125,,,,,,,,,,52.0,3.0,,0.0,0.0,573.5,754.0,
2023-04-17 14:00:00,37.25,84.0,7.7749999999999995,4.35,8.65,27.424999999999997,3.45,,,,,,,,,,51.25,3.325,,0.0,0.0,491.0,753.0,
2023-04-17 15:00:00,40.0,86.25,7.75,4.9,8.925,28.6,2.85,,,,,,,,,,54.25,3.075,,0.0,0.0,369.5,752.25,
2023-04-17 16:00:00,35.0,83.0,7.925,5.175,9.15,30.025,3.975,,,,,,,,,,57.5,2.825,,0.0,0.0,226.75,752.25,
2023-04-17 17:00:00,31.0,80.0,8.2,5.35,9.5,30.025,4.125,,,,,,,,,,63.0,2.55,,0.0,0.0,85.75,753.0,
2023-04-17 18:00:00,36.0,78.75,7.35,5.85,9.1,29.75,1.5250000000000001,,,,,,,,,,73.75,2.5,,0.0,0.0,16.5,753.75,
2023-04-17 19:00:00,31.5,72.75,6.925,6.05,8.85,28.875,0.925,,,,,,,,,,79.0,2.35,,0.0,0.0,13.5,755.0,
2023-04-17 20:00:00,26.75,64.0,7.375,5.025,8.65,27.95,0.6,,,,,,,,,,84.0,2.025,,0.0,0.0,14.0,756.25,
2023-04-17 21:00:00,26.0,56.0,7.325,3.8,8.0,27.8,0.7333333333333334,,,,,,,,,,86.5,2.225,,0.0,0.0,14.0,757.0,
2023-04-17 22:00:00,26.75,50.5,7.575,2.625,7.575,27.6,2.15,,,,,,,,,,87.0,2.05,,0.0,0.0,14.0,757.0,
2023-04-17 23:00:00,25.75,49.0,7.775,3.15,7.975,26.674999999999997,2.125,,,,,,,,,,87.0,1.75,,0.0,0.0,14.0,756.5,
2023-04-18 00:00:00,17.75,41.0,7.45,5.425,8.975,25.275,2.325,,,,,,,,,,88.0,1.35,,0.0,0.0,14.0,755.5,
2023-04-18 01:00:00,20.75,43.5,7.475,4.1,8.25,25.525,1.9,,,,,,,,,,89.0,1.45,12.0,0.0,0.0,14.0,754.5,
2023-04-18 02:00:00,17.25,45.75,7.824999999999999,4.0,8.5,24.875,1.175,,,,,,,,,,90.5,1.275,,0.0,0.0,14.0,754.0,
2023-04-18 03:00:00,28.75,60.0,7.65,6.875,9.875,23.125,1.05,,,,,,,,,,92.0,1.275,,0.0,0.0,14.0,754.0,
2023-04-18 04:00:00,32.5,65.75,8.15,5.949999999999999,9.775,22.925,1.9249999999999998,,,,,,,,,,93.0,1.325,,0.0,0.0,14.0,754.0,
2023-04-18 05:00:00,28.25,57.0,7.4,6.675,9.55,22.35,2.05,,,,,,,,,,93.0,1.175,,0.0,0.0,14.25,754.75,
2023-04-18 06:00:00,29.5,61.25,8.0,8.9,11.225,21.15,1.775,,,,,,,,,,90.25,1.2,,0.0,0.0,55.5,756.5,
2023-04-18 07:00:00,32.25,71.25,7.9,8.925,11.15,21.475,2.5,,,,,,,,,,85.0,1.475,,0.0,0.0,180.5,758.5,
2023-04-18 08:00:00,34.0,82.0,7.65,7.45,10.175,22.65,1.95,,,,,,,,,,77.5,1.875,12.0,0.0,0.0,323.25,760.5,
2023-04-18 09:00:00,28.75,64.0,7.3,6.875,9.575,22.975,1.875,,,,,,,,,,70.75,1.6749999999999998,,0.0,0.0,438.25,761.0,
2023-04-18 10:00:00,32.25,86.75,6.925,7.775,9.725,22.325,2.066666666666667,,,,,,,,,,63.0,1.625,,0.0,0.0,522.5,760.5,
2023-04-18 11:00:00,35.5,95.0,7.7,6.133333333333333,9.533333333333333,23.96666666666667,1.9333333333333333,,,,,,,,,,65.0,2.675,,0.0,0.0,569.75,759.5,
2023-04-18 12:00:00,32.25,73.25,6.2,2.733333333333333,6.466666666666666,22.8,1.425,,,,,,,,,,69.25,3.2,,0.0,0.0,574.25,757.75,
2023-04-18 13:00:00,29.0,62.25,7.05,2.775,7.225,26.175,2.725,,,,,,,,,,68.0,2.9499999999999997,,0.0,0.0,533.75,756.5,
2023-04-18 14:00:00,33.25,61.25,7.225,2.7,7.35,25.65,3.3499999999999996,,,,,,,,,,67.25,2.775,,0.0,0.0,455.5,755.0,
2023-04-18 15:00:00,29.25,59.5,7.5,4.025,8.225,28.424999999999997,3.775,,,,,,,,,,67.75,2.625,,0.0,0.0,335.0,754.0,
2023-04-18 16:00:00,33.0,70.0,6.95,18.200000000000003,15.350000000000001,59.475,4.275,,,,,,,,,,69.25,2.4,,0.0,0.0,199.0,753.25,
2023-04-18 17:00:00,72.0,74.0,6.85,9.425,10.575,66.64999999999999,4.8,,,,,,,,,,71.25,2.525,,0.0,0.0,74.25,753.75,
2023-04-18 18:00:00,,,6.9,5.35,10.7,40.2,5.3,,,,,,,,,,81.0,2.1,,0.0,0.0,14.0,754.0,
2023-04-18 19:00:00,,,29.433333333333334,24.733333333333334,15.133333333333333,43.05,1.725,,,,,,,,,,82.5,1.875,,0.0,0.0,14.25,755.0,
2023-04-18 20:00:00,31.0,38.0,7.125,5.625,8.8,28.275,1.825,,,,,,,,,,85.0,2.15,,0.0,0.0,14.75,756.0,
2023-04-18 21:00:00,30.0,43.0,7.575,4.7,8.65,24.95,2.125,,,,,,,,,,86.0,1.95,,0.0,0.0,15.0,756.25,
2023-04-18 22:00:00,24.75,54.25,7.35,7.550000000000001,10.025,21.375,3.225,,,,,,,,,,85.75,1.325,,0.0,0.0,14.75,756.75,
2023-04-18 23:00:00,19.25,46.25,7.5,5.85,9.225,20.0,3.25,,,,,,,,,,85.75,1.575,,0.0,0.0,15.0,756.0,
2023-04-19 00:00:00,23.25,50.25,9.025,7.0,11.05,22.35,2.675,,,,,,,,,,86.0,1.375,,0.0,0.0,13.5,755.0,
2023-04-19 01:00:00,22.0,33.25,8.0,6.4,9.875,25.325,2.925,,,,,,,,,,87.5,1.125,,0.0,0.0,14.5,754.0,
2023-04-19 02:00:00,17.25,34.5,7.7,3.75,8.3,18.85,1.525,,,,,,,,,,89.5,1.1500000000000001,12.0,0.0,0.0,15.0,753.5,
2023-04-19 03:00:00,21.5,39.25,7.074999999999999,4.65,8.225,16.675,1.275,,,,,,,,,,91.0,1.3250000000000002,,0.0,0.0,15.0,753.0,
2023-04-19 04:00:00,22.75,47.75,7.225,4.375,8.2,15.65,1.35,,,,,,,,,,92.0,1.35,,0.0,0.0,15.0,753.0,
2023-04-19 05:00:00,23.75,46.0,7.45,4.65,8.525,15.325,1.625,,,,,,,,,,92.5,1.175,,0.0,0.0,15.25,753.75,
2023-04-19 06:00:00,28.0,53.0,7.325,5.725,9.0,13.925,2.15,,,,,,,,,,92.5,1.15,,0.0,0.0,40.0,754.5,
2023-04-19 07:00:00,27.0,56.5,7.7,5.475,9.2,13.8,2.225,,,,,,,,,,89.25,1.35,,0.0,0.0,130.25,756.5,
2023-04-19 08:00:00,31.75,59.5,7.6,4.574999999999999,8.6,14.475,1.95,,,,,,,,,,82.0,2.0,,0.0,0.0,284.25,757.75,
2023-04-19 09:00:00,27.75,63.5,7.3,4.05,8.075,16.1,2.25,,,,,,,,,,72.0,2.15,,0.0,0.0,433.25,758.0,
2023-04-19 10:00:00,27.75,64.0,7.8,5.775,9.4,25.575,2.4333333333333336,,,,,,,,,,62.5,2.0,,0.0,0.0,528.25,757.25,
2023-04-19 11:00:00,31.0,73.0,7.7,6.866666666666667,9.866666666666667,25.166666666666668,12.233333333333334,,,,,,,,,,58.5,2.0,,0.0,0.0,569.5,755.5,
2023-04-19 12:00:00,39.5,88.5,6.466666666666666,7.400000000000001,9.200000000000001,28.2,18.025,,,,,,,,,,55.25,2.25,,0.0,0.0,571.75,753.25,
2023-04-19 13:00:00,53.0,104.25,7.925,5.475,9.375,30.925,12.9,,,,,,,,,,58.25,2.475,,0.0,0.0,528.5,751.0,
2023-04-19 14:00:00,41.5,87.25,8.633333333333333,7.0,8.466666666666667,32.825,4.55,,,,,,,,,,63.5,2.75,,0.0,0.0,449.25,749.25,
2023-04-19 15:00:00,34.5,68.0,8.5,5.233333333333333,8.8,24.425,2.975,,,,,,,,,,64.75,2.9,,0.0,0.0,336.5,748.0,
2023-04-19 16:00:00,33.25,64.25,7.85,2.85,7.9,22.825,2.7750000000000004,,,,,,,,,,63.75,2.825,,0.0,0.0,199.0,747.75,
2023-04-19 17:00:00,26.25,68.5,7.875,3.8499999999999996,8.475,21.825,2.325,,,,,,,,,,69.0,2.6,,0.0,0.0,74.75,748.0,
2023-04-19 18:00:00,27.0,58.25,9.533333333333333,5.566666666666666,10.700000000000001,28.125,0.8999999999999999,,,,,,,,,,75.0,2.525,,0.0,0.0,17.25,748.75,
2023-04-19 19:00:00,20.0,48.0,7.4,5.85,9.125,26.475,0.75,,,,,,,,,,81.5,2.45,,0.0,0.0,14.0,750.25,
2023-04-19 20:00:00,24.25,40.5,8.65,4.65,9.5,26.6,1.5,,,,,,,,,,85.0,2.5,,0.0,0.0,14.0,751.5,
2023-04-19 21:00:00,18.5,35.75,8.4,3.05,8.45,27.625,1.475,,,,,,,,,,86.0,2.15,,0.0,0.0,14.0,752.0,
2023-04-19 22:00:00,17.25,36.75,7.9,4.95,9.05,25.85,1.55,,,,,,,,,,86.25,2.05,,0.0,0.0,14.0,752.5,
2023-04-19 23:00:00,18.75,38.75,7.225,4.4,8.2,20.875,1.4,,,,,,,,,,87.75,2.125,,0.0,0.0,14.0,751.75,
2023-04-20 00:00:00,20.0,29.5,7.8,4.1,8.5,19.275,0.775,,,,,,,,,,88.75,1.775,,0.0,0.0,14.75,750.75,
2023-04-20 01:00:00,17.0,31.0,7.266666666666667,4.166666666666667,8.133333333333335,18.766666666666666,0.6333333333333333,,,,,,,,,,89.0,1.7,,0.0,0.0,15.0,749.6666666666666,
2023-04-20 02:00:00,16.25,27.0,8.525,2.625,8.35,21.7,1.625,,,,,,,,,,90.5,1.375,,0.0,0.0,14.5,749.0,
2023-04-20 03:00:00,11.0,28.25,8.925,5.0,9.925,23.2,1.5499999999999998,,,,,,,,,,91.0,1.5,12.0,0.0,0.0,14.0,749.0,
2023-04-20 04:00:00,12.75,32.0,7.5,4.6000000000000005,8.55,22.675,1.65,,,,,,,,,,91.0,1.425,12.0,0.0,0.0,14.0,749.0,
2023-04-20 05:00:00,19.25,32.5,8.05,5.875,9.65,22.2,1.75,,,,,,,,,,91.75,1.525,,0.0,0.0,14.75,750.0,
2023-04-20 06:00:00,23.0,38.0,7.425,7.9750000000000005,10.25,31.15,1.9,,,,,,,,,,91.25,2.025,,0.0,0.0,50.0,751.0,
2023-04-20 07:00:00,26.0,51.75,6.65,5.225,8.225,24.275,1.675,,,,,,,,,,86.0,2.325,12.0,0.0,0.0,166.5,752.5,
2023-04-20 08:00:00,34.25,63.75,7.275,4.575,8.325,19.275,1.225,,,,,,,,,,76.5,2.8,,0.0,0.0,314.75,753.25,
2023-04-20 09:00:00,33.5,87.75,7.05,4.199999999999999,8.0,20.125,10.625,,,,,,,,,,64.5,3.075,,0.0,0.0,434.5,754.0,
2023-04-20 10:00:00,38.0,98.75,7.125,6.7,9.375,21.325,18.833333333333332,,,,,,,,,,58.25,2.55,,0.0,0.0,529.0,753.75,
2023-04-20 11:00:00,40.5,99.75,8.466666666666667,8.533333333333333,11.433333333333332,27.433333333333334,11.799999999999999,,,,,,,,,,52.5,2.325,,0.0,0.0,579.5,752.25,
2023-04-20 12:00:00,49.0,104.0,6.666666666666667,7.366666666666667,9.366666666666667,27.766666666666666,9.85,,,,,,,,,,48.25,2.025,,0.0,0.0,582.0,750.5,
2023-04-20 13:00:00,52.25,104.0,7.875,6.55,9.9,31.275,8.6,,,,,,,,,,51.25,2.3,,0.0,0.0,533.5,748.5,
2023-04-20 14:00:00,49.25,108.0,7.85,4.9,9.0,34.475,3.2,,,,,,,,,,62.25,3.4,,0.0,0.0,450.5,746.5,
2023-04-20 15:00:00,39.5,89.0,8.1,2.325,7.8,31.175,1.95,,,,,,,,,,63.75,3.0,,0.0,0.0,330.0,745.25,
2023-04-20 16:00:00,44.5,79.5,7.625,3.35,7.975,30.875,2.9,,,,,,,,,,66.0,2.9,,0.0,0.0,195.25,745.0,
2023-04-20 17:00:00,45.0,86.75,7.475,3.425,7.9,26.25,2.825,,,,,,,,,,72.0,2.9499999999999997,,0.0,0.0,74.0,745.0,
2023-04-20 18:00:00,40.25,81.0,7.425,3.1,7.675,24.65,1.75,,,,,,,,,,79.0,3.1,,0.0,0.0,17.25,745.25,
2023-04-20 19:00:00,34.25,62.75,8.075,3.575,8.45,28.35,1.2,,,,,,,,,,84.25,2.825,,0.0,0.0,14.0,746.75,
2023-04-20 20:00:00,32.75,54.25,7.975,3.75,8.45,28.075,1.575,,,,,,,,,,87.75,3.2,,0.0,0.0,14.0,748.0,
2023-04-20 21:00:00,32.25,55.75,7.699999999999999,3.825,8.3,28.4,1.6,,,,,,,,,,88.0,2.7,,0.0,0.0,14.0,749.0,
2023-04-20 22:00:00,24.0,49.0,7.566666666666666,3.1333333333333333,7.833333333333333,27.933333333333334,1.3666666666666665,,,,,,,,,,87.0,2.6,,0.0,0.0,14.0,750.0,
2023-04-20 23:00:00,30.5,51.25,6.825,6.075,8.8,27.525,1.35,,,,,,,,,,85.0,1.975,,0.0,0.0,14.0,749.25,
2023-04-21 00:00:00,31.333333333333332,49.666666666666664,7.866666666666667,4.366666666666666,8.733333333333333,21.866666666666664,1.8666666666666665,,,,,,,,,,83.66666666666667,2.4,,0.0,0.0,14.0,748.0,
2023-04-21 01:00:00,28.75,44.5,7.975,1.325,7.225,22.175,2.025,,,,,,,,,,84.5,1.875,,0.0,0.0,14.25,747.75,
2023-04-21 02:00:00,25.25,43.0,7.35,1.0,6.475,21.275,0.8,,,,,,,,,,85.5,1.9000000000000001,,0.0,0.0,14.75,747.0,
2023-04-21 03:00:00,24.75,44.25,7.75,1.7,7.175,23.725,0.75,,,,,,,,,,86.0,1.925,,0.0,0.0,14.25,746.5,
2023-04-21 04:00:00,21.5,45.75,7.824999999999999,1.2,7.0,25.05,1.225,,,,,,,,,,88.0,2.4,,0.0,0.0,14.0,746.75,
2023-04-21 05:00:00,21.75,40.25,7.45,2.2,7.25,24.125,1.1,,,,,,,,,,88.75,1.8,,0.0,0.0,14.75,748.0,
2023-04-21 06:00:00,18.666666666666668,45.0,7.6000000000000005,3.6666666666666665,8.166666666666666,24.03333333333333,1.9333333333333333,,,,,,,,,,87.0,2.2333333333333334,,0.0,0.0,64.0,749.6666666666666,
2023-04-21 07:00:00,23.75,49.75,7.8999999999999995,3.85,8.475,25.775,2.025,,,,,,,,,,81.25,2.425,,0.0,0.0,176.25,751.5,
2023-04-21 08:00:00,35.75,63.75,7.25,4.025,8.024999999999999,21.25,2.375,,,,,,,,,,74.75,2.55,,0.0,0.0,315.75,753.25,
2023-04-21 09:00:00,37.25,85.0,6.875,4.275,7.875,21.299999999999997,6.0,,,,,,,,,,68.0,2.825,,0.0,0.0,441.0,754.0,
2023-04-21 10:00:00,38.666666666666664,91.66666666666667,7.566666666666666,4.6000000000000005,8.533333333333333,21.733333333333334,5.8,,,,,,,,,,62.666666666666664,2.8666666666666667,,0.0,0.0,539.0,752.6666666666666,
2023-04-21 11:00:00,45.0,82.5,7.6000000000000005,4.033333333333334,8.299999999999999,23.599999999999998,5.133333333333333,,,,,,,,,,59.0,2.55,,0.0,0.0,563.0,751.75,
2023-04-21 12:00:00,39.5,86.0,6.533333333333334,4.5,7.7,24.766666666666666,7.2,,,,,,,,,,56.75,2.225,,0.0,0.0,563.0,750.25,
2023-04-21 13:00:00,32.25,79.25,7.5,2.5,7.425,26.3,4.75,,,,,,,,,,65.75,3.275,,0.0,0.0,533.75,748.5,
2023-04-21 14:00:00,33.5,68.75,7.55,2.675,7.574999999999999,28.675,2.1,,,,,,,,,,68.0,3.55,,0.0,0.0,444.25,746.75,
2023-04-21 15:00:00,34.75,70.0,7.125,2.875,7.325,32.375,2.0,,,,,,,,,,71.0,3.575,,0.0,0.0,321.0,746.0,
2023-04-21 16:00:00,34.333333333333336,63.0,7.133333333333333,1.6000000000000003,6.666666666666667,26.366666666666664,1.7,,,,,,,,,,76.66666666666667,3.233333333333333,,0.0,0.0,113.33333333333333,746.0,
2023-04-21 17:00:00,33.0,55.25,7.699999999999999,1.975,7.325,22.825,1.65,,,,,,,,,,81.5,2.975,,0.0,0.0,35.5,746.75,
2023-04-21 18:00:00,27.0,53.0,7.85,2.75,7.85,21.45,1.9,,,,,,,,,,84.0,2.55,,0.0,0.0,16.0,748.0,
2023-04-21 19:00:00,27.75,45.75,7.7,6.9,9.95,20.1,1.35,,,,,,,,,,84.25,2.425,,0.0,0.0,14.0,749.5,
2023-04-21 20:00:00,33.0,57.0,7.875,8.975000000000001,11.15,23.1,1.6,,,,,,,,,,82.0,1.9249999999999998,,0.0,0.0,14.0,750.5,
2023-04-21 21:00:00,37.75,67.75,7.2,7.0,9.575,24.525,1.725,,,,,,,,,,81.25,2.0,,0.0,0.0,14.0,751.0,
2023-04-21 22:00:00,24.25,45.0,7.3,8.25,10.3,23.975,2.3,,,,,,,,,,82.25,1.5,,0.0,0.0,14.0,751.0,
2023-04-21 23:00:00,23.0,43.75,7.875,6.3500000000000005,9.75,24.85,2.225,,,,,,,,,,84.0,2.1,,0.0,0.0,14.0,750.5,
2023-04-22 00:00:00,25.666666666666668,43.0,6.833333333333333,4.233333333333333,7.766666666666667,24.100000000000005,1.6666666666666667,,,,,,,,,,86.0,1.7333333333333334,,0.0,0.0,14.0,749.6666666666666,
2023-04-22 01:00:00,24.75,33.5,7.075,2.575,7.125,21.125,1.575,,,,,,,,,,86.75,1.8,,0.0,0.0,14.0,748.75,
2023-04-22 02:00:00,24.25,40.0,7.525,2.25,7.3,20.275,0.675,,,,,,,,,,86.5,2.6,,0.0,0.0,14.0,748.0,
2023-04-22 03:00:00,24.0,35.75,6.775,2.2,6.675,19.275,0.775,,,,,,,,,,87.0,1.975,,0.0,0.0,14.0,748.0,
2023-04-22 04:00:00,21.0,34.25,8.149999999999999,3.7,8.575,21.85,0.8,,,,,,,,,,86.25,1.55,,0.0,0.0,14.0,748.0,
2023-04-22 05:00:00,21.25,42.25,7.9,4.425,8.775,21.925,0.7666666666666666,,,,,,,,,,87.5,1.475,,0.0,0.0,14.5,749.5,
2023-04-22 06:00:00,23.75,46.25,6.925,4.65,8.1,21.725,1.125,,,,,,,,,,88.25,1.575,,0.0,0.0,48.5,751.0,
2023-04-22 07:00:00,28.25,50.25,7.75,4.675,8.8,22.025,2.075,,,,,,,,,,85.25,1.575,,0.0,0.0,148.75,752.75,
2023-04-22 08:00:00,28.25,61.0,6.9,3.8499999999999996,7.65,23.075000000000003,5.125,,,,,,,,,,79.75,1.8,,0.0,0.0,231.5,754.25,
2023-04-22 09:00:00,34.666666666666664,70.0,6.8999999999999995,3.6999999999999997,7.533333333333334,20.766666666666666,5.033333333333334,,,,,,,,,,72.66666666666667,1.8666666666666665,,0.0,0.0,400.6666666666667,755.0,
2023-04-22 10:00:00,36.5,81.5,7.125,5.2,8.575,21.125,5.733333333333334,,,,,,,,,,68.75,1.875,,0.0,0.0,385.75,754.25,
2023-04-22 11:00:00,44.25,77.5,7.233333333333333,3.9333333333333336,7.966666666666666,23.03333333333333,4.233333333333333,,,,,,,,,,70.75,2.625,,0.0,0.0,553.75,753.5,
2023-04-22 12:00:00,42.75,69.5,8.5,7.633333333333333,10.933333333333332,29.7,1.8,,,,,,,,,,70.0,3.225,,0.0,0.0,572.75,751.75,
2023-04-22 13:00:00,35.0,65.5,7.55,7.2,10.0,27.650000000000002,1.1,,,,,,,,,,71.0,3.475,,0.0,0.0,529.0,750.25,
2023-04-22 14:00:00,30.5,58.0,7.2,6.3,9.225,26.775,2.425,,,,,,,,,,76.75,3.0,,0.0,0.0,100.75,748.75,
2023-04-22 15:00:00,28.5,57.5,7.625,11.6,12.325,22.8,2.7,,,,,,,,,,87.75,1.35,,0.0,0.0,51.0,748.0,
2023-04-22 16:00:00,34.0,55.0,7.125,12.825000000000001,12.575,24.025,1.55,,,,,,,,,,87.25,1.75,12.0,0.0,0.0,141.75,746.5,
2023-04-22 17:00:00,27.0,49.5,7.175,6.075,9.05,21.375,0.8,,,,,,,,,,84.25,2.2,,0.0,0.0,63.0,747.0,
2023-04-22 18:00:00,22.0,42.0,7.575,6.65,9.7,19.3,1.875,,,,,,,,,,86.0,2.0749999999999997,,0.0,0.0,15.75,747.5,
2023-04-22 19:00:00,17.0,39.5,6.975,6.25,9.025,18.075,1.625,,,,,,,,,,88.0,2.45,,0.0,0.0,14.0,748.75,
2023-04-22 20:00:00,21.25,35.0,7.65,6.525,9.65,19.075,1.6,,,,,,,,,,88.0,2.425,,0.0,0.0,14.0,749.75,
2023-04-22 21:00:00,25.25,43.0,7.675000000000001,9.9,11.525,20.05,1.575,,,,,,,,,,88.25,1.9500000000000002,,0.0,0.0,14.0,751.0,
2023-04-22 22:00:00,26.0,39.75,7.824999999999999,12.325,12.9,19.175,0.925,,,,,,,,,,88.0,1.775,,0.0,0.0,14.0,752.0,
2023-04-22 23:00:00,23.5,38.75,8.1,10.3,12.075,20.025,0.7,,,,,,,,,,88.25,1.7000000000000002,,0.0,0.0,14.0,751.5,
2023-04-23 00:00:00,15.25,36.5,8.075,6.95,10.25,24.05,1.65,,,,,,,,,,89.75,1.575,,0.0,0.0,14.0,749.75,
2023-04-23 01:00:00,13.0,32.0,5.65,8.299999999999999,7.55,18.366666666666667,2.033333333333333,,,,,,,,,,90.66666666666667,1.5333333333333332,12.0,0.0,0.0,14.0,749.0,
2023-04-23 02:00:00,26.0,28.5,7.125,5.275,8.6,16.8,2.475,,,,,,,,,,91.0,1.775,,0.0,0.0,14.0,748.75,
2023-04-23 03:00:00,20.333333333333332,27.333333333333332,7.666666666666667,5.2,9.033333333333333,16.133333333333336,2.1333333333333333,,,,,,,,,,91.33333333333333,1.9000000000000001,,0.0,0.0,14.0,748.6666666666666,
2023-04-23 04:00:00,15.0,27.75,7.550000000000001,5.075,8.825,15.225,2.075,,,,,,,,,,91.75,1.625,,0.0,0.0,14.0,748.75,
2023-04-23 05:00:00,15.0,27.0,7.866666666666667,7.7,10.5,16.900000000000002,4.833333333333333,,,,,,,,,,90.0,2.0,,0.0,0.0,14.0,749.6666666666666,
2023-04-23 06:00:00,24.5,39.5,7.575,9.1,11.025,16.975,5.5,,,,,,,,,,88.0,1.825,12.0,0.0,0.0,54.5,751.0,
2023-04-23 07:00:00,27.0,45.0,7.35,9.525,11.025,17.325,6.625,,,,,,,,,,83.75,2.15,,0.0,0.0,172.25,752.5,
2023-04-23 08:00:00,29.0,49.5,7.3,8.625,10.55,18.575,11.475,,,,,,,,,,78.0,2.45,,0.0,0.0,349.0,753.75,
2023-04-23 09:00:00,25.666666666666668,52.0,6.7,7.2,9.299999999999999,21.033333333333335,8.466666666666667,,,,,,,,,,71.33333333333333,2.8666666666666667,,0.0,0.0,432.6666666666667,754.0,
2023-04-23 10:00:00,23.0,47.75,7.2,6.85,9.475,17.1,4.7,,,,,,,,,,65.75,2.0,12.0,0.0,0.0,457.0,753.75,
2023-04-23 11:00:00,20.5,47.75,7.566666666666666,7.133333333333333,9.933333333333334,17.366666666666664,3.033333333333333,,,,,,,,,,67.0,2.4749999999999996,,0.0,0.0,356.75,752.75,
2023-04-23 12:00:00,27.25,49.75,6.3999999999999995,5.466666666666666,8.133333333333333,16.8,1.6,,,,,,,,,,70.0,3.225,,0.0,0.0,491.25,751.5,
2023-04-23 13:00:00,17.5,48.0,7.824999999999999,5.675,9.375,19.95,0.9750000000000001,,,,,,,,,,69.5,3.55,,0.0,0.0,515.75,750.0,
2023-04-23 14:00:00,20.5,42.0,7.7,4.65,8.725000000000001,21.025,2.1,,,,,,,,,,70.25,3.475,,0.0,0.0,418.5,748.25,
2023-04-23 15:00:00,17.75,32.75,7.7,4.425,8.649999999999999,21.025,2.725,,,,,,,,,,73.0,3.3,,0.0,0.0,292.0,747.25,
2023-04-23 16:00:00,23.25,34.5,7.45,3.575,7.9750000000000005,21.8,2.175,,,,,,,,,,74.25,3.45,,0.0,0.0,155.25,746.75,
2023-04-23 17:00:00,24.25,39.5,7.6,4.625,8.625,21.8,2.1,,,,,,,,,,79.25,3.25,,0.0,0.0,30.25,747.25,
2023-04-23 18:00:00,24.25,32.75,6.9,4.475,7.975,17.075,1.725,,,,,,,,,,80.75,3.25,,0.0,0.0,14.5,749.75,
2023-04-23 19:00:00,19.25,30.5,7.125,5.0,8.45,16.3,1.55,,,,,,,,,,83.5,2.425,,0.0,0.0,14.0,751.25,
2023-04-23 20:00:00,12.25,18.5,7.2,6.275,9.175,15.075,1.925,,,,,,,,,,84.0,2.775,,0.0,0.0,14.0,752.75,
2023-04-23 21:00:00,14.75,22.0,8.0,6.025,9.7,17.175,2.0,,,,,,,,,,86.5,2.525,,0.0,0.0,14.0,753.25,
2023-04-23 22:00:00,13.0,19.25,7.575,6.7,9.7,18.65,0.75,,,,,,,,,,86.0,2.15,,0.0,0.0,14.0,754.75,
2023-04-23 23:00:00,17.666666666666668,19.333333333333332,7.733333333333333,5.233333333333333,9.1,19.566666666666666,0.6333333333333333,,,,,,,,,,86.0,2.2333333333333334,,0.0,0.0,14.0,754.3333333333334,
2023-04-24 00:00:00,14.0,21.0,7.55,6.175,9.425,19.025,2.025,,,,,,,,,,85.25,1.6749999999999998,,0.0,0.0,14.0,755.75,
2023-04-24 01:00:00,12.5,31.5,7.475,5.95,9.2,19.975,2.1,,,,,,,,,,85.0,2.825,,0.0,0.0,14.0,755.0,
2023-04-24 02:00:00,19.5,37.0,6.825,6.2250000000000005,8.875,15.2,1.525,,,,,,,,,,87.25,1.45,,0.0,0.0,14.0,753.5,
2023-04-24 03:00:00,27.0,43.5,7.475,8.9,10.8,13.175,1.2,,,,,,,,,,88.25,1.3,,0.0,0.0,14.0,751.25,
2023-04-24 04:00:00,29.75,55.25,7.175,12.25,12.35,10.95,1.325,,,,,,,,,,86.25,1.375,,0.0,0.0,14.0,751.0,
2023-04-24 05:00:00,35.75,60.0,7.199999999999999,14.05,13.35,9.1,1.4,,,,,,,,,,87.5,1.0,,0.0,0.0,14.75,752.25,
2023-04-24 06:00:00,28.75,62.75,7.525,16.2,14.75,9.575,2.1500000000000004,,,,,,,,,,86.75,1.0,,0.0,0.0,49.75,753.25,
2023-04-24 07:00:00,28.25,60.75,7.9,15.375,14.6,13.225,2.375,,,,,,,,,,82.25,1.05,,0.0,0.0,155.0,754.75,
2023-04-24 08:00:00,30.0,63.25,8.125,16.525,15.399999999999999,13.274999999999999,3.9749999999999996,,,,,,,,,,80.25,1.35,,0.0,0.0,227.75,756.5,
2023-04-24 09:00:00,31.5,76.0,7.65,13.6,13.425,17.925,4.1,,,,,,,,,,76.0,1.6,,0.0,0.0,366.25,757.25,
2023-04-24 10:00:00,25.75,56.75,7.475,11.375,12.1,16.075,2.3333333333333335,,,,,,,,,,72.5,1.6,,0.0,0.0,289.25,756.5,
2023-04-24 11:00:00,24.25,50.5,7.533333333333334,9.433333333333334,11.133333333333333,15.566666666666668,2.033333333333333,,,,,,,,,,73.0,1.925,,0.0,0.0,218.25,755.75,
2023-04-24 12:00:00,26.0,43.0,6.2,6.2,8.366666666666667,15.166666666666666,3.025,,,,,,,,,,67.25,2.975,,0.0,0.0,598.0,755.0,
2023-04-24 13:00:00,11.0,37.0,7.35,6.525,9.45,15.649999999999999,3.05,,,,,,,,,,67.25,3.525,,0.0,0.0,552.5,753.75,
2023-04-24 14:00:00,11.75,20.25,8.65,6.075,10.275,20.0,2.675,,,,,,,,,,69.25,3.675,,0.0,0.0,446.25,752.75,
2023-04-24 15:00:00,12.75,23.75,8.4,6.85,10.45,20.8,2.125,,,,,,,,,,71.75,3.675,,0.0,0.0,261.25,751.75,
2023-04-24 16:00:00,12.0,23.333333333333332,,22.733333333333334,6.6,23.633333333333336,1.9333333333333336,,,,,,,,,,79.66666666666667,3.3666666666666667,,0.0,0.0,50.666666666666664,751.0,
2023-04-24 17:00:00,18.0,27.0,7.6,6.4,9.575,22.925,1.7,,,,,,,,,,83.0,2.75,,0.0,0.0,29.0,751.5,
2023-04-24 18:00:00,16.75,32.75,7.475,6.825,9.7,20.45,1.25,,,,,,,,,,82.0,2.525,,0.0,0.0,15.0,752.75,
2023-04-24 19:00:00,11.666666666666666,22.333333333333332,6.733333333333333,6.6000000000000005,9.033333333333333,14.9,1.7,,,,,,,,,,83.0,2.5666666666666664,,0.0,0.0,14.0,753.6666666666666,
2023-04-24 20:00:00,9.25,21.25,6.9,6.6,9.1,14.125,1.25,,,,,,,,,,83.0,2.3,,0.0,0.0,14.0,754.5,
2023-04-24 21:00:00,10.75,22.75,7.2,6.5,9.3,13.5,1.075,,,,,,,,,,83.5,2.375,,0.0,0.0,14.0,756.25,
2023-04-24 22:00:00,13.0,25.0,7.666666666666667,6.133333333333333,9.5,16.2,1.4333333333333333,,,,,,,,,,85.0,2.3000000000000003,,0.0,0.0,14.0,756.6666666666666,
2023-04-24 23:00:00,,,7.5,5.5,9.025,17.775,1.625,,,,,,,,,,86.25,2.2,,0.0,0.0,14.0,755.25,
2023-04-25 00:00:00,,,7.8,4.2,8.566666666666668,18.233333333333334,2.0,,,,,,,,,,87.0,1.8666666666666665,,0.0,0.0,14.0,755.0,
2023-04-25 01:00:00,8.0,15.0,7.275,4.775,8.475,17.975,1.8250000000000002,,,,,,,,,,87.25,1.55,,0.0,0.0,14.0,754.25,
2023-04-25 02:00:00,13.0,14.0,6.85,3.875,7.675,18.75,0.675,,,,,,,,,,88.0,1.7000000000000002,,0.0,0.0,14.0,754.0,
2023-04-25 03:00:00,13.0,14.0,7.25,3.55,7.825,15.35,0.5499999999999999,,,,,,,,,,88.5,1.5,,0.0,0.0,14.0,754.0,
2023-04-25 04:00:00,9.0,15.0,6.65,4.05,7.575,14.35,1.6,,,,,,,,,,89.25,1.45,,0.0,0.0,14.75,754.25,
2023-04-25 05:00:00,9.0,15.75,7.025,4.95,8.35,12.5,1.9,,,,,,,,,,89.25,1.3,,0.0,0.0,14.5,755.25,
2023-04-25 06:00:00,10.0,24.25,7.3,13.975000000000001,13.375,6.85,1.05,,,,,,,,,,82.75,0.7,,0.0,0.0,51.5,755.5,
2023-04-25 07:00:00,13.5,40.75,7.0,9.9,10.95,13.925,0.625,,,,,,,,,,81.75,1.825,12.0,0.0,0.0,180.5,757.25,
2023-04-25 08:00:00,15.5,30.5,7.275,5.575,8.9,17.2,1.6,,,,,,,,,,79.0,2.875,,0.0,0.0,314.25,758.0,
2023-04-25 09:00:00,16.5,21.75,7.25,5.425,8.775,17.9,1.8,,,,,,,,,,74.75,2.775,,0.0,0.0,387.0,758.75,
2023-04-25 10:00:00,14.5,26.5,7.949999999999999,6.300000000000001,9.825,20.225,0.46666666666666673,,,,,,,,,,73.5,3.35,,0.0,0.0,516.0,758.5,
2023-04-25 11:00:00,15.25,26.25,7.266666666666667,5.3,8.733333333333333,18.266666666666666,0.9,,,,,,,,,,69.75,2.775,,0.0,0.0,584.75,758.0,
2023-04-25 12:00:00,24.0,32.0,6.333333333333333,5.566666666666666,8.1,18.666666666666668,2.5,,,,,,,,,,70.33333333333333,3.1333333333333333,,0.0,0.0,540.3333333333334,756.6666666666666,
2023-04-25 13:00:00,27.5,35.0,6.825,4.925,8.175,17.15,3.1,,,,,,,,,,69.75,3.275,,0.0,0.0,525.5,755.5,
2023-04-25 14:00:00,24.75,31.0,7.3,5.025,8.6,17.075,1.75,,,,,,,,,,73.5,3.25,,0.0,0.0,240.5,754.0,
2023-04-25 15:00:00,20.5,29.0,7.6,5.3,8.975,20.25,1.25,,,,,,,,,,76.75,2.825,,0.0,0.0,204.5,753.0,
2023-04-25 16:00:00,19.0,32.0,7.3,5.066666666666666,8.6,20.8,1.7333333333333334,,,,,,,,,,76.66666666666667,2.9,,0.0,0.0,211.33333333333334,752.0,
2023-04-25 17:00:00,17.5,34.5,7.3999999999999995,4.875,8.600000000000001,21.15,1.3,,,,,,,,,,81.0,2.95,,0.0,0.0,78.25,751.0,
2023-04-25 18:00:00,23.666666666666668,34.333333333333336,7.633333333333333,5.233333333333333,9.0,21.96666666666667,0.8333333333333334,,,,,,,,,,82.66666666666667,2.3000000000000003,,0.0,0.0,18.333333333333332,753.0,
2023-04-25 19:00:00,20.75,30.75,7.125,4.95,8.45,19.55,0.9,,,,,,,,,,81.75,2.2,,0.0,0.0,13.5,754.75,
2023-04-25 20:00:00,19.5,31.25,8.525,3.8,8.95,16.225,1.325,,,,,,,,,,81.5,2.175,,0.0,0.0,13.0,755.5,
2023-04-25 21:00:00,19.5,34.0,7.25,5.4,8.75,13.425,1.575,,,,,,,,,,83.0,2.05,,0.0,0.0,13.0,756.25,
2023-04-25 22:00:00,24.5,30.5,7.325,4.325,8.25,13.175,1.45,,,,,,,,,,83.0,1.925,,0.0,0.0,13.75,756.5,
2023-04-25 23:00:00,25.75,29.0,7.85,4.275,8.65,17.875,1.45,,,,,,,,,,83.5,1.675,,0.0,0.0,14.0,755.75,
2023-04-26 00:00:00,21.0,28.666666666666668,7.366666666666667,3.8333333333333335,8.033333333333333,18.966666666666665,1.4333333333333333,,,,,,,,,,84.0,1.9333333333333333,,0.0,0.0,14.0,754.6666666666666,
2023-04-26 01:00:00,14.25,27.0,7.1,3.45,7.625,19.225,1.4,,,,,,,,,,84.0,1.75,,0.0,0.0,14.0,754.0,
2023-04-26 02:00:00,17.5,24.75,7.15,3.825,7.85,18.825,2.775,,,,,,,,,,84.0,1.675,,0.0,0.0,14.0,754.0,
2023-04-26 03:00:00,16.25,26.75,6.925,3.775,7.625,18.2,2.925,,,,,,,,,,84.25,1.475,,0.0,0.0,14.0,753.5,
2023-04-26 04:00:00,19.25,26.25,6.875,3.225,7.325,14.675,2.0,,,,,,,,,,85.0,1.0,,0.0,0.0,14.0,754.0,
2023-04-26 05:00:00,28.25,30.25,7.225,3.725,7.825,13.15,1.6749999999999998,,,,,,,,,,86.0,0.8,,0.0,0.0,14.75,755.0,
2023-04-26 06:00:00,36.5,43.0,6.95,6.775,9.25,10.825,1.9,,,,,,,,,,85.5,1.05,,0.0,0.0,50.75,756.5,
2023-04-26 07:00:00,37.75,53.25,7.375,6.0,9.15,12.025,2.825,,,,,,,,,,83.0,1.55,,0.0,0.0,141.5,757.75,
2023-04-26 08:00:00,29.5,59.5,6.8,6.225,8.825,14.625,3.6,,,,,,,,,,78.5,1.5,,0.0,0.0,192.75,759.0,
2023-04-26 09:00:00,34.5,68.25,7.025,6.875,9.375,15.15,3.5749999999999997,,,,,,,,,,73.75,1.9,,0.0,0.0,325.5,759.0,
2023-04-26 10:00:00,32.333333333333336,69.66666666666667,7.3,5.8,9.033333333333333,16.5,3.0,,,,,,,,,,69.33333333333333,2.266666666666667,,0.0,0.0,440.6666666666667,758.3333333333334,
2023-04-26 11:00:00,29.25,67.25,7.233333333333333,7.3,9.799999999999999,19.099999999999998,4.633333333333334,,,,,,,,,,69.75,2.6,,0.0,0.0,366.0,757.25,
2023-04-26 12:00:00,42.75,75.0,6.166666666666667,8.566666666666666,9.566666666666666,16.133333333333333,11.575,,,,,,,,,,69.0,3.025,,0.0,0.0,543.5,756.25,
2023-04-26 13:00:00,44.75,80.25,6.95,9.149999999999999,10.525,16.45,13.575,,,,,,,,,,67.25,3.275,,0.0,0.0,522.5,754.5,
2023-04-26 14:00:00,43.0,82.0,7.25,9.0,10.725,16.275,11.8,,,,,,,,,,66.75,3.5,,0.0,0.0,444.0,753.25,
2023-04-26 15:00:00,38.5,67.0,7.275,7.55,9.925,16.975,3.25,,,,,,,,,,66.75,3.575,,0.0,0.0,345.5,751.75,
2023-04-26 16:00:00,32.0,68.0,7.3999999999999995,7.766666666666667,10.133333333333333,18.599999999999998,2.6,,,,,,,,,,68.0,3.6666666666666665,,0.0,0.0,218.33333333333334,751.0,
2023-04-26 17:00:00,29.5,70.25,7.95,8.575,11.0,19.025,2.25,,,,,,,,,,70.0,3.075,,0.0,0.0,64.5,750.75,
2023-04-26 18:00:00,33.75,71.25,7.3,8.325,10.35,19.4,1.325,,,,,,,,,,76.75,3.475,,0.0,0.0,16.25,752.25,
2023-04-26 19:00:00,33.0,72.0,6.8999999999999995,9.066666666666668,10.433333333333332,19.933333333333334,0.9,,,,,,,,,,80.33333333333333,3.0,,0.0,0.0,14.0,754.0,
2023-04-26 20:00:00,35.75,65.5,7.0,6.525,9.175,17.725,2.1,,,,,,,,,,82.0,3.0,,0.0,0.0,14.0,755.0,
2023-04-26 21:00:00,32.0,58.0,7.15,5.825,8.925,16.425,2.375,,,,,,,,,,82.0,2.75,,0.0,0.0,14.0,755.75,
2023-04-26 22:00:00,32.0,56.333333333333336,7.266666666666667,5.266666666666667,8.700000000000001,15.833333333333334,1.5999999999999999,,,,,,,,,,82.0,2.466666666666667,,0.0,0.0,14.0,755.6666666666666,
2023-04-26 23:00:00,31.5,54.0,6.65,4.425,7.75,15.95,1.1,,,,,,,,,,82.0,2.275,,0.0,0.0,14.0,755.0,
2023-04-27 00:00:00,28.666666666666668,54.333333333333336,7.366666666666667,4.0,8.1,18.46666666666667,0.6333333333333333,,,,,,,,,,81.66666666666667,2.0,,0.0,0.0,14.0,754.6666666666666,
2023-04-27 01:00:00,27.5,48.25,7.35,3.45,7.8,18.6,0.9,,,,,,,,,,82.5,1.75,,0.0,0.0,14.0,753.75,
2023-04-27 02:00:00,32.0,46.75,7.975,3.7,8.45,18.1,1.175,,,,,,,,,,84.0,1.425,,0.0,0.0,14.0,753.0,
2023-04-27 03:00:00,32.0,50.0,7.625,6.025,9.425,17.2,1.4,,,,,,,,,,84.25,1.0,,0.0,0.0,14.0,753.0,
2023-04-27 04:00:00,33.0,57.25,7.475,8.0,10.375,15.6,1.7,,,,,,,,,,85.75,0.75,,0.0,0.0,14.0,753.25,
2023-04-27 05:00:00,35.5,71.75,7.25,12.15,12.4,9.725,1.825,,,,,,,,,,87.0,0.575,,0.0,0.0,14.75,754.0,
2023-04-27 06:00:00,34.25,78.25,6.9,11.475000000000001,11.725,9.775,2.625,,,,,,,,,,86.0,0.725,,0.0,0.0,66.0,754.75,
2023-04-27 07:00:00,34.25,76.5,6.9,5.55,8.55,13.45,2.7,,,,,,,,,,79.5,1.475,,0.0,0.0,178.25,755.75,
2023-04-27 08:00:00,31.0,59.25,7.8500000000000005,5.050000000000001,9.05,16.325,3.3,,,,,,,,,,74.25,1.675,,0.0,0.0,263.5,757.5,
2023-04-27 09:00:00,29.0,56.75,7.725,4.875,8.875,16.849999999999998,3.35,,,,,,,,,,69.5,1.975,,0.0,0.0,383.5,758.0,
2023-04-27 10:00:00,31.25,57.0,7.45,4.725,8.575,17.3,2.1333333333333333,,,,,,,,,,66.25,2.25,,0.0,0.0,559.25,758.0,
2023-04-27 11:00:00,28.25,60.0,7.166666666666667,4.933333333333334,8.5,18.766666666666666,1.5,,,,,,,,,,67.75,2.725,,0.0,0.0,528.5,758.0,
2023-04-27 12:00:00,29.0,59.666666666666664,4.833333333333333,5.366666666666667,6.833333333333333,18.266666666666666,2.0,,,,,,,,,,68.0,3.0666666666666664,,0.0,0.0,499.6666666666667,756.6666666666666,
2023-04-27 13:00:00,33.5,57.5,7.225,4.35,8.175,15.9,2.05,,,,,,,,,,70.5,3.125,,0.0,0.0,480.75,755.5,
2023-04-27 14:00:00,29.75,52.25,7.325,3.625,7.85,15.45,0.9,,,,,,,,,,70.75,2.825,,0.0,0.0,373.75,754.5,
2023-04-27 15:00:00,31.75,49.5,7.075,4.075,7.925,14.675,0.975,,,,,,,,,,72.75,2.6,,0.0,0.0,230.25,753.75,
2023-04-27 16:00:00,30.75,47.5,7.55,3.4,7.925,16.5,1.75,,,,,,,,,,74.0,2.6,,0.0,0.0,131.75,753.0,
2023-04-27 17:00:00,29.75,47.75,7.625,4.7,8.7,17.425,2.45,,,,,,,,,,73.75,2.4,,0.0,0.0,70.0,753.0,
2023-04-27 18:00:00,29.0,50.75,7.275,4.975,8.575,17.8,1.1,,,,,,,,,,78.5,2.475,,0.0,0.0,17.5,754.0,
2023-04-27 19:00:00,28.5,43.5,7.725,4.95,8.925,17.75,1.025,,,,,,,,,,80.75,1.925,,0.0,0.0,14.0,755.0,
2023-04-27 20:00:00,27.75,42.75,7.325,4.9,8.55,18.65,1.075,,,,,,,,,,81.75,1.85,,0.0,0.0,14.0,756.0,
2023-04-27 21:00:00,30.333333333333332,43.333333333333336,6.566666666666666,4.0,7.466666666666666,15.733333333333334,1.0666666666666667,,,,,,,,,,83.66666666666667,1.9333333333333333,,0.0,0.0,14.0,757.0,
2023-04-27 22:00:00,29.25,37.5,6.325,4.475,7.525,14.225,1.325,,,,,,,,,,84.25,1.75,,0.0,0.0,14.0,757.0,
2023-04-27 23:00:00,22.5,30.0,6.9,3.7249999999999996,7.575,13.75,1.05,,,,,,,,,,85.0,1.7,,0.0,0.0,14.0,757.0,
2023-04-28 00:00:00,18.5,30.5,7.1,4.275,8.0,14.025,1.3,,,,,,,,,,85.0,1.475,,0.0,0.0,14.25,756.5,
2023-04-28 01:00:00,19.25,33.0,7.775,3.825,8.375,15.75,1.075,,,,,,,,,,85.0,1.425,,0.0,0.0,14.0,756.0,
2023-04-28 02:00:00,16.75,35.5,7.575,3.6500000000000004,8.1,16.1,0.825,,,,,,,,,,85.25,1.4,,0.0,0.0,14.0,755.5,
2023-04-28 03:00:00,16.0,33.333333333333336,7.466666666666666,3.5,7.933333333333333,15.9,1.2,,,,,,,,,,85.66666666666667,1.1666666666666667,,0.0,0.0,14.0,755.0,
2023-04-28 04:00:00,16.0,32.0,7.366666666666667,3.6999999999999997,7.933333333333334,15.766666666666666,0.35,,,,,,,,,,85.33333333333333,1.1333333333333333,,0.0,0.0,14.0,755.0,
2023-04-28 05:00:00,18.75,35.0,6.925,9.15,10.5,11.725,0.6,,,,,,,,,,81.0,0.725,,1.0,1.0,14.75,756.0,
2023-04-28 06:00:00,28.0,42.5,8.55,11.25,12.975,25.875,0.7,,,,,,,,,,84.0,0.725,,0.0,0.0,46.0,756.5,
2023-04-28 07:00:00,28.75,61.0,5.625,6.425,7.975,21.525,1.025,,,,,,,,,,83.0,1.35,,0.0,0.0,145.5,758.25,
2023-04-28 08:00:00,22.25,46.75,6.375,5.925,8.35,12.075,0.9750000000000001,,,,,,,,,,76.75,1.575,,0.0,0.0,257.25,759.75,
2023-04-28 09:00:00,21.75,40.25,7.925000000000001,5.85,9.55,15.475,1.5250000000000001,,,,,,,,,,70.5,2.0,,0.0,0.0,441.75,759.75,
2023-04-28 10:00:00,20.0,41.5,7.675,6.625,9.8,18.375,2.2666666666666666,,,,,,,,,,67.75,2.225,,0.0,0.0,552.5,758.75,
2023-04-28 11:00:00,26.5,44.5,7.166666666666667,6.166666666666667,9.1,20.3,2.2333333333333334,,,,,,,,,,67.0,2.95,,0.0,0.0,598.75,758.0,
2023-04-28 12:00:00,27.25,50.5,6.766666666666667,4.966666666666666,8.166666666666666,18.3,2.825,,,,,,,,,,65.75,3.125,,0.0,0.0,602.25,757.0,
2023-04-28 13:00:00,24.5,52.5,7.0,4.775,8.225,19.825,2.75,,,,,,,,,,66.75,3.625,,0.0,0.0,566.75,755.5,
2023-04-28 14:00:00,22.0,43.25,6.85,3.7,7.525,16.05,1.15,,,,,,,,,,69.0,3.825,,0.0,0.0,476.25,754.25,
2023-04-28 15:00:00,17.0,37.333333333333336,7.233333333333333,4.366666666666667,8.233333333333333,16.933333333333334,0.8666666666666667,,,,,,,,,,70.0,3.6666666666666665,,0.0,0.0,308.6666666666667,752.3333333333334,
2023-04-28 16:00:00,15.5,37.25,7.2,3.9,7.95,14.85,1.725,,,,,,,,,,73.75,3.05,,0.0,0.0,102.25,752.0,
2023-04-28 17:00:00,22.75,40.75,7.300000000000001,4.4,8.3,17.25,1.625,,,,,,,,,,77.5,3.175,,0.0,0.0,77.75,752.0,
2023-04-28 18:00:00,21.333333333333332,39.666666666666664,7.400000000000001,5.6000000000000005,9.0,19.633333333333336,0.8666666666666667,,,,,,,,,,78.66666666666667,2.6999999999999997,,0.0,0.0,23.0,752.6666666666666,
2023-04-28 19:00:00,20.75,38.0,7.125,6.175,9.05,19.599999999999998,0.8500000000000001,,,,,,,,,,79.5,2.4,,0.0,0.0,13.75,754.0,
2023-04-28 20:00:00,21.75,34.0,7.3,5.35,8.774999999999999,19.5,1.7,,,,,,,,,,81.75,2.475,,0.0,0.0,14.0,755.25,
2023-04-28 21:00:00,18.5,29.25,7.0,4.75,8.225,21.0,1.875,,,,,,,,,,82.0,2.25,,0.0,0.0,14.0,756.0,
2023-04-28 22:00:00,17.75,24.25,7.35,4.9,8.575,15.975000000000001,2.35,,,,,,,,,,83.5,2.1,,0.0,0.0,14.0,756.5,
2023-04-28 23:00:00,10.25,24.0,6.925000000000001,3.175,7.325,15.25,2.55,,,,,,,,,,81.5,1.9249999999999998,,0.0,0.0,14.0,756.0,
2023-04-29 00:00:00,8.75,20.75,7.375,3.3,7.725,14.35,1.85,,,,,,,,,,83.0,1.675,,0.0,0.0,14.0,755.5,
2023-04-29 01:00:00,12.0,19.25,7.15,2.725,7.275,14.85,1.4,,,,,,,,,,84.0,1.55,,0.0,0.0,14.0,753.75,
2023-04-29 02:00:00,13.75,18.25,7.9,2.675,7.8500000000000005,16.875,1.725,,,,,,,,,,83.75,1.425,,0.0,0.0,14.0,753.25,
2023-04-29 03:00:00,10.0,19.75,7.475,4.074999999999999,8.25,16.375,1.525,,,,,,,,,,84.25,0.925,,0.0,0.0,14.0,753.0,
2023-04-29 04:00:00,11.333333333333334,17.0,7.766666666666667,4.7,8.799999999999999,15.866666666666667,2.3666666666666667,,,,,,,,,,84.33333333333333,0.8333333333333334,,0.0,0.0,14.0,753.3333333333334,
2023-04-29 05:00:00,16.25,31.0,7.9,7.3,10.299999999999999,14.075,2.675,,,,,,,,,,85.0,0.825,,0.0,0.0,15.0,754.25,
2023-04-29 06:00:00,26.0,52.75,7.3,9.2,10.825,9.774999999999999,2.875,,,,,,,,,,87.5,0.725,,0.0,0.0,40.5,755.5,
2023-04-29 07:00:00,35.5,66.5,7.25,10.375,11.425,8.950000000000001,2.875,,,,,,,,,,82.25,0.825,,0.0,0.0,148.0,757.5,
2023-04-29 08:00:00,33.25,66.75,6.75,7.375,9.424999999999999,12.65,2.675,,,,,,,,,,76.75,1.75,,0.0,0.0,266.0,758.5,
2023-04-29 09:00:00,20.5,40.5,7.875,4.975,9.05,13.775,2.05,,,,,,,,,,73.0,1.875,,0.0,0.0,382.0,759.0,
2023-04-29 10:00:00,16.0,28.75,8.0,4.45,8.875,16.925,2.1666666666666665,,,,,,,,,,68.75,2.575,,0.0,0.0,513.5,758.0,
2023-04-29 11:00:00,17.5,34.0,7.7,5.2,8.966666666666667,18.599999999999998,1.4333333333333333,,,,,,,,,,70.25,3.1,,0.0,0.0,537.0,757.75,
2023-04-29 12:00:00,21.5,31.25,,5.2,,17.9,1.675,,,,,,,,,,65.5,3.35,,0.0,0.0,566.75,756.25,
2023-04-29 13:00:00,21.0,23.75,3.35,84.05,47.400000000000006,,2.55,,,,,,,,,,69.75,3.275,,0.0,0.0,332.5,755.0,
2023-04-29 14:00:00,23.5,27.75,6.15,79.925,47.5,,2.8,,,,,,,,,,74.75,3.275,,0.0,0.0,182.25,753.75,
2023-04-29 15:00:00,22.75,32.0,5.825,57.3,35.2,,3.0250000000000004,,,,,,,,,,75.25,2.825,,0.0,0.0,144.5,752.75,
2023-04-29 16:00:00,23.25,30.0,6.575,44.925,29.225,,2.15,,,,,,,,,,77.75,2.55,,0.0,0.0,106.0,752.0,
2023-04-29 17:00:00,16.5,32.25,6.225,41.95,27.375,,1.675,,,,,,,,,,79.0,2.2,,0.0,0.0,70.0,751.75,
2023-04-29 18:00:00,13.5,31.25,6.675,48.875,31.425,,1.225,,,,,,,,,,79.75,2.05,,0.0,0.0,17.5,752.25,
2023-04-29 19:00:00,17.5,33.5,6.3,51.85,32.7,,1.1,,,,,,,,,,83.0,2.15,,0.0,0.0,13.75,754.25,
2023-04-29 20:00:00,15.333333333333334,30.333333333333332,6.266666666666667,51.26666666666667,32.36666666666667,,1.3333333333333333,,,,,,,,,,82.0,1.8333333333333333,,0.0,0.0,13.666666666666666,755.6666666666666,
2023-04-29 21:00:00,14.25,32.5,6.675,50.55,32.325,,1.15,,,,,,,,,,82.25,1.975,,0.0,0.0,13.75,756.0,
2023-04-29 22:00:00,15.0,29.75,5.775,54.55,33.7,,1.025,,,,,,,,,,83.5,1.775,,0.0,0.0,14.0,755.75,
2023-04-29 23:00:00,16.666666666666668,27.333333333333332,6.233333333333333,42.333333333333336,27.599999999999998,,1.3,,,,,,,,,,85.0,1.5999999999999999,,0.0,0.0,14.0,754.0,
2023-04-30 00:00:00,19.25,30.5,6.2,39.875,26.225,,0.95,,,,,,,,,,85.0,1.25,,0.0,0.0,14.0,753.75,
2023-04-30 01:00:00,16.5,29.5,6.95,37.75,25.75,,0.575,,,,,,,,,,86.0,1.375,,0.0,0.0,14.0,752.75,
2023-04-30 02:00:00,15.0,23.5,6.7,39.5,26.475,,2.05,,,,,,,,,,87.0,1.125,12.0,0.0,0.0,14.0,751.5,
2023-04-30 03:00:00,15.75,32.25,7.675,42.925,29.075000000000003,,2.225,,,,,,,,,,87.5,0.95,,0.0,0.0,14.0,751.25,
2023-04-30 04:00:00,18.5,45.75,8.425,43.15,29.8,,1.65,,,,,,,,,,88.0,1.05,,0.0,0.0,14.0,752.0,
2023-04-30 05:00:00,21.0,48.0,11.275,40.75,30.85,,1.775,,,,,,,,,,88.5,1.0,12.0,0.0,0.0,14.5,753.0,
2023-04-30 06:00:00,24.5,47.0,11.975,56.474999999999994,39.775,,1.6,,,,,,,,,,87.25,1.2,,0.0,0.0,47.0,753.75,
2023-04-30 07:00:00,24.0,43.333333333333336,10.299999999999999,44.96666666666667,32.300000000000004,,1.3666666666666665,,,,,,,,,,84.33333333333333,1.7333333333333334,,0.0,0.0,139.33333333333334,755.3333333333334,
2023-04-30 08:00:00,21.0,42.0,8.225,39.375,27.625,,1.9500000000000002,,,,,,,,,,79.5,1.475,,0.0,0.0,269.75,756.5,
2023-04-30 09:00:00,23.75,41.25,7.4,39.625,27.125,,2.075,,,,,,,,,,73.0,1.475,,0.0,0.0,363.25,756.5,
2023-04-30 10:00:00,21.5,39.0,6.05,40.525,26.475,,1.8333333333333333,,,,,,,,,,67.75,1.8,,0.0,0.0,478.75,756.0,
2023-04-30 11:00:00,16.25,37.75,5.966666666666666,49.300000000000004,31.066666666666666,,1.7666666666666666,,,,,,,,,,65.0,2.475,,0.0,0.0,500.0,755.0,
2023-04-30 12:00:00,15.25,34.25,6.933333333333334,49.03333333333333,31.733333333333334,,2.05,,,,,,,,,,62.5,3.375,,0.0,0.0,614.75,753.75,
2023-04-30 13:00:00,17.75,34.0,6.125,48.675,30.85,,2.25,,,,,,,,,,61.75,3.325,,0.0,0.0,578.5,752.0,
2023-04-30 14:00:00,14.25,31.5,5.725,51.0,31.775,,1.0,,,,,,,,,,62.0,3.45,,0.0,0.0,485.0,750.25,
2023-04-30 15:00:00,14.0,31.25,5.525,48.325,30.2,,0.75,,,,,,,,,,66.0,3.5749999999999997,,0.0,0.0,368.25,749.5,
2023-04-30 16:00:00,12.25,25.75,5.75,41.275,26.625,,0.875,,,,,,,,,,68.75,3.0,,0.0,0.0,194.25,749.0,
2023-04-30 17:00:00,15.25,25.5,5.75,38.95,25.375,,0.825,,,,,,,,,,75.25,2.875,,0.0,0.0,106.75,749.0,
2023-04-30 18:00:00,13.0,26.25,5.45,38.525,24.9,,1.4,,,,,,,,,,79.75,2.4,,0.0,0.0,20.75,750.0,
2023-04-30 19:00:00,13.0,24.0,6.333333333333333,44.0,28.566666666666666,,1.4666666666666668,,,,,,,,,,81.0,2.433333333333333,,0.0,0.0,14.0,751.0,
2023-04-30 20:00:00,12.666666666666666,19.0,6.533333333333334,45.93333333333334,29.766666666666666,,0.7666666666666666,,,,,,,,,,78.66666666666667,2.5,,0.0,0.0,14.0,752.3333333333334,
2023-04-30 21:00:00,15.75,20.5,5.95,46.775,29.700000000000003,,0.7999999999999999,,,,,,,,,,78.0,2.425,,0.0,0.0,14.0,753.5,
2023-04-30 22:00:00,9.0,19.0,5.666666666666667,47.1,29.633333333333336,,1.7333333333333334,,,,,,,,,,79.66666666666667,2.1,,0.0,0.0,14.0,753.3333333333334,
2023-04-30 23:00:00,7.0,18.0,6.033333333333334,52.800000000000004,33.0,,1.4000000000000001,,,,,,,,,,80.66666666666667,1.9666666666666668,,0.0,0.0,14.0,753.0,
2023-05-01 00:00:00,9.75,16.5,5.75,39.25,25.55,,1.175,,,,,,,,,,81.25,2.025,,0.0,0.0,14.0,751.25,
2023-05-01 01:00:00,11.0,14.5,5.725,37.25,24.425,,0.925,,,,,,,,,,82.0,1.725,,0.0,0.0,14.0,750.75,
2023-05-01 02:00:00,10.5,15.5,5.725,36.4,24.05,,1.7,,,,,,,,,,82.0,1.775,,0.0,0.0,14.0,749.75,
2023-05-01 03:00:00,16.5,21.5,6.25,39.1,25.875,,1.8250000000000002,,,,,,,,,,83.0,1.65,,0.0,0.0,14.0,750.0,
2023-05-01 04:00:00,12.0,17.0,6.4,41.075,27.075000000000003,,1.725,,,,,,,,,,83.5,1.3250000000000002,,0.0,0.0,14.0,750.0,
2023-05-01 05:00:00,9.0,22.0,8.0,38.25,26.825,,1.95,,,,,,,,,,89.0,1.125,,0.0,0.0,14.5,750.75,
2023-05-01 06:00:00,9.25,26.75,12.05,34.85,28.325,,2.4,,,,,,,,,,89.25,1.15,,0.0,0.0,35.25,752.25,
2023-05-01 07:00:00,12.25,38.75,8.6,44.525,30.699999999999996,,2.4,,,,,,,,,,85.5,1.4,,0.0,0.0,154.75,753.5,
2023-05-01 08:00:00,18.25,31.5,7.65,38.974999999999994,26.95,,3.125,,,,,,,,,,79.25,1.9,,0.0,0.0,259.75,755.0,
2023-05-01 09:00:00,17.5,30.25,7.025,39.65,26.799999999999997,,3.275,,,,,,,,,,71.5,1.825,,0.0,0.0,326.25,755.75,
2023-05-01 10:00:00,20.25,30.25,6.35,44.45,28.8,,2.9,,,,,,,,,,76.75,2.075,,0.0,0.0,90.75,755.0,
2023-05-01 11:00:00,14.0,24.5,5.766666666666667,43.1,27.633333333333336,,2.5,,,,,,,,,,93.0,1.7000000000000002,,0.0,0.0,113.0,754.0,
2023-05-01 12:00:00,12.0,16.0,7.8,52.5,34.26666666666667,,2.025,,,,,,,,,,83.75,1.175,,0.0,0.0,340.25,753.0,
2023-05-01 13:00:00,16.5,23.5,6.2,53.3,33.375,,2.95,,,,,,,,,,74.5,1.7,,0.0,0.0,269.25,751.75,
2023-05-01 14:00:00,19.5,26.25,5.7,53.5,33.05,,1.775,,,,,,,,,,75.5,2.75,,0.0,0.0,229.0,750.25,
2023-05-01 15:00:00,15.0,20.25,5.875,52.85,32.875,,1.425,,,,,,,,,,78.25,3.15,,0.0,0.0,264.5,749.0,
2023-05-01 16:00:00,15.0,18.0,6.1,40.55,26.525,,1.7,,,,,,,,,,82.0,3.325,,0.0,0.0,141.0,749.0,
2023-05-01 17:00:00,11.0,14.0,5.975,36.975,24.5,,1.6,,,,,,,,,,84.25,2.9,,0.0,0.0,42.5,750.75,
2023-05-01 18:00:00,10.25,14.0,5.9,35.475,23.7,,1.025,,,,,,,,,,83.5,2.85,,0.0,0.0,14.5,752.5,
2023-05-01 19:00:00,8.0,14.0,5.825,32.0,21.75,,1.05,,,,,,,,,,82.75,2.175,,0.0,0.0,14.0,753.75,
2023-05-01 20:00:00,3.0,4.0,5.625,36.7,24.1,,1.6500000000000001,,,,,,,,,,83.25,1.775,,0.0,0.0,13.5,754.75,
2023-05-01 21:00:00,4.5,9.5,6.125,38.65,25.525,,1.775,,,,,,,,,,92.0,2.375,,0.0,0.0,14.75,755.5,
2023-05-01 22:00:00,9.0,26.0,5.9750000000000005,40.125,26.225,,1.575,,,,,,,,,,95.5,1.5750000000000002,12.0,0.0,0.0,16.0,756.0,
2023-05-01 23:00:00,,,7.433333333333334,38.733333333333334,26.666666666666668,,3.0,,,,,,,,,,96.66666666666667,2.2333333333333334,,0.0,0.0,16.0,755.3333333333334,
2023-05-02 00:00:00,7.0,8.0,6.6,35.800000000000004,24.4,,1.85,,,,,,,,,,96.75,1.425,,0.0,0.0,15.0,754.25,
2023-05-02 01:00:00,7.0,8.0,5.85,25.325,18.25,,1.75,,,,,,,,,,95.0,0.775,,0.0,0.0,14.0,752.75,
2023-05-02 02:00:00,,,8.225,20.65,17.7,,1.0,,,,,,,,,,95.0,0.65,,0.0,0.0,14.0,752.75,
2023-05-02 03:00:00,,,8.075,21.05,17.725,,1.125,,,,,,,,,,96.5,2.0,,0.0,0.0,16.5,752.0,
2023-05-02 04:00:00,,,6.575,29.25,20.9,,0.1,,,,,,,,,,98.5,1.575,,0.0,0.0,16.75,753.0,
2023-05-02 05:00:00,1.0,,7.3,32.2,23.05,,0.25,,,,,,,,,,99.0,1.075,,0.0,0.0,17.25,753.75,
2023-05-02 06:00:00,1.25,3.0,8.7,31.8,23.975,,1.425,,,,,,,,,,98.75,1.0,,0.0,0.0,22.75,754.75,
2023-05-02 07:00:00,2.5,5.0,11.325,29.325,24.8,,1.5499999999999998,,,,,,,,,,98.0,1.325,,0.0,0.0,42.25,756.0,
2023-05-02 08:00:00,5.0,10.75,8.75,34.25,25.325,,2.7,,,,,,,,,,96.25,1.775,,0.0,0.0,98.0,757.5,
2023-05-02 09:00:00,8.5,12.0,6.95,25.675,19.3,,2.8,,,,,,,,,,91.5,2.125,,0.0,0.0,201.5,758.25,
2023-05-02 10:00:00,9.75,17.5,6.9,27.6,20.325,,2.2333333333333334,,,,,,,,,,85.0,1.75,,0.0,0.0,294.5,757.0,
2023-05-02 11:00:00,9.5,15.5,6.133333333333333,28.566666666666666,20.166666666666668,,2.0,,,,,,,,,,78.75,1.925,,0.0,0.0,485.5,756.5,
2023-05-02 12:00:00,10.75,13.25,6.3,32.5,22.433333333333337,,1.65,,,,,,,,,,77.5,2.275,,0.0,0.0,397.5,755.75,
2023-05-02 13:00:00,10.0,11.0,5.875,32.575,22.1,,1.325,,,,,,,,,,77.75,2.375,,0.0,0.0,308.75,754.75,
2023-05-02 14:00:00,10.0,13.0,6.5,32.766666666666666,22.7,,2.0,,,,,,,,,,77.0,2.6999999999999997,,0.0,0.0,370.3333333333333,753.0,
2023-05-02 15:00:00,9.5,12.0,6.6,35.85,24.425,,2.0,,,,,,,,,,82.5,2.65,,0.0,0.0,247.75,751.75,
2023-05-02 16:00:00,8.0,9.5,,,,,0.725,,,,,,,,,,79.0,2.4,,0.0,0.0,170.0,751.0,
2023-05-02 17:00:00,8.0,11.0,,,,,0.7,,,,,,,,,,82.0,2.325,,0.0,0.0,67.75,751.5,
2023-05-02 18:00:00,,,8.866666666666667,52.699999999999996,35.26666666666667,108.3,1.525,,,,,,,,,,82.5,2.325,,0.0,0.0,20.75,752.75,
2023-05-02 19:00:00,,,5.425,47.75,29.825,50.575,1.45,,,,,,,,,,84.5,2.175,,0.0,0.0,14.0,754.0,
2023-05-02 20:00:00,,,4.85,37.975,24.15,53.175,1.825,,,,,,,,,,87.75,1.75,,0.0,0.0,14.0,754.5,
2023-05-02 21:00:00,,,5.65,42.55,27.225,51.675,1.725,,,,,,,,,,88.75,1.35,,0.0,0.0,14.0,755.75,
2023-05-02 22:00:00,6.0,15.0,5.875,42.55,27.4,51.975,1.15,,,,,,,,,,87.75,1.0,,0.0,0.0,14.0,756.0,
2023-05-02 23:00:00,7.0,15.75,6.5249999999999995,41.15,27.2,53.625,1.325,,,,,,,,,,87.5,0.675,,0.0,0.0,14.0,755.75,
2023-05-03 00:00:00,9.5,17.25,7.25,42.175,28.325,54.0,2.225,,,,,,,,,,89.75,0.525,,0.0,0.0,14.0,754.75,
2023-05-03 01:00:00,9.0,16.25,7.1,34.575,24.2,56.900000000000006,2.5,,,,,,,,,,90.75,0.6000000000000001,,0.0,0.0,14.0,753.5,
2023-05-03 02:00:00,11.5,17.75,8.425,25.7,20.5,60.05,2.175,,,,,,,,,,93.0,0.45,,0.0,0.0,14.0,753.0,
2023-05-03 03:00:00,13.5,20.75,11.45,21.725,20.875,61.625,2.25,,,,,,,,,,93.0,0.825,,0.0,0.0,14.0,752.25,
2023-05-03 04:00:00,26.5,52.75,11.15,20.975,20.225,61.65,3.175,,,,,,,,,,93.5,0.9,,0.0,0.0,14.0,753.0,
2023-05-03 05:00:00,30.25,54.5,12.05,27.9,24.650000000000002,59.475,3.55,,,,,,,,,,94.0,1.05,,0.0,0.0,14.75,753.25,
2023-05-03 06:00:00,20.25,39.25,15.875,27.85,27.7,60.15,3.55,,,,,,,,,,93.0,0.925,12.0,0.0,0.0,33.5,754.75,
2023-05-03 07:00:00,23.75,51.0,13.95,33.475,29.125,57.925,5.35,,,,,,,,,,90.25,1.175,,0.0,0.0,112.5,756.5,
2023-05-03 08:00:00,21.5,42.25,9.65,40.3,29.3,54.075,6.925,,,,,,,,,,86.0,0.9750000000000001,,0.0,0.0,154.25,758.0,
2023-05-03 09:00:00,17.5,27.5,8.35,38.8,27.45,53.75,6.05,,,,,,,,,,82.5,0.8,,0.0,0.0,181.0,758.5,
2023-05-03 10:00:00,20.5,37.75,8.375,30.275,22.925,56.2,8.566666666666668,,,,,,,,,,81.25,1.6,,0.0,0.0,188.25,758.25,
2023-05-03 11:00:00,28.25,45.0,5.675000000000001,34.575,23.025,56.325,7.566666666666667,,,,,,,,,,84.5,2.075,,0.0,0.0,185.75,757.5,
2023-05-03 12:00:00,38.75,43.75,5.675,33.1,22.224999999999998,56.25,10.475,,,,,,,,,,81.5,1.675,,0.0,0.0,236.0,756.25,
2023-05-03 13:00:00,37.333333333333336,44.0,1.7,36.9,21.0,54.9,8.6,,,,,,,,,,81.33333333333333,1.9666666666666668,,0.0,0.0,304.6666666666667,754.0,
2023-05-03 14:00:00,30.5,37.75,0.5,49.3,26.6,53.1,6.425,,,,,,,,,,78.5,1.75,,0.0,0.0,315.5,752.5,
2023-05-03 15:00:00,29.0,45.25,,,,,5.95,,,,,,,,,,82.0,2.975,,0.0,0.0,301.5,751.0,
2023-05-03 16:00:00,21.25,34.5,0.7000000000000001,51.4,27.75,11.375,7.175,,,,,,,,,,83.0,3.175,,0.0,0.0,189.25,751.0,
2023-05-03 17:00:00,22.5,33.25,1.4749999999999999,46.375,25.9,13.0,6.425,,,,,,,,,,85.25,2.75,,0.0,0.0,63.5,751.25,
2023-05-03 18:00:00,17.0,26.0,1.325,26.825,15.35,20.175,2.9000000000000004,,,,,,,,,,86.5,1.9500000000000002,,0.0,0.0,15.75,752.5,
2023-05-03 19:00:00,22.25,28.0,1.875,22.65,13.575,22.475,1.9249999999999998,,,,,,,,,,88.0,1.7999999999999998,,0.0,0.0,13.5,754.0,
2023-05-03 20:00:00,19.75,24.75,1.975,18.375,11.4,23.75,3.0,,,,,,,,,,87.25,1.375,,0.0,0.0,14.0,755.25,
2023-05-03 21:00:00,18.5,26.25,2.625,18.9,12.125,24.675,3.65,,,,,,,,,,87.0,1.175,,0.0,0.0,14.0,756.25,
2023-05-03 22:00:00,17.25,31.25,2.225,27.25,16.325,21.7,3.175,,,,,,,,,,87.25,1.525,,0.0,0.0,14.0,757.0,
2023-05-03 23:00:00,18.25,26.75,3.025,27.325,17.025,22.65,2.525,,,,,,,,,,88.25,1.125,,0.0,0.0,14.0,757.25,
2023-05-04 00:00:00,18.75,28.25,2.2,27.9,16.625,21.775,2.325,,,,,,,,,,89.5,0.675,,0.0,0.0,14.0,755.25,
2023-05-04 01:00:00,19.25,28.25,2.2,38.55,22.325000000000003,17.2,2.6,,,,,,,,,,90.5,1.0,,0.0,0.0,14.0,753.5,
2023-05-04 02:00:00,21.75,36.25,2.425,21.7,13.525,23.325,2.525,,,,,,,,,,90.5,0.65,,0.0,0.0,14.0,752.0,
2023-05-04 03:00:00,19.25,43.25,2.725,13.175,9.225,27.425,2.875,,,,,,,,,,87.75,0.875,,0.0,0.0,14.0,751.75,
2023-05-04 04:00:00,23.0,51.75,4.5,13.35,10.725000000000001,27.35,3.9,,,,,,,,,,90.5,0.925,,0.0,0.0,14.0,752.0,
2023-05-04 05:00:00,24.0,46.5,3.1,15.2,10.6,26.575,4.0,,,,,,,,,,90.5,0.975,,0.0,0.0,15.0,752.75,
2023-05-04 06:00:00,27.5,48.25,8.4,13.975,14.275,28.875,4.4,,,,,,,,,,88.25,0.775,,0.0,0.0,50.5,753.5,
2023-05-04 07:00:00,29.5,67.75,6.95,20.075,16.3,26.525,4.95,,,,,,,,,,83.75,1.0250000000000001,,0.0,0.0,136.75,755.0,
2023-05-04 08:00:00,32.0,72.0,5.0,24.175,16.95,24.05,4.325,,,,,,,,,,77.25,1.025,,0.0,0.0,301.5,756.75,
2023-05-04 09:00:00,31.5,76.5,3.7249999999999996,30.775,19.4,19.725,3.9499999999999997,,,,,,,,,,72.0,1.225,,0.0,0.0,420.5,757.0,
2023-05-04 10:00:00,23.0,64.5,2.433333333333333,40.425,17.3,19.8,3.6333333333333333,,,,,,,,,,69.75,1.725,,0.0,0.0,485.5,756.75,
2023-05-04 11:00:00,27.75,38.75,1.3,21.599999999999998,11.0,21.5,3.866666666666667,,,,,,,,,,70.25,2.35,,0.0,0.0,582.5,756.0,
2023-05-04 12:00:00,24.0,29.0,2.3333333333333335,22.333333333333332,13.766666666666666,21.033333333333335,2.35,,,,,,,,,,71.5,2.975,,0.0,0.0,522.25,755.0,
2023-05-04 13:00:00,15.0,23.0,2.1,19.45,12.05,21.725,2.05,,,,,,,,,,68.5,3.05,,0.0,0.0,521.0,753.25,
2023-05-04 14:00:00,13.5,22.25,2.7,29.75,18.025,17.9,1.475,,,,,,,,,,68.75,2.925,,0.0,0.0,408.25,752.0,
2023-05-04 15:00:00,10.5,22.0,2.25,35.175,20.575,16.3,1.6,,,,,,,,,,70.5,3.05,,0.0,0.0,338.25,750.5,
2023-05-04 16:00:00,14.25,26.75,2.1,38.25,22.05,15.375,0.95,,,,,,,,,,74.25,3.375,,0.0,0.0,212.25,749.5,
2023-05-04 17:00:00,14.0,24.5,2.15,39.675,22.875,14.825,0.65,,,,,,,,,,76.0,2.8,,0.0,0.0,86.75,750.0,
2023-05-04 18:00:00,20.25,31.0,1.875,40.375,23.025,14.875,1.9,,,,,,,,,,79.0,2.675,,0.0,0.0,19.75,751.25,
2023-05-04 19:00:00,19.75,35.5,2.225,27.275,16.325,19.5,2.875,,,,,,,,,,79.0,2.1,,0.0,0.0,14.0,752.0,
2023-05-04 20:00:00,17.25,32.25,1.625,23.625,13.875,20.9,2.525,,,,,,,,,,79.75,1.55,,0.0,0.0,14.0,753.75,
2023-05-04 21:00:00,20.5,33.75,1.825,20.325,12.3,21.825,1.75,,,,,,,,,,81.25,1.7,,0.0,0.0,14.0,755.0,
2023-05-04 22:00:00,18.5,26.0,2.7,24.5,15.225,20.275,1.3,,,,,,,,,,82.75,1.5499999999999998,,0.0,0.0,14.0,755.75,
2023-05-04 23:00:00,16.0,23.0,2.725,28.775,17.525,20.1,1.3,,,,,,,,,,83.5,1.375,,0.0,0.0,14.0,754.5,
2023-05-05 00:00:00,12.5,24.75,2.55,30.4,18.174999999999997,21.7,3.0500000000000003,,,,,,,,,,84.75,1.15,,0.0,0.0,14.0,754.0,
2023-05-05 01:00:00,11.0,30.0,2.8000000000000003,30.5,18.5,18.566666666666666,3.3666666666666667,,,,,,,,,,85.33333333333333,1.0999999999999999,,0.0,0.0,14.0,752.6666666666666,
2023-05-05 02:00:00,19.0,30.75,2.225,32.85,19.3,18.0,1.9,,,,,,,,,,87.5,0.9,,0.0,0.0,14.0,751.25,
2023-05-05 03:00:00,19.25,25.0,2.125,20.450000000000003,12.575,22.6,1.95,,,,,,,,,,88.75,0.75,,0.0,0.0,14.0,750.25,
2023-05-05 04:00:00,19.5,28.5,2.225,17.175,10.9,24.075,0.8333333333333334,,,,,,,,,,90.0,0.65,,0.0,0.0,14.0,750.5,
2023-05-05 05:00:00,19.25,32.5,3.6,13.15,9.925,26.35,0.85,,,,,,,,,,89.0,1.075,,0.0,0.0,14.75,751.0,
2023-05-05 06:00:00,24.333333333333332,47.666666666666664,6.8999999999999995,14.1,13.1,26.7,2.2666666666666666,,,,,,,,,,86.33333333333333,1.2666666666666666,,0.0,0.0,72.33333333333333,752.6666666666666,
2023-05-05 07:00:00,26.75,62.5,5.725,24.4,17.65,23.275,4.225,,,,,,,,,,80.0,1.175,,0.0,0.0,178.25,754.25,
2023-05-05 08:00:00,25.75,59.75,4.925,27.424999999999997,18.575,20.35,5.325,,,,,,,,,,74.0,1.5,,0.0,0.0,265.5,755.25,
2023-05-05 09:00:00,23.75,59.0,3.65,29.425,18.65,20.5,9.3,,,,,,,,,,70.5,1.2,,0.0,0.0,266.75,756.0,
2023-05-05 10:00:00,22.5,67.5,2.875,39.475,23.325,16.625,8.1,,,,,,,,,,66.75,1.375,,0.0,0.0,397.75,755.25,
2023-05-05 11:00:00,29.25,62.5,1.9333333333333336,37.0,21.266666666666666,17.0,5.166666666666667,,,,,,,,,,64.5,1.3,,0.0,0.0,413.0,754.25,
2023-05-05 12:00:00,27.25,51.0,1.4333333333333333,27.066666666666663,15.533333333333333,19.566666666666666,4.425,,,,,,,,,,68.75,2.25,,0.0,0.0,274.25,752.5,
2023-05-05 13:00:00,25.0,43.75,2.7,22.85,14.375,20.75,3.55,,,,,,,,,,71.0,2.825,,0.0,0.0,354.0,751.0,
2023-05-05 14:00:00,18.75,32.75,2.325,24.0,14.7,20.15,5.875,,,,,,,,,,71.75,2.975,,0.0,0.0,334.25,749.75,
2023-05-05 15:00:00,25.0,38.0,2.975,35.05,21.05,16.425,5.95,,,,,,,,,,74.0,3.3499999999999996,,0.0,0.0,233.75,748.75,
2023-05-05 16:00:00,20.25,37.0,2.9,38.15,22.625,15.375,4.25,,,,,,,,,,78.0,3.325,,0.0,0.0,146.5,749.0,
2023-05-05 17:00:00,23.666666666666668,34.0,2.5,37.266666666666666,21.866666666666664,15.799999999999999,2.8000000000000003,,,,,,,,,,81.0,3.233333333333333,,0.0,0.0,46.333333333333336,749.3333333333334,
2023-05-05 18:00:00,23.25,36.5,2.525,36.55,21.525,17.125,2.875,,,,,,,,,,81.5,2.375,,0.0,0.0,14.25,751.75,
2023-05-05 19:00:00,25.5,43.75,3.0,30.424999999999997,18.625,20.85,2.7,,,,,,,,,,84.25,1.6,,0.0,0.0,14.0,752.25,
2023-05-05 20:00:00,28.0,43.75,5.199999999999999,17.575,13.575,28.725,1.65,,,,,,,,,,81.75,1.15,,0.0,0.0,14.0,753.0,
2023-05-05 21:00:00,23.75,49.0,6.0,15.100000000000001,12.9,30.9,1.25,,,,,,,,,,84.0,1.375,,0.0,0.0,14.0,754.0,
2023-05-05 22:00:00,27.75,54.25,3.525,18.5,12.7,27.475,2.875,,,,,,,,,,87.5,1.475,,0.0,0.0,14.0,754.0,
2023-05-05 23:00:00,23.5,41.5,3.0999999999999996,25.2,15.925,23.425,2.95,,,,,,,,,,90.25,1.4,,0.0,0.0,14.0,752.75,
2023-05-06 00:00:00,20.0,35.0,2.75,28.6,17.425,21.925,1.925,,,,,,,,,,89.25,1.05,,0.0,0.0,14.5,751.5,
2023-05-06 01:00:00,14.25,27.0,2.75,29.200000000000003,17.775,21.25,1.55,,,,,,,,,,87.5,0.875,,0.0,0.0,14.5,750.5,
2023-05-06 02:00:00,14.666666666666666,23.0,2.9333333333333336,29.46666666666667,18.03333333333333,20.166666666666668,1.5,,,,,,,,,,86.33333333333333,0.7999999999999999,,0.0,0.0,15.0,749.6666666666666,
2023-05-06 03:00:00,14.0,28.0,2.325,28.375,16.975,20.575,1.625,,,,,,,,,,87.75,0.725,,0.0,0.0,15.0,749.0,
2023-05-06 04:00:00,13.75,31.25,3.05,15.325000000000001,10.625,25.4,2.15,,,,,,,,,,89.0,0.525,,0.0,0.0,14.0,749.25,
2023-05-06 05:00:00,15.25,32.75,3.45,12.4,9.425,26.975,2.35,,,,,,,,,,88.25,0.625,,0.0,0.0,15.5,750.0,
2023-05-06 06:00:00,23.0,40.25,4.25,9.425,8.5,28.75,2.025,,,,,,,,,,87.25,0.725,,0.0,0.0,50.5,751.5,
2023-05-06 07:00:00,26.5,55.25,5.625,13.2,11.6,27.425,2.275,,,,,,,,,,85.0,1.1,,0.0,0.0,112.5,753.0,
2023-05-06 08:00:00,26.0,54.75,5.225,20.825,15.325,24.525,2.675,,,,,,,,,,79.5,1.625,,0.0,0.0,257.25,754.25,
2023-05-06 09:00:00,17.5,55.5,3.625,25.5,16.5,21.625,2.25,,,,,,,,,,73.5,1.875,,0.0,0.0,447.5,755.0,
2023-05-06 10:00:00,13.0,43.75,2.925,26.975,16.725,20.075,3.4333333333333336,,,,,,,,,,68.0,1.85,,0.0,0.0,538.5,755.0,
2023-05-06 11:00:00,21.25,50.75,2.2333333333333334,38.699999999999996,22.400000000000002,16.233333333333334,3.733333333333333,,,,,,,,,,64.5,1.6,,0.0,0.0,501.5,754.0,
2023-05-06 12:00:00,21.0,54.0,2.3333333333333335,25.866666666666664,15.633333333333333,20.599999999999998,3.225,,,,,,,,,,66.25,1.4,,0.0,0.0,151.5,752.25,
2023-05-06 13:00:00,30.0,53.75,2.225,22.725,13.875,22.975,3.3,,,,,,,,,,75.5,2.45,,0.0,0.0,144.5,750.75,
2023-05-06 14:00:00,35.0,64.33333333333333,1.6333333333333335,24.53333333333333,14.366666666666667,22.099999999999998,3.266666666666667,,,,,,,,,,76.0,2.5666666666666664,,0.0,0.0,229.0,750.0,
2023-05-06 15:00:00,27.75,49.75,2.425,24.125,14.8,21.625,3.75,,,,,,,,,,74.5,2.35,,0.0,0.0,284.0,748.5,
2023-05-06 16:00:00,30.0,46.0,2.6,30.233333333333334,18.2,19.333333333333332,4.0,,,,,,,,,,72.33333333333333,2.4,,0.0,0.0,248.66666666666666,748.3333333333334,
2023-05-06 17:00:00,25.25,49.0,2.45,30.35,18.15,19.8,3.575,,,,,,,,,,75.25,1.8,,0.0,0.0,52.5,749.5,
2023-05-06 18:00:00,26.5,51.25,2.7,30.099999999999998,18.175,20.95,1.425,,,,,,,,,,76.25,1.625,,0.0,0.0,17.0,750.5,
2023-05-06 19:00:00,27.5,52.5,2.65,33.025,19.7,20.95,1.175,,,,,,,,,,76.0,1.25,,0.0,0.0,15.0,751.75,
2023-05-06 20:00:00,29.25,66.5,2.825,26.6,16.45,24.15,4.05,,,,,,,,,,77.75,1.125,,0.0,0.0,15.0,752.75,
2023-05-06 21:00:00,38.0,77.5,5.5,16.45,13.25,28.55,5.0,,,,,,,,,,81.25,1.1,,0.0,0.0,15.0,754.0,
2023-05-06 22:00:00,33.0,70.0,3.875,17.3,12.35,27.625,1.4,,,,,,,,,,84.5,1.725,,0.0,0.0,15.0,754.0,
2023-05-06 23:00:00,27.0,43.0,3.1333333333333333,16.766666666666666,11.466666666666667,25.566666666666666,0.3,,,,,,,,,,86.33333333333333,1.6666666666666667,,0.0,0.0,15.0,753.6666666666666,
2023-05-07 00:00:00,18.0,30.0,2.925,24.450000000000003,15.375,22.0,1.325,,,,,,,,,,86.75,1.675,,0.0,0.0,15.0,752.75,
2023-05-07 01:00:00,24.0,28.0,2.4749999999999996,27.975,16.849999999999998,21.775,2.975,,,,,,,,,,85.75,1.425,,0.0,0.0,15.25,751.0,
2023-05-07 02:00:00,24.0,31.0,2.525,27.45,16.675,21.25,3.375,,,,,,,,,,86.5,1.45,,0.0,0.0,15.0,750.0,
2023-05-07 03:00:00,16.0,33.0,2.85,26.85,16.6,21.799999999999997,3.8,,,,,,,,,,86.5,1.175,,0.0,0.0,15.75,749.0,
2023-05-07 04:00:00,16.0,34.0,3.325,43.725,25.975,16.05,2.075,,,,,,,,,,87.0,1.25,,0.0,0.0,15.0,749.75,
2023-05-07 05:00:00,15.25,35.0,3.4000000000000004,15.95,11.25,26.025,1.75,,,,,,,,,,85.0,1.375,,0.0,0.0,16.0,750.75,
2023-05-07 06:00:00,15.75,29.75,3.8,11.85,9.4,27.55,2.775,,,,,,,,,,82.0,1.475,,0.0,0.0,39.25,751.5,
2023-05-07 07:00:00,21.0,35.5,3.7750000000000004,11.475,9.200000000000001,27.625,2.775,,,,,,,,,,79.75,1.575,,0.0,0.0,96.0,752.25,
2023-05-07 08:00:00,13.333333333333334,44.0,4.166666666666667,18.099999999999998,13.066666666666668,25.2,2.233333333333333,,,,,,,,,,77.66666666666667,1.4000000000000001,,0.0,0.0,141.66666666666666,753.6666666666666,
2023-05-07 09:00:00,18.25,44.5,3.55,23.35,15.3,22.8,2.6,,,,,,,,,,76.75,1.425,12.0,0.0,0.0,140.5,754.0,
2023-05-07 10:00:00,25.0,57.25,3.0749999999999997,25.2,15.95,21.95,3.466666666666667,,,,,,,,,,73.25,1.25,,0.0,0.0,273.25,754.0,
2023-05-07 11:00:00,24.75,57.5,3.0666666666666664,28.766666666666666,17.766666666666666,20.866666666666667,22.03333333333333,,,,,,,,,,69.25,1.875,,0.0,0.0,373.0,753.25,
2023-05-07 12:00:00,25.0,68.0,2.566666666666667,33.833333333333336,20.066666666666666,18.400000000000002,14.725,,,,,,,,,,67.25,2.125,,0.0,0.0,396.75,752.0,
2023-05-07 13:00:00,28.75,75.5,1.8250000000000002,24.925,14.725,21.3,8.725,,,,,,,,,,67.25,1.9249999999999998,,0.0,0.0,308.75,750.5,
2023-05-07 14:00:00,30.0,68.25,2.0,22.8,13.725,22.55,7.800000000000001,,,,,,,,,,73.75,2.5,,0.0,0.0,281.25,749.0,
2023-05-07 15:00:00,26.0,55.25,2.075,22.35,13.575,21.775,4.725,,,,,,,,,,76.5,2.925,,0.0,0.0,232.25,748.0,
2023-05-07 16:00:00,22.25,41.0,3.05,24.299999999999997,15.375,20.65,4.15,,,,,,,,,,77.75,2.4,,0.0,0.0,155.5,747.0,
2023-05-07 17:00:00,20.666666666666668,42.0,3.1,28.066666666666666,17.46666666666667,19.599999999999998,4.433333333333334,,,,,,,,,,78.33333333333333,2.3333333333333335,,0.0,0.0,73.0,747.3333333333334,
2023-05-07 18:00:00,23.0,45.5,2.275,29.625,17.625,19.05,4.5,,,,,,,,,,80.75,1.875,,0.0,0.0,18.75,749.25,
2023-05-07 19:00:00,25.75,48.0,2.35,29.425,17.55,18.925,4.525,,,,,,,,,,82.0,2.125,,0.0,0.0,15.25,750.75,
2023-05-07 20:00:00,25.0,41.75,2.35,31.825000000000003,18.85,17.95,4.9,,,,,,,,,,82.5,1.725,,0.0,0.0,15.25,752.0,
2023-05-07 21:00:00,25.5,41.5,1.975,22.1,13.35,22.724999999999998,3.925,,,,,,,,,,81.75,1.7750000000000001,,0.0,0.0,15.75,753.25,
2023-05-07 22:00:00,26.0,44.25,2.05,17.5,10.95,25.1,2.75,,,,,,,,,,82.75,1.65,,0.0,0.0,15.0,753.0,
2023-05-07 23:00:00,22.25,44.5,2.45,14.975,9.975,24.85,1.45,,,,,,,,,,83.0,2.525,,0.0,0.0,15.0,753.25,
2023-05-08 00:00:00,15.666666666666666,28.666666666666668,1.9666666666666668,14.966666666666667,9.566666666666666,24.46666666666667,2.3000000000000003,,,,,,,,,,88.0,1.5333333333333332,,0.0,0.0,15.0,751.6666666666666,
2023-05-08 01:00:00,6.5,15.5,2.275,21.425,13.225,22.1,2.1,,,,,,,,,,86.75,1.8,,0.0,0.0,15.75,750.25,
2023-05-08 02:00:00,5.75,8.75,2.125,22.925,13.9,21.625,2.65,,,,,,,,,,87.0,1.425,,0.0,0.0,16.0,748.25,
2023-05-08 03:00:00,8.0,11.0,2.05,23.625,14.225,21.8,2.425,,,,,,,,,,87.25,1.025,,0.0,0.0,16.0,747.75,
2023-05-08 04:00:00,12.0,23.0,2.5,24.825,15.25,22.525,2.2,,,,,,,,,,87.5,1.05,,0.0,0.0,16.0,747.75,
2023-05-08 05:00:00,12.75,27.0,8.15,12.075,13.05,29.125,6.225,,,,,,,,,,89.0,0.75,,0.0,0.0,17.5,748.25,
2023-05-08 06:00:00,16.75,39.75,10.7,3.766666666666667,9.55,33.975,4.8,,,,,,,,,,87.0,1.05,,0.0,0.0,73.25,749.25,
2023-05-08 07:00:00,23.5,46.5,6.85,10.575,11.225,29.25,8.6,,,,,,,,,,83.25,1.475,,0.0,0.0,191.25,751.75,
2023-05-08 08:00:00,27.75,60.5,3.6,18.225,12.625,23.95,7.775,,,,,,,,,,79.25,1.875,,0.0,0.0,338.75,753.0,
2023-05-08 09:00:00,28.25,67.0,3.65,30.025,18.875,19.5,7.975,,,,,,,,,,72.75,2.05,,0.0,0.0,465.0,753.0,
2023-05-08 10:00:00,32.0,80.0,2.95,33.7,20.3,18.05,8.9,,,,,,,,,,65.0,2.0,,0.0,0.0,538.5,752.5,
2023-05-08 11:00:00,31.5,74.25,2.5666666666666664,33.86666666666667,20.099999999999998,17.833333333333332,11.1,,,,,,,,,,66.25,2.6999999999999997,,0.0,0.0,517.5,752.0,
2023-05-08 12:00:00,32.0,77.0,2.7,43.5,25.4,15.4,13.4,,,,,,,,,,69.75,3.3,,0.0,0.0,548.75,751.75,
2023-05-08 13:00:00,38.25,77.25,2.2,27.1,13.3,20.15,10.425,,,,,,,,,,70.5,3.3,,0.0,0.0,487.5,750.75,
2023-05-08 14:00:00,37.25,55.25,2.7,30.8,18.6,18.3,6.525,,,,,,,,,,71.0,3.025,,0.0,0.0,383.0,749.75,
2023-05-08 15:00:00,32.25,41.5,,,,,4.075,,,,,,,,,,76.0,3.025,,0.0,0.0,263.0,748.25,
2023-05-08 16:00:00,31.25,40.25,,,,39.3,2.725,,,,,,,,,,71.75,2.875,,0.0,0.0,221.75,747.25,
2023-05-08 17:00:00,27.666666666666668,37.666666666666664,21.833333333333332,15.666666666666666,29.399999999999995,21.900000000000002,3.933333333333333,,,,,,,,,,77.0,2.766666666666667,,0.0,0.0,60.666666666666664,747.3333333333334,
2023-05-08 18:00:00,31.0,47.5,2.725,11.375,8.25,31.099999999999998,2.725,,,,,,,,,,81.5,2.35,,0.0,0.0,18.0,748.25,
2023-05-08 19:00:00,29.0,41.5,1.55,12.95,8.125,26.675,2.6,,,,,,,,,,82.5,1.975,,0.0,0.0,15.0,749.75,
2023-05-08 20:00:00,22.5,35.75,1.875,11.325,7.525,25.3,2.5,,,,,,,,,,84.0,1.75,,0.0,0.0,15.0,751.0,
2023-05-08 21:00:00,20.0,31.5,1.9500000000000002,12.375,8.15,24.725,2.125,,,,,,,,,,83.75,1.75,,0.0,0.0,15.0,752.0,
2023-05-08 22:00:00,16.25,30.75,2.375,13.8,9.3,18.525,1.425,,,,,,,,,,84.0,1.025,,0.0,0.0,15.5,752.75,
2023-05-08 23:00:00,15.0,32.0,2.775,13.925,9.675,16.575,0.975,,,,,,,,,,84.0,0.925,,0.0,0.0,15.0,752.5,
2023-05-09 00:00:00,18.5,29.75,2.3,14.875,9.775,15.45,3.125,,,,,,,,,,85.5,1.0,,0.0,0.0,15.0,751.5,
2023-05-09 01:00:00,21.0,35.0,2.2,11.7,8.0,17.025,4.9,,,,,,,,,,86.0,1.325,,0.0,0.0,15.25,751.0,
2023-05-09 02:00:00,25.25,45.75,2.85,12.55,8.975,19.225,4.85,,,,,,,,,,86.0,1.0,,0.0,0.0,15.25,750.25,
2023-05-09 03:00:00,28.0,54.75,3.175,14.175,10.15,18.35,5.1,,,,,,,,,,87.0,1.0,,0.0,0.0,15.5,750.5,
2023-05-09 04:00:00,25.5,60.75,2.9000000000000004,15.125,10.4,18.55,4.625,,,,,,,,,,87.5,1.0,,0.0,0.0,15.75,750.25,
2023-05-09 05:00:00,27.25,47.5,4.025,20.25,14.025,16.825,3.625,,,,,,,,,,88.0,0.775,,0.0,0.0,18.0,750.75,
2023-05-09 06:00:00,29.0,58.75,6.15,20.4,15.825,13.525,4.225,,,,,,,,,,85.5,0.725,,0.0,0.0,75.0,751.0,
2023-05-09 07:00:00,32.5,72.0,4.55,13.850000000000001,11.075000000000001,15.875,5.925000000000001,,,,,,,,,,77.5,0.6749999999999999,,0.0,0.0,188.25,752.25,
2023-05-09 08:00:00,34.5,80.0,3.1,14.5,10.225,16.325,9.799999999999999,,,,,,,,,,69.5,0.925,,0.0,0.0,327.75,753.25,
2023-05-09 09:00:00,38.25,88.0,2.65,15.850000000000001,10.6,18.65,9.7,,,,,,,,,,65.25,1.15,,0.0,0.0,446.0,753.75,
2023-05-09 10:00:00,45.25,94.0,2.45,16.25,10.625,23.425,10.0,,,,,,,,,,64.75,1.65,,0.0,0.0,459.25,753.25,
2023-05-09 11:00:00,45.0,87.25,3.0999999999999996,13.266666666666666,9.566666666666668,25.166666666666668,6.666666666666667,,,,,,,,,,68.5,2.775,,0.0,0.0,586.25,752.5,
2023-05-09 12:00:00,39.5,65.25,3.266666666666667,13.033333333333333,9.6,26.099999999999998,7.0,,,,,,,,,,67.5,2.825,,0.0,0.0,584.25,751.75,
2023-05-09 13:00:00,32.0,60.0,2.533333333333333,10.700000000000001,7.733333333333333,25.46666666666667,11.233333333333334,,,,,,,,,,67.33333333333333,3.1,,0.0,0.0,563.3333333333334,750.6666666666666,
2023-05-09 14:00:00,43.25,80.5,2.225,8.35,6.225,25.349999999999998,21.174999999999997,,,,,,,,,,70.25,2.95,,0.0,0.0,439.25,749.25,
2023-05-09 15:00:00,55.0,103.0,3.15,9.65,7.7250000000000005,22.325,34.1,,,,,,,,,,70.75,3.125,,0.0,0.0,347.0,748.5,
2023-05-09 16:00:00,57.5,101.25,2.45,7.625,6.025,23.025,17.825,,,,,,,,,,72.5,3.075,,0.0,0.0,219.5,747.75,
2023-05-09 17:00:00,46.666666666666664,67.33333333333333,2.766666666666667,8.4,6.733333333333333,22.566666666666666,10.0,,,,,,,,,,72.66666666666667,2.6999999999999997,,0.0,0.0,73.66666666666667,748.0,
2023-05-09 18:00:00,42.333333333333336,61.333333333333336,2.6333333333333333,11.700000000000001,8.433333333333332,25.433333333333334,7.233333333333334,,,,,,,,,,76.0,2.533333333333333,,0.0,0.0,18.666666666666668,749.0,
2023-05-09 19:00:00,32.5,54.5,2.8,10.85,8.075,26.075,5.375,,,,,,,,,,79.0,2.225,,0.0,0.0,15.0,750.25,
2023-05-09 20:00:00,26.0,50.25,2.225,10.4,7.324999999999999,25.475,5.25,,,,,,,,,,79.5,1.7,,0.0,0.0,14.0,751.75,
2023-05-09 21:00:00,29.0,47.5,2.525,8.475000000000001,6.6,24.4,4.6,,,,,,,,,,79.75,1.675,,0.0,0.0,13.0,752.0,
2023-05-09 22:00:00,26.0,34.5,2.0,6.525,5.1,24.175,3.8,,,,,,,,,,81.0,1.5,,0.0,0.0,13.0,752.75,
2023-05-09 23:00:00,18.0,26.5,2.15,6.55,5.225,18.65,2.3,,,,,,,,,,82.75,1.35,,0.0,0.0,13.0,752.5,
2023-05-10 00:00:00,20.5,24.0,2.225,7.1,5.6,16.225,1.675,,,,,,,,,,84.5,1.2,,0.0,0.0,13.0,751.5,
2023-05-10 01:00:00,18.0,21.25,2.45,8.025,6.275,15.05,1.6,,,,,,,,,,85.25,1.1,,0.0,0.0,13.0,750.75,
2023-05-10 02:00:00,16.5,25.25,3.35,8.6,7.25,16.55,1.85,,,,,,,,,,86.75,1.225,,0.0,0.0,13.0,749.75,
2023-05-10 03:00:00,20.0,35.0,3.475,8.4,7.275,19.05,1.7999999999999998,,,,,,,,,,88.5,1.3499999999999999,,0.0,0.0,13.0,749.0,
2023-05-10 04:00:00,17.5,36.5,2.8,10.45,7.825,18.75,1.875,,,,,,,,,,90.0,1.3,,0.0,0.0,13.0,749.0,
2023-05-10 05:00:00,19.25,43.5,2.95,12.7,9.15,18.025,1.9249999999999998,,,,,,,,,,90.0,1.025,,0.0,0.0,13.5,749.25,
2023-05-10 06:00:00,20.0,51.0,2.2,14.9,9.7,17.3,2.2,,,,,,,,,,90.0,0.8,,0.0,0.0,26.0,750.0,
2023-05-10 07:00:00,,,,,,,,,,,,,,,,,,,,,0.0,,,
2023-05-10 08:00:00,,,,,,,,,,,,,,,,,,,,,0.0,,,
2023-05-10 09:00:00,,,,,,,,,,,,,,,,,,,,,0.0,,,
2023-05-10 10:00:00,,,,,,,,,,,,,,,,,63.0,1.6,,0.0,0.0,635.0,751.0,
2023-05-10 11:00:00,38.0,98.0,,7.8,4.1,26.3,5.7,,,,,,,,,,58.25,1.875,,0.0,0.0,581.25,750.75,
2023-05-10 12:00:00,38.666666666666664,98.5,3.5,11.9,9.166666666666666,31.400000000000002,9.45,,,,,,,,,,56.5,1.975,,0.0,0.0,475.0,749.0,
2023-05-10 13:00:00,39.666666666666664,93.25,2.4,13.625,9.2,28.525,8.625,,,,,,,,,,66.25,3.1,,0.0,0.0,395.25,747.5,
2023-05-10 14:00:00,36.333333333333336,72.0,3.9749999999999996,13.475,10.375,28.575,8.85,,,,,,,,,,66.25,2.9,,0.0,0.0,471.25,746.75,
2023-05-10 15:00:00,32.333333333333336,70.0,8.175,16.525,15.425,22.75,11.55,,,,,,,,,,63.25,2.85,,0.0,0.0,331.75,746.0,
2023-05-10 16:00:00,35.0,72.0,3.075,13.350000000000001,9.6,22.975,13.925,,,,,,,,,,66.0,2.675,,0.0,0.0,219.0,746.0,
2023-05-10 17:00:00,39.0,73.25,3.5250000000000004,17.25,12.025,21.2,26.575,,,,,,,,,,67.25,2.425,,0.0,0.0,60.5,746.0,
2023-05-10 18:00:00,42.0,77.25,2.9000000000000004,14.825,10.225,19.75,10.075,,,,,,,,,,73.5,2.275,,0.0,0.0,18.75,747.5,
2023-05-10 19:00:00,30.666666666666668,48.75,3.4749999999999996,12.1,9.275,22.525,6.275,,,,,,,,,,79.25,2.325,,0.0,0.0,15.75,749.25,
2023-05-10 20:00:00,27.0,38.75,2.075,9.625,6.8,25.0,4.05,,,,,,,,,,83.25,2.7,,0.0,0.0,15.5,750.5,
2023-05-10 21:00:00,23.0,28.0,2.75,7.425,6.15,25.025,3.55,,,,,,,,,,85.75,2.25,,0.0,0.0,15.0,752.0,
2023-05-10 22:00:00,18.666666666666668,25.5,2.75,6.675000000000001,5.775,25.175,2.675,,,,,,,,,,85.25,2.0,,0.0,0.0,15.0,752.25,
2023-05-10 23:00:00,19.333333333333332,28.25,2.325,6.225,5.2,25.0,2.45,,,,,,,,,,85.0,1.625,,0.0,0.0,15.5,751.75,
2023-05-11 00:00:00,21.666666666666668,32.0,2.95,9.25,7.275,19.6,3.05,,,,,,,,,,86.0,1.45,,0.0,0.0,16.0,751.0,
2023-05-11 01:00:00,21.5,36.75,3.05,6.9,6.15,19.45,4.675,,,,,,,,,,86.5,1.4,,0.0,0.0,16.0,750.0,
2023-05-11 02:00:00,27.0,56.5,2.15,7.8999999999999995,5.9750000000000005,18.775,6.275,,,,,,,,,,88.25,1.425,,0.0,0.0,15.25,749.25,
2023-05-11 03:00:00,37.25,70.0,2.675,7.925000000000001,6.425,20.5,5.8,,,,,,,,,,89.0,1.175,,0.0,0.0,15.75,749.0,
2023-05-11 04:00:00,30.25,59.5,3.1,9.825,7.75,21.25,6.325,,,,,,,,,,89.0,0.9750000000000001,,0.0,0.0,16.0,749.0,
2023-05-11 05:00:00,28.5,62.5,5.875,17.45,14.075,17.575,5.35,,,,,,,,,,89.75,0.8250000000000001,,0.0,0.0,16.5,749.75,
2023-05-11 06:00:00,41.5,89.5,9.9,20.95,19.2,14.65,7.75,,,,,,,,,,90.0,0.775,,0.0,0.0,43.75,749.5,
2023-05-11 07:00:00,50.0,104.5,6.6,19.25,15.575,19.75,11.375,,,,,,,,,,88.25,1.175,,0.0,0.0,88.75,751.0,
2023-05-11 08:00:00,51.25,108.0,4.0,14.95,11.2,18.25,14.925,,,,,,,,,,86.5,1.1500000000000001,,0.0,0.0,137.25,752.25,
2023-05-11 09:00:00,47.5,110.75,3.625,17.1,12.05,15.45,15.35,,,,,,,,,,82.75,1.35,,0.0,0.0,172.25,752.75,
2023-05-11 10:00:00,52.25,126.5,3.45,15.225000000000001,10.9,15.55,14.5,,,,,,,,,,78.75,1.1,,0.0,0.0,218.75,752.0,
2023-05-11 11:00:00,53.0,125.0,3.6,14.233333333333334,10.466666666666667,17.833333333333332,13.1,,,,,,,,,,71.5,1.275,,0.0,0.0,315.25,752.0,
2023-05-11 12:00:00,54.25,134.25,3.3000000000000003,14.266666666666666,10.299999999999999,21.400000000000002,19.125,,,,,,,,,,65.5,2.0,,0.0,0.0,305.75,751.0,
2023-05-11 13:00:00,59.25,135.75,2.65,11.725,8.4,22.75,18.425,,,,,,,,,,63.75,1.875,,0.0,0.0,330.25,749.5,
2023-05-11 14:00:00,63.25,138.5,2.3333333333333335,11.9,7.75,23.950000000000003,14.55,,,,,,,,,,63.75,2.35,,0.0,0.0,388.0,748.25,
2023-05-11 15:00:00,63.75,135.75,2.75,13.4,9.375,24.5,11.8,,,,,,,,,,70.75,2.8,,0.0,0.0,236.5,748.0,
2023-05-11 16:00:00,62.75,120.75,2.1,10.875,7.5,23.05,13.05,,,,,,,,,,74.0,2.925,,0.0,0.0,156.25,748.0,
2023-05-11 17:00:00,61.75,114.25,2.475,11.225,8.025,21.675,15.25,,,,,,,,,,78.75,2.35,,0.0,0.0,63.75,748.0,
2023-05-11 18:00:00,61.25,113.25,2.85,14.75,10.2,19.25,10.575,,,,,,,,,,80.75,1.7,,0.0,0.0,18.5,748.75,
2023-05-11 19:00:00,58.5,103.25,2.625,13.75,9.425,18.7,7.675,,,,,,,,,,81.75,1.525,,0.0,0.0,15.0,750.0,
2023-05-11 20:00:00,46.75,86.0,2.5,14.075,9.525,20.825,8.1,,,,,,,,,,79.5,1.575,,0.0,0.0,16.0,750.75,
2023-05-11 21:00:00,41.5,75.75,2.8,9.975,7.575,21.95,7.375,,,,,,,,,,83.25,1.6,,0.0,0.0,16.0,752.25,
2023-05-11 22:00:00,38.75,72.25,2.3,11.075,7.775,21.1,8.775,,,,,,,,,,84.75,1.325,,0.0,0.0,16.0,752.75,
2023-05-11 23:00:00,43.25,77.0,2.425,14.35,9.625,19.825,9.25,,,,,,,,,,84.0,1.125,,0.0,0.0,16.0,752.0,
2023-05-12 00:00:00,43.25,89.5,2.45,11.25,7.975,21.25,5.775,,,,,,,,,,87.5,1.225,,0.0,0.0,16.0,751.25,
2023-05-12 01:00:00,49.5,90.25,1.825,9.7,6.65,17.825,5.775,,,,,,,,,,86.75,1.15,,0.0,0.0,15.75,750.0,
2023-05-12 02:00:00,46.25,87.25,2.675,11.4,8.25,15.45,6.1,,,,,,,,,,88.0,0.925,,0.0,0.0,16.0,749.5,
2023-05-12 03:00:00,40.5,81.75,2.1,10.125,7.1,15.5,5.375,,,,,,,,,,90.0,1.175,,0.0,0.0,16.0,749.0,
2023-05-12 04:00:00,39.5,74.5,3.45,17.725,12.25,14.25,3.075,,,,,,,,,,91.25,0.95,,0.0,0.0,16.0,749.75,
2023-05-12 05:00:00,42.25,87.0,3.45,19.400000000000002,13.125,15.4,2.575,,,,,,,,,,91.75,1.275,,0.0,0.0,16.5,750.0,
2023-05-12 06:00:00,47.0,104.75,6.0,24.025,17.65,12.9,4.05,,,,,,,,,,91.5,0.9,12.0,0.0,0.0,46.5,751.0,
2023-05-12 07:00:00,52.0,114.5,5.15,22.45,16.125,15.225,5.275,,,,,,,,,,86.0,1.375,,0.0,0.0,98.25,751.75,
2023-05-12 08:00:00,58.25,123.0,5.375,19.325,14.65,16.825,5.9,,,,,,,,,,77.0,1.3,,0.0,0.0,188.75,752.0,
2023-05-12 09:00:00,59.0,132.25,3.225,18.425,12.425,17.275,5.725,,,,,,,,,,67.5,1.6,,0.0,0.0,369.5,752.5,
2023-05-12 10:00:00,58.0,122.25,3.45,17.025,11.825,17.175,4.5,,,,,,,,,,61.5,1.9500000000000002,12.0,0.0,0.0,462.75,752.5,
2023-05-12 11:00:00,55.5,118.0,2.9333333333333336,15.766666666666666,10.766666666666666,18.233333333333334,4.833333333333333,,,,,,,,,,57.5,1.525,,0.0,0.0,433.25,752.0,
2023-05-12 12:00:00,57.0,121.0,4.95,13.3,11.100000000000001,20.9,3.6,,,,,,,,,,56.0,1.6333333333333335,,0.0,0.0,378.6666666666667,750.6666666666666,
2023-05-12 13:00:00,46.5,118.25,3.1,13.1,9.5,21.25,4.525,,,,,,,,,,57.75,1.75,,0.0,0.0,314.25,749.75,
2023-05-12 14:00:00,51.0,120.0,2.75,15.875,10.7,21.525,7.3,,,,,,,,,,64.0,2.6,,0.0,0.0,365.25,748.0,
2023-05-12 15:00:00,62.75,132.75,3.35,14.575,10.5,25.775,9.025,,,,,,,,,,65.25,2.425,,0.0,0.0,225.0,747.25,
2023-05-12 16:00:00,68.0,131.5,2.4,12.775,8.75,27.9,4.9,,,,,,,,,,70.25,2.125,,0.0,0.0,118.25,747.0,
2023-05-12 17:00:00,58.75,113.25,2.225,11.025,7.675,22.0,3.125,,,,,,,,,,73.25,2.15,,0.0,0.0,53.0,747.5,
2023-05-12 18:00:00,58.25,93.5,2.475,12.15,8.525,19.65,4.1,,,,,,,,,,79.75,2.05,,0.0,0.0,18.5,748.75,
2023-05-12 19:00:00,55.0,100.0,1.925,13.175,8.575,18.325,5.225,,,,,,,,,,81.5,1.725,,0.0,0.0,16.0,750.0,
2023-05-12 20:00:00,42.25,85.5,2.575,16.425,10.8,17.125,2.075,,,,,,,,,,83.0,1.8,,0.0,0.0,16.0,750.75,
2023-05-12 21:00:00,41.0,81.75,3.9,23.2,15.475000000000001,16.175,2.075,,,,,,,,,,81.0,1.4,,0.0,0.0,15.5,752.0,
2023-05-12 22:00:00,41.75,90.5,2.425,19.025,12.1,18.425,2.925,,,,,,,,,,80.0,1.55,,0.0,0.0,15.0,752.0,
2023-05-12 23:00:00,37.25,82.75,2.475,16.35,10.725,18.95,4.55,,,,,,,,,,78.25,2.15,,0.0,0.0,15.0,751.75,
2023-05-13 00:00:00,41.333333333333336,75.0,2.933333333333333,11.700000000000001,8.6,21.2,5.433333333333334,,,,,,,,,,79.33333333333333,2.433333333333333,,0.0,0.0,15.0,750.0,
2023-05-13 01:00:00,35.5,57.75,1.925,11.7,7.775,20.5,9.025,,,,,,,,,,80.75,2.575,,0.0,0.0,16.0,748.75,
2023-05-13 02:00:00,31.0,47.25,2.275,9.6,7.0,18.025,9.375,,,,,,,,,,84.25,2.45,,0.0,0.0,16.0,748.0,
2023-05-13 03:00:00,22.75,41.75,2.25,7.9,6.025,17.675,8.35,,,,,,,,,,87.0,2.8,,0.0,0.0,16.0,748.0,
2023-05-13 04:00:00,25.75,32.75,2.925,8.35,6.8,16.6,5.35,,,,,,,,,,88.0,2.175,,0.0,0.0,16.0,748.75,
2023-05-13 05:00:00,26.0,36.25,3.125,9.175,7.45,18.1,2.9,,,,,,,,,,88.5,2.4,,0.0,0.0,16.25,749.5,
2023-05-13 06:00:00,21.0,42.25,4.575,10.725,9.4,18.075,2.575,,,,,,,,,,88.0,2.225,,0.0,0.0,33.25,750.5,
2023-05-13 07:00:00,24.75,54.0,3.65,11.625,9.175,18.2,2.975,,,,,,,,,,83.75,2.5500000000000003,,0.0,0.0,77.0,752.0,
2023-05-13 08:00:00,29.75,72.25,3.8,12.325,9.625,18.35,2.45,,,,,,,,,,77.0,2.55,,0.0,0.0,130.25,752.75,
2023-05-13 09:00:00,37.75,88.75,3.225,11.675,8.8,19.55,1.375,,,,,,,,,,70.5,2.95,,0.0,0.0,204.5,753.0,
2023-05-13 10:00:00,37.5,106.5,2.65,12.775,8.925,17.425,2.3000000000000003,,,,,,,,,,67.0,2.825,,0.0,0.0,255.0,753.0,
2023-05-13 11:00:00,41.25,100.5,3.9,12.9,10.033333333333333,18.266666666666666,2.3666666666666667,,,,,,,,,,64.5,3.225,,0.0,0.0,429.25,752.5,
2023-05-13 12:00:00,47.5,103.75,2.2666666666666666,13.833333333333334,9.166666666666666,18.866666666666667,0.875,,,,,,,,,,61.0,2.4,,0.0,0.0,462.25,751.5,
2023-05-13 13:00:00,43.25,95.75,3.2,13.275,9.675,20.75,0.25,,,,,,,,,,60.25,2.825,,0.0,0.0,425.0,749.5,
2023-05-13 14:00:00,35.5,84.75,3.25,12.1,9.125,21.775,2.125,,,,,,,,,,59.5,2.65,,0.0,0.0,417.75,747.75,
2023-05-13 15:00:00,37.0,89.5,2.9250000000000003,12.5,9.0,21.7,2.55,,,,,,,,,,59.5,2.6,,0.0,0.0,231.25,747.0,
2023-05-13 16:00:00,37.75,89.0,2.4250000000000003,16.675,10.85,20.4,1.475,,,,,,,,,,60.75,1.55,,0.0,0.0,120.5,747.0,
2023-05-13 17:00:00,42.25,100.75,3.05,21.25,13.774999999999999,20.475,2.0,,,,,,,,,,61.5,1.425,,0.0,0.0,58.25,747.25,
2023-05-13 18:00:00,49.25,128.5,2.3,20.875,13.0,16.25,2.625,,,,,,,,,,64.5,1.375,,0.0,0.0,18.5,748.25,
2023-05-13 19:00:00,52.5,134.25,4.15,29.450000000000003,19.05,11.4,2.7,,,,,,,,,,65.5,1.5,,0.0,0.0,16.0,749.5,
2023-05-13 20:00:00,59.75,136.25,4.025,28.525,18.45,12.2,5.275,,,,,,,,,,67.5,1.225,,0.0,0.0,16.0,750.75,
2023-05-13 21:00:00,56.0,127.75,4.125,26.75,17.6,14.075,4.725,,,,,,,,,,68.75,1.225,,0.0,0.0,15.75,751.0,
2023-05-13 22:00:00,47.75,116.75,4.4,27.25,18.075,15.05,2.975,,,,,,,,,,69.0,1.1500000000000001,,0.0,0.0,15.5,750.75,
2023-05-13 23:00:00,49.75,111.25,3.15,21.325,13.9,17.7,2.75,,,,,,,,,,70.0,1.275,,0.0,0.0,15.0,749.75,
2023-05-14 00:00:00,45.0,99.25,2.225,15.575,10.125,20.025,0.5,,,,,,,,,,70.75,1.625,,0.0,0.0,15.0,748.5,
2023-05-14 01:00:00,33.25,78.5,11.525,8.125,13.7,21.475,,,,,,,,,,,73.5,2.025,,0.0,0.0,15.0,747.25,
2023-05-14 02:00:00,33.0,74.75,2.1,8.45,6.175,20.05,0.39999999999999997,,,,,,,,,,75.5,2.525,,0.0,0.0,16.0,746.5,
2023-05-14 03:00:00,31.25,68.5,1.975,8.775,6.25,18.475,0.7,,,,,,,,,,74.5,3.0,,0.0,0.0,16.0,746.0,
2023-05-14 04:00:00,33.75,68.5,2.975,6.625,5.95,18.575,0.8,,,,,,,,,,69.25,3.15,,0.0,0.0,16.0,747.0,
2023-05-14 05:00:00,30.5,61.25,2.9,7.45,6.3,18.4,0.3,,,,,,,,,,70.0,3.025,,0.0,0.0,17.25,747.75,
2023-05-14 06:00:00,31.5,55.0,3.2,8.925,7.35,19.725,,,,,,,,,,,71.0,3.075,,0.0,0.0,53.0,749.0,
2023-05-14 07:00:00,30.25,61.5,3.675,9.725,8.125,19.725,,,,,,,,,,,70.25,3.175,,0.0,0.0,130.25,750.0,
2023-05-14 08:00:00,30.5,64.5,3.075,9.175,7.375,20.675,1.7999999999999998,,,,,,,,,,68.0,2.875,,0.0,0.0,230.5,751.0,
2023-05-14 09:00:00,30.25,70.25,3.425,10.225,8.25,21.025,2.525,,,,,,,,,,63.5,2.675,,0.0,0.0,369.25,751.75,
2023-05-14 10:00:00,34.0,76.25,3.125,10.6,8.175,21.3,1.8,,,,,,,,,,58.75,2.45,,0.0,0.0,443.25,751.25,
2023-05-14 11:00:00,32.5,83.0,3.2000000000000006,10.233333333333334,8.066666666666666,20.433333333333334,0.1,,,,,,,,,,54.25,2.5,,0.0,0.0,445.25,750.0,
2023-05-14 12:00:00,30.0,85.5,2.9333333333333336,10.533333333333333,8.0,20.0,2.4,,,,,,,,,,52.5,2.65,,0.0,0.0,487.5,748.25,
2023-05-14 13:00:00,33.75,93.75,2.6,9.45,7.15,20.175,2.45,,,,,,,,,,49.5,3.0,,0.0,0.0,475.25,746.5,
2023-05-14 14:00:00,27.75,90.25,3.875,9.5,8.225,24.2,2.6,,,,,,,,,,49.0,2.45,,0.0,0.0,379.25,745.0,
2023-05-14 15:00:00,29.25,73.5,2.975,12.0,8.8,24.025,2.5,,,,,,,,,,48.75,2.05,,0.0,0.0,260.25,744.0,
2023-05-14 16:00:00,27.25,76.5,2.55,16.4,10.825,22.575,2.875,,,,,,,,,,49.0,1.575,,0.0,0.0,166.25,744.0,
2023-05-14 17:00:00,32.75,83.0,2.55,17.75,11.55,23.075,3.2,,,,,,,,,,50.5,1.5,,0.0,0.0,78.75,744.5,
2023-05-14 18:00:00,48.0,96.0,3.0,30.2,18.5,18.725,4.175,,,,,,,,,,52.5,0.7,,0.0,0.0,22.25,745.5,
2023-05-14 19:00:00,53.25,125.5,3.0749999999999997,31.0,19.0,15.375,4.6,,,,,,,,,,61.75,1.55,,0.0,0.0,15.0,747.25,
2023-05-14 20:00:00,57.75,140.0,1.9000000000000001,17.525,10.475,19.825,2.0999999999999996,,,,,,,,,,73.5,1.7750000000000001,,0.0,0.0,16.0,748.5,
2023-05-14 21:00:00,50.25,102.75,2.75,19.15,12.4,17.65,2.85,,,,,,,,,,75.0,1.7,,0.0,0.0,16.0,749.75,
2023-05-14 22:00:00,45.0,85.0,2.625,16.375,10.825,20.5,1.725,,,,,,,,,,76.5,1.65,,0.0,0.0,15.5,749.0,
2023-05-14 23:00:00,34.75,66.5,2.8,12.85,9.15,23.675,1.075,,,,,,,,,,77.75,1.6,,0.0,0.0,15.0,748.5,
2023-05-15 00:00:00,31.0,57.0,3.125,11.1,8.475,22.8,5.75,,,,,,,,,,78.75,1.525,,0.0,0.0,15.5,747.5,
2023-05-15 01:00:00,29.5,57.5,3.0,10.3,7.9,22.8,8.2,,,,,,,,,,79.5,2.475,,0.0,0.0,15.25,746.75,
2023-05-15 02:00:00,25.0,50.0,2.5250000000000004,10.5,7.625,24.65,6.575,,,,,,,,,,78.5,2.45,,0.0,0.0,15.5,746.0,
2023-05-15 03:00:00,24.0,47.75,2.75,11.2,8.175,19.65,4.025,,,,,,,,,,80.5,2.1,,0.0,0.0,16.0,747.0,
2023-05-15 04:00:00,20.75,40.25,2.6999999999999997,11.7,8.4,18.625,2.325,,,,,,,,,,82.25,1.5,,0.0,0.0,16.0,747.25,
2023-05-15 05:00:00,21.0,36.5,3.425,9.3,7.725,18.35,1.45,,,,,,,,,,84.75,2.275,,0.0,0.0,18.0,748.75,
2023-05-15 06:00:00,23.0,34.25,5.15,9.55,9.275,17.950000000000003,0.75,,,,,,,,,,85.0,2.1,,0.0,0.0,72.75,750.0,
2023-05-15 07:00:00,22.25,46.5,5.025,11.075,10.0,19.75,0.9,,,,,,,,,,77.25,2.325,,0.0,0.0,190.5,751.5,
2023-05-15 08:00:00,29.0,68.75,3.025,12.1,8.925,21.025,2.35,,,,,,,,,,69.25,2.55,,0.0,0.0,304.5,752.75,
2023-05-15 09:00:00,32.5,89.75,26.675,14.799999999999999,10.5,23.55,2.625,,,,,,,,,,61.0,2.325,,0.0,0.0,422.75,754.0,
2023-05-15 10:00:00,42.25,100.0,2.875,15.2,10.45,25.675,2.3000000000000003,,,,,,,,,,57.25,2.5,,0.0,0.0,528.75,753.25,
2023-05-15 11:00:00,40.5,99.0,3.1333333333333333,13.833333333333334,9.9,25.733333333333334,1.4333333333333333,,,,,,,,,,54.0,2.65,,0.0,0.0,534.5,752.5,
2023-05-15 12:00:00,45.25,101.75,2.0,11.533333333333333,7.766666666666667,23.933333333333334,3.05,,,,,,,,,,52.5,2.1500000000000004,,0.0,0.0,513.25,751.25,
2023-05-15 13:00:00,52.5,92.25,2.375,11.15,7.875,22.875,4.8,,,,,,,,,,55.75,2.925,,0.0,0.0,471.0,749.5,
2023-05-15 14:00:00,44.25,93.0,3.1750000000000003,9.825000000000001,7.775,22.675,6.324999999999999,,,,,,,,,,62.75,3.225,,0.0,0.0,379.5,748.5,
2023-05-15 15:00:00,42.0,96.0,2.45,10.175,7.4,25.975,8.75,,,,,,,,,,66.5,2.775,,0.0,0.0,280.0,747.5,
2023-05-15 16:00:00,44.0,105.0,2.525,10.8,7.8,26.425,10.0,,,,,,,,,,66.5,2.675,,0.0,0.0,211.75,747.0,
2023-05-15 17:00:00,48.0,102.0,2.4000000000000004,9.55,7.025,26.6,8.05,,,,,,,,,,69.0,2.825,,0.0,0.0,91.25,747.75,
2023-05-15 18:00:00,41.25,92.0,2.3499999999999996,10.875,7.7,26.35,5.925,,,,,,,,,,72.25,2.75,,0.0,0.0,21.5,748.75,
2023-05-15 19:00:00,37.75,84.0,2.025,13.1,8.6,24.85,3.1,,,,,,,,,,75.25,2.95,,0.0,0.0,15.0,749.75,
2023-05-15 20:00:00,35.0,68.75,2.275,18.275,11.6,19.1,1.7,,,,,,,,,,77.25,2.175,,0.0,0.0,15.0,750.75,
2023-05-15 21:00:00,37.75,66.25,2.875,17.575000000000003,11.725,18.35,0.9,,,,,,,,,,79.25,1.75,,0.0,0.0,15.0,751.75,
2023-05-15 22:00:00,35.75,62.75,2.85,17.225,11.475000000000001,18.075000000000003,1.65,,,,,,,,,,79.0,1.85,,0.0,0.0,16.0,752.0,
2023-05-15 23:00:00,30.75,60.5,4.175,11.375,9.45,22.05,2.325,,,,,,,,,,81.75,1.475,,0.0,0.0,15.25,751.75,
2023-05-16 00:00:00,25.75,37.75,2.775,9.05,7.05,23.65,2.2249999999999996,,,,,,,,,,84.5,1.825,,0.0,0.0,15.0,750.25,
2023-05-16 01:00:00,21.0,38.25,1.55,9.375,6.275,23.65,2.5,,,,,,,,,,84.75,2.025,,0.0,0.0,15.0,749.25,
2023-05-16 02:00:00,20.0,41.0,2.275,9.925,7.125,23.425,4.824999999999999,,,,,,,,,,85.0,1.625,,0.0,0.0,15.0,748.75,
2023-05-16 03:00:00,27.0,39.5,2.35,10.075,7.275,24.475,7.4,,,,,,,,,,86.0,2.125,,0.0,0.0,15.25,749.0,
2023-05-16 04:00:00,29.0,46.0,2.075,10.4,7.25,19.175,10.05,,,,,,,,,,85.5,1.95,,0.0,0.0,16.0,749.5,
2023-05-16 05:00:00,27.25,52.0,3.425,11.8,9.075,17.825,10.0,,,,,,,,,,85.25,2.025,,0.0,0.0,17.5,750.75,
2023-05-16 06:00:00,31.0,51.75,4.175,8.775,8.05,18.0,7.15,,,,,,,,,,85.0,2.7,,0.0,0.0,62.25,752.0,
2023-05-16 07:00:00,30.5,54.25,3.9,10.225,8.600000000000001,20.075,5.025,,,,,,,,,,81.5,2.225,,0.0,0.0,183.5,753.0,
2023-05-16 08:00:00,31.0,67.75,3.525,11.925,9.225,22.1,4.325,,,,,,,,,,73.0,2.6,,0.0,0.0,316.5,754.25,
2023-05-16 09:00:00,40.25,86.25,2.8666666666666667,14.1,9.833333333333334,28.95,3.575,,,,,,,,,,63.25,2.4,,0.0,0.0,430.75,755.0,
2023-05-16 10:00:00,49.25,105.75,3.225,17.55,11.95,25.5,4.3999999999999995,,,,,,,,,,53.0,2.15,,0.0,0.0,515.5,754.5,
2023-05-16 11:00:00,45.25,97.5,3.6999999999999997,15.799999999999999,11.366666666666667,28.733333333333334,3.5,,,,,,,,,,51.5,2.2,,0.0,0.0,554.5,753.75,
2023-05-16 12:00:00,38.0,89.0,2.2333333333333334,10.966666666666667,7.633333333333333,23.766666666666666,3.175,,,,,,,,,,47.25,1.9,,0.0,0.0,559.75,752.25,
2023-05-16 13:00:00,33.0,76.0,1.925,10.825,7.3,23.424999999999997,4.175,,,,,,,,,,46.0,1.575,,0.0,0.0,507.25,751.0,
2023-05-16 14:00:00,35.75,77.25,2.325,10.175,7.35,23.925,5.625,,,,,,,,,,52.5,3.45,,0.0,0.0,422.75,750.0,
2023-05-16 15:00:00,37.5,91.5,2.225,10.25,7.275,24.825,7.625,,,,,,,,,,58.5,3.5,,0.0,0.0,312.75,749.25,
2023-05-16 16:00:00,44.75,97.5,3.375,9.475,7.8,27.825,5.45,,,,,,,,,,63.75,2.95,,0.0,0.0,96.5,749.0,
2023-05-16 17:00:00,46.0,103.75,2.175,16.725,10.65,24.9,4.625,,,,,,,,,,66.75,1.95,,0.0,0.0,38.25,750.5,
2023-05-16 18:00:00,51.75,112.5,2.55,21.075,13.275,23.25,2.625,,,,,,,,,,58.5,1.225,,0.0,0.0,18.75,751.25,
2023-05-16 19:00:00,57.75,130.75,1.975,28.175,16.6,21.6,2.4,,,,,,,,,,61.75,1.4500000000000002,,0.0,0.0,15.0,752.25,
2023-05-16 20:00:00,73.0,141.0,1.35,16.075,9.700000000000001,24.55,4.15,,,,,,,,,,74.0,2.375,,0.0,0.0,15.0,753.25,
2023-05-16 21:00:00,53.25,95.0,2.3,17.225,11.025,19.675,3.325,,,,,,,,,,77.5,2.25,,0.0,0.0,15.0,754.0,
2023-05-16 22:00:00,39.75,72.25,2.875,16.675,11.175,18.8,1.825,,,,,,,,,,78.75,2.1,,0.0,0.0,15.25,754.25,
2023-05-16 23:00:00,38.5,64.75,2.1,12.025,8.125,20.525,1.4,,,,,,,,,,81.0,2.0,,0.0,0.0,16.0,753.75,
2023-05-17 00:00:00,27.0,57.0,3.2,10.175,8.0,24.275,1.65,,,,,,,,,,81.25,1.85,,0.0,0.0,15.0,752.25,
2023-05-17 01:00:00,23.25,51.25,2.05,7.475,5.65,25.175,1.575,,,,,,,,,,82.5,1.825,,0.0,0.0,15.0,751.5,
2023-05-17 02:00:00,23.5,45.0,1.875,8.8,6.175,24.7,1.025,,,,,,,,,,81.5,2.025,,0.0,0.0,15.0,751.0,
2023-05-17 03:00:00,28.5,49.75,3.075,8.8,7.199999999999999,24.275,0.975,,,,,,,,,,82.25,2.125,,0.0,0.0,15.0,751.0,
2023-05-17 04:00:00,21.75,48.75,0.75,9.975,5.875,24.15,2.475,,,,,,,,,,85.25,1.7000000000000002,,0.0,0.0,15.5,751.75,
2023-05-17 05:00:00,25.75,57.25,3.375,11.7,8.975,17.875,3.3,,,,,,,,,,83.5,1.925,,0.0,0.0,18.0,752.75,
2023-05-17 06:00:00,31.25,61.0,3.3,12.875,9.55,17.025,11.6,,,,,,,,,,80.5,2.125,,0.0,0.0,60.75,754.0,
2023-05-17 07:00:00,34.0,69.75,4.05,12.05,9.725,17.35,22.4,,,,,,,,,,79.75,2.325,,0.0,0.0,165.75,755.75,
2023-05-17 08:00:00,40.0,73.5,3.85,11.075,9.05,21.45,23.35,,,,,,,,,,74.25,2.35,,0.0,0.0,294.0,756.5,
2023-05-17 09:00:00,42.0,88.5,3.425,13.725,10.075,24.025,26.05,,,,,,,,,,67.0,2.4,,0.0,0.0,419.75,757.0,
2023-05-17 10:00:00,49.75,97.25,3.225,14.525,10.325,26.575,28.400000000000002,,,,,,,,,,63.5,2.325,,0.0,0.0,499.0,756.5,
2023-05-17 11:00:00,54.0,109.5,2.6666666666666665,13.366666666666667,9.333333333333334,33.43333333333334,19.599999999999998,,,,,,,,,,60.75,2.15,,0.0,0.0,544.5,755.5,
2023-05-17 12:00:00,50.0,104.5,2.766666666666666,10.4,7.8,31.5,8.525,,,,,,,,,,69.0,3.0,,0.0,0.0,544.25,754.25,
2023-05-17 13:00:00,46.5,90.5,2.8,8.825,6.975,26.0,5.2,,,,,,,,,,69.5,3.0,,0.0,0.0,507.0,752.5,
2023-05-17 14:00:00,43.5,78.75,2.2,9.425,6.8,25.675,3.375,,,,,,,,,,68.5,2.75,,0.0,0.0,428.25,751.75,
2023-05-17 15:00:00,38.75,75.25,2.75,10.325,7.775,24.675,2.875,,,,,,,,,,69.75,2.725,,0.0,0.0,297.0,751.0,
2023-05-17 16:00:00,37.75,76.0,3.525,10.15,8.25,27.1,3.225,,,,,,,,,,73.0,2.55,,0.0,0.0,179.25,751.0,
2023-05-17 17:00:00,35.75,75.75,3.325,11.975,9.05,30.2,2.825,,,,,,,,,,79.0,2.575,,0.0,0.0,47.5,752.0,
2023-05-17 18:00:00,31.25,72.0,2.525,11.15,8.025,28.95,1.7,,,,,,,,,,82.25,2.95,,0.0,0.0,19.75,753.5,
2023-05-17 19:00:00,29.0,63.75,2.075,9.15,6.55,29.675,1.8,,,,,,,,,,87.75,4.25,,0.0,0.0,15.0,756.0,
2023-05-17 20:00:00,26.75,61.75,2.1,7.949999999999999,5.925,31.05,2.575,,,,,,,,,,87.75,3.7,,0.0,0.0,15.0,757.0,
2023-05-17 21:00:00,21.5,48.5,2.45,6.325,5.325,25.4,2.775,,,,,,,,,,87.0,3.425,,0.0,0.0,15.25,758.0,
2023-05-17 22:00:00,26.75,47.5,2.525,7.35,5.949999999999999,22.8,1.9500000000000002,,,,,,,,,,86.75,3.45,,0.0,0.0,15.75,758.0,
2023-05-17 23:00:00,29.25,48.75,3.5,9.8,8.05,20.675,2.075,,,,,,,,,,83.75,2.8,,0.0,0.0,16.0,757.25,
2023-05-18 00:00:00,27.25,44.75,1.725,6.1,4.699999999999999,23.0,1.5,,,,,,,,,,83.75,2.4,,0.0,0.0,15.75,756.0,
2023-05-18 01:00:00,19.75,35.75,2.925,7.05,6.15,25.725,1.0,,,,,,,,,,84.0,2.05,,0.0,0.0,15.75,755.0,
2023-05-18 02:00:00,21.5,36.5,2.65,6.8,5.75,25.95,1.45,,,,,,,,,,84.25,1.975,,0.0,0.0,15.25,754.25,
2023-05-18 03:00:00,20.75,34.5,2.875,7.675,6.425,25.875,1.8,,,,,,,,,,84.5,2.0,,0.0,0.0,15.75,754.0,
2023-05-18 04:00:00,23.5,42.5,2.875,8.1,6.65,25.45,0.75,,,,,,,,,,84.25,1.825,,0.0,0.0,15.5,754.5,
2023-05-18 05:00:00,24.75,45.25,2.675,8.4,6.65,23.575,1.475,,,,,,,,,,86.25,2.175,,0.0,0.0,18.25,756.0,
2023-05-18 06:00:00,26.5,51.0,3.65,9.125,7.824999999999999,19.625,7.050000000000001,,,,,,,,,,87.25,2.075,,0.0,0.0,59.75,757.5,
2023-05-18 07:00:00,33.5,56.75,3.375,9.175,7.625,19.475,10.925,,,,,,,,,,84.5,2.6,,0.0,0.0,165.5,758.75,
2023-05-18 08:00:00,31.75,56.5,3.5999999999999996,8.325,7.375,20.4,13.625,,,,,,,,,,77.75,2.5,,0.0,0.0,312.25,759.75,
2023-05-18 09:00:00,34.25,64.25,4.2,9.6,8.475,24.175,10.725,,,,,,,,,,72.5,2.275,,0.0,0.0,422.75,759.75,
2023-05-18 10:00:00,44.5,87.75,3.075,11.7,8.725000000000001,26.125,15.166666666666666,,,,,,,,,,68.25,2.25,,0.0,0.0,505.5,759.0,
2023-05-18 11:00:00,46.5,103.0,3.433333333333333,11.5,8.9,30.8,18.3,,,,,,,,,,64.0,2.05,,0.0,0.0,544.5,758.25,
2023-05-18 12:00:00,45.25,99.75,2.8000000000000003,11.666666666666666,8.5,30.53333333333333,8.125,,,,,,,,,,70.5,2.95,,0.0,0.0,548.0,756.5,
2023-05-18 13:00:00,36.5,81.5,2.275,10.575,7.4750000000000005,30.775000000000002,4.8,,,,,,,,,,70.5,3.0749999999999997,,0.0,0.0,513.25,755.25,
2023-05-18 14:00:00,35.5,76.75,2.625,7.7,6.2250000000000005,25.35,1.65,,,,,,,,,,72.5,3.25,,0.0,0.0,428.75,754.0,
2023-05-18 15:00:00,38.75,60.5,2.925,6.375,5.725,24.275,1.475,,,,,,,,,,74.25,3.325,,0.0,0.0,319.25,753.0,
2023-05-18 16:00:00,41.5,67.0,2.25,6.225,5.175,23.825,3.85,,,,,,,,,,77.0,3.325,,0.0,0.0,164.25,752.75,
2023-05-18 17:00:00,33.25,63.5,3.15,7.175000000000001,6.375,26.2,4.075,,,,,,,,,,80.25,2.725,,0.0,0.0,29.5,753.5,
2023-05-18 18:00:00,33.0,61.0,2.55,10.575,7.7,27.7,2.5,,,,,,,,,,82.5,2.5,,0.0,0.0,16.75,754.5,
2023-05-18 19:00:00,37.5,57.75,3.8,11.1,9.025,25.275,1.3,,,,,,,,,,84.25,2.5,,0.0,0.0,15.0,755.75,
2023-05-18 20:00:00,32.5,56.25,3.8,10.9,8.9,25.725,1.35,,,,,,,,,,85.0,2.45,,0.0,0.0,15.0,756.75,
2023-05-18 21:00:00,31.25,56.0,4.475,12.775,10.45,26.2,1.225,,,,,,,,,,85.25,2.35,,0.0,0.0,15.0,757.25,
2023-05-18 22:00:00,33.0,60.25,4.225,11.9,9.75,21.85,1.7000000000000002,,,,,,,,,,85.0,2.1,,0.0,0.0,16.0,757.5,
2023-05-18 23:00:00,33.5,54.75,3.575,9.525,7.925,21.6,1.975,,,,,,,,,,84.75,2.825,,0.0,0.0,16.0,756.75,
2023-05-19 00:00:00,25.75,52.5,2.5,9.675,7.2,20.924999999999997,1.225,,,,,,,,,,84.0,1.9000000000000001,,0.0,0.0,16.0,755.5,
2023-05-19 01:00:00,24.75,47.25,3.1,6.275,5.85,22.675,1.0,,,,,,,,,,82.75,2.25,,0.0,0.0,15.75,754.25,
2023-05-19 02:00:00,25.25,45.75,3.15,6.0,5.75,25.3,0.35000000000000003,,,,,,,,,,81.5,2.1,,0.0,0.0,15.75,753.0,
2023-05-19 03:00:00,28.5,50.25,2.525,5.575,5.025,25.225,1.1,,,,,,,,,,80.0,2.225,,0.0,0.0,15.75,753.25,
2023-05-19 04:00:00,26.25,54.75,2.95,7.2250000000000005,6.25,24.05,2.55,,,,,,,,,,81.25,2.225,,0.0,0.0,16.0,754.0,
2023-05-19 05:00:00,25.75,50.0,3.8249999999999997,8.45,7.6,24.475,5.4,,,,,,,,,,82.75,1.775,,0.0,0.0,17.75,754.5,
2023-05-19 06:00:00,31.0,55.75,4.25,8.575,8.025,21.05,8.675,,,,,,,,,,82.5,2.225,,0.0,0.0,61.5,755.75,
2023-05-19 07:00:00,30.75,56.75,4.375,8.275,7.95,19.599999999999998,13.15,,,,,,,,,,80.5,2.875,,0.0,0.0,169.25,757.0,
2023-05-19 08:00:00,31.75,63.0,4.575,8.925,8.45,19.825,16.375,,,,,,,,,,77.0,2.725,,0.0,0.0,295.5,757.75,
2023-05-19 09:00:00,36.25,67.75,3.725,10.45,8.6,20.65,13.85,,,,,,,,,,71.25,2.825,,0.0,0.0,415.0,757.75,
2023-05-19 10:00:00,35.0,76.75,3.375,13.125,9.725,25.875,10.233333333333333,,,,,,,,,,67.5,2.575,,0.0,0.0,500.75,757.0,
2023-05-19 11:00:00,38.0,89.25,2.6999999999999997,12.5,8.833333333333334,29.333333333333332,6.266666666666667,,,,,,,,,,62.0,2.65,,0.0,0.0,549.75,755.5,
2023-05-19 12:00:00,38.25,91.25,2.733333333333333,9.700000000000001,7.3999999999999995,28.933333333333334,3.475,,,,,,,,,,58.25,2.325,,0.0,0.0,542.0,754.5,
2023-05-19 13:00:00,38.0,82.5,2.925,8.35,6.8,27.525,2.0,,,,,,,,,,56.75,2.3,,0.0,0.0,511.25,753.25,
2023-05-19 14:00:00,36.5,75.5,2.125,7.5,5.725,29.55,5.675,,,,,,,,,,67.0,3.15,,0.0,0.0,428.5,751.75,
2023-05-19 15:00:00,42.25,86.25,2.325,8.9,6.625,26.75,7.775,,,,,,,,,,68.0,2.95,,0.0,0.0,321.25,750.5,
2023-05-19 16:00:00,45.25,86.25,2.85,8.35,6.725,26.8,5.875,,,,,,,,,,71.5,3.325,,0.0,0.0,195.5,750.0,
2023-05-19 17:00:00,42.5,80.25,2.2,8.475000000000001,6.3,25.25,3.475,,,,,,,,,,77.0,3.0,,0.0,0.0,80.0,750.0,
2023-05-19 18:00:00,39.0,69.75,3.6500000000000004,10.625,8.625,26.475,2.525,,,,,,,,,,81.0,3.05,,0.0,0.0,19.25,750.5,
2023-05-19 19:00:00,33.0,70.0,3.375,14.475,10.425,25.75,2.125,,,,,,,,,,81.25,2.7,,0.0,0.0,15.0,752.0,
2023-05-19 20:00:00,32.75,61.5,3.8,15.0,11.1,26.125,1.2249999999999999,,,,,,,,,,82.5,2.8,,0.0,0.0,15.75,753.25,
2023-05-19 21:00:00,30.0,53.5,3.075,14.375,10.15,26.375,1.025,,,,,,,,,,84.75,2.875,,0.0,0.0,15.75,754.25,
2023-05-19 22:00:00,23.75,51.5,3.15,11.125,8.475,28.0,2.4,,,,,,,,,,87.0,2.85,,0.0,0.0,15.75,754.0,
2023-05-19 23:00:00,22.75,48.0,3.275,10.775,8.375,22.6,2.9,,,,,,,,,,86.25,2.7,,0.0,0.0,16.0,754.5,
2023-05-20 00:00:00,21.75,41.25,5.15,7.933333333333334,6.375,22.375,2.05,,,,,,,,,,85.5,2.7,,0.0,0.0,16.0,753.5,
2023-05-20 01:00:00,20.0,37.0,2.6500000000000004,5.75,5.175,22.8,1.325,,,,,,,,,,86.25,2.075,,0.0,0.0,16.75,752.25,
2023-05-20 02:00:00,17.75,30.75,3.05,5.975,5.625,23.875,2.2,,,,,,,,,,87.0,1.825,,0.0,0.0,16.5,752.0,
2023-05-20 03:00:00,18.25,33.75,2.725,6.85,5.825,25.325,1.9249999999999998,,,,,,,,,,87.0,1.875,,0.0,0.0,16.0,751.5,
2023-05-20 04:00:00,14.0,40.5,2.775,7.6,6.275,24.95,4.825,,,,,,,,,,87.0,1.975,,0.0,0.0,16.0,752.0,
2023-05-20 05:00:00,18.5,26.75,2.925,8.1,6.675,24.575,8.125,,,,,,,,,,87.0,2.375,,0.0,0.0,17.75,753.0,
2023-05-20 06:00:00,22.25,29.75,4.550000000000001,10.05,9.05,25.475,11.925,,,,,,,,,,86.0,1.85,,0.0,0.0,66.75,753.5,
2023-05-20 07:00:00,21.5,43.75,4.4,9.75,8.775,21.1,20.0,,,,,,,,,,82.5,2.15,,0.0,0.0,178.75,755.25,
2023-05-20 08:00:00,27.0,56.0,4.8,10.075,9.225,20.625,21.825,,,,,,,,,,77.0,1.65,,0.0,0.0,306.0,756.25,
2023-05-20 09:00:00,32.25,69.5,3.35,9.15,7.6000000000000005,21.3,13.375,,,,,,,,,,71.5,1.65,,0.0,0.0,420.0,756.25,
2023-05-20 10:00:00,37.75,73.5,2.525,10.975000000000001,7.9,23.05,7.966666666666666,,,,,,,,,,65.75,1.725,,0.0,0.0,508.75,755.5,
2023-05-20 11:00:00,34.0,72.0,3.7999999999999994,11.733333333333334,9.299999999999999,33.699999999999996,4.633333333333334,,,,,,,,,,61.75,1.675,,0.0,0.0,553.5,754.25,
2023-05-20 12:00:00,42.0,86.0,2.533333333333333,11.966666666666667,8.433333333333332,28.166666666666668,5.325,,,,,,,,,,63.5,2.7,,0.0,0.0,548.0,752.5,
2023-05-20 13:00:00,39.25,86.0,1.75,9.975,6.725,29.0,5.5,,,,,,,,,,68.25,3.3499999999999996,,0.0,0.0,517.25,751.25,
2023-05-20 14:00:00,32.0,,2.3,8.025,6.15,29.65,5.225,,,,,,,,,,67.0,3.225,,0.0,0.0,437.75,750.5,
2023-05-20 15:00:00,35.0,,1.75,6.325,4.775,28.575,4.775,,,,,,,,,,67.5,3.3,,0.0,0.0,321.75,749.5,
2023-05-20 16:00:00,35.25,,2.35,6.15,5.15,24.425,4.975,,,,,,,,,,68.75,3.45,,0.0,0.0,194.25,749.0,
2023-05-20 17:00:00,36.5,,1.725,7.25,5.275,23.2,4.4,,,,,,,,,,73.5,2.975,,0.0,0.0,78.0,749.5,
2023-05-20 18:00:00,36.5,,2.75,7.8,6.4,22.225,2.05,,,,,,,,,,79.0,2.575,,0.0,0.0,19.0,750.5,
2023-05-20 19:00:00,30.0,,2.825,8.35,6.725,25.475,0.75,,,,,,,,,,83.5,2.925,,0.0,0.0,16.0,752.0,
2023-05-20 20:00:00,24.5,,2.075,7.625,5.775,26.95,0.775,,,,,,,,,,87.0,3.125,,0.0,0.0,16.0,753.75,
2023-05-20 21:00:00,23.25,,3.05,10.65,8.125,25.725,0.75,,,,,,,,,,87.75,2.625,,0.0,0.0,16.0,754.75,
2023-05-20 22:00:00,18.25,,3.4,12.625,9.475,24.675,1.275,,,,,,,,,,84.25,2.65,,0.0,0.0,15.0,755.5,
2023-05-20 23:00:00,28.75,,3.0749999999999997,11.725,8.75,25.875,1.85,,,,,,,,,,83.5,2.225,,0.0,0.0,15.5,755.5,
2023-05-21 00:00:00,29.0,,2.475,9.8,7.25,21.925,1.9749999999999999,,,,,,,,,,83.5,2.325,,0.0,0.0,16.0,754.5,
2023-05-21 01:00:00,23.5,,2.45,6.05,5.175,21.925,1.525,,,,,,,,,,85.25,1.8,,0.0,0.0,16.0,753.5,
2023-05-21 02:00:00,24.75,,2.05,6.5,5.125,20.9,1.3,,,,,,,,,,86.5,1.975,,0.0,0.0,16.0,753.25,
2023-05-21 03:00:00,23.75,,2.45,6.9,5.675,22.35,0.5,,,,,,,,,,86.0,1.825,,0.0,0.0,16.0,753.0,
2023-05-21 04:00:00,22.0,,3.3,7.15,6.475,23.675,0.55,,,,,,,,,,86.25,1.725,,0.0,0.0,16.0,753.5,
2023-05-21 05:00:00,18.75,,3.0,8.075,6.725,23.15,1.25,,,,,,,,,,86.75,1.8250000000000002,,0.0,0.0,16.5,754.75,
2023-05-21 06:00:00,20.0,,2.3,7.725,5.975,24.075,3.0,,,,,,,,,,81.75,2.225,,0.0,0.0,29.0,756.25,
2023-05-21 07:00:00,28.75,,2.95,11.05,8.25,24.225,7.75,,,,,,,,,,84.25,2.7,,0.0,0.0,64.25,756.75,
2023-05-21 08:00:00,34.75,,2.5,8.975,6.775,20.175,4.6,,,,,,,,,,85.5,2.675,,0.0,0.0,98.0,756.25,
2023-05-21 09:00:00,28.75,,3.075,9.125,7.35,18.825,3.0,,,,,,,,,,84.75,2.525,,0.0,0.0,172.25,756.75,
2023-05-21 10:00:00,30.25,,3.775,7.875,7.25,18.8,3.3333333333333335,,,,,,,,,,77.0,2.05,,0.0,0.0,330.75,756.25,
2023-05-21 11:00:00,30.75,,2.4,9.133333333333333,6.8,20.099999999999998,6.066666666666666,,,,,,,,,,70.5,2.075,,0.0,0.0,419.0,756.0,
2023-05-21 12:00:00,37.75,,3.6,9.266666666666666,7.833333333333333,23.133333333333336,4.25,,,,,,,,,,66.25,1.5499999999999998,,0.0,0.0,568.5,755.25,
2023-05-21 13:00:00,34.5,,2.8,8.675,6.9,23.925,4.2,,,,,,,,,,68.25,1.7,,0.0,0.0,353.0,754.25,
2023-05-21 14:00:00,35.75,,2.85,7.85,6.5,24.8,4.1,,,,,,,,,,71.75,2.3,,0.0,0.0,338.25,753.0,
2023-05-21 15:00:00,33.25,,2.5999999999999996,8.25,6.5,26.05,4.35,,,,,,,,,,69.25,2.375,,0.0,0.0,322.75,751.75,
2023-05-21 16:00:00,28.0,,1.975,6.825,5.25,24.8,2.975,,,,,,,,,,73.75,2.6,,0.0,0.0,183.75,751.75,
2023-05-21 17:00:00,27.0,,2.6,6.225,5.4,21.85,2.25,,,,,,,,,,78.5,2.4,,0.0,0.0,76.75,752.0,
2023-05-21 18:00:00,24.25,,2.025,5.425,4.55,20.9,2.15,,,,,,,,,,83.25,2.475,,0.0,0.0,18.25,752.75,
2023-05-21 19:00:00,23.25,,2.95,7.125,6.175,19.3,2.275,,,,,,,,,,85.5,2.65,,0.0,0.0,16.0,754.0,
2023-05-21 20:00:00,18.75,,3.15,9.95,7.85,21.8,1.5,,,,,,,,,,85.25,2.4,,0.0,0.0,16.0,756.0,
2023-05-21 21:00:00,22.5,,3.2,9.325,7.6,22.3,2.025,,,,,,,,,,85.5,2.65,,0.0,0.0,16.0,756.0,
2023-05-21 22:00:00,26.25,,3.375,10.875,8.525,22.15,2.4,,,,,,,,,,86.0,2.3,,0.0,0.0,16.0,757.0,
2023-05-21 23:00:00,23.0,,3.325,9.7,7.875,22.65,1.9249999999999998,,,,,,,,,,86.0,2.275,,0.0,0.0,16.0,757.0,
2023-05-22 00:00:00,19.75,,2.5999999999999996,6.6,5.625,23.225,1.225,,,,,,,,,,87.5,2.275,,0.0,0.0,16.0,756.0,
2023-05-22 01:00:00,21.75,,2.275,5.3,4.625,19.425,1.425,,,,,,,,,,88.0,1.775,,0.0,0.0,16.0,756.0,
2023-05-22 02:00:00,27.0,,2.475,4.875,4.6,18.6,2.475,,,,,,,,,,88.0,1.9,,0.0,0.0,16.0,755.0,
2023-05-22 03:00:00,20.75,,2.55,5.075,4.775,18.35,2.9,,,,,,,,,,88.0,2.075,,0.0,0.0,16.0,755.0,
2023-05-22 04:00:00,27.0,,3.6999999999999997,6.825,6.675,19.6,1.65,,,,,,,,,,88.25,1.625,,0.0,0.0,16.0,755.0,
2023-05-22 05:00:00,20.5,,5.366666666666667,8.649999999999999,9.700000000000001,19.475,1.625,,,,,,,,,,89.0,1.75,,0.0,0.0,18.25,755.75,
2023-05-22 06:00:00,21.0,,4.95,11.775,10.275,18.225,3.0,,,,,,,,,,88.25,1.8,,0.0,0.0,58.25,756.5,
2023-05-22 07:00:00,25.25,,7.175,13.55,13.05,17.55,4.475,,,,,,,,,,85.0,2.0,,0.0,0.0,148.25,758.25,
2023-05-22 08:00:00,23.25,,4.35,11.399999999999999,9.575,22.3,5.7,,,,,,,,,,80.5,1.9,,0.0,0.0,225.25,759.0,
2023-05-22 09:00:00,34.25,89.0,4.125,10.225,8.775,20.75,5.25,,,,,,,,,,76.0,2.2,,0.0,0.0,389.5,759.0,
2023-05-22 10:00:00,39.0,87.25,2.875,11.0,8.225,20.8,6.3,,,,,,,,,,70.75,2.025,,0.0,0.0,428.25,758.0,
2023-05-22 11:00:00,40.25,80.5,3.533333333333333,9.4,7.866666666666667,23.366666666666664,5.666666666666667,,,,,,,,,,69.5,1.825,,0.0,0.0,305.5,757.5,
2023-05-22 12:00:00,34.25,75.5,4.166666666666667,8.6,8.0,24.066666666666666,5.25,,,,,,,,,,71.25,2.325,,0.0,0.0,374.25,756.5,
2023-05-22 13:00:00,32.0,74.0,3.325,7.025,6.425000000000001,25.175,4.6,,,,,,,,,,71.75,3.275,,0.0,0.0,494.25,755.0,
2023-05-22 14:00:00,29.5,72.0,2.625,6.675,5.7,25.25,4.825,,,,,,,,,,71.5,3.525,,0.0,0.0,416.25,754.5,
2023-05-22 15:00:00,26.75,89.75,2.2,6.675,5.325,25.875,5.6,,,,,,,,,,72.5,3.225,,0.0,0.0,259.0,753.5,
2023-05-22 16:00:00,38.75,126.75,2.425,8.1,6.275,25.4,4.6,,,,,,,,,,78.5,2.775,,0.0,0.0,33.5,753.5,
2023-05-22 17:00:00,33.0,78.0,2.2,12.975,8.725,19.35,2.325,,,,,,,,,,80.25,2.05,,0.0,0.0,26.0,754.0,
2023-05-22 18:00:00,34.25,78.0,4.45,13.35,10.725,16.925,1.875,,,,,,,,,,82.0,2.325,,0.0,0.0,17.5,754.0,
2023-05-22 19:00:00,28.0,78.0,2.25,11.625,6.25,20.0,1.35,,,,,,,,,,85.75,2.925,,0.0,0.0,17.0,755.25,
2023-05-22 20:00:00,24.25,169.5,3.3,8.125,7.025,18.15,0.5,,,,,,,,,,87.5,2.6,,0.0,0.0,16.5,757.0,
2023-05-22 21:00:00,22.25,261.0,5.5,11.85,10.775,20.325,0.25,,,,,,,,,,87.0,2.25,,0.0,0.0,16.25,758.0,
2023-05-22 22:00:00,23.25,60.0,4.65,12.45,10.375,20.05,1.325,,,,,,,,,,86.75,2.2,,0.0,0.0,16.0,758.75,
2023-05-22 23:00:00,24.5,60.0,4.375,10.75,9.275,21.05,1.7,,,,,,,,,,87.0,2.025,,0.0,0.0,16.0,758.25,
2023-05-23 00:00:00,22.25,60.0,3.55,6.775,6.475,22.975,1.3,,,,,,,,,,87.5,2.175,,0.0,0.0,16.0,757.25,
2023-05-23 01:00:00,14.0,60.0,3.05,6.025,5.675,21.675,1.1,,,,,,,,,,87.5,1.7,,0.0,0.0,16.5,756.0,
2023-05-23 02:00:00,21.0,60.0,2.575,5.85,5.2,18.525,2.025,,,,,,,,,,88.0,1.45,,0.0,0.0,17.0,756.0,
2023-05-23 03:00:00,16.75,60.0,2.675,7.4,6.125,17.15,2.425,,,,,,,,,,88.0,1.475,,0.0,0.0,17.0,756.0,
2023-05-23 04:00:00,22.25,60.0,3.075,7.2,6.3,16.475,2.3,,,,,,,,,,89.25,1.675,,0.0,0.0,17.0,756.0,
2023-05-23 05:00:00,21.75,60.0,4.85,8.475,8.475,18.2,2.775,,,,,,,,,,90.0,1.575,,0.0,0.0,18.75,756.25,
2023-05-23 06:00:00,19.25,60.0,5.675,11.125,10.55,17.675,4.625,,,,,,,,,,86.25,1.575,,0.0,0.0,68.5,757.5,
2023-05-23 07:00:00,24.5,60.0,6.55,13.0,12.225,17.725,4.825,,,,,,,,,,78.0,1.75,,0.0,0.0,183.25,759.25,
2023-05-23 08:00:00,27.75,60.0,4.725,11.7,10.05,20.35,3.0,,,,,,,,,,68.0,1.75,,0.0,0.0,311.25,760.0,
2023-05-23 09:00:00,25.5,60.0,2.625,12.575,8.825,22.15,1.775,,,,,,,,,,62.0,1.75,,0.0,0.0,424.0,760.5,
2023-05-23 10:00:00,31.25,60.0,2.425,10.025,7.3,19.675,2.766666666666667,,,,,,,,,,59.75,1.675,,0.0,0.0,505.75,760.0,
2023-05-23 11:00:00,34.5,243.0,3.1999999999999997,9.666666666666666,7.733333333333333,21.46666666666667,2.4,,,,,,,,,,58.0,1.375,,0.0,0.0,548.5,759.0,
2023-05-23 12:00:00,34.5,792.0,2.766666666666667,10.799999999999999,8.0,20.433333333333334,3.15,,,,,,,,,,62.75,2.5,,0.0,0.0,542.75,757.5,
2023-05-23 13:00:00,37.25,792.0,3.6,9.1,7.775,22.0,4.15,,,,,,,,,,67.25,2.95,,0.0,0.0,509.0,755.75,
2023-05-23 14:00:00,32.0,339.0,3.275,8.675,7.300000000000001,24.1,5.05,,,,,,,,,,67.0,2.95,,0.0,0.0,434.25,754.5,
2023-05-23 15:00:00,33.5,101.0,2.25,8.875,6.525,25.75,4.925,,,,,,,,,,66.5,3.15,,0.0,0.0,323.25,753.0,
2023-05-23 16:00:00,39.25,73.5,3.5749999999999997,7.55,6.975,25.75,5.025,,,,,,,,,,67.0,2.975,,0.0,0.0,196.5,752.0,
2023-05-23 17:00:00,41.75,86.5,3.025,8.775,7.15,26.875,4.475,,,,,,,,,,68.5,2.8,,0.0,0.0,78.75,752.0,
2023-05-23 18:00:00,37.5,99.0,2.3000000000000003,8.1,5.6,21.55,2.625,,,,,,,,,,73.25,2.55,,0.0,0.0,21.25,752.75,
2023-05-23 19:00:00,37.0,99.0,2.825,13.675,9.575,18.225,1.55,,,,,,,,,,78.25,2.5999999999999996,,0.0,0.0,16.75,754.25,
2023-05-23 20:00:00,39.5,99.0,4.225,16.15,12.0,16.55,1.075,,,,,,,,,,80.0,2.2,,0.0,0.0,16.75,755.75,
2023-05-23 21:00:00,35.0,99.0,4.7,14.05,11.3,18.45,1.2,,,,,,,,,,80.25,2.125,,0.0,0.0,16.75,757.0,
2023-05-23 22:00:00,23.5,99.0,3.825,13.475,10.3,21.15,1.4,,,,,,,,,,82.0,2.5,,0.0,0.0,16.0,757.0,
2023-05-23 23:00:00,18.5,99.0,3.0250000000000004,10.325,7.95,22.6,1.175,,,,,,,,,,82.0,2.3,,0.0,0.0,16.0,756.75,
2023-05-24 00:00:00,22.25,99.0,3.35,8.125,7.025,22.85,2.425,,,,,,,,,,81.25,1.9,,0.0,0.0,16.0,756.0,
2023-05-24 01:00:00,13.0,99.0,3.4,8.075,7.075,23.575,3.0,,,,,,,,,,77.25,1.675,,0.0,0.0,16.0,755.0,
2023-05-24 02:00:00,17.0,99.0,2.725,8.375,6.675,20.075000000000003,6.55,,,,,,,,,,76.5,2.05,,0.0,0.0,16.5,754.5,
2023-05-24 03:00:00,13.0,99.0,2.975,8.55,6.975,18.5,10.225,,,,,,,,,,79.0,2.075,,0.0,0.0,17.0,754.0,
2023-05-24 04:00:00,18.75,99.0,3.575,8.8,7.6,17.35,9.175,,,,,,,,,,80.0,1.95,,0.0,0.0,17.0,754.5,
2023-05-24 05:00:00,18.75,99.0,4.475,10.1,9.05,16.275,8.85,,,,,,,,,,80.5,1.775,,0.0,0.0,19.0,755.0,
2023-05-24 06:00:00,21.5,99.0,6.875,11.825,11.85,17.675,7.95,,,,,,,,,,80.25,2.0250000000000004,,0.0,0.0,68.25,756.0,
2023-05-24 07:00:00,24.75,99.0,6.8,11.7,11.775,21.35,9.95,,,,,,,,,,77.0,2.1,,0.0,0.0,180.0,757.25,
2023-05-24 08:00:00,30.75,99.0,6.3,13.375,12.225,23.4,9.9,,,,,,,,,,72.75,1.95,,0.0,0.0,307.5,758.0,
2023-05-24 09:00:00,32.75,666.75,4.575,14.125,11.25,26.375,6.625,,,,,,,,,,67.75,2.175,,0.0,0.0,418.0,758.25,
2023-05-24 10:00:00,34.0,281.5,3.125,11.125,8.475,25.275,5.233333333333333,,,,,,,,,,62.0,2.375,,0.0,0.0,502.0,757.75,
2023-05-24 11:00:00,36.5,76.5,2.8666666666666667,8.833333333333334,7.0,23.433333333333334,3.8000000000000003,,,,,,,,,,54.75,2.625,,0.0,0.0,545.0,757.0,
2023-05-24 12:00:00,26.75,72.75,2.0333333333333337,10.033333333333333,7.0,23.333333333333332,1.475,,,,,,,,,,52.0,2.325,,0.0,0.0,545.5,755.5,
2023-05-24 13:00:00,29.0,70.0,2.625,9.2,7.025,22.9,1.025,,,,,,,,,,50.25,2.175,,0.0,0.0,509.25,754.25,
2023-05-24 14:00:00,31.5,60.0,2.925,9.575,7.475,28.5,3.175,,,,,,,,,,62.25,2.825,,0.0,0.0,415.75,752.75,
2023-05-24 15:00:00,39.25,72.0,14.266666666666666,26.5,24.833333333333332,28.6,3.2,,,,,,,,,,65.5,3.05,,0.0,0.0,304.5,751.75,
2023-05-24 16:00:00,39.0,74.0,1.4,11.4,7.225,30.9,3.05,,,,,,,,,,66.75,3.275,,0.0,0.0,179.75,751.0,
2023-05-24 17:00:00,36.75,75.25,2.2,11.375,7.825,30.9,4.225,,,,,,,,,,68.25,3.1,,0.0,0.0,60.75,751.0,
2023-05-24 18:00:00,37.75,80.5,1.45,14.3,8.774999999999999,27.625,4.025,,,,,,,,,,71.75,2.675,,0.0,0.0,18.0,751.75,
2023-05-24 19:00:00,34.5,69.25,2.825,17.950000000000003,11.825,20.425,3.075,,,,,,,,,,74.75,2.2,,0.0,0.0,16.0,753.5,
2023-05-24 20:00:00,35.5,67.25,2.825,17.375,11.525,19.3,3.4,,,,,,,,,,76.25,2.525,,0.0,0.0,16.0,755.25,
2023-05-24 21:00:00,32.25,59.75,2.825,12.45,8.95,20.375,3.2750000000000004,,,,,,,,,,77.5,1.85,,0.0,0.0,16.0,756.0,
2023-05-24 22:00:00,27.75,53.25,3.55,11.9,9.225,23.475,1.35,,,,,,,,,,78.75,1.9500000000000002,,0.0,0.0,16.25,756.0,
2023-05-24 23:00:00,28.0,46.0,3.25,11.6,8.8,25.525,1.5,,,,,,,,,,80.25,1.925,,0.0,0.0,16.0,755.5,
2023-05-25 00:00:00,22.0,43.0,3.75,8.95,7.8,26.375,2.3,,,,,,,,,,81.75,2.025,,0.0,0.0,16.0,754.25,
2023-05-25 01:00:00,22.25,40.0,3.1,9.325,7.525,26.125,6.0,,,,,,,,,,81.25,2.125,,0.0,0.0,16.0,753.0,
2023-05-25 02:00:00,23.0,41.25,2.25,8.45,6.35,26.925,10.975,,,,,,,,,,80.0,2.675,,0.0,0.0,16.0,752.75,
2023-05-25 03:00:00,20.75,43.0,2.3,8.725,6.45,21.075,11.25,,,,,,,,,,81.0,2.3,,0.0,0.0,16.5,753.0,
2023-05-25 04:00:00,15.0,35.75,2.9,8.5,6.85,19.674999999999997,9.6,,,,,,,,,,82.0,2.725,,0.0,0.0,16.75,753.5,
2023-05-25 05:00:00,19.0,35.0,4.075,9.775,8.524999999999999,17.975,9.3,,,,,,,,,,82.5,2.1,,0.0,0.0,19.25,754.25,
2023-05-25 06:00:00,22.5,46.0,11.533333333333331,9.966666666666667,12.666666666666666,19.475,8.05,,,,,,,,,,81.5,1.85,,0.0,0.0,69.0,755.25,
2023-05-25 07:00:00,22.25,51.25,5.05,9.75,9.3,23.175,5.775,,,,,,,,,,77.0,2.375,,0.0,0.0,178.5,756.25,
2023-05-25 08:00:00,19.0,50.25,4.525,10.6,9.325,24.45,4.5,,,,,,,,,,69.0,2.475,,0.0,0.0,301.25,757.0,
2023-05-25 09:00:00,26.25,57.75,3.075,10.85,8.25,25.6,3.5250000000000004,,,,,,,,,,62.0,2.45,,0.0,0.0,411.5,757.25,
2023-05-25 10:00:00,30.25,68.5,2.275,13.125,8.825,27.375,2.966666666666667,,,,,,,,,,56.75,2.45,,0.0,0.0,498.5,757.0,
2023-05-25 11:00:00,30.0,66.0,1.2333333333333334,11.4,7.066666666666666,26.2,2.3333333333333335,,,,,,,,,,55.5,2.05,,0.0,0.0,543.25,756.25,
2023-05-25 12:00:00,26.5,61.25,3.1333333333333333,11.033333333333333,8.433333333333334,24.099999999999998,3.175,,,,,,,,,,53.75,1.85,,0.0,0.0,543.5,755.0,
2023-05-25 13:00:00,25.75,55.25,2.325,9.425,6.9,24.6,2.95,,,,,,,,,,52.5,1.8,,0.0,0.0,503.25,753.5,
2023-05-25 14:00:00,30.5,60.5,1.975,9.075,6.425,29.05,3.1,,,,,,,,,,63.0,3.225,,0.0,0.0,360.25,752.5,
2023-05-25 15:00:00,37.75,81.5,2.875,9.6,7.45,34.75,4.15,,,,,,,,,,69.0,3.225,,0.0,0.0,164.75,751.0,
2023-05-25 16:00:00,37.5,76.0,7.9750000000000005,11.925,13.05,42.65,3.875,,,,,,,,,,72.5,2.05,,0.0,0.0,30.5,751.25,
2023-05-25 17:00:00,41.25,89.75,2.625,14.425,9.8,41.9,3.4,,,,,,,,,,67.25,2.4,,0.0,0.0,19.0,752.5,
2023-05-25 18:00:00,43.0,123.75,2.525,22.325,13.925,34.95,1.6,,,,,,,,,,61.75,1.225,,0.0,0.0,15.75,752.25,
2023-05-25 19:00:00,31.25,79.25,1.875,28.525,16.7,28.1,1.675,,,,,,,,,,62.25,1.875,,0.0,0.0,16.0,753.75,
2023-05-25 20:00:00,41.0,91.5,2.2,24.1,14.625,21.725,3.1,,,,,,,,,,67.25,1.775,,0.0,0.0,16.0,755.25,
2023-05-25 21:00:00,39.25,84.75,2.9,18.35,12.125,22.25,4.125,,,,,,,,,,74.25,1.5,,0.0,0.0,16.0,755.25,
2023-05-25 22:00:00,33.0,64.75,2.9749999999999996,16.475,11.2,21.975,3.45,,,,,,,,,,77.25,1.675,,0.0,0.0,16.5,756.0,
2023-05-25 23:00:00,28.25,51.5,3.35,14.850000000000001,10.649999999999999,26.525,3.575,,,,,,,,,,78.0,1.35,,0.0,0.0,16.0,755.5,
2023-05-26 00:00:00,24.5,48.75,2.25,13.45,8.975,28.1,3.15,,,,,,,,,,78.25,1.35,,0.0,0.0,16.0,754.25,
2023-05-26 01:00:00,29.0,45.0,2.066666666666667,12.733333333333334,8.466666666666667,28.5,2.9333333333333336,,,,,,,,,,78.33333333333333,1.8333333333333333,,0.0,0.0,16.0,752.6666666666666,
2023-05-26 02:00:00,26.25,56.25,2.85,10.5,7.8999999999999995,29.325,2.65,,,,,,,,,,75.75,1.65,,0.0,0.0,16.0,752.0,
2023-05-26 03:00:00,29.25,55.75,2.35,13.125,8.875,28.55,2.3,,,,,,,,,,75.0,1.775,,0.0,0.0,16.0,752.25,
2023-05-26 04:00:00,26.25,49.5,2.15,12.05,8.125,22.0,0.95,,,,,,,,,,75.0,1.9,,0.0,0.0,16.5,753.75,
2023-05-26 05:00:00,23.0,41.5,2.225,10.15,7.225,21.425,0.4666666666666666,,,,,,,,,,76.75,2.05,,0.0,0.0,19.0,754.5,
2023-05-26 06:00:00,23.0,46.0,3.9749999999999996,12.774999999999999,10.05,18.95,2.425,,,,,,,,,,75.0,2.325,,0.0,0.0,66.0,755.75,
2023-05-26 07:00:00,31.75,63.75,5.225,14.35,11.875,22.025,3.35,,,,,,,,,,70.5,2.525,,0.0,0.0,179.5,757.25,
2023-05-26 08:00:00,30.25,65.0,4.3,13.25,10.524999999999999,26.125,3.675,,,,,,,,,,64.0,2.375,,0.0,0.0,306.0,758.0,
2023-05-26 09:00:00,28.75,74.25,3.35,14.8,10.575,27.875,3.625,,,,,,,,,,59.5,2.75,,0.0,0.0,420.25,758.25,
2023-05-26 10:00:00,29.5,78.25,3.125,14.55,10.275,29.45,2.6,,,,,,,,,,56.5,2.5,,0.0,0.0,501.75,757.0,
2023-05-26 11:00:00,25.5,60.25,2.6333333333333333,12.200000000000001,8.633333333333333,32.46666666666667,2.966666666666667,,,,,,,,,,52.0,2.3,,0.0,0.0,544.75,756.0,
2023-05-26 12:00:00,25.75,55.25,2.3333333333333335,8.066666666666666,6.166666666666667,27.566666666666666,2.15,,,,,,,,,,48.5,2.025,,0.0,0.0,544.75,756.0,
2023-05-26 13:00:00,23.0,52.25,5.625,8.5,6.675,26.075,2.95,,,,,,,,,,50.5,2.725,,0.0,0.0,501.75,755.25,
2023-05-26 14:00:00,26.25,70.75,1.45,8.675,5.8,25.9,3.6,,,,,,,,,,62.5,4.05,,0.0,0.0,413.0,755.0,
2023-05-26 15:00:00,29.0,86.0,2.725,7.8,6.375,27.475,3.55,,,,,,,,,,68.75,5.05,,0.0,0.0,279.5,754.5,
2023-05-26 16:00:00,33.75,99.75,2.075,8.2,6.025,31.6,1.675,,,,,,,,,,74.75,5.225,,0.0,0.0,178.0,754.25,
2023-05-26 17:00:00,28.75,71.0,2.35,7.2250000000000005,5.725,31.025,1.05,,,,,,,,,,75.25,3.6,,0.0,0.0,61.25,754.0,
2023-05-26 18:00:00,25.25,51.25,2.55,9.075,6.9,29.675,2.925,,,,,,,,,,77.25,2.425,,0.0,0.0,19.25,754.5,
2023-05-26 19:00:00,26.75,55.0,2.825,11.875,8.575,28.9,3.075,,,,,,,,,,77.75,2.25,,0.0,0.0,16.0,756.0,
2023-05-26 20:00:00,28.25,58.75,1.6749999999999998,16.15,9.95,23.475,1.2333333333333334,,,,,,,,,,76.5,2.2,,0.0,0.0,16.0,756.75,
2023-05-26 21:00:00,27.25,66.0,1.8250000000000002,13.225,8.525,21.625,0.3666666666666667,,,,,,,,,,79.25,1.75,,0.0,0.0,16.25,756.75,
2023-05-26 22:00:00,29.5,54.5,2.675,15.05,10.175,20.3,1.7999999999999998,,,,,,,,,,79.75,1.725,,0.0,0.0,16.5,756.25,
2023-05-26 23:00:00,25.75,53.0,1.6500000000000001,12.675,8.1,21.075,2.25,,,,,,,,,,78.0,2.05,,0.0,0.0,16.75,756.0,
2023-05-27 00:00:00,26.75,45.25,3.125,10.55,8.175,27.0,3.55,,,,,,,,,,82.25,2.1750000000000003,,0.0,0.0,16.0,754.0,
2023-05-27 01:00:00,24.25,48.75,2.55,10.025,7.4,27.1,3.575,,,,,,,,,,78.25,2.075,,0.0,0.0,16.0,752.25,
2023-05-27 02:00:00,27.25,48.5,3.0,10.15,7.825,26.625,2.725,,,,,,,,,,75.75,1.775,,0.0,0.0,16.0,751.25,
2023-05-27 03:00:00,26.25,49.75,3.275,11.325,8.675,25.725,3.925,,,,,,,,,,75.75,2.225,,0.0,0.0,16.0,751.0,
2023-05-27 04:00:00,27.75,51.5,1.95,8.9,6.325,25.975,3.375,,,,,,,,,,77.0,2.175,,0.0,0.0,16.0,751.5,
2023-05-27 05:00:00,23.5,58.75,2.725,13.149999999999999,9.225,18.825,3.55,,,,,,,,,,78.0,1.9,,0.0,0.0,20.0,752.75,
2023-05-27 06:00:00,31.0,58.0,3.0,13.299999999999999,9.5,17.8,3.1999999999999997,,,,,,,,,,76.66666666666667,2.1333333333333333,,0.0,0.0,57.0,753.3333333333334,
2023-05-27 07:00:00,31.5,70.5,4.775,14.95,11.850000000000001,17.224999999999998,3.7249999999999996,,,,,,,,,,72.25,2.375,,0.0,0.0,175.0,754.75,
2023-05-27 08:00:00,35.75,75.5,4.875,14.075,11.45,22.8,3.25,,,,,,,,,,66.25,2.45,,0.0,0.0,303.0,755.0,
2023-05-27 09:00:00,34.5,78.0,4.5,15.424999999999999,11.875,26.0,2.45,,,,,,,,,,61.0,2.3499999999999996,,0.0,0.0,416.25,755.0,
2023-05-27 10:00:00,33.5,80.0,3.5,14.55,10.55,28.575,1.3666666666666665,,,,,,,,,,56.5,2.5,,0.0,0.0,498.25,755.0,
2023-05-27 11:00:00,32.75,75.25,2.966666666666667,13.666666666666666,9.700000000000001,30.7,1.4333333333333333,,,,,,,,,,53.25,2.025,,0.0,0.0,539.5,754.25,
2023-05-27 12:00:00,26.25,67.5,1.8333333333333333,11.0,7.366666666666667,34.03333333333333,3.425,,,,,,,,,,51.25,1.95,12.0,0.0,0.0,535.75,753.25,
2023-05-27 13:00:00,27.5,63.25,1.65,9.7,6.525,26.9,4.4,,,,,,,,,,51.0,2.275,,0.0,0.0,379.25,751.75,
2023-05-27 14:00:00,31.5,74.5,2.2,9.75,6.975,25.85,3.825,,,,,,,,,,58.5,3.15,,0.0,0.0,210.5,750.5,
2023-05-27 15:00:00,38.0,80.0,2.425,9.525,7.025,25.225,4.075,,,,,,,,,,63.25,2.85,,0.0,0.0,146.5,750.0,
2023-05-27 16:00:00,36.5,87.5,2.9,12.024999999999999,8.775,26.675,3.45,,,,,,,,,,67.25,2.15,,0.0,0.0,59.25,749.25,
2023-05-27 17:00:00,41.5,101.0,3.025,15.45,10.675,27.35,2.75,,,,,,,,,,68.75,1.6,,0.0,0.0,23.75,749.25,
2023-05-27 18:00:00,42.75,103.0,2.75,21.375,13.6,25.1,3.5,,,,,,,,,,67.25,1.325,,0.0,0.0,17.25,750.25,
2023-05-27 19:00:00,46.25,117.5,2.9000000000000004,30.3,18.45,22.5,4.925,,,,,,,,,,65.5,1.35,,0.0,0.0,16.0,751.0,
2023-05-27 20:00:00,57.5,141.75,2.425,29.799999999999997,17.825,24.125,4.6,,,,,,,,,,67.5,1.05,,0.0,0.0,16.0,751.5,
2023-05-27 21:00:00,56.333333333333336,138.66666666666666,3.0666666666666664,33.93333333333333,20.566666666666666,16.3,3.6,,,,,,,,,,66.66666666666667,1.2,,0.0,0.0,16.0,753.0,
2023-05-27 22:00:00,57.75,128.75,2.775,22.8,14.425,19.6,3.15,,,,,,,,,,67.0,1.825,,0.0,0.0,16.75,753.0,
2023-05-27 23:00:00,41.5,89.25,1.975,13.925,9.025,22.375,4.25,,,,,,,,,,73.0,1.775,,0.0,0.0,16.75,752.75,
2023-05-28 00:00:00,37.25,68.5,2.4,12.125,8.4,23.275,3.125,,,,,,,,,,76.75,1.35,,0.0,0.0,16.75,751.5,
2023-05-28 01:00:00,26.75,55.5,3.175,10.7,8.3,27.25,2.5500000000000003,,,,,,,,,,77.75,1.5,,0.0,0.0,16.0,750.0,
2023-05-28 02:00:00,19.5,46.75,2.2,11.0,7.625,27.15,2.55,,,,,,,,,,79.25,1.425,,0.0,0.0,16.0,749.0,
2023-05-28 03:00:00,19.5,41.75,2.5749999999999997,11.2,8.1,26.475,2.425,,,,,,,,,,81.5,1.75,,0.0,0.0,16.0,749.25,
2023-05-28 04:00:00,22.5,38.25,3.175,9.35,7.575,27.5,2.1,,,,,,,,,,84.5,1.4749999999999999,,0.0,0.0,16.0,749.5,
2023-05-28 05:00:00,23.0,40.333333333333336,2.3000000000000003,11.1,7.766666666666667,24.53333333333333,2.5666666666666664,,,,,,,,,,85.66666666666667,1.8999999999999997,,0.0,0.0,18.0,750.3333333333334,
2023-05-28 06:00:00,31.75,45.75,3.35,13.0,9.65,19.55,7.2,,,,,,,,,,82.75,2.0,,0.0,0.0,29.75,751.75,
2023-05-28 07:00:00,26.25,57.0,2.725,11.15,8.149999999999999,19.975,7.95,,,,,,,,,,81.0,2.075,,0.0,0.0,23.25,754.25,
2023-05-28 08:00:00,23.5,66.5,3.175,13.375,9.7,18.45,5.975,,,,,,,,,,82.0,1.9500000000000002,,0.0,0.0,46.75,754.0,
2023-05-28 09:00:00,32.0,67.0,4.575,13.6,10.925,22.425,7.8,,,,,,,,,,80.0,2.375,,0.0,0.0,219.0,754.25,
2023-05-28 10:00:00,34.0,66.25,3.8,11.05,8.95,24.225,7.466666666666666,,,,,,,,,,72.25,1.925,,0.0,0.0,369.0,754.0,
2023-05-28 11:00:00,32.0,73.0,3.1,10.433333333333332,8.066666666666666,26.433333333333334,5.2,,,,,,,,,,66.25,1.8,,0.0,0.0,335.25,752.5,
2023-05-28 12:00:00,31.75,73.0,3.233333333333333,12.799999999999999,9.433333333333334,25.233333333333334,3.4,,,,,,,,,,59.25,1.8,,0.0,0.0,313.25,751.5,
2023-05-28 13:00:00,24.5,73.0,2.5,10.85,7.800000000000001,28.175,2.45,,,,,,,,,,53.5,1.825,,0.0,0.0,465.75,750.5,
2023-05-28 14:00:00,31.0,73.0,2.025,8.775,6.3,25.125,1.25,,,,,,,,,,52.75,1.275,,0.0,0.0,359.25,749.5,
2023-05-28 15:00:00,30.25,73.0,2.375,7.325,5.85,24.825,1.2000000000000002,,,,,,,,,,61.0,2.55,,0.0,0.0,319.75,748.5,
2023-05-28 16:00:00,36.5,73.0,2.55,7.925000000000001,6.300000000000001,24.25,4.65,,,,,,,,,,67.75,2.5,,0.0,0.0,187.75,748.0,
2023-05-28 17:00:00,35.5,73.0,4.6,9.2,8.625,26.5,4.85,,,,,,,,,,69.75,2.125,,0.0,0.0,58.5,748.0,
2023-05-28 18:00:00,36.0,73.0,2.7,10.15,7.575,27.4,2.85,,,,,,,,,,73.75,2.475,,0.0,0.0,18.5,749.25,
2023-05-28 19:00:00,35.0,73.0,2.8,11.0,8.125,26.675,4.475,,,,,,,,,,75.5,2.1,,0.0,0.0,16.0,750.75,
2023-05-28 20:00:00,40.25,73.0,2.875,12.925,9.225,26.125,3.2,,,,,,,,,,77.5,1.675,,0.0,0.0,16.0,752.0,
2023-05-28 21:00:00,36.75,73.0,2.475,18.15,11.675,23.7,3.0,,,,,,,,,,76.75,1.7999999999999998,,0.0,0.0,16.0,753.0,
2023-05-28 22:00:00,33.75,73.0,1.775,16.15,10.025,19.225,5.125,,,,,,,,,,75.0,1.575,,0.0,0.0,16.0,753.75,
2023-05-28 23:00:00,33.75,73.0,2.45,13.625,9.225,19.575,4.45,,,,,,,,,,77.5,2.05,,0.0,0.0,16.0,753.0,
2023-05-29 00:00:00,26.0,73.0,2.325,9.475,6.95,20.25,2.025,,,,,,,,,,79.75,1.7,,0.0,0.0,16.75,751.75,
2023-05-29 01:00:00,23.5,73.0,2.55,10.175,7.475,21.6,2.525,,,,,,,,,,79.25,1.675,,0.0,0.0,16.5,751.0,
2023-05-29 02:00:00,24.0,73.0,3.5999999999999996,11.6,9.075,23.375,1.25,,,,,,,,,,79.0,1.15,,0.0,0.0,16.0,751.0,
2023-05-29 03:00:00,21.75,73.0,3.2249999999999996,10.175,8.025,23.575,1.425,,,,,,,,,,78.0,1.025,,0.0,0.0,16.0,750.25,
2023-05-29 04:00:00,25.5,73.0,3.15,13.75,9.85,22.2,1.075,,,,,,,,,,78.0,0.525,,0.0,0.0,16.0,751.0,
2023-05-29 05:00:00,29.75,73.0,5.05,19.974999999999998,14.775,18.5,1.1666666666666667,,,,,,,,,,84.25,0.825,,0.0,0.0,18.75,751.5,
2023-05-29 06:00:00,28.0,73.0,8.3,18.175,16.45,13.575,2.725,,,,,,,,,,87.25,1.2,,0.0,0.0,62.5,752.75,
2023-05-29 07:00:00,27.0,73.0,5.975,14.975,12.85,15.95,3.5,,,,,,,,,,80.5,1.525,,0.0,0.0,167.75,754.0,
2023-05-29 08:00:00,37.75,73.0,4.225,16.525,12.225,18.05,1.35,,,,,,,,,,66.75,1.8,,0.0,0.0,298.0,754.5,
2023-05-29 09:00:00,49.25,73.0,2.85,15.375,10.5,21.950000000000003,0.725,,,,,,,,,,59.75,1.625,,0.0,0.0,403.25,755.0,
2023-05-29 10:00:00,40.0,73.0,4.2,14.549999999999999,11.1,26.05,2.3333333333333335,,,,,,,,,,57.0,1.725,,0.0,0.0,493.5,755.0,
2023-05-29 11:00:00,39.0,73.0,3.9,13.866666666666667,10.5,28.2,9.1,,,,,,,,,,56.25,1.575,,0.0,0.0,535.25,754.0,
2023-05-29 12:00:00,45.25,73.0,3.0,11.833333333333334,8.733333333333334,29.2,11.025,,,,,,,,,,65.25,2.925,,0.0,0.0,537.25,753.0,
2023-05-29 13:00:00,46.5,73.0,2.2,11.15,7.725,29.6,13.600000000000001,,,,,,,,,,66.0,3.35,,0.0,0.0,494.75,751.25,
2023-05-29 14:00:00,44.75,73.0,2.225,8.15,6.1,27.55,8.65,,,,,,,,,,65.75,2.95,,0.0,0.0,410.25,750.25,
2023-05-29 15:00:00,36.75,73.0,2.425,7.325,5.875,24.475,7.275,,,,,,,,,,69.0,3.425,,0.0,0.0,309.25,749.25,
2023-05-29 16:00:00,43.75,700.75,2.825,7.625,6.375,24.55,8.325,,,,,,,,,,73.0,3.075,,0.0,0.0,148.0,749.5,
2023-05-29 17:00:00,47.75,494.0,1.725,8.4,5.9,24.925,5.9,,,,,,,,,,78.25,2.8,,0.0,0.0,37.0,750.0,
2023-05-29 18:00:00,40.5,51.0,3.575,9.025,7.725,33.525,2.3666666666666667,,,,,,,,,,81.0,2.775,,0.0,0.0,21.0,751.25,
2023-05-29 19:00:00,28.0,47.25,2.725,8.55,6.75,30.275,0.7999999999999999,,,,,,,,,,84.75,3.1,,0.0,0.0,16.0,752.5,
2023-05-29 20:00:00,21.75,38.0,2.925,9.175,7.225,28.8,2.225,,,,,,,,,,88.0,2.85,,0.0,0.0,16.0,755.0,
2023-05-29 21:00:00,22.0,44.0,4.0,11.85,9.55,26.425,2.125,,,,,,,,,,87.5,2.625,,0.0,0.0,16.0,756.5,
2023-05-29 22:00:00,24.5,44.0,2.25,6.975,5.525,30.2,1.9,,,,,,,,,,87.0,2.725,,0.0,0.0,16.0,756.0,
2023-05-29 23:00:00,22.75,44.0,3.45,11.75,9.075,21.1,0.3,,,,,,,,,,86.75,2.525,,0.0,0.0,16.25,755.75,
2023-05-30 00:00:00,22.0,44.0,3.425,12.175,9.275,20.0,0.55,,,,,,,,,,85.75,2.375,,0.0,0.0,16.5,755.0,
2023-05-30 01:00:00,21.75,44.0,2.65,5.85,5.275,20.35,0.8,,,,,,,,,,86.5,1.9500000000000002,,0.0,0.0,16.0,754.0,
2023-05-30 02:00:00,20.0,44.0,3.0,4.725,4.9,23.225,0.7000000000000001,,,,,,,,,,88.0,2.25,,0.0,0.0,16.25,753.25,
2023-05-30 03:00:00,19.0,44.0,3.275,5.25,5.425,24.15,0.9,,,,,,,,,,88.0,2.125,,0.0,0.0,16.0,753.25,
2023-05-30 04:00:00,24.25,44.0,3.075,6.15,5.775,23.675,2.275,,,,,,,,,,87.75,2.375,,0.0,0.0,16.0,754.0,
2023-05-30 05:00:00,21.0,137.75,3.275,7.6499999999999995,6.725,23.075,2.175,,,,,,,,,,87.0,2.65,,0.0,0.0,19.25,754.0,
2023-05-30 06:00:00,18.75,70.0,4.35,11.100000000000001,9.4,23.425,2.45,,,,,,,,,,85.75,2.75,,0.0,0.0,66.5,754.75,
2023-05-30 07:00:00,22.0,48.75,3.3,9.399999999999999,7.725,20.05,3.0,,,,,,,,,,81.0,2.8,,0.0,0.0,173.5,755.75,
2023-05-30 08:00:00,27.0,84.0,4.05,9.325,8.225,21.5,7.65,,,,,,,,,,77.0,2.775,,0.0,0.0,295.0,757.0,
2023-05-30 09:00:00,33.0,84.0,3.6666666666666665,11.0,8.866666666666667,24.03333333333333,11.799999999999999,,,,,,,,,,70.33333333333333,2.1666666666666665,,0.0,0.0,372.0,757.3333333333334,
2023-05-30 10:00:00,37.0,,3.275,11.575,8.8,23.425,14.1,,,,,,,,,,66.5,2.175,,0.0,0.0,427.25,756.5,
2023-05-30 11:00:00,36.666666666666664,83.33333333333333,4.0,11.399999999999999,9.3,31.15,57.333333333333336,,,,,,,,,,61.0,2.3333333333333335,,0.0,0.0,493.6666666666667,755.0,
2023-05-30 12:00:00,35.5,82.5,3.8333333333333335,9.200000000000001,8.0,28.900000000000002,8.075,,,,,,,,,,58.5,2.05,,0.0,0.0,473.5,753.5,
2023-05-30 13:00:00,34.0,78.0,3.75,8.775,7.7,28.675,3.85,,,,,,,,,,67.5,2.7,,0.0,0.0,358.5,752.25,
2023-05-30 14:00:00,33.0,59.0,2.6666666666666665,8.166666666666666,6.533333333333334,32.96666666666666,2.8333333333333335,,,,,,,,,,69.33333333333333,3.1,,0.0,0.0,411.3333333333333,751.6666666666666,
2023-05-30 15:00:00,32.5,59.0,2.05,7.1,5.475,30.725,3.175,,,,,,,,,,69.5,2.95,,0.0,0.0,298.0,751.0,
2023-05-30 16:00:00,44.0,148.66666666666666,1.9666666666666668,7.133333333333333,5.433333333333334,25.133333333333336,2.8666666666666667,,,,,,,,,,73.66666666666667,4.6000000000000005,,0.0,0.0,82.66666666666667,752.3333333333334,
2023-05-30 17:00:00,48.25,246.0,1.425,8.45,5.675,22.3,2.875,,,,,,,,,,82.0,4.35,,0.0,0.0,36.0,754.0,
2023-05-30 18:00:00,18.25,36.0,2.475,12.275,8.525,19.049999999999997,3.8,,,,,,,,,,77.0,1.675,,0.0,0.0,19.0,753.0,
2023-05-30 19:00:00,20.5,42.25,4.625,23.3,16.15,20.2,3.325,,,,,,,,,,74.75,1.3,,0.0,0.0,16.25,753.75,
2023-05-30 20:00:00,34.0,63.75,5.025,27.725,18.825,19.05,1.625,,,,,,,,,,78.25,1.4,,0.0,0.0,16.0,755.25,
2023-05-30 21:00:00,33.5,65.25,2.625,20.974999999999998,13.25,22.5,1.4000000000000001,,,,,,,,,,80.75,1.5,,0.0,0.0,16.0,755.5,
2023-05-30 22:00:00,31.5,48.5,3.6500000000000004,18.15,12.625,23.1,2.6,,,,,,,,,,79.5,1.375,,0.0,0.0,16.0,756.0,
2023-05-30 23:00:00,26.5,55.5,1.9,14.5,9.25,21.9,2.5,,,,,,,,,,81.0,1.2000000000000002,,0.0,0.0,16.5,755.0,
2023-05-31 00:00:00,23.75,52.0,1.825,13.3,8.55,18.875,1.25,,,,,,,,,,81.5,1.225,,0.0,0.0,17.0,755.0,
2023-05-31 01:00:00,25.25,52.0,1.7999999999999998,10.925,7.275,18.15,1.15,,,,,,,,,,82.0,1.05,,0.0,0.0,17.0,753.5,
2023-05-31 02:00:00,23.0,52.0,3.0,11.333333333333334,8.466666666666667,17.599999999999998,1.7666666666666666,,,,,,,,,,81.66666666666667,1.0,,0.0,0.0,17.0,752.6666666666666,
2023-05-31 03:00:00,27.75,43.25,3.55,14.3,10.5,19.2,3.075,,,,,,,,,,81.0,1.25,,0.0,0.0,17.0,752.0,
2023-05-31 04:00:00,25.0,41.75,2.45,13.925,9.375,20.875,2.575,,,,,,,,,,80.75,1.45,,0.0,0.0,16.75,752.5,
2023-05-31 05:00:00,26.25,45.0,3.1,13.65,9.799999999999999,21.05,2.0,,,,,,,,,,81.25,1.2,,0.0,0.0,17.75,753.0,
2023-05-31 06:00:00,21.0,48.0,3.6666666666666665,14.5,10.700000000000001,20.066666666666666,2.5666666666666664,,,,,,,,,,82.0,1.4000000000000001,,0.0,0.0,55.0,754.0,
2023-05-31 07:00:00,33.0,61.0,4.466666666666666,17.266666666666666,12.833333333333334,21.233333333333334,3.1333333333333333,,,,,,,,,,78.66666666666667,1.4333333333333333,,0.0,0.0,152.0,755.3333333333334,
2023-05-31 08:00:00,41.75,68.5,3.5999999999999996,11.925,9.275,18.55,2.4749999999999996,,,,,,,,,,71.0,1.725,,0.0,0.0,304.0,756.25,
2023-05-31 09:00:00,32.5,74.5,2.725,11.025,8.075,20.975,2.9,,,,,,,,,,66.75,2.525,,0.0,0.0,417.5,756.25,
2023-05-31 10:00:00,35.0,67.0,2.475,10.925,7.85,21.200000000000003,2.9,,,,,,,,,,62.5,2.4000000000000004,,0.0,0.0,497.25,755.5,
2023-05-31 11:00:00,36.0,59.5,2.1666666666666665,11.033333333333333,7.666666666666667,22.833333333333332,2.1333333333333333,,,,,,,,,,59.5,2.325,,0.0,0.0,540.5,754.75,
2023-05-31 12:00:00,35.333333333333336,62.5,3.266666666666667,10.366666666666667,8.166666666666666,30.03333333333333,2.55,,,,,,,,,,55.0,1.7,,0.0,0.0,546.0,753.5,
2023-05-31 13:00:00,36.0,59.75,1.975,10.625,7.275,30.075,2.275,,,,,,,,,,53.75,1.725,,0.0,0.0,500.5,751.75,
2023-05-31 14:00:00,32.333333333333336,65.0,3.075,9.45,7.525,30.6,3.75,,,,,,,,,,58.75,2.175,,0.0,0.0,377.5,750.5,
2023-05-31 15:00:00,35.666666666666664,,2.733333333333333,10.233333333333334,7.666666666666667,33.46666666666667,8.6,,,,,,,,,,63.666666666666664,3.1666666666666665,,0.0,0.0,317.3333333333333,749.6666666666666,
2023-05-31 16:00:00,39.333333333333336,69.0,1.5,7.8,5.35,29.675,4.0,,,,,,,,,,66.75,2.8,,0.0,0.0,194.0,749.0,
2023-05-31 17:00:00,40.0,80.0,2.15,9.1,6.6,25.9,6.574999999999999,,,,,,,,,,70.25,2.525,,0.0,0.0,82.0,749.0,
2023-05-31 18:00:00,49.666666666666664,112.5,2.05,8.625,6.25,25.325,11.05,,,,,,,,,,73.75,2.325,,0.0,0.0,21.75,749.5,
2023-05-31 19:00:00,53.333333333333336,108.75,2.25,9.95,7.1,24.775,10.399999999999999,,,,,,,,,,78.0,2.175,,0.0,0.0,16.0,751.0,
2023-05-31 20:00:00,50.0,95.5,2.925,12.1,8.825,28.525,7.725,,,,,,,,,,80.75,2.2,,0.0,0.0,15.75,752.0,
2023-05-31 21:00:00,38.333333333333336,70.75,3.1,10.6,8.2,27.7,5.175,,,,,,,,,,82.5,2.55,,0.0,0.0,15.75,753.25,
2023-05-31 22:00:00,29.0,51.75,8.1,12.05,12.975000000000001,25.475,1.625,,,,,,,,,,87.25,2.625,,0.0,0.0,16.0,754.0,
2023-05-31 23:00:00,25.0,42.0,3.5,14.3,10.399999999999999,25.7,1.2999999999999998,,,,,,,,,,87.0,2.35,,0.0,0.0,16.0,754.0,
2023-06-01 00:00:00,27.666666666666668,48.0,2.4,7.925000000000001,6.15,26.175,0.7999999999999999,,,,,,,,,,85.5,2.5,,0.0,0.0,16.0,752.75,
2023-06-01 01:00:00,25.5,45.5,2.725,5.85,5.3,22.425,0.6000000000000001,,,,,,,,,,85.5,2.05,,0.0,0.0,16.75,751.25,
2023-06-01 02:00:00,22.5,37.75,2.675,5.925,5.325,21.450000000000003,1.55,,,,,,,,,,87.25,2.0,,0.0,0.0,16.25,751.0,
2023-06-01 03:00:00,26.5,38.25,2.5,6.75,5.6,20.05,2.025,,,,,,,,,,87.75,1.95,,0.0,0.0,16.0,750.5,
2023-06-01 04:00:00,24.0,43.25,3.6,8.75,7.6,23.125,2.35,,,,,,,,,,85.75,2.125,,0.0,0.0,16.0,750.0,
2023-06-01 05:00:00,22.5,47.5,3.525,10.875,8.625,23.1,6.025,,,,,,,,,,86.0,1.9,,0.0,0.0,19.0,750.5,
2023-06-01 06:00:00,27.25,52.0,4.050000000000001,11.65,9.475,23.125,9.05,,,,,,,,,,85.75,1.95,,0.0,0.0,57.5,751.5,
2023-06-01 07:00:00,29.5,62.75,3.9,11.625,9.325,23.35,11.174999999999999,,,,,,,,,,81.0,2.225,,0.0,0.0,155.25,752.25,
2023-06-01 08:00:00,33.25,68.75,3.325,10.45,8.25,24.65,8.225,,,,,,,,,,75.25,2.2,,0.0,0.0,253.75,753.0,
2023-06-01 09:00:00,32.5,73.75,2.725,9.45,7.25,21.425,4.95,,,,,,,,,,69.25,2.275,,0.0,0.0,324.0,753.5,
2023-06-01 10:00:00,37.0,78.75,2.375,9.875,7.2,20.45,4.366666666666666,,,,,,,,,,67.25,2.25,,0.0,0.0,384.75,753.5,
2023-06-01 11:00:00,37.25,72.75,2.8666666666666667,9.633333333333333,7.433333333333334,21.099999999999998,4.966666666666667,,,,,,,,,,62.75,2.275,,0.0,0.0,467.25,752.25,
2023-06-01 12:00:00,37.25,84.0,3.1666666666666665,9.833333333333334,7.8,27.233333333333334,3.55,,,,,,,,,,58.0,2.25,,0.0,0.0,515.0,751.5,
2023-06-01 13:00:00,34.0,80.75,3.325,9.7,7.799999999999999,26.725,2.8,,,,,,,,,,55.0,2.325,,0.0,0.0,471.75,749.5,
2023-06-01 14:00:00,31.25,68.75,2.0,10.3,7.075,28.825,1.75,,,,,,,,,,52.75,2.275,,0.0,0.0,413.5,748.25,
2023-06-01 15:00:00,32.75,66.0,3.275,11.95,9.0,27.625,1.9749999999999999,,,,,,,,,,56.25,2.25,,0.0,0.0,312.25,747.25,
2023-06-01 16:00:00,37.0,82.5,2.625,11.25,8.125,29.85,4.824999999999999,,,,,,,,,,68.25,2.725,,0.0,0.0,185.25,746.25,
2023-06-01 17:00:00,41.75,94.5,2.1,9.975,7.0,22.825,3.8499999999999996,,,,,,,,,,72.0,2.425,,0.0,0.0,64.75,747.0,
2023-06-01 18:00:00,39.0,87.75,2.3499999999999996,14.8,9.8,19.95,3.025,,,,,,,,,,74.0,2.275,,0.0,0.0,17.0,748.25,
2023-06-01 19:00:00,41.0,82.5,2.7,18.45,12.0,18.275,3.0,,,,,,,,,,72.25,1.925,,0.0,0.0,16.0,749.75,
2023-06-01 20:00:00,38.0,89.0,2.625,17.75,11.6,20.125,3.15,,,,,,,,,,72.5,1.5,,0.0,0.0,15.75,751.0,
2023-06-01 21:00:00,35.0,89.75,3.2,18.4,12.425,22.925,2.475,,,,,,,,,,63.75,1.35,,0.0,0.0,15.75,751.75,
2023-06-01 22:00:00,29.25,79.0,3.45,22.975,14.975,20.75,2.975,,,,,,,,,,65.75,1.425,,0.0,0.0,15.75,752.0,
2023-06-01 23:00:00,37.25,84.75,2.825,15.175,10.375,24.4,1.925,,,,,,,,,,64.0,1.4500000000000002,,0.0,0.0,15.75,751.75,
2023-06-02 00:00:00,29.75,57.25,2.433333333333333,18.900000000000002,10.200000000000001,24.266666666666666,1.525,,,,,,,,,,66.0,1.525,,0.0,0.0,15.75,749.75,
2023-06-02 01:00:00,24.25,57.5,2.3,10.1,7.2749999999999995,22.0,2.2,,,,,,,,,,66.75,2.175,,0.0,0.0,16.0,749.0,
2023-06-02 02:00:00,29.0,54.0,2.55,7.225,5.9,21.3,1.675,,,,,,,,,,70.5,2.275,,0.0,0.0,16.0,748.5,
2023-06-02 03:00:00,29.5,48.0,1.6,8.175,5.675,20.15,1.075,,,,,,,,,,73.0,2.075,,0.0,0.0,16.0,748.25,
2023-06-02 04:00:00,22.5,49.5,2.75,8.175,6.575,19.15,1.925,,,,,,,,,,74.5,1.675,,0.0,0.0,16.5,749.0,
2023-06-02 05:00:00,24.5,54.75,3.325,11.075,8.55,22.975,1.4,,,,,,,,,,75.0,2.025,,0.0,0.0,18.0,749.25,
2023-06-02 06:00:00,27.0,61.0,3.9,14.533333333333333,10.9,20.933333333333334,1.5999999999999999,,,,,,,,,,74.0,1.8666666666666665,,0.0,0.0,82.0,750.3333333333334,
2023-06-02 07:00:00,41.25,73.5,4.625,16.925,12.775,20.275,1.575,,,,,,,,,,70.75,1.9,,0.0,0.0,163.25,751.5,
2023-06-02 08:00:00,67.0,86.75,4.45,15.15,11.675,22.45,2.2750000000000004,,,,,,,,,,64.5,2.0,,0.0,0.0,286.25,752.5,
2023-06-02 09:00:00,35.5,82.75,3.075,12.7,9.275,24.05,2.65,,,,,,,,,,60.0,1.975,,0.0,0.0,400.0,753.0,
2023-06-02 10:00:00,36.5,72.0,2.3,9.15,6.75,21.55,2.8000000000000003,,,,,,,,,,55.5,2.45,,0.0,0.0,479.75,753.0,
2023-06-02 11:00:00,27.75,67.5,3.3666666666666667,9.233333333333333,7.666666666666667,22.53333333333333,3.1333333333333333,,,,,,,,,,52.75,2.25,,0.0,0.0,528.0,751.75,
2023-06-02 12:00:00,32.0,63.75,3.266666666666667,6.8,6.266666666666667,23.766666666666666,3.65,,,,,,,,,,49.25,2.35,,0.0,0.0,527.25,750.25,
2023-06-02 13:00:00,27.75,66.0,4.25,8.05,7.7,28.75,3.9,,,,,,,,,,46.5,2.35,,0.0,0.0,488.5,748.75,
2023-06-02 14:00:00,26.0,72.5,3.5,9.65,8.0,28.5,2.675,,,,,,,,,,56.75,3.25,,0.0,0.0,406.75,747.5,
2023-06-02 15:00:00,31.75,90.25,2.566666666666667,11.0,6.8,27.975,1.525,,,,,,,,,,64.25,3.675,,0.0,0.0,302.25,747.0,
2023-06-02 16:00:00,31.75,82.75,2.15,8.575,6.3,29.45,2.2,,,,,,,,,,66.5,3.15,,0.0,0.0,137.0,747.0,
2023-06-02 17:00:00,36.75,76.5,1.5250000000000001,9.95,6.525,28.275,2.7249999999999996,,,,,,,,,,70.25,2.575,,0.0,0.0,36.25,747.0,
2023-06-02 18:00:00,44.0,83.25,1.8,10.575,7.1,21.775,3.5,,,,,,,,,,72.5,2.1,,0.0,0.0,17.75,748.25,
2023-06-02 19:00:00,42.25,99.5,1.5,16.200000000000003,9.825,19.275,4.275,,,,,,,,,,73.75,1.575,,0.0,0.0,16.0,750.0,
2023-06-02 20:00:00,46.25,99.5,2.325,17.25,11.1,18.85,3.575,,,,,,,,,,74.5,2.325,,0.0,0.0,16.0,751.0,
2023-06-02 21:00:00,43.0,88.25,3.45,15.575,11.075,22.675,1.925,,,,,,,,,,77.5,2.25,,0.0,0.0,16.0,751.0,
2023-06-02 22:00:00,29.25,68.25,3.075,17.625,11.875,23.15,3.9749999999999996,,,,,,,,,,67.0,1.55,,0.0,0.0,16.0,751.0,
2023-06-02 23:00:00,25.75,67.5,2.975,21.6,13.925,21.375,3.625,,,,,,,,,,62.5,1.025,,0.0,0.0,16.0,751.25,
2023-06-03 00:00:00,31.0,63.75,3.2,17.275,11.775,22.8,3.6,,,,,,,,,,67.0,1.425,,0.0,0.0,16.0,750.25,
2023-06-03 01:00:00,28.75,62.25,2.475,14.625,9.8,23.7,3.575,,,,,,,,,,67.25,1.55,,0.0,0.0,16.0,749.5,
2023-06-03 02:00:00,22.75,52.75,1.825,13.775,8.799999999999999,19.45,2.575,,,,,,,,,,72.75,1.7,,0.0,0.0,16.0,748.75,
2023-06-03 03:00:00,25.75,56.25,2.225,12.325,8.35,18.525,2.95,,,,,,,,,,70.25,1.5750000000000002,,0.0,0.0,16.0,748.0,
2023-06-03 04:00:00,28.0,50.25,2.3,12.925,8.75,17.625,1.0,,,,,,,,,,69.5,1.875,,0.0,0.0,16.5,748.75,
2023-06-03 05:00:00,28.75,50.25,3.15,11.0,8.375,18.9,0.5,,,,,,,,,,72.5,2.25,,0.0,0.0,18.0,749.5,
2023-06-03 06:00:00,31.5,59.5,3.7249999999999996,11.875,9.325,22.1,2.55,,,,,,,,,,75.75,1.9,,0.0,0.0,67.5,750.75,
2023-06-03 07:00:00,34.0,71.5,3.325,14.1,10.2,21.8,2.775,,,,,,,,,,73.75,2.025,,0.0,0.0,171.0,751.75,
2023-06-03 08:00:00,36.25,89.0,4.05,13.475000000000001,10.45,22.775,5.275,,,,,,,,,,66.0,2.775,,0.0,0.0,289.0,752.25,
2023-06-03 09:00:00,37.25,102.5,2.8499999999999996,16.425,11.05,22.925,4.825,,,,,,,,,,59.25,2.45,,0.0,0.0,395.0,752.25,
2023-06-03 10:00:00,44.75,106.0,2.725,13.125,9.175,21.95,3.3000000000000003,,,,,,,,,,57.25,2.5,,0.0,0.0,450.25,752.0,
2023-06-03 11:00:00,36.25,99.25,2.6999999999999997,12.6,8.9,21.5,2.0,,,,,,,,,,54.25,2.475,,0.0,0.0,508.75,751.25,
2023-06-03 12:00:00,32.25,87.75,3.0,9.4,7.466666666666666,22.633333333333336,2.85,,,,,,,,,,51.5,2.0250000000000004,,0.0,0.0,515.25,750.0,
2023-06-03 13:00:00,35.5,84.75,2.4,10.375,7.45,22.575,2.475,,,,,,,,,,49.5,2.025,,0.0,0.0,460.75,748.75,
2023-06-03 14:00:00,34.0,80.75,4.05,10.725,9.0,27.95,2.1,,,,,,,,,,51.0,2.55,,0.0,0.0,397.5,747.5,
2023-06-03 15:00:00,35.5,94.25,2.05,10.775,7.4,27.725,2.525,,,,,,,,,,60.25,3.575,,0.0,0.0,297.75,746.75,
2023-06-03 16:00:00,39.25,105.0,3.1750000000000003,11.325,8.6,27.8,2.375,,,,,,,,,,65.5,3.075,,0.0,0.0,175.75,746.25,
2023-06-03 17:00:00,39.5,93.25,2.025,12.375,8.25,27.45,2.025,,,,,,,,,,71.25,2.35,,0.0,0.0,44.5,746.0,
2023-06-03 18:00:00,44.0,108.25,2.05,13.75,8.975,25.3,4.75,,,,,,,,,,73.25,1.85,,0.0,0.0,19.75,747.5,
2023-06-03 19:00:00,35.5,114.25,2.475,15.05,10.05,20.35,6.0,,,,,,,,,,75.5,2.0250000000000004,,0.0,0.0,16.0,748.75,
2023-06-03 20:00:00,36.75,82.0,2.075,11.675,7.875,20.675,3.125,,,,,,,,,,77.25,2.725,,0.0,0.0,16.0,749.5,
2023-06-03 21:00:00,36.0,70.25,2.175,10.8,7.525,20.275,2.15,,,,,,,,,,79.0,2.725,,0.0,0.0,16.0,750.75,
2023-06-03 22:00:00,34.5,60.5,3.05,15.875,10.95,22.475,1.675,,,,,,,,,,82.0,2.6,,0.0,0.0,16.0,751.0,
2023-06-03 23:00:00,27.5,54.5,2.75,16.15,10.8,22.95,1.125,,,,,,,,,,84.75,2.75,,0.0,0.0,16.0,751.0,
2023-06-04 00:00:00,20.5,48.0,2.475,13.825,9.4,24.0,2.175,,,,,,,,,,84.75,2.2,,0.0,0.0,16.0,750.0,
2023-06-04 01:00:00,20.666666666666668,39.666666666666664,3.4333333333333336,9.366666666666667,7.766666666666667,25.766666666666666,2.3666666666666667,,,,,,,,,,84.0,2.3333333333333335,,0.0,0.0,16.0,748.6666666666666,
2023-06-04 02:00:00,17.75,37.0,1.4749999999999999,7.525,5.175,26.475,1.7000000000000002,,,,,,,,,,82.5,2.425,,0.0,0.0,16.0,748.0,
2023-06-04 03:00:00,17.5,40.5,2.1,6.075,4.925,20.825,4.75,,,,,,,,,,81.0,2.4,,0.0,0.0,16.0,748.0,
2023-06-04 04:00:00,19.75,34.25,2.3,7.125,5.675,19.2,4.35,,,,,,,,,,82.25,2.0500000000000003,,0.0,0.0,16.0,748.0,
2023-06-04 05:00:00,21.5,38.5,2.95,8.8,7.075,17.875,6.075,,,,,,,,,,83.0,2.15,,0.0,0.0,17.75,748.75,
2023-06-04 06:00:00,20.5,44.25,3.4250000000000003,10.45,8.325,19.475,8.149999999999999,,,,,,,,,,82.25,2.575,,0.0,0.0,50.75,750.0,
2023-06-04 07:00:00,22.75,57.5,4.325,11.7,9.725,21.575,7.95,,,,,,,,,,78.0,2.5,,0.0,0.0,145.25,751.5,
2023-06-04 08:00:00,27.0,60.0,3.225,10.85,8.4,23.3,6.0,,,,,,,,,,69.5,2.775,,0.0,0.0,289.25,752.5,
2023-06-04 09:00:00,32.25,79.5,3.375,11.0,8.575,23.75,4.475,,,,,,,,,,60.5,2.425,,0.0,0.0,400.0,753.0,
2023-06-04 10:00:00,31.5,115.5,2.8000000000000003,10.5,7.85,25.425,1.7333333333333334,,,,,,,,,,57.75,2.45,,0.0,0.0,410.0,753.0,
2023-06-04 11:00:00,33.75,76.25,1.8,9.533333333333333,6.533333333333334,23.766666666666666,1.3,,,,,,,,,,55.25,2.8,,0.0,0.0,496.5,752.0,
2023-06-04 12:00:00,27.0,79.5,1.7333333333333334,10.200000000000001,6.833333333333333,22.099999999999998,1.8250000000000002,,,,,,,,,,52.0,2.925,,0.0,0.0,547.0,751.5,
2023-06-04 13:00:00,25.25,74.75,2.525,8.725,6.725,21.175,1.575,,,,,,,,,,50.25,2.775,,0.0,0.0,497.5,750.0,
2023-06-04 14:00:00,21.0,62.75,2.175,8.775,6.425000000000001,22.825,1.9500000000000002,,,,,,,,,,50.5,2.625,,0.0,0.0,420.25,749.0,
2023-06-04 15:00:00,22.25,53.75,3.15,9.525,7.6,26.925,1.625,,,,,,,,,,51.0,2.3,,0.0,0.0,299.75,747.75,
2023-06-04 16:00:00,18.75,48.5,3.5,10.2,8.25,26.15,1.15,,,,,,,,,,52.0,2.275,,0.0,0.0,193.75,746.5,
2023-06-04 17:00:00,22.75,53.5,3.3,12.15,9.125,25.35,1.1,,,,,,,,,,52.75,1.95,,0.0,0.0,85.25,746.25,
2023-06-04 18:00:00,22.0,56.25,2.75,15.125,10.25,25.025,1.7,,,,,,,,,,54.5,1.775,,0.0,0.0,22.0,747.25,
2023-06-04 19:00:00,31.75,63.0,2.25,23.35,14.225,19.625,2.75,,,,,,,,,,56.0,1.225,,0.0,0.0,16.0,748.5,
2023-06-04 20:00:00,33.75,76.25,5.0,23.7,16.65,15.875,1.85,,,,,,,,,,56.75,1.0,,0.0,0.0,16.0,750.0,
2023-06-04 21:00:00,36.0,94.5,2.75,20.25,13.0,17.8,2.125,,,,,,,,,,64.25,1.2,,0.0,0.0,16.0,751.0,
2023-06-04 22:00:00,45.0,111.0,2.8666666666666667,19.933333333333334,12.933333333333332,17.533333333333335,3.6999999999999997,,,,,,,,,,73.0,1.5,,0.0,0.0,16.0,751.3333333333334,
2023-06-04 23:00:00,32.5,90.75,3.75,17.15,12.125,22.9,3.825,,,,,,,,,,69.75,1.05,,0.0,0.0,16.0,751.25,
2023-06-05 00:00:00,28.25,74.5,2.55,15.45,10.3,23.325,2.9,,,,,,,,,,68.0,1.525,,0.0,0.0,16.0,750.0,
2023-06-05 01:00:00,27.75,67.5,2.825,10.2,7.75,25.125,2.35,,,,,,,,,,74.5,1.55,,0.0,0.0,16.0,749.0,
2023-06-05 02:00:00,22.5,50.25,2.525,11.35,8.075,24.75,0.8,,,,,,,,,,74.0,1.75,,0.0,0.0,16.0,747.5,
2023-06-05 03:00:00,20.0,50.25,1.8,10.15,6.85,24.7,1.2,,,,,,,,,,73.75,1.8250000000000002,,0.0,0.0,16.0,747.0,
2023-06-05 04:00:00,28.0,60.0,2.25,10.600000000000001,7.45,19.425,4.175,,,,,,,,,,72.25,1.7,,0.0,0.0,16.0,748.0,
2023-06-05 05:00:00,32.75,68.25,3.075,12.45,9.125,17.85,4.375,,,,,,,,,,72.25,1.85,,0.0,0.0,17.75,748.75,
2023-06-05 06:00:00,31.5,70.25,5.725,17.525,13.975,14.4,4.0,,,,,,,,,,71.25,1.4,,0.0,0.0,74.75,749.75,
2023-06-05 07:00:00,39.0,83.0,6.633333333333333,18.433333333333334,15.200000000000001,18.333333333333332,3.8333333333333335,,,,,,,,,,68.0,1.3333333333333333,,0.0,0.0,182.33333333333334,751.0,
2023-06-05 08:00:00,37.75,107.25,4.975,16.475,12.8,22.025,6.1,,,,,,,,,,61.0,1.7999999999999998,,0.0,0.0,303.25,751.0,
2023-06-05 09:00:00,40.25,104.0,2.75,23.35,8.6,20.875,6.525,,,,,,,,,,59.25,2.125,,0.0,0.0,408.25,751.0,
2023-06-05 10:00:00,39.5,97.25,3.475,16.575,11.65,27.175,4.766666666666667,,,,,,,,,,54.5,2.325,,0.0,0.0,454.5,750.75,
2023-06-05 11:00:00,35.0,83.25,2.1333333333333333,12.9,8.6,29.266666666666666,4.133333333333333,,,,,,,,,,53.75,2.825,,0.0,0.0,515.75,750.0,
2023-06-05 12:00:00,35.75,76.5,2.2666666666666666,7.766666666666667,5.966666666666666,26.03333333333333,2.275,,,,,,,,,,52.5,2.775,,0.0,0.0,530.75,749.25,
2023-06-05 13:00:00,39.0,87.5,2.7,11.375,8.275,35.65,3.875,,,,,,,,,,57.25,3.325,,0.0,0.0,442.25,748.25,
2023-06-05 14:00:00,40.0,101.25,1.9249999999999998,9.325,6.55,34.075,4.0,,,,,,,,,,63.0,3.475,,0.0,0.0,281.0,747.25,
2023-06-05 15:00:00,35.75,85.25,2.6,11.9,8.425,28.35,2.45,,,,,,,,,,73.0,2.65,,0.0,0.0,59.25,746.25,
2023-06-05 16:00:00,38.75,84.5,4.45,21.925,15.25,23.625,2.25,,,,,,,,,,79.5,1.35,,0.0,0.0,37.0,746.75,
2023-06-05 17:00:00,29.5,65.25,3.25,18.55,12.5,25.375,1.675,,,,,,,,,,73.25,2.3,,0.0,0.0,23.0,748.25,
2023-06-05 18:00:00,21.75,44.25,3.2,16.975,11.625,25.425,0.7000000000000001,,,,,,,,,,78.75,1.65,,0.0,0.0,16.0,747.25,
2023-06-05 19:00:00,20.75,34.5,4.45,23.775,16.275,23.475,0.4,,,,,,,,,,75.5,0.925,,0.0,0.0,14.0,747.5,
2023-06-05 20:00:00,22.25,43.5,5.8,29.4,20.35,15.2,1.375,,,,,,,,,,74.5,1.4,,0.0,0.0,14.0,749.75,
2023-06-05 21:00:00,27.25,56.25,3.8,17.55,12.45,19.625,2.325,,,,,,,,,,76.0,1.975,,0.0,0.0,14.0,751.0,
2023-06-05 22:00:00,23.5,50.25,2.25,15.924999999999999,10.3,18.85,1.675,,,,,,,,,,78.5,1.7,,0.0,0.0,14.0,751.0,
2023-06-05 23:00:00,24.5,38.0,3.675,13.825,10.325,18.425,1.025,,,,,,,,,,80.0,2.125,,0.0,0.0,14.75,750.75,
2023-06-06 00:00:00,16.5,33.5,3.375,10.675,8.399999999999999,23.8,1.95,,,,,,,,,,78.75,2.175,,0.0,0.0,14.5,750.0,
2023-06-06 01:00:00,22.5,27.5,2.575,10.850000000000001,7.85,23.3,2.6,,,,,,,,,,78.75,2.35,,0.0,0.0,15.0,749.25,
2023-06-06 02:00:00,15.5,24.25,2.525,8.0,6.25,23.85,4.475,,,,,,,,,,80.0,2.65,,0.0,0.0,15.0,748.0,
2023-06-06 03:00:00,10.25,28.0,2.175,8.025,6.05,23.825,3.725,,,,,,,,,,80.0,2.7,,0.0,0.0,15.0,748.0,
2023-06-06 04:00:00,16.25,28.75,1.5750000000000002,7.75,5.4,21.25,2.675,,,,,,,,,,78.5,2.9000000000000004,,0.0,0.0,15.0,748.0,
2023-06-06 05:00:00,15.0,33.25,2.5250000000000004,7.525,6.025,18.025,2.3,,,,,,,,,,80.75,3.15,,0.0,0.0,16.25,748.0,
2023-06-06 06:00:00,20.5,42.25,3.325,12.625,9.425,14.775,2.5999999999999996,,,,,,,,,,81.0,1.925,,0.0,0.0,47.25,749.0,
2023-06-06 07:00:00,27.5,52.0,4.3,13.775,10.825,14.25,2.775,,,,,,,,,,76.0,2.05,,0.0,0.0,139.0,749.75,
2023-06-06 08:00:00,25.25,64.25,6.475,14.6,13.025,18.8,2.3499999999999996,,,,,,,,,,67.75,1.975,,0.0,0.0,285.25,750.75,
2023-06-06 09:00:00,24.0,71.75,4.45,13.825,10.975,20.625,2.3000000000000003,,,,,,,,,,63.25,2.375,,0.0,0.0,419.5,750.75,
2023-06-06 10:00:00,27.5,66.0,3.525,12.425,9.475,21.175,3.8666666666666667,,,,,,,,,,58.5,2.9,,0.0,0.0,506.5,750.0,
2023-06-06 11:00:00,26.75,68.25,4.033333333333333,13.766666666666666,10.633333333333333,24.400000000000002,3.533333333333333,,,,,,,,,,54.75,2.6,,0.0,0.0,546.25,749.25,
2023-06-06 12:00:00,21.75,63.75,1.8333333333333333,10.799999999999999,7.266666666666667,24.833333333333332,2.075,,,,,,,,,,52.25,2.825,,0.0,0.0,533.0,747.75,
2023-06-06 13:00:00,27.25,59.25,1.75,10.3,6.9,22.425,2.525,,,,,,,,,,49.25,2.875,,0.0,0.0,521.0,746.5,
2023-06-06 14:00:00,28.25,65.75,2.95,9.15,7.2,25.375,3.0,,,,,,,,,,47.5,2.1,,0.0,0.0,438.0,745.25,
2023-06-06 15:00:00,31.25,70.25,1.925,9.925,6.875,30.65,4.125,,,,,,,,,,59.25,3.4499999999999997,,0.0,0.0,199.75,744.0,
2023-06-06 16:00:00,33.75,79.25,3.225,12.15,9.05,32.525,1.225,,,,,,,,,,74.25,3.775,,0.0,0.0,46.5,743.5,
2023-06-06 17:00:00,23.5,59.75,2.95,16.6,11.3,33.0,0.1,,,,,,,,,,74.25,2.125,,0.0,0.0,27.75,743.75,
2023-06-06 18:00:00,31.5,63.25,3.9,32.6,20.466666666666665,34.26666666666667,0.8999999999999999,,,,,,,,,,73.5,1.825,,0.0,0.0,17.5,744.5,
2023-06-06 19:00:00,33.5,68.0,3.35,31.575,19.525,30.575,1.5,,,,,,,,,,77.25,2.05,,0.0,0.0,14.0,745.75,
2023-06-06 20:00:00,36.5,71.25,2.85,28.25,17.375,28.15,2.975,,,,,,,,,,78.25,2.0,,0.0,0.0,14.0,747.5,
2023-06-06 21:00:00,35.0,65.25,2.975,20.925,13.525,22.275,2.675,,,,,,,,,,74.5,2.325,,0.0,0.0,14.0,748.75,
2023-06-06 22:00:00,19.0,45.5,2.55,20.6,13.075,19.7,3.975,,,,,,,,,,76.0,1.7750000000000001,,0.0,0.0,14.0,749.5,
2023-06-06 23:00:00,24.5,46.25,2.6,13.85,9.5,20.525,4.15,,,,,,,,,,76.5,2.0,,0.0,0.0,14.5,749.25,
2023-06-07 00:00:00,22.75,41.5,3.0250000000000004,11.175,8.399999999999999,21.9,2.3,,,,,,,,,,79.75,2.325,,0.0,0.0,14.5,748.25,
2023-06-07 01:00:00,20.0,36.5,3.2,11.0,8.45,25.025,1.7999999999999998,,,,,,,,,,78.75,2.375,,0.0,0.0,14.75,748.0,
2023-06-07 02:00:00,17.5,41.5,2.95,10.175,7.825,25.4,3.95,,,,,,,,,,78.75,2.3,,0.0,0.0,14.75,747.5,
2023-06-07 03:00:00,25.25,34.0,2.4000000000000004,11.6,8.125,24.525,5.9,,,,,,,,,,81.5,2.35,,0.0,0.0,14.75,747.0,
2023-06-07 04:00:00,18.0,34.25,2.575,9.525,7.1,25.525,6.05,,,,,,,,,,84.75,3.0,,0.0,0.0,15.0,746.75,
2023-06-07 05:00:00,21.0,36.0,1.8333333333333333,10.366666666666667,7.033333333333334,20.2,6.033333333333334,,,,,,,,,,84.0,2.6999999999999997,,0.0,0.0,15.333333333333334,747.6666666666666,
2023-06-07 06:00:00,21.5,40.5,3.2,12.7,9.35,17.475,3.35,,,,,,,,,,82.25,1.475,,0.0,0.0,21.75,749.75,
2023-06-07 07:00:00,25.75,50.5,3.4,17.775,12.225,14.5,3.475,,,,,,,,,,82.5,2.075,,0.0,0.0,30.25,752.25,
2023-06-07 08:00:00,30.5,52.25,2.45,11.2,7.95,17.875,2.8,,,,,,,,,,87.0,2.925,,0.0,0.0,87.5,753.0,
2023-06-07 09:00:00,19.25,38.25,3.3,11.6,8.85,22.9,2.95,,,,,,,,,,86.25,2.025,,0.0,0.0,136.75,752.5,
2023-06-07 10:00:00,19.25,47.75,2.875,14.0,9.775,23.95,2.533333333333333,,,,,,,,,,81.0,2.15,,0.0,0.0,320.75,752.0,
2023-06-07 11:00:00,26.75,52.25,3.7999999999999994,15.9,11.566666666666668,25.3,4.5,,,,,,,,,,70.75,1.75,,0.0,0.0,485.25,750.75,
2023-06-07 12:00:00,31.0,73.0,2.733333333333333,17.266666666666666,11.4,27.7,3.075,,,,,,,,,,63.5,1.825,,0.0,0.0,487.5,749.5,
2023-06-07 13:00:00,35.25,86.0,1.5333333333333332,14.75,8.725,28.7,3.0,,,,,,,,,,58.75,2.275,,0.0,0.0,454.75,748.5,
2023-06-07 14:00:00,30.0,75.0,2.066666666666667,14.200000000000001,9.233333333333334,21.2,2.766666666666667,,,,,,,,,,57.333333333333336,1.8333333333333333,,0.0,0.0,341.0,747.0,
2023-06-07 15:00:00,30.25,67.5,3.05,15.25,10.6,20.35,3.3,,,,,,,,,,56.75,1.725,,0.0,0.0,259.75,745.5,
2023-06-07 16:00:00,32.5,74.5,3.0,15.6,10.725,21.45,1.35,,,,,,,,,,59.0,1.4,,0.0,0.0,159.5,745.0,
2023-06-07 17:00:00,36.5,78.5,2.425,18.45,11.8,17.725,1.425,,,,,,,,,,68.75,1.425,,0.0,0.0,92.0,745.0,
2023-06-07 18:00:00,37.0,94.25,2.65,23.175,14.5,16.0,0.775,,,,,,,,,,75.5,1.5,,0.0,0.0,23.0,745.5,
2023-06-07 19:00:00,44.0,92.25,2.05,24.15,14.5,15.575,1.75,,,,,,,,,,78.75,1.725,,0.0,0.0,15.0,746.75,
2023-06-07 20:00:00,45.75,96.25,2.675,29.1,17.65,12.975,1.525,,,,,,,,,,79.5,1.85,,0.0,0.0,15.0,747.75,
2023-06-07 21:00:00,40.5,100.75,2.5,20.65,13.0,16.1,1.575,,,,,,,,,,78.0,2.0,,0.0,0.0,15.0,749.5,
2023-06-07 22:00:00,34.5,83.0,2.7,15.125,10.25,17.975,3.75,,,,,,,,,,78.5,2.45,,0.0,0.0,15.0,750.25,
2023-06-07 23:00:00,29.0,71.75,2.35,13.025,8.825,17.725,4.25,,,,,,,,,,80.25,2.05,,0.0,0.0,15.0,750.0,
2023-06-08 00:00:00,25.5,51.25,1.975,11.15,7.55,17.8,3.25,,,,,,,,,,79.75,1.95,,0.0,0.0,15.0,749.0,
2023-06-08 01:00:00,21.5,37.5,1.8250000000000002,9.725,6.675,18.275,3.025,,,,,,,,,,78.25,2.4,,0.0,0.0,15.5,747.75,
2023-06-08 02:00:00,16.5,43.0,2.675,7.25,6.0,18.299999999999997,2.2,,,,,,,,,,77.25,2.4,,0.0,0.0,15.75,747.0,
2023-06-08 03:00:00,23.25,55.25,2.35,8.175,6.225,17.25,1.6,,,,,,,,,,74.75,2.525,,0.0,0.0,15.75,748.0,
2023-06-08 04:00:00,20.25,52.0,2.5,10.375,7.55,16.35,1.3499999999999999,,,,,,,,,,71.25,2.1,,0.0,0.0,15.75,748.0,
2023-06-08 05:00:00,18.5,40.75,4.025,14.2,10.825,13.75,1.075,,,,,,,,,,69.5,2.225,,0.0,0.0,17.0,748.5,
2023-06-08 06:00:00,20.5,46.25,6.025,16.275,13.55,12.225,2.8499999999999996,,,,,,,,,,68.0,2.1,,0.0,0.0,64.0,749.0,
2023-06-08 07:00:00,22.0,56.5,7.6499999999999995,17.05,15.275,12.15,3.775,,,,,,,,,,64.75,1.675,,0.0,0.0,172.75,750.0,
2023-06-08 08:00:00,21.0,56.0,4.625,13.3,10.825,16.0,1.775,,,,,,,,,,62.0,2.45,,0.0,0.0,294.0,750.5,
2023-06-08 09:00:00,19.25,51.75,4.65,15.850000000000001,12.2,16.275,1.075,,,,,,,,,,59.5,2.175,,0.0,0.0,345.0,750.25,
2023-06-08 10:00:00,22.5,56.75,3.925,16.35,11.875,17.625,3.8333333333333335,,,,,,,,,,55.0,1.975,,0.0,0.0,491.25,750.0,
2023-06-08 11:00:00,22.25,53.75,3.6333333333333333,12.633333333333333,9.666666666666666,20.766666666666666,3.4333333333333336,,,,,,,,,,52.0,1.975,,0.0,0.0,485.0,749.25,
2023-06-08 12:00:00,25.5,54.25,2.533333333333333,10.333333333333334,7.533333333333332,20.2,4.225,,,,,,,,,,54.0,2.9,,0.0,0.0,533.5,748.75,
2023-06-08 13:00:00,24.25,75.5,2.65,9.7,7.275,19.55,6.425000000000001,,,,,,,,,,59.75,4.225,,0.0,0.0,478.0,748.0,
2023-06-08 14:00:00,25.5,67.0,2.55,7.9,6.275,20.225,2.775,,,,,,,,,,64.5,3.45,,0.0,0.0,394.0,746.5,
2023-06-08 15:00:00,26.0,46.5,3.1999999999999997,8.375,7.075,22.725,2.225,,,,,,,,,,62.75,2.925,,0.0,0.0,294.25,745.75,
2023-06-08 16:00:00,24.0,49.25,2.85,9.175,7.2,25.95,2.1,,,,,,,,,,67.75,3.2,,0.0,0.0,205.25,745.0,
2023-06-08 17:00:00,30.25,56.0,1.85,11.1,7.4,26.825,4.1,,,,,,,,,,72.0,3.175,,0.0,0.0,79.75,745.0,
2023-06-08 18:00:00,38.0,62.75,2.025,11.35,7.675,27.025,2.6,,,,,,,,,,74.25,2.475,,0.0,0.0,20.5,746.0,
2023-06-08 19:00:00,31.0,57.0,2.525,17.625,11.4,21.1,1.125,,,,,,,,,,75.0,2.1,,0.0,0.0,15.0,747.5,
2023-06-08 20:00:00,28.25,63.5,3.325,24.775,15.875,17.025,3.0,,,,,,,,,,72.75,2.35,,0.0,0.0,15.25,749.0,
2023-06-08 21:00:00,31.25,74.75,3.2,29.275,18.15,14.65,3.25,,,,,,,,,,72.75,1.625,,0.0,0.0,15.0,749.5,
2023-06-08 22:00:00,35.0,71.25,2.75,18.7,12.175,17.975,3.9000000000000004,,,,,,,,,,71.5,1.8,,0.0,0.0,15.75,749.75,
2023-06-08 23:00:00,24.0,50.5,2.725,14.825,10.075,18.2,3.9749999999999996,,,,,,,,,,74.75,1.9500000000000002,,0.0,0.0,15.75,749.0,
2023-06-09 00:00:00,17.0,37.0,2.15,10.5,7.325,18.9,2.45,,,,,,,,,,79.75,1.975,,0.0,0.0,15.75,748.75,
2023-06-09 01:00:00,14.75,30.75,2.35,8.975,6.699999999999999,18.85,2.375,,,,,,,,,,78.75,3.0749999999999997,,0.0,0.0,15.75,747.75,
2023-06-09 02:00:00,17.25,37.5,2.15,8.2,6.1,18.75,2.475,,,,,,,,,,72.5,2.85,,0.0,0.0,15.75,746.75,
2023-06-09 03:00:00,18.0,33.0,2.6666666666666665,9.066666666666668,7.033333333333334,17.633333333333336,2.8666666666666667,,,,,,,,,,75.0,2.5,,0.0,0.0,16.0,746.0,
2023-06-09 04:00:00,21.0,37.0,2.375,10.925,7.725,16.575,0.975,,,,,,,,,,75.5,2.25,,0.0,0.0,16.0,746.0,
2023-06-09 05:00:00,15.5,27.75,2.9749999999999996,12.625,9.125,15.325,0.75,,,,,,,,,,73.25,2.375,,0.0,0.0,17.25,746.5,
2023-06-09 06:00:00,17.25,38.5,5.55,15.325,12.675,13.15,1.025,,,,,,,,,,72.25,1.975,,0.0,0.0,61.0,747.5,
2023-06-09 07:00:00,20.0,46.75,4.85,12.725,10.7,14.925,1.45,,,,,,,,,,67.5,2.3,,0.0,0.0,200.75,748.5,
2023-06-09 08:00:00,24.25,53.0,4.75,11.475,10.0,16.6,1.9,,,,,,,,,,63.5,2.55,,0.0,0.0,321.75,748.75,
2023-06-09 09:00:00,18.75,65.25,8.075,12.075,12.975000000000001,16.7,2.2,,,,,,,,,,61.0,2.575,,0.0,0.0,352.5,748.25,
2023-06-09 10:00:00,17.5,64.0,4.15,12.45,10.0,17.175,3.3333333333333335,,,,,,,,,,58.75,2.625,,0.0,0.0,443.75,747.5,
2023-06-09 11:00:00,17.0,56.0,3.966666666666667,11.033333333333333,9.066666666666668,18.733333333333334,2.966666666666667,,,,,,,,,,54.75,2.7,,0.0,0.0,548.0,747.0,
2023-06-09 12:00:00,19.75,47.0,3.1999999999999997,11.733333333333334,8.833333333333334,20.599999999999998,1.725,,,,,,,,,,51.5,2.3000000000000003,,0.0,0.0,539.5,746.75,
2023-06-09 13:00:00,19.0,54.5,3.175,10.875,8.325,21.625,1.625,,,,,,,,,,51.5,2.175,,0.0,0.0,418.25,745.75,
2023-06-09 14:00:00,18.75,87.75,2.175,9.649999999999999,6.925,22.875,2.45,,,,,,,,,,49.25,2.0,,0.0,0.0,410.75,744.0,
2023-06-09 15:00:00,18.75,43.0,1.85,9.45,6.55,22.125,2.9,,,,,,,,,,50.75,2.3,,0.0,0.0,304.0,743.0,
2023-06-09 16:00:00,22.25,57.25,2.25,10.45,7.375,21.25,1.85,,,,,,,,,,62.75,2.275,,0.0,0.0,83.75,742.5,
2023-06-09 17:00:00,28.333333333333332,77.33333333333333,2.3333333333333335,16.5,10.633333333333333,17.933333333333334,5.6000000000000005,,,,,,,,,,62.333333333333336,1.1333333333333333,,0.0,0.0,28.333333333333332,744.0,
2023-06-09 18:00:00,32.25,99.5,2.425,18.675,11.899999999999999,16.6,4.275,,,,,,,,,,65.5,2.225,,0.0,0.0,17.5,744.75,
2023-06-09 19:00:00,29.0,77.5,1.925,18.4,11.35,15.725,1.775,,,,,,,,,,66.5,2.05,,0.0,0.0,15.25,745.0,
2023-06-09 20:00:00,25.0,51.5,2.575,20.375,12.9,15.025,1.05,,,,,,,,,,64.75,1.4,,0.0,0.0,15.75,746.0,
2023-06-09 21:00:00,24.25,56.0,4.075,28.725,18.6,11.05,1.475,,,,,,,,,,63.25,1.475,,0.0,0.0,15.75,746.75,
2023-06-09 22:00:00,29.0,71.0,2.825,23.25,14.675,13.875,3.0,,,,,,,,,,64.0,1.5,,0.0,0.0,15.75,747.0,
2023-06-09 23:00:00,21.75,57.5,3.2,15.125,10.65,16.525,3.6,,,,,,,,,,77.0,2.375,,0.0,0.0,15.75,747.0,
2023-06-10 00:00:00,18.333333333333332,40.333333333333336,2.4,12.866666666666667,8.766666666666666,17.266666666666666,3.266666666666667,,,,,,,,,,74.33333333333333,2.2333333333333334,,0.0,0.0,15.666666666666666,746.6666666666666,
2023-06-10 01:00:00,17.0,32.666666666666664,3.033333333333333,8.700000000000001,7.133333333333333,17.233333333333334,2.1,,,,,,,,,,83.33333333333333,1.5,,0.0,0.0,14.0,744.6666666666666,
2023-06-10 02:00:00,13.0,32.0,2.0,10.166666666666666,7.033333333333334,16.366666666666667,1.2333333333333334,,,,,,,,,,78.66666666666667,2.3333333333333335,,0.0,0.0,14.0,745.0,
2023-06-10 03:00:00,15.25,25.5,2.35,11.575,8.05,15.525,1.85,,,,,,,,,,75.25,2.675,,0.0,0.0,14.5,744.5,
2023-06-10 04:00:00,14.25,29.25,2.575,10.25,7.525,15.525,1.775,,,,,,,,,,75.0,2.075,,0.0,0.0,15.0,745.0,
2023-06-10 05:00:00,9.25,28.0,2.975,10.075,7.775,14.875,2.5,,,,,,,,,,74.75,2.35,,0.0,0.0,17.0,745.75,
2023-06-10 06:00:00,10.5,31.25,4.45,10.775,9.375,14.1,1.0,,,,,,,,,,72.25,2.375,,0.0,0.0,72.25,747.0,
2023-06-10 07:00:00,13.0,32.25,6.3,11.575,11.275,13.35,1.4500000000000002,,,,,,,,,,67.25,2.825,,0.0,0.0,188.0,748.0,
2023-06-10 08:00:00,17.25,35.75,2.95,10.700000000000001,8.366666666666667,14.925,1.625,,,,,,,,,,62.5,3.025,,0.0,0.0,317.5,748.0,
2023-06-10 09:00:00,19.333333333333332,44.333333333333336,4.333333333333333,10.866666666666667,9.299999999999999,15.799999999999999,1.6666666666666667,,,,,,,,,,60.333333333333336,2.8666666666666667,,0.0,0.0,441.0,748.0,
2023-06-10 10:00:00,17.5,47.75,4.475,13.375,10.75,17.375,2.4,,,,,,,,,,57.5,2.425,,0.0,0.0,511.75,747.5,
2023-06-10 11:00:00,20.75,51.5,3.266666666666667,12.633333333333333,9.333333333333334,19.8,3.3666666666666667,,,,,,,,,,56.5,2.75,,0.0,0.0,552.0,746.5,
2023-06-10 12:00:00,17.75,38.25,2.9,12.200000000000001,8.833333333333334,19.900000000000002,3.45,,,,,,,,,,54.25,2.225,,0.0,0.0,555.0,745.75,
2023-06-10 13:00:00,19.25,37.0,2.55,11.35,8.1,19.175,3.5,,,,,,,,,,51.5,2.1,,0.0,0.0,515.5,744.5,
2023-06-10 14:00:00,17.25,30.75,2.725,10.45,7.825,20.9,2.7,,,,,,,,,,50.25,2.025,,0.0,0.0,449.0,743.25,
2023-06-10 15:00:00,18.25,34.0,2.375,8.8,6.575,21.725,2.675,,,,,,,,,,57.25,3.2,,0.0,0.0,303.75,742.75,
2023-06-10 16:00:00,20.5,48.5,2.075,9.225,6.575,22.2,3.075,,,,,,,,,,62.5,3.025,,0.0,0.0,161.25,743.0,
2023-06-10 17:00:00,27.75,59.25,2.325,12.35,8.475,19.55,4.925,,,,,,,,,,66.75,2.5,,0.0,0.0,29.25,745.25,
2023-06-10 18:00:00,32.0,60.5,3.7249999999999996,27.5,17.625,12.55,1.775,,,,,,,,,,70.25,1.625,,0.0,0.0,18.25,744.25,
2023-06-10 19:00:00,21.25,44.0,11.725000000000001,43.95,32.95,4.333333333333333,1.85,,,,,,,,,,66.5,0.9750000000000001,,0.0,0.0,15.0,745.75,
2023-06-10 20:00:00,27.0,70.5,6.3,35.65,24.075,10.025,19.75,,,,,,,,,,68.5,1.325,,0.0,0.0,15.0,747.5,
2023-06-10 21:00:00,32.75,69.0,7.25,36.7,25.4,9.075,3.525,,,,,,,,,,73.25,1.6,,0.0,0.0,15.0,748.75,
2023-06-10 22:00:00,30.75,64.75,3.6,30.075000000000003,18.925,13.325,1.475,,,,,,,,,,74.25,1.45,,0.0,0.0,15.5,749.0,
2023-06-10 23:00:00,24.0,49.0,4.025,24.975,16.55,14.3,0.6,,,,,,,,,,72.5,1.25,,0.0,0.0,15.5,748.0,
2023-06-11 00:00:00,16.0,40.25,3.225,18.5,12.45,16.0,1.575,,,,,,,,,,73.0,1.3,,0.0,0.0,15.75,746.75,
2023-06-11 01:00:00,21.0,40.5,2.575,16.05,10.575,16.125,2.025,,,,,,,,,,73.0,1.325,,0.0,0.0,15.75,745.0,
2023-06-11 02:00:00,24.0,36.75,2.55,12.375,8.65,17.025,1.65,,,,,,,,,,73.0,1.675,,0.0,0.0,16.0,744.0,
2023-06-11 03:00:00,15.25,29.75,2.825,11.775,8.575,16.475,1.975,,,,,,,,,,72.0,1.925,,0.0,0.0,16.0,744.5,
2023-06-11 04:00:00,18.333333333333332,30.0,3.966666666666667,12.533333333333333,9.9,15.6,2.5666666666666664,,,,,,,,,,69.0,1.4666666666666668,,0.0,0.0,16.0,746.0,
2023-06-11 05:00:00,20.333333333333332,29.333333333333332,3.766666666666667,12.933333333333332,9.933333333333334,14.9,2.2666666666666666,,,,,,,,,,68.33333333333333,1.9666666666666668,,0.0,0.0,18.0,747.3333333333334,
2023-06-11 06:00:00,15.75,29.25,7.75,16.35,15.025,11.2,3.6,,,,,,,,,,68.25,1.7999999999999998,,0.0,0.0,53.0,748.5,
2023-06-11 07:00:00,18.5,46.0,8.3,15.600000000000001,15.075,12.25,3.575,,,,,,,,,,65.5,1.9500000000000002,,0.0,0.0,182.5,749.75,
2023-06-11 08:00:00,18.25,47.25,5.7,12.35,11.225,15.95,2.475,,,,,,,,,,62.0,2.175,,0.0,0.0,248.25,751.0,
2023-06-11 09:00:00,14.0,39.0,4.033333333333333,9.966666666666667,8.6,17.533333333333335,1.1666666666666667,,,,,,,,,,59.333333333333336,2.5,,0.0,0.0,398.0,750.3333333333334,
2023-06-11 10:00:00,16.25,32.5,3.375,9.15,7.575,19.3,1.4666666666666668,,,,,,,,,,58.75,2.9,,0.0,0.0,334.5,749.25,
2023-06-11 11:00:00,14.75,31.0,3.1,8.933333333333332,7.3,19.433333333333334,2.1,,,,,,,,,,56.0,2.75,,0.0,0.0,464.0,748.0,
2023-06-11 12:00:00,8.5,30.25,2.9,8.133333333333335,6.733333333333333,20.233333333333334,1.0,,,,,,,,,,54.25,2.925,,0.0,0.0,563.0,747.25,
2023-06-11 13:00:00,11.0,26.25,2.825,7.875,6.475,19.9,0.65,,,,,,,,,,53.75,2.525,,0.0,0.0,537.0,745.5,
2023-06-11 14:00:00,14.0,23.25,2.675,7.125,5.975,20.575,0.725,,,,,,,,,,52.25,2.35,,0.0,0.0,374.0,744.25,
2023-06-11 15:00:00,12.5,30.0,3.075,9.175,7.375,19.675,0.275,,,,,,,,,,54.0,1.675,,0.0,0.0,202.25,743.5,
2023-06-11 16:00:00,9.0,30.75,2.125,10.425,7.3,19.9,1.8250000000000002,,,,,,,,,,55.0,1.85,,0.0,0.0,152.75,743.0,
2023-06-11 17:00:00,12.25,33.75,2.125,9.65,6.875,20.275,2.775,,,,,,,,,,54.5,1.9249999999999998,,0.0,0.0,111.5,743.0,
2023-06-11 18:00:00,16.5,41.25,2.4,12.3,8.5,19.35,0.675,,,,,,,,,,64.25,2.1,,0.0,0.0,19.0,743.75,
2023-06-11 19:00:00,29.0,58.75,1.975,13.65,8.875,18.225,1.35,,,,,,,,,,71.25,2.975,,0.0,0.0,15.25,745.75,
2023-06-11 20:00:00,29.75,53.5,2.475,10.625,7.675000000000001,17.8,1.4,,,,,,,,,,86.25,1.9,,0.0,0.0,14.75,747.5,
2023-06-11 21:00:00,13.25,22.5,4.275,21.299999999999997,14.8,12.225,1.85,,,,,,,,,,82.25,2.25,,0.0,0.0,14.0,748.5,
2023-06-11 22:00:00,10.75,24.0,3.875,18.8,13.125,13.775,1.75,,,,,,,,,,82.5,1.725,,0.0,0.0,14.0,749.25,
2023-06-11 23:00:00,11.0,25.25,2.975,17.025,11.475,14.875,2.475,,,,,,,,,,83.75,1.675,,0.0,0.0,14.0,748.25,
2023-06-12 00:00:00,14.5,27.25,2.6,12.975000000000001,9.025,16.025,2.175,,,,,,,,,,86.75,1.6,,0.0,0.0,14.0,747.75,
2023-06-12 01:00:00,15.5,21.5,2.2,7.75,5.8999999999999995,17.525,2.525,,,,,,,,,,89.25,1.25,,0.0,0.0,14.0,746.5,
2023-06-12 02:00:00,13.5,20.0,2.5,12.35,6.25,15.424999999999999,1.325,,,,,,,,,,90.0,1.175,,0.0,0.0,14.0,745.5,
2023-06-12 03:00:00,13.0,23.0,2.275,9.4,6.85,16.025,1.45,,,,,,,,,,88.75,1.475,,0.0,0.0,14.0,745.0,
2023-06-12 04:00:00,15.0,30.0,4.45,11.1,9.5,14.1,0.5333333333333333,,,,,,,,,,84.75,1.425,,0.0,0.0,14.0,745.0,
2023-06-12 05:00:00,12.0,24.0,6.033333333333334,13.066666666666668,11.9,12.200000000000001,0.9666666666666667,,,,,,,,,,78.66666666666667,1.6333333333333335,,0.0,0.0,14.666666666666666,745.3333333333334,
2023-06-12 06:00:00,19.25,30.5,6.35,12.05,11.575,13.025,2.425,,,,,,,,,,74.25,2.075,,0.0,0.0,74.5,747.0,
2023-06-12 07:00:00,18.333333333333332,34.666666666666664,6.533333333333334,11.733333333333334,11.566666666666668,14.200000000000001,2.966666666666667,,,,,,,,,,69.33333333333333,2.2666666666666666,,0.0,0.0,210.66666666666666,748.0,
2023-06-12 08:00:00,15.0,40.5,5.125,11.075,10.075,15.75,1.575,,,,,,,,,,65.5,2.525,,0.0,0.0,330.25,748.75,
2023-06-12 09:00:00,15.5,42.5,4.875,12.675,10.7,17.575000000000003,1.425,,,,,,,,,,62.25,2.75,,0.0,0.0,440.0,749.0,
2023-06-12 10:00:00,17.0,43.5,3.575,12.35,9.45,18.6,1.9000000000000001,,,,,,,,,,59.5,2.725,,0.0,0.0,523.25,748.25,
2023-06-12 11:00:00,15.75,42.5,3.6333333333333333,10.966666666666667,8.766666666666667,19.033333333333335,1.5,,,,,,,,,,56.0,2.675,,0.0,0.0,551.5,747.5,
2023-06-12 12:00:00,13.5,44.0,3.5666666666666664,11.566666666666668,9.066666666666668,18.833333333333332,0.975,,,,,,,,,,54.0,2.525,,0.0,0.0,569.25,746.5,
2023-06-12 13:00:00,18.5,40.25,3.275,10.0,8.0,20.075,1.375,,,,,,,,,,53.0,2.475,,0.0,0.0,469.25,745.25,
2023-06-12 14:00:00,18.75,30.25,2.85,8.775,7.0,21.349999999999998,1.7,,,,,,,,,,51.25,2.1,,0.0,0.0,442.75,743.5,
2023-06-12 15:00:00,14.75,34.5,2.7,8.85,6.875,20.45,1.35,,,,,,,,,,49.25,2.325,,0.0,0.0,348.5,742.5,
2023-06-12 16:00:00,17.25,40.5,2.9,12.8,9.15,18.9,1.9749999999999999,,,,,,,,,,54.25,2.225,,0.0,0.0,213.0,742.0,
2023-06-12 17:00:00,29.0,61.5,2.975,15.825,10.825,18.15,4.025,,,,,,,,,,66.75,2.975,,0.0,0.0,56.0,742.25,
2023-06-12 18:00:00,35.0,83.25,2.225,13.75,9.125,18.875,3.775,,,,,,,,,,70.75,2.475,,0.0,0.0,18.5,743.5,
2023-06-12 19:00:00,32.5,76.25,2.75,17.674999999999997,11.625,16.375,1.45,,,,,,,,,,73.25,2.275,,0.0,0.0,15.0,746.25,
2023-06-12 20:00:00,26.25,60.75,3.725,19.725,13.525,14.7,2.575,,,,,,,,,,70.75,1.75,,0.0,0.0,15.0,747.5,
2023-06-12 21:00:00,29.25,58.25,5.125,21.8,15.75,13.025,2.475,,,,,,,,,,68.5,2.325,,0.0,0.0,15.0,749.0,
2023-06-12 22:00:00,25.25,59.0,4.125,16.85,12.325,15.475,1.75,,,,,,,,,,78.5,2.275,,0.0,0.0,15.0,749.5,
2023-06-12 23:00:00,18.5,43.25,3.3000000000000003,8.4,7.125,17.825000000000003,1.175,,,,,,,,,,80.25,2.925,,0.0,0.0,15.0,749.5,
2023-06-13 00:00:00,13.25,22.0,2.6,7.75,6.2,17.575,2.825,,,,,,,,,,75.0,2.75,,0.0,0.0,15.0,748.25,
2023-06-13 01:00:00,11.0,18.25,2.575,7.1,5.875,16.825,2.975,,,,,,,,,,75.75,2.175,,0.0,0.0,15.0,747.0,
2023-06-13 02:00:00,13.0,18.0,1.9000000000000001,9.133333333333333,6.3999999999999995,15.5,0.8666666666666667,,,,,,,,,,76.0,1.8,,0.0,0.0,15.0,745.3333333333334,
2023-06-13 03:00:00,14.0,22.75,3.0250000000000004,8.100000000000001,6.8,15.425,1.05,,,,,,,,,,76.25,1.875,,0.0,0.0,15.0,745.0,
2023-06-13 04:00:00,6.25,25.0,4.1,11.8,9.6,17.25,1.6500000000000001,,,,,,,,,,75.0,2.05,,0.0,0.0,14.0,745.0,
2023-06-13 05:00:00,14.0,31.0,6.2,15.799999999999999,13.433333333333332,19.666666666666668,1.2333333333333334,,,,,,,,,,75.66666666666667,1.7666666666666666,,0.0,0.0,16.666666666666668,745.6666666666666,
2023-06-13 06:00:00,20.75,41.5,6.825,13.1,12.5,12.2,0.9249999999999999,,,,,,,,,,74.75,2.025,,0.0,0.0,61.25,747.25,
2023-06-13 07:00:00,19.0,39.0,7.3,11.2,11.875,18.3,0.5333333333333333,,,,,,,,,,73.25,2.85,,0.0,0.0,170.75,748.75,
2023-06-13 08:00:00,22.0,47.75,5.225,11.0,10.075,15.85,2.65,,,,,,,,,,67.25,3.1,,0.0,0.0,317.5,749.5,
2023-06-13 09:00:00,15.0,55.5,3.825,10.475,8.65,20.175,1.875,,,,,,,,,,63.5,3.3,,0.0,0.0,429.0,749.5,
2023-06-13 10:00:00,21.25,54.5,3.7249999999999996,11.525,9.15,17.299999999999997,2.766666666666667,,,,,,,,,,59.5,2.75,,0.0,0.0,510.75,748.5,
2023-06-13 11:00:00,22.0,57.0,4.333333333333333,15.466666666666667,11.766666666666666,17.566666666666666,3.4333333333333336,,,,,,,,,,57.25,2.675,,0.0,0.0,555.25,748.0,
2023-06-13 12:00:00,24.25,62.0,3.9,15.1,11.233333333333334,19.0,3.275,,,,,,,,,,55.25,2.35,,0.0,0.0,550.25,748.0,
2023-06-13 13:00:00,29.0,65.0,2.75,12.575,8.925,19.675,3.25,,,,,,,,,,52.5,2.625,,0.0,0.0,506.0,746.5,
2023-06-13 14:00:00,24.0,55.75,3.5250000000000004,12.925,9.75,20.025,2.925,,,,,,,,,,49.75,2.5,,0.0,0.0,450.25,745.75,
2023-06-13 15:00:00,26.75,52.25,4.225,14.875,11.325,20.575,2.9,,,,,,,,,,49.0,2.075,,0.0,0.0,327.75,744.25,
2023-06-13 16:00:00,29.25,55.5,3.025,16.35,11.175,23.05,1.7,,,,,,,,,,58.75,2.425,,0.0,0.0,208.25,744.0,
2023-06-13 17:00:00,38.25,86.5,2.825,15.3,10.425,22.075,1.55,,,,,,,,,,65.75,2.25,,0.0,0.0,70.0,744.0,
2023-06-13 18:00:00,35.75,79.5,2.275,19.775,12.35,19.05,1.9,,,,,,,,,,66.5,0.9,,0.0,0.0,17.75,745.0,
2023-06-13 19:00:00,35.0,90.0,3.3000000000000003,27.433333333333334,17.266666666666666,15.399999999999999,1.2333333333333334,,,,,,,,,,69.33333333333333,1.8333333333333333,,0.0,0.0,15.0,746.3333333333334,
2023-06-13 20:00:00,37.75,90.25,2.85,16.25,10.975,20.3,1.1,,,,,,,,,,61.25,1.625,,0.0,0.0,15.0,747.75,
2023-06-13 21:00:00,22.25,56.75,3.3499999999999996,19.325,13.024999999999999,18.1,1.85,,,,,,,,,,64.75,1.7750000000000001,,0.0,0.0,15.0,749.25,
2023-06-13 22:00:00,25.75,64.25,3.3499999999999996,24.0,15.475,15.675,2.775,,,,,,,,,,68.5,1.825,,0.0,0.0,15.0,750.25,
2023-06-13 23:00:00,31.0,64.25,2.825,13.75,9.6,18.9,2.65,,,,,,,,,,69.0,3.1,,0.0,0.0,15.75,751.25,
2023-06-14 00:00:00,21.25,39.25,2.275,8.025,6.125,19.825,2.425,,,,,,,,,,77.5,3.625,,0.0,0.0,15.75,751.0,
2023-06-14 01:00:00,17.0,25.5,2.625,9.425,7.125,18.3,3.375,,,,,,,,,,76.75,2.55,,0.0,0.0,15.75,748.5,
2023-06-14 02:00:00,12.0,27.75,2.525,11.425,8.125,17.0,1.65,,,,,,,,,,73.5,2.175,,0.0,0.0,15.75,747.75,
2023-06-14 03:00:00,15.5,32.0,2.075,9.675,6.8,17.5,1.775,,,,,,,,,,75.0,2.1500000000000004,,0.0,0.0,16.0,747.0,
2023-06-14 04:00:00,16.0,39.0,3.4333333333333336,11.5,8.866666666666667,15.966666666666667,1.7666666666666666,,,,,,,,,,75.66666666666667,1.8,,0.0,0.0,16.0,747.0,
2023-06-14 05:00:00,18.5,46.5,6.1,14.125,12.45,14.274999999999999,1.875,,,,,,,,,,77.25,1.9000000000000001,,0.0,0.0,17.75,747.5,
2023-06-14 06:00:00,37.0,62.0,15.7,16.3,21.45,19.4,0.775,,,,,,,,,,75.5,1.875,,0.0,0.0,71.0,748.25,
2023-06-14 07:00:00,52.25,61.75,16.85,13.675,20.95,22.175,0.55,,,,,,,,,,70.0,2.425,,0.0,0.0,191.0,750.0,
2023-06-14 08:00:00,50.5,72.0,13.375,13.8,18.2,22.375,2.0,,,,,,,,,,64.0,2.675,,0.0,0.0,318.0,751.5,
2023-06-14 09:00:00,41.25,78.5,11.0,15.35,17.125,20.375,1.375,,,,,,,,,,60.0,3.025,,0.0,0.0,425.0,752.0,
2023-06-14 10:00:00,35.0,80.5,6.55,22.375,17.225,20.15,2.3333333333333335,,,,,,,,,,58.25,3.125,,0.0,0.0,486.75,752.0,
2023-06-14 11:00:00,34.25,79.0,9.066666666666668,14.466666666666667,15.0,22.599999999999998,2.4,,,,,,,,,,54.5,2.875,,0.0,0.0,526.5,751.75,
2023-06-14 12:00:00,37.75,68.5,3.766666666666667,12.133333333333333,9.533333333333333,30.333333333333332,0.8333333333333334,,,,,,,,,,52.0,2.825,,0.0,0.0,502.0,750.5,
2023-06-14 13:00:00,26.5,63.25,2.65,11.6,8.325,23.45,1.975,,,,,,,,,,50.75,2.575,,0.0,0.0,396.0,749.5,
2023-06-14 14:00:00,22.5,61.666666666666664,3.975,11.5,9.3,23.2,2.525,,,,,,,,,,49.5,2.625,,0.0,0.0,396.25,748.25,
2023-06-14 15:00:00,26.25,64.75,2.8249999999999997,12.975,9.2,30.0,3.1,,,,,,,,,,48.0,2.375,,0.0,0.0,287.0,747.25,
2023-06-14 16:00:00,30.75,69.75,3.325,14.075,10.2,26.225,0.8666666666666667,,,,,,,,,,48.0,1.825,,0.0,0.0,169.75,747.0,
2023-06-14 17:00:00,27.5,74.5,2.675,15.15,10.275,24.825,0.39999999999999997,,,,,,,,,,62.25,2.4,,0.0,0.0,76.75,747.0,
2023-06-14 18:00:00,36.0,94.33333333333333,2.3333333333333335,18.433333333333334,11.733333333333334,22.400000000000002,3.4,,,,,,,,,,68.0,1.6666666666666667,,0.0,0.0,23.666666666666668,748.0,
2023-06-14 19:00:00,35.25,103.0,2.175,26.425,15.825,19.0,4.65,,,,,,,,,,68.75,1.45,,0.0,0.0,16.0,749.25,
2023-06-14 20:00:00,45.0,111.0,1.775,27.875,16.25,18.05,2.65,,,,,,,,,,70.0,1.3499999999999999,,0.0,0.0,16.0,750.5,
2023-06-14 21:00:00,48.25,120.5,2.975,29.775,18.275,16.55,3.525,,,,,,,,,,69.5,1.275,,0.0,0.0,16.0,751.0,
2023-06-14 22:00:00,55.75,127.25,3.425,26.6,16.925,17.7,6.9,,,,,,,,,,69.25,1.5,,0.0,0.0,16.0,751.0,
2023-06-14 23:00:00,47.25,111.5,6.825,32.35,22.799999999999997,22.775,6.8500000000000005,,,,,,,,,,71.75,1.3,,0.0,0.0,14.0,750.0,
2023-06-15 00:00:00,35.666666666666664,83.66666666666667,1.3,14.466666666666669,8.766666666666666,25.433333333333334,4.433333333333334,,,,,,,,,,74.33333333333333,1.5999999999999999,,0.0,0.0,16.0,749.0,
2023-06-15 01:00:00,22.5,55.25,2.15,14.7,9.575,20.3,3.9000000000000004,,,,,,,,,,75.75,1.325,,0.0,0.0,16.0,748.0,
2023-06-15 02:00:00,20.0,53.0,2.8,11.95,8.65,20.1,2.925,,,,,,,,,,77.5,1.5,,0.0,0.0,16.0,747.75,
2023-06-15 03:00:00,21.25,47.25,2.55,13.225,9.125,19.35,2.275,,,,,,,,,,75.25,1.675,,0.0,0.0,16.0,748.0,
2023-06-15 04:00:00,32.75,56.0,3.4,12.75,9.575,18.525,0.75,,,,,,,,,,72.5,1.9,,0.0,0.0,16.0,748.25,
2023-06-15 05:00:00,28.5,58.25,4.675,13.975,11.2,16.9,,,,,,,,,,,68.5,1.975,,0.0,0.0,18.0,749.25,
2023-06-15 06:00:00,26.0,71.0,7.875,14.925,14.35,14.75,1.7249999999999999,,,,,,,,,,67.0,1.4,,0.0,0.0,64.75,750.25,
2023-06-15 07:00:00,24.0,65.75,8.575,14.875,14.9,15.325,1.7,,,,,,,,,,62.5,1.85,,0.0,0.0,192.25,751.5,
2023-06-15 08:00:00,27.0,78.5,6.425,12.85,12.075,19.05,0.5,,,,,,,,,,58.75,2.2,,0.0,0.0,321.5,752.0,
2023-06-15 09:00:00,30.0,81.25,4.3999999999999995,12.225,10.075,19.924999999999997,0.2,,,,,,,,,,55.75,2.15,,0.0,0.0,433.25,753.0,
2023-06-15 10:00:00,35.75,71.5,4.35,12.775,10.35,22.45,1.5,,,,,,,,,,53.25,2.2750000000000004,,0.0,0.0,516.25,752.0,
2023-06-15 11:00:00,25.0,59.75,2.566666666666667,9.333333333333334,7.033333333333334,24.166666666666668,2.8333333333333335,,,,,,,,,,52.0,2.45,,0.0,0.0,560.75,751.5,
2023-06-15 12:00:00,23.25,65.25,2.1,8.566666666666666,6.3,25.5,1.975,,,,,,,,,,49.75,2.1,,0.0,0.0,563.0,750.0,
2023-06-15 13:00:00,28.25,66.0,2.575,9.7,7.275,27.1,2.825,,,,,,,,,,49.75,2.55,,0.0,0.0,448.0,748.75,
2023-06-15 14:00:00,31.75,70.75,2.2,10.15,7.175,27.9,7.45,,,,,,,,,,55.25,3.125,,0.0,0.0,220.0,747.25,
2023-06-15 15:00:00,32.0,82.0,2.2,9.425,6.85,37.575,6.45,,,,,,,,,,53.75,2.975,,0.0,0.0,332.5,747.0,
2023-06-15 16:00:00,33.25,76.5,1.9249999999999998,9.375,6.55,33.425,4.925,,,,,,,,,,57.75,3.475,12.0,0.0,0.0,214.75,747.0,
2023-06-15 17:00:00,28.75,87.75,2.425,9.875,7.2,32.475,4.0,,,,,,,,,,65.25,2.875,,0.0,0.0,98.75,747.5,
2023-06-15 18:00:00,30.666666666666668,82.33333333333333,2.0,10.066666666666668,7.0,29.066666666666666,1.2,,,,,,,,,,66.33333333333333,2.3333333333333335,,0.0,0.0,30.333333333333332,748.3333333333334,
2023-06-15 19:00:00,33.0,68.25,2.6,12.85,8.95,26.7,0.625,,,,,,,,,,63.5,2.375,,0.0,0.0,16.0,749.25,
2023-06-15 20:00:00,39.0,70.5,2.25,13.45,8.975,25.55,2.3,,,,,,,,,,64.0,1.95,,0.0,0.0,16.0,750.25,
2023-06-15 21:00:00,30.333333333333332,62.333333333333336,2.1,11.4,7.833333333333333,25.633333333333336,2.1,,,,,,,,,,70.0,2.1999999999999997,,0.0,0.0,16.0,751.0,
2023-06-15 22:00:00,30.0,56.25,1.725,10.675,7.050000000000001,24.924999999999997,0.525,,,,,,,,,,72.25,2.1,,0.0,0.0,16.0,751.0,
2023-06-15 23:00:00,27.75,66.25,2.475,17.25,11.175,22.05,2.525,,,,,,,,,,74.25,1.9,,0.0,0.0,16.0,750.25,
2023-06-16 00:00:00,29.75,81.5,2.1,13.424999999999999,8.85,23.45,4.175,,,,,,,,,,77.0,1.875,,0.0,0.0,16.0,748.75,
2023-06-16 01:00:00,27.25,63.25,2.1,9.825,6.925,23.95,2.35,,,,,,,,,,78.25,2.025,,0.0,0.0,16.0,747.5,
2023-06-16 02:00:00,21.0,39.25,2.2,8.225,6.125,23.75,2.625,,,,,,,,,,80.5,1.875,,0.0,0.0,16.0,747.0,
2023-06-16 03:00:00,18.5,36.25,2.2750000000000004,7.925,6.050000000000001,22.95,1.975,,,,,,,,,,83.75,2.025,,0.0,0.0,16.25,747.0,
2023-06-16 04:00:00,20.25,37.75,2.9749999999999996,10.9,8.225,20.825,5.675,,,,,,,,,,82.0,2.025,,0.0,0.0,16.0,747.0,
2023-06-16 05:00:00,23.75,51.75,3.4,11.4,8.825,19.525,6.45,,,,,,,,,,77.75,2.25,,0.0,0.0,18.25,747.5,
2023-06-16 06:00:00,33.25,66.0,4.175,15.475,11.6,17.425,4.325,,,,,,,,,,74.25,1.9,,0.0,0.0,79.75,749.0,
2023-06-16 07:00:00,35.75,86.25,7.45,13.85,13.425,17.900000000000002,2.725,,,,,,,,,,64.75,2.0,,0.0,0.0,220.0,750.5,
2023-06-16 08:00:00,31.75,88.0,4.975,12.075,10.475,20.525,2.275,,,,,,,,,,61.25,2.55,,0.0,0.0,320.5,751.0,
2023-06-16 09:00:00,30.0,74.33333333333333,5.0,11.533333333333333,10.200000000000001,21.133333333333333,2.1666666666666665,,,,,,,,,,58.0,2.533333333333333,,0.0,0.0,435.0,751.0,
2023-06-16 10:00:00,27.75,75.25,4.25,11.475,9.55,22.7,1.4666666666666668,,,,,,,,,,55.0,2.675,,0.0,0.0,514.75,750.5,
2023-06-16 11:00:00,27.75,69.0,4.433333333333334,9.4,8.633333333333335,26.633333333333336,1.4333333333333333,,,,,,,,,,52.25,2.6,,0.0,0.0,561.25,749.5,
2023-06-16 12:00:00,27.0,66.5,3.6333333333333333,10.233333333333333,8.4,27.099999999999998,2.575,,,,,,,,,,50.0,2.45,,0.0,0.0,565.25,748.25,
2023-06-16 13:00:00,19.25,65.0,2.7,10.45,7.75,27.1,2.675,,,,,,,,,,48.25,2.225,,0.0,0.0,534.0,746.25,
2023-06-16 14:00:00,24.25,55.75,3.425,9.9,8.05,27.725,0.6,,,,,,,,,,47.25,2.1750000000000003,,0.0,0.0,368.0,744.75,
2023-06-16 15:00:00,28.25,61.25,2.6,13.225,9.125,27.2,1.2,,,,,,,,,,55.25,2.725,,0.0,0.0,276.0,744.0,
2023-06-16 16:00:00,29.0,76.66666666666667,2.8333333333333335,13.066666666666668,9.233333333333333,32.233333333333334,0.7666666666666666,,,,,,,,,,61.666666666666664,3.0666666666666664,12.0,0.0,0.0,134.33333333333334,744.0,
2023-06-16 17:00:00,31.75,76.0,2.625,15.075,10.15,30.925,0.7333333333333334,,,,,,,,,,61.75,2.4749999999999996,,0.0,0.0,89.25,744.0,
2023-06-16 18:00:00,39.5,91.75,2.2,13.325,8.850000000000001,25.549999999999997,2.35,,,,,,,,,,68.5,2.625,,0.0,0.0,22.0,745.5,
2023-06-16 19:00:00,35.0,81.0,3.2,13.25,9.65,24.95,2.85,,,,,,,,,,74.5,2.2,,0.0,0.0,16.0,747.0,
2023-06-16 20:00:00,27.75,71.5,2.4749999999999996,14.95,9.95,23.875,1.4,,,,,,,,,,75.75,1.875,,0.0,0.0,16.0,748.75,
2023-06-16 21:00:00,32.5,77.0,2.475,14.75,9.875,23.4,,,,,,,,,,,76.5,1.825,,0.0,0.0,16.0,749.5,
2023-06-16 22:00:00,33.75,78.25,2.775,21.1,13.475,21.0,6.525,,,,,,,,,,72.75,1.65,,0.0,0.0,16.0,750.0,
2023-06-16 23:00:00,41.666666666666664,97.33333333333333,2.6,21.8,13.700000000000001,20.533333333333335,8.466666666666667,,,,,,,,,,73.0,2.0,,0.0,0.0,16.0,749.6666666666666,
2023-06-17 00:00:00,38.25,83.25,4.949999999999999,19.25,14.2,45.8,6.75,,,,,,,,,,76.0,1.825,,0.0,0.0,16.0,747.75,
2023-06-17 01:00:00,29.25,57.25,2.75,12.5,8.875,22.85,5.025,,,,,,,,,,75.75,1.55,,0.0,0.0,16.0,747.0,
2023-06-17 02:00:00,29.25,60.25,2.375,11.25,7.875,22.675,4.575,,,,,,,,,,70.75,2.175,,0.0,0.0,16.0,746.0,
2023-06-17 03:00:00,34.75,64.0,2.575,9.95,7.425,22.525,4.775,,,,,,,,,,66.75,2.05,,0.0,0.0,16.0,746.0,
2023-06-17 04:00:00,30.25,55.75,3.525,16.25,11.525,19.475,4.6,,,,,,,,,,65.5,1.975,,0.0,0.0,16.5,746.0,
2023-06-17 05:00:00,27.666666666666668,65.0,6.633333333333333,17.8,14.866666666666667,23.599999999999998,2.4,,,,,,,,,,67.0,1.9333333333333333,,0.0,0.0,18.0,747.0,
2023-06-17 06:00:00,27.25,78.0,5.875,15.85,13.225,16.35,2.125,,,,,,,,,,67.0,1.7,,0.0,0.0,46.0,748.0,
2023-06-17 07:00:00,28.0,76.75,8.025,13.75,13.825,22.575,1.5999999999999999,,,,,,,,,,64.5,2.15,,0.0,0.0,123.0,748.0,
2023-06-17 08:00:00,37.25,85.0,6.275,20.9,16.225,40.45,2.8,,,,,,,,,,63.0,1.9,,0.0,0.0,156.25,748.25,
2023-06-17 09:00:00,59.25,91.75,5.575,18.3,14.25,34.4,3.525,,,,,,,,,,60.25,1.8,,0.0,0.0,202.5,749.75,
2023-06-17 10:00:00,40.25,84.0,4.775,14.65,11.675,25.675,4.166666666666667,,,,,,,,,,57.25,1.95,,0.0,0.0,313.25,751.5,
2023-06-17 11:00:00,34.75,77.5,128.3,36.2,123.7,,4.666666666666667,,,,,,,,,,54.0,1.85,,0.0,0.0,413.5,751.5,
2023-06-17 12:00:00,33.0,69.0,,,,,2.95,,,,,,,,,,53.0,1.575,,0.0,0.0,323.75,750.5,
2023-06-17 13:00:00,33.0,80.75,,,,,3.3249999999999997,,,,,,,,,,59.5,3.25,,0.0,0.0,156.25,750.0,
2023-06-17 14:00:00,39.0,99.5,4.6,9.0,8.55,40.2,2.625,,,,,,,,,,65.5,4.225,,0.0,0.0,162.75,750.0,
2023-06-17 15:00:00,30.25,97.75,3.475,9.7,7.975,35.15,0.775,,,,,,,,,,69.5,3.825,,0.0,0.0,154.0,748.75,
2023-06-17 16:00:00,30.0,77.75,2.75,8.5,5.5,31.433333333333334,1.65,,,,,,,,,,74.25,3.1,,0.0,0.0,122.5,748.75,
2023-06-17 17:00:00,29.0,72.25,3.5,9.175,7.725,30.75,1.95,,,,,,,,,,74.0,3.225,,0.0,0.0,67.0,748.0,
2023-06-17 18:00:00,34.75,67.25,2.175,9.525,6.85,33.225,2.35,,,,,,,,,,78.25,3.325,,0.0,0.0,20.5,748.5,
2023-06-17 19:00:00,34.0,68.0,2.45,15.4,10.175,26.425,3.95,,,,,,,,,,80.0,2.375,,0.0,0.0,16.0,750.0,
2023-06-17 20:00:00,33.5,68.5,2.475,14.65,9.8,24.575,3.825,,,,,,,,,,79.0,2.525,,0.0,0.0,16.0,751.5,
2023-06-17 21:00:00,31.5,68.0,4.025,20.15,13.975,20.875,2.525,,,,,,,,,,80.0,2.425,,0.0,0.0,16.0,751.75,
2023-06-17 22:00:00,29.5,58.25,2.6,14.05,9.575,22.85,1.35,,,,,,,,,,83.25,2.625,,0.0,0.0,15.75,752.0,
2023-06-17 23:00:00,25.5,44.25,2.225,9.225,6.725,23.325,0.7250000000000001,,,,,,,,,,87.25,2.45,,0.0,0.0,16.0,751.0,
2023-06-18 00:00:00,18.25,33.5,2.325,6.525,5.35,23.475,1.85,,,,,,,,,,87.5,2.4,,0.0,0.0,16.0,750.5,
2023-06-18 01:00:00,19.0,26.5,1.75,6.4,4.825,22.8,1.775,,,,,,,,,,86.0,2.45,,0.0,0.0,16.0,748.75,
2023-06-18 02:00:00,20.5,30.666666666666668,2.05,6.875,5.35,21.799999999999997,2.075,,,,,,,,,,85.0,2.45,,0.0,0.0,16.0,748.0,
2023-06-18 03:00:00,25.0,36.5,2.275,8.025,6.125,21.025,4.325,,,,,,,,,,85.0,2.2,,0.0,0.0,16.0,747.5,
2023-06-18 04:00:00,26.25,41.25,3.25,8.25,7.025,19.925,7.025,,,,,,,,,,84.75,2.0,,0.0,0.0,16.0,747.0,
2023-06-18 05:00:00,28.333333333333332,50.0,3.033333333333333,7.8,6.633333333333333,19.666666666666668,6.1000000000000005,,,,,,,,,,86.0,2.1999999999999997,,0.0,0.0,16.666666666666668,747.3333333333334,
2023-06-18 06:00:00,24.75,51.5,3.05,9.475,7.525,18.725,8.175,,,,,,,,,,85.0,2.025,,0.0,0.0,20.0,748.25,
2023-06-18 07:00:00,25.0,64.25,4.9,11.675,10.225,16.775,5.925,,,,,,,,,,80.5,1.45,,0.0,0.0,21.5,749.75,
2023-06-18 08:00:00,28.75,73.5,4.475,13.9,11.05,15.95,2.825,,,,,,,,,,79.5,2.175,,0.0,0.0,21.0,752.25,
2023-06-18 09:00:00,27.5,69.0,2.375,12.575,8.625,16.825,2.65,,,,,,,,,,93.5,3.3249999999999997,,0.0,0.0,26.75,753.0,
2023-06-18 10:00:00,17.25,33.25,3.8499999999999996,11.45,9.25,15.45,2.1999999999999997,,,,,,,,,,92.75,1.6,,0.0,0.0,31.0,752.75,
2023-06-18 11:00:00,19.0,35.0,7.733333333333333,14.066666666666668,13.799999999999999,12.866666666666667,2.533333333333333,,,,,,,,,,93.5,1.5,,0.0,0.0,63.75,751.5,
2023-06-18 12:00:00,22.0,36.25,4.533333333333333,10.699999999999998,9.4,16.933333333333334,1.9749999999999999,,,,,,,,,,93.25,2.45,,0.0,0.0,117.75,749.25,
2023-06-18 13:00:00,20.5,32.25,4.65,11.25,9.775,14.675,2.275,,,,,,,,,,90.0,1.925,,0.0,0.0,156.25,748.25,
2023-06-18 14:00:00,17.5,35.25,3.9,10.225,8.6,14.875,3.2,,,,,,,,,,87.0,2.325,,0.0,0.0,171.5,747.5,
2023-06-18 15:00:00,22.0,33.0,3.033333333333333,8.5,6.966666666666666,17.666666666666668,2.9333333333333336,,,,,,,,,,83.66666666666667,2.566666666666667,,0.0,0.0,197.66666666666666,746.6666666666666,
2023-06-18 16:00:00,21.25,39.75,2.325,7.575,5.9,17.0,0.8666666666666667,,,,,,,,,,80.75,2.95,,0.0,0.0,133.75,746.0,
2023-06-18 17:00:00,17.25,45.0,2.15,8.45,6.275,15.675,0.9,,,,,,,,,,80.25,2.375,,0.0,0.0,82.0,745.25,
2023-06-18 18:00:00,22.5,45.75,2.225,9.35,6.775,13.875,1.625,,,,,,,,,,81.25,1.925,,0.0,0.0,22.75,746.0,
2023-06-18 19:00:00,25.0,47.75,2.475,8.225,6.375,13.55,2.375,,,,,,,,,,82.0,2.15,,0.0,0.0,15.0,746.75,
2023-06-18 20:00:00,19.75,47.0,3.55,9.35,7.9,12.875,0.95,,,,,,,,,,82.75,1.9,,0.0,0.0,15.0,748.0,
2023-06-18 21:00:00,22.75,46.0,2.95,11.1,8.275,12.2,1.4749999999999999,,,,,,,,,,82.5,1.975,,0.0,0.0,15.0,748.5,
2023-06-18 22:00:00,25.25,41.5,2.375,8.8,6.6,12.725,2.375,,,,,,,,,,84.25,1.9,,0.0,0.0,15.75,748.75,
2023-06-18 23:00:00,24.0,35.5,3.9000000000000004,10.6,8.8,11.425,2.9,,,,,,,,,,91.5,1.975,,0.0,0.0,18.75,748.0,
2023-06-19 00:00:00,18.25,30.5,2.2249999999999996,6.675000000000001,5.375,13.025,1.8250000000000002,,,,,,,,,,94.0,2.175,,0.0,0.0,16.75,748.0,
2023-06-19 01:00:00,18.25,30.75,3.175,8.8,7.25,15.2,2.0,,,,,,,,,,95.5,2.575,,0.0,0.0,18.0,747.0,
2023-06-19 02:00:00,15.25,35.75,1.6,9.25,6.25,12.35,2.4,,,,,,,,,,97.25,2.825,12.0,0.0,0.0,19.25,747.25,
2023-06-19 03:00:00,13.0,35.0,1.7999999999999998,6.699999999999999,5.05,12.525,2.325,,,,,,,,,,98.0,3.525,,0.0,0.0,18.25,748.25,
2023-06-19 04:00:00,7.0,18.0,1.9749999999999999,5.5,4.5,12.725,1.0,,,,,,,,,,98.5,3.875,,0.0,0.0,18.25,747.0,
2023-06-19 05:00:00,7.0,18.0,2.45,6.225,5.325,11.35,0.55,,,,,,,,,,98.75,3.0,,0.0,0.0,18.25,747.5,
2023-06-19 06:00:00,15.0,23.0,2.3333333333333335,7.166666666666667,5.733333333333333,10.6,,,,,,,,,,,,3.3000000000000003,,0.0,0.0,19.0,749.3333333333334,
2023-06-19 07:00:00,15.75,22.25,4.075,9.375,8.3,9.5,,,,,,,,,,,,2.875,,0.0,0.0,24.5,750.5,
2023-06-19 08:00:00,16.5,21.5,2.75,9.35,7.2,9.875,0.275,,,,,,,,,,,2.3,,0.0,0.0,21.5,752.25,
2023-06-19 09:00:00,12.0,26.0,4.9,10.149999999999999,9.35,11.425,0.6333333333333333,,,,,,,,,,,2.625,,0.0,0.0,51.25,751.75,
2023-06-19 10:00:00,17.0,28.0,6.566666666666666,13.700000000000001,12.6,13.533333333333333,,,,,,,,,,,,1.8666666666666665,,0.0,0.0,91.33333333333333,751.0,
2023-06-19 11:00:00,18.25,28.25,7.199999999999999,13.533333333333331,13.066666666666668,14.333333333333334,0.75,,,,,,,,,,,2.25,,0.0,0.0,74.0,749.25,
2023-06-19 12:00:00,21.5,29.25,6.0,15.9,13.366666666666667,11.4,2.725,,,,,,,,,,98.5,2.1,,0.0,0.0,82.25,747.25,
2023-06-19 13:00:00,19.5,31.0,5.25,15.924999999999999,12.75,10.6,2.825,,,,,,,,,,97.5,2.3,,0.0,0.0,81.0,747.25,
2023-06-19 14:00:00,19.25,33.25,25.725,14.433333333333332,18.075000000000003,10.95,3.3,,,,,,,,,,95.25,1.65,,0.0,0.0,68.0,745.25,
2023-06-19 15:00:00,21.25,31.75,4.8,16.7,12.8,7.15,2.85,,,,,,,,,,92.75,1.15,,0.0,0.0,44.25,744.5,
2023-06-19 16:00:00,17.0,35.0,5.025,18.65,13.975,5.75,1.85,,,,,,,,,,93.0,1.475,,0.0,0.0,39.0,745.0,
2023-06-19 17:00:00,19.75,37.25,4.074999999999999,18.4,13.075,5.775,1.8,,,,,,,,,,94.0,1.4,,0.0,0.0,37.25,745.0,
2023-06-19 18:00:00,18.5,36.25,10.375,27.75,23.2,1.3,1.925,,,,,,,,,,93.0,0.875,,0.0,0.0,15.75,746.0,
2023-06-19 19:00:00,18.5,42.25,14.45,27.85,26.525,5.15,2.5,,,,,,,,,,92.75,1.475,,0.0,0.0,14.75,746.5,
2023-06-19 20:00:00,21.0,45.25,4.3,15.475,11.7,10.45,1.1666666666666667,,,,,,,,,,93.25,2.5,,0.0,0.0,15.0,746.75,
2023-06-19 21:00:00,15.75,31.5,2.55,11.200000000000001,8.025,10.5,0.5333333333333333,,,,,,,,,,93.75,3.05,,0.0,0.0,15.0,746.25,
2023-06-19 22:00:00,18.0,25.75,2.3,12.15,8.35,8.775,2.25,,,,,,,,,,93.75,2.275,,0.0,0.0,15.0,748.5,
2023-06-19 23:00:00,18.5,32.0,3.1,10.375,8.05,9.9,3.025,,,,,,,,,,96.0,2.225,,0.0,0.0,16.75,748.75,
2023-06-20 00:00:00,19.25,33.5,2.3,7.8,6.0,9.775,0.95,,,,,,,,,,97.75,2.425,,0.0,0.0,16.0,748.75,
2023-06-20 01:00:00,14.0,27.0,2.3,5.9,5.0,12.025,1.525,,,,,,,,,,99.0,3.45,,0.0,0.0,15.75,745.25,
2023-06-20 02:00:00,8.25,22.0,1.95,4.225,3.85,11.15,1.775,,,,,,,,,,98.0,3.2,,0.0,0.0,15.0,744.25,
2023-06-20 03:00:00,15.0,23.25,2.3,5.575,4.825,11.25,1.9249999999999998,,,,,,,,,,97.0,1.5,,0.0,0.0,15.0,745.0,
2023-06-20 04:00:00,6.0,18.0,1.9000000000000001,7.575,5.6,11.0,1.4,,,,,,,,,,97.0,1.575,,0.0,0.0,15.0,745.5,
2023-06-20 05:00:00,22.0,27.0,2.95,10.925,8.225,8.899999999999999,0.1,,,,,,,,,,97.0,1.475,,0.0,0.0,16.0,746.0,
2023-06-20 06:00:00,19.25,27.5,2.325,11.4,7.95,8.95,1.2,,,,,,,,,,95.75,1.4,,0.0,0.0,30.25,747.75,
2023-06-20 07:00:00,11.0,30.75,3.85,11.575,9.3,8.9,1.5,,,,,,,,,,94.5,2.275,,0.0,0.0,99.75,748.0,
2023-06-20 08:00:00,12.75,108.0,4.1,10.3,8.8,8.55,1.4249999999999998,,,,,,,,,,91.5,2.325,,5.0,5.0,220.0,749.0,
2023-06-20 09:00:00,18.75,252.75,3.6500000000000004,12.3,9.525,9.525,1.675,,,,,,,,,,84.0,2.575,,0.0,0.0,358.5,749.5,
2023-06-20 10:00:00,20.0,36.0,3.125,12.0,8.95,10.3,1.9666666666666668,,,,,,,,,,81.0,2.8,,0.0,0.0,343.5,749.25,
2023-06-20 11:00:00,18.75,28.0,2.3333333333333335,10.433333333333334,7.433333333333334,10.966666666666667,2.2333333333333334,,,,,,,,,,77.75,3.075,,0.0,0.0,429.75,748.5,
2023-06-20 12:00:00,21.25,29.25,3.4333333333333336,8.433333333333332,7.3,11.1,2.35,,,,,,,,,,77.0,3.3,,0.0,0.0,391.75,746.75,
2023-06-20 13:00:00,12.75,24.0,2.5,8.45,6.525,9.200000000000001,2.775,,,,,,,,,,74.0,2.925,,0.0,0.0,331.0,745.75,
2023-06-20 14:00:00,13.75,25.75,2.825,7.875,6.5,8.575,2.7,,,,,,,,,,74.25,2.825,,0.0,0.0,272.75,744.75,
2023-06-20 15:00:00,18.75,34.25,3.45,8.375,7.25,8.275,2.375,,,,,,,,,,72.5,2.8,,0.0,0.0,225.25,743.5,
2023-06-20 16:00:00,19.0,46.5,4.1499999999999995,11.275,9.4,8.575,2.95,,,,,,,,,,71.25,2.6,,0.0,0.0,131.0,743.0,
2023-06-20 17:00:00,23.25,58.5,3.875,16.625,11.975,6.125,2.35,,,,,,,,,,72.25,1.675,,0.0,0.0,65.75,743.75,
2023-06-20 18:00:00,26.666666666666668,73.33333333333333,3.1999999999999997,14.033333333333333,10.066666666666666,7.6000000000000005,0.7,,,,,,,,,,78.66666666666667,1.4666666666666668,,0.0,0.0,22.333333333333332,744.3333333333334,
2023-06-20 19:00:00,27.5,76.25,3.525,16.349999999999998,11.6,6.175,0.6,,,,,,,,,,83.0,1.45,,0.0,0.0,15.0,746.0,
2023-06-20 20:00:00,33.0,75.0,8.6,75.45,17.15,2.1666666666666665,1.7,,,,,,,,,,84.25,1.625,,0.0,0.0,15.0,747.0,
2023-06-20 21:00:00,33.75,69.25,7.5,19.525,16.475,3.325,1.85,,,,,,,,,,85.0,2.25,,0.0,0.0,15.0,748.5,
2023-06-20 22:00:00,27.0,70.0,3.1,11.6,8.75,8.75,1.2,,,,,,,,,,83.0,3.0,,0.0,0.0,15.0,749.0,
2023-06-20 23:00:00,20.75,46.0,2.475,8.15,6.35,9.35,0.5750000000000001,,,,,,,,,,87.75,2.25,,0.0,0.0,14.0,748.75,
2023-06-21 00:00:00,14.0,28.0,2.275,7.625,5.925,8.9,1.3,,,,,,,,,,90.0,1.45,,0.0,0.0,14.75,748.0,
2023-06-21 01:00:00,15.5,28.5,2.5250000000000004,10.675,7.75,7.3,1.425,,,,,,,,,,90.0,1.075,,0.0,0.0,15.0,747.75,
2023-06-21 02:00:00,17.75,29.25,2.8,11.55,8.425,7.125,1.9500000000000002,,,,,,,,,,93.5,1.4749999999999999,,0.0,0.0,14.75,748.0,
2023-06-21 03:00:00,12.75,26.75,2.75,10.275,7.7,7.325,1.525,,,,,,,,,,94.5,1.55,,0.0,0.0,14.25,747.25,
2023-06-21 04:00:00,16.666666666666668,25.666666666666668,3.1999999999999997,10.733333333333334,8.333333333333334,7.5,0.8000000000000002,,,,,,,,,,96.0,1.5999999999999999,,0.0,0.0,15.0,747.0,
2023-06-21 05:00:00,14.25,25.25,3.025,9.375,7.425,7.6,1.0333333333333334,,,,,,,,,,94.5,1.55,,0.0,0.0,15.5,747.75,
2023-06-21 06:00:00,15.75,28.75,4.5,16.325,12.325,4.2,1.2999999999999998,,,,,,,,,,94.0,0.7,,0.0,0.0,31.0,749.0,
2023-06-21 07:00:00,20.5,40.25,8.25,19.525,17.099999999999998,1.6666666666666667,1.25,,,,,,,,,,92.0,1.25,,0.0,0.0,86.0,749.0,
2023-06-21 08:00:00,26.0,50.25,7.05,17.825,15.225,2.975,2.925,,,,,,,,,,88.25,1.125,,0.0,0.0,154.5,749.75,
2023-06-21 09:00:00,21.5,48.5,6.45,20.0,15.875,5.1,2.975,,,,,,,,,,86.5,1.5,,0.0,0.0,164.0,750.25,
2023-06-21 10:00:00,26.75,45.25,8.1,24.125,19.425,6.775,2.466666666666667,,,,,,,,,,82.5,1.425,,0.0,0.0,208.25,750.0,
2023-06-21 11:00:00,28.0,57.25,4.6000000000000005,17.033333333333335,12.766666666666666,8.266666666666667,1.9666666666666668,,,,,,,,,,78.75,1.725,,0.0,0.0,268.25,750.0,
2023-06-21 12:00:00,23.5,54.75,4.366666666666666,13.866666666666667,10.933333333333332,8.4,3.45,,,,,,,,,,77.25,2.0,,0.0,0.0,264.0,749.25,
2023-06-21 13:00:00,18.75,53.0,3.8,13.05,10.025,7.575,2.85,,,,,,,,,,77.5,1.975,,0.0,0.0,226.5,748.5,
2023-06-21 14:00:00,20.5,51.75,3.9,13.425,10.35,7.425000000000001,1.675,,,,,,,,,,76.5,1.55,,0.0,0.0,189.25,747.25,
2023-06-21 15:00:00,27.75,59.0,3.925,13.1,10.15,6.875,1.35,,,,,,,,,,76.0,1.6,,0.0,0.0,197.75,746.5,
2023-06-21 16:00:00,27.75,68.0,3.225,14.375,10.25,7.199999999999999,4.125,,,,,,,,,,76.5,1.95,,0.0,0.0,159.25,746.0,
2023-06-21 17:00:00,32.5,75.5,3.8499999999999996,19.875,13.725,7.475,4.55,,,,,,,,,,80.25,1.7,,0.0,0.0,72.75,746.25,
2023-06-21 18:00:00,37.5,74.0,3.05,22.4,14.4,6.925,2.725,,,,,,,,,,84.25,1.475,,0.0,0.0,21.5,747.5,
2023-06-21 19:00:00,34.0,84.25,2.3,20.95,13.0,7.0,2.75,,,,,,,,,,87.0,2.075,,0.0,0.0,15.0,748.5,
2023-06-21 20:00:00,44.0,85.5,2.4,18.15,11.6,6.625,2.075,,,,,,,,,,88.25,1.5,,0.0,0.0,15.0,750.0,
2023-06-21 21:00:00,38.5,80.0,3.075,18.625,12.4,5.75,2.85,,,,,,,,,,89.0,1.65,,0.0,0.0,15.0,751.0,
2023-06-21 22:00:00,38.5,82.5,1.8333333333333333,16.85,9.966666666666667,6.233333333333333,2.325,,,,,,,,,,89.0,1.55,,0.0,0.0,15.0,751.5,
2023-06-21 23:00:00,35.0,70.25,3.225,16.675,11.5,6.325,1.85,,,,,,,,,,90.75,1.1,,0.0,0.0,15.0,751.0,
2023-06-22 00:00:00,37.5,64.5,2.8,15.875,10.725,6.625,1.125,,,,,,,,,,92.25,1.25,,0.0,0.0,15.0,749.75,
2023-06-22 01:00:00,35.0,62.75,2.7,9.4,7.2,8.425,0.39999999999999997,,,,,,,,,,92.5,1.325,,0.0,0.0,15.0,749.0,
2023-06-22 02:00:00,30.333333333333332,65.66666666666667,2.8333333333333335,10.466666666666667,7.866666666666667,8.433333333333332,1.1666666666666667,,,,,,,,,,94.0,0.8333333333333334,,0.0,0.0,15.0,748.0,
2023-06-22 03:00:00,28.75,74.0,3.05,14.0,9.95,6.5,1.35,,,,,,,,,,94.0,0.8500000000000001,,0.0,0.0,15.0,748.75,
2023-06-22 04:00:00,31.75,77.0,4.625,13.775,11.05,5.8,1.075,,,,,,,,,,93.5,0.875,,0.0,0.0,15.0,749.0,
2023-06-22 05:00:00,28.25,80.0,12.05,17.975,19.35,2.425,2.225,,,,,,,,,,91.5,0.8,,0.0,0.0,13.25,748.75,
2023-06-22 06:00:00,37.5,88.5,13.7,19.0,21.225,3.025,1.5,,,,,,,,,,88.75,1.025,,0.0,0.0,44.25,749.0,
2023-06-22 07:00:00,33.75,81.75,9.425,14.600000000000001,15.45,7.425000000000001,1.725,,,,,,,,,,81.5,1.25,,0.0,0.0,140.5,749.75,
2023-06-22 08:00:00,27.0,66.0,6.933333333333334,14.333333333333334,13.233333333333334,6.966666666666666,2.6333333333333333,,,,,,,,,,78.0,1.4000000000000001,,0.0,0.0,219.33333333333334,750.0,
2023-06-22 09:00:00,29.25,71.25,3.925,15.15,11.25,8.175,3.05,,,,,,,,,,73.0,2.025,,0.0,0.0,302.0,751.0,
2023-06-22 10:00:00,27.5,63.25,3.65,12.975,9.875,9.675,1.5666666666666664,,,,,,,,,,68.25,1.975,,0.0,0.0,516.25,750.75,
2023-06-22 11:00:00,28.0,58.25,3.266666666666667,11.866666666666667,9.0,11.0,2.066666666666667,,,,,,,,,,65.0,1.9,,0.0,0.0,498.0,750.0,
2023-06-22 12:00:00,25.666666666666668,66.0,2.5999999999999996,12.45,8.75,11.350000000000001,3.3000000000000003,,,,,,,,,,64.33333333333333,1.6333333333333335,,0.0,0.0,423.6666666666667,749.6666666666666,
2023-06-22 13:00:00,27.5,64.75,3.3,11.45,8.775,10.225,4.15,,,,,,,,,,63.75,1.775,,0.0,0.0,374.5,749.0,
2023-06-22 14:00:00,28.5,68.75,2.375,9.625,7.05,10.3,1.95,,,,,,,,,,67.0,1.825,,0.0,0.0,95.75,748.0,
2023-06-22 15:00:00,25.0,48.0,2.725,9.0,7.0,9.85,1.075,,,,,,,,,,90.25,2.925,,0.0,0.0,27.25,747.75,
2023-06-22 16:00:00,17.75,23.25,5.875,23.025,17.025,5.0,2.275,,,,,,,,,,90.25,1.175,,0.0,0.0,47.5,747.0,
2023-06-22 17:00:00,16.25,29.5,8.9,33.95,25.275,1.8999999999999997,3.325,,,,,,,,,,84.75,1.1,,0.0,0.0,45.75,746.0,
2023-06-22 18:00:00,25.25,56.0,4.3,33.8,21.475,1.7,1.8,,,,,,,,,,83.75,1.05,,0.0,0.0,19.25,747.0,
2023-06-22 19:00:00,33.25,74.75,19.35,35.75,34.725,,1.8,,,,,,,,,,84.25,0.7250000000000001,,0.0,0.0,14.0,748.75,
2023-06-22 20:00:00,39.5,124.5,22.0,34.224999999999994,36.1,,0.675,,,,,,,,,,85.75,0.725,,0.0,0.0,14.0,749.5,
2023-06-22 21:00:00,48.25,137.25,16.175,35.65,32.15,0.6,0.425,,,,,,,,,,86.25,0.95,,0.0,0.0,14.0,751.0,
2023-06-22 22:00:00,49.25,139.0,6.6,24.925,18.625,5.0,3.6,,,,,,,,,,87.75,1.5,,0.0,0.0,14.0,751.75,
2023-06-22 23:00:00,36.75,88.25,3.65,15.7,11.3,8.275,4.25,,,,,,,,,,89.5,1.15,,0.0,0.0,14.0,750.75,
2023-06-23 00:00:00,22.75,56.75,3.375,11.15,8.65,8.975,5.0,,,,,,,,,,91.5,1.375,,0.0,0.0,14.0,749.25,
2023-06-23 01:00:00,19.75,41.0,3.175,9.225,7.45,9.075,3.2,,,,,,,,,,92.25,1.65,,0.0,0.0,14.0,749.0,
2023-06-23 02:00:00,20.75,41.5,3.225,9.0,7.425,8.075,1.425,,,,,,,,,,93.0,1.2,,0.0,0.0,14.25,748.5,
2023-06-23 03:00:00,18.5,44.5,2.85,9.7,7.5,7.575,3.0,,,,,,,,,,92.0,1.475,,0.0,0.0,14.0,748.25,
2023-06-23 04:00:00,21.75,48.75,2.675,9.7,7.325,7.225,6.1,,,,,,,,,,89.5,1.675,,0.0,0.0,14.75,749.0,
2023-06-23 05:00:00,19.25,50.0,3.075,9.65,7.675,7.0,5.7,,,,,,,,,,91.0,1.475,,0.0,0.0,15.75,749.75,
2023-06-23 06:00:00,25.5,60.0,3.9749999999999996,12.6,9.95,5.75,3.475,,,,,,,,,,92.0,1.325,,0.0,0.0,52.0,750.75,
2023-06-23 07:00:00,30.75,70.0,4.449999999999999,11.3,9.625,6.2,2.225,,,,,,,,,,87.5,1.95,,0.0,0.0,147.5,750.5,
2023-06-23 08:00:00,23.0,58.75,4.575,10.675,9.4,6.625,2.325,,,,,,,,,,80.75,2.05,,0.0,0.0,249.25,751.0,
2023-06-23 09:00:00,19.75,43.25,3.5250000000000004,10.95,8.7,6.725,2.25,,,,,,,,,,78.75,2.425,,0.0,0.0,234.5,752.0,
2023-06-23 10:00:00,19.0,44.0,3.033333333333333,11.366666666666667,8.5,6.8,2.5,,,,,,,,,,75.66666666666667,2.066666666666667,,0.0,0.0,350.6666666666667,752.0,
2023-06-23 11:00:00,20.25,55.25,3.8666666666666667,9.766666666666666,8.366666666666667,9.233333333333334,2.033333333333333,,,,,,,,,,72.5,1.9500000000000002,,0.0,0.0,325.0,751.25,
2023-06-23 12:00:00,22.0,54.75,2.8333333333333335,11.733333333333334,8.533333333333333,10.066666666666666,1.4,,,,,,,,,,71.5,1.875,,0.0,0.0,302.0,750.0,
2023-06-23 13:00:00,25.0,47.0,2.425,13.525,9.125,9.075,1.675,,,,,,,,,,68.75,1.325,,0.0,0.0,338.0,748.25,
2023-06-23 14:00:00,23.75,61.75,2.15,10.9,7.55,8.25,0.65,,,,,,,,,,64.75,1.5,,0.0,0.0,339.0,747.75,
2023-06-23 15:00:00,20.25,60.0,2.975,11.65,8.625,8.15,0.65,,,,,,,,,,65.5,1.35,,0.0,0.0,238.25,747.0,
2023-06-23 16:00:00,22.25,59.5,5.75,14.15,12.175,8.066666666666668,0.39999999999999997,,,,,,,,,,66.5,0.975,,0.0,0.0,136.0,747.0,
2023-06-23 17:00:00,25.5,66.75,2.675,13.325,9.25,7.199999999999999,0.55,,,,,,,,,,77.75,1.85,,0.0,0.0,63.0,747.0,
2023-06-23 18:00:00,24.5,67.0,1.8250000000000002,12.45,8.1,7.025,1.0,,,,,,,,,,81.5,2.05,,0.0,0.0,21.0,748.0,
2023-06-23 19:00:00,24.0,69.5,2.225,12.5,8.425,6.65,2.425,,,,,,,,,,83.5,1.875,,0.0,0.0,15.0,748.25,
2023-06-23 20:00:00,20.5,68.0,2.55,12.475,8.675,6.55,1.8,,,,,,,,,,83.75,1.725,,0.0,0.0,15.0,749.0,
2023-06-23 21:00:00,29.0,67.5,2.2,13.85,9.15,5.925,2.6,,,,,,,,,,86.25,1.825,,0.0,0.0,15.0,750.25,
2023-06-23 22:00:00,31.5,72.5,2.225,19.05,11.925,4.05,2.5,,,,,,,,,,87.5,1.3,,0.0,0.0,15.0,751.0,
2023-06-23 23:00:00,29.25,88.5,2.725,12.975,9.15,6.575,2.65,,,,,,,,,,86.5,1.85,,0.0,0.0,15.0,751.0,
2023-06-24 00:00:00,27.5,74.5,2.825,13.925,9.675,6.1,2.85,,,,,,,,,,88.0,1.85,,0.0,0.0,15.0,750.0,
2023-06-24 01:00:00,25.0,58.0,2.85,7.325,6.225,8.125,2.625,,,,,,,,,,87.0,2.85,,0.0,0.0,15.0,749.25,
2023-06-24 02:00:00,13.0,40.0,2.775,6.775,5.875,7.975,3.85,,,,,,,,,,93.0,1.7999999999999998,,0.0,0.0,15.25,748.5,
2023-06-24 03:00:00,13.0,29.0,3.4749999999999996,11.4,8.875,5.6,2.525,,,,,,,,,,95.0,0.725,,0.0,0.0,13.75,747.5,
2023-06-24 04:00:00,14.25,28.25,2.95,12.100000000000001,8.825000000000001,5.300000000000001,1.6666666666666667,,,,,,,,,,95.0,1.15,,0.0,0.0,14.0,747.5,
2023-06-24 05:00:00,16.5,30.0,6.475,15.175,13.3,2.4,0.6,,,,,,,,,,94.5,0.9,,0.0,0.0,15.0,748.0,
2023-06-24 06:00:00,13.75,44.75,7.800000000000001,16.35,15.075,1.95,1.6749999999999998,,,,,,,,,,94.0,1.025,,0.0,0.0,24.0,748.5,
2023-06-24 07:00:00,20.25,55.0,11.875,17.525,18.95,1.5,2.9,,,,,,,,,,89.75,0.925,,0.0,0.0,65.5,749.75,
2023-06-24 08:00:00,23.0,58.5,10.95,15.35,17.1,2.275,2.225,,,,,,,,,,79.75,1.2,,0.0,0.0,188.5,751.0,
2023-06-24 09:00:00,20.25,49.75,7.575,14.1,13.65,5.275,1.375,,,,,,,,,,73.0,1.775,,0.0,0.0,320.25,751.25,
2023-06-24 10:00:00,21.25,45.25,3.9499999999999997,14.975,11.2,10.1,3.6666666666666665,,,,,,,,,,68.75,2.5999999999999996,,0.0,0.0,526.5,750.75,
2023-06-24 11:00:00,21.5,43.0,4.766666666666667,13.9,11.299999999999999,12.200000000000001,3.5,,,,,,,,,,65.75,2.25,,0.0,0.0,345.5,750.0,
2023-06-24 12:00:00,19.0,42.75,3.1666666666666665,12.666666666666666,9.299999999999999,14.033333333333333,2.05,,,,,,,,,,66.5,2.1,,0.0,0.0,284.0,749.25,
2023-06-24 13:00:00,19.0,43.25,3.1,12.5,9.175,13.425,1.6749999999999998,,,,,,,,,,64.25,1.825,,0.0,0.0,444.0,748.0,
2023-06-24 14:00:00,26.0,44.25,3.05,10.8,8.225,12.5,1.9249999999999998,,,,,,,,,,61.5,1.75,,0.0,0.0,368.25,747.25,
2023-06-24 15:00:00,20.75,38.75,2.625,12.95,9.025,15.25,1.8,,,,,,,,,,62.25,1.275,,0.0,0.0,238.0,746.75,
2023-06-24 16:00:00,23.25,48.25,3.025,12.8,9.299999999999999,13.975,3.025,,,,,,,,,,62.75,1.2,,0.0,0.0,161.0,746.0,
2023-06-24 17:00:00,24.75,54.75,2.1,14.275,9.325,13.25,3.525,,,,,,,,,,75.0,2.075,,0.0,0.0,63.0,746.0,
2023-06-24 18:00:00,26.25,62.0,2.85,15.5,10.575,14.25,4.449999999999999,,,,,,,,,,78.5,1.8,,0.0,0.0,17.75,747.0,
2023-06-24 19:00:00,24.75,62.5,3.525,19.625,13.325,16.425,5.375,,,,,,,,,,81.5,1.4,,0.0,0.0,15.0,747.75,
2023-06-24 20:00:00,27.25,73.75,2.675,19.775,12.725,7.699999999999999,2.625,,,,,,,,,,84.0,1.125,,0.0,0.0,15.0,748.5,
2023-06-24 21:00:00,32.25,83.75,7.4,23.15,18.325,5.166666666666667,2.875,,,,,,,,,,83.0,1.15,,0.0,0.0,15.0,749.5,
2023-06-24 22:00:00,41.0,100.5,3.725,17.975,12.65,6.975,1.925,,,,,,,,,,80.75,1.15,,0.0,0.0,14.75,750.0,
2023-06-24 23:00:00,27.5,76.5,3.95,14.8,11.1,10.025,1.7,,,,,,,,,,83.25,1.55,,0.0,0.0,15.0,750.0,
2023-06-25 00:00:00,24.0,63.5,2.875,12.125,8.775,12.3,1.125,,,,,,,,,,84.25,1.65,,0.0,0.0,15.0,749.75,
2023-06-25 01:00:00,27.0,63.75,2.325,10.325,7.325,13.475,1.375,,,,,,,,,,84.75,1.5750000000000002,,0.0,0.0,15.0,749.0,
2023-06-25 02:00:00,27.5,61.0,2.1333333333333333,11.1,7.15,13.05,2.775,,,,,,,,,,84.0,1.45,,0.0,0.0,15.0,748.25,
2023-06-25 03:00:00,29.75,64.25,3.55,12.375,9.45,19.7,2.75,,,,,,,,,,84.75,1.45,,0.0,0.0,15.0,748.0,
2023-06-25 04:00:00,30.0,64.0,2.475,10.475,7.6,10.55,1.125,,,,,,,,,,83.0,1.275,,0.0,0.0,14.75,748.0,
2023-06-25 05:00:00,24.5,64.25,4.8,10.85,9.65,7.975,1.575,,,,,,,,,,78.75,1.425,,0.0,0.0,16.25,748.5,
2023-06-25 06:00:00,26.5,79.75,5.75,11.825,10.975000000000001,6.55,2.1,,,,,,,,,,77.75,1.45,,0.0,0.0,59.75,749.0,
2023-06-25 07:00:00,29.5,97.25,6.25,12.025,11.5,8.75,2.0999999999999996,,,,,,,,,,75.25,1.525,,0.0,0.0,132.0,750.0,
2023-06-25 08:00:00,32.75,94.0,4.875,10.55,9.6,11.725,3.5,,,,,,,,,,70.25,1.95,,0.0,0.0,204.75,750.75,
2023-06-25 09:00:00,28.25,77.5,5.55,9.45,9.55,12.3,3.025,,,,,,,,,,64.5,2.525,,0.0,0.0,337.0,751.0,
2023-06-25 10:00:00,24.25,63.5,4.05,7.7,7.375,14.35,1.7000000000000002,,,,,,,,,,62.5,2.35,,0.0,0.0,402.0,750.75,
2023-06-25 11:00:00,21.75,63.25,3.4333333333333336,9.166666666666666,7.666666666666667,15.200000000000001,1.6000000000000003,,,,,,,,,,62.25,2.125,,0.0,0.0,386.5,750.0,
2023-06-25 12:00:00,29.0,68.25,3.5,9.566666666666666,7.966666666666666,12.299999999999999,1.975,,,,,,,,,,62.75,1.925,,0.0,0.0,335.5,750.0,
2023-06-25 13:00:00,27.0,70.0,2.975,7.4,6.35,11.975,2.625,,,,,,,,,,62.5,1.825,,0.0,0.0,311.75,748.75,
2023-06-25 14:00:00,29.0,65.5,2.475,8.325,6.45,11.575,3.325,,,,,,,,,,64.0,1.575,,0.0,0.0,289.0,747.75,
2023-06-25 15:00:00,28.0,70.25,2.45,7.875,6.225,13.075,2.45,,,,,,,,,,71.5,2.175,,0.0,0.0,232.75,747.0,
2023-06-25 16:00:00,33.0,71.0,2.625,8.1,6.425000000000001,15.3,0.7000000000000001,,,,,,,,,,72.75,2.35,,0.0,0.0,153.0,746.0,
2023-06-25 17:00:00,34.5,81.0,3.125,9.4,7.575,14.675,7.95,,,,,,,,,,72.25,2.525,,0.0,0.0,82.5,746.5,
2023-06-25 18:00:00,48.25,114.5,2.0,14.95,9.575,13.8,15.275,,,,,,,,,,71.75,2.175,,0.0,0.0,22.75,747.0,
2023-06-25 19:00:00,48.75,125.25,2.85,13.325,9.375,15.45,15.025,,,,,,,,,,73.75,2.325,,0.0,0.0,15.0,748.5,
2023-06-25 20:00:00,45.25,115.5,2.375,15.775,10.35,12.225,4.625,,,,,,,,,,81.25,2.375,,0.0,0.0,15.0,749.0,
2023-06-25 21:00:00,35.75,78.75,3.05,15.375,10.65,10.175,1.8,,,,,,,,,,85.0,2.5,,0.0,0.0,15.0,750.0,
2023-06-25 22:00:00,32.0,64.75,2.825,13.8,9.575,10.65,0.55,,,,,,,,,,86.0,2.4,,0.0,0.0,15.0,750.75,
2023-06-25 23:00:00,29.5,65.0,2.8,54.9,7.1,11.533333333333333,0.9,,,,,,,,,,87.0,2.4,,0.0,0.0,14.75,750.0,
2023-06-26 00:00:00,21.25,52.0,3.3,7.625,6.725,14.0,3.775,,,,,,,,,,85.25,2.025,,0.0,0.0,15.0,749.5,
2023-06-26 01:00:00,18.5,56.0,2.725,9.0,7.025,14.05,13.9,,,,,,,,,,81.25,1.925,,0.0,0.0,15.0,749.0,
2023-06-26 02:00:00,17.5,49.5,3.0,7.85,6.625,14.75,16.6,,,,,,,,,,82.5,1.975,,0.0,0.0,15.0,749.0,
2023-06-26 03:00:00,19.0,47.75,3.25,7.0,6.375,14.774999999999999,14.625,,,,,,,,,,84.0,1.725,,0.0,0.0,15.0,748.0,
2023-06-26 04:00:00,21.25,47.5,3.425,7.275,6.6,14.925,8.2,,,,,,,,,,85.25,1.45,,0.0,0.0,15.0,749.0,
2023-06-26 05:00:00,27.0,51.0,4.675,8.95,8.55,9.7,5.125,,,,,,,,,,85.5,1.3,,0.0,0.0,16.0,749.5,
2023-06-26 06:00:00,24.25,60.25,9.125,10.725,13.100000000000001,5.7,2.6,,,,,,,,,,86.0,1.25,,0.0,0.0,47.0,750.25,
2023-06-26 07:00:00,30.25,78.25,11.675,14.925,17.4,3.475,3.2,,,,,,,,,,82.5,1.425,,0.0,0.0,119.25,751.0,
2023-06-26 08:00:00,42.25,97.5,6.825,12.4,12.125,9.8,4.55,,,,,,,,,,74.75,1.975,,0.0,0.0,174.25,751.75,
2023-06-26 09:00:00,29.75,81.5,7.475,14.35,13.725,11.8,4.625,,,,,,,,,,69.5,1.8,,0.0,0.0,210.0,752.0,
2023-06-26 10:00:00,26.25,80.5,6.025,15.175,13.0,14.3,1.3666666666666665,,,,,,,,,,68.75,2.35,,0.0,0.0,293.0,752.0,
2023-06-26 11:00:00,25.75,69.0,4.233333333333333,12.333333333333334,10.0,16.133333333333333,0.7666666666666666,,,,,,,,,,65.75,2.2,,0.0,0.0,384.0,751.25,
2023-06-26 12:00:00,23.25,55.75,3.0666666666666664,10.166666666666666,7.8999999999999995,15.266666666666666,2.225,,,,,,,,,,64.0,2.2,,0.0,0.0,375.25,750.25,
2023-06-26 13:00:00,27.25,54.0,3.0,10.3,7.9,11.25,2.175,,,,,,,,,,64.0,1.775,,0.0,0.0,364.75,749.25,
2023-06-26 14:00:00,26.5,59.0,3.4,8.525,7.3,11.475,2.75,,,,,,,,,,62.0,1.775,,0.0,0.0,380.0,748.0,
2023-06-26 15:00:00,20.5,54.25,3.15,6.925,6.25,12.025,2.7,,,,,,,,,,62.0,1.925,,0.0,0.0,281.25,746.75,
2023-06-26 16:00:00,19.0,53.5,3.5,10.4,8.4,12.299999999999999,2.25,,,,,,,,,,62.0,1.5,,0.0,0.0,171.75,746.75,
2023-06-26 17:00:00,27.5,68.75,3.125,12.625,9.25,12.95,1.325,,,,,,,,,,63.5,1.525,,0.0,0.0,87.0,747.0,
2023-06-26 18:00:00,27.25,76.5,3.275,16.575,11.45,12.025,0.4000000000000001,,,,,,,,,,65.5,1.475,,0.0,0.0,23.0,747.75,
2023-06-26 19:00:00,32.5,85.25,4.25,19.375,13.75,11.35,0.8500000000000001,,,,,,,,,,70.0,2.1,,0.0,0.0,15.0,748.75,
2023-06-26 20:00:00,37.0,90.25,3.45,20.674999999999997,13.825,11.825,2.725,,,,,,,,,,76.25,2.4250000000000003,,0.0,0.0,15.0,749.75,
2023-06-26 21:00:00,36.0,90.0,2.2750000000000004,15.775,10.25,11.725,4.0,,,,,,,,,,77.75,2.4,,0.0,0.0,15.0,751.0,
2023-06-26 22:00:00,30.25,71.0,2.5250000000000004,14.425,9.75,11.025,3.125,,,,,,,,,,83.75,2.125,,0.0,0.0,14.75,751.0,
2023-06-26 23:00:00,19.5,46.75,2.6500000000000004,12.375,8.725,10.45,1.45,,,,,,,,,,85.75,1.725,,0.0,0.0,14.25,751.0,
2023-06-27 00:00:00,13.75,34.25,2.875,7.574999999999999,6.375,12.1,1.95,,,,,,,,,,85.0,1.45,,0.0,0.0,14.25,749.75,
2023-06-27 01:00:00,19.0,27.75,3.175,7.425,6.55,13.625,0.875,,,,,,,,,,85.75,1.125,,0.0,0.0,14.5,748.75,
2023-06-27 02:00:00,17.0,32.5,2.175,7.975,6.0,14.25,0.3666666666666667,,,,,,,,,,86.0,1.475,,0.0,0.0,14.5,748.0,
2023-06-27 03:00:00,11.25,32.25,2.725,7.65,6.25,14.5,0.7333333333333334,,,,,,,,,,86.0,1.725,,0.0,0.0,14.75,748.0,
2023-06-27 04:00:00,13.75,37.25,3.25,9.375,7.625,15.175,4.1,,,,,,,,,,84.5,1.9500000000000002,,0.0,0.0,14.75,748.0,
2023-06-27 05:00:00,19.0,41.0,3.5,6.366666666666667,7.45,20.366666666666667,4.766666666666667,,,,,,,,,,85.0,2.1,,0.0,0.0,15.333333333333334,748.6666666666666,
2023-06-27 06:00:00,23.25,48.25,4.0,10.375,8.8,10.025,6.625,,,,,,,,,,84.5,1.7999999999999998,,0.0,0.0,58.25,750.0,
2023-06-27 07:00:00,23.25,64.75,6.425,12.725,11.975,7.625,6.6,,,,,,,,,,79.75,1.75,,1.0,1.0,163.75,751.0,
2023-06-27 08:00:00,31.0,79.25,5.8,14.5,12.4,10.5,4.625,,,,,,,,,,70.5,2.4,,0.0,0.0,238.25,751.75,
2023-06-27 09:00:00,32.0,84.25,5.725,13.8,12.0,12.15,3.225,,,,,,,,,,66.25,2.05,,0.0,0.0,291.25,752.75,
2023-06-27 10:00:00,26.25,68.25,4.7,12.125,10.25,13.575,1.6333333333333335,,,,,,,,,,63.25,2.4,,0.0,0.0,404.0,753.0,
2023-06-27 11:00:00,26.5,64.0,4.733333333333333,11.233333333333334,9.833333333333334,14.533333333333333,2.2666666666666666,,,,,,,,,,60.5,2.175,,0.0,0.0,398.5,752.0,
2023-06-27 12:00:00,24.75,66.0,4.033333333333333,11.066666666666668,9.166666666666666,14.6,2.725,,,,,,,,,,59.5,2.275,,0.0,0.0,466.0,751.25,
2023-06-27 13:00:00,23.0,60.5,2.85,10.6,7.975,14.525,2.625,,,,,,,,,,59.25,2.35,,0.0,0.0,415.25,750.5,
2023-06-27 14:00:00,21.0,55.0,3.3333333333333335,10.233333333333333,8.166666666666666,11.933333333333332,1.0,,,,,,,,,,57.666666666666664,2.0333333333333337,,0.0,0.0,370.0,748.6666666666666,
2023-06-27 15:00:00,24.5,58.75,2.725,8.7,6.825,12.75,1.225,,,,,,,,,,58.75,2.15,,0.0,0.0,278.5,748.0,
2023-06-27 16:00:00,29.5,61.5,2.625,10.1,7.475,12.2,1.6,,,,,,,,,,58.25,1.725,,0.0,0.0,198.25,748.0,
2023-06-27 17:00:00,29.25,71.5,3.5250000000000004,13.65,10.15,12.025,2.25,,,,,,,,,,58.25,1.625,,0.0,0.0,87.25,748.0,
2023-06-27 18:00:00,26.5,75.0,3.1,17.3,11.725,12.2,2.05,,,,,,,,,,63.25,1.75,,0.0,0.0,22.25,748.75,
2023-06-27 19:00:00,32.75,87.5,2.575,20.1,12.775,11.525,2.175,,,,,,,,,,73.75,2.375,,0.0,0.0,15.0,749.5,
2023-06-27 20:00:00,30.25,83.25,4.05,23.7,15.875,10.65,2.4,,,,,,,,,,74.5,2.625,,0.0,0.0,15.0,751.0,
2023-06-27 21:00:00,33.25,85.75,4.3,20.2,14.25,12.925,1.0,,,,,,,,,,80.0,2.825,,0.0,0.0,15.0,752.0,
2023-06-27 22:00:00,28.5,59.75,3.125,15.950000000000001,11.025,11.225,1.75,,,,,,,,,,83.75,2.525,,0.0,0.0,15.0,752.75,
2023-06-27 23:00:00,21.0,46.25,3.65,13.05,9.925,11.15,2.05,,,,,,,,,,85.0,1.875,,0.0,0.0,15.0,752.5,
2023-06-28 00:00:00,19.5,44.5,2.05,9.45,6.725,12.375,3.8499999999999996,,,,,,,,,,85.25,1.675,,0.0,0.0,15.0,752.0,
2023-06-28 01:00:00,14.75,44.75,2.075,8.025,5.95,12.95,4.525,,,,,,,,,,83.0,1.95,,0.0,0.0,15.0,751.25,
2023-06-28 02:00:00,13.75,42.5,2.3,8.5,6.375,14.55,4.3,,,,,,,,,,81.5,1.825,,0.0,0.0,15.0,750.25,
2023-06-28 03:00:00,13.5,46.75,3.4,10.0,8.05,13.925,3.75,,,,,,,,,,80.5,1.5,,0.0,0.0,15.0,750.0,
2023-06-28 04:00:00,15.0,44.25,3.6,10.375,8.45,14.125,0.8999999999999999,,,,,,,,,,74.5,2.175,,0.0,0.0,15.0,750.0,
2023-06-28 05:00:00,15.333333333333334,34.333333333333336,3.3666666666666667,9.799999999999999,7.966666666666666,17.2,0.6666666666666666,,,,,,,,,,71.0,2.4,,0.0,0.0,16.666666666666668,751.0,
2023-06-28 06:00:00,16.0,30.0,5.575,11.325000000000001,10.55,15.775,2.075,,,,,,,,,,70.25,2.3,,0.0,0.0,66.75,751.75,
2023-06-28 07:00:00,18.25,46.5,5.7,11.05,10.524999999999999,9.85,2.725,,,,,,,,,,68.0,2.55,,0.0,0.0,184.0,753.5,
2023-06-28 08:00:00,22.75,52.5,5.025,10.225,9.525,11.05,2.825,,,,,,,,,,65.0,2.75,,0.0,0.0,325.5,754.0,
2023-06-28 09:00:00,16.0,57.0,4.866666666666667,10.799999999999999,9.700000000000001,10.866666666666667,1.7333333333333334,,,,,,,,,,62.333333333333336,2.1,,0.0,0.0,426.0,754.0,
2023-06-28 10:00:00,17.5,46.75,21.63333333333333,9.8,22.200000000000003,14.8,2.1666666666666665,,,,,,,,,,60.5,2.25,,0.0,0.0,524.0,754.0,
2023-06-28 11:00:00,6.0,36.75,3.3000000000000003,9.200000000000001,7.6000000000000005,15.766666666666666,2.1999999999999997,,,,,,,,,,59.25,2.725,,0.0,0.0,567.25,753.5,
2023-06-28 12:00:00,11.5,35.0,2.4,8.700000000000001,6.6000000000000005,16.033333333333335,1.975,,,,,,,,,,57.0,2.65,,0.0,0.0,572.0,751.75,
2023-06-28 13:00:00,10.75,31.25,3.3,7.75,6.800000000000001,15.825,2.325,,,,,,,,,,56.0,2.675,,0.0,0.0,537.75,750.5,
2023-06-28 14:00:00,14.25,28.75,2.5,7.25,5.875,16.25,2.625,,,,,,,,,,54.75,2.25,,0.0,0.0,473.5,749.25,
2023-06-28 15:00:00,20.25,33.75,2.625,7.4,6.05,14.55,3.05,,,,,,,,,,61.25,3.075,,0.0,0.0,359.25,748.25,
2023-06-28 16:00:00,28.25,57.5,2.3,7.075,5.65,14.575,4.525,,,,,,,,,,67.75,3.425,,0.0,0.0,164.25,748.0,
2023-06-28 17:00:00,30.25,73.5,1.95,7.925,5.775,14.35,3.85,,,,,,,,,,71.5,3.4,,0.0,0.0,66.25,748.75,
2023-06-28 18:00:00,24.25,57.0,3.15,8.275,6.975,15.774999999999999,1.65,,,,,,,,,,74.75,2.8,,0.0,0.0,18.75,749.75,
2023-06-28 19:00:00,22.0,42.0,3.6,15.85,11.375,14.375,1.075,,,,,,,,,,73.75,2.9,,0.0,0.0,15.5,751.5,
2023-06-28 20:00:00,21.75,50.5,3.425,18.625,12.675,15.75,1.625,,,,,,,,,,79.0,2.75,,0.0,0.0,15.25,752.5,
2023-06-28 21:00:00,22.0,51.5,5.25,20.55,15.225,13.95,2.0,,,,,,,,,,78.75,2.65,,0.0,0.0,15.0,753.75,
2023-06-28 22:00:00,23.5,57.5,3.55,19.8,13.425,14.325,2.2,,,,,,,,,,78.75,2.175,,0.0,0.0,15.0,754.5,
2023-06-28 23:00:00,20.25,50.5,2.2,13.925,9.2,12.525,2.55,,,,,,,,,,81.25,1.65,,0.0,0.0,15.0,755.0,
2023-06-29 00:00:00,24.0,43.0,3.2,10.9,8.4,12.399999999999999,2.75,,,,,,,,,,83.0,1.25,,0.0,0.0,15.0,754.0,
2023-06-29 01:00:00,10.75,31.75,2.85,8.925,7.075,12.850000000000001,2.8,,,,,,,,,,83.75,1.1,,0.0,0.0,15.0,753.75,
2023-06-29 02:00:00,16.5,33.25,2.7,9.55,7.275,13.325,6.15,,,,,,,,,,81.5,1.675,,0.0,0.0,15.0,752.25,
2023-06-29 03:00:00,17.0,31.75,3.35,12.25,9.25,13.45,8.175,,,,,,,,,,81.0,1.225,,0.0,0.0,15.0,751.25,
2023-06-29 04:00:00,14.25,37.0,3.825,11.425,9.175,14.25,9.15,,,,,,,,,,80.5,1.575,,0.0,0.0,15.0,752.0,
2023-06-29 05:00:00,16.5,48.75,6.65,14.975,13.35,11.45,7.975,,,,,,,,,,79.5,1.25,,0.0,0.0,16.0,752.0,
2023-06-29 06:00:00,24.25,63.5,10.15,17.325,17.475,10.125,5.35,,,,,,,,,,76.75,1.45,,0.0,0.0,60.5,752.5,
2023-06-29 07:00:00,31.25,77.75,5.85,12.65,11.525,11.925,5.0,,,,,,,,,,67.75,1.875,,0.0,0.0,195.5,753.75,
2023-06-29 08:00:00,20.75,59.0,5.95,11.625,11.025,12.55,3.875,,,,,,,,,,64.75,2.075,,0.0,0.0,325.5,754.5,
2023-06-29 09:00:00,14.75,47.75,4.825,10.275,9.4,13.275,2.9,,,,,,,,,,63.25,2.325,,0.0,0.0,436.25,755.0,
2023-06-29 10:00:00,16.75,41.0,4.25,11.175,9.4,13.475,1.7,,,,,,,,,,61.25,2.4,,0.0,0.0,521.0,754.25,
2023-06-29 11:00:00,14.25,40.5,3.966666666666667,11.4,9.299999999999999,16.566666666666666,1.6333333333333335,,,,,,,,,,58.75,2.575,,0.0,0.0,564.0,753.25,
2023-06-29 12:00:00,11.5,38.75,3.6666666666666665,11.533333333333333,9.133333333333333,16.400000000000002,3.3,,,,,,,,,,57.25,2.475,,0.0,0.0,574.0,752.25,
2023-06-29 13:00:00,16.5,38.5,2.65,10.725,7.85,17.0,3.6,,,,,,,,,,55.75,2.325,,0.0,0.0,541.75,750.75,
2023-06-29 14:00:00,8.75,37.5,2.775,9.625,7.375,18.325,3.375,,,,,,,,,,55.0,2.425,,0.0,0.0,469.0,749.75,
2023-06-29 15:00:00,9.25,29.0,2.55,8.75,6.725,17.625,2.95,,,,,,,,,,55.0,2.15,,0.0,0.0,341.25,748.25,
2023-06-29 16:00:00,12.5,28.25,2.3000000000000003,9.1,6.725,15.875,1.975,,,,,,,,,,57.75,2.075,,0.0,0.0,148.25,748.0,
2023-06-29 17:00:00,13.25,40.75,2.95,6.9,6.075,16.175,1.475,,,,,,,,,,69.5,3.5,,0.0,0.0,49.5,748.75,
2023-06-29 18:00:00,21.5,57.5,2.325,8.075,6.175,15.674999999999999,2.125,,,,,,,,,,75.0,3.35,,0.0,0.0,20.5,749.25,
2023-06-29 19:00:00,25.75,56.25,2.8,9.15,7.2,18.0,3.4250000000000003,,,,,,,,,,77.75,2.6,,0.0,0.0,15.0,750.75,
2023-06-29 20:00:00,23.5,52.25,2.7,11.925,8.525,16.85,1.325,,,,,,,,,,80.25,2.4,,0.0,0.0,15.0,752.25,
2023-06-29 21:00:00,19.0,35.75,3.075,9.15,7.375,18.1,0.7999999999999999,,,,,,,,,,81.0,3.6,,0.0,0.0,15.0,754.75,
2023-06-29 22:00:00,15.5,26.5,2.775,9.75,7.425,17.5,0.675,,,,,,,,,,82.75,1.875,,0.0,0.0,15.0,755.25,
2023-06-29 23:00:00,6.25,20.75,3.725,11.975,9.375,17.9,1.675,,,,,,,,,,77.75,1.7999999999999998,,0.0,0.0,15.0,755.75,
2023-06-30 00:00:00,9.25,22.75,2.525,8.125,6.375,14.55,1.675,,,,,,,,,,77.0,2.025,,0.0,0.0,15.0,754.75,
2023-06-30 01:00:00,6.75,13.25,2.15,6.9,5.3999999999999995,14.225,1.2,,,,,,,,,,76.25,2.6,,0.0,0.0,15.0,753.0,
2023-06-30 02:00:00,5.5,13.25,2.475,7.075,5.8,13.775,1.85,,,,,,,,,,73.75,2.0,,0.0,0.0,15.5,752.25,
2023-06-30 03:00:00,3.75,13.0,2.525,8.125,6.4,15.025,1.825,,,,,,,,,,73.0,1.75,,0.0,0.0,15.25,752.0,
2023-06-30 04:00:00,4.0,22.75,3.025,10.85,8.225,14.65,1.5,,,,,,,,,,73.5,1.4,,0.0,0.0,15.0,752.0,
2023-06-30 05:00:00,9.5,32.5,4.65,11.6,9.95,13.775,1.55,,,,,,,,,,74.5,1.6,,0.0,0.0,16.75,752.5,
2023-06-30 06:00:00,17.0,32.75,6.3,15.075,13.15,12.525,2.125,,,,,,,,,,72.25,1.6,,0.0,0.0,73.25,754.25,
2023-06-30 07:00:00,17.5,49.75,7.5,14.925,14.025,12.025,3.325,,,,,,,,,,71.0,1.5,,0.0,0.0,160.75,755.0,
2023-06-30 08:00:00,19.5,58.0,6.225,12.15,11.525,12.225,2.75,,,,,,,,,,66.75,2.0,,0.0,0.0,314.0,755.5,
2023-06-30 09:00:00,19.0,58.0,5.025,9.8,9.3,13.6,2.2,,,,,,,,,,62.25,2.8,,0.0,0.0,435.75,755.75,
2023-06-30 10:00:00,16.0,58.75,3.8,9.2,7.975,13.575,2.1,,,,,,,,,,61.0,3.25,,0.0,0.0,465.75,755.0,
2023-06-30 11:00:00,24.25,57.0,3.1666666666666665,9.133333333333333,7.433333333333334,15.433333333333332,1.7666666666666668,,,,,,,,,,60.0,2.8249999999999997,,0.0,0.0,565.25,754.25,
2023-06-30 12:00:00,21.25,44.75,2.8333333333333335,9.733333333333333,7.5,18.166666666666668,2.4,,,,,,,,,,59.5,2.8,,0.0,0.0,561.0,753.0,
2023-06-30 13:00:00,18.75,43.0,10.666666666666666,11.2,15.633333333333333,18.275,2.1,,,,,,,,,,57.75,2.475,,0.0,0.0,542.25,751.75,
2023-06-30 14:00:00,17.75,40.75,3.3,7.675,6.75,19.5,0.6,,,,,,,,,,56.0,2.6,,0.0,0.0,462.5,750.0,
2023-06-30 15:00:00,16.75,43.0,2.725,9.125,7.075,20.875,0.5750000000000001,,,,,,,,,,56.5,2.375,,0.0,0.0,349.5,748.25,
2023-06-30 16:00:00,17.75,47.5,2.1,9.525,6.775,17.4,1.7,,,,,,,,,,66.75,3.1,,0.0,0.0,240.25,747.0,
2023-06-30 17:00:00,24.75,65.0,2.75,8.675,6.875,16.125,3.85,,,,,,,,,,68.25,2.95,,0.0,0.0,119.0,747.25,
2023-06-30 18:00:00,33.5,85.75,2.175,18.025,11.35,12.25,6.725,,,,,,,,,,71.0,2.475,,0.0,0.0,20.0,748.0,
2023-06-30 19:00:00,41.5,106.5,2.525,16.125,10.649999999999999,13.975,7.1,,,,,,,,,,72.25,1.975,,0.0,0.0,15.0,749.75,
2023-06-30 20:00:00,32.25,88.75,3.8,17.575,12.425,15.825,6.025,,,,,,,,,,74.0,2.25,,0.0,0.0,15.0,751.0,
2023-06-30 21:00:00,27.25,79.25,3.075,19.95,13.1,15.175,4.325,,,,,,,,,,78.25,2.4,,0.0,0.0,15.0,752.0,
2023-06-30 22:00:00,27.75,56.25,3.775,13.75,10.4,17.875,2.725,,,,,,,,,,78.25,2.65,,0.0,0.0,15.0,752.0,
2023-06-30 23:00:00,27.0,39.0,2.8666666666666667,11.233333333333334,8.333333333333334,18.5,2.233333333333333,,,,,,,,,,79.33333333333333,2.5,,0.0,0.0,15.0,752.0,
2023-07-01 00:00:00,15.5,34.0,1.975,9.4,6.6,17.275,1.575,,,,,,,,,,82.0,2.025,,0.0,0.0,15.75,751.0,
2023-07-01 01:00:00,18.75,30.5,2.3,7.15,5.7,15.775,2.7,,,,,,,,,,83.0,1.875,,0.0,0.0,15.75,750.5,
2023-07-01 02:00:00,14.5,28.75,2.2,6.8,5.4,15.225,2.625,,,,,,,,,,80.75,2.3,,0.0,0.0,15.75,750.0,
2023-07-01 03:00:00,14.0,29.0,2.275,7.575,5.85,14.575,2.525,,,,,,,,,,82.75,2.275,,0.0,0.0,15.75,750.0,
2023-07-01 04:00:00,17.0,34.5,2.9,9.1,7.2,16.15,2.5999999999999996,,,,,,,,,,82.25,1.875,,0.0,0.0,15.5,750.25,
2023-07-01 05:00:00,18.25,41.0,4.125,10.5,8.925,15.575,2.525,,,,,,,,,,81.0,1.675,,0.0,0.0,16.25,751.0,
2023-07-01 06:00:00,21.25,44.75,5.725,14.05,12.15,13.525,2.875,,,,,,,,,,79.25,1.5,,0.0,0.0,49.25,752.5,
2023-07-01 07:00:00,20.5,69.25,4.85,12.05,10.35,15.325,2.925,,,,,,,,,,73.25,1.775,,0.0,0.0,190.0,754.75,
2023-07-01 08:00:00,25.5,78.5,5.0,10.65,9.75,16.425,2.475,,,,,,,,,,70.0,2.375,,0.0,0.0,252.75,755.0,
2023-07-01 09:00:00,25.75,65.25,4.6,9.425,8.774999999999999,14.475,3.075,,,,,,,,,,63.5,2.3,,0.0,0.0,410.0,754.5,
2023-07-01 10:00:00,22.0,56.5,3.875,9.3,8.075,14.175,2.9,,,,,,,,,,61.75,2.4,,0.0,0.0,432.25,754.0,
2023-07-01 11:00:00,23.666666666666668,57.333333333333336,4.5,10.7,9.350000000000001,14.3,2.75,,,,,,,,,,61.333333333333336,1.9333333333333333,,0.0,0.0,359.6666666666667,752.6666666666666,
2023-07-01 12:00:00,25.0,61.0,4.633333333333334,9.733333333333333,8.966666666666667,17.900000000000002,1.6,,,,,,,,,,58.0,2.275,,0.0,0.0,533.5,751.25,
2023-07-01 13:00:00,19.25,55.5,3.9749999999999996,9.925,8.525,17.15,1.575,,,,,,,,,,56.5,2.175,,0.0,0.0,454.75,750.0,
2023-07-01 14:00:00,20.75,51.0,3.525,9.3,7.800000000000001,18.15,1.525,,,,,,,,,,55.0,2.025,,0.0,0.0,372.25,749.0,
2023-07-01 15:00:00,23.25,57.5,3.875,10.675,8.799999999999999,17.525,1.675,,,,,,,,,,54.25,1.925,,0.0,0.0,203.0,748.75,
2023-07-01 16:00:00,24.0,57.0,4.775,14.25,11.45,17.05,2.175,,,,,,,,,,56.75,1.575,,0.0,0.0,109.75,748.5,
2023-07-01 17:00:00,24.75,78.75,2.925,15.025,10.375,15.025,2.65,,,,,,,,,,64.0,1.925,,0.0,0.0,61.0,748.0,
2023-07-01 18:00:00,27.0,79.0,2.15,14.125,9.275,14.525,0.3333333333333333,,,,,,,,,,71.25,1.9500000000000002,,0.0,0.0,20.25,749.25,
2023-07-01 19:00:00,26.5,73.75,2.0,16.5,10.425,13.0,,,,,,,,,,,71.5,1.225,,0.0,0.0,15.25,751.25,
2023-07-01 20:00:00,26.25,79.75,3.875,17.925,12.7,12.65,1.5,,,,,,,,,,71.25,1.4,,0.0,0.0,15.0,751.75,
2023-07-01 21:00:00,29.75,86.5,5.45,17.25,13.6,14.2,2.5,,,,,,,,,,68.0,1.45,,0.0,0.0,15.0,752.75,
2023-07-01 22:00:00,27.75,73.5,3.575,16.7,11.775,15.375,1.2750000000000001,,,,,,,,,,69.25,1.65,,0.0,0.0,15.0,753.75,
2023-07-01 23:00:00,22.25,67.75,3.025,13.95,9.875,16.85,0.75,,,,,,,,,,71.0,1.925,,0.0,0.0,15.0,753.0,
2023-07-02 00:00:00,16.75,42.0,3.6,10.275,8.4,20.275,1.6,,,,,,,,,,73.75,1.925,,0.0,0.0,15.0,752.0,
2023-07-02 01:00:00,15.5,30.5,1.175,6.925,4.65,18.125,2.2,,,,,,,,,,76.25,2.475,,0.0,0.0,15.75,750.5,
2023-07-02 02:00:00,14.5,34.5,1.9,6.166666666666667,3.6333333333333333,15.9,1.65,,,,,,,,,,77.75,2.275,,0.0,0.0,15.75,749.25,
2023-07-02 03:00:00,15.0,38.0,2.725,6.225,5.525,15.2,1.175,,,,,,,,,,78.5,2.675,,0.0,0.0,15.75,749.0,
2023-07-02 04:00:00,12.75,28.25,3.2,7.0,6.325,14.65,0.625,,,,,,,,,,79.0,2.5,,0.0,0.0,15.75,749.0,
2023-07-02 05:00:00,13.75,37.0,3.375,9.625,7.85,16.35,0.15000000000000002,,,,,,,,,,79.0,1.85,,0.0,0.0,16.0,749.5,
2023-07-02 06:00:00,12.75,46.75,4.45,10.8,9.325,15.3,3.125,,,,,,,,,,79.75,1.65,,0.0,0.0,29.0,750.75,
2023-07-02 07:00:00,22.666666666666668,59.666666666666664,4.466666666666667,11.666666666666666,9.833333333333334,15.466666666666667,3.6999999999999997,,,,,,,,,,78.66666666666667,1.8333333333333333,,0.0,0.0,64.66666666666667,751.3333333333334,
2023-07-02 08:00:00,27.25,65.75,5.2,13.025,11.15,14.875,0.8,,,,,,,,,,76.75,1.375,,0.0,0.0,59.0,752.5,
2023-07-02 09:00:00,30.75,75.75,5.825,13.2,11.75,13.5,1.025,,,,,,,,,,77.0,1.275,,0.0,0.0,71.25,753.5,
2023-07-02 10:00:00,29.5,81.0,4.525,13.65,10.9,11.375,2.6999999999999997,,,,,,,,,,77.5,1.275,,0.0,0.0,92.75,753.75,
2023-07-02 11:00:00,30.25,82.5,4.966666666666667,13.799999999999999,11.366666666666667,11.733333333333334,2.6666666666666665,,,,,,,,,,76.5,1.225,,0.0,0.0,151.75,753.25,
2023-07-02 12:00:00,35.75,86.0,3.9333333333333336,11.299999999999999,9.233333333333334,12.766666666666666,1.625,,,,,,,,,,72.25,1.6,,0.0,0.0,201.0,751.5,
2023-07-02 13:00:00,29.75,78.25,2.625,11.625,8.3,14.425,0.75,,,,,,,,,,69.5,1.525,,0.0,0.0,181.5,750.75,
2023-07-02 14:00:00,22.5,67.25,3.0999999999999996,11.825,8.825,15.3,1.525,,,,,,,,,,72.0,1.4,,0.0,0.0,97.5,750.0,
2023-07-02 15:00:00,20.75,72.25,3.0,13.95,9.825,14.425,1.15,,,,,,,,,,79.5,1.7,,0.0,0.0,127.25,749.0,
2023-07-02 16:00:00,19.75,57.5,4.025,14.1,10.75,14.7,1.7999999999999998,,,,,,,,,,81.5,1.95,,0.0,0.0,86.5,749.0,
2023-07-02 17:00:00,20.25,55.25,4.175,13.65,10.65,20.2,1.5,,,,,,,,,,81.5,2.175,,0.0,0.0,81.75,748.25,
2023-07-02 18:00:00,24.75,54.0,3.0,15.975000000000001,11.0,11.425,1.7,,,,,,,,,,79.0,1.7,,0.0,0.0,23.5,748.75,
2023-07-02 19:00:00,26.25,59.0,3.425,18.65,12.7,9.05,2.325,,,,,,,,,,79.25,2.025,,0.0,0.0,15.5,749.5,
2023-07-02 20:00:00,22.5,62.25,3.1,14.15,10.05,10.925,0.95,,,,,,,,,,80.5,2.4,,0.0,0.0,15.75,750.5,
2023-07-02 21:00:00,19.0,53.75,3.0500000000000003,15.35,10.65,11.45,1.25,,,,,,,,,,82.25,2.05,,0.0,0.0,15.75,751.0,
2023-07-02 22:00:00,22.0,53.0,3.275,15.350000000000001,10.825,13.05,1.45,,,,,,,,,,84.0,2.275,,0.0,0.0,15.0,751.0,
2023-07-02 23:00:00,21.75,50.25,2.675,11.350000000000001,8.2,15.4,1.975,,,,,,,,,,85.75,2.125,,0.0,0.0,15.0,751.5,
2023-07-03 00:00:00,21.0,42.0,2.5,8.233333333333333,6.366666666666667,16.566666666666666,2.533333333333333,,,,,,,,,,81.33333333333333,3.3666666666666667,,0.0,0.0,16.0,751.3333333333334,
2023-07-03 01:00:00,17.5,22.5,2.825,6.025,5.5,17.575,2.35,,,,,,,,,,83.75,2.0,,0.0,0.0,15.75,749.0,
2023-07-03 02:00:00,14.25,17.25,2.425,7.625,6.05,12.55,1.125,,,,,,,,,,88.25,1.4,,0.0,0.0,15.25,749.25,
2023-07-03 03:00:00,8.75,15.75,3.05,6.5,5.925,11.475,0.85,,,,,,,,,,92.5,1.675,,0.0,0.0,14.75,748.25,
2023-07-03 04:00:00,9.75,19.0,3.325,9.675,7.875,9.35,1.725,,,,,,,,,,92.25,0.9750000000000001,,0.0,0.0,15.0,748.0,
2023-07-03 05:00:00,14.25,25.0,4.375,12.125,10.024999999999999,8.6,2.425,,,,,,,,,,91.25,0.975,,0.0,0.0,15.5,748.25,
2023-07-03 06:00:00,12.5,36.0,9.95,17.7,17.525000000000002,6.3999999999999995,2.65,,,,,,,,,,90.75,0.95,,0.0,0.0,32.5,750.5,
2023-07-03 07:00:00,17.25,47.0,8.775,18.875,17.15,7.85,3.375,,,,,,,,,,90.5,1.5,,0.0,0.0,49.5,751.75,
2023-07-03 08:00:00,25.25,58.75,9.399999999999999,18.725,17.575000000000003,10.275,4.675,,,,,,,,,,91.25,1.725,,0.0,0.0,81.0,751.25,
2023-07-03 09:00:00,21.0,50.5,6.65,15.2,13.475,13.875,4.9,,,,,,,,,,86.25,2.0,,0.0,0.0,181.75,751.0,
2023-07-03 10:00:00,24.0,55.75,4.525,12.125,10.125,18.85,3.6,,,,,,,,,,81.5,2.3,,0.0,0.0,267.75,750.0,
2023-07-03 11:00:00,23.75,56.5,4.133333333333334,10.633333333333333,9.066666666666666,12.9,3.0,,,,,,,,,,74.25,2.575,,0.0,0.0,353.25,749.75,
2023-07-03 12:00:00,22.75,49.75,3.9,9.933333333333332,8.466666666666667,12.066666666666668,2.75,,,,,,,,,,69.5,2.35,,0.0,0.0,373.5,748.75,
2023-07-03 13:00:00,22.0,42.75,2.975,10.475,8.0,12.15,2.1,,,,,,,,,,70.25,2.35,,0.0,0.0,212.75,747.25,
2023-07-03 14:00:00,22.0,45.5,3.175,12.475,9.2,12.325,2.85,,,,,,,,,,73.0,1.55,,0.0,0.0,129.5,746.75,
2023-07-03 15:00:00,23.25,56.0,3.2,15.175,10.7,11.925,4.025,,,,,,,,,,77.0,1.9249999999999998,,0.0,0.0,128.0,745.0,
2023-07-03 16:00:00,25.75,56.5,3.9749999999999996,17.2,12.375,11.5,2.5,,,,,,,,,,76.75,2.0,,0.0,0.0,76.75,744.5,
2023-07-03 17:00:00,23.0,61.25,3.6,17.875,12.425,11.625,2.4,,,,,,,,,,78.25,2.3,,0.0,0.0,48.0,744.75,
2023-07-03 18:00:00,27.75,75.0,2.75,21.2,13.525,10.525,2.125,,,,,,,,,,79.0,1.775,,0.0,0.0,19.5,746.25,
2023-07-03 19:00:00,34.75,90.25,3.125,17.7,11.95,9.25,8.8,,,,,,,,,,81.5,2.075,,0.0,0.0,15.75,747.0,
2023-07-03 20:00:00,36.5,93.0,3.0,16.65,11.275,8.725,7.225,,,,,,,,,,82.25,1.825,,0.0,0.0,15.75,747.75,
2023-07-03 21:00:00,24.75,67.75,2.5,13.725,9.325,9.4,2.825,,,,,,,,,,83.5,1.9000000000000001,,0.0,0.0,15.75,748.5,
2023-07-03 22:00:00,20.5,54.25,3.5,12.45,9.475,11.35,4.225,,,,,,,,,,83.75,2.05,,0.0,0.0,15.75,749.0,
2023-07-03 23:00:00,15.666666666666666,41.666666666666664,1.9666666666666668,8.933333333333334,6.366666666666667,14.366666666666667,4.3,,,,,,,,,,80.66666666666667,2.6333333333333333,,0.0,0.0,15.0,748.6666666666666,
2023-07-04 00:00:00,9.5,22.75,2.3,6.85,5.5,14.975,1.8499999999999999,,,,,,,,,,82.75,2.8,,0.0,0.0,15.75,747.75,
2023-07-04 01:00:00,11.75,25.25,2.65,7.925000000000001,6.375,14.3,1.5999999999999999,,,,,,,,,,82.5,2.35,,0.0,0.0,15.75,746.25,
2023-07-04 02:00:00,13.75,20.75,3.1,9.875,7.775,13.75,1.675,,,,,,,,,,81.25,1.425,,0.0,0.0,15.75,745.75,
2023-07-04 03:00:00,12.75,31.25,2.225,9.125,6.65,10.425,1.525,,,,,,,,,,81.0,1.875,,0.0,0.0,15.75,745.5,
2023-07-04 04:00:00,11.75,26.25,1.7750000000000001,7.925,5.65,10.55,2.925,,,,,,,,,,83.0,2.225,,0.0,0.0,16.0,746.5,
2023-07-04 05:00:00,12.25,19.25,2.85,7.625,6.35,9.625,4.375,,,,,,,,,,86.25,1.7,,0.0,0.0,16.25,747.0,
2023-07-04 06:00:00,16.0,23.0,2.875,6.925,6.0,10.625,4.45,,,,,,,,,,87.75,1.225,,0.0,0.0,33.0,747.5,
2023-07-04 07:00:00,19.0,37.0,5.025,11.95,10.45,9.175,7.7,,,,,,,,,,86.25,1.1,,0.0,0.0,83.75,748.0,
2023-07-04 08:00:00,19.5,39.5,5.325,14.475,12.05,9.35,5.0,,,,,,,,,,82.25,1.55,,0.0,0.0,145.5,748.0,
2023-07-04 09:00:00,23.0,50.5,4.5,14.8,11.55,11.325,3.925,,,,,,,,,,75.75,1.85,,0.0,0.0,245.75,747.75,
2023-07-04 10:00:00,27.5,58.5,3.0999999999999996,12.9,9.4,14.1,3.3000000000000003,,,,,,,,,,66.5,2.85,,0.0,0.0,471.75,747.75,
2023-07-04 11:00:00,21.333333333333332,49.333333333333336,2.55,8.95,6.8,14.25,2.1,,,,,,,,,,63.333333333333336,2.8000000000000003,,0.0,0.0,538.3333333333334,747.3333333333334,
2023-07-04 12:00:00,18.25,43.5,3.5666666666666664,7.466666666666666,6.866666666666667,12.233333333333334,2.9000000000000004,,,,,,,,,,61.5,2.7,,0.0,0.0,428.25,746.5,
2023-07-04 13:00:00,18.25,34.5,2.925,7.55,6.4,10.9,3.025,,,,,,,,,,64.25,2.45,,0.0,0.0,283.5,745.25,
2023-07-04 14:00:00,13.5,32.5,3.575,7.575,6.9,10.7,2.275,,,,,,,,,,63.5,2.2,,0.0,0.0,325.75,744.5,
2023-07-04 15:00:00,8.0,38.25,3.5999999999999996,9.0,7.725,12.45,1.675,,,,,,,,,,63.5,1.95,,0.0,0.0,241.75,742.75,
2023-07-04 16:00:00,13.5,35.0,2.5,9.975000000000001,7.325,12.85,0.975,,,,,,,,,,64.75,1.525,,0.0,0.0,111.75,742.75,
2023-07-04 17:00:00,14.75,45.5,3.1,14.05,10.0,12.05,0.7999999999999999,,,,,,,,,,68.5,1.675,,0.0,0.0,53.25,743.0,
2023-07-04 18:00:00,25.25,66.25,2.325,16.675,10.75,13.0,3.8999999999999995,,,,,,,,,,77.25,1.3,,0.0,0.0,20.25,743.25,
2023-07-04 19:00:00,33.75,91.5,1.3,18.925,11.15,11.3,5.025,,,,,,,,,,79.25,1.475,,0.0,0.0,15.5,744.25,
2023-07-04 20:00:00,42.0,105.25,3.6,22.425,14.850000000000001,7.25,6.25,,,,,,,,,,79.5,1.475,,0.0,0.0,16.0,745.25,
2023-07-04 21:00:00,44.5,97.0,6.4,20.200000000000003,15.925,6.449999999999999,3.85,,,,,,,,,,81.0,1.325,,0.0,0.0,16.0,746.0,
2023-07-04 22:00:00,25.75,45.5,4.0249999999999995,15.85,11.7,8.625,2.2,,,,,,,,,,80.5,1.775,,0.0,0.0,16.0,746.0,
2023-07-04 23:00:00,23.25,44.75,3.525,10.175,8.25,12.65,1.975,,,,,,,,,,79.25,2.325,,0.0,0.0,16.0,746.0,
2023-07-05 00:00:00,8.25,18.25,2.8,7.65,6.325,14.5,0.9333333333333332,,,,,,,,,,79.0,2.775,,0.0,0.0,16.0,745.25,
2023-07-05 01:00:00,7.5,16.0,2.125,8.35,6.15,14.5,0.9333333333333332,,,,,,,,,,79.0,2.6,,0.0,0.0,16.0,744.0,
2023-07-05 02:00:00,13.0,23.5,2.425,8.375,6.45,14.475,2.65,,,,,,,,,,79.25,2.325,,0.0,0.0,16.0,743.0,
2023-07-05 03:00:00,14.5,19.0,2.325,8.325,6.325,16.5,2.775,,,,,,,,,,80.0,2.475,,0.0,0.0,16.0,742.25,
2023-07-05 04:00:00,9.0,21.75,3.225,6.7,6.225,11.925,2.125,,,,,,,,,,80.0,2.5250000000000004,,0.0,0.0,16.0,742.0,
2023-07-05 05:00:00,8.5,29.0,4.4,8.725,8.2,9.35,2.625,,,,,,,,,,81.0,1.6749999999999998,,0.0,0.0,16.75,742.0,
2023-07-05 06:00:00,14.75,31.0,4.8,11.575,10.05,7.275,3.05,,,,,,,,,,78.75,1.925,,0.0,0.0,48.5,743.25,
2023-07-05 07:00:00,13.75,48.75,5.95,11.925,11.15,8.375,3.375,,,,,,,,,,73.75,1.9500000000000002,,0.0,0.0,167.75,744.25,
2023-07-05 08:00:00,21.5,56.75,4.225,10.600000000000001,9.075,12.075,3.425,,,,,,,,,,68.75,3.175,,0.0,0.0,274.5,745.0,
2023-07-05 09:00:00,20.0,58.5,4.7,9.725,9.0,13.25,3.525,,,,,,,,,,66.0,2.875,,0.0,0.0,284.75,745.0,
2023-07-05 10:00:00,20.5,62.0,4.225,10.775,9.15,13.0,3.233333333333333,,,,,,,,,,65.0,2.65,,0.0,0.0,371.5,745.0,
2023-07-05 11:00:00,22.25,50.25,4.466666666666667,11.133333333333333,9.533333333333333,14.766666666666666,2.8666666666666667,,,,,,,,,,62.0,2.475,,0.0,0.0,390.0,745.25,
2023-07-05 12:00:00,20.75,49.0,3.3333333333333335,12.700000000000001,9.466666666666667,13.166666666666666,2.2,,,,,,,,,,60.75,2.325,,0.0,0.0,374.0,744.75,
2023-07-05 13:00:00,16.5,40.25,3.15,10.525,8.15,13.05,1.4,,,,,,,,,,59.75,1.95,,0.0,0.0,314.0,744.0,
2023-07-05 14:00:00,23.25,31.75,,265.5,,,1.8,,,,,,,,,,60.25,2.2,,0.0,0.0,252.5,742.75,
2023-07-05 15:00:00,19.0,35.5,5.033333333333334,12.233333333333334,10.633333333333333,16.533333333333335,6.133333333333333,,,,,,,,,,60.0,1.8,,0.0,0.0,212.0,741.5,
2023-07-05 16:00:00,16.5,49.0,3.675,14.025,10.475,18.25,2.5,,,,,,,,,,61.75,1.75,,0.0,0.0,97.25,741.0,
2023-07-05 17:00:00,25.75,56.25,4.1,19.799999999999997,13.875,16.2,3.1,,,,,,,,,,63.75,1.525,,0.0,0.0,74.0,741.0,
2023-07-05 18:00:00,23.5,79.0,4.0,25.475,16.825000000000003,14.725,3.25,,,,,,,,,,66.25,1.55,,0.0,0.0,23.5,741.75,
2023-07-05 19:00:00,29.5,83.25,4.475,24.825,16.8,18.674999999999997,3.075,,,,,,,,,,64.75,1.525,,0.0,0.0,17.0,743.0,
2023-07-05 20:00:00,33.0,85.0,3.55,20.2,13.65,13.3,2.8,,,,,,,,,,64.0,1.825,,0.0,0.0,17.0,744.25,
2023-07-05 21:00:00,29.5,75.5,10.200000000000001,15.975,16.75,11.175,2.9,,,,,,,,,,67.0,1.9,,0.0,0.0,17.0,746.5,
2023-07-05 22:00:00,25.0,62.0,5.6000000000000005,20.099999999999998,15.266666666666666,8.433333333333334,2.733333333333333,,,,,,,,,,73.0,0.9333333333333332,,0.0,0.0,17.0,747.0,
2023-07-05 23:00:00,18.5,54.5,5.05,17.65,13.525,9.575,3.2,,,,,,,,,,72.5,1.65,,0.0,0.0,17.0,747.0,
2023-07-06 00:00:00,16.75,46.75,3.725,9.575,8.15,15.7,2.075,,,,,,,,,,69.0,2.475,,0.0,0.0,17.0,746.75,
2023-07-06 01:00:00,15.0,35.75,3.1,8.7,7.175,16.65,1.625,,,,,,,,,,69.25,2.45,,0.0,0.0,17.0,746.0,
2023-07-06 02:00:00,10.75,29.0,18.2,7.566666666666666,16.275,16.05,1.25,,,,,,,,,,70.0,2.7,,0.0,0.0,17.0,746.0,
2023-07-06 03:00:00,8.25,21.75,3.1,6.15,5.775,16.575,1.2,,,,,,,,,,70.0,2.15,,0.0,0.0,17.0,746.0,
2023-07-06 04:00:00,12.75,25.0,2.3499999999999996,6.95,5.575,14.975,1.575,,,,,,,,,,70.0,2.2,,0.0,0.0,17.0,746.5,
2023-07-06 05:00:00,14.75,21.0,2.725,8.15,6.550000000000001,11.55,2.1500000000000004,,,,,,,,,,70.75,1.9249999999999998,,0.0,0.0,17.25,747.0,
2023-07-06 06:00:00,16.0,32.0,4.050000000000001,9.325,8.25,9.924999999999999,2.25,,,,,,,,,,71.25,1.625,,0.0,0.0,39.75,748.0,
2023-07-06 07:00:00,22.25,48.75,4.925,9.7,9.15,9.125,2.8,,,,,,,,,,72.25,2.05,,0.0,0.0,110.75,748.75,
2023-07-06 08:00:00,23.75,58.5,3.9250000000000003,10.4,8.725,11.975,2.275,,,,,,,,,,71.5,1.95,,0.0,0.0,158.25,749.75,
2023-07-06 09:00:00,25.25,73.25,11.199999999999998,13.774999999999999,15.733333333333334,16.1,1.475,,,,,,,,,,69.5,1.95,,0.0,0.0,231.0,750.0,
2023-07-06 10:00:00,24.0,71.75,4.3,9.525,8.575,14.2,2.525,,,,,,,,,,67.5,2.55,,0.0,0.0,227.25,751.0,
2023-07-06 11:00:00,27.0,55.75,2.925,11.675,8.625,14.45,2.975,,,,,,,,,,66.0,2.475,,0.0,0.0,325.0,750.75,
2023-07-06 12:00:00,25.5,54.25,2.825,9.425,7.325,16.175,1.9,,,,,,,,,,63.25,2.675,,0.0,0.0,469.0,749.0,
2023-07-06 13:00:00,19.25,51.25,2.275,7.85,6.05,13.6,1.525,,,,,,,,,,62.0,2.925,,0.0,0.0,384.75,747.5,
2023-07-06 14:00:00,14.75,48.25,3.1,7.3,6.425000000000001,12.95,1.825,,,,,,,,,,62.75,2.9,,0.0,0.0,350.75,746.75,
2023-07-06 15:00:00,17.75,47.5,2.9,8.9,7.075,11.8,2.25,,,,,,,,,,62.75,2.475,,0.0,0.0,238.0,745.5,
2023-07-06 16:00:00,19.0,49.75,3.55,10.925,8.725,13.55,1.625,,,,,,,,,,62.0,1.875,,0.0,0.0,184.0,745.0,
2023-07-06 17:00:00,16.5,45.5,3.25,13.0,9.575,14.149999999999999,1.225,,,,,,,,,,62.5,1.55,,0.0,0.0,114.5,746.0,
2023-07-06 18:00:00,20.0,54.0,2.925,10.625,8.05,15.275,1.0,,,,,,,,,,65.25,1.9500000000000002,,0.0,0.0,27.75,747.0,
2023-07-06 19:00:00,27.0,61.5,2.875,13.225,9.4,14.275,1.8,,,,,,,,,,66.0,1.475,,0.0,0.0,17.0,749.25,
2023-07-06 20:00:00,30.5,76.75,3.033333333333333,18.525,9.266666666666667,14.325,1.05,,,,,,,,,,66.75,1.625,,0.0,0.0,17.0,750.25,
2023-07-06 21:00:00,29.75,78.25,2.925,14.325,10.0,11.125,1.6,,,,,,,,,,69.0,1.525,,0.0,0.0,17.0,751.0,
2023-07-06 22:00:00,23.0,67.75,2.9000000000000004,14.225,9.925,10.275,2.525,,,,,,,,,,70.0,1.9,,0.0,0.0,17.0,751.5,
2023-07-06 23:00:00,23.0,67.25,2.825,11.575,8.45,10.475,3.5,,,,,,,,,,71.0,1.975,,0.0,0.0,17.0,751.5,
2023-07-07 00:00:00,24.75,56.75,6.075,13.375,12.075,11.15,2.025,,,,,,,,,,71.25,1.925,,0.0,0.0,17.0,751.0,
2023-07-07 01:00:00,26.0,47.75,2.25,9.925,7.1,13.75,1.825,,,,,,,,,,70.0,2.25,,0.0,0.0,17.0,751.0,
2023-07-07 02:00:00,14.5,40.75,3.375,10.9,8.55,13.65,3.125,,,,,,,,,,70.25,2.175,,0.0,0.0,17.0,751.0,
2023-07-07 03:00:00,15.75,37.0,3.625,7.925000000000001,7.175,14.725,3.275,,,,,,,,,,69.0,2.175,,0.0,0.0,17.0,751.0,
2023-07-07 04:00:00,14.25,27.25,4.3,8.75,8.175,14.55,2.55,,,,,,,,,,69.0,1.725,,0.0,0.0,17.0,751.0,
2023-07-07 05:00:00,13.75,27.5,4.1,8.75,8.025,11.875,2.675,,,,,,,,,,71.25,1.775,,0.0,0.0,17.75,751.75,
2023-07-07 06:00:00,20.5,45.0,5.9,11.075,10.7,8.1,3.0,,,,,,,,,,72.5,1.225,,0.0,0.0,50.25,752.75,
2023-07-07 07:00:00,23.5,75.75,6.6,12.65,12.075,6.7,3.275,,,,,,,,,,69.75,1.775,,0.0,0.0,152.5,753.75,
2023-07-07 08:00:00,22.0,77.0,13.75,9.725,16.35,11.075,1.95,,,,,,,,,,66.75,2.225,,0.0,0.0,228.5,755.25,
2023-07-07 09:00:00,27.25,71.75,4.1000000000000005,10.166666666666666,8.733333333333333,15.866666666666667,1.475,,,,,,,,,,64.25,2.65,,0.0,0.0,378.75,755.75,
2023-07-07 10:00:00,17.75,61.75,4.0,15.3,6.925,14.775,1.05,,,,,,,,,,59.5,2.475,,0.0,0.0,503.75,755.0,
2023-07-07 11:00:00,21.5,50.75,3.8,9.025,7.85,17.55,1.625,,,,,,,,,,59.5,2.775,,0.0,0.0,512.75,754.0,
2023-07-07 12:00:00,17.25,46.25,2.1666666666666665,10.975,6.366666666666667,17.55,1.0,,,,,,,,,,59.25,3.025,,0.0,0.0,522.0,753.25,
2023-07-07 13:00:00,19.25,44.5,2.4,7.875,6.15,17.0,1.5,,,,,,,,,,58.25,2.675,,0.0,0.0,438.75,752.0,
2023-07-07 14:00:00,21.25,49.75,2.4,8.375,6.4,15.2,2.05,,,,,,,,,,57.5,3.3,,0.0,0.0,452.0,750.5,
2023-07-07 15:00:00,17.75,58.25,2.85,8.15,6.65,15.275,1.75,,,,,,,,,,56.25,3.025,,0.0,0.0,373.75,749.25,
2023-07-07 16:00:00,21.75,50.75,3.7249999999999996,7.825,7.175,15.225,0.875,,,,,,,,,,56.25,3.4,,0.0,0.0,271.5,748.5,
2023-07-07 17:00:00,20.5,56.25,3.425,11.45,8.875,17.75,1.475,,,,,,,,,,61.75,2.65,,0.0,0.0,134.0,748.5,
2023-07-07 18:00:00,28.0,68.0,2.425,14.0,9.4,16.85,2.725,,,,,,,,,,71.25,2.35,,0.0,0.0,29.75,749.5,
2023-07-07 19:00:00,28.75,77.25,2.7750000000000004,19.825,12.825,14.450000000000001,2.8,,,,,,,,,,71.75,2.525,,0.0,0.0,17.0,751.0,
2023-07-07 20:00:00,30.5,83.25,3.1,17.0,10.25,14.2,3.3249999999999997,,,,,,,,,,74.5,2.225,,0.0,0.0,17.0,752.75,
2023-07-07 21:00:00,28.25,69.5,3.825,17.625,12.45,15.05,2.775,,,,,,,,,,77.0,2.65,,0.0,0.0,17.0,754.0,
2023-07-07 22:00:00,26.0,58.25,2.875,13.0,9.25,13.975,1.95,,,,,,,,,,78.5,2.35,,0.0,0.0,17.0,754.0,
2023-07-07 23:00:00,25.25,45.25,2.8,11.9,8.625,13.325,1.75,,,,,,,,,,80.25,1.85,,0.0,0.0,17.0,753.75,
2023-07-08 00:00:00,21.5,42.0,2.0,11.275,7.625,12.75,0.75,,,,,,,,,,77.75,1.675,,0.0,0.0,17.0,753.0,
2023-07-08 01:00:00,16.0,47.25,2.775,9.7,7.425,14.925,0.575,,,,,,,,,,77.0,1.45,,0.0,0.0,17.0,752.0,
2023-07-08 02:00:00,13.0,44.0,3.475,9.425,7.825,15.7,2.2,,,,,,,,,,77.0,1.5,,0.0,0.0,16.5,752.0,
2023-07-08 03:00:00,15.0,41.75,3.675,11.375,9.075,18.125,3.5999999999999996,,,,,,,,,,76.0,1.675,,0.0,0.0,16.75,752.0,
2023-07-08 04:00:00,19.0,44.0,4.3999999999999995,12.825,10.4,14.75,3.675,,,,,,,,,,74.5,1.275,,0.0,0.0,17.0,753.0,
2023-07-08 05:00:00,13.75,43.5,4.625,12.75,10.5,14.8,3.725,,,,,,,,,,73.25,1.525,,0.0,0.0,17.75,754.0,
2023-07-08 06:00:00,16.0,45.0,5.675,12.125,11.075000000000001,12.4,2.125,,,,,,,,,,73.0,1.525,,0.0,0.0,42.25,754.75,
2023-07-08 07:00:00,20.0,56.5,6.575,11.575,11.5,10.35,2.4,,,,,,,,,,72.0,1.475,,0.0,0.0,104.25,756.0,
2023-07-08 08:00:00,29.75,67.75,4.325,10.6,9.175,12.025,3.675,,,,,,,,,,66.75,2.025,,0.0,0.0,298.0,757.0,
2023-07-08 09:00:00,22.75,74.75,3.8249999999999997,10.125,8.5,12.95,4.15,,,,,,,,,,64.0,2.5,,0.0,0.0,328.75,757.0,
2023-07-08 10:00:00,21.25,59.75,4.6,7.6499999999999995,7.775,16.475,3.875,,,,,,,,,,62.5,2.775,,0.0,0.0,417.75,756.25,
2023-07-08 11:00:00,19.75,53.0,3.4,9.575,7.825,16.3,3.525,,,,,,,,,,60.25,2.7,,0.0,0.0,452.75,755.25,
2023-07-08 12:00:00,19.75,49.5,3.2,8.100000000000001,6.9,17.25,1.85,,,,,,,,,,57.75,2.625,,0.0,0.0,576.25,753.75,
2023-07-08 13:00:00,15.25,43.0,3.15,9.375,7.55,17.65,1.25,,,,,,,,,,58.0,2.575,,0.0,0.0,297.5,752.5,
2023-07-08 14:00:00,21.5,52.0,3.25,10.15,8.025,17.25,2.1500000000000004,,,,,,,,,,59.75,1.975,,0.0,0.0,257.25,751.25,
2023-07-08 15:00:00,19.25,43.0,3.075,9.675,7.65,14.35,2.8,,,,,,,,,,59.5,2.0500000000000003,,0.0,0.0,184.5,751.0,
2023-07-08 16:00:00,17.25,47.0,3.4,13.175,9.75,12.7,2.175,,,,,,,,,,60.75,1.55,,0.0,0.0,116.5,751.0,
2023-07-08 17:00:00,19.25,63.0,4.175,18.425,13.25,10.375,2.025,,,,,,,,,,61.75,1.05,,0.0,0.0,69.25,751.0,
2023-07-08 18:00:00,23.5,81.0,3.0,57.225,15.366666666666667,14.9,2.925,,,,,,,,,,67.5,1.6,,0.0,0.0,26.25,751.0,
2023-07-08 19:00:00,27.75,100.0,2.725,16.5,11.0,15.425,4.275,,,,,,,,,,75.5,2.1,,0.0,0.0,17.0,752.0,
2023-07-08 20:00:00,33.75,91.25,2.275,13.825,9.175,16.925,3.25,,,,,,,,,,68.0,2.5,,0.0,0.0,17.0,754.0,
2023-07-08 21:00:00,24.75,53.0,3.075,12.275,9.025,16.925,1.8,,,,,,,,,,70.5,1.9,,0.0,0.0,17.0,755.0,
2023-07-08 22:00:00,17.5,45.5,5.925,16.4,13.55,13.825,1.575,,,,,,,,,,71.5,1.55,,0.0,0.0,17.0,754.0,
2023-07-08 23:00:00,17.75,46.75,3.125,13.65,9.775,13.425,1.525,,,,,,,,,,71.75,1.875,,0.0,0.0,17.0,754.0,
2023-07-09 00:00:00,20.25,34.5,2.2249999999999996,10.75,7.5,13.375,1.75,,,,,,,,,,72.5,2.025,,0.0,0.0,17.0,753.25,
2023-07-09 01:00:00,12.5,28.75,2.075,9.5,6.725,13.15,1.45,,,,,,,,,,74.0,1.7,,0.0,0.0,17.25,752.25,
2023-07-09 02:00:00,13.0,33.25,3.625,9.625,8.075,14.175,2.875,,,,,,,,,,75.75,1.475,,0.0,0.0,17.0,752.0,
2023-07-09 03:00:00,10.75,32.0,2.775,11.825,8.525,14.775,3.55,,,,,,,,,,76.75,1.7,,0.0,0.0,17.0,752.0,
2023-07-09 04:00:00,12.0,35.0,3.45,11.375,8.85,15.0,3.075,,,,,,,,,,77.0,1.85,,0.0,0.0,17.0,752.25,
2023-07-09 05:00:00,9.25,36.0,5.05,12.425,10.725,13.975,3.25,,,,,,,,,,77.0,1.475,,0.0,0.0,18.0,753.0,
2023-07-09 06:00:00,13.75,45.0,6.633333333333333,13.3,12.266666666666666,14.1,3.0999999999999996,,,,,,,,,,76.75,1.5,,0.0,0.0,54.0,753.5,
2023-07-09 07:00:00,24.5,66.75,8.15,14.275,14.25,9.525,3.775,,,,,,,,,,72.75,1.25,,0.0,0.0,156.75,754.5,
2023-07-09 08:00:00,21.75,73.25,5.325,11.3,10.3,12.575,2.8,,,,,,,,,,67.5,1.85,,0.0,0.0,273.25,755.0,
2023-07-09 09:00:00,20.25,56.0,3.6,10.05,8.274999999999999,14.674999999999999,1.75,,,,,,,,,,65.25,2.225,,0.0,0.0,397.5,755.0,
2023-07-09 10:00:00,24.75,47.0,3.15,9.475,7.575,14.675,2.4,,,,,,,,,,60.75,2.55,,0.0,0.0,518.75,754.25,
2023-07-09 11:00:00,19.5,47.25,5.825,11.075,10.649999999999999,16.0,1.925,,,,,,,,,,59.0,2.325,,0.0,0.0,544.25,753.5,
2023-07-09 12:00:00,20.5,48.0,3.3,8.15,7.025,17.375,1.325,,,,,,,,,,57.0,2.35,,0.0,0.0,553.25,752.25,
2023-07-09 13:00:00,10.5,44.25,3.125,8.15,6.875,18.1,1.35,,,,,,,,,,55.5,2.2,,0.0,0.0,539.75,750.75,
2023-07-09 14:00:00,12.0,32.75,2.625,8.75,6.8,18.975,2.475,,,,,,,,,,54.5,1.975,,0.0,0.0,371.0,749.5,
2023-07-09 15:00:00,14.25,38.25,2.35,7.725,6.0,18.5,2.7,,,,,,,,,,69.25,3.95,,0.0,0.0,176.25,748.25,
2023-07-09 16:00:00,21.0,54.75,1.975,5.9,4.75,16.625,1.4,,,,,,,,,,73.5,3.75,,0.0,0.0,101.5,748.0,
2023-07-09 17:00:00,21.0,46.5,2.25,6.4,5.25,15.75,1.0250000000000001,,,,,,,,,,79.75,3.425,,0.0,0.0,51.5,748.75,
2023-07-09 18:00:00,21.0,42.0,2.8000000000000003,7.566666666666666,6.3,14.133333333333333,0.9,,,,,,,,,,88.66666666666667,3.033333333333333,,0.0,0.0,30.666666666666668,748.6666666666666,
2023-07-09 19:00:00,10.5,25.5,2.275,12.375,8.425,14.975,0.5333333333333333,,,,,,,,,,89.5,1.85,,0.0,0.0,14.25,751.0,
2023-07-09 20:00:00,9.25,19.5,3.25,11.4,8.675,16.025,1.875,,,,,,,,,,91.75,2.175,,0.0,0.0,14.25,752.5,
2023-07-09 21:00:00,9.0,16.5,2.6500000000000004,9.025,6.975,17.5,1.85,,,,,,,,,,92.25,2.15,,0.0,0.0,14.75,753.5,
2023-07-09 22:00:00,5.75,19.0,3.1,9.475,7.55,16.7,2.7249999999999996,,,,,,,,,,93.5,2.025,,0.0,0.0,14.75,753.25,
2023-07-09 23:00:00,5.25,12.25,2.5250000000000004,10.325,7.575,17.15,2.975,,,,,,,,,,93.25,1.575,,0.0,0.0,14.75,753.0,
2023-07-10 00:00:00,7.25,10.75,2.95,9.075,7.25,12.725,1.9,,,,,,,,,,94.25,1.4749999999999999,,0.0,0.0,14.5,752.25,
2023-07-10 01:00:00,10.0,14.75,2.375,7.225,5.75,12.85,1.75,,,,,,,,,,92.75,1.85,,0.0,0.0,15.0,752.25,
2023-07-10 02:00:00,7.0,19.0,2.225,6.5,5.275,12.475,2.45,,,,,,,,,,92.0,2.1,,0.0,0.0,15.5,751.0,
2023-07-10 03:00:00,9.75,17.0,2.85,7.375,6.2,13.5,2.55,,,,,,,,,,92.5,1.45,,0.0,0.0,15.75,750.0,
2023-07-10 04:00:00,16.5,24.25,3.55,12.7,9.625,12.475,2.15,,,,,,,,,,92.0,1.175,,0.0,0.0,15.75,750.0,
2023-07-10 05:00:00,12.5,35.25,5.525,14.675,12.3,11.85,2.825,,,,,,,,,,91.25,1.575,,0.0,0.0,16.25,750.75,
2023-07-10 06:00:00,17.666666666666668,34.666666666666664,12.233333333333334,17.599999999999998,19.333333333333332,7.533333333333334,2.8000000000000003,,,,,,,,,,90.66666666666667,1.0,,0.0,0.0,41.0,752.3333333333334,
2023-07-10 07:00:00,24.25,45.0,9.4,17.25,16.825,16.4,3.6,,,,,,,,,,86.75,1.325,,0.0,0.0,159.5,753.5,
2023-07-10 08:00:00,21.75,50.5,6.325,12.05,11.55,14.35,4.275,,,,,,,,,,81.0,1.875,,0.0,0.0,310.75,753.75,
2023-07-10 09:00:00,20.5,55.5,4.35,13.375,10.675,12.675,3.6,,,,,,,,,,74.0,1.95,,0.0,0.0,433.5,753.75,
2023-07-10 10:00:00,20.5,46.0,4.225,11.35,9.45,13.325,3.325,,,,,,,,,,68.5,2.0,,0.0,0.0,511.0,752.75,
2023-07-10 11:00:00,22.0,37.5,2.675,9.9,7.45,15.25,3.3,,,,,,,,,,66.0,2.3,,0.0,0.0,405.75,751.5,
2023-07-10 12:00:00,13.5,31.25,3.125,9.1,7.4,17.425,1.75,,,,,,,,,,66.75,2.075,,0.0,0.0,249.25,750.75,
2023-07-10 13:00:00,16.25,37.25,2.125,12.024999999999999,8.15,16.95,1.5,,,,,,,,,,71.5,1.825,,0.0,0.0,95.5,749.75,
2023-07-10 14:00:00,22.75,47.0,3.225,15.575000000000001,10.875,17.1,3.025,,,,,,,,,,81.0,2.0500000000000003,,0.0,0.0,98.75,749.25,
2023-07-10 15:00:00,29.5,56.0,3.325,14.175,10.2,19.75,3.675,,,,,,,,,,82.5,2.775,,0.0,0.0,75.5,749.25,
2023-07-10 16:00:00,24.0,54.0,1.9,10.95,7.35,17.05,3.675,,,,,,,,,,83.0,2.625,12.0,0.0,0.0,74.5,749.0,
2023-07-10 17:00:00,22.25,47.5,1.6500000000000001,10.3,6.8,14.125,3.2,,,,,,,,,,84.5,2.475,,0.0,0.0,55.75,749.25,
2023-07-10 18:00:00,26.0,46.0,2.1666666666666665,11.466666666666669,7.8999999999999995,13.0,3.3666666666666667,,,,,,,,,,84.33333333333333,2.1333333333333333,,0.0,0.0,24.0,749.3333333333334,
2023-07-10 19:00:00,26.5,36.75,2.9,12.7,9.125,11.15,3.1,,,,,,,,,,84.75,2.375,,0.0,0.0,16.0,751.5,
2023-07-10 20:00:00,21.5,45.5,4.1,14.274999999999999,10.95,12.375,1.375,,,,,,,,,,83.25,1.775,,0.0,0.0,16.0,752.75,
2023-07-10 21:00:00,18.5,38.5,3.35,13.925,10.125,13.674999999999999,0.7,,,,,,,,,,85.25,1.625,,0.0,0.0,16.0,753.5,
2023-07-10 22:00:00,13.25,36.5,3.2749999999999995,10.1,7.75,13.825,1.45,,,,,,,,,,84.25,2.0,,0.0,0.0,16.0,754.0,
2023-07-10 23:00:00,10.333333333333334,23.0,3.466666666666667,9.133333333333333,7.7,15.766666666666666,1.4666666666666668,,,,,,,,,,85.33333333333333,2.1,,0.0,0.0,16.0,753.6666666666666,
2023-07-11 00:00:00,9.25,15.75,3.075,8.025,6.75,24.475,1.0,,,,,,,,,,88.25,2.925,,0.0,0.0,16.0,752.0,
2023-07-11 01:00:00,9.25,13.0,2.025,4.95,4.25,13.425,0.6,,,,,,,,,,89.75,3.225,,0.0,0.0,16.0,750.5,
2023-07-11 02:00:00,7.0,15.25,2.25,4.5,4.225,11.9,1.25,,,,,,,,,,91.75,3.05,,0.0,0.0,16.75,750.0,
2023-07-11 03:00:00,7.75,12.75,2.7750000000000004,5.2,5.025,10.925,2.3,,,,,,,,,,91.25,2.6750000000000003,,0.0,0.0,16.75,749.75,
2023-07-11 04:00:00,9.0,12.0,8.375,6.3,10.15,12.825,1.05,,,,,,,,,,90.75,2.625,,0.0,0.0,16.75,749.0,
2023-07-11 05:00:00,6.75,12.0,2.525,7.300000000000001,5.925,14.325,0.3,,,,,,,,,,90.0,3.0,,0.0,0.0,17.25,749.75,
2023-07-11 06:00:00,8.75,14.25,3.425,8.325,7.25,13.8,0.875,,,,,,,,,,89.5,2.325,,0.0,0.0,38.0,750.0,
2023-07-11 07:00:00,9.25,23.5,4.825,9.25,8.85,13.875,2.0,,,,,,,,,,88.0,2.075,,0.0,0.0,94.25,751.25,
2023-07-11 08:00:00,16.25,34.5,5.5,12.125,10.95,22.5,1.425,,,,,,,,,,86.25,1.95,,0.0,0.0,104.75,752.0,
2023-07-11 09:00:00,26.0,49.75,27.100000000000005,19.766666666666666,32.56666666666667,19.133333333333333,1.6,,,,,,,,,,83.5,1.775,,0.0,0.0,146.75,752.0,
2023-07-11 10:00:00,25.5,58.75,5.975,17.325,14.1,16.25,2.675,,,,,,,,,,81.5,1.525,,0.0,0.0,245.5,752.25,
2023-07-11 11:00:00,24.25,44.5,3.6,14.5,10.625,18.35,3.05,,,,,,,,,,74.5,1.95,,0.0,0.0,522.5,752.0,
2023-07-11 12:00:00,25.75,52.0,2.85,13.025,9.25,18.725,3.5,,,,,,,,,,68.25,2.075,,0.0,0.0,584.25,750.75,
2023-07-11 13:00:00,26.666666666666668,58.333333333333336,3.733333333333333,12.766666666666666,9.833333333333334,18.666666666666668,4.133333333333334,,,,,,,,,,62.333333333333336,2.3000000000000003,,0.0,0.0,429.6666666666667,749.0,
2023-07-11 14:00:00,23.0,52.5,4.7,12.425,10.425,18.4,2.15,,,,,,,,,,62.0,1.975,,0.0,0.0,267.0,748.0,
2023-07-11 15:00:00,22.5,54.5,4.125,16.8,12.3,17.7,1.8250000000000002,,,,,,,,,,65.5,1.55,,0.0,0.0,159.75,747.25,
2023-07-11 16:00:00,29.5,69.25,3.575,18.049999999999997,12.525,17.825,1.975,,,,,,,,,,68.0,1.125,,0.0,0.0,84.0,747.0,
2023-07-11 17:00:00,27.75,82.0,3.225,22.1,14.375,16.95,2.05,,,,,,,,,,78.25,1.625,,0.0,0.0,59.5,747.5,
2023-07-11 18:00:00,28.5,81.0,2.2,23.725,14.45,18.35,0.8,,,,,,,,,,83.25,1.75,,0.0,0.0,22.75,748.5,
2023-07-11 19:00:00,32.25,77.5,2.55,23.325,14.475,17.7,1.275,,,,,,,,,,85.0,1.7,,0.0,0.0,16.0,749.75,
2023-07-11 20:00:00,30.75,76.75,2.7,22.475,14.15,16.55,2.475,,,,,,,,,,86.5,1.825,,0.0,0.0,16.0,750.5,
2023-07-11 21:00:00,33.75,83.25,4.275,25.35,16.925,13.625,2.55,,,,,,,,,,86.5,1.325,,0.0,0.0,16.0,751.5,
2023-07-11 22:00:00,33.0,90.0,4.6499999999999995,21.9,15.424999999999999,14.350000000000001,3.65,,,,,,,,,,83.25,1.4,,0.0,0.0,16.0,752.0,
2023-07-11 23:00:00,23.0,67.25,2.85,14.675,10.1,17.7,3.2,,,,,,,,,,82.75,1.8,,0.0,0.0,16.0,751.0,
2023-07-12 00:00:00,20.5,50.0,1.5,12.075,7.625,18.075,2.7,,,,,,,,,,84.75,2.175,,0.0,0.0,16.0,750.0,
2023-07-12 01:00:00,20.0,40.75,2.4250000000000003,9.15,6.85,18.225,2.725,,,,,,,,,,85.75,2.525,,0.0,0.0,16.0,748.75,
2023-07-12 02:00:00,14.25,35.75,2.5,7.4,5.95,18.7,2.025,,,,,,,,,,80.5,2.45,,0.0,0.0,16.25,748.0,
2023-07-12 03:00:00,13.0,23.0,10.174999999999999,7.333333333333333,5.625,18.425,2.175,,,,,,,,,,80.0,2.3,,0.0,0.0,16.25,748.25,
2023-07-12 04:00:00,8.0,24.0,2.75,7.275,6.125,17.6,1.5,,,,,,,,,,81.0,1.875,,0.0,0.0,16.5,749.5,
2023-07-12 05:00:00,11.75,27.5,3.35,10.325,8.225,15.875,1.35,,,,,,,,,,81.0,1.55,,0.0,0.0,16.75,750.0,
2023-07-12 06:00:00,13.5,32.25,4.15,11.65,9.575,14.975000000000001,1.85,,,,,,,,,,81.75,1.5,,0.0,0.0,22.75,751.0,
2023-07-12 07:00:00,15.333333333333334,46.666666666666664,6.3999999999999995,13.700000000000001,12.5,13.533333333333333,1.9000000000000001,,,,,,,,,,81.0,1.5666666666666667,,0.0,0.0,71.0,751.6666666666666,
2023-07-12 08:00:00,22.25,59.25,4.566666666666666,14.725,11.266666666666666,12.075,3.175,,,,,,,,,,79.75,1.9,,0.0,0.0,135.75,752.0,
2023-07-12 09:00:00,23.75,70.25,7.375,16.1,14.575,13.65,3.625,,,,,,,,,,76.5,1.775,,0.0,0.0,180.5,753.0,
2023-07-12 10:00:00,27.25,75.5,6.45,19.075,15.375,15.675,1.575,,,,,,,,,,72.5,1.85,,0.0,0.0,282.0,753.0,
2023-07-12 11:00:00,31.5,79.25,4.85,20.125,14.625,16.4,1.15,,,,,,,,,,69.0,1.6,,0.0,0.0,330.0,752.25,
2023-07-12 12:00:00,33.0,75.25,13.333333333333334,10.825,18.033333333333335,21.375,2.225,,,,,,,,,,64.5,1.85,,0.0,0.0,485.0,751.0,
2023-07-12 13:00:00,31.5,68.0,4.275,13.225,10.5,21.975,1.95,,,,,,,,,,64.0,1.8,,0.0,0.0,415.5,749.25,
2023-07-12 14:00:00,27.5,62.25,3.2,13.175,9.625,21.125,2.65,,,,,,,,,,62.75,1.55,,0.0,0.0,312.5,748.25,
2023-07-12 15:00:00,27.5,63.0,2.925,12.125,8.825,20.75,2.625,,,,,,,,,,63.5,1.25,,0.0,0.0,198.5,748.0,
2023-07-12 16:00:00,24.5,64.5,3.475,15.425,11.05,20.5,1.075,,,,,,,,,,66.25,1.25,,0.0,0.0,119.25,748.0,
2023-07-12 17:00:00,29.5,70.25,3.4000000000000004,16.066666666666666,12.65,19.075,1.55,,,,,,,,,,75.75,2.0,,0.0,0.0,83.0,748.0,
2023-07-12 18:00:00,32.0,75.5,,8.149999999999999,0.7,12.825,1.425,,,,,,,,,,76.25,1.4749999999999999,,0.0,0.0,25.0,748.5,
2023-07-12 19:00:00,34.25,78.0,1.7,7.900000000000001,4.5,13.875,1.55,,,,,,,,,,80.5,2.125,,0.0,0.0,16.75,750.0,
2023-07-12 20:00:00,31.5,72.25,1.0,12.875,7.433333333333334,11.725,2.075,,,,,,,,,,82.0,1.725,,0.0,0.0,16.75,750.75,
2023-07-12 21:00:00,30.5,77.25,2.6666666666666665,18.0,10.925,10.9,2.725,,,,,,,,,,82.25,1.4500000000000002,,0.0,0.0,16.75,751.25,
2023-07-12 22:00:00,30.75,87.5,3.475,17.925,12.4,14.95,1.225,,,,,,,,,,84.25,1.675,,0.0,0.0,16.25,752.0,
2023-07-12 23:00:00,26.5,77.25,3.05,15.8,10.875,16.575,1.45,,,,,,,,,,83.25,2.25,,0.0,0.0,16.75,752.0,
2023-07-13 00:00:00,20.75,57.0,2.8,8.675,6.875,18.625,1.3250000000000002,,,,,,,,,,88.0,2.8,,0.0,0.0,15.75,751.25,
2023-07-13 01:00:00,8.0,18.5,7.55,11.175,7.133333333333333,15.8,0.85,,,,,,,,,,92.5,1.575,,0.0,0.0,15.0,750.0,
2023-07-13 02:00:00,9.0,11.5,4.8999999999999995,5.325,5.7749999999999995,14.675,2.625,,,,,,,,,,95.0,2.35,,0.0,0.0,14.75,751.0,
2023-07-13 03:00:00,10.5,13.25,3.3,5.35,5.55,12.3,3.4,,,,,,,,,,95.5,2.1,,0.0,0.0,15.0,751.0,
2023-07-13 04:00:00,6.0,14.0,2.35,6.275,5.225,10.25,1.775,,,,,,,,,,96.5,1.9,,0.0,0.0,15.0,751.0,
2023-07-13 05:00:00,6.5,14.25,4.15,9.35,8.4,9.05,2.825,,,,,,,,,,97.0,1.4,,0.0,0.0,15.0,751.0,
2023-07-13 06:00:00,8.25,16.5,6.575,13.975,12.8,10.25,2.0,,,,,,,,,,97.0,1.5,,0.0,0.0,23.0,751.0,
2023-07-13 07:00:00,11.0,22.0,7.725,15.649999999999999,14.600000000000001,10.65,1.55,,,,,,,,,,95.0,1.4,,0.0,0.0,83.0,752.25,
2023-07-13 08:00:00,17.25,27.75,8.85,15.925,15.649999999999999,11.025,2.6,,,,,,,,,,87.25,1.65,,0.0,0.0,314.5,753.5,
2023-07-13 09:00:00,17.0,39.25,6.3,15.8,13.525,14.45,3.7249999999999996,,,,,,,,,,80.5,2.275,,0.0,0.0,404.0,753.75,
2023-07-13 10:00:00,15.0,49.75,5.25,15.0,12.149999999999999,15.075,4.175,,,,,,,,,,78.0,2.375,,0.0,0.0,444.75,752.75,
2023-07-13 11:00:00,16.75,45.75,2.325,9.775,7.1,13.525,3.95,,,,,,,,,,69.0,2.975,,0.0,0.0,607.25,751.75,
2023-07-13 12:00:00,14.0,28.5,2.8,7.425,6.25,12.0,2.1,,,,,,,,,,66.0,2.575,,0.0,0.0,529.5,751.0,
2023-07-13 13:00:00,17.25,33.5,2.375,8.175,6.275,11.2,1.775,,,,,,,,,,64.25,2.35,,0.0,0.0,529.25,750.75,
2023-07-13 14:00:00,17.5,38.0,13.833333333333334,8.133333333333335,9.25,12.5,2.925,,,,,,,,,,62.25,1.6,,0.0,0.0,449.25,749.5,
2023-07-13 15:00:00,15.25,48.5,3.5,8.775,7.525,15.625,1.7,,,,,,,,,,61.75,1.675,,0.0,0.0,314.0,748.25,
2023-07-13 16:00:00,16.25,55.75,3.9750000000000005,11.9,9.575,15.975,3.225,,,,,,,,,,69.5,2.5,,0.0,0.0,193.5,748.0,
2023-07-13 17:00:00,25.25,67.0,2.475,12.05,8.425,16.8,3.6,,,,,,,,,,74.5,2.375,,0.0,0.0,77.5,748.25,
2023-07-13 18:00:00,26.0,81.0,2.325,13.525,9.075,15.775,4.2,,,,,,,,,,79.0,2.125,,0.0,0.0,21.25,749.25,
2023-07-13 19:00:00,36.75,97.75,2.525,15.675,10.425,11.425,6.05,,,,,,,,,,79.5,1.6,,0.0,0.0,16.0,750.25,
2023-07-13 20:00:00,43.5,108.0,2.8,19.225,12.525,9.475,5.85,,,,,,,,,,80.0,1.525,,0.0,0.0,16.0,751.5,
2023-07-13 21:00:00,45.25,117.5,3.275,17.975,12.25,9.625,7.6,,,,,,,,,,80.75,1.85,,0.0,0.0,16.0,753.0,
2023-07-13 22:00:00,32.5,86.0,2.9499999999999997,11.575,8.525,11.875,5.375,,,,,,,,,,86.75,2.55,,0.0,0.0,15.75,754.25,
2023-07-13 23:00:00,15.75,33.5,3.2,9.15,7.475,15.4,2.675,,,,,,,,,,93.25,2.225,,0.0,0.0,14.5,752.0,
2023-07-14 00:00:00,7.5,13.75,4.225,14.125,10.975,13.75,3.125,,,,,,,,,,91.25,1.0,,0.0,0.0,14.75,750.5,
2023-07-14 01:00:00,12.0,22.0,2.766666666666667,12.1,8.666666666666666,15.233333333333334,3.0,,,,,,,,,,87.0,1.3666666666666665,,0.0,0.0,15.666666666666666,751.0,
2023-07-14 02:00:00,12.5,30.75,4.175,11.5,9.5,16.225,3.025,,,,,,,,,,86.75,1.35,,0.0,0.0,15.75,751.0,
2023-07-14 03:00:00,19.0,32.75,3.1,9.475,7.55,13.625,3.7,,,,,,,,,,86.5,1.25,,0.0,0.0,16.0,751.0,
2023-07-14 04:00:00,13.75,30.25,3.2249999999999996,8.95,7.375,10.55,3.45,,,,,,,,,,87.0,1.175,,0.0,0.0,15.75,751.5,
2023-07-14 05:00:00,10.0,26.75,4.65,12.925,10.675,6.975,2.7,,,,,,,,,,87.0,0.875,,0.0,0.0,16.0,752.5,
2023-07-14 06:00:00,17.75,35.25,6.75,15.325,13.65,5.0,2.375,,,,,,,,,,87.0,0.8250000000000001,,0.0,0.0,31.75,753.5,
2023-07-14 07:00:00,14.5,46.0,8.425,17.275,15.975,8.125,1.35,,,,,,,,,,84.75,1.075,,0.0,0.0,86.75,754.5,
2023-07-14 08:00:00,16.75,47.0,7.05,13.95,13.125,11.75,1.5499999999999998,,,,,,,,,,79.25,1.8,,0.0,0.0,236.0,755.0,
2023-07-14 09:00:00,19.75,42.25,6.175,13.825,12.375,13.775,2.15,,,,,,,,,,72.75,2.175,,0.0,0.0,384.5,755.0,
2023-07-14 10:00:00,22.5,48.75,4.875,16.15,12.6,14.0,3.25,,,,,,,,,,67.5,1.7999999999999998,,0.0,0.0,374.5,754.25,
2023-07-14 11:00:00,23.0,53.5,2.4,12.85,8.775,13.55,3.7750000000000004,,,,,,,,,,67.0,2.2,,0.0,0.0,398.25,753.75,
2023-07-14 12:00:00,18.0,42.75,3.15,10.95,8.375,11.35,3.15,,,,,,,,,,65.5,1.975,,0.0,0.0,494.0,752.75,
2023-07-14 13:00:00,13.5,45.0,2.1,9.775,6.225,11.575,3.05,,,,,,,,,,64.75,2.05,,0.0,0.0,385.75,751.5,
2023-07-14 14:00:00,19.25,52.5,2.825,10.65,7.975,10.775,1.325,,,,,,,,,,64.0,2.1750000000000003,,0.0,0.0,387.0,749.5,
2023-07-14 15:00:00,23.0,48.25,3.175,12.525,9.225000000000001,13.4,0.975,,,,,,,,,,63.5,2.15,,0.0,0.0,276.0,748.75,
2023-07-14 16:00:00,22.25,50.25,19.133333333333333,10.125,21.366666666666664,16.5,1.475,,,,,,,,,,63.0,2.075,,0.0,0.0,231.25,748.0,
2023-07-14 17:00:00,19.75,57.25,3.4,15.899999999999999,11.25,16.8,1.425,,,,,,,,,,66.0,2.0,,0.0,0.0,99.5,748.0,
2023-07-14 18:00:00,20.0,64.75,2.5,17.225,11.2,15.625,2.3,,,,,,,,,,78.0,1.975,,0.0,0.0,24.75,749.25,
2023-07-14 19:00:00,26.5,65.25,1.366666666666667,17.15,9.55,15.65,3.675,,,,,,,,,,80.5,1.85,,0.0,0.0,16.0,750.5,
2023-07-14 20:00:00,38.25,89.5,1.0333333333333334,16.3,7.65,11.675,3.0,,,,,,,,,,79.25,1.95,,0.0,0.0,16.0,751.5,
2023-07-14 21:00:00,41.75,97.5,2.45,18.675,9.65,10.575,4.0,,,,,,,,,,79.5,2.2,,0.0,0.0,16.0,752.75,
2023-07-14 22:00:00,38.5,91.75,3.625,19.825,13.475,7.725,3.2249999999999996,,,,,,,,,,82.0,2.0,,0.0,0.0,15.25,754.0,
2023-07-14 23:00:00,29.5,63.75,10.033333333333333,12.75,15.5,9.6,2.225,,,,,,,,,,86.0,1.8,,0.0,0.0,14.25,754.0,
2023-07-15 00:00:00,23.25,43.75,4.75,11.05,9.75,14.0,2.75,,,,,,,,,,87.0,1.55,,0.0,0.0,16.0,753.25,
2023-07-15 01:00:00,17.0,41.25,4.65,10.675,9.45,14.85,3.075,,,,,,,,,,88.0,1.55,,0.0,0.0,16.0,752.5,
2023-07-15 02:00:00,14.25,43.25,2.425,9.675,7.1,15.55,0.825,,,,,,,,,,88.75,1.6,,0.0,0.0,16.0,751.0,
2023-07-15 03:00:00,17.0,40.25,7.25,9.45,10.925,14.9,0.85,,,,,,,,,,86.5,1.675,,0.0,0.0,16.0,751.0,
2023-07-15 04:00:00,23.0,48.25,2.75,11.6,8.425,11.5,0.825,,,,,,,,,,82.75,1.7000000000000002,,0.0,0.0,16.25,751.25,
2023-07-15 05:00:00,22.0,49.0,3.175,10.575,8.225,9.4,1.125,,,,,,,,,,77.0,1.725,,0.0,0.0,17.25,752.0,
2023-07-15 06:00:00,17.0,39.5,5.725,11.200000000000001,10.675,8.525,0.875,,,,,,,,,,74.5,2.0,,0.0,0.0,65.25,752.5,
2023-07-15 07:00:00,12.75,39.25,6.0,9.75,10.025,8.575,0.75,,,,,,,,,,71.25,2.375,,0.0,0.0,191.75,753.5,
2023-07-15 08:00:00,19.25,45.0,7.55,10.2,11.525,12.225,1.15,,,,,,,,,,67.0,2.3,,0.0,0.0,328.0,754.5,
2023-07-15 09:00:00,21.5,51.25,5.125,11.05,10.05,13.475000000000001,0.8,,,,,,,,,,65.0,2.6,,0.0,0.0,434.75,755.0,
2023-07-15 10:00:00,15.25,52.0,4.199999999999999,9.75,8.6,14.925,2.85,,,,,,,,,,63.25,2.5,,0.0,0.0,529.75,754.25,
2023-07-15 11:00:00,13.0,52.0,8.2,8.725,11.3,15.45,3.4,,,,,,,,,,61.0,2.4,,0.0,0.0,559.75,753.25,
2023-07-15 12:00:00,20.75,50.5,3.733333333333333,9.766666666666666,8.200000000000001,15.75,2.225,,,,,,,,,,59.75,2.475,,0.0,0.0,529.75,751.75,
2023-07-15 13:00:00,18.0,46.0,2.825,8.225,6.675,13.15,2.2249999999999996,,,,,,,,,,56.75,2.225,,0.0,0.0,505.75,750.25,
2023-07-15 14:00:00,20.25,48.5,7.3999999999999995,6.275,9.766666666666667,15.05,0.825,,,,,,,,,,56.75,2.4,,0.0,0.0,458.0,748.5,
2023-07-15 15:00:00,18.5,55.75,3.125,7.15,6.375,13.825,0.95,,,,,,,,,,56.5,2.475,,0.0,0.0,357.5,747.25,
2023-07-15 16:00:00,18.0,55.0,3.875,8.525,7.675,17.3,1.325,,,,,,,,,,57.0,2.3,,0.0,0.0,207.0,746.25,
2023-07-15 17:00:00,16.25,60.75,2.825,11.975,8.7,16.925,0.85,,,,,,,,,,60.0,1.675,,0.0,0.0,69.5,746.75,
2023-07-15 18:00:00,30.5,89.5,3.6,20.175,13.65,13.8,0.5,,,,,,,,,,63.75,1.5,,0.0,0.0,26.5,747.5,
2023-07-15 19:00:00,34.75,114.5,2.9,21.4,13.75,14.575,0.3333333333333333,,,,,,,,,,72.25,1.875,,0.0,0.0,16.0,749.0,
2023-07-15 20:00:00,34.25,83.0,5.8,14.7,12.766666666666666,14.775,2.025,,,,,,,,,,80.5,1.775,,0.0,0.0,16.0,750.25,
2023-07-15 21:00:00,32.25,72.75,4.5,15.2,11.75,12.15,2.8,,,,,,,,,,78.5,1.675,,0.0,0.0,16.0,751.0,
2023-07-15 22:00:00,28.0,71.5,3.15,15.85,10.975000000000001,10.825,3.25,,,,,,,,,,78.25,1.95,,0.0,0.0,16.25,751.75,
2023-07-15 23:00:00,36.5,71.75,2.95,11.075000000000001,8.325,12.475,2.425,,,,,,,,,,80.0,1.9000000000000001,,0.0,0.0,16.0,752.0,
2023-07-16 00:00:00,22.75,49.5,2.725,10.125,7.575,15.5,2.3,,,,,,,,,,81.75,2.05,,0.0,0.0,16.0,750.75,
2023-07-16 01:00:00,14.0,46.75,3.1,8.175,6.825,17.4,1.475,,,,,,,,,,80.0,2.2,,0.0,0.0,16.0,750.0,
2023-07-16 02:00:00,16.75,41.0,3.275,8.325,7.1,17.325,2.75,,,,,,,,,,77.75,1.7,,0.0,0.0,16.0,750.0,
2023-07-16 03:00:00,16.25,38.5,3.125,10.8,8.275,16.775,3.725,,,,,,,,,,75.75,1.6,,0.0,0.0,16.0,749.75,
2023-07-16 04:00:00,17.25,50.75,3.3499999999999996,55.85,10.666666666666666,14.866666666666667,2.425,,,,,,,,,,74.25,1.15,,0.0,0.0,16.25,750.0,
2023-07-16 05:00:00,17.75,55.0,8.15,11.5,12.8,9.1,3.075,,,,,,,,,,75.5,1.175,,0.0,0.0,17.0,750.25,
2023-07-16 06:00:00,18.75,51.25,5.575,10.4,10.075000000000001,10.8,2.875,,,,,,,,,,75.25,1.625,,0.0,0.0,33.0,751.0,
2023-07-16 07:00:00,23.25,49.5,4.725,9.5,8.875,11.125,2.55,,,,,,,,,,74.5,1.875,,0.0,0.0,65.5,751.75,
2023-07-16 08:00:00,21.25,52.25,7.0,9.775,10.899999999999999,11.875,3.175,,,,,,,,,,73.75,2.175,,0.0,0.0,113.5,752.5,
2023-07-16 09:00:00,23.25,56.5,6.025,11.375,10.925,22.55,2.775,,,,,,,,,,73.0,2.05,,0.0,0.0,146.25,753.25,
2023-07-16 10:00:00,26.0,62.0,4.966666666666666,11.633333333333333,10.233333333333333,29.5,2.4,,,,,,,,,,71.66666666666667,2.2333333333333334,,0.0,0.0,198.33333333333334,753.0,
2023-07-16 11:00:00,25.0,68.5,3.0999999999999996,10.925,8.35,27.025,2.475,,,,,,,,,,69.75,2.375,,0.0,0.0,272.5,752.0,
2023-07-16 12:00:00,25.5,61.5,3.125,8.425,7.025,18.05,0.95,,,,,,,,,,68.25,2.35,,0.0,0.0,284.75,751.5,
2023-07-16 13:00:00,17.0,55.0,3.425,9.275,7.75,17.525,1.125,,,,,,,,,,65.75,1.975,,0.0,0.0,334.25,750.5,
2023-07-16 14:00:00,15.5,58.0,2.466666666666667,7.6000000000000005,6.866666666666667,16.425,2.675,,,,,,,,,,66.0,1.95,,0.0,0.0,265.25,749.5,
2023-07-16 15:00:00,19.25,58.0,2.5,8.5,6.55,14.175,2.65,,,,,,,,,,66.75,1.775,,0.0,0.0,185.0,748.25,
2023-07-16 16:00:00,17.25,58.25,3.025,7.95,6.6499999999999995,13.775,1.5,,,,,,,,,,66.75,1.65,,0.0,0.0,153.5,748.0,
2023-07-16 17:00:00,18.25,60.5,2.325,8.425,6.375,13.75,1.225,,,,,,,,,,67.75,1.525,,0.0,0.0,73.0,748.0,
2023-07-16 18:00:00,19.5,66.75,3.5666666666666664,14.174999999999999,9.3,14.274999999999999,1.575,,,,,,,,,,71.75,1.45,,0.0,0.0,25.5,748.75,
2023-07-16 19:00:00,21.0,72.0,3.375,16.975,11.75,14.75,1.75,,,,,,,,,,76.0,1.25,,0.0,0.0,16.75,749.0,
2023-07-16 20:00:00,22.0,72.75,2.7,21.925,13.85,13.275,1.0,,,,,,,,,,80.5,0.775,,0.0,0.0,16.75,750.25,
2023-07-16 21:00:00,27.25,81.75,5.55,27.975,19.4,9.8,0.975,,,,,,,,,,79.0,0.6499999999999999,,0.0,0.0,16.75,751.75,
2023-07-16 22:00:00,36.5,103.25,9.175,25.675,21.1,9.725,1.575,,,,,,,,,,78.5,0.9750000000000001,,0.0,0.0,16.5,752.0,
2023-07-16 23:00:00,40.75,99.75,3.5,18.0,12.4,10.3,2.275,,,,,,,,,,81.0,1.1,,0.0,0.0,16.0,751.25,
2023-07-17 00:00:00,28.75,75.5,3.1,14.600000000000001,10.325,11.275,2.825,,,,,,,,,,81.5,1.65,,0.0,0.0,16.75,751.0,
2023-07-17 01:00:00,21.0,62.75,2.15,9.450000000000001,6.8,12.6,3.2,,,,,,,,,,82.5,1.85,,0.0,0.0,17.0,750.25,
2023-07-17 02:00:00,20.25,50.5,2.85,8.025,6.55,13.65,2.55,,,,,,,,,,82.75,1.475,,0.0,0.0,17.0,749.25,
2023-07-17 03:00:00,24.5,58.75,2.425,9.425,7.0,16.1,3.45,,,,,,,,,,81.5,1.475,,0.0,0.0,17.0,749.0,
2023-07-17 04:00:00,17.0,53.25,3.625,10.325,8.45,15.2,2.3,,,,,,,,,,81.0,1.45,,0.0,0.0,17.0,749.0,
2023-07-17 05:00:00,19.0,58.0,3.7249999999999996,10.8,8.799999999999999,15.175,1.8,,,,,,,,,,80.75,1.75,,0.0,0.0,18.0,749.25,
2023-07-17 06:00:00,24.75,63.5,11.350000000000001,10.675,15.024999999999999,11.725,2.425,,,,,,,,,,77.75,1.625,,0.0,0.0,65.75,750.5,
2023-07-17 07:00:00,25.5,74.0,10.225000000000001,12.225,14.8,11.0,2.5,,,,,,,,,,70.5,1.875,,0.0,0.0,191.5,751.75,
2023-07-17 08:00:00,29.75,82.0,6.775,11.85,11.85,11.2,3.275,,,,,,,,,,67.0,2.4,,0.0,0.0,333.0,752.25,
2023-07-17 09:00:00,28.25,80.5,4.325,12.15,10.0,12.65,2.9000000000000004,,,,,,,,,,65.5,2.725,,0.0,0.0,383.5,752.0,
2023-07-17 10:00:00,25.75,81.5,5.85,16.075,13.3,14.175,3.225,,,,,,,,,,63.5,2.5,,0.0,0.0,438.75,751.75,
2023-07-17 11:00:00,23.5,69.5,4.5,13.525,10.875,17.55,2.875,,,,,,,,,,62.0,2.425,,0.0,0.0,482.5,750.75,
2023-07-17 12:00:00,21.5,66.0,3.8499999999999996,13.6,10.375,18.0,3.2,,,,,,,,,,61.0,2.3,,0.0,0.0,483.75,749.25,
2023-07-17 13:00:00,26.5,66.75,3.525,11.225,8.825,19.2,3.3,,,,,,,,,,59.5,2.7,,0.0,0.0,520.75,748.25,
2023-07-17 14:00:00,19.75,61.75,2.733333333333333,9.75,6.2,21.15,2.35,,,,,,,,,,58.0,2.925,,0.0,0.0,416.25,747.0,
2023-07-17 15:00:00,24.25,69.25,2.433333333333333,11.95,7.675,17.975,2.1,,,,,,,,,,58.0,2.975,,0.0,0.0,284.25,746.0,
2023-07-17 16:00:00,31.5,77.75,2.575,11.175,8.05,15.4,3.25,,,,,,,,,,58.25,2.8,,0.0,0.0,160.5,745.0,
2023-07-17 17:00:00,33.5,85.0,3.2,13.95,10.0,13.675,3.575,,,,,,,,,,59.0,2.125,,0.0,0.0,64.0,745.0,
2023-07-17 18:00:00,36.25,96.0,2.75,15.475,10.475,12.325,2.05,,,,,,,,,,60.25,1.7,,0.0,0.0,24.75,746.25,
2023-07-17 19:00:00,39.0,112.5,5.45,21.5,15.825,15.275,2.8,,,,,,,,,,74.0,2.225,,0.0,0.0,16.0,747.25,
2023-07-17 20:00:00,34.5,112.0,3.025,17.9,12.0,17.125,3.75,,,,,,,,,,75.0,1.925,,0.0,0.0,16.0,748.5,
2023-07-17 21:00:00,29.0,89.5,3.125,14.274999999999999,10.1,18.5,3.3,,,,,,,,,,72.75,2.125,,0.0,0.0,16.0,750.75,
2023-07-17 22:00:00,26.25,65.0,2.625,13.4,9.275,18.575,2.65,,,,,,,,,,71.5,1.3,,0.0,0.0,16.0,752.0,
2023-07-17 23:00:00,27.25,61.25,2.5333333333333337,11.65,6.675,17.4,5.2,,,,,,,,,,72.5,0.9500000000000001,,0.0,0.0,16.0,751.5,
2023-07-18 00:00:00,28.25,67.5,3.575,17.575,12.225,10.575,4.25,,,,,,,,,,71.75,0.45,,0.0,0.0,16.75,750.0,
2023-07-18 01:00:00,28.25,68.0,8.55,18.200000000000003,16.65,8.75,3.025,,,,,,,,,,70.5,0.575,,0.0,0.0,17.0,749.25,
2023-07-18 02:00:00,24.75,69.5,4.95,14.025,11.5,11.3,5.5,,,,,,,,,,69.0,0.9750000000000001,,0.0,0.0,17.0,748.25,
2023-07-18 03:00:00,21.5,55.25,5.125,13.3,11.25,13.850000000000001,5.075,,,,,,,,,,68.75,1.4,,0.0,0.0,16.5,748.0,
2023-07-18 04:00:00,22.5,52.0,5.475,12.45,11.1,15.8,2.55,,,,,,,,,,67.5,1.525,,0.0,0.0,16.5,748.0,
2023-07-18 05:00:00,23.0,50.25,4.7,12.0,10.2,16.2,1.5499999999999998,,,,,,,,,,68.75,1.85,,0.0,0.0,17.25,748.25,
2023-07-18 06:00:00,29.5,58.75,6.9,12.025,11.975,15.2,2.75,,,,,,,,,,70.75,1.975,,0.0,0.0,47.25,749.0,
2023-07-18 07:00:00,30.75,75.25,4.45,11.45,9.725,17.425,3.675,,,,,,,,,,69.25,2.575,,0.0,0.0,151.5,750.0,
2023-07-18 08:00:00,32.75,86.75,4.9,10.55,9.55,15.35,2.475,,,,,,,,,,66.25,2.725,,0.0,0.0,266.0,750.75,
2023-07-18 09:00:00,41.0,105.0,4.875,10.4,9.5,18.075,1.425,,,,,,,,,,62.25,3.35,,0.0,0.0,362.0,751.0,
2023-07-18 10:00:00,37.75,110.75,3.5749999999999997,8.6,7.475,15.225,2.7,,,,,,,,,,60.0,3.7,,0.0,0.0,521.5,751.0,
2023-07-18 11:00:00,26.75,86.5,3.225,7.275,6.525,14.95,2.625,,,,,,,,,,59.25,3.625,,0.0,0.0,552.75,750.0,
2023-07-18 12:00:00,23.25,69.0,4.0,8.475,7.775,18.875,1.55,,,,,,,,,,57.0,3.225,,0.0,0.0,590.5,748.5,
2023-07-18 13:00:00,22.25,64.0,3.35,9.475,7.775,19.525,1.25,,,,,,,,,,57.0,2.85,,0.0,0.0,326.75,747.25,
2023-07-18 14:00:00,20.0,59.25,3.3,9.725,7.85,21.125,1.575,,,,,,,,,,56.25,2.65,,0.0,0.0,406.0,745.75,
2023-07-18 15:00:00,29.0,64.0,2.8333333333333335,9.700000000000001,6.875,22.35,0.825,,,,,,,,,,55.25,2.9,,0.0,0.0,363.75,744.0,
2023-07-18 16:00:00,28.5,69.0,5.6000000000000005,14.833333333333334,9.125,22.8,1.1,,,,,,,,,,54.75,2.7750000000000004,,0.0,0.0,248.5,743.0,
2023-07-18 17:00:00,28.25,74.75,2.8,9.825,7.5,16.975,1.25,,,,,,,,,,55.0,2.625,,0.0,0.0,96.25,743.25,
2023-07-18 18:00:00,32.5,75.75,3.775,13.225,10.075000000000001,15.024999999999999,1.5499999999999998,,,,,,,,,,56.75,2.0,,0.0,0.0,24.25,744.0,
2023-07-18 19:00:00,35.25,87.25,3.65,18.675,12.9,12.625,2.075,,,,,,,,,,60.75,1.175,,0.0,0.0,16.25,745.5,
2023-07-18 20:00:00,38.0,103.0,8.1,22.325,16.375,15.924999999999999,2.875,,,,,,,,,,65.5,0.925,,0.0,0.0,16.5,746.75,
2023-07-18 21:00:00,34.0,94.25,4.9,21.75,15.5,16.075,2.675,,,,,,,,,,68.0,1.025,,0.0,0.0,16.0,747.75,
2023-07-18 22:00:00,31.0,89.75,5.875,19.5,15.125,16.15,3.225,,,,,,,,,,62.75,1.9749999999999999,,0.0,0.0,16.0,749.0,
2023-07-18 23:00:00,28.25,70.5,3.8499999999999996,15.025,11.125,19.125,2.7,,,,,,,,,,61.5,2.175,,0.0,0.0,16.0,748.75,
2023-07-19 00:00:00,20.5,61.0,3.425,12.45,9.4,19.85,3.15,,,,,,,,,,64.25,1.525,,0.0,0.0,16.25,748.0,
2023-07-19 01:00:00,23.25,67.25,2.6,10.525,7.699999999999999,15.8,4.6,,,,,,,,,,63.75,2.125,,0.0,0.0,17.0,746.75,
2023-07-19 02:00:00,25.75,69.5,3.2249999999999996,7.4,6.55,16.5,4.075,,,,,,,,,,62.75,2.825,,0.0,0.0,17.0,745.5,
2023-07-19 03:00:00,20.5,45.0,3.65,5.95,6.15,15.825,3.625,,,,,,,,,,63.75,2.55,,0.0,0.0,17.0,745.0,
2023-07-19 04:00:00,15.25,39.5,3.325,7.125,6.475,16.65,1.9749999999999999,,,,,,,,,,65.75,2.475,,0.0,0.0,16.5,745.0,
2023-07-19 05:00:00,14.0,42.25,3.875,9.55,8.25,17.85,1.2,,,,,,,,,,66.5,2.35,,0.0,0.0,16.5,746.25,
2023-07-19 06:00:00,16.75,47.5,3.75,9.95,8.350000000000001,17.6,1.5750000000000002,,,,,,,,,,68.0,2.475,,0.0,0.0,38.25,747.25,
2023-07-19 07:00:00,17.5,56.75,5.425,10.1,9.774999999999999,17.725,1.825,,,,,,,,,,68.0,2.15,,0.0,0.0,92.0,748.0,
2023-07-19 08:00:00,25.0,77.25,4.325,10.4,9.05,19.15,1.575,,,,,,,,,,65.75,2.5,,0.0,0.0,266.5,748.75,
2023-07-19 09:00:00,31.5,91.25,4.625,9.125,8.65,16.175,1.725,,,,,,,,,,64.0,3.35,,0.0,0.0,306.75,749.0,
2023-07-19 10:00:00,25.75,77.0,5.2250000000000005,9.875,9.5,14.799999999999999,2.65,,,,,,,,,,62.25,3.025,,0.0,0.0,470.0,748.5,
2023-07-19 11:00:00,29.75,77.75,3.3,7.8,6.825,15.55,2.425,,,,,,,,,,60.0,3.45,,0.0,0.0,572.75,747.5,
2023-07-19 12:00:00,26.25,77.25,1.975,7.550000000000001,5.6,17.075,1.975,,,,,,,,,,59.25,3.175,,0.0,0.0,511.5,746.5,
2023-07-19 13:00:00,25.75,70.75,3.6,7.925,7.15,20.4,1.75,,,,,,,,,,56.75,3.725,,0.0,0.0,468.0,744.75,
2023-07-19 14:00:00,22.0,72.75,3.575,8.575,7.475,20.75,1.75,,,,,,,,,,55.75,3.45,,0.0,0.0,292.75,743.25,
2023-07-19 15:00:00,22.0,63.0,3.4333333333333336,9.233333333333334,7.7,20.599999999999998,1.8,,,,,,,,,,55.333333333333336,3.1999999999999997,,0.0,0.0,212.0,742.3333333333334,
2023-07-19 16:00:00,28.0,85.25,3.175,12.15,9.025,20.15,1.825,,,,,,,,,,55.5,2.325,,0.0,0.0,127.0,742.0,
2023-07-19 17:00:00,35.5,97.75,2.533333333333333,15.175,8.575,17.45,1.55,,,,,,,,,,65.5,2.125,,0.0,0.0,71.0,743.0,
2023-07-19 18:00:00,30.25,87.0,3.2,15.775,10.975,13.05,3.2249999999999996,,,,,,,,,,67.75,2.475,,0.0,0.0,20.75,743.5,
2023-07-19 19:00:00,26.5,78.5,3.25,13.075,9.600000000000001,13.6,1.85,,,,,,,,,,70.0,1.8,,0.0,0.0,16.75,745.0,
2023-07-19 20:00:00,20.25,64.0,4.175,18.35,13.175,10.6,2.5,,,,,,,,,,67.25,1.875,,0.0,0.0,17.0,746.0,
2023-07-19 21:00:00,17.75,69.75,5.75,18.225,14.375,15.05,1.875,,,,,,,,,,68.0,1.975,,0.0,0.0,16.75,746.75,
2023-07-19 22:00:00,25.5,67.75,7.05,18.375,15.5,14.75,2.175,,,,,,,,,,67.0,1.475,,0.0,0.0,16.75,747.25,
2023-07-19 23:00:00,24.25,63.0,5.875,16.25,13.425,16.725,1.7,,,,,,,,,,67.5,1.625,,0.0,0.0,16.75,747.25,
2023-07-20 00:00:00,23.75,58.25,6.324999999999999,16.349999999999998,13.825,16.7,1.9,,,,,,,,,,68.75,1.525,,0.0,0.0,16.75,745.75,
2023-07-20 01:00:00,20.25,49.0,4.7,9.125,9.833333333333334,19.875,1.875,,,,,,,,,,69.0,1.875,,0.0,0.0,17.0,745.0,
2023-07-20 02:00:00,18.75,38.5,4.05,9.125,8.175,14.55,1.175,,,,,,,,,,69.25,1.875,,0.0,0.0,17.0,744.25,
2023-07-20 03:00:00,14.0,44.25,3.15,10.825,8.325,13.35,1.125,,,,,,,,,,70.25,1.85,,0.0,0.0,17.0,744.0,
2023-07-20 04:00:00,20.333333333333332,51.333333333333336,3.533333333333333,10.033333333333333,8.166666666666666,12.066666666666668,1.6333333333333335,,,,,,,,,,70.66666666666667,1.6333333333333335,,0.0,0.0,17.0,745.0,
2023-07-20 05:00:00,20.0,57.5,5.25,11.65,10.5,12.2,1.35,,,,,,,,,,72.75,1.5,,0.0,0.0,17.25,745.5,
2023-07-20 06:00:00,19.25,59.5,6.175,11.775,11.25,14.3,1.875,,,,,,,,,,72.25,1.675,,0.0,0.0,39.75,746.25,
2023-07-20 07:00:00,28.0,75.0,7.625,12.9,13.075,13.875,2.275,,,,,,,,,,71.5,1.575,,0.0,0.0,90.5,747.5,
2023-07-20 08:00:00,33.0,91.25,7.15,13.475,13.0,15.125,2.4,,,,,,,,,,69.25,2.025,,0.0,0.0,155.75,748.0,
2023-07-20 09:00:00,29.0,97.25,6.25,13.799999999999999,12.425,15.95,2.65,,,,,,,,,,68.5,1.575,,0.0,0.0,168.5,749.0,
2023-07-20 10:00:00,28.5,101.75,4.175,13.149999999999999,10.425,13.475,3.2,,,,,,,,,,67.25,1.8,,0.0,0.0,240.75,748.0,
2023-07-20 11:00:00,34.75,91.75,3.425,11.100000000000001,8.725,12.925,3.75,,,,,,,,,,62.75,1.95,,0.0,0.0,486.0,747.0,
2023-07-20 12:00:00,30.75,83.25,3.3,9.8,7.9,12.75,1.4,,,,,,,,,,58.75,2.725,,0.0,0.0,504.25,745.5,
2023-07-20 13:00:00,29.0,82.5,3.65,7.375,6.875,17.95,0.6333333333333333,,,,,,,,,,55.75,3.45,,0.0,0.0,401.5,744.5,
2023-07-20 14:00:00,26.0,71.0,3.775,11.975,9.425,19.75,1.6,,,,,,,,,,55.25,2.925,,0.0,0.0,238.75,743.0,
2023-07-20 15:00:00,26.75,79.25,3.275,15.325,10.775,19.825,2.15,,,,,,,,,,55.0,2.55,,0.0,0.0,164.0,742.0,
2023-07-20 16:00:00,30.25,90.0,3.6,15.725000000000001,11.3,21.25,1.2,,,,,,,,,,53.25,2.6,,0.0,0.0,198.0,741.25,
2023-07-20 17:00:00,35.5,104.25,3.1500000000000004,19.049999999999997,12.675,21.075,0.7,,,,,,,,,,54.0,2.025,,0.0,0.0,64.5,741.0,
2023-07-20 18:00:00,43.25,113.25,2.1333333333333333,23.275,11.75,15.3,2.3,,,,,,,,,,55.25,1.6,,0.0,0.0,22.5,742.5,
2023-07-20 19:00:00,50.75,125.5,4.55,23.75,16.35,10.975,3.3,,,,,,,,,,57.0,1.5,,0.0,0.0,17.0,744.75,
2023-07-20 20:00:00,43.0,135.0,3.775,23.9,15.8,10.725,2.75,,,,,,,,,,61.75,1.0999999999999999,,0.0,0.0,17.0,746.25,
2023-07-20 21:00:00,37.25,110.5,3.8000000000000003,19.375,13.399999999999999,12.425,3.25,,,,,,,,,,65.0,1.7750000000000001,,0.0,0.0,17.0,747.75,
2023-07-20 22:00:00,27.5,88.5,4.2,12.35,9.975,19.375,2.45,,,,,,,,,,66.5,1.65,,0.0,0.0,17.0,748.0,
2023-07-20 23:00:00,24.25,57.0,5.9,17.95,14.35,15.95,3.7,,,,,,,,,,66.75,1.1,,0.0,0.0,17.0,747.0,
2023-07-21 00:00:00,27.25,72.25,4.625,14.15,11.275,18.125,2.7,,,,,,,,,,60.5,1.625,,0.0,0.0,17.0,746.5,
2023-07-21 01:00:00,25.75,88.25,3.15,11.7,8.825,19.4,1.4,,,,,,,,,,60.25,1.9,,0.0,0.0,17.0,746.0,
2023-07-21 02:00:00,29.25,81.75,2.625,11.725,8.375,17.95,2.35,,,,,,,,,,61.75,2.225,,0.0,0.0,17.0,745.5,
2023-07-21 03:00:00,29.333333333333332,79.0,2.8333333333333335,8.1,6.599999999999999,15.6,2.5,,,,,,,,,,63.666666666666664,2.066666666666667,,0.0,0.0,17.0,745.0,
2023-07-21 04:00:00,23.25,61.0,2.475,7.525,6.025,15.075,1.4500000000000002,,,,,,,,,,65.25,2.425,,0.0,0.0,17.0,745.0,
2023-07-21 05:00:00,27.0,58.0,3.125,9.825,7.75,13.5,1.775,,,,,,,,,,66.75,2.1,,0.0,0.0,17.25,745.75,
2023-07-21 06:00:00,26.25,70.25,5.45,10.9,10.225000000000001,15.975,2.675,,,,,,,,,,67.0,2.225,,0.0,0.0,38.75,747.25,
2023-07-21 07:00:00,25.0,82.25,5.9,11.525,10.95,16.9,3.0,,,,,,,,,,66.5,2.35,,0.0,0.0,105.0,748.0,
2023-07-21 08:00:00,27.75,91.0,5.35,12.325,10.925,17.375,2.8,,,,,,,,,,63.0,2.775,,0.0,0.0,287.75,749.0,
2023-07-21 09:00:00,26.25,97.25,4.475,11.975,10.0,20.45,2.2,,,,,,,,,,60.5,3.375,,0.0,0.0,449.0,749.0,
2023-07-21 10:00:00,34.0,105.25,4.4,19.0,7.25,17.5,2.25,,,,,,,,,,57.75,3.5500000000000003,,0.0,0.0,524.0,749.0,
2023-07-21 11:00:00,57.5,119.5,3.6,10.525,8.525,18.75,2.975,,,,,,,,,,56.75,3.45,,0.0,0.0,555.75,748.0,
2023-07-21 12:00:00,38.0,94.0,3.175,9.75,7.75,17.775,1.925,,,,,,,,,,55.25,3.225,,0.0,0.0,526.75,747.0,
2023-07-21 13:00:00,35.75,81.25,3.075,7.925,6.7,18.725,1.7,,,,,,,,,,54.75,3.325,,0.0,0.0,510.75,746.0,
2023-07-21 14:00:00,29.0,77.25,4.625,9.975,9.075,20.6,1.475,,,,,,,,,,53.0,2.775,,0.0,0.0,324.0,745.0,
2023-07-21 15:00:00,30.25,98.5,3.7,12.675,9.725,21.5,1.5,,,,,,,,,,53.25,2.325,,0.0,0.0,190.5,744.25,
2023-07-21 16:00:00,35.5,101.0,3.625,16.15,11.55,21.4,1.6,,,,,,,,,,55.25,2.25,,0.0,0.0,105.75,744.0,
2023-07-21 17:00:00,36.25,111.75,4.4,15.875,12.05,21.6,1.3,,,,,,,,,,54.75,2.475,,0.0,0.0,72.0,744.5,
2023-07-21 18:00:00,29.25,110.25,5.949999999999999,20.8,15.899999999999999,19.525,1.8,,,,,,,,,,56.5,1.55,,0.0,0.0,21.0,745.75,
2023-07-21 19:00:00,42.0,118.5,9.475,19.6,18.1,13.575,2.025,,,,,,,,,,58.0,1.3,,0.0,0.0,17.0,747.25,
2023-07-21 20:00:00,40.5,119.25,8.175,17.0,15.675,14.625,3.2750000000000004,,,,,,,,,,63.0,2.15,,0.0,0.0,17.0,748.75,
2023-07-21 21:00:00,33.0,100.5,4.375,15.35,11.725,16.349999999999998,3.8,,,,,,,,,,67.5,1.4,,0.0,0.0,17.0,750.0,
2023-07-21 22:00:00,25.25,78.75,3.8000000000000003,15.725,10.45,16.15,2.625,,,,,,,,,,65.0,1.8,,0.0,0.0,17.0,750.0,
2023-07-21 23:00:00,27.0,76.25,5.2,12.625,10.95,20.625,1.325,,,,,,,,,,64.0,2.325,,0.0,0.0,16.75,750.0,
2023-07-22 00:00:00,20.75,62.5,3.6,11.575,9.075,21.725,1.65,,,,,,,,,,63.25,2.675,,0.0,0.0,16.75,749.25,
2023-07-22 01:00:00,17.5,60.5,3.475,10.875,8.6,21.875,2.025,,,,,,,,,,64.75,2.05,,0.0,0.0,16.75,749.0,
2023-07-22 02:00:00,11.75,50.0,4.0,10.175,8.7,21.675,1.95,,,,,,,,,,66.0,2.0,,0.0,0.0,16.75,748.0,
2023-07-22 03:00:00,17.5,51.25,2.3,9.975,7.2,18.95,2.175,,,,,,,,,,67.0,1.9000000000000001,,0.0,0.0,17.0,748.0,
2023-07-22 04:00:00,18.5,52.0,3.125,8.15,6.85,17.1,2.475,,,,,,,,,,67.0,2.075,,0.0,0.0,17.0,748.25,
2023-07-22 05:00:00,18.5,44.25,3.8249999999999997,8.975,7.9,15.4,3.05,,,,,,,,,,67.5,1.8,,0.0,0.0,17.0,749.25,
2023-07-22 06:00:00,22.666666666666668,53.0,4.0,9.833333333333334,8.5,14.6,2.1,,,,,,,,,,68.0,2.1666666666666665,,0.0,0.0,27.666666666666668,750.0,
2023-07-22 07:00:00,22.0,63.5,4.05,12.7,7.166666666666667,16.425,2.0,,,,,,,,,,67.0,2.425,,0.0,0.0,85.25,750.5,
2023-07-22 08:00:00,22.5,68.75,5.95,11.625,11.0,18.55,3.075,,,,,,,,,,64.5,2.375,,0.0,0.0,240.25,751.75,
2023-07-22 09:00:00,24.25,79.0,4.125,9.225,8.25,20.75,3.2,,,,,,,,,,63.0,2.9,,0.0,0.0,329.0,752.0,
2023-07-22 10:00:00,24.0,74.75,4.175,9.975,8.7,20.6,3.625,,,,,,,,,,62.25,3.0,,0.0,0.0,249.5,751.75,
2023-07-22 11:00:00,22.5,71.75,2.875,9.25,7.3,21.0,3.6,,,,,,,,,,61.5,3.175,,0.0,0.0,276.0,751.0,
2023-07-22 12:00:00,25.25,73.25,2.375,7.6,5.95,18.25,2.45,,,,,,,,,,59.5,3.25,,0.0,0.0,360.5,750.0,
2023-07-22 13:00:00,20.0,68.75,2.275,7.125,5.675,18.025,2.35,,,,,,,,,,59.5,3.425,,0.0,0.0,290.25,749.0,
2023-07-22 14:00:00,20.75,62.5,3.675,7.175,6.8,17.25,1.175,,,,,,,,,,60.0,2.675,,0.0,0.0,241.25,748.25,
2023-07-22 15:00:00,22.25,62.75,3.4,7.574999999999999,6.8,21.375,0.85,,,,,,,,,,60.5,3.075,,0.0,0.0,149.0,748.0,
2023-07-22 16:00:00,21.75,63.5,3.7,11.425,9.075,21.975,3.675,,,,,,,,,,61.0,2.4000000000000004,,0.0,0.0,129.75,747.5,
2023-07-22 17:00:00,27.25,77.25,2.725,12.75,8.975,21.8,3.575,,,,,,,,,,63.25,2.25,,0.0,0.0,77.0,748.0,
2023-07-22 18:00:00,27.0,75.75,4.125,18.85,13.35,18.65,1.775,,,,,,,,,,70.0,2.1,,0.0,0.0,22.0,749.5,
2023-07-22 19:00:00,24.75,67.75,5.775,18.3,14.425,17.325,1.975,,,,,,,,,,73.5,1.45,,0.0,0.0,16.0,751.0,
2023-07-22 20:00:00,25.25,57.0,5.3,14.825,12.2,14.1,2.175,,,,,,,,,,85.5,2.3,,0.0,0.0,15.0,753.25,
2023-07-22 21:00:00,15.5,29.75,7.25,15.975000000000001,14.4,11.6,2.175,,,,,,,,,,93.5,1.3,,0.0,0.0,14.5,753.0,
2023-07-22 22:00:00,4.25,15.0,11.9,18.575,19.55,7.375,2.6999999999999997,,,,,,,,,,93.0,1.025,,0.0,0.0,14.25,753.0,
2023-07-22 23:00:00,11.0,27.0,11.05,17.575,18.35,10.4,2.575,,,,,,,,,,90.0,1.075,,0.0,0.0,15.0,753.0,
2023-07-23 00:00:00,6.0,15.0,10.925,17.825,18.35,13.3,1.5,,,,,,,,,,88.75,1.075,,0.0,0.0,15.0,752.0,
2023-07-23 01:00:00,5.5,16.25,6.9,14.725,13.45,17.575000000000003,0.975,,,,,,,,,,88.0,1.1500000000000001,,0.0,0.0,15.75,751.25,
2023-07-23 02:00:00,7.0,20.25,5.9,12.225,11.275,18.375,1.3,,,,,,,,,,87.0,1.35,,0.0,0.0,15.75,750.75,
2023-07-23 03:00:00,14.75,21.0,4.65,12.625,10.5,18.05,2.225,,,,,,,,,,85.0,1.75,,0.0,0.0,16.0,750.25,
2023-07-23 04:00:00,10.25,22.75,3.9749999999999996,10.0,8.525,15.15,1.825,,,,,,,,,,84.5,1.775,,0.0,0.0,16.0,751.0,
2023-07-23 05:00:00,8.5,28.75,5.6,9.925,9.825,11.350000000000001,1.65,,,,,,,,,,82.5,1.7,,0.0,0.0,16.0,751.0,
2023-07-23 06:00:00,10.25,31.25,5.95,10.7,10.5,9.925,1.6,,,,,,,,,,83.5,1.75,,0.0,0.0,37.25,751.0,
2023-07-23 07:00:00,13.75,32.25,7.3,10.625,11.575,10.15,2.175,,,,,,,,,,81.5,1.8,,0.0,0.0,95.75,751.75,
2023-07-23 08:00:00,20.75,34.25,6.35,11.425,11.225,13.975,2.7,,,,,,,,,,80.0,1.475,,0.0,0.0,94.25,752.5,
2023-07-23 09:00:00,15.5,38.0,5.275,11.65,10.5,15.175,3.15,,,,,,,,,,80.25,1.55,,0.0,0.0,134.5,753.25,
2023-07-23 10:00:00,11.75,36.0,4.5,10.725,9.35,15.975,1.425,,,,,,,,,,79.5,1.6,,0.0,0.0,173.75,753.25,
2023-07-23 11:00:00,13.5,31.5,4.1,10.5,8.875,16.475,1.325,,,,,,,,,,80.0,1.075,,0.0,0.0,140.25,752.75,
2023-07-23 12:00:00,13.5,35.75,4.35,12.9,10.425,13.0,2.15,,,,,,,,,,80.25,1.1,,0.0,0.0,149.0,751.75,
2023-07-23 13:00:00,17.75,34.0,4.275,12.325,10.0,10.625,2.35,,,,,,,,,,77.25,1.35,,0.0,0.0,200.5,751.0,
2023-07-23 14:00:00,16.75,30.25,4.225,11.525,9.575,10.35,1.525,,,,,,,,,,80.75,0.95,,0.0,0.0,91.5,749.75,
2023-07-23 15:00:00,13.5,26.75,4.425,14.700000000000001,11.425,8.425,1.475,,,,,,,,,,83.75,0.7,,0.0,0.0,88.5,749.0,
2023-07-23 16:00:00,6.75,25.25,3.4,12.525,9.45,12.475,0.875,,,,,,,,,,81.0,1.075,,0.0,0.0,98.0,749.0,
2023-07-23 17:00:00,10.75,33.0,3.725,11.9,9.375,14.075,0.95,,,,,,,,,,79.0,1.15,,0.0,0.0,66.25,749.25,
2023-07-23 18:00:00,16.0,38.0,3.125,14.375,10.2,13.75,0.75,,,,,,,,,,81.5,1.075,,0.0,0.0,22.0,749.75,
2023-07-23 19:00:00,16.0,46.25,3.9749999999999996,19.275,13.5,11.9,1.2,,,,,,,,,,84.75,1.3,,0.0,0.0,16.0,750.5,
2023-07-23 20:00:00,15.25,49.5,4.225,16.725,12.325,11.95,1.975,,,,,,,,,,85.75,1.8,,0.0,0.0,16.0,751.5,
2023-07-23 21:00:00,14.0,40.5,3.675,14.575,10.75,9.399999999999999,2.525,,,,,,,,,,86.0,1.55,,0.0,0.0,16.0,752.75,
2023-07-23 22:00:00,19.25,45.5,4.6,16.275000000000002,12.425,8.475,2.575,,,,,,,,,,86.75,1.625,,0.0,0.0,16.0,753.0,
2023-07-23 23:00:00,23.5,43.5,3.25,13.65,9.925,8.875,2.5,,,,,,,,,,88.75,1.375,,0.0,0.0,16.0,752.5,
2023-07-24 00:00:00,16.0,31.25,2.675,11.15,8.1,14.075,0.8333333333333334,,,,,,,,,,90.25,1.375,,0.0,0.0,16.0,751.0,
2023-07-24 01:00:00,14.25,24.25,3.525,7.6,6.9,15.75,0.6,,,,,,,,,,88.5,1.725,,0.0,0.0,16.0,749.25,
2023-07-24 02:00:00,9.0,17.0,2.3,7.025,5.625,16.424999999999997,1.5499999999999998,,,,,,,,,,86.25,2.075,,0.0,0.0,16.0,748.25,
2023-07-24 03:00:00,8.25,11.75,2.925,7.225,6.2,16.075,1.75,,,,,,,,,,85.0,1.925,,0.0,0.0,16.0,748.0,
2023-07-24 04:00:00,7.25,15.75,3.2750000000000004,7.8,6.775,14.925,0.75,,,,,,,,,,85.25,1.425,,0.0,0.0,16.0,748.5,
2023-07-24 05:00:00,10.5,21.0,4.4,7.675,7.675000000000001,11.15,1.3,,,,,,,,,,85.75,1.975,,0.0,0.0,16.5,749.0,
2023-07-24 06:00:00,10.0,23.0,6.25,9.225,10.0,7.9,2.3,,,,,,,,,,83.5,1.725,,0.0,0.0,36.75,749.0,
2023-07-24 07:00:00,14.0,32.0,7.033333333333334,10.166666666666666,11.1,8.133333333333333,2.9333333333333336,,,,,,,,,,79.33333333333333,2.0,,0.0,0.0,100.0,750.0,
2023-07-24 08:00:00,14.25,37.5,6.6,10.725,11.1,10.175,1.4,,,,,,,,,,76.25,2.275,,0.0,0.0,166.0,751.25,
2023-07-24 09:00:00,11.5,39.5,6.05,12.35,11.475,13.075,0.9,,,,,,,,,,75.25,2.5,,0.0,0.0,155.25,752.0,
2023-07-24 10:00:00,19.5,46.0,5.45,14.05,11.9,14.35,2.45,,,,,,,,,,75.0,2.25,,0.0,0.0,151.75,752.0,
2023-07-24 11:00:00,20.75,36.75,3.8,14.075,10.6,13.8,2.8499999999999996,,,,,,,,,,76.25,1.625,,0.0,0.0,142.5,751.25,
2023-07-24 12:00:00,18.5,47.5,4.825,12.1,10.35,14.075,2.325,,,,,,,,,,76.5,1.7,,0.0,0.0,160.5,751.0,
2023-07-24 13:00:00,15.25,52.5,3.825,12.0,9.525,11.725000000000001,3.0250000000000004,,,,,,,,,,76.25,1.55,,0.0,0.0,134.5,749.75,
2023-07-24 14:00:00,21.5,47.0,3.4749999999999996,18.375,12.575,8.625,1.65,,,,,,,,,,77.25,1.425,,0.0,0.0,107.5,748.5,
2023-07-24 15:00:00,26.0,54.0,3.4,16.725,11.65,9.5,1.0,,,,,,,,,,78.25,1.325,,0.0,0.0,99.25,748.0,
2023-07-24 16:00:00,18.0,56.25,3.275,15.1,10.7,8.549999999999999,1.2,,,,,,,,,,84.0,1.775,,0.0,0.0,80.5,748.0,
2023-07-24 17:00:00,20.25,54.75,3.5,17.8,12.3,9.6,0.9666666666666667,,,,,,,,,,84.75,1.675,,0.0,0.0,44.5,748.0,
2023-07-24 18:00:00,17.0,53.5,4.225,17.8,12.9,11.15,1.325,,,,,,,,,,87.25,2.35,,0.0,0.0,19.75,749.5,
2023-07-24 19:00:00,14.0,43.0,3.325,13.225,9.75,13.15,1.775,,,,,,,,,,96.0,2.05,,0.0,0.0,15.0,750.25,
2023-07-24 20:00:00,9.0,15.0,7.75,17.55,15.6,9.075,0.5,,,,,,,,,,96.5,1.75,,0.0,0.0,15.5,752.0,
2023-07-24 21:00:00,9.75,14.75,4.725,13.025,10.775,11.2,0.3,,,,,,,,,,97.0,2.3,,0.0,0.0,15.0,751.25,
2023-07-24 22:00:00,12.5,16.25,4.275,12.35,10.075,9.425,,,,,,,,,,,97.0,1.925,,0.0,0.0,15.0,751.75,
2023-07-24 23:00:00,14.0,23.0,3.5749999999999997,10.85,8.675,10.5,,,,,,,,,,,96.0,2.15,,0.0,0.0,16.0,751.25,
2023-07-25 00:00:00,4.0,8.0,2.8,8.875,6.975,10.325,0.725,,,,,,,,,,95.5,2.05,,0.0,0.0,16.0,749.75,
2023-07-25 01:00:00,5.75,9.0,2.675,8.525,6.7,11.7,0.925,,,,,,,,,,95.0,1.6,,0.0,0.0,16.0,748.5,
2023-07-25 02:00:00,10.0,11.25,4.175,9.475,8.425,12.125,1.225,,,,,,,,,,95.0,1.675,,0.0,0.0,16.0,747.0,
2023-07-25 03:00:00,6.75,11.0,3.5749999999999997,8.425,7.375,12.95,0.875,,,,,,,,,,94.75,1.4500000000000002,,0.0,0.0,16.0,747.0,
2023-07-25 04:00:00,5.5,15.75,5.525,8.4,8.95,12.425,1.725,,,,,,,,,,93.25,1.25,,0.0,0.0,16.0,747.25,
2023-07-25 05:00:00,4.5,12.75,8.450000000000001,10.55,12.475,9.425,1.7249999999999999,,,,,,,,,,90.75,1.025,,0.0,0.0,16.0,748.0,
2023-07-25 06:00:00,7.75,18.25,10.425,11.5,14.6,7.6,1.5999999999999999,,,,,,,,,,89.0,1.35,,0.0,0.0,26.25,748.75,
2023-07-25 07:00:00,13.0,28.5,12.8,12.175,16.9,5.9,2.1999999999999997,,,,,,,,,,87.5,1.0,,0.0,0.0,58.5,750.0,
2023-07-25 08:00:00,13.25,32.75,12.8,13.825,17.75,6.725,3.4,,,,,,,,,,85.5,1.45,,0.0,0.0,109.75,752.25,
2023-07-25 09:00:00,15.0,38.25,14.0,15.7,19.725,10.5,3.875,,,,,,,,,,88.0,1.275,,0.0,0.0,123.25,752.75,
2023-07-25 10:00:00,17.75,30.25,121.89999999999999,17.733333333333334,18.15,19.625,0.95,,,,,,,,,,86.5,1.95,,0.0,0.0,205.5,752.25,
2023-07-25 11:00:00,17.0,32.5,8.625,17.8,16.5,13.725000000000001,0.25,,,,,,,,,,80.5,1.8,,0.0,0.0,259.25,751.0,
2023-07-25 12:00:00,15.5,36.0,7.225,17.575,15.25,13.025,1.05,,,,,,,,,,79.25,1.6,,0.0,0.0,216.75,750.0,
2023-07-25 13:00:00,12.5,30.25,9.225,18.5,17.35,14.35,0.8500000000000001,,,,,,,,,,88.5,1.2,,0.75,0.75,120.75,749.75,
2023-07-25 14:00:00,16.25,21.75,9.475,20.45,18.6,17.925,0.4000000000000001,,,,,,,,,,91.0,1.375,,0.0,0.0,115.0,748.75,
2023-07-25 15:00:00,13.5,22.25,10.925,26.725,23.1,22.975,0.1,,,,,,,,,,91.25,1.075,,0.0,0.0,104.0,748.0,
2023-07-25 16:00:00,15.5,27.5,6.55,31.375,22.05,22.7,1.95,,,,,,,,,,92.5,1.325,,0.0,0.0,67.25,749.0,
2023-07-25 17:00:00,25.0,32.5,4.85,22.725,16.05,10.425,2.95,,,,,,,,,,94.0,0.875,,0.0,0.0,36.75,749.0,
2023-07-25 18:00:00,21.0,34.25,8.175,23.975,19.45,7.55,3.1,,,,,,,,,,94.75,1.55,,0.0,0.0,18.0,749.75,
2023-07-25 19:00:00,16.5,30.5,6.95,17.775,15.1,8.75,3.1,,,,,,,,,,95.0,1.775,,0.0,0.0,15.0,751.0,
2023-07-25 20:00:00,11.75,20.0,4.45,16.225,12.274999999999999,8.100000000000001,2.125,,,,,,,,,,95.0,1.95,,0.0,0.0,15.75,752.0,
2023-07-25 21:00:00,13.5,28.5,4.975,14.125,11.575,10.825,2.775,,,,,,,,,,95.0,1.85,,0.0,0.0,15.0,752.0,
2023-07-25 22:00:00,18.25,24.25,3.9,12.0,9.55,12.7,1.15,,,,,,,,,,94.25,2.05,,0.0,0.0,15.0,752.0,
2023-07-25 23:00:00,9.0,15.5,3.975,11.35,9.275,12.975,0.95,,,,,,,,,,94.0,1.85,,0.0,0.0,15.75,751.5,
2023-07-26 00:00:00,6.75,13.5,3.05,10.65,8.15,13.45,1.075,,,,,,,,,,94.0,2.175,,0.0,0.0,15.75,749.5,
2023-07-26 01:00:00,9.25,12.5,3.2,9.075,7.425,12.975,1.55,,,,,,,,,,94.0,2.1,,0.0,0.0,16.0,748.0,
2023-07-26 02:00:00,10.0,14.0,2.5999999999999996,8.075,6.45,11.975000000000001,1.5750000000000002,,,,,,,,,,93.75,2.625,,0.0,0.0,16.0,747.0,
2023-07-26 03:00:00,10.0,17.0,3.8,8.0,7.35,11.225,1.375,,,,,,,,,,93.0,1.7999999999999998,,0.0,0.0,16.0,747.25,
2023-07-26 04:00:00,10.75,16.25,3.525,9.875,8.100000000000001,10.7,0.775,,,,,,,,,,92.5,1.475,,0.0,0.0,15.5,748.75,
2023-07-26 05:00:00,13.5,16.75,7.300000000000001,10.7,11.6,9.875,0.6333333333333333,,,,,,,,,,94.0,0.875,,0.0,0.0,16.0,750.0,
2023-07-26 06:00:00,14.5,22.5,9.475,10.225,13.125,9.675,1.45,,,,,,,,,,94.75,0.7,,0.0,0.0,26.0,751.25,
2023-07-26 07:00:00,13.0,15.0,9.700000000000001,10.6,13.533333333333333,9.533333333333333,2.1999999999999997,,,,,,,,,,94.66666666666667,0.9666666666666667,,0.0,0.0,54.0,752.0,
2023-07-26 08:00:00,14.75,24.5,9.075,11.399999999999999,13.45,10.0,2.05,,,,,,,,,,92.25,1.275,,0.0,0.0,92.5,752.5,
2023-07-26 09:00:00,18.25,29.5,9.75,13.475,15.125,9.0,2.925,,,,,,,,,,90.5,1.55,,0.0,0.0,137.0,753.0,
2023-07-26 10:00:00,13.5,32.75,6.725,12.9,12.3,9.975,2.65,,,,,,,,,,87.0,2.0250000000000004,,0.0,0.0,223.25,753.0,
2023-07-26 11:00:00,16.0,37.25,4.15,11.175,9.3,11.25,2.475,,,,,,,,,,79.5,2.275,,0.0,0.0,342.5,752.25,
2023-07-26 12:00:00,18.5,36.75,4.725,10.575,9.425,11.45,0.6666666666666666,,,,,,,,,,74.5,2.8,,0.0,0.0,343.75,751.0,
2023-07-26 13:00:00,16.0,38.5,3.7750000000000004,10.175,8.475000000000001,12.725,0.6499999999999999,,,,,,,,,,75.75,2.675,,0.0,0.0,233.5,750.0,
2023-07-26 14:00:00,14.0,30.5,4.15,11.5,9.45,14.4,1.625,,,,,,,,,,75.75,2.1,,0.0,0.0,243.5,749.25,
2023-07-26 15:00:00,18.25,41.0,3.0,11.65,8.625,14.100000000000001,2.025,,,,,,,,,,75.5,2.175,,0.0,0.0,179.25,749.0,
2023-07-26 16:00:00,20.5,50.0,3.325,13.65,9.975,13.7,0.55,,,,,,,,,,73.5,2.25,,0.0,0.0,130.75,749.0,
2023-07-26 17:00:00,18.0,54.333333333333336,4.366666666666667,15.799999999999999,11.933333333333332,13.200000000000001,0.4666666666666666,,,,,,,,,,75.0,2.1999999999999997,,0.0,0.0,78.66666666666667,749.0,
2023-07-26 18:00:00,24.0,63.0,3.25,13.3,9.75,10.725,0.95,,,,,,,,,,77.75,2.2,,0.0,0.0,25.0,749.75,
2023-07-26 19:00:00,28.25,69.0,3.75,14.6,10.8,9.45,1.9000000000000001,,,,,,,,,,78.5,2.15,,0.0,0.0,16.0,750.75,
2023-07-26 20:00:00,24.5,68.0,3.875,12.825,10.0,9.7,3.475,,,,,,,,,,78.0,2.75,,0.0,0.0,16.0,752.5,
2023-07-26 21:00:00,25.5,61.25,5.425,13.6,11.65,7.45,4.25,,,,,,,,,,79.25,2.175,,0.0,0.0,16.25,753.0,
2023-07-26 22:00:00,16.5,51.5,5.95,13.9,12.2,8.925,0.7,,,,,,,,,,81.25,1.6,,0.0,0.0,16.0,753.0,
2023-07-26 23:00:00,17.5,50.75,4.0,11.425,9.325000000000001,11.8,1.2,,,,,,,,,,82.5,2.3,,0.0,0.0,16.0,752.0,
2023-07-27 00:00:00,11.75,33.25,3.6750000000000003,9.6,8.1,12.875,3.15,,,,,,,,,,83.0,1.575,,0.0,0.0,16.25,751.25,
2023-07-27 01:00:00,21.25,26.5,3.675,8.175,7.35,13.525,4.275,,,,,,,,,,80.75,2.0,,0.0,0.0,16.5,750.75,
2023-07-27 02:00:00,8.0,21.5,3.75,6.675,6.6,13.075,1.05,,,,,,,,,,79.0,2.575,,0.0,0.0,16.75,750.0,
2023-07-27 03:00:00,10.0,21.5,3.3,6.5,6.15,10.274999999999999,0.675,,,,,,,,,,78.5,1.9000000000000001,,0.0,0.0,17.0,750.0,
2023-07-27 04:00:00,7.75,26.25,4.0,7.65,7.35,10.475,1.275,,,,,,,,,,78.0,2.075,,0.0,0.0,16.75,751.0,
2023-07-27 05:00:00,9.0,28.0,4.05,9.3,8.25,9.15,1.6,,,,,,,,,,78.0,1.825,,0.0,0.0,17.25,751.75,
2023-07-27 06:00:00,7.5,32.75,3.625,8.675,7.574999999999999,10.95,0.8,,,,,,,,,,77.0,1.7,,0.0,0.0,39.0,752.75,
2023-07-27 07:00:00,13.0,44.0,6.25,10.075,10.4,10.075,0.30000000000000004,,,,,,,,,,76.5,1.775,,0.0,0.0,99.75,754.0,
2023-07-27 08:00:00,17.75,63.0,4.975,10.075,9.425,11.65,1.8,,,,,,,,,,74.5,2.75,,0.0,0.0,223.5,755.0,
2023-07-27 09:00:00,22.0,66.0,4.233333333333333,10.766666666666666,9.200000000000001,13.299999999999999,1.9666666666666668,,,,,,,,,,67.66666666666667,2.8666666666666667,,0.0,0.0,428.3333333333333,755.0,
2023-07-27 10:00:00,20.25,66.0,4.075,10.475,8.875,13.725,1.5,,,,,,,,,,63.75,3.0,,0.0,0.0,481.75,754.0,
2023-07-27 11:00:00,20.5,70.75,4.425,9.65,8.725,10.55,1.425,,,,,,,,,,60.25,3.0250000000000004,,0.0,0.0,587.0,753.0,
2023-07-27 12:00:00,18.5,80.0,3.725,8.65,7.625,9.9,0.75,,,,,,,,,,59.25,3.15,,0.0,0.0,602.25,752.0,
2023-07-27 13:00:00,15.75,64.75,3.0,7.7,6.55,11.025,0.7666666666666666,,,,,,,,,,59.25,3.475,,0.0,0.0,529.25,750.5,
2023-07-27 14:00:00,13.5,59.5,4.1,7.225,7.15,11.875,0.4666666666666666,,,,,,,,,,57.75,3.375,,0.0,0.0,483.5,749.5,
2023-07-27 15:00:00,18.0,49.75,4.225,8.725,8.05,13.65,0.1,,,,,,,,,,56.25,3.325,,0.0,0.0,395.0,748.5,
2023-07-27 16:00:00,19.75,63.0,3.6,10.1,8.275,13.525,2.0,,,,,,,,,,56.0,2.7,,0.0,0.0,225.75,748.0,
2023-07-27 17:00:00,21.666666666666668,66.66666666666667,4.45,16.066666666666666,10.9,11.866666666666667,2.533333333333333,,,,,,,,,,68.66666666666667,1.8333333333333333,,0.0,0.0,73.66666666666667,748.3333333333334,
2023-07-27 18:00:00,18.25,75.25,6.325,22.075,16.875,9.35,0.85,,,,,,,,,,70.5,0.925,,0.0,0.0,24.25,749.25,
2023-07-27 19:00:00,31.75,124.75,5.875,20.225,15.55,7.7749999999999995,0.825,,,,,,,,,,68.25,1.3,,0.0,0.0,16.0,750.75,
2023-07-27 20:00:00,42.0,149.75,9.0,21.125,18.525,5.0,2.075,,,,,,,,,,70.0,1.125,,0.0,0.0,16.0,752.25,
2023-07-27 21:00:00,37.0,128.75,9.875,19.05,18.2,4.55,2.4,,,,,,,,,,69.75,1.175,,0.0,0.0,16.0,753.5,
2023-07-27 22:00:00,30.0,99.0,9.3,17.325,16.775,6.075,2.125,,,,,,,,,,69.5,1.45,,0.0,0.0,16.0,754.0,
2023-07-27 23:00:00,26.75,79.5,6.525,15.775,13.675,10.6,0.95,,,,,,,,,,68.75,1.5,,0.0,0.0,16.0,753.75,
2023-07-28 00:00:00,25.0,62.75,6.65,13.85,12.8,12.075,0.525,,,,,,,,,,70.25,1.65,,0.0,0.0,16.75,752.5,
2023-07-28 01:00:00,21.5,56.0,5.625,14.524999999999999,12.35,12.45,1.175,,,,,,,,,,73.5,1.175,,0.0,0.0,16.75,751.75,
2023-07-28 02:00:00,19.25,59.25,5.075,13.5,11.3,13.55,1.475,,,,,,,,,,73.5,2.05,,0.0,0.0,16.75,751.0,
2023-07-28 03:00:00,16.25,41.75,4.45,11.475,9.7,12.55,2.0999999999999996,,,,,,,,,,74.0,1.85,,0.0,0.0,16.75,751.25,
2023-07-28 04:00:00,13.25,40.75,6.25,12.475,11.725,8.4,3.45,,,,,,,,,,75.75,1.575,,0.0,0.0,17.0,751.5,
2023-07-28 05:00:00,14.666666666666666,43.333333333333336,7.0,13.9,13.066666666666668,6.7,3.033333333333333,,,,,,,,,,77.0,1.6333333333333335,,0.0,0.0,17.666666666666668,752.0,
2023-07-28 06:00:00,20.75,53.0,6.725,12.275,12.0,7.3,2.2,,,,,,,,,,75.75,2.1500000000000004,,0.0,0.0,63.75,752.75,
2023-07-28 07:00:00,17.5,60.75,7.4,12.175,12.525,10.6,2.1,,,,,,,,,,70.5,2.275,,0.0,0.0,181.0,753.5,
2023-07-28 08:00:00,19.75,59.0,6.324999999999999,11.05,11.025,12.475,2.9499999999999997,,,,,,,,,,66.5,2.575,,0.0,0.0,312.5,754.0,
2023-07-28 09:00:00,22.0,65.0,5.5,12.95,11.375,12.399999999999999,2.9,,,,,,,,,,63.0,2.4,,0.0,0.0,432.0,753.75,
2023-07-28 10:00:00,20.5,64.75,4.175,12.775,10.175,14.575,2.325,,,,,,,,,,62.75,2.925,,0.0,0.0,523.5,752.75,
2023-07-28 11:00:00,18.25,62.0,3.7,11.775,9.25,15.024999999999999,2.225,,,,,,,,,,61.0,2.825,,0.0,0.0,577.5,752.0,
2023-07-28 12:00:00,23.5,58.75,3.425,11.375,8.850000000000001,13.4,2.2750000000000004,,,,,,,,,,59.5,2.5,,0.0,0.0,581.5,750.75,
2023-07-28 13:00:00,21.25,63.5,3.15,11.175,8.525,12.5,1.05,,,,,,,,,,57.5,2.525,,0.0,0.0,536.25,749.0,
2023-07-28 14:00:00,26.0,53.5,2.85,11.55,8.475,12.225,0.825,,,,,,,,,,55.75,2.65,,0.0,0.0,414.75,748.0,
2023-07-28 15:00:00,21.5,59.0,3.75,13.45,10.175,14.3,1.275,,,,,,,,,,57.5,2.1,,0.0,0.0,201.25,747.0,
2023-07-28 16:00:00,25.333333333333332,71.66666666666667,5.0,13.333333333333334,11.200000000000001,15.633333333333335,1.4333333333333333,,,,,,,,,,55.666666666666664,2.3333333333333335,,0.0,0.0,206.33333333333334,747.0,
2023-07-28 17:00:00,26.5,75.5,4.975,16.25,12.7,15.425,1.375,,,,,,,,,,57.25,1.725,,0.0,0.0,64.75,747.0,
2023-07-28 18:00:00,33.75,92.5,6.175,20.4,15.875,13.325,1.9,,,,,,,,,,59.5,1.35,,0.0,0.0,20.0,748.0,
2023-07-28 19:00:00,36.0,128.25,10.3,22.725,20.45,11.175,2.275,,,,,,,,,,62.5,0.875,,0.0,0.0,16.0,749.75,
2023-07-28 20:00:00,47.0,153.75,9.775,23.275,20.325,8.65,2.65,,,,,,,,,,64.0,1.325,,0.0,0.0,16.25,750.75,
2023-07-28 21:00:00,51.25,161.5,9.05,21.275,18.7,8.8,3.975,,,,,,,,,,64.0,1.575,,0.0,0.0,16.25,751.25,
2023-07-28 22:00:00,44.5,141.0,10.3,18.175,18.0,9.3,2.6,,,,,,,,,,63.75,1.7999999999999998,,0.0,0.0,16.5,752.0,
2023-07-28 23:00:00,35.75,101.75,9.2,16.825,16.425,11.6,1.7,,,,,,,,,,65.25,1.85,,0.0,0.0,16.5,751.5,
2023-07-29 00:00:00,21.5,70.25,7.574999999999999,15.65,14.475,15.125,2.175,,,,,,,,,,66.25,1.85,,0.0,0.0,16.0,751.0,
2023-07-29 01:00:00,17.25,56.25,6.4,13.5,12.375,16.65,2.425,,,,,,,,,,68.75,2.075,,0.0,0.0,16.0,750.25,
2023-07-29 02:00:00,17.75,46.25,5.125,11.075000000000001,10.05,17.575,0.775,,,,,,,,,,70.0,2.425,,0.0,0.0,16.75,749.75,
2023-07-29 03:00:00,17.25,39.75,4.575,9.675,8.875,18.175,0.7999999999999999,,,,,,,,,,70.0,2.375,,0.0,0.0,16.5,749.75,
2023-07-29 04:00:00,18.25,39.5,4.525,9.225,8.6,15.225,1.125,,,,,,,,,,71.0,2.25,,0.0,0.0,16.75,750.0,
2023-07-29 05:00:00,20.75,52.0,5.325,10.025,9.675,11.825,1.175,,,,,,,,,,71.25,2.025,,0.0,0.0,17.25,751.0,
2023-07-29 06:00:00,24.0,59.0,5.9,10.825,10.55,10.275,1.825,,,,,,,,,,71.75,2.425,,0.0,0.0,40.25,751.5,
2023-07-29 07:00:00,20.0,63.75,6.0,10.024999999999999,10.25,10.525,2.55,,,,,,,,,,70.5,2.675,,0.0,0.0,102.25,752.75,
2023-07-29 08:00:00,26.25,68.75,5.925,10.975,10.675,13.8,1.1749999999999998,,,,,,,,,,67.75,2.35,,0.0,0.0,282.75,754.0,
2023-07-29 09:00:00,24.5,70.75,6.025,11.025,10.700000000000001,14.775,1.15,,,,,,,,,,62.5,2.725,,0.0,0.0,460.25,754.0,
2023-07-29 10:00:00,17.5,77.75,5.2,10.425,9.75,16.425,2.175,,,,,,,,,,61.0,3.075,,0.0,0.0,480.0,753.25,
2023-07-29 11:00:00,18.75,75.0,4.25,10.350000000000001,8.95,17.1,2.65,,,,,,,,,,59.5,3.675,,0.0,0.0,374.75,752.25,
2023-07-29 12:00:00,18.0,75.25,3.7,9.7,8.15,16.825,1.9,,,,,,,,,,57.5,2.925,,0.0,0.0,463.0,751.0,
2023-07-29 13:00:00,19.5,68.5,3.625,7.75,7.075,15.875,2.325,,,,,,,,,,55.25,3.4749999999999996,,0.0,0.0,566.25,749.25,
2023-07-29 14:00:00,21.75,70.0,3.6,7.925,7.125,15.65,0.6,,,,,,,,,,54.0,3.2,,0.0,0.0,472.5,748.0,
2023-07-29 15:00:00,18.0,62.5,3.95,9.075,8.05,15.0,0.35,,,,,,,,,,54.5,2.6500000000000004,,0.0,0.0,234.75,747.5,
2023-07-29 16:00:00,24.75,68.75,4.125,11.100000000000001,9.25,17.05,0.4000000000000001,,,,,,,,,,53.75,2.475,,0.0,0.0,173.5,747.25,
2023-07-29 17:00:00,22.0,77.75,4.225,14.775,11.325,16.2,0.1,,,,,,,,,,55.0,2.0,,0.0,0.0,73.75,747.75,
2023-07-29 18:00:00,31.75,93.75,7.25,20.925,17.025,13.25,1.375,,,,,,,,,,56.5,1.25,,0.0,0.0,21.75,748.5,
2023-07-29 19:00:00,28.0,112.5,8.3,22.925,18.975,13.4,1.45,,,,,,,,,,59.0,1.55,,0.0,0.0,16.0,750.0,
2023-07-29 20:00:00,36.25,118.5,4.475,23.675,16.225,16.025,2.1,,,,,,,,,,68.25,1.55,,0.0,0.0,16.0,750.75,
2023-07-29 21:00:00,32.25,94.5,2.625,22.125,13.9,13.025,2.175,,,,,,,,,,71.0,1.0,,0.0,0.0,16.0,751.5,
2023-07-29 22:00:00,28.5,95.75,8.275,21.075,17.95,9.55,1.875,,,,,,,,,,64.75,1.75,,0.0,0.0,16.0,752.0,
2023-07-29 23:00:00,31.0,99.5,5.225,12.625,10.975,14.45,1.6,,,,,,,,,,65.0,2.65,,0.0,0.0,16.75,752.0,
2023-07-30 00:00:00,23.75,57.25,4.733333333333333,9.475,9.5,16.55,1.2,,,,,,,,,,66.5,2.5,,0.0,0.0,16.75,751.5,
2023-07-30 01:00:00,19.75,49.75,4.075,10.575,8.899999999999999,17.85,0.8250000000000001,,,,,,,,,,69.75,2.3,,0.0,0.0,16.5,751.0,
2023-07-30 02:00:00,17.666666666666668,39.333333333333336,3.3333333333333335,9.233333333333333,7.633333333333333,18.2,1.2333333333333334,,,,,,,,,,71.66666666666667,2.466666666666667,,0.0,0.0,16.666666666666668,750.6666666666666,
2023-07-30 03:00:00,14.5,34.25,3.6,9.325,7.95,18.375,0.85,,,,,,,,,,69.0,2.475,,0.0,0.0,16.0,750.0,
2023-07-30 04:00:00,15.5,41.5,4.05,9.425,8.3,18.35,2.475,,,,,,,,,,69.0,2.225,,0.0,0.0,16.75,750.0,
2023-07-30 05:00:00,22.0,44.0,4.425,8.425,8.1,14.975,2.75,,,,,,,,,,70.0,2.4,,0.0,0.0,17.25,751.0,
2023-07-30 06:00:00,18.75,48.75,5.125,8.65,8.75,13.725,1.325,,,,,,,,,,70.0,2.35,,0.0,0.0,42.25,751.0,
2023-07-30 07:00:00,18.5,54.25,5.375,9.725,9.55,12.100000000000001,1.45,,,,,,,,,,70.0,2.325,,0.0,0.0,81.0,751.75,
2023-07-30 08:00:00,19.25,55.5,5.575,9.225,9.4,12.325,0.95,,,,,,,,,,68.5,2.45,,0.0,0.0,223.25,752.75,
2023-07-30 09:00:00,18.0,58.5,5.425,9.575,9.5,15.75,0.75,,,,,,,,,,63.25,2.7,,0.0,0.0,438.75,753.5,
2023-07-30 10:00:00,19.5,63.25,3.65,8.85,7.675,17.25,1.775,,,,,,,,,,60.25,3.425,,0.0,0.0,536.5,752.5,
2023-07-30 11:00:00,18.0,62.75,3.125,9.325,7.5,18.0,1.95,,,,,,,,,,58.0,3.375,,0.0,0.0,582.25,751.5,
2023-07-30 12:00:00,22.0,55.75,4.05,8.5,7.825,18.525,1.025,,,,,,,,,,55.75,2.75,,0.0,0.0,594.25,750.0,
2023-07-30 13:00:00,7.5,46.5,2.725,6.65,5.725,19.25,1.1,,,,,,,,,,54.0,3.625,,0.0,0.0,558.0,748.5,
2023-07-30 14:00:00,10.0,49.5,2.5,6.525,5.5,17.55,0.9,,,,,,,,,,52.75,3.625,,0.0,0.0,488.0,747.5,
2023-07-30 15:00:00,13.0,51.5,3.275,5.875,5.775,17.375,0.8,,,,,,,,,,52.0,3.45,,0.0,0.0,367.75,747.0,
2023-07-30 16:00:00,13.25,44.5,3.05,7.025,6.175,17.6,1.625,,,,,,,,,,51.5,3.025,,0.0,0.0,257.25,747.0,
2023-07-30 17:00:00,14.5,46.5,3.575,7.9,7.15,20.75,1.175,,,,,,,,,,53.5,2.075,,0.0,0.0,94.25,746.25,
2023-07-30 18:00:00,20.75,51.75,2.925,10.4,7.9,19.625,,,,,,,,,,,64.0,1.975,,0.0,0.0,25.5,747.25,
2023-07-30 19:00:00,29.5,60.25,3.7,10.075,8.35,19.55,,,,,,,,,,,73.0,2.2249999999999996,,0.0,0.0,16.0,748.75,
2023-07-30 20:00:00,15.25,55.25,3.0,10.15,7.85,19.75,3.4,,,,,,,,,,72.5,1.975,,0.0,0.0,16.0,750.0,
2023-07-30 21:00:00,22.0,65.0,3.45,12.85,9.649999999999999,31.65,3.5,,,,,,,,,,77.0,2.0,,0.0,0.0,16.0,750.0,
2023-07-30 22:00:00,,,,,,,,,,,,,,,,,,,,,0.0,,,
2023-07-30 23:00:00,,,,,,,,,,,,,,,,,,,,,0.0,,,
2023-07-31 00:00:00,,,,,,,,,,,,,,,,,,,,,0.0,,,
2023-07-31 01:00:00,22.0,65.0,,,,,,,,,,,,,,,72.0,1.4,,0.0,0.0,16.0,748.0,
2023-07-31 02:00:00,20.0,34.0,3.5333333333333337,8.766666666666667,7.533333333333334,25.233333333333334,1.9,,,,,,,,,,73.0,1.7,,0.0,0.0,16.0,747.75,
2023-07-31 03:00:00,16.25,34.25,5.0,11.6,10.225,24.2,1.3,,,,,,,,,,70.5,1.725,,0.0,0.0,16.0,747.75,
2023-07-31 04:00:00,6.75,35.0,5.425,10.325,9.899999999999999,23.15,4.425,,,,,,,,,,69.0,1.775,,0.0,0.0,16.0,748.0,
2023-07-31 05:00:00,12.0,35.0,7.2,11.35,11.9,23.4,4.1,,,,,,,,,,68.0,1.85,,0.0,0.0,16.0,749.0,
2023-07-31 06:00:00,,,,,,,,,,,,,,,,,,,,,0.0,,,
2023-07-31 07:00:00,,,,,,,,,,,,,,,,,,,,,0.0,,,
2023-07-31 08:00:00,,,,,,,,,,,,,,,,,,,,,0.0,,,
2023-07-31 09:00:00,,,,,,,,,,,,,,,,,,,,,0.0,,,
2023-07-31 10:00:00,,,,,,,,,,,,,,,,,,,,,0.0,,,
2023-07-31 11:00:00,,,,,,,,,,,,,,,,,,,,,0.0,,,
2023-07-31 12:00:00,,,,,,,,,,,,,,,,,,,,,0.0,,,
2023-07-31 13:00:00,19.0,43.0,5.3,9.9,9.833333333333334,38.46666666666667,,,,,,,,,,,53.0,2.45,,0.0,0.0,426.0,747.5,
2023-07-31 14:00:00,21.0,45.0,1.7333333333333334,13.75,9.525,52.675,4.1,,,,,,,,,,51.5,2.75,,0.0,0.0,442.5,747.0,
2023-07-31 15:00:00,27.666666666666668,54.25,2.2666666666666666,10.175,6.675,44.325,7.375,,,,,,,,,,58.0,3.075,,0.0,0.0,229.75,746.5,
2023-07-31 16:00:00,30.0,66.25,1.75,10.625,7.1,30.8,3.0749999999999997,,,,,,,,,,63.75,2.725,,0.0,0.0,135.0,746.0,
2023-07-31 17:00:00,25.666666666666668,75.75,1.8666666666666665,10.975,6.95,27.175,2.275,,,,,,,,,,66.0,2.125,,0.0,0.0,82.75,746.75,
2023-07-31 18:00:00,27.333333333333332,80.25,2.175,12.675,8.524999999999999,24.225,0.7,,,,,,,,,,72.5,1.9,,0.0,0.0,25.75,747.75,
2023-07-31 19:00:00,27.0,68.5,2.825,15.350000000000001,10.45,21.65,0.9,,,,,,,,,,72.75,1.925,,0.0,0.0,17.0,748.75,
2023-07-31 20:00:00,30.333333333333332,69.0,3.1,19.275,12.75,19.175,1.45,,,,,,,,,,71.25,2.175,,0.0,0.0,17.0,750.0,
2023-07-31 21:00:00,23.0,71.75,3.575,18.45,12.725000000000001,18.55,0.85,,,,,,,,,,77.75,2.125,,0.0,0.0,17.0,750.0,
2023-07-31 22:00:00,22.0,62.5,2.7,17.7,11.6,18.275,1.9249999999999998,,,,,,,,,,81.0,2.175,,0.0,0.0,17.0,751.0,
2023-07-31 23:00:00,28.0,64.0,1.9000000000000001,14.133333333333333,9.066666666666666,18.966666666666665,2.6,,,,,,,,,,79.33333333333333,1.9666666666666668,,0.0,0.0,17.0,751.0,
2023-08-01 00:00:00,21.0,52.0,2.475,11.025,7.8999999999999995,18.85,2.9,,,,,,,,,,82.25,1.7000000000000002,,0.0,0.0,17.0,750.25,
2023-08-01 01:00:00,15.75,51.0,2.5,10.425,7.575,18.475,1.8,,,,,,,,,,84.0,1.3,,0.0,0.0,17.0,749.25,
2023-08-01 02:00:00,20.25,48.75,5.0,7.575,8.075,16.6,1.0333333333333334,,,,,,,,,,82.75,1.7,,0.0,0.0,17.75,748.0,
2023-08-01 03:00:00,27.0,51.0,3.3333333333333335,7.75,7.7,17.175,1.225,,,,,,,,,,76.75,1.975,,0.0,0.0,17.75,748.0,
2023-08-01 04:00:00,26.0,52.0,3.3,11.5,8.8,15.5,,,,,,,,,,,72.5,2.125,,0.0,0.0,17.0,748.5,
2023-08-01 05:00:00,23.5,51.75,3.875,10.2,8.575,15.175,,,,,,,,,,,72.0,2.125,,0.0,0.0,17.75,749.5,
2023-08-01 06:00:00,23.0,45.25,6.449999999999999,10.725,10.975,13.725,3.8333333333333335,,,,,,,,,,72.0,2.025,,0.0,0.0,43.25,750.5,
2023-08-01 07:00:00,18.75,57.0,8.825,11.625,13.375,12.175,4.05,,,,,,,,,,71.75,1.85,,0.0,0.0,115.75,751.5,
2023-08-01 08:00:00,26.25,64.25,8.2,10.95,12.475,15.0,1.925,,,,,,,,,,68.75,2.175,,0.0,0.0,254.0,752.5,
2023-08-01 09:00:00,32.75,72.75,6.325,13.725000000000001,12.425,22.0,0.4,,,,,,,,,,66.75,2.475,,0.0,0.0,269.5,752.25,
2023-08-01 10:00:00,30.25,80.75,4.175,12.125,9.85,17.0,,,,,,,,,,,62.75,2.525,,0.0,0.0,461.25,752.0,
2023-08-01 11:00:00,25.0,61.0,4.45,12.0,10.0,17.2,,,,,,,,,,,61.0,2.45,,0.0,0.0,391.75,750.75,
2023-08-01 12:00:00,25.25,61.0,4.325,12.875,10.375,17.475,1.325,,,,,,,,,,59.5,2.525,,0.0,0.0,341.75,749.25,
2023-08-01 13:00:00,26.0,70.0,3.9499999999999997,10.85,9.0,17.375,1.4,,,,,,,,,,58.0,2.475,,0.0,0.0,318.0,748.25,
2023-08-01 14:00:00,18.0,52.0,4.475,10.825,9.4,16.775,1.975,,,,,,,,,,54.0,2.35,,0.0,0.0,292.75,747.5,
2023-08-01 15:00:00,20.5,56.5,4.475,11.1,9.55,16.675,0.75,,,,,,,,,,53.5,2.525,,0.0,0.0,230.5,747.0,
2023-08-01 16:00:00,27.75,72.75,5.625,12.625,11.275,15.899999999999999,1.1,,,,,,,,,,53.0,2.0999999999999996,,0.0,0.0,174.0,746.25,
2023-08-01 17:00:00,27.0,85.5,5.775,16.8,13.65,20.425,1.125,,,,,,,,,,53.75,1.9500000000000002,,0.0,0.0,84.75,747.0,
2023-08-01 18:00:00,38.0,101.5,9.625,25.225,21.25,17.75,4.15,,,,,,,,,,55.75,1.075,,0.0,0.0,26.0,747.75,
2023-08-01 19:00:00,42.0,124.5,20.55,27.25,31.2,6.6,5.825,,,,,,,,,,58.25,0.825,,0.0,0.0,17.0,749.0,
2023-08-01 20:00:00,52.75,166.5,13.325,24.875,24.025,10.475,2.3,,,,,,,,,,59.5,1.375,,0.0,0.0,17.75,749.75,
2023-08-01 21:00:00,51.25,154.25,10.525,25.1,21.9,11.875,0.65,,,,,,,,,,61.75,1.7,,0.0,0.0,17.75,750.25,
2023-08-01 22:00:00,53.5,150.75,8.55,23.5,19.475,18.5,3.175,,,,,,,,,,62.5,1.925,,0.0,0.0,17.0,751.0,
2023-08-01 23:00:00,39.0,123.0,5.45,18.375,14.225,21.325,2.05,,,,,,,,,,62.0,2.275,,0.0,0.0,17.0,751.0,
2023-08-02 00:00:00,36.0,105.0,4.966666666666667,16.3,12.700000000000001,21.8,2.0,,,,,,,,,,62.0,2.1,,0.0,0.0,17.333333333333332,751.0,
2023-08-02 01:00:00,25.5,64.75,9.175,14.15,14.975000000000001,20.125,,,,,,,,,,,61.5,2.5,,0.0,0.0,17.0,750.5,
2023-08-02 02:00:00,28.5,61.5,1.425,7.275,5.0,14.525,0.975,,,,,,,,,,62.5,2.65,,0.0,0.0,17.5,750.0,
2023-08-02 03:00:00,31.0,55.0,1.9249999999999998,6.025,4.775,11.75,2.65,,,,,,,,,,63.0,2.675,,0.0,0.0,17.75,750.0,
2023-08-02 04:00:00,23.5,58.25,2.275,5.6,4.825,11.100000000000001,2.75,,,,,,,,,,64.25,2.95,,0.0,0.0,17.0,750.0,
2023-08-02 05:00:00,18.25,60.0,3.7999999999999994,11.275,7.933333333333334,13.375,1.825,,,,,,,,,,65.75,2.575,,0.0,0.0,18.0,751.0,
2023-08-02 06:00:00,18.75,65.5,6.275,10.475,10.65,17.425,2.725,,,,,,,,,,67.0,2.625,,0.0,0.0,52.75,752.0,
2023-08-02 07:00:00,26.0,72.0,5.7,11.05,10.525,19.6,1.875,,,,,,,,,,67.0,2.8,,0.0,0.0,138.25,753.0,
2023-08-02 08:00:00,22.5,73.75,6.2,11.200000000000001,11.0,19.85,1.375,,,,,,,,,,66.0,2.675,,0.0,0.0,192.75,754.0,
2023-08-02 09:00:00,22.75,88.25,4.65,11.725,10.0,21.95,1.175,,,,,,,,,,63.5,3.15,,0.0,0.0,387.25,754.0,
2023-08-02 10:00:00,27.5,87.5,4.375,10.875,9.325,21.7,1.875,,,,,,,,,,61.25,3.025,,0.0,0.0,498.5,753.5,
2023-08-02 11:00:00,27.25,80.75,3.525,10.775,8.6,19.65,3.875,,,,,,,,,,58.75,3.05,,0.0,0.0,572.5,752.5,
2023-08-02 12:00:00,28.75,74.75,3.125,8.225,6.9,17.95,2.0,,,,,,,,,,56.75,2.95,,0.0,0.0,460.25,751.25,
2023-08-02 13:00:00,22.0,77.0,3.9,9.233333333333333,8.1,16.166666666666668,0.8000000000000002,,,,,,,,,,53.333333333333336,2.3666666666666667,,0.0,0.0,428.0,750.0,
2023-08-02 14:00:00,22.5,62.75,3.9250000000000003,9.25,8.125,18.8,0.3,,,,,,,,,,50.75,2.875,,0.0,0.0,414.25,748.5,
2023-08-02 15:00:00,22.75,66.5,5.25,11.0,10.125,24.575,,,,,,,,,,,49.5,3.1,,0.0,0.0,285.25,747.75,
2023-08-02 16:00:00,29.333333333333332,79.33333333333333,4.3,14.533333333333333,11.200000000000001,22.2,3.233333333333333,,,,,,,,,,50.333333333333336,2.066666666666667,,0.0,0.0,160.0,747.0,
2023-08-02 17:00:00,31.0,79.75,4.025,17.675,12.675,23.975,4.25,,,,,,,,,,51.0,2.125,,0.0,0.0,72.75,748.0,
2023-08-02 18:00:00,30.75,91.75,4.449999999999999,26.425,17.675,22.275,2.6,,,,,,,,,,52.5,1.4,,0.0,0.0,22.25,749.25,
2023-08-02 19:00:00,40.5,115.0,4.675,28.475,18.95,19.325,1.0,,,,,,,,,,55.25,1.625,,0.0,0.0,17.0,750.5,
2023-08-02 20:00:00,46.5,121.5,4.4,24.65,16.675,16.65,3.55,,,,,,,,,,56.25,2.075,,0.0,0.0,17.0,751.0,
2023-08-02 21:00:00,48.0,111.25,4.25,19.125,13.625,16.3,3.575,,,,,,,,,,56.0,2.35,,0.0,0.0,17.0,751.5,
2023-08-02 22:00:00,38.75,100.0,4.199999999999999,16.65,12.3,15.675,3.025,,,,,,,,,,55.5,2.225,,0.0,0.0,17.0,752.0,
2023-08-02 23:00:00,38.0,91.0,5.766666666666667,15.566666666666668,13.0,20.466666666666665,2.6333333333333333,,,,,,,,,,54.666666666666664,1.8333333333333333,,0.0,0.0,17.0,751.0,
2023-08-03 00:00:00,27.5,86.75,3.225,15.35,10.8,21.65,1.0333333333333334,,,,,,,,,,56.25,2.05,,0.0,0.0,17.0,750.25,
2023-08-03 01:00:00,34.0,76.5,2.925,13.325,9.45,22.15,0.15000000000000002,,,,,,,,,,58.5,1.85,,0.0,0.0,17.0,749.25,
2023-08-03 02:00:00,28.0,72.0,3.175,12.275,9.1,21.950000000000003,2.825,,,,,,,,,,60.75,2.325,,0.0,0.0,17.0,749.0,
2023-08-03 03:00:00,21.25,63.0,3.3249999999999997,11.35,8.75,21.175,3.2,,,,,,,,,,63.0,2.35,,0.0,0.0,17.0,749.25,
2023-08-03 04:00:00,27.5,62.25,2.85,10.025,7.625,16.725,2.675,,,,,,,,,,65.25,2.45,,0.0,0.0,17.5,750.0,
2023-08-03 05:00:00,25.75,63.25,4.35,10.7,9.2,15.5,2.475,,,,,,,,,,66.0,2.525,,0.0,0.0,18.75,750.0,
2023-08-03 06:00:00,24.75,69.75,5.15,10.3,9.675,15.05,2.8,,,,,,,,,,67.5,2.425,,0.0,0.0,60.75,750.5,
2023-08-03 07:00:00,24.0,62.0,6.65,11.9,11.725,16.85,2.775,,,,,,,,,,66.25,2.275,,0.0,0.0,161.5,751.5,
2023-08-03 08:00:00,23.5,70.0,7.025,11.675,11.925,19.8,0.9,,,,,,,,,,63.0,2.675,,0.0,0.0,288.75,752.75,
2023-08-03 09:00:00,22.5,79.5,5.375,12.075,10.8,22.2,0.65,,,,,,,,,,61.5,3.25,,0.0,0.0,429.0,753.0,
2023-08-03 10:00:00,23.5,86.0,4.825,12.025,10.325,22.125,0.6,,,,,,,,,,59.25,3.0,,0.0,0.0,521.0,752.0,
2023-08-03 11:00:00,23.25,70.25,3.4,11.6,8.9,23.25,0.5,,,,,,,,,,58.25,3.0,,0.0,0.0,560.25,751.0,
2023-08-03 12:00:00,27.25,58.0,2.3,10.125,7.25,19.5,3.45,,,,,,,,,,55.75,2.3,,0.0,0.0,582.5,750.5,
2023-08-03 13:00:00,27.0,53.5,3.275,9.875,7.925,19.55,3.375,,,,,,,,,,54.0,2.425,,0.0,0.0,442.5,749.0,
2023-08-03 14:00:00,24.75,52.0,3.85,11.0,8.95,21.075,2.4,,,,,,,,,,51.25,2.375,,0.0,0.0,383.75,747.75,
2023-08-03 15:00:00,24.75,58.75,7.5249999999999995,11.95,12.45,37.25,1.6,,,,,,,,,,50.75,2.4,,0.0,0.0,281.75,746.75,
2023-08-03 16:00:00,18.5,54.5,3.95,13.725,10.525,34.75,1.0333333333333332,,,,,,,,,,51.75,2.55,,0.0,0.0,240.75,747.0,
2023-08-03 17:00:00,23.75,69.5,3.65,17.55,12.325,32.7,2.8,,,,,,,,,,63.75,2.6,,0.0,0.0,76.25,747.5,
2023-08-03 18:00:00,36.25,93.25,2.675,18.525,12.025,33.325,3.975,,,,,,,,,,70.0,2.4,,0.0,0.0,20.5,749.0,
2023-08-03 19:00:00,43.0,103.25,2.775,18.025,11.825,32.3,6.05,,,,,,,,,,75.0,2.175,,0.0,0.0,17.25,750.25,
2023-08-03 20:00:00,49.75,110.0,2.35,15.25,10.025,28.975,2.033333333333333,,,,,,,,,,75.75,2.45,,0.0,0.0,17.0,751.75,
2023-08-03 21:00:00,40.5,69.5,2.65,11.95,8.475,24.675,0.2,,,,,,,,,,83.0,2.075,,0.0,0.0,17.0,752.5,
2023-08-03 22:00:00,33.0,57.25,2.875,11.975,8.7,22.4,0.8500000000000001,,,,,,,,,,81.25,1.9500000000000002,,0.0,0.0,16.5,753.25,
2023-08-03 23:00:00,31.25,57.5,8.175,18.3,16.4,33.275,,,,,,,,,,,78.75,2.275,,0.0,0.0,13.0,753.25,
2023-08-04 00:00:00,26.0,47.0,8.2,21.4,,,,,,,,,,,,,,,,,0.0,,,
2023-08-04 01:00:00,26.75,48.75,2.2,5.766666666666667,4.7,23.275,,,,,,,,,,,84.75,1.6500000000000001,,0.0,0.0,17.5,752.0,
2023-08-04 02:00:00,27.5,52.5,4.05,10.775,9.025,28.0,,,,,,,,,,,84.75,1.175,,0.0,0.0,17.0,752.0,
2023-08-04 03:00:00,22.25,47.0,4.45,11.775,9.9,26.9,,,,,,,,,,,78.0,1.275,,0.0,0.0,17.0,751.75,
2023-08-04 04:00:00,21.0,41.5,17.466666666666665,12.0,16.85,23.7,4.7,,,,,,,,,,70.25,1.65,,0.0,0.0,17.0,752.0,
2023-08-04 05:00:00,23.25,37.25,4.025,11.875,9.575,25.1,2.85,,,,,,,,,,72.0,1.5,,0.0,0.0,17.25,753.0,
2023-08-04 06:00:00,20.75,52.5,4.375,12.4,10.15,21.4,2.975,,,,,,,,,,72.75,2.05,,0.0,0.0,39.0,754.0,
2023-08-04 07:00:00,22.25,66.75,4.3999999999999995,9.05,9.133333333333333,17.325,2.425,,,,,,,,,,70.5,2.275,,0.0,0.0,107.25,755.0,
2023-08-04 08:00:00,28.25,61.5,5.95,11.125,10.725,17.15,3.2,,,,,,,,,,67.25,2.275,,0.0,0.0,210.75,755.75,
2023-08-04 09:00:00,26.25,70.25,5.35,11.65,10.55,17.225,1.75,,,,,,,,,,62.75,2.275,,0.0,0.0,452.75,757.0,
2023-08-04 10:00:00,25.25,78.25,4.65,11.825,10.075,26.85,,,,,,,,,,,60.0,2.275,,0.0,0.0,505.25,756.75,
2023-08-04 11:00:00,21.25,62.5,4.125,13.775,10.675,30.975,,,,,,,,,,,57.75,2.6,,0.0,0.0,557.5,755.75,
2023-08-04 12:00:00,24.75,57.25,3.6,11.625,9.1,34.525,4.125,,,,,,,,,,55.75,2.5,,0.0,0.0,538.25,754.75,
2023-08-04 13:00:00,24.25,54.0,3.45,11.7,9.0,32.475,5.45,,,,,,,,,,54.0,2.2,,0.0,0.0,483.75,753.5,
2023-08-04 14:00:00,26.333333333333332,50.0,2.566666666666667,9.066666666666666,6.8999999999999995,30.333333333333332,2.966666666666667,,,,,,,,,,52.666666666666664,2.1666666666666665,,0.0,0.0,461.0,751.6666666666666,
2023-08-04 15:00:00,27.25,49.25,2.45,8.1,6.325,25.125,2.8,,,,,,,,,,52.0,2.65,,0.0,0.0,356.75,750.75,
2023-08-04 16:00:00,21.0,55.0,3.275,8.9,7.375,23.85,6.375,,,,,,,,,,53.25,2.6,,0.0,0.0,233.5,750.5,
2023-08-04 17:00:00,22.5,69.5,3.4000000000000004,11.625,8.95,21.575,5.7,,,,,,,,,,69.25,2.925,,0.0,0.0,69.75,751.25,
2023-08-04 18:00:00,33.5,89.5,3.35,10.975,8.575,26.825,2.0,,,,,,,,,,76.25,2.9,,0.0,0.0,23.25,752.0,
2023-08-04 19:00:00,24.75,69.0,2.475,11.375,8.075,27.475,1.65,,,,,,,,,,78.5,2.675,,0.0,0.0,16.75,753.25,
2023-08-04 20:00:00,20.25,57.5,2.475,11.05,7.875,28.275,0.3666666666666667,,,,,,,,,,81.0,2.675,,0.0,0.0,16.75,754.5,
2023-08-04 21:00:00,20.5,61.25,2.475,13.35,9.125,26.875,1.975,,,,,,,,,,81.25,2.825,,0.0,0.0,17.0,755.5,
2023-08-04 22:00:00,27.5,62.75,2.825,14.299999999999999,9.9,26.475,0.875,,,,,,,,,,80.75,2.45,,0.0,0.0,17.0,756.5,
2023-08-04 23:00:00,24.75,46.0,3.1,11.4,8.549999999999999,33.6,0.5,,,,,,,,,,79.75,2.1,,0.0,0.0,14.0,756.0,
2023-08-05 00:00:00,20.0,41.5,2.375,8.525,6.475,25.25,2.05,,,,,,,,,,77.5,1.75,,0.0,0.0,17.0,755.25,
2023-08-05 01:00:00,18.25,37.25,2.425,9.325,6.925,19.925,2.5,,,,,,,,,,70.75,1.45,,0.0,0.0,17.0,754.0,
2023-08-05 02:00:00,23.75,47.0,4.15,13.625,10.575,16.975,1.8250000000000002,,,,,,,,,,71.75,1.275,,0.0,0.0,17.0,754.0,
2023-08-05 03:00:00,31.25,77.0,5.324999999999999,17.05,13.35,18.125,1.425,,,,,,,,,,73.75,1.1,,0.0,0.0,17.0,754.0,
2023-08-05 04:00:00,33.0,76.75,4.775,13.575,11.1,23.025,4.5,,,,,,,,,,73.0,1.6,,0.0,0.0,17.0,754.25,
2023-08-05 05:00:00,20.0,47.5,4.475,13.45,10.8,22.525,3.55,,,,,,,,,,74.25,1.55,,0.0,0.0,17.25,755.25,
2023-08-05 06:00:00,28.25,49.0,7.85,13.4,13.5,21.025,2.825,,,,,,,,,,73.5,1.975,,0.0,0.0,58.5,756.25,
2023-08-05 07:00:00,33.5,70.75,6.775,12.275,12.025,22.65,3.25,,,,,,,,,,69.0,2.175,,0.0,0.0,178.0,757.5,
2023-08-05 08:00:00,30.5,80.25,5.533333333333334,13.5,9.933333333333332,19.875,2.95,,,,,,,,,,64.75,2.4,,0.0,0.0,326.0,759.0,
2023-08-05 09:00:00,33.5,73.75,5.225,12.675,10.975,25.9,2.4,,,,,,,,,,62.25,2.55,,0.0,0.0,440.5,759.0,
2023-08-05 10:00:00,30.0,70.5,3.6999999999999997,12.100000000000001,9.425,22.5,0.7000000000000001,,,,,,,,,,60.0,2.6,,0.0,0.0,534.0,758.5,
2023-08-05 11:00:00,31.0,71.0,3.275,10.675,8.35,21.0,0.5,,,,,,,,,,57.75,2.55,,0.0,0.0,586.0,757.5,
2023-08-05 12:00:00,23.75,66.0,3.85,10.925,8.925,26.5,,,,,,,,,,,54.75,2.425,,0.0,0.0,601.25,755.5,
2023-08-05 13:00:00,21.75,60.25,4.225,11.175,9.375,31.325,11.75,,,,,,,,,,53.0,2.05,,0.0,0.0,562.0,754.75,
2023-08-05 14:00:00,27.0,60.0,2.3,10.725,7.575,34.175,2.525,,,,,,,,,,53.5,2.7,,0.0,0.0,460.25,753.75,
2023-08-05 15:00:00,28.25,63.75,2.85,10.0,7.625,34.3,0.8,,,,,,,,,,67.25,3.7,,0.0,0.0,281.75,752.25,
2023-08-05 16:00:00,33.25,82.5,1.825,8.15,5.825,33.225,2.975,,,,,,,,,,69.5,3.375,,0.0,0.0,189.0,752.0,
2023-08-05 17:00:00,34.5,77.75,2.8,9.025,7.075,25.575,4.1,,,,,,,,,,73.5,3.075,,0.0,0.0,55.5,752.5,
2023-08-05 18:00:00,27.25,73.75,3.125,9.7,7.675,22.95,4.225,,,,,,,,,,74.25,2.675,,0.0,0.0,22.0,753.75,
2023-08-05 19:00:00,28.0,64.5,2.15,9.725000000000001,6.975,23.0,4.574999999999999,,,,,,,,,,74.75,2.4,,0.0,0.0,17.0,755.25,
2023-08-05 20:00:00,26.75,67.5,4.1,12.325,9.85,26.6,1.8,,,,,,,,,,74.25,2.075,,0.0,0.0,17.0,756.25,
2023-08-05 21:00:00,24.5,72.75,3.975,15.950000000000001,11.675,26.675,0.5,,,,,,,,,,74.5,2.25,,0.0,0.0,16.75,757.0,
2023-08-05 22:00:00,31.25,74.0,4.324999999999999,18.225,13.225,25.475,1.0666666666666667,,,,,,,,,,79.25,2.275,,0.0,0.0,15.75,757.0,
2023-08-05 23:00:00,37.5,70.25,3.925,14.025,10.65,27.400000000000002,1.775,,,,,,,,,,77.25,1.625,,0.0,0.0,16.0,756.5,
2023-08-06 00:00:00,37.0,68.5,2.475,14.55,9.775,26.0,3.3,,,,,,,,,,73.5,1.75,,0.0,0.0,16.0,756.0,
2023-08-06 01:00:00,36.5,68.75,2.975,8.825,7.1,21.775,4.725,,,,,,,,,,80.0,1.875,,0.0,0.0,16.75,755.5,
2023-08-06 02:00:00,27.75,66.25,1.775,7.825,5.6000000000000005,21.875,6.2,,,,,,,,,,82.25,1.925,,0.0,0.0,17.0,755.0,
2023-08-06 03:00:00,30.75,67.0,2.8,6.675000000000001,5.85,21.45,6.775,,,,,,,,,,82.0,1.8,,0.0,0.0,17.0,754.5,
2023-08-06 04:00:00,24.75,56.0,3.525,9.25,7.8,21.85,3.925,,,,,,,,,,82.25,1.825,,0.0,0.0,17.0,755.0,
2023-08-06 05:00:00,26.5,53.75,4.6,12.125,10.2,24.05,2.775,,,,,,,,,,82.25,1.1,,0.0,0.0,17.5,755.25,
2023-08-06 06:00:00,27.0,68.0,4.325,14.375,11.15,22.775,3.525,,,,,,,,,,81.25,1.425,,0.0,0.0,54.5,756.25,
2023-08-06 07:00:00,30.75,77.5,5.275,11.675,10.475,24.45,5.4,,,,,,,,,,75.75,2.125,,0.0,0.0,172.0,757.0,
2023-08-06 08:00:00,26.5,77.5,4.3999999999999995,14.35,9.075,25.5,4.4750000000000005,,,,,,,,,,69.0,2.1500000000000004,,0.0,0.0,311.5,758.0,
2023-08-06 09:00:00,33.5,66.25,7.75,7.5,10.4,21.225,4.325,,,,,,,,,,64.25,2.25,,0.0,0.0,431.0,757.75,
2023-08-06 10:00:00,32.0,48.25,3.3,8.775,7.375,20.975,4.55,,,,,,,,,,60.0,2.4749999999999996,,0.0,0.0,525.75,756.75,
2023-08-06 11:00:00,31.5,53.5,3.875,7.55,7.15,21.125,3.875,,,,,,,,,,58.0,2.45,,0.0,0.0,580.0,755.5,
2023-08-06 12:00:00,26.25,48.75,3.3,6.55,6.175,22.6,1.25,,,,,,,,,,54.75,2.025,,0.0,0.0,603.25,754.0,
2023-08-06 13:00:00,15.5,46.75,4.45,7.824999999999999,7.85,28.575000000000003,,,,,,,,,,,53.5,2.225,,0.0,0.0,469.75,752.0,
2023-08-06 14:00:00,16.5,44.25,3.475,9.2,7.725,28.85,,,,,,,,,,,51.75,1.95,,0.0,0.0,428.5,750.75,
2023-08-06 15:00:00,14.5,48.5,2.975,9.5,7.475,28.95,,,,,,,,,,,53.5,2.525,,0.0,0.0,317.75,749.5,
2023-08-06 16:00:00,15.0,53.25,4.625,8.4,5.85,30.675,3.55,,,,,,,,,,70.0,3.775,,0.0,0.0,121.25,749.0,
2023-08-06 17:00:00,23.0,60.75,6.75,10.133333333333335,8.75,26.4,5.3,,,,,,,,,,70.5,2.875,,0.0,0.0,90.5,750.0,
2023-08-06 18:00:00,28.75,54.25,1.5999999999999999,6.25,4.65,22.5,6.3,,,,,,,,,,75.5,2.5,,0.0,0.0,25.25,750.5,
2023-08-06 19:00:00,28.25,53.25,2.575,7.875,6.275,21.125,5.875,,,,,,,,,,74.5,2.275,,0.0,0.0,17.0,751.75,
2023-08-06 20:00:00,25.75,46.0,2.775,6.3,5.625,21.075,1.9,,,,,,,,,,79.5,2.45,,0.0,0.0,17.0,753.0,
2023-08-06 21:00:00,17.0,42.25,3.8249999999999997,8.275,7.5,27.15,0.4666666666666666,,,,,,,,,,81.75,2.0,,0.0,0.0,17.0,753.75,
2023-08-06 22:00:00,22.333333333333332,55.666666666666664,3.233333333333333,9.633333333333333,7.733333333333333,25.96666666666667,0.6333333333333334,,,,,,,,,,81.66666666666667,1.9000000000000001,,0.0,0.0,17.0,754.6666666666666,
2023-08-06 23:00:00,27.0,65.75,3.3,11.05,8.575,26.25,0.75,,,,,,,,,,82.0,1.975,,0.0,0.0,16.75,754.0,
2023-08-07 00:00:00,23.75,53.0,2.35,10.025,7.25,26.775,3.2,,,,,,,,,,81.0,2.65,,0.0,0.0,16.75,752.75,
2023-08-07 01:00:00,14.5,40.0,2.225,6.025,5.025,25.35,3.8,,,,,,,,,,78.5,2.4,,0.0,0.0,17.0,752.25,
2023-08-07 02:00:00,15.25,28.5,2.975,6.1000000000000005,5.65,20.175,5.475,,,,,,,,,,77.0,2.05,,0.0,0.0,17.0,751.25,
2023-08-07 03:00:00,12.75,29.75,2.925,7.575,6.425,19.025,5.7,,,,,,,,,,76.5,1.625,,0.0,0.0,17.5,751.25,
2023-08-07 04:00:00,12.0,28.5,2.85,8.125,6.65,18.6,3.3,,,,,,,,,,77.75,1.625,,0.0,0.0,17.75,752.0,
2023-08-07 05:00:00,13.75,28.5,4.7,11.5,9.925,20.375,2.325,,,,,,,,,,78.25,1.675,,0.0,0.0,17.75,752.5,
2023-08-07 06:00:00,19.75,37.75,4.775,11.525,10.0,22.125,4.325,,,,,,,,,,79.0,2.125,,0.0,0.0,49.0,753.25,
2023-08-07 07:00:00,22.75,54.75,5.525,11.875,10.8,22.325,7.225,,,,,,,,,,77.0,1.85,,0.0,0.0,128.75,754.0,
2023-08-07 08:00:00,24.75,66.5,5.2749999999999995,13.45,11.425,22.275,9.9,,,,,,,,,,72.5,1.8250000000000002,,0.0,0.0,252.0,755.0,
2023-08-07 09:00:00,25.75,78.25,4.65,19.25,11.55,22.425,6.825,,,,,,,,,,64.5,2.05,,0.0,0.0,425.0,755.0,
2023-08-07 10:00:00,31.0,82.0,2.5,12.766666666666666,8.833333333333334,21.166666666666668,5.566666666666666,,,,,,,,,,59.666666666666664,2.466666666666667,,0.0,0.0,494.0,754.3333333333334,
2023-08-07 11:00:00,30.75,71.0,3.1,8.95,7.3,21.325000000000003,4.8,,,,,,,,,,57.75,2.8,,0.0,0.0,575.75,753.0,
2023-08-07 12:00:00,29.5,64.25,2.95,9.425,7.375,22.2,3.875,,,,,,,,,,54.5,2.075,,0.0,0.0,553.0,751.0,
2023-08-07 13:00:00,27.0,67.25,4.325,9.375,8.525,29.075000000000003,2.925,,,,,,,,,,54.5,2.3,,0.0,0.0,481.5,749.75,
2023-08-07 14:00:00,24.75,68.0,4.25,9.975000000000001,8.75,34.575,2.625,,,,,,,,,,64.25,3.35,,0.0,0.0,409.25,748.5,
2023-08-07 15:00:00,26.25,78.25,3.725,9.825,8.225,42.675000000000004,4.125,,,,,,,,,,65.5,3.65,,0.0,0.0,357.0,748.0,
2023-08-07 16:00:00,28.75,84.0,3.65,10.375,8.5,37.75,4.15,,,,,,,,,,69.0,3.275,,0.0,0.0,198.75,748.0,
2023-08-07 17:00:00,40.75,91.5,4.6,10.675,9.425,34.95,4.45,,,,,,,,,,71.75,3.2,,0.0,0.0,84.0,748.75,
2023-08-07 18:00:00,32.5,90.75,1.875,10.2,6.925,24.775,5.275,,,,,,,,,,75.0,2.475,,0.0,0.0,23.0,749.25,
2023-08-07 19:00:00,29.0,73.5,4.133333333333334,11.425,7.300000000000001,23.975,5.45,,,,,,,,,,75.0,2.325,,0.0,0.0,16.5,750.0,
2023-08-07 20:00:00,32.75,69.5,3.2750000000000004,9.9,7.875,24.525,4.1,,,,,,,,,,73.25,2.3,,0.0,0.0,15.25,751.0,
2023-08-07 21:00:00,34.333333333333336,72.0,2.1999999999999997,13.233333333333334,8.799999999999999,19.733333333333334,3.733333333333333,,,,,,,,,,72.0,2.433333333333333,,0.0,0.0,15.666666666666666,752.0,
2023-08-07 22:00:00,32.25,72.75,4.075,12.425,9.9,28.075,2.175,,,,,,,,,,73.0,2.1,,0.0,0.0,16.75,753.0,
2023-08-07 23:00:00,28.25,63.5,2.8,10.575,7.9,28.65,1.15,,,,,,,,,,74.75,2.35,,0.0,0.0,17.0,752.5,
2023-08-08 00:00:00,23.0,48.25,3.075,10.775,8.275,28.6,0.7000000000000001,,,,,,,,,,77.0,2.225,,0.0,0.0,16.75,751.75,
2023-08-08 01:00:00,22.25,48.0,3.35,9.1,7.55,28.55,0.9750000000000001,,,,,,,,,,79.25,2.1,,0.0,0.0,17.0,751.0,
2023-08-08 02:00:00,18.5,35.75,1.7,7.025,5.125,25.675,2.175,,,,,,,,,,83.75,2.25,,0.0,0.0,17.0,751.0,
2023-08-08 03:00:00,16.0,32.666666666666664,2.6,6.433333333333334,5.533333333333334,21.2,3.1666666666666665,,,,,,,,,,81.0,2.2333333333333334,,0.0,0.0,17.666666666666668,751.0,
2023-08-08 04:00:00,20.75,29.25,2.5500000000000003,7.775,6.225,19.625,1.325,,,,,,,,,,80.5,1.875,,0.0,0.0,17.75,751.0,
2023-08-08 05:00:00,22.0,35.5,2.875,8.775,6.975,18.65,1.825,,,,,,,,,,82.25,1.9249999999999998,,0.0,0.0,18.0,751.75,
2023-08-08 06:00:00,20.75,44.75,4.275,11.2,9.425,22.725,1.2666666666666668,,,,,,,,,,84.25,2.05,,0.0,0.0,55.25,752.0,
2023-08-08 07:00:00,25.0,54.0,5.2,11.95,10.55,24.5,0.9,,,,,,,,,,80.5,1.725,,0.0,0.0,142.75,753.25,
2023-08-08 08:00:00,24.0,70.75,4.9,13.45,11.125,24.35,2.125,,,,,,,,,,76.0,1.475,,0.0,0.0,215.25,754.5,
2023-08-08 09:00:00,30.0,84.75,5.233333333333333,20.625,11.075,25.200000000000003,3.025,,,,,,,,,,69.75,1.875,,0.0,0.0,339.5,755.0,
2023-08-08 10:00:00,32.0,84.75,4.05,14.525,11.05,26.925,3.475,,,,,,,,,,64.0,2.2,,0.0,0.0,394.0,754.25,
2023-08-08 11:00:00,36.25,85.0,2.125,8.525,6.25,23.175,3.65,,,,,,,,,,61.75,2.5,,0.0,0.0,464.75,754.0,
2023-08-08 12:00:00,29.75,77.75,3.025,7.025,6.2,23.375,1.0,,,,,,,,,,60.25,2.375,,0.0,0.0,468.5,752.75,
2023-08-08 13:00:00,28.75,78.75,2.425,8.875,6.725,21.55,1.3,,,,,,,,,,66.0,2.95,,0.0,0.0,334.25,751.25,
2023-08-08 14:00:00,34.5,89.0,3.575,9.3,7.85,24.875,0.7666666666666667,,,,,,,,,,68.25,3.15,,0.0,0.0,295.75,751.0,
2023-08-08 15:00:00,27.5,77.25,3.125,9.825,7.75,28.675,,,,,,,,,,,68.25,2.975,,0.0,0.0,250.5,751.0,
2023-08-08 16:00:00,30.5,80.25,3.55,11.225,8.875,27.575,3.875,,,,,,,,,,70.25,3.075,,0.0,0.0,153.75,750.0,
2023-08-08 17:00:00,32.75,86.75,3.725,10.725,8.75,30.974999999999998,1.9749999999999999,,,,,,,,,,73.25,3.075,,0.0,0.0,75.25,750.5,
2023-08-08 18:00:00,28.25,86.0,18.7,11.925,20.400000000000002,26.075,2.3,,,,,,,,,,77.5,2.475,,0.0,0.0,23.25,752.0,
2023-08-08 19:00:00,34.0,80.25,1.9666666666666668,8.95,5.975,21.325,4.15,,,,,,,,,,79.5,2.1,,0.0,0.0,17.0,753.25,
2023-08-08 20:00:00,33.333333333333336,64.33333333333333,2.733333333333333,10.700000000000001,7.8999999999999995,19.433333333333334,2.566666666666667,,,,,,,,,,79.66666666666667,1.7,,0.0,0.0,17.0,755.0,
2023-08-08 21:00:00,36.25,68.5,3.225,14.975,10.6,17.25,0.875,,,,,,,,,,79.25,1.525,,0.0,0.0,17.5,756.0,
2023-08-08 22:00:00,31.5,72.25,2.8,14.475,10.0,18.3,1.0,,,,,,,,,,77.75,1.725,,0.0,0.0,17.75,756.0,
2023-08-08 23:00:00,33.5,70.75,5.225,12.45,10.85,25.1,0.2,,,,,,,,,,76.25,1.5499999999999998,,0.0,0.0,17.5,755.25,
2023-08-09 00:00:00,33.25,72.0,4.15,12.25,9.9,24.4,0.9750000000000001,,,,,,,,,,75.0,1.775,,0.0,0.0,17.25,754.75,
2023-08-09 01:00:00,25.0,62.75,2.7,9.475,7.25,25.4,0.675,,,,,,,,,,76.0,2.1,,0.0,0.0,17.0,753.75,
2023-08-09 02:00:00,16.0,40.5,3.1,9.6,7.625,24.95,1.4000000000000001,,,,,,,,,,78.5,1.775,,0.0,0.0,17.25,753.0,
2023-08-09 03:00:00,17.25,28.5,2.1666666666666665,9.625,6.425,20.8,2.775,,,,,,,,,,83.5,1.275,,0.0,0.0,17.5,753.25,
2023-08-09 04:00:00,21.5,28.75,3.625,9.275,7.85,17.525,1.4,,,,,,,,,,86.0,1.525,,0.0,0.0,17.75,754.0,
2023-08-09 05:00:00,21.25,44.5,3.425,10.075,8.15,16.875,1.5,,,,,,,,,,86.75,1.375,,0.0,0.0,18.0,754.5,
2023-08-09 06:00:00,19.0,52.0,3.65,10.725,8.7,15.8,2.3,,,,,,,,,,86.75,1.6,,0.0,0.0,50.25,755.5,
2023-08-09 07:00:00,26.25,63.0,4.975,13.4,11.2,20.025,1.05,,,,,,,,,,83.5,1.65,,0.0,0.0,127.75,756.5,
2023-08-09 08:00:00,23.75,77.5,4.85,13.6,11.175,22.05,2.975,,,,,,,,,,75.5,1.75,,0.0,0.0,285.5,757.75,
2023-08-09 09:00:00,34.75,103.25,6.4,11.0,11.1,24.925,3.25,,,,,,,,,,69.5,2.05,,0.0,0.0,422.0,758.25,
2023-08-09 10:00:00,38.75,97.75,4.175,13.95,10.825,26.475,2.4,,,,,,,,,,64.0,2.275,,0.0,0.0,515.25,757.75,
2023-08-09 11:00:00,26.25,79.0,2.05,8.0,5.95,25.325,2.925,,,,,,,,,,59.75,2.45,,0.0,0.0,466.25,756.5,
2023-08-09 12:00:00,27.5,75.5,2.3,7.3,5.775,20.35,3.175,,,,,,,,,,57.75,2.3,,0.0,0.0,366.25,755.25,
2023-08-09 13:00:00,30.5,73.5,3.0250000000000004,9.7,7.675000000000001,19.525,5.85,,,,,,,,,,67.0,3.05,,0.0,0.0,315.75,754.5,
2023-08-09 14:00:00,35.25,95.0,2.65,10.075,7.525,20.35,5.225,,,,,,,,,,65.5,2.85,,0.0,0.0,242.0,754.0,
2023-08-09 15:00:00,36.25,82.0,3.325,10.9,8.475,26.45,5.175,,,,,,,,,,67.25,3.175,,0.0,0.0,217.5,753.25,
2023-08-09 16:00:00,38.75,85.25,3.4749999999999996,11.85,9.15,31.8,4.125,,,,,,,,,,69.0,3.15,,0.0,0.0,207.5,752.25,
2023-08-09 17:00:00,45.0,105.75,3.225,10.95,8.45,32.65,4.675000000000001,,,,,,,,,,71.75,2.925,,0.0,0.0,85.25,752.0,
2023-08-09 18:00:00,48.0,110.0,2.975,11.85,8.725,33.525,5.95,,,,,,,,,,75.25,2.45,,0.0,0.0,24.25,753.0,
2023-08-09 19:00:00,48.25,104.0,1.625,12.725,8.075,31.675,5.85,,,,,,,,,,76.75,2.025,,0.0,0.0,17.0,754.25,
2023-08-09 20:00:00,48.5,96.0,1.575,14.1,8.775,20.6,5.45,,,,,,,,,,77.0,2.525,,0.0,0.0,17.0,756.0,
2023-08-09 21:00:00,43.25,91.25,3.225,13.3,9.7,19.5,5.075,,,,,,,,,,74.5,1.975,,0.0,0.0,17.0,756.5,
2023-08-09 22:00:00,31.75,64.25,3.3,14.525,10.425,18.075,3.525,,,,,,,,,,75.25,1.65,,0.0,0.0,17.0,756.5,
2023-08-09 23:00:00,31.0,52.75,16.066666666666666,14.05,19.633333333333336,19.35,3.925,,,,,,,,,,77.0,1.175,,0.0,0.0,17.5,756.0,
2023-08-10 00:00:00,28.5,50.0,3.5666666666666664,13.75,9.075,24.3,2.5,,,,,,,,,,77.75,1.275,,0.0,0.0,17.0,755.0,
2023-08-10 01:00:00,22.25,44.75,19.366666666666667,23.15,26.53333333333333,20.7,2.2,,,,,,,,,,80.5,1.475,,0.0,0.0,17.0,754.0,
2023-08-10 02:00:00,23.25,42.75,2.35,13.85,9.275,25.5,3.0,,,,,,,,,,83.5,2.225,,0.0,0.0,17.0,754.25,
2023-08-10 03:00:00,17.25,30.5,2.8,9.95,7.575,26.2,2.1,,,,,,,,,,85.25,2.55,,0.0,0.0,17.25,754.0,
2023-08-10 04:00:00,22.0,30.0,2.125,6.85,5.375,19.95,2.95,,,,,,,,,,86.0,3.075,,0.0,0.0,17.75,754.75,
2023-08-10 05:00:00,16.5,24.5,2.725,7.2,6.075,17.75,3.7,,,,,,,,,,85.0,2.875,,0.0,0.0,18.0,755.75,
2023-08-10 06:00:00,16.5,27.0,3.125,7.574999999999999,6.550000000000001,16.7,3.575,,,,,,,,,,84.0,3.075,,0.0,0.0,43.25,756.5,
2023-08-10 07:00:00,13.75,33.0,4.075,9.55,8.4,15.8,4.625,,,,,,,,,,82.25,2.425,,0.0,0.0,141.5,757.0,
2023-08-10 08:00:00,22.666666666666668,48.333333333333336,5.933333333333334,13.299999999999999,11.9,21.0,2.8000000000000003,,,,,,,,,,76.33333333333333,1.9333333333333333,,0.0,0.0,294.3333333333333,758.0,
2023-08-10 09:00:00,27.75,63.0,5.275,12.2,10.775,23.225,1.55,,,,,,,,,,70.0,2.15,,0.0,0.0,433.0,758.0,
2023-08-10 10:00:00,22.25,67.25,3.55,11.725000000000001,9.1,24.375,1.775,,,,,,,,,,64.75,2.725,,0.0,0.0,511.25,757.5,
2023-08-10 11:00:00,22.5,60.0,3.5,8.95,7.6,27.35,1.35,,,,,,,,,,63.0,3.175,,0.0,0.0,578.0,756.5,
2023-08-10 12:00:00,15.25,52.5,13.066666666666668,8.05,10.866666666666665,26.933333333333334,4.8999999999999995,,,,,,,,,,61.0,2.375,,0.0,0.0,472.0,755.25,
2023-08-10 13:00:00,28.0,54.75,4.033333333333333,9.15,8.1,24.9,6.275,,,,,,,,,,71.0,3.5,,0.0,0.0,194.25,754.25,
2023-08-10 14:00:00,34.75,68.25,3.1,8.55,7.025,23.375,5.55,,,,,,,,,,74.25,3.4,,0.0,0.0,207.5,753.0,
2023-08-10 15:00:00,29.75,54.0,2.875,11.3,8.375,20.575,5.95,,,,,,,,,,83.25,2.875,,0.0,0.0,39.75,753.0,
2023-08-10 16:00:00,35.0,72.0,3.9,14.0,10.6,24.825,2.8,,,,,,,,,,93.75,3.275,,0.0,0.0,35.5,752.5,
2023-08-10 17:00:00,16.0,17.0,3.825,19.025,13.25,25.725,,,,,,,,,,,90.5,1.725,,0.0,0.0,23.75,753.5,
2023-08-10 18:00:00,15.0,21.0,4.675,24.225,16.7,25.2,2.4,,,,,,,,,,89.25,1.425,,0.0,0.0,17.25,754.0,
2023-08-10 19:00:00,15.75,37.5,11.6,31.849999999999998,26.325,19.575,2.25,,,,,,,,,,87.75,0.9,,0.0,0.0,16.0,755.0,
2023-08-10 20:00:00,27.5,52.25,11.425,30.7,25.6,16.95,1.15,,,,,,,,,,87.5,1.125,,0.0,0.0,16.0,755.75,
2023-08-10 21:00:00,28.25,55.75,8.950000000000001,26.175,21.225,13.75,1.8250000000000002,,,,,,,,,,87.25,1.4,,0.0,0.0,16.75,756.25,
2023-08-10 22:00:00,26.25,56.5,8.475,25.2,20.275,13.0,1.825,,,,,,,,,,89.0,1.4,,0.0,0.0,16.5,757.0,
2023-08-10 23:00:00,26.25,59.0,5.7,19.925,15.225000000000001,15.675,2.075,,,,,,,,,,90.25,2.15,,0.0,0.0,17.0,757.0,
2023-08-11 00:00:00,20.25,46.0,3.975,12.075,9.65,20.8,2.0749999999999997,,,,,,,,,,86.5,2.425,,0.0,0.0,17.0,756.25,
2023-08-11 01:00:00,9.25,22.5,3.65,8.975000000000001,7.775,23.75,1.3,,,,,,,,,,83.5,2.25,,0.0,0.0,16.75,755.25,
2023-08-11 02:00:00,10.75,17.5,3.175,8.8,7.25,23.55,2.05,,,,,,,,,,83.25,1.975,,0.0,0.0,16.5,753.5,
2023-08-11 03:00:00,13.0,25.5,3.675,11.2,8.95,22.05,2.725,,,,,,,,,,84.25,1.275,,0.0,0.0,16.75,753.0,
2023-08-11 04:00:00,14.25,28.75,4.3,14.35,11.125,20.475,1.6,,,,,,,,,,85.75,1.025,,0.0,0.0,16.75,753.25,
2023-08-11 05:00:00,20.0,37.0,8.6,15.575,15.274999999999999,12.625,2.85,,,,,,,,,,86.0,1.075,,0.0,0.0,17.25,754.5,
2023-08-11 06:00:00,23.75,44.5,7.325,13.775,13.274999999999999,11.925,0.75,,,,,,,,,,87.0,1.4,,0.0,0.0,46.25,755.25,
2023-08-11 07:00:00,17.5,44.5,7.8999999999999995,14.375,14.075,10.825,1.1500000000000001,,,,,,,,,,85.25,1.05,,0.0,0.0,112.25,756.5,
2023-08-11 08:00:00,20.5,61.0,7.225,15.375,14.05,12.1,3.5999999999999996,,,,,,,,,,78.5,1.275,,0.0,0.0,306.0,757.5,
2023-08-11 09:00:00,25.25,67.75,6.4,12.9,12.05,19.1,2.725,,,,,,,,,,71.5,1.775,,0.0,0.0,369.0,758.0,
2023-08-11 10:00:00,26.5,63.75,4.65,13.85,11.125,22.2,1.425,,,,,,,,,,68.75,1.625,,0.0,0.0,431.0,757.25,
2023-08-11 11:00:00,28.0,72.75,3.425,12.125,9.225,23.675,1.05,,,,,,,,,,66.5,2.725,,0.0,0.0,538.25,756.5,
2023-08-11 12:00:00,27.75,74.25,3.25,14.8,10.525,24.025,3.6,,,,,,,,,,71.25,2.75,,0.0,0.0,487.25,755.0,
2023-08-11 13:00:00,27.75,74.0,2.325,13.175,8.925,22.65,6.125,,,,,,,,,,71.5,2.875,,0.0,0.0,449.5,753.5,
2023-08-11 14:00:00,31.75,78.75,2.9000000000000004,11.975,8.725,20.125,3.4,,,,,,,,,,71.5,2.95,,0.0,0.0,379.75,752.0,
2023-08-11 15:00:00,36.0,73.5,3.4499999999999997,11.6,9.0,21.85,2.525,,,,,,,,,,72.25,2.625,,0.0,0.0,293.75,751.0,
2023-08-11 16:00:00,34.75,68.75,2.4,11.166666666666666,5.8999999999999995,21.7,5.5,,,,,,,,,,73.5,2.125,,0.0,0.0,191.25,750.5,
2023-08-11 17:00:00,40.0,70.25,4.55,16.425,12.45,29.7,5.175,,,,,,,,,,76.0,2.125,,0.0,0.0,50.75,752.5,
2023-08-11 18:00:00,39.25,76.0,3.7,25.925,16.8,32.0,3.825,,,,,,,,,,78.75,1.7,,1.0,0.75,19.25,753.0,
2023-08-11 19:00:00,36.0,72.0,4.066666666666666,23.96666666666667,16.066666666666666,34.1,2.6333333333333333,,,,,,,,,,80.0,1.9333333333333333,,0.0,0.0,16.0,754.0,
2023-08-11 20:00:00,34.5,73.5,2.475,26.15,15.875,29.375,3.75,,,,,,,,,,80.5,1.575,,0.0,0.0,16.0,755.25,
2023-08-11 21:00:00,36.75,83.0,3.75,23.15,15.375,27.15,5.3,,,,,,,,,,80.5,1.425,,0.0,0.0,16.0,756.0,
2023-08-11 22:00:00,36.75,80.0,3.675,22.5,14.950000000000001,19.725,4.45,,,,,,,,,,78.0,1.525,,0.0,0.0,16.0,756.0,
2023-08-11 23:00:00,28.75,73.25,3.95,17.200000000000003,12.375,17.65,3.4,,,,,,,,,,79.5,1.55,,0.0,0.0,16.5,756.0,
2023-08-12 00:00:00,24.75,51.25,3.5,16.425,11.575,16.5,2.225,,,,,,,,,,81.75,1.475,,0.0,0.0,16.75,755.25,
2023-08-12 01:00:00,22.5,45.25,15.433333333333332,9.925,18.0,21.799999999999997,0.85,,,,,,,,,,84.0,2.25,,0.0,0.0,16.75,755.0,
2023-08-12 02:00:00,18.25,37.75,3.2,10.1,8.0,25.875,1.85,,,,,,,,,,83.5,2.3,,0.0,0.0,16.25,754.25,
2023-08-12 03:00:00,17.25,23.75,2.85,10.25,7.75,25.725,3.4,,,,,,,,,,84.5,2.325,,0.0,0.0,16.0,754.0,
2023-08-12 04:00:00,11.5,27.5,3.675,11.275,9.0,25.3,2.9,,,,,,,,,,85.0,1.825,,0.0,0.0,16.0,754.0,
2023-08-12 05:00:00,11.5,24.0,4.1,13.275,10.425,24.549999999999997,3.125,,,,,,,,,,86.5,1.4,,0.0,0.0,17.25,753.5,
2023-08-12 06:00:00,16.75,32.5,4.425,14.575,11.325,16.55,3.025,,,,,,,,,,86.25,1.65,,0.0,0.0,65.75,754.0,
2023-08-12 07:00:00,22.5,55.75,7.85,17.05,15.45,12.575,3.525,,,,,,,,,,81.25,1.55,,0.0,0.0,186.0,755.0,
2023-08-12 08:00:00,32.25,77.75,7.775,18.5,16.175,13.125,3.0,,,,,,,,,,74.25,1.675,,0.0,0.0,321.75,755.25,
2023-08-12 09:00:00,29.25,81.75,6.15,14.75,12.875,21.3,2.325,,,,,,,,,,69.25,1.975,,0.0,0.0,447.0,756.0,
2023-08-12 10:00:00,29.0,80.75,5.0,15.133333333333333,8.700000000000001,26.533333333333335,2.975,,,,,,,,,,65.0,1.875,,1.25,1.25,524.5,755.75,
2023-08-12 11:00:00,35.75,85.0,2.5,14.325,9.675,34.125,1.4000000000000001,,,,,,,,,,60.25,1.575,,0.0,0.0,383.75,754.75,
2023-08-12 12:00:00,35.0,73.75,3.675,15.2,11.05,33.0,3.125,,,,,,,,,,62.0,1.8,,0.0,0.0,286.5,753.5,
2023-08-12 13:00:00,26.75,71.5,2.825,14.85,10.2,34.075,3.325,,,,,,,,,,81.5,3.4,,2.5,2.5,86.0,751.5,
2023-08-12 14:00:00,28.25,54.25,2.75,15.35,10.375,21.075,4.35,,,,,,,,,,90.5,1.6,,0.5,0.5,70.25,750.5,
2023-08-12 15:00:00,26.0,47.5,3.05,21.15,13.7,15.925,4.975,,,,,,,,,,89.0,1.45,,0.0,0.0,49.5,750.25,
2023-08-12 16:00:00,26.25,59.0,3.525,23.6,15.45,13.625,3.075,,,,,,,,,,87.75,2.05,,0.0,0.0,36.25,750.5,
2023-08-12 17:00:00,27.0,52.75,4.075,22.725,15.375,12.4,2.6,,,,,,,,,,88.25,2.0,,0.25,0.25,33.5,751.25,
2023-08-12 18:00:00,27.0,50.0,5.125,25.674999999999997,17.825,18.35,0.925,,,,,,,,,,90.5,1.375,,0.0,0.0,17.5,751.5,
2023-08-12 19:00:00,25.25,44.0,5.175,27.1,18.625,19.025,0.7333333333333334,,,,,,,,,,90.5,0.95,,0.0,0.0,15.0,752.5,
2023-08-12 20:00:00,21.75,48.0,8.325,34.675,25.25,14.45,2.325,,,,,,,,,,90.0,0.8500000000000001,,0.0,0.0,15.0,754.25,
2023-08-12 21:00:00,28.25,63.5,13.55,37.825,31.125,11.5,2.75,,,,,,,,,,90.0,0.525,,0.0,0.0,15.75,755.0,
2023-08-12 22:00:00,31.333333333333332,79.33333333333333,16.666666666666668,38.666666666666664,34.166666666666664,10.75,2.966666666666667,,,,,,,,,,88.66666666666667,0.6333333333333333,,0.0,0.0,15.666666666666666,754.0,
2023-08-12 23:00:00,29.5,86.75,15.225,37.05,32.075,2.425,3.55,,,,,,,,,,89.0,1.125,,0.0,0.0,16.0,754.0,
2023-08-13 00:00:00,28.5,75.75,8.225000000000001,29.25,22.225,8.3,1.2,,,,,,,,,,89.75,1.225,,0.0,0.0,16.0,753.5,
2023-08-13 01:00:00,30.0,72.0,8.825,23.75,19.775,9.1,0.2,,,,,,,,,,92.5,1.625,,0.0,0.0,16.0,753.0,
2023-08-13 02:00:00,27.0,67.5,7.8,21.6,17.825,16.375,1.325,,,,,,,,,,91.25,1.425,,0.0,0.0,16.0,752.25,
2023-08-13 03:00:00,19.5,53.75,4.75,14.375,11.525,22.150000000000002,0.825,,,,,,,,,,91.0,1.65,,0.0,0.0,16.0,752.0,
2023-08-13 04:00:00,21.25,50.5,4.15,13.25,10.425,21.95,1.15,,,,,,,,,,92.75,1.45,,0.0,0.0,16.0,752.0,
2023-08-13 05:00:00,14.0,43.5,5.550000000000001,13.275,11.575,20.625,2.025,,,,,,,,,,93.0,1.3,,0.0,0.0,16.0,752.0,
2023-08-13 06:00:00,18.5,48.75,7.75,17.9,15.8,14.75,3.15,,,,,,,,,,93.25,1.15,,0.0,0.0,45.5,752.5,
2023-08-13 07:00:00,22.75,61.0,6.225,15.1,13.075,11.475,3.35,,,,,,,,,,89.5,1.6,,0.0,0.0,133.75,754.25,
2023-08-13 08:00:00,23.25,63.25,5.275,14.225,11.875,11.75,1.925,,,,,,,,,,84.25,1.975,,0.0,0.0,233.75,755.0,
2023-08-13 09:00:00,25.25,62.5,3.95,11.425,9.325,13.225,1.55,,,,,,,,,,78.75,2.2,,0.0,0.0,365.0,755.0,
2023-08-13 10:00:00,22.25,68.0,4.65,11.625,10.0,16.825,,,,,,,,,,,71.0,1.85,,0.0,0.0,463.0,755.0,
2023-08-13 11:00:00,28.75,71.5,4.175,11.45,9.475,20.55,,,,,,,,,,,66.0,1.7999999999999998,,0.0,0.0,509.0,754.25,
2023-08-13 12:00:00,27.0,71.5,3.75,8.625,7.65,22.424999999999997,1.625,,,,,,,,,,61.5,1.875,,0.0,0.0,551.75,753.0,
2023-08-13 13:00:00,24.0,67.25,3.525,8.375,7.35,23.475,2.425,,,,,,,,,,57.75,1.6500000000000001,,0.0,0.0,495.5,751.25,
2023-08-13 14:00:00,24.25,69.0,2.6,8.15,6.45,23.95,1.425,,,,,,,,,,56.25,1.6,,0.0,0.0,441.0,750.0,
2023-08-13 15:00:00,26.25,75.25,2.55,7.9,6.225,19.5,2.6,,,,,,,,,,66.0,3.25,,0.0,0.0,217.75,749.25,
2023-08-13 16:00:00,30.25,85.5,2.775,10.275,7.675000000000001,18.05,4.75,,,,,,,,,,71.25,2.775,,0.0,0.0,115.75,749.0,
2023-08-13 17:00:00,31.25,82.75,2.2,8.25,6.175,17.775,4.55,,,,,,,,,,76.0,2.275,,0.0,0.0,42.75,749.25,
2023-08-13 18:00:00,30.0,69.5,3.375,9.375,7.775,17.425,2.125,,,,,,,,,,80.0,2.425,,0.0,0.0,17.0,750.75,
2023-08-13 19:00:00,23.75,62.0,3.375,13.25,9.8,21.3,0.425,,,,,,,,,,89.0,2.325,,0.25,0.25,15.25,752.25,
2023-08-13 20:00:00,23.0,44.0,3.1666666666666665,10.866666666666667,8.366666666666667,22.7,1.6333333333333335,,,,,,,,,,87.66666666666667,2.6333333333333333,,0.0,0.0,15.0,753.0,
2023-08-13 21:00:00,18.0,31.75,3.225,16.775,11.575,21.225,1.6,,,,,,,,,,83.5,2.325,,0.0,0.0,15.5,753.75,
2023-08-13 22:00:00,17.75,33.0,2.975,17.9,11.95,20.1,1.325,,,,,,,,,,88.75,1.625,,4.5,4.5,15.75,755.0,
2023-08-13 23:00:00,17.25,27.25,3.5,19.15,13.025,12.175,2.725,,,,,,,,,,95.75,1.6,,8.75,8.75,16.75,754.75,
2023-08-14 00:00:00,15.25,17.25,2.675,7.574999999999999,6.175,14.475,1.125,,,,,,,,,,97.5,2.2,,13.5,13.5,17.25,755.0,
2023-08-14 01:00:00,7.75,13.5,2.775,6.4,5.65,13.775,0.7,,,,,,,,,,98.0,1.975,,0.25,0.25,16.25,752.75,
2023-08-14 02:00:00,10.0,18.0,3.6,7.45,6.875,13.325,1.725,,,,,,,,,,98.5,2.125,,3.25,3.25,17.25,752.25,
2023-08-14 03:00:00,11.0,22.0,4.375,10.175,8.975,17.85,0.9249999999999999,,,,,,,,,,98.75,1.775,,1.5,1.5,17.25,752.5,
2023-08-14 04:00:00,11.0,22.0,3.1666666666666665,8.033333333333333,6.833333333333333,20.233333333333334,0.3,,,,,,,,,,98.33333333333333,2.733333333333333,,5.666666666666667,4.25,17.666666666666668,752.6666666666666,
2023-08-14 05:00:00,10.75,15.25,19.200000000000003,24.075000000000003,28.4,10.200000000000001,,,,,,,,,,,98.0,0.675,,0.0,0.0,17.0,752.0,
2023-08-14 06:00:00,14.0,24.0,19.26666666666667,28.0,30.53333333333333,10.4,1.2,,,,,,,,,,97.33333333333333,0.7666666666666666,,0.0,0.0,30.666666666666668,753.3333333333334,
2023-08-14 07:00:00,14.75,25.0,12.3,23.825,22.7,8.825,2.575,,,,,,,,,,96.75,1.225,,0.0,0.0,97.5,755.25,
2023-08-14 08:00:00,11.75,35.25,12.35,25.525,23.65,4.675,1.5,,,,,,,,,,91.5,0.975,,0.0,0.0,235.25,757.5,
2023-08-14 09:00:00,15.5,43.25,8.275,21.2,18.0,8.925,2.025,,,,,,,,,,82.75,1.525,,0.0,0.0,388.0,757.25,
2023-08-14 10:00:00,20.5,56.0,4.35,14.05,11.0,13.25,2.375,,,,,,,,,,77.25,1.725,,0.0,0.0,527.25,756.5,
2023-08-14 11:00:00,23.333333333333332,57.333333333333336,4.033333333333334,13.333333333333334,10.366666666666667,19.066666666666666,2.0,,,,,,,,,,72.33333333333333,1.6333333333333335,,0.0,0.0,565.0,755.6666666666666,
2023-08-14 12:00:00,28.0,61.75,3.525,13.7,10.15,22.8,2.375,,,,,,,,,,67.75,1.6,,0.0,0.0,554.75,754.25,
2023-08-14 13:00:00,32.25,69.0,3.2,13.225,9.625,22.675,2.525,,,,,,,,,,64.75,1.35,,0.0,0.0,485.0,752.5,
2023-08-14 14:00:00,26.25,74.75,2.9,10.825,8.15,23.325,3.325,,,,,,,,,,73.75,3.35,12.0,0.0,0.0,302.25,752.0,
2023-08-14 15:00:00,24.75,70.5,3.4,13.2,9.8,20.85,6.4,,,,,,,,,,76.5,3.05,,0.0,0.0,262.25,751.5,
2023-08-14 16:00:00,29.25,62.5,2.525,10.85,7.8,15.85,4.9,,,,,,,,,,81.75,2.725,,0.0,0.0,117.5,751.0,
2023-08-14 17:00:00,36.0,70.0,3.4,20.400000000000002,13.6,10.133333333333335,4.266666666666667,,,,,,,,,,81.66666666666667,2.066666666666667,,0.0,0.0,43.333333333333336,751.0,
2023-08-14 18:00:00,30.75,61.75,5.225,21.4,15.675,8.575,2.15,,,,,,,,,,82.75,1.95,,0.0,0.0,16.75,752.5,
2023-08-14 19:00:00,20.666666666666668,48.666666666666664,5.066666666666666,23.166666666666668,16.46666666666667,10.166666666666666,1.9666666666666666,,,,,,,,,,84.33333333333333,1.7666666666666666,,0.0,0.0,16.0,753.6666666666666,
2023-08-14 20:00:00,21.0,51.25,7.575,29.075,21.625,11.85,1.5,,,,,,,,,,84.0,1.175,,0.0,0.0,16.0,754.0,
2023-08-14 21:00:00,26.25,65.75,7.825,31.900000000000002,23.325,11.875,1.75,,,,,,,,,,84.0,1.325,,0.0,0.0,16.0,755.5,
2023-08-14 22:00:00,27.75,67.5,4.675,20.725,14.825000000000001,17.9,2.85,,,,,,,,,,86.0,2.55,,0.0,0.0,16.0,757.25,
2023-08-14 23:00:00,11.5,26.25,2.85,14.7,10.15,19.225,2.975,,,,,,,,,,92.25,1.625,,4.333333333333333,3.25,16.0,756.75,
2023-08-15 00:00:00,11.5,16.5,3.475,20.525,13.725,9.625,1.025,,,,,,,,,,93.75,0.9,,0.25,0.25,15.5,755.0,
2023-08-15 01:00:00,13.75,24.25,4.575,22.725,15.8,7.25,0.625,,,,,,,,,,95.0,0.8250000000000001,,0.0,0.0,15.75,753.5,
2023-08-15 02:00:00,9.0,33.5,3.9250000000000003,16.95,12.225,9.35,2.75,,,,,,,,,,95.0,1.15,,0.0,0.0,16.0,753.0,
2023-08-15 03:00:00,15.5,33.75,4.975,20.95,15.175,7.9,3.45,,,,,,,,,,93.0,1.225,,0.25,0.25,16.0,752.75,
2023-08-15 04:00:00,15.5,37.5,4.0,16.3,11.925,15.425,1.325,,,,,,,,,,92.0,1.2750000000000001,,0.0,0.0,16.0,753.0,
2023-08-15 05:00:00,14.0,37.5,5.05,15.4,12.325,15.875,0.75,,,,,,,,,,92.5,1.0,,0.0,0.0,16.25,754.0,
2023-08-15 06:00:00,23.25,50.0,6.375,19.375,15.5,14.025,3.025,,,,,,,,,,92.5,1.25,,1.5,1.5,38.0,754.5,
2023-08-15 07:00:00,23.25,47.5,5.5,17.475,13.775,15.225000000000001,2.95,,,,,,,,,,90.75,1.45,,0.0,0.0,112.5,755.75,
2023-08-15 08:00:00,21.0,49.75,3.925,11.225,9.2,13.975,3.25,,,,,,,,,,86.75,1.9500000000000002,,0.0,0.0,260.0,756.75,
2023-08-15 09:00:00,22.5,54.75,3.375,10.525,8.325,12.55,4.725,,,,,,,,,,83.25,2.075,,0.0,0.0,414.25,757.0,
2023-08-15 10:00:00,26.5,61.5,2.975,9.700000000000001,7.625,12.725,3.475,,,,,,,,,,77.25,2.05,,0.0,0.0,512.25,756.75,
2023-08-15 11:00:00,24.5,57.5,3.425,9.275,7.725,12.725,3.05,,,,,,,,,,70.5,1.85,,0.0,0.0,572.25,755.75,
2023-08-15 12:00:00,22.5,59.25,5.125,8.925,8.9,17.925,3.8249999999999997,,,,,,,,,,66.25,1.95,,0.0,0.0,583.5,754.25,
2023-08-15 13:00:00,22.75,58.5,3.5749999999999997,9.425,7.9,19.775,3.0,,,,,,,,,,61.25,1.525,,0.0,0.0,576.25,752.75,
2023-08-15 14:00:00,27.5,69.75,3.475,7.2,6.65,21.025,2.85,,,,,,,,,,64.0,2.225,,0.0,0.0,345.0,751.5,
2023-08-15 15:00:00,26.0,117.0,3.5,9.966666666666667,8.166666666666666,20.866666666666667,2.9,,,,,,,,,,75.33333333333333,2.433333333333333,,0.0,0.0,173.66666666666666,750.6666666666666,
2023-08-15 16:00:00,33.0,80.0,2.733333333333333,7.266666666666667,6.066666666666666,20.733333333333334,4.533333333333333,,,,,,,,,,75.66666666666667,2.6666666666666665,,0.0,0.0,206.0,750.0,
2023-08-15 17:00:00,33.25,80.0,3.1,7.125,6.3,17.25,4.75,,,,,,,,,,78.25,2.6,,0.0,0.0,93.0,750.5,
2023-08-15 18:00:00,33.75,83.75,2.425,8.2,6.325,15.1,1.9,,,,,,,,,,81.25,2.225,,0.0,0.0,20.5,751.75,
2023-08-15 19:00:00,31.75,75.25,2.425,9.475,7.0,13.75,1.025,,,,,,,,,,83.5,2.3,,0.0,0.0,16.0,752.75,
2023-08-15 20:00:00,28.0,67.33333333333333,3.6333333333333333,9.466666666666667,7.966666666666666,17.266666666666666,1.8,,,,,,,,,,85.66666666666667,2.2333333333333334,,0.0,0.0,16.0,754.6666666666666,
2023-08-15 21:00:00,26.25,60.0,3.0,8.95,7.225,20.075,0.8250000000000001,,,,,,,,,,89.25,2.1,,0.0,0.0,16.0,755.5,
2023-08-15 22:00:00,22.0,58.75,3.375,11.975,9.125,18.85,2.0,,,,,,,,,,90.75,1.95,,0.0,0.0,16.0,756.75,
2023-08-15 23:00:00,24.25,68.0,2.8,12.725,9.05,19.375,1.9,,,,,,,,,,89.25,1.525,,0.0,0.0,16.0,756.5,
2023-08-16 00:00:00,23.5,51.25,3.275,7.125,6.475,20.15,5.225,,,,,,,,,,88.0,0.975,,0.0,0.0,16.0,756.0,
2023-08-16 01:00:00,24.75,43.75,2.275,7.675,5.95,14.35,7.574999999999999,,,,,,,,,,83.75,1.675,,0.0,0.0,16.5,755.75,
2023-08-16 02:00:00,14.0,34.0,2.5,7.5,6.025,13.475,3.35,,,,,,,,,,85.0,2.95,,0.0,0.0,16.75,755.0,
2023-08-16 03:00:00,11.0,25.0,2.6,6.925,5.775,13.55,1.4249999999999998,,,,,,,,,,87.25,0.925,,0.0,0.0,16.75,754.0,
2023-08-16 04:00:00,17.0,37.0,3.775,12.225,9.575,11.95,1.0666666666666667,,,,,,,,,,86.0,0.95,,0.0,0.0,16.5,754.0,
2023-08-16 05:00:00,17.0,40.0,3.7,13.525,10.225000000000001,15.6,0.1,,,,,,,,,,86.0,0.8,,0.0,0.0,17.0,754.25,
2023-08-16 06:00:00,19.5,54.0,7.875,17.825,15.9,12.649999999999999,4.15,,,,,,,,,,86.25,1.075,,0.0,0.0,35.5,755.5,
2023-08-16 07:00:00,26.25,71.5,10.375,14.9,16.375,13.6,9.775,,,,,,,,,,82.0,1.325,,0.0,0.0,131.75,756.25,
2023-08-16 08:00:00,26.0,82.66666666666667,6.8,14.6,13.366666666666667,16.26666666666667,16.333333333333332,,,,,,,,,,77.33333333333333,1.5333333333333332,,0.0,0.0,279.6666666666667,757.0,
2023-08-16 09:00:00,31.5,90.25,3.9499999999999997,14.0,10.65,15.425,13.375,,,,,,,,,,74.5,2.075,,0.0,0.0,424.25,757.25,
2023-08-16 10:00:00,35.666666666666664,90.0,4.3,14.799999999999999,11.4,14.333333333333334,10.433333333333332,,,,,,,,,,71.0,2.1333333333333333,,0.0,0.0,512.0,757.0,
2023-08-16 11:00:00,35.0,84.5,4.0,11.6,9.45,16.650000000000002,7.45,,,,,,,,,,67.25,2.225,,0.0,0.0,565.25,755.75,
2023-08-16 12:00:00,35.0,74.0,3.4,11.35,8.850000000000001,16.450000000000003,3.7,,,,,,,,,,64.5,1.7,,0.0,0.0,564.0,754.5,
2023-08-16 13:00:00,34.25,71.0,4.800000000000001,12.35,10.525,22.375,2.65,,,,,,,,,,63.25,1.675,,0.25,0.25,393.25,752.25,
2023-08-16 14:00:00,29.0,78.75,3.4,12.85,9.625,24.025,4.55,,,,,,,,,,67.5,2.825,,0.0,0.0,384.25,751.25,
2023-08-16 15:00:00,29.0,84.0,4.366666666666667,14.666666666666666,11.333333333333334,23.633333333333336,4.533333333333334,,,,,,,,,,71.66666666666667,2.8000000000000003,,0.0,0.0,338.6666666666667,750.6666666666666,
2023-08-16 16:00:00,31.0,85.5,4.3,13.475,10.625,26.4,3.175,,,,,,,,,,70.75,2.5,,0.0,0.0,217.75,750.0,
2023-08-16 17:00:00,37.5,90.0,2.55,11.925,8.375,23.375,4.1,,,,,,,,,,73.25,2.675,,0.0,0.0,80.25,750.0,
2023-08-16 18:00:00,40.0,89.75,3.1,12.525,9.2,18.55,3.65,,,,,,,,,,76.5,2.425,,0.0,0.0,22.75,751.5,
2023-08-16 19:00:00,41.5,87.0,2.275,12.8,8.7,16.825,3.0,,,,,,,,,,77.25,2.525,,0.0,0.0,16.25,752.75,
2023-08-16 20:00:00,34.25,80.5,2.85,12.7,9.075,15.75,1.975,,,,,,,,,,77.75,2.225,,0.0,0.0,16.25,753.75,
2023-08-16 21:00:00,26.25,76.25,3.8000000000000003,14.524999999999999,10.85,19.725,0.6666666666666666,,,,,,,,,,80.5,3.45,,0.0,0.0,16.0,756.0,
2023-08-16 22:00:00,25.75,61.5,3.0666666666666664,12.05,8.275,21.75,1.575,,,,,,,,,,91.75,1.85,,3.0,3.0,15.0,755.75,
2023-08-16 23:00:00,23.25,42.5,4.275,22.95,15.7,17.15,1.975,,,,,,,,,,92.25,0.875,,0.0,0.0,14.75,754.75,
2023-08-17 00:00:00,26.25,46.25,3.5,24.875,16.1,17.425,2.0999999999999996,,,,,,,,,,90.0,1.075,,0.0,0.0,15.5,754.0,
2023-08-17 01:00:00,25.0,56.0,2.325,22.025,13.6,16.625,2.825,,,,,,,,,,89.0,1.125,,0.0,0.0,16.0,753.5,
2023-08-17 02:00:00,27.25,62.75,3.05,16.35,11.2,13.425,1.225,,,,,,,,,,89.0,0.775,,0.0,0.0,16.0,753.0,
2023-08-17 03:00:00,23.5,55.75,3.375,12.375,9.35,12.9,0.95,,,,,,,,,,89.5,0.725,,0.0,0.0,16.0,753.25,
2023-08-17 04:00:00,21.0,55.25,3.875,14.225,10.7,10.875,2.125,,,,,,,,,,89.75,1.15,,0.0,0.0,16.0,753.0,
2023-08-17 05:00:00,25.75,55.75,6.275,12.825,11.95,13.45,4.925,,,,,,,,,,83.5,1.75,,0.0,0.0,16.25,753.0,
2023-08-17 06:00:00,23.25,55.25,8.725,14.825,14.975,15.05,5.025,,,,,,,,,,84.0,1.875,,0.25,0.25,40.5,753.25,
2023-08-17 07:00:00,26.75,55.5,7.7,14.45,13.925,16.8,4.075,,,,,,,,,,83.0,1.875,,0.0,0.0,77.75,754.25,
2023-08-17 08:00:00,25.75,56.25,7.575,14.024999999999999,13.6,17.75,3.25,,,,,,,,,,81.0,2.075,,0.25,0.25,272.5,755.25,
2023-08-17 09:00:00,29.25,71.75,5.25,17.45,13.55,18.9,2.525,,,,,,,,,,76.5,1.85,,0.0,0.0,348.75,756.0,
2023-08-17 10:00:00,37.5,91.5,3.275,15.775,11.05,16.7,5.2,,,,,,,,,,71.25,2.025,,0.0,0.0,500.75,756.0,
2023-08-17 11:00:00,26.0,71.0,4.15,12.9,10.25,15.625,5.525,,,,,,,,,,66.0,2.175,,0.0,0.0,565.0,755.0,
2023-08-17 12:00:00,29.25,67.0,4.55,10.2,9.125,16.075,1.75,,,,,,,,,,61.5,2.875,,1.75,1.75,592.5,753.25,
2023-08-17 13:00:00,21.0,62.25,4.85,11.175,9.9,19.325,1.0333333333333334,,,,,,,,,,57.5,2.2,,2.75,2.75,548.25,751.25,
2023-08-17 14:00:00,21.0,57.0,5.2,13.433333333333332,11.4,22.7,0.6666666666666666,,,,,,,,,,55.666666666666664,1.9333333333333336,,7.333333333333333,5.5,486.6666666666667,750.0,
2023-08-17 15:00:00,20.0,61.666666666666664,4.5,14.333333333333334,11.233333333333334,22.46666666666667,0.9333333333333332,,,,,,,,,,55.0,1.8333333333333333,,7.0,5.25,304.0,749.0,
2023-08-17 16:00:00,25.5,63.0,4.725,13.65,11.075,23.075,2.625,,,,,,,,,,56.5,1.675,,3.5,3.5,213.25,749.0,
2023-08-17 17:00:00,30.0,63.0,3.1999999999999997,13.200000000000001,9.666666666666666,23.400000000000002,4.0,,,,,,,,,,71.33333333333333,2.766666666666667,,1.6666666666666667,1.25,79.33333333333333,749.0,
2023-08-17 18:00:00,30.75,82.75,2.775,19.375,12.55,15.65,2.6,,,,,,,,,,78.5,3.3,,0.5,0.5,18.0,750.25,
2023-08-17 19:00:00,25.25,67.25,3.35,19.725,13.25,13.775,2.65,,,,,,,,,,87.75,2.575,,0.0,0.0,15.0,752.0,
2023-08-17 20:00:00,18.5,35.75,3.325,15.399999999999999,10.9,14.325,1.85,,,,,,,,,,88.25,1.75,,0.0,0.0,15.75,754.0,
2023-08-17 21:00:00,12.25,19.5,2.675,13.575,9.375,14.9,1.3,,,,,,,,,,87.0,2.175,,5.5,5.5,15.75,754.0,
2023-08-17 22:00:00,7.75,20.0,4.775,13.125,10.825,18.725,0.4,,,,,,,,,,93.0,2.225,,12.5,12.5,16.25,754.25,
2023-08-17 23:00:00,10.0,26.5,4.15,20.025,14.025,17.424999999999997,0.43333333333333335,,,,,,,,,,96.25,1.425,,1.25,1.25,15.75,753.25,
2023-08-18 00:00:00,11.0,26.75,3.375,15.25,10.875,19.950000000000003,0.6,,,,,,,,,,97.0,1.575,,1.5,1.5,15.75,752.75,
2023-08-18 01:00:00,14.25,23.0,2.6,8.975,6.8500000000000005,22.475,1.05,,,,,,,,,,96.25,1.5,,0.0,0.0,15.25,752.0,
2023-08-18 02:00:00,14.5,25.0,1.575,6.775,4.9,19.125,0.7999999999999999,,,,,,,,,,95.75,1.425,,0.0,0.0,16.0,750.5,
2023-08-18 03:00:00,13.5,32.25,1.975,6.35,4.975,15.675,0.6,,,,,,,,,,94.75,1.675,,0.0,0.0,16.0,750.0,
2023-08-18 04:00:00,17.5,34.0,3.75,14.399999999999999,10.7,10.775,0.65,,,,,,,,,,95.0,0.95,,0.0,0.0,16.0,750.0,
2023-08-18 05:00:00,22.75,32.5,10.325,20.975,19.55,4.025,1.2,,,,,,,,,,95.5,0.8500000000000001,,0.0,0.0,16.0,750.5,
2023-08-18 06:00:00,17.0,48.0,16.25,22.75,25.3,6.325,0.75,,,,,,,,,,95.75,1.075,,0.0,0.0,43.25,751.5,
2023-08-18 07:00:00,20.0,56.25,12.65,22.05,22.0,11.725,0.95,,,,,,,,,,91.75,1.375,,0.0,0.0,130.5,753.0,
2023-08-18 08:00:00,21.0,60.25,11.15,17.775,18.525000000000002,15.35,3.425,,,,,,,,,,77.25,2.35,,0.0,0.0,311.0,753.5,
2023-08-18 09:00:00,22.5,49.5,7.3,14.275,13.525,19.675,3.875,,,,,,,,,,69.5,2.65,,0.0,0.0,361.5,754.0,
2023-08-18 10:00:00,19.0,45.666666666666664,6.1000000000000005,15.0,12.933333333333332,19.433333333333334,1.5999999999999999,,,,,,,,,,67.66666666666667,2.3333333333333335,,0.0,0.0,368.0,753.0,
2023-08-18 11:00:00,19.5,51.75,4.775,13.9,11.25,16.225,1.75,,,,,,,,,,62.75,2.85,,0.0,0.0,557.75,752.5,
2023-08-18 12:00:00,17.75,51.75,4.25,12.175,9.95,16.15,1.475,,,,,,,,,,60.0,2.65,,0.0,0.0,570.25,751.25,
2023-08-18 13:00:00,26.0,60.25,5.05,12.4,10.725,15.975000000000001,0.5333333333333333,,,,,,,,,,58.25,2.85,,0.0,0.0,502.25,749.5,
2023-08-18 14:00:00,25.5,54.75,5.65,13.4,11.725,19.05,3.4499999999999997,,,,,,,,,,56.5,2.1,,0.0,0.0,368.75,748.5,
2023-08-18 15:00:00,22.0,62.5,5.2,15.075,12.225,21.575,3.475,,,,,,,,,,56.25,1.9000000000000001,,0.0,0.0,291.5,747.75,
2023-08-18 16:00:00,17.0,64.0,4.375,16.875,12.525,21.0,1.4000000000000001,,,,,,,,,,58.0,1.2999999999999998,,0.0,0.0,120.75,747.0,
2023-08-18 17:00:00,22.0,76.5,3.55,18.325000000000003,12.65,19.875,0.5666666666666668,,,,,,,,,,69.25,2.15,,0.0,0.0,61.5,747.0,
2023-08-18 18:00:00,32.75,92.25,2.925,18.0,11.95,19.25,0.95,,,,,,,,,,74.25,2.65,,0.0,0.0,20.25,747.75,
2023-08-18 19:00:00,45.0,110.0,2.6,24.475,15.175,12.075,4.25,,,,,,,,,,76.25,2.4,,0.0,0.0,16.0,749.0,
2023-08-18 20:00:00,38.5,109.75,3.175,26.2,16.549999999999997,10.75,4.7,,,,,,,,,,77.75,2.4,,0.0,0.0,16.0,750.0,
2023-08-18 21:00:00,34.666666666666664,87.66666666666667,5.333333333333333,27.266666666666666,18.900000000000002,9.133333333333333,2.1999999999999997,,,,,,,,,,81.0,2.1333333333333333,,0.0,0.0,16.0,750.6666666666666,
2023-08-18 22:00:00,29.25,79.5,6.55,23.35,17.7,11.225,3.225,,,,,,,,,,84.5,2.5,,0.0,0.0,16.0,752.0,
2023-08-18 23:00:00,24.5,68.0,4.925,15.424999999999999,12.175,19.1,1.6,,,,,,,,,,86.0,2.25,,0.0,0.0,16.0,751.25,
2023-08-19 00:00:00,18.5,46.25,3.65,12.575,9.625,20.7,1.1500000000000001,,,,,,,,,,85.25,2.1,,0.0,0.0,16.0,750.75,
2023-08-19 01:00:00,21.25,43.25,3.2,11.625,8.775,20.775,0.7,,,,,,,,,,79.5,1.6,,0.0,0.0,16.0,749.75,
2023-08-19 02:00:00,17.25,43.5,4.199999999999999,12.175,9.9,20.05,4.825,,,,,,,,,,81.25,1.95,,0.0,0.0,16.0,749.25,
2023-08-19 03:00:00,20.5,52.0,1.975,11.375,7.675,15.9,5.1,,,,,,,,,,84.0,1.925,,0.0,0.0,16.0,749.0,
2023-08-19 04:00:00,19.25,54.25,4.125,11.7,9.600000000000001,13.525,3.6,,,,,,,,,,77.25,2.025,,0.0,0.0,16.75,749.0,
2023-08-19 05:00:00,21.0,52.5,4.95,12.85,10.875,11.9,3.375,,,,,,,,,,72.5,2.025,,0.0,0.0,17.0,749.0,
2023-08-19 06:00:00,25.25,54.75,6.825,12.775,12.35,10.3,2.8,,,,,,,,,,72.5,1.825,,0.0,0.0,52.25,749.75,
2023-08-19 07:00:00,28.25,59.75,11.625,14.775,17.3,13.125,2.0,,,,,,,,,,70.25,2.0,,0.0,0.0,174.25,751.5,
2023-08-19 08:00:00,25.5,65.0,8.274999999999999,14.625,14.5,17.15,2.475,,,,,,,,,,66.5,2.275,,0.0,0.0,323.0,753.0,
2023-08-19 09:00:00,22.25,57.25,6.2,14.95,13.025,19.725,2.625,,,,,,,,,,63.0,2.275,,0.0,0.0,456.25,753.0,
2023-08-19 10:00:00,18.25,62.0,5.65,14.549999999999999,12.35,21.6,2.075,,,,,,,,,,62.0,2.525,,1.75,1.75,501.25,752.75,
2023-08-19 11:00:00,22.0,63.0,4.325,12.35,10.075,25.375,1.675,,,,,,,,,,60.5,2.625,,0.25,0.25,611.5,751.75,
2023-08-19 12:00:00,22.25,54.25,3.75,10.8,8.75,21.225,2.275,,,,,,,,,,59.0,2.3,,0.0,0.0,553.75,750.5,
2023-08-19 13:00:00,23.5,48.25,4.175,11.05,9.274999999999999,20.825000000000003,2.375,,,,,,,,,,58.75,1.9749999999999999,,0.0,0.0,328.25,748.75,
2023-08-19 14:00:00,24.5,55.75,4.45,12.7,10.375,19.7,3.625,,,,,,,,,,58.25,1.8,,0.0,0.0,266.5,747.25,
2023-08-19 15:00:00,24.0,60.5,4.85,12.525,10.6,20.65,2.65,,,,,,,,,,58.5,1.75,,0.0,0.0,145.75,746.25,
2023-08-19 16:00:00,27.0,68.0,4.366666666666666,14.633333333333333,11.299999999999999,21.599999999999998,3.0666666666666664,,,,,,,,,,69.33333333333333,2.4,,0.0,0.0,117.0,745.6666666666666,
2023-08-19 17:00:00,30.25,86.25,3.175,13.225,9.625,23.225,5.2,,,,,,,,,,73.0,2.625,,0.0,0.0,33.5,745.75,
2023-08-19 18:00:00,30.75,88.5,3.575,15.05,10.925,23.275,5.25,,,,,,,,,,76.0,2.15,,0.0,0.0,18.25,746.75,
2023-08-19 19:00:00,30.0,87.75,3.275,18.95,12.75,21.6,5.525,,,,,,,,,,82.25,3.375,,0.0,0.0,15.25,749.25,
2023-08-19 20:00:00,24.75,59.25,1.95,13.225,8.625,17.65,3.05,,,,,,,,,,93.75,2.175,,1.25,1.25,15.25,751.0,
2023-08-19 21:00:00,10.25,24.5,22.175,26.6,32.225,7.8,3.1,,,,,,,,,,93.0,0.725,,0.0,0.0,15.0,751.75,
2023-08-19 22:00:00,15.25,34.25,9.875,27.2,22.475,7.875,3.15,,,,,,,,,,90.25,0.6,,0.0,0.0,15.75,752.0,
2023-08-19 23:00:00,20.5,35.5,33.275,29.825,42.9,5.3,4.5,,,,,,,,,,89.25,0.525,,0.0,0.0,16.0,752.0,
2023-08-20 00:00:00,24.666666666666668,44.666666666666664,19.133333333333336,27.900000000000002,30.400000000000002,11.799999999999999,0.7999999999999999,,,,,,,,,,87.33333333333333,0.7000000000000001,,0.0,0.0,16.0,752.0,
2023-08-20 01:00:00,20.25,39.25,12.225,23.2,22.275,16.825,0.6,,,,,,,,,,84.75,0.65,,0.0,0.0,16.0,751.25,
2023-08-20 02:00:00,12.0,33.25,9.175,20.875,18.55,18.3,1.75,,,,,,,,,,83.25,0.7250000000000001,,0.0,0.0,16.0,750.25,
2023-08-20 03:00:00,19.666666666666668,43.333333333333336,8.9,18.599999999999998,17.133333333333336,18.46666666666667,2.433333333333333,,,,,,,,,,81.33333333333333,0.8666666666666667,,0.0,0.0,16.0,750.6666666666666,
2023-08-20 04:00:00,18.0,49.25,7.825,16.275,15.025,14.225,0.9500000000000001,,,,,,,,,,83.5,0.95,,0.0,0.0,16.0,751.0,
2023-08-20 05:00:00,19.0,53.333333333333336,15.333333333333334,17.1,21.566666666666666,8.066666666666666,2.1999999999999997,,,,,,,,,,85.66666666666667,0.7000000000000001,,0.0,0.0,16.333333333333332,751.0,
2023-08-20 06:00:00,17.5,65.75,13.5,17.275,20.175,8.2,1.35,,,,,,,,,,84.5,0.8250000000000001,,0.0,0.0,41.5,752.5,
2023-08-20 07:00:00,27.25,69.0,16.275,19.575,23.65,5.625,1.375,,,,,,,,,,82.5,0.9750000000000001,,0.0,0.0,95.75,753.75,
2023-08-20 08:00:00,32.25,76.0,14.575000000000001,17.3,21.05,13.3,0.95,,,,,,,,,,75.25,1.725,,0.0,0.0,187.5,754.25,
2023-08-20 09:00:00,24.25,57.5,8.9,14.15,14.75,18.375,0.44999999999999996,,,,,,,,,,70.25,2.125,,0.0,0.0,361.5,755.0,
2023-08-20 10:00:00,16.25,46.25,6.075,12.6,11.625,20.425,2.475,,,,,,,,,,66.0,2.0,,0.0,0.0,538.5,754.0,
2023-08-20 11:00:00,18.5,47.0,3.95,11.7,9.4,20.9,2.725,,,,,,,,,,63.0,1.95,,0.0,0.0,494.25,753.25,
2023-08-20 12:00:00,22.0,61.75,2.75,9.5,7.275,20.425,2.175,,,,,,,,,,62.25,1.925,,0.0,0.0,574.25,751.5,
2023-08-20 13:00:00,18.25,72.5,3.325,7.675000000000001,6.775,18.375,3.225,,,,,,,,,,60.0,1.875,,0.0,0.0,543.25,750.5,
2023-08-20 14:00:00,16.0,53.0,2.966666666666667,8.233333333333333,6.8,17.566666666666666,2.5666666666666664,,,,,,,,,,58.0,1.8666666666666665,,0.0,0.0,452.3333333333333,749.0,
2023-08-20 15:00:00,20.5,54.5,3.225,8.05,6.9,17.35,2.3,,,,,,,,,,67.25,3.175,,0.0,0.0,168.25,747.75,
2023-08-20 16:00:00,24.333333333333332,53.666666666666664,3.5,8.833333333333334,7.533333333333334,21.5,2.3333333333333335,,,,,,,,,,66.33333333333333,2.466666666666667,,0.0,0.0,169.0,747.0,
2023-08-20 17:00:00,32.25,61.0,3.225,9.8,7.8500000000000005,21.575,1.975,,,,,,,,,,68.75,2.6,,0.0,0.0,84.5,747.0,
2023-08-20 18:00:00,25.0,60.75,2.675,12.725,8.925,20.975,1.075,,,,,,,,,,72.25,1.95,,0.0,0.0,20.75,747.5,
2023-08-20 19:00:00,27.5,58.25,3.7,11.95,9.350000000000001,21.025,0.8,,,,,,,,,,77.5,2.15,,0.0,0.0,16.0,748.5,
2023-08-20 20:00:00,26.0,52.25,2.725,10.9,8.0,21.4,1.475,,,,,,,,,,81.25,2.125,,0.0,0.0,16.0,749.75,
2023-08-20 21:00:00,23.25,48.25,3.125,8.8,7.225,16.9,2.05,,,,,,,,,,81.25,2.075,,0.0,0.0,16.0,750.25,
2023-08-20 22:00:00,16.0,45.75,2.3,12.575000000000001,8.575,14.95,2.375,,,,,,,,,,81.5,2.0250000000000004,,0.0,0.0,16.0,751.0,
2023-08-20 23:00:00,19.0,53.0,3.625,14.825,10.8,13.475,2.675,,,,,,,,,,80.0,1.75,,0.0,0.0,16.5,751.0,
2023-08-21 00:00:00,18.0,45.75,3.35,11.75,9.0,17.225,0.85,,,,,,,,,,82.0,1.575,,0.0,0.0,16.5,751.0,
2023-08-21 01:00:00,14.0,33.75,3.325,8.775,7.375,20.35,,,,,,,,,,,86.75,1.7000000000000002,,0.0,0.0,16.25,750.25,
2023-08-21 02:00:00,12.0,36.5,3.225,8.6,7.225,20.8,3.375,,,,,,,,,,85.75,1.7,,0.0,0.0,16.0,749.25,
2023-08-21 03:00:00,13.75,38.25,3.45,9.65,7.925,20.275,3.5,,,,,,,,,,84.5,1.6,,0.0,0.0,16.0,749.0,
2023-08-21 04:00:00,9.5,37.5,3.1,12.5,9.15,19.075,2.6,,,,,,,,,,85.5,1.225,,0.0,0.0,16.0,749.75,
2023-08-21 05:00:00,10.0,37.75,4.075,13.1,10.3,12.85,3.15,,,,,,,,,,86.75,1.4,,0.0,0.0,17.5,751.0,
2023-08-21 06:00:00,16.25,53.25,5.5,13.5,11.675,12.2,1.9249999999999998,,,,,,,,,,87.0,1.225,,0.0,0.0,56.0,751.5,
2023-08-21 07:00:00,20.0,58.75,5.35,11.525,10.525,13.025,1.625,,,,,,,,,,83.25,1.6,,0.0,0.0,174.75,752.5,
2023-08-21 08:00:00,28.75,68.25,5.875,13.225,11.825,14.6,3.7,,,,,,,,,,75.25,1.65,,0.0,0.0,318.25,753.75,
2023-08-21 09:00:00,27.0,83.25,6.0,15.525,13.075,18.2,3.5,,,,,,,,,,68.0,2.05,,0.0,0.0,444.25,754.0,
2023-08-21 10:00:00,25.75,86.25,3.625,12.375,9.55,23.025,2.85,,,,,,,,,,64.75,2.85,,0.0,0.0,502.5,754.0,
2023-08-21 11:00:00,31.5,77.0,3.325,9.45,7.7749999999999995,24.25,3.6,,,,,,,,,,65.75,3.1999999999999997,,0.0,0.0,490.75,752.75,
2023-08-21 12:00:00,33.25,82.25,3.425,8.975,7.575,25.625,3.1,,,,,,,,,,62.5,2.575,,0.0,0.0,617.75,751.5,
2023-08-21 13:00:00,35.0,78.5,2.8,7.425,6.225,21.425,2.125,,,,,,,,,,61.75,2.175,,0.0,0.0,468.5,749.75,
2023-08-21 14:00:00,33.0,73.66666666666667,3.0,11.5,8.533333333333333,17.333333333333332,4.3999999999999995,,,,,,,,,,70.33333333333333,3.033333333333333,,0.0,0.0,309.0,748.3333333333334,
2023-08-21 15:00:00,24.25,72.0,3.6,7.625,6.95,18.025,6.275,,,,,,,,,,71.0,3.175,,0.0,0.0,360.5,748.0,
2023-08-21 16:00:00,26.0,66.5,3.125,8.275,6.925,19.200000000000003,3.4749999999999996,,,,,,,,,,72.5,3.525,,0.0,0.0,223.75,747.25,
2023-08-21 17:00:00,21.0,58.0,3.675,10.25,8.425,23.35,2.05,,,,,,,,,,74.75,3.2,,0.0,0.0,91.75,747.25,
2023-08-21 18:00:00,23.5,54.75,2.825,11.025,8.15,23.4,2.75,,,,,,,,,,79.0,2.85,,0.0,0.0,20.75,748.75,
2023-08-21 19:00:00,22.25,54.25,3.1,11.75,8.775,23.475,2.375,,,,,,,,,,81.5,2.6,,0.0,0.0,16.0,749.75,
2023-08-21 20:00:00,24.0,55.25,2.875,11.7,8.55,23.15,1.625,,,,,,,,,,82.75,2.05,,0.0,0.0,16.0,751.0,
2023-08-21 21:00:00,26.0,55.25,2.5,8.1,6.35,22.95,2.25,,,,,,,,,,84.0,1.975,,0.0,0.0,16.0,751.75,
2023-08-21 22:00:00,21.75,52.25,2.575,7.275,5.95,18.425,1.9500000000000002,,,,,,,,,,85.0,1.675,,0.0,0.0,16.0,752.0,
2023-08-21 23:00:00,18.25,49.75,2.75,7.4,6.2,17.55,2.025,,,,,,,,,,85.0,1.6,,0.0,0.0,16.0,752.0,
2023-08-22 00:00:00,21.0,52.0,3.175,9.3,7.55,15.85,2.775,,,,,,,,,,84.75,1.45,,0.0,0.0,16.5,751.0,
2023-08-22 01:00:00,24.666666666666668,62.333333333333336,4.133333333333334,10.9,9.166666666666666,18.766666666666666,2.5,,,,,,,,,,84.0,1.2666666666666666,,0.0,0.0,16.0,750.6666666666666,
2023-08-22 02:00:00,21.25,61.0,3.425,9.85,8.024999999999999,21.175,2.275,,,,,,,,,,85.75,1.375,,0.0,0.0,16.0,750.0,
2023-08-22 03:00:00,25.0,51.0,3.15,11.1,8.425,20.65,2.725,,,,,,,,,,87.5,1.4,,0.0,0.0,16.0,750.0,
2023-08-22 04:00:00,25.25,53.5,3.75,9.8,8.25,20.775,2.15,,,,,,,,,,84.25,1.9,,0.0,0.0,16.0,750.0,
2023-08-22 05:00:00,23.75,43.25,2.925,11.4,8.45,20.325,2.325,,,,,,,,,,83.25,1.55,,0.0,0.0,16.25,750.25,
2023-08-22 06:00:00,17.25,46.25,3.525,12.2,9.35,14.825,1.9499999999999997,,,,,,,,,,83.75,1.725,,0.0,0.0,39.5,751.25,
2023-08-22 07:00:00,18.75,52.25,5.525,19.75,15.0,9.350000000000001,2.625,,,,,,,,,,90.0,1.575,,0.75,0.75,34.75,752.75,
2023-08-22 08:00:00,21.0,53.0,4.725,22.9,16.0,8.725,0.6,,,,,,,,,,86.75,1.75,,10.75,10.75,59.0,754.25,
2023-08-22 09:00:00,23.25,62.0,6.625,22.9,17.549999999999997,12.75,0.2333333333333333,,,,,,,,,,86.75,1.95,,28.333333333333332,21.25,111.25,754.25,
2023-08-22 10:00:00,28.75,64.75,6.875,22.05,17.325,17.775,2.375,,,,,,,,,,81.75,2.15,,13.5,13.5,336.5,753.75,
2023-08-22 11:00:00,25.0,68.75,4.725,16.675,12.725,19.75,2.25,,,,,,,,,,78.5,2.375,,0.0,0.0,289.25,753.0,
2023-08-22 12:00:00,24.25,58.0,4.725,14.325,11.45,19.75,5.75,,,,,,,,,,77.0,2.275,,0.0,0.0,353.75,751.5,
2023-08-22 13:00:00,21.75,63.25,3.55,11.275,8.875,21.7,4.0,,,,,,,,,,72.25,2.425,,0.5,0.5,552.5,750.25,
2023-08-22 14:00:00,23.75,59.25,1.9749999999999999,9.35,6.55,17.15,3.275,,,,,,,,,,70.75,2.4,,0.0,0.0,469.25,749.25,
2023-08-22 15:00:00,30.75,60.0,3.025,10.65,8.1,14.725,5.55,,,,,,,,,,69.75,2.4,,0.0,0.0,357.75,748.0,
2023-08-22 16:00:00,30.75,78.25,3.8,13.275,10.15,14.675,6.35,,,,,,,,,,71.0,2.225,,0.0,0.0,216.75,747.75,
2023-08-22 17:00:00,42.25,80.0,4.275,15.65,11.8,16.125,4.225,,,,,,,,,,76.5,1.85,,0.0,0.0,85.25,748.0,
2023-08-22 18:00:00,43.0,81.5,4.325,17.85,13.0,18.725,4.0,,,,,,,,,,82.0,1.725,,0.0,0.0,18.25,749.25,
2023-08-22 19:00:00,43.0,77.0,3.8666666666666667,22.53333333333333,15.166666666666666,16.599999999999998,3.4333333333333336,,,,,,,,,,84.0,1.4000000000000001,,0.0,0.0,16.0,751.0,
2023-08-22 20:00:00,35.5,88.5,5.75,25.75,18.375,15.45,2.95,,,,,,,,,,71.75,1.225,,0.0,0.0,16.0,752.25,
2023-08-22 21:00:00,25.75,77.75,5.975,29.8,20.725,14.425,2.425,,,,,,,,,,72.25,0.9750000000000001,,0.0,0.0,16.0,752.5,
2023-08-22 22:00:00,38.5,105.25,6.575,28.025,20.275,11.425,3.05,,,,,,,,,,81.75,1.8250000000000002,,0.0,0.0,16.0,753.0,
2023-08-22 23:00:00,39.5,104.25,2.6,17.35,11.375,12.925,9.4,,,,,,,,,,81.75,1.575,,0.0,0.0,16.0,753.0,
2023-08-23 00:00:00,27.75,81.5,2.45,11.875,8.325,13.525,5.175,,,,,,,,,,83.5,1.65,,0.0,0.0,16.0,753.0,
2023-08-23 01:00:00,22.5,52.5,3.625,7.625,6.975,14.05,1.45,,,,,,,,,,88.0,1.975,,0.25,0.25,15.5,753.0,
2023-08-23 02:00:00,17.25,35.5,4.175,8.075,7.7,18.0,1.375,,,,,,,,,,93.25,2.125,,0.0,0.0,15.75,750.75,
2023-08-23 03:00:00,14.5,16.25,3.1,9.525,7.6,19.15,1.2666666666666668,,,,,,,,,,93.75,2.425,,0.0,0.0,15.0,751.25,
2023-08-23 04:00:00,11.5,16.25,4.425,9.625,8.675,19.025,2.15,,,,,,,,,,91.25,2.475,,0.0,0.0,16.0,751.75,
2023-08-23 05:00:00,6.75,12.75,3.375,13.475,9.925,18.025,2.125,,,,,,,,,,90.25,1.85,,0.0,0.0,16.0,752.25,
2023-08-23 06:00:00,6.5,13.5,3.275,16.125,11.25,14.45,1.275,,,,,,,,,,91.25,1.475,,0.0,0.0,29.0,753.25,
2023-08-23 07:00:00,8.5,28.75,6.2,19.575,15.425,7.625,2.6,,,,,,,,,,89.75,1.325,,0.0,0.0,93.0,754.0,
2023-08-23 08:00:00,10.25,32.25,5.6,17.625,13.925,8.725,0.2,,,,,,,,,,83.75,1.325,,0.0,0.0,202.5,755.0,
2023-08-23 09:00:00,14.25,30.75,6.3,20.825,16.175,8.775,0.3666666666666667,,,,,,,,,,75.0,1.775,,0.0,0.0,449.0,755.0,
2023-08-23 10:00:00,23.0,43.25,5.45,20.025,15.05,15.675,1.1666666666666667,,,,,,,,,,70.75,1.55,,0.0,0.0,414.0,754.5,
2023-08-23 11:00:00,21.25,49.25,4.925,18.275,13.725,16.925,,,,,,,,,,,66.5,1.7249999999999999,,0.0,0.0,476.25,753.5,
2023-08-23 12:00:00,24.25,57.5,4.05,14.725,11.125,18.075,1.8,,,,,,,,,,67.75,1.775,,0.0,0.0,334.75,751.5,
2023-08-23 13:00:00,22.5,64.25,3.425,14.725,10.625,18.45,2.45,,,,,,,,,,70.25,1.55,,0.0,0.0,333.5,750.0,
2023-08-23 14:00:00,28.5,73.5,3.625,16.15,11.55,20.45,5.325,,,,,,,,,,68.25,1.4,,0.0,0.0,366.5,748.75,
2023-08-23 15:00:00,39.5,84.75,2.425,17.75,11.425,16.025000000000002,5.525,,,,,,,,,,67.75,1.4000000000000001,,0.0,0.0,330.25,748.0,
2023-08-23 16:00:00,33.0,94.25,3.325,19.525,13.05,13.15,1.6,,,,,,,,,,71.75,1.575,,0.0,0.0,118.5,747.0,
2023-08-23 17:00:00,35.0,88.0,3.025,20.15,13.175,11.5,1.825,,,,,,,,,,77.5,1.775,,0.0,0.0,70.0,747.25,
2023-08-23 18:00:00,32.75,81.25,3.9,17.4,12.45,13.175,1.425,,,,,,,,,,82.25,1.9000000000000001,,0.0,0.0,20.0,748.25,
2023-08-23 19:00:00,35.25,71.75,3.975,18.55,13.125,16.825,0.55,,,,,,,,,,84.0,1.625,,0.0,0.0,16.0,749.5,
2023-08-23 20:00:00,32.25,72.25,3.15,18.05,12.125,18.125,1.8499999999999999,,,,,,,,,,85.25,1.825,,0.0,0.0,16.0,750.75,
2023-08-23 21:00:00,21.25,56.5,2.975,13.9,9.825,19.475,2.125,,,,,,,,,,87.25,1.7,,0.0,0.0,16.0,752.0,
2023-08-23 22:00:00,21.0,50.25,2.575,11.325,8.1,20.925,3.15,,,,,,,,,,88.5,2.25,,0.0,0.0,16.0,752.0,
2023-08-23 23:00:00,19.75,45.5,1.725,10.65,7.075,15.475,4.4,,,,,,,,,,89.0,1.625,,0.0,0.0,16.0,753.0,
2023-08-24 00:00:00,21.0,41.0,3.45,8.3,7.2,13.975,2.125,,,,,,,,,,88.75,4.075,,0.25,0.25,16.0,753.75,
2023-08-24 01:00:00,9.0,23.0,2.575,7.975,6.324999999999999,12.375,1.3,,,,,,,,,,95.5,2.2,,4.5,4.5,16.0,753.0,
2023-08-24 02:00:00,,,3.425,6.15,6.05,12.475,0.6666666666666666,,,,,,,,,,97.0,1.5250000000000001,,0.25,0.25,15.25,751.0,
2023-08-24 03:00:00,,,4.2,13.625,10.675,14.375,,,,,,,,,,,97.0,1.425,,0.5,0.5,15.75,751.5,
2023-08-24 04:00:00,9.0,12.0,3.675,12.375,9.55,16.025,1.525,,,,,,,,,,96.75,1.95,,1.0,1.0,15.75,751.25,
2023-08-24 05:00:00,9.75,16.25,4.275,12.875,10.325,15.925,1.75,,,,,,,,,,94.75,1.55,,0.0,0.0,15.0,751.5,
2023-08-24 06:00:00,13.0,30.75,6.75,22.625,17.5,11.8,0.625,,,,,,,,,,95.25,1.925,,0.0,0.0,18.5,752.0,
2023-08-24 07:00:00,16.75,35.5,10.825000000000001,26.225,22.775,4.95,1.925,,,,,,,,,,94.25,2.0,,0.0,0.0,27.5,753.0,
2023-08-24 08:00:00,18.75,33.0,8.95,24.125,20.125,6.625,0.95,,,,,,,,,,93.0,1.7999999999999998,,0.0,0.0,89.5,754.0,
2023-08-24 09:00:00,18.0,32.75,7.075,21.675,17.275,6.8,0.825,,,,,,,,,,89.25,1.5,,0.0,0.0,213.5,754.5,
2023-08-24 10:00:00,19.25,42.75,6.875,23.7,18.175,8.75,1.7249999999999999,,,,,,,,,,84.5,1.725,,0.0,0.0,305.5,753.75,
2023-08-24 11:00:00,21.5,51.0,5.6,19.45,14.9,16.55,1.4,,,,,,,,,,79.5,1.5750000000000002,,0.0,0.0,538.75,752.75,
2023-08-24 12:00:00,19.75,62.5,3.4,15.274999999999999,10.875,20.425,4.699999999999999,,,,,,,,,,73.75,1.675,,0.0,0.0,563.5,751.5,
2023-08-24 13:00:00,28.5,72.75,3.8,15.225,11.175,19.55,4.475,,,,,,,,,,70.75,1.5,,0.0,0.0,506.75,749.5,
2023-08-24 14:00:00,29.75,77.5,3.225,13.05,9.575,19.9,2.85,,,,,,,,,,66.75,1.4,,0.0,0.0,438.5,748.25,
2023-08-24 15:00:00,28.0,69.0,2.675,12.924999999999999,9.024999999999999,17.875,2.85,,,,,,,,,,65.5,1.35,,0.0,0.0,333.5,748.0,
2023-08-24 16:00:00,26.25,74.75,2.875,12.5,8.95,12.950000000000001,3.275,,,,,,,,,,75.25,2.15,,0.0,0.0,197.25,748.0,
2023-08-24 17:00:00,29.75,73.25,3.0,11.875,8.725000000000001,12.175,3.825,,,,,,,,,,78.75,2.275,,0.0,0.0,95.25,748.0,
2023-08-24 18:00:00,28.75,70.5,3.425,10.7,8.475,11.85,3.125,,,,,,,,,,82.25,2.225,,0.0,0.0,21.75,748.75,
2023-08-24 19:00:00,30.0,73.5,3.8,14.55,10.85,13.025,3.175,,,,,,,,,,83.75,1.9,,0.0,0.0,16.0,750.25,
2023-08-24 20:00:00,35.25,87.75,3.35,15.15,10.775,16.05,3.675,,,,,,,,,,84.75,1.7,,0.0,0.0,16.0,751.5,
2023-08-24 21:00:00,32.75,87.5,3.125,15.974999999999998,11.025,16.225,2.975,,,,,,,,,,84.75,1.25,,0.0,0.0,16.0,752.0,
2023-08-24 22:00:00,32.5,81.0,3.6500000000000004,23.1,15.25,13.399999999999999,2.375,,,,,,,,,,86.0,1.15,,0.0,0.0,16.0,752.75,
2023-08-24 23:00:00,32.0,77.0,3.075,15.675,10.85,17.049999999999997,2.175,,,,,,,,,,88.25,1.475,,0.0,0.0,16.0,752.0,
2023-08-25 00:00:00,25.0,53.0,2.4,10.525,7.55,12.9,2.05,,,,,,,,,,88.25,1.525,,0.0,0.0,16.0,751.5,
2023-08-25 01:00:00,20.75,44.25,2.2750000000000004,10.225,7.275,11.45,2.225,,,,,,,,,,86.25,1.8,,0.0,0.0,16.0,750.25,
2023-08-25 02:00:00,17.75,47.25,2.95,11.125,8.325000000000001,10.65,2.425,,,,,,,,,,87.0,1.725,,0.0,0.0,16.5,750.0,
2023-08-25 03:00:00,21.75,52.0,3.8,12.475,9.725000000000001,11.2,2.9,,,,,,,,,,87.75,1.4,,0.0,0.0,16.25,750.0,
2023-08-25 04:00:00,25.25,46.0,4.9,12.875,10.825,13.9,3.2,,,,,,,,,,86.5,1.775,,0.0,0.0,16.0,750.0,
2023-08-25 05:00:00,21.5,47.0,4.925,12.675,10.75,14.2,5.575,,,,,,,,,,87.75,1.45,,0.0,0.0,16.25,751.0,
2023-08-25 06:00:00,25.25,50.5,5.949999999999999,11.75,11.075,14.25,4.675,,,,,,,,,,88.75,1.325,,0.0,0.0,47.25,752.0,
2023-08-25 07:00:00,23.5,54.0,7.2,13.375,12.95,14.625,7.1,,,,,,,,,,85.0,2.25,,0.0,0.0,174.0,753.25,
2023-08-25 08:00:00,27.0,64.25,5.1,13.55,11.35,12.125,11.825,,,,,,,,,,79.0,1.75,,0.0,0.0,302.75,754.0,
2023-08-25 09:00:00,32.75,78.25,3.85,14.425,10.8,12.275,11.0,,,,,,,,,,73.75,2.05,,0.0,0.0,408.5,754.0,
2023-08-25 10:00:00,32.0,80.25,4.2749999999999995,12.25,9.975,12.175,6.425,,,,,,,,,,69.5,1.9749999999999999,,0.0,0.0,512.75,754.0,
2023-08-25 11:00:00,31.0,75.5,3.775,12.225,9.575,11.8,5.075,,,,,,,,,,64.0,1.9,,0.0,0.0,565.5,752.5,
2023-08-25 12:00:00,29.5,77.0,4.45,13.875,10.975000000000001,17.05,2.85,,,,,,,,,,61.5,1.825,,0.0,0.0,578.5,751.5,
2023-08-25 13:00:00,32.5,78.5,3.7,13.6,10.3,20.9,2.775,,,,,,,,,,59.75,1.625,,0.0,0.0,526.75,750.25,
2023-08-25 14:00:00,27.75,79.75,4.25,12.75,10.225,22.525,2.9,,,,,,,,,,61.0,2.25,,0.0,0.0,484.5,749.5,
2023-08-25 15:00:00,28.25,73.5,3.7,12.6,9.725,23.325,3.3,,,,,,,,,,70.75,3.05,,0.0,0.0,316.25,749.0,
2023-08-25 16:00:00,33.75,84.25,2.775,14.125,9.775,20.625,3.975,,,,,,,,,,73.75,2.6500000000000004,,0.0,0.0,131.0,749.0,
2023-08-25 17:00:00,39.0,85.25,2.975,12.75,9.225,17.9,4.575,,,,,,,,,,75.75,2.45,,0.0,0.0,53.75,749.0,
2023-08-25 18:00:00,39.5,85.25,3.125,14.775,10.425,16.15,2.425,,,,,,,,,,77.25,2.675,,0.0,0.0,19.5,750.0,
2023-08-25 19:00:00,42.75,83.25,2.5,17.35,11.25,14.075,2.475,,,,,,,,,,78.25,2.25,,0.0,0.0,16.25,751.5,
2023-08-25 20:00:00,44.75,84.5,3.975,18.65,13.15,16.425,2.025,,,,,,,,,,78.5,2.425,,0.0,0.0,16.0,752.5,
2023-08-25 21:00:00,33.5,83.75,4.325,19.875,14.075,17.975,0.8,,,,,,,,,,82.0,2.125,,0.0,0.0,16.0,753.5,
2023-08-25 22:00:00,30.75,75.5,4.625,21.55,15.225,17.3,2.15,,,,,,,,,,84.5,1.7999999999999998,,0.0,0.0,16.0,754.5,
2023-08-25 23:00:00,34.0,69.5,4.1,17.125,12.475,21.175,2.025,,,,,,,,,,86.25,1.525,,0.0,0.0,15.75,754.0,
2023-08-26 00:00:00,27.75,60.5,2.5,10.825,7.8,21.4,4.0249999999999995,,,,,,,,,,88.0,1.75,,0.0,0.0,16.0,753.5,
2023-08-26 01:00:00,26.0,45.75,1.975,7.525,5.6,16.675,5.4,,,,,,,,,,86.5,2.0,,0.0,0.0,16.0,753.0,
2023-08-26 02:00:00,23.5,41.25,3.625,7.125,6.75,13.775,3.175,,,,,,,,,,86.25,2.025,,0.0,0.0,16.0,752.0,
2023-08-26 03:00:00,21.75,41.25,2.65,7.75,6.25,13.1,3.3,,,,,,,,,,88.0,1.825,,0.0,0.0,16.0,752.0,
2023-08-26 04:00:00,14.75,45.5,4.1,8.7,7.975,14.25,3.8,,,,,,,,,,87.5,2.0,,0.0,0.0,16.0,752.0,
2023-08-26 05:00:00,23.75,40.75,4.95,10.625,9.675,17.025,7.85,,,,,,,,,,87.5,2.15,,0.0,0.0,16.25,752.5,
2023-08-26 06:00:00,25.25,48.75,4.875,11.225,9.975,17.375,6.725,,,,,,,,,,88.0,2.125,,0.0,0.0,46.5,753.0,
2023-08-26 07:00:00,23.0,49.5,5.575,11.525,10.65,17.5,7.424999999999999,,,,,,,,,,84.5,2.2,,0.0,0.0,171.0,754.5,
2023-08-26 08:00:00,25.0,56.0,4.925,11.275,10.025,19.425,8.875,,,,,,,,,,79.25,2.25,,0.0,0.0,294.5,755.5,
2023-08-26 09:00:00,31.0,65.25,3.7750000000000004,11.425,9.225,17.725,9.55,,,,,,,,,,74.5,2.175,,0.0,0.0,427.5,756.0,
2023-08-26 10:00:00,32.25,77.5,3.575,11.75,9.174999999999999,16.05,6.8,,,,,,,,,,70.5,1.875,,0.0,0.0,514.75,755.75,
2023-08-26 11:00:00,35.25,83.0,4.324999999999999,12.325,10.075,20.549999999999997,4.25,,,,,,,,,,66.0,1.875,,0.0,0.0,535.25,754.5,
2023-08-26 12:00:00,33.25,77.25,3.1750000000000003,11.625,8.775,20.15,3.85,,,,,,,,,,63.25,1.875,,0.0,0.0,498.5,753.5,
2023-08-26 13:00:00,32.5,74.5,5.025,10.875,9.85,22.3,3.25,,,,,,,,,,61.0,1.775,,0.0,0.0,522.5,751.75,
2023-08-26 14:00:00,27.75,64.0,3.875,10.625,8.775,23.025,3.625,,,,,,,,,,63.0,2.4,,0.0,0.0,465.25,750.5,
2023-08-26 15:00:00,28.0,67.5,3.575,9.675,8.025,23.825000000000003,5.525,,,,,,,,,,72.5,3.25,,0.0,0.0,289.25,750.0,
2023-08-26 16:00:00,31.0,75.25,3.475,11.675,9.05,25.4,5.225,,,,,,,,,,73.75,2.625,,0.0,0.0,189.5,750.25,
2023-08-26 17:00:00,31.0,67.75,1.675,10.725,7.075,23.275,5.55,,,,,,,,,,79.0,2.525,,0.0,0.0,51.25,751.0,
2023-08-26 18:00:00,30.25,73.25,2.0,10.775,7.375,18.15,3.8499999999999996,,,,,,,,,,82.0,2.3,,0.0,0.0,19.5,752.5,
2023-08-26 19:00:00,29.0,79.5,3.175,14.175,10.149999999999999,15.925,3.175,,,,,,,,,,82.0,1.15,,0.0,0.0,16.0,754.75,
2023-08-26 20:00:00,31.0,68.75,2.925,12.775,9.15,16.15,3.95,,,,,,,,,,83.0,1.9749999999999999,,0.0,0.0,16.0,755.75,
2023-08-26 21:00:00,27.75,70.0,4.675,16.05,12.325,18.925,3.7,,,,,,,,,,84.0,1.775,,0.0,0.0,16.0,756.5,
2023-08-26 22:00:00,26.0,72.75,3.225,13.875,10.0,21.125,3.9,,,,,,,,,,85.0,1.375,,0.0,0.0,16.0,756.5,
2023-08-26 23:00:00,22.25,60.0,3.45,13.675,10.100000000000001,20.925,2.525,,,,,,,,,,85.25,1.2,,0.0,0.0,16.0,756.0,
2023-08-27 00:00:00,23.25,56.0,3.3,14.775,10.575,20.6,4.975,,,,,,,,,,83.5,1.6500000000000001,,0.0,0.0,16.0,756.0,
2023-08-27 01:00:00,29.0,65.25,2.225,10.05,7.175,22.6,5.225,,,,,,,,,,87.75,1.925,,0.0,0.0,16.0,756.0,
2023-08-27 02:00:00,15.25,42.75,2.175,6.625,5.325,18.175,3.45,,,,,,,,,,89.25,2.6,,0.5,0.5,16.0,755.5,
2023-08-27 03:00:00,9.5,24.0,3.325,4.325,5.0,15.05,2.85,,,,,,,,,,95.25,2.1,,5.25,5.25,16.5,754.75,
2023-08-27 04:00:00,8.0,15.0,2.3249999999999997,6.9,5.575,13.475,3.3,,,,,,,,,,96.25,1.65,,0.0,0.0,15.5,754.75,
2023-08-27 05:00:00,,,4.15,18.3,13.1,11.875,2.125,,,,,,,,,,94.75,1.125,,0.0,0.0,15.75,755.0,
2023-08-27 06:00:00,11.0,22.0,7.35,28.0,20.875,10.25,0.65,,,,,,,,,,93.75,1.1749999999999998,,0.0,0.0,33.25,755.25,
2023-08-27 07:00:00,10.25,24.75,5.8,24.35,17.65,13.225,0.75,,,,,,,,,,91.25,1.3,,0.0,0.0,54.5,756.5,
2023-08-27 08:00:00,10.25,35.75,8.1,25.700000000000003,20.25,11.95,2.65,,,,,,,,,,89.75,0.775,,0.0,0.0,98.0,758.0,
2023-08-27 09:00:00,17.5,45.5,4.675,21.075,15.025,15.899999999999999,3.05,,,,,,,,,,86.5,1.0,,0.0,0.0,207.25,757.0,
2023-08-27 10:00:00,19.0,49.0,2.825,14.0,9.725,12.825,2.45,,,,,,,,,,82.25,1.475,,0.0,0.0,303.75,757.0,
2023-08-27 11:00:00,19.5,46.75,3.525,12.05,9.25,12.325,3.4000000000000004,,,,,,,,,,79.25,1.2999999999999998,,0.0,0.0,355.5,756.25,
2023-08-27 12:00:00,20.25,48.0,3.525,10.225,8.3,12.575,4.025,,,,,,,,,,75.75,1.35,,0.0,0.0,374.0,755.0,
2023-08-27 13:00:00,16.75,43.75,3.9,9.25,8.1,16.1,3.2,,,,,,,,,,74.25,1.525,,0.0,0.0,354.0,753.0,
2023-08-27 14:00:00,14.5,40.75,4.25,10.35,8.975,19.025,3.45,,,,,,,,,,70.5,1.35,,0.0,0.0,282.5,752.0,
2023-08-27 15:00:00,19.25,41.0,4.075,11.225,9.3,18.575,2.875,,,,,,,,,,67.5,1.2,,0.0,0.0,292.5,751.5,
2023-08-27 16:00:00,18.75,37.25,3.275,11.45,8.75,19.1,4.300000000000001,,,,,,,,,,68.0,1.125,,0.0,0.0,209.75,750.5,
2023-08-27 17:00:00,18.5,48.25,3.25,16.0,11.2,18.125,5.9,,,,,,,,,,75.0,1.3,,0.0,0.0,56.25,751.0,
2023-08-27 18:00:00,29.0,64.25,2.075,16.275,10.35,13.549999999999999,4.95,,,,,,,,,,82.5,1.45,12.0,0.0,0.0,18.75,751.75,
2023-08-27 19:00:00,27.25,72.75,2.825,14.325,9.9,11.425,5.8,,,,,,,,,,85.25,1.65,,0.0,0.0,16.0,752.5,
2023-08-27 20:00:00,23.25,69.0,2.675,14.85,10.1,11.05,2.675,,,,,,,,,,86.25,1.55,,0.0,0.0,16.0,754.0,
2023-08-27 21:00:00,28.5,72.5,4.0,22.875,15.425,7.4,1.9,,,,,,,,,,87.0,1.25,,0.0,0.0,16.0,755.25,
2023-08-27 22:00:00,31.5,82.5,4.375,20.975,14.75,13.525,2.825,,,,,,,,,,87.0,1.45,,0.0,0.0,16.0,755.25,
2023-08-27 23:00:00,27.0,76.25,2.55,11.85,8.35,18.175,3.1,,,,,,,,,,87.0,1.6,,0.0,0.0,16.0,754.75,
2023-08-28 00:00:00,26.0,58.5,3.175,8.475,7.1000000000000005,19.45,2.233333333333333,,,,,,,,,,87.5,1.75,,0.0,0.0,16.0,753.75,
2023-08-28 01:00:00,20.75,46.0,2.725,7.275,6.1,20.175,1.05,,,,,,,,,,88.75,2.075,,0.0,0.0,16.0,753.0,
2023-08-28 02:00:00,13.75,39.0,2.375,7.35,5.85,17.875,2.1333333333333333,,,,,,,,,,86.5,1.925,,0.0,0.0,16.0,752.25,
2023-08-28 03:00:00,12.5,36.25,2.725,5.925,5.325,14.2,5.95,,,,,,,,,,86.75,2.275,,0.0,0.0,16.0,751.0,
2023-08-28 04:00:00,12.75,33.25,3.75,6.375,6.45,15.95,3.925,,,,,,,,,,83.75,2.675,,0.0,0.0,16.0,751.25,
2023-08-28 05:00:00,16.75,22.25,3.025,8.275,6.85,12.1,1.9,,,,,,,,,,82.5,2.5,,0.0,0.0,17.0,752.0,
2023-08-28 06:00:00,13.25,24.0,4.300000000000001,8.2,7.85,14.175,1.5,,,,,,,,,,84.0,2.575,,0.0,0.0,46.25,753.5,
2023-08-28 07:00:00,13.75,32.25,5.225,12.3,10.8,15.2,1.775,,,,,,,,,,81.5,2.475,,0.0,0.0,157.5,754.75,
2023-08-28 08:00:00,14.75,49.5,4.725,12.7,10.575,16.325,3.125,,,,,,,,,,76.25,2.35,,0.0,0.0,326.75,756.0,
2023-08-28 09:00:00,20.25,56.5,4.525,13.875,11.05,16.35,3.8,,,,,,,,,,74.0,2.275,,0.0,0.0,291.25,756.0,
2023-08-28 10:00:00,22.5,64.5,3.175,13.475000000000001,9.775,17.475,4.275,,,,,,,,,,71.25,2.275,,0.0,0.0,443.0,756.0,
2023-08-28 11:00:00,26.0,62.5,3.2,12.15,9.075,13.225,5.025,,,,,,,,,,65.5,1.875,,0.0,0.0,463.0,755.0,
2023-08-28 12:00:00,23.5,49.25,3.3,10.875,8.475,13.325,2.9000000000000004,,,,,,,,,,61.25,1.9500000000000002,,0.0,0.0,637.5,753.5,
2023-08-28 13:00:00,24.0,43.0,3.625,11.85,9.25,13.75,1.9,,,,,,,,,,59.75,2.075,,0.0,0.0,591.0,751.5,
2023-08-28 14:00:00,21.5,49.5,3.8,11.75,9.35,16.375,0.9,,,,,,,,,,58.5,1.65,,0.0,0.0,389.75,750.5,
2023-08-28 15:00:00,23.75,53.25,4.8,14.55,11.65,19.975,0.7,,,,,,,,,,67.25,2.525,,0.0,0.0,282.75,749.5,
2023-08-28 16:00:00,26.75,61.0,3.875,14.4,10.8,21.75,3.475,,,,,,,,,,70.25,2.825,,0.0,0.0,249.0,749.0,
2023-08-28 17:00:00,31.0,62.5,2.875,15.225,10.4,22.8,4.075,,,,,,,,,,75.75,2.675,,0.0,0.0,95.5,750.0,
2023-08-28 18:00:00,34.5,57.0,3.325,15.450000000000001,10.9,22.674999999999997,2.0,,,,,,,,,,81.75,2.475,,0.0,0.0,22.75,750.75,
2023-08-28 19:00:00,28.0,54.0,2.1,13.85,9.075,17.25,3.1,,,,,,,,,,83.0,1.85,,0.0,0.0,16.0,752.25,
2023-08-28 20:00:00,30.0,57.5,2.4,15.75,10.35,13.825,2.225,,,,,,,,,,84.0,1.875,,0.0,0.0,16.0,753.5,
2023-08-28 21:00:00,28.5,68.25,3.175,20.849999999999998,13.675,10.1,2.075,,,,,,,,,,82.75,1.925,,0.0,0.0,16.0,754.0,
2023-08-28 22:00:00,32.5,68.5,2.975,20.325,13.225,10.55,5.975,,,,,,,,,,83.0,2.425,,0.0,0.0,16.0,754.0,
2023-08-28 23:00:00,27.75,60.5,4.9,11.425,10.05,18.275,1.0666666666666667,,,,,,,,,,86.75,2.15,,0.0,0.0,16.0,753.75,
2023-08-29 00:00:00,17.75,40.75,3.7249999999999996,10.525,8.625,19.5,2.475,,,,,,,,,,86.25,1.825,,0.0,0.0,16.0,752.5,
2023-08-29 01:00:00,15.0,38.75,3.925,11.4,9.2,19.6,2.425,,,,,,,,,,84.5,1.975,,0.0,0.0,16.0,751.0,
2023-08-29 02:00:00,9.75,35.5,4.15,11.225,9.3,19.475,6.3500000000000005,,,,,,,,,,85.25,1.725,,0.0,0.0,16.0,750.25,
2023-08-29 03:00:00,14.75,39.75,2.15,9.525,6.825,17.575,7.9750000000000005,,,,,,,,,,86.75,3.675,,5.5,5.5,16.25,751.5,
2023-08-29 04:00:00,19.75,40.25,2.725,11.05,8.1,11.0,3.075,,,,,,,,,,98.0,2.225,,7.25,7.25,17.5,752.25,
2023-08-29 05:00:00,10.25,17.25,3.0999999999999996,12.775,9.35,9.075,3.05,,,,,,,,,,,0.6,,0.0,0.0,16.5,751.25,
2023-08-29 06:00:00,11.75,19.5,9.5,20.25,18.5,5.833333333333333,1.2999999999999998,,,,,,,,,,,0.775,,0.0,0.0,35.25,752.25,
2023-08-29 07:00:00,14.5,25.25,10.0,24.275,21.025,8.975000000000001,1.0999999999999999,,,,,,,,,,,0.9249999999999999,,0.0,0.0,90.25,754.0,
2023-08-29 08:00:00,14.25,30.75,10.75,26.3,22.75,8.775,0.2,,,,,,,,,,98.5,1.175,,0.0,0.0,136.75,754.5,
2023-08-29 09:00:00,13.5,42.25,9.55,27.125,22.2,10.2,0.25,,,,,,,,,,94.75,0.9750000000000001,,0.0,0.0,238.25,755.75,
2023-08-29 10:00:00,28.0,62.5,5.575,22.55,16.5,15.125,0.3,,,,,,,,,,82.0,1.7,,0.0,0.0,395.25,755.25,
2023-08-29 11:00:00,30.25,63.25,3.15,13.225,9.65,20.45,1.7333333333333334,,,,,,,,,,69.75,1.85,,0.0,0.0,419.25,754.25,
2023-08-29 12:00:00,25.5,49.75,2.2,9.8,7.05,16.125,,,,,,,,,,,66.5,2.375,,0.0,0.0,431.25,752.75,
2023-08-29 13:00:00,18.5,44.75,3.675,10.15,8.35,12.925,,,,,,,,,,,68.75,1.425,,0.0,0.0,241.25,751.25,
2023-08-29 14:00:00,19.5,49.25,3.45,13.55,10.0,11.75,3.9,,,,,,,,,,67.0,1.05,,0.0,0.0,311.75,750.0,
2023-08-29 15:00:00,18.75,51.75,4.15,13.9,10.775,17.275,3.625,,,,,,,,,,63.25,1.05,,0.0,0.0,367.5,749.0,
2023-08-29 16:00:00,21.5,69.25,3.4,16.575,11.575,19.75,0.85,,,,,,,,,,69.5,2.55,,0.0,0.0,196.25,748.25,
2023-08-29 17:00:00,25.5,79.5,2.75,18.675,12.175,19.45,0.1,,,,,,,,,,76.5,2.25,,0.0,0.0,65.5,748.0,
2023-08-29 18:00:00,32.5,82.0,3.425,21.275,14.1,17.45,0.9333333333333335,,,,,,,,,,76.75,1.925,,0.0,0.0,19.0,749.5,
2023-08-29 19:00:00,32.75,90.75,2.225,22.825,13.95,16.349999999999998,3.725,,,,,,,,,,79.0,1.65,,0.0,0.0,16.0,752.0,
2023-08-29 20:00:00,37.25,102.0,1.65,18.75,11.325,12.475,3.55,,,,,,,,,,84.0,1.625,,0.0,0.0,16.0,753.0,
2023-08-29 21:00:00,34.25,82.5,2.3,19.875,12.425,9.25,4.35,,,,,,,,,,85.25,1.9,,0.0,0.0,16.0,753.75,
2023-08-29 22:00:00,30.5,75.5,2.675,18.325,11.9,9.55,3.6500000000000004,,,,,,,,,,86.0,1.675,,0.0,0.0,16.0,754.5,
2023-08-29 23:00:00,25.75,61.75,3.075,12.1,8.925,12.775,3.525,,,,,,,,,,86.25,1.9,,0.0,0.0,16.0,754.75,
2023-08-30 00:00:00,24.0,42.5,3.875,11.75,9.4,16.175,2.775,,,,,,,,,,82.75,1.45,,0.0,0.0,16.0,753.75,
2023-08-30 01:00:00,18.0,39.5,3.45,10.675,8.5,17.25,4.5,,,,,,,,,,80.5,1.7999999999999998,,0.0,0.0,16.0,753.0,
2023-08-30 02:00:00,10.75,33.5,3.175,9.425,7.575,17.6,10.05,,,,,,,,,,82.5,1.975,,0.0,0.0,16.0,752.0,
2023-08-30 03:00:00,18.5,31.5,3.075,12.350000000000001,9.05,17.275,8.8,,,,,,,,,,83.75,1.375,,0.0,0.0,16.5,751.0,
2023-08-30 04:00:00,24.25,41.25,3.2,17.5,11.9,9.5,4.9,,,,,,,,,,84.75,0.975,,0.0,0.0,16.75,751.25,
2023-08-30 05:00:00,18.0,47.25,5.625,16.925,13.575,6.975,4.275,,,,,,,,,,86.0,1.075,,0.0,0.0,17.25,752.0,
2023-08-30 06:00:00,15.75,47.5,8.65,18.45,16.85,4.675,4.8,,,,,,,,,,84.5,1.125,,0.0,0.0,65.25,752.0,
2023-08-30 07:00:00,19.25,61.5,8.600000000000001,19.825,17.55,5.1,5.475,,,,,,,,,,78.25,1.275,,0.0,0.0,191.75,753.5,
2023-08-30 08:00:00,22.0,80.25,8.625,20.1,17.725,12.1,3.6333333333333333,,,,,,,,,,73.75,1.45,,0.0,0.0,323.75,755.0,
2023-08-30 09:00:00,21.25,83.75,4.375,21.025,14.725,14.25,2.625,,,,,,,,,,67.5,1.375,,0.0,0.0,449.25,755.0,
2023-08-30 10:00:00,26.5,91.25,3.9,17.975,12.725,18.525,4.725,,,,,,,,,,65.0,1.95,,0.0,0.0,530.5,754.75,
2023-08-30 11:00:00,23.0,60.5,4.025,14.35,10.9,20.175,5.2,,,,,,,,,,62.75,2.075,,0.0,0.0,575.25,753.75,
2023-08-30 12:00:00,25.25,54.75,2.1,14.1,9.25,18.625,2.8000000000000003,,,,,,,,,,61.0,1.75,,0.0,0.0,322.5,752.25,
2023-08-30 13:00:00,24.0,58.0,2.825,12.65,9.0,16.25,3.75,,,,,,,,,,64.0,1.775,,0.0,0.0,293.25,751.0,
2023-08-30 14:00:00,29.75,87.0,2.875,14.075,9.85,14.825,7.025,,,,,,,,,,67.5,2.3,,0.0,0.0,186.25,750.0,
2023-08-30 15:00:00,37.5,103.75,3.375,12.425,9.375,13.325,6.725,,,,,,,,,,70.75,2.65,,0.0,0.0,231.5,749.25,
2023-08-30 16:00:00,34.0,83.75,3.675,11.325,9.0,17.3,3.45,,,,,,,,,,74.0,4.075,,0.0,0.0,48.0,749.75,
2023-08-30 17:00:00,25.5,78.75,3.725,15.925,11.475,17.25,1.6,,,,,,,,,,81.25,1.175,,0.0,0.0,50.5,749.0,
2023-08-30 18:00:00,21.0,57.25,7.15,31.125,22.35,10.625,10.45,,,,,,,,,,73.0,0.8,,0.0,0.0,18.75,751.25,
2023-08-30 19:00:00,33.0,99.5,8.275,36.55,26.175,9.15,9.175,,,,,,,,,,73.0,1.025,,0.0,0.0,16.0,752.75,
2023-08-30 20:00:00,38.25,127.0,4.075,20.875,14.4,17.625,3.425,,,,,,,,,,77.0,1.375,,0.0,0.0,16.0,754.0,
2023-08-30 21:00:00,27.5,81.0,2.9,23.075,14.6,11.2,2.625,,,,,,,,,,79.0,0.65,,0.0,0.0,16.25,754.25,
2023-08-30 22:00:00,34.0,97.75,11.925,33.2,27.3,1.8333333333333333,4.9,,,,,,,,,,78.75,0.875,,0.0,0.0,16.0,754.75,
2023-08-30 23:00:00,43.5,113.5,3.675,19.3,13.274999999999999,10.675,4.75,,,,,,,,,,78.0,2.1,,0.0,0.0,16.75,754.5,
2023-08-31 00:00:00,25.0,57.75,3.6500000000000004,17.125,12.1,12.525,3.375,,,,,,,,,,81.75,1.85,,0.0,0.0,16.5,753.25,
2023-08-31 01:00:00,16.75,36.75,3.725,13.175,10.025,17.325,2.625,,,,,,,,,,82.75,2.15,,0.0,0.0,16.25,753.0,
2023-08-31 02:00:00,11.0,26.75,3.7,9.675,8.15,18.675,1.0999999999999999,,,,,,,,,,87.25,2.375,,0.0,0.0,16.0,752.75,
2023-08-31 03:00:00,14.0,17.5,2.675,9.575,7.275,18.875,1.45,,,,,,,,,,86.75,2.1,,0.0,0.0,16.0,752.0,
2023-08-31 04:00:00,12.5,19.75,3.175,10.975,8.425,18.0,2.1,,,,,,,,,,87.0,1.725,,0.0,0.0,16.75,751.25,
2023-08-31 05:00:00,9.25,22.75,4.325,19.375,13.825,8.725,3.4,,,,,,,,,,86.25,1.3,,0.0,0.0,17.5,751.0,
2023-08-31 06:00:00,13.0,28.5,7.85,21.5,17.8,5.425,3.8,,,,,,,,,,85.0,1.225,,0.0,0.0,59.25,752.25,
2023-08-31 07:00:00,16.0,41.5,7.45,18.0,15.65,6.9,3.275,,,,,,,,,,82.5,1.625,,0.0,0.0,124.0,753.5,
2023-08-31 08:00:00,22.75,52.25,6.9750000000000005,19.6,16.099999999999998,8.2,1.1,,,,,,,,,,76.25,1.55,,0.0,0.0,312.75,754.75,
2023-08-31 09:00:00,17.0,62.25,6.225,19.825,15.6,13.775,,,,,,,,,,,70.0,1.975,,0.0,0.0,449.25,755.0,
2023-08-31 10:00:00,21.0,62.0,4.325,18.8,13.525,18.45,1.8999999999999997,,,,,,,,,,66.5,2.35,,0.0,0.0,541.0,754.0,
2023-08-31 11:00:00,23.25,59.25,3.75,14.7,10.899999999999999,19.675,1.7999999999999998,,,,,,,,,,63.25,2.125,,0.0,0.0,584.5,754.0,
2023-08-31 12:00:00,22.0,59.25,3.6,11.675,9.175,20.925,2.4,,,,,,,,,,59.5,1.6,,0.75,0.75,464.0,752.75,
2023-08-31 13:00:00,24.5,58.75,2.45,9.75,7.15,19.299999999999997,3.025,,,,,,,,,,64.25,2.25,,0.0,0.0,270.25,751.5,
2023-08-31 14:00:00,22.5,60.25,2.675,11.200000000000001,8.125,14.625,1.6,,,,,,,,,,73.75,2.55,,0.0,0.0,166.25,749.75,
2023-08-31 15:00:00,21.25,48.75,2.725,11.025,8.125,13.85,1.075,,,,,,,,,,71.0,2.25,,0.5,0.5,299.25,749.0,
2023-08-31 16:00:00,22.0,52.0,2.825,14.125,9.8,14.15,2.3,,,,,,,,,,71.25,2.15,,0.0,0.0,135.0,749.0,
2023-08-31 17:00:00,23.5,57.5,3.0,15.2,10.5,20.075,1.25,,,,,,,,,,79.25,2.25,,0.0,0.0,21.25,749.5,
2023-08-31 18:00:00,27.75,43.0,3.275,17.7,12.1,19.6,1.125,,,,,,,,,,80.25,1.9249999999999998,,0.0,0.0,16.5,751.25,
2023-08-31 19:00:00,27.0,63.0,3.45,21.725,14.375,17.8,1.25,,,,,,,,,,76.75,1.75,,0.0,0.0,16.0,752.75,
2023-08-31 20:00:00,28.75,82.5,4.9,26.55,18.1,14.7,3.525,,,,,,,,,,75.75,1.1,,0.0,0.0,16.0,754.0,
2023-08-31 21:00:00,36.5,98.75,6.8,26.925,19.875,13.3,4.475,,,,,,,,,,76.25,1.275,,0.0,0.0,16.0,754.5,
2023-08-31 22:00:00,39.75,94.25,4.175,20.2,14.15,11.25,1.0,,,,,,,,,,76.75,1.45,,0.0,0.0,16.0,754.75,
2023-08-31 23:00:00,27.0,56.0,3.0,14.200000000000001,10.033333333333333,12.833333333333334,0.5,,,,,,,,,,80.0,1.9333333333333333,,0.0,0.0,16.0,755.0,
2023-09-01 00:00:00,16.75,45.25,3.275,13.5,9.8,11.5,0.9333333333333332,,,,,,,,,,85.25,1.925,,0.0,0.0,16.0,754.0,
2023-09-01 01:00:00,19.25,54.25,2.8,9.525,7.35,15.75,0.825,,,,,,,,,,85.5,2.575,,0.0,0.0,16.0,753.0,
2023-09-01 02:00:00,16.75,41.5,2.925,9.2,7.275,18.575,,,,,,,,,,,86.0,2.325,,0.0,0.0,16.0,752.0,
2023-09-01 03:00:00,9.5,36.0,3.975,11.0,9.05,18.25,,,,,,,,,,,87.0,1.45,,0.0,0.0,16.0,751.75,
2023-09-01 04:00:00,17.5,31.25,3.675,11.825,9.225,17.775,0.825,,,,,,,,,,86.25,1.4,,0.0,0.0,16.0,752.0,
2023-09-01 05:00:00,18.5,28.75,4.025,13.175,10.3,16.75,0.9750000000000001,,,,,,,,,,86.5,1.5,,0.0,0.0,16.25,752.0,
2023-09-01 06:00:00,17.25,41.5,5.175,16.1,12.75,9.525,1.6,,,,,,,,,,85.25,1.35,,0.0,0.0,58.0,752.5,
2023-09-01 07:00:00,20.0,57.75,6.15,16.675,13.875,8.7,1.425,,,,,,,,,,77.25,1.925,,0.0,0.0,184.0,754.25,
2023-09-01 08:00:00,24.75,65.75,4.825,13.149999999999999,10.875,10.9,0.6,,,,,,,,,,69.75,1.7000000000000002,,0.0,0.0,327.0,755.25,
2023-09-01 09:00:00,21.75,66.5,4.55,15.425,11.9,13.375,0.525,,,,,,,,,,65.5,1.625,,0.0,0.0,452.0,755.75,
2023-09-01 10:00:00,22.0,68.25,4.25,13.975,10.925,18.05,1.125,,,,,,,,,,63.0,1.45,,0.75,0.75,517.0,755.0,
2023-09-01 11:00:00,18.25,61.75,4.074999999999999,12.575,10.0,19.275,1.4249999999999998,,,,,,,,,,60.75,1.35,,2.25,2.25,586.5,754.5,
2023-09-01 12:00:00,24.25,67.75,3.425,13.125,9.75,20.4,2.0,,,,,,,,,,64.5,2.575,,2.5,2.5,579.0,753.5,
2023-09-01 13:00:00,22.25,66.75,3.225,10.825,8.35,20.825,1.3,,,,,,,,,,67.25,2.875,,1.0,1.0,548.25,751.75,
2023-09-01 14:00:00,20.25,52.25,2.7,8.625,6.775,19.9,1.625,,,,,,,,,,70.25,3.1,,0.25,0.25,471.25,750.5,
2023-09-01 15:00:00,13.75,40.5,2.6,7.875,6.3,17.625,1.55,,,,,,,,,,72.0,3.025,,0.0,0.0,352.5,750.0,
2023-09-01 16:00:00,18.5,45.5,3.175,7.9,6.775,16.925,1.375,,,,,,,,,,69.75,2.725,,0.0,0.0,214.0,749.75,
2023-09-01 17:00:00,17.25,39.0,3.1,9.65,7.6499999999999995,16.05,1.5,,,,,,,,,,69.75,2.4,,0.0,0.0,76.5,750.0,
2023-09-01 18:00:00,18.5,47.5,3.675,13.524999999999999,10.15,18.625,2.175,,,,,,,,,,76.0,2.425,,0.0,0.0,17.0,751.0,
2023-09-01 19:00:00,19.5,63.0,3.05,15.625,10.8,19.25,3.375,,,,,,,,,,78.25,2.4,,0.0,0.0,16.0,752.25,
2023-09-01 20:00:00,17.75,57.0,3.15,15.549999999999999,10.85,19.85,2.575,,,,,,,,,,79.5,2.7,,0.0,0.0,16.0,753.75,
2023-09-01 21:00:00,16.75,47.0,3.825,16.825,12.1,19.35,1.45,,,,,,,,,,82.0,2.625,,0.0,0.0,16.0,754.75,
2023-09-01 22:00:00,18.0,46.5,4.175,18.7,13.325,17.05,2.225,,,,,,,,,,85.75,2.55,,0.0,0.0,15.75,754.5,
2023-09-01 23:00:00,22.0,52.0,3.766666666666667,10.933333333333332,8.866666666666667,15.566666666666668,3.5666666666666664,,,,,,,,,,86.66666666666667,2.466666666666667,,0.0,0.0,16.0,754.0,
2023-09-02 00:00:00,17.5,47.5,3.3,8.375,7.1,14.65,2.275,,,,,,,,,,87.0,2.45,,0.0,0.0,16.0,753.25,
2023-09-02 01:00:00,15.0,44.25,2.5,8.325,6.425,13.675,1.9500000000000002,,,,,,,,,,87.0,2.575,,0.0,0.0,16.0,752.75,
2023-09-02 02:00:00,13.5,39.5,4.375,9.6,8.649999999999999,17.225,8.625,,,,,,,,,,83.75,2.825,,0.0,0.0,16.0,752.0,
2023-09-02 03:00:00,19.25,38.5,4.45,14.85,11.5,17.125,33.875,,,,,,,,,,82.5,1.925,,0.0,0.0,16.0,751.5,
2023-09-02 04:00:00,20.0,29.0,3.4,8.675,7.4,20.0,13.65,,,,,,,,,,82.75,2.275,,0.0,0.0,16.0,751.0,
2023-09-02 05:00:00,10.0,24.25,3.5,10.125,8.225,19.15,5.15,,,,,,,,,,85.5,1.9500000000000002,,0.0,0.0,16.25,751.25,
2023-09-02 06:00:00,11.5,34.25,6.5,13.525,12.5,16.95,4.6,,,,,,,,,,86.5,1.4,,0.0,0.0,50.25,752.0,
2023-09-02 07:00:00,25.25,56.5,4.825,13.75,11.25,12.4,5.125,,,,,,,,,,82.0,1.425,,0.0,0.0,177.0,753.5,
2023-09-02 08:00:00,26.0,66.5,4.6,13.075,10.7,12.0,2.775,,,,,,,,,,75.0,2.05,,0.0,0.0,331.25,754.0,
2023-09-02 09:00:00,28.0,68.0,4.475,14.825,11.525,14.775,1.9500000000000002,,,,,,,,,,67.75,1.75,,0.0,0.0,451.0,754.75,
2023-09-02 10:00:00,31.0,75.0,4.55,14.775,11.525,19.875,3.25,,,,,,,,,,64.5,1.875,,0.0,0.0,536.25,754.0,
2023-09-02 11:00:00,23.75,65.75,4.125,14.1,10.85,24.1,2.15,,,,,,,,,,61.75,1.775,,0.0,0.0,584.5,753.25,
2023-09-02 12:00:00,28.5,63.0,2.95,13.575,9.6,25.75,2.3,,,,,,,,,,63.25,1.875,,0.3333333333333333,0.25,530.5,751.75,
2023-09-02 13:00:00,29.0,79.75,3.675,13.975,10.45,27.1,2.6,,,,,,,,,,68.0,2.85,,0.0,0.0,435.0,750.0,
2023-09-02 14:00:00,32.25,63.25,2.8000000000000003,10.9,8.05,28.125,3.575,,,,,,,,,,69.75,3.275,,0.0,0.0,422.25,748.25,
2023-09-02 15:00:00,22.75,53.75,1.8499999999999999,8.725,6.15,21.400000000000002,5.25,,,,,,,,,,70.25,3.05,,0.0,0.0,343.0,746.75,
2023-09-02 16:00:00,20.75,59.0,2.375,9.2,6.8,19.125,3.4,,,,,,,,,,72.5,3.0,,0.0,0.0,196.5,746.25,
2023-09-02 17:00:00,27.5,71.5,3.15,10.775,8.275,17.55,3.625,,,,,,,,,,77.0,3.375,,0.0,0.0,24.0,748.5,
2023-09-02 18:00:00,26.75,88.0,3.6500000000000004,13.325,10.075000000000001,16.525,2.4499999999999997,,,,,,,,,,89.5,2.475,,0.0,0.0,15.0,749.75,
2023-09-02 19:00:00,11.0,23.75,4.025,21.35,14.625,18.225,0.925,,,,,,,,,,90.75,1.4249999999999998,,0.0,0.0,14.75,749.75,
2023-09-02 20:00:00,11.25,24.0,7.825,35.4,25.2,12.3,1.875,,,,,,,,,,88.5,1.325,,5.0,2.5,15.25,751.5,
2023-09-02 21:00:00,13.75,38.5,5.675,32.800000000000004,22.05,16.15,2.6,,,,,,,,,,87.5,1.25,,0.0,0.0,15.75,753.5,
2023-09-02 22:00:00,21.5,46.75,6.0,30.975,21.35,16.9,3.975,,,,,,,,,,87.25,0.975,,0.0,0.0,15.5,754.5,
2023-09-02 23:00:00,26.0,47.5,3.525,22.475,14.825,15.95,5.025,,,,,,,,,,88.0,0.9,,0.0,0.0,16.0,753.5,
2023-09-03 00:00:00,18.25,44.0,3.3,20.7,13.7,13.325,2.325,,,,,,,,,,89.75,1.725,,0.0,0.0,16.0,752.75,
2023-09-03 01:00:00,20.25,46.25,2.725,14.25,9.775,13.9,2.55,,,,,,,,,,90.0,2.775,,0.0,0.0,16.0,751.5,
2023-09-03 02:00:00,13.75,38.75,2.5749999999999997,9.1,6.949999999999999,14.625,3.1,,,,,,,,,,90.0,2.65,,0.0,0.0,16.0,750.25,
2023-09-03 03:00:00,9.25,21.5,3.75,9.6,8.175,19.45,2.125,,,,,,,,,,90.0,2.025,,0.0,0.0,16.0,750.0,
2023-09-03 04:00:00,8.25,17.75,3.025,12.75,9.275,19.25,4.05,,,,,,,,,,90.25,1.425,,0.0,0.0,16.0,750.0,
2023-09-03 05:00:00,11.75,19.75,4.425,15.275,11.775,17.6,2.25,,,,,,,,,,91.0,1.475,,0.0,0.0,16.25,751.0,
2023-09-03 06:00:00,10.75,23.0,5.0,18.3,13.825,16.525,1.575,,,,,,,,,,89.25,1.6,,0.0,0.0,60.5,751.5,
2023-09-03 07:00:00,10.5,37.25,6.35,16.7,14.05,16.325,1.4,,,,,,,,,,82.5,1.625,,0.0,0.0,215.0,752.75,
2023-09-03 08:00:00,12.75,41.25,4.6000000000000005,12.5,10.375,16.025,2.4,,,,,,,,,,77.25,1.9,,0.0,0.0,340.5,753.75,
2023-09-03 09:00:00,15.75,33.75,4.1,10.125,8.75,15.325,2.125,,,,,,,,,,72.5,1.975,,0.0,0.0,481.25,753.0,
2023-09-03 10:00:00,16.25,32.75,3.6,9.05,7.775,14.45,2.1,,,,,,,,,,67.75,2.35,,0.0,0.0,574.25,751.5,
2023-09-03 11:00:00,11.0,24.5,5.175,9.125,9.075000000000001,18.625,1.5,,,,,,,,,,64.5,2.55,,0.0,0.0,618.5,750.5,
2023-09-03 12:00:00,12.0,29.5,4.475,9.85,8.875,20.8,1.3,,,,,,,,,,63.5,2.2,,0.0,0.0,488.5,748.5,
2023-09-03 13:00:00,15.0,33.0,3.8,9.925,8.375,22.2,1.5,,,,,,,,,,64.5,2.05,,0.0,0.0,318.5,747.25,
2023-09-03 14:00:00,14.75,38.5,4.125,9.35,8.325,22.95,3.4,,,,,,,,,,64.0,2.05,,0.0,0.0,326.75,746.25,
2023-09-03 15:00:00,13.5,38.0,2.525,8.325,6.45,24.85,3.675,,,,,,,,,,64.5,1.8250000000000002,,0.0,0.0,289.0,745.75,
2023-09-03 16:00:00,14.5,42.25,2.225,9.6,6.9,18.875,2.45,,,,,,,,,,79.0,2.125,,0.0,0.0,77.25,744.5,
2023-09-03 17:00:00,19.5,39.5,2.75,7.7,6.35,17.150000000000002,1.375,,,,,,,,,,89.5,2.125,,3.0,3.0,18.75,745.25,
2023-09-03 18:00:00,13.25,20.5,2.575,10.275,7.55,14.025,1.6,,,,,,,,,,93.0,2.325,,0.5,0.5,15.0,746.0,
2023-09-03 19:00:00,16.75,25.5,3.575,16.15,11.5,14.325,1.775,,,,,,,,,,92.75,1.975,,0.0,0.0,15.5,748.0,
2023-09-03 20:00:00,14.75,30.75,3.6750000000000003,12.9,9.85,19.625,1.9249999999999998,,,,,,,,,,92.75,2.75,,0.25,0.25,15.25,748.75,
2023-09-03 21:00:00,11.0,15.0,3.825,16.4,11.825,19.1,1.725,,,,,,,,,,93.5,1.575,,0.0,0.0,15.0,749.25,
2023-09-03 22:00:00,,,3.6,18.15,12.55,18.825,1.325,,,,,,,,,,92.0,1.4,,0.0,0.0,15.25,749.5,
2023-09-03 23:00:00,14.0,17.0,2.8,16.8,11.225000000000001,19.8,1.25,,,,,,,,,,93.0,1.1,,0.0,0.0,15.5,749.0,
2023-09-04 00:00:00,13.5,17.25,2.1,15.525,9.975,14.175,1.375,,,,,,,,,,92.0,0.75,,0.0,0.0,15.75,748.75,
2023-09-04 01:00:00,11.5,18.0,3.05,14.024999999999999,9.925,11.8,1.6,,,,,,,,,,91.5,1.375,,0.0,0.0,15.75,747.5,
2023-09-04 02:00:00,9.5,15.75,2.8,8.225,6.65,13.575,1.2,,,,,,,,,,94.0,0.95,,0.0,0.0,15.75,745.75,
2023-09-04 03:00:00,8.25,9.5,3.65,11.825,9.275,13.0,1.55,,,,,,,,,,94.75,1.15,,0.0,0.0,15.25,745.0,
2023-09-04 04:00:00,9.25,13.0,6.075,13.325,12.025,22.275,1.8,,,,,,,,,,95.0,1.825,,0.0,0.0,15.75,745.0,
2023-09-04 05:00:00,9.25,19.0,11.75,20.3,20.35,17.125,1.525,,,,,,,,,,95.0,1.3,,0.0,0.0,16.0,745.75,
2023-09-04 06:00:00,10.0,22.75,15.1,21.075,23.475,11.25,1.4,,,,,,,,,,94.75,1.125,,0.0,0.0,30.5,745.75,
2023-09-04 07:00:00,18.0,38.0,13.0,21.975,22.275,15.100000000000001,1.05,,,,,,,,,,92.0,1.275,,0.0,0.0,68.75,747.75,
2023-09-04 08:00:00,15.5,50.5,8.275,17.05,15.825000000000001,17.275,2.325,,,,,,,,,,86.75,1.7999999999999998,,0.0,0.0,83.5,748.75,
2023-09-04 09:00:00,19.0,56.75,7.4,17.6,15.375,11.65,3.4,,,,,,,,,,83.25,1.775,,0.0,0.0,101.5,749.0,
2023-09-04 10:00:00,25.75,74.25,7.5,16.175,14.7,10.525,3.125,,,,,,,,,,77.5,2.1,,0.25,0.25,128.25,748.75,
2023-09-04 11:00:00,29.25,85.25,7.875,18.225,16.1,8.35,2.9250000000000003,,,,,,,,,,76.25,1.975,,0.0,0.0,157.5,748.0,
2023-09-04 12:00:00,32.5,90.25,8.55,19.05,17.075000000000003,9.399999999999999,2.65,,,,,,,,,,74.5,1.95,,0.0,0.0,210.25,746.5,
2023-09-04 13:00:00,29.5,90.5,7.1,18.775,15.75,14.45,1.125,,,,,,,,,,73.5,1.425,,0.0,0.0,230.5,745.5,
2023-09-04 14:00:00,26.25,77.75,6.875,18.35,15.350000000000001,16.65,1.625,,,,,,,,,,73.5,1.35,,0.0,0.0,143.25,744.0,
2023-09-04 15:00:00,29.75,75.75,6.275,24.225,18.025,13.25,1.5,,,,,,,,,,74.5,0.875,,0.0,0.0,81.5,743.5,
2023-09-04 16:00:00,29.25,91.25,4.875,25.875,17.75,16.55,1.3,,,,,,,,,,76.25,0.875,,0.0,0.0,69.75,744.0,
2023-09-04 17:00:00,33.0,101.25,5.325,28.525,19.5,11.825,2.1500000000000004,,,,,,,,,,78.0,0.9,,0.0,0.0,46.25,744.0,
2023-09-04 18:00:00,43.25,114.0,4.825,25.175,17.325,10.7,2.775,,,,,,,,,,78.25,2.0,,0.0,0.0,17.0,745.5,
2023-09-04 19:00:00,43.5,84.0,4.2,25.575,17.025,11.925,2.95,,,,,,,,,,78.75,1.625,,0.0,0.0,16.0,746.25,
2023-09-04 20:00:00,31.5,49.75,5.3,22.3,16.175,8.0,1.6,,,,,,,,,,80.75,1.575,,0.0,0.0,16.0,748.0,
2023-09-04 21:00:00,26.0,55.25,6.225,21.75,16.6,11.05,0.43333333333333335,,,,,,,,,,82.25,1.675,,0.0,0.0,16.0,748.5,
2023-09-04 22:00:00,21.5,51.0,7.175,22.85,17.975,11.975,0.8500000000000001,,,,,,,,,,83.0,1.7999999999999998,,0.0,0.0,16.0,748.25,
2023-09-04 23:00:00,16.0,33.25,4.525,17.5,12.975,15.975,0.95,,,,,,,,,,83.75,2.15,,0.0,0.0,16.0,748.0,
2023-09-05 00:00:00,12.0,24.25,3.2,13.375,9.725,17.75,1.025,,,,,,,,,,82.25,2.125,,0.0,0.0,16.0,747.25,
2023-09-05 01:00:00,9.0,22.0,3.675,9.1,7.8,17.325,1.775,,,,,,,,,,82.5,2.075,,0.0,0.0,16.0,746.25,
2023-09-05 02:00:00,10.0,21.0,3.2,8.15,6.975,12.725,0.775,,,,,,,,,,83.25,2.075,,0.0,0.0,16.5,746.0,
2023-09-05 03:00:00,10.0,21.0,2.975,9.35,7.425,12.375,0.9333333333333332,,,,,,,,,,84.25,2.225,,0.0,0.0,16.5,745.5,
2023-09-05 04:00:00,11.5,21.75,3.4749999999999996,8.75,7.4750000000000005,12.125,1.45,,,,,,,,,,82.75,2.05,,0.0,0.0,16.75,746.0,
2023-09-05 05:00:00,16.0,25.75,5.075,11.15,10.024999999999999,14.025,0.95,,,,,,,,,,80.5,1.975,,0.0,0.0,16.5,746.0,
2023-09-05 06:00:00,18.5,32.75,6.3,11.875,11.425,14.3,0.675,,,,,,,,,,79.0,2.175,,0.0,0.0,20.0,746.25,
2023-09-05 07:00:00,25.0,44.5,8.525,15.175,14.975,12.175,1.0750000000000002,,,,,,,,,,78.0,2.025,,0.0,0.0,41.25,747.75,
2023-09-05 08:00:00,21.75,67.0,8.1,15.425,14.8,13.424999999999999,0.625,,,,,,,,,,76.25,2.225,,0.0,0.0,74.5,749.0,
2023-09-05 09:00:00,24.5,79.5,9.075,18.75,17.375,13.45,0.7333333333333334,,,,,,,,,,74.75,2.05,,0.0,0.0,115.0,749.0,
2023-09-05 10:00:00,34.75,90.0,8.1,19.325,16.85,9.7,1.125,,,,,,,,,,75.0,1.95,,0.0,0.0,91.25,749.0,
2023-09-05 11:00:00,35.25,88.0,5.825,19.2,15.0,11.625,1.475,,,,,,,,,,75.0,1.9,,0.25,0.25,97.25,748.5,
2023-09-05 12:00:00,39.0,83.0,5.6,18.975,14.625,10.325,2.675,,,,,,,,,,75.5,1.95,,1.25,1.25,107.75,747.75,
2023-09-05 13:00:00,39.75,83.25,5.425,17.0,13.425,12.375,2.05,,,,,,,,,,71.75,2.125,,1.75,1.75,280.75,746.5,
2023-09-05 14:00:00,38.0,74.0,5.375,13.975,11.799999999999999,16.0,4.0,,,,,,,,,,69.75,2.2,,3.5,3.5,176.75,745.75,
2023-09-05 15:00:00,29.5,76.5,4.7,19.925,14.45,14.55,4.324999999999999,,,,,,,,,,74.25,1.425,,1.0,1.0,47.75,745.0,
2023-09-05 16:00:00,40.25,98.5,5.85,25.45,18.25,11.95,2.5,,,,,,,,,,77.0,1.075,,0.5,0.5,29.5,745.25,
2023-09-05 17:00:00,41.5,116.0,7.925,27.5,21.049999999999997,10.6,2.85,,,,,,,,,,78.0,1.825,,1.5,1.5,24.5,746.25,
2023-09-05 18:00:00,40.5,110.75,8.425,22.35,18.7,7.625,3.7,,,,,,,,,,77.75,1.1,,1.0,1.0,17.25,746.25,
2023-09-05 19:00:00,32.75,89.0,10.825,25.225,22.225,5.975,3.4,,,,,,,,,,76.25,1.425,,4.5,4.5,16.75,747.0,
2023-09-05 20:00:00,32.25,93.5,7.6,22.925,18.375,10.125,1.225,,,,,,,,,,75.25,2.25,,0.0,0.0,16.75,747.75,
2023-09-05 21:00:00,31.333333333333332,79.33333333333333,7.766666666666667,20.566666666666666,17.266666666666666,9.6,0.4,,,,,,,,,,77.0,1.9000000000000001,,0.0,0.0,16.666666666666668,749.0,
2023-09-05 22:00:00,29.75,82.75,7.775,23.0,18.549999999999997,10.725,1.575,,,,,,,,,,80.25,2.15,,0.0,0.0,16.75,749.0,
2023-09-05 23:00:00,32.0,85.0,4.2,14.875,11.3,16.075,1.375,,,,,,,,,,80.75,2.875,,0.0,0.0,16.75,748.5,
2023-09-06 00:00:00,20.25,42.75,3.475,9.95,8.1,17.1,1.1,,,,,,,,,,81.75,2.35,,0.0,0.0,16.75,747.5,
2023-09-06 01:00:00,12.0,22.0,2.45,9.45,7.0,17.025,0.975,,,,,,,,,,84.0,2.425,,0.0,0.0,16.75,745.75,
2023-09-06 02:00:00,11.75,18.5,2.95,7.8999999999999995,6.625,15.225,1.375,,,,,,,,,,85.25,2.5999999999999996,,0.0,0.0,17.0,745.0,
2023-09-06 03:00:00,11.0,26.0,3.825,7.85,7.275,12.85,2.275,,,,,,,,,,85.5,2.35,,0.0,0.0,17.0,744.25,
2023-09-06 04:00:00,17.0,22.0,3.925,9.4,8.2,11.5,2.15,,,,,,,,,,84.25,2.225,,0.0,0.0,17.0,745.25,
2023-09-06 05:00:00,16.0,23.5,4.575,9.925,8.95,11.45,1.8250000000000002,,,,,,,,,,83.75,2.2,,0.0,0.0,17.0,746.5,
2023-09-06 06:00:00,14.5,29.5,5.025,11.85,10.425,12.6,2.05,,,,,,,,,,85.25,2.15,,0.0,0.0,31.75,748.0,
2023-09-06 07:00:00,17.75,33.5,5.85,10.025,10.100000000000001,13.975,1.375,,,,,,,,,,84.0,2.05,,0.0,0.0,66.25,749.5,
2023-09-06 08:00:00,13.25,34.5,5.95,9.875,10.075,14.275,1.15,,,,,,,,,,81.25,1.975,,0.0,0.0,132.5,750.75,
2023-09-06 09:00:00,12.25,43.75,5.175,10.9,10.0,14.425,0.775,,,,,,,,,,78.0,2.175,,0.0,0.0,302.75,751.0,
2023-09-06 10:00:00,15.25,47.25,4.05,10.2,8.725,16.2,2.75,,,,,,,,,,70.5,2.875,,0.0,0.0,525.5,751.0,
2023-09-06 11:00:00,13.75,42.75,3.25,10.2,8.025,13.125,4.4,,,,,,,,,,67.5,2.85,,0.0,0.0,544.75,751.0,
2023-09-06 12:00:00,16.75,41.25,3.6,10.05,8.275,12.45,2.875,,,,,,,,,,66.25,2.625,,0.0,0.0,417.75,749.5,
2023-09-06 13:00:00,18.25,33.75,3.5999999999999996,11.125,8.875,11.725,2.175,,,,,,,,,,67.5,2.0,,0.0,0.0,333.5,748.25,
2023-09-06 14:00:00,18.0,46.5,4.2,11.425,9.475,14.525,0.875,,,,,,,,,,65.5,2.025,,0.0,0.0,338.25,747.0,
2023-09-06 15:00:00,20.75,47.25,3.75,11.5,9.125,16.975,0.3,,,,,,,,,,65.25,1.75,,0.0,0.0,196.5,745.75,
2023-09-06 16:00:00,13.0,40.25,3.675,12.3,9.525,16.725,1.975,,,,,,,,,,66.0,1.475,,0.0,0.0,86.0,745.5,
2023-09-06 17:00:00,23.0,62.25,4.975,23.4,16.475,12.025,2.3,,,,,,,,,,69.75,0.925,,0.0,0.0,42.0,745.5,
2023-09-06 18:00:00,35.0,97.0,4.675,28.05,18.725,11.75,2.125,,,,,,,,,,72.25,0.8,,0.0,0.0,17.75,747.0,
2023-09-06 19:00:00,36.0,116.75,3.55,32.875,20.375,6.325,3.825,,,,,,,,,,77.75,1.25,,0.0,0.0,16.75,748.25,
2023-09-06 20:00:00,39.0,109.5,4.1,28.5,18.5,6.125,4.125,,,,,,,,,,79.75,1.65,,0.0,0.0,16.75,749.75,
2023-09-06 21:00:00,38.75,94.0,4.95,25.95,17.825,5.775,3.825,,,,,,,,,,79.75,1.9,,0.0,0.0,17.0,750.0,
2023-09-06 22:00:00,37.0,77.75,5.675,25.375,18.125,6.475,2.1,,,,,,,,,,82.5,1.95,,0.0,0.0,16.75,751.0,
2023-09-06 23:00:00,30.5,67.25,4.3,14.7,11.3,15.325,2.325,,,,,,,,,,81.5,2.275,,0.0,0.0,16.75,750.75,
2023-09-07 00:00:00,18.25,46.0,4.325,11.375,9.55,17.025,1.65,,,,,,,,,,84.0,2.375,,0.25,0.25,16.25,750.25,
2023-09-07 01:00:00,12.25,35.75,3.4,12.85,9.575,16.575000000000003,0.8500000000000001,,,,,,,,,,90.0,1.25,,0.0,0.0,16.0,748.75,
2023-09-07 02:00:00,9.0,13.0,4.175,11.125,9.3,17.25,2.65,,,,,,,,,,87.25,1.45,,0.0,0.0,16.0,747.75,
2023-09-07 03:00:00,5.75,13.25,3.625,11.675,9.2,12.9,3.45,,,,,,,,,,86.0,1.225,,0.0,0.0,16.0,748.0,
2023-09-07 04:00:00,8.25,25.0,4.775,13.7,11.175,9.0,2.225,,,,,,,,,,85.75,1.325,,0.0,0.0,16.0,748.0,
2023-09-07 05:00:00,17.0,30.75,4.7,12.225,10.325,9.25,1.1749999999999998,,,,,,,,,,86.5,1.7000000000000002,,0.0,0.0,16.5,749.0,
2023-09-07 06:00:00,15.333333333333334,34.666666666666664,6.966666666666666,13.666666666666666,12.933333333333332,7.233333333333333,0.55,,,,,,,,,,85.33333333333333,1.3666666666666665,,0.0,0.0,74.66666666666667,750.0,
2023-09-07 07:00:00,18.5,45.25,6.825,11.75,11.825,13.125,,,,,,,,,,,80.5,2.15,,0.0,0.0,203.75,751.5,
2023-09-07 08:00:00,20.25,49.0,5.875,12.1,11.225,15.65,1.575,,,,,,,,,,73.75,2.1,,0.0,0.0,370.75,753.0,
2023-09-07 09:00:00,20.5,50.25,4.25,12.675,10.175,17.975,2.2,,,,,,,,,,71.75,2.4,,0.0,0.0,378.25,753.0,
2023-09-07 10:00:00,18.0,50.0,4.025,12.975000000000001,10.175,19.3,1.8,,,,,,,,,,67.5,2.2,,0.0,0.0,527.5,752.75,
2023-09-07 11:00:00,17.0,42.5,3.5250000000000004,10.425,8.4,18.4,2.225,,,,,,,,,,66.5,2.1,,0.0,0.0,451.5,752.0,
2023-09-07 12:00:00,22.0,55.0,2.775,9.55,7.35,13.725,2.65,,,,,,,,,,63.75,2.125,,0.0,0.0,499.0,750.5,
2023-09-07 13:00:00,19.0,48.25,3.5,9.3,7.775,12.85,3.225,,,,,,,,,,62.0,2.125,,0.0,0.0,448.0,748.25,
2023-09-07 14:00:00,17.75,39.25,3.525,8.25,7.25,13.4,0.65,,,,,,,,,,61.5,2.1,,0.0,0.0,374.75,747.25,
2023-09-07 15:00:00,14.5,46.75,4.375,9.9,8.85,16.65,0.2,,,,,,,,,,61.5,2.075,,0.0,0.0,285.75,746.25,
2023-09-07 16:00:00,18.5,56.5,4.625,16.575,12.575000000000001,16.225,1.425,,,,,,,,,,68.5,2.4,,0.0,0.0,147.5,746.0,
2023-09-07 17:00:00,26.0,74.5,2.875,15.625,10.6,17.85,2.775,,,,,,,,,,75.5,2.6,,0.0,0.0,64.0,746.25,
2023-09-07 18:00:00,25.25,61.25,3.525,19.35,13.2,16.85,2.475,,,,,,,,,,77.0,2.875,,0.0,0.0,17.75,748.0,
2023-09-07 19:00:00,23.5,63.5,3.5500000000000003,17.875,12.399999999999999,16.775,2.175,,,,,,,,,,82.75,3.2,,1.5,1.5,15.5,750.75,
2023-09-07 20:00:00,21.5,54.5,2.825,16.125,10.85,11.375,1.775,,,,,,,,,,93.75,1.7,,0.25,0.25,14.5,751.75,
2023-09-07 21:00:00,9.75,13.75,5.025,17.6,13.45,8.825,2.1,,,,,,,,,,94.0,2.4,,1.0,1.0,15.0,753.25,
2023-09-07 22:00:00,6.0,13.0,2.95,12.8,9.175,10.9,1.825,,,,,,,,,,97.25,1.875,,3.0,3.0,16.25,754.0,
2023-09-07 23:00:00,,,4.6,15.65,12.05,11.425,1.65,,,,,,,,,,98.0,1.325,,0.5,0.5,16.0,753.5,
2023-09-08 00:00:00,3.0,8.0,5.475,17.25,13.625,14.0,1.2,,,,,,,,,,98.0,1.25,,0.0,0.0,16.0,752.25,
2023-09-08 01:00:00,3.0,8.0,4.325,17.7,12.925,15.075,1.025,,,,,,,,,,97.5,0.825,,0.0,0.0,16.0,751.0,
2023-09-08 02:00:00,9.0,16.0,4.15,16.25,12.0,15.625,1.0750000000000002,,,,,,,,,,97.0,0.8500000000000001,,0.0,0.0,16.0,750.75,
2023-09-08 03:00:00,8.25,15.75,4.1,15.675,11.675,15.85,1.4,,,,,,,,,,96.75,1.075,,0.0,0.0,16.0,750.0,
2023-09-08 04:00:00,6.0,15.0,4.675,13.6,11.025,10.6,1.55,,,,,,,,,,95.5,1.5,,0.0,0.0,16.0,750.75,
2023-09-08 05:00:00,6.0,21.0,5.5,13.3,11.575,9.0,1.55,,,,,,,,,,94.5,1.4,,0.0,0.0,16.25,751.0,
2023-09-08 06:00:00,8.5,22.5,7.225,11.625,12.05,8.925,2.125,,,,,,,,,,93.75,1.325,,0.0,0.0,58.75,752.25,
2023-09-08 07:00:00,16.5,29.0,8.175,12.675,13.35,8.8,1.925,,,,,,,,,,87.0,1.45,,0.0,0.0,213.75,754.0,
2023-09-08 08:00:00,17.0,36.0,8.55,15.125,14.975,12.575000000000001,1.225,,,,,,,,,,79.0,1.6,,0.0,0.0,351.75,755.0,
2023-09-08 09:00:00,15.25,36.5,5.45,15.600000000000001,12.7,16.525,1.275,,,,,,,,,,73.75,2.025,,0.0,0.0,480.75,755.0,
2023-09-08 10:00:00,15.5,31.0,4.075,13.525,10.475,18.425,2.475,,,,,,,,,,70.5,2.075,,0.0,0.0,551.0,754.75,
2023-09-08 11:00:00,6.75,37.5,4.125,11.4,9.45,18.125,3.375,,,,,,,,,,65.75,2.2,,0.0,0.0,587.5,754.0,
2023-09-08 12:00:00,12.5,36.75,3.225,9.0,7.375,16.25,3.225,,,,,,,,,,62.5,2.6,,0.0,0.0,586.75,752.0,
2023-09-08 13:00:00,14.5,30.5,3.825,10.275,8.55,13.6,2.825,,,,,,,,,,61.5,2.475,,0.0,0.0,347.5,750.5,
2023-09-08 14:00:00,17.25,34.5,3.9,11.875,9.475,13.65,1.3,,,,,,,,,,59.25,2.3,,0.0,0.0,452.75,748.5,
2023-09-08 15:00:00,18.5,41.25,4.1,11.4,9.375,14.0,0.7,,,,,,,,,,59.5,2.05,,0.0,0.0,307.5,747.75,
2023-09-08 16:00:00,13.75,44.75,5.675,14.975,12.625,18.875,0.5333333333333333,,,,,,,,,,62.0,1.725,,0.0,0.0,190.25,747.0,
2023-09-08 17:00:00,23.25,70.5,3.2750000000000004,22.725,14.75,17.525,1.15,,,,,,,,,,72.5,1.825,,0.0,0.0,69.0,747.75,
2023-09-08 18:00:00,27.75,90.75,3.025,20.8,13.5,17.6,2.4000000000000004,,,,,,,,,,77.75,2.45,,0.0,0.0,16.75,749.0,
2023-09-08 19:00:00,29.75,73.5,3.55,22.0,14.625,16.625,2.825,,,,,,,,,,80.0,2.225,,0.0,0.0,15.0,750.25,
2023-09-08 20:00:00,28.25,68.5,3.3,23.6,15.275,14.775,3.475,,,,,,,,,,81.0,2.45,,0.0,0.0,15.0,751.75,
2023-09-08 21:00:00,25.5,65.75,3.375,20.175,13.475,11.3,4.1,,,,,,,,,,84.0,2.475,,0.0,0.0,15.75,753.0,
2023-09-08 22:00:00,23.75,62.5,5.25,17.75,13.675,10.275,1.95,,,,,,,,,,85.75,2.15,,0.0,0.0,15.75,753.0,
2023-09-08 23:00:00,21.0,60.75,3.775,12.0,9.475,12.175,1.25,,,,,,,,,,84.75,2.325,,0.0,0.0,15.75,752.75,
2023-09-09 00:00:00,15.75,49.0,4.4,10.0,8.9,15.125,1.025,,,,,,,,,,87.0,1.65,,0.0,0.0,15.75,751.75,
2023-09-09 01:00:00,16.75,43.5,4.325,11.25,9.475,16.95,0.575,,,,,,,,,,88.0,1.9,,0.0,0.0,15.75,750.75,
2023-09-09 02:00:00,13.5,42.5,3.475,9.725,8.0,17.875,2.425,,,,,,,,,,87.25,1.975,,0.0,0.0,15.75,749.75,
2023-09-09 03:00:00,14.5,36.5,3.875,10.149999999999999,8.55,18.1,2.7,,,,,,,,,,86.5,1.375,,0.0,0.0,15.75,749.0,
2023-09-09 04:00:00,14.5,41.75,4.1,10.575,8.95,17.275,3.125,,,,,,,,,,85.75,1.55,,0.0,0.0,15.75,750.25,
2023-09-09 05:00:00,18.75,45.75,5.2,12.475,10.875,10.725000000000001,3.9749999999999996,,,,,,,,,,84.5,1.5750000000000002,,0.0,0.0,16.25,751.0,
2023-09-09 06:00:00,16.75,50.0,5.6,10.125,9.925,10.475,2.35,,,,,,,,,,82.5,2.05,,0.0,0.0,71.0,751.75,
2023-09-09 07:00:00,15.5,52.25,6.15,12.15,11.45,9.65,2.45,,,,,,,,,,76.75,2.05,,0.0,0.0,214.75,752.75,
2023-09-09 08:00:00,23.75,67.0,5.75,12.475,11.325,11.85,1.4249999999999998,,,,,,,,,,71.25,2.075,,0.0,0.0,350.5,754.0,
2023-09-09 09:00:00,25.0,64.5,5.25,11.925,10.6,16.25,0.4,,,,,,,,,,65.75,2.675,,0.0,0.0,476.0,754.0,
2023-09-09 10:00:00,19.5,61.0,4.75,11.25,9.850000000000001,17.125,3.5,,,,,,,,,,61.25,2.325,,0.0,0.0,568.75,752.75,
2023-09-09 11:00:00,14.25,46.5,4.35,11.425,9.6,17.725,5.3,,,,,,,,,,60.0,2.3,,0.0,0.0,616.75,751.75,
2023-09-09 12:00:00,20.25,48.0,4.7,12.3,10.375,20.225,2.025,,,,,,,,,,59.25,2.25,,0.0,0.0,592.0,750.5,
2023-09-09 13:00:00,16.25,46.75,3.675,10.799999999999999,8.725,18.8,2.125,,,,,,,,,,58.25,1.8,,0.0,0.0,474.25,748.5,
2023-09-09 14:00:00,14.0,44.75,3.625,9.75,8.125,19.15,2.7,,,,,,,,,,60.0,2.175,,0.0,0.0,418.0,747.5,
2023-09-09 15:00:00,23.333333333333332,56.0,3.75,10.6,8.65,17.275,4.85,,,,,,,,,,67.75,2.975,,0.0,0.0,246.0,746.5,
2023-09-09 16:00:00,30.0,73.25,3.65,9.225,7.875,16.575,5.925,,,,,,,,,,70.75,3.125,,0.0,0.0,120.25,746.25,
2023-09-09 17:00:00,34.0,74.66666666666667,3.633333333333333,14.933333333333332,10.933333333333332,18.366666666666667,7.8999999999999995,,,,,,,,,,72.66666666666667,3.0,,0.0,0.0,66.0,747.0,
2023-09-09 18:00:00,36.666666666666664,81.0,3.275,20.025,13.3,17.875,5.550000000000001,,,,,,,,,,77.0,3.075,,0.0,0.0,17.75,748.0,
2023-09-09 19:00:00,31.666666666666668,70.75,3.175,15.15,10.65,20.125,1.65,,,,,,,,,,83.5,2.825,,0.0,0.0,15.25,749.75,
2023-09-09 20:00:00,27.333333333333332,53.25,4.375,20.0,14.2,18.325,2.025,,,,,,,,,,83.0,2.3,,0.0,0.0,15.0,750.0,
2023-09-09 21:00:00,28.0,66.0,2.1333333333333333,15.866666666666667,10.166666666666666,19.03333333333333,2.6999999999999997,,,,,,,,,,83.0,2.8000000000000003,,0.0,0.0,16.0,751.0,
2023-09-09 22:00:00,22.0,49.5,4.9,17.525,13.325,13.425,2.6,,,,,,,,,,84.0,2.45,,0.0,0.0,15.0,751.25,
2023-09-09 23:00:00,13.0,39.5,3.025,12.525,9.1,14.025,2.125,,,,,,,,,,85.25,2.425,,0.0,0.0,15.0,750.75,
2023-09-10 00:00:00,7.333333333333333,23.0,3.8,9.95,8.375,13.524999999999999,3.2,,,,,,,,,,86.0,2.25,,0.0,0.0,15.5,749.25,
2023-09-10 01:00:00,9.75,25.5,3.825,10.6,8.75,17.15,4.9,,,,,,,,,,85.0,2.225,,0.0,0.0,15.5,748.5,
2023-09-10 02:00:00,14.75,31.0,3.125,9.775,7.7749999999999995,19.225,6.425000000000001,,,,,,,,,,82.5,2.5,,0.0,0.0,15.75,747.5,
2023-09-10 03:00:00,12.5,23.25,2.8,8.65,6.875,20.025,4.825,,,,,,,,,,81.0,2.3,,0.0,0.0,15.75,747.25,
2023-09-10 04:00:00,7.25,19.75,3.675,9.225,7.9,19.4,2.75,,,,,,,,,,81.0,2.225,,0.0,0.0,15.75,748.0,
2023-09-10 05:00:00,7.25,24.25,4.05,9.975,8.575,18.25,2.2,,,,,,,,,,80.75,1.9,,0.0,0.0,16.0,749.0,
2023-09-10 06:00:00,15.25,26.5,5.3,13.4,11.475,10.275,2.1,,,,,,,,,,79.75,1.725,,0.0,0.0,27.5,749.5,
2023-09-10 07:00:00,18.75,43.0,7.3,13.925,13.325000000000001,9.025,2.7249999999999996,,,,,,,,,,79.5,2.0500000000000003,,0.0,0.0,84.5,751.5,
2023-09-10 08:00:00,19.0,53.25,5.725,12.5,11.275,9.925,3.25,,,,,,,,,,78.0,1.9000000000000001,,0.0,0.0,182.25,752.5,
2023-09-10 09:00:00,22.0,57.0,4.8999999999999995,12.766666666666666,10.766666666666666,13.133333333333333,3.466666666666667,,,,,,,,,,73.33333333333333,2.233333333333333,,0.0,0.0,273.6666666666667,753.0,
2023-09-10 10:00:00,11.5,57.5,4.7,10.825,9.55,17.175,1.8499999999999999,,,,,,,,,,67.75,2.45,,0.0,0.0,285.25,752.0,
2023-09-10 11:00:00,14.5,48.75,4.425,10.0,8.9,18.175,1.9249999999999998,,,,,,,,,,67.25,2.575,,0.0,0.0,276.75,751.0,
2023-09-10 12:00:00,19.5,54.0,4.25,10.025,8.8,18.65,3.0,,,,,,,,,,65.25,2.375,,0.0,0.0,362.5,750.25,
2023-09-10 13:00:00,21.666666666666668,56.666666666666664,3.8000000000000003,11.466666666666667,9.233333333333334,18.733333333333334,3.1333333333333333,,,,,,,,,,64.33333333333333,1.8333333333333333,,0.0,0.0,223.33333333333334,748.0,
2023-09-10 14:00:00,23.5,60.0,2.85,9.775,7.55,16.275,3.2750000000000004,,,,,,,,,,62.5,1.9249999999999998,,0.0,0.0,342.5,748.0,
2023-09-10 15:00:00,21.5,55.75,3.375,8.625,7.325,15.25,2.95,,,,,,,,,,60.75,1.875,,0.0,0.0,307.25,747.25,
2023-09-10 16:00:00,14.0,59.75,2.925,8.55,6.925,14.35,2.3,,,,,,,,,,62.25,1.725,,0.0,0.0,169.0,747.0,
2023-09-10 17:00:00,24.0,59.0,3.25,12.6,9.375,13.825,1.15,,,,,,,,,,66.25,1.45,,0.0,0.0,50.0,747.0,
2023-09-10 18:00:00,26.5,65.75,3.475,13.75,10.125,17.175,1.675,,,,,,,,,,77.75,2.225,,0.0,0.0,16.5,747.75,
2023-09-10 19:00:00,24.5,59.25,2.925,11.7,8.6,18.5,2.175,,,,,,,,,,79.5,2.075,,0.0,0.0,15.75,748.75,
2023-09-10 20:00:00,23.0,58.5,3.15,11.225,8.55,18.85,2.5749999999999997,,,,,,,,,,83.25,2.25,,0.0,0.0,15.75,750.0,
2023-09-10 21:00:00,21.75,52.5,3.875,14.7,10.95,18.075,1.825,,,,,,,,,,86.75,1.675,,0.0,0.0,15.75,750.75,
2023-09-10 22:00:00,20.0,51.5,3.675,16.35,11.700000000000001,13.799999999999999,2.075,,,,,,,,,,84.25,1.75,,0.0,0.0,16.0,751.0,
2023-09-10 23:00:00,24.75,58.25,3.6,14.925,10.85,11.55,1.675,,,,,,,,,,84.5,2.0500000000000003,,0.0,0.0,16.0,750.25,
2023-09-11 00:00:00,21.0,47.0,2.4,11.766666666666666,8.200000000000001,12.4,2.4333333333333336,,,,,,,,,,85.33333333333333,1.5,,0.0,0.0,16.0,749.0,
2023-09-11 01:00:00,15.25,37.25,2.4,7.0,5.7,13.775,2.225,,,,,,,,,,87.0,1.75,,0.0,0.0,16.0,749.0,
2023-09-11 02:00:00,13.25,29.25,4.2,9.35,8.4,16.3,4.925,,,,,,,,,,86.0,1.875,,0.0,0.0,16.0,748.0,
2023-09-11 03:00:00,14.5,29.75,3.925,10.225000000000001,8.625,17.2,8.025,,,,,,,,,,85.25,1.525,,0.0,0.0,16.0,748.0,
2023-09-11 04:00:00,14.75,30.75,3.9250000000000003,9.5,8.25,17.475,9.65,,,,,,,,,,85.5,2.1,,0.0,0.0,16.0,747.5,
2023-09-11 05:00:00,11.75,38.75,5.425,13.1,11.375,16.025,9.925,,,,,,,,,,84.75,1.925,,0.0,0.0,16.0,747.75,
2023-09-11 06:00:00,16.75,48.5,6.9,14.8,13.475,13.024999999999999,8.375,,,,,,,,,,80.25,2.025,,0.0,0.0,35.25,749.0,
2023-09-11 07:00:00,25.0,58.25,10.575,15.5,16.825,7.05,6.3,,,,,,,,,,74.75,2.3,,0.0,0.0,117.25,751.25,
2023-09-11 08:00:00,25.75,77.0,8.85,14.575,14.950000000000001,9.375,3.825,,,,,,,,,,70.25,2.625,,0.0,0.0,293.0,752.5,
2023-09-11 09:00:00,25.666666666666668,78.33333333333333,6.366666666666667,14.866666666666667,13.1,12.1,2.9333333333333336,,,,,,,,,,66.33333333333333,2.466666666666667,,0.0,0.0,352.3333333333333,752.6666666666666,
2023-09-11 10:00:00,20.5,61.0,5.875,14.475,12.475,15.325,1.625,,,,,,,,,,64.0,2.05,,0.0,0.0,353.75,752.0,
2023-09-11 11:00:00,20.333333333333332,51.333333333333336,4.166666666666667,11.866666666666667,9.700000000000001,18.2,1.7666666666666666,,,,,,,,,,61.333333333333336,2.8000000000000003,,0.0,0.0,530.6666666666666,752.0,
2023-09-11 12:00:00,19.75,41.0,3.95,11.15,9.15,19.450000000000003,1.25,,,,,,,,,,60.25,2.475,,0.0,0.0,449.5,750.5,
2023-09-11 13:00:00,10.25,34.5,4.575,11.575,9.85,20.85,1.05,,,,,,,,,,59.75,2.475,,0.0,0.0,326.75,748.75,
2023-09-11 14:00:00,12.75,41.5,4.725,12.875,10.725,20.625,2.4,,,,,,,,,,60.5,2.3499999999999996,,0.0,0.0,239.0,747.75,
2023-09-11 15:00:00,18.0,42.0,3.35,8.725,7.35,17.7,3.575,,,,,,,,,,63.0,2.775,,0.0,0.0,191.25,747.25,
2023-09-11 16:00:00,21.25,53.0,3.025,12.700000000000001,9.225,15.2,3.3,,,,,,,,,,69.5,2.375,,0.0,0.0,90.25,747.75,
2023-09-11 17:00:00,29.5,61.5,3.1,10.975,8.325,15.25,2.925,,,,,,,,,,76.0,2.35,,0.0,0.0,36.75,748.0,
2023-09-11 18:00:00,25.75,44.25,4.475,16.0,12.149999999999999,15.4,1.65,,,,,,,,,,76.0,1.875,,0.0,0.0,16.0,749.0,
2023-09-11 19:00:00,29.666666666666668,57.0,3.266666666666667,20.233333333333334,13.433333333333332,20.599999999999998,2.3333333333333335,,,,,,,,,,76.66666666666667,1.4666666666666668,,0.0,0.0,16.666666666666668,749.6666666666666,
2023-09-11 20:00:00,32.0,70.0,3.2,24.725,15.75,18.275,3.6,,,,,,,,,,74.5,1.725,,0.0,0.0,15.75,750.75,
2023-09-11 21:00:00,30.5,78.0,7.925,31.025,22.95,13.575,3.2750000000000004,,,,,,,,,,73.5,1.725,,0.0,0.0,15.75,752.0,
2023-09-11 22:00:00,30.75,87.0,4.7,24.525,16.875,18.175,1.3250000000000002,,,,,,,,,,74.5,1.25,,0.0,0.0,16.0,752.0,
2023-09-11 23:00:00,17.25,61.5,3.475,17.475,12.125,16.5,2.475,,,,,,,,,,78.25,1.475,,0.0,0.0,16.0,751.75,
2023-09-12 00:00:00,17.0,43.0,3.25,14.5,10.35,14.575,2.2,,,,,,,,,,79.0,1.5499999999999998,,0.0,0.0,16.0,750.75,
2023-09-12 01:00:00,21.5,51.25,2.925,12.649999999999999,9.125,13.175,2.375,,,,,,,,,,80.0,1.75,,0.0,0.0,16.0,749.75,
2023-09-12 02:00:00,18.25,38.25,2.7,10.45,7.775,13.425,2.175,,,,,,,,,,82.0,2.225,,0.0,0.0,16.0,748.5,
2023-09-12 03:00:00,18.25,32.0,3.5999999999999996,9.325,7.875,17.85,1.05,,,,,,,,,,82.0,1.925,,0.0,0.0,16.0,748.0,
2023-09-12 04:00:00,9.25,31.25,4.575,13.825,11.05,16.55,2.775,,,,,,,,,,80.25,1.725,,0.0,0.0,16.0,748.0,
2023-09-12 05:00:00,16.0,39.0,5.425000000000001,15.925,12.9,15.825,2.225,,,,,,,,,,77.5,1.9,,0.0,0.0,16.0,749.0,
2023-09-12 06:00:00,18.5,46.5,7.6499999999999995,15.825,14.65,15.4,1.625,,,,,,,,,,75.5,2.05,,0.0,0.0,34.0,749.75,
2023-09-12 07:00:00,26.0,66.25,9.875,15.600000000000001,16.3,13.45,2.75,,,,,,,,,,73.5,1.925,,0.0,0.0,109.0,752.0,
2023-09-12 08:00:00,26.25,84.75,9.025,14.7,15.149999999999999,10.275,2.1,,,,,,,,,,68.25,1.925,,0.0,0.0,235.25,753.5,
2023-09-12 09:00:00,27.25,83.0,6.85,14.175,13.1,12.6,1.925,,,,,,,,,,63.25,2.55,,0.0,0.0,401.75,753.75,
2023-09-12 10:00:00,26.75,76.25,5.1,11.350000000000001,10.175,13.6,1.4249999999999998,,,,,,,,,,61.75,2.95,,0.0,0.0,442.75,753.25,
2023-09-12 11:00:00,22.75,62.0,4.75,10.95,9.7,16.65,0.3,,,,,,,,,,59.25,2.8,,0.0,0.0,566.75,752.75,
2023-09-12 12:00:00,21.0,53.0,4.525,9.325,8.6,19.525,2.125,,,,,,,,,,58.0,2.875,,0.0,0.0,441.0,751.0,
2023-09-12 13:00:00,19.0,51.75,4.35,8.625,8.15,20.625,1.975,,,,,,,,,,56.25,2.575,,0.0,0.0,440.5,749.25,
2023-09-12 14:00:00,21.333333333333332,48.0,3.9,9.200000000000001,8.066666666666666,21.366666666666664,2.566666666666667,,,,,,,,,,55.333333333333336,2.0666666666666664,,0.0,0.0,340.0,748.3333333333334,
2023-09-12 15:00:00,20.0,48.0,3.3666666666666667,11.0,8.633333333333333,22.0,4.5,,,,,,,,,,63.333333333333336,3.3000000000000003,,0.0,0.0,172.33333333333334,747.3333333333334,
2023-09-12 16:00:00,27.5,76.5,2.8,8.2,6.625,18.35,3.2,,,,,,,,,,66.75,3.05,,0.0,0.0,125.25,747.5,
2023-09-12 17:00:00,24.0,62.0,2.766666666666667,9.200000000000001,7.166666666666667,17.166666666666668,2.3666666666666667,,,,,,,,,,75.0,2.6666666666666665,,0.0,0.0,59.333333333333336,748.3333333333334,
2023-09-12 18:00:00,19.5,54.0,2.825,10.7,7.975,15.65,1.6,,,,,,,,,,78.75,2.225,,0.0,0.0,16.75,749.25,
2023-09-12 19:00:00,20.0,54.25,3.125,13.95,9.975,16.025,0.9333333333333332,,,,,,,,,,77.25,2.5,,0.0,0.0,16.0,750.5,
2023-09-12 20:00:00,26.0,56.0,3.05,15.575,10.775,18.225,1.1,,,,,,,,,,76.75,2.75,,0.0,0.0,16.0,752.0,
2023-09-12 21:00:00,24.75,56.0,2.725,13.4,9.4,19.675,2.925,,,,,,,,,,81.75,2.925,,0.0,0.0,16.0,753.0,
2023-09-12 22:00:00,20.25,48.0,3.8499999999999996,14.1,10.65,19.525,1.625,,,,,,,,,,82.0,2.4749999999999996,,0.0,0.0,16.0,753.75,
2023-09-12 23:00:00,16.333333333333332,45.666666666666664,3.9,10.9,8.966666666666667,20.5,1.5333333333333332,,,,,,,,,,80.33333333333333,2.3333333333333335,,0.0,0.0,16.0,753.6666666666666,
2023-09-13 00:00:00,14.0,32.25,2.625,9.325,7.1,16.475,2.425,,,,,,,,,,83.25,1.925,,0.0,0.0,16.0,752.0,
2023-09-13 01:00:00,17.0,23.75,3.2,7.3,6.5,15.15,2.7,,,,,,,,,,85.25,2.075,,0.0,0.0,16.0,750.5,
2023-09-13 02:00:00,13.75,23.0,2.675,8.0,6.449999999999999,13.55,3.575,,,,,,,,,,87.5,2.4,,0.0,0.0,16.0,750.0,
2023-09-13 03:00:00,5.25,21.0,3.0,6.7,6.025,14.725,3.725,,,,,,,,,,85.25,2.7,,0.0,0.0,16.0,749.25,
2023-09-13 04:00:00,10.0,14.75,3.725,8.0,7.25,18.55,0.725,,,,,,,,,,85.0,2.0,,0.0,0.0,16.0,749.5,
2023-09-13 05:00:00,13.75,16.25,3.975,8.875,7.949999999999999,18.3,1.075,,,,,,,,,,85.0,2.4,,0.0,0.0,16.0,750.25,
2023-09-13 06:00:00,17.75,26.75,4.725,11.225,9.8,17.5,2.475,,,,,,,,,,84.5,2.35,,0.0,0.0,42.5,751.0,
2023-09-13 07:00:00,23.333333333333332,46.333333333333336,6.066666666666666,13.166666666666666,11.933333333333332,17.7,2.766666666666667,,,,,,,,,,80.66666666666667,1.9666666666666668,,0.0,0.0,161.33333333333334,752.6666666666666,
2023-09-13 08:00:00,25.25,66.25,5.4,12.975,11.3,15.15,2.475,,,,,,,,,,75.5,2.2,,0.0,0.0,290.75,754.0,
2023-09-13 09:00:00,28.25,75.25,4.375,11.7,9.775,14.275,2.725,,,,,,,,,,66.25,2.2,,0.0,0.0,349.5,754.0,
2023-09-13 10:00:00,24.75,72.75,4.625,12.25,10.275,12.125,1.65,,,,,,,,,,64.0,1.95,,0.0,0.0,334.5,753.5,
2023-09-13 11:00:00,21.0,72.0,4.1,10.633333333333333,9.0,12.533333333333333,0.9666666666666667,,,,,,,,,,62.333333333333336,2.3666666666666667,,0.0,0.0,470.3333333333333,752.0,
2023-09-13 12:00:00,12.0,51.25,5.0,11.3,10.075,19.25,0.32499999999999996,,,,,,,,,,58.75,2.1,,0.0,0.0,292.25,750.25,
2023-09-13 13:00:00,18.0,46.25,4.5,12.225,10.175,18.125,0.7999999999999999,,,,,,,,,,59.0,1.7,,0.0,0.0,228.75,749.25,
2023-09-13 14:00:00,20.0,46.5,3.6999999999999997,13.8,10.35,20.875,1.95,,,,,,,,,,59.5,1.625,,0.0,0.0,244.25,747.75,
2023-09-13 15:00:00,25.75,53.75,4.175,13.775,10.75,22.125,2.275,,,,,,,,,,59.0,2.275,,0.0,0.0,255.25,746.75,
2023-09-13 16:00:00,25.0,78.0,3.85,13.1,10.075,21.9,1.2999999999999998,,,,,,,,,,58.0,2.025,,0.0,0.0,176.25,746.0,
2023-09-13 17:00:00,27.5,76.5,2.925,17.1,11.45,15.8,2.575,,,,,,,,,,69.25,2.025,,0.0,0.0,52.75,746.5,
2023-09-13 18:00:00,38.75,93.75,2.7,21.95,13.875,14.675,0.875,,,,,,,,,,72.75,1.95,,0.0,0.0,16.5,747.25,
2023-09-13 19:00:00,49.0,110.75,4.0,19.675,13.725,14.45,1.275,,,,,,,,,,71.75,2.5,,0.0,0.0,16.0,749.25,
2023-09-13 20:00:00,40.0,108.5,6.125,25.6,18.575,12.0,1.175,,,,,,,,,,68.75,1.15,,0.0,0.0,16.0,750.5,
2023-09-13 21:00:00,24.0,53.5,4.275,20.775,14.5,17.25,0.75,,,,,,,,,,75.75,2.425,,0.5,0.5,15.25,753.0,
2023-09-13 22:00:00,24.75,54.0,5.825,23.75,17.35,15.9,2.25,,,,,,,,,,89.5,1.025,,0.25,0.25,14.25,752.5,
2023-09-13 23:00:00,10.75,26.25,4.575,28.075,18.7,15.0,2.475,,,,,,,,,,90.75,0.875,,0.0,0.0,15.0,751.75,
2023-09-14 00:00:00,14.333333333333334,35.333333333333336,3.5,16.833333333333332,11.799999999999999,20.400000000000002,1.0,,,,,,,,,,91.0,1.4666666666666668,,0.0,0.0,15.0,751.0,
2023-09-14 01:00:00,12.75,38.0,2.9749999999999996,15.925,10.9,14.25,2.05,,,,,,,,,,90.25,2.05,,0.0,0.0,15.0,750.0,
2023-09-14 02:00:00,18.0,33.25,3.525,12.4,9.475,13.1,2.975,,,,,,,,,,86.5,2.0,,0.0,0.0,15.0,749.0,
2023-09-14 03:00:00,16.0,34.0,4.0,9.825,8.5,13.05,2.3,,,,,,,,,,86.25,1.7,,0.0,0.0,15.0,749.0,
2023-09-14 04:00:00,11.25,26.75,3.9,11.575,9.325,13.375,2.225,,,,,,,,,,87.75,1.35,,0.0,0.0,15.0,749.5,
2023-09-14 05:00:00,14.5,32.25,5.275,14.45,12.0,15.2,0.875,,,,,,,,,,87.25,1.575,,0.0,0.0,15.0,750.0,
2023-09-14 06:00:00,14.5,36.75,9.15,18.575,17.325,12.65,1.7,,,,,,,,,,83.25,1.6,,0.0,0.0,38.75,751.25,
2023-09-14 07:00:00,18.75,47.25,8.875,15.05,15.225,14.975,2.075,,,,,,,,,,76.25,2.1500000000000004,,0.0,0.0,128.25,752.75,
2023-09-14 08:00:00,18.333333333333332,47.0,8.1,16.099999999999998,15.166666666666666,16.0,2.1999999999999997,,,,,,,,,,73.0,2.033333333333333,,0.0,0.0,227.33333333333334,754.0,
2023-09-14 09:00:00,21.5,53.5,6.275,17.625,14.475,13.5,3.025,,,,,,,,,,69.5,1.875,,0.0,0.0,343.75,754.75,
2023-09-14 10:00:00,26.75,56.5,5.2,13.475,11.4,13.350000000000001,1.975,,,,,,,,,,67.25,2.025,,0.0,0.0,421.75,753.75,
2023-09-14 11:00:00,20.25,44.0,4.550000000000001,12.475,10.325,12.325,1.425,,,,,,,,,,63.25,2.525,,0.0,0.0,534.5,752.25,
2023-09-14 12:00:00,19.75,47.0,4.125,11.75,9.6,12.825,0.85,,,,,,,,,,61.5,2.275,,0.0,0.0,554.75,750.75,
2023-09-14 13:00:00,16.5,46.0,4.375,11.225,9.524999999999999,18.25,0.43333333333333335,,,,,,,,,,59.0,2.45,,0.0,0.0,470.25,749.25,
2023-09-14 14:00:00,17.5,44.75,3.45,11.575,8.95,19.925,1.25,,,,,,,,,,57.75,1.85,,0.0,0.0,363.75,748.0,
2023-09-14 15:00:00,15.5,48.25,3.325,10.45,8.25,20.775,1.075,,,,,,,,,,58.0,1.5,,0.0,0.0,295.5,747.0,
2023-09-14 16:00:00,18.0,51.5,3.15,12.850000000000001,9.425,20.125,1.7,,,,,,,,,,72.25,2.9,,0.0,0.0,126.5,746.75,
2023-09-14 17:00:00,29.5,81.75,2.35,18.45,11.725000000000001,16.675,4.075,,,,,,,,,,74.0,2.675,,0.0,0.0,65.25,747.25,
2023-09-14 18:00:00,29.5,94.25,3.45,16.25,11.425,13.75,6.699999999999999,,,,,,,,,,76.75,3.125,,0.0,0.0,16.0,749.0,
2023-09-14 19:00:00,32.25,82.0,3.25,15.975,11.15,12.3,4.6,,,,,,,,,,80.75,2.1,,0.0,0.0,15.75,750.5,
2023-09-14 20:00:00,27.0,61.0,2.95,14.375,10.05,11.975,3.375,,,,,,,,,,87.0,2.2,,0.0,0.0,15.0,752.0,
2023-09-14 21:00:00,17.0,31.0,9.25,28.75,22.775,7.675,2.975,,,,,,,,,,86.75,1.5,,0.0,0.0,14.75,752.5,
2023-09-14 22:00:00,17.75,32.5,6.15,24.9,18.275,13.425,3.75,,,,,,,,,,88.0,1.2,,0.0,0.0,15.0,753.0,
2023-09-14 23:00:00,17.0,34.666666666666664,4.533333333333333,19.866666666666667,14.266666666666666,16.833333333333332,2.966666666666667,,,,,,,,,,89.66666666666667,1.3,,0.0,0.0,15.0,752.0,
2023-09-15 00:00:00,12.25,34.0,4.45,20.8,14.675,16.575,1.9,,,,,,,,,,88.75,1.65,,0.0,0.0,15.0,751.0,
2023-09-15 01:00:00,18.0,44.5,3.6,17.225,12.1,16.675,8.975000000000001,,,,,,,,,,88.0,1.375,,0.0,0.0,15.0,750.25,
2023-09-15 02:00:00,20.25,38.75,3.5,14.275,10.425,12.025,11.3,,,,,,,,,,88.0,1.6,,0.0,0.0,15.75,749.25,
2023-09-15 03:00:00,11.25,34.5,3.175,10.95,8.45,12.175,8.175,,,,,,,,,,88.25,1.9249999999999998,,0.0,0.0,15.75,749.0,
2023-09-15 04:00:00,16.5,32.75,3.4499999999999997,12.175,9.25,10.575,7.6,,,,,,,,,,89.75,1.65,,0.0,0.0,15.75,749.5,
2023-09-15 05:00:00,12.5,31.75,5.725,14.075,12.125,11.825,6.025,,,,,,,,,,89.75,1.725,,0.0,0.0,16.25,750.25,
2023-09-15 06:00:00,14.75,31.5,6.55,13.274999999999999,12.375,14.775,4.025,,,,,,,,,,87.25,1.925,,0.0,0.0,58.25,751.75,
2023-09-15 07:00:00,16.0,34.25,5.95,12.925,11.75,15.625,2.625,,,,,,,,,,82.25,2.05,,0.0,0.0,166.5,753.5,
2023-09-15 08:00:00,14.75,39.75,6.4,12.275,11.75,16.575000000000003,5.6,,,,,,,,,,76.0,1.75,,0.0,0.0,310.5,755.0,
2023-09-15 09:00:00,20.75,46.0,5.025,12.3,10.65,18.875,6.225,,,,,,,,,,71.25,2.325,,0.0,0.0,448.25,755.0,
2023-09-15 10:00:00,20.5,46.0,4.25,9.075,8.3,16.4,2.35,,,,,,,,,,67.0,2.85,,0.0,0.0,539.0,755.0,
2023-09-15 11:00:00,14.666666666666666,39.0,3.4,7.6000000000000005,6.833333333333333,14.433333333333332,2.466666666666667,,,,,,,,,,64.33333333333333,2.6999999999999997,,0.0,0.0,575.6666666666666,754.0,
2023-09-15 12:00:00,17.5,41.5,3.8,6.875,6.75,13.65,1.2000000000000002,,,,,,,,,,61.5,2.875,,0.0,0.0,577.25,752.5,
2023-09-15 13:00:00,14.5,35.75,3.8,7.275,6.975,15.3,0.6000000000000001,,,,,,,,,,59.5,2.9,,0.0,0.0,479.25,750.75,
2023-09-15 14:00:00,12.75,34.0,4.05,7.825,7.45,20.275,0.75,,,,,,,,,,58.0,2.475,,0.0,0.0,475.25,749.25,
2023-09-15 15:00:00,19.5,40.75,3.5,8.8,7.55,21.549999999999997,1.3,,,,,,,,,,58.0,2.95,,0.0,0.0,352.0,748.0,
2023-09-15 16:00:00,15.75,47.0,4.125,11.15,9.3,20.775,1.375,,,,,,,,,,61.5,2.575,,0.0,0.0,177.75,747.5,
2023-09-15 17:00:00,18.25,59.75,2.7,14.375,9.825,21.15,0.55,,,,,,,,,,73.0,2.525,,0.0,0.0,31.0,747.75,
2023-09-15 18:00:00,17.25,58.25,2.65,12.825,8.975,18.25,1.625,,,,,,,,,,79.75,3.375,,0.0,0.0,15.75,749.75,
2023-09-15 19:00:00,16.0,47.5,3.075,17.325,11.725,14.25,2.725,,,,,,,,,,83.25,2.7,,0.0,0.0,15.75,751.0,
2023-09-15 20:00:00,25.0,47.75,2.675,12.05,8.575,14.5,2.6999999999999997,,,,,,,,,,85.5,2.525,,0.0,0.0,15.75,752.25,
2023-09-15 21:00:00,17.75,49.25,5.0,15.825,12.475,11.4,2.225,,,,,,,,,,84.75,2.25,,0.0,0.0,15.75,753.5,
2023-09-15 22:00:00,21.75,60.5,5.65,13.075,11.55,17.025,0.925,,,,,,,,,,84.75,2.65,,0.0,0.0,15.75,753.75,
2023-09-15 23:00:00,17.5,46.25,4.85,16.4,12.65,17.675,1.9666666666666668,,,,,,,,,,86.0,2.1,,0.0,0.0,15.75,754.0,
2023-09-16 00:00:00,16.25,43.25,4.725,20.125,14.525,16.225,5.0,,,,,,,,,,85.75,0.9,,0.0,0.0,15.75,753.0,
2023-09-16 01:00:00,16.25,40.5,4.5,13.475,10.8,19.45,4.6,,,,,,,,,,83.25,1.525,,0.0,0.0,15.75,752.5,
2023-09-16 02:00:00,14.0,34.75,3.8,12.175,9.55,18.1,8.924999999999999,,,,,,,,,,83.75,1.375,,0.0,0.0,16.0,752.0,
2023-09-16 03:00:00,13.0,23.75,4.025,12.925,10.15,12.649999999999999,11.475,,,,,,,,,,86.25,1.5,,0.0,0.0,16.0,751.0,
2023-09-16 04:00:00,11.5,30.75,4.5,13.275,10.7,11.025,8.45,,,,,,,,,,87.0,1.325,,0.0,0.0,16.0,751.25,
2023-09-16 05:00:00,15.5,38.0,6.55,16.025000000000002,13.85,8.375,7.275,,,,,,,,,,87.0,1.15,,0.0,0.0,16.0,752.0,
2023-09-16 06:00:00,14.25,44.0,8.3,16.55,15.525,11.45,5.175,,,,,,,,,,86.5,1.5499999999999998,,0.0,0.0,46.0,752.5,
2023-09-16 07:00:00,16.5,47.5,10.55,16.35,17.3,13.6,3.975,,,,,,,,,,81.0,1.8,,0.0,0.0,174.75,753.5,
2023-09-16 08:00:00,21.25,62.25,8.475,15.975000000000001,15.4,16.0,5.075,,,,,,,,,,73.75,1.65,,0.0,0.0,339.5,755.0,
2023-09-16 09:00:00,21.75,68.0,4.824999999999999,11.975,10.275,19.975,4.0,,,,,,,,,,68.25,2.2750000000000004,,0.0,0.0,473.5,755.0,
2023-09-16 10:00:00,21.333333333333332,47.0,4.433333333333334,10.966666666666669,9.433333333333334,21.066666666666666,4.2,,,,,,,,,,65.33333333333333,2.0666666666666664,,0.0,0.0,457.0,755.0,
2023-09-16 11:00:00,21.5,49.5,3.4,9.65,7.9,17.625,4.375,,,,,,,,,,64.5,2.225,,0.0,0.0,507.75,753.75,
2023-09-16 12:00:00,20.0,56.75,3.4250000000000003,10.675,8.475,17.575,3.825,,,,,,,,,,62.0,2.225,,0.0,0.0,451.0,752.5,
2023-09-16 13:00:00,20.25,55.25,3.375,11.5,8.825,19.3,3.575,,,,,,,,,,60.75,2.0999999999999996,,0.0,0.0,407.75,750.5,
2023-09-16 14:00:00,24.75,61.5,3.425,14.649999999999999,10.575,22.05,6.025,,,,,,,,,,67.5,2.775,,0.0,0.0,200.25,748.5,
2023-09-16 15:00:00,31.0,77.25,3.625,13.225,9.975000000000001,24.975,4.775,,,,,,,,,,81.25,3.4,,2.0,2.0,36.0,748.75,
2023-09-16 16:00:00,14.75,42.25,5.45,24.925,17.65,18.1,3.85,,,,,,,,,,93.0,2.725,,0.0,0.0,16.75,749.0,
2023-09-16 17:00:00,12.25,26.5,5.575,25.175,17.925,27.025,3.45,,,,,,,,,,92.5,2.15,,0.0,0.0,13.5,750.0,
2023-09-16 18:00:00,17.5,33.5,4.6000000000000005,19.900000000000002,14.366666666666667,36.5,3.525,,,,,,,,,,92.5,2.525,,0.0,0.0,13.0,750.0,
2023-09-16 19:00:00,,,4.7,20.8,14.9,39.4,,,,,,,,,,,,,,,0.0,,,
2023-09-16 20:00:00,22.0,41.0,34.349999999999994,14.9,26.75,22.0,,,,,,,,,,,89.33333333333333,2.1999999999999997,,0.0,0.0,14.666666666666666,753.3333333333334,
2023-09-16 21:00:00,6.0,,4.075,13.875,10.725,19.55,0.8500000000000001,,,,,,,,,,95.75,2.95,,7.25,7.25,15.5,755.0,
2023-09-16 22:00:00,7.5,,8.025,22.95,18.75,6.65,6.975,,,,,,,,,,99.0,1.5,,0.5,0.5,15.25,755.5,
2023-09-16 23:00:00,11.75,,10.5,21.525,20.0,5.35,7.8999999999999995,,,,,,,,,,99.0,1.55,,0.5,0.5,16.0,754.0,
2023-09-17 00:00:00,9.75,,3.7,12.725,9.75,11.85,4.275,,,,,,,,,,,1.675,,0.75,0.75,15.75,753.25,
2023-09-17 01:00:00,7.0,,3.225,11.325,8.6,13.725,2.875,,,,,,,,,,,2.55,,0.0,0.0,15.25,752.0,
2023-09-17 02:00:00,9.25,,4.275,8.25,7.875,19.25,0.6,,,,,,,,,,,2.6,,0.0,0.0,15.25,751.25,
2023-09-17 03:00:00,7.25,,3.825,8.475,7.6,19.675,,,,,,,,,,,,1.7999999999999998,,0.0,0.0,15.0,750.5,
2023-09-17 04:00:00,8.5,,2.6500000000000004,8.7,6.75,18.925,1.9000000000000001,,,,,,,,,,,1.475,,0.0,0.0,15.0,751.0,
2023-09-17 05:00:00,9.5,,5.35,9.8,9.55,17.1,3.425,,,,,,,,,,,1.3,,0.0,0.0,15.0,751.25,
2023-09-17 06:00:00,7.5,,4.625,12.5,10.4,10.475,3.1,,,,,,,,,,99.0,1.2000000000000002,,0.0,0.0,20.5,752.25,
2023-09-17 07:00:00,7.0,,7.3,14.975,13.925,8.025,2.65,,,,,,,,,,98.75,1.4,,0.0,0.0,48.0,753.25,
2023-09-17 08:00:00,9.25,,6.375,13.325,12.275,10.675,0.625,,,,,,,,,,96.5,1.375,,0.0,0.0,115.5,754.75,
2023-09-17 09:00:00,7.0,,4.55,12.725,10.475,11.05,0.9,,,,,,,,,,92.25,1.625,,0.0,0.0,262.0,755.5,
2023-09-17 10:00:00,10.0,,5.15,11.55,10.325,14.475,1.875,,,,,,,,,,82.75,1.75,,0.0,0.0,514.75,754.75,
2023-09-17 11:00:00,16.5,,4.525,10.0,8.975,16.85,1.45,,,,,,,,,,74.75,2.025,,0.0,0.0,565.0,753.5,
2023-09-17 12:00:00,9.75,,3.575,9.024999999999999,7.725,18.05,4.050000000000001,,,,,,,,,,71.5,1.85,,0.0,0.0,517.5,751.75,
2023-09-17 13:00:00,13.25,,3.5,9.4,7.85,18.25,3.925,,,,,,,,,,68.75,1.55,,0.0,0.0,369.25,750.0,
2023-09-17 14:00:00,16.25,,2.075,7.300000000000001,5.575,16.675,2.95,,,,,,,,,,67.0,1.625,,0.0,0.0,363.5,748.0,
2023-09-17 15:00:00,17.0,,2.525,9.225,6.975,12.775,3.35,,,,,,,,,,71.75,1.675,,0.0,0.0,201.5,747.0,
2023-09-17 16:00:00,25.0,,2.675,12.1,8.625,12.65,0.575,,,,,,,,,,79.0,2.175,,0.0,0.0,130.5,747.5,
2023-09-17 17:00:00,21.0,,2.95,13.95,9.825,10.675,1.05,,,,,,,,,,84.25,1.75,,0.0,0.0,29.0,748.0,
2023-09-17 18:00:00,17.5,,3.9499999999999997,14.8,11.1,17.475,2.675,,,,,,,,,,87.75,1.575,,0.0,0.0,15.25,748.25,
2023-09-17 19:00:00,17.0,,3.4499999999999997,19.425,13.1,15.325,3.425,,,,,,,,,,86.5,1.5,,0.0,0.0,15.0,749.5,
2023-09-17 20:00:00,21.25,,2.9250000000000003,19.2,12.575,15.775,5.45,,,,,,,,,,87.0,1.5499999999999998,,0.0,0.0,15.0,751.0,
2023-09-17 21:00:00,23.0,,3.733333333333333,20.833333333333332,14.1,14.699999999999998,4.933333333333334,,,,,,,,,,86.33333333333333,0.9,,0.0,0.0,15.0,751.0,
2023-09-17 22:00:00,21.0,,2.4,16.549999999999997,10.775,14.850000000000001,2.225,,,,,,,,,,85.0,1.9250000000000003,,0.0,0.0,15.0,751.75,
2023-09-17 23:00:00,24.25,,3.45,10.8,8.55,12.775,3.25,,,,,,,,,,86.25,2.35,,0.0,0.0,15.0,752.0,
2023-09-18 00:00:00,14.25,,2.65,7.05,5.875,14.25,2.825,,,,,,,,,,90.75,2.35,,0.25,0.25,15.0,751.5,
2023-09-18 01:00:00,8.75,,2.6,5.625,5.125,14.025,2.5,,,,,,,,,,94.0,2.225,,0.0,0.0,14.0,750.5,
2023-09-18 02:00:00,8.25,,3.375,6.75,6.35,15.899999999999999,2.325,,,,,,,,,,93.5,1.775,,0.0,0.0,15.0,749.0,
2023-09-18 03:00:00,7.666666666666667,,3.6333333333333333,10.366666666666665,8.5,15.633333333333335,1.5333333333333332,,,,,,,,,,92.0,1.2333333333333334,,0.0,0.0,15.0,748.0,
2023-09-18 04:00:00,5.25,,4.4,12.9,10.4,14.4,0.1,,,,,,,,,,91.75,1.35,,0.0,0.0,15.0,748.0,
2023-09-18 05:00:00,6.0,,5.5,12.925,11.35,13.925,0.7000000000000001,,,,,,,,,,91.0,1.35,,0.0,0.0,15.0,748.75,
2023-09-18 06:00:00,7.5,,4.875,11.725,10.2,14.475,3.025,,,,,,,,,,89.25,1.65,,0.0,0.0,33.75,749.5,
2023-09-18 07:00:00,10.75,,4.65,8.475,8.3,12.925,4.1,,,,,,,,,,87.25,2.325,,0.0,0.0,146.75,751.5,
2023-09-18 08:00:00,7.0,,4.775,8.675,8.5,14.075,2.05,,,,,,,,,,82.0,2.375,,0.0,0.0,267.75,753.5,
2023-09-18 09:00:00,12.0,31.0,3.6,9.55,8.0,14.85,3.375,,,,,,,,,,81.0,2.3,,0.0,0.0,222.0,754.0,
2023-09-18 10:00:00,13.75,32.0,3.15,8.899999999999999,7.275,12.625,0.625,,,,,,,,,,77.0,2.25,,0.0,0.0,397.0,754.0,
2023-09-18 11:00:00,20.0,35.0,4.225,8.7,8.05,15.925,,,,,,,,,,,71.75,2.175,,0.0,0.0,592.25,753.5,
2023-09-18 12:00:00,21.25,34.25,3.9,7.325,7.05,17.45,2.075,,,,,,,,,,68.0,2.125,,0.0,0.0,561.25,751.5,
2023-09-18 13:00:00,16.75,33.75,3.4000000000000004,7.125,6.575,18.2,1.225,,,,,,,,,,65.5,2.05,,0.0,0.0,431.25,750.0,
2023-09-18 14:00:00,18.75,36.75,3.075,7.3500000000000005,6.375,18.525,2.5,,,,,,,,,,63.75,1.45,,0.0,0.0,304.75,749.0,
2023-09-18 15:00:00,18.0,34.5,2.425,7.75,6.075,15.325,3.775,,,,,,,,,,65.5,1.5,,0.0,0.0,259.5,748.0,
2023-09-18 16:00:00,19.5,53.75,3.35,7.55,6.75,13.425,2.7,,,,,,,,,,77.75,2.4,,0.0,0.0,81.75,747.75,
2023-09-18 17:00:00,22.0,60.25,2.8,7.675,6.375,12.6,3.0,,,,,,,,,,87.25,2.95,,3.25,3.25,24.25,749.5,
2023-09-18 18:00:00,14.0,25.666666666666668,4.0,12.633333333333335,9.966666666666667,10.533333333333333,3.766666666666667,,,,,,,,,,93.0,1.5,,0.0,0.0,15.0,749.6666666666666,
2023-09-18 19:00:00,9.75,21.0,5.925,18.625,14.7,11.4,3.525,,,,,,,,,,91.75,1.8,,0.0,0.0,15.75,750.5,
2023-09-18 20:00:00,8.75,19.75,5.425,20.575,15.375,12.325,1.0333333333333334,,,,,,,,,,87.25,1.65,,0.0,0.0,15.75,751.5,
2023-09-18 21:00:00,12.0,22.0,10.175,21.475,19.725,9.9,0.6000000000000001,,,,,,,,,,88.5,1.525,,0.0,0.0,15.75,752.75,
2023-09-18 22:00:00,22.0,35.75,3.3249999999999997,12.425,9.3,17.325,2.05,,,,,,,,,,92.0,2.575,,0.0,0.0,15.75,753.25,
2023-09-18 23:00:00,14.75,21.25,2.25,8.325,6.3,16.349999999999998,2.5,,,,,,,,,,91.5,2.175,,0.0,0.0,15.75,753.5,
2023-09-19 00:00:00,10.333333333333334,16.666666666666668,2.9333333333333336,6.6000000000000005,5.8999999999999995,12.866666666666667,2.4,,,,,,,,,,87.0,2.033333333333333,,0.0,0.0,16.0,754.0,
2023-09-19 01:00:00,8.5,18.25,2.875,7.625,6.4,12.025,2.85,,,,,,,,,,89.25,0.9,,0.0,0.0,16.0,753.25,
2023-09-19 02:00:00,7.0,19.0,3.275,6.925000000000001,6.325,11.875,1.15,,,,,,,,,,90.75,1.55,,0.0,0.0,16.0,752.0,
2023-09-19 03:00:00,,,3.925,8.375,7.675,14.5,0.625,,,,,,,,,,91.0,1.55,,0.0,0.0,15.75,750.75,
2023-09-19 04:00:00,7.0,9.0,4.05,9.975,8.575,14.5,2.375,,,,,,,,,,91.0,1.525,,0.0,0.0,16.0,751.0,
2023-09-19 05:00:00,7.0,9.0,4.7,10.55,9.45,14.5,2.625,,,,,,,,,,91.0,2.175,,0.0,0.0,16.0,751.0,
2023-09-19 06:00:00,7.0,14.0,6.05,11.45,11.0,13.85,0.925,,,,,,,,,,91.5,1.95,,0.0,0.0,34.25,752.25,
2023-09-19 07:00:00,9.0,16.75,6.6,11.075,11.275,13.325,1.675,,,,,,,,,,88.75,1.75,,0.0,0.0,165.75,754.0,
2023-09-19 08:00:00,15.25,29.5,6.95,10.525,11.25,10.55,2.25,,,,,,,,,,84.0,2.025,,0.0,0.0,253.0,755.0,
2023-09-19 09:00:00,16.0,43.0,6.975,13.45,12.825,9.274999999999999,3.025,,,,,,,,,,76.25,2.0,,0.0,0.0,472.5,756.0,
2023-09-19 10:00:00,17.25,43.25,6.8500000000000005,13.024999999999999,12.5,18.375,4.125,,,,,,,,,,67.5,2.0,,0.0,0.0,540.75,755.5,
2023-09-19 11:00:00,20.5,41.75,3.95,9.95,8.55,11.975,5.4,,,,,,,,,,65.5,2.15,,0.0,0.0,578.25,754.75,
2023-09-19 12:00:00,19.5,37.75,4.65,10.675,9.5,14.775,1.95,,,,,,,,,,61.75,2.1,,0.0,0.0,560.25,753.5,
2023-09-19 13:00:00,19.5,44.75,4.15,9.75,8.55,17.55,1.975,,,,,,,,,,60.0,1.575,,0.0,0.0,419.75,753.0,
2023-09-19 14:00:00,17.0,43.25,3.225,10.7,8.325,21.3,1.875,,,,,,,,,,59.0,1.55,,0.0,0.0,403.75,752.0,
2023-09-19 15:00:00,24.25,52.5,3.25,13.15,9.675,23.55,1.175,,,,,,,,,,69.75,2.25,,0.0,0.0,268.25,751.25,
2023-09-19 16:00:00,27.25,60.0,2.675,16.275,10.825,22.425,1.0333333333333332,,,,,,,,,,73.5,1.975,,0.0,0.0,117.25,750.25,
2023-09-19 17:00:00,26.75,63.0,3.375,19.0,12.825,14.525,1.825,,,,,,,,,,77.75,1.9,,0.0,0.0,47.25,750.0,
2023-09-19 18:00:00,31.75,71.5,3.225,18.4,12.425,12.25,1.3499999999999999,,,,,,,,,,80.75,2.0,,0.0,0.0,15.5,750.75,
2023-09-19 19:00:00,32.25,73.5,3.275,22.825,14.8,9.9,2.325,,,,,,,,,,82.25,1.775,,0.0,0.0,15.0,752.25,
2023-09-19 20:00:00,34.25,82.25,3.85,22.65,15.175,11.175,4.425,,,,,,,,,,82.25,1.725,,0.0,0.0,15.0,753.5,
2023-09-19 21:00:00,31.0,79.75,4.775,23.3,16.3,14.05,5.2,,,,,,,,,,83.5,1.925,,0.0,0.0,15.0,755.25,
2023-09-19 22:00:00,33.75,78.0,3.375,17.425,12.024999999999999,16.55,2.55,,,,,,,,,,85.75,2.25,,0.0,0.0,15.0,756.0,
2023-09-19 23:00:00,21.25,43.25,3.125,12.775,9.325000000000001,18.525,1.9,,,,,,,,,,87.5,1.9500000000000002,,0.0,0.0,15.0,755.5,
2023-09-20 00:00:00,15.25,28.25,3.225,8.7,7.2250000000000005,19.875,3.875,,,,,,,,,,89.75,2.05,,0.0,0.0,15.0,754.75,
2023-09-20 01:00:00,19.75,25.75,2.425,6.875,5.625,15.675,4.525,,,,,,,,,,90.25,1.725,,0.0,0.0,15.0,754.25,
2023-09-20 02:00:00,13.75,26.25,2.275,7.375,5.75,13.35,2.35,,,,,,,,,,91.0,1.675,,0.0,0.0,15.0,753.0,
2023-09-20 03:00:00,17.75,30.75,3.2,9.15,7.45,11.725,2.025,,,,,,,,,,90.5,1.475,,0.0,0.0,15.0,753.0,
2023-09-20 04:00:00,20.75,34.75,5.075,14.325,11.725000000000001,10.95,3.575,,,,,,,,,,89.75,1.225,,0.0,0.0,15.0,753.0,
2023-09-20 05:00:00,14.25,41.5,7.525,16.725,15.0,11.825,1.85,,,,,,,,,,86.75,1.3,,0.0,0.0,15.25,753.25,
2023-09-20 06:00:00,18.5,51.0,10.125,19.875,18.8,10.325,2.675,,,,,,,,,,84.75,1.225,,0.0,0.0,44.5,753.75,
2023-09-20 07:00:00,27.75,66.75,8.075,19.275,16.849999999999998,12.95,3.3,,,,,,,,,,81.25,1.6749999999999998,,0.0,0.0,142.25,755.5,
2023-09-20 08:00:00,25.0,69.5,5.65,14.9,12.5,16.775,1.15,,,,,,,,,,76.25,2.3,,0.0,0.0,277.0,756.0,
2023-09-20 09:00:00,27.0,69.25,3.5999999999999996,13.825,10.25,15.2,2.675,,,,,,,,,,70.75,2.25,,0.0,0.0,430.25,756.75,
2023-09-20 10:00:00,23.75,60.75,4.45,11.825,9.9,12.35,2.1,,,,,,,,,,64.5,2.175,,0.0,0.0,530.0,756.25,
2023-09-20 11:00:00,23.0,52.0,4.75,10.775,9.6,11.75,2.475,,,,,,,,,,62.5,2.05,,0.0,0.0,541.75,755.25,
2023-09-20 12:00:00,22.5,54.25,3.525,10.875,8.65,12.7,2.9,,,,,,,,,,61.25,1.85,,0.0,0.0,538.25,753.5,
2023-09-20 13:00:00,20.5,48.75,5.025,10.5,9.65,18.1,1.6500000000000001,,,,,,,,,,59.75,1.95,,0.0,0.0,462.0,751.75,
2023-09-20 14:00:00,18.0,39.75,4.375,11.975,9.925,19.7,0.5499999999999999,,,,,,,,,,59.5,1.725,,0.0,0.0,400.25,750.75,
2023-09-20 15:00:00,16.0,45.75,3.675,11.225,8.975,20.4,0.675,,,,,,,,,,65.0,2.525,,0.0,0.0,276.75,749.75,
2023-09-20 16:00:00,19.5,60.5,2.85,11.4,8.35,21.1,3.7,,,,,,,,,,73.75,2.625,,0.0,0.0,148.25,750.0,
2023-09-20 17:00:00,25.75,74.25,2.475,12.925,8.875,19.8,5.6,,,,,,,,,,76.5,2.0999999999999996,,0.0,0.0,52.25,750.0,
2023-09-20 18:00:00,35.75,79.75,2.15,14.325,9.375,15.275,3.35,,,,,,,,,,79.0,1.8,,0.0,0.0,15.25,751.25,
2023-09-20 19:00:00,23.0,67.0,2.9,17.166666666666668,11.5,12.700000000000001,3.1666666666666665,,,,,,,,,,82.66666666666667,1.7,,0.0,0.0,15.0,752.6666666666666,
2023-09-20 20:00:00,35.25,85.5,4.175000000000001,22.425,15.325,8.7,2.85,,,,,,,,,,74.75,1.175,,0.0,0.0,15.0,754.5,
2023-09-20 21:00:00,34.5,90.25,6.275,20.85,16.200000000000003,11.625,1.95,,,,,,,,,,73.75,1.1,,0.0,0.0,15.0,755.25,
2023-09-20 22:00:00,29.25,94.5,9.025,25.375,20.85,10.775,1.225,,,,,,,,,,76.25,0.875,,0.0,0.0,15.0,755.5,
2023-09-20 23:00:00,25.25,91.25,4.0,16.35,11.925,17.625,1.6666666666666667,,,,,,,,,,75.0,1.175,,0.0,0.0,15.0,755.25,
2023-09-21 00:00:00,18.25,50.5,3.5250000000000004,15.175,10.925,17.975,3.925,,,,,,,,,,77.0,1.15,,0.0,0.0,15.0,754.75,
2023-09-21 01:00:00,14.0,49.75,3.15,15.125,10.625,18.325,4.6,,,,,,,,,,78.75,1.575,,0.0,0.0,15.0,754.0,
2023-09-21 02:00:00,16.0,38.75,2.75,8.375,6.725,15.925,3.1999999999999997,,,,,,,,,,84.25,1.925,,0.0,0.0,15.0,753.5,
2023-09-21 03:00:00,14.666666666666666,27.333333333333332,2.733333333333333,8.799999999999999,6.8999999999999995,13.4,4.033333333333333,,,,,,,,,,87.0,1.9333333333333333,,0.0,0.0,15.0,753.3333333333334,
2023-09-21 04:00:00,18.0,30.0,2.775,7.325,6.15,12.825,2.025,,,,,,,,,,85.25,2.0999999999999996,,0.0,0.0,15.0,754.0,
2023-09-21 05:00:00,12.0,21.0,3.45,9.325,7.75,13.3,0.975,,,,,,,,,,86.5,2.1500000000000004,,0.0,0.0,15.0,754.5,
2023-09-21 06:00:00,12.5,21.75,4.625,12.325,10.325,15.55,1.725,,,,,,,,,,91.0,2.1500000000000004,,0.25,0.25,17.0,755.75,
2023-09-21 07:00:00,14.0,24.0,3.65,11.3,8.975,16.35,2.35,,,,,,,,,,94.75,2.025,,1.25,1.25,20.0,756.75,
2023-09-21 08:00:00,8.0,15.0,6.225,17.75,14.475,13.075000000000001,1.6,,,,,,,,,,96.0,1.175,,0.75,0.75,35.0,756.75,
2023-09-21 09:00:00,11.75,17.5,12.3,21.25,21.275,10.05,1.3,,,,,,,,,,94.25,1.5750000000000002,,0.0,0.0,142.5,756.75,
2023-09-21 10:00:00,20.75,27.5,7.625,16.925,15.2,9.625,2.9,,,,,,,,,,85.5,1.65,,0.0,0.0,414.5,757.0,
2023-09-21 11:00:00,14.0,39.0,4.975,15.95,12.525,10.5,2.325,,,,,,,,,,75.75,1.8250000000000002,,0.0,0.0,518.25,756.75,
2023-09-21 12:00:00,16.0,47.75,3.875,13.6,10.375,12.5,2.475,,,,,,,,,,71.75,2.1,,0.0,0.0,512.5,754.5,
2023-09-21 13:00:00,20.75,39.0,3.45,11.95,9.175,14.4,2.4,,,,,,,,,,69.0,2.15,,0.0,0.0,465.75,752.75,
2023-09-21 14:00:00,19.5,43.5,4.575,12.45,10.35,18.625,0.6000000000000001,,,,,,,,,,66.5,1.7,,0.0,0.0,349.5,752.0,
2023-09-21 15:00:00,25.0,47.5,3.4250000000000003,12.425,9.375,18.85,1.8,,,,,,,,,,66.75,1.625,,0.0,0.0,241.5,751.5,
2023-09-21 16:00:00,20.0,46.5,3.2,12.7,9.35,18.35,0.4,,,,,,,,,,66.75,0.9750000000000001,,0.0,0.0,126.25,751.0,
2023-09-21 17:00:00,24.75,52.0,3.225,18.625,12.55,16.7,0.5,,,,,,,,,,80.0,1.85,,0.0,0.0,39.25,751.25,
2023-09-21 18:00:00,27.75,61.75,1.825,15.55,9.725,15.55,5.225,,,,,,,,,,84.25,1.825,,0.0,0.0,15.25,752.25,
2023-09-21 19:00:00,20.75,57.25,3.025,16.9,11.45,10.45,6.025,,,,,,,,,,85.0,2.225,,0.0,0.0,15.0,753.5,
2023-09-21 20:00:00,21.666666666666668,60.0,2.8666666666666667,15.633333333333333,10.666666666666666,9.9,1.9666666666666666,,,,,,,,,,85.0,1.9666666666666668,,0.0,0.0,15.0,755.3333333333334,
2023-09-21 21:00:00,22.75,50.25,3.025,14.125,10.0,10.075,1.675,,,,,,,,,,85.25,1.8,,0.0,0.0,15.0,756.0,
2023-09-21 22:00:00,17.0,44.25,4.5,14.5,11.375,13.425,,,,,,,,,,,87.25,1.875,,0.0,0.0,15.0,756.0,
2023-09-21 23:00:00,20.0,44.333333333333336,4.8,21.733333333333334,15.466666666666669,11.799999999999999,,,,,,,,,,,88.0,1.5,,0.0,0.0,15.0,755.6666666666666,
2023-09-22 00:00:00,18.75,46.75,4.4,18.4,13.375,14.05,1.7333333333333332,,,,,,,,,,89.75,1.75,,0.0,0.0,15.0,755.0,
2023-09-22 01:00:00,13.75,35.75,3.35,9.65,7.85,17.95,2.025,,,,,,,,,,91.75,1.425,,0.0,0.0,15.0,754.25,
2023-09-22 02:00:00,10.5,24.0,2.875,8.625,6.9,17.0,2.5,,,,,,,,,,92.0,1.45,,0.0,0.0,15.0,753.75,
2023-09-22 03:00:00,11.75,27.25,2.075,7.375,5.625,12.774999999999999,3.075,,,,,,,,,,92.5,1.55,,0.0,0.0,15.0,753.0,
2023-09-22 04:00:00,12.25,29.25,2.45,7.475,5.95,11.625,1.9000000000000001,,,,,,,,,,93.0,1.75,,0.0,0.0,15.0,754.0,
2023-09-22 05:00:00,16.5,33.0,3.55,10.175,8.275,9.825,2.375,,,,,,,,,,93.0,1.05,,0.0,0.0,15.5,754.0,
2023-09-22 06:00:00,18.75,36.5,5.875,13.0,11.649999999999999,10.05,4.25,,,,,,,,,,90.5,1.5,,0.0,0.0,51.75,755.5,
2023-09-22 07:00:00,21.0,50.0,7.0,15.2,13.775,12.3,8.875,,,,,,,,,,84.5,1.575,,0.0,0.0,185.5,756.75,
2023-09-22 08:00:00,23.75,66.25,6.4,15.4,13.425,13.65,39.4,,,,,,,,,,78.25,1.925,,0.0,0.0,329.75,758.0,
2023-09-22 09:00:00,27.75,81.5,4.225,11.625,9.6,16.75,27.3,,,,,,,,,,74.75,2.225,,0.0,0.0,423.5,758.0,
2023-09-22 10:00:00,18.0,63.25,3.4250000000000003,13.075,9.75,16.475,12.6,,,,,,,,,,70.75,1.925,,0.0,0.0,528.25,757.5,
2023-09-22 11:00:00,25.75,66.75,2.8,11.175,8.225,13.95,7.7,,,,,,,,,,66.25,1.8250000000000002,,0.0,0.0,575.0,756.0,
2023-09-22 12:00:00,,,,,,,,,,,,,,,,,,,,,0.0,,,
2023-09-22 13:00:00,,,,,,,,,,,,,,,,,,,,,0.0,,,
2023-09-22 14:00:00,,,,,,,,,,,,,,,,,,,,,0.0,,,
2023-09-22 15:00:00,,,,,,,,,,,,,,,,,,,,,0.0,,,
2023-09-22 16:00:00,,,,,,,,,,,,,,,,,,,,,0.0,,,
2023-09-22 17:00:00,,,,,,,,,,,,,,,,,,,,,0.0,,,
2023-09-22 18:00:00,,,,,,,,,,,,,,,,,,,,,0.0,,,
2023-09-22 19:00:00,,,,,,,,,,,,,,,,,,,,,0.0,,,
2023-09-22 20:00:00,,,,,,,,,,,,,,,,,,,,,0.0,,,
2023-09-22 21:00:00,,,,,,,,,,,,,,,,,,,,,0.0,,,
2023-09-22 22:00:00,,,,,,,,,,,,,,,,,,,,,0.0,,,
2023-09-22 23:00:00,,,,,,,,,,,,,,,,,,,,,0.0,,,
2023-09-23 00:00:00,,,,,,,,,,,,,,,,,,,,,0.0,,,
2023-09-23 01:00:00,,,,,,,,,,,,,,,,,,,,,0.0,,,
2023-09-23 02:00:00,,,,,,,,,,,,,,,,,,,,,0.0,,,
2023-09-23 03:00:00,,,,,,,,,,,,,,,,,,,,,0.0,,,
2023-09-23 04:00:00,,,,,,,,,,,,,,,,,,,,,0.0,,,
2023-09-23 05:00:00,,,,,,,,,,,,,,,,,,,,,0.0,,,
2023-09-23 06:00:00,,,,,,,,,,,,,,,,,,,,,0.0,,,
2023-09-23 07:00:00,,,,,,,,,,,,,,,,,,,,,0.0,,,
2023-09-23 08:00:00,,,,,,,,,,,,,,,,,,,,,0.0,,,
2023-09-23 09:00:00,,,,,,,,,,,,,,,,,,,,,0.0,,,
2023-09-23 10:00:00,,,,,,,,,,,,,,,,,,,,,0.0,,,
2023-09-23 11:00:00,,,,,,,,,,,,,,,,,,,,,0.0,,,
2023-09-23 12:00:00,,,,,,,,,,,,,,,,,,,,,0.0,,,
2023-09-23 13:00:00,,,,,,,,,,,,,,,,,,,,,0.0,,,
2023-09-23 14:00:00,,,,,,,,,,,,,,,,,,,,,0.0,,,
2023-09-23 15:00:00,,,,,,,,,,,,,,,,,,,,,0.0,,,
2023-09-23 16:00:00,,,,,,,,,,,,,,,,,,,,,0.0,,,
2023-09-23 17:00:00,,,,,,,,,,,,,,,,,,,,,0.0,,,
2023-09-23 18:00:00,,,,,,,,,,,,,,,,,,,,,0.0,,,
2023-09-23 19:00:00,,,,,,,,,,,,,,,,,,,,,0.0,,,
2023-09-23 20:00:00,,,,,,,,,,,,,,,,,,,,,0.0,,,
2023-09-23 21:00:00,,,,,,,,,,,,,,,,,,,,,0.0,,,
2023-09-23 22:00:00,,,,,,,,,,,,,,,,,,,,,0.0,,,
2023-09-23 23:00:00,,,,,,,,,,,,,,,,,,,,,0.0,,,
2023-09-24 00:00:00,,,,,,,,,,,,,,,,,,,,,0.0,,,
2023-09-24 01:00:00,,,,,,,,,,,,,,,,,,,,,0.0,,,
2023-09-24 02:00:00,,,,,,,,,,,,,,,,,,,,,0.0,,,
2023-09-24 03:00:00,,,,,,,,,,,,,,,,,,,,,0.0,,,
2023-09-24 04:00:00,,,,,,,,,,,,,,,,,,,,,0.0,,,
2023-09-24 05:00:00,,,,,,,,,,,,,,,,,,,,,0.0,,,
2023-09-24 06:00:00,,,,,,,,,,,,,,,,,,,,,0.0,,,
2023-09-24 07:00:00,,,,,,,,,,,,,,,,,,,,,0.0,,,
2023-09-24 08:00:00,,,,,,,,,,,,,,,,,,,,,0.0,,,
2023-09-24 09:00:00,,,,,,,,,,,,,,,,,,,,,0.0,,,
2023-09-24 10:00:00,,,,,,,,,,,,,,,,,,,,,0.0,,,
2023-09-24 11:00:00,,,,,,,,,,,,,,,,,,,,,0.0,,,
2023-09-24 12:00:00,,,,,,,,,,,,,,,,,,,,,0.0,,,
2023-09-24 13:00:00,,,,,,,,,,,,,,,,,,,,,0.0,,,
2023-09-24 14:00:00,,,,,,,,,,,,,,,,,,,,,0.0,,,
2023-09-24 15:00:00,,,,,,,,,,,,,,,,,,,,,0.0,,,
2023-09-24 16:00:00,,,,,,,,,,,,,,,,,,,,,0.0,,,
2023-09-24 17:00:00,,,,,,,,,,,,,,,,,,,,,0.0,,,
2023-09-24 18:00:00,,,,,,,,,,,,,,,,,,,,,0.0,,,
2023-09-24 19:00:00,,,,,,,,,,,,,,,,,,,,,0.0,,,
2023-09-24 20:00:00,,,,,,,,,,,,,,,,,,,,,0.0,,,
2023-09-24 21:00:00,,,,,,,,,,,,,,,,,,,,,0.0,,,
2023-09-24 22:00:00,,,,,,,,,,,,,,,,,,,,,0.0,,,
2023-09-24 23:00:00,,,,,,,,,,,,,,,,,,,,,0.0,,,
2023-09-25 00:00:00,,,,,,,,,,,,,,,,,,,,,0.0,,,
2023-09-25 01:00:00,,,,,,,,,,,,,,,,,,,,,0.0,,,
2023-09-25 02:00:00,,,,,,,,,,,,,,,,,,,,,0.0,,,
2023-09-25 03:00:00,,,,,,,,,,,,,,,,,,,,,0.0,,,
2023-09-25 04:00:00,,,,,,,,,,,,,,,,,,,,,0.0,,,
2023-09-25 05:00:00,,,,,,,,,,,,,,,,,,,,,0.0,,,
2023-09-25 06:00:00,,,,,,,,,,,,,,,,,,,,,0.0,,,
2023-09-25 07:00:00,,,,,,,,,,,,,,,,,,,,,0.0,,,
2023-09-25 08:00:00,,,,,,,,,,,,,,,,,,,,,0.0,,,
2023-09-25 09:00:00,,,,,,,,,,,,,,,,,,,,,0.0,,,
2023-09-25 10:00:00,,,,,,,,,,,,,,,,,,,,,0.0,,,
2023-09-25 11:00:00,,,,,,,,,,,,,,,,,,,,,0.0,,,
2023-09-25 12:00:00,,,,,,,,,,,,,,,,,,,,,0.0,,,
2023-09-25 13:00:00,,,,,,,,,,,,,,,,,,,,,0.0,,,
2023-09-25 14:00:00,,,,,,,,,,,,,,,,,,,,,0.0,,,
2023-09-25 15:00:00,,,,,,,,,,,,,,,,,,,,,0.0,,,
2023-09-25 16:00:00,,,,,,,,,,,,,,,,,,,,,0.0,,,
2023-09-25 17:00:00,,,,,,,,,,,,,,,,,,,,,0.0,,,
2023-09-25 18:00:00,,,,,,,,,,,,,,,,,,,,,0.0,,,
2023-09-25 19:00:00,,,,,,,,,,,,,,,,,,,,,0.0,,,
2023-09-25 20:00:00,,,,,,,,,,,,,,,,,,,,,0.0,,,
2023-09-25 21:00:00,,,,,,,,,,,,,,,,,,,,,0.0,,,
2023-09-25 22:00:00,,,,,,,,,,,,,,,,,,,,,0.0,,,
2023-09-25 23:00:00,,,,,,,,,,,,,,,,,,,,,0.0,,,
2023-09-26 00:00:00,,,,,,,,,,,,,,,,,,,,,0.0,,,
2023-09-26 01:00:00,,,,,,,,,,,,,,,,,,,,,0.0,,,
2023-09-26 02:00:00,,,,,,,,,,,,,,,,,,,,,0.0,,,
2023-09-26 03:00:00,,,,,,,,,,,,,,,,,,,,,0.0,,,
2023-09-26 04:00:00,,,,,,,,,,,,,,,,,,,,,0.0,,,
2023-09-26 05:00:00,,,,,,,,,,,,,,,,,,,,,0.0,,,
2023-09-26 06:00:00,,,,,,,,,,,,,,,,,,,,,0.0,,,
2023-09-26 07:00:00,,,,,,,,,,,,,,,,,,,,,0.0,,,
2023-09-26 08:00:00,,,,,,,,,,,,,,,,,,,,,0.0,,,
2023-09-26 09:00:00,,,,,,,,,,,,,,,,,,,,,0.0,,,
2023-09-26 10:00:00,,,,,,,,,,,,,,,,,,,,,0.0,,,
2023-09-26 11:00:00,,,,,,,,,,,,,,,,,,,,,0.0,,,
2023-09-26 12:00:00,,,,,,,,,,,,,,,,,,,,,0.0,,,
2023-09-26 13:00:00,,,,,,,,,,,,,,,,,,,,,0.0,,,
2023-09-26 14:00:00,,,,,,,,,,,,,,,,,,,,,0.0,,,
2023-09-26 15:00:00,,,,,,,,,,,,,,,,,,,,,0.0,,,
2023-09-26 16:00:00,,,,,,,,,,,,,,,,,,,,,0.0,,,
2023-09-26 17:00:00,,,,,,,,,,,,,,,,,,,,,0.0,,,
2023-09-26 18:00:00,,,,,,,,,,,,,,,,,,,,,0.0,,,
2023-09-26 19:00:00,,,,,,,,,,,,,,,,,,,,,0.0,,,
2023-09-26 20:00:00,,,,,,,,,,,,,,,,,,,,,0.0,,,
2023-09-26 21:00:00,,,,,,,,,,,,,,,,,,,,,0.0,,,
2023-09-26 22:00:00,,,,,,,,,,,,,,,,,,,,,0.0,,,
2023-09-26 23:00:00,,,,,,,,,,,,,,,,,,,,,0.0,,,
2023-09-27 00:00:00,,,,,,,,,,,,,,,,,,,,,0.0,,,
2023-09-27 01:00:00,,,,,,,,,,,,,,,,,,,,,0.0,,,
2023-09-27 02:00:00,,,,,,,,,,,,,,,,,,,,,0.0,,,
2023-09-27 03:00:00,,,,,,,,,,,,,,,,,,,,,0.0,,,
2023-09-27 04:00:00,,,,,,,,,,,,,,,,,,,,,0.0,,,
2023-09-27 05:00:00,,,,,,,,,,,,,,,,,,,,,0.0,,,
2023-09-27 06:00:00,,,,,,,,,,,,,,,,,,,,,0.0,,,
2023-09-27 07:00:00,,,,,,,,,,,,,,,,,,,,,0.0,,,
2023-09-27 08:00:00,,,,,,,,,,,,,,,,,,,,,0.0,,,
2023-09-27 09:00:00,,,,,,,,,,,,,,,,,,,,,0.0,,,
2023-09-27 10:00:00,,,,,,,,,,,,,,,,,,,,,0.0,,,
2023-09-27 11:00:00,,,,,,,,,,,,,,,,,,,,,0.0,,,
2023-09-27 12:00:00,,,,,,,,,,,,,,,,,,,,,0.0,,,
2023-09-27 13:00:00,,,,,,,,,,,,,,,,,,,,,0.0,,,
2023-09-27 14:00:00,,,,,,,,,,,,,,,,,,,,,0.0,,,
2023-09-27 15:00:00,22.0,61.0,3.5,8.9,7.6,21.3,2.1,,,,,,,,,,78.0,3.5,,0.0,0.0,155.0,747.0,
2023-09-27 16:00:00,20.25,61.25,2.925,10.225,7.775,18.325,1.575,,,,,,,,,,79.0,3.5,,0.75,0.75,60.0,747.5,
2023-09-27 17:00:00,15.0,62.0,3.725,12.875,9.875,14.625,1.3,,,,,,,,,,93.25,2.125,,2.75,2.75,15.25,750.0,
2023-09-27 18:00:00,8.0,19.0,5.05,19.925,14.7,8.8,3.3,,,,,,,,,,94.5,0.875,,0.25,0.25,14.0,750.5,
2023-09-27 19:00:00,9.25,19.5,9.35,26.475,21.7,7.35,2.25,,,,,,,,,,93.25,0.925,,0.0,0.0,14.0,750.75,
2023-09-27 20:00:00,11.666666666666666,21.333333333333332,9.700000000000001,25.866666666666664,21.666666666666668,11.9,1.1666666666666667,,,,,,,,,,91.33333333333333,0.7000000000000001,,0.0,0.0,14.0,752.3333333333334,
2023-09-27 21:00:00,,,,,,,,,,,,,,,,,,,,,0.0,,,
2023-09-27 22:00:00,,,,,,,,,,,,,,,,,,,,,0.0,,,
2023-09-27 23:00:00,,,,,,,,,,,,,,,,,,,,,0.0,,,
2023-09-28 00:00:00,,,,,,,,,,,,,,,,,,,,,0.0,,,
2023-09-28 01:00:00,,,,,,,,,,,,,,,,,,,,,0.0,,,
2023-09-28 02:00:00,,,,,,,,,,,,,,,,,,,,,0.0,,,
2023-09-28 03:00:00,,,,,,,,,,,,,,,,,,,,,0.0,,,
2023-09-28 04:00:00,,,,,,,,,,,,,,,,,,,,,0.0,,,
2023-09-28 05:00:00,,,,,,,,,,,,,,,,,,,,,0.0,,,
2023-09-28 06:00:00,,,,,,,,,,,,,,,,,,,,,0.0,,,
2023-09-28 07:00:00,,,,,,,,,,,,,,,,,,,,,0.0,,,
2023-09-28 08:00:00,,,,,,,,,,,,,,,,,,,,,0.0,,,
2023-09-28 09:00:00,,,,,,,,,,,,,,,,,,,,,0.0,,,
2023-09-28 10:00:00,,,,,,,,,,,,,,,,,,,,,0.0,,,
2023-09-28 11:00:00,,,,,,,,,,,,,,,,,,,,,0.0,,,
2023-09-28 12:00:00,,,,,,,,,,,,,,,,,,,,,0.0,,,
2023-09-28 13:00:00,,,,,,,,,,,,,,,,,,,,,0.0,,,
2023-09-28 14:00:00,,,,,,,,,,,,,,,,,,,,,0.0,,,
2023-09-28 15:00:00,,,,,,,,,,,,,,,,,,,,,0.0,,,
2023-09-28 16:00:00,,,,,,,,,,,,,,,,,,,,,0.0,,,
2023-09-28 17:00:00,,,,,,,,,,,,,,,,,,,,,0.0,,,
2023-09-28 18:00:00,,,,,,,,,,,,,,,,,,,,,0.0,,,
2023-09-28 19:00:00,,,,,,,,,,,,,,,,,,,,,0.0,,,
2023-09-28 20:00:00,,,,,,,,,,,,,,,,,,,,,0.0,,,
2023-09-28 21:00:00,,,,,,,,,,,,,,,,,,,,,0.0,,,
2023-09-28 22:00:00,,,,,,,,,,,,,,,,,,,,,0.0,,,
2023-09-28 23:00:00,,,,,,,,,,,,,,,,,,,,,0.0,,,
2023-09-29 00:00:00,,,,,,,,,,,,,,,,,,,,,0.0,,,
2023-09-29 01:00:00,,,,,,,,,,,,,,,,,,,,,0.0,,,
2023-09-29 02:00:00,,,,,,,,,,,,,,,,,,,,,0.0,,,
2023-09-29 03:00:00,,,,,,,,,,,,,,,,,,,,,0.0,,,
2023-09-29 04:00:00,,,,,,,,,,,,,,,,,,,,,0.0,,,
2023-09-29 05:00:00,,,,,,,,,,,,,,,,,,,,,0.0,,,
2023-09-29 06:00:00,,,,,,,,,,,,,,,,,,,,,0.0,,,
2023-09-29 07:00:00,,,,,,,,,,,,,,,,,,,,,0.0,,,
2023-09-29 08:00:00,,,,,,,,,,,,,,,,,,,,,0.0,,,
2023-09-29 09:00:00,,,,,,,,,,,,,,,,,,,,,0.0,,,
2023-09-29 10:00:00,,,,,,,,,,,,,,,,,,,,,0.0,,,
2023-09-29 11:00:00,,,,,,,,,,,,,,,,,,,,,0.0,,,
2023-09-29 12:00:00,,,,,,,,,,,,,,,,,,,,,0.0,,,
2023-09-29 13:00:00,,,,,,,,,,,,,,,,,,,,,0.0,,,
2023-09-29 14:00:00,,,,,,,,,,,,,,,,,,,,,0.0,,,
2023-09-29 15:00:00,,,,,,,,,,,,,,,,,,,,,0.0,,,
2023-09-29 16:00:00,,,,,,,,,,,,,,,,,,,,,0.0,,,
2023-09-29 17:00:00,,,,,,,,,,,,,,,,,,,,,0.0,,,
2023-09-29 18:00:00,,,,,,,,,,,,,,,,,,,,,0.0,,,
2023-09-29 19:00:00,,,,,,,,,,,,,,,,,,,,,0.0,,,
2023-09-29 20:00:00,,,,,,,,,,,,,,,,,,,,,0.0,,,
2023-09-29 21:00:00,,,,,,,,,,,,,,,,,,,,,0.0,,,
2023-09-29 22:00:00,,,,,,,,,,,,,,,,,,,,,0.0,,,
2023-09-29 23:00:00,,,,,,,,,,,,,,,,,,,,,0.0,,,
2023-09-30 00:00:00,,,,,,,,,,,,,,,,,,,,,0.0,,,
2023-09-30 01:00:00,,,,,,,,,,,,,,,,,,,,,0.0,,,
2023-09-30 02:00:00,,,,,,,,,,,,,,,,,,,,,0.0,,,
2023-09-30 03:00:00,,,,,,,,,,,,,,,,,,,,,0.0,,,
2023-09-30 04:00:00,,,,,,,,,,,,,,,,,,,,,0.0,,,
2023-09-30 05:00:00,,,,,,,,,,,,,,,,,,,,,0.0,,,
2023-09-30 06:00:00,,,,,,,,,,,,,,,,,,,,,0.0,,,
2023-09-30 07:00:00,,,,,,,,,,,,,,,,,,,,,0.0,,,
2023-09-30 08:00:00,,,,,,,,,,,,,,,,,,,,,0.0,,,
2023-09-30 09:00:00,,,,,,,,,,,,,,,,,,,,,0.0,,,
2023-09-30 10:00:00,,,,,,,,,,,,,,,,,,,,,0.0,,,
2023-09-30 11:00:00,,,,,,,,,,,,,,,,,,,,,0.0,,,
2023-09-30 12:00:00,,,,,,,,,,,,,,,,,,,,,0.0,,,
2023-09-30 13:00:00,,,,,,,,,,,,,,,,,,,,,0.0,,,
2023-09-30 14:00:00,,,,,,,,,,,,,,,,,,,,,0.0,,,
2023-09-30 15:00:00,,,,,,,,,,,,,,,,,,,,,0.0,,,
2023-09-30 16:00:00,,,,,,,,,,,,,,,,,,,,,0.0,,,
2023-09-30 17:00:00,,,,,,,,,,,,,,,,,,,,,0.0,,,
2023-09-30 18:00:00,,,,,,,,,,,,,,,,,,,,,0.0,,,
2023-09-30 19:00:00,,,,,,,,,,,,,,,,,,,,,0.0,,,
2023-09-30 20:00:00,,,,,,,,,,,,,,,,,,,,,0.0,,,
2023-09-30 21:00:00,,,,,,,,,,,,,,,,,,,,,0.0,,,
2023-09-30 22:00:00,,,,,,,,,,,,,,,,,,,,,0.0,,,
2023-09-30 23:00:00,,,,,,,,,,,,,,,,,,,,,0.0,,,
2023-10-01 00:00:00,,,,,,,,,,,,,,,,,,,,,0.0,,,
2023-10-01 01:00:00,,,,,,,,,,,,,,,,,,,,,0.0,,,
2023-10-01 02:00:00,,,,,,,,,,,,,,,,,,,,,0.0,,,
2023-10-01 03:00:00,,,,,,,,,,,,,,,,,,,,,0.0,,,
2023-10-01 04:00:00,,,,,,,,,,,,,,,,,,,,,0.0,,,
2023-10-01 05:00:00,,,,,,,,,,,,,,,,,,,,,0.0,,,
2023-10-01 06:00:00,,,,,,,,,,,,,,,,,,,,,0.0,,,
2023-10-01 07:00:00,,,,,,,,,,,,,,,,,,,,,0.0,,,
2023-10-01 08:00:00,,,,,,,,,,,,,,,,,,,,,0.0,,,
2023-10-01 09:00:00,,,,,,,,,,,,,,,,,,,,,0.0,,,
2023-10-01 10:00:00,,,,,,,,,,,,,,,,,,,,,0.0,,,
2023-10-01 11:00:00,,,,,,,,,,,,,,,,,,,,,0.0,,,
2023-10-01 12:00:00,,,,,,,,,,,,,,,,,,,,,0.0,,,
2023-10-01 13:00:00,,,,,,,,,,,,,,,,,,,,,0.0,,,
2023-10-01 14:00:00,,,,,,,,,,,,,,,,,,,,,0.0,,,
2023-10-01 15:00:00,,,,,,,,,,,,,,,,,,,,,0.0,,,
2023-10-01 16:00:00,,,,,,,,,,,,,,,,,,,,,0.0,,,
2023-10-01 17:00:00,,,,,,,,,,,,,,,,,,,,,0.0,,,
2023-10-01 18:00:00,,,,,,,,,,,,,,,,,,,,,0.0,,,
2023-10-01 19:00:00,,,,,,,,,,,,,,,,,,,,,0.0,,,
2023-10-01 20:00:00,,,,,,,,,,,,,,,,,,,,,0.0,,,
2023-10-01 21:00:00,,,,,,,,,,,,,,,,,,,,,0.0,,,
2023-10-01 22:00:00,,,,,,,,,,,,,,,,,,,,,0.0,,,
2023-10-01 23:00:00,,,,,,,,,,,,,,,,,,,,,0.0,,,
2023-10-02 00:00:00,,,,,,,,,,,,,,,,,,,,,0.0,,,
2023-10-02 01:00:00,,,,,,,,,,,,,,,,,,,,,0.0,,,
2023-10-02 02:00:00,,,,,,,,,,,,,,,,,,,,,0.0,,,
2023-10-02 03:00:00,,,,,,,,,,,,,,,,,,,,,0.0,,,
2023-10-02 04:00:00,,,,,,,,,,,,,,,,,,,,,0.0,,,
2023-10-02 05:00:00,,,,,,,,,,,,,,,,,,,,,0.0,,,
2023-10-02 06:00:00,,,,,,,,,,,,,,,,,,,,,0.0,,,
2023-10-02 07:00:00,,,,,,,,,,,,,,,,,,,,,0.0,,,
2023-10-02 08:00:00,,,,,,,,,,,,,,,,,,,,,0.0,,,
2023-10-02 09:00:00,,,,,,,,,,,,,,,,,,,,,0.0,,,
2023-10-02 10:00:00,,,,,,,,,,,,,,,,,,,,,0.0,,,
2023-10-02 11:00:00,,,,,,,,,,,,,,,,,,,,,0.0,,,
2023-10-02 12:00:00,,,,,,,,,,,,,,,,,,,,,0.0,,,
2023-10-02 13:00:00,,,,,,,,,,,,,,,,,,,,,0.0,,,
2023-10-02 14:00:00,,,,,,,,,,,,,,,,,,,,,0.0,,,
2023-10-02 15:00:00,,,,,,,,,,,,,,,,,,,,,0.0,,,
2023-10-02 16:00:00,,,,,,,,,,,,,,,,,,,,,0.0,,,
2023-10-02 17:00:00,,,,,,,,,,,,,,,,,,,,,0.0,,,
2023-10-02 18:00:00,,,,,,,,,,,,,,,,,,,,,0.0,,,
2023-10-02 19:00:00,,,,,,,,,,,,,,,,,,,,,0.0,,,
2023-10-02 20:00:00,,,,,,,,,,,,,,,,,,,,,0.0,,,
2023-10-02 21:00:00,,,,,,,,,,,,,,,,,,,,,0.0,,,
2023-10-02 22:00:00,,,,,,,,,,,,,,,,,,,,,0.0,,,
2023-10-02 23:00:00,,,,,,,,,,,,,,,,,,,,,0.0,,,
2023-10-03 00:00:00,,,,,,,,,,,,,,,,,,,,,0.0,,,
2023-10-03 01:00:00,,,,,,,,,,,,,,,,,,,,,0.0,,,
2023-10-03 02:00:00,,,,,,,,,,,,,,,,,,,,,0.0,,,
2023-10-03 03:00:00,,,,,,,,,,,,,,,,,,,,,0.0,,,
2023-10-03 04:00:00,,,,,,,,,,,,,,,,,,,,,0.0,,,
2023-10-03 05:00:00,,,,,,,,,,,,,,,,,,,,,0.0,,,
2023-10-03 06:00:00,,,,,,,,,,,,,,,,,,,,,0.0,,,
2023-10-03 07:00:00,,,,,,,,,,,,,,,,,,,,,0.0,,,
2023-10-03 08:00:00,,,,,,,,,,,,,,,,,,,,,0.0,,,
2023-10-03 09:00:00,,,,,,,,,,,,,,,,,,,,,0.0,,,
2023-10-03 10:00:00,,,,,,,,,,,,,,,,,,,,,0.0,,,
2023-10-03 11:00:00,,,,,,,,,,,,,,,,,,,,,0.0,,,
2023-10-03 12:00:00,,,,,,,,,,,,,,,,,,,,,0.0,,,
2023-10-03 13:00:00,,,,,,,,,,,,,,,,,,,,,0.0,,,
2023-10-03 14:00:00,,,,,,,,,,,,,,,,,,,,,0.0,,,
2023-10-03 15:00:00,,,,,,,,,,,,,,,,,,,,,0.0,,,
2023-10-03 16:00:00,36.75,87.75,2.55,15.625,10.4,33.050000000000004,4.7,,,,,,,,,,59.75,2.0,,0.0,0.0,94.5,750.0,
2023-10-03 17:00:00,39.75,98.75,2.75,26.0,16.075,29.775,7.6,,,,,,,,,,70.0,2.075,,0.0,0.0,21.5,750.0,
2023-10-03 18:00:00,52.25,130.75,3.4749999999999996,25.075,16.175,27.5,5.675,,,,,,,,,,73.25,1.625,,0.0,0.0,15.25,751.5,
2023-10-03 19:00:00,52.75,117.0,3.0,24.775,15.625,26.15,4.625,,,,,,,,,,74.5,1.975,,0.0,0.0,15.25,753.25,
2023-10-03 20:00:00,40.0,94.66666666666667,5.033333333333333,23.666666666666668,16.666666666666668,30.433333333333334,2.1,,,,,,,,,,79.66666666666667,2.0666666666666664,,0.0,0.0,15.0,755.6666666666666,
2023-10-03 21:00:00,31.5,69.0,3.575,21.225,14.2,32.1,1.325,,,,,,,,,,78.25,2.275,,0.0,0.0,15.25,756.25,
2023-10-03 22:00:00,24.0,49.0,4.125,22.475,15.3,30.675,6.1,,,,,,,,,,82.5,1.9749999999999999,,0.0,0.0,15.0,756.0,
2023-10-03 23:00:00,22.5,32.25,4.475,18.275,13.4,33.2,5.85,,,,,,,,,,87.25,2.85,,0.0,0.0,15.0,755.25,
2023-10-04 00:00:00,18.0,27.0,3.275,10.675,8.325,31.9,7.375,,,,,,,,,,86.5,2.475,,0.0,0.0,15.5,754.75,
2023-10-04 01:00:00,16.0,18.0,3.025,10.125,7.825,26.725,8.25,,,,,,,,,,87.0,1.975,,0.0,0.0,15.75,753.75,
2023-10-04 02:00:00,15.75,19.0,3.8,10.25,8.525,24.625,4.475,,,,,,,,,,87.0,1.725,,0.0,0.0,16.0,753.0,
2023-10-04 03:00:00,14.0,22.5,4.55,10.625,9.35,23.175,7.4,,,,,,,,,,87.75,2.075,,0.0,0.0,16.0,752.5,
2023-10-04 04:00:00,10.333333333333334,23.333333333333332,6.466666666666666,14.233333333333334,12.833333333333334,27.2,12.566666666666668,,,,,,,,,,89.0,1.8333333333333333,,0.0,0.0,15.666666666666666,752.0,
2023-10-04 05:00:00,10.5,22.5,7.4,15.475000000000001,14.25,26.325,13.05,,,,,,,,,,89.75,1.575,,0.0,0.0,16.25,752.75,
2023-10-04 06:00:00,14.75,27.5,9.65,16.0,16.375,25.775,13.075,,,,,,,,,,89.0,1.875,,0.0,0.0,51.0,754.0,
2023-10-04 07:00:00,15.0,39.25,10.3,16.7,17.275,28.475,11.425,,,,,,,,,,86.5,2.025,,0.0,0.0,173.5,755.25,
2023-10-04 08:00:00,19.25,44.75,8.333333333333334,16.666666666666668,15.633333333333333,33.5,9.575,,,,,,,,,,81.75,2.15,,0.0,0.0,306.0,756.75,
2023-10-04 09:00:00,24.25,54.75,4.699999999999999,17.875,13.325,25.275,8.775,,,,,,,,,,76.0,2.575,,0.0,0.0,431.5,757.0,
2023-10-04 10:00:00,29.75,72.75,3.975,16.975,12.275,28.625,9.066666666666666,,,,,,,,,,70.25,2.45,,0.0,0.0,486.0,756.0,
2023-10-04 11:00:00,36.75,86.75,4.233333333333333,18.5,13.266666666666666,27.266666666666666,8.166666666666666,,,,,,,,,,64.75,2.1,,0.0,0.0,570.5,755.25,
2023-10-04 12:00:00,42.5,94.5,3.1666666666666665,17.266666666666666,11.766666666666666,43.23333333333333,3.75,,,,,,,,,,61.75,2.025,,0.0,0.0,559.25,754.0,
2023-10-04 13:00:00,42.25,93.5,4.4,15.7,11.925,43.975,1.425,,,,,,,,,,61.25,2.025,,0.0,0.0,454.0,752.75,
2023-10-04 14:00:00,38.25,94.25,3.15,15.1,10.6,47.25,1.9500000000000002,,,,,,,,,,60.75,2.0250000000000004,,0.0,0.0,378.25,751.75,
2023-10-04 15:00:00,41.75,95.0,3.825,17.225,12.275,50.775,4.325,,,,,,,,,,68.25,2.8,12.0,0.0,0.0,234.0,751.0,
2023-10-04 16:00:00,41.5,102.25,2.3333333333333335,16.475,10.0,72.275,7.9,,,,,,,,,,77.5,3.1,,0.0,0.0,115.75,751.75,
2023-10-04 17:00:00,47.5,107.75,1.825,21.75,13.05,40.1,10.65,,,,,,,,,,78.75,2.4,,0.0,0.0,35.75,752.25,
2023-10-04 18:00:00,57.75,135.0,1.8,20.4,12.325,32.375,5.375,,,,,,,,,,80.0,2.35,,0.0,0.0,15.0,753.5,
2023-10-04 19:00:00,45.5,113.25,2.4,23.575,14.45,28.6,4.7,,,,,,,,,,80.0,1.85,,0.0,0.0,15.0,755.0,
2023-10-04 20:00:00,38.75,89.75,4.075,23.375,15.75,26.375,5.625,,,,,,,,,,80.25,1.625,,0.0,0.0,15.0,756.25,
2023-10-04 21:00:00,38.25,80.0,6.025,25.175,18.325,36.3,4.0,,,,,,,,,,80.5,1.475,,0.0,0.0,15.0,757.0,
2023-10-04 22:00:00,31.0,82.25,4.3,28.275,18.525,37.325,5.2,,,,,,,,,,77.5,1.45,,0.0,0.0,15.0,757.0,
2023-10-04 23:00:00,34.5,87.5,2.6999999999999997,25.9,15.925,38.2,4.675,,,,,,,,,,75.75,1.375,,0.0,0.0,15.0,756.0,
2023-10-05 00:00:00,34.25,79.0,3.85,19.4,13.425,38.900000000000006,1.0999999999999999,,,,,,,,,,77.0,1.325,,0.0,0.0,14.75,755.75,
2023-10-05 01:00:00,30.25,62.5,2.775,15.850000000000001,10.675,36.525,2.175,,,,,,,,,,86.75,1.025,,0.0,0.0,14.0,754.5,
2023-10-05 02:00:00,31.75,49.0,2.875,17.15,11.475,26.05,3.8,,,,,,,,,,88.0,1.125,,0.5,0.5,14.75,754.0,
2023-10-05 03:00:00,22.75,44.75,2.575,13.45,9.225,23.225,3.575,,,,,,,,,,91.75,1.05,,0.25,0.25,14.75,752.75,
2023-10-05 04:00:00,17.0,31.75,2.6,17.0,11.175,19.4,3.0,,,,,,,,,,90.0,1.225,,0.0,0.0,14.0,752.25,
2023-10-05 05:00:00,19.0,34.25,5.225,22.425,16.175,24.400000000000002,1.725,,,,,,,,,,89.5,1.275,,0.0,0.0,15.0,753.0,
2023-10-05 06:00:00,18.75,47.0,8.175,32.175,23.775,25.1,3.425,,,,,,,,,,87.75,1.075,,0.0,0.0,27.0,754.5,
2023-10-05 07:00:00,27.0,64.0,8.0,37.125,26.225,24.85,4.6,,,,,,,,,,84.25,1.375,,0.0,0.0,83.0,755.75,
2023-10-05 08:00:00,29.25,83.25,6.4,25.55,18.8,30.175,2.4,,,,,,,,,,81.0,1.85,,0.0,0.0,213.5,756.75,
2023-10-05 09:00:00,33.75,72.0,3.975,20.450000000000003,14.1,33.55,3.7249999999999996,,,,,,,,,,75.5,2.125,,0.0,0.0,430.0,756.75,
2023-10-05 10:00:00,29.5,81.0,3.175,15.7,10.925,32.2,4.733333333333333,,,,,,,,,,71.0,2.4,,0.0,0.0,512.75,755.75,
2023-10-05 11:00:00,37.0,82.0,3.8000000000000003,16.5,11.866666666666667,28.0,5.933333333333334,,,,,,,,,,66.5,1.9249999999999998,,0.0,0.0,555.25,754.5,
2023-10-05 12:00:00,35.75,84.0,4.166666666666667,13.266666666666666,10.433333333333334,28.8,5.1,,,,,,,,,,61.0,1.6,,0.0,0.0,542.5,753.25,
2023-10-05 13:00:00,33.25,82.75,3.875,12.05,9.575,32.525,4.425,,,,,,,,,,56.75,1.45,,0.0,0.0,513.0,751.5,
2023-10-05 14:00:00,37.75,87.5,4.1,16.225,11.95,40.275,4.425,,,,,,,,,,65.75,2.05,,0.0,0.0,209.0,750.25,
2023-10-05 15:00:00,37.75,83.75,3.875,23.725,15.825,38.825,3.65,,,,,,,,,,74.75,2.4499999999999997,,0.0,0.0,115.0,749.75,
2023-10-05 16:00:00,32.0,75.25,3.0250000000000004,25.55,16.049999999999997,40.425,3.25,,,,,,,,,,77.5,2.1,,0.0,0.0,69.25,750.0,
2023-10-05 17:00:00,33.25,69.75,2.975,27.15,16.85,39.25,3.7,,,,,,,,,,80.75,2.125,,0.0,0.0,28.5,750.75,
2023-10-05 18:00:00,30.25,69.0,1.7666666666666666,20.575,12.05,27.225,5.275,,,,,,,,,,82.25,1.75,,0.0,0.0,15.0,751.75,
2023-10-05 19:00:00,34.5,70.5,2.2,17.475,11.075,25.475,6.175000000000001,,,,,,,,,,84.5,1.8,,0.0,0.0,15.0,753.25,
2023-10-05 20:00:00,28.5,78.0,2.375,19.6,12.399999999999999,21.6,5.125,,,,,,,,,,85.0,1.425,,0.0,0.0,15.0,754.75,
2023-10-05 21:00:00,31.0,84.75,1.85,20.275,12.275,20.975,7.2,,,,,,,,,,78.25,2.025,,0.0,0.0,15.0,756.0,
2023-10-05 22:00:00,23.75,78.5,4.125,24.6,16.450000000000003,30.25,6.4,,,,,,,,,,74.25,1.15,,0.0,0.0,15.0,756.0,
2023-10-05 23:00:00,20.5,73.0,3.075,18.45,12.325,33.725,3.575,,,,,,,,,,89.0,1.875,,0.0,0.0,14.25,754.5,
2023-10-06 00:00:00,20.75,52.0,3.8,20.625,14.075,32.6,3.425,,,,,,,,,,90.0,1.025,,0.0,0.0,14.25,752.5,
2023-10-06 01:00:00,19.75,51.0,2.7249999999999996,21.925,13.875,32.15,3.425,,,,,,,,,,84.5,0.9,,0.0,0.0,14.75,752.0,
2023-10-06 02:00:00,28.25,47.75,1.25,22.299999999999997,12.875,25.775,5.7,,,,,,,,,,82.5,1.275,,0.0,0.0,15.0,752.0,
2023-10-06 03:00:00,27.75,47.5,2.4,18.275,11.65,19.425,7.625,,,,,,,,,,83.0,1.15,,0.0,0.0,15.0,751.75,
2023-10-06 04:00:00,23.75,47.25,2.65,15.4,10.325,18.575,3.5,,,,,,,,,,86.5,1.5750000000000002,,0.0,0.0,15.0,751.25,
2023-10-06 05:00:00,21.0,42.0,3.625,18.025,12.525,15.95,3.925,,,,,,,,,,88.75,1.45,,0.0,0.0,15.25,752.5,
2023-10-06 06:00:00,18.25,50.0,11.25,33.275,26.85,15.775,2.025,,,,,,,,,,88.0,1.1,,0.0,0.0,46.25,754.0,
2023-10-06 07:00:00,29.0,74.5,6.925,31.175,22.225,23.0,0.2,,,,,,,,,,84.5,1.45,,0.0,0.0,132.25,755.0,
2023-10-06 08:00:00,33.25,81.25,7.15,29.675,21.625,25.225,2.35,,,,,,,,,,77.25,1.475,,0.0,0.0,284.75,756.25,
2023-10-06 09:00:00,36.25,93.25,5.775,24.45,17.725,30.35,1.35,,,,,,,,,,73.75,1.5,,0.0,0.0,358.75,756.75,
2023-10-06 10:00:00,35.5,85.0,3.3000000000000003,19.475,12.1,30.9,3.033333333333333,,,,,,,,,,68.5,1.375,,0.0,0.0,494.75,755.75,
2023-10-06 11:00:00,41.25,93.25,2.233333333333333,16.400000000000002,10.533333333333333,25.766666666666666,4.733333333333333,,,,,,,,,,65.0,1.525,,0.0,0.0,523.5,754.75,
2023-10-06 12:00:00,45.5,89.5,2.0666666666666664,14.733333333333334,9.5,26.933333333333334,4.625,,,,,,,,,,62.75,1.375,,0.0,0.0,357.25,753.0,
2023-10-06 13:00:00,46.25,83.5,2.45,13.65,9.25,22.85,4.525,,,,,,,,,,78.5,3.3000000000000003,,2.75,2.75,52.0,751.0,
2023-10-06 14:00:00,41.0,72.25,7.425,31.775,22.924999999999997,17.950000000000003,1.55,,,,,,,,,,85.0,2.0,,0.0,0.0,118.33333333333333,749.6666666666666,
2023-10-06 15:00:00,34.25,59.0,5.85,42.15,27.15,38.05,,,,,,,,,,,76.0,1.475,,4.0,4.0,218.5,749.75,
2023-10-06 16:00:00,40.5,76.5,4.425,33.35,21.35,39.8,2.275,,,,,,,,,,74.75,1.4,,0.0,0.0,135.25,750.0,
2023-10-06 17:00:00,40.5,75.5,3.075,42.15,24.9,33.95,3.875,,,,,,,,,,77.0,1.3,,0.0,0.0,33.5,750.5,
2023-10-06 18:00:00,45.5,100.5,2.875,36.125,21.575,32.85,4.05,,,,,,,,,,83.25,1.175,,0.0,0.0,14.25,751.5,
2023-10-06 19:00:00,44.5,88.5,2.475,30.299999999999997,18.125,21.9,7.15,,,,,,,,,,86.0,1.5250000000000001,,0.0,0.0,14.0,753.25,
2023-10-06 20:00:00,38.0,83.75,2.8,32.525,19.575,16.25,4.775,,,,,,,,,,87.75,1.725,,0.0,0.0,14.25,754.25,
2023-10-06 21:00:00,42.25,86.5,3.675,38.975,23.7,11.175,4.875,,,,,,,,,,87.5,1.525,,0.0,0.0,14.75,755.0,
2023-10-06 22:00:00,42.25,89.5,3.6,25.275,16.35,17.725,1.65,,,,,,,,,,88.75,1.225,,0.0,0.0,14.75,754.5,
2023-10-06 23:00:00,32.25,64.75,4.875,23.0,16.15,27.225,,,,,,,,,,,89.0,1.05,,0.0,0.0,14.75,753.75,
2023-10-07 00:00:00,36.0,62.25,3.925,22.65,15.225,27.8,3.125,,,,,,,,,,87.5,1.1,,0.0,0.0,14.75,753.0,
2023-10-07 01:00:00,32.0,68.0,2.95,17.7,11.825000000000001,29.05,3.2,,,,,,,,,,88.5,1.275,,0.0,0.0,14.75,751.75,
2023-10-07 02:00:00,22.25,48.25,3.1,15.049999999999999,10.5,29.975,2.75,,,,,,,,,,90.0,1.1,,0.0,0.0,14.75,751.0,
2023-10-07 03:00:00,25.25,45.5,1.475,10.5,6.8,22.525,5.0,,,,,,,,,,91.25,1.3,,0.0,0.0,14.75,751.0,
2023-10-07 04:00:00,16.0,27.0,3.95,11.8,9.5,17.325,2.75,,,,,,,,,,92.0,1.3,,0.0,0.0,15.0,751.25,
2023-10-07 05:00:00,20.75,33.0,5.1499999999999995,15.425,12.4,14.9,2.5,,,,,,,,,,93.0,1.375,,0.0,0.0,15.25,752.75,
2023-10-07 06:00:00,21.0,44.0,7.175,19.15,16.0,12.524999999999999,2.5,,,,,,,,,,92.25,1.6,,0.0,0.0,44.0,753.5,
2023-10-07 07:00:00,29.25,52.0,10.625,21.575,20.125,20.475,0.8000000000000002,,,,,,,,,,87.25,1.475,,0.0,0.0,156.25,755.5,
2023-10-07 08:00:00,19.5,60.0,6.975,17.175,14.825,25.349999999999998,3.4749999999999996,,,,,,,,,,80.0,1.875,,0.0,0.0,300.75,756.75,
2023-10-07 09:00:00,24.0,66.0,5.133333333333333,16.933333333333334,13.200000000000001,28.7,4.3999999999999995,,,,,,,,,,75.0,1.7333333333333334,,0.0,0.0,408.3333333333333,757.0,
2023-10-07 10:00:00,29.0,78.0,4.3999999999999995,17.400000000000002,12.833333333333334,31.366666666666664,10.25,,,,,,,,,,70.0,1.6666666666666667,,0.0,0.0,462.6666666666667,755.3333333333334,
2023-10-07 11:00:00,36.75,93.0,2.1999999999999997,16.966666666666665,10.833333333333334,30.03333333333333,16.333333333333332,,,,,,,,,,66.25,1.55,,0.0,0.0,507.0,754.75,
2023-10-07 12:00:00,46.0,99.0,3.1666666666666665,13.1,9.533333333333333,24.733333333333334,5.775,,,,,,,,,,68.5,2.175,,0.0,0.0,430.25,753.5,
2023-10-07 13:00:00,38.25,86.25,2.1,13.125,8.7,21.825,4.75,,,,,,,,,,75.0,2.7,,0.0,0.0,381.75,751.75,
2023-10-07 14:00:00,32.0,72.75,3.9,10.774999999999999,8.9,20.775,6.35,,,,,,,,,,77.0,2.725,,0.0,0.0,218.0,751.0,
2023-10-07 15:00:00,30.0,64.75,4.5,11.2,9.625,27.3,4.925,,,,,,,,,,79.75,2.775,,0.0,0.0,225.0,751.0,
2023-10-07 16:00:00,32.5,63.0,4.075,15.35,11.475,30.125,6.425,,,,,,,,,,81.75,2.525,,1.5,1.5,19.25,752.0,
2023-10-07 17:00:00,30.5,64.25,3.6,23.35,15.325,26.7,2.875,,,,,,,,,,85.5,2.0,,0.0,0.0,16.5,751.75,
2023-10-07 18:00:00,29.0,53.75,3.325,29.55,18.45,24.75,3.175,,,,,,,,,,85.0,1.325,,0.0,0.0,14.0,754.0,
2023-10-07 19:00:00,28.0,58.5,2.0,23.15,13.925,27.0,4.9,,,,,,,,,,90.5,1.9749999999999999,,0.0,0.0,14.25,755.75,
2023-10-07 20:00:00,25.25,36.75,2.1500000000000004,13.75,9.05,21.15,3.775,,,,,,,,,,92.75,1.9500000000000002,,0.0,0.0,14.75,756.5,
2023-10-07 21:00:00,22.666666666666668,31.0,3.5333333333333337,15.366666666666667,11.033333333333333,16.633333333333333,3.6666666666666665,,,,,,,,,,94.0,2.0666666666666664,,0.0,0.0,14.666666666666666,757.0,
2023-10-07 22:00:00,16.0,34.75,4.75,17.875,13.350000000000001,14.375,2.925,,,,,,,,,,94.0,1.675,,0.0,0.0,14.75,757.0,
2023-10-07 23:00:00,16.0,39.25,4.45,15.975,12.1,19.225,2.075,,,,,,,,,,92.75,1.725,,0.0,0.0,14.75,756.75,
2023-10-08 00:00:00,16.5,34.25,3.625,11.675,9.15,26.9,1.175,,,,,,,,,,92.0,1.5,,0.0,0.0,14.75,756.0,
2023-10-08 01:00:00,15.0,27.0,3.45,10.275,8.275,27.6,1.25,,,,,,,,,,91.0,1.15,,0.0,0.0,14.75,755.0,
2023-10-08 02:00:00,11.0,30.0,4.6,12.375,10.35,26.25,1.925,,,,,,,,,,91.75,1.225,,0.0,0.0,14.75,754.0,
2023-10-08 03:00:00,15.0,31.0,2.775,10.45,7.825,27.7,2.35,,,,,,,,,,92.75,1.2,,0.0,0.0,14.75,754.0,
2023-10-08 04:00:00,15.0,35.75,4.7,12.35,9.275,16.675,3.85,,,,,,,,,,93.5,1.275,,0.0,0.0,15.0,754.5,
2023-10-08 05:00:00,17.0,41.25,6.425,16.075,13.775,12.475,4.425,,,,,,,,,,93.75,1.75,,0.0,0.0,15.25,755.25,
2023-10-08 06:00:00,21.0,42.25,5.25,15.9,12.75,12.9,3.775,,,,,,,,,,92.25,1.575,,0.0,0.0,49.0,756.5,
2023-10-08 07:00:00,20.666666666666668,42.75,4.975,11.525,10.125,15.950000000000001,3.45,,,,,,,,,,89.0,1.975,,0.0,0.0,154.25,757.75,
2023-10-08 08:00:00,19.0,42.25,6.8,11.45,11.6,23.175,9.350000000000001,,,,,,,,,,84.75,2.1500000000000004,,0.0,0.0,272.25,759.0,
2023-10-08 09:00:00,19.333333333333332,45.75,4.125,12.95,10.25,24.75,16.4,,,,,,,,,,78.0,1.775,,0.0,0.0,428.75,760.0,
2023-10-08 10:00:00,23.666666666666668,56.25,4.25,12.525,10.1,25.325,16.733333333333334,,,,,,,,,,73.0,1.825,,0.0,0.0,514.25,759.0,
2023-10-08 11:00:00,24.333333333333332,65.75,4.366666666666666,13.333333333333334,10.6,27.233333333333334,19.566666666666666,,,,,,,,,,68.5,1.95,,0.0,0.0,514.5,758.0,
2023-10-08 12:00:00,25.0,73.0,1.55,9.35,6.25,24.25,16.666666666666668,,,,,,,,,,67.0,2.066666666666667,,0.3333333333333333,0.25,533.3333333333334,756.3333333333334,
2023-10-08 13:00:00,25.0,65.75,2.825,8.7,6.925,21.125,12.4,,,,,,,,,,74.25,3.075,,0.25,0.25,477.25,755.25,
2023-10-08 14:00:00,25.333333333333332,48.0,2.825,7.25,6.15,19.8,6.5249999999999995,,,,,,,,,,75.75,2.7,,0.0,0.0,356.0,754.0,
2023-10-08 15:00:00,18.333333333333332,44.0,3.1,7.1,6.325,21.55,5.7,,,,,,,,,,77.75,3.15,,0.0,0.0,269.75,754.0,
2023-10-08 16:00:00,18.333333333333332,48.75,4.3,8.15,7.85,26.75,5.05,,,,,,,,,,79.75,2.55,,0.0,0.0,140.75,754.0,
2023-10-08 17:00:00,16.333333333333332,44.0,3.225,8.6,7.2,28.7,3.275,,,,,,,,,,83.5,2.425,,0.0,0.0,36.25,754.5,
2023-10-08 18:00:00,14.5,39.0,3.766666666666667,9.6,8.166666666666666,28.666666666666668,3.8000000000000003,,,,,,,,,,87.0,2.3666666666666667,,0.0,0.0,15.0,756.3333333333334,
2023-10-08 19:00:00,15.0,34.5,3.5749999999999997,13.85,10.275,26.475,2.7,,,,,,,,,,88.5,1.8499999999999999,,0.0,0.0,15.0,757.75,
2023-10-08 20:00:00,17.0,35.0,2.5,14.725,9.85,24.575,5.5,,,,,,,,,,89.75,1.775,,1.0,1.0,15.0,758.5,
2023-10-08 21:00:00,14.666666666666666,37.0,3.233333333333333,11.725,8.075,18.775,8.075,,,,,,,,,,90.5,1.875,,0.0,0.0,15.0,760.0,
2023-10-08 22:00:00,10.666666666666666,27.25,4.1,15.4,11.55,14.75,4.525,,,,,,,,,,89.0,1.525,,0.0,0.0,15.0,759.75,
2023-10-08 23:00:00,14.333333333333334,34.5,3.0,12.5,9.1,15.875,3.125,,,,,,,,,,87.25,1.725,,0.0,0.0,15.0,758.75,
2023-10-09 00:00:00,19.0,36.0,4.425,13.375,10.7,17.725,2.2,,,,,,,,,,87.0,1.85,,0.0,0.0,15.0,757.5,
2023-10-09 01:00:00,11.0,22.0,4.233333333333333,10.866666666666667,9.233333333333333,24.53333333333333,0.4,,,,,,,,,,88.66666666666667,1.8333333333333333,,0.0,0.0,15.0,756.6666666666666,
2023-10-09 02:00:00,11.5,21.25,3.35,8.95,7.525,26.3,3.675,,,,,,,,,,89.75,2.175,,0.0,0.0,15.0,756.25,
2023-10-09 03:00:00,12.0,17.5,4.025,7.6,7.324999999999999,26.4,4.675,,,,,,,,,,91.5,1.75,,0.0,0.0,15.0,756.0,
2023-10-09 04:00:00,9.0,13.0,2.8666666666666667,9.633333333333333,7.466666666666666,24.833333333333332,2.3333333333333335,,,,,,,,,,92.0,1.4333333333333333,,0.0,0.0,15.0,757.0,
2023-10-09 05:00:00,9.0,15.75,3.3499999999999996,10.325,8.2,16.4,6.75,,,,,,,,,,92.0,1.65,,0.0,0.0,15.25,757.25,
2023-10-09 06:00:00,10.5,24.25,6.325,11.175,11.125,13.7,8.675,,,,,,,,,,91.75,1.425,,0.0,0.0,50.0,758.75,
2023-10-09 07:00:00,15.75,29.25,7.2,11.850000000000001,12.15,14.175,10.625,,,,,,,,,,87.5,2.075,,0.0,0.0,173.5,760.5,
2023-10-09 08:00:00,18.25,41.75,7.825,11.575,12.55,16.4,21.125,,,,,,,,,,81.0,2.25,,0.0,0.0,297.5,762.5,
2023-10-09 09:00:00,20.75,46.75,7.5,17.125,15.2,22.975,18.4,,,,,,,,,,75.75,1.8,,0.0,0.0,416.0,763.0,
2023-10-09 10:00:00,27.0,66.25,3.925,17.025,12.275,26.125,17.333333333333332,,,,,,,,,,73.25,1.8,,0.0,0.0,411.5,762.5,
2023-10-09 11:00:00,31.25,70.0,4.533333333333333,15.433333333333335,11.9,30.433333333333334,9.966666666666667,,,,,,,,,,70.5,1.825,,0.0,0.0,440.25,760.5,
2023-10-09 12:00:00,33.666666666666664,64.66666666666667,3.85,14.4,10.8,32.85,6.666666666666667,,,,,,,,,,66.0,1.4666666666666668,,0.0,0.0,404.3333333333333,759.3333333333334,
2023-10-09 13:00:00,30.75,74.5,2.025,13.175,8.65,23.9,8.375,,,,,,,,,,69.0,2.075,,0.0,0.0,417.0,757.5,
2023-10-09 14:00:00,30.0,77.5,3.6,10.825,8.7,23.8,7.5,,,,,,,,,,73.25,2.75,,0.0,0.0,353.75,755.75,
2023-10-09 15:00:00,28.25,61.25,2.475,10.95,7.825,23.15,7.65,,,,,,,,,,74.25,2.6500000000000004,,0.0,0.0,270.25,755.0,
2023-10-09 16:00:00,24.5,53.5,1.625,12.075,7.775,20.35,5.3,,,,,,,,,,76.25,2.7,,0.0,0.0,139.0,755.0,
2023-10-09 17:00:00,27.5,52.75,5.725,14.575,12.425,29.075,2.0,,,,,,,,,,81.25,2.55,,0.0,0.0,34.25,756.25,
2023-10-09 18:00:00,21.75,42.75,4.125,14.95,11.3,29.525,2.775,,,,,,,,,,85.0,2.425,,0.0,0.0,15.0,757.25,
2023-10-09 19:00:00,19.25,35.0,5.5,17.575,13.8,28.075,2.4,,,,,,,,,,87.25,2.3,,0.0,0.0,15.0,758.5,
2023-10-09 20:00:00,22.5,39.5,4.375,17.075,12.625,28.6,3.425,,,,,,,,,,88.0,2.225,,0.0,0.0,15.0,760.0,
2023-10-09 21:00:00,20.5,37.5,4.3,19.4,13.825,23.1,5.825,,,,,,,,,,87.25,1.875,,0.0,0.0,15.0,761.0,
2023-10-09 22:00:00,20.75,47.0,6.6000000000000005,20.9,16.5,16.125,4.2,,,,,,,,,,86.5,1.625,,0.0,0.0,15.0,760.75,
2023-10-09 23:00:00,23.75,48.75,5.225,14.075,11.725,17.85,4.325,,,,,,,,,,86.0,1.8,,0.0,0.0,15.0,760.0,
2023-10-10 00:00:00,13.0,31.25,3.025,10.85,8.225,17.9,2.325,,,,,,,,,,86.0,1.7000000000000002,,0.0,0.0,15.0,759.25,
2023-10-10 01:00:00,2.25,17.75,5.2,10.05,9.575,23.95,1.0,,,,,,,,,,85.25,1.425,,0.0,0.0,15.0,758.25,
2023-10-10 02:00:00,6.75,19.75,3.9250000000000003,10.775,8.925,26.775,1.825,,,,,,,,,,86.75,1.425,,0.0,0.0,15.0,757.0,
2023-10-10 03:00:00,9.5,22.5,4.575,11.125,9.65,26.375,2.575,,,,,,,,,,88.0,1.525,,0.0,0.0,15.0,757.0,
2023-10-10 04:00:00,11.5,31.5,5.625,12.975,11.45,25.725,6.949999999999999,,,,,,,,,,88.75,1.5,,0.0,0.0,15.0,757.0,
2023-10-10 05:00:00,12.75,28.25,5.2250000000000005,15.55,12.5,22.125,15.825000000000001,,,,,,,,,,88.5,1.3,,0.0,0.0,15.25,757.75,
2023-10-10 06:00:00,15.25,33.0,8.25,14.3,14.275,13.825,9.4,,,,,,,,,,89.25,1.4,,0.0,0.0,45.5,758.25,
2023-10-10 07:00:00,23.25,39.25,11.8,15.975000000000001,18.075,12.975,8.175,,,,,,,,,,86.25,1.7,,0.0,0.0,160.0,759.5,
2023-10-10 08:00:00,19.25,53.75,9.1,17.95,16.95,13.125,9.35,,,,,,,,,,81.5,1.55,,0.0,0.0,292.5,761.0,
2023-10-10 09:00:00,23.0,68.0,7.45,19.725,16.525,20.475,7.5,,,,,,,,,,75.5,1.55,,0.0,0.0,412.25,761.5,
2023-10-10 10:00:00,24.75,70.75,5.775,18.8,14.7,26.6,7.933333333333334,,,,,,,,,,71.0,1.975,,0.0,0.0,477.25,760.5,
2023-10-10 11:00:00,28.0,75.0,4.3999999999999995,15.966666666666667,12.1,28.666666666666668,5.533333333333334,,,,,,,,,,67.5,1.9,,0.0,0.0,424.0,759.25,
2023-10-10 12:00:00,22.25,63.0,2.8333333333333335,14.266666666666666,9.866666666666665,30.066666666666666,5.85,,,,,,,,,,63.25,1.525,,0.0,0.0,518.25,757.5,
2023-10-10 13:00:00,23.5,62.25,2.625,12.774999999999999,8.95,29.9,7.6,,,,,,,,,,74.5,3.075,,0.0,0.0,384.5,756.0,
2023-10-10 14:00:00,25.5,58.25,1.9,9.525,6.625,23.75,8.1,,,,,,,,,,75.75,2.675,,0.0,0.0,140.75,755.0,
2023-10-10 15:00:00,27.5,55.75,2.275,13.55,9.075,19.7,7.8,,,,,,,,,,76.0,1.8,,0.0,0.0,101.25,754.0,
2023-10-10 16:00:00,33.25,75.5,3.375,13.2,9.775,19.4,18.45,,,,,,,,,,76.0,2.5,,0.0,0.0,160.0,754.0,
2023-10-10 17:00:00,43.0,99.25,3.5999999999999996,15.15,11.0,33.2,14.4,,,,,,,,,,81.33333333333333,2.1,,0.3333333333333333,0.25,63.333333333333336,,
2023-10-10 18:00:00,33.25,62.75,4.225,16.9,12.425,33.7,7.05,,,,,,,,,,83.5,2.025,,0.0,0.0,50.75,,
2023-10-10 19:00:00,28.25,49.0,3.25,17.0,11.675,32.2,4.45,,,,,,,,,,86.25,2.025,,0.0,0.0,50.0,,
2023-10-10 20:00:00,20.5,43.75,3.375,17.3,11.9,30.450000000000003,2.825,,,,,,,,,,87.75,1.875,,0.0,0.0,50.25,,
2023-10-10 21:00:00,22.75,38.0,5.05,19.3,14.4,29.675,1.8,,,,,,,,,,89.5,1.975,,0.0,0.0,50.25,,
2023-10-10 22:00:00,24.5,41.25,3.125,17.8,11.975,22.125,4.075,,,,,,,,,,89.5,1.45,,0.0,0.0,50.25,,
2023-10-10 23:00:00,19.0,36.0,4.033333333333333,13.133333333333333,10.266666666666666,20.433333333333334,5.5,,,,,,,,,,90.66666666666667,1.4333333333333333,,0.0,0.0,50.666666666666664,,
2023-10-11 00:00:00,11.25,24.0,3.35,14.675,10.525,17.475,3.4,,,,,,,,,,90.5,1.35,,0.0,0.0,50.25,,
2023-10-11 01:00:00,14.25,23.75,2.975,10.95,8.225,17.875,2.425,,,,,,,,,,91.0,1.25,,0.0,0.0,50.75,,
2023-10-11 02:00:00,20.25,23.0,6.2,13.8,12.375,24.275,1.7,,,,,,,,,,91.0,1.075,,0.0,0.0,50.0,,
2023-10-11 03:00:00,19.5,35.25,6.2,26.200000000000003,18.975,20.4,,,,,,,,,,,89.0,0.8,,0.0,0.0,50.0,,
2023-10-11 04:00:00,26.666666666666668,77.33333333333333,5.533333333333334,27.266666666666666,19.0,21.166666666666668,7.8,,,,,,,,,,85.33333333333333,1.3666666666666665,,0.0,0.0,50.333333333333336,,
2023-10-11 05:00:00,29.75,81.75,6.9,35.349999999999994,24.4,17.5,6.825,,,,,,,,,,84.75,0.55,,0.0,0.0,51.0,,
2023-10-11 06:00:00,24.5,68.0,7.375,36.45,25.375,13.275,6.75,,,,,,,,,,83.5,0.625,,0.0,0.0,85.75,,
2023-10-11 07:00:00,29.0,83.0,6.533333333333334,29.133333333333336,20.8,10.966666666666667,7.933333333333334,,,,,,,,,,80.0,0.8666666666666667,,0.0,0.0,185.66666666666666,,
2023-10-11 08:00:00,32.25,96.0,4.425,21.05,14.825,14.5,4.275,,,,,,,,,,76.0,1.025,,0.0,0.0,339.5,,
2023-10-11 09:00:00,32.75,85.75,4.05,17.35,12.525,17.425,3.325,,,,,,,,,,74.0,1.425,,0.0,0.0,466.0,,
2023-10-11 10:00:00,33.0,75.75,4.4,16.825,12.525,23.3,0.8333333333333334,,,,,,,,,,69.25,1.475,,0.0,0.0,559.75,,
2023-10-11 11:00:00,34.75,87.75,4.1000000000000005,20.5,14.200000000000001,26.766666666666666,,,,,,,,,,,69.5,1.425,,0.0,0.0,375.75,,
2023-10-11 12:00:00,31.75,95.25,2.4,15.566666666666668,10.200000000000001,29.266666666666666,2.85,,,,,,,,,,74.5,1.875,,0.0,0.0,248.0,,
2023-10-11 13:00:00,31.75,82.25,3.275,16.825,11.6,26.9,2.55,,,,,,,,,,75.25,1.75,,0.0,0.0,251.5,,
2023-10-11 14:00:00,26.25,76.5,2.65,18.95,12.25,25.5,3.15,,,,,,,,,,66.25,1.575,,3.0,3.0,402.0,,
2023-10-11 15:00:00,30.5,75.0,2.525,11.85,8.375,23.15,6.05,,,,,,,,,,74.75,2.775,,0.0,0.0,269.0,,
2023-10-11 16:00:00,32.25,73.5,2.55,13.425,9.200000000000001,20.65,4.45,,,,,,,,,,78.5,2.575,,0.0,0.0,148.75,,
2023-10-11 17:00:00,31.666666666666668,69.33333333333333,2.0,14.933333333333332,9.533333333333333,19.3,7.166666666666667,,,,,,,,,,83.33333333333333,2.4,,0.3333333333333333,0.25,62.333333333333336,,
2023-10-11 18:00:00,27.0,64.75,3.575,15.325,11.05,20.825,4.3999999999999995,,,,,,,,,,86.25,1.975,,0.0,0.0,50.0,,
2023-10-11 19:00:00,22.0,48.75,3.3499999999999996,17.125,11.825,26.125,1.575,,,,,,,,,,88.0,2.175,,0.0,0.0,50.0,,
2023-10-11 20:00:00,24.5,48.0,3.3000000000000003,13.225,9.775,28.575000000000003,8.5,,,,,,,,,,89.5,2.05,,0.0,0.0,50.0,,
2023-10-11 21:00:00,21.0,45.333333333333336,3.1999999999999997,11.466666666666667,8.700000000000001,28.933333333333334,8.299999999999999,,,,,,,,,,90.33333333333333,2.0333333333333337,,0.0,0.0,50.0,,
2023-10-11 22:00:00,17.0,40.0,3.266666666666667,8.775,6.575,29.35,5.225,,,,,,,,,,89.75,1.775,,0.0,0.0,50.0,,
2023-10-11 23:00:00,25.0,30.0,1.375,6.4,4.55,22.475,7.375,,,,,,,,,,89.75,1.475,,0.0,0.0,50.0,,
2023-10-12 00:00:00,23.25,28.75,2.425,5.375,4.85,19.85,4.425,,,,,,,,,,89.75,1.5,,0.0,0.0,50.0,,
2023-10-12 01:00:00,16.75,25.5,1.7,5.7,4.4,18.175,4.5,,,,,,,,,,90.25,1.275,,0.0,0.0,50.0,,
2023-10-12 02:00:00,13.75,26.25,3.2,11.65,8.825,17.25,6.05,,,,,,,,,,90.5,0.9500000000000001,,0.0,0.0,50.0,,
2023-10-12 03:00:00,16.75,24.25,5.025,10.9,9.875,24.725,2.9250000000000003,,,,,,,,,,90.75,0.725,,0.0,0.0,50.0,,
2023-10-12 04:00:00,19.0,25.0,3.9333333333333336,14.600000000000001,10.966666666666667,23.2,2.533333333333333,,,,,,,,,,89.33333333333333,0.6333333333333333,,0.0,0.0,49.666666666666664,,
2023-10-12 05:00:00,16.25,27.0,5.6499999999999995,19.174999999999997,14.775,28.725,1.3,,,,,,,,,,90.0,0.425,,0.0,0.0,47.75,,
2023-10-12 06:00:00,14.25,38.25,14.675,28.4,27.049999999999997,14.2,3.75,,,,,,,,,,90.75,0.825,,0.0,0.0,87.5,,
2023-10-12 07:00:00,30.5,70.0,3.825,21.4,14.5,23.125,6.5,,,,,,,,,,87.0,1.2,,0.0,0.0,196.5,,
2023-10-12 08:00:00,23.0,65.0,2.9,14.425,9.45,19.0,8.475,,,,,,,,,,78.25,1.3,,0.0,0.0,341.0,,
2023-10-12 09:00:00,26.5,68.0,3.425,15.275,10.9,19.075,9.325,,,,,,,,,,72.5,1.875,,0.0,0.0,473.25,,
2023-10-12 10:00:00,33.75,66.25,2.7,10.8,7.975,18.65,6.633333333333333,,,,,,,,,,68.0,2.15,,0.25,0.25,584.75,,
2023-10-12 11:00:00,24.25,61.25,3.3000000000000003,8.200000000000001,7.033333333333334,17.933333333333334,6.766666666666667,,,,,,,,,,64.75,2.05,,0.0,0.0,622.5,,
2023-10-12 12:00:00,24.75,63.25,4.8,11.799999999999999,10.200000000000001,26.833333333333332,3.1999999999999997,,,,,,,,,,67.75,2.7,,0.0,0.0,516.25,,
2023-10-12 13:00:00,23.25,66.25,3.75,10.45,8.6,26.775,4.775,,,,,,,,,,70.75,2.9,,0.25,0.25,547.5,,
2023-10-12 14:00:00,21.25,63.0,3.5,11.200000000000001,8.8,27.275,7.675,,,,,,,,,,72.25,2.975,,0.0,0.0,425.25,,
2023-10-12 15:00:00,23.5,63.5,3.4000000000000004,14.25,10.325,27.425,11.875,,,,,,,,,,71.75,2.4,,0.0,0.0,282.0,,
2023-10-12 16:00:00,31.0,77.25,1.925,14.399999999999999,9.225,24.7,18.85,,,,,,,,,,73.5,2.625,,0.0,0.0,174.75,,
2023-10-12 17:00:00,38.25,84.0,2.925,16.275,11.0,19.775,18.5,,,,,,,,,,77.5,2.325,,0.0,0.0,67.75,,
2023-10-12 18:00:00,32.0,74.75,2.375,16.15,10.475,18.275,9.325,,,,,,,,,,78.5,2.325,,0.0,0.0,50.0,,
2023-10-12 19:00:00,30.5,73.25,2.725,14.875,10.125,16.2,5.375,,,,,,,,,,80.0,2.025,,0.0,0.0,50.0,,
2023-10-12 20:00:00,33.25,70.5,4.575,15.475,12.0,21.7,1.9000000000000001,,,,,,,,,,81.75,1.7,,0.0,0.0,50.0,,
2023-10-12 21:00:00,28.25,68.75,3.5999999999999996,15.875,11.35,24.875,,,,,,,,,,,81.5,1.45,,0.0,0.0,50.0,,
2023-10-12 22:00:00,29.0,67.5,3.525,14.825,10.75,25.65,3.925,,,,,,,,,,82.25,1.4,,0.0,0.0,50.0,,
2023-10-12 23:00:00,28.0,62.75,3.6999999999999997,12.25,9.55,25.875,4.55,,,,,,,,,,81.5,1.5,,0.0,0.0,50.0,,
2023-10-13 00:00:00,24.75,51.5,1.875,10.075,6.85,25.3,4.5,,,,,,,,,,83.5,1.075,,0.0,0.0,50.0,,
2023-10-13 01:00:00,24.5,48.25,2.175,8.15,6.125,18.6,7.6,,,,,,,,,,84.0,1.0,,0.0,0.0,50.0,,
2023-10-13 02:00:00,26.25,58.5,2.975,12.225,8.925,15.675,8.525,,,,,,,,,,84.25,1.35,,0.0,0.0,50.0,,
2023-10-13 03:00:00,27.25,77.0,2.675,15.05,10.15,14.475,8.7,,,,,,,,,,85.75,0.9,,0.0,0.0,50.0,,
2023-10-13 04:00:00,27.75,77.0,4.55,20.25,14.475,16.1,3.975,,,,,,,,,,89.0,1.325,,0.0,0.0,50.0,,
2023-10-13 05:00:00,27.5,85.0,4.0,22.575,15.25,19.725,1.4749999999999999,,,,,,,,,,90.0,0.925,12.0,0.0,0.0,50.0,,
2023-10-13 06:00:00,31.25,86.5,3.75,20.8,14.125,20.65,8.7,,,,,,,,,,89.75,1.375,,0.0,0.0,67.5,,
2023-10-13 07:00:00,37.5,99.75,4.7,22.2,15.6,20.125,11.9,,,,,,,,,,85.25,1.6,,0.0,0.0,195.25,,
2023-10-13 08:00:00,36.25,101.75,4.475,15.975,12.1,24.275,13.125,,,,,,,,,,80.5,1.775,,0.0,0.0,302.75,,
2023-10-13 09:00:00,39.5,108.5,2.775,14.725,10.075,19.75,18.7,,,,,,,,,,77.25,1.775,,0.0,0.0,269.75,,
2023-10-13 10:00:00,46.0,107.0,3.625,13.775,10.25,18.775,18.366666666666667,,,,,,,,,,75.75,2.15,,0.0,0.0,301.75,,
2023-10-13 11:00:00,43.5,117.25,3.633333333333333,14.766666666666666,10.766666666666666,17.7,15.566666666666668,,,,,,,,,,76.0,2.3,,0.0,0.0,391.0,,
2023-10-13 12:00:00,43.75,108.75,4.533333333333333,10.033333333333333,9.033333333333333,22.7,9.075000000000001,,,,,,,,,,69.0,3.125,,0.0,0.0,501.75,,
2023-10-13 13:00:00,37.0,73.0,3.825,9.525,8.15,27.075,0.4,,,,,,,,,,71.25,3.15,,0.0,0.0,513.25,,
2023-10-13 14:00:00,30.0,80.5,3.275,7.75,6.75,28.549999999999997,1.925,,,,,,,,,,71.75,3.3,,0.0,0.0,427.25,,
2023-10-13 15:00:00,35.0,91.75,3.5,9.075,7.7,28.725,2.15,,,,,,,,,,73.5,3.225,,0.0,0.0,272.5,,
2023-10-13 16:00:00,36.0,90.5,2.95,15.825,10.8,29.5,14.149999999999999,,,,,,,,,,76.75,2.5,,0.0,0.0,121.75,,
2023-10-13 17:00:00,47.75,102.25,2.0,14.625,9.425,22.8,10.899999999999999,,,,,,,,,,79.5,2.4,,0.0,0.0,62.75,,
2023-10-13 18:00:00,45.5,88.0,1.7000000000000002,14.1,8.875,18.975,5.65,,,,,,,,,,81.75,2.225,,0.0,0.0,50.0,,
2023-10-13 19:00:00,41.0,90.66666666666667,2.733333333333333,14.700000000000001,10.1,16.599999999999998,5.2,,,,,,,,,,84.66666666666667,2.3000000000000003,,0.0,0.0,50.0,,
2023-10-13 20:00:00,40.5,92.25,2.2,13.225,8.85,17.325,2.85,,,,,,,,,,85.5,2.15,,0.0,0.0,50.0,,
2023-10-13 21:00:00,36.75,77.25,5.25,12.975,11.15,23.875,0.3,,,,,,,,,,85.5,1.7000000000000002,,0.0,0.0,50.0,,
2023-10-13 22:00:00,29.75,66.75,3.25,18.525,12.5,23.575000000000003,2.4,,,,,,,,,,83.25,1.05,,0.0,0.0,50.0,,
2023-10-13 23:00:00,27.666666666666668,68.0,3.3666666666666667,16.366666666666667,11.466666666666667,23.866666666666664,3.4333333333333336,,,,,,,,,,85.33333333333333,1.1666666666666667,,0.0,0.0,50.0,,
2023-10-14 00:00:00,25.75,67.5,3.5,13.2,9.85,25.175,3.075,,,,,,,,,,87.0,1.25,,0.0,0.0,50.0,,
2023-10-14 01:00:00,26.75,63.75,1.75,14.4,9.125,21.475,14.6,,,,,,,,,,83.25,1.775,,0.0,0.0,50.0,,
2023-10-14 02:00:00,22.75,38.25,2.4,9.975,7.275,17.375,7.5,,,,,,,,,,84.0,2.025,,0.0,0.0,50.0,,
2023-10-14 03:00:00,20.25,32.5,2.55,9.025,6.85,17.475,4.375,,,,,,,,,,86.25,1.0,,0.0,0.0,49.75,,
2023-10-14 04:00:00,15.75,22.5,4.125,20.775,14.375,10.275,4.0,,,,,,,,,,88.75,0.475,,0.0,0.0,49.75,,
2023-10-14 05:00:00,18.75,30.0,18.125,29.0,30.174999999999997,5.95,2.6,,,,,,,,,,88.25,0.525,,0.0,0.0,50.0,,
2023-10-14 06:00:00,20.25,50.5,18.2,29.425,30.474999999999998,9.55,4.1,,,,,,,,,,88.25,1.025,,0.0,0.0,53.0,,
2023-10-14 07:00:00,17.5,52.25,4.875,12.75,10.75,24.075,3.675,,,,,,,,,,92.75,1.625,,1.5,1.5,64.75,,
2023-10-14 08:00:00,15.5,32.75,7.125,19.325,16.1,18.7,2.95,,,,,,,,,,95.0,0.675,,0.75,0.75,100.0,,
2023-10-14 09:00:00,17.0,32.5,7.375,26.15,19.875,14.55,4.1,,,,,,,,,,92.0,1.25,,0.0,0.0,310.75,,
2023-10-14 10:00:00,26.0,59.25,4.35,20.175,14.275,12.975,5.3,,,,,,,,,,82.5,1.9,,0.0,0.0,496.25,,
2023-10-14 11:00:00,26.0,83.0,4.833333333333333,15.799999999999999,12.333333333333334,15.066666666666665,11.066666666666668,,,,,,,,,,78.5,2.6,,0.0,0.0,520.0,,
2023-10-14 12:00:00,28.75,91.75,3.4,14.366666666666667,10.4,17.5,12.125,,,,,,,,,,77.75,1.975,,0.0,0.0,248.0,,
2023-10-14 13:00:00,36.75,92.0,4.1,13.325,10.424999999999999,19.475,9.525,,,,,,,,,,81.5,2.8249999999999997,,0.0,0.0,131.75,,
2023-10-14 14:00:00,33.75,63.0,4.35,17.5,12.85,22.575,7.9,,,,,,,,,,87.0,1.9,,0.0,0.0,110.5,,
2023-10-14 15:00:00,26.0,53.5,4.75,17.55,13.175,21.725,12.7,,,,,,,,,,80.0,1.975,,0.0,0.0,92.75,,
2023-10-14 16:00:00,26.5,74.75,5.075,24.15,16.975,19.475,27.299999999999997,,,,,,,,,,82.5,1.975,,0.0,0.0,83.5,,
2023-10-14 17:00:00,34.75,90.75,2.8,17.825,11.75,22.85,11.875,,,,,,,,,,83.75,1.875,,0.0,0.0,56.0,,
2023-10-14 18:00:00,32.0,90.5,3.9000000000000004,20.075,12.975,13.225000000000001,6.025,,,,,,,,,,86.25,1.425,,0.0,0.0,49.75,,
2023-10-14 19:00:00,40.25,72.25,3.0,20.1,13.15,12.274999999999999,4.975,,,,,,,,,,87.25,1.75,,0.0,0.0,49.75,,
2023-10-14 20:00:00,30.0,65.25,3.025,16.85,11.425,13.0,2.85,,,,,,,,,,87.25,1.55,,0.0,0.0,49.75,,
2023-10-14 21:00:00,33.0,60.0,2.733333333333333,18.96666666666667,12.299999999999999,12.033333333333333,2.3333333333333335,,,,,,,,,,87.33333333333333,1.6333333333333335,,0.0,0.0,50.0,,
2023-10-14 22:00:00,33.75,68.75,5.3,15.675,12.675,20.025,4.125,,,,,,,,,,88.5,1.25,,0.0,0.0,49.75,,
2023-10-14 23:00:00,27.5,65.25,3.2,12.025,8.975000000000001,22.1,2.875,,,,,,,,,,89.0,0.775,,0.0,0.0,49.75,,
2023-10-15 00:00:00,29.0,62.25,3.825,9.625,8.225,22.15,2.1,,,,,,,,,,89.5,0.65,,0.0,0.0,49.75,,
2023-10-15 01:00:00,34.5,76.5,42.175,31.174999999999997,50.875,1.2,2.775,,,,,,,,,,92.0,0.85,,0.0,0.0,49.75,,
2023-10-15 02:00:00,48.5,143.75,19.275,27.675,30.375,5.325,4.55,,,,,,,,,,93.0,0.9500000000000001,,0.0,0.0,49.75,,
2023-10-15 03:00:00,36.25,95.25,5.449999999999999,13.275,11.5,15.850000000000001,5.225,,,,,,,,,,91.5,1.85,,0.25,0.25,49.75,,
2023-10-15 04:00:00,18.5,27.75,2.675,8.8,6.85,16.925,5.225,,,,,,,,,,95.0,1.325,,2.25,2.25,49.0,,
2023-10-15 05:00:00,9.0,13.75,3.925,14.65,10.95,13.075,3.95,,,,,,,,,,96.75,1.0,,2.5,2.5,48.75,,
2023-10-15 06:00:00,14.75,23.0,15.625,25.7,26.375,6.275,2.65,,,,,,,,,,96.0,0.65,,0.75,0.75,53.5,,
2023-10-15 07:00:00,23.0,35.0,14.733333333333334,26.866666666666664,26.233333333333334,9.066666666666666,1.4000000000000001,,,,,,,,,,96.0,0.5666666666666667,,0.6666666666666666,0.5,72.33333333333333,,
2023-10-15 08:00:00,19.25,32.75,21.85,34.325,36.025,5.033333333333334,2.05,,,,,,,,,,94.0,0.575,,0.0,0.0,113.25,,
2023-10-15 09:00:00,17.75,48.0,10.05,30.375,24.35,12.65,2.275,,,,,,,,,,90.0,1.125,,0.0,0.0,200.0,,
2023-10-15 10:00:00,20.75,40.25,6.3,25.1,18.5,14.1,4.8,,,,,,,,,,83.25,1.05,,0.0,0.0,383.5,,
2023-10-15 11:00:00,23.0,42.0,3.8000000000000003,18.333333333333332,12.833333333333334,12.366666666666667,8.633333333333333,,,,,,,,,,73.25,1.1,,0.0,0.0,598.0,,
2023-10-15 12:00:00,24.0,74.25,4.733333333333333,21.8,15.433333333333332,12.833333333333334,21.200000000000003,,,,,,,,,,69.25,1.55,,0.0,0.0,462.25,,
2023-10-15 13:00:00,32.75,116.5,4.175,26.8,17.65,10.85,63.225,,,,,,,,,,69.5,1.525,,0.0,0.0,367.75,,
2023-10-15 14:00:00,45.0,125.25,4.5,15.575,11.9,18.05,21.825,,,,,,,,,,72.75,2.425,,0.0,0.0,337.5,,
2023-10-15 15:00:00,29.5,71.5,3.775,12.2,9.55,22.475,5.275,,,,,,,,,,72.25,2.675,,0.0,0.0,224.25,,
2023-10-15 16:00:00,29.5,60.5,4.125,12.575,10.025,22.025,6.325,,,,,,,,,,74.75,2.275,,0.0,0.0,140.25,,
2023-10-15 17:00:00,32.0,61.75,3.925,14.3,10.8,21.4,5.525,,,,,,,,,,81.25,2.075,,0.0,0.0,59.0,,
2023-10-15 18:00:00,26.75,68.75,2.1,15.6,9.45,20.75,7.775,,,,,,,,,,82.5,2.075,,0.0,0.0,49.75,,
2023-10-15 19:00:00,29.75,63.25,1.875,17.375,10.75,12.525,8.625,,,,,,,,,,84.75,1.375,,0.0,0.0,49.75,,
2023-10-15 20:00:00,30.0,59.5,2.975,18.975,12.525,10.925,4.025,,,,,,,,,,86.75,1.475,,0.0,0.0,49.75,,
2023-10-15 21:00:00,25.75,64.25,2.575,21.025,13.25,10.5,3.4499999999999997,,,,,,,,,,87.25,1.625,,0.0,0.0,49.75,,
2023-10-15 22:00:00,31.0,63.75,3.7,15.85,11.4,17.025,4.45,,,,,,,,,,89.0,1.525,,0.0,0.0,49.75,,
2023-10-15 23:00:00,27.5,54.5,4.575,15.1,11.75,19.9,1.95,,,,,,,,,,89.0,1.45,,0.0,0.0,49.75,,
2023-10-16 00:00:00,16.0,37.25,3.5749999999999997,17.875,12.45,18.225,3.9000000000000004,,,,,,,,,,89.25,0.725,,0.0,0.0,49.75,,
2023-10-16 01:00:00,12.333333333333334,36.0,2.533333333333333,16.266666666666666,10.700000000000001,18.76666666666667,3.3333333333333335,,,,,,,,,,90.33333333333333,0.3666666666666667,,0.0,0.0,49.666666666666664,,
2023-10-16 02:00:00,12.75,39.25,3.125,17.375,11.75,18.25,3.725,,,,,,,,,,91.0,0.7000000000000001,,0.0,0.0,49.75,,
2023-10-16 03:00:00,18.25,46.25,4.375,17.075,12.625,10.9,7.65,,,,,,,,,,91.75,0.8,,0.0,0.0,49.75,,
2023-10-16 04:00:00,18.25,56.75,3.2,16.025,11.15,12.4,4.6,,,,,,,,,,93.75,0.55,,0.0,0.0,49.75,,
2023-10-16 05:00:00,18.0,59.25,5.875,17.325,13.975000000000001,11.4,3.725,,,,,,,,,,95.0,0.925,,0.0,0.0,49.75,,
2023-10-16 06:00:00,27.666666666666668,69.33333333333333,16.433333333333334,18.8,23.333333333333332,7.599999999999999,5.033333333333333,,,,,,,,,,94.66666666666667,0.9,,0.0,0.0,79.0,,
2023-10-16 07:00:00,30.25,74.75,8.625,17.0,16.05,21.049999999999997,4.25,,,,,,,,,,81.5,1.35,,0.0,0.0,264.25,,
2023-10-16 08:00:00,16.5,38.25,7.85,16.1,14.925,20.025,5.5,,,,,,,,,,80.0,1.65,,0.0,0.0,333.0,,
2023-10-16 09:00:00,22.0,47.0,4.325,16.475,12.275,24.15,5.225,,,,,,,,,,77.25,1.9000000000000001,,0.0,0.0,383.0,,
2023-10-16 10:00:00,32.25,41.0,4.9,10.175,9.425,24.55,4.333333333333333,,,,,,,,,,76.0,2.625,,0.0,0.0,515.0,,
2023-10-16 11:00:00,24.0,32.5,2.866666666666667,8.166666666666666,6.666666666666667,23.066666666666666,6.5,,,,,,,,,,73.25,2.5,,0.0,0.0,558.25,,
2023-10-16 12:00:00,15.5,33.75,3.0666666666666664,7.933333333333334,6.733333333333334,16.266666666666666,5.225,,,,,,,,,,76.0,2.7,,0.0,0.0,204.75,,
2023-10-16 13:00:00,16.25,31.5,3.5250000000000004,6.65,6.425,17.275,4.324999999999999,,,,,,,,,,76.75,2.6,,0.0,0.0,284.0,,
2023-10-16 14:00:00,15.25,29.0,4.574999999999999,8.0,7.949999999999999,15.475,2.3,,,,,,,,,,76.5,2.7,,0.0,0.0,230.75,,
2023-10-16 15:00:00,20.25,35.75,6.05,10.925,10.725,18.925,1.5499999999999998,,,,,,,,,,79.0,2.8,,0.0,0.0,145.0,,
2023-10-16 16:00:00,25.25,42.0,5.425,12.85,11.225000000000001,22.575,2.925,,,,,,,,,,79.25,2.5,,0.0,0.0,117.0,,
2023-10-16 17:00:00,27.0,51.25,5.375,13.7,11.675,22.9,2.2249999999999996,,,,,,,,,,82.25,2.375,,0.0,0.0,60.5,,
2023-10-16 18:00:00,20.75,43.0,3.425,17.0,11.8,21.275,3.275,,,,,,,,,,83.0,2.1500000000000004,,0.0,0.0,50.0,,
2023-10-16 19:00:00,21.0,44.75,3.5,18.475,12.65,19.3,4.825,,,,,,,,,,84.0,1.7,,0.0,0.0,50.0,,
2023-10-16 20:00:00,22.25,51.75,2.5,16.5,10.8,13.575,6.05,,,,,,,,,,84.75,1.9,,0.0,0.0,49.75,,
2023-10-16 21:00:00,19.75,56.75,3.4,18.725,12.725,10.7,6.025,,,,,,,,,,85.0,1.875,,0.0,0.0,50.0,,
2023-10-16 22:00:00,28.0,54.0,3.275,16.725,11.525,11.425,2.55,,,,,,,,,,83.75,1.625,,0.0,0.0,50.0,,
2023-10-16 23:00:00,25.5,49.5,3.65,14.875,10.875,13.725,2.05,,,,,,,,,,83.5,1.35,,0.0,0.0,49.75,,
2023-10-17 00:00:00,20.5,55.75,4.325,18.75,13.5,17.025,2.375,,,,,,,,,,84.0,0.9,,0.0,0.0,49.75,,
2023-10-17 01:00:00,28.5,67.0,7.45,21.4,17.475,13.85,2.675,,,,,,,,,,85.5,0.85,,0.0,0.0,50.0,,
2023-10-17 02:00:00,31.75,90.0,17.8,24.0,27.25,8.8,3.075,,,,,,,,,,90.25,0.75,,0.0,0.0,50.0,,
2023-10-17 03:00:00,36.0,99.75,8.05,24.6,19.625,14.7,3.225,,,,,,,,,,91.0,0.8,,0.0,0.0,50.0,,
2023-10-17 04:00:00,32.25,82.75,9.975000000000001,23.325,20.5,6.5,3.025,,,,,,,,,,91.0,0.7,,0.0,0.0,50.0,,
2023-10-17 05:00:00,30.5,78.75,10.325,21.775,19.975,6.125,13.95,,,,,,,,,,91.75,0.975,,0.0,0.0,50.25,,
2023-10-17 06:00:00,30.5,73.75,5.4,19.5,14.775,10.75,14.65,,,,,,,,,,91.75,1.3,,0.0,0.0,78.0,,
2023-10-17 07:00:00,27.75,69.0,11.325,21.875,20.85,6.875,10.05,,,,,,,,,,87.25,1.175,,0.0,0.0,199.25,,
2023-10-17 08:00:00,35.75,95.75,7.25,20.225,16.675,15.85,11.375,,,,,,,,,,81.75,1.8,,0.0,0.0,308.25,,
2023-10-17 09:00:00,42.5,102.5,4.65,16.8,12.7,22.299999999999997,10.15,,,,,,,,,,78.75,2.15,,0.0,0.0,257.25,,
2023-10-17 10:00:00,38.75,102.0,4.225,16.75,12.3,23.1,33.800000000000004,,,,,,,,,,74.75,2.55,,0.0,0.0,461.25,,
2023-10-17 11:00:00,39.75,109.0,3.4,10.733333333333334,8.433333333333334,26.5,7.766666666666667,,,,,,,,,,69.5,3.2,,0.0,0.0,577.0,,
2023-10-17 12:00:00,36.5,91.25,1.5333333333333332,8.966666666666667,6.033333333333334,20.766666666666666,7.625,,,,,,,,,,69.5,3.2,,0.0,0.0,530.25,,
2023-10-17 13:00:00,39.25,87.0,3.425,10.025,8.125,17.125,10.425,,,,,,,,,,71.25,3.6,,0.0,0.0,504.75,,
2023-10-17 14:00:00,42.5,98.0,3.8,11.0,8.95,15.8,14.45,,,,,,,,,,72.25,3.45,,0.0,0.0,376.5,,
2023-10-17 15:00:00,41.25,98.25,3.5999999999999996,14.3,10.5,14.175,21.075,,,,,,,,,,70.5,3.275,,0.0,0.0,255.5,,
2023-10-17 16:00:00,42.666666666666664,108.66666666666667,5.8,20.25,15.475,19.325,34.425,,,,,,,,,,69.5,2.825,,0.0,0.0,168.25,,
2023-10-17 17:00:00,42.5,106.25,3.775,20.75,14.1,25.85,29.25,,,,,,,,,,71.75,2.525,,0.0,0.0,65.5,,
2023-10-17 18:00:00,37.25,99.75,4.175,28.675,18.65,20.575,32.25,,,,,,,,,,75.25,1.875,,0.0,0.0,49.75,,
2023-10-17 19:00:00,37.0,118.75,3.9,35.5,22.075,17.925,24.075000000000003,,,,,,,,,,78.0,1.775,,0.0,0.0,49.75,,
2023-10-17 20:00:00,44.5,134.75,2.825,36.675,21.8,14.925,14.15,,,,,,,,,,79.75,1.35,,0.0,0.0,50.0,,
2023-10-17 21:00:00,49.25,136.25,2.4,35.925,21.075,9.125,18.925,,,,,,,,,,81.0,1.175,,0.0,0.0,50.0,,
2023-10-17 22:00:00,49.5,121.75,3.075,29.325,18.075,10.2,13.75,,,,,,,,,,81.75,1.1,,0.0,0.0,49.75,,
2023-10-17 23:00:00,44.75,105.5,2.95,20.6,13.325,14.175,10.35,,,,,,,,,,82.0,1.1,,0.0,0.0,49.75,,
2023-10-18 00:00:00,34.25,84.75,4.35,15.2,11.625,17.675,3.9,,,,,,,,,,81.25,1.175,,0.0,0.0,50.0,,
2023-10-18 01:00:00,35.0,87.0,3.6999999999999997,23.55,15.525,18.025,3.825,,,,,,,,,,83.5,1.2,,0.0,0.0,50.0,,
2023-10-18 02:00:00,42.25,105.5,2.775,26.7,16.450000000000003,17.425,10.55,,,,,,,,,,84.5,1.3,,0.0,0.0,50.0,,
2023-10-18 03:00:00,38.0,108.75,2.95,27.875,17.225,17.475,13.15,,,,,,,,,,85.25,1.375,,0.0,0.0,50.0,,
2023-10-18 04:00:00,44.0,118.25,1.6,26.6,15.45,16.675,9.825,,,,,,,,,,86.5,1.1,,0.0,0.0,50.0,,
2023-10-18 05:00:00,50.25,129.75,2.925,27.375,16.925,9.275,9.975,,,,,,,,,,89.0,0.875,,0.0,0.0,50.25,,
2023-10-18 06:00:00,44.0,130.5,5.125,26.925,18.525,7.800000000000001,5.1,,,,,,,,,,89.5,0.95,,0.0,0.0,79.25,,
2023-10-18 07:00:00,49.5,142.5,5.725,22.95,16.875,9.975,7.475,,,,,,,,,,86.5,1.9,,0.0,0.0,183.5,,
2023-10-18 08:00:00,50.25,139.75,5.35,21.0,15.525,13.600000000000001,12.775,,,,,,,,,,81.25,1.625,,0.0,0.0,284.5,,
2023-10-18 09:00:00,54.75,138.75,4.675,17.225,12.925,21.45,11.75,,,,,,,,,,72.25,2.4,,0.0,0.0,428.25,,
2023-10-18 10:00:00,45.5,116.0,4.125,10.85,9.1,24.75,5.7,,,,,,,,,,65.5,3.125,,0.0,0.0,531.75,,
2023-10-18 11:00:00,38.0,104.0,4.166666666666667,10.866666666666667,9.166666666666666,25.599999999999998,5.066666666666666,,,,,,,,,,64.25,3.3,,0.0,0.0,558.75,,
2023-10-18 12:00:00,38.75,106.5,3.375,9.975,8.025,26.8,5.75,,,,,,,,,,62.75,3.6,,0.0,0.0,592.75,,
2023-10-18 13:00:00,41.0,114.0,2.1333333333333333,8.666666666666666,6.366666666666667,23.266666666666666,6.5,,,,,,,,,,62.5,2.95,,1.0,0.5,537.0,,
2023-10-18 14:00:00,50.666666666666664,99.33333333333333,4.566666666666666,14.799999999999999,11.533333333333333,22.233333333333334,17.233333333333334,,,,,,,,,,,,,,0.0,,,
2023-10-18 15:00:00,49.333333333333336,113.66666666666667,4.425,14.225,11.175,32.55,16.45,,,,,,,,,,63.75,3.1500000000000004,,0.0,0.0,195.5,757.0,
2023-10-18 16:00:00,51.25,110.75,4.0,14.975000000000001,11.175,30.375,9.725,,,,,,,,,,66.25,2.725,,0.0,0.0,124.0,757.0,
2023-10-18 17:00:00,48.75,119.0,4.575,20.4,14.525,28.85,18.325,,,,,,,,,,71.0,2.075,,0.0,0.0,67.0,757.0,
2023-10-18 18:00:00,49.5,129.75,4.5,29.5,19.325000000000003,23.725,29.5,,,,,,,,,,76.0,1.875,,0.0,0.0,50.5,757.0,
2023-10-18 19:00:00,51.75,135.0,3.225,26.55,16.725,24.700000000000003,11.275,,,,,,,,,,78.5,1.575,,0.0,0.0,50.75,755.75,
2023-10-18 20:00:00,46.25,135.5,2.875,30.15,18.375,23.175,9.275,,,,,,,,,,80.0,1.55,,0.0,0.0,50.75,753.0,
2023-10-18 21:00:00,51.75,135.25,1.625,24.975,14.6,24.474999999999998,8.525,,,,,,,,,,81.25,1.55,,0.0,0.0,50.75,749.75,
2023-10-18 22:00:00,56.5,131.25,2.325,25.625,15.5,16.1,6.5,,,,,,,,,,82.0,1.15,,0.0,0.0,50.75,745.25,
2023-10-18 23:00:00,53.25,131.0,2.9749999999999996,22.174999999999997,14.225,15.5,7.1000000000000005,,,,,,,,,,83.0,1.2,,0.0,0.0,50.75,742.0,
2023-10-19 00:00:00,48.25,119.5,2.875,21.65,13.850000000000001,14.775,6.375,,,,,,,,,,84.0,1.05,,0.0,0.0,50.75,736.5,
2023-10-19 01:00:00,48.5,120.25,4.6,20.775,14.825,20.6,3.65,,,,,,,,,,85.25,1.425,,0.0,0.0,50.75,733.25,
2023-10-19 02:00:00,48.25,120.25,3.3499999999999996,20.45,13.575,23.075000000000003,7.0,,,,,,,,,,87.75,1.6,,0.0,0.0,50.75,725.75,
2023-10-19 03:00:00,51.0,126.25,3.1,17.725,11.95,23.9,12.75,,,,,,,,,,88.75,1.55,,0.0,0.0,50.75,721.25,
2023-10-19 04:00:00,49.75,123.0,2.95,18.4,12.2,23.375,9.95,,,,,,,,,,89.0,1.25,,0.0,0.0,51.0,720.0,
2023-10-19 05:00:00,53.25,117.5,2.2,15.075,9.85,22.975,9.375,,,,,,,,,,89.0,1.125,,0.0,0.0,51.0,719.0,
2023-10-19 06:00:00,48.0,110.25,1.9249999999999998,15.325,9.7,16.1,7.425,,,,,,,,,,88.25,1.5,,0.0,0.0,84.75,729.5,
2023-10-19 07:00:00,49.0,113.75,4.75,18.225,13.575,13.6,10.2,,,,,,,,,,84.75,1.525,,0.0,0.0,178.75,756.0,
2023-10-19 08:00:00,55.0,122.5,4.525,15.9,12.125,15.825,11.55,,,,,,,,,,81.75,2.0999999999999996,,0.0,0.0,311.0,756.25,
2023-10-19 09:00:00,63.25,129.5,5.6,17.175,13.675,22.1,13.825,,,,,,,,,,77.75,2.125,,0.0,0.0,409.25,756.5,
2023-10-19 10:00:00,61.0,145.0,5.25,20.35,15.075,26.45,38.333333333333336,,,,,,,,,,72.75,2.5,,0.0,0.0,370.0,757.0,
2023-10-19 11:00:00,58.5,143.0,4.7,16.900000000000002,12.766666666666666,28.7,24.2,,,,,,,,,,69.5,2.675,,0.0,0.0,314.5,757.0,
2023-10-19 12:00:00,52.25,146.0,4.533333333333333,22.599999999999998,15.666666666666666,26.7,44.15,,,,,,,,,,66.0,3.05,,0.0,0.0,302.0,757.0,
2023-10-19 13:00:00,56.5,145.5,3.4,18.7,12.725,27.7,29.549999999999997,,,,,,,,,,66.75,3.225,,0.0,0.0,330.75,757.0,
2023-10-19 14:00:00,55.5,136.0,2.825,10.85,8.1,23.15,8.225,,,,,,,,,,73.0,3.35,,0.0,0.0,339.75,757.0,
2023-10-19 15:00:00,48.0,111.0,3.05,10.775,8.225,20.45,9.1,,,,,,,,,,73.75,3.175,,0.0,0.0,218.25,757.0,
2023-10-19 16:00:00,46.75,109.0,2.9250000000000003,13.675,9.65,18.725,13.5,,,,,,,,,,76.5,2.7249999999999996,,0.0,0.0,136.25,757.0,
2023-10-19 17:00:00,42.0,110.5,3.75,18.5,12.9,17.6,19.6,,,,,,,,,,78.75,2.35,,0.0,0.0,66.75,756.75,
2023-10-19 18:00:00,38.25,101.5,4.625,19.1,13.875,23.125,7.95,,,,,,,,,,80.0,2.35,,0.0,0.0,50.75,754.25,
2023-10-19 19:00:00,35.5,86.25,2.95,19.5,12.775,23.525,3.7,,,,,,,,,,77.75,2.25,,0.0,0.0,50.75,749.75,
2023-10-19 20:00:00,34.0,80.25,2.7,20.475,13.075,22.775,4.8,,,,,,,,,,76.25,1.9,,0.0,0.0,50.75,748.5,
2023-10-19 21:00:00,34.0,75.5,3.3,21.7,14.2,23.325,5.025,,,,,,,,,,76.25,1.5,,0.0,0.0,50.75,745.75,
2023-10-19 22:00:00,32.75,69.0,1.35,23.575,13.625,15.6,3.3,,,,,,,,,,76.75,1.05,,0.0,0.0,50.75,741.75,
2023-10-19 23:00:00,29.0,69.25,2.45,18.375,11.75,14.275,4.625,,,,,,,,,,77.5,0.825,,0.0,0.0,50.75,736.75,
2023-10-20 00:00:00,27.25,59.5,3.175,12.875,9.45,15.2,2.7,,,,,,,,,,78.0,0.825,,0.0,0.0,50.75,732.25,
2023-10-20 01:00:00,21.75,53.25,1.875,11.125,7.4,15.85,2.525,,,,,,,,,,79.5,0.7,,0.0,0.0,50.75,728.0,
2023-10-20 02:00:00,26.5,70.25,21.9,34.1,35.95,13.6,5.45,,,,,,,,,,83.0,0.6499999999999999,,0.0,0.0,50.75,721.25,
2023-10-20 03:00:00,43.5,136.75,13.675,36.625,30.6,8.825,7.05,,,,,,,,,,86.5,0.7999999999999999,,0.0,0.0,50.75,720.0,
2023-10-20 04:00:00,47.75,141.25,24.975,33.575,38.175,4.225,7.85,,,,,,,,,,89.25,0.625,,0.0,0.0,50.75,719.25,
2023-10-20 05:00:00,55.0,155.25,15.175,33.7,30.25,11.125,14.6,,,,,,,,,,89.0,1.2,,0.0,0.0,51.0,719.25,
2023-10-20 06:00:00,51.5,146.0,10.25,33.3,26.025,9.5,23.65,,,,,,,,,,87.0,0.725,,0.0,0.0,88.0,733.0,
2023-10-20 07:00:00,54.75,149.5,21.8,42.35,40.275,,26.875,,,,,,,,,,82.5,0.675,,0.0,0.0,159.75,756.25,
2023-10-20 08:00:00,63.75,182.25,9.075,31.2,23.950000000000003,8.525,23.775,,,,,,,,,,76.0,0.975,,0.0,0.0,303.75,756.75,
2023-10-20 09:00:00,46.75,132.75,4.35,24.35,16.45,14.0,41.7,,,,,,,,,,70.0,1.2,,0.0,0.0,420.25,757.25,
2023-10-20 10:00:00,42.25,107.0,5.425,20.775,15.475,19.549999999999997,30.266666666666666,,,,,,,,,,64.75,1.65,,0.0,0.0,424.75,757.5,
2023-10-20 11:00:00,41.25,109.0,4.333333333333333,21.233333333333334,14.799999999999999,22.46666666666667,15.200000000000001,,,,,,,,,,63.75,1.55,,0.0,0.0,384.25,757.25,
2023-10-20 12:00:00,45.0,124.0,4.9,23.85,16.65,21.6,25.433333333333337,,,,,,,,,,64.66666666666667,1.8333333333333333,,0.0,0.0,314.6666666666667,757.0,
2023-10-20 13:00:00,49.5,135.5,4.975,21.225,15.35,21.35,40.175,,,,,,,,,,65.5,2.8,,0.0,0.0,462.5,757.75,
2023-10-20 14:00:00,45.75,149.25,4.7749999999999995,24.15,16.725,21.275,52.025,,,,,,,,,,67.5,2.9,,0.0,0.0,403.5,757.75,
2023-10-20 15:00:00,47.75,140.75,3.475,22.45,14.75,16.575,49.475,,,,,,,,,,68.0,2.75,,0.0,0.0,207.0,758.0,
2023-10-20 16:00:00,50.5,147.0,4.925,31.900000000000002,20.95,11.325,78.575,,,,,,,,,,67.5,2.425,,0.0,0.0,123.75,757.25,
2023-10-20 17:00:00,56.5,153.75,2.825,19.6,12.75,16.3,29.65,,,,,,,,,,71.0,2.525,,0.0,0.0,67.0,757.0,
2023-10-20 18:00:00,44.5,115.75,4.25,25.925,17.225,16.575,27.375,,,,,,,,,,77.5,2.075,,0.0,0.0,50.5,756.5,
2023-10-20 19:00:00,48.0,126.75,3.575,27.6,17.6,20.6,5.275,,,,,,,,,,81.75,1.8250000000000002,,0.0,0.0,50.75,756.0,
2023-10-20 20:00:00,45.0,110.5,3.2,22.65,14.65,22.2,7.15,,,,,,,,,,78.5,2.1,,0.0,0.0,50.75,756.0,
2023-10-20 21:00:00,44.0,90.75,3.3,21.85,14.3,22.1,4.825,,,,,,,,,,80.75,1.725,,0.0,0.0,50.75,753.5,
2023-10-20 22:00:00,40.25,89.25,2.75,20.825000000000003,13.3,21.8,5.6,,,,,,,,,,82.0,1.4500000000000002,,0.0,0.0,50.75,752.5,
2023-10-20 23:00:00,39.75,87.0,2.0666666666666664,21.15,12.425,14.825,13.875,,,,,,,,,,83.25,1.05,,0.0,0.0,50.0,747.5,
2023-10-21 00:00:00,42.75,87.5,2.55,20.25,12.85,13.125,9.4,,,,,,,,,,84.25,1.175,,0.0,0.0,50.5,744.0,
2023-10-21 01:00:00,35.25,87.75,3.525,18.1,12.5,13.225,5.825,,,,,,,,,,85.25,1.475,,0.0,0.0,50.0,741.0,
2023-10-21 02:00:00,33.5,84.0,2.4,18.925,12.025,14.05,5.0249999999999995,,,,,,,,,,86.0,1.025,,0.0,0.0,50.25,736.75,
2023-10-21 03:00:00,35.0,86.5,4.15,21.95,15.05,17.375,1.925,,,,,,,,,,88.25,1.275,12.0,0.0,0.0,50.25,731.0,
2023-10-21 04:00:00,37.25,93.5,6.0,23.9,17.6,17.225,10.275,,,,,,,,,,90.75,2.0,,0.0,0.0,49.75,723.25,
2023-10-21 05:00:00,38.0,78.0,7.55,36.7,25.625,11.1,4.775,,,,,,,,,,96.0,1.0,,0.0,0.0,49.0,720.0,
2023-10-21 06:00:00,20.5,40.5,14.325,45.1,35.625,5.325,3.075,,,,,,,,,,95.25,1.325,,0.0,0.0,88.75,719.75,
2023-10-21 07:00:00,25.0,59.5,8.9,29.45,22.9,9.3,10.675,,,,,,,,,,91.75,1.825,,0.0,0.0,110.75,731.25,
2023-10-21 08:00:00,33.25,72.75,6.575,30.775,21.7,10.033333333333333,6.45,,,,,,,,,,94.25,1.075,,0.0,0.0,119.5,721.0,
2023-10-21 09:00:00,33.25,66.25,8.125,34.9,25.175,9.833333333333334,10.525,,,,,,,,,,86.75,1.2,,0.0,0.0,353.0,755.75,
2023-10-21 10:00:00,38.0,75.0,3.6,17.125,12.0,15.1,8.166666666666666,,,,,,,,,,79.5,2.175,,0.0,0.0,382.5,757.0,
2023-10-21 11:00:00,33.0,78.75,7.733333333333333,23.2,18.633333333333333,17.666666666666668,32.46666666666667,,,,,,,,,,79.0,2.125,,0.0,0.0,319.5,757.25,
2023-10-21 12:00:00,35.25,88.25,7.099999999999999,33.199999999999996,23.433333333333334,15.0,11.125,,,,,,,,,,88.75,1.575,,0.0,0.0,160.25,742.5,
2023-10-21 13:00:00,32.25,59.25,9.675,44.45,31.475,8.8,5.8,,,,,,,,,,86.25,0.85,,0.0,0.0,263.75,757.0,
2023-10-21 14:00:00,29.75,69.0,3.8249999999999997,19.875,13.7,21.15,7.45,,,,,,,,,,75.25,2.25,,0.0,0.0,361.0,757.0,
2023-10-21 15:00:00,28.75,70.0,2.275,12.75,8.6,22.4,7.8,,,,,,,,,,74.5,3.025,,0.0,0.0,216.75,757.5,
2023-10-21 16:00:00,28.75,73.0,1.8,17.0,10.5,16.3,11.2,,,,,,,,,,76.5,2.35,,0.0,0.0,102.75,757.0,
2023-10-21 17:00:00,37.0,87.5,4.5,32.125,20.75,8.05,48.325,,,,,,,,,,79.75,1.75,,0.0,0.0,63.5,757.0,
2023-10-21 18:00:00,51.25,121.0,3.525,25.275,16.3,10.825000000000001,19.125,,,,,,,,,,83.25,1.7750000000000001,,0.0,0.0,49.0,757.0,
2023-10-21 19:00:00,38.5,89.0,4.475,26.975,17.95,13.575,9.575,,,,,,,,,,79.0,1.675,,0.0,0.0,49.25,744.25,
2023-10-21 20:00:00,35.25,89.0,4.325,46.475,28.225,8.8,21.5,,,,,,,,,,83.5,1.05,,0.0,0.0,49.75,738.25,
2023-10-21 21:00:00,40.0,109.25,2.75,39.8,23.4,12.85,11.125,,,,,,,,,,86.25,1.25,,0.0,0.0,49.5,742.25,
2023-10-21 22:00:00,41.666666666666664,108.66666666666667,2.5333333333333337,28.566666666666663,17.266666666666666,17.066666666666666,4.6000000000000005,,,,,,,,,,88.0,1.5,,0.0,0.0,49.666666666666664,739.3333333333334,
2023-10-21 23:00:00,39.0,92.75,2.5,22.7,14.125,18.15,4.125,,,,,,,,,,88.0,1.4,,0.0,0.0,49.75,737.5,
2023-10-22 00:00:00,39.5,88.0,1.7999999999999998,21.625,12.975,11.725,3.125,,,,,,,,,,89.0,0.975,,0.0,0.0,49.75,735.25,
2023-10-22 01:00:00,37.75,81.25,3.225,15.65,10.975,12.325,3.1,,,,,,,,,,88.25,1.25,,0.0,0.0,49.75,736.5,
2023-10-22 02:00:00,29.75,75.0,2.7,17.099999999999998,11.25,12.6,5.55,,,,,,,,,,90.25,1.3,,0.0,0.0,50.0,729.75,
2023-10-22 03:00:00,34.25,85.75,3.275,11.625,8.85,14.475,6.425,,,,,,,,,,91.0,1.4,,0.0,0.0,50.0,725.5,
2023-10-22 04:00:00,32.0,72.0,3.925,12.8,10.0,17.8,8.0,,,,,,,,,,91.0,1.1,,0.0,0.0,50.0,726.0,
2023-10-22 05:00:00,31.5,67.75,3.7249999999999996,11.85,9.325,18.700000000000003,6.550000000000001,,,,,,,,,,88.5,1.75,,0.0,0.0,50.0,721.5,
2023-10-22 06:00:00,29.25,63.5,4.4,14.325,11.175,17.75,8.2,,,,,,,,,,86.5,1.4,,0.0,0.0,74.75,726.25,
2023-10-22 07:00:00,30.75,73.75,4.125,19.225,13.600000000000001,17.025,16.225,,,,,,,,,,87.75,2.0,,0.0,0.0,183.75,756.0,
2023-10-22 08:00:00,40.25,104.25,2.95,13.325,9.475,14.399999999999999,15.95,,,,,,,,,,85.5,2.7,,0.0,0.0,296.25,756.25,
2023-10-22 09:00:00,36.0,88.5,3.675,10.9,8.775,15.025,15.1,,,,,,,,,,80.75,2.725,,0.0,0.0,397.0,757.0,
2023-10-22 10:00:00,36.75,82.5,3.05,7.550000000000001,6.525,15.775,9.166666666666666,,,,,,,,,,73.25,2.9000000000000004,,0.0,0.0,516.5,757.25,
2023-10-22 11:00:00,30.666666666666668,78.33333333333333,2.5,8.600000000000001,6.6,15.600000000000001,10.35,,,,,,,,,,68.0,2.9,,0.0,0.0,537.3333333333334,757.6666666666666,
2023-10-22 12:00:00,31.75,80.75,3.4333333333333336,10.433333333333332,8.333333333333334,22.866666666666664,5.7250000000000005,,,,,,,,,,65.0,2.85,,0.0,0.0,492.25,757.75,
2023-10-22 13:00:00,31.5,87.0,3.6,9.825,8.125,22.025,1.675,,,,,,,,,,66.0,2.925,,0.0,0.0,444.5,757.75,
2023-10-22 14:00:00,32.5,88.75,3.575,10.65,8.575,22.4,3.35,,,,,,,,,,64.75,2.7,,0.0,0.0,386.25,757.5,
2023-10-22 15:00:00,29.75,85.0,3.575,10.25,8.375,23.2,4.325,,,,,,,,,,64.75,2.775,,0.0,0.0,197.5,757.25,
2023-10-22 16:00:00,28.5,85.75,1.85,10.225,6.925000000000001,21.2,6.475,,,,,,,,,,66.5,2.55,,0.0,0.0,122.25,757.0,
2023-10-22 17:00:00,37.75,89.25,2.875,10.85,8.125,16.8,7.075,,,,,,,,,,71.5,2.25,,0.0,0.0,64.5,757.0,
2023-10-22 18:00:00,45.0,99.25,2.6,16.275,10.775,14.55,3.7750000000000004,,,,,,,,,,77.75,1.5,,0.0,0.0,49.75,756.75,
2023-10-22 19:00:00,51.5,121.25,2.75,25.975,16.025,10.399999999999999,18.9,,,,,,,,,,81.75,1.15,,0.0,0.0,49.75,749.5,
2023-10-22 20:00:00,51.25,129.75,4.8,28.525,19.075,13.85,11.55,,,,,,,,,,83.75,1.025,,0.0,0.0,49.75,743.25,
2023-10-22 21:00:00,46.75,125.75,3.75,29.925,19.0,14.925,4.6,,,,,,,,,,82.5,0.9750000000000001,,0.0,0.0,50.0,745.75,
2023-10-22 22:00:00,48.25,125.5,3.9250000000000003,31.35,19.85,14.425,11.125,,,,,,,,,,83.0,1.075,,0.0,0.0,50.0,744.75,
2023-10-22 23:00:00,49.0,130.33333333333334,2.1666666666666665,29.53333333333333,17.433333333333334,16.133333333333333,18.833333333333332,,,,,,,,,,83.66666666666667,0.9666666666666667,,0.0,0.0,50.0,738.3333333333334,
2023-10-23 00:00:00,53.0,135.25,1.875,22.3,13.375,17.0,18.55,,,,,,,,,,84.75,0.925,,0.0,0.0,49.5,734.0,
2023-10-23 01:00:00,47.0,126.5,2.725,15.100000000000001,10.2,13.85,19.174999999999997,,,,,,,,,,85.5,1.0,,0.0,0.0,50.0,732.25,
2023-10-23 02:00:00,47.25,118.0,3.075,14.25,10.075,13.75,10.875,,,,,,,,,,86.0,0.875,,0.0,0.0,49.75,727.5,
2023-10-23 03:00:00,48.75,125.0,5.0,26.05,17.925,7.25,9.675,,,,,,,,,,88.25,0.7,,0.0,0.0,50.0,721.75,
2023-10-23 04:00:00,50.5,129.0,8.85,35.9,26.3,5.525,18.25,,,,,,,,,,91.0,0.825,,0.0,0.0,50.0,720.0,
2023-10-23 05:00:00,49.5,133.5,10.75,39.775,29.9,6.2,16.45,,,,,,,,,,90.5,0.9,,0.0,0.0,50.25,719.75,
2023-10-23 06:00:00,49.75,137.25,12.175,40.075,31.2,6.4,9.625,,,,,,,,,,90.75,0.9750000000000001,,0.0,0.0,79.25,727.5,
2023-10-23 07:00:00,45.0,131.25,6.725,30.05,21.450000000000003,13.65,7.85,,,,,,,,,,85.25,1.275,,0.0,0.0,180.25,755.75,
2023-10-23 08:00:00,44.0,121.25,5.1000000000000005,22.1,15.925,17.775,9.15,,,,,,,,,,79.25,1.4249999999999998,,0.0,0.0,311.75,757.0,
2023-10-23 09:00:00,47.5,122.0,2.325,13.25,8.925,15.525,14.4,,,,,,,,,,73.0,1.45,,0.0,0.0,429.75,757.0,
2023-10-23 10:00:00,41.5,112.5,3.35,11.225,8.7,14.775,9.766666666666666,,,,,,,,,,64.75,1.55,,0.0,0.0,439.5,758.0,
2023-10-23 11:00:00,41.75,109.0,4.266666666666667,7.933333333333334,7.666666666666667,16.033333333333335,9.666666666666666,,,,,,,,,,57.25,2.55,,0.0,0.0,558.5,758.0,
2023-10-23 12:00:00,31.25,101.75,4.1000000000000005,10.133333333333333,8.700000000000001,18.7,11.049999999999999,,,,,,,,,,54.75,2.3,,0.0,0.0,509.75,758.0,
2023-10-23 13:00:00,36.75,95.0,5.25,8.675,8.875,21.525,5.55,,,,,,,,,,50.25,2.2249999999999996,,0.0,0.0,528.5,758.0,
2023-10-23 14:00:00,34.5,84.75,3.7,10.975000000000001,8.8,21.75,9.0,,,,,,,,,,52.0,2.125,,0.0,0.0,446.25,758.0,
2023-10-23 15:00:00,37.0,84.75,3.675,12.125,9.45,22.075,11.2,,,,,,,,,,59.25,3.2,,0.0,0.0,213.0,758.0,
2023-10-23 16:00:00,33.25,95.75,4.125,16.7,12.225,23.625,14.0,,,,,,,,,,56.5,2.8,,0.0,0.0,109.5,757.0,
2023-10-23 17:00:00,40.0,95.25,1.1666666666666667,18.6,10.6,19.700000000000003,12.85,,,,,,,,,,61.0,2.4,,0.0,0.0,63.0,757.0,
2023-10-23 18:00:00,42.5,98.0,2.975,20.125,13.125,15.1,10.525,,,,,,,,,,64.25,1.6,,0.0,0.0,50.0,757.0,
2023-10-23 19:00:00,48.0,104.75,2.625,25.65,15.8,11.525,9.775,,,,,,,,,,68.25,1.475,,0.0,0.0,50.0,753.5,
2023-10-23 20:00:00,42.25,105.25,2.25,23.95,14.6,11.55,7.75,,,,,,,,,,69.25,1.2000000000000002,,0.0,0.0,50.0,748.75,
2023-10-23 21:00:00,40.25,102.0,4.9,30.125,20.025,13.425,4.225,,,,,,,,,,70.5,0.9,,0.0,0.0,50.0,741.75,
2023-10-23 22:00:00,34.0,106.25,2.775,29.625,18.0,15.025,6.05,,,,,,,,,,71.25,0.625,,0.0,0.0,50.0,736.0,
2023-10-23 23:00:00,40.75,109.25,5.425,51.15,31.625,6.2,6.6,,,,,,,,,,73.75,0.725,,0.0,0.0,50.0,731.0,
2023-10-24 00:00:00,44.5,129.5,4.925,46.675,28.825,9.45,6.35,,,,,,,,,,76.75,0.975,,0.0,0.0,50.0,724.25,
2023-10-24 01:00:00,47.25,117.0,2.225,33.2,19.450000000000003,12.2,7.475,,,,,,,,,,79.25,1.15,,0.0,0.0,50.0,720.0,
2023-10-24 02:00:00,42.75,115.5,2.8,24.35,15.25,10.6,6.725,,,,,,,,,,80.75,0.875,,0.0,0.0,49.25,720.25,
2023-10-24 03:00:00,45.75,106.25,8.9,41.825,29.45,9.15,4.475,,,,,,,,,,83.0,0.675,,0.0,0.0,48.0,720.75,
2023-10-24 04:00:00,48.5,122.5,3.45,35.725,21.825,6.075,8.275,,,,,,,,,,86.5,0.75,,0.0,0.0,50.0,720.0,
2023-10-24 05:00:00,51.25,136.0,11.025,52.55,36.95,,11.15,,,,,,,,,,87.0,0.825,,0.0,0.0,50.25,720.0,
2023-10-24 06:00:00,54.75,151.0,16.775,58.8,44.95,,11.075,,,,,,,,,,85.75,0.9,,0.0,0.0,80.75,724.5,
2023-10-24 07:00:00,55.5,168.25,9.375,47.825,33.075,10.075,13.575,,,,,,,,,,79.75,1.025,,0.0,0.0,191.0,757.0,
2023-10-24 08:00:00,57.0,161.5,4.15,31.725,20.25,19.9,16.35,,,,,,,,,,73.5,1.125,,0.0,0.0,337.75,756.5,
2023-10-24 09:00:00,44.5,140.5,2.625,19.0,12.25,19.875,11.95,,,,,,,,,,69.25,1.325,,0.0,0.0,456.25,757.25,
2023-10-24 10:00:00,35.0,116.75,2.4,15.675,10.3,20.725,9.5,,,,,,,,,,61.25,1.3,,0.0,0.0,533.75,757.75,
2023-10-24 11:00:00,36.0,106.0,2.033333333333333,9.6,6.766666666666667,19.533333333333335,11.766666666666666,,,,,,,,,,53.0,2.025,,0.0,0.0,559.25,758.0,
2023-10-24 12:00:00,30.5,83.25,3.6999999999999997,9.0,7.8,18.03333333333333,9.2,,,,,,,,,,49.75,1.9,,0.0,0.0,577.25,758.0,
2023-10-24 13:00:00,31.25,80.5,3.0,9.025,7.225,17.275,8.45,,,,,,,,,,53.75,1.85,,0.0,0.0,437.0,758.0,
2023-10-24 14:00:00,31.5,91.5,3.45,10.975,8.6,18.25,6.9,,,,,,,,,,63.5,2.6,,0.0,0.0,278.0,757.75,
2023-10-24 15:00:00,40.25,105.75,5.075,12.7,10.875,21.9,12.6,,,,,,,,,,64.75,2.7,,0.0,0.0,165.75,757.0,
2023-10-24 16:00:00,42.25,116.75,3.025,12.875,9.3,22.925,20.875,,,,,,,,,,64.0,2.65,,0.0,0.0,117.5,757.0,
2023-10-24 17:00:00,39.75,114.75,3.6,13.35,10.025,23.125,16.575,,,,,,,,,,65.5,2.25,,0.0,0.0,63.25,757.0,
2023-10-24 18:00:00,46.5,113.25,2.975,20.2,13.175,21.425,14.675,,,,,,,,,,66.75,1.8,,0.0,0.0,50.0,757.0,
2023-10-24 19:00:00,41.0,120.0,0.725,24.025,13.4,15.925,14.125,,,,,,,,,,71.0,1.35,,0.0,0.0,50.0,757.0,
2023-10-24 20:00:00,37.75,117.0,2.65,20.275,12.95,14.425,9.35,,,,,,,,,,71.75,1.55,,0.0,0.0,50.0,756.75,
2023-10-24 21:00:00,38.25,108.25,3.25,20.45,13.55,13.225,10.275,,,,,,,,,,72.75,1.15,,0.0,0.0,50.0,754.0,
2023-10-24 22:00:00,39.0,106.75,2.75,22.125,13.975,12.2,9.325,,,,,,,,,,73.25,0.5,,0.0,0.0,50.0,746.0,
2023-10-24 23:00:00,32.5,103.75,5.225,40.925,26.025000000000002,9.7,5.8,,,,,,,,,,74.5,0.7,,0.0,0.0,50.0,743.25,
2023-10-25 00:00:00,39.5,118.0,6.6,48.175,31.025,6.9750000000000005,7.725,,,,,,,,,,77.75,0.5,,0.0,0.0,50.0,733.0,
2023-10-25 01:00:00,41.25,138.0,15.875,52.75,40.975,2.4499999999999997,7.4,,,,,,,,,,81.25,0.8,,0.0,0.0,50.5,724.0,
2023-10-25 02:00:00,54.75,175.25,5.225,42.125,26.625,11.65,9.525,,,,,,,,,,81.75,0.85,,0.0,0.0,50.75,720.0,
2023-10-25 03:00:00,67.25,184.5,2.8,34.675,20.725,11.125,11.925,,,,,,,,,,82.75,1.0,,0.0,0.0,50.75,720.0,
2023-10-25 04:00:00,67.25,173.75,15.3,44.325,36.025,1.75,10.225,,,,,,,,,,84.25,0.625,,0.0,0.0,50.75,720.0,
2023-10-25 05:00:00,56.0,167.25,21.475,45.95,41.9,2.4,9.55,,,,,,,,,,85.25,0.75,,0.0,0.0,50.75,720.0,
2023-10-25 06:00:00,57.0,158.25,23.2,49.025,44.925,,8.3,,,,,,,,,,85.25,0.575,,0.0,0.0,81.5,729.0,
2023-10-25 07:00:00,59.25,175.5,15.0,43.300000000000004,35.2,6.933333333333334,7.1499999999999995,,,,,,,,,,82.0,1.025,,0.0,0.0,196.0,756.5,
2023-10-25 08:00:00,53.25,143.5,8.25,31.849999999999998,23.675,14.025,9.975,,,,,,,,,,78.5,1.225,,0.0,0.0,336.25,757.0,
2023-10-25 09:00:00,40.75,112.75,4.85,24.85,17.175,19.825000000000003,13.725,,,,,,,,,,72.5,1.45,,0.0,0.0,433.5,756.75,
2023-10-25 10:00:00,38.75,104.0,4.3,21.2,14.75,21.375,14.133333333333333,,,,,,,,,,66.5,1.4,,0.0,0.0,455.25,757.75,
2023-10-25 11:00:00,43.5,99.25,2.866666666666667,15.466666666666667,10.566666666666666,25.433333333333334,20.166666666666668,,,,,,,,,,62.0,1.8,,0.0,0.0,469.5,758.0,
2023-10-25 12:00:00,42.5,99.5,2.3333333333333335,11.9,8.233333333333333,20.733333333333334,16.85,,,,,,,,,,57.75,1.6,,0.0,0.0,476.5,758.0,
2023-10-25 13:00:00,41.0,88.0,2.875,10.225,7.8,17.9,12.525,,,,,,,,,,58.5,2.1,,0.0,0.0,519.5,758.0,
2023-10-25 14:00:00,35.75,89.25,3.175,12.275,9.125,17.8,7.675,,,,,,,,,,69.75,2.925,,0.0,0.0,210.0,757.0,
2023-10-25 15:00:00,46.25,107.0,4.775,16.075,12.425,19.8,8.7,,,,,,,,,,72.0,2.975,,0.0,0.0,201.25,757.25,
2023-10-25 16:00:00,44.5,116.75,5.05,18.525,13.975,23.975,9.85,,,,,,,,,,71.25,2.6,,0.0,0.0,115.0,757.0,
2023-10-25 17:00:00,47.75,99.0,3.0,18.875,12.475,27.35,7.8,,,,,,,,,,73.5,2.55,,0.0,0.0,62.75,757.0,
2023-10-25 18:00:00,50.25,96.0,3.525,20.675,13.850000000000001,24.8,8.525,,,,,,,,,,75.75,2.1,,0.0,0.0,50.0,756.5,
2023-10-25 19:00:00,42.25,106.25,2.05,26.3,15.649999999999999,22.5,8.45,,,,,,,,,,76.0,1.925,,0.0,0.0,50.0,754.25,
2023-10-25 20:00:00,42.75,108.25,1.475,24.775,14.35,16.075,8.25,,,,,,,,,,76.25,1.775,,0.0,0.0,50.0,751.5,
2023-10-25 21:00:00,41.25,106.25,3.125,21.475,13.975,14.399999999999999,9.875,,,,,,,,,,77.5,1.825,,0.0,0.0,50.0,748.0,
2023-10-25 22:00:00,40.25,115.75,2.6,18.200000000000003,11.8,14.525,13.625,,,,,,,,,,78.75,1.4249999999999998,,0.0,0.0,50.0,745.0,
2023-10-25 23:00:00,42.75,111.0,2.85,14.375,9.95,16.2,9.7,,,,,,,,,,78.0,1.0750000000000002,,0.0,0.0,50.0,740.75,
2023-10-26 00:00:00,37.5,94.0,4.3,12.0,9.875,20.55,8.5,,,,,,,,,,79.75,0.675,,0.0,0.0,50.0,735.0,
2023-10-26 01:00:00,34.25,81.0,3.6,15.175,11.025,20.375,7.4,,,,,,,,,,81.75,0.55,,0.0,0.0,50.0,732.25,
2023-10-26 02:00:00,42.75,106.75,6.4,42.425,27.8,8.95,8.475,,,,,,,,,,84.75,0.9750000000000001,,0.0,0.0,50.0,722.25,
2023-10-26 03:00:00,56.5,164.5,5.125,38.275,24.525,12.625,9.575,,,,,,,,,,86.0,0.875,,0.0,0.0,50.0,720.0,
2023-10-26 04:00:00,55.75,160.25,9.15,42.4,29.975,6.566666666666666,11.1,,,,,,,,,,86.75,0.725,,0.0,0.0,50.0,720.0,
2023-10-26 05:00:00,60.0,166.5,16.15,48.1,38.725,,13.525,,,,,,,,,,88.25,0.675,,0.0,0.0,50.0,720.0,
2023-10-26 06:00:00,66.0,183.75,20.625,49.775,43.225,,9.6,,,,,,,,,,88.75,0.825,,0.0,0.0,79.5,729.25,
2023-10-26 07:00:00,65.0,180.75,10.525,40.35,30.0,5.2,9.65,,,,,,,,,,83.5,1.125,,0.0,0.0,183.5,756.5,
2023-10-26 08:00:00,59.25,159.75,6.125,24.35,17.925,16.825,20.85,,,,,,,,,,78.0,1.7,,0.0,0.0,288.75,757.0,
2023-10-26 09:00:00,50.0,141.5,4.3,19.35,13.8,21.450000000000003,14.45,,,,,,,,,,75.5,1.675,,0.0,0.0,327.75,757.0,
2023-10-26 10:00:00,48.75,133.0,6.300000000000001,28.424999999999997,20.225,16.8,56.96666666666667,,,,,,,,,,69.5,1.775,,0.0,0.0,488.0,757.5,
2023-10-26 11:00:00,51.75,122.25,4.1000000000000005,19.433333333333334,13.666666666666666,22.400000000000002,24.433333333333334,,,,,,,,,,67.25,1.95,,0.0,0.0,324.0,757.5,
2023-10-26 12:00:00,47.25,100.0,2.5,12.366666666666667,7.599999999999999,25.0,18.925,,,,,,,,,,64.25,2.3,,0.0,0.0,493.25,757.0,
2023-10-26 13:00:00,55.25,103.25,2.375,16.625,10.775,18.4,28.625,,,,,,,,,,66.5,2.8,,0.0,0.0,270.0,757.0,
2023-10-26 14:00:00,54.25,104.0,4.35,16.325,12.2,16.675,23.3,,,,,,,,,,65.5,3.325,,0.0,0.0,397.75,758.0,
2023-10-26 15:00:00,42.5,110.25,6.475,30.05,21.25,10.35,75.25,,,,,,,,,,67.25,3.325,,0.0,0.0,210.0,758.0,
2023-10-26 16:00:00,48.5,120.0,4.825,17.05,12.975000000000001,20.125,7.6,,,,,,,,,,70.25,2.8,,0.0,0.0,111.5,757.25,
2023-10-26 17:00:00,44.25,93.0,3.775,20.675,14.075,21.95,2.725,,,,,,,,,,74.5,2.525,,0.0,0.0,62.5,757.0,
2023-10-26 18:00:00,42.5,87.75,3.6,22.65,15.0,20.925,4.15,,,,,,,,,,76.75,2.65,,0.0,0.0,50.0,756.5,
2023-10-26 19:00:00,34.25,72.75,3.2,24.325,15.549999999999999,20.225,3.65,,,,,,,,,,78.75,2.45,,0.0,0.0,50.0,754.5,
2023-10-26 20:00:00,33.0,72.75,1.675,21.225,12.675,20.725,5.825,,,,,,,,,,80.0,2.2,,0.0,0.0,50.0,752.5,
2023-10-26 21:00:00,34.0,67.75,2.675,17.8,11.675,15.425,8.0,,,,,,,,,,82.75,2.125,,0.0,0.0,50.0,750.0,
2023-10-26 22:00:00,27.5,71.25,2.925,18.225,12.05,13.375,4.15,,,,,,,,,,84.0,1.7,,0.0,0.0,50.0,747.75,
2023-10-26 23:00:00,28.333333333333332,64.66666666666667,2.533333333333333,14.6,9.799999999999999,13.966666666666667,3.966666666666667,,,,,,,,,,84.0,1.4666666666666668,,0.0,0.0,50.0,744.3333333333334,
2023-10-27 00:00:00,30.75,60.0,4.4,10.675,9.25,16.5,2.1999999999999997,,,,,,,,,,84.0,1.425,,0.0,0.0,50.0,740.25,
2023-10-27 01:00:00,23.5,56.5,4.05,16.55,12.075,18.2,,,,,,,,,,,85.0,0.9,,0.0,0.0,50.0,734.75,
2023-10-27 02:00:00,23.25,63.0,3.525,20.65,13.850000000000001,17.2,2.2750000000000004,,,,,,,,,,85.25,0.6,,0.0,0.0,50.0,733.0,
2023-10-27 03:00:00,31.75,74.0,11.399999999999999,34.825,27.8,8.225,4.45,,,,,,,,,,88.25,0.925,,0.0,0.0,50.0,724.25,
2023-10-27 04:00:00,43.75,113.0,3.275,25.525,16.25,16.95,7.4,,,,,,,,,,90.0,1.225,,0.0,0.0,50.0,720.25,
2023-10-27 05:00:00,37.0,101.25,2.45,17.05,11.1,13.925,9.375,,,,,,,,,,90.0,1.3,,0.0,0.0,50.0,720.0,
2023-10-27 06:00:00,40.25,95.75,2.975,17.45,11.675,12.024999999999999,9.85,,,,,,,,,,90.0,1.35,,0.0,0.0,63.25,723.0,
2023-10-27 07:00:00,48.5,100.5,3.5999999999999996,17.825,12.4,10.95,11.025,,,,,,,,,,89.5,1.975,,0.0,0.0,98.75,734.25,
2023-10-27 08:00:00,42.0,91.25,5.075,18.325,13.875,12.075,11.225,,,,,,,,,,87.0,2.425,,0.0,0.0,263.25,755.25,
2023-10-27 09:00:00,38.75,97.75,5.325,18.725,14.3,20.2,11.15,,,,,,,,,,84.0,2.475,,0.0,0.0,168.75,757.0,
2023-10-27 10:00:00,46.75,102.5,6.275,19.925,15.7,20.85,13.733333333333334,,,,,,,,,,81.25,2.275,,0.0,0.0,177.75,757.0,
2023-10-27 11:00:00,43.5,87.0,3.3666666666666667,17.466666666666665,12.033333333333333,22.933333333333334,9.833333333333334,,,,,,,,,,84.25,2.425,,0.0,0.0,218.25,746.25,
2023-10-27 12:00:00,33.25,66.25,11.266666666666666,39.766666666666666,30.333333333333332,10.366666666666667,8.05,,,,,,,,,,90.5,0.9,,0.0,0.0,186.25,736.75,
2023-10-27 13:00:00,25.0,49.0,3.575,14.1,10.425,17.975,8.475,,,,,,,,,,77.25,2.45,,0.0,0.0,556.75,757.25,
2023-10-27 14:00:00,20.0,26.0,3.625,9.4,7.925,15.475,4.125,,,,,,,,,,72.25,2.875,,0.0,0.0,447.5,758.0,
2023-10-27 15:00:00,20.5,26.25,4.575,8.8,8.4,14.45,3.025,,,,,,,,,,74.5,3.175,,0.0,0.0,210.25,758.0,
2023-10-27 16:00:00,21.333333333333332,27.5,3.85,12.3,9.7,13.425,2.625,,,,,,,,,,77.5,2.775,,0.0,0.0,97.75,757.0,
2023-10-27 17:00:00,19.0,27.5,6.65,17.375,14.65,14.650000000000002,0.8999999999999999,,,,,,,,,,82.0,2.325,,0.0,0.0,63.25,755.0,
2023-10-27 18:00:00,15.25,27.5,4.0,24.224999999999998,16.125,14.45,2.475,,,,,,,,,,82.75,2.225,,0.0,0.0,49.0,747.75,
2023-10-27 19:00:00,12.25,39.75,4.125,26.2,17.3,14.5,2.35,,,,,,,,,,85.0,1.925,,0.0,0.0,49.0,744.75,
2023-10-27 20:00:00,10.5,36.75,4.1,25.45,16.85,14.375,3.875,,,,,,,,,,86.25,1.675,,0.0,0.0,49.0,742.5,
2023-10-27 21:00:00,12.75,38.25,2.325,22.65,13.950000000000001,14.174999999999999,6.0,,,,,,,,,,86.0,1.175,,0.0,0.0,49.0,741.0,
2023-10-27 22:00:00,14.0,36.0,3.8499999999999996,25.475,16.675,7.8,8.4,,,,,,,,,,86.0,1.075,,0.0,0.0,49.0,739.25,
2023-10-27 23:00:00,12.75,35.25,2.375,17.4,11.2,10.825,9.175,,,,,,,,,,86.5,0.925,,0.0,0.0,49.0,740.5,
2023-10-28 00:00:00,16.25,32.25,3.625,17.375,12.225000000000001,8.7,3.35,,,,,,,,,,87.0,0.725,,0.0,0.0,49.0,736.0,
2023-10-28 01:00:00,12.0,29.0,4.725,20.425,14.7,10.5,1.775,,,,,,,,,,87.25,0.625,,0.0,0.0,49.0,729.0,
2023-10-28 02:00:00,15.25,27.25,3.425,19.275,13.05,13.8,1.4,,,,,,,,,,87.25,0.65,,0.0,0.0,49.0,725.25,
2023-10-28 03:00:00,18.25,39.75,35.525,27.35,43.425,14.0,2.05,,,,,,,,,,89.5,0.42500000000000004,,0.0,0.0,49.5,720.0,
2023-10-28 04:00:00,27.25,72.75,43.324999999999996,29.1,50.725,5.6,4.1499999999999995,,,,,,,,,,92.5,0.725,,0.0,0.0,49.5,720.0,
2023-10-28 05:00:00,35.0,97.5,42.875,27.3,49.425,2.2,6.45,,,,,,,,,,93.0,0.725,,0.0,0.0,49.0,720.0,
2023-10-28 06:00:00,36.25,102.25,26.475,25.375,35.025,6.1,5.625,,,,,,,,,,93.25,0.925,,0.0,0.0,68.75,725.75,
2023-10-28 07:00:00,30.25,72.0,13.35,23.1,23.175,9.475,7.025,,,,,,,,,,89.75,1.25,,0.0,0.0,170.25,756.0,
2023-10-28 08:00:00,28.0,62.25,8.675,21.55,18.525,11.325,11.475,,,,,,,,,,84.0,1.4,,0.0,0.0,290.0,757.0,
2023-10-28 09:00:00,27.5,67.5,6.25,19.95,15.675,12.0,11.075,,,,,,,,,,79.0,1.7,,0.0,0.0,365.0,757.0,
2023-10-28 10:00:00,26.0,63.0,4.35,13.275,10.6,18.025,6.866666666666667,,,,,,,,,,72.75,2.05,,0.0,0.0,459.75,757.75,
2023-10-28 11:00:00,,101.0,5.866666666666667,12.933333333333332,11.666666666666666,20.03333333333333,4.7,,,,,,,,,,71.25,3.175,,0.0,0.0,590.25,757.75,
2023-10-28 12:00:00,,90.75,4.666666666666667,12.066666666666668,10.200000000000001,21.666666666666668,4.5249999999999995,,,,,,,,,,70.25,2.675,,0.0,0.0,596.0,757.5,
2023-10-28 13:00:00,,60.5,3.375,10.95,8.575,21.375,3.625,,,,,,,,,,72.0,2.95,,0.0,0.0,483.5,757.75,
2023-10-28 14:00:00,20.0,58.25,2.8,6.2,5.575,17.825000000000003,5.075,,,,,,,,,,73.75,3.25,,0.0,0.0,439.0,758.0,
2023-10-28 15:00:00,19.5,47.25,3.55,7.275,6.725,15.4,4.725,,,,,,,,,,76.0,3.175,,0.0,0.0,210.25,758.0,
2023-10-28 16:00:00,17.25,48.5,3.475,10.15,8.225000000000001,12.825,2.875,,,,,,,,,,76.25,2.825,,0.0,0.0,80.0,757.75,
2023-10-28 17:00:00,15.75,66.75,3.8,13.975,10.5,11.299999999999999,2.825,,,,,,,,,,78.25,2.325,,0.0,0.0,56.25,757.0,
2023-10-28 18:00:00,16.25,100.0,5.45,17.3,13.625,15.6,3.05,,,,,,,,,,81.0,2.2,,0.0,0.0,49.5,755.0,
2023-10-28 19:00:00,13.25,48.25,4.25,16.85,12.425,17.125,2.375,,,,,,,,,,83.5,2.4,,0.0,0.0,49.75,752.25,
2023-10-28 20:00:00,18.5,44.5,4.325,20.375,14.35,16.375,4.175,,,,,,,,,,82.75,1.8,,0.0,0.0,49.75,752.75,
2023-10-28 21:00:00,14.5,39.25,3.7249999999999996,17.625,12.375,18.075,3.55,,,,,,,,,,84.0,2.05,,0.0,0.0,49.75,752.25,
2023-10-28 22:00:00,15.75,36.5,1.85,15.575,9.8,16.4,2.925,,,,,,,,,,83.75,2.025,,0.0,0.0,49.75,753.5,
2023-10-28 23:00:00,13.0,33.0,3.05,8.2,6.85,14.3,4.0,,,,,,,,,,81.5,2.35,,0.0,0.0,50.0,740.5,
2023-10-29 00:00:00,8.0,29.75,2.35,15.8,10.325,10.975,3.175,,,,,,,,,,83.25,1.2,,0.0,0.0,49.75,734.25,
2023-10-29 01:00:00,10.75,32.25,3.875,15.775,11.524999999999999,9.775,2.075,,,,,,,,,,86.75,0.75,,0.0,0.0,49.25,730.0,
2023-10-29 02:00:00,10.5,34.5,5.050000000000001,21.375,15.5,12.1,,,,,,,,,,,87.25,0.7,,0.0,0.0,49.0,734.0,
2023-10-29 03:00:00,12.0,42.5,4.55,21.4,15.100000000000001,14.4,,,,,,,,,,,88.5,1.075,,0.0,0.0,49.75,733.5,
2023-10-29 04:00:00,15.0,59.75,3.8,21.875,14.7,14.975,3.7,,,,,,,,,,89.75,1.575,,0.0,0.0,49.5,727.25,
2023-10-29 05:00:00,22.75,68.75,9.85,24.55,21.075,15.366666666666665,2.4,,,,,,,,,,92.0,1.025,,0.0,0.0,49.0,720.0,
2023-10-29 06:00:00,19.25,37.75,8.125,30.599999999999998,22.9,11.166666666666666,5.225,,,,,,,,,,91.75,0.8,,0.0,0.0,70.75,723.25,
2023-10-29 07:00:00,20.25,46.5,4.15,16.4,12.075,11.225,7.45,,,,,,,,,,88.75,2.0,,0.0,0.0,188.0,751.5,
2023-10-29 08:00:00,20.75,50.5,4.075,14.15,10.850000000000001,12.15,9.5,,,,,,,,,,83.5,1.725,,0.0,0.0,304.25,757.0,
2023-10-29 09:00:00,21.25,57.0,4.25,13.075000000000001,10.425,13.375,14.975,,,,,,,,,,76.75,2.175,,0.0,0.0,425.5,757.75,
2023-10-29 10:00:00,23.5,51.0,5.125,9.225,9.05,16.5,4.8,,,,,,,,,,69.75,2.725,,0.0,0.0,562.25,758.0,
2023-10-29 11:00:00,17.5,41.75,4.966666666666666,9.133333333333333,8.9,20.666666666666668,,,,,,,,,,,69.5,3.125,,0.0,0.0,465.75,758.0,
2023-10-29 12:00:00,12.5,38.0,3.9333333333333336,8.633333333333333,7.8,21.8,3.2,,,,,,,,,,70.25,3.125,,0.0,0.0,529.0,757.75,
2023-10-29 13:00:00,11.0,29.5,4.4,8.8,8.225,20.95,3.25,,,,,,,,,,67.0,3.175,,0.0,0.0,523.0,758.0,
2023-10-29 14:00:00,11.5,32.25,2.575,8.6,6.7,22.65,3.85,,,,,,,,,,68.75,3.025,,0.0,0.0,398.75,757.75,
2023-10-29 15:00:00,14.25,35.25,2.225,6.25,5.125,17.225,6.85,,,,,,,,,,73.75,3.1500000000000004,,0.0,0.0,207.0,757.75,
2023-10-29 16:00:00,18.0,33.5,3.25,6.525,6.125,17.025,3.925,,,,,,,,,,76.5,3.025,,0.0,0.0,108.75,757.0,
2023-10-29 17:00:00,18.0,38.25,3.25,6.525,6.1,15.65,3.35,,,,,,,,,,80.75,3.25,,0.0,0.0,59.0,749.5,
2023-10-29 18:00:00,18.0,45.75,3.725,15.025,11.049999999999999,13.725,2.975,,,,,,,,,,83.25,2.1,,0.0,0.0,48.0,723.75,
2023-10-29 19:00:00,19.25,43.0,4.9,18.625,13.9,16.6,0.6666666666666666,,,,,,,,,,85.0,2.175,,0.0,0.0,48.5,738.0,
2023-10-29 20:00:00,22.0,50.0,3.7,16.0,11.525,18.6,2.2,,,,,,,,,,86.25,2.05,,0.0,0.0,48.75,736.75,
2023-10-29 21:00:00,18.75,34.75,2.95,12.475,9.025,20.1,3.075,,,,,,,,,,85.75,2.35,,0.0,0.0,48.75,747.5,
2023-10-29 22:00:00,18.5,37.25,2.825,9.9,7.55,21.75,3.3,,,,,,,,,,88.0,1.95,,0.0,0.0,48.25,731.5,
2023-10-29 23:00:00,19.0,45.5,1.475,9.35,6.15,16.775,5.675,,,,,,,,,,88.75,0.7000000000000001,,0.0,0.0,48.0,723.25,
2023-10-30 00:00:00,18.0,40.5,8.5,12.175,13.4,13.966666666666667,2.675,,,,,,,,,,92.5,1.775,,0.0,0.0,47.25,721.75,
2023-10-30 01:00:00,22.75,37.25,2.175,12.325,8.3,12.425,2.9,,,,,,,,,,95.75,1.225,,0.0,0.0,47.5,720.5,
2023-10-30 02:00:00,18.25,30.25,2.55,5.85,5.175,14.375,1.6,,,,,,,,,,96.25,1.8,,0.0,0.0,47.5,720.75,
2023-10-30 03:00:00,14.0,27.0,11.525,18.35,19.1,15.333333333333334,0.1,,,,,,,,,,96.0,0.44999999999999996,,0.0,0.0,47.5,720.0,
2023-10-30 04:00:00,10.75,32.5,8.075,28.95,22.0,9.375,2.775,,,,,,,,,,96.0,0.775,,0.0,0.0,47.75,720.0,
2023-10-30 05:00:00,18.0,33.25,14.575,34.025,29.95,5.05,3.025,,,,,,,,,,96.25,1.075,,0.0,0.0,48.0,720.5,
2023-10-30 06:00:00,18.5,43.75,25.8,37.275,40.775,1.55,4.1,,,,,,,,,,96.75,1.025,,0.0,0.0,66.25,720.75,
2023-10-30 07:00:00,26.75,54.0,7.425000000000001,27.849999999999998,20.875,10.700000000000001,5.9,,,,,,,,,,96.0,1.55,12.0,0.0,0.0,107.25,721.0,
2023-10-30 08:00:00,22.5,54.25,18.175,49.825,41.275,5.5,1.8,,,,,,,,,,92.25,0.675,,0.0,0.0,229.25,751.75,
2023-10-30 09:00:00,30.5,66.75,6.625,39.3,26.325,7.35,5.0,,,,,,,,,,85.0,1.1,,0.0,0.0,210.75,753.75,
2023-10-30 10:00:00,33.0,74.0,5.55,34.075,22.625,10.075,4.633333333333334,,,,,,,,,,88.25,0.75,,0.0,0.0,211.5,749.25,
2023-10-30 11:00:00,35.0,69.5,6.866666666666667,36.266666666666666,24.900000000000002,9.966666666666667,1.4000000000000001,,,,,,,,,,88.75,1.125,,0.0,0.0,112.0,742.75,
2023-10-30 12:00:00,31.75,64.75,6.366666666666667,36.233333333333334,24.46666666666667,14.166666666666666,2.875,,,,,,,,,,87.5,1.25,,0.0,0.0,254.5,755.75,
2023-10-30 13:00:00,33.0,69.75,4.325,32.75,20.925,15.95,3.0,,,,,,,,,,87.25,1.825,,0.0,0.0,115.0,749.75,
2023-10-30 14:00:00,38.25,86.5,4.45,36.1,22.825,13.325,7.15,,,,,,,,,,89.0,1.925,,0.0,0.0,72.0,731.5,
2023-10-30 15:00:00,35.75,82.5,3.775,29.75,18.9,13.0,6.525,,,,,,,,,,89.0,0.95,,0.0,0.0,81.5,721.25,
2023-10-30 16:00:00,36.5,82.0,8.1,48.65,32.475,1.7999999999999998,2.7,,,,,,,,,,89.0,0.8,,0.0,0.0,87.5,729.75,
2023-10-30 17:00:00,42.5,113.0,22.65,74.325,57.95,,3.425,,,,,,,,,,90.75,1.175,,0.0,0.0,57.0,724.0,
2023-10-30 18:00:00,47.75,138.75,10.525,61.75,41.425,2.15,5.8,,,,,,,,,,92.75,1.325,,0.0,0.0,48.0,720.0,
2023-10-30 19:00:00,49.75,122.5,5.85,50.15,31.45,3.7,3.8499999999999996,,,,,,,,,,93.75,1.2,,0.0,0.0,48.0,720.25,
2023-10-30 20:00:00,49.25,117.75,13.75,55.375,40.625,1.15,4.15,,,,,,,,,,94.0,1.025,,0.0,0.0,48.0,720.0,
2023-10-30 21:00:00,50.75,140.25,16.55,52.425,41.35,3.8,4.3,,,,,,,,,,94.0,0.925,,0.0,0.0,48.0,720.0,
2023-10-30 22:00:00,54.5,159.5,33.95,44.9,51.475,4.9,7.550000000000001,,,,,,,,,,95.0,0.525,,0.0,0.0,48.0,720.25,
2023-10-30 23:00:00,59.5,173.25,51.775,44.725,65.89999999999999,,11.275,,,,,,,,,,95.75,0.55,,0.0,0.0,48.0,720.25,
2023-10-31 00:00:00,61.0,174.75,29.575,38.925,44.775,2.3,9.100000000000001,,,,,,,,,,96.0,0.575,,0.0,0.0,48.0,720.5,
2023-10-31 01:00:00,57.75,142.25,14.45,36.175,31.0,5.95,7.475,,,,,,,,,,96.0,0.875,,0.0,0.0,48.0,720.5,
2023-10-31 02:00:00,45.25,115.5,8.025,30.825000000000003,22.925,10.2,8.25,,,,,,,,,,96.75,0.875,,0.0,0.0,48.0,720.5,
2023-10-31 03:00:00,35.75,102.0,2.95,21.05,13.6,16.55,8.5,,,,,,,,,,96.0,1.125,,0.0,0.0,48.0,720.25,
2023-10-31 04:00:00,33.0,92.75,3.9499999999999997,19.85,13.75,16.425,7.125,,,,,,,,,,96.0,1.325,,0.0,0.0,48.0,720.5,
2023-10-31 05:00:00,36.25,94.25,3.575,22.8,15.05,14.325,7.425,,,,,,,,,,96.0,0.9,,0.0,0.0,48.0,720.75,
2023-10-31 06:00:00,39.25,107.0,4.975,30.299999999999997,20.15,9.925,9.625,,,,,,,,,,96.0,1.125,,0.0,0.0,71.75,721.5,
2023-10-31 07:00:00,46.0,129.5,4.699999999999999,27.55,18.475,12.725,14.975,,,,,,,,,,92.25,2.15,,0.0,0.0,155.75,744.75,
2023-10-31 08:00:00,46.75,142.25,3.65,24.9,16.2,12.525,31.275,,,,,,,,,,88.0,2.825,,0.0,0.0,213.25,757.0,
2023-10-31 09:00:00,46.75,126.0,3.2,18.825,12.575000000000001,14.05,15.125,,,,,,,,,,91.0,1.7,,0.0,0.0,151.5,735.0,
2023-10-31 10:00:00,42.25,88.25,4.25,23.65,16.025,11.35,10.6,,,,,,,,,,87.5,1.55,,0.0,0.0,360.5,757.0,
2023-10-31 11:00:00,47.0,95.75,4.166666666666667,22.266666666666666,15.233333333333334,13.200000000000001,8.966666666666667,,,,,,,,,,85.75,2.175,,0.0,0.0,218.0,755.0,
2023-10-31 12:00:00,40.0,78.0,6.833333333333333,25.5,19.099999999999998,14.566666666666668,5.925,,,,,,,,,,82.75,1.925,,0.0,0.0,140.5,757.0,
2023-10-31 13:00:00,35.5,69.0,5.3,16.275,12.975,17.075,3.9749999999999996,,,,,,,,,,82.25,2.225,,0.0,0.0,212.75,757.0,
2023-10-31 14:00:00,29.5,59.5,4.7,14.425,11.5,17.125,3.9749999999999996,,,,,,,,,,79.75,2.475,,0.0,0.0,211.75,757.25,
2023-10-31 15:00:00,24.25,59.75,2.875,25.575,15.924999999999999,14.65,6.825,,,,,,,,,,89.5,2.675,12.0,0.25,0.25,83.25,724.25,
2023-10-31 16:00:00,25.0,65.0,3.475,27.35,17.375,13.075,9.75,,,,,,,,,,90.25,2.15,,0.3333333333333333,0.25,70.25,720.0,
2023-10-31 17:00:00,34.0,75.33333333333333,3.8000000000000003,34.43333333333334,21.400000000000002,6.8,10.033333333333333,,,,,,,,,,90.0,1.4333333333333333,,1.0,0.75,51.666666666666664,720.0,
2023-10-31 18:00:00,34.75,96.75,5.125,45.15,28.2,2.8666666666666667,12.85,,,,,,,,,,90.75,1.375,,16.0,16.0,48.0,720.0,
2023-10-31 19:00:00,37.75,97.0,5.075,42.65,26.8,3.45,14.0,,,,,,,,,,89.75,1.75,,7.25,7.25,48.0,720.5,
2023-10-31 20:00:00,38.75,88.5,5.55,43.125,27.45,6.775,7.7,,,,,,,,,,91.25,1.35,,0.0,0.0,48.0,720.0,
2023-10-31 21:00:00,34.0,83.5,5.05,49.0,30.175,5.05,9.7,,,,,,,,,,92.0,1.075,,0.0,0.0,47.75,720.0,
2023-10-31 22:00:00,32.5,91.0,3.8,49.35,29.325,5.0,15.25,,,,,,,,,,92.5,0.975,,0.25,0.25,48.0,720.5,
2023-10-31 23:00:00,37.0,91.0,3.033333333333333,42.0,24.8,7.733333333333333,10.1,,,,,,,,,,92.66666666666667,1.0333333333333334,,0.3333333333333333,0.25,48.0,720.0,
2023-11-01 00:00:00,34.333333333333336,82.0,1.0333333333333334,31.03333333333333,17.333333333333332,10.466666666666667,9.133333333333333,,,,,,,,,,92.66666666666667,1.0,,0.0,0.0,48.0,720.0,
2023-11-01 01:00:00,28.75,75.5,3.05,26.525,16.55,11.1,9.525,,,,,,,,,,94.0,0.925,,0.0,0.0,48.0,720.0,
2023-11-01 02:00:00,26.75,74.0,2.95,19.0,12.525,11.65,8.2,,,,,,,,,,94.0,0.95,,0.0,0.0,48.0,720.5,
2023-11-01 03:00:00,25.5,76.0,2.925,15.425,10.575,12.35,7.675,,,,,,,,,,94.0,0.9,,0.25,0.25,48.0,720.0,
2023-11-01 04:00:00,32.75,81.75,4.225,19.525,13.825,13.025,4.925,,,,,,,,,,94.0,0.75,,0.0,0.0,48.0,720.0,
2023-11-01 05:00:00,33.25,87.25,4.824999999999999,33.7,21.875,8.675,2.325,,,,,,,,,,94.0,0.675,,0.0,0.0,48.75,720.0,
2023-11-01 06:00:00,38.75,108.25,5.8,40.85,26.425,5.125,3.525,,,,,,,,,,94.0,0.8999999999999999,,0.0,0.0,72.75,723.75,
2023-11-01 07:00:00,42.75,115.25,8.35,34.45,25.125,7.45,4.825,,,,,,,,,,91.0,1.625,,0.0,0.0,175.5,755.75,
2023-11-01 08:00:00,39.0,115.0,6.375,27.875,20.025,12.525,4.325,,,,,,,,,,85.0,2.0,,0.0,0.0,304.75,756.75,
2023-11-01 09:00:00,37.5,109.25,3.4749999999999996,20.650000000000002,13.8,12.9,13.55,,,,,,,,,,80.0,2.625,,0.0,0.0,394.0,757.0,
2023-11-01 10:00:00,34.0,97.25,4.3,15.375,11.675,13.25,21.033333333333335,,,,,,,,,,73.75,3.05,,0.0,0.0,471.0,757.75,
2023-11-01 11:00:00,37.75,83.66666666666667,5.266666666666667,16.5,13.033333333333333,14.033333333333333,23.899999999999995,,,,,,,,,,70.75,3.25,,0.25,0.25,483.75,757.25,
2023-11-01 12:00:00,38.0,79.25,4.166666666666667,16.466666666666665,12.133333333333333,14.299999999999999,19.225,,,,,,,,,,70.0,3.0,,0.0,0.0,331.5,757.25,
2023-11-01 13:00:00,27.75,75.25,5.4,17.400000000000002,13.675,15.375,10.45,,,,,,,,,,82.25,3.575,,0.0,0.0,191.0,757.0,
2023-11-01 14:00:00,17.75,60.0,4.175,19.8,13.9,16.15,8.075,,,,,,,,,,81.25,2.425,,0.0,0.0,217.75,757.0,
2023-11-01 15:00:00,25.0,56.0,4.7,18.125,13.475,17.15,10.325,,,,,,,,,,84.5,3.75,,0.0,0.0,123.5,746.5,
2023-11-01 16:00:00,21.25,51.25,4.7,23.6,16.35,15.274999999999999,14.899999999999999,,,,,,,,,,88.25,3.15,,0.0,0.0,110.0,724.75,
2023-11-01 17:00:00,19.25,49.5,3.65,30.525,19.25,8.225,23.775,,,,,,,,,,90.75,1.8,,0.0,0.0,67.0,720.25,
2023-11-01 18:00:00,22.25,61.75,4.575,35.05,22.375,3.966666666666667,11.075,,,,,,,,,,91.0,1.25,,0.25,0.25,49.0,720.0,
2023-11-01 19:00:00,28.25,71.5,8.375,39.8,27.975,1.0333333333333332,8.425,,,,,,,,,,91.75,1.875,,0.0,0.0,49.0,720.0,
2023-11-01 20:00:00,22.75,76.25,6.4,29.725,21.025,7.075,5.949999999999999,,,,,,,,,,91.5,1.875,,0.0,0.0,49.0,720.0,
2023-11-01 21:00:00,13.25,51.5,5.65,31.85,21.5,8.7,2.875,,,,,,,,,,92.5,1.325,,0.0,0.0,49.0,720.0,
2023-11-01 22:00:00,16.5,57.0,5.35,31.75,21.225,10.100000000000001,4.175,,,,,,,,,,93.0,1.65,,0.0,0.0,49.0,720.5,
2023-11-01 23:00:00,21.75,57.0,5.75,27.975,19.525,12.15,6.275,,,,,,,,,,92.75,2.0,,0.0,0.0,49.0,720.0,
2023-11-02 00:00:00,14.0,45.0,4.225,22.125,15.225,14.325,5.075,,,,,,,,,,92.25,1.275,,0.0,0.0,49.0,720.0,
2023-11-02 01:00:00,14.25,34.75,3.625,20.85,14.05,12.725,7.8,,,,,,,,,,93.0,0.9750000000000001,,0.0,0.0,49.0,719.75,
2023-11-02 02:00:00,22.25,34.75,10.925,20.75,19.9,8.45,4.575,,,,,,,,,,92.5,0.725,,0.0,0.0,49.0,720.0,
2023-11-02 03:00:00,15.5,46.5,9.425,22.725,19.775000000000002,5.475,4.6,,,,,,,,,,93.5,1.025,,0.0,0.0,49.0,720.0,
2023-11-02 04:00:00,12.0,46.5,6.625,19.475,15.7,9.075,7.225,,,,,,,,,,94.0,0.925,,0.0,0.0,49.0,720.0,
2023-11-02 05:00:00,14.0,43.5,8.3,19.75,17.275,9.3,5.825,,,,,,,,,,95.0,1.25,,0.0,0.0,49.0,720.0,
2023-11-02 06:00:00,14.5,53.5,11.85,19.65,20.1,8.950000000000001,7.475,,,,,,,,,,95.0,1.175,,0.0,0.0,69.0,720.0,
2023-11-02 07:00:00,25.5,74.0,14.05,24.075,24.225,8.25,9.325,,,,,,,,,,92.25,2.25,,0.0,0.0,179.5,751.5,
2023-11-02 08:00:00,26.5,89.25,8.95,24.125,20.125,13.45,10.5,,,,,,,,,,86.75,2.325,,0.0,0.0,274.0,756.0,
2023-11-02 09:00:00,24.0,89.5,5.675,18.125,14.25,16.45,11.3,,,,,,,,,,84.0,2.15,,0.0,0.0,232.0,756.25,
2023-11-02 10:00:00,19.75,56.5,3.475,18.3,12.6,10.35,15.6,,,,,,,,,,88.25,1.75,,1.25,1.25,133.25,742.5,
2023-11-02 11:00:00,17.0,39.25,6.233333333333333,18.066666666666666,14.666666666666666,8.9,11.233333333333334,,,,,,,,,,89.5,1.65,12.0,1.0,1.0,298.0,748.75,
2023-11-02 12:00:00,21.0,31.75,9.200000000000001,24.0,20.233333333333334,6.466666666666666,19.325,,,,,,,,,,84.25,1.9,,0.0,0.0,280.25,757.0,
2023-11-02 13:00:00,21.25,41.5,6.825,20.45,16.45,11.725,30.775,,,,,,,,,,79.75,2.4,,0.0,0.0,404.75,757.25,
2023-11-02 14:00:00,13.5,39.0,6.55,17.8,14.825,14.75,19.65,,,,,,,,,,80.5,2.35,,0.0,0.0,239.5,757.0,
2023-11-02 15:00:00,14.5,43.5,4.825,16.375,12.625,15.525,16.925,,,,,,,,,,80.25,2.4,,0.0,0.0,187.25,757.0,
2023-11-02 16:00:00,12.25,39.25,4.6,16.525,12.55,16.35,7.8,,,,,,,,,,83.25,2.2,,0.0,0.0,109.0,757.0,
2023-11-02 17:00:00,12.25,42.25,5.025,20.65,15.075,13.525,5.45,,,,,,,,,,86.5,1.85,,0.0,0.0,57.0,750.0,
2023-11-02 18:00:00,17.75,48.25,2.925,22.475,14.325,9.75,7.75,,,,,,,,,,89.0,1.65,,0.0,0.0,49.0,742.5,
2023-11-02 19:00:00,13.5,46.25,4.55,21.55,15.175,7.675,8.4,,,,,,,,,,88.25,1.775,,0.0,0.0,49.0,741.25,
2023-11-02 20:00:00,13.25,47.75,3.5,24.825000000000003,16.05,7.15,4.2,,,,,,,,,,89.75,1.225,,0.0,0.0,49.0,737.25,
2023-11-02 21:00:00,19.0,53.5,7.300000000000001,28.625,21.175,3.175,4.0,,,,,,,,,,90.25,1.025,,0.0,0.0,49.0,735.75,
2023-11-02 22:00:00,24.0,56.25,5.15,21.275,15.475,10.375,2.425,,,,,,,,,,90.25,1.075,,0.0,0.0,48.75,729.75,
2023-11-02 23:00:00,18.0,27.75,4.1,15.875,11.775,13.95,0.9,,,,,,,,,,93.25,1.1,,1.75,1.75,47.5,720.0,
2023-11-03 00:00:00,9.25,20.0,9.875,26.65,22.175,6.925000000000001,5.425,,,,,,,,,,94.75,0.9,,0.0,0.0,47.5,720.25,
2023-11-03 01:00:00,9.25,35.25,4.175,17.575,12.8,14.1,6.05,,,,,,,,,,95.75,1.0250000000000001,,0.0,0.0,47.75,720.0,
2023-11-03 02:00:00,6.75,12.25,9.1,23.95,20.125,6.4,8.05,,,,,,,,,,96.0,0.825,,1.25,1.25,47.75,720.75,
2023-11-03 03:00:00,8.25,26.5,5.5,22.475,16.425,12.05,8.275,,,,,,,,,,97.0,1.0,,9.0,9.0,45.25,721.0,
2023-11-03 04:00:00,15.5,40.25,10.1,25.175,21.6,19.225,6.35,,,,,,,,,,98.0,1.1,,0.0,0.0,45.0,720.75,
2023-11-03 05:00:00,17.0,37.0,2.233333333333333,19.7,11.450000000000001,11.6,7.65,,,,,,,,,,98.0,1.15,,0.0,0.0,47.5,721.0,
2023-11-03 06:00:00,18.0,30.25,9.85,22.55,19.975,3.6666666666666665,6.8,,,,,,,,,,98.0,1.05,,0.75,0.75,92.75,720.75,
2023-11-03 07:00:00,20.25,46.0,10.75,19.5,19.1,6.875,7.95,,,,,,,,,,96.0,1.8,,3.75,3.75,173.25,743.0,
2023-11-03 08:00:00,17.5,43.0,11.525,20.925,20.525,9.65,7.5249999999999995,,,,,,,,,,96.0,2.05,,6.0,6.0,339.75,745.75,
2023-11-03 09:00:00,14.0,28.5,8.575000000000001,18.65,16.85,13.575,8.55,,,,,,,,,,93.5,2.6,,0.0,0.0,251.25,750.25,
2023-11-03 10:00:00,8.25,15.25,7.9,22.525000000000002,18.375,11.325,6.1000000000000005,,,,,,,,,,93.75,1.5,,0.0,0.0,138.25,740.0,
2023-11-03 11:00:00,10.5,27.25,9.799999999999999,26.0,21.766666666666666,10.166666666666666,10.833333333333334,,,,,,,,,,92.0,1.55,,0.0,0.0,179.5,753.0,
2023-11-03 12:00:00,15.0,29.5,4.233333333333333,18.933333333333334,13.533333333333331,11.9,10.075,,,,,,,,,,90.0,1.875,,0.0,0.0,272.75,755.5,
2023-11-03 13:00:00,15.0,16.0,5.0,15.025,12.05,11.65,8.25,,,,,,,,,,86.0,2.0,,0.0,0.0,479.0,757.25,
2023-11-03 14:00:00,,,3.95,12.0,9.625,10.925,4.425,,,,,,,,,,82.5,2.975,,0.0,0.0,363.5,758.0,
2023-11-03 15:00:00,8.0,23.0,4.35,9.55,8.625,12.55,3.45,,,,,,,,,,82.5,2.475,,0.0,0.0,235.0,757.25,
2023-11-03 16:00:00,8.25,21.0,5.45,12.1,10.875,14.475,2.475,,,,,,,,,,88.0,2.575,,0.0,0.0,88.0,750.0,
2023-11-03 17:00:00,10.25,16.25,5.3999999999999995,20.2,15.125,11.65,1.475,,,,,,,,,,87.75,2.125,,0.0,0.0,57.25,740.25,
2023-11-03 18:00:00,14.25,24.5,8.549999999999999,28.0,21.875,7.8,2.625,,,,,,,,,,89.0,1.45,,0.0,0.0,47.75,733.0,
2023-11-03 19:00:00,15.25,35.0,6.45,25.4,18.75,10.399999999999999,3.35,,,,,,,,,,88.75,1.375,,1.0,1.0,48.0,734.25,
2023-11-03 20:00:00,14.5,23.5,3.575,20.575,13.85,12.025,3.85,,,,,,,,,,93.25,1.65,,1.0,1.0,47.0,720.0,
2023-11-03 21:00:00,9.25,16.0,13.1,26.8,24.9,4.133333333333334,6.225,,,,,,,,,,94.75,0.625,,0.0,0.0,47.0,720.5,
2023-11-03 22:00:00,9.75,23.0,40.550000000000004,33.35,50.7,,5.45,,,,,,,,,,95.0,0.625,,0.0,0.0,47.25,720.0,
2023-11-03 23:00:00,18.25,44.5,25.975,29.125,36.6,,5.025,,,,,,,,,,95.25,0.675,,0.0,0.0,47.75,720.0,
2023-11-04 00:00:00,20.5,49.0,55.650000000000006,31.225,61.875,,5.65,,,,,,,,,,96.0,0.6,,4.0,4.0,47.5,720.5,
2023-11-04 01:00:00,21.75,50.0,28.25,28.725,38.225,3.5500000000000003,2.825,,,,,,,,,,97.75,1.0,,6.0,6.0,47.25,720.5,
2023-11-04 02:00:00,13.25,30.5,22.175,27.9,32.85,6.324999999999999,1.925,,,,,,,,,,98.0,0.8,,0.0,0.0,47.0,720.75,
2023-11-04 03:00:00,17.25,27.0,20.85,26.025,30.775000000000002,7.025,2.6,,,,,,,,,,98.0,1.2,,4.5,4.5,47.0,721.0,
2023-11-04 04:00:00,15.0,38.0,9.875,23.35,20.45,12.775,4.675,,,,,,,,,,99.0,1.125,12.0,0.3333333333333333,0.25,47.25,720.75,
2023-11-04 05:00:00,7.75,11.0,18.375,29.175,30.45,2.0250000000000004,6.5,,,,,,,,,,,0.6499999999999999,,0.0,0.0,47.0,721.0,
2023-11-04 06:00:00,13.0,20.0,8.95,22.275,19.125,8.95,3.2,,,,,,,,,,,1.225,,12.5,12.5,48.5,720.25,
2023-11-04 07:00:00,7.0,14.0,16.775,26.375,27.674999999999997,3.8666666666666667,2.2,,,,,,,,,,,0.925,12.0,0.0,0.0,53.25,720.75,
2023-11-04 08:00:00,7.0,14.0,22.433333333333334,30.2,34.3,2.5,3.9666666666666663,,,,,,,,,,,1.0,,0.0,0.0,78.0,720.3333333333334,
2023-11-04 09:00:00,14.0,27.75,13.7,27.125,25.575,9.05,3.05,,,,,,,,,,98.33333333333333,1.825,,0.0,0.0,152.25,723.25,
2023-11-04 10:00:00,8.5,28.5,9.8,23.675,20.575,11.2,4.0,,,,,,,,,,96.5,2.35,,0.0,0.0,237.25,745.0,
2023-11-04 11:00:00,13.25,40.75,7.3,19.333333333333332,16.166666666666668,15.633333333333333,4.233333333333333,,,,,,,,,,88.75,2.0,,0.0,0.0,623.0,756.75,
2023-11-04 12:00:00,20.0,35.0,4.566666666666666,15.733333333333334,12.133333333333333,17.066666666666666,5.75,,,,,,,,,,80.75,1.825,,0.0,0.0,483.75,757.25,
2023-11-04 13:00:00,13.0,34.75,3.3,17.6,12.05,11.725,12.85,,,,,,,,,,81.25,2.05,,0.0,0.0,239.25,757.25,
2023-11-04 14:00:00,17.25,43.25,4.65,11.55,9.925,11.55,7.2,,,,,,,,,,79.5,2.775,,0.0,0.0,330.0,757.5,
2023-11-04 15:00:00,11.333333333333334,15.0,4.533333333333333,11.166666666666666,9.633333333333333,13.0,4.033333333333333,,,,,,,,,,81.66666666666667,3.1,,0.0,0.0,242.0,757.3333333333334,
2023-11-04 16:00:00,10.5,13.75,4.075,12.05,9.725,11.725,5.55,,,,,,,,,,86.5,2.275,,0.0,0.0,86.75,750.0,
2023-11-04 17:00:00,11.75,23.25,6.0,18.25,14.575,12.925,4.2,,,,,,,,,,89.0,2.075,,0.0,0.0,56.25,735.25,
2023-11-04 18:00:00,12.5,33.25,6.975,28.7,20.95,7.525,6.275,,,,,,,,,,90.75,1.625,,0.0,0.0,48.0,721.25,
2023-11-04 19:00:00,17.75,47.75,9.65,31.325000000000003,24.525,6.475,6.825,,,,,,,,,,94.0,1.625,,0.25,0.25,48.0,720.0,
2023-11-04 20:00:00,17.25,31.0,7.125,30.325,21.925,8.675,6.025,,,,,,,,,,95.5,1.75,,0.0,0.0,48.0,720.0,
2023-11-04 21:00:00,11.0,19.25,5.325,26.975,18.65,8.9,7.775,,,,,,,,,,96.75,1.125,,0.0,0.0,48.0,720.0,
2023-11-04 22:00:00,14.0,23.5,5.6,26.525,18.7,6.625,5.3,,,,,,,,,,97.0,1.05,,0.0,0.0,48.0,720.0,
2023-11-04 23:00:00,5.25,29.25,4.0,21.650000000000002,14.75,8.55,4.975,,,,,,,,,,97.0,0.8,,0.0,0.0,48.0,720.0,
2023-11-05 00:00:00,7.25,16.75,3.1500000000000004,22.25,14.4,8.3,6.35,,,,,,,,,,97.0,0.55,,0.0,0.0,48.0,720.0,
2023-11-05 01:00:00,11.0,22.0,4.425,20.45,14.45,10.875,4.525,,,,,,,,,,96.0,0.45,,0.0,0.0,48.0,720.5,
2023-11-05 02:00:00,11.0,46.0,15.45,26.575,26.725,8.7,5.05,,,,,,,,,,96.0,0.575,,0.0,0.0,48.0,721.0,
2023-11-05 03:00:00,12.5,40.75,9.575,27.675,22.55,7.125,4.675,,,,,,,,,,96.25,0.775,,0.0,0.0,48.0,720.0,
2023-11-05 04:00:00,14.25,24.0,14.825,24.65,25.15,5.2,4.45,,,,,,,,,,97.0,0.65,,0.0,0.0,48.0,720.0,
2023-11-05 05:00:00,10.25,28.25,16.075,25.2,26.475,6.2,5.525,,,,,,,,,,97.25,0.925,,0.0,0.0,48.5,720.0,
2023-11-05 06:00:00,21.25,47.0,6.6,19.575,15.775,10.35,5.275,,,,,,,,,,97.25,1.175,,0.0,0.0,83.25,725.75,
2023-11-05 07:00:00,15.5,40.25,9.200000000000001,19.4,17.775,6.775,8.2,,,,,,,,,,94.5,0.825,,0.0,0.0,145.0,750.75,
2023-11-05 08:00:00,14.75,43.75,6.0,17.65,14.25,8.925,7.3,,,,,,,,,,89.0,1.3,,0.0,0.0,252.0,757.0,
2023-11-05 09:00:00,14.25,28.75,4.425,11.6,9.799999999999999,12.799999999999999,5.225,,,,,,,,,,82.25,1.05,,0.0,0.0,276.5,757.0,
2023-11-05 10:00:00,9.0,16.25,5.325,13.6,11.55,13.05,3.266666666666667,,,,,,,,,,78.75,1.475,,0.0,0.0,343.75,757.0,
2023-11-05 11:00:00,19.75,31.0,3.4,19.8,13.299999999999999,14.333333333333334,4.366666666666666,,,,,,,,,,81.75,1.9,,0.0,0.0,245.0,757.0,
2023-11-05 12:00:00,22.5,41.25,5.333333333333333,17.866666666666667,13.833333333333334,16.633333333333333,9.575,,,,,,,,,,80.75,2.6,,0.0,0.0,482.75,757.25,
2023-11-05 13:00:00,14.25,24.5,4.25,15.475,11.675,16.875,5.925,,,,,,,,,,79.0,2.65,,0.0,0.0,322.0,757.5,
2023-11-05 14:00:00,11.25,16.75,2.3499999999999996,12.825,8.725,12.95,4.175,,,,,,,,,,84.0,2.475,,0.0,0.0,115.75,757.0,
2023-11-05 15:00:00,9.25,17.333333333333332,3.375,10.675,8.4,11.549999999999999,3.575,,,,,,,,,,87.25,2.45,,0.0,0.0,105.25,757.0,
2023-11-05 16:00:00,10.25,20.75,2.475,10.675,7.7,10.375,4.525,,,,,,,,,,87.5,2.4,,0.0,0.0,84.25,750.75,
2023-11-05 17:00:00,10.25,20.75,3.5,10.45,8.425,11.725,3.825,,,,,,,,,,89.5,2.45,,0.0,0.0,54.0,732.75,
2023-11-05 18:00:00,7.25,16.25,4.875,13.475,11.125,12.525,2.925,,,,,,,,,,88.5,1.725,,0.0,0.0,49.0,730.75,
2023-11-05 19:00:00,6.75,22.75,3.7,18.3,12.75,11.95,2.8,,,,,,,,,,89.0,1.575,,0.0,0.0,49.0,729.75,
2023-11-05 20:00:00,12.25,23.25,2.875,17.049999999999997,11.4,13.0,1.9249999999999998,,,,,,,,,,91.0,1.575,,0.0,0.0,49.0,729.25,
2023-11-05 21:00:00,11.5,24.5,3.175,15.45,10.8,13.525,2.075,,,,,,,,,,90.0,1.45,,0.0,0.0,49.0,731.25,
2023-11-05 22:00:00,8.75,19.75,2.725,14.325,9.825,11.825,5.125,,,,,,,,,,88.5,1.125,,0.0,0.0,49.0,733.0,
2023-11-05 23:00:00,14.0,28.0,3.5250000000000004,8.825,7.55,11.2,6.575,,,,,,,,,,89.25,1.25,,0.0,0.0,49.0,728.25,
2023-11-06 00:00:00,7.0,13.0,2.35,8.225,6.275,11.2,3.225,,,,,,,,,,90.0,0.95,,0.0,0.0,49.0,723.0,
2023-11-06 01:00:00,7.0,11.75,2.325,7.025,5.6,11.725,2.375,,,,,,,,,,91.0,0.7,,0.0,0.0,49.0,720.25,
2023-11-06 02:00:00,8.5,11.25,7.35,17.425,15.225,10.475,1.475,,,,,,,,,,91.75,0.425,,0.0,0.0,49.0,720.0,
2023-11-06 03:00:00,12.75,21.5,10.55,23.875,21.3,6.375,0.3666666666666667,,,,,,,,,,93.5,0.55,,0.0,0.0,49.0,720.0,
2023-11-06 04:00:00,10.5,21.25,9.225,17.375,16.725,9.675,3.0,,,,,,,,,,95.25,0.6,,0.0,0.0,49.0,720.0,
2023-11-06 05:00:00,8.5,29.25,40.375,23.45,45.3,,3.125,,,,,,,,,,96.25,0.6,,0.0,0.0,49.0,720.0,
2023-11-06 06:00:00,20.0,71.5,39.525,26.275,46.075,,6.9,,,,,,,,,,96.25,0.725,12.0,0.0,0.0,79.5,729.75,
2023-11-06 07:00:00,28.75,73.75,18.725,23.9,27.95,3.5999999999999996,7.949999999999999,,,,,,,,,,91.5,1.2000000000000002,,0.0,0.0,205.0,756.5,
2023-11-06 08:00:00,17.75,51.5,7.525,16.4,14.850000000000001,10.15,5.9,,,,,,,,,,82.0,0.95,,0.0,0.0,320.5,757.25,
2023-11-06 09:00:00,14.0,32.0,4.625,16.25,12.4,11.125,5.025,,,,,,,,,,81.75,1.275,,0.0,0.0,155.0,757.0,
2023-11-06 10:00:00,15.25,36.25,5.525,20.8,15.55,10.4,3.433333333333333,,,,,,,,,,85.25,1.475,,17.75,17.75,114.75,743.75,
2023-11-06 11:00:00,16.25,48.0,13.366666666666667,32.9,28.333333333333332,3.8333333333333335,25.133333333333336,,,,,,,,,,93.0,1.2,,4.5,4.5,212.0,736.0,
2023-11-06 12:00:00,12.75,49.75,9.333333333333334,32.96666666666667,25.133333333333336,10.333333333333334,38.0,,,,,,,,,,86.25,2.05,,0.0,0.0,372.0,757.0,
2023-11-06 13:00:00,25.5,59.25,6.2749999999999995,24.475,18.15,13.55,42.125,,,,,,,,,,83.0,2.425,,0.0,0.0,282.5,757.0,
2023-11-06 14:00:00,18.5,38.25,4.55,14.9,11.625,16.025,18.1,,,,,,,,,,82.25,2.15,,0.0,0.0,299.5,757.0,
2023-11-06 15:00:00,11.75,18.75,2.875,11.4,8.399999999999999,12.25,11.2,,,,,,,,,,79.25,2.65,,0.0,0.0,239.25,757.0,
2023-11-06 16:00:00,14.0,21.75,4.525,14.6,11.425,10.55,5.825,,,,,,,,,,81.0,2.425,,0.0,0.0,94.25,757.0,
2023-11-06 17:00:00,14.0,23.0,4.0,16.55,12.025,9.35,4.5,,,,,,,,,,86.5,2.075,,0.0,0.0,54.25,740.25,
2023-11-06 18:00:00,14.25,19.0,5.3,19.075,14.45,8.575,4.75,,,,,,,,,,89.75,1.975,,0.0,0.0,48.0,729.5,
2023-11-06 19:00:00,13.5,20.5,7.15,23.45,18.3,8.425,2.525,,,,,,,,,,89.75,1.5,,0.0,0.0,48.0,726.0,
2023-11-06 20:00:00,9.0,35.75,7.65,25.425,19.775,8.35,2.55,,,,,,,,,,91.0,1.25,,0.0,0.0,48.25,727.0,
2023-11-06 21:00:00,10.75,45.5,10.275,26.55,22.475,6.7,3.0,,,,,,,,,,91.0,1.1,,0.0,0.0,48.5,726.0,
2023-11-06 22:00:00,16.25,57.5,8.725,28.775,22.4,7.125,3.025,,,,,,,,,,92.0,0.8500000000000001,,0.0,0.0,48.25,722.75,
2023-11-06 23:00:00,16.5,52.25,7.699999999999999,25.25,19.725,5.6,6.525,,,,,,,,,,92.5,0.75,,0.0,0.0,48.75,721.75,
2023-11-07 00:00:00,15.0,54.0,9.05,21.525,18.8,5.675,4.875,,,,,,,,,,93.25,1.125,,0.0,0.0,48.5,720.75,
2023-11-07 01:00:00,14.5,56.0,4.1,18.2,13.0,9.75,3.725,,,,,,,,,,94.0,1.225,,0.0,0.0,48.75,720.25,
2023-11-07 02:00:00,14.75,26.5,4.875,15.375,12.15,10.65,3.725,,,,,,,,,,95.5,0.825,,0.0,0.0,48.25,720.0,
2023-11-07 03:00:00,18.0,28.0,5.475,16.475,13.225,11.725,3.3,,,,,,,,,,96.25,1.1,,0.0,0.0,48.0,720.0,
2023-11-07 04:00:00,10.75,25.5,4.425,13.925,11.025,13.5,6.15,,,,,,,,,,96.0,1.675,,0.0,0.0,48.0,720.0,
2023-11-07 05:00:00,9.0,22.0,4.025,17.275,12.475,12.55,5.4,,,,,,,,,,96.0,1.2,,0.0,0.0,48.5,720.0,
2023-11-07 06:00:00,14.25,33.0,4.425,17.7,13.024999999999999,11.975,6.55,,,,,,,,,,96.75,1.35,,0.0,0.0,56.75,720.0,
2023-11-07 07:00:00,12.0,30.0,5.75,18.275,14.375,9.725,8.35,,,,,,,,,,96.25,1.35,,0.0,0.0,95.5,720.0,
2023-11-07 08:00:00,22.0,26.0,7.0,19.7,16.15,7.325,4.9,,,,,,,,,,95.0,1.8,,0.0,0.0,186.75,737.75,
2023-11-07 09:00:00,20.75,27.25,5.975,15.675,13.2,10.725000000000001,5.725,,,,,,,,,,87.75,2.175,,0.0,0.0,456.0,757.0,
2023-11-07 10:00:00,17.25,34.75,7.025,16.625,14.6,8.2,12.366666666666665,,,,,,,,,,84.5,2.425,12.0,0.0,0.0,241.25,757.0,
2023-11-07 11:00:00,18.0,46.0,10.299999999999999,18.5,18.233333333333334,8.933333333333334,11.966666666666667,,,,,,,,,,92.0,2.35,,2.5,2.5,195.0,734.0,
2023-11-07 12:00:00,12.0,30.0,8.433333333333334,21.400000000000002,18.233333333333334,11.833333333333334,15.524999999999999,,,,,,,,,,87.75,1.65,,0.0,0.0,445.0,757.0,
2023-11-07 13:00:00,11.5,26.25,4.7,14.575,11.575,15.575,10.4,,,,,,,,,,80.5,2.35,,0.0,0.0,472.75,757.5,
2023-11-07 14:00:00,9.75,13.75,4.8,10.5,9.5,15.475,7.9,,,,,,,,,,79.75,2.75,,0.0,0.0,324.5,757.75,
2023-11-07 15:00:00,9.25,10.25,3.675,12.375,9.6,14.275,7.725,,,,,,,,,,81.25,2.425,,0.0,0.0,186.0,758.0,
2023-11-07 16:00:00,11.25,16.75,3.9749999999999996,13.825,10.6,10.5,5.324999999999999,,,,,,,,,,85.75,2.175,,0.0,0.0,83.25,757.25,
2023-11-07 17:00:00,14.0,32.5,4.725,17.2,12.975,10.325,4.475,,,,,,,,,,88.0,1.9,,0.0,0.0,54.75,740.25,
2023-11-07 18:00:00,12.25,32.5,6.575,25.15,18.75,2.9,5.175,,,,,,,,,,88.25,1.275,,0.0,0.0,48.0,728.5,
2023-11-07 19:00:00,17.0,53.75,14.525,27.125,26.25,1.025,5.2749999999999995,,,,,,,,,,90.75,0.925,,0.0,0.0,48.25,728.0,
2023-11-07 20:00:00,20.25,74.75,12.4,30.45,26.25,6.233333333333333,2.65,,,,,,,,,,91.0,1.025,,0.0,0.0,48.25,730.0,
2023-11-07 21:00:00,20.5,66.0,8.6,32.225,24.125,5.625,2.775,,,,,,,,,,91.25,0.875,,0.0,0.0,48.25,726.75,
2023-11-07 22:00:00,20.25,66.75,12.35,31.85,27.0,4.325,4.45,,,,,,,,,,92.0,1.15,,0.0,0.0,48.75,724.75,
2023-11-07 23:00:00,20.75,71.5,8.725,26.475,21.175,8.725,3.825,,,,,,,,,,93.75,1.05,,6.5,6.5,47.25,721.0,
2023-11-08 00:00:00,13.75,30.5,32.275,29.05,41.75,2.05,5.05,,,,,,,,,,96.25,0.9,,0.0,0.0,47.0,720.25,
2023-11-08 01:00:00,22.5,45.75,8.799999999999999,24.85,20.349999999999998,7.050000000000001,6.425000000000001,,,,,,,,,,96.5,0.925,,0.0,0.0,47.0,720.0,
2023-11-08 02:00:00,24.0,42.0,3.466666666666667,20.633333333333336,13.799999999999999,10.433333333333332,8.9,,,,,,,,,,95.33333333333333,1.5,,0.0,0.0,48.0,720.0,
2023-11-08 03:00:00,12.25,31.5,4.575,17.325,12.925,10.075,6.675,,,,,,,,,,96.0,0.925,,0.0,0.0,48.0,720.25,
2023-11-08 04:00:00,15.75,36.0,10.775,25.4,22.25,4.55,4.675,,,,,,,,,,96.0,0.9500000000000001,,0.0,0.0,48.0,720.0,
2023-11-08 05:00:00,14.5,44.25,6.875,27.5,20.2,7.525,6.125,,,,,,,,,,96.0,1.175,,0.0,0.0,48.0,720.0,
2023-11-08 06:00:00,15.5,40.5,6.875,25.925,19.35,8.25,9.3,,,,,,,,,,96.0,1.35,,0.0,0.0,70.0,720.5,
2023-11-08 07:00:00,23.5,47.5,10.174999999999999,23.15,20.575,8.8,15.375,,,,,,,,,,94.5,2.25,,0.0,0.0,182.75,748.0,
2023-11-08 08:00:00,27.25,78.25,6.725,16.775,14.399999999999999,13.075,18.3,,,,,,,,,,88.5,2.45,,0.0,0.0,358.75,756.75,
2023-11-08 09:00:00,30.25,62.5,4.925,13.45,11.175,11.45,13.525,,,,,,,,,,85.5,2.475,,0.0,0.0,286.0,757.0,
2023-11-08 10:00:00,21.25,54.0,6.8,18.025,15.2,11.55,26.049999999999997,,,,,,,,,,82.5,2.4,,0.0,0.0,441.25,757.0,
2023-11-08 11:00:00,29.666666666666668,69.0,5.449999999999999,18.85,14.45,11.2,27.450000000000003,,,,,,,,,,81.33333333333333,2.1,,0.0,0.0,228.33333333333334,757.0,
2023-11-08 12:00:00,31.75,71.0,7.733333333333333,20.3,17.1,15.433333333333332,23.675,,,,,,,,,,82.0,2.575,,0.0,0.0,323.0,757.0,
2023-11-08 13:00:00,29.666666666666668,81.66666666666667,4.566666666666666,22.566666666666666,15.700000000000001,16.3,25.633333333333336,,,,,,,,,,78.0,2.3666666666666667,,0.0,0.0,308.6666666666667,757.0,
2023-11-08 14:00:00,30.75,87.25,4.4,15.25,11.7,18.925,18.0,,,,,,,,,,75.0,2.275,,0.0,0.0,210.25,757.25,
2023-11-08 15:00:00,25.0,82.33333333333333,5.8999999999999995,27.233333333333334,19.3,13.733333333333334,35.23333333333333,,,,,,,,,,81.33333333333333,2.6,,0.0,0.0,109.33333333333333,757.0,
2023-11-08 16:00:00,29.5,91.75,4.15,23.85,16.1,16.425,27.075,,,,,,,,,,84.0,2.375,,0.0,0.0,84.5,755.0,
2023-11-08 17:00:00,35.666666666666664,72.33333333333333,3.1,21.166666666666668,13.800000000000002,12.200000000000001,14.366666666666667,,,,,,,,,,86.33333333333333,2.0,,0.0,0.0,57.333333333333336,740.6666666666666,
2023-11-08 18:00:00,33.333333333333336,60.666666666666664,3.6666666666666665,24.5,16.033333333333335,8.233333333333334,6.066666666666666,,,,,,,,,,91.33333333333333,2.0,,0.0,0.0,49.0,733.3333333333334,
2023-11-08 19:00:00,32.333333333333336,74.66666666666667,2.8666666666666667,24.7,15.433333333333332,7.633333333333333,6.3999999999999995,,,,,,,,,,91.33333333333333,1.7,,0.0,0.0,49.0,735.0,
2023-11-08 20:00:00,27.5,69.0,4.6,19.675,14.2,10.35,2.625,,,,,,,,,,90.0,2.125,,0.0,0.0,49.0,737.25,
2023-11-08 21:00:00,23.25,59.25,4.35,21.025,14.75,12.025,0.15000000000000002,,,,,,,,,,88.75,1.8,,0.0,0.0,49.0,732.25,
2023-11-08 22:00:00,23.25,61.5,3.3499999999999996,29.275,18.3,9.775,4.3,,,,,,,,,,91.0,1.15,,0.0,0.0,49.0,725.0,
2023-11-08 23:00:00,24.0,82.0,11.2,37.825,29.225,3.8333333333333335,6.4,,,,,,,,,,92.5,0.875,,0.0,0.0,49.0,720.0,
2023-11-09 00:00:00,32.75,102.5,7.35,37.2,25.75,5.825,7.824999999999999,,,,,,,,,,93.25,0.975,,0.0,0.0,49.0,719.75,
2023-11-09 01:00:00,33.25,102.75,6.95,31.5,22.4,4.075,9.575,,,,,,,,,,94.5,1.075,,0.0,0.0,49.0,720.0,
2023-11-09 02:00:00,34.25,100.25,2.775,20.75,13.325,10.05,4.375,,,,,,,,,,96.0,1.275,,0.0,0.0,49.0,720.0,
2023-11-09 03:00:00,27.75,79.75,2.175,20.1,12.475,9.674999999999999,6.125,,,,,,,,,,95.5,1.8,,0.0,0.0,49.0,720.0,
2023-11-09 04:00:00,34.666666666666664,87.66666666666667,3.966666666666667,16.933333333333334,12.233333333333334,11.233333333333334,9.466666666666667,,,,,,,,,,94.66666666666667,1.9666666666666668,,0.0,0.0,49.0,720.0,
2023-11-09 05:00:00,35.5,84.75,4.125,16.875,12.325,13.075000000000001,7.9,,,,,,,,,,94.0,1.9500000000000002,,0.0,0.0,49.0,720.0,
2023-11-09 06:00:00,31.25,77.5,3.775,17.375,12.3,12.625,6.425,,,,,,,,,,94.5,0.9,,0.0,0.0,53.25,720.0,
2023-11-09 07:00:00,37.0,71.66666666666667,4.8,22.633333333333336,15.933333333333332,10.200000000000001,3.8666666666666667,,,,,,,,,,94.0,1.0999999999999999,,0.0,0.0,77.66666666666667,720.0,
2023-11-09 08:00:00,29.0,63.0,5.766666666666667,25.8,18.366666666666667,9.133333333333333,5.1000000000000005,,,,,,,,,,92.66666666666667,1.1666666666666667,,0.0,0.0,121.66666666666667,728.6666666666666,
2023-11-09 09:00:00,31.75,85.75,5.25,34.825,22.775,7.35,9.95,,,,,,,,,,88.75,0.775,,0.0,0.0,162.0,756.5,
2023-11-09 10:00:00,46.666666666666664,112.0,8.666666666666666,45.96666666666667,31.46666666666667,3.6333333333333333,12.5,,,,,,,,,,86.66666666666667,1.2,,0.0,0.0,200.33333333333334,757.3333333333334,
2023-11-09 11:00:00,57.75,128.5,5.8,40.0,26.0,9.566666666666666,11.033333333333333,,,,,,,,,,90.5,1.8,,3.25,3.25,224.5,745.5,
2023-11-09 12:00:00,44.75,77.5,6.333333333333333,22.933333333333334,17.3,10.633333333333333,7.675000000000001,,,,,,,,,,87.25,2.2,,0.0,0.0,416.75,754.0,
2023-11-09 13:00:00,24.5,43.5,9.425,25.175,21.05,10.475,10.35,,,,,,,,,,85.0,3.325,,0.0,0.0,418.0,757.0,
2023-11-09 14:00:00,19.75,35.75,7.125,24.725,18.95,13.075,19.025,,,,,,,,,,83.75,2.625,,0.0,0.0,352.5,757.0,
2023-11-09 15:00:00,21.0,37.5,4.875,21.85,15.575,14.675,14.274999999999999,,,,,,,,,,82.75,2.25,,0.0,0.0,219.5,757.0,
2023-11-09 16:00:00,24.75,45.5,5.0,24.425,17.075,13.95,10.875,,,,,,,,,,85.25,2.2,,0.0,0.0,101.25,753.75,
2023-11-09 17:00:00,18.666666666666668,42.666666666666664,2.8333333333333335,23.600000000000005,14.833333333333334,12.433333333333335,6.466666666666666,,,,,,,,,,94.66666666666667,1.6666666666666667,,3.0,2.25,57.333333333333336,721.0,
2023-11-09 18:00:00,21.75,40.0,4.8,35.175,22.6,2.75,7.3,,,,,,,,,,95.5,0.875,,0.0,0.0,47.0,721.0,
2023-11-09 19:00:00,27.25,54.75,3.65,26.0,16.8,7.85,6.1,,,,,,,,,,95.0,2.75,,6.5,6.5,47.0,720.5,
2023-11-09 20:00:00,26.75,47.0,17.25,37.95,34.2,6.3,5.4,,,,,,,,,,97.0,0.925,,0.75,0.75,47.0,721.0,
2023-11-09 21:00:00,24.666666666666668,57.333333333333336,71.06666666666666,57.699999999999996,88.46666666666665,,4.833333333333333,,,,,,,,,,98.0,0.5333333333333333,,0.3333333333333333,0.25,47.0,720.3333333333334,
2023-11-09 22:00:00,32.0,72.75,57.099999999999994,56.55,76.5,0.2,6.525,,,,,,,,,,97.75,1.0,,0.0,0.0,47.0,720.0,
2023-11-09 23:00:00,42.666666666666664,87.0,13.666666666666666,50.1,37.733333333333334,5.466666666666666,5.333333333333333,,,,,,,,,,97.0,1.0,,0.0,0.0,47.666666666666664,720.0,
2023-11-10 00:00:00,39.75,78.25,7.4,46.075,30.5,7.95,4.825,,,,,,,,,,96.0,1.175,,0.0,0.0,48.0,720.0,
2023-11-10 01:00:00,38.75,87.75,5.275,37.725,24.35,10.275,6.225,,,,,,,,,,95.5,0.7,,0.0,0.0,48.0,720.0,
2023-11-10 02:00:00,40.75,92.25,20.275,44.35,40.075,8.4,3.8,,,,,,,,,,95.5,0.35,,0.0,0.0,48.0,720.0,
2023-11-10 03:00:00,49.5,111.75,44.575,48.95,62.300000000000004,,4.375,,,,,,,,,,96.5,0.425,,0.0,0.0,48.0,720.0,
2023-11-10 04:00:00,51.5,121.5,26.5,45.775,45.875,2.7,4.3,,,,,,,,,,96.75,0.625,,0.0,0.0,48.0,720.0,
2023-11-10 05:00:00,52.5,116.5,8.8,39.975,28.45,5.15,4.225,,,,,,,,,,97.0,0.55,,0.0,0.0,48.0,720.0,
2023-11-10 06:00:00,49.25,114.25,7.375,35.675,24.975,8.225,3.4,,,,,,,,,,96.75,1.3,,0.0,0.0,62.25,720.0,
2023-11-10 07:00:00,46.75,110.25,5.8,33.825,22.7,8.725,2.925,,,,,,,,,,94.5,1.225,,0.0,0.0,117.0,727.0,
2023-11-10 08:00:00,55.333333333333336,113.33333333333333,6.933333333333334,42.76666666666667,28.400000000000002,5.033333333333334,4.866666666666666,,,,,,,,,,90.0,1.0666666666666667,,0.0,0.0,214.0,756.0,
2023-11-10 09:00:00,56.0,124.66666666666667,3.533333333333333,20.066666666666666,13.533333333333333,17.966666666666665,5.133333333333334,,,,,,,,,,82.66666666666667,2.6,,0.0,0.0,234.66666666666666,756.6666666666666,
2023-11-10 10:00:00,54.5,112.75,2.3,13.6,9.100000000000001,15.2,6.266666666666667,,,,,,,,,,81.25,2.8,,0.0,0.0,299.25,757.0,
2023-11-10 11:00:00,50.75,109.75,3.6666666666666665,10.666666666666666,8.666666666666666,14.066666666666668,6.166666666666667,,,,,,,,,,80.5,3.35,,0.0,0.0,348.5,757.0,
2023-11-10 12:00:00,53.25,113.33333333333333,3.8666666666666667,11.5,9.266666666666666,15.1,3.475,,,,,,,,,,78.0,3.4,,0.0,0.0,339.25,757.0,
2023-11-10 13:00:00,54.0,116.0,2.1666666666666665,13.799999999999999,9.133333333333333,14.266666666666666,3.6999999999999997,,,,,,,,,,78.0,3.033333333333333,,0.0,0.0,271.0,757.0,
2023-11-10 14:00:00,61.25,127.0,6.5,24.0,18.025,12.425,14.775,,,,,,,,,,79.0,2.55,,0.0,0.0,227.5,757.0,
2023-11-10 15:00:00,57.5,136.25,4.3,21.95,15.2,15.975,20.925,,,,,,,,,,77.0,3.05,12.0,0.0,0.0,228.5,757.0,
2023-11-10 16:00:00,53.0,122.5,4.05,16.3,11.95,18.8,9.075,,,,,,,,,,78.0,3.1,,0.0,0.0,144.25,757.0,
2023-11-10 17:00:00,56.75,138.75,3.85,32.45,20.4,13.225,17.925,,,,,,,,,,79.75,2.2,,0.0,0.0,61.75,754.25,
2023-11-10 18:00:00,69.0,158.25,2.1666666666666665,34.275,19.55,11.95,13.175,,,,,,,,,,82.5,1.8,,0.0,0.0,49.0,737.75,
2023-11-10 19:00:00,73.5,169.25,3.4,42.349999999999994,25.275,5.2,11.7,,,,,,,,,,83.0,1.525,,0.0,0.0,49.0,731.25,
2023-11-10 20:00:00,83.0,196.0,3.85,50.9,30.225,2.1,8.9,,,,,,,,,,84.0,1.45,,0.0,0.0,49.0,726.25,
2023-11-10 21:00:00,99.75,244.0,6.9,57.1,36.0,,10.2,,,,,,,,,,86.0,1.05,,0.0,0.0,49.0,720.25,
2023-11-10 22:00:00,99.5,249.5,6.225,53.775,33.65,4.366666666666666,9.125,,,,,,,,,,86.5,1.2,,0.0,0.0,49.0,720.0,
2023-11-10 23:00:00,81.25,206.0,3.625,43.975,26.325,7.575,7.75,,,,,,,,,,87.0,1.0,,0.0,0.0,49.0,720.0,
2023-11-11 00:00:00,74.0,179.0,2.775,36.15,21.5,10.175,8.275,,,,,,,,,,87.0,1.0,,0.0,0.0,49.0,720.0,
2023-11-11 01:00:00,67.25,151.25,3.375,35.125,21.4,9.775,6.875,,,,,,,,,,87.75,1.175,,0.0,0.0,49.0,720.0,
2023-11-11 02:00:00,66.0,149.75,2.0749999999999997,31.475,18.475,11.05,9.925,,,,,,,,,,88.5,1.0750000000000002,,0.0,0.0,49.0,720.0,
2023-11-11 03:00:00,65.25,149.25,3.425,24.174999999999997,15.675,11.2,9.15,,,,,,,,,,90.5,1.525,,0.0,0.0,49.0,720.0,
2023-11-11 04:00:00,56.5,142.75,2.375,22.225,13.725,11.925,4.3,,,,,,,,,,91.75,1.3,,0.0,0.0,49.0,720.0,
2023-11-11 05:00:00,64.5,154.25,3.5,25.9,16.6,9.875,4.475,,,,,,,,,,93.75,1.55,,0.0,0.0,49.0,720.0,
2023-11-11 06:00:00,65.66666666666667,168.33333333333334,4.5,22.866666666666664,15.833333333333334,12.366666666666667,2.533333333333333,,,,,,,,,,94.33333333333333,1.7666666666666666,,0.0,0.0,72.66666666666667,720.0,
2023-11-11 07:00:00,65.0,162.25,5.725,24.875,17.9,11.625,3.1500000000000004,,,,,,,,,,90.75,1.9749999999999999,,0.0,0.0,176.25,746.5,
2023-11-11 08:00:00,61.0,164.5,4.65,18.775,13.775,15.25,8.4,,,,,,,,,,85.75,2.525,,0.0,0.0,246.0,756.0,
2023-11-11 09:00:00,46.5,134.75,3.7,16.85,11.975000000000001,17.0,12.149999999999999,,,,,,,,,,77.5,3.2,,0.0,0.0,443.25,756.75,
2023-11-11 10:00:00,39.0,111.5,4.625,14.0,11.175,17.725,12.1,,,,,,,,,,70.25,3.775,,0.0,0.0,526.75,757.0,
2023-11-11 11:00:00,39.5,104.0,2.766666666666667,11.033333333333333,8.1,16.599999999999998,15.799999999999999,,,,,,,,,,68.75,4.0,,0.0,0.0,569.75,757.0,
2023-11-11 12:00:00,41.0,99.5,4.3999999999999995,18.533333333333335,13.433333333333332,11.6,25.875,,,,,,,,,,68.75,3.5,,0.0,0.0,442.5,757.0,
2023-11-11 13:00:00,45.0,111.5,4.05,13.925,10.7,13.85,22.925,,,,,,,,,,68.25,3.425,,0.0,0.0,411.0,757.5,
2023-11-11 14:00:00,57.0,107.0,3.8499999999999996,14.850000000000001,11.05,14.2,18.05,,,,,,,,,,68.5,3.45,,0.0,0.0,292.5,757.0,
2023-11-11 15:00:00,43.75,116.5,5.85,19.6,15.2,14.575,20.15,,,,,,,,,,71.0,3.075,,0.0,0.0,196.75,757.0,
2023-11-11 16:00:00,47.25,132.5,3.525,24.55,15.899999999999999,14.475,30.125,,,,,,,,,,72.0,2.85,,0.0,0.0,112.5,757.0,
2023-11-11 17:00:00,51.25,138.25,3.675,34.35,21.275,11.225,36.0,,,,,,,,,,74.25,2.2,,0.0,0.0,59.5,753.75,
2023-11-11 18:00:00,59.666666666666664,174.0,4.625,35.425,22.575,11.25,13.375,,,,,,,,,,77.0,1.9,,0.0,0.0,49.5,740.75,
2023-11-11 19:00:00,86.75,255.75,2.0,46.775,26.525,4.725,21.924999999999997,,,,,,,,,,76.25,1.475,,0.0,0.0,49.75,735.5,
2023-11-11 20:00:00,127.75,383.25,3.25,48.95,28.675,1.9,35.125,,,,,,,,,,76.75,1.375,,0.0,0.0,49.75,730.5,
2023-11-11 21:00:00,145.0,402.25,3.875,49.925,29.675,0.8666666666666667,24.7,,,,,,,,,,79.5,1.25,,0.0,0.0,49.5,724.0,
2023-11-11 22:00:00,140.5,363.5,3.675,43.675,26.225,2.7,23.225,,,,,,,,,,78.75,1.25,,0.0,0.0,49.5,721.75,
2023-11-11 23:00:00,117.0,274.5,4.525,26.075,17.55,11.1,9.775,,,,,,,,,,78.5,1.125,,0.0,0.0,49.25,721.25,
2023-11-12 00:00:00,85.25,191.75,3.775,22.625,15.125,13.25,8.175,,,,,,,,,,79.5,1.0,,0.0,0.0,49.75,720.0,
2023-11-12 01:00:00,73.25,147.75,2.9,16.1,10.924999999999999,15.525,5.375,,,,,,,,,,78.5,1.0,,0.0,0.0,49.75,720.0,
2023-11-12 02:00:00,53.5,104.75,3.225,20.125,13.35,13.425,5.45,,,,,,,,,,82.0,1.125,,0.0,0.0,49.75,720.0,
2023-11-12 03:00:00,57.0,123.5,1.45,19.675,11.65,13.2,6.65,,,,,,,,,,84.25,1.4,,0.0,0.0,49.75,720.0,
2023-11-12 04:00:00,60.666666666666664,128.33333333333334,3.6333333333333333,12.1,9.366666666666667,11.700000000000001,7.466666666666666,,,,,,,,,,89.66666666666667,2.1,,0.0,0.0,49.666666666666664,720.0,
2023-11-12 05:00:00,58.5,131.75,2.95,12.425,9.05,12.725,10.35,,,,,,,,,,91.25,1.7,,0.0,0.0,50.0,720.0,
2023-11-12 06:00:00,67.25,151.75,3.85,16.15,11.725,11.225,10.325,,,,,,,,,,91.0,1.875,,0.0,0.0,78.5,720.0,
2023-11-12 07:00:00,73.75,185.0,5.324999999999999,17.55,13.7,12.975,10.25,,,,,,,,,,88.25,2.525,,0.0,0.0,184.0,744.5,
2023-11-12 08:00:00,79.5,176.5,3.4,14.950000000000001,10.725,17.225,11.55,,,,,,,,,,84.5,2.85,,0.0,0.0,276.5,756.25,
2023-11-12 09:00:00,73.25,171.75,4.7,13.9,11.2,17.525,16.425,,,,,,,,,,80.0,3.1,,0.0,0.0,369.25,757.0,
2023-11-12 10:00:00,76.75,183.25,6.2,25.35,18.525000000000002,13.275,47.63333333333333,,,,,,,,,,70.5,3.7249999999999996,,0.0,0.0,465.5,757.0,
2023-11-12 11:00:00,72.5,187.25,3.8666666666666667,15.433333333333332,11.366666666666667,20.03333333333333,23.599999999999998,,,,,,,,,,69.0,3.95,,0.0,0.0,538.0,757.0,
2023-11-12 12:00:00,64.75,166.0,3.1666666666666665,12.766666666666666,9.4,16.333333333333332,21.55,,,,,,,,,,67.5,3.75,,0.0,0.0,468.25,757.25,
2023-11-12 13:00:00,72.5,154.0,3.575,13.55,10.1,14.1,28.525000000000002,,,,,,,,,,66.5,3.9250000000000003,,0.0,0.0,427.5,757.25,
2023-11-12 14:00:00,70.5,160.5,4.775,19.65,14.325,10.95,39.175,,,,,,,,,,67.25,3.325,,0.0,0.0,320.5,757.5,
2023-11-12 15:00:00,71.25,179.75,4.025,20.475,14.149999999999999,13.075,36.55,,,,,,,,,,71.25,3.05,,0.0,0.0,165.25,757.0,
2023-11-12 16:00:00,78.0,179.5,4.05,18.875,13.325,17.0,29.125,,,,,,,,,,73.75,3.175,,0.0,0.0,112.25,757.0,
2023-11-12 17:00:00,82.0,203.0,5.0,21.8,15.666666666666666,15.9,35.800000000000004,,,,,,,,,,77.0,2.1999999999999997,,0.0,0.0,53.666666666666664,753.0,
2023-11-12 18:00:00,150.33333333333334,411.3333333333333,9.2,51.86666666666667,35.03333333333333,6.949999999999999,57.73333333333333,,,,,,,,,,80.33333333333333,2.3000000000000003,,0.0,0.0,49.666666666666664,744.3333333333334,
2023-11-12 19:00:00,390.25,740.0,29.925,82.9,68.425,,143.75,,,,,,,,,,82.0,1.775,,0.0,0.0,49.75,737.5,
2023-11-12 20:00:00,718.75,,12.325,74.575,49.675,0.5,115.175,,,,,,,,,,83.0,2.2,,0.0,0.0,49.75,734.5,
2023-11-12 21:00:00,608.25,968.0,5.575,56.425,34.55,5.825,63.425,,,,,,,,,,84.5,1.7750000000000001,,0.0,0.0,50.0,726.75,
2023-11-12 22:00:00,509.5,869.25,4.425,41.125,25.45,10.275,40.375,,,,,,,,,,85.75,1.775,,0.0,0.0,50.0,722.75,
2023-11-12 23:00:00,385.75,493.3333333333333,3.425,24.125,15.6,14.850000000000001,21.6,,,,,,,,,,86.5,1.75,,0.0,0.0,50.0,720.0,
2023-11-13 00:00:00,262.25,304.25,5.025,21.45,15.475,16.675,14.25,,,,,,,,,,90.0,1.725,,0.0,0.0,49.75,720.0,
2023-11-13 01:00:00,169.0,202.25,3.15,14.275,10.15,19.2,12.575,,,,,,,,,,92.0,1.9,,0.0,0.0,50.0,719.75,
2023-11-13 02:00:00,123.5,161.25,4.1000000000000005,12.35,9.875,19.475,10.875,,,,,,,,,,92.5,1.9249999999999998,,0.0,0.0,50.0,719.75,
2023-11-13 03:00:00,97.75,153.0,3.875,11.425,9.225000000000001,19.4,9.825,,,,,,,,,,92.5,1.9249999999999998,,0.25,0.25,50.0,719.25,
2023-11-13 04:00:00,80.25,155.0,2.175,8.475,6.275,18.1,10.275,,,,,,,,,,92.75,2.15,,0.0,0.0,49.75,720.0,
2023-11-13 05:00:00,84.5,160.5,2.8,8.15,6.625,16.25,9.4,,,,,,,,,,93.0,2.15,12.0,0.0,0.0,50.0,720.0,
2023-11-13 06:00:00,85.75,160.25,2.95,14.775,10.275,12.275,6.45,,,,,,,,,,93.5,1.825,,0.0,0.0,60.25,720.0,
2023-11-13 07:00:00,84.5,167.0,3.95,14.575,10.95,13.125,8.625,,,,,,,,,,92.0,2.125,,0.0,0.0,117.0,720.0,
2023-11-13 08:00:00,82.75,174.25,4.95,13.2,11.05,15.175,8.2,,,,,,,,,,88.5,2.325,,0.0,0.0,183.5,739.75,
2023-11-13 09:00:00,78.0,167.5,4.2,13.475,10.575,17.625,5.2,,,,,,,,,,84.25,2.325,,0.0,0.0,214.0,756.0,
2023-11-13 10:00:00,62.0,158.66666666666666,4.166666666666667,12.666666666666666,10.133333333333333,18.7,6.25,,,,,,,,,,74.33333333333333,3.733333333333333,,0.0,0.0,434.0,756.6666666666666,
2023-11-13 11:00:00,54.5,149.0,4.466666666666666,12.4,10.233333333333333,20.566666666666666,5.866666666666667,,,,,,,,,,68.75,3.675,,0.0,0.0,489.5,757.0,
2023-11-13 12:00:00,56.25,145.5,1.2,10.4,6.466666666666666,20.933333333333334,9.75,,,,,,,,,,66.5,3.725,,0.0,0.0,451.0,757.0,
2023-11-13 13:00:00,57.0,144.0,2.733333333333333,10.266666666666666,7.7,15.666666666666666,11.5,,,,,,,,,,70.33333333333333,3.466666666666667,,0.0,0.0,316.6666666666667,757.0,
2023-11-13 14:00:00,55.0,152.25,2.525,8.575,6.6,15.85,6.7,,,,,,,,,,73.5,3.525,,0.0,0.0,223.0,757.0,
2023-11-13 15:00:00,52.25,140.25,3.2,12.675,9.35,13.675,9.55,,,,,,,,,,75.0,2.85,,0.0,0.0,143.5,757.0,
2023-11-13 16:00:00,54.5,149.5,4.65,14.575,11.524999999999999,15.325,12.75,,,,,,,,,,79.25,3.15,,0.0,0.0,73.5,756.75,
2023-11-13 17:00:00,60.5,160.25,4.3,18.675,13.425,16.85,7.05,,,,,,,,,,79.5,2.875,,0.0,0.0,54.75,756.25,
2023-11-13 18:00:00,69.0,178.66666666666666,3.866666666666667,19.433333333333334,13.466666666666667,17.7,9.333333333333334,,,,,,,,,,81.66666666666667,2.6999999999999997,,0.0,0.0,50.0,752.0,
2023-11-13 19:00:00,81.25,211.75,3.2,28.275,17.65,15.05,13.925,,,,,,,,,,80.5,2.675,,0.0,0.0,50.0,752.0,
2023-11-13 20:00:00,94.75,245.5,3.075,28.925,17.9,15.6,21.35,,,,,,,,,,79.25,3.15,,0.0,0.0,50.0,751.25,
2023-11-13 21:00:00,91.75,187.0,1.775,18.825,11.45,14.4,13.7,,,,,,,,,,88.5,2.3,,1.5,1.5,47.75,721.0,
2023-11-13 22:00:00,74.0,132.25,2.75,15.625,10.55,13.4,12.4,,,,,,,,,,86.5,2.425,,0.25,0.25,48.0,727.75,
2023-11-13 23:00:00,64.25,117.0,2.8,8.45,6.75,14.45,10.025,,,,,,,,,,89.25,2.95,,3.0,3.0,47.75,721.0,
2023-11-14 00:00:00,50.0,76.25,3.25,7.525,6.65,14.375,6.2,,,,,,,,,,95.5,2.75,,2.75,2.75,47.0,720.75,
2023-11-14 01:00:00,38.5,68.0,3.875,7.025,6.9,17.0,1.25,,,,,,,,,,95.0,2.025,,0.75,0.75,47.0,720.5,
2023-11-14 02:00:00,30.25,55.5,3.275,6.875,6.3,17.825,2.8,,,,,,,,,,95.5,2.425,,2.25,2.25,47.0,720.25,
2023-11-14 03:00:00,25.75,42.5,3.575,10.35,8.4,16.775,4.05,,,,,,,,,,96.0,2.4749999999999996,,0.25,0.25,47.0,720.25,
2023-11-14 04:00:00,18.75,37.5,3.466666666666667,9.45,7.075,16.8,2.725,,,,,,,,,,96.5,1.15,,0.0,0.0,47.25,721.0,
2023-11-14 05:00:00,20.25,47.75,1.95,12.375,8.15,11.55,6.725,,,,,,,,,,97.0,0.825,,0.0,0.0,47.75,721.0,
2023-11-14 06:00:00,27.75,58.5,41.650000000000006,53.8,62.474999999999994,,4.925000000000001,,,,,,,,,,96.25,0.425,,0.0,0.0,53.75,720.25,
2023-11-14 07:00:00,31.0,67.75,18.15,47.775,40.15,0.6,4.85,,,,,,,,,,96.0,1.15,,0.0,0.0,86.25,720.5,
2023-11-14 08:00:00,35.0,75.75,5.525,27.65,19.225,8.0,6.425,,,,,,,,,,93.25,2.125,,0.0,0.0,143.75,725.5,
2023-11-14 09:00:00,39.75,93.75,5.125,27.25,18.65,10.95,6.075,,,,,,,,,,93.0,2.025,,0.5,0.5,90.25,722.25,
2023-11-14 10:00:00,47.0,119.75,3.625,28.825,18.275,12.775,7.0,,,,,,,,,,95.25,1.8,,5.5,5.5,58.0,721.0,
2023-11-14 11:00:00,47.75,95.66666666666667,4.3,32.06666666666667,20.53333333333333,12.233333333333334,9.299999999999999,,,,,,,,,,95.25,1.6,,2.5,2.5,78.0,721.0,
2023-11-14 12:00:00,32.75,63.5,4.666666666666667,25.03333333333333,17.1,14.233333333333334,6.125,,,,,,,,,,95.25,2.275,,2.0,2.0,131.25,721.0,
2023-11-14 13:00:00,34.25,50.0,2.325,18.55,11.75,13.1,7.55,,,,,,,,,,96.5,1.675,,9.25,9.25,84.0,721.0,
2023-11-14 14:00:00,29.75,43.5,3.825,21.25,14.425,10.025,4.3,,,,,,,,,,98.0,1.5499999999999998,,0.5,0.5,100.25,721.0,
2023-11-14 15:00:00,23.25,55.5,4.325,26.5,17.65,7.475,4.625,,,,,,,,,,98.0,1.675,,0.25,0.25,112.0,721.0,
2023-11-14 16:00:00,27.666666666666668,70.33333333333333,4.166666666666667,25.2,16.766666666666666,8.366666666666667,4.066666666666666,,,,,,,,,,97.0,1.4666666666666668,,0.6666666666666666,0.5,67.66666666666667,721.0,
2023-11-14 17:00:00,33.75,71.0,5.425,29.375,20.05,9.875,3.25,,,,,,,,,,98.0,1.625,,5.5,5.5,49.0,720.0,
2023-11-14 18:00:00,30.0,63.5,3.925,28.125,18.175,10.85,2.725,,,,,,,,,,98.66666666666667,1.25,,7.5,7.5,48.0,720.0,
2023-11-14 19:00:00,29.25,58.0,2.625,27.95,17.025000000000002,10.15,2.625,,,,,,,,,,,2.05,,6.0,6.0,47.75,720.0,
2023-11-14 20:00:00,26.5,50.333333333333336,3.425,20.8,13.875,12.55,2.7,,,,,,,,,,,1.6,,2.0,2.0,47.75,720.25,
2023-11-14 21:00:00,25.5,45.5,2.375,24.75,15.125,10.125,3.425,,,,,,,,,,,1.3,,3.0,3.0,48.0,720.25,
2023-11-14 22:00:00,27.0,53.5,2.65,19.55,12.525,11.4,5.275,,,,,,,,,,,1.5,,6.25,6.25,48.0,720.0,
2023-11-14 23:00:00,24.25,33.75,3.975,12.55,9.924999999999999,13.0,6.225,,,,,,,,,,,1.925,,2.25,2.25,47.75,720.25,
2023-11-15 00:00:00,17.5,24.75,1.9749999999999999,15.5,9.85,11.925,7.4,,,,,,,,,,,2.2,,0.25,0.25,47.5,720.0,
2023-11-15 01:00:00,23.666666666666668,30.333333333333332,4.033333333333334,7.733333333333333,7.3999999999999995,14.866666666666667,4.3,,,,,,,,,,,1.9333333333333333,,2.6666666666666665,2.0,48.0,720.0,
2023-11-15 02:00:00,23.0,33.25,4.1,9.2,8.225,14.5,3.475,,,,,,,,,,,2.65,,1.5,1.5,47.5,720.25,
2023-11-15 03:00:00,13.25,22.75,4.775,7.5,7.8999999999999995,19.6,1.925,,,,,,,,,,,1.9,,0.25,0.25,46.25,720.5,
2023-11-15 04:00:00,20.75,28.25,3.35,10.75,8.45,15.024999999999999,3.425,,,,,,,,,,,1.8,,0.0,0.0,47.0,721.0,
2023-11-15 05:00:00,24.0,40.0,3.15,14.05,10.025,13.725,4.375,,,,,,,,,,,1.6,,0.0,0.0,47.0,721.0,
2023-11-15 06:00:00,28.25,48.5,3.4,19.0,12.899999999999999,10.100000000000001,4.425,,,,,,,,,,,1.325,,0.0,0.0,57.0,721.0,
2023-11-15 07:00:00,29.0,50.0,4.05,16.25,11.925,11.35,5.525,,,,,,,,,,97.5,1.9749999999999999,,0.0,0.0,76.75,721.0,
2023-11-15 08:00:00,21.75,31.5,3.975,16.825,12.175,10.675,2.45,,,,,,,,,,95.75,1.825,,0.0,0.0,93.75,721.0,
2023-11-15 09:00:00,27.75,33.75,4.7,20.95,15.0,8.25,1.925,,,,,,,,,,92.75,1.975,,0.0,0.0,119.75,721.25,
2023-11-15 10:00:00,26.5,44.0,5.15,18.8,14.149999999999999,11.6,4.7,,,,,,,,,,93.75,3.35,,0.5,0.5,114.75,720.75,
2023-11-15 11:00:00,15.25,37.25,4.666666666666667,15.066666666666668,11.799999999999999,14.433333333333332,3.6666666666666665,,,,,,,,,,96.75,3.1500000000000004,,0.0,0.0,131.5,720.0,
2023-11-15 12:00:00,13.25,29.0,3.233333333333333,17.633333333333336,12.0,13.933333333333332,2.2,,,,,,,,,,95.75,2.75,,0.0,0.0,175.0,720.25,
2023-11-15 13:00:00,14.333333333333334,38.666666666666664,4.5,22.766666666666666,15.766666666666666,10.299999999999999,2.8333333333333335,,,,,,,,,,91.33333333333333,1.9666666666666668,,0.0,0.0,123.33333333333333,722.0,
2023-11-15 14:00:00,16.75,46.0,4.325,31.325,20.2,6.575,10.125,,,,,,,,,,94.25,1.35,,1.0,1.0,101.5,721.0,
2023-11-15 15:00:00,26.25,71.25,3.05,32.1,19.5,6.6,10.975,,,,,,,,,,96.0,0.7,,0.0,0.0,83.25,721.0,
2023-11-15 16:00:00,39.75,92.75,3.175,31.125,19.15,6.625,11.2,,,,,,,,,,95.75,1.8,,0.75,0.75,66.0,721.0,
2023-11-15 17:00:00,36.75,82.75,4.025,17.625,12.625,11.5,7.550000000000001,,,,,,,,,,97.75,2.7,,1.25,1.25,50.5,721.0,
2023-11-15 18:00:00,25.75,62.75,3.175,35.725,21.6,5.074999999999999,5.3999999999999995,,,,,,,,,,98.0,1.5,,0.25,0.25,47.0,720.75,
2023-11-15 19:00:00,36.0,75.0,4.825,32.0,20.95,6.7749999999999995,4.25,,,,,,,,,,99.0,2.0,,3.75,3.75,47.75,720.0,
2023-11-15 20:00:00,19.666666666666668,33.333333333333336,4.766666666666667,26.166666666666668,17.766666666666666,9.433333333333334,7.933333333333334,,,,,,,,,,,2.2333333333333334,,0.6666666666666666,0.5,47.666666666666664,720.0,
2023-11-15 21:00:00,11.0,16.0,3.825,18.275,12.825,12.75,6.925,,,,,,,,,,,1.9,,0.0,0.0,47.0,720.0,
2023-11-15 22:00:00,14.0,23.0,3.3499999999999996,17.575000000000003,12.05,12.25,4.625,,,,,,,,,,,1.725,,0.25,0.25,47.5,720.25,
2023-11-15 23:00:00,13.0,23.0,2.6,16.375,10.825,11.225,6.075,,,,,,,,,,,1.2,,0.0,0.0,47.0,720.5,
2023-11-16 00:00:00,10.0,21.75,3.25,19.275,12.925,10.325,3.725,,,,,,,,,,,1.125,,0.0,0.0,47.0,720.0,
2023-11-16 01:00:00,11.5,19.5,3.3000000000000003,16.975,11.675,10.975,3.275,,,,,,,,,,,1.175,,0.0,0.0,47.0,720.25,
2023-11-16 02:00:00,15.25,25.0,3.0,12.85,9.3,12.95,2.15,,,,,,,,,,,1.325,,0.0,0.0,47.0,720.0,
2023-11-16 03:00:00,17.0,34.5,4.5,17.625,13.025,11.325,3.075,,,,,,,,,,,1.075,,0.0,0.0,47.75,720.0,
2023-11-16 04:00:00,31.75,59.75,3.3,18.625,12.6,11.175,8.15,,,,,,,,,,,1.275,,0.0,0.0,48.0,720.0,
2023-11-16 05:00:00,38.25,79.25,3.25,17.175,11.75,11.5,7.175000000000001,,,,,,,,,,99.0,1.4249999999999998,,0.0,0.0,48.0,720.0,
2023-11-16 06:00:00,34.0,90.33333333333333,4.3,18.599999999999998,13.366666666666667,10.733333333333334,5.466666666666666,,,,,,,,,,97.66666666666667,1.4666666666666668,,0.0,0.0,60.333333333333336,720.0,
2023-11-16 07:00:00,38.0,102.75,4.300000000000001,25.5,17.075,8.1,7.3,,,,,,,,,,95.25,1.35,,0.0,0.0,138.0,730.0,
2023-11-16 08:00:00,43.75,118.75,4.625,23.175,16.1,8.075,10.325,,,,,,,,,,86.5,2.225,,0.0,0.0,303.5,756.75,
2023-11-16 09:00:00,44.5,132.0,3.775,18.775,13.049999999999999,12.25,16.425,,,,,,,,,,82.0,3.225,,0.0,0.0,404.5,757.0,
2023-11-16 10:00:00,50.25,123.75,3.975,14.925,11.15,13.95,14.466666666666667,,,,,,,,,,78.0,3.2,,0.0,0.0,422.25,757.25,
2023-11-16 11:00:00,52.25,109.0,4.833333333333333,16.0,12.466666666666667,14.333333333333334,4.466666666666667,,,,,,,,,,77.75,2.675,,0.0,0.0,350.5,757.25,
2023-11-16 12:00:00,45.25,115.33333333333333,3.733333333333333,12.566666666666668,9.733333333333333,17.633333333333333,6.25,,,,,,,,,,79.5,3.075,,0.0,0.0,289.25,757.0,
2023-11-16 13:00:00,43.25,123.0,4.7,15.775,12.2,15.225,5.6,,,,,,,,,,77.25,2.5,,0.0,0.0,305.0,757.75,
2023-11-16 14:00:00,55.0,135.75,4.35,24.700000000000003,16.7,12.0,16.4,,,,,,,,,,77.5,2.15,,0.0,0.0,168.5,757.25,
2023-11-16 15:00:00,61.75,157.0,2.7,18.2,11.925,14.75,14.875,,,,,,,,,,79.0,2.425,,0.0,0.0,149.5,757.0,
2023-11-16 16:00:00,64.25,138.75,3.275,24.0,15.424999999999999,11.075,9.899999999999999,,,,,,,,,,81.5,2.1,,0.0,0.0,100.75,757.0,
2023-11-16 17:00:00,67.25,157.0,2.55,25.7,15.75,11.625,8.875,,,,,,,,,,85.5,1.75,,0.0,0.0,56.75,746.25,
2023-11-16 18:00:00,73.5,159.5,2.85,28.95,17.7,10.65,6.975,,,,,,,,,,89.0,1.775,,0.0,0.0,49.25,733.75,
2023-11-16 19:00:00,72.75,160.0,3.7,29.525,18.725,11.4,3.25,,,,,,,,,,91.0,1.6,,0.0,0.0,49.0,727.5,
2023-11-16 20:00:00,76.5,166.75,3.9,39.25,24.075,8.8,4.300000000000001,,,,,,,,,,92.75,1.25,,0.0,0.0,49.0,721.0,
2023-11-16 21:00:00,78.0,169.66666666666666,3.4749999999999996,49.675,29.275,4.15,5.425,,,,,,,,,,93.0,1.075,,0.0,0.0,49.0,720.0,
2023-11-16 22:00:00,68.25,168.5,4.425,49.25,29.8,4.025,6.275,,,,,,,,,,92.0,1.1,,0.0,0.0,49.0,720.0,
2023-11-16 23:00:00,63.25,153.0,3.175,38.375,22.975,7.6499999999999995,6.025,,,,,,,,,,92.0,0.75,,0.0,0.0,49.0,720.0,
2023-11-17 00:00:00,54.25,125.75,2.45,31.549999999999997,18.775,7.075,5.85,,,,,,,,,,93.25,0.75,,0.0,0.0,49.0,720.0,
2023-11-17 01:00:00,50.0,115.33333333333333,4.066666666666666,34.1,21.46666666666667,5.3999999999999995,5.966666666666666,,,,,,,,,,94.0,0.6,,0.0,0.0,49.0,720.0,
2023-11-17 02:00:00,46.75,111.0,3.175,35.925,21.675,4.425000000000001,5.925,,,,,,,,,,95.0,0.625,,0.0,0.0,49.0,720.0,
2023-11-17 03:00:00,46.5,98.5,3.8249999999999997,27.3,17.65,8.7,4.7,,,,,,,,,,96.0,0.625,,0.0,0.0,49.0,720.0,
2023-11-17 04:00:00,38.25,89.0,4.35,31.400000000000002,20.275,7.175000000000001,3.5749999999999997,,,,,,,,,,96.25,0.775,,0.0,0.0,49.0,720.0,
2023-11-17 05:00:00,37.25,96.75,3.725,32.25,20.175,6.775,4.775,,,,,,,,,,97.0,1.3,,0.0,0.0,49.0,720.0,
2023-11-17 06:00:00,44.25,114.25,5.125,31.825,21.125,6.45,8.475,,,,,,,,,,96.75,1.225,,0.0,0.0,66.0,721.0,
2023-11-17 07:00:00,51.25,121.25,6.45,29.025,20.675,7.55,10.275,,,,,,,,,,93.0,1.7000000000000002,,0.0,0.0,185.0,754.75,
2023-11-17 08:00:00,44.25,115.0,4.5,23.425,16.125,8.4,9.575,,,,,,,,,,88.75,2.325,,0.0,0.0,263.25,757.0,
2023-11-17 09:00:00,46.25,113.5,4.95,19.0,14.1,10.375,10.0,,,,,,,,,,85.75,2.375,,0.0,0.0,321.25,757.0,
2023-11-17 10:00:00,38.0,87.5,4.800000000000001,15.875,12.35,10.925,11.733333333333334,,,,,,,,,,84.25,2.85,,0.0,0.0,265.5,757.0,
2023-11-17 11:00:00,28.75,69.5,3.8333333333333335,11.6,9.333333333333334,10.766666666666666,6.166666666666667,,,,,,,,,,78.75,3.5,,0.0,0.0,440.0,757.25,
2023-11-17 12:00:00,25.25,48.5,5.433333333333334,11.833333333333334,10.700000000000001,14.066666666666668,3.325,,,,,,,,,,77.0,3.8,,0.0,0.0,474.25,757.5,
2023-11-17 13:00:00,18.5,52.25,4.7,12.25,10.325,13.425,1.05,,,,,,,,,,77.25,3.3499999999999996,,0.0,0.0,349.0,757.25,
2023-11-17 14:00:00,20.75,52.25,4.675,10.75,9.525,14.05,6.7,,,,,,,,,,75.75,3.35,,0.0,0.0,385.25,757.75,
2023-11-17 15:00:00,16.5,61.25,4.7,14.0,11.275,19.0,4.025,,,,,,,,,,78.0,3.125,,0.0,0.0,276.75,758.25,
2023-11-17 16:00:00,24.0,67.75,2.925,15.4,10.625,14.825,2.6,,,,,,,,,,81.5,2.675,,0.0,0.0,120.0,757.0,
2023-11-17 17:00:00,24.25,67.5,1.8499999999999999,15.274999999999999,9.625,13.05,4.975,,,,,,,,,,85.0,2.3,,0.0,0.0,59.25,752.0,
2023-11-17 18:00:00,25.75,72.75,3.4,21.275,14.05,6.725,4.8,,,,,,,,,,86.5,1.85,,0.0,0.0,49.75,741.0,
2023-11-17 19:00:00,29.0,85.75,3.0,27.175,16.9,4.425,5.15,,,,,,,,,,88.25,1.525,,0.0,0.0,49.75,737.75,
2023-11-17 20:00:00,30.5,86.0,2.8499999999999996,26.85,16.625,3.925,5.425,,,,,,,,,,89.5,1.575,,0.0,0.0,49.75,738.75,
2023-11-17 21:00:00,24.0,68.25,5.25,23.45,16.725,7.550000000000001,2.9000000000000004,,,,,,,,,,90.0,1.875,,0.0,0.0,49.75,731.25,
2023-11-17 22:00:00,19.5,58.0,4.15,20.975,14.5,10.225,4.4,,,,,,,,,,90.75,1.4,,0.0,0.0,49.75,728.5,
2023-11-17 23:00:00,23.25,49.75,3.4749999999999996,17.725,12.25,11.6,4.375,,,,,,,,,,90.25,1.325,,0.0,0.0,49.75,723.0,
2023-11-18 00:00:00,20.75,43.5,2.975,23.075000000000003,14.725,9.775,7.375,,,,,,,,,,92.0,1.125,,0.0,0.0,49.75,720.0,
2023-11-18 01:00:00,22.5,54.75,2.95,28.1,17.35,7.6,8.15,,,,,,,,,,93.75,1.225,,0.0,0.0,49.25,720.0,
2023-11-18 02:00:00,26.5,76.25,3.15,20.55,13.5,7.9,5.5,,,,,,,,,,95.25,1.05,,0.0,0.0,49.25,720.0,
2023-11-18 03:00:00,17.75,50.25,3.675,17.25,12.175,8.65,4.675,,,,,,,,,,96.0,1.0,,0.0,0.0,49.0,720.0,
2023-11-18 04:00:00,21.75,42.75,3.45,13.95,10.225,10.1,4.025,,,,,,,,,,96.75,1.475,,0.0,0.0,49.0,720.0,
2023-11-18 05:00:00,17.25,44.25,4.2,17.225,12.55,10.225,3.15,,,,,,,,,,97.75,1.8,,0.0,0.0,49.0,720.0,
2023-11-18 06:00:00,17.75,45.0,4.8,16.15,12.475,11.525,1.1,,,,,,,,,,97.75,2.225,,0.0,0.0,72.0,722.0,
2023-11-18 07:00:00,25.25,58.25,6.425,18.725,15.2,10.175,0.55,,,,,,,,,,94.5,2.575,,0.0,0.0,204.75,756.0,
2023-11-18 08:00:00,24.0,71.25,6.275,16.3,13.775,12.625,2.2,,,,,,,,,,88.25,2.55,,0.0,0.0,337.75,756.5,
2023-11-18 09:00:00,25.5,70.0,5.1,14.525,11.875,13.825,7.125,,,,,,,,,,82.0,3.4749999999999996,,0.0,0.0,444.5,757.0,
2023-11-18 10:00:00,21.5,62.0,3.2,11.425,8.675,11.375,9.566666666666668,,,,,,,,,,79.75,3.325,,0.0,0.0,325.0,757.0,
2023-11-18 11:00:00,22.75,55.25,5.1000000000000005,11.833333333333334,10.433333333333332,9.766666666666667,8.866666666666667,,,,,,,,,,78.75,3.2,,0.0,0.0,325.0,757.0,
2023-11-18 12:00:00,21.5,53.75,4.866666666666666,13.5,11.166666666666666,10.566666666666668,3.65,,,,,,,,,,75.25,3.45,,0.0,0.0,358.0,757.0,
2023-11-18 13:00:00,19.0,54.5,4.65,14.175,11.325,10.525,2.65,,,,,,,,,,77.75,2.95,,0.0,0.0,234.25,757.0,
2023-11-18 14:00:00,17.0,51.0,4.6000000000000005,13.125,10.725,13.725,3.0,,,,,,,,,,77.75,3.3,,0.0,0.0,301.0,757.0,
2023-11-18 15:00:00,21.75,62.0,6.575,23.875,18.05,9.65,20.0,,,,,,,,,,81.0,2.95,,0.0,0.0,155.5,757.0,
2023-11-18 16:00:00,26.5,79.75,4.975,19.25,14.275,13.3,22.625,,,,,,,,,,82.0,3.1,,0.0,0.0,119.0,757.0,
2023-11-18 17:00:00,25.25,65.25,3.65,18.425,12.825,14.175,9.025,,,,,,,,,,84.25,2.8,,0.0,0.0,54.5,750.0,
2023-11-18 18:00:00,24.75,75.0,3.05,23.15,14.825,8.75,7.6,,,,,,,,,,86.0,2.15,,0.0,0.0,50.0,738.0,
2023-11-18 19:00:00,23.75,67.75,3.475,28.55,18.0,5.15,8.65,,,,,,,,,,86.5,1.875,,0.0,0.0,50.0,732.0,
2023-11-18 20:00:00,31.75,72.75,3.5749999999999997,29.549999999999997,18.6,4.0,7.35,,,,,,,,,,87.0,1.95,,0.0,0.0,50.0,728.75,
2023-11-18 21:00:00,27.5,67.5,2.775,19.75,12.75,7.475,24.85,,,,,,,,,,87.25,1.875,,0.0,0.0,50.0,726.5,
2023-11-18 22:00:00,18.0,52.5,4.325,19.95,14.125,9.875,17.55,,,,,,,,,,87.5,1.65,,0.0,0.0,50.0,720.75,
2023-11-18 23:00:00,20.25,44.75,2.9,16.7,11.275,12.525,11.075000000000001,,,,,,,,,,87.75,1.5250000000000001,,0.0,0.0,50.0,720.0,
2023-11-19 00:00:00,16.25,36.25,3.7,16.45,11.775,12.05,9.899999999999999,,,,,,,,,,88.75,1.225,,0.0,0.0,50.0,720.0,
2023-11-19 01:00:00,13.0,39.75,4.25,20.4,14.325,10.975,12.575,,,,,,,,,,90.5,1.325,,0.0,0.0,50.0,720.0,
2023-11-19 02:00:00,18.5,42.5,2.15,21.325,13.075000000000001,9.375,11.2,,,,,,,,,,92.0,1.375,,0.0,0.0,50.0,720.0,
2023-11-19 03:00:00,19.25,52.25,3.925,20.7,14.2,6.575,10.6,,,,,,,,,,92.5,1.4,,0.0,0.0,50.0,720.0,
2023-11-19 04:00:00,26.25,48.5,3.025,17.175,11.6,7.75,5.1,,,,,,,,,,93.5,1.6,,0.0,0.0,50.0,720.0,
2023-11-19 05:00:00,25.5,45.25,3.375,18.9,12.825,7.25,4.675,,,,,,,,,,94.0,1.1,,0.0,0.0,50.0,720.0,
2023-11-19 06:00:00,22.0,53.75,6.125,23.525,17.525000000000002,7.85,1.5999999999999999,,,,,,,,,,94.75,1.475,,0.0,0.0,76.0,720.0,
2023-11-19 07:00:00,28.0,75.25,7.075,21.65,17.275,8.9,0.8333333333333334,,,,,,,,,,93.25,1.8,,0.0,0.0,158.5,745.75,
2023-11-19 08:00:00,35.0,90.5,6.25,18.1,14.725,11.8,2.75,,,,,,,,,,88.75,2.325,,0.0,0.0,282.5,756.25,
2023-11-19 09:00:00,30.25,67.25,5.025,15.05,12.075000000000001,13.775,6.3,,,,,,,,,,80.5,2.8,,0.0,0.0,386.75,757.0,
2023-11-19 10:00:00,31.666666666666668,57.333333333333336,3.5666666666666664,16.566666666666666,11.733333333333334,12.433333333333332,20.45,,,,,,,,,,73.33333333333333,3.3333333333333335,,0.0,0.0,380.0,757.0,
2023-11-19 11:00:00,25.75,60.5,4.133333333333334,13.799999999999999,10.733333333333334,10.2,30.200000000000003,,,,,,,,,,72.0,3.625,,0.0,0.0,461.25,757.0,
2023-11-19 12:00:00,21.25,61.0,5.1000000000000005,13.133333333333333,11.133333333333333,10.4,19.3,,,,,,,,,,69.0,3.5,,0.0,0.0,476.25,757.5,
2023-11-19 13:00:00,19.5,61.0,4.525,14.024999999999999,11.175,9.075,31.925,,,,,,,,,,68.25,3.4,,0.0,0.0,402.0,757.5,
2023-11-19 14:00:00,22.0,77.0,7.075,22.075,17.475,6.725,48.05,,,,,,,,,,70.75,2.75,,0.0,0.0,260.0,757.25,
2023-11-19 15:00:00,22.333333333333332,83.0,3.533333333333333,13.4,10.0,15.133333333333333,14.166666666666666,,,,,,,,,,73.66666666666667,3.1666666666666665,,0.0,0.0,254.0,757.0,
2023-11-19 16:00:00,17.75,51.75,3.1999999999999997,9.8,7.8,16.725,5.775,,,,,,,,,,75.75,3.325,,0.0,0.0,124.0,757.0,
2023-11-19 17:00:00,18.5,48.0,3.3,12.675,9.45,15.525,2.925,,,,,,,,,,78.5,2.475,,0.0,0.0,57.5,749.25,
2023-11-19 18:00:00,17.0,51.25,3.275,15.850000000000001,11.1,14.6,3.1,,,,,,,,,,81.5,1.975,,0.0,0.0,50.0,736.75,
2023-11-19 19:00:00,25.25,63.75,2.566666666666667,20.625,12.275,9.025,6.95,,,,,,,,,,83.5,1.8,,0.0,0.0,50.0,730.25,
2023-11-19 20:00:00,24.25,73.0,3.025,20.95,13.6,7.275,4.05,,,,,,,,,,84.5,1.5,,0.0,0.0,50.0,726.0,
2023-11-19 21:00:00,26.75,74.75,2.475,22.200000000000003,13.825,6.7,3.575,,,,,,,,,,85.75,1.425,,0.0,0.0,50.0,728.0,
2023-11-19 22:00:00,21.0,61.75,3.25,14.9,10.575,9.4,4.525,,,,,,,,,,91.5,1.65,,1.25,1.25,48.25,721.75,
2023-11-19 23:00:00,15.0,34.0,4.833333333333333,10.6,9.533333333333333,13.700000000000001,2.0,,,,,,,,,,92.33333333333333,1.8333333333333333,,0.0,0.0,48.0,720.0,
2023-11-20 00:00:00,9.5,18.0,3.8499999999999996,13.0,10.05,13.725,3.975,,,,,,,,,,90.0,1.375,,0.0,0.0,49.0,720.0,
2023-11-20 01:00:00,13.75,22.0,3.3,14.9,10.6,13.075,4.025,,,,,,,,,,91.25,1.225,,0.0,0.0,49.0,720.0,
2023-11-20 02:00:00,13.0,26.75,3.75,10.45,8.6,14.925,5.3,,,,,,,,,,93.25,1.8499999999999999,,0.0,0.0,48.75,720.0,
2023-11-20 03:00:00,13.0,28.75,1.75,9.1,6.25,12.675,7.449999999999999,,,,,,,,,,93.5,1.875,,0.0,0.0,49.0,720.0,
2023-11-20 04:00:00,16.0,26.25,2.875,12.325,8.925,8.9,9.575,,,,,,,,,,94.0,1.775,,0.0,0.0,49.0,720.0,
2023-11-20 05:00:00,24.25,50.0,2.825,15.775,10.675,9.225,17.3,,,,,,,,,,94.0,2.4000000000000004,,0.0,0.0,49.0,720.0,
2023-11-20 06:00:00,23.25,56.25,3.875,18.425,12.975,7.7,14.275,,,,,,,,,,93.75,2.2,,0.0,0.0,56.0,720.0,
2023-11-20 07:00:00,27.0,57.0,6.1,19.799999999999997,15.5,8.35,13.55,,,,,,,,,,93.5,2.65,,0.0,0.0,81.5,720.0,
2023-11-20 08:00:00,19.5,59.0,5.525,21.85,16.1,9.95,11.15,,,,,,,,,,91.0,3.025,,0.0,0.0,129.5,728.5,
2023-11-20 09:00:00,19.25,63.75,6.1,21.7,16.5,11.825,20.825,,,,,,,,,,90.25,3.375,,0.0,0.0,143.75,735.5,
2023-11-20 10:00:00,28.5,62.25,4.175,16.55,12.2,14.7,9.1,,,,,,,,,,86.75,3.45,,0.0,0.0,213.25,751.75,
2023-11-20 11:00:00,18.25,43.75,3.1,13.299999999999999,9.566666666666666,15.9,7.2,,,,,,,,,,86.5,4.05,,0.0,0.0,206.5,756.0,
2023-11-20 12:00:00,20.75,48.0,3.6999999999999997,12.766666666666666,9.833333333333334,12.066666666666668,6.35,,,,,,,,,,88.0,3.575,,0.0,0.0,116.25,738.75,
2023-11-20 13:00:00,25.0,40.0,4.575,16.275,12.4,8.975,5.55,,,,,,,,,,96.0,2.475,,3.5,3.5,103.0,720.75,
2023-11-20 14:00:00,22.25,25.0,3.85,17.75,12.575,8.95,2.85,,,,,,,,,,97.0,2.5,,0.75,0.75,130.0,720.0,
2023-11-20 15:00:00,22.5,25.5,5.55,19.5,14.875,12.5,1.3,,,,,,,,,,96.75,2.85,,0.0,0.0,94.5,720.0,
2023-11-20 16:00:00,19.5,25.25,4.175,22.25,15.225,12.1,1.95,,,,,,,,,,95.75,2.45,,0.0,0.0,70.25,720.0,
2023-11-20 17:00:00,15.0,20.0,4.566666666666666,23.633333333333336,16.3,11.200000000000001,1.8333333333333333,,,,,,,,,,93.0,2.6999999999999997,,0.0,0.0,56.666666666666664,720.0,
2023-11-20 18:00:00,15.0,30.0,4.1000000000000005,21.233333333333334,14.666666666666666,12.166666666666666,2.733333333333333,,,,,,,,,,94.33333333333333,3.233333333333333,,0.3333333333333333,0.25,47.666666666666664,721.0,
2023-11-20 19:00:00,16.0,27.75,4.225,25.5,16.975,9.6,5.075,,,,,,,,,,96.25,2.125,,0.0,0.0,47.75,720.75,
2023-11-20 20:00:00,18.25,32.25,3.2750000000000004,23.1,14.975,8.225000000000001,3.1,,,,,,,,,,97.5,2.25,,1.5,1.5,47.75,720.75,
2023-11-20 21:00:00,16.0,30.0,3.3000000000000003,19.633333333333336,13.166666666666666,8.733333333333334,3.266666666666667,,,,,,,,,,98.33333333333333,1.7333333333333334,,0.6666666666666666,0.5,47.333333333333336,720.6666666666666,
2023-11-20 22:00:00,7.0,18.0,5.35,25.5,17.925,5.699999999999999,4.975,,,,,,,,,,99.0,1.0,,0.0,0.0,47.75,720.5,
2023-11-20 23:00:00,6.75,20.0,10.15,29.925,24.15,2.85,4.65,,,,,,,,,,,0.875,,0.0,0.0,47.75,720.0,
2023-11-21 00:00:00,6.75,27.5,7.6499999999999995,28.375,21.3,5.875,4.525,,,,,,,,,,,0.975,,3.25,3.25,48.0,720.0,
2023-11-21 01:00:00,9.5,28.25,6.5,23.85,18.0,8.2,4.175000000000001,,,,,,,,,,,0.9750000000000001,,6.0,6.0,47.75,720.0,
2023-11-21 02:00:00,11.0,17.0,4.25,19.7,13.95,10.65,4.75,,,,,,,,,,,1.25,,0.5,0.25,47.5,720.5,
2023-11-21 03:00:00,8.25,15.25,3.325,12.6,9.425,13.2,5.725,,,,,,,,,,,1.2,,7.25,7.25,48.0,720.25,
2023-11-21 04:00:00,6.0,10.0,2.325,10.075,7.25,12.975,3.35,,,,,,,,,,,0.7,,2.25,2.25,47.75,720.0,
2023-11-21 05:00:00,6.0,,3.775,18.0,12.625,9.075,3.0,,,,,,,,,,,0.8,,0.75,0.75,47.75,720.0,
2023-11-21 06:00:00,8.25,22.0,24.4,27.85,34.675,,1.75,,,,,,,,,,,0.725,,0.0,0.0,54.75,720.0,
2023-11-21 07:00:00,16.0,24.5,22.125,28.075,32.949999999999996,2.4,2.075,,,,,,,,,,,1.3,,0.0,0.0,79.5,720.0,
2023-11-21 08:00:00,18.75,31.0,11.625,23.95,22.175,6.975,2.775,,,,,,,,,,,1.9,,0.0,0.0,101.5,720.0,
2023-11-21 09:00:00,18.5,34.75,13.525,29.425,26.65,5.45,3.75,,,,,,,,,,,2.0,,0.0,0.0,112.25,720.0,
2023-11-21 10:00:00,22.25,50.75,11.200000000000001,28.475,24.3,9.675,8.733333333333334,,,,,,,,,,,2.175,,0.25,0.25,85.0,720.0,
2023-11-21 11:00:00,25.5,36.75,7.133333333333333,23.166666666666668,18.099999999999998,13.833333333333334,6.1000000000000005,,,,,,,,,,,1.9249999999999998,,0.5,0.5,67.0,720.0,
2023-11-21 12:00:00,12.5,27.5,3.3000000000000003,22.099999999999998,14.433333333333332,11.266666666666666,4.975,,,,,,,,,,,2.225,,1.75,1.75,66.0,720.0,
2023-11-21 13:00:00,5.0,11.0,6.375,23.7,17.75,7.85,4.275,,,,,,,,,,,1.2,,1.5,1.5,71.0,720.0,
2023-11-21 14:00:00,13.0,27.0,7.3500000000000005,24.575,19.05,7.125,5.425,,,,,,,,,,,1.425,,0.0,0.0,92.75,720.25,
2023-11-21 15:00:00,12.25,25.0,5.325,21.575,15.8,8.6,5.275,,,,,,,,,,,1.675,,0.0,0.0,91.0,720.0,
2023-11-21 16:00:00,14.25,37.25,8.05,24.175,19.425,9.575,1.6,,,,,,,,,,99.0,1.325,,0.0,0.0,85.75,720.0,
2023-11-21 17:00:00,23.25,80.75,5.875,26.35,18.825000000000003,9.15,,,,,,,,,,,99.0,1.675,,0.0,0.0,56.0,720.0,
2023-11-21 18:00:00,12.5,42.5,8.5,27.625,21.575,6.875,3.95,,,,,,,,,,99.0,1.2,,0.0,0.0,47.25,721.0,
2023-11-21 19:00:00,15.5,28.0,10.85,29.725,24.6,4.75,4.2,,,,,,,,,,,1.375,,0.0,0.0,47.75,720.75,
2023-11-21 20:00:00,20.0,25.0,4.725,26.525,17.95,8.7,5.15,,,,,,,,,,,1.925,,1.5,1.5,47.75,721.0,
2023-11-21 21:00:00,,,3.45,17.775,12.275,10.025,5.525,,,,,,,,,,,1.625,,1.5,1.5,47.75,721.0,
2023-11-21 22:00:00,7.0,9.0,3.925,16.2,11.85,11.025,3.275,,,,,,,,,,,1.3,,1.5,1.5,47.75,720.75,
2023-11-21 23:00:00,6.25,8.0,3.3,13.3,9.725,11.3,2.4,,,,,,,,,,,1.975,,11.75,11.75,48.0,720.75,
2023-11-22 00:00:00,4.0,5.0,3.5,9.55,7.975,14.425,0.23333333333333336,,,,,,,,,,,1.0,,1.5,1.5,47.75,721.0,
2023-11-22 01:00:00,2.0,,4.125,9.775,8.525,13.25,0.8,,,,,,,,,,,1.3,,2.5,2.5,48.0,720.75,
2023-11-22 02:00:00,2.75,,2.975,6.725,5.975,14.125,2.225,,,,,,,,,,,1.5,,3.5,3.5,48.0,721.0,
2023-11-22 03:00:00,4.75,,2.575,12.175,8.6,12.375,2.525,,,,,,,,,,,1.15,,2.25,2.25,48.0,720.75,
2023-11-22 04:00:00,4.0,,2.55,12.875,8.9,12.375,3.3000000000000003,,,,,,,,,,,0.9,,0.75,0.75,48.0,721.0,
2023-11-22 05:00:00,4.0,12.0,3.075,15.175,10.6,10.4,5.575,,,,,,,,,,,1.45,,0.0,0.0,47.75,721.0,
2023-11-22 06:00:00,6.25,12.75,3.425,18.9,12.825,8.9,3.3,,,,,,,,,,,1.2,12.0,5.75,5.75,49.75,720.75,
2023-11-22 07:00:00,12.25,14.25,6.95,25.45,19.175,5.175,3.15,,,,,,,,,,,1.35,,0.5,0.5,70.0,721.0,
2023-11-22 08:00:00,10.0,12.0,7.25,25.174999999999997,19.3,5.675,3.225,,,,,,,,,,,1.1,,2.5,2.5,86.75,720.75,
2023-11-22 09:00:00,22.0,27.0,6.449999999999999,30.9,21.65,6.550000000000001,3.05,,,,,,,,,,,1.275,,0.0,0.0,80.0,720.5,
2023-11-22 10:00:00,19.5,24.75,7.625,27.95,21.075,8.9,2.5,,,,,,,,,,,0.825,,0.25,0.25,108.5,721.0,
2023-11-22 11:00:00,11.75,20.25,10.6,39.733333333333334,29.733333333333334,5.533333333333334,1.9666666666666666,,,,,,,,,,98.0,0.975,,0.0,0.0,154.75,728.5,
2023-11-22 12:00:00,12.75,30.5,9.166666666666666,44.800000000000004,31.266666666666666,5.433333333333334,7.8,,,,,,,,,,96.5,1.0250000000000001,,0.0,0.0,235.0,754.75,
2023-11-22 13:00:00,20.25,43.5,4.875,38.0,24.175,3.1,20.025,,,,,,,,,,90.75,0.9,,0.0,0.0,234.5,757.0,
2023-11-22 14:00:00,28.0,52.75,4.725,35.725,22.875,4.324999999999999,14.425,,,,,,,,,,90.0,0.725,,0.0,0.0,154.25,755.0,
2023-11-22 15:00:00,30.666666666666668,63.333333333333336,5.233333333333333,38.46666666666667,24.7,3.8,10.1,,,,,,,,,,89.0,0.7333333333333334,,0.0,0.0,162.33333333333334,757.0,
2023-11-22 16:00:00,28.5,70.0,3.9,27.85,17.975,6.4,10.425,,,,,,,,,,88.25,0.85,,0.0,0.0,106.75,756.0,
2023-11-22 17:00:00,23.5,59.75,6.325,39.725,26.275,2.4000000000000004,5.275,,,,,,,,,,90.75,0.925,,0.0,0.0,54.0,736.5,
2023-11-22 18:00:00,22.5,56.75,3.325,29.525,18.4,8.35,3.125,,,,,,,,,,92.25,0.7,,0.0,0.0,48.0,720.75,
2023-11-22 19:00:00,23.25,36.25,9.025,37.05,27.0,3.5666666666666664,2.6,,,,,,,,,,93.75,0.375,,0.0,0.0,48.0,720.5,
2023-11-22 20:00:00,22.5,61.5,46.15,42.35,60.025000000000006,,3.55,,,,,,,,,,94.75,0.75,,0.0,0.0,48.0,720.0,
2023-11-22 21:00:00,21.5,79.75,9.3,31.775,24.45,6.066666666666666,5.425,,,,,,,,,,96.25,0.9750000000000001,,17.0,17.0,47.75,720.0,
2023-11-22 22:00:00,7.75,22.5,12.675,34.625,28.725,3.95,4.75,,,,,,,,,,98.0,0.7,,0.25,0.25,47.5,720.25,
2023-11-22 23:00:00,14.75,25.5,26.9,37.775,41.95,,4.375,,,,,,,,,,98.5,0.7,,0.0,0.0,47.0,720.5,
2023-11-23 00:00:00,11.25,29.5,18.675,34.35,33.45,,4.1,,,,,,,,,,99.0,0.675,,0.0,0.0,47.0,721.0,
2023-11-23 01:00:00,11.5,25.5,16.075,31.8,30.0,5.75,2.5,,,,,,,,,,,0.8,,0.0,0.0,47.0,720.0,
2023-11-23 02:00:00,10.666666666666666,21.0,5.033333333333333,25.666666666666668,17.733333333333334,9.566666666666666,1.7999999999999998,,,,,,,,,,,1.1333333333333333,,0.0,0.0,47.0,720.0,
2023-11-23 03:00:00,12.0,27.0,3.825,13.575,10.35,14.025,2.075,,,,,,,,,,,1.325,,0.0,0.0,47.0,720.0,
2023-11-23 04:00:00,7.0,18.0,3.625,15.225000000000001,11.075,12.5,1.65,,,,,,,,,,,1.4,,0.0,0.0,48.0,720.0,
2023-11-23 05:00:00,10.0,24.75,1.7,17.325,10.625,10.55,7.45,,,,,,,,,,,1.275,,0.0,0.0,48.0,720.0,
2023-11-23 06:00:00,19.25,39.25,2.7,19.375,12.475,8.75,7.0,,,,,,,,,,,1.525,,1.25,1.25,50.0,720.0,
2023-11-23 07:00:00,17.25,20.75,4.8,24.174999999999997,16.75,5.75,3.2,,,,,,,,,,,0.775,,0.25,0.25,57.75,720.25,
2023-11-23 08:00:00,10.25,20.75,10.325,30.825000000000003,24.8,2.1333333333333333,6.825,,,,,,,,,,99.0,1.375,,2.75,2.75,73.0,720.0,
2023-11-23 09:00:00,15.5,31.5,13.45,32.4,28.175,4.466666666666666,6.325,,,,,,,,,,99.0,1.4,,1.5,1.5,172.5,723.0,
2023-11-23 10:00:00,20.0,30.0,7.8,28.400000000000002,21.46666666666667,9.4,4.8999999999999995,,,,,,,,,,95.33333333333333,1.0666666666666667,,0.0,0.0,345.3333333333333,756.0,
2023-11-23 11:00:00,21.25,45.666666666666664,5.6000000000000005,23.400000000000002,17.0,11.133333333333333,3.866666666666667,,,,,,,,,,88.0,1.175,,0.0,0.0,252.0,756.0,
2023-11-23 12:00:00,16.0,32.25,3.6666666666666665,21.333333333333332,14.299999999999999,13.799999999999999,6.699999999999999,,,,,,,,,,81.5,1.25,,0.0,0.0,384.5,756.75,
2023-11-23 13:00:00,11.5,44.75,4.0,24.225,16.15,11.05,9.05,,,,,,,,,,80.25,1.475,,0.0,0.0,298.25,756.75,
2023-11-23 14:00:00,24.75,63.0,3.875,23.325,15.549999999999999,6.7,19.0,,,,,,,,,,80.5,2.2,,0.0,0.0,364.75,757.0,
2023-11-23 15:00:00,22.333333333333332,80.0,4.566666666666666,20.133333333333333,14.4,8.066666666666666,12.799999999999999,,,,,,,,,,80.33333333333333,1.9000000000000001,,0.0,0.0,280.0,757.0,
2023-11-23 16:00:00,19.25,48.0,4.725,16.75,12.75,9.925,4.05,,,,,,,,,,84.5,2.725,,0.0,0.0,133.5,749.5,
2023-11-23 17:00:00,18.5,29.25,4.2,20.25,14.175,8.6,6.075,,,,,,,,,,88.75,2.1,,0.0,0.0,61.5,727.5,
2023-11-23 18:00:00,13.75,30.0,5.975,24.349999999999998,17.775,8.075,7.725,,,,,,,,,,91.75,1.4,,0.0,0.0,48.75,720.0,
2023-11-23 19:00:00,13.0,39.25,5.15,31.25,20.8,6.45,5.199999999999999,,,,,,,,,,93.5,1.35,,0.0,0.0,48.75,720.0,
2023-11-23 20:00:00,15.666666666666666,40.0,7.766666666666666,33.233333333333334,24.0,4.766666666666667,5.433333333333334,,,,,,,,,,95.0,0.9666666666666667,,0.0,0.0,48.666666666666664,720.0,
2023-11-23 21:00:00,21.0,43.5,11.925,38.725,30.275,1.05,4.975,,,,,,,,,,95.75,1.0,,0.0,0.0,48.75,720.0,
2023-11-23 22:00:00,21.75,57.25,12.475,32.525,27.45,,4.75,,,,,,,,,,96.25,1.15,,0.0,0.0,48.75,720.0,
2023-11-23 23:00:00,22.5,63.0,9.025,29.6,23.05,3.525,5.475,,,,,,,,,,97.25,1.025,,0.0,0.0,48.75,720.0,
2023-11-24 00:00:00,18.25,48.25,5.625,26.25,18.525,5.65,0.35,,,,,,,,,,98.0,0.725,,0.0,0.0,48.75,720.0,
2023-11-24 01:00:00,18.25,39.75,5.625,24.8,17.75,6.85,1.15,,,,,,,,,,98.0,1.0,,0.0,0.0,48.75,720.0,
2023-11-24 02:00:00,15.75,38.5,6.875,24.75,18.75,9.7,1.55,,,,,,,,,,98.75,1.25,,0.0,0.0,48.75,720.0,
2023-11-24 03:00:00,13.25,30.5,4.8,16.85,12.875,13.275,0.7,,,,,,,,,,99.0,1.05,,2.25,2.25,48.0,720.0,
2023-11-24 04:00:00,9.75,13.75,3.3499999999999996,17.15,11.825,13.0,1.775,,,,,,,,,,,1.225,,0.0,0.0,47.0,720.25,
2023-11-24 05:00:00,15.0,22.25,4.15,18.975,13.475,11.9,2.775,,,,,,,,,,,1.125,,0.25,0.25,47.75,720.0,
2023-11-24 06:00:00,14.75,27.75,6.3,21.275,16.425,7.6,3.375,,,,,,,,,,,1.025,,0.0,0.0,78.0,724.0,
2023-11-24 07:00:00,15.25,43.75,10.025,28.125,23.1,2.566666666666667,5.1,,,,,,,,,,97.75,1.125,,0.0,0.0,182.0,753.0,
2023-11-24 08:00:00,17.0,42.5,4.725,18.025,13.45,9.05,2.925,,,,,,,,,,93.5,1.5,,0.0,0.0,159.25,756.5,
2023-11-24 09:00:00,11.5,27.0,4.45,15.05,11.625,9.675,2.775,,,,,,,,,,86.0,2.125,,0.0,0.0,368.25,757.0,
2023-11-24 10:00:00,14.0,34.25,5.625,13.2,11.6,13.2,2.15,,,,,,,,,,78.0,2.9499999999999997,,0.0,0.0,557.0,757.5,
2023-11-24 11:00:00,14.0,19.0,6.1000000000000005,11.0,10.799999999999999,15.133333333333333,1.8,,,,,,,,,,76.75,2.9,,0.0,0.0,449.5,757.25,
2023-11-24 12:00:00,7.25,19.0,4.5,12.366666666666667,10.266666666666666,15.800000000000002,1.8,,,,,,,,,,78.0,2.9,,0.0,0.0,391.25,757.0,
2023-11-24 13:00:00,15.0,26.5,5.225,10.425,9.8,16.075,1.4,,,,,,,,,,82.0,3.075,,0.0,0.0,231.0,757.0,
2023-11-24 14:00:00,18.0,22.0,4.3,9.833333333333334,8.733333333333333,16.900000000000002,5.566666666666666,,,,,,,,,,81.33333333333333,3.3333333333333335,,0.0,0.0,347.6666666666667,757.0,
2023-11-24 15:00:00,8.75,21.25,2.425,9.725,7.1499999999999995,12.2,8.8,,,,,,,,,,83.75,3.475,,0.0,0.0,163.5,756.75,
2023-11-24 16:00:00,15.5,25.5,3.775,11.475000000000001,9.175,10.1,4.15,,,,,,,,,,82.75,2.625,,0.0,0.0,116.0,756.75,
2023-11-24 17:00:00,12.5,28.5,3.95,20.125,13.9,7.8999999999999995,3.475,,,,,,,,,,85.75,2.05,,0.0,0.0,54.5,741.25,
2023-11-24 18:00:00,17.75,36.25,6.4,27.9,20.05,7.2,1.8,,,,,,,,,,89.0,1.55,,0.0,0.0,50.0,730.25,
2023-11-24 19:00:00,19.75,49.5,5.325,31.025,20.8,8.625,0.6,,,,,,,,,,90.5,1.3,,0.0,0.0,49.75,729.5,
2023-11-24 20:00:00,21.25,58.75,4.35,30.425,19.725,8.950000000000001,1.9,,,,,,,,,,92.0,1.3,,0.0,0.0,50.0,723.0,
2023-11-24 21:00:00,28.25,62.25,6.1000000000000005,33.525,22.825,7.4,3.7,,,,,,,,,,92.75,1.05,,0.0,0.0,50.0,721.25,
2023-11-24 22:00:00,29.0,83.0,3.9,32.175,20.3,9.125,5.25,,,,,,,,,,93.75,1.3,,0.0,0.0,50.0,720.0,
2023-11-24 23:00:00,24.25,71.5,1.65,25.375,14.875,8.175,12.025,,,,,,,,,,93.5,1.85,,0.0,0.0,50.0,720.0,
2023-11-25 00:00:00,11.75,40.75,2.7,16.35,10.925,8.8,5.45,,,,,,,,,,95.5,1.7,,0.0,0.0,50.0,720.0,
2023-11-25 01:00:00,14.75,23.5,3.125,11.175,8.525,10.75,4.6,,,,,,,,,,96.0,1.725,,0.0,0.0,50.0,720.0,
2023-11-25 02:00:00,10.75,21.25,3.45,12.325,9.35,9.95,1.05,,,,,,,,,,95.25,1.85,,0.0,0.0,49.75,720.0,
2023-11-25 03:00:00,17.25,29.5,3.625,14.525,10.675,12.05,,,,,,,,,,,96.25,1.875,,0.5,0.5,49.0,720.0,
2023-11-25 04:00:00,14.5,33.75,3.3,14.9,10.6,13.15,0.625,,,,,,,,,,97.75,1.975,,3.75,3.75,48.75,720.0,
2023-11-25 05:00:00,21.75,32.75,4.4,13.125,10.525,13.95,1.4,,,,,,,,,,98.75,1.675,,0.0,0.0,48.25,720.0,
2023-11-25 06:00:00,21.0,32.0,3.4,10.95,8.65,14.325,1.575,,,,,,,,,,99.0,2.075,,18.0,13.5,53.75,720.5,
2023-11-25 07:00:00,9.0,18.0,1.9,18.6,11.45,7.325,4.025,,,,,,,,,,,1.2,,0.0,0.0,87.25,719.5,
2023-11-25 08:00:00,12.5,20.75,4.9,20.2,14.725,6.775,0.5,,,,,,,,,,99.0,1.825,,0.0,0.0,106.5,720.0,
2023-11-25 09:00:00,21.75,37.5,6.125,18.725,14.925,7.3,1.275,,,,,,,,,,97.0,2.3000000000000003,,2.5,2.5,229.75,738.75,
2023-11-25 10:00:00,21.0,65.5,5.625,21.125,15.8,7.800000000000001,1.5,,,,,,,,,,97.75,1.65,,0.0,0.0,194.75,731.0,
2023-11-25 11:00:00,30.5,69.5,8.0,23.099999999999998,18.8,12.466666666666667,,,,,,,,,,,95.25,2.35,,0.0,0.0,275.25,755.5,
2023-11-25 12:00:00,31.25,60.25,4.8,17.633333333333333,13.266666666666666,17.8,3.8249999999999997,,,,,,,,,,88.5,2.825,,0.0,0.0,366.5,756.0,
2023-11-25 13:00:00,28.25,62.25,4.25,13.55,10.675,17.375,3.375,,,,,,,,,,83.25,3.425,,0.0,0.0,393.0,756.0,
2023-11-25 14:00:00,26.0,57.25,3.325,12.25,9.225000000000001,17.525,2.725,,,,,,,,,,84.25,3.3,,0.0,0.0,197.5,756.5,
2023-11-25 15:00:00,28.5,59.5,2.55,12.525,8.75,15.05,4.825,,,,,,,,,,86.5,2.85,,0.0,0.0,139.75,756.0,
2023-11-25 16:00:00,33.75,66.0,3.025,13.575,9.675,11.425,9.65,,,,,,,,,,87.75,2.8,,0.0,0.0,104.0,753.0,
2023-11-25 17:00:00,28.25,71.0,2.925,13.775,9.7,11.325,11.85,,,,,,,,,,88.25,2.7,,0.0,0.0,59.25,738.5,
2023-11-25 18:00:00,31.75,68.75,3.65,17.5,12.275,9.25,6.5,,,,,,,,,,89.0,2.45,,0.0,0.0,49.0,730.25,
2023-11-25 19:00:00,30.0,72.25,5.225,20.175,14.975000000000001,10.825,5.875,,,,,,,,,,89.0,2.15,,0.0,0.0,49.0,728.25,
2023-11-25 20:00:00,28.25,77.25,3.925,19.85,13.7,13.225,22.2,,,,,,,,,,88.25,1.975,,0.0,0.0,49.0,723.25,
2023-11-25 21:00:00,33.5,79.75,3.375,24.275,15.675,11.75,10.425,,,,,,,,,,88.25,1.625,,0.0,0.0,49.0,720.0,
2023-11-25 22:00:00,36.5,74.5,3.425,22.7,14.9,12.425,6.525,,,,,,,,,,89.0,1.3,,0.0,0.0,49.0,720.0,
2023-11-25 23:00:00,30.5,71.25,1.95,18.025,11.15,13.55,4.775,,,,,,,,,,88.75,1.55,,0.0,0.0,49.0,719.75,
2023-11-26 00:00:00,27.25,75.25,2.1666666666666665,13.275,8.375,10.875,5.75,,,,,,,,,,89.5,1.325,,0.0,0.0,49.0,720.0,
2023-11-26 01:00:00,32.75,74.75,3.15,12.525,9.225,11.575,12.4,,,,,,,,,,90.25,1.2,,0.0,0.0,49.0,720.0,
2023-11-26 02:00:00,36.75,74.75,2.625,16.65,10.975,10.25,8.2,,,,,,,,,,91.75,0.8,,0.0,0.0,49.0,720.0,
2023-11-26 03:00:00,32.5,84.5,3.4,9.65,7.199999999999999,14.125,4.85,,,,,,,,,,90.5,1.55,,0.0,0.0,49.0,720.0,
2023-11-26 04:00:00,35.0,80.75,4.275,11.275,9.5,14.775,4.25,,,,,,,,,,89.25,1.425,,0.0,0.0,49.75,719.5,
2023-11-26 05:00:00,43.5,82.75,3.7,15.275,11.15,13.875,7.8,,,,,,,,,,90.75,1.325,,0.0,0.0,49.75,719.5,
2023-11-26 06:00:00,36.75,88.25,3.75,20.025,13.725,12.525,7.625,,,,,,,,,,92.0,1.375,,0.0,0.0,57.25,719.5,
2023-11-26 07:00:00,48.25,108.75,4.2,23.925,16.125,11.025,7.15,,,,,,,,,,91.5,1.275,,0.0,0.0,117.75,730.75,
2023-11-26 08:00:00,49.5,108.25,2.4,14.7,9.8,12.649999999999999,8.825,,,,,,,,,,86.5,2.35,,0.25,0.25,186.75,756.0,
2023-11-26 09:00:00,46.75,85.5,2.425,9.325,6.9,13.0,6.6,,,,,,,,,,84.0,3.025,,0.0,0.0,312.0,756.25,
2023-11-26 10:00:00,34.75,67.0,3.15,8.05,6.825,12.5,4.3,,,,,,,,,,82.0,3.675,,0.0,0.0,340.25,756.75,
2023-11-26 11:00:00,37.333333333333336,62.333333333333336,3.2,7.85,6.8,11.5,4.3999999999999995,,,,,,,,,,80.0,3.9,,0.0,0.0,382.0,757.0,
2023-11-26 12:00:00,36.5,64.5,5.333333333333333,9.966666666666667,9.666666666666666,15.9,2.85,,,,,,,,,,80.5,3.625,,0.0,0.0,374.0,757.0,
2023-11-26 13:00:00,30.75,62.25,3.35,9.575,7.85,16.275,2.375,,,,,,,,,,80.75,3.35,,0.0,0.0,301.75,756.75,
2023-11-26 14:00:00,26.25,58.5,4.025,8.875,8.0,16.475,2.425,,,,,,,,,,80.5,3.225,,0.0,0.0,248.0,756.25,
2023-11-26 15:00:00,24.0,54.0,3.5999999999999996,10.133333333333333,8.333333333333334,15.666666666666666,4.3,,,,,,,,,,82.66666666666667,2.8000000000000003,,0.0,0.0,116.33333333333333,751.6666666666666,
2023-11-26 16:00:00,27.5,53.5,2.9333333333333336,13.7,9.025,13.15,13.85,,,,,,,,,,91.0,2.125,,0.25,0.25,76.0,733.25,
2023-11-26 17:00:00,30.25,48.75,2.725,11.25,8.25,11.15,14.55,,,,,,,,,,89.5,2.65,,0.0,0.0,54.5,736.0,
2023-11-26 18:00:00,36.0,83.75,3.6,18.275,12.675,7.575,16.225,,,,,,,,,,89.0,2.4499999999999997,,0.0,0.0,49.75,734.0,
2023-11-26 19:00:00,65.0,157.75,3.7,12.575,9.7,10.825,9.8,,,,,,,,,,93.75,3.825,,6.5,6.5,48.75,721.75,
2023-11-26 20:00:00,47.75,54.0,4.3,20.25,14.275,9.3,3.375,,,,,,,,,,97.75,1.8,,2.25,2.25,49.0,720.0,
2023-11-26 21:00:00,34.0,45.25,3.725,28.6,18.25,7.65,13.375,,,,,,,,,,98.0,1.8250000000000002,,1.5,1.5,48.75,719.75,
2023-11-26 22:00:00,36.5,49.75,3.575,18.45,12.75,12.725,5.525,,,,,,,,,,98.0,1.9,,2.75,2.75,48.5,720.0,
2023-11-26 23:00:00,25.5,32.75,3.8,15.950000000000001,11.575,13.1,2.775,,,,,,,,,,98.0,1.675,,0.25,0.25,48.25,720.0,
2023-11-27 00:00:00,22.5,28.5,2.975,18.05,12.05,10.475,8.05,,,,,,,,,,98.0,1.525,,0.0,0.0,48.0,720.25,
2023-11-27 01:00:00,18.0,27.0,2.575,13.275,9.15,9.175,8.95,,,,,,,,,,98.5,1.275,,4.25,4.25,48.5,720.0,
2023-11-27 02:00:00,11.0,28.0,4.075,12.75,10.1,9.5,4.7749999999999995,,,,,,,,,,99.0,0.875,,0.0,0.0,48.0,720.0,
2023-11-27 03:00:00,12.666666666666666,29.0,8.7,28.96666666666667,22.5,4.45,5.366666666666667,,,,,,,,,,99.0,0.6666666666666666,,0.0,0.0,48.0,720.0,
2023-11-27 04:00:00,16.0,31.0,6.275,25.9,18.85,6.825,3.55,,,,,,,,,,99.0,0.675,,0.0,0.0,48.0,720.0,
2023-11-27 05:00:00,21.0,33.0,8.05,27.475,21.175,8.700000000000001,1.525,,,,,,,,,,99.0,0.55,,0.0,0.0,48.75,720.0,
2023-11-27 06:00:00,23.0,40.0,51.9,38.4,62.65,,6.375,,,,,,,,,,98.75,0.85,,0.0,0.0,57.25,719.75,
2023-11-27 07:00:00,29.75,65.25,50.65,41.425,63.2,,9.25,,,,,,,,,,98.5,0.775,,0.0,0.0,104.0,720.0,
2023-11-27 08:00:00,30.25,72.75,19.05,38.825,36.175,3.9,9.5,,,,,,,,,,97.5,1.175,,0.75,0.75,213.0,733.5,
2023-11-27 09:00:00,26.25,54.75,9.575,30.1,23.775,8.25,9.85,,,,,,,,,,89.75,1.975,,0.0,0.0,444.5,756.25,
2023-11-27 10:00:00,30.0,48.0,4.05,13.375,10.425,13.025,5.066666666666666,,,,,,,,,,89.0,2.05,,3.25,3.25,273.0,743.0,
2023-11-27 11:00:00,7.0,21.0,3.6666666666666665,11.966666666666667,9.333333333333334,11.266666666666666,3.933333333333333,,,,,,,,,,84.0,3.95,,0.0,0.0,508.25,756.75,
2023-11-27 12:00:00,8.5,19.75,4.466666666666666,9.233333333333333,8.566666666666666,12.566666666666668,2.45,,,,,,,,,,80.5,3.975,,0.0,0.0,424.75,757.0,
2023-11-27 13:00:00,12.5,16.5,5.4,12.15,10.85,12.825,,,,,,,,,,,83.25,3.7249999999999996,,0.0,0.0,247.5,756.25,
2023-11-27 14:00:00,10.75,18.0,4.275,11.75,9.725000000000001,13.975,3.7249999999999996,,,,,,,,,,84.0,2.975,,0.0,0.0,253.0,757.0,
2023-11-27 15:00:00,9.5,29.0,5.574999999999999,14.75,12.375,13.675,4.0,,,,,,,,,,84.0,3.175,,0.0,0.0,154.0,756.75,
2023-11-27 16:00:00,10.5,31.0,3.5250000000000004,14.95,10.825,14.100000000000001,2.375,,,,,,,,,,83.5,2.45,,0.0,0.0,114.0,756.75,
2023-11-27 17:00:00,18.0,35.75,3.125,17.125,11.7,10.825,3.875,,,,,,,,,,87.5,1.925,,0.0,0.0,56.0,745.25,
2023-11-27 18:00:00,20.25,57.75,4.05,25.825,17.025,5.3,4.875,,,,,,,,,,89.25,1.575,,0.0,0.0,49.75,737.5,
2023-11-27 19:00:00,29.0,77.75,3.4,26.075,16.625,4.725,5.3,,,,,,,,,,90.5,1.875,,0.0,0.0,49.75,737.0,
2023-11-27 20:00:00,32.25,63.75,4.05,20.9,14.4,7.65,2.2249999999999996,,,,,,,,,,90.0,2.075,,0.0,0.0,49.75,732.75,
2023-11-27 21:00:00,21.0,45.5,5.4,18.7,14.325,9.975,,,,,,,,,,,93.0,2.175,,0.5,0.5,48.25,720.25,
2023-11-27 22:00:00,12.0,29.0,6.0,21.275,16.2,12.6,2.775,,,,,,,,,,96.5,1.4,,4.75,4.75,48.75,719.75,
2023-11-27 23:00:00,10.0,28.0,2.35,25.325,15.375,9.625,3.1,,,,,,,,,,97.0,0.925,,0.0,0.0,48.0,719.75,
2023-11-28 00:00:00,10.0,28.25,3.0999999999999996,13.325,9.65,13.9,0.2,,,,,,,,,,96.0,1.4,,0.0,0.0,48.5,719.75,
2023-11-28 01:00:00,10.5,28.0,2.425,9.05,6.775,13.325,2.175,,,,,,,,,,94.75,1.3250000000000002,,0.0,0.0,48.75,720.0,
2023-11-28 02:00:00,13.5,24.25,2.6,8.125,6.45,10.475,3.125,,,,,,,,,,94.0,1.525,,0.0,0.0,48.75,720.0,
2023-11-28 03:00:00,18.5,23.25,3.9749999999999996,12.075,9.625,8.75,5.525,,,,,,,,,,95.5,0.7250000000000001,,0.0,0.0,48.75,720.0,
2023-11-28 04:00:00,20.75,27.25,3.375,12.825,9.524999999999999,9.225,3.825,,,,,,,,,,95.0,0.675,,0.0,0.0,49.0,720.0,
2023-11-28 05:00:00,22.75,30.0,4.175000000000001,18.65,13.325,8.675,1.2,,,,,,,,,,94.75,1.2,,0.0,0.0,49.0,720.0,
2023-11-28 06:00:00,22.75,40.5,5.875,28.575,20.0,6.375,5.5,,,,,,,,,,96.0,1.075,,0.0,0.0,63.25,720.0,
2023-11-28 07:00:00,24.75,56.25,9.25,36.05,26.7,2.6,5.525,,,,,,,,,,95.0,1.025,,0.5,0.5,124.75,736.25,
2023-11-28 08:00:00,22.5,60.5,7.425,26.974999999999998,20.4,7.925000000000001,4.5,,,,,,,,,,89.25,1.7000000000000002,,0.0,0.0,297.5,755.75,
2023-11-28 09:00:00,18.0,49.0,3.275,13.0,9.575000000000001,13.45,3.75,,,,,,,,,,84.75,2.625,,0.0,0.0,278.5,756.5,
2023-11-28 10:00:00,17.5,36.5,2.9,11.2,8.325,9.775,2.3666666666666667,,,,,,,,,,83.0,2.875,,0.0,0.0,363.25,757.0,
2023-11-28 11:00:00,14.5,36.0,4.6,10.933333333333332,9.6,11.066666666666668,3.5,,,,,,,,,,84.25,2.85,,0.0,0.0,420.25,757.0,
2023-11-28 12:00:00,13.25,38.0,4.166666666666667,11.933333333333332,9.733333333333333,10.033333333333333,6.225,,,,,,,,,,83.75,2.65,,0.0,0.0,321.25,757.0,
2023-11-28 13:00:00,19.5,35.0,4.9,10.325000000000001,9.475,11.85,5.65,,,,,,,,,,81.75,3.2,,0.0,0.0,392.75,757.0,
2023-11-28 14:00:00,10.25,33.75,5.375,11.225,10.325,13.825,2.15,,,,,,,,,,81.5,3.2,,0.0,0.0,353.25,756.25,
2023-11-28 15:00:00,14.75,31.25,4.95,11.674999999999999,10.225,14.25,1.9249999999999998,,,,,,,,,,82.25,3.1,,0.0,0.0,258.0,756.25,
2023-11-28 16:00:00,16.75,33.5,4.9,14.425,11.625,13.325,1.4333333333333333,,,,,,,,,,86.0,2.875,,0.0,0.0,109.5,750.75,
2023-11-28 17:00:00,16.5,32.75,3.9,18.05,12.775,12.675,2.575,,,,,,,,,,87.25,2.125,,0.0,0.0,56.0,732.75,
2023-11-28 18:00:00,17.75,41.5,2.1666666666666665,20.6,12.025,7.699999999999999,4.35,,,,,,,,,,89.0,2.4,,0.0,0.0,50.0,721.75,
2023-11-28 19:00:00,15.75,33.0,3.775,17.525,12.4,7.675,3.8,,,,,,,,,,90.75,3.025,,0.0,0.0,50.0,720.75,
2023-11-28 20:00:00,11.25,28.25,4.475,19.625,14.075,5.85,2.8,,,,,,,,,,93.75,1.65,,0.0,0.0,50.0,719.75,
2023-11-28 21:00:00,10.75,22.5,4.975,20.275000000000002,14.825,6.175,2.65,,,,,,,,,,92.25,1.875,,0.0,0.0,50.0,720.0,
2023-11-28 22:00:00,15.0,23.5,4.9,20.6,14.95,8.9,2.7,,,,,,,,,,92.25,1.025,,0.0,0.0,50.0,719.5,
2023-11-28 23:00:00,11.0,29.333333333333332,3.575,23.1,15.175,9.275,1.85,,,,,,,,,,94.75,1.85,,1.0,1.0,49.0,719.5,
2023-11-29 00:00:00,7.25,21.25,3.65,11.275,8.975,14.0,4.8,,,,,,,,,,96.75,2.225,,5.0,5.0,48.75,719.75,
2023-11-29 01:00:00,5.0,7.0,3.0666666666666664,15.200000000000001,10.566666666666668,11.766666666666666,8.2,,,,,,,,,,98.0,1.6333333333333335,,1.0,0.75,48.666666666666664,720.0,
2023-11-29 02:00:00,9.25,13.25,1.6749999999999998,17.099999999999998,10.475,8.3,9.625,,,,,,,,,,98.0,1.45,,0.25,0.25,48.5,720.0,
2023-11-29 03:00:00,7.0,16.0,2.8,12.2,8.75,9.325,7.55,,,,,,,,,,98.75,1.7,,3.0,3.0,48.0,720.0,
2023-11-29 04:00:00,6.75,12.0,3.25,9.525,7.725,10.575,6.25,,,,,,,,,,98.0,3.05,,21.75,21.75,49.5,720.0,
2023-11-29 05:00:00,5.5,9.0,2.1,16.875,10.7,7.45,9.299999999999999,,,,,,,,,,,1.625,,0.5,0.5,48.75,720.0,
2023-11-29 06:00:00,4.75,9.25,5.825,15.375,12.9,10.425,4.525,,,,,,,,,,,1.45,,0.0,0.0,58.5,720.0,
2023-11-29 07:00:00,7.75,13.0,9.8,26.875,22.275,3.95,1.15,,,,,,,,,,,1.275,,0.75,0.75,110.5,720.0,
2023-11-29 08:00:00,9.75,23.5,11.625,29.15,24.95,4.55,6.325,,,,,,,,,,98.0,1.8,,0.0,0.0,205.25,739.0,
2023-11-29 09:00:00,13.25,34.5,8.875,30.5,23.475,8.025,9.350000000000001,,,,,,,,,,96.5,1.925,,0.0,0.0,171.25,743.5,
2023-11-29 10:00:00,25.0,49.25,3.75,22.35,14.95,10.15,8.666666666666666,,,,,,,,,,95.5,2.375,,3.0,3.0,102.5,733.5,
2023-11-29 11:00:00,20.75,31.25,2.5,13.866666666666667,9.4,10.066666666666666,7.833333333333333,,,,,,,,,,98.0,1.8,,2.25,2.25,78.5,720.0,
2023-11-29 12:00:00,16.5,22.5,12.333333333333334,34.96666666666667,28.599999999999998,3.5,3.45,,,,,,,,,,98.0,0.7,,3.0,3.0,119.5,720.0,
2023-11-29 13:00:00,14.25,29.0,9.125,36.25,26.675,4.05,2.45,,,,,,,,,,97.0,0.9750000000000001,,0.25,0.25,219.5,733.75,
2023-11-29 14:00:00,12.0,26.0,6.025,23.75,17.475,11.9,2.1,,,,,,,,,,94.75,1.7999999999999998,,0.0,0.0,197.5,743.5,
2023-11-29 15:00:00,,,5.075,18.15,13.75,13.125,0.775,,,,,,,,,,92.75,1.6,,0.0,0.0,136.75,745.75,
2023-11-29 16:00:00,8.0,12.0,4.075,17.575,12.675,12.5,3.525,,,,,,,,,,91.25,1.175,,0.0,0.0,93.25,742.0,
2023-11-29 17:00:00,7.5,10.75,3.675,19.225,13.225,11.65,3.4,,,,,,,,,,95.5,1.95,,24.0,24.0,50.5,720.5,
2023-11-29 18:00:00,6.0,7.0,4.575,23.425,16.175,7.8,4.55,,,,,,,,,,98.5,2.375,,18.75,18.75,49.5,719.75,
2023-11-29 19:00:00,,11.0,4.1,22.625,15.350000000000001,6.075,8.3,,,,,,,,,,,2.025,,29.25,29.25,49.75,720.0,
2023-11-29 20:00:00,6.0,12.25,8.325,29.900000000000002,22.725,3.9,5.25,,,,,,,,,,,1.2,,3.25,3.25,49.0,720.0,
2023-11-29 21:00:00,8.0,16.75,10.025,33.65,26.075,3.35,6.475,,,,,,,,,,,1.875,,0.25,0.25,48.75,720.0,
2023-11-29 22:00:00,14.25,18.5,5.2,30.85,20.625,4.6,3.6,,,,,,,,,,,1.5999999999999999,,0.0,0.0,48.0,720.0,
2023-11-29 23:00:00,13.0,17.25,6.65,30.1,21.45,5.550000000000001,0.725,,,,,,,,,,,1.125,,0.0,0.0,48.0,720.0,
2023-11-30 00:00:00,8.75,21.5,5.175,27.075,18.6,7.2,5.15,,,,,,,,,,,1.125,,0.0,0.0,48.75,720.0,
2023-11-30 01:00:00,14.75,33.0,7.5,29.175,21.65,4.825,9.9,,,,,,,,,,,0.975,,0.0,0.0,48.75,720.0,
2023-11-30 02:00:00,16.75,34.5,5.525,24.55,17.525,7.8,8.575,,,,,,,,,,,1.15,,2.25,2.25,48.75,719.25,
2023-11-30 03:00:00,13.5,29.25,3.75,21.325,14.4,7.0,9.925,,,,,,,,,,,1.175,,0.5,0.5,48.25,720.0,
2023-11-30 04:00:00,6.0,27.0,3.55,13.975,10.325,10.15,4.6,,,,,,,,,,,1.35,,13.5,13.5,49.0,720.0,
2023-11-30 05:00:00,6.0,10.0,3.0,14.1,9.925,9.6,2.75,,,,,,,,,,,1.15,,0.25,0.25,48.75,720.0,
2023-11-30 06:00:00,7.75,13.0,4.75,22.025,15.600000000000001,6.575,2.7,,,,,,,,,,,1.65,,0.0,0.0,62.5,720.0,
2023-11-30 07:00:00,13.0,22.0,6.825,19.325,15.825,7.949999999999999,1.55,,,,,,,,,,,1.625,,0.0,0.0,151.5,725.5,
2023-11-30 08:00:00,13.0,20.0,5.225,22.925,16.425,8.1,5.6,,,,,,,,,,,1.8250000000000002,,3.0,3.0,87.0,719.0,
2023-11-30 09:00:00,13.0,20.0,6.75,23.05,17.7,7.55,3.8,,,,,,,,,,,2.35,,6.75,6.75,133.25,719.25,
2023-11-30 10:00:00,,,7.075,19.4,16.075,10.775,2.4333333333333336,,,,,,,,,,96.0,1.6,,0.0,0.0,491.5,740.25,
2023-11-30 11:00:00,18.0,20.0,4.633333333333334,16.966666666666665,12.799999999999999,9.700000000000001,4.833333333333333,,,,,,,,,,84.5,2.05,,0.0,0.0,499.5,756.75,
2023-11-30 12:00:00,18.75,27.0,5.133333333333333,16.233333333333334,12.833333333333334,8.366666666666667,9.45,,,,,,,,,,84.0,1.85,,0.0,0.0,293.25,756.5,
2023-11-30 13:00:00,18.5,41.5,3.675,15.3,11.15,9.75,17.6,,,,,,,,,,85.25,2.475,,0.0,0.0,244.5,755.25,
2023-11-30 14:00:00,12.0,25.5,4.225,13.875,10.825,9.575,8.175,,,,,,,,,,90.75,2.125,,0.0,0.0,183.75,730.5,
2023-11-30 15:00:00,15.75,36.5,5.225,19.625,14.700000000000001,9.575,5.575,,,,,,,,,,90.75,1.825,,0.0,0.0,147.5,733.0,
2023-11-30 16:00:00,19.5,41.25,4.675,17.35,13.05,11.225,1.8250000000000002,,,,,,,,,,89.75,1.5,,0.0,0.0,126.5,732.0,
2023-11-30 17:00:00,19.75,45.5,4.25,22.675,15.55,9.275,5.375,,,,,,,,,,91.5,1.35,,0.0,0.0,63.0,720.75,
2023-11-30 18:00:00,7.0,29.0,5.4,31.1,20.950000000000003,5.4,31.65,,,,,,,,,,93.5,1.4,,0.0,0.0,49.0,720.0,
2023-11-30 19:00:00,14.75,40.0,10.275,35.175,27.05,1.7,11.35,,,,,,,,,,94.75,0.85,,0.0,0.0,49.0,720.0,
2023-11-30 20:00:00,12.75,39.75,4.2,21.225,14.700000000000001,7.075,3.8,,,,,,,,,,96.75,2.35,,9.0,9.0,48.5,720.0,
2023-11-30 21:00:00,9.0,12.0,3.6999999999999997,16.8,11.966666666666667,8.4,2.766666666666667,,,,,,,,,,98.66666666666667,1.2,,2.3333333333333335,1.75,48.666666666666664,719.6666666666666,
2023-11-30 22:00:00,9.0,20.0,5.625,31.125,21.15,2.05,3.2249999999999996,,,,,,,,,,99.0,1.0750000000000002,,0.0,0.0,47.75,720.0,
2023-11-30 23:00:00,9.0,20.0,11.533333333333333,33.4,27.166666666666668,3.0,4.366666666666667,,,,,,,,,,,1.0333333333333334,,0.0,0.0,48.0,720.0,
2023-12-01 00:00:00,23.0,51.75,5.425,27.975,19.275,7.0,4.55,,,,,,,,,,,1.125,,0.0,0.0,48.0,720.0,
2023-12-01 01:00:00,11.0,26.0,4.675,19.425,14.15,10.3,4.975,,,,,,,,,,,1.725,,0.0,0.0,48.0,720.0,
2023-12-01 02:00:00,12.25,29.25,4.4,20.325,14.4,9.55,6.075,,,,,,,,,,,1.4,,0.0,0.0,48.5,720.0,
2023-12-01 03:00:00,16.75,50.75,4.0,21.125,14.475,9.075,6.425,,,,,,,,,,,1.6,,0.0,0.0,48.75,720.0,
2023-12-01 04:00:00,17.75,53.0,3.1,15.3,10.675,9.45,4.925,,,,,,,,,,,1.375,,0.0,0.0,48.75,720.0,
2023-12-01 05:00:00,15.5,38.75,4.075,20.85,14.4,7.1499999999999995,6.5249999999999995,,,,,,,,,,,1.2999999999999998,,0.0,0.0,48.75,720.0,
2023-12-01 06:00:00,24.5,55.0,10.6,25.475,22.175,2.15,4.725,,,,,,,,,,,1.225,,0.0,0.0,59.0,720.0,
2023-12-01 07:00:00,39.25,73.5,13.9,26.775,25.525,2.3,6.125,,,,,,,,,,,1.6,,0.0,0.0,126.25,727.75,
2023-12-01 08:00:00,41.5,75.5,9.524999999999999,22.825,19.9,8.55,8.15,,,,,,,,,,98.66666666666667,2.8,,0.5,0.5,221.0,737.5,
2023-12-01 09:00:00,33.0,48.25,7.6,19.05,16.275,11.8,5.975,,,,,,,,,,96.25,2.625,,0.0,0.0,292.25,754.5,
2023-12-01 10:00:00,21.75,41.25,5.875,17.0,13.825,12.725,6.266666666666667,,,,,,,,,,93.25,2.7,,0.0,0.0,269.5,756.0,
2023-12-01 11:00:00,24.25,42.5,5.3,16.033333333333335,12.866666666666665,13.566666666666668,6.366666666666667,,,,,,,,,,89.5,2.75,,0.0,0.0,280.5,756.0,
2023-12-01 12:00:00,24.0,58.5,3.633333333333333,16.0,11.466666666666667,11.333333333333334,5.425,,,,,,,,,,87.0,2.675,,0.0,0.0,177.75,756.0,
2023-12-01 13:00:00,23.25,49.25,4.8,15.5,12.175,10.75,9.625,,,,,,,,,,82.75,2.825,,0.0,0.0,239.5,756.5,
2023-12-01 14:00:00,29.0,51.5,4.5,10.6,9.275,12.2,5.475,,,,,,,,,,81.5,3.325,,0.0,0.0,241.0,756.75,
2023-12-01 15:00:00,26.5,50.25,5.225,12.65,10.975,12.05,4.025,,,,,,,,,,83.0,3.325,,0.0,0.0,170.0,756.25,
2023-12-01 16:00:00,27.5,60.25,4.675,14.2,11.350000000000001,15.45,4.3,,,,,,,,,,86.0,2.95,,0.0,0.0,99.0,747.5,
2023-12-01 17:00:00,29.25,80.25,3.55,17.85,12.375,15.4,3.775,,,,,,,,,,87.75,3.125,,0.0,0.0,60.5,728.25,
2023-12-01 18:00:00,37.5,120.75,3.825,21.325,14.45,14.35,4.4,,,,,,,,,,89.5,2.35,,0.0,0.0,49.75,720.5,
2023-12-01 19:00:00,33.0,67.5,3.925,25.849999999999998,16.975,13.375,4.85,,,,,,,,,,89.75,2.475,,0.0,0.0,50.0,720.0,
2023-12-01 20:00:00,31.0,66.5,3.425,29.325,18.4,9.65,6.975,,,,,,,,,,90.0,2.25,,0.0,0.0,50.0,719.75,
2023-12-01 21:00:00,27.25,77.25,2.175,25.725,15.425,8.7,9.1,,,,,,,,,,90.75,2.35,,0.0,0.0,50.0,720.0,
2023-12-01 22:00:00,35.666666666666664,78.33333333333333,3.6666666666666665,20.266666666666666,13.799999999999999,10.799999999999999,4.266666666666667,,,,,,,,,,90.66666666666667,2.466666666666667,,0.0,0.0,50.0,720.0,
2023-12-01 23:00:00,37.5,77.0,3.75,12.45,9.675,14.0,3.2,,,,,,,,,,88.5,2.5,,0.0,0.0,50.0,720.0,
2023-12-02 00:00:00,33.75,70.75,4.325,13.525,10.725,17.625,1.3,,,,,,,,,,89.25,2.125,,0.0,0.0,50.0,719.75,
2023-12-02 01:00:00,36.0,69.25,3.575,12.75,9.725,17.9,,,,,,,,,,,90.0,2.1500000000000004,,0.0,0.0,50.0,719.25,
2023-12-02 02:00:00,36.0,67.0,3.533333333333333,11.9,9.200000000000001,17.733333333333334,2.6333333333333333,,,,,,,,,,91.66666666666667,2.066666666666667,,0.0,0.0,50.0,719.6666666666666,
2023-12-02 03:00:00,34.5,69.25,3.85,12.825,9.975,17.475,4.1,,,,,,,,,,93.25,2.05,,0.0,0.0,50.0,719.0,
2023-12-02 04:00:00,36.75,76.75,2.825,16.3,10.925,14.575,4.8,,,,,,,,,,95.75,2.1,,0.0,0.0,50.0,719.5,
2023-12-02 05:00:00,48.0,97.25,2.5,12.075,8.475,13.8,5.3,,,,,,,,,,95.75,2.775,,0.0,0.0,50.0,719.5,
2023-12-02 06:00:00,49.5,100.25,4.425,14.775,11.45,13.475,3.9,,,,,,,,,,95.25,2.75,,0.25,0.25,52.75,719.75,
2023-12-02 07:00:00,54.25,108.25,2.875,20.6,13.275,12.675,6.3,,,,,,,,,,96.75,2.45,,0.5,0.5,68.25,720.0,
2023-12-02 08:00:00,53.666666666666664,113.66666666666667,4.933333333333334,22.833333333333332,16.166666666666668,13.299999999999999,9.0,,,,,,,,,,96.33333333333333,2.966666666666667,,1.0,0.75,157.66666666666666,720.3333333333334,
2023-12-02 09:00:00,51.5,108.25,5.425,20.4,15.275,17.825,5.175000000000001,,,,,,,,,,95.75,3.225,,0.0,0.0,255.5,734.75,
2023-12-02 10:00:00,48.5,72.75,3.825,15.05,11.1,19.900000000000002,4.933333333333334,,,,,,,,,,92.25,3.225,,0.0,0.0,330.75,755.25,
2023-12-02 11:00:00,35.0,45.0,5.033333333333333,13.466666666666667,11.233333333333334,20.166666666666668,5.2,,,,,,,,,,90.5,3.6,,0.75,0.75,300.5,737.5,
2023-12-02 12:00:00,15.0,17.0,5.8,17.833333333333332,14.200000000000001,17.96666666666667,12.0,,,,,,,,,,89.75,3.1,,0.0,0.0,346.75,751.0,
2023-12-02 13:00:00,14.0,17.0,3.275,11.9,9.0,13.075000000000001,10.375,,,,,,,,,,84.0,3.575,,0.0,0.0,296.75,756.0,
2023-12-02 14:00:00,11.0,17.0,4.7,10.925,9.625,13.275,4.925,,,,,,,,,,82.25,3.725,,0.0,0.0,411.5,757.0,
2023-12-02 15:00:00,9.0,23.0,4.15,14.35,11.025,13.15,12.075,,,,,,,,,,84.25,3.5,,0.0,0.0,265.5,756.75,
2023-12-02 16:00:00,10.75,26.5,4.25,19.75,13.95,12.15,15.875,,,,,,,,,,87.5,3.05,,6.0,6.0,104.75,744.75,
2023-12-02 17:00:00,15.0,34.25,6.45,22.1,17.0,12.925,7.1,,,,,,,,,,95.25,2.075,,0.0,0.0,53.25,720.0,
2023-12-02 18:00:00,11.0,25.75,4.6,27.425,18.325,11.475,12.15,,,,,,,,,,94.0,2.175,,1.5,1.5,48.75,720.0,
2023-12-02 19:00:00,8.0,25.0,2.9,17.0,11.4,15.675,6.25,,,,,,,,,,97.5,2.75,,12.25,12.25,48.75,719.75,
2023-12-02 20:00:00,8.0,16.0,4.333333333333333,26.3,17.5,10.6,4.833333333333333,,,,,,,,,,99.0,1.9666666666666668,,0.0,0.0,48.0,720.0,
2023-12-02 21:00:00,8.0,16.75,2.95,21.25,13.7,11.625,6.175,,,,,,,,,,,2.3,,0.5,0.5,48.0,720.0,
2023-12-02 22:00:00,7.5,19.0,3.45,19.125,12.975,11.55,5.574999999999999,,,,,,,,,,,1.975,,1.5,1.5,48.0,720.0,
2023-12-02 23:00:00,5.75,16.25,3.45,11.65,9.0,14.475,6.625,,,,,,,,,,99.0,2.7750000000000004,,0.75,0.75,48.0,720.0,
2023-12-03 00:00:00,5.0,8.0,4.3999999999999995,14.1,11.1,13.333333333333334,5.5,,,,,,,,,,99.0,2.233333333333333,,0.0,0.0,48.0,720.0,
2023-12-03 01:00:00,3.25,6.5,4.625,11.125,9.65,15.2,2.85,,,,,,,,,,,1.8250000000000002,,2.5,2.5,48.25,720.0,
2023-12-03 02:00:00,5.25,6.75,3.35,11.775,9.0,15.65,2.375,,,,,,,,,,,2.075,,1.5,1.5,48.0,720.0,
2023-12-03 03:00:00,9.0,12.0,4.133333333333334,7.3,7.233333333333334,16.866666666666664,1.7,,,,,,,,,,,2.1333333333333333,,10.0,7.5,48.666666666666664,720.0,
2023-12-03 04:00:00,,,3.9,15.825,11.625,13.6,4.625,,,,,,,,,,,1.625,,0.25,0.25,48.25,720.0,
2023-12-03 05:00:00,,,2.55,9.925,7.375,15.45,5.75,,,,,,,,,,,1.875,,5.75,5.75,48.75,719.75,
2023-12-03 06:00:00,,,3.625,11.625,9.125,14.5,5.425,,,,,,,,,,,1.775,,4.0,4.0,53.25,720.0,
2023-12-03 07:00:00,4.0,19.0,4.9,16.95,13.0,12.0,5.025,,,,,,,,,,,1.775,,0.5,0.5,75.75,720.0,
2023-12-03 08:00:00,4.25,17.75,3.525,13.274999999999999,9.95,13.575,4.4,,,,,,,,,,98.5,2.675,,3.0,3.0,161.0,721.0,
2023-12-03 09:00:00,5.75,15.75,6.225,13.4,12.2,16.55,3.6500000000000004,,,,,,,,,,96.5,3.175,,0.0,0.0,177.75,732.25,
2023-12-03 10:00:00,8.0,24.333333333333332,6.066666666666666,13.933333333333332,12.366666666666667,15.233333333333334,7.949999999999999,,,,,,,,,,91.33333333333333,3.1999999999999997,,0.0,0.0,176.33333333333334,747.0,
2023-12-03 11:00:00,,31.0,7.633333333333333,15.266666666666666,14.333333333333334,16.133333333333333,13.333333333333334,,,,,,,,,,89.25,3.275,,3.0,3.0,178.25,746.5,
2023-12-03 12:00:00,14.0,48.0,6.333333333333333,15.6,13.4,17.166666666666668,10.4,,,,,,,,,,95.5,3.5,,0.25,0.25,227.5,723.5,
2023-12-03 13:00:00,13.75,42.0,3.8499999999999996,12.45,9.75,16.425,7.775,,,,,,,,,,95.75,3.8,,0.5,0.5,155.75,720.0,
2023-12-03 14:00:00,11.5,20.5,3.525,11.5,9.0,15.6,6.25,,,,,,,,,,96.5,3.55,,2.5,2.5,117.5,720.0,
2023-12-03 15:00:00,7.0,10.0,4.05,13.225,10.375,14.35,5.3,,,,,,,,,,98.25,2.65,,4.5,4.5,107.0,720.0,
2023-12-03 16:00:00,,,4.3,11.325,9.525,15.4,1.9,,,,,,,,,,,3.9,,8.0,8.0,62.25,719.75,
2023-12-03 17:00:00,6.0,7.0,3.875,12.475,9.825,15.525,1.5333333333333334,,,,,,,,,,,3.275,,1.5,1.5,53.5,720.0,
2023-12-03 18:00:00,6.0,7.0,4.225,12.950000000000001,10.325,16.325,2.825,,,,,,,,,,,3.225,,2.5,2.5,48.25,719.0,
2023-12-03 19:00:00,,,2.75,12.25,8.775,17.35,3.3,,,,,,,,,,,3.425,,12.5,12.5,49.0,719.5,
2023-12-03 20:00:00,,,3.625,10.825,8.725,17.7,3.425,,,,,,,,,,,4.425,,4.5,4.5,49.0,719.0,
2023-12-03 21:00:00,,,3.775,7.8,7.15,18.575,3.6,,,,,,,,,,,4.725,,4.25,4.25,49.0,719.25,
2023-12-03 22:00:00,,,2.7249999999999996,5.425,5.1,18.4,2.2249999999999996,,,,,,,,,,,4.475,,8.5,8.5,49.0,719.0,
2023-12-03 23:00:00,,,3.8,5.7,6.125,18.275,2.25,,,,,,,,,,,4.5,,18.75,18.75,49.5,719.25,
2023-12-04 00:00:00,,,3.25,5.275,5.449999999999999,18.725,2.1,,,,,,,,,,,5.0,,11.75,11.75,49.5,719.0,
2023-12-04 01:00:00,,,3.65,3.275,4.7,21.375,1.2249999999999999,,,,,,,,,,,4.975,,6.0,6.0,49.0,719.0,
2023-12-04 02:00:00,,,4.925,4.6499999999999995,6.45,21.75,0.975,,,,,,,,,,,6.65,,10.5,10.5,49.25,719.0,
2023-12-04 03:00:00,,,3.375,4.775,5.25,22.15,1.0,,,,,,,,,,,7.45,,22.5,22.5,49.25,719.0,
2023-12-04 04:00:00,,,3.675,4.55,5.425,23.7,2.675,,,,,,,,,,,8.95,,42.0,42.0,50.0,719.0,
2023-12-04 05:00:00,,13.0,3.875,6.2,6.425,23.725,3.275,,,,,,,,,,,8.525,,10.5,10.5,49.25,719.0,
2023-12-04 06:00:00,,13.0,4.675,7.625,7.85,29.65,1.35,,,,,,,,,,,6.9,,12.0,12.0,46.25,720.75,
2023-12-04 07:00:00,,,5.125,8.8,8.85,36.5,0.6,,,,,,,,,,,6.75,,23.0,23.0,48.5,721.0,
2023-12-04 08:00:00,,,4.05,11.575,9.425,36.775,2.225,,,,,,,,,,,6.6,,15.75,15.75,55.5,720.0,
2023-12-04 09:00:00,,,4.75,11.7,10.125,38.275,0.875,,,,,,,,,,,6.575,,25.5,25.5,57.0,720.75,
2023-12-04 10:00:00,,,4.775,9.825,9.1,39.65,1.6666666666666667,,,,,,,,,,,6.45,,21.0,21.0,59.5,720.0,
2023-12-04 11:00:00,,19.0,4.433333333333334,12.333333333333334,10.166666666666666,40.86666666666667,1.8,,,,,,,,,,,5.275,,9.75,9.75,63.5,720.25,
2023-12-04 12:00:00,,19.0,,,,,2.85,,,,,,,,,,,5.0,,1.25,1.25,82.75,720.25,
2023-12-04 13:00:00,,,5.6,11.6,10.8,45.4,2.35,,,,,,,,,,,4.300000000000001,,15.0,7.5,65.5,720.5,
2023-12-04 14:00:00,,,,,,,,,,,,,,,,,,,,,0.0,,,
2023-12-04 15:00:00,,,,,,,,,,,,,,,,,,,,,0.0,,,
2023-12-04 16:00:00,,,,,,,,,,,,,,,,,,,,,0.0,,,
2023-12-04 17:00:00,,,,,,,,,,,,,,,,,,,,,0.0,,,
2023-12-04 18:00:00,,,,,,,,,,,,,,,,,,,,,0.0,,,
2023-12-04 19:00:00,,,,,,,,,,,,,,,,,,,,,0.0,,,
2023-12-04 20:00:00,,,,,,,,,,,,,,,,,,,,,0.0,,,
2023-12-04 21:00:00,,,,,,,,,,,,,,,,,,,,,0.0,,,
2023-12-04 22:00:00,,,,,,,,,,,,,,,,,,,,,0.0,,,
2023-12-04 23:00:00,,,,,,,,,,,,,,,,,,,,,0.0,,,
2023-12-05 00:00:00,,,,,,,,,,,,,,,,,,,,,0.0,,,
2023-12-05 01:00:00,,,,,,,,,,,,,,,,,,,,,0.0,,,
2023-12-05 02:00:00,,,,,,,,,,,,,,,,,,,,,0.0,,,
2023-12-05 03:00:00,,,,,,,,,,,,,,,,,,,,,0.0,,,
2023-12-05 04:00:00,,,,,,,,,,,,,,,,,,,,,0.0,,,
2023-12-05 05:00:00,,,,,,,,,,,,,,,,,,,,,0.0,,,
2023-12-05 06:00:00,,,,,,,,,,,,,,,,,,,,,0.0,,,
2023-12-05 07:00:00,,,,,,,,,,,,,,,,,,,,,0.0,,,
2023-12-05 08:00:00,,,,,,,,,,,,,,,,,,,,,0.0,,,
2023-12-05 09:00:00,,,,,,,,,,,,,,,,,,,,,0.0,,,
2023-12-05 10:00:00,,,,13.0,,56.8,5.65,,,,,,,,,,81.66666666666667,1.8333333333333333,,0.0,0.0,341.0,756.0,
2023-12-05 11:00:00,,,2.733333333333333,11.366666666666667,8.266666666666666,80.96666666666665,4.833333333333333,,,,,,,,,,77.25,2.325,,0.0,0.0,395.75,756.0,
2023-12-05 12:00:00,,,5.066666666666666,10.433333333333334,9.666666666666666,57.26666666666667,,,,,,,,,,,74.25,2.825,,0.0,0.0,312.25,756.0,
2023-12-05 13:00:00,,,3.675,10.850000000000001,8.75,48.475,,,,,,,,,,,73.25,2.325,,0.0,0.0,389.25,756.25,
2023-12-05 14:00:00,,,5.35,12.475,11.025,47.075,0.6,,,,,,,,,,71.25,2.3499999999999996,,0.0,0.0,418.75,757.0,
2023-12-05 15:00:00,,,4.825,14.65,11.75,44.9,0.5,,,,,,,,,,70.5,1.825,,0.0,0.0,269.5,757.0,
2023-12-05 16:00:00,,,2.1999999999999997,23.8,14.466666666666667,37.833333333333336,,,,,,,,,,,74.0,0.8666666666666667,,0.0,0.0,96.66666666666667,757.0,
2023-12-05 17:00:00,,,2.0,26.875,15.95,32.15,,,,,,,,,,,87.0,0.8250000000000001,,0.0,0.0,53.0,750.5,
2023-12-05 18:00:00,,,2.7000000000000006,30.666666666666668,18.5,26.266666666666666,5.566666666666666,,,,,,,,,,91.33333333333333,0.5,,0.0,0.0,50.0,737.6666666666666,
2023-12-05 19:00:00,,,5.5,39.225,25.325,23.4,6.025,,,,,,,,,,91.75,0.4,,0.0,0.0,50.0,734.75,
2023-12-05 20:00:00,,,11.775,52.35,37.4,13.55,0.7999999999999999,,,,,,,,,,93.5,0.35,,0.0,0.0,50.0,728.75,
2023-12-05 21:00:00,,,3.725,43.75,26.275,21.2,1.7,,,,,,,,,,95.25,0.525,,0.0,0.0,50.0,725.0,
2023-12-05 22:00:00,,,10.5,42.975,31.4,22.0,1.5,,,,,,,,,,97.0,0.325,,0.0,0.0,49.75,720.5,
2023-12-05 23:00:00,,,9.100000000000001,37.224999999999994,27.2,23.125,,,,,,,,,,,98.5,0.45,,0.0,0.0,49.0,719.75,
2023-12-06 00:00:00,,,5.475,38.175,24.75,23.3,5.425,,,,,,,,,,,1.075,,0.0,0.0,49.0,719.75,
2023-12-06 01:00:00,,,4.5,25.5,17.25,27.225,3.175,,,,,,,,,,,1.55,,0.0,0.0,49.0,720.0,
2023-12-06 02:00:00,,,4.125,21.5,14.775,27.075,4.4750000000000005,,,,,,,,,,99.0,1.0,,0.0,0.0,49.0,720.0,
2023-12-06 03:00:00,,,3.325,18.65,12.649999999999999,28.85,6.45,,,,,,,,,,,0.85,,0.0,0.0,49.0,720.0,
2023-12-06 04:00:00,,,4.25,20.775,14.525,27.075000000000003,1.0,,,,,,,,,,,0.525,,0.0,0.0,49.0,720.0,
2023-12-06 05:00:00,,,5.75,18.45,14.45,27.575,,,,,,,,,,,,1.025,,0.0,0.0,49.0,720.0,
2023-12-06 06:00:00,,,5.0,20.025,14.725000000000001,29.525,1.4500000000000002,,,,,,,,,,,0.47500000000000003,,0.0,0.0,55.5,720.0,
2023-12-06 07:00:00,,,7.6,24.799999999999997,19.375,23.875,0.65,,,,,,,,,,,0.55,12.0,0.0,0.0,97.75,724.5,
2023-12-06 08:00:00,,,9.525,26.599999999999998,21.875,21.450000000000003,,,,,,,,,,,97.33333333333333,1.0,,0.0,0.0,169.0,748.0,
2023-12-06 09:00:00,,,7.1000000000000005,19.599999999999998,16.166666666666668,26.76666666666667,0.9500000000000001,,,,,,,,,,89.33333333333333,1.5999999999999999,,0.0,0.0,348.6666666666667,756.3333333333334,
2023-12-06 10:00:00,,,,,,,,,,,,,,,,,,,,,0.0,,,
2023-12-06 11:00:00,,,1.7333333333333332,16.4,10.133333333333333,31.566666666666663,6.6,,,,,,,,,,84.33333333333333,2.0,,0.0,0.0,277.3333333333333,756.0,
2023-12-06 12:00:00,,28.0,4.65,17.0,12.850000000000001,38.85,3.9666666666666663,,,,,,,,,,83.33333333333333,1.8666666666666665,,0.0,0.0,452.0,756.0,
2023-12-06 13:00:00,,28.0,4.3,18.675,13.425,29.450000000000003,4.6,,,,,,,,,,75.75,1.4,,0.0,0.0,390.25,756.75,
2023-12-06 14:00:00,,,3.9,19.266666666666666,13.433333333333332,25.166666666666668,2.3333333333333335,,,,,,,,,,77.66666666666667,1.0666666666666667,,0.0,0.0,184.0,757.0,
2023-12-06 15:00:00,34.0,63.0,4.266666666666667,17.366666666666667,12.700000000000001,33.166666666666664,1.7,,,,,,,,,,83.0,1.5666666666666667,,0.0,0.0,174.66666666666666,757.0,
2023-12-06 16:00:00,27.0,49.75,4.475,14.925,11.55,35.2,3.175,,,,,,,,,,86.5,1.975,,0.0,0.0,78.75,756.0,
2023-12-06 17:00:00,21.666666666666668,27.333333333333332,4.733333333333333,13.0,10.766666666666666,33.36666666666667,5.449999999999999,,,,,,,,,,90.33333333333333,1.9666666666666668,,0.0,0.0,57.333333333333336,748.6666666666666,
2023-12-06 18:00:00,10.5,22.75,3.125,15.325,10.7,30.975,3.125,,,,,,,,,,93.25,1.85,,0.0,0.0,50.75,739.0,
2023-12-06 19:00:00,10.333333333333334,28.0,4.133333333333334,16.733333333333334,12.299999999999999,27.133333333333336,2.5333333333333337,,,,,,,,,,94.33333333333333,1.5333333333333332,,0.0,0.0,50.666666666666664,735.0,
2023-12-06 20:00:00,15.25,23.25,0.7,17.55,9.15,20.15,3.925,,,,,,,,,,95.25,1.175,,0.0,0.0,50.0,735.25,
2023-12-06 21:00:00,18.75,28.0,2.8,18.375,12.05,21.450000000000003,2.25,,,,,,,,,,96.5,0.9,,0.0,0.0,50.0,728.0,
2023-12-06 22:00:00,13.666666666666666,30.333333333333332,2.4333333333333336,20.566666666666666,12.966666666666667,19.733333333333334,,,,,,,,,,,97.66666666666667,0.9666666666666667,,0.0,0.0,50.0,723.0,
2023-12-06 23:00:00,23.0,29.0,3.5,12.025,9.275,22.175,,,,,,,,,,,98.5,0.775,,0.0,0.0,50.0,720.25,
2023-12-07 00:00:00,,,4.766666666666667,12.333333333333334,10.433333333333334,24.5,,,,,,,,,,,99.0,0.3333333333333333,,0.0,0.0,50.0,720.0,
2023-12-07 01:00:00,9.75,18.5,6.775,24.35,18.475,20.425,0.8500000000000001,,,,,,,,,,,0.35,,0.0,0.0,50.0,722.5,
2023-12-07 02:00:00,13.25,24.0,7.675,23.95,18.95,21.049999999999997,0.9333333333333332,,,,,,,,,,,0.475,,0.0,0.0,50.0,723.25,
2023-12-07 03:00:00,16.0,28.25,11.325,25.175,22.6,18.725,0.39999999999999997,,,,,,,,,,,0.4,,0.0,0.0,50.0,719.25,
2023-12-07 04:00:00,13.5,31.75,18.25,28.525,30.0,10.175,,,,,,,,,,,,0.5,,0.0,0.0,50.0,719.75,
2023-12-07 05:00:00,17.5,35.0,28.425,29.525,38.85,7.8999999999999995,,,,,,,,,,,,0.42500000000000004,,0.0,0.0,50.0,720.0,
2023-12-07 06:00:00,26.0,47.333333333333336,25.400000000000002,25.833333333333332,34.4,9.133333333333333,,,,,,,,,,,,0.7666666666666666,,0.0,0.0,63.666666666666664,719.3333333333334,
2023-12-07 07:00:00,29.5,49.75,17.65,27.45,28.975,14.674999999999999,0.2,,,,,,,,,,,0.975,,0.0,0.0,115.25,736.0,
2023-12-07 08:00:00,31.5,53.25,11.3,25.85,22.95,23.35,1.0,,,,,,,,,,96.25,1.275,,0.0,0.0,198.75,755.25,
2023-12-07 09:00:00,22.75,46.0,5.225,23.1,16.55,27.3,1.45,,,,,,,,,,87.5,1.275,,0.0,0.0,299.25,755.0,
2023-12-07 10:00:00,18.333333333333332,40.0,4.8999999999999995,17.1,13.066666666666668,29.03333333333333,2.0,,,,,,,,,,81.0,1.8333333333333333,,0.0,0.0,404.6666666666667,755.3333333333334,
2023-12-07 11:00:00,17.0,42.75,3.033333333333333,21.599999999999998,13.933333333333332,28.833333333333332,2.6666666666666665,,,,,,,,,,83.5,2.0,,0.0,0.0,314.5,756.0,
2023-12-07 12:00:00,20.25,51.0,2.3666666666666667,17.766666666666666,11.433333333333332,25.03333333333333,3.35,,,,,,,,,,80.25,2.275,,0.0,0.0,442.5,756.5,
2023-12-07 13:00:00,29.5,50.0,2.775,14.45,9.975,21.725,3.425,,,,,,,,,,82.0,2.9000000000000004,,0.0,0.0,285.0,756.75,
2023-12-07 14:00:00,26.75,51.5,2.925,13.45,9.525,21.55,1.7,,,,,,,,,,83.5,2.275,,0.0,0.0,169.25,755.75,
2023-12-07 15:00:00,23.0,65.0,4.333333333333333,14.166666666666666,11.066666666666668,20.333333333333332,1.8666666666666665,,,,,,,,,,86.33333333333333,2.1,,0.0,0.0,116.0,755.0,
2023-12-07 16:00:00,30.0,72.66666666666667,4.233333333333333,14.766666666666666,11.299999999999999,24.96666666666667,5.566666666666666,,,,,,,,,,91.33333333333333,2.433333333333333,,0.0,0.0,73.0,743.3333333333334,
2023-12-07 17:00:00,29.75,60.0,3.725,14.575,10.775,26.425,4.625,,,,,,,,,,93.75,2.425,,0.0,0.0,53.25,724.5,
2023-12-07 18:00:00,33.5,60.0,3.05,16.325,11.175,27.275,2.3,,,,,,,,,,95.0,2.5,,0.0,0.0,50.0,719.0,
2023-12-07 19:00:00,31.75,88.0,4.2,18.75,13.375,26.925,3.025,,,,,,,,,,95.0,1.7,,0.0,0.0,50.75,719.0,
2023-12-07 20:00:00,41.5,84.0,4.7,21.85,15.425,24.725,1.95,,,,,,,,,,95.75,1.55,,0.0,0.0,50.5,719.0,
2023-12-07 21:00:00,42.75,70.5,3.025,18.275,12.175,19.35,1.05,,,,,,,,,,96.0,2.275,,0.0,0.0,50.75,719.0,
2023-12-07 22:00:00,33.0,62.75,3.5,15.275,11.0,22.299999999999997,2.0250000000000004,,,,,,,,,,96.0,2.025,,0.0,0.0,50.75,719.0,
2023-12-07 23:00:00,34.0,52.5,3.15,15.0,10.524999999999999,22.875,2.225,,,,,,,,,,97.0,1.775,,0.0,0.0,50.75,719.0,
2023-12-08 00:00:00,34.25,50.25,3.9,13.725,10.5,25.55,2.4,,,,,,,,,,97.0,2.075,,0.0,0.0,50.75,719.0,
2023-12-08 01:00:00,26.333333333333332,50.0,3.1666666666666665,13.1,9.566666666666666,27.333333333333332,1.8666666666666665,,,,,,,,,,97.33333333333333,2.1666666666666665,,0.0,0.0,50.666666666666664,719.0,
2023-12-08 02:00:00,28.0,53.5,3.4,12.75,8.75,28.85,3.8,,,,,,,,,,98.0,1.975,,0.0,0.0,50.75,719.0,
2023-12-08 03:00:00,32.25,51.0,3.2249999999999996,10.075,7.975,30.5,3.8,,,,,,,,,,98.0,1.6,,0.0,0.0,50.75,719.0,
2023-12-08 04:00:00,34.0,46.0,3.5749999999999997,9.45,7.975,29.825,2.7,,,,,,,,,,98.0,1.175,,0.0,0.0,50.75,719.0,
2023-12-08 05:00:00,30.25,44.75,3.725,14.975,11.025,25.575,2.9,,,,,,,,,,98.0,1.675,,0.0,0.0,50.75,719.0,
2023-12-08 06:00:00,37.75,57.0,3.0,15.325,10.575,24.65,2.825,,,,,,,,,,98.0,1.525,,0.5,0.5,62.0,719.0,
2023-12-08 07:00:00,41.0,54.5,4.5,15.8,12.075,23.9,2.8,,,,,,,,,,98.0,1.9,,0.0,0.0,101.75,719.25,
2023-12-08 08:00:00,45.0,65.0,4.9,14.7,11.8,24.924999999999997,,,,,,,,,,,96.25,2.2,,0.0,0.0,199.75,742.25,
2023-12-08 09:00:00,43.5,57.0,5.525,14.475,12.175,28.65,,,,,,,,,,,90.75,2.4000000000000004,,0.0,0.0,337.5,755.5,
2023-12-08 10:00:00,30.0,57.0,5.2,17.900000000000002,13.766666666666666,28.833333333333332,10.666666666666666,,,,,,,,,,87.0,2.533333333333333,,0.0,0.0,297.6666666666667,755.6666666666666,
2023-12-08 11:00:00,34.25,67.25,6.366666666666667,15.466666666666667,13.4,35.333333333333336,8.200000000000001,,,,,,,,,,88.5,2.45,,0.0,0.0,255.0,755.0,
2023-12-08 12:00:00,37.25,53.5,4.566666666666666,16.46666666666667,12.433333333333332,37.233333333333334,4.425,,,,,,,,,,90.0,2.375,,0.25,0.25,326.25,755.0,
2023-12-08 13:00:00,34.75,48.0,4.925,15.775,12.4,28.65,3.75,,,,,,,,,,90.25,2.4,,0.0,0.0,312.25,755.0,
2023-12-08 14:00:00,33.75,53.5,4.875,11.524999999999999,10.075,28.95,2.575,,,,,,,,,,85.75,3.075,,0.0,0.0,326.75,755.75,
2023-12-08 15:00:00,35.0,52.25,4.55,11.85,9.975,29.975,3.125,,,,,,,,,,85.75,2.75,,0.0,0.0,202.0,756.0,
2023-12-08 16:00:00,40.0,56.0,3.8000000000000003,11.65,9.3,30.15,5.3,,,,,,,,,,87.25,2.525,,0.0,0.0,129.0,753.0,
2023-12-08 17:00:00,37.75,66.0,4.7,16.15,12.4,38.15,4.8,,,,,,,,,,90.25,2.45,,0.0,0.0,66.0,729.0,
2023-12-08 18:00:00,38.75,68.25,4.225,22.95,15.65,45.025,3.975,,,,,,,,,,92.5,2.1,,0.0,0.0,50.75,719.0,
2023-12-08 19:00:00,39.25,70.5,3.75,30.299999999999997,19.2,31.775,4.825,,,,,,,,,,94.0,1.45,,0.0,0.0,50.75,719.0,
2023-12-08 20:00:00,51.0,85.5,3.875,26.625,17.275,33.325,2.325,,,,,,,,,,94.0,1.675,,0.0,0.0,50.75,719.0,
2023-12-08 21:00:00,46.0,87.25,2.775,30.125,18.275,28.0,2.175,,,,,,,,,,94.5,1.175,,0.0,0.0,50.75,719.0,
2023-12-08 22:00:00,41.5,79.25,3.125,31.0,19.025,25.225,1.625,,,,,,,,,,95.5,1.175,,0.0,0.0,50.75,719.0,
2023-12-08 23:00:00,45.0,82.75,4.225,30.175,19.475,22.675,1.825,,,,,,,,,,96.5,1.2,,0.0,0.0,50.75,719.0,
2023-12-09 00:00:00,41.5,86.0,4.325,27.200000000000003,17.925,24.950000000000003,1.1,,,,,,,,,,97.25,1.225,,0.0,0.0,50.25,719.0,
2023-12-09 01:00:00,37.5,71.75,4.1,26.725,17.55,29.1,1.95,,,,,,,,,,98.0,1.6,,0.0,0.0,50.5,719.0,
2023-12-09 02:00:00,34.25,78.5,4.475,32.025000000000006,20.7,27.075,3.75,,,,,,,,,,98.0,1.975,,0.0,0.0,50.75,719.0,
2023-12-09 03:00:00,48.75,89.75,4.325,17.075,12.6,32.625,6.55,,,,,,,,,,98.5,1.45,,0.0,0.0,50.75,719.0,
2023-12-09 04:00:00,52.5,83.5,3.35,15.95,11.225,32.875,1.75,,,,,,,,,,99.0,1.575,,0.0,0.0,50.75,719.0,
2023-12-09 05:00:00,47.5,85.0,4.05,16.875,12.275,31.875,2.025,,,,,,,,,,99.0,1.775,,0.0,0.0,50.75,719.0,
2023-12-09 06:00:00,50.75,114.0,3.85,20.6,14.075,28.25,6.475,,,,,,,,,,98.75,1.9,,0.0,0.0,60.5,719.0,
2023-12-09 07:00:00,62.75,110.75,4.45,17.075,12.7,28.075,5.35,,,,,,,,,,96.5,2.3,,0.0,0.0,144.25,736.0,
2023-12-09 08:00:00,52.0,92.5,4.625,13.625,11.0,28.375,6.375,,,,,,,,,,92.5,2.45,,0.0,0.0,254.25,755.75,
2023-12-09 09:00:00,41.25,70.25,5.775,14.674999999999999,12.5,31.225,9.7,,,,,,,,,,87.5,2.275,,0.0,0.0,326.75,755.0,
2023-12-09 10:00:00,44.5,82.5,4.875,20.2,14.7,33.125,14.0,,,,,,,,,,84.0,2.475,,0.0,0.0,298.75,756.0,
2023-12-09 11:00:00,42.666666666666664,95.33333333333333,4.85,20.6,14.9,35.5,13.2,,,,,,,,,,85.66666666666667,2.1666666666666665,,0.0,0.0,143.0,755.3333333333334,
2023-12-09 12:00:00,41.5,106.25,5.333333333333333,21.933333333333334,16.0,35.733333333333334,23.55,,,,,,,,,,82.75,2.675,,0.0,0.0,306.25,756.0,
2023-12-09 13:00:00,40.0,107.0,5.875,26.7,18.975,33.2,35.15,,,,,,,,,,80.5,2.65,,0.0,0.0,280.25,756.0,
2023-12-09 14:00:00,41.5,108.0,3.975,23.525,15.725,26.825,33.925,,,,,,,,,,80.25,2.75,,0.0,0.0,247.5,756.25,
2023-12-09 15:00:00,41.0,87.0,3.6999999999999997,15.5,11.25,28.4,19.05,,,,,,,,,,79.0,2.45,,0.0,0.0,265.5,757.0,
2023-12-09 16:00:00,35.0,65.5,3.775,14.625,10.85,27.8,5.85,,,,,,,,,,80.25,2.475,,0.0,0.0,138.0,756.0,
2023-12-09 17:00:00,39.0,76.75,3.275,25.25,16.125,27.325,11.325,,,,,,,,,,85.0,1.875,,0.0,0.0,61.0,740.25,
2023-12-09 18:00:00,56.666666666666664,109.0,2.966666666666667,29.433333333333334,18.033333333333335,31.533333333333335,13.699999999999998,,,,,,,,,,89.33333333333333,1.7666666666666666,,0.0,0.0,51.0,722.3333333333334,
2023-12-09 19:00:00,56.333333333333336,105.66666666666667,4.566666666666666,29.53333333333333,19.400000000000002,31.53333333333333,9.166666666666666,,,,,,,,,,92.33333333333333,1.5999999999999999,,0.0,0.0,51.0,719.0,
2023-12-09 20:00:00,70.75,127.5,4.325,30.0,19.475,32.7,4.975,,,,,,,,,,92.5,1.4500000000000002,,0.0,0.0,51.0,719.0,
2023-12-09 21:00:00,69.0,128.0,3.975,28.125,18.225,33.025,3.9000000000000004,,,,,,,,,,92.75,1.45,,0.0,0.0,51.0,719.0,
2023-12-09 22:00:00,44.75,86.25,3.4250000000000003,25.1,16.15,27.575,10.325,,,,,,,,,,92.25,1.075,,0.0,0.0,50.75,719.0,
2023-12-09 23:00:00,35.0,78.0,3.8000000000000003,24.46666666666667,16.099999999999998,26.266666666666666,8.466666666666667,,,,,,,,,,93.66666666666667,0.9,,0.0,0.0,51.0,719.0,
2023-12-10 00:00:00,45.75,101.5,3.55,21.35,14.275,26.575,4.25,,,,,,,,,,94.5,0.925,,0.0,0.0,50.75,719.0,
2023-12-10 01:00:00,46.0,102.25,3.975,21.675,14.75,26.475,2.975,,,,,,,,,,95.25,0.9750000000000001,,0.0,0.0,50.75,719.0,
2023-12-10 02:00:00,38.25,82.0,4.050000000000001,28.025,18.200000000000003,26.4,2.725,,,,,,,,,,96.75,1.175,,0.0,0.0,50.75,719.0,
2023-12-10 03:00:00,34.666666666666664,76.66666666666667,5.033333333333333,24.833333333333332,17.26666666666667,29.733333333333334,2.6,,,,,,,,,,98.33333333333333,1.0333333333333334,,0.0,0.0,50.666666666666664,719.0,
2023-12-10 04:00:00,39.5,68.0,4.1,25.725,17.025,28.55,1.45,,,,,,,,,,99.0,1.125,,0.0,0.0,50.75,719.0,
2023-12-10 05:00:00,43.75,70.5,5.275,27.15,18.725,27.8,2.95,,,,,,,,,,98.25,1.6,,0.0,0.0,50.75,719.0,
2023-12-10 06:00:00,45.0,63.5,4.3,24.9,16.725,30.0,3.85,,,,,,,,,,98.0,1.425,,0.0,0.0,65.0,719.0,
2023-12-10 07:00:00,50.5,73.75,5.325,21.725,15.899999999999999,27.375,3.15,,,,,,,,,,95.5,1.975,,0.0,0.0,155.25,748.0,
2023-12-10 08:00:00,46.75,73.5,5.15,19.675,14.65,26.85,,,,,,,,,,,93.75,1.875,,0.0,0.0,147.5,743.75,
2023-12-10 09:00:00,44.333333333333336,81.0,4.3,19.0,13.6,27.599999999999998,0.4,,,,,,,,,,94.66666666666667,1.7,,0.0,0.0,151.0,734.3333333333334,
2023-12-10 10:00:00,53.0,93.0,3.6666666666666665,14.366666666666667,10.6,30.3,2.966666666666667,,,,,,,,,,90.0,2.433333333333333,,0.0,0.0,231.33333333333334,755.6666666666666,
2023-12-10 11:00:00,42.0,69.5,5.733333333333333,15.433333333333332,12.866666666666667,36.63333333333333,5.166666666666667,,,,,,,,,,87.25,2.6,,0.0,0.0,228.75,755.75,
2023-12-10 12:00:00,35.5,74.25,6.866666666666667,23.366666666666664,18.0,34.666666666666664,25.525,,,,,,,,,,78.0,3.075,,0.0,0.0,348.75,756.0,
2023-12-10 13:00:00,43.25,105.0,5.775,26.95,19.025,34.2,56.625,,,,,,,,,,74.25,2.875,,0.0,0.0,196.5,756.0,
2023-12-10 14:00:00,36.666666666666664,98.66666666666667,4.2,16.733333333333334,12.299999999999999,38.166666666666664,12.1,,,,,,,,,,77.66666666666667,2.8000000000000003,,0.0,0.0,129.0,756.0,
2023-12-10 15:00:00,22.666666666666668,66.0,3.1666666666666665,14.0,10.033333333333333,29.766666666666666,7.7,,,,,,,,,,76.66666666666667,2.5,,0.0,0.0,139.0,756.0,
2023-12-10 16:00:00,30.0,75.75,4.275,23.225,15.825,25.525,27.35,,,,,,,,,,76.25,2.175,,0.0,0.0,119.5,755.0,
2023-12-10 17:00:00,48.0,117.0,2.466666666666667,27.5,16.599999999999998,25.333333333333332,36.46666666666667,,,,,,,,,,80.66666666666667,1.7666666666666666,,0.0,0.0,62.0,736.0,
2023-12-10 18:00:00,47.0,112.0,4.566666666666666,26.633333333333336,17.900000000000002,28.7,5.7,,,,,,,,,,84.66666666666667,1.2,,0.0,0.0,51.0,722.3333333333334,
2023-12-10 19:00:00,50.666666666666664,113.33333333333333,4.3,31.400000000000002,20.2,27.833333333333332,1.0333333333333334,,,,,,,,,,86.33333333333333,1.3666666666666665,,0.0,0.0,51.0,720.6666666666666,
2023-12-10 20:00:00,61.0,135.75,3.625,26.35,16.95,30.625,2.9,,,,,,,,,,88.0,1.5,,0.0,0.0,51.0,719.0,
2023-12-10 21:00:00,61.5,134.0,3.7,25.675,16.7,30.825000000000003,2.425,,,,,,,,,,90.0,1.2,,0.0,0.0,51.0,719.0,
2023-12-10 22:00:00,35.5,91.0,4.325,23.0,15.775,31.425,0.4,,,,,,,,,,90.25,1.375,,0.0,0.0,51.0,719.0,
2023-12-10 23:00:00,36.0,84.0,1.5999999999999999,18.333333333333332,11.033333333333333,28.933333333333334,,,,,,,,,,,90.0,1.3333333333333333,,0.0,0.0,51.0,719.0,
2023-12-11 00:00:00,41.0,88.75,3.95,12.025,9.6,30.35,4.625,,,,,,,,,,90.25,1.275,,0.0,0.0,51.0,719.0,
2023-12-11 01:00:00,42.75,70.75,3.125,12.825,9.375,30.65,3.825,,,,,,,,,,91.75,1.05,,0.0,0.0,51.0,719.0,
2023-12-11 02:00:00,38.0,64.5,3.15,12.95,9.475,31.9,5.7,,,,,,,,,,91.75,1.075,,0.0,0.0,51.0,719.0,
2023-12-11 03:00:00,33.5,64.25,3.425,13.65,10.05,30.825,3.375,,,,,,,,,,91.5,1.05,,0.0,0.0,51.0,719.0,
2023-12-11 04:00:00,29.0,61.5,3.9,13.875,10.575,31.900000000000002,3.0,,,,,,,,,,92.0,0.8,,0.0,0.0,51.0,719.0,
2023-12-11 05:00:00,28.0,69.75,3.6999999999999997,15.65,11.35,31.174999999999997,2.0,,,,,,,,,,92.0,1.4500000000000002,,0.0,0.0,51.0,719.0,
2023-12-11 06:00:00,29.0,79.0,6.425,25.049999999999997,18.5,26.725,1.4000000000000001,,,,,,,,,,93.75,1.425,,0.0,0.0,60.75,719.0,
2023-12-11 07:00:00,50.25,110.75,6.95,26.65,19.8,26.05,5.975,,,,,,,,,,95.0,2.075,,0.0,0.0,117.75,724.75,
2023-12-11 08:00:00,74.5,143.5,6.8,20.25,16.35,27.1,9.7,,,,,,,,,,87.5,2.15,,0.0,0.0,266.0,755.5,
2023-12-11 09:00:00,63.5,133.75,4.3,16.125,12.1,32.0,7.45,,,,,,,,,,83.5,2.175,,0.0,0.0,352.5,756.0,
2023-12-11 10:00:00,41.75,98.75,5.0,14.325,11.675,32.975,7.266666666666667,,,,,,,,,,79.75,2.725,,0.0,0.0,399.0,756.25,
2023-12-11 11:00:00,46.0,89.0,5.6000000000000005,17.933333333333334,14.1,37.9,14.966666666666667,,,,,,,,,,78.25,2.8499999999999996,,0.0,0.0,242.5,756.0,
2023-12-11 12:00:00,48.0,101.75,4.866666666666666,20.733333333333334,14.933333333333332,38.56666666666667,19.175,,,,,,,,,,78.0,2.35,,0.0,0.0,214.25,756.0,
2023-12-11 13:00:00,39.0,104.5,3.525,14.975,10.85,39.9,9.475,,,,,,,,,,77.75,3.05,,0.0,0.0,290.25,756.5,
2023-12-11 14:00:00,31.0,80.75,5.25,14.774999999999999,12.125,40.55,20.575,,,,,,,,,,77.25,3.075,,0.0,0.0,250.0,756.0,
2023-12-11 15:00:00,37.666666666666664,94.75,4.8,24.325,16.875,35.125,70.35,,,,,,,,,,78.0,2.7,,0.0,0.0,191.0,755.75,
2023-12-11 16:00:00,43.0,121.0,3.3666666666666667,16.766666666666666,11.666666666666666,32.46666666666667,27.333333333333332,,,,,,,,,,80.33333333333333,2.766666666666667,,0.0,0.0,108.0,746.6666666666666,
2023-12-11 17:00:00,33.0,91.0,3.4,20.025,13.425,31.025,61.975,,,,,,,,,,81.75,2.25,,0.0,0.0,59.5,728.0,
2023-12-11 18:00:00,41.666666666666664,,2.425,23.875,14.675,28.175,12.275,,,,,,,,,,83.0,1.55,,0.0,0.0,51.0,720.0,
2023-12-11 19:00:00,40.666666666666664,,3.225,32.275,19.8,28.175,3.1750000000000003,,,,,,,,,,84.0,1.4,,0.0,0.0,51.0,719.25,
2023-12-11 20:00:00,44.666666666666664,,3.625,34.199999999999996,21.15,27.45,5.225,,,,,,,,,,85.75,1.35,,0.0,0.0,46.75,720.75,
2023-12-11 21:00:00,46.0,,4.0,39.075,24.05,24.125,5.4,,,,,,,,,,86.75,0.9,,0.0,0.0,45.0,721.0,
2023-12-11 22:00:00,45.333333333333336,,4.375,34.025,21.625,25.85,6.625,,,,,,,,,,87.0,1.125,,0.0,0.0,50.5,719.25,
2023-12-11 23:00:00,39.666666666666664,,4.333333333333333,17.366666666666667,12.766666666666666,32.699999999999996,5.333333333333333,,,,,,,,,,85.0,1.3,,0.0,0.0,51.0,719.0,
2023-12-12 00:00:00,32.333333333333336,,3.775,14.975,11.075,34.725,2.8,,,,,,,,,,85.75,0.9,,0.0,0.0,51.0,719.0,
2023-12-12 01:00:00,33.75,,2.25,15.325,9.975,33.875,1.5750000000000002,,,,,,,,,,85.75,0.625,,0.0,0.0,51.0,719.0,
2023-12-12 02:00:00,28.75,,3.55,17.375,12.125,33.25,1.8,,,,,,,,,,86.75,0.5,,0.0,0.0,50.0,720.0,
2023-12-12 03:00:00,26.5,,3.0,22.75,14.55,31.2,1.85,,,,,,,,,,88.75,0.7,,0.0,0.0,50.5,719.25,
2023-12-12 04:00:00,37.0,,15.25,40.35,33.85,16.75,4.15,,,,,,,,,,90.75,0.6,,0.0,0.0,51.0,719.0,
2023-12-12 05:00:00,53.5,,8.125,33.15,24.25,23.55,4.825,,,,,,,,,,93.5,0.925,,0.0,0.0,49.0,719.75,
2023-12-12 06:00:00,49.75,,9.025,33.35,25.1,21.700000000000003,4.625,,,,,,,,,,94.5,1.05,,0.0,0.0,50.5,721.0,
2023-12-12 07:00:00,53.0,,11.9,34.75,28.125,19.4,7.025,,,,,,,,,,93.25,1.725,,0.0,0.0,98.25,721.5,
2023-12-12 08:00:00,61.0,,6.075,28.424999999999997,20.075000000000003,30.725,9.600000000000001,,,,,,,,,,88.75,1.9,,0.0,0.0,218.25,747.75,
2023-12-12 09:00:00,72.0,,3.85,19.15,13.325,36.975,7.6000000000000005,,,,,,,,,,82.75,2.2,,0.0,0.0,341.75,756.0,
2023-12-12 10:00:00,57.5,,3.8,15.8,11.5,35.1,16.366666666666667,,,,,,,,,,77.0,2.1,,0.0,0.0,369.0,756.0,
2023-12-12 11:00:00,49.25,,4.266666666666667,14.766666666666666,11.333333333333334,36.56666666666667,15.766666666666667,,,,,,,,,,74.25,2.5,,0.0,0.0,369.0,756.5,
2023-12-12 12:00:00,45.25,95.0,3.9333333333333336,13.766666666666666,10.533333333333333,42.36666666666667,9.3,,,,,,,,,,73.5,3.075,,0.0,0.0,375.0,756.75,
2023-12-12 13:00:00,40.5,92.75,4.05,11.975,9.65,37.975,4.875,,,,,,,,,,71.25,2.95,,0.0,0.0,372.75,757.0,
2023-12-12 14:00:00,40.0,86.0,4.225,12.025,9.875,37.65,7.449999999999999,,,,,,,,,,70.25,3.1,,0.0,0.0,330.75,757.0,
2023-12-12 15:00:00,33.5,84.75,3.725,13.675,10.275,36.175,6.575,,,,,,,,,,70.75,2.775,,0.0,0.0,275.0,757.0,
2023-12-12 16:00:00,32.75,81.25,3.9749999999999996,12.575,9.925,34.25,2.275,,,,,,,,,,73.25,2.6,,0.0,0.0,127.0,753.5,
2023-12-12 17:00:00,36.75,85.5,4.1000000000000005,16.35,12.05,30.0,1.6749999999999998,,,,,,,,,,75.5,1.95,,0.0,0.0,59.0,726.0,
2023-12-12 18:00:00,46.25,106.0,3.675,29.6,18.725,22.725,1.575,,,,,,,,,,77.0,1.325,,0.0,0.0,50.75,720.0,
2023-12-12 19:00:00,59.0,145.0,3.925,41.075,25.05,17.65,2.375,,,,,,,,,,78.25,1.025,,0.0,0.0,50.75,719.25,
2023-12-12 20:00:00,61.5,180.25,6.725,52.55,33.425,14.3,4.25,,,,,,,,,,80.75,0.775,,0.0,0.0,50.75,719.25,
2023-12-12 21:00:00,69.5,208.5,13.475,56.6,41.025,11.1,6.375,,,,,,,,,,82.75,0.675,,0.0,0.0,50.75,719.5,
2023-12-12 22:00:00,73.75,223.25,14.825,57.6,42.724999999999994,11.625,4.375,,,,,,,,,,84.0,0.7,,0.0,0.0,50.75,719.25,
2023-12-12 23:00:00,82.0,236.0,11.675,52.85,37.6,15.675,7.525,,,,,,,,,,85.5,0.875,,0.0,0.0,51.0,719.25,
2023-12-13 00:00:00,76.25,216.75,9.75,47.475,33.175,18.125,2.0,,,,,,,,,,87.5,0.7000000000000001,,0.0,0.0,50.75,719.25,
2023-12-13 01:00:00,60.25,155.5,8.75,40.875,28.875,18.525,1.7,,,,,,,,,,90.75,0.75,,0.0,0.0,50.75,719.5,
2023-12-13 02:00:00,64.0,139.75,3.825,34.725,21.6,21.975,4.1000000000000005,,,,,,,,,,92.0,0.925,,0.0,0.0,50.75,719.0,
2023-12-13 03:00:00,63.75,120.5,4.6,27.5,18.35,24.275,4.175,,,,,,,,,,93.5,1.0250000000000001,,0.0,0.0,50.75,719.0,
2023-12-13 04:00:00,67.5,122.0,4.324999999999999,33.55,21.35,23.0,4.8,,,,,,,,,,93.75,1.05,,0.0,0.0,50.75,719.0,
2023-12-13 05:00:00,77.5,158.0,3.975,27.35,17.75,23.8,4.5,,,,,,,,,,94.5,1.575,,0.0,0.0,50.0,719.25,
2023-12-13 06:00:00,74.5,,4.05,28.225,18.325,23.85,3.05,,,,,,,,,,95.75,1.725,,0.0,0.0,57.5,719.0,
2023-12-13 07:00:00,91.5,,6.7,29.45,21.1,22.875,9.45,,,,,,,,,,93.75,1.875,,0.0,0.0,120.5,721.0,
2023-12-13 08:00:00,76.5,,5.5,25.6,18.099999999999998,26.325,20.0,,,,,,,,,,89.0,2.275,,0.0,0.0,222.75,748.0,
2023-12-13 09:00:00,82.0,,5.75,22.75,16.775,28.7,16.025,,,,,,,,,,82.0,2.1,,0.0,0.0,366.25,756.5,
2023-12-13 10:00:00,79.0,,4.3999999999999995,15.975,12.1,31.8,15.833333333333334,,,,,,,,,,79.0,2.525,,0.0,0.0,272.5,756.25,
2023-12-13 11:00:00,58.25,122.0,4.466666666666667,17.533333333333335,12.933333333333332,32.300000000000004,13.6,,,,,,,,,,79.25,2.3,,0.0,0.0,180.75,753.25,
2023-12-13 12:00:00,49.75,118.25,4.733333333333333,14.166666666666666,11.4,34.699999999999996,6.9,,,,,,,,,,73.75,3.075,,0.0,0.0,298.25,756.0,
2023-12-13 13:00:00,48.0,106.25,3.4,11.5,8.875,35.4,2.725,,,,,,,,,,74.25,3.5,,0.0,0.0,265.25,756.0,
2023-12-13 14:00:00,44.75,100.0,4.3,9.15,8.375,34.625,3.925,,,,,,,,,,73.5,3.65,,0.0,0.0,244.25,756.0,
2023-12-13 15:00:00,45.75,91.25,3.45,11.85,9.1,33.775,4.275,,,,,,,,,,73.75,3.575,,0.0,0.0,219.75,755.0,
2023-12-13 16:00:00,50.5,105.0,3.975,14.175,10.75,32.525,4.3,,,,,,,,,,75.0,2.725,,0.0,0.0,119.75,742.5,
2023-12-13 17:00:00,50.75,119.5,3.425,16.075,11.35,31.35,3.85,,,,,,,,,,76.5,2.8,,0.0,0.0,62.0,721.5,
2023-12-13 18:00:00,58.0,127.25,3.625,19.575,13.399999999999999,29.7,1.0333333333333334,,,,,,,,,,77.0,2.475,,0.0,0.0,51.0,719.75,
2023-12-13 19:00:00,63.25,128.0,3.275,20.975,13.775,28.325,0.3,,,,,,,,,,78.0,2.475,,0.0,0.0,51.0,719.75,
2023-12-13 20:00:00,59.0,,2.5999999999999996,20.95,13.25,28.8,0.25,,,,,,,,,,77.75,2.225,,0.0,0.0,51.0,719.5,
2023-12-13 21:00:00,52.75,,3.775,20.525,14.0,28.325,0.6,,,,,,,,,,78.75,1.8250000000000002,,0.0,0.0,51.0,719.5,
2023-12-13 22:00:00,51.5,,3.5,21.55,14.3,27.05,,,,,,,,,,,79.75,1.85,,0.0,0.0,51.0,719.25,
2023-12-13 23:00:00,49.5,,3.2,14.2,10.125,29.85,,,,,,,,,,,79.5,1.875,,0.0,0.0,51.0,719.5,
2023-12-14 00:00:00,46.0,,3.1,9.95,7.800000000000001,30.5,,,,,,,,,,,80.5,1.525,,0.0,0.0,51.0,719.25,
2023-12-14 01:00:00,42.0,,4.075,13.75,10.625,29.424999999999997,,,,,,,,,,,83.25,1.05,,0.0,0.0,51.0,719.5,
2023-12-14 02:00:00,47.5,,3.175,15.225,10.65,31.7,5.85,,,,,,,,,,84.75,1.05,,0.0,0.0,51.0,719.0,
2023-12-14 03:00:00,47.0,,3.55,22.375,14.775,29.325,5.175,,,,,,,,,,87.0,1.025,,0.0,0.0,51.0,719.0,
2023-12-14 04:00:00,52.25,,3.625,22.2,14.75,29.549999999999997,3.875,,,,,,,,,,88.5,0.9750000000000001,,0.0,0.0,51.0,719.0,
2023-12-14 05:00:00,58.25,,3.2,22.075,14.325,30.975,1.6,,,,,,,,,,89.25,1.45,,0.0,0.0,51.0,719.0,
2023-12-14 06:00:00,60.0,,4.15,27.7,18.1,24.725,0.425,,,,,,,,,,91.0,1.475,,0.0,0.0,58.0,719.0,
2023-12-14 07:00:00,75.75,,7.125,35.15,24.5,20.65,0.1,,,,,,,,,,89.5,1.65,,0.0,0.0,110.75,720.25,
2023-12-14 08:00:00,89.75,,5.825,32.75,22.175,23.325,5.325,,,,,,,,,,82.75,2.1500000000000004,,0.0,0.0,233.5,749.25,
2023-12-14 09:00:00,76.75,124.0,5.225,16.1,12.8,32.975,3.6,,,,,,,,,,72.5,3.225,,0.0,0.0,382.25,756.0,
2023-12-14 10:00:00,27.0,132.0,4.725,23.4,16.3,29.65,27.46666666666667,,,,,,,,,,69.25,3.275,,0.0,0.0,450.5,756.5,
2023-12-14 11:00:00,69.5,155.5,6.633333333333333,27.333333333333332,19.933333333333334,27.833333333333332,53.5,,,,,,,,,,67.0,3.425,,0.0,0.0,436.75,757.0,
2023-12-14 12:00:00,70.0,152.0,6.033333333333334,22.166666666666668,16.7,31.066666666666666,37.925,,,,,,,,,,69.0,3.175,,0.0,0.0,355.75,756.5,
2023-12-14 13:00:00,67.0,144.25,4.525,23.575,16.225,30.0,37.925,,,,,,,,,,69.75,3.4,,0.0,0.0,344.0,757.0,
2023-12-14 14:00:00,65.5,140.0,5.275,26.65,18.475,31.775,48.95,,,,,,,,,,72.75,3.225,,0.0,0.0,165.25,754.75,
2023-12-14 15:00:00,61.75,143.0,3.55,26.825,17.175,31.1,37.0,,,,,,,,,,76.0,2.6,,0.0,0.0,71.25,737.75,
2023-12-14 16:00:00,66.75,143.0,3.775,23.0,15.3,31.625,23.575,,,,,,,,,,76.0,2.9,,0.0,0.0,83.0,732.75,
2023-12-14 17:00:00,74.5,149.0,3.95,26.025,17.049999999999997,30.475,24.025,,,,,,,,,,77.75,2.4,,0.0,0.0,60.0,723.25,
2023-12-14 18:00:00,71.75,163.25,3.4499999999999997,24.825,16.05,28.3,28.2,,,,,,,,,,79.0,2.125,,0.0,0.0,51.0,720.25,
2023-12-14 19:00:00,68.75,155.75,3.75,26.0,16.9,25.35,17.15,,,,,,,,,,80.5,1.925,,0.0,0.0,51.0,719.75,
2023-12-14 20:00:00,72.25,163.5,3.75,22.25,14.9,26.525,18.1,,,,,,,,,,81.25,2.0,,0.0,0.0,51.0,719.0,
2023-12-14 21:00:00,77.5,157.0,3.2,25.8,16.325,25.6,4.475,,,,,,,,,,83.0,1.75,,0.0,0.0,51.0,719.0,
2023-12-14 22:00:00,80.25,161.5,3.825,24.8,16.325,27.45,8.575,,,,,,,,,,83.5,1.55,,0.0,0.0,51.0,719.0,
2023-12-14 23:00:00,70.5,141.5,4.1000000000000005,17.175,12.475,30.65,14.725,,,,,,,,,,84.0,1.825,,0.0,0.0,51.0,719.0,
2023-12-15 00:00:00,57.75,117.5,3.9000000000000004,20.175,13.925,29.8,10.55,,,,,,,,,,85.5,1.825,,0.0,0.0,51.0,719.0,
2023-12-15 01:00:00,60.5,131.0,2.925,20.975,13.525,29.8,7.574999999999999,,,,,,,,,,87.5,1.875,,0.0,0.0,51.0,719.0,
2023-12-15 02:00:00,62.25,120.0,3.575,17.475,12.175,31.125,7.324999999999999,,,,,,,,,,88.0,1.75,,0.0,0.0,51.0,719.0,
2023-12-15 03:00:00,62.0,118.25,2.75,16.825000000000003,11.175,31.5,7.05,,,,,,,,,,88.75,1.8,,0.0,0.0,51.0,719.0,
2023-12-15 04:00:00,59.25,108.5,4.325,13.0,10.425,32.275,5.125,,,,,,,,,,90.5,1.775,,0.0,0.0,51.0,719.0,
2023-12-15 05:00:00,61.5,99.75,3.0,13.15,9.475,31.650000000000002,6.225,,,,,,,,,,91.0,1.925,,0.0,0.0,51.0,719.0,
2023-12-15 06:00:00,67.75,118.25,3.9,18.2,12.85,30.475,5.275,,,,,,,,,,91.0,1.675,,0.0,0.0,54.0,719.0,
2023-12-15 07:00:00,73.0,135.5,4.35,26.2,17.475,27.425,4.1,,,,,,,,,,90.5,1.8,,0.0,0.0,77.25,719.0,
2023-12-15 08:00:00,79.0,159.25,5.525,28.95,19.875,26.525,5.1,,,,,,,,,,89.25,1.875,,0.0,0.0,148.75,728.25,
2023-12-15 09:00:00,96.25,189.25,5.3,29.725,20.1,27.325,7.675,,,,,,,,,,89.25,2.15,,0.0,0.0,101.5,720.0,
2023-12-15 10:00:00,93.0,181.5,5.5,24.7,17.575,30.200000000000003,5.8,,,,,,,,,,90.25,2.875,,0.0,0.0,118.5,720.25,
2023-12-15 11:00:00,88.25,157.75,3.966666666666667,23.933333333333334,16.0,32.199999999999996,3.9,,,,,,,,,,94.5,2.4,,0.25,0.25,121.75,719.0,
2023-12-15 12:00:00,79.25,127.0,3.733333333333334,18.900000000000002,13.1,35.699999999999996,3.05,,,,,,,,,,95.5,2.55,,0.25,0.25,153.25,719.25,
2023-12-15 13:00:00,65.5,93.75,3.925,22.925,15.4,31.775000000000002,1.925,,,,,,,,,,98.0,1.525,,2.5,2.5,87.25,719.25,
2023-12-15 14:00:00,57.25,70.5,5.875,28.1,19.7,40.825,1.9000000000000001,,,,,,,,,,99.0,2.025,,4.5,4.5,64.75,720.0,
2023-12-15 15:00:00,57.25,65.0,4.425000000000001,30.45,19.775,50.875,0.9333333333333332,,,,,,,,,,,2.125,,1.5,1.5,53.0,720.0,
2023-12-15 16:00:00,64.0,89.5,4.15,35.175,22.075,45.5,4.475,,,,,,,,,,,1.75,,0.5,0.5,57.75,718.75,
2023-12-15 17:00:00,60.0,92.75,4.025,37.65,23.325,27.8,6.3,,,,,,,,,,98.0,1.725,,0.0,0.0,50.0,719.0,
2023-12-15 18:00:00,49.75,95.25,3.3,27.9,17.5,30.25,14.125,,,,,,,,,,94.75,1.85,,0.0,0.0,50.25,718.5,
2023-12-15 19:00:00,55.5,91.25,3.875,32.925,20.625,28.575,15.075,,,,,,,,,,94.75,1.9,,0.0,0.0,51.0,718.0,
2023-12-15 20:00:00,56.0,101.0,4.3,25.75,17.175,30.05,15.175,,,,,,,,,,93.25,1.9,,0.0,0.0,51.0,718.0,
2023-12-15 21:00:00,52.75,86.75,3.2,20.625,13.575,31.725,12.05,,,,,,,,,,93.5,2.125,,0.25,0.25,49.75,719.0,
2023-12-15 22:00:00,47.5,65.5,4.675,13.75,11.125,31.05,6.95,,,,,,,,,,96.0,2.25,,0.0,0.0,49.0,719.0,
2023-12-15 23:00:00,34.333333333333336,47.333333333333336,3.9,10.066666666666666,8.533333333333333,32.666666666666664,7.0,,,,,,,,,,95.66666666666667,2.1,,0.0,0.0,50.0,719.0,
2023-12-16 00:00:00,33.75,44.666666666666664,3.625,11.15,8.9,36.5,11.575,,,,,,,,,,95.75,1.7,,0.0,0.0,50.0,719.0,
2023-12-16 01:00:00,30.0,45.0,3.7,11.675,9.225,34.025,6.75,,,,,,,,,,96.0,1.575,,0.0,0.0,50.0,719.0,
2023-12-16 02:00:00,29.5,41.5,3.6999999999999997,10.8,8.75,33.625,2.45,,,,,,,,,,96.25,1.875,,0.0,0.0,50.0,719.0,
2023-12-16 03:00:00,27.0,38.5,3.475,11.15,8.75,34.1,2.525,,,,,,,,,,97.0,1.925,,0.5,0.5,49.25,719.5,
2023-12-16 04:00:00,27.0,38.25,4.15,12.2,9.9,46.875,3.9,,,,,,,,,,98.25,1.725,,0.0,0.0,46.0,720.25,
2023-12-16 05:00:00,36.0,51.0,4.0,14.775,11.1,54.8,3.25,,,,,,,,,,99.0,1.3,,0.0,0.0,46.0,720.0,
2023-12-16 06:00:00,44.0,60.0,3.425,20.3,13.6,63.275,4.800000000000001,,,,,,,,,,99.0,1.25,,0.0,0.0,48.75,720.0,
2023-12-16 07:00:00,46.75,63.5,4.824999999999999,28.424999999999997,19.05,62.15,4.275,,,,,,,,,,,1.15,,1.25,1.25,77.25,719.75,
2023-12-16 08:00:00,56.25,78.5,5.775,30.15,20.724999999999998,62.375,1.975,,,,,,,,,,98.0,1.7750000000000001,,0.0,0.0,139.0,723.0,
2023-12-16 09:00:00,57.0,90.75,7.075,24.3,18.675,64.625,1.4666666666666666,,,,,,,,,,92.5,2.35,,0.0,0.0,176.75,743.25,
2023-12-16 10:00:00,,,,,,,,,,,,,,,,,,,,,0.0,,,
2023-12-16 11:00:00,,,,,,,,,,,,,,,,,,,,,0.0,,,
2023-12-16 12:00:00,,,,,,,,,,,,,,,,,,,,,0.0,,,
2023-12-16 13:00:00,,,,,,,,,,,,,,,,,,,,,0.0,,,
2023-12-16 14:00:00,,,,,,,,,,,,,,,,,,,,,0.0,,,
2023-12-16 15:00:00,40.0,85.0,,8.033333333333333,5.3999999999999995,37.1,,,,,,,,,,,83.0,4.1,,0.0,0.0,188.0,756.0,
2023-12-16 16:00:00,39.75,84.25,,11.475,7.825,35.7,,,,,,,,,,,83.75,3.025,,0.0,0.0,121.75,746.25,
2023-12-16 17:00:00,39.0,81.0,,13.1,10.7,36.45,,,,,,,,,,,85.25,2.65,,0.0,0.0,59.0,724.5,
2023-12-16 18:00:00,40.5,81.25,,18.85,14.375,32.8,,,,,,,,,,,87.0,2.2,,0.0,0.0,51.0,719.0,
2023-12-16 19:00:00,43.333333333333336,91.0,,19.733333333333334,13.166666666666666,31.900000000000002,,,,,,,,,,,87.33333333333333,2.3333333333333335,,0.0,0.0,51.0,719.0,
2023-12-16 20:00:00,41.75,96.0,,17.775,11.425,31.825,,,,,,,,,,,87.25,2.175,,0.0,0.0,50.75,719.0,
2023-12-16 21:00:00,47.0,96.0,,15.366666666666667,9.666666666666666,32.46666666666667,,,,,,,,,,,87.66666666666667,2.3000000000000003,,0.0,0.0,51.0,719.0,
2023-12-16 22:00:00,45.25,98.25,,12.525,7.95,27.225,,,,,,,,,,,87.0,2.425,,0.0,0.0,50.75,719.0,
2023-12-16 23:00:00,43.5,87.75,,10.4,8.025,29.05,,,,,,,,,,,88.0,2.1,,0.0,0.0,50.5,719.0,
2023-12-17 00:00:00,43.75,78.5,,7.7,6.475,29.650000000000002,,,,,,,,,,,88.0,2.3,,0.0,0.0,50.75,719.0,
2023-12-17 01:00:00,40.75,69.25,,6.475,6.65,31.924999999999997,,,,,,,,,,,89.0,2.1,,0.0,0.0,50.75,719.0,
2023-12-17 02:00:00,41.75,65.75,,8.175,8.1,31.75,,,,,,,,,,,90.0,1.825,,0.0,0.0,50.75,719.0,
2023-12-17 03:00:00,37.0,71.0,,7.066666666666666,6.933333333333334,32.6,,,,,,,,,,,90.0,1.6333333333333335,,0.0,0.0,50.666666666666664,719.0,
2023-12-17 04:00:00,36.25,70.0,,8.325,7.5,31.7,,,,,,,,,,,90.5,1.8250000000000002,,0.0,0.0,50.75,719.0,
2023-12-17 05:00:00,40.0,65.25,,8.675,7.7250000000000005,31.725,,,,,,,,,,,90.0,2.0,,0.0,0.0,50.75,719.0,
2023-12-17 06:00:00,40.25,64.25,,11.4,8.525,29.1,,,,,,,,,,,90.0,1.825,,0.0,0.0,55.0,719.25,
2023-12-17 07:00:00,41.75,77.0,,12.625,9.25,29.924999999999997,,,,,,,,,,,88.25,2.475,,0.0,0.0,86.25,719.5,
2023-12-17 08:00:00,44.0,75.5,3.8,12.2,8.975,27.7,4.1,,,,,,,,,,85.25,2.7,,0.0,0.0,211.0,742.0,
2023-12-17 09:00:00,46.75,70.5,5.0,9.475,9.125,31.35,2.775,,,,,,,,,,82.5,3.35,,0.0,0.0,228.25,756.0,
2023-12-17 10:00:00,49.5,69.0,4.9,8.8,8.65,34.55,1.1333333333333333,,,,,,,,,,80.5,3.65,,0.0,0.0,345.5,756.0,
2023-12-17 11:00:00,32.5,68.25,3.466666666666667,9.0,7.633333333333333,34.4,0.9,,,,,,,,,,77.25,3.875,,0.0,0.0,400.0,756.0,
2023-12-17 12:00:00,29.75,64.75,3.733333333333333,11.166666666666666,8.966666666666667,33.96666666666667,2.5749999999999997,,,,,,,,,,74.25,3.8,,0.0,0.0,533.0,757.0,
2023-12-17 13:00:00,27.25,61.5,3.9499999999999997,8.5,7.7,31.65,3.15,,,,,,,,,,76.5,3.9,,0.0,0.0,268.0,756.75,
2023-12-17 14:00:00,30.5,63.0,2.5,9.975,7.35,30.1,1.6666666666666667,,,,,,,,,,78.0,3.5,,0.0,0.0,245.0,756.5,
2023-12-17 15:00:00,28.75,45.0,2.975,8.525,6.95,26.4,1.5333333333333332,,,,,,,,,,80.25,3.65,,0.0,0.0,192.5,752.5,
2023-12-17 16:00:00,28.75,45.0,2.85,9.475,7.375,26.75,1.9,,,,,,,,,,82.0,3.725,,0.0,0.0,119.0,746.0,
2023-12-17 17:00:00,32.25,,3.625,10.475,8.525,27.025,1.475,,,,,,,,,,81.5,3.4,,0.0,0.0,70.5,730.75,
2023-12-17 18:00:00,36.25,,4.125,12.825,10.175,28.425,2.95,,,,,,,,,,83.25,2.6,,0.0,0.0,50.0,720.25,
2023-12-17 19:00:00,38.0,,3.1,14.0,9.95,27.55,2.625,,,,,,,,,,83.0,2.65,,0.0,0.0,50.0,720.0,
2023-12-17 20:00:00,40.5,,2.45,15.575,10.25,27.075,4.75,,,,,,,,,,83.0,2.35,,0.0,0.0,50.0,720.0,
2023-12-17 21:00:00,39.0,,4.0,12.225,9.775,27.9,4.6499999999999995,,,,,,,,,,83.5,2.55,,0.0,0.0,50.0,720.0,
2023-12-17 22:00:00,40.75,,4.925,11.9,10.325,28.25,2.15,,,,,,,,,,84.75,2.625,,0.0,0.0,50.0,720.0,
2023-12-17 23:00:00,48.75,,2.95,7.5,6.4,29.975,3.225,,,,,,,,,,84.0,2.525,,0.0,0.0,50.0,720.0,
2023-12-18 00:00:00,55.0,,3.8000000000000003,6.933333333333334,6.766666666666667,29.333333333333332,2.8000000000000003,,,,,,,,,,85.0,2.1333333333333333,,0.0,0.0,50.0,720.0,
2023-12-18 01:00:00,48.25,,3.325,5.875,5.825,30.325,2.325,,,,,,,,,,85.25,1.875,,0.0,0.0,50.0,720.0,
2023-12-18 02:00:00,41.0,,3.225,6.875,6.3,30.275,1.0,,,,,,,,,,86.25,1.775,,0.0,0.0,50.0,720.0,
2023-12-18 03:00:00,44.0,,3.9,7.05,6.9,28.45,0.4,,,,,,,,,,87.0,1.7,,0.0,0.0,50.0,719.75,
2023-12-18 04:00:00,43.5,,3.4000000000000004,8.15,7.1,28.475,2.9,,,,,,,,,,86.75,1.75,,0.0,0.0,50.0,720.0,
2023-12-18 05:00:00,42.0,,2.5,9.725,7.2,28.25,3.25,,,,,,,,,,86.75,2.225,,0.0,0.0,50.0,720.0,
2023-12-18 06:00:00,43.0,,3.3,12.15,9.125,26.55,3.85,,,,,,,,,,85.75,2.475,,0.0,0.0,61.75,720.0,
2023-12-18 07:00:00,46.25,,3.325,13.975,10.175,28.875,4.2749999999999995,,,,,,,,,,81.25,2.85,,0.0,0.0,152.0,741.0,
2023-12-18 08:00:00,46.5,,3.075,11.525,8.675,29.225,3.825,,,,,,,,,,79.0,3.625,,0.0,0.0,261.75,754.0,
2023-12-18 09:00:00,47.25,,3.95,12.125,9.65,29.174999999999997,3.75,,,,,,,,,,76.0,3.75,,0.0,0.0,318.5,756.75,
2023-12-18 10:00:00,54.0,,5.65,12.3,11.125,29.8,2.4,,,,,,,,,,74.25,3.75,,0.0,0.0,296.5,757.0,
2023-12-18 11:00:00,53.25,,3.766666666666667,12.1,9.5,32.06666666666667,2.1,,,,,,,,,,73.25,3.875,,0.0,0.0,314.0,757.0,
2023-12-18 12:00:00,53.0,60.0,4.6000000000000005,11.966666666666667,10.1,33.233333333333334,5.075,,,,,,,,,,73.0,3.525,,0.0,0.0,353.75,756.25,
2023-12-18 13:00:00,56.666666666666664,75.0,3.533333333333333,11.266666666666666,8.866666666666667,33.199999999999996,2.8666666666666667,,,,,,,,,,73.0,3.8333333333333335,,0.0,0.0,294.0,756.0,
2023-12-18 14:00:00,50.25,104.25,3.225,10.675,8.3,32.05,3.975,,,,,,,,,,73.75,3.5,,0.0,0.0,270.0,756.0,
2023-12-18 15:00:00,50.0,101.33333333333333,2.6666666666666665,10.433333333333334,7.733333333333334,26.333333333333332,5.1,,,,,,,,,,75.0,3.3666666666666667,,0.0,0.0,166.33333333333334,754.0,
2023-12-18 16:00:00,58.666666666666664,104.66666666666667,4.0,13.233333333333334,10.333333333333334,26.599999999999998,2.733333333333333,,,,,,,,,,76.66666666666667,3.4,,0.0,0.0,104.0,735.3333333333334,
2023-12-18 17:00:00,58.25,113.25,3.9,14.35,10.8,23.8,3.025,,,,,,,,,,78.0,2.925,,0.0,0.0,61.5,720.5,
2023-12-18 18:00:00,65.25,113.25,3.525,17.0,11.9,23.45,5.55,,,,,,,,,,78.25,2.7,,0.0,0.0,50.0,720.0,
2023-12-18 19:00:00,63.0,120.25,3.625,19.425,13.3,26.75,5.15,,,,,,,,,,78.0,2.25,,0.0,0.0,50.0,719.75,
2023-12-18 20:00:00,56.0,120.75,3.175,18.85,12.625,25.875,1.5,,,,,,,,,,78.75,2.3499999999999996,,0.0,0.0,50.75,719.75,
2023-12-18 21:00:00,61.75,117.75,2.975,16.375,11.125,26.475,0.5666666666666667,,,,,,,,,,78.5,2.55,,0.0,0.0,50.5,719.5,
2023-12-18 22:00:00,61.0,110.75,3.675,15.425,11.175,26.375,0.75,,,,,,,,,,79.25,2.225,,0.0,0.0,50.75,720.0,
2023-12-18 23:00:00,60.75,108.0,2.625,12.225,8.625,26.475,0.325,,,,,,,,,,80.75,2.1,,0.0,0.0,50.25,719.75,
2023-12-19 00:00:00,59.0,101.25,3.5250000000000004,9.975,8.2,26.775,1.275,,,,,,,,,,81.5,2.0,,0.0,0.0,50.0,720.0,
2023-12-19 01:00:00,52.333333333333336,95.66666666666667,3.766666666666667,8.6,7.6000000000000005,26.900000000000002,0.7666666666666666,,,,,,,,,,82.0,2.1666666666666665,,0.0,0.0,50.0,720.0,
2023-12-19 02:00:00,47.75,89.25,3.45,6.875,6.425,26.625,1.65,,,,,,,,,,82.25,1.975,,0.0,0.0,50.0,720.0,
2023-12-19 03:00:00,55.0,89.0,4.35,9.075,8.35,25.549999999999997,1.475,,,,,,,,,,82.5,1.6500000000000001,,0.0,0.0,50.0,720.0,
2023-12-19 04:00:00,54.75,91.75,2.725,11.425,8.3,26.0,4.7,,,,,,,,,,84.25,1.95,,0.0,0.0,50.0,719.25,
2023-12-19 05:00:00,64.5,110.0,3.825,11.85,9.425,26.6,4.525,,,,,,,,,,85.5,2.0,,0.0,0.0,50.0,719.5,
2023-12-19 06:00:00,71.75,113.0,3.825,18.55,12.975000000000001,24.4,5.8,,,,,,,,,,87.0,1.825,,0.0,0.0,52.25,719.5,
2023-12-19 07:00:00,79.75,159.0,2.75,24.4,15.225000000000001,23.025,5.45,,,,,,,,,,85.75,1.9249999999999998,,0.0,0.0,108.5,723.75,
2023-12-19 08:00:00,80.0,161.75,3.5250000000000004,21.4,14.275,23.525,14.275,,,,,,,,,,76.25,2.55,,0.0,0.0,280.75,754.25,
2023-12-19 09:00:00,82.0,171.0,4.75,21.425,15.275,26.4,33.35,,,,,,,,,,71.0,3.65,,0.0,0.0,346.0,756.0,
2023-12-19 10:00:00,77.75,164.75,3.875,16.5,11.95,28.175,20.666666666666668,,,,,,,,,,71.5,3.65,,0.0,0.0,424.25,756.25,
2023-12-19 11:00:00,73.0,135.75,3.633333333333333,11.933333333333332,9.299999999999999,27.733333333333334,5.566666666666666,,,,,,,,,,68.25,3.825,,0.0,0.0,494.5,757.0,
2023-12-19 12:00:00,67.25,131.75,4.1000000000000005,14.833333333333334,11.200000000000001,33.53333333333333,6.975,,,,,,,,,,66.25,4.4,,0.0,0.0,474.5,756.75,
2023-12-19 13:00:00,59.0,131.0,3.8666666666666667,12.666666666666666,9.9,32.93333333333334,6.833333333333333,,,,,,,,,,66.66666666666667,4.266666666666667,,0.0,0.0,476.6666666666667,756.6666666666666,
2023-12-19 14:00:00,58.5,108.5,5.1,11.05,10.05,33.575,6.85,,,,,,,,,,68.5,4.225,,0.0,0.0,369.75,756.75,
2023-12-19 15:00:00,56.25,106.75,3.45,12.6,9.5,34.0,7.05,,,,,,,,,,69.75,3.475,,0.0,0.0,252.5,757.0,
2023-12-19 16:00:00,51.75,106.75,4.3,20.175,14.25,26.725,20.55,,,,,,,,,,71.25,3.05,,0.0,0.0,162.5,755.5,
2023-12-19 17:00:00,45.0,105.75,4.125,18.825,13.375,24.525,17.325,,,,,,,,,,76.25,3.225,,0.0,0.0,66.0,728.25,
2023-12-19 18:00:00,45.75,97.5,3.5999999999999996,17.85,12.425,25.575,6.1,,,,,,,,,,79.75,2.875,,0.0,0.0,50.75,720.0,
2023-12-19 19:00:00,47.25,103.0,3.5,24.3,15.8,21.6,5.0,,,,,,,,,,81.5,2.375,,0.0,0.0,50.75,720.0,
2023-12-19 20:00:00,45.25,106.0,3.5,26.35,16.85,23.05,5.975,,,,,,,,,,82.25,2.375,,0.0,0.0,50.75,720.0,
2023-12-19 21:00:00,43.75,100.75,3.15,17.45,11.825,28.725,6.775,,,,,,,,,,81.0,2.45,,0.0,0.0,50.5,719.5,
2023-12-19 22:00:00,41.25,86.75,3.4,13.125,9.75,29.0,7.4,,,,,,,,,,79.25,2.5,,0.0,0.0,50.75,719.25,
2023-12-19 23:00:00,52.0,88.25,3.55,13.425,10.05,29.825,18.625,,,,,,,,,,80.5,1.7,,0.0,0.0,50.75,719.25,
2023-12-20 00:00:00,46.75,80.0,2.3499999999999996,12.675,8.675,28.475,14.5,,,,,,,,,,82.5,1.525,,0.0,0.0,50.75,719.75,
2023-12-20 01:00:00,50.5,92.25,3.05,13.475,9.675,26.875,11.475000000000001,,,,,,,,,,82.75,2.35,,0.0,0.0,50.75,719.25,
2023-12-20 02:00:00,57.0,102.0,4.466666666666667,11.033333333333333,9.5,29.233333333333334,6.3999999999999995,,,,,,,,,,84.33333333333333,2.466666666666667,,0.0,0.0,50.666666666666664,719.6666666666666,
2023-12-20 03:00:00,61.75,91.0,4.375,8.95,8.3,29.3,4.35,,,,,,,,,,86.0,2.175,,0.0,0.0,50.75,719.5,
2023-12-20 04:00:00,64.5,95.25,4.175,10.8,9.125,34.8,2.9,,,,,,,,,,86.25,2.15,,0.0,0.0,50.75,719.0,
2023-12-20 05:00:00,66.5,111.5,3.225,11.775,8.925,31.674999999999997,3.675,,,,,,,,,,85.5,2.05,,0.0,0.0,50.75,719.25,
2023-12-20 06:00:00,68.75,125.5,3.55,17.5,12.2,29.4,2.0,,,,,,,,,,88.25,2.175,,0.0,0.0,55.25,719.25,
2023-12-20 07:00:00,74.5,142.75,3.075,21.175,13.75,28.875,2.075,,,,,,,,,,91.0,2.4000000000000004,,0.0,0.0,109.75,719.25,
2023-12-20 08:00:00,75.5,165.75,4.425,20.225,14.35,29.275,2.9,,,,,,,,,,87.75,2.7,,0.0,0.0,179.5,735.0,
2023-12-20 09:00:00,47.0,172.0,3.95,18.525,13.075,31.225,4.5,,,,,,,,,,84.0,2.6,,0.0,0.0,214.0,737.5,
2023-12-20 10:00:00,,161.25,4.15,18.075000000000003,12.95,31.05,7.933333333333334,,,,,,,,,,78.0,3.275,,0.0,0.0,224.5,755.0,
2023-12-20 11:00:00,,150.5,3.766666666666667,31.7,19.933333333333334,24.666666666666668,40.666666666666664,,,,,,,,,,77.25,2.9,,0.0,0.0,214.0,754.5,
2023-12-20 12:00:00,,161.0,7.7,35.699999999999996,25.266666666666666,25.433333333333334,53.75,,,,,,,,,,72.75,3.35,,0.0,0.0,391.0,756.0,
2023-12-20 13:00:00,68.0,,5.7,29.175,20.125,29.425,50.675,,,,,,,,,,70.5,3.075,,0.0,0.0,348.5,756.5,
2023-12-20 14:00:00,65.75,130.0,4.375,23.2,15.925,32.0,21.775,,,,,,,,,,73.75,3.075,,0.0,0.0,203.0,756.25,
2023-12-20 15:00:00,58.0,131.25,3.425,17.15,11.925,34.125,8.1,,,,,,,,,,73.5,3.05,,0.0,0.0,171.5,756.25,
2023-12-20 16:00:00,59.0,137.75,4.0,17.05,12.325,32.125,4.475,,,,,,,,,,75.25,2.725,,0.0,0.0,95.5,748.5,
2023-12-20 17:00:00,73.25,148.75,2.95,22.375,14.325,26.575,13.6,,,,,,,,,,78.5,2.775,,0.0,0.0,57.25,729.5,
2023-12-20 18:00:00,79.0,157.0,4.125,20.975,14.5,28.275,7.625,,,,,,,,,,80.5,2.85,,0.0,0.0,50.0,721.5,
2023-12-20 19:00:00,78.0,153.0,3.3333333333333335,24.7,15.866666666666667,27.2,6.2,,,,,,,,,,81.33333333333333,2.1333333333333333,,0.0,0.0,50.0,720.6666666666666,
2023-12-20 20:00:00,83.0,154.0,3.825,26.775,17.35,28.375,9.125,,,,,,,,,,83.0,1.95,,0.0,0.0,50.0,720.0,
2023-12-20 21:00:00,84.0,156.75,3.5749999999999997,23.7,15.525,30.975,10.825,,,,,,,,,,84.5,2.3,,0.0,0.0,50.75,719.5,
2023-12-20 22:00:00,81.33333333333333,163.0,3.266666666666667,28.333333333333332,17.733333333333334,28.833333333333332,6.1000000000000005,,,,,,,,,,87.33333333333333,1.3666666666666665,,0.0,0.0,50.666666666666664,719.3333333333334,
2023-12-20 23:00:00,86.75,173.5,3.5,25.525,16.375,29.55,6.825,,,,,,,,,,88.0,1.625,,0.0,0.0,51.0,719.0,
2023-12-21 00:00:00,83.0,161.75,3.275,21.85,14.275,30.875,5.300000000000001,,,,,,,,,,88.5,1.7,,0.0,0.0,51.0,719.0,
2023-12-21 01:00:00,84.5,152.25,3.266666666666667,15.325,10.024999999999999,29.625,5.05,,,,,,,,,,88.25,1.5,,0.0,0.0,50.75,719.0,
2023-12-21 02:00:00,82.25,127.5,3.2249999999999996,10.3,8.125,31.375,4.025,,,,,,,,,,87.0,1.975,,0.0,0.0,50.75,719.0,
2023-12-21 03:00:00,63.75,103.25,3.6750000000000003,8.0,7.2,31.0,2.25,,,,,,,,,,86.5,2.15,,0.0,0.0,50.75,719.0,
2023-12-21 04:00:00,68.25,100.5,3.575,10.625,8.55,29.6,3.75,,,,,,,,,,87.25,1.825,,0.0,0.0,50.75,719.0,
2023-12-21 05:00:00,66.0,118.0,2.6666666666666665,16.5,10.966666666666667,29.333333333333332,5.2,,,,,,,,,,89.66666666666667,2.1,,0.0,0.0,50.666666666666664,719.0,
2023-12-21 06:00:00,98.0,145.5,3.3,18.275,12.4,29.375,3.175,,,,,,,,,,92.0,1.85,,0.0,0.0,53.25,719.0,
2023-12-21 07:00:00,96.0,167.0,4.3,23.075,15.725,28.0,2.875,,,,,,,,,,91.0,1.725,,0.0,0.0,75.75,719.0,
2023-12-21 08:00:00,94.25,169.5,4.7,26.425,17.85,27.15,5.449999999999999,,,,,,,,,,89.0,2.175,,0.0,0.0,115.25,723.5,
2023-12-21 09:00:00,104.0,186.25,4.7,26.475,17.925,28.4,8.475,,,,,,,,,,85.25,2.075,,0.0,0.0,90.75,722.5,
2023-12-21 10:00:00,94.75,184.25,4.0,26.975,17.6,28.775,12.700000000000001,,,,,,,,,,81.25,2.05,,0.0,0.0,113.0,728.75,
2023-12-21 11:00:00,93.5,176.25,3.1333333333333333,22.433333333333337,14.533333333333331,30.7,10.4,,,,,,,,,,79.5,2.625,,0.0,0.0,145.0,738.5,
2023-12-21 12:00:00,94.0,178.25,3.2,20.166666666666668,12.1,32.333333333333336,8.6,,,,,,,,,,78.0,2.325,,0.0,0.0,154.75,746.75,
2023-12-21 13:00:00,100.75,183.5,5.65,23.975,17.35,31.75,23.25,,,,,,,,,,76.66666666666667,2.9333333333333336,,0.0,0.0,379.6666666666667,755.3333333333334,
2023-12-21 14:00:00,101.5,185.5,3.175,18.925,12.65,35.675,23.225,,,,,,,,,,75.5,3.5,,0.0,0.0,327.75,756.25,
2023-12-21 15:00:00,96.75,178.25,4.475,15.700000000000001,12.0,36.6,8.15,,,,,,,,,,75.25,2.9,,0.0,0.0,260.5,756.25,
2023-12-21 16:00:00,94.75,178.0,2.9,17.975,11.925,36.275,8.225,,,,,,,,,,76.5,2.95,,0.0,0.0,130.0,746.75,
2023-12-21 17:00:00,91.75,176.25,2.525,25.35,15.525,31.35,25.725,,,,,,,,,,79.5,2.3,,0.0,0.0,64.75,721.5,
2023-12-21 18:00:00,96.25,181.75,2.5999999999999996,30.15,18.174999999999997,27.625,17.275,,,,,,,,,,81.75,1.625,,0.0,0.0,50.75,719.75,
2023-12-21 19:00:00,104.0,193.5,2.15,32.925,19.25,26.225,10.35,,,,,,,,,,82.75,1.7000000000000002,,0.0,0.0,50.75,720.0,
2023-12-21 20:00:00,108.5,217.5,3.125,41.724999999999994,24.75,22.55,10.15,,,,,,,,,,84.0,1.375,,0.0,0.0,51.0,719.0,
2023-12-21 21:00:00,111.0,231.0,3.4,47.4,27.975,20.975,10.65,,,,,,,,,,85.5,1.225,,0.0,0.0,51.0,719.0,
2023-12-21 22:00:00,105.5,203.0,3.25,44.075,26.1,22.775,12.5,,,,,,,,,,86.5,1.125,,0.0,0.0,51.0,719.0,
2023-12-21 23:00:00,106.75,198.5,4.45,38.575,24.125,24.35,11.725,,,,,,,,,,87.5,1.075,,0.0,0.0,51.0,719.0,
2023-12-22 00:00:00,102.0,182.25,4.45,31.3,20.275,25.875,12.475,,,,,,,,,,88.25,0.975,,0.0,0.0,51.0,719.0,
2023-12-22 01:00:00,89.5,173.25,3.0,30.375,18.575,25.65,11.725000000000001,,,,,,,,,,89.0,1.0,,0.0,0.0,51.0,719.0,
2023-12-22 02:00:00,89.0,167.0,3.575,28.65,18.175,26.325,10.4,,,,,,,,,,90.0,1.0,,0.0,0.0,51.0,719.0,
2023-12-22 03:00:00,91.5,159.75,4.025,28.150000000000002,18.2,26.5,8.825,,,,,,,,,,91.0,1.275,,0.0,0.0,51.0,719.0,
2023-12-22 04:00:00,89.5,175.75,2.975,26.275,16.4,27.3,6.375,,,,,,,,,,91.5,1.4,,0.0,0.0,51.0,719.0,
2023-12-22 05:00:00,87.75,173.5,4.1,21.425,14.725,30.975,4.725,,,,,,,,,,92.25,1.525,,0.0,0.0,51.0,719.0,
2023-12-22 06:00:00,93.0,166.5,3.775,30.525,19.325,27.475,5.25,,,,,,,,,,93.5,1.45,12.0,0.0,0.0,54.75,719.0,
2023-12-22 07:00:00,117.0,221.5,4.625,33.35,21.525,25.15,9.9,,,,,,,,,,92.5,1.975,,0.0,0.0,103.75,719.0,
2023-12-22 08:00:00,135.0,247.0,3.633333333333333,31.400000000000002,19.666666666666668,27.266666666666666,8.200000000000001,,,,,,,,,,88.0,2.433333333333333,,0.0,0.0,214.66666666666666,738.3333333333334,
2023-12-22 09:00:00,120.0,230.0,4.075,19.075,13.45,34.175,5.35,,,,,,,,,,80.25,3.075,,0.0,0.0,341.25,756.0,
2023-12-22 10:00:00,93.66666666666667,169.0,2.9250000000000003,12.975,9.275,34.775,5.3,,,,,,,,,,76.25,3.6,,0.0,0.0,361.25,756.0,
2023-12-22 11:00:00,84.33333333333333,154.75,3.8333333333333335,10.433333333333334,8.666666666666666,34.06666666666667,5.533333333333334,,,,,,,,,,73.5,3.375,,0.0,0.0,420.5,756.5,
2023-12-22 12:00:00,85.0,147.5,3.9000000000000004,10.1,8.566666666666668,35.0,4.275,,,,,,,,,,71.0,3.225,,0.0,0.0,439.5,757.0,
2023-12-22 13:00:00,80.66666666666667,143.75,2.6,11.4,8.2,36.25,4.075,,,,,,,,,,68.25,3.35,,0.0,0.0,373.5,756.75,
2023-12-22 14:00:00,78.66666666666667,136.5,4.75,13.3,10.9,40.3,2.675,,,,,,,,,,68.75,3.1,,0.25,0.25,319.5,756.5,
2023-12-22 15:00:00,76.0,137.66666666666666,3.866666666666667,12.066666666666668,9.566666666666668,38.86666666666667,3.3000000000000003,,,,,,,,,,68.66666666666667,2.9333333333333336,,0.3333333333333333,0.25,273.6666666666667,756.6666666666666,
2023-12-22 16:00:00,73.66666666666667,145.0,4.15,15.55,11.625,36.525,4.35,,,,,,,,,,69.75,2.4,,1.25,1.25,154.25,745.75,
2023-12-22 17:00:00,69.0,151.0,3.633333333333333,19.2,13.166666666666666,34.93333333333334,5.666666666666667,,,,,,,,,,71.66666666666667,2.1999999999999997,,0.0,0.0,70.33333333333333,720.3333333333334,
2023-12-22 18:00:00,71.0,153.75,1.725,28.325000000000003,16.5,30.025,6.3,,,,,,,,,,74.5,1.95,,0.0,0.0,51.0,719.5,
2023-12-22 19:00:00,81.0,178.75,3.45,41.15,24.725,23.125,8.15,,,,,,,,,,77.25,1.55,,0.0,0.0,51.0,719.25,
2023-12-22 20:00:00,91.0,196.5,3.375,48.2,28.375,20.475,5.875,,,,,,,,,,78.5,1.2999999999999998,,0.0,0.0,51.0,719.25,
2023-12-22 21:00:00,85.66666666666667,177.5,3.325,45.0,26.65,21.325,4.125,,,,,,,,,,80.0,1.25,,0.25,0.25,51.0,719.25,
2023-12-22 22:00:00,81.66666666666667,166.75,4.825,41.425,26.0,27.900000000000002,2.725,,,,,,,,,,80.75,1.325,,0.0,0.0,50.75,719.0,
2023-12-22 23:00:00,79.0,157.0,3.4749999999999996,42.45,25.4,25.45,3.6,,,,,,,,,,82.75,0.95,,0.0,0.0,51.0,719.0,
2023-12-23 00:00:00,75.33333333333333,157.0,3.9,31.325000000000003,19.825,27.45,4.35,,,,,,,,,,83.75,1.175,,0.25,0.25,51.0,719.0,
2023-12-23 01:00:00,65.5,150.25,3.1999999999999997,26.9,16.95,28.55,3.575,,,,,,,,,,82.25,1.375,,0.25,0.25,51.0,719.0,
2023-12-23 02:00:00,59.0,122.75,3.35,23.2,15.075000000000001,29.225,4.75,,,,,,,,,,82.5,1.075,,0.0,0.0,51.0,719.0,
2023-12-23 03:00:00,62.75,103.75,2.9,22.75,14.45,30.875,7.05,,,,,,,,,,82.0,1.2000000000000002,,0.0,0.0,51.0,719.25,
2023-12-23 04:00:00,65.5,115.75,3.425,25.75,16.4,28.474999999999998,5.85,,,,,,,,,,84.5,1.225,,0.0,0.0,51.0,719.0,
2023-12-23 05:00:00,71.25,136.5,2.625,24.75,15.299999999999999,28.950000000000003,6.975,,,,,,,,,,87.25,1.225,,0.0,0.0,51.0,719.0,
2023-12-23 06:00:00,83.25,165.75,7.075,36.974999999999994,25.4,25.9,10.025,,,,,,,,,,87.75,0.925,,0.0,0.0,57.5,719.0,
2023-12-23 07:00:00,83.0,170.75,9.225,47.45,32.75,18.05,12.825,,,,,,,,,,84.25,1.125,,0.0,0.0,131.25,720.25,
2023-12-23 08:00:00,85.5,177.0,4.8,31.35,20.575,26.0,14.95,,,,,,,,,,77.25,1.125,,0.0,0.0,245.5,754.25,
2023-12-23 09:00:00,77.33333333333333,173.66666666666666,3.9333333333333336,24.133333333333336,16.033333333333335,28.2,22.633333333333336,,,,,,,,,,70.0,1.5999999999999999,,0.0,0.0,394.6666666666667,756.3333333333334,
2023-12-23 10:00:00,76.25,162.0,4.55,12.05,10.1,31.775000000000002,8.200000000000001,,,,,,,,,,64.25,2.575,,0.0,0.0,478.75,757.0,
2023-12-23 11:00:00,58.5,110.75,3.3666666666666667,11.200000000000001,8.700000000000001,30.8,7.3,,,,,,,,,,64.25,2.6,,0.25,0.25,517.0,757.0,
2023-12-23 12:00:00,56.5,109.0,3.0,11.166666666666666,8.4,34.1,3.85,,,,,,,,,,66.5,2.85,,0.0,0.0,317.25,756.75,
2023-12-23 13:00:00,56.75,111.75,2.525,14.100000000000001,9.55,31.1,4.325,,,,,,,,,,68.0,2.325,,0.0,0.0,264.0,756.25,
2023-12-23 14:00:00,67.25,142.75,3.775,27.55,17.75,25.875,39.25,,,,,,,,,,69.5,2.55,,0.0,0.0,199.25,754.25,
2023-12-23 15:00:00,83.33333333333333,195.33333333333334,4.8,26.133333333333336,17.766666666666666,26.166666666666668,38.13333333333333,,,,,,,,,,70.0,2.433333333333333,,0.0,0.0,228.33333333333334,755.3333333333334,
2023-12-23 16:00:00,80.0,192.5,4.75,21.85,15.475,29.325,26.15,,,,,,,,,,70.75,2.65,,0.0,0.0,169.75,750.75,
2023-12-23 17:00:00,68.25,121.25,2.9,17.925,11.875,32.0,6.325,,,,,,,,,,75.5,2.7,,0.0,0.0,65.75,720.0,
2023-12-23 18:00:00,70.75,138.5,3.3499999999999996,24.75,15.925,29.475,3.55,,,,,,,,,,80.5,1.875,,0.0,0.0,51.0,719.5,
2023-12-23 19:00:00,79.5,156.0,2.825,39.55,23.35,22.575000000000003,5.575,,,,,,,,,,82.0,1.3499999999999999,,0.0,0.0,51.0,719.0,
2023-12-23 20:00:00,89.5,195.5,3.4,52.475,30.675,17.775,9.325,,,,,,,,,,82.0,1.325,,0.0,0.0,51.0,719.5,
2023-12-23 21:00:00,92.25,203.25,4.3999999999999995,55.225,32.975,15.925,8.275,,,,,,,,,,83.0,1.475,,0.0,0.0,50.75,719.0,
2023-12-23 22:00:00,96.5,205.75,4.95,45.275,28.1,20.4,6.15,,,,,,,,,,84.75,1.475,,0.0,0.0,51.0,719.0,
2023-12-23 23:00:00,69.5,151.25,4.025,35.45,22.1,25.7,4.475,,,,,,,,,,87.0,1.975,,0.25,0.25,51.0,719.0,
2023-12-24 00:00:00,67.25,133.5,3.1,23.875,15.225,28.975,6.725,,,,,,,,,,90.25,2.025,,0.25,0.25,51.0,719.0,
2023-12-24 01:00:00,75.0,133.75,3.25,23.075,14.95,28.625,8.375,,,,,,,,,,89.5,1.975,,0.0,0.0,51.0,719.0,
2023-12-24 02:00:00,77.75,137.25,2.95,21.75,14.0,29.075000000000003,5.225,,,,,,,,,,89.0,1.5,,0.0,0.0,51.0,719.0,
2023-12-24 03:00:00,73.75,130.25,2.65,18.25,11.875,31.299999999999997,4.45,,,,,,,,,,89.0,2.25,,0.0,0.0,51.0,719.0,
2023-12-24 04:00:00,76.0,140.5,2.925,18.05,12.0,31.65,6.5,,,,,,,,,,88.0,2.1999999999999997,,0.0,0.0,51.0,719.0,
2023-12-24 05:00:00,109.25,187.5,2.3,16.1,10.4,31.45,10.975,,,,,,,,,,87.5,2.2,,0.0,0.0,51.0,719.0,
2023-12-24 06:00:00,97.5,178.0,3.9749999999999996,17.1,12.325,32.225,7.35,,,,,,,,,,88.0,2.725,,0.0,0.0,56.25,719.0,
2023-12-24 07:00:00,82.33333333333333,137.0,4.366666666666666,15.733333333333334,11.933333333333332,34.1,4.933333333333334,,,,,,,,,,86.66666666666667,3.4333333333333336,,0.0,0.0,122.66666666666667,719.0,
2023-12-24 08:00:00,75.25,130.0,3.475,15.725000000000001,11.2,32.85,5.225,,,,,,,,,,84.25,3.3,,0.0,0.0,240.5,748.75,
2023-12-24 09:00:00,78.5,147.25,3.8333333333333335,12.1,8.7,33.875,4.175,,,,,,,,,,81.5,3.525,,0.0,0.0,361.5,756.0,
2023-12-24 10:00:00,66.75,117.25,4.125,9.35,8.3,35.25,3.3333333333333335,,,,,,,,,,79.0,3.5749999999999997,,0.0,0.0,307.5,755.5,
2023-12-24 11:00:00,63.0,116.25,3.233333333333333,10.0,8.0,37.03333333333333,2.9333333333333336,,,,,,,,,,81.0,3.425,,0.0,0.0,122.25,732.75,
2023-12-24 12:00:00,62.333333333333336,117.66666666666667,4.35,12.7,10.3,35.0,4.0,,,,,,,,,,80.66666666666667,3.1333333333333333,,0.0,0.0,129.33333333333334,730.6666666666666,
2023-12-24 13:00:00,59.75,112.5,3.7,10.85,8.8,33.1,4.45,,,,,,,,,,80.75,3.1,,0.0,0.0,153.0,740.75,
2023-12-24 14:00:00,57.0,111.25,4.025,11.625,9.45,32.8,5.15,,,,,,,,,,80.25,3.15,,0.0,0.0,135.25,739.75,
2023-12-24 15:00:00,61.25,109.5,4.25,9.15,8.350000000000001,33.0,5.925,,,,,,,,,,81.5,3.425,,0.0,0.0,164.75,741.25,
2023-12-24 16:00:00,63.75,101.0,3.3,10.45,8.275,34.75,4.7,,,,,,,,,,83.0,3.075,,0.0,0.0,83.0,725.25,
2023-12-24 17:00:00,58.5,98.75,4.15,11.3,9.4,35.225,3.425,,,,,,,,,,84.25,2.675,,0.5,0.5,56.0,719.5,
2023-12-24 18:00:00,55.75,102.75,3.35,15.7,11.1,33.575,3.6,,,,,,,,,,85.75,2.45,,0.0,0.0,51.0,719.25,
2023-12-24 19:00:00,63.0,108.0,4.0,18.7,13.2,32.800000000000004,4.3,,,,,,,,,,86.75,2.3,,0.0,0.0,51.0,719.0,
2023-12-24 20:00:00,67.25,108.5,2.5,19.325,12.325,31.45,3.4,,,,,,,,,,88.5,2.075,,0.0,0.0,51.0,719.0,
2023-12-24 21:00:00,62.0,110.0,3.4250000000000003,19.6,13.225,30.0,4.675,,,,,,,,,,88.5,2.125,,0.5,0.5,51.0,719.0,
2023-12-24 22:00:00,61.75,106.25,4.1,15.475,11.575,31.450000000000003,4.7,,,,,,,,,,88.75,2.3,,0.0,0.0,51.0,719.0,
2023-12-24 23:00:00,59.666666666666664,96.0,2.1333333333333333,13.9,9.133333333333335,31.5,3.266666666666667,,,,,,,,,,89.66666666666667,2.1666666666666665,,0.3333333333333333,0.25,51.0,719.0,
2023-12-25 00:00:00,55.5,91.0,4.3,11.45,9.6,33.6,2.075,,,,,,,,,,90.0,2.275,,0.0,0.0,51.0,719.0,
2023-12-25 01:00:00,49.5,68.5,3.3,9.85,7.95,34.775,1.825,,,,,,,,,,91.5,2.325,,0.25,0.25,51.0,719.0,
2023-12-25 02:00:00,45.0,63.75,4.175,8.6,7.975,34.6,1.25,,,,,,,,,,92.75,2.475,,0.5,0.5,51.0,719.0,
2023-12-25 03:00:00,46.0,66.25,2.2,9.1,6.625,34.875,1.7000000000000002,,,,,,,,,,93.0,2.4499999999999997,,0.25,0.25,51.0,719.0,
2023-12-25 04:00:00,50.75,78.5,2.575,10.35,7.6,35.1,3.425,,,,,,,,,,93.75,2.05,,0.75,0.75,51.0,719.0,
2023-12-25 05:00:00,56.75,89.0,3.375,8.825,7.4,34.45,3.275,,,,,,,,,,94.5,2.55,,0.5,0.5,51.0,719.0,
2023-12-25 06:00:00,57.5,97.5,3.7,10.725,8.725,34.2,2.825,,,,,,,,,,95.0,2.35,,0.25,0.25,55.25,719.0,
2023-12-25 07:00:00,54.75,98.0,3.9,12.825,10.025,32.95,3.225,,,,,,,,,,94.75,2.125,,0.5,0.5,98.25,720.5,
2023-12-25 08:00:00,58.25,101.0,4.25,13.125,10.45,35.625,0.6,,,,,,,,,,92.25,2.725,,0.0,0.0,161.5,726.75,
2023-12-25 09:00:00,56.0,93.75,5.025,12.1,10.55,34.7,0.3,,,,,,,,,,90.75,2.625,,0.25,0.25,165.5,736.5,
2023-12-25 10:00:00,62.5,97.25,4.475,13.425,10.775,34.4,4.8,,,,,,,,,,87.25,3.1,,0.75,0.75,251.75,755.5,
2023-12-25 11:00:00,52.75,90.75,4.7,14.666666666666666,11.666666666666666,35.333333333333336,8.0,,,,,,,,,,85.0,3.15,,0.75,0.75,264.5,755.5,
2023-12-25 12:00:00,45.0,88.0,4.866666666666666,19.7,14.433333333333332,33.300000000000004,14.5,,,,,,,,,,82.5,3.025,,0.75,0.75,215.5,756.0,
2023-12-25 13:00:00,42.5,94.5,8.625,22.974999999999998,19.2,26.625,39.875,,,,,,,,,,77.75,2.95,,0.5,0.5,283.25,756.0,
2023-12-25 14:00:00,47.5,108.0,11.6,30.800000000000004,25.8,23.0,65.525,,,,,,,,,,78.5,2.925,,0.75,0.75,272.0,756.0,
2023-12-25 15:00:00,55.75,119.25,12.25,33.775,27.925,21.675,80.125,,,,,,,,,,78.5,2.95,,0.75,0.75,180.5,756.0,
2023-12-25 16:00:00,47.5,119.75,8.775,28.25,22.2,28.925,59.025,,,,,,,,,,81.25,2.5999999999999996,,0.75,0.75,119.5,750.25,
2023-12-25 17:00:00,40.75,91.25,4.15,18.5,13.225,35.275,14.725000000000001,,,,,,,,,,85.25,2.875,,1.0,1.0,65.0,726.0,
2023-12-25 18:00:00,35.5,66.75,4.525,22.025,15.4,33.05,9.925,,,,,,,,,,87.75,2.475,,1.25,1.25,51.0,719.0,
2023-12-25 19:00:00,39.5,81.0,3.875,24.25,16.05,31.325,8.05,,,,,,,,,,89.0,1.875,,1.0,1.0,51.0,719.0,
2023-12-25 20:00:00,40.5,88.0,3.575,26.35,16.925,29.200000000000003,8.375,,,,,,,,,,89.75,1.725,,0.0,0.0,51.0,719.0,
2023-12-25 21:00:00,45.75,82.5,3.025,20.2,13.175,26.85,9.875,,,,,,,,,,88.25,1.5,,0.75,0.75,50.75,719.0,
2023-12-25 22:00:00,37.25,66.5,3.75,18.575,12.95,27.95,13.475,,,,,,,,,,88.5,1.45,,0.25,0.25,51.0,719.0,
2023-12-25 23:00:00,33.25,66.75,3.25,18.3,12.375,28.05,5.025,,,,,,,,,,89.5,1.15,,0.25,0.25,50.75,719.0,
2023-12-26 00:00:00,38.666666666666664,67.33333333333333,3.4333333333333336,22.866666666666664,14.933333333333332,28.633333333333336,5.533333333333334,,,,,,,,,,91.66666666666667,1.3,,0.3333333333333333,0.25,50.666666666666664,719.0,
2023-12-26 01:00:00,38.75,74.5,4.35,21.0,14.7,30.45,3.275,,,,,,,,,,92.5,1.5,,0.75,0.75,50.75,719.0,
2023-12-26 02:00:00,30.75,68.25,4.275,16.675,12.350000000000001,30.7,7.475,,,,,,,,,,93.0,1.725,,0.25,0.25,51.0,719.0,
2023-12-26 03:00:00,39.75,69.0,4.25,16.8,12.4,30.4,10.575,,,,,,,,,,93.5,1.625,,0.5,0.5,51.0,719.0,
2023-12-26 04:00:00,51.25,90.75,4.05,17.099999999999998,12.424999999999999,30.0,10.275,,,,,,,,,,94.0,1.9500000000000002,,0.5,0.5,51.0,719.0,
2023-12-26 05:00:00,52.25,96.25,3.05,14.1,10.0,32.325,12.6,,,,,,,,,,93.0,1.775,,0.0,0.0,51.0,719.0,
2023-12-26 06:00:00,53.0,86.25,2.7,19.65,12.675,31.775,9.975,,,,,,,,,,93.0,1.725,12.0,0.0,0.0,58.5,719.0,
2023-12-26 07:00:00,56.0,114.5,5.25,24.7,17.4,27.075,20.025,,,,,,,,,,90.0,2.075,,0.0,0.0,144.5,727.25,
2023-12-26 08:00:00,70.0,143.75,5.225,26.65,18.425,25.925,30.450000000000003,,,,,,,,,,84.5,2.675,,0.0,0.0,276.5,755.5,
2023-12-26 09:00:00,78.25,158.0,5.6,18.325000000000003,14.25,32.95,11.675,,,,,,,,,,81.0,2.725,,0.5,0.5,396.75,756.0,
2023-12-26 10:00:00,55.75,112.0,4.675,18.45,13.625,32.3,17.900000000000002,,,,,,,,,,79.25,3.125,,0.5,0.5,359.5,756.25,
2023-12-26 11:00:00,47.5,106.0,4.733333333333333,18.5,13.666666666666666,32.766666666666666,14.700000000000001,,,,,,,,,,78.25,3.2,,0.5,0.5,342.5,756.0,
2023-12-26 12:00:00,43.0,97.5,5.466666666666666,19.233333333333334,14.633333333333333,34.43333333333333,15.5,,,,,,,,,,77.25,3.65,,0.5,0.5,334.75,756.0,
2023-12-26 13:00:00,42.5,98.0,5.6499999999999995,22.15,16.35,29.924999999999997,29.6,,,,,,,,,,73.5,3.475,,0.75,0.75,410.25,756.25,
2023-12-26 14:00:00,38.75,89.0,5.375,17.35,13.6,29.15,23.225,,,,,,,,,,70.5,3.325,,1.75,1.75,402.75,757.0,
2023-12-26 15:00:00,31.0,72.5,4.425,13.475,10.75,29.5,12.275,,,,,,,,,,72.0,3.3499999999999996,,4.25,4.25,295.75,756.75,
2023-12-26 16:00:00,29.5,75.75,4.725,12.65,10.575,29.55,9.55,,,,,,,,,,74.75,3.2,,1.5,1.5,196.0,756.25,
2023-12-26 17:00:00,36.0,75.5,4.925,17.474999999999998,13.274999999999999,31.3,6.7,,,,,,,,,,79.5,2.9,,2.0,2.0,67.75,729.0,
2023-12-26 18:00:00,39.5,81.75,4.15,17.7,12.825,32.875,3.75,,,,,,,,,,84.25,2.8,,1.5,1.5,51.0,719.25,
2023-12-26 19:00:00,33.25,71.5,4.45,21.975,15.325,30.8,2.9,,,,,,,,,,86.5,2.075,,0.5,0.5,51.0,719.0,
2023-12-26 20:00:00,38.25,80.5,4.3,27.85,18.275,28.9,4.9,,,,,,,,,,88.0,1.625,,1.25,1.25,51.0,719.0,
2023-12-26 21:00:00,41.75,88.25,2.875,31.3,18.975,25.8,4.625,,,,,,,,,,88.0,1.5499999999999998,,1.5,1.5,51.0,719.0,
2023-12-26 22:00:00,43.5,97.75,4.3,32.55,20.799999999999997,21.275,6.125,,,,,,,,,,88.0,1.4249999999999998,,0.0,0.0,51.0,719.0,
2023-12-26 23:00:00,49.75,98.5,4.25,28.775,18.75,23.75,6.825,,,,,,,,,,88.75,1.4,,0.25,0.25,51.0,719.0,
2023-12-27 00:00:00,46.0,102.5,4.75,31.125,20.4,21.875,6.275,,,,,,,,,,89.75,1.0750000000000002,,0.25,0.25,51.0,719.0,
2023-12-27 01:00:00,43.0,97.25,4.25,31.675,20.3,26.775,5.9,,,,,,,,,,90.25,1.25,,0.25,0.25,51.0,719.0,
2023-12-27 02:00:00,34.0,85.0,5.85,31.25,21.35,26.5,5.3,,,,,,,,,,92.5,1.05,,0.75,0.75,51.0,719.0,
2023-12-27 03:00:00,39.25,85.0,3.7,20.700000000000003,14.025,29.475,5.325,,,,,,,,,,94.75,1.625,,0.5,0.5,51.0,719.0,
2023-12-27 04:00:00,55.25,92.5,3.275,19.75,13.175,29.9,9.225,,,,,,,,,,95.0,1.9749999999999999,,0.0,0.0,51.0,719.0,
2023-12-27 05:00:00,56.0,89.25,3.525,19.275,13.1,28.55,11.575,,,,,,,,,,95.0,2.05,,0.75,0.75,51.0,719.0,
2023-12-27 06:00:00,,97.5,4.1,20.85,14.425,29.05,11.85,,,,,,,,,,95.0,1.8,,1.0,1.0,57.75,719.0,
2023-12-27 07:00:00,63.0,115.5,5.35,23.375,16.775,26.85,10.75,,,,,,,,,,92.5,2.4,,0.0,0.0,130.25,721.75,
2023-12-27 08:00:00,64.0,124.25,5.15,18.675,14.125,27.425,8.15,,,,,,,,,,87.0,2.775,,0.25,0.25,273.75,754.75,
2023-12-27 09:00:00,62.25,104.5,4.75,15.375,12.0,30.35,7.324999999999999,,,,,,,,,,81.75,2.85,,0.5,0.5,403.75,756.0,
2023-12-27 10:00:00,45.0,87.25,5.2,13.275,11.275,32.275,8.766666666666666,,,,,,,,,,75.0,3.65,,0.25,0.25,462.5,756.25,
2023-12-27 11:00:00,36.25,83.25,4.466666666666666,11.1,9.566666666666666,34.73333333333333,4.833333333333333,,,,,,,,,,75.0,3.875,,3.5,3.5,313.25,756.5,
2023-12-27 12:00:00,37.25,82.0,4.566666666666666,11.233333333333334,9.666666666666666,37.1,4.1,,,,,,,,,,72.25,4.35,,0.25,0.25,510.5,756.5,
2023-12-27 13:00:00,34.5,90.75,4.725,11.15,9.775,35.25,3.75,,,,,,,,,,68.75,3.925,,3.0,3.0,498.5,756.75,
2023-12-27 14:00:00,24.5,80.25,2.55,9.95,7.375,32.65,3.8,,,,,,,,,,69.25,4.0,,1.75,1.75,382.5,756.25,
2023-12-27 15:00:00,29.75,78.75,4.5,11.425,9.675,30.3,5.6,,,,,,,,,,72.0,3.625,,0.75,0.75,254.5,756.0,
2023-12-27 16:00:00,41.25,85.75,5.725,18.5,14.5,26.4,20.5,,,,,,,,,,75.0,3.5,,1.0,1.0,121.5,747.75,
2023-12-27 17:00:00,40.0,95.0,3.275,15.75,11.025,28.2,13.525,,,,,,,,,,77.75,3.275,,0.75,0.75,70.5,727.0,
2023-12-27 18:00:00,37.25,82.0,4.925,25.2,17.4,31.725,15.5,,,,,,,,,,79.0,2.9,,1.25,1.25,51.0,719.75,
2023-12-27 19:00:00,47.0,89.25,5.3,29.3,19.9,30.275,12.4,,,,,,,,,,80.5,2.4000000000000004,,0.25,0.25,51.0,719.5,
2023-12-27 20:00:00,45.75,92.25,3.725,27.425,17.6,31.475,11.55,,,,,,,,,,82.75,2.35,,0.0,0.0,51.0,719.0,
2023-12-27 21:00:00,40.75,89.0,4.55,24.125,16.525000000000002,32.2,6.1,,,,,,,,,,85.5,1.9000000000000001,,0.5,0.5,51.0,719.0,
2023-12-27 22:00:00,39.25,85.5,2.45,21.775,13.55,29.2,7.025,,,,,,,,,,86.75,1.975,,1.0,1.0,51.0,719.25,
2023-12-27 23:00:00,42.25,76.25,3.875,10.55,8.75,30.625,29.4,,,,,,,,,,85.5,2.275,,0.75,0.75,51.0,719.0,
2023-12-28 00:00:00,30.0,51.0,3.5749999999999997,9.875,8.175,29.3,19.275,,,,,,,,,,86.25,1.925,,1.0,1.0,51.0,719.25,
2023-12-28 01:00:00,29.0,45.0,3.35,13.45,9.875,28.075000000000003,8.2,,,,,,,,,,88.0,1.85,,1.25,1.25,51.0,719.0,
2023-12-28 02:00:00,34.333333333333336,57.0,5.433333333333334,12.5,11.033333333333331,34.300000000000004,4.8999999999999995,,,,,,,,,,89.33333333333333,2.0,,0.3333333333333333,0.25,51.0,719.0,
2023-12-28 03:00:00,35.0,62.25,3.6,15.675,11.275,33.05,3.075,,,,,,,,,,91.5,2.2,,0.0,0.0,51.0,719.0,
2023-12-28 04:00:00,45.0,83.0,3.725,15.55,11.275,33.025,4.15,,,,,,,,,,91.75,2.125,,0.0,0.0,51.0,719.0,
2023-12-28 05:00:00,52.75,89.25,2.775,12.825,9.1,33.9,3.525,,,,,,,,,,92.0,2.4,,0.0,0.0,51.0,719.0,
2023-12-28 06:00:00,41.25,67.0,3.05,14.799999999999999,10.35,32.9,2.775,,,,,,,,,,92.5,2.45,,0.0,0.0,57.75,719.0,
2023-12-28 07:00:00,43.75,78.75,3.275,14.0,10.075,30.5,3.325,,,,,,,,,,91.25,2.825,,0.0,0.0,107.5,719.0,
2023-12-28 08:00:00,42.5,79.5,4.275,14.075,10.975,28.625,2.375,,,,,,,,,,89.25,3.45,,0.5,0.5,213.5,740.75,
2023-12-28 09:00:00,50.5,89.5,4.5,16.075,12.225,27.9,2.475,,,,,,,,,,85.75,3.0,,0.75,0.75,335.75,755.5,
2023-12-28 10:00:00,52.75,104.75,6.25,18.8,15.075,27.95,16.433333333333334,,,,,,,,,,80.5,3.25,,0.75,0.75,410.75,756.0,
2023-12-28 11:00:00,52.25,98.0,6.366666666666667,16.133333333333333,13.766666666666666,34.166666666666664,14.266666666666666,,,,,,,,,,79.0,3.5,,0.25,0.25,308.5,756.0,
2023-12-28 12:00:00,42.5,99.25,5.900000000000001,16.933333333333334,13.799999999999999,34.63333333333333,17.575,,,,,,,,,,77.75,3.175,,0.25,0.25,252.5,756.0,
2023-12-28 13:00:00,38.25,120.75,6.2,23.45,17.475,30.5,29.2,,,,,,,,,,77.0,3.3,,0.75,0.75,202.75,756.0,
2023-12-28 14:00:00,40.5,93.0,8.4,25.875,20.6,30.725,42.475,,,,,,,,,,75.75,3.325,,0.25,0.25,275.5,756.0,
2023-12-28 15:00:00,45.0,110.0,6.2,24.4,18.025000000000002,25.35,46.725,,,,,,,,,,75.0,3.075,,0.25,0.25,258.25,756.25,
2023-12-28 16:00:00,40.75,105.0,4.8,19.35,14.200000000000001,27.675,25.05,,,,,,,,,,78.75,3.3,,0.75,0.75,136.75,751.75,
2023-12-28 17:00:00,30.5,89.5,4.4,16.775,12.5,27.35,11.15,,,,,,,,,,82.5,2.925,,0.75,0.75,62.0,728.75,
2023-12-28 18:00:00,38.75,88.75,3.5999999999999996,22.225,14.775,24.775,7.074999999999999,,,,,,,,,,84.0,3.125,,1.0,1.0,51.0,719.75,
2023-12-28 19:00:00,41.0,89.0,5.55,25.0,17.8,30.175,2.625,,,,,,,,,,85.25,2.6,,2.5,2.5,51.0,719.0,
2023-12-28 20:00:00,41.0,83.0,4.125,26.8,17.65,30.025,2.6,,,,,,,,,,86.75,2.1,,2.0,2.0,51.0,719.0,
2023-12-28 21:00:00,,86.0,3.75,26.2,17.025,29.15,2.05,,,,,,,,,,87.0,2.45,,0.5,0.5,51.0,719.0,
2023-12-28 22:00:00,,83.25,3.75,23.425,15.525,29.55,3.775,,,,,,,,,,87.0,1.925,,1.75,1.75,51.0,719.0,
2023-12-28 23:00:00,,69.75,2.7,17.075,11.25,30.175,4.525,,,,,,,,,,87.25,2.15,,0.25,0.25,51.0,719.0,
2023-12-29 00:00:00,,52.25,2.9,12.225,8.825,29.875,3.9749999999999996,,,,,,,,,,87.0,2.125,,1.0,1.0,51.0,719.0,
2023-12-29 01:00:00,,47.25,3.5,11.075,8.725,30.75,4.225,,,,,,,,,,86.75,2.325,,0.0,0.0,51.0,719.0,
2023-12-29 02:00:00,,47.75,3.175,12.8,9.375,29.375,4.75,,,,,,,,,,88.75,2.675,,0.0,0.0,51.0,719.0,
2023-12-29 03:00:00,,47.5,4.875,13.1,10.925,33.7,4.575,,,,,,,,,,91.25,2.225,,0.0,0.0,51.0,719.0,
2023-12-29 04:00:00,,51.25,4.15,14.75,11.2,31.575,1.5,,,,,,,,,,92.25,2.1,,2.0,2.0,51.0,719.0,
2023-12-29 05:00:00,,64.0,3.575,19.55,13.3,29.8,1.4,,,,,,,,,,92.75,2.6,,0.25,0.25,51.0,719.0,
2023-12-29 06:00:00,,82.75,4.5,17.25,12.85,30.5,1.8,,,,,,,,,,92.0,2.55,,0.25,0.25,54.0,719.0,
2023-12-29 07:00:00,,86.25,4.575,18.1,13.350000000000001,29.05,2.125,,,,,,,,,,91.5,2.2,,0.75,0.75,78.25,719.0,
2023-12-29 08:00:00,,93.66666666666667,5.733333333333334,17.333333333333332,13.9,29.766666666666666,2.1,,,,,,,,,,90.33333333333333,2.5,,0.0,0.0,109.33333333333333,719.0,
2023-12-29 09:00:00,,96.75,5.175,16.0,12.725000000000001,30.9,2.55,,,,,,,,,,87.0,2.875,,0.75,0.75,273.25,745.0,
2023-12-29 10:00:00,39.0,85.0,6.949999999999999,14.8,13.5,29.7,7.599999999999999,,,,,,,,,,82.5,2.85,,2.25,2.25,338.75,756.0,
2023-12-29 11:00:00,40.0,88.5,6.3,17.7,14.5,31.933333333333334,22.03333333333333,,,,,,,,,,80.5,2.95,,3.75,3.75,312.25,756.0,
2023-12-29 12:00:00,40.25,90.75,7.7,21.766666666666666,17.8,32.1,20.725,,,,,,,,,,81.5,3.125,,2.5,2.5,266.5,755.75,
2023-12-29 13:00:00,31.75,90.25,4.5,17.725,13.1,33.95,21.425,,,,,,,,,,78.0,3.175,,2.0,2.0,349.0,755.75,
2023-12-29 14:00:00,29.25,79.25,5.25,13.625,11.525,34.25,10.25,,,,,,,,,,76.75,3.4,,2.5,2.5,269.75,756.0,
2023-12-29 15:00:00,24.75,70.5,5.25,14.55,12.0,32.6,9.525,,,,,,,,,,77.5,3.05,,0.25,0.25,209.25,756.0,
2023-12-29 16:00:00,26.75,67.0,3.125,13.25,9.625,28.075,5.5,,,,,,,,,,79.75,3.075,,0.0,0.0,123.5,750.25,
2023-12-29 17:00:00,25.75,63.25,3.475,13.0,9.725,27.775,5.525,,,,,,,,,,81.75,2.875,,0.0,0.0,65.0,727.75,
2023-12-29 18:00:00,28.75,71.5,4.15,24.075,16.175,23.125,7.225,,,,,,,,,,83.5,2.225,,0.0,0.0,51.25,719.25,
2023-12-29 19:00:00,39.5,75.75,4.275,25.075000000000003,16.825000000000003,24.35,5.875,,,,,,,,,,84.5,2.15,,0.0,0.0,51.0,719.25,
2023-12-29 20:00:00,37.0,77.25,4.6,28.525,18.9,23.5,16.9,,,,,,,,,,85.0,1.675,,0.0,0.0,51.0,719.25,
2023-12-29 21:00:00,36.0,88.0,4.25,34.125,21.625,21.75,10.5,,,,,,,,,,86.25,1.425,,0.0,0.0,51.0,719.0,
2023-12-29 22:00:00,40.25,92.25,3.725,21.1,14.25,26.95,21.175,,,,,,,,,,86.0,1.925,,0.0,0.0,51.0,719.0,
2023-12-29 23:00:00,34.25,68.75,4.199999999999999,23.75,16.05,25.85,34.525,,,,,,,,,,86.5,1.375,,0.0,0.0,51.25,719.0,
2023-12-30 00:00:00,32.0,70.5,4.45,25.25,17.05,23.8,13.2,,,,,,,,,,88.0,1.075,,0.0,0.0,51.0,719.0,
2023-12-30 01:00:00,31.25,73.75,3.325,20.0,13.3,25.725,8.0,,,,,,,,,,88.0,1.075,,0.0,0.0,51.25,719.0,
2023-12-30 02:00:00,32.75,67.75,3.575,24.725,16.05,23.375,9.9,,,,,,,,,,89.5,1.4,,0.0,0.0,51.0,719.0,
2023-12-30 03:00:00,44.0,85.75,3.775,23.45,15.575,25.25,6.65,,,,,,,,,,91.0,1.475,,0.0,0.0,51.0,719.0,
2023-12-30 04:00:00,41.25,79.25,4.1,23.2,15.7,26.925,5.15,,,,,,,,,,91.5,1.25,,0.0,0.0,51.25,719.0,
2023-12-30 05:00:00,33.25,79.0,3.575,24.4,15.875,25.05,4.15,,,,,,,,,,93.0,1.65,,0.0,0.0,51.25,719.0,
2023-12-30 06:00:00,37.5,80.25,4.0,29.225,18.85,23.1,3.475,,,,,,,,,,94.5,1.425,,0.0,0.0,53.5,719.0,
2023-12-30 07:00:00,51.25,100.5,6.875,30.549999999999997,21.825,21.55,4.425,,,,,,,,,,94.0,1.9500000000000002,,0.0,0.0,118.0,723.5,
2023-12-30 08:00:00,58.5,117.25,6.3999999999999995,21.85,16.825000000000003,26.2,2.2333333333333334,,,,,,,,,,87.5,2.3,,0.0,0.0,262.0,755.25,
2023-12-30 09:00:00,51.0,100.0,6.85,20.1,16.3,25.65,6.25,,,,,,,,,,83.0,2.35,,0.0,0.0,323.0,756.0,
2023-12-30 10:00:00,54.25,118.75,6.95,22.45,17.6,24.625,19.166666666666668,,,,,,,,,,75.5,3.05,,0.0,0.0,470.75,756.25,
2023-12-30 11:00:00,56.0,134.25,6.066666666666666,22.7,17.033333333333335,22.5,31.53333333333333,,,,,,,,,,69.75,3.0999999999999996,,0.0,0.0,507.75,756.75,
2023-12-30 12:00:00,51.75,130.0,7.0,26.7,19.900000000000002,25.7,43.525,,,,,,,,,,71.0,3.15,,0.0,0.0,381.0,756.5,
2023-12-30 13:00:00,54.5,125.25,5.825,19.675,15.225,28.275,24.5,,,,,,,,,,68.5,3.1,,0.0,0.0,428.75,756.75,
2023-12-30 14:00:00,46.0,101.0,4.7250000000000005,18.475,13.7,29.45,16.475,,,,,,,,,,69.75,3.2,,0.0,0.0,306.25,757.0,
2023-12-30 15:00:00,42.0,100.33333333333333,5.466666666666666,17.8,13.933333333333332,29.2,14.866666666666667,,,,,,,,,,70.0,2.766666666666667,,0.0,0.0,281.0,756.3333333333334,
2023-12-30 16:00:00,44.0,111.0,5.175,23.35,16.625,26.25,34.15,,,,,,,,,,73.0,2.625,,0.0,0.0,143.0,754.25,
2023-12-30 17:00:00,58.25,135.0,4.825,31.6,20.725,21.725,46.625,,,,,,,,,,75.5,2.225,,0.0,0.0,70.0,728.25,
2023-12-30 18:00:00,61.5,143.5,4.15,24.475,16.375,24.450000000000003,22.75,,,,,,,,,,77.75,2.275,,0.0,0.0,51.0,719.5,
2023-12-30 19:00:00,52.5,115.75,3.25,29.4,18.275,21.875,7.550000000000001,,,,,,,,,,78.0,2.025,,0.0,0.0,51.0,719.0,
2023-12-30 20:00:00,55.0,117.25,4.0,26.8,17.525,22.8,3.275,,,,,,,,,,78.75,2.075,,0.0,0.0,51.0,719.0,
2023-12-30 21:00:00,49.25,117.75,4.65,28.275,18.8,23.05,2.1,,,,,,,,,,79.75,1.55,,0.0,0.0,51.0,719.0,
2023-12-30 22:00:00,49.5,120.5,3.625,26.650000000000002,17.125,24.35,3.25,,,,,,,,,,80.5,1.25,,0.0,0.0,51.25,719.0,
2023-12-30 23:00:00,47.666666666666664,102.0,4.033333333333334,25.3,16.766666666666666,24.266666666666666,2.9333333333333336,,,,,,,,,,81.66666666666667,1.0,,0.0,0.0,51.666666666666664,719.0,
2023-12-31 00:00:00,46.75,96.75,3.8,21.9,14.75,25.6,1.2,,,,,,,,,,83.5,0.9,,0.0,0.0,51.75,719.0,
2023-12-31 01:00:00,46.0,93.75,3.2249999999999996,23.025,14.875,24.224999999999998,1.725,,,,,,,,,,84.5,0.825,,0.0,0.0,51.0,719.0,
2023-12-31 02:00:00,46.0,96.0,3.35,39.825,23.900000000000002,18.25,7.15,,,,,,,,,,86.75,1.2,,0.0,0.0,51.0,719.0,
2023-12-31 03:00:00,68.0,154.0,5.175,36.625,23.675,19.625,7.675,,,,,,,,,,88.25,1.2,,0.0,0.0,51.0,719.0,
2023-12-31 04:00:00,68.0,150.5,4.975,33.15,21.7,23.3,3.1999999999999997,,,,,,,,,,89.25,1.4,,0.0,0.0,51.0,719.0,
2023-12-31 05:00:00,70.75,141.0,3.85,29.375,18.75,23.3,2.375,,,,,,,,,,91.75,1.4,,0.0,0.0,51.0,719.0,
2023-12-31 06:00:00,83.0,144.0,5.166666666666667,29.333333333333332,19.866666666666664,22.599999999999998,7.533333333333334,,,,,,,,,,93.0,1.8,,0.0,0.0,58.666666666666664,719.0,
2023-12-31 07:00:00,93.0,189.0,4.75,29.675,19.65,23.025,10.149999999999999,,,,,,,,,,91.25,1.9,,0.0,0.0,117.75,719.75,
2023-12-31 08:00:00,99.25,188.5,6.25,25.4,18.575,25.8,9.625,,,,,,,,,,84.5,2.1,,0.0,0.0,249.0,752.5,
2023-12-31 09:00:00,89.0,170.75,4.375,18.175,13.225,27.325,12.225,,,,,,,,,,78.25,2.1999999999999997,,0.0,0.0,370.75,756.0,
2023-12-31 10:00:00,56.0,122.5,4.275,16.05,12.024999999999999,27.95,7.933333333333334,,,,,,,,,,78.5,2.225,,0.0,0.0,188.0,754.5,
2023-12-31 11:00:00,55.0,120.75,4.433333333333334,14.133333333333333,11.133333333333333,26.633333333333336,8.366666666666667,,,,,,,,,,71.0,2.5250000000000004,,0.0,0.0,498.0,756.5,
2023-12-31 12:00:00,52.5,111.0,4.866666666666667,19.066666666666666,14.1,26.833333333333332,13.575,,,,,,,,,,68.5,2.575,,0.0,0.0,341.0,756.75,
2023-12-31 13:00:00,54.25,112.5,6.15,20.5,15.9,25.975,19.05,,,,,,,,,,69.75,2.475,,0.0,0.0,255.75,756.25,
2023-12-31 14:00:00,53.5,114.0,4.825,16.8,12.85,28.075,17.025,,,,,,,,,,69.5,3.4,,0.0,0.0,332.75,756.0,
2023-12-31 15:00:00,52.0,106.0,5.1,17.575,13.525,27.975,17.725,,,,,,,,,,71.25,2.775,,0.0,0.0,218.0,756.0,
2023-12-31 16:00:00,59.0,108.75,4.4750000000000005,19.125,13.8,28.875,24.55,,,,,,,,,,73.25,2.975,,0.0,0.0,143.25,746.75,
2023-12-31 17:00:00,54.75,109.75,4.6,18.75,13.7,28.575,18.025,,,,,,,,,,75.0,2.275,,0.0,0.0,69.5,722.0,
2023-12-31 18:00:00,58.25,115.0,3.7,18.8,13.0,26.2,6.75,,,,,,,,,,76.25,2.025,,0.0,0.0,51.25,719.75,
2023-12-31 19:00:00,54.75,,4.7,20.724999999999998,14.875,25.725,4.325,,,,,,,,,,77.75,1.85,,0.0,0.0,51.0,719.25,
2023-12-31 20:00:00,62.0,,4.1,23.075,15.65,24.875,8.0,,,,,,,,,,77.5,1.5,,0.0,0.0,51.0,719.0,
2023-12-31 21:00:00,71.33333333333333,,3.5,30.066666666666666,18.833333333333332,21.866666666666664,3.8666666666666667,,,,,,,,,,78.0,1.0,,0.0,0.0,51.0,719.0,
2023-12-31 22:00:00,76.0,,3.8249999999999997,38.0,23.325,18.9,2.725,,,,,,,,,,79.5,0.8,,0.0,0.0,51.0,719.0,
2023-12-31 23:00:00,70.0,,4.0,45.03333333333333,27.166666666666668,16.8,7.066666666666666,,,,,,,,,,80.33333333333333,0.9,,0.0,0.0,51.0,719.0,
