Timestamp,PM2.5 (µg/m³),PM10 (µg/m³)
2025-04-01 00:00:00,26.00,64.00
2025-04-01 01:00:00,25.50,62.75
2025-04-01 02:00:00,23.75,58.75
2025-04-01 03:00:00,22.75,57.50
2025-04-01 04:00:00,22.25,56.25
2025-04-01 05:00:00,25.75,64.25
2025-04-01 06:00:00,36.25,91.25
2025-04-01 07:00:00,45.00,112.25
2025-04-01 08:00:00,46.25,116.00
2025-04-01 09:00:00,30.75,76.75
2025-04-01 10:00:00,27.25,67.50
2025-04-01 11:00:00,27.75,68.75
2025-04-01 12:00:00,28.00,70.50
2025-04-01 13:00:00,29.75,75.00
2025-04-01 14:00:00,26.00,65.50
2025-04-01 15:00:00,26.25,64.75
2025-04-01 16:00:00,27.00,67.25
2025-04-01 17:00:00,27.00,67.75
2025-04-01 18:00:00,27.00,67.25
2025-04-01 19:00:00,26.25,65.75
2025-04-01 20:00:00,23.25,57.50
2025-04-01 21:00:00,20.75,52.25
2025-04-01 22:00:00,20.00,50.25
2025-04-01 23:00:00,19.25,48.75
2025-04-02 00:00:00,16.50,41.00
2025-04-02 01:00:00,15.25,38.50
2025-04-02 02:00:00,15.50,38.50
2025-04-02 03:00:00,14.50,35.50
2025-04-02 04:00:00,16.50,41.00
2025-04-02 05:00:00,18.00,44.25
2025-04-02 06:00:00,21.00,52.25
2025-04-02 07:00:00,36.50,90.25
2025-04-02 08:00:00,51.00,126.50
2025-04-02 09:00:00,32.25,79.75
2025-04-02 10:00:00,20.75,51.50
2025-04-02 11:00:00,21.00,52.75
2025-04-02 12:00:00,22.50,57.00
2025-04-02 13:00:00,18.00,44.75
2025-04-02 14:00:00,18.00,44.00
2025-04-02 15:00:00,18.00,44.00
2025-04-02 16:00:00,17.50,43.25
2025-04-02 17:00:00,16.00,40.75
2025-04-02 18:00:00,16.00,39.75
2025-04-02 19:00:00,16.00,39.25
2025-04-02 20:00:00,15.50,38.50
2025-04-02 21:00:00,14.25,35.00
2025-04-02 22:00:00,14.75,37.25
2025-04-02 23:00:00,13.50,34.00
2025-04-03 00:00:00,11.50,29.50
2025-04-03 01:00:00,10.00,25.00
2025-04-03 02:00:00,10.50,26.00
2025-04-03 03:00:00,11.50,28.00
2025-04-03 04:00:00,9.25,23.25
2025-04-03 05:00:00,7.75,19.75
2025-04-03 06:00:00,10.00,25.00
2025-04-03 07:00:00,9.75,24.25
2025-04-03 08:00:00,10.75,26.25
2025-04-03 09:00:00,15.50,38.00
2025-04-03 10:00:00,14.00,35.25
2025-04-03 11:00:00,18.25,46.50
2025-04-03 12:00:00,28.50,71.50
2025-04-03 13:00:00,20.00,49.67
2025-04-03 14:00:00,16.50,41.50
2025-04-03 15:00:00,11.25,29.00
2025-04-03 16:00:00,8.50,21.75
2025-04-03 17:00:00,8.75,22.25
2025-04-03 18:00:00,13.50,33.50
2025-04-03 19:00:00,11.75,28.50
2025-04-03 20:00:00,11.25,27.50
2025-04-03 21:00:00,13.00,31.50
2025-04-03 22:00:00,15.00,36.50
2025-04-03 23:00:00,12.50,30.50
2025-04-04 00:00:00,12.50,31.25
2025-04-04 01:00:00,9.00,22.25
2025-04-04 02:00:00,12.75,31.25
2025-04-04 03:00:00,14.25,36.00
2025-04-04 04:00:00,12.00,29.75
2025-04-04 05:00:00,13.00,31.75
2025-04-04 06:00:00,18.00,44.75
2025-04-04 07:00:00,23.75,58.75
2025-04-04 08:00:00,21.75,54.50
2025-04-04 09:00:00,18.00,44.50
2025-04-04 10:00:00,19.75,50.25
2025-04-04 11:00:00,27.25,68.25
2025-04-04 12:00:00,32.00,79.00
2025-04-04 13:00:00,22.00,54.67
2025-04-04 14:00:00,15.25,38.75
2025-04-04 15:00:00,21.25,52.75
2025-04-04 16:00:00,24.50,61.00
2025-04-04 17:00:00,13.00,31.50
2025-04-04 18:00:00,10.00,24.00
2025-04-04 19:00:00,13.00,33.00
2025-04-04 20:00:00,12.50,31.50
2025-04-04 21:00:00,10.00,24.50
2025-04-04 22:00:00,8.00,19.75
2025-04-04 23:00:00,10.50,26.75
2025-04-05 00:00:00,9.00,23.00
2025-04-05 01:00:00,9.50,24.00
2025-04-05 02:00:00,10.00,24.75
2025-04-05 03:00:00,6.50,16.75
2025-04-05 04:00:00,5.75,14.50
2025-04-05 05:00:00,12.00,29.50
2025-04-05 06:00:00,24.50,61.75
2025-04-05 07:00:00,27.50,68.00
2025-04-05 08:00:00,30.25,75.75
2025-04-05 09:00:00,23.75,60.00
2025-04-05 10:00:00,20.75,52.75
2025-04-05 11:00:00,21.75,55.00
2025-04-05 12:00:00,16.25,41.25
2025-04-05 13:00:00,10.50,26.00
2025-04-05 14:00:00,10.00,25.00
2025-04-05 15:00:00,11.25,27.50
2025-04-05 16:00:00,11.00,26.50
2025-04-05 17:00:00,8.75,21.00
2025-04-05 18:00:00,11.25,28.00
2025-04-05 19:00:00,11.50,29.50
2025-04-05 20:00:00,9.75,24.50
2025-04-05 21:00:00,9.50,24.25
2025-04-05 22:00:00,11.25,28.50
2025-04-05 23:00:00,11.00,27.25
2025-04-06 00:00:00,7.75,18.50
2025-04-06 01:00:00,6.75,16.25
2025-04-06 02:00:00,6.25,14.75
2025-04-06 03:00:00,8.25,20.25
2025-04-06 04:00:00,12.75,32.00
2025-04-06 05:00:00,16.00,40.50
2025-04-06 06:00:00,19.75,50.00
2025-04-06 07:00:00,22.75,57.75
2025-04-06 08:00:00,23.75,59.75
2025-04-06 09:00:00,19.50,49.00
2025-04-06 10:00:00,19.00,48.50
2025-04-06 11:00:00,20.75,52.50
2025-04-06 12:00:00,17.50,43.25
2025-04-06 13:00:00,18.25,45.50
2025-04-06 14:00:00,14.75,37.50
2025-04-06 15:00:00,10.00,24.50
2025-04-06 16:00:00,7.00,17.00
2025-04-06 17:00:00,6.75,16.75
2025-04-06 18:00:00,6.00,15.50
2025-04-06 19:00:00,5.75,13.75
2025-04-06 20:00:00,5.25,13.75
2025-04-06 21:00:00,5.50,14.25
2025-04-06 22:00:00,4.00,9.50
2025-04-06 23:00:00,3.75,10.25
2025-04-07 00:00:00,3.25,8.75
2025-04-07 01:00:00,3.50,9.75
2025-04-07 02:00:00,2.00,5.75
2025-04-07 03:00:00,1.75,4.50
2025-04-07 04:00:00,3.75,9.50
2025-04-07 05:00:00,12.00,29.50
2025-04-07 06:00:00,13.50,34.75
2025-04-07 07:00:00,18.00,45.50
2025-04-07 08:00:00,17.00,41.75
2025-04-07 09:00:00,15.25,38.00
2025-04-07 10:00:00,18.75,46.75
2025-04-07 11:00:00,17.00,43.50
2025-04-07 12:00:00,13.50,34.75
2025-04-07 13:00:00,12.00,30.75
2025-04-07 14:00:00,11.50,28.75
2025-04-07 15:00:00,10.25,25.75
2025-04-07 16:00:00,10.75,27.00
2025-04-07 17:00:00,10.50,25.50
2025-04-07 18:00:00,11.00,27.25
2025-04-07 19:00:00,7.75,18.50
2025-04-07 20:00:00,6.25,15.50
2025-04-07 21:00:00,4.50,12.25
2025-04-07 22:00:00,5.50,14.25
2025-04-07 23:00:00,4.25,10.00
2025-04-08 00:00:00,6.25,16.00
2025-04-08 01:00:00,9.75,24.25
2025-04-08 02:00:00,12.25,30.25
2025-04-08 03:00:00,21.75,54.50
2025-04-08 04:00:00,20.25,50.75
2025-04-08 05:00:00,19.75,48.50
2025-04-08 06:00:00,25.75,63.75
2025-04-08 07:00:00,27.25,67.50
2025-04-08 08:00:00,25.00,63.00
2025-04-08 09:00:00,NA,NA
2025-04-08 10:00:00,NA,NA
2025-04-08 11:00:00,NA,NA
2025-04-08 12:00:00,NA,NA
2025-04-08 13:00:00,15.00,38.00
2025-04-08 14:00:00,16.00,40.50
2025-04-08 15:00:00,19.25,48.75
2025-04-08 16:00:00,22.00,55.50
2025-04-08 17:00:00,28.50,70.50
2025-04-08 18:00:00,28.25,70.50
2025-04-08 19:00:00,20.75,51.50
2025-04-08 20:00:00,13.50,33.50
2025-04-08 21:00:00,15.25,37.25
2025-04-08 22:00:00,25.00,62.00
2025-04-08 23:00:00,21.25,52.75
2025-04-09 00:00:00,10.00,25.00
2025-04-09 01:00:00,9.25,23.00
2025-04-09 02:00:00,7.50,18.50
2025-04-09 03:00:00,11.50,29.00
2025-04-09 04:00:00,17.50,43.50
2025-04-09 05:00:00,12.75,32.00
2025-04-09 06:00:00,13.00,31.75
2025-04-09 07:00:00,17.25,43.25
2025-04-09 08:00:00,21.00,52.75
2025-04-09 09:00:00,21.75,53.75
2025-04-09 10:00:00,26.25,65.00
2025-04-09 11:00:00,28.00,70.00
2025-04-09 12:00:00,19.25,47.50
2025-04-09 13:00:00,21.75,55.00
2025-04-09 14:00:00,18.50,47.00
2025-04-09 15:00:00,20.00,50.25
2025-04-09 16:00:00,20.75,52.50
2025-04-09 17:00:00,24.25,60.25
2025-04-09 18:00:00,27.75,69.25
2025-04-09 19:00:00,24.25,60.50
2025-04-09 20:00:00,15.00,38.25
2025-04-09 21:00:00,13.00,32.50
2025-04-09 22:00:00,15.00,37.25
2025-04-09 23:00:00,11.00,26.75
2025-04-10 00:00:00,7.25,18.00
2025-04-10 01:00:00,5.50,13.25
2025-04-10 02:00:00,7.75,19.00
2025-04-10 03:00:00,12.00,30.25
2025-04-10 04:00:00,18.50,47.00
2025-04-10 05:00:00,18.25,45.75
2025-04-10 06:00:00,14.25,36.00
2025-04-10 07:00:00,19.50,48.50
2025-04-10 08:00:00,25.75,63.75
2025-04-10 09:00:00,32.75,82.50
2025-04-10 10:00:00,37.25,94.00
2025-04-10 11:00:00,34.25,86.25
2025-04-10 12:00:00,33.00,83.00
2025-04-10 13:00:00,31.00,76.50
2025-04-10 14:00:00,25.50,62.75
2025-04-10 15:00:00,24.25,60.00
2025-04-10 16:00:00,25.25,63.25
2025-04-10 17:00:00,28.00,69.25
2025-04-10 18:00:00,34.00,84.75
2025-04-10 19:00:00,32.50,80.25
2025-04-10 20:00:00,28.25,70.00
2025-04-10 21:00:00,28.50,71.50
2025-04-10 22:00:00,26.75,66.25
2025-04-10 23:00:00,23.50,58.00
2025-04-11 00:00:00,16.00,40.00
2025-04-11 01:00:00,15.50,39.00
2025-04-11 02:00:00,14.25,36.50
2025-04-11 03:00:00,15.75,40.00
2025-04-11 04:00:00,18.50,47.00
2025-04-11 05:00:00,18.50,46.00
2025-04-11 06:00:00,15.00,36.75
2025-04-11 07:00:00,15.50,38.50
2025-04-11 08:00:00,8.00,19.00
2025-04-11 09:00:00,9.50,23.25
2025-04-11 10:00:00,15.75,40.25
2025-04-11 11:00:00,24.25,61.00
2025-04-11 12:00:00,31.00,77.50
2025-04-11 13:00:00,21.00,52.25
2025-04-11 14:00:00,18.00,44.33
2025-04-11 15:00:00,18.75,46.75
2025-04-11 16:00:00,22.50,55.75
2025-04-11 17:00:00,25.50,63.50
2025-04-11 18:00:00,20.50,51.75
2025-04-11 19:00:00,18.75,47.00
2025-04-11 20:00:00,18.75,46.25
2025-04-11 21:00:00,21.75,54.50
2025-04-11 22:00:00,23.75,58.50
2025-04-11 23:00:00,23.00,57.25
2025-04-12 00:00:00,22.75,57.25
2025-04-12 01:00:00,22.75,57.00
2025-04-12 02:00:00,25.00,63.00
2025-04-12 03:00:00,25.50,64.00
2025-04-12 04:00:00,25.25,63.00
2025-04-12 05:00:00,19.50,49.25
2025-04-12 06:00:00,20.00,49.00
2025-04-12 07:00:00,27.25,67.50
2025-04-12 08:00:00,30.75,77.25
2025-04-12 09:00:00,30.00,75.00
2025-04-12 10:00:00,31.75,79.25
2025-04-12 11:00:00,38.25,95.25
2025-04-12 12:00:00,39.25,98.00
2025-04-12 13:00:00,31.00,77.00
2025-04-12 14:00:00,30.33,75.33
2025-04-12 15:00:00,29.00,72.00
2025-04-12 16:00:00,29.25,72.75
2025-04-12 17:00:00,29.50,73.50
2025-04-12 18:00:00,30.25,74.75
2025-04-12 19:00:00,36.00,89.75
2025-04-12 20:00:00,33.25,83.25
2025-04-12 21:00:00,31.00,77.00
2025-04-12 22:00:00,22.25,56.25
2025-04-12 23:00:00,22.50,56.00
2025-04-13 00:00:00,18.75,47.50
2025-04-13 01:00:00,12.50,32.25
2025-04-13 02:00:00,14.00,35.50
2025-04-13 03:00:00,14.00,34.25
2025-04-13 04:00:00,14.00,35.00
2025-04-13 05:00:00,15.00,37.75
2025-04-13 06:00:00,18.75,47.75
2025-04-13 07:00:00,22.00,55.25
2025-04-13 08:00:00,24.50,60.75
2025-04-13 09:00:00,24.25,60.00
2025-04-13 10:00:00,28.00,69.25
2025-04-13 11:00:00,28.75,71.75
2025-04-13 12:00:00,28.50,71.00
2025-04-13 13:00:00,20.25,51.00
2025-04-13 14:00:00,17.50,43.75
2025-04-13 15:00:00,16.50,41.50
2025-04-13 16:00:00,17.50,44.50
2025-04-13 17:00:00,16.00,40.00
2025-04-13 18:00:00,16.50,41.00
2025-04-13 19:00:00,16.75,41.25
2025-04-13 20:00:00,13.25,33.50
2025-04-13 21:00:00,14.00,34.75
2025-04-13 22:00:00,13.50,33.00
2025-04-13 23:00:00,12.50,31.50
2025-04-14 00:00:00,15.50,39.50
2025-04-14 01:00:00,18.50,46.50
2025-04-14 02:00:00,13.00,33.25
2025-04-14 03:00:00,11.50,29.00
2025-04-14 04:00:00,20.00,51.00
2025-04-14 05:00:00,29.25,73.75
2025-04-14 06:00:00,19.00,47.25
2025-04-14 07:00:00,12.50,31.75
2025-04-14 08:00:00,12.00,30.50
2025-04-14 09:00:00,15.00,38.00
2025-04-14 10:00:00,15.25,38.75
2025-04-14 11:00:00,16.75,42.75
2025-04-14 12:00:00,19.00,48.00
2025-04-14 13:00:00,18.25,46.25
2025-04-14 14:00:00,15.50,39.25
2025-04-14 15:00:00,14.00,34.00
2025-04-14 16:00:00,14.00,34.00
2025-04-14 17:00:00,14.00,34.25
2025-04-14 18:00:00,13.50,34.00
2025-04-14 19:00:00,12.50,32.00
2025-04-14 20:00:00,14.00,35.25
2025-04-14 21:00:00,13.50,34.25
2025-04-14 22:00:00,11.50,27.75
2025-04-14 23:00:00,9.25,22.25
2025-04-15 00:00:00,7.00,17.00
2025-04-15 01:00:00,7.50,18.25
2025-04-15 02:00:00,9.50,23.25
2025-04-15 03:00:00,10.50,25.75
2025-04-15 04:00:00,9.25,22.75
2025-04-15 05:00:00,9.75,24.50
2025-04-15 06:00:00,9.75,25.00
2025-04-15 07:00:00,12.50,32.25
2025-04-15 08:00:00,14.75,37.50
2025-04-15 09:00:00,17.50,43.25
2025-04-15 10:00:00,19.25,47.75
2025-04-15 11:00:00,26.25,65.50
2025-04-15 12:00:00,38.75,96.50
2025-04-15 13:00:00,19.50,49.00
2025-04-15 14:00:00,18.00,45.75
2025-04-15 15:00:00,17.25,43.25
2025-04-15 16:00:00,15.75,39.75
2025-04-15 17:00:00,18.00,45.00
2025-04-15 18:00:00,18.00,45.25
2025-04-15 19:00:00,17.25,44.00
2025-04-15 20:00:00,15.00,38.00
2025-04-15 21:00:00,14.25,36.00
2025-04-15 22:00:00,12.00,30.00
2025-04-15 23:00:00,11.75,29.25
2025-04-16 00:00:00,10.00,24.50
2025-04-16 01:00:00,7.50,18.50
2025-04-16 02:00:00,9.00,22.75
2025-04-16 03:00:00,8.75,21.25
2025-04-16 04:00:00,7.75,18.50
2025-04-16 05:00:00,7.50,18.50
2025-04-16 06:00:00,9.75,25.00
2025-04-16 07:00:00,12.50,32.25
2025-04-16 08:00:00,14.00,36.00
2025-04-16 09:00:00,15.50,39.50
2025-04-16 10:00:00,19.25,48.00
2025-04-16 11:00:00,14.00,34.75
2025-04-16 12:00:00,7.67,19.67
2025-04-16 13:00:00,13.50,34.25
2025-04-16 14:00:00,16.25,41.00
2025-04-16 15:00:00,21.50,53.50
2025-04-16 16:00:00,25.00,62.00
2025-04-16 17:00:00,22.00,55.75
2025-04-16 18:00:00,20.00,50.00
2025-04-16 19:00:00,13.75,34.50
2025-04-16 20:00:00,13.75,35.00
2025-04-16 21:00:00,16.50,42.00
2025-04-16 22:00:00,16.50,41.50
2025-04-16 23:00:00,12.50,32.25
2025-04-17 00:00:00,12.75,32.75
2025-04-17 01:00:00,9.50,24.25
2025-04-17 02:00:00,10.50,26.75
2025-04-17 03:00:00,8.75,22.25
2025-04-17 04:00:00,8.75,22.00
2025-04-17 05:00:00,12.25,31.00
2025-04-17 06:00:00,17.00,42.50
2025-04-17 07:00:00,20.75,52.00
2025-04-17 08:00:00,21.25,53.50
2025-04-17 09:00:00,16.50,41.25
2025-04-17 10:00:00,17.25,43.25
2025-04-17 11:00:00,17.00,42.75
2025-04-17 12:00:00,22.50,56.00
2025-04-17 13:00:00,20.50,51.75
2025-04-17 14:00:00,20.00,50.25
2025-04-17 15:00:00,22.25,55.50
2025-04-17 16:00:00,20.50,52.00
2025-04-17 17:00:00,21.75,54.50
2025-04-17 18:00:00,20.50,51.50
2025-04-17 19:00:00,18.75,46.25
2025-04-17 20:00:00,17.00,42.00
2025-04-17 21:00:00,14.00,36.00
2025-04-17 22:00:00,13.50,34.75
2025-04-17 23:00:00,11.50,29.50
2025-04-18 00:00:00,10.50,26.00
2025-04-18 01:00:00,11.50,28.00
2025-04-18 02:00:00,10.25,25.75
2025-04-18 03:00:00,11.75,29.50
2025-04-18 04:00:00,14.25,35.00
2025-04-18 05:00:00,15.25,38.50
2025-04-18 06:00:00,16.75,42.00
2025-04-18 07:00:00,21.75,54.75
2025-04-18 08:00:00,27.50,69.00
2025-04-18 09:00:00,20.75,52.75
2025-04-18 10:00:00,23.00,58.00
2025-04-18 11:00:00,23.50,59.25
2025-04-18 12:00:00,24.50,61.50
2025-04-18 13:00:00,22.50,55.75
2025-04-18 14:00:00,21.00,52.25
2025-04-18 15:00:00,19.75,50.00
2025-04-18 16:00:00,15.00,38.50
2025-04-18 17:00:00,12.50,31.75
2025-04-18 18:00:00,15.00,36.75
2025-04-18 19:00:00,18.00,45.00
2025-04-18 20:00:00,18.00,44.75
2025-04-18 21:00:00,18.00,44.00
2025-04-18 22:00:00,17.75,43.50
2025-04-18 23:00:00,15.75,39.00
2025-04-19 00:00:00,12.50,31.50
2025-04-19 01:00:00,14.75,37.50
2025-04-19 02:00:00,16.25,40.00
2025-04-19 03:00:00,14.75,36.00
2025-04-19 04:00:00,16.50,41.00
2025-04-19 05:00:00,14.75,37.00
2025-04-19 06:00:00,15.00,37.00
2025-04-19 07:00:00,19.00,48.50
2025-04-19 08:00:00,22.25,56.25
2025-04-19 09:00:00,24.25,60.25
2025-04-19 10:00:00,28.75,72.00
2025-04-19 11:00:00,30.00,75.50
2025-04-19 12:00:00,29.00,73.00
2025-04-19 13:00:00,27.75,69.50
2025-04-19 14:00:00,24.00,59.67
2025-04-19 15:00:00,23.25,58.75
2025-04-19 16:00:00,21.00,52.25
2025-04-19 17:00:00,21.00,52.75
2025-04-19 18:00:00,21.75,53.75
2025-04-19 19:00:00,23.00,56.75
2025-04-19 20:00:00,19.50,48.50
2025-04-19 21:00:00,17.50,43.00
2025-04-19 22:00:00,16.00,40.25
2025-04-19 23:00:00,15.50,39.75
2025-04-20 00:00:00,14.00,36.00
2025-04-20 01:00:00,13.50,34.25
2025-04-20 02:00:00,12.00,29.50
2025-04-20 03:00:00,12.00,30.50
2025-04-20 04:00:00,12.00,29.00
2025-04-20 05:00:00,12.50,30.50
2025-04-20 06:00:00,14.00,34.75
2025-04-20 07:00:00,15.75,38.50
2025-04-20 08:00:00,21.75,54.25
2025-04-20 09:00:00,24.25,61.50
2025-04-20 10:00:00,24.25,61.00
2025-04-20 11:00:00,22.25,55.50
2025-04-20 12:00:00,22.25,55.50
2025-04-20 13:00:00,19.50,49.25
2025-04-20 14:00:00,18.00,44.00
2025-04-20 15:00:00,17.75,43.50
2025-04-20 16:00:00,17.25,42.75
2025-04-20 17:00:00,17.50,43.50
2025-04-20 18:00:00,15.50,38.00
2025-04-20 19:00:00,14.00,35.00
2025-04-20 20:00:00,13.50,34.00
2025-04-20 21:00:00,12.00,30.75
2025-04-20 22:00:00,12.00,30.25
2025-04-20 23:00:00,11.75,30.25
2025-04-21 00:00:00,11.00,28.00
2025-04-21 01:00:00,11.25,28.25
2025-04-21 02:00:00,11.50,28.00
2025-04-21 03:00:00,10.00,24.75
2025-04-21 04:00:00,10.00,24.25
2025-04-21 05:00:00,10.50,26.50
2025-04-21 06:00:00,12.50,31.75
2025-04-21 07:00:00,13.75,33.75
2025-04-21 08:00:00,14.50,36.75
2025-04-21 09:00:00,21.25,53.50
2025-04-21 10:00:00,26.50,66.50
2025-04-21 11:00:00,24.00,60.50
2025-04-21 12:00:00,30.00,74.00
2025-04-21 13:00:00,29.33,72.33
2025-04-21 14:00:00,26.00,64.50
2025-04-21 15:00:00,21.75,55.25
2025-04-21 16:00:00,29.00,73.00
2025-04-21 17:00:00,31.25,78.50
2025-04-21 18:00:00,19.25,48.00
2025-04-21 19:00:00,16.75,41.25
2025-04-21 20:00:00,16.00,39.00
2025-04-21 21:00:00,16.00,39.25
2025-04-21 22:00:00,16.00,39.75
2025-04-21 23:00:00,16.75,41.25
2025-04-22 00:00:00,19.00,48.00
2025-04-22 01:00:00,17.25,43.75
2025-04-22 02:00:00,11.75,30.25
2025-04-22 03:00:00,14.00,35.25
2025-04-22 04:00:00,22.25,55.50
2025-04-22 05:00:00,17.00,43.25
2025-04-22 06:00:00,10.50,26.25
2025-04-22 07:00:00,18.25,45.75
2025-04-22 08:00:00,18.75,47.50
2025-04-22 09:00:00,18.25,46.50
2025-04-22 10:00:00,20.50,51.50
2025-04-22 11:00:00,25.00,62.00
2025-04-22 12:00:00,16.00,40.00
2025-04-22 13:00:00,18.50,46.00
2025-04-22 14:00:00,24.00,59.50
2025-04-22 15:00:00,18.00,46.00
2025-04-22 16:00:00,18.75,47.50
2025-04-22 17:00:00,19.75,49.00
2025-04-22 18:00:00,15.50,38.50
2025-04-22 19:00:00,15.00,36.50
2025-04-22 20:00:00,17.00,41.50
2025-04-22 21:00:00,14.00,34.50
2025-04-22 22:00:00,13.50,34.50
2025-04-22 23:00:00,11.25,28.25
2025-04-23 00:00:00,9.75,25.00
2025-04-23 01:00:00,10.75,27.75
2025-04-23 02:00:00,7.75,19.75
2025-04-23 03:00:00,10.00,25.00
2025-04-23 04:00:00,9.75,24.25
2025-04-23 05:00:00,8.75,21.50
2025-04-23 06:00:00,9.50,24.00
2025-04-23 07:00:00,15.50,39.75
2025-04-23 08:00:00,19.00,48.00
2025-04-23 09:00:00,17.25,42.25
2025-04-23 10:00:00,20.25,50.25
2025-04-23 11:00:00,18.25,45.75
2025-04-23 12:00:00,20.00,50.25
2025-04-23 13:00:00,21.75,54.25
2025-04-23 14:00:00,18.00,45.50
2025-04-23 15:00:00,16.75,41.25
2025-04-23 16:00:00,13.00,33.00
2025-04-23 17:00:00,13.25,33.75
2025-04-23 18:00:00,14.00,35.75
2025-04-23 19:00:00,13.00,32.25
2025-04-23 20:00:00,10.25,25.00
2025-04-23 21:00:00,11.25,28.75
2025-04-23 22:00:00,11.00,28.25
2025-04-23 23:00:00,8.75,22.00
2025-04-24 00:00:00,10.50,26.50
2025-04-24 01:00:00,9.00,22.00
2025-04-24 02:00:00,9.00,22.00
2025-04-24 03:00:00,9.00,22.00
2025-04-24 04:00:00,9.50,23.50
2025-04-24 05:00:00,11.25,28.25
2025-04-24 06:00:00,13.75,33.50
2025-04-24 07:00:00,19.50,48.25
2025-04-24 08:00:00,21.75,54.25
2025-04-24 09:00:00,24.50,61.75
2025-04-24 10:00:00,25.75,63.75
2025-04-24 11:00:00,24.25,61.25
2025-04-24 12:00:00,21.25,53.75
2025-04-24 13:00:00,18.75,46.50
2025-04-24 14:00:00,18.00,44.75
2025-04-24 15:00:00,18.50,45.50
2025-04-24 16:00:00,20.00,50.25
2025-04-24 17:00:00,19.25,48.75
2025-04-24 18:00:00,16.75,41.75
2025-04-24 19:00:00,15.50,39.50
2025-04-24 20:00:00,14.00,35.25
2025-04-24 21:00:00,13.75,35.25
2025-04-24 22:00:00,12.75,32.50
2025-04-24 23:00:00,11.75,30.00
2025-04-25 00:00:00,11.00,27.00
2025-04-25 01:00:00,10.50,25.75
2025-04-25 02:00:00,10.50,26.00
2025-04-25 03:00:00,13.50,34.25
2025-04-25 04:00:00,9.50,24.00
2025-04-25 05:00:00,11.75,29.00
2025-04-25 06:00:00,14.25,35.75
2025-04-25 07:00:00,16.75,42.25
2025-04-25 08:00:00,23.00,57.75
2025-04-25 09:00:00,26.00,66.00
2025-04-25 10:00:00,26.00,66.00
2025-04-25 11:00:00,25.50,64.25
2025-04-25 12:00:00,24.00,59.00
2025-04-25 13:00:00,22.50,55.25
2025-04-25 14:00:00,18.00,44.00
2025-04-25 15:00:00,23.75,58.50
2025-04-25 16:00:00,36.50,90.75
2025-04-25 17:00:00,22.50,56.00
2025-04-25 18:00:00,19.50,49.25
2025-04-25 19:00:00,16.50,41.75
2025-04-25 20:00:00,19.75,49.75
2025-04-25 21:00:00,14.50,36.25
2025-04-25 22:00:00,11.00,27.50
2025-04-25 23:00:00,13.50,33.75
2025-04-26 00:00:00,12.00,30.00
2025-04-26 01:00:00,12.00,29.75
2025-04-26 02:00:00,12.00,29.50
2025-04-26 03:00:00,11.25,29.00
2025-04-26 04:00:00,10.25,25.75
2025-04-26 05:00:00,14.00,34.00
2025-04-26 06:00:00,14.00,34.25
2025-04-26 07:00:00,15.50,39.00
2025-04-26 08:00:00,21.00,53.00
2025-04-26 09:00:00,27.00,67.00
2025-04-26 10:00:00,33.75,85.00
2025-04-26 11:00:00,27.50,68.25
2025-04-26 12:00:00,26.75,66.75
2025-04-26 13:00:00,19.00,48.25
2025-04-26 14:00:00,15.00,37.75
2025-04-26 15:00:00,13.50,34.50
2025-04-26 16:00:00,18.00,45.00
2025-04-26 17:00:00,17.50,43.50
2025-04-26 18:00:00,15.50,37.75
2025-04-26 19:00:00,13.00,31.75
2025-04-26 20:00:00,12.25,30.50
2025-04-26 21:00:00,17.00,42.00
2025-04-26 22:00:00,11.00,27.00
2025-04-26 23:00:00,10.25,25.25
2025-04-27 00:00:00,8.00,19.75
2025-04-27 01:00:00,7.50,18.25
2025-04-27 02:00:00,6.50,16.75
2025-04-27 03:00:00,8.00,19.00
2025-04-27 04:00:00,8.00,19.00
2025-04-27 05:00:00,7.75,18.50
2025-04-27 06:00:00,7.75,18.75
2025-04-27 07:00:00,10.25,25.00
2025-04-27 08:00:00,11.25,28.25
2025-04-27 09:00:00,12.00,29.50
2025-04-27 10:00:00,11.75,30.25
2025-04-27 11:00:00,11.75,29.75
2025-04-27 12:00:00,13.75,34.50
2025-04-27 13:00:00,12.75,32.50
2025-04-27 14:00:00,11.75,30.00
2025-04-27 15:00:00,10.25,25.25
2025-04-27 16:00:00,8.75,21.75
2025-04-27 17:00:00,11.25,27.75
2025-04-27 18:00:00,11.50,28.75
2025-04-27 19:00:00,9.25,23.00
2025-04-27 20:00:00,7.25,17.75
2025-04-27 21:00:00,7.75,19.50
2025-04-27 22:00:00,7.25,18.25
2025-04-27 23:00:00,7.25,17.25
2025-04-28 00:00:00,5.25,12.50
2025-04-28 01:00:00,6.00,14.00
2025-04-28 02:00:00,5.00,12.00
2025-04-28 03:00:00,2.00,6.00
2025-04-28 04:00:00,2.25,6.50
2025-04-28 05:00:00,4.00,10.50
2025-04-28 06:00:00,7.00,17.75
2025-04-28 07:00:00,8.00,19.75
2025-04-28 08:00:00,11.00,28.00
2025-04-28 09:00:00,12.25,31.00
2025-04-28 10:00:00,15.50,39.00
2025-04-28 11:00:00,15.00,38.00
2025-04-28 12:00:00,15.75,39.25
2025-04-28 13:00:00,11.25,29.00
2025-04-28 14:00:00,8.75,22.00
2025-04-28 15:00:00,8.25,20.00
2025-04-28 16:00:00,10.00,25.50
2025-04-28 17:00:00,12.25,31.00
2025-04-28 18:00:00,10.00,25.00
2025-04-28 19:00:00,9.50,23.75
2025-04-28 20:00:00,8.00,20.00
2025-04-28 21:00:00,8.00,19.75
2025-04-28 22:00:00,7.50,17.75
2025-04-28 23:00:00,6.50,15.25
2025-04-29 00:00:00,7.75,18.50
2025-04-29 01:00:00,6.25,15.00
2025-04-29 02:00:00,4.00,9.00
2025-04-29 03:00:00,4.00,9.50
2025-04-29 04:00:00,4.50,12.25
2025-04-29 05:00:00,6.50,16.75
2025-04-29 06:00:00,9.50,22.75
2025-04-29 07:00:00,14.50,35.75
2025-04-29 08:00:00,15.75,40.25
2025-04-29 09:00:00,15.25,38.50
2025-04-29 10:00:00,16.00,40.25
2025-04-29 11:00:00,15.75,40.25
2025-04-29 12:00:00,13.75,34.75
2025-04-29 13:00:00,10.50,26.25
2025-04-29 14:00:00,12.00,30.00
2025-04-29 15:00:00,12.00,30.00
2025-04-29 16:00:00,12.00,29.75
2025-04-29 17:00:00,12.00,29.00
2025-04-29 18:00:00,12.00,29.00
2025-04-29 19:00:00,11.75,28.75
2025-04-29 20:00:00,11.00,28.00
2025-04-29 21:00:00,9.75,24.50
2025-04-29 22:00:00,6.00,14.00
2025-04-29 23:00:00,5.25,12.50
2025-04-30 00:00:00,3.00,8.00
2025-04-30 01:00:00,3.00,8.00
2025-04-30 02:00:00,3.75,10.00
2025-04-30 03:00:00,5.50,14.25
2025-04-30 04:00:00,4.50,10.75
2025-04-30 05:00:00,7.00,18.00
2025-04-30 06:00:00,11.00,27.00
2025-04-30 07:00:00,13.50,34.75
2025-04-30 08:00:00,14.00,35.75
2025-04-30 09:00:00,20.25,50.75
2025-04-30 10:00:00,20.25,51.25
2025-04-30 11:00:00,19.25,49.00
2025-04-30 12:00:00,22.75,57.25
2025-04-30 13:00:00,20.50,51.50
2025-04-30 14:00:00,17.75,45.00
2025-04-30 15:00:00,24.25,60.25
2025-04-30 16:00:00,29.25,73.25
2025-04-30 17:00:00,28.75,72.00
2025-04-30 18:00:00,15.75,38.75
2025-04-30 19:00:00,14.25,35.75
2025-04-30 20:00:00,11.25,27.25
2025-04-30 21:00:00,9.75,23.75
2025-04-30 22:00:00,10.75,26.25
2025-04-30 23:00:00,7.00,18.00
2025-05-01 00:00:00,8.00,19.00
2025-05-01 01:00:00,7.00,17.00
2025-05-01 02:00:00,4.50,12.25
2025-05-01 03:00:00,6.50,16.75
2025-05-01 04:00:00,7.25,17.25
2025-05-01 05:00:00,5.75,13.75
2025-05-01 06:00:00,10.00,24.25
2025-05-01 07:00:00,17.50,44.00
2025-05-01 08:00:00,21.25,53.75
2025-05-01 09:00:00,19.75,49.00
2025-05-01 10:00:00,22.00,55.25
2025-05-01 11:00:00,23.00,58.50
2025-05-01 12:00:00,25.50,64.75
2025-05-01 13:00:00,23.50,59.75
2025-05-01 14:00:00,21.50,54.75
2025-05-01 15:00:00,19.25,48.75
2025-05-01 16:00:00,17.50,43.25
2025-05-01 17:00:00,17.25,43.00
2025-05-01 18:00:00,11.50,29.25
2025-05-01 19:00:00,10.75,26.25
2025-05-01 20:00:00,12.25,31.00
2025-05-01 21:00:00,10.00,24.75
2025-05-01 22:00:00,9.50,23.00
2025-05-01 23:00:00,8.25,20.50
2025-05-02 00:00:00,9.00,22.00
2025-05-02 01:00:00,8.00,19.75
2025-05-02 02:00:00,5.00,12.75
2025-05-02 03:00:00,5.50,13.25
2025-05-02 04:00:00,7.25,17.50
2025-05-02 05:00:00,8.75,21.00
2025-05-02 06:00:00,11.25,27.75
2025-05-02 07:00:00,13.50,34.00
2025-05-02 08:00:00,17.75,45.00
2025-05-02 09:00:00,17.75,44.00
2025-05-02 10:00:00,19.50,49.00
2025-05-02 11:00:00,19.00,48.50
2025-05-02 12:00:00,22.25,56.25
2025-05-02 13:00:00,22.75,56.50
2025-05-02 14:00:00,21.00,52.25
2025-05-02 15:00:00,17.50,43.00
2025-05-02 16:00:00,15.00,37.50
2025-05-02 17:00:00,11.75,29.50
2025-05-02 18:00:00,10.50,26.75
2025-05-02 19:00:00,9.50,24.00
2025-05-02 20:00:00,10.50,25.75
2025-05-02 21:00:00,9.25,22.50
2025-05-02 22:00:00,9.75,23.50
2025-05-02 23:00:00,9.50,23.50
2025-05-03 00:00:00,10.25,25.75
2025-05-03 01:00:00,8.00,19.00
2025-05-03 02:00:00,8.00,19.25
2025-05-03 03:00:00,8.50,21.25
2025-05-03 04:00:00,10.00,25.00
2025-05-03 05:00:00,10.50,26.50
2025-05-03 06:00:00,13.00,33.00
2025-05-03 07:00:00,17.00,41.75
2025-05-03 08:00:00,20.00,50.25
2025-05-03 09:00:00,21.00,53.50
2025-05-03 10:00:00,24.50,61.75
2025-05-03 11:00:00,27.50,67.75
2025-05-03 12:00:00,31.50,78.00
2025-05-03 13:00:00,32.00,80.00
2025-05-03 14:00:00,36.75,92.00
2025-05-03 15:00:00,31.00,78.00
2025-05-03 16:00:00,26.25,65.75
2025-05-03 17:00:00,28.25,69.75
2025-05-03 18:00:00,22.00,54.75
2025-05-03 19:00:00,19.25,48.75
2025-05-03 20:00:00,19.00,48.50
2025-05-03 21:00:00,15.50,39.50
2025-05-03 22:00:00,14.00,34.75
2025-05-03 23:00:00,12.25,30.00
2025-05-04 00:00:00,8.00,20.50
2025-05-04 01:00:00,10.00,25.25
2025-05-04 02:00:00,7.50,18.50
2025-05-04 03:00:00,9.25,23.25
2025-05-04 04:00:00,10.25,24.75
2025-05-04 05:00:00,11.75,28.75
2025-05-04 06:00:00,14.75,36.00
2025-05-04 07:00:00,18.25,45.25
2025-05-04 08:00:00,23.00,57.75
2025-05-04 09:00:00,28.00,70.50
2025-05-04 10:00:00,33.00,81.75
2025-05-04 11:00:00,29.75,74.50
2025-05-04 12:00:00,28.25,70.75
2025-05-04 13:00:00,28.00,69.25
2025-05-04 14:00:00,50.75,126.75
2025-05-04 15:00:00,92.00,229.50
2025-05-04 16:00:00,58.75,146.75
2025-05-04 17:00:00,36.25,91.50
2025-05-04 18:00:00,29.00,73.00
2025-05-04 19:00:00,36.50,91.75
2025-05-04 20:00:00,20.75,52.25
2025-05-04 21:00:00,13.00,32.50
2025-05-04 22:00:00,9.75,24.50
2025-05-04 23:00:00,9.25,23.50
2025-05-05 00:00:00,10.25,25.50
2025-05-05 01:00:00,11.00,27.25
2025-05-05 02:00:00,11.50,29.25
2025-05-05 03:00:00,12.75,32.25
2025-05-05 04:00:00,18.25,45.50
2025-05-05 05:00:00,32.50,81.00
2025-05-05 06:00:00,16.75,42.00
2025-05-05 07:00:00,11.00,27.00
2025-05-05 08:00:00,14.50,37.25
2025-05-05 09:00:00,17.00,43.50
2025-05-05 10:00:00,21.50,54.75
2025-05-05 11:00:00,25.25,64.00
2025-05-05 12:00:00,25.75,64.75
2025-05-05 13:00:00,32.25,80.50
2025-05-05 14:00:00,26.25,65.50
2025-05-05 15:00:00,24.00,60.50
2025-05-05 16:00:00,23.00,56.75
2025-05-05 17:00:00,20.00,50.00
2025-05-05 18:00:00,19.50,48.75
2025-05-05 19:00:00,18.00,45.00
2025-05-05 20:00:00,19.50,49.00
2025-05-05 21:00:00,21.50,54.75
2025-05-05 22:00:00,14.50,37.00
2025-05-05 23:00:00,14.50,36.25
2025-05-06 00:00:00,10.25,25.50
2025-05-06 01:00:00,10.75,26.50
2025-05-06 02:00:00,10.25,25.50
2025-05-06 03:00:00,10.50,25.75
2025-05-06 04:00:00,9.75,24.25
2025-05-06 05:00:00,13.00,33.00
2025-05-06 06:00:00,15.50,38.25
2025-05-06 07:00:00,14.50,37.25
2025-05-06 08:00:00,17.25,44.00
2025-05-06 09:00:00,21.75,55.00
2025-05-06 10:00:00,23.25,59.00
2025-05-06 11:00:00,21.25,53.75
2025-05-06 12:00:00,22.25,56.50
2025-05-06 13:00:00,22.75,57.50
2025-05-06 14:00:00,21.25,54.00
2025-05-06 15:00:00,18.75,47.00
2025-05-06 16:00:00,17.50,42.75
2025-05-06 17:00:00,16.00,39.00
2025-05-06 18:00:00,15.50,38.00
2025-05-06 19:00:00,14.50,36.00
2025-05-06 20:00:00,16.00,39.50
2025-05-06 21:00:00,19.00,48.25
2025-05-06 22:00:00,30.00,75.25
2025-05-06 23:00:00,32.25,81.25
2025-05-07 00:00:00,18.50,46.00
2025-05-07 01:00:00,10.75,27.00
2025-05-07 02:00:00,9.75,23.75
2025-05-07 03:00:00,9.00,23.00
2025-05-07 04:00:00,8.50,21.75
2025-05-07 05:00:00,7.75,19.75
2025-05-07 06:00:00,11.50,29.00
2025-05-07 07:00:00,16.00,41.00
2025-05-07 08:00:00,17.50,44.50
2025-05-07 09:00:00,21.50,54.00
2025-05-07 10:00:00,20.25,51.50
2025-05-07 11:00:00,20.50,51.75
2025-05-07 12:00:00,20.25,50.75
2025-05-07 13:00:00,23.25,57.25
2025-05-07 14:00:00,19.75,49.25
2025-05-07 15:00:00,15.50,39.25
2025-05-07 16:00:00,14.00,34.50
2025-05-07 17:00:00,15.00,38.25
2025-05-07 18:00:00,18.00,45.25
2025-05-07 19:00:00,17.25,44.00
2025-05-07 20:00:00,15.25,38.50
2025-05-07 21:00:00,17.25,43.25
2025-05-07 22:00:00,20.25,51.25
2025-05-07 23:00:00,17.00,43.25
2025-05-08 00:00:00,14.50,36.00
2025-05-08 01:00:00,16.50,40.50
2025-05-08 02:00:00,16.50,41.25
2025-05-08 03:00:00,12.00,30.25
2025-05-08 04:00:00,13.50,34.25
2025-05-08 05:00:00,18.25,44.75
2025-05-08 06:00:00,19.25,47.75
2025-05-08 07:00:00,22.00,54.75
2025-05-08 08:00:00,29.00,71.50
2025-05-08 09:00:00,33.50,83.25
2025-05-08 10:00:00,37.75,95.00
2025-05-08 11:00:00,40.33,100.67
2025-05-08 12:00:00,43.75,110.00
2025-05-08 13:00:00,33.00,83.25
2025-05-08 14:00:00,30.00,74.75
2025-05-08 15:00:00,29.00,72.00
2025-05-08 16:00:00,25.25,64.00
2025-05-08 17:00:00,21.75,55.00
2025-05-08 18:00:00,19.75,50.00
2025-05-08 19:00:00,25.50,63.25
2025-05-08 20:00:00,27.25,67.75
2025-05-08 21:00:00,30.50,76.50
2025-05-08 22:00:00,36.50,91.75
2025-05-08 23:00:00,31.00,76.75
2025-05-09 00:00:00,25.75,64.50
2025-05-09 01:00:00,18.25,46.00
2025-05-09 02:00:00,15.50,38.50
2025-05-09 03:00:00,14.75,36.00
2025-05-09 04:00:00,15.75,39.00
2025-05-09 05:00:00,13.25,33.00
2025-05-09 06:00:00,18.25,45.50
2025-05-09 07:00:00,21.50,54.75
2025-05-09 08:00:00,22.75,57.50
2025-05-09 09:00:00,30.75,76.25
2025-05-09 10:00:00,33.25,82.25
2025-05-09 11:00:00,42.75,106.50
2025-05-09 12:00:00,40.75,101.75
2025-05-09 13:00:00,35.75,88.75
2025-05-09 14:00:00,32.25,80.00
2025-05-09 15:00:00,34.75,87.50
2025-05-09 16:00:00,38.00,96.00
2025-05-09 17:00:00,31.00,78.00
2025-05-09 18:00:00,27.00,67.00
2025-05-09 19:00:00,23.75,60.00
2025-05-09 20:00:00,23.25,57.50
2025-05-09 21:00:00,23.00,56.75
2025-05-09 22:00:00,20.50,51.25
2025-05-09 23:00:00,21.00,52.25
2025-05-10 00:00:00,16.75,41.25
2025-05-10 01:00:00,13.00,33.00
2025-05-10 02:00:00,13.75,35.00
2025-05-10 03:00:00,16.50,42.00
2025-05-10 04:00:00,17.50,44.00
2025-05-10 05:00:00,16.25,41.25
2025-05-10 06:00:00,19.50,48.25
2025-05-10 07:00:00,28.25,70.50
2025-05-10 08:00:00,31.50,79.25
2025-05-10 09:00:00,30.50,75.50
2025-05-10 10:00:00,30.50,76.00
2025-05-10 11:00:00,26.50,65.50
2025-05-10 12:00:00,28.25,70.50
2025-05-10 13:00:00,30.25,75.25
2025-05-10 14:00:00,34.00,84.67
2025-05-10 15:00:00,33.25,82.25
2025-05-10 16:00:00,29.25,73.00
2025-05-10 17:00:00,24.50,61.75
2025-05-10 18:00:00,25.00,62.00
2025-05-10 19:00:00,21.50,54.50
2025-05-10 20:00:00,19.50,49.00
2025-05-10 21:00:00,18.25,46.50
2025-05-10 22:00:00,18.75,47.50
2025-05-10 23:00:00,18.50,47.00
2025-05-11 00:00:00,19.75,49.25
2025-05-11 01:00:00,18.75,46.25
2025-05-11 02:00:00,16.75,41.25
2025-05-11 03:00:00,13.75,35.00
2025-05-11 04:00:00,17.25,43.75
2025-05-11 05:00:00,21.00,52.25
2025-05-11 06:00:00,22.25,56.25
2025-05-11 07:00:00,26.00,66.00
2025-05-11 08:00:00,27.50,69.75
2025-05-11 09:00:00,31.00,78.25
2025-05-11 10:00:00,28.25,70.50
2025-05-11 11:00:00,29.75,74.25
2025-05-11 12:00:00,31.75,80.25
2025-05-11 13:00:00,32.25,81.25
2025-05-11 14:00:00,35.50,89.75
2025-05-11 15:00:00,34.50,86.75
2025-05-11 16:00:00,34.50,85.25
2025-05-11 17:00:00,29.50,73.00
2025-05-11 18:00:00,26.75,66.75
2025-05-11 19:00:00,23.25,58.00
2025-05-11 20:00:00,24.50,62.25
2025-05-11 21:00:00,26.50,67.00
2025-05-11 22:00:00,26.75,66.75
2025-05-11 23:00:00,22.00,54.50
2025-05-12 00:00:00,18.25,45.25
2025-05-12 01:00:00,16.00,40.00
2025-05-12 02:00:00,15.75,39.50
2025-05-12 03:00:00,15.75,40.00
2025-05-12 04:00:00,17.75,45.00
2025-05-12 05:00:00,17.25,43.00
2025-05-12 06:00:00,18.75,47.50
2025-05-12 07:00:00,22.25,55.00
2025-05-12 08:00:00,27.50,67.75
2025-05-12 09:00:00,32.00,79.25
2025-05-12 10:00:00,31.75,79.50
2025-05-12 11:00:00,32.25,80.75
2025-05-12 12:00:00,38.00,94.67
2025-05-12 13:00:00,40.50,102.00
2025-05-12 14:00:00,35.00,87.50
2025-05-12 15:00:00,31.25,78.00
2025-05-12 16:00:00,29.75,74.00
2025-05-12 17:00:00,32.50,81.25
2025-05-12 18:00:00,35.00,87.50
2025-05-12 19:00:00,38.00,94.75
2025-05-12 20:00:00,37.50,93.25
2025-05-12 21:00:00,36.00,90.50
2025-05-12 22:00:00,35.50,88.00
2025-05-12 23:00:00,31.75,79.25
2025-05-13 00:00:00,23.75,59.00
2025-05-13 01:00:00,19.00,47.75
2025-05-13 02:00:00,16.50,41.75
2025-05-13 03:00:00,16.50,40.75
2025-05-13 04:00:00,13.00,33.50
2025-05-13 05:00:00,17.25,43.75
2025-05-13 06:00:00,22.25,55.00
2025-05-13 07:00:00,27.00,66.75
2025-05-13 08:00:00,30.75,77.00
2025-05-13 09:00:00,33.50,84.25
2025-05-13 10:00:00,34.75,87.25
2025-05-13 11:00:00,37.67,94.00
2025-05-13 12:00:00,43.75,109.00
2025-05-13 13:00:00,38.00,95.25
2025-05-13 14:00:00,31.50,79.50
2025-05-13 15:00:00,30.25,75.50
2025-05-13 16:00:00,31.75,79.00
2025-05-13 17:00:00,33.25,83.00
2025-05-13 18:00:00,30.00,74.75
2025-05-13 19:00:00,26.00,65.25
2025-05-13 20:00:00,23.25,57.50
2025-05-13 21:00:00,24.00,59.50
2025-05-13 22:00:00,24.25,61.25
2025-05-13 23:00:00,24.75,61.25
2025-05-14 00:00:00,24.00,59.00
2025-05-14 01:00:00,25.50,62.75
2025-05-14 02:00:00,26.50,65.25
2025-05-14 03:00:00,15.00,36.75
2025-05-14 04:00:00,12.50,31.50
2025-05-14 05:00:00,14.50,36.75
2025-05-14 06:00:00,16.75,41.25
2025-05-14 07:00:00,23.25,58.25
2025-05-14 08:00:00,34.50,85.25
2025-05-14 09:00:00,31.50,77.75
2025-05-14 10:00:00,35.50,87.75
2025-05-14 11:00:00,34.00,84.00
2025-05-14 12:00:00,33.25,82.25
2025-05-14 13:00:00,29.75,74.25
2025-05-14 14:00:00,25.75,65.25
2025-05-14 15:00:00,25.75,64.75
2025-05-14 16:00:00,28.50,71.00
2025-05-14 17:00:00,29.75,73.75
2025-05-14 18:00:00,26.75,67.50
2025-05-14 19:00:00,20.50,52.00
2025-05-14 20:00:00,21.00,52.75
2025-05-14 21:00:00,18.00,45.75
2025-05-14 22:00:00,18.00,45.00
2025-05-14 23:00:00,17.00,42.50
2025-05-15 00:00:00,13.50,33.50
2025-05-15 01:00:00,12.50,30.50
2025-05-15 02:00:00,13.25,33.25
2025-05-15 03:00:00,11.50,29.25
2025-05-15 04:00:00,14.75,37.50
2025-05-15 05:00:00,18.50,46.75
2025-05-15 06:00:00,15.75,38.75
2025-05-15 07:00:00,22.50,56.75
2025-05-15 08:00:00,28.25,71.00
2025-05-15 09:00:00,32.75,82.00
2025-05-15 10:00:00,37.00,93.00
2025-05-15 11:00:00,42.25,105.75
2025-05-15 12:00:00,39.00,96.50
2025-05-15 13:00:00,35.00,86.50
2025-05-15 14:00:00,30.00,74.50
2025-05-15 15:00:00,23.75,60.25
2025-05-15 16:00:00,25.00,62.75
2025-05-15 17:00:00,29.00,72.25
2025-05-15 18:00:00,22.50,56.75
2025-05-15 19:00:00,22.25,56.25
2025-05-15 20:00:00,25.50,64.25
2025-05-15 21:00:00,21.00,51.50
2025-05-15 22:00:00,12.75,31.25
2025-05-15 23:00:00,14.50,36.75
2025-05-16 00:00:00,12.75,32.00
2025-05-16 01:00:00,12.50,30.25
2025-05-16 02:00:00,15.00,37.00
2025-05-16 03:00:00,18.25,46.50
2025-05-16 04:00:00,20.00,50.50
2025-05-16 05:00:00,23.25,58.75
2025-05-16 06:00:00,24.75,62.75
2025-05-16 07:00:00,29.25,73.75
2025-05-16 08:00:00,34.00,85.75
2025-05-16 09:00:00,27.00,67.75
2025-05-16 10:00:00,26.25,66.50
2025-05-16 11:00:00,50.25,125.75
2025-05-16 12:00:00,88.00,219.00
2025-05-16 13:00:00,41.33,102.33
2025-05-16 14:00:00,31.75,78.75
2025-05-16 15:00:00,31.25,78.50
2025-05-16 16:00:00,32.00,80.00
2025-05-16 17:00:00,33.00,82.50
2025-05-16 18:00:00,34.25,85.50
2025-05-16 19:00:00,27.25,68.00
2025-05-16 20:00:00,21.25,53.75
2025-05-16 21:00:00,18.75,46.50
2025-05-16 22:00:00,18.00,45.00
2025-05-16 23:00:00,18.00,45.00
2025-05-17 00:00:00,19.25,48.00
2025-05-17 01:00:00,19.50,48.25
2025-05-17 02:00:00,8.50,20.75
2025-05-17 03:00:00,6.75,16.25
2025-05-17 04:00:00,5.25,12.50
2025-05-17 05:00:00,3.25,8.75
2025-05-17 06:00:00,6.75,17.75
2025-05-17 07:00:00,18.25,46.00
2025-05-17 08:00:00,28.25,70.75
2025-05-17 09:00:00,33.75,84.50
2025-05-17 10:00:00,48.00,119.00
2025-05-17 11:00:00,45.50,112.75
2025-05-17 12:00:00,36.00,89.00
2025-05-17 13:00:00,30.00,74.00
2025-05-17 14:00:00,30.25,75.00
2025-05-17 15:00:00,30.50,76.50
2025-05-17 16:00:00,27.50,68.50
2025-05-17 17:00:00,21.75,55.00
2025-05-17 18:00:00,19.00,48.25
2025-05-17 19:00:00,22.50,56.50
2025-05-17 20:00:00,23.50,59.50
2025-05-17 21:00:00,21.75,54.50
2025-05-17 22:00:00,20.50,51.50
2025-05-17 23:00:00,17.50,43.50
2025-05-18 00:00:00,11.50,29.00
2025-05-18 01:00:00,8.25,20.50
2025-05-18 02:00:00,10.75,27.75
2025-05-18 03:00:00,7.00,17.75
2025-05-18 04:00:00,7.25,17.75
2025-05-18 05:00:00,7.75,19.50
2025-05-18 06:00:00,8.25,21.25
2025-05-18 07:00:00,14.25,36.25
2025-05-18 08:00:00,20.25,50.00
2025-05-18 09:00:00,18.25,44.75
2025-05-18 10:00:00,19.00,47.00
2025-05-18 11:00:00,19.75,49.00
2025-05-18 12:00:00,24.00,59.75
2025-05-18 13:00:00,31.00,76.75
2025-05-18 14:00:00,35.50,88.75
2025-05-18 15:00:00,45.00,112.50
2025-05-18 16:00:00,54.50,136.00
2025-05-18 17:00:00,35.00,87.00
2025-05-18 18:00:00,26.25,66.25
2025-05-18 19:00:00,25.50,63.25
2025-05-18 20:00:00,19.25,47.50
2025-05-18 21:00:00,14.00,34.00
2025-05-18 22:00:00,12.00,29.00
2025-05-18 23:00:00,5.25,12.50
2025-05-19 00:00:00,3.00,8.00
2025-05-19 01:00:00,4.75,12.25
2025-05-19 02:00:00,10.00,24.75
2025-05-19 03:00:00,10.00,24.25
2025-05-19 04:00:00,10.00,24.75
2025-05-19 05:00:00,10.00,24.00
2025-05-19 06:00:00,9.75,23.75
2025-05-19 07:00:00,9.50,24.00
2025-05-19 08:00:00,11.50,28.50
2025-05-19 09:00:00,13.50,34.25
2025-05-19 10:00:00,16.75,42.50
2025-05-19 11:00:00,20.50,52.25
2025-05-19 12:00:00,15.00,38.50
2025-05-19 13:00:00,10.33,26.67
2025-05-19 14:00:00,6.75,17.00
2025-05-19 15:00:00,9.00,21.50
2025-05-19 16:00:00,18.25,44.75
2025-05-19 17:00:00,20.50,50.75
2025-05-19 18:00:00,23.25,57.75
2025-05-19 19:00:00,15.50,38.75
2025-05-19 20:00:00,11.75,29.25
2025-05-19 21:00:00,23.75,58.75
2025-05-19 22:00:00,27.25,67.25
2025-05-19 23:00:00,29.00,72.25
2025-05-20 00:00:00,21.00,53.00
2025-05-20 01:00:00,15.75,39.75
2025-05-20 02:00:00,17.50,43.50
2025-05-20 03:00:00,16.00,39.25
2025-05-20 04:00:00,16.00,40.25
2025-05-20 05:00:00,17.25,43.75
2025-05-20 06:00:00,20.75,51.50
2025-05-20 07:00:00,19.50,48.50
2025-05-20 08:00:00,18.00,44.25
2025-05-20 09:00:00,18.50,46.25
2025-05-20 10:00:00,19.50,48.50
2025-05-20 11:00:00,18.50,45.50
2025-05-20 12:00:00,20.25,50.75
2025-05-20 13:00:00,20.25,50.75
2025-05-20 14:00:00,17.25,42.50
2025-05-20 15:00:00,14.25,35.75
2025-05-20 16:00:00,12.00,29.00
2025-05-20 17:00:00,13.50,33.00
2025-05-20 18:00:00,18.50,46.25
2025-05-20 19:00:00,17.50,43.75
2025-05-20 20:00:00,8.50,21.00
2025-05-20 21:00:00,5.00,11.75
2025-05-20 22:00:00,7.25,18.00
2025-05-20 23:00:00,10.75,26.25
2025-05-21 00:00:00,22.25,55.00
2025-05-21 01:00:00,4.75,12.50
2025-05-21 02:00:00,4.00,10.50
2025-05-21 03:00:00,4.50,10.25
2025-05-21 04:00:00,6.00,14.00
2025-05-21 05:00:00,6.75,16.00
2025-05-21 06:00:00,9.25,22.50
2025-05-21 07:00:00,10.50,25.50
2025-05-21 08:00:00,13.50,33.50
2025-05-21 09:00:00,18.25,44.75
2025-05-21 10:00:00,18.00,44.75
2025-05-21 11:00:00,14.75,37.50
2025-05-21 12:00:00,14.00,35.75
2025-05-21 13:00:00,13.50,33.75
2025-05-21 14:00:00,12.25,30.75
2025-05-21 15:00:00,13.25,33.75
2025-05-21 16:00:00,15.50,39.50
2025-05-21 17:00:00,21.50,53.50
2025-05-21 18:00:00,24.00,59.50
2025-05-21 19:00:00,19.00,48.25
2025-05-21 20:00:00,21.50,53.75
2025-05-21 21:00:00,22.75,57.00
2025-05-21 22:00:00,32.75,82.00
2025-05-21 23:00:00,34.75,86.25
2025-05-22 00:00:00,24.00,60.50
2025-05-22 01:00:00,20.75,52.50
2025-05-22 02:00:00,19.75,50.00
2025-05-22 03:00:00,18.25,45.50
2025-05-22 04:00:00,15.50,39.50
2025-05-22 05:00:00,14.75,36.75
2025-05-22 06:00:00,20.00,49.50
2025-05-22 07:00:00,30.25,75.50
2025-05-22 08:00:00,34.00,85.75
2025-05-22 09:00:00,33.75,84.50
2025-05-22 10:00:00,33.33,83.33
2025-05-22 11:00:00,34.00,84.50
2025-05-22 12:00:00,35.00,88.25
2025-05-22 13:00:00,37.50,93.50
2025-05-22 14:00:00,36.00,89.00
2025-05-22 15:00:00,36.50,90.50
2025-05-22 16:00:00,40.25,100.75
2025-05-22 17:00:00,46.00,115.25
2025-05-22 18:00:00,41.75,104.00
2025-05-22 19:00:00,38.50,96.25
2025-05-22 20:00:00,39.75,99.25
2025-05-22 21:00:00,37.75,93.75
2025-05-22 22:00:00,34.00,84.00
2025-05-22 23:00:00,32.75,81.00
2025-05-23 00:00:00,28.00,69.75
2025-05-23 01:00:00,24.25,61.25
2025-05-23 02:00:00,21.50,54.50
2025-05-23 03:00:00,20.50,51.50
2025-05-23 04:00:00,22.00,56.00
2025-05-23 05:00:00,21.75,55.25
2025-05-23 06:00:00,23.50,59.25
2025-05-23 07:00:00,31.25,78.75
2025-05-23 08:00:00,33.25,83.75
2025-05-23 09:00:00,36.25,90.00
2025-05-23 10:00:00,33.75,83.75
2025-05-23 11:00:00,33.25,83.75
2025-05-23 12:00:00,35.50,89.75
2025-05-23 13:00:00,39.75,100.00
2025-05-23 14:00:00,38.00,94.75
2025-05-23 15:00:00,34.25,86.25
2025-05-23 16:00:00,34.25,86.25
2025-05-23 17:00:00,39.25,97.75
2025-05-23 18:00:00,32.75,81.75
2025-05-23 19:00:00,27.75,69.25
2025-05-23 20:00:00,23.25,58.75
2025-05-23 21:00:00,20.25,50.00
2025-05-23 22:00:00,14.75,36.00
2025-05-23 23:00:00,5.00,12.00
2025-05-24 00:00:00,4.75,11.25
2025-05-24 01:00:00,4.25,9.75
2025-05-24 02:00:00,4.50,11.00
2025-05-24 03:00:00,3.25,8.25
2025-05-24 04:00:00,4.50,10.75
2025-05-24 05:00:00,6.75,17.75
2025-05-24 06:00:00,10.25,26.25
2025-05-24 07:00:00,14.25,36.50
2025-05-24 08:00:00,15.00,38.00
2025-05-24 09:00:00,NA,NA
2025-05-24 10:00:00,NA,NA
2025-05-24 11:00:00,NA,NA
2025-05-24 12:00:00,NA,NA
2025-05-24 13:00:00,NA,NA
2025-05-24 14:00:00,NA,NA
2025-05-24 15:00:00,NA,NA
2025-05-24 16:00:00,NA,NA
2025-05-24 17:00:00,NA,NA
2025-05-24 18:00:00,18.00,45.00
2025-05-24 19:00:00,16.75,42.00
2025-05-24 20:00:00,13.25,33.25
2025-05-24 21:00:00,13.75,33.75
2025-05-24 22:00:00,13.75,35.00
2025-05-24 23:00:00,17.00,43.25
2025-05-25 00:00:00,18.00,45.00
2025-05-25 01:00:00,11.50,28.75
2025-05-25 02:00:00,9.00,22.25
2025-05-25 03:00:00,7.00,16.75
2025-05-25 04:00:00,9.50,23.75
2025-05-25 05:00:00,9.25,23.25
2025-05-25 06:00:00,13.25,33.25
2025-05-25 07:00:00,14.00,34.50
2025-05-25 08:00:00,15.00,38.25
2025-05-25 09:00:00,17.50,43.75
2025-05-25 10:00:00,15.50,38.50
2025-05-25 11:00:00,14.50,35.50
2025-05-25 12:00:00,16.50,41.25
2025-05-25 13:00:00,17.00,42.25
2025-05-25 14:00:00,15.00,36.75
2025-05-25 15:00:00,17.25,43.25
2025-05-25 16:00:00,14.25,36.25
2025-05-25 17:00:00,12.00,31.00
2025-05-25 18:00:00,12.25,31.50
2025-05-25 19:00:00,14.25,35.75
2025-05-25 20:00:00,19.00,47.00
2025-05-25 21:00:00,18.75,47.75
2025-05-25 22:00:00,8.50,21.75
2025-05-25 23:00:00,6.25,15.75
2025-05-26 00:00:00,4.50,10.25
2025-05-26 01:00:00,5.50,13.25
2025-05-26 02:00:00,4.50,11.75
2025-05-26 03:00:00,6.50,15.50
2025-05-26 04:00:00,7.75,19.50
2025-05-26 05:00:00,7.25,18.25
2025-05-26 06:00:00,8.75,21.00
2025-05-26 07:00:00,13.25,33.00
2025-05-26 08:00:00,21.25,54.00
2025-05-26 09:00:00,24.75,62.50
2025-05-26 10:00:00,24.25,61.50
2025-05-26 11:00:00,26.50,66.50
2025-05-26 12:00:00,30.50,75.75
2025-05-26 13:00:00,27.00,67.00
2025-05-26 14:00:00,20.25,50.50
2025-05-26 15:00:00,19.25,48.75
2025-05-26 16:00:00,26.75,66.75
2025-05-26 17:00:00,39.50,99.75
2025-05-26 18:00:00,39.25,99.00
2025-05-26 19:00:00,26.75,67.50
2025-05-26 20:00:00,29.75,75.25
2025-05-26 21:00:00,22.75,57.50
2025-05-26 22:00:00,19.00,48.25
2025-05-26 23:00:00,9.50,23.50
2025-05-27 00:00:00,9.00,21.75
2025-05-27 01:00:00,10.75,27.00
2025-05-27 02:00:00,7.00,18.00
2025-05-27 03:00:00,7.00,18.00
2025-05-27 04:00:00,6.25,15.75
2025-05-27 05:00:00,5.75,13.75
2025-05-27 06:00:00,13.50,34.25
2025-05-27 07:00:00,21.50,54.25
2025-05-27 08:00:00,24.50,61.75
2025-05-27 09:00:00,34.25,85.75
2025-05-27 10:00:00,45.25,112.50
2025-05-27 11:00:00,35.25,88.25
2025-05-27 12:00:00,48.50,120.50
2025-05-27 13:00:00,47.50,118.50
2025-05-27 14:00:00,46.75,116.25
2025-05-27 15:00:00,69.75,174.75
2025-05-27 16:00:00,73.00,182.25
2025-05-27 17:00:00,56.50,140.25
2025-05-27 18:00:00,45.50,113.25
2025-05-27 19:00:00,22.00,55.50
2025-05-27 20:00:00,11.00,27.00
2025-05-27 21:00:00,15.25,38.75
2025-05-27 22:00:00,21.50,53.25
2025-05-27 23:00:00,28.50,70.75
2025-05-28 00:00:00,25.50,63.50
2025-05-28 01:00:00,20.50,51.50
2025-05-28 02:00:00,18.50,45.75
2025-05-28 03:00:00,15.75,39.25
2025-05-28 04:00:00,12.00,30.75
2025-05-28 05:00:00,12.00,30.25
2025-05-28 06:00:00,13.00,33.50
2025-05-28 07:00:00,18.00,46.00
2025-05-28 08:00:00,22.50,57.00
2025-05-28 09:00:00,19.25,48.00
2025-05-28 10:00:00,24.00,59.50
2025-05-28 11:00:00,25.25,62.75
2025-05-28 12:00:00,20.75,51.75
2025-05-28 13:00:00,20.67,51.33
2025-05-28 14:00:00,16.50,41.00
2025-05-28 15:00:00,18.00,44.25
2025-05-28 16:00:00,17.00,42.25
2025-05-28 17:00:00,18.50,45.25
2025-05-28 18:00:00,39.75,98.75
2025-05-28 19:00:00,57.25,143.50
2025-05-28 20:00:00,41.50,103.50
2025-05-28 21:00:00,39.00,97.00
2025-05-28 22:00:00,17.50,44.50
2025-05-28 23:00:00,14.75,36.75
2025-05-29 00:00:00,10.75,26.25
2025-05-29 01:00:00,10.25,24.75
2025-05-29 02:00:00,10.50,26.00
2025-05-29 03:00:00,8.25,20.75
2025-05-29 04:00:00,6.25,15.00
2025-05-29 05:00:00,7.25,18.50
2025-05-29 06:00:00,9.50,24.00
2025-05-29 07:00:00,14.50,36.75
2025-05-29 08:00:00,17.25,42.25
2025-05-29 09:00:00,22.25,55.00
2025-05-29 10:00:00,25.25,62.25
2025-05-29 11:00:00,22.00,54.50
2025-05-29 12:00:00,20.00,49.50
2025-05-29 13:00:00,22.25,55.50
2025-05-29 14:00:00,20.00,51.00
2025-05-29 15:00:00,NA,NA
2025-05-29 16:00:00,20.00,51.00
2025-05-29 17:00:00,25.00,63.00
2025-05-29 18:00:00,24.75,62.00
2025-05-29 19:00:00,22.50,55.75
2025-05-29 20:00:00,18.75,47.50
2025-05-29 21:00:00,21.00,52.00
2025-05-29 22:00:00,19.50,48.50
2025-05-29 23:00:00,14.25,36.00
2025-05-30 00:00:00,12.00,30.25
2025-05-30 01:00:00,11.25,29.00
2025-05-30 02:00:00,8.25,20.75
2025-05-30 03:00:00,6.75,16.00
2025-05-30 04:00:00,9.25,22.50
2025-05-30 05:00:00,9.75,23.75
2025-05-30 06:00:00,10.75,27.50
2025-05-30 07:00:00,17.50,44.75
2025-05-30 08:00:00,22.50,56.75
2025-05-30 09:00:00,26.25,65.00
2025-05-30 10:00:00,32.50,81.50
2025-05-30 11:00:00,31.25,77.75
2025-05-30 12:00:00,31.50,78.75
2025-05-30 13:00:00,28.75,72.00
2025-05-30 14:00:00,23.50,59.25
2025-05-30 15:00:00,17.75,44.75
2025-05-30 16:00:00,13.75,34.50
2025-05-30 17:00:00,13.25,33.25
2025-05-30 18:00:00,13.25,32.25
2025-05-30 19:00:00,13.00,32.25
2025-05-30 20:00:00,18.75,47.25
2025-05-30 21:00:00,18.50,46.25
2025-05-30 22:00:00,18.00,45.25
2025-05-30 23:00:00,12.00,30.50
2025-05-31 00:00:00,11.50,27.75
2025-05-31 01:00:00,9.75,23.50
2025-05-31 02:00:00,9.75,23.75
2025-05-31 03:00:00,11.50,28.00
2025-05-31 04:00:00,11.00,27.50
2025-05-31 05:00:00,14.50,36.50
2025-05-31 06:00:00,16.75,42.50
2025-05-31 07:00:00,18.25,45.50
2025-05-31 08:00:00,16.00,40.75
2025-05-31 09:00:00,17.75,44.50
2025-05-31 10:00:00,23.00,58.00
2025-05-31 11:00:00,23.75,59.50
2025-05-31 12:00:00,26.50,65.25
2025-05-31 13:00:00,27.25,67.50
2025-05-31 14:00:00,25.25,63.75
2025-05-31 15:00:00,29.50,74.75
2025-05-31 16:00:00,38.00,96.00
2025-05-31 17:00:00,31.50,79.50
2025-05-31 18:00:00,31.00,77.75
2025-05-31 19:00:00,32.50,81.75
2025-05-31 20:00:00,27.00,67.00
2025-05-31 21:00:00,23.00,58.25
2025-05-31 22:00:00,19.00,47.75
2025-05-31 23:00:00,16.00,41.00
2025-06-01 00:00:00,13.50,33.25
2025-06-01 01:00:00,21.50,53.50
2025-06-01 02:00:00,23.00,57.75
2025-06-01 03:00:00,23.00,57.00
2025-06-01 04:00:00,23.00,57.00
2025-06-01 05:00:00,22.50,56.00
2025-06-01 06:00:00,22.50,56.75
2025-06-01 07:00:00,27.00,68.00
2025-06-01 08:00:00,26.75,67.00
2025-06-01 09:00:00,26.00,64.00
2025-06-01 10:00:00,26.00,64.00
2025-06-01 11:00:00,25.75,63.75
2025-06-01 12:00:00,24.50,61.50
2025-06-01 13:00:00,22.75,56.75
2025-06-01 14:00:00,21.25,54.00
2025-06-01 15:00:00,20.75,52.50
2025-06-01 16:00:00,25.75,65.00
2025-06-01 17:00:00,25.50,63.50
2025-06-01 18:00:00,28.25,70.75
2025-06-01 19:00:00,29.75,73.50
2025-06-01 20:00:00,23.25,57.50
2025-06-01 21:00:00,24.75,61.25
2025-06-01 22:00:00,26.75,67.50
2025-06-01 23:00:00,24.50,62.00
2025-06-02 00:00:00,19.00,47.50
2025-06-02 01:00:00,16.00,39.75
2025-06-02 02:00:00,16.00,39.00
2025-06-02 03:00:00,16.50,40.75
2025-06-02 04:00:00,18.50,47.00
2025-06-02 05:00:00,20.75,52.00
2025-06-02 06:00:00,23.25,58.25
2025-06-02 07:00:00,24.00,59.50
2025-06-02 08:00:00,24.50,61.75
2025-06-02 09:00:00,24.50,60.75
2025-06-02 10:00:00,19.50,49.50
2025-06-02 11:00:00,19.00,47.50
2025-06-02 12:00:00,22.25,55.50
2025-06-02 13:00:00,23.00,57.00
2025-06-02 14:00:00,24.25,60.00
2025-06-02 15:00:00,27.25,67.50
2025-06-02 16:00:00,26.25,65.75
2025-06-02 17:00:00,29.25,72.50
2025-06-02 18:00:00,27.25,68.25
2025-06-02 19:00:00,29.00,71.75
2025-06-02 20:00:00,31.75,79.25
2025-06-02 21:00:00,29.00,72.00
2025-06-02 22:00:00,22.25,55.50
2025-06-02 23:00:00,19.50,49.50
2025-06-03 00:00:00,17.50,43.50
2025-06-03 01:00:00,16.00,39.00
2025-06-03 02:00:00,16.00,39.25
2025-06-03 03:00:00,15.50,39.00
2025-06-03 04:00:00,14.00,36.00
2025-06-03 05:00:00,14.00,36.00
2025-06-03 06:00:00,15.00,38.25
2025-06-03 07:00:00,18.75,47.00
2025-06-03 08:00:00,21.50,54.25
2025-06-03 09:00:00,23.25,58.75
2025-06-03 10:00:00,23.25,59.00
2025-06-03 11:00:00,21.25,53.50
2025-06-03 12:00:00,21.75,54.25
2025-06-03 13:00:00,20.25,50.00
2025-06-03 14:00:00,18.00,44.33
2025-06-03 15:00:00,18.50,46.50
2025-06-03 16:00:00,22.00,55.75
2025-06-03 17:00:00,27.50,68.50
2025-06-03 18:00:00,25.25,62.50
2025-06-03 19:00:00,24.00,60.25
2025-06-03 20:00:00,22.75,56.50
2025-06-03 21:00:00,12.00,29.75
2025-06-03 22:00:00,17.50,42.75
2025-06-03 23:00:00,15.50,38.00
2025-06-04 00:00:00,14.00,34.75
2025-06-04 01:00:00,13.50,32.75
2025-06-04 02:00:00,11.25,27.50
2025-06-04 03:00:00,9.25,23.25
2025-06-04 04:00:00,9.50,23.00
2025-06-04 05:00:00,8.75,21.75
2025-06-04 06:00:00,12.25,30.25
2025-06-04 07:00:00,16.00,40.00
2025-06-04 08:00:00,16.50,41.25
2025-06-04 09:00:00,18.25,45.50
2025-06-04 10:00:00,20.50,51.00
2025-06-04 11:00:00,24.25,61.00
2025-06-04 12:00:00,22.00,55.00
2025-06-04 13:00:00,21.50,54.00
2025-06-04 14:00:00,21.25,53.75
2025-06-04 15:00:00,25.00,62.25
2025-06-04 16:00:00,24.00,60.50
2025-06-04 17:00:00,21.50,54.00
2025-06-04 18:00:00,24.25,60.00
2025-06-04 19:00:00,24.25,60.00
2025-06-04 20:00:00,11.50,29.25
2025-06-04 21:00:00,10.50,26.75
2025-06-04 22:00:00,21.00,52.75
2025-06-04 23:00:00,18.50,46.00
2025-06-05 00:00:00,10.75,27.00
2025-06-05 01:00:00,10.50,25.25
2025-06-05 02:00:00,12.25,30.00
2025-06-05 03:00:00,15.00,37.75
2025-06-05 04:00:00,19.75,49.00
2025-06-05 05:00:00,16.25,40.50
2025-06-05 06:00:00,18.50,46.00
2025-06-05 07:00:00,25.00,63.00
2025-06-05 08:00:00,31.25,78.25
2025-06-05 09:00:00,32.00,79.50
2025-06-05 10:00:00,33.50,84.75
2025-06-05 11:00:00,38.00,95.75
2025-06-05 12:00:00,38.50,96.00
2025-06-05 13:00:00,41.50,102.75
2025-06-05 14:00:00,45.50,113.00
2025-06-05 15:00:00,44.50,111.50
2025-06-05 16:00:00,44.75,112.50
2025-06-05 17:00:00,38.75,96.75
2025-06-05 18:00:00,32.75,82.75
2025-06-05 19:00:00,35.75,89.50
2025-06-05 20:00:00,38.50,95.50
2025-06-05 21:00:00,38.50,96.50
2025-06-05 22:00:00,33.75,85.25
2025-06-05 23:00:00,32.00,80.50
2025-06-06 00:00:00,28.50,71.75
2025-06-06 01:00:00,26.50,66.50
2025-06-06 02:00:00,25.75,64.00
2025-06-06 03:00:00,28.00,70.00
2025-06-06 04:00:00,27.75,69.50
2025-06-06 05:00:00,27.25,68.50
2025-06-06 06:00:00,28.25,70.75
2025-06-06 07:00:00,28.75,72.25
2025-06-06 08:00:00,30.25,75.50
2025-06-06 09:00:00,39.00,97.00
2025-06-06 10:00:00,45.00,112.00
2025-06-06 11:00:00,43.75,109.25
2025-06-06 12:00:00,40.25,101.50
2025-06-06 13:00:00,41.25,103.75
2025-06-06 14:00:00,42.25,106.25
2025-06-06 15:00:00,43.00,107.25
2025-06-06 16:00:00,42.25,106.25
2025-06-06 17:00:00,39.00,98.00
2025-06-06 18:00:00,35.50,87.75
2025-06-06 19:00:00,34.00,84.00
2025-06-06 20:00:00,32.00,79.50
2025-06-06 21:00:00,25.75,65.00
2025-06-06 22:00:00,25.00,62.25
2025-06-06 23:00:00,25.75,64.75
2025-06-07 00:00:00,27.00,67.75
2025-06-07 01:00:00,24.00,60.50
2025-06-07 02:00:00,24.50,60.25
2025-06-07 03:00:00,26.00,64.00
2025-06-07 04:00:00,25.50,62.75
2025-06-07 05:00:00,23.50,58.00
2025-06-07 06:00:00,22.25,55.75
2025-06-07 07:00:00,24.00,60.50
2025-06-07 08:00:00,26.00,65.50
2025-06-07 09:00:00,26.00,65.50
2025-06-07 10:00:00,35.25,88.25
2025-06-07 11:00:00,36.00,89.50
2025-06-07 12:00:00,36.50,92.25
2025-06-07 13:00:00,37.25,94.00
2025-06-07 14:00:00,34.00,85.33
2025-06-07 15:00:00,33.50,84.00
2025-06-07 16:00:00,40.50,101.75
2025-06-07 17:00:00,48.25,120.00
2025-06-07 18:00:00,48.25,120.75
2025-06-07 19:00:00,44.00,109.25
2025-06-07 20:00:00,37.75,94.25
2025-06-07 21:00:00,38.00,94.75
2025-06-07 22:00:00,39.75,99.75
2025-06-07 23:00:00,36.00,90.00
2025-06-08 00:00:00,33.75,84.25
2025-06-08 01:00:00,25.75,64.00
2025-06-08 02:00:00,22.75,56.75
2025-06-08 03:00:00,25.25,62.50
2025-06-08 04:00:00,26.00,64.00
2025-06-08 05:00:00,25.50,62.75
2025-06-08 06:00:00,25.50,63.00
2025-06-08 07:00:00,31.00,77.25
2025-06-08 08:00:00,32.00,79.00
2025-06-08 09:00:00,25.75,63.75
2025-06-08 10:00:00,25.25,63.75
2025-06-08 11:00:00,25.00,63.25
2025-06-08 12:00:00,23.75,59.25
2025-06-08 13:00:00,28.25,70.00
2025-06-08 14:00:00,25.00,61.75
2025-06-08 15:00:00,20.25,50.75
2025-06-08 16:00:00,14.25,36.25
2025-06-08 17:00:00,14.50,37.00
2025-06-08 18:00:00,22.50,56.00
2025-06-08 19:00:00,23.25,57.25
2025-06-08 20:00:00,20.00,49.50
2025-06-08 21:00:00,17.50,43.25
2025-06-08 22:00:00,17.50,43.50
2025-06-08 23:00:00,13.25,33.75
2025-06-09 00:00:00,12.25,31.25
2025-06-09 01:00:00,7.00,17.25
2025-06-09 02:00:00,7.75,19.75
2025-06-09 03:00:00,9.25,23.00
2025-06-09 04:00:00,7.75,19.00
2025-06-09 05:00:00,9.25,23.00
2025-06-09 06:00:00,8.25,20.50
2025-06-09 07:00:00,13.25,33.75
2025-06-09 08:00:00,17.50,43.50
2025-06-09 09:00:00,20.00,50.25
2025-06-09 10:00:00,21.75,54.25
2025-06-09 11:00:00,16.50,42.25
2025-06-09 12:00:00,12.50,32.25
2025-06-09 13:00:00,14.50,37.25
2025-06-09 14:00:00,19.75,50.25
2025-06-09 15:00:00,34.00,85.25
2025-06-09 16:00:00,35.00,87.25
2025-06-09 17:00:00,15.25,38.25
2025-06-09 18:00:00,27.25,67.50
2025-06-09 19:00:00,26.50,66.75
2025-06-09 20:00:00,31.75,80.00
2025-06-09 21:00:00,32.25,81.25
2025-06-09 22:00:00,27.00,67.00
2025-06-09 23:00:00,25.25,62.75
2025-06-10 00:00:00,19.00,47.25
2025-06-10 01:00:00,16.00,39.25
2025-06-10 02:00:00,15.50,38.75
2025-06-10 03:00:00,13.50,33.75
2025-06-10 04:00:00,12.50,31.00
2025-06-10 05:00:00,14.00,34.25
2025-06-10 06:00:00,14.50,36.25
2025-06-10 07:00:00,16.50,41.00
2025-06-10 08:00:00,18.50,45.75
2025-06-10 09:00:00,20.00,50.75
2025-06-10 10:00:00,20.00,50.00
2025-06-10 11:00:00,20.25,50.75
2025-06-10 12:00:00,22.00,55.25
2025-06-10 13:00:00,24.75,61.75
2025-06-10 14:00:00,23.50,59.50
2025-06-10 15:00:00,24.25,60.50
2025-06-10 16:00:00,31.00,77.00
2025-06-10 17:00:00,25.00,62.25
2025-06-10 18:00:00,9.25,23.25
2025-06-10 19:00:00,16.50,40.25
2025-06-10 20:00:00,17.50,43.00
2025-06-10 21:00:00,15.50,39.00
2025-06-10 22:00:00,13.75,35.25
2025-06-10 23:00:00,12.50,31.50
2025-06-11 00:00:00,11.00,27.00
2025-06-11 01:00:00,10.00,24.50
2025-06-11 02:00:00,7.25,17.50
2025-06-11 03:00:00,8.75,21.00
2025-06-11 04:00:00,10.75,26.50
2025-06-11 05:00:00,10.00,24.75
2025-06-11 06:00:00,11.00,26.75
2025-06-11 07:00:00,15.00,37.50
2025-06-11 08:00:00,20.50,51.00
2025-06-11 09:00:00,28.50,70.50
2025-06-11 10:00:00,29.50,73.75
2025-06-11 11:00:00,28.00,70.00
2025-06-11 12:00:00,28.25,70.75
2025-06-11 13:00:00,28.00,70.25
2025-06-11 14:00:00,25.75,63.75
2025-06-11 15:00:00,27.25,67.50
2025-06-11 16:00:00,31.00,77.75
2025-06-11 17:00:00,46.25,115.50
2025-06-11 18:00:00,35.00,88.50
2025-06-11 19:00:00,26.75,67.75
2025-06-11 20:00:00,28.25,70.75
2025-06-11 21:00:00,25.00,61.75
2025-06-11 22:00:00,21.00,52.25
2025-06-11 23:00:00,16.25,40.00
2025-06-12 00:00:00,10.50,26.75
2025-06-12 01:00:00,8.25,20.75
2025-06-12 02:00:00,6.50,15.50
2025-06-12 03:00:00,8.75,21.75
2025-06-12 04:00:00,10.75,26.25
2025-06-12 05:00:00,11.00,26.75
2025-06-12 06:00:00,15.25,38.00
2025-06-12 07:00:00,19.50,48.50
2025-06-12 08:00:00,22.75,57.25
2025-06-12 09:00:00,27.75,69.25
2025-06-12 10:00:00,25.00,62.25
2025-06-12 11:00:00,18.75,47.00
2025-06-12 12:00:00,18.00,44.25
2025-06-12 13:00:00,18.00,45.00
2025-06-12 14:00:00,19.00,47.33
2025-06-12 15:00:00,22.00,54.75
2025-06-12 16:00:00,24.00,60.25
2025-06-12 17:00:00,21.00,52.25
2025-06-12 18:00:00,19.75,49.50
2025-06-12 19:00:00,16.25,39.75
2025-06-12 20:00:00,17.25,43.00
2025-06-12 21:00:00,15.75,40.00
2025-06-12 22:00:00,9.00,22.00
2025-06-12 23:00:00,2.00,5.00
2025-06-13 00:00:00,2.00,5.00
2025-06-13 01:00:00,2.00,5.00
2025-06-13 02:00:00,2.00,5.00
2025-06-13 03:00:00,2.00,5.25
2025-06-13 04:00:00,3.25,9.00
2025-06-13 05:00:00,7.75,19.50
2025-06-13 06:00:00,10.00,24.25
2025-06-13 07:00:00,11.00,27.25
2025-06-13 08:00:00,15.50,38.00
2025-06-13 09:00:00,19.00,47.75
2025-06-13 10:00:00,16.00,40.75
2025-06-13 11:00:00,16.00,40.25
2025-06-13 12:00:00,16.00,41.00
2025-06-13 13:00:00,16.00,41.00
2025-06-13 14:00:00,14.75,37.50
2025-06-13 15:00:00,14.25,35.50
2025-06-13 16:00:00,26.50,66.75
2025-06-13 17:00:00,30.25,75.00
2025-06-13 18:00:00,19.25,48.75
2025-06-13 19:00:00,19.75,50.00
2025-06-13 20:00:00,18.25,45.00
2025-06-13 21:00:00,15.25,37.50
2025-06-13 22:00:00,10.75,27.00
2025-06-13 23:00:00,4.25,9.75
2025-06-14 00:00:00,5.50,13.25
2025-06-14 01:00:00,6.25,15.50
2025-06-14 02:00:00,4.75,12.50
2025-06-14 03:00:00,6.50,15.75
2025-06-14 04:00:00,5.25,13.00
2025-06-14 05:00:00,6.50,17.00
2025-06-14 06:00:00,9.00,22.75
2025-06-14 07:00:00,13.00,33.00
2025-06-14 08:00:00,17.50,43.00
2025-06-14 09:00:00,20.50,51.25
2025-06-14 10:00:00,16.00,40.00
2025-06-14 11:00:00,14.75,36.75
2025-06-14 12:00:00,11.75,29.00
2025-06-14 13:00:00,14.50,36.00
2025-06-14 14:00:00,15.50,38.25
2025-06-14 15:00:00,15.75,40.25
2025-06-14 16:00:00,23.75,60.00
2025-06-14 17:00:00,29.75,75.00
2025-06-14 18:00:00,22.75,56.50
2025-06-14 19:00:00,21.00,52.50
2025-06-14 20:00:00,17.25,43.25
2025-06-14 21:00:00,15.25,38.75
2025-06-14 22:00:00,13.50,34.75
2025-06-14 23:00:00,7.50,19.25
2025-06-15 00:00:00,11.25,27.50
2025-06-15 01:00:00,8.75,22.00
2025-06-15 02:00:00,7.50,18.25
2025-06-15 03:00:00,5.25,13.75
2025-06-15 04:00:00,4.00,9.50
2025-06-15 05:00:00,7.50,18.25
2025-06-15 06:00:00,9.50,23.50
2025-06-15 07:00:00,12.75,32.25
2025-06-15 08:00:00,17.00,42.25
2025-06-15 09:00:00,14.50,35.75
2025-06-15 10:00:00,16.00,40.50
2025-06-15 11:00:00,16.50,40.25
2025-06-15 12:00:00,17.00,42.00
2025-06-15 13:00:00,12.75,32.75
2025-06-15 14:00:00,9.50,24.00
2025-06-15 15:00:00,25.75,64.00
2025-06-15 16:00:00,59.50,148.75
2025-06-15 17:00:00,27.00,67.75
2025-06-15 18:00:00,22.00,55.75
2025-06-15 19:00:00,16.25,40.50
2025-06-15 20:00:00,16.75,41.50
2025-06-15 21:00:00,16.50,41.00
2025-06-15 22:00:00,17.00,41.75
2025-06-15 23:00:00,13.25,33.00
2025-06-16 00:00:00,11.00,27.00
2025-06-16 01:00:00,9.50,23.50
2025-06-16 02:00:00,6.50,16.75
2025-06-16 03:00:00,9.75,24.50
2025-06-16 04:00:00,6.25,14.75
2025-06-16 05:00:00,7.00,17.00
2025-06-16 06:00:00,8.25,20.00
2025-06-16 07:00:00,13.50,32.75
2025-06-16 08:00:00,18.00,44.50
2025-06-16 09:00:00,18.75,47.50
2025-06-16 10:00:00,21.25,52.75
2025-06-16 11:00:00,22.25,55.75
2025-06-16 12:00:00,22.75,57.50
2025-06-16 13:00:00,21.50,54.75
2025-06-16 14:00:00,19.00,48.25
2025-06-16 15:00:00,18.25,45.50
2025-06-16 16:00:00,24.75,61.25
2025-06-16 17:00:00,24.50,60.25
2025-06-16 18:00:00,25.75,63.75
2025-06-16 19:00:00,24.25,61.25
2025-06-16 20:00:00,25.00,63.25
2025-06-16 21:00:00,30.00,75.00
2025-06-16 22:00:00,18.75,46.75
2025-06-16 23:00:00,20.25,50.25
2025-06-17 00:00:00,16.50,41.00
2025-06-17 01:00:00,11.75,28.75
2025-06-17 02:00:00,10.50,26.50
2025-06-17 03:00:00,8.75,21.50
2025-06-17 04:00:00,8.50,21.25
2025-06-17 05:00:00,9.75,24.50
2025-06-17 06:00:00,11.25,28.25
2025-06-17 07:00:00,18.00,44.50
2025-06-17 08:00:00,20.25,51.50
2025-06-17 09:00:00,26.00,65.25
2025-06-17 10:00:00,23.25,57.50
2025-06-17 11:00:00,22.75,56.25
2025-06-17 12:00:00,18.25,46.00
2025-06-17 13:00:00,15.50,38.75
2025-06-17 14:00:00,15.00,37.25
2025-06-17 15:00:00,18.25,44.75
2025-06-17 16:00:00,19.25,48.00
2025-06-17 17:00:00,20.50,52.00
2025-06-17 18:00:00,24.25,60.50
2025-06-17 19:00:00,28.50,71.00
2025-06-17 20:00:00,20.75,52.50
2025-06-17 21:00:00,20.00,51.00
2025-06-17 22:00:00,19.00,48.50
2025-06-17 23:00:00,16.00,40.75
2025-06-18 00:00:00,16.00,39.75
2025-06-18 01:00:00,15.50,38.00
2025-06-18 02:00:00,12.75,31.75
2025-06-18 03:00:00,9.75,24.00
2025-06-18 04:00:00,11.75,29.25
2025-06-18 05:00:00,11.75,28.75
2025-06-18 06:00:00,14.50,35.25
2025-06-18 07:00:00,17.25,42.25
2025-06-18 08:00:00,22.00,54.50
2025-06-18 09:00:00,24.00,59.50
2025-06-18 10:00:00,21.00,52.00
2025-06-18 11:00:00,21.00,52.00
2025-06-18 12:00:00,21.25,52.75
2025-06-18 13:00:00,21.33,53.33
2025-06-18 14:00:00,20.00,50.00
2025-06-18 15:00:00,20.50,51.50
2025-06-18 16:00:00,25.00,63.50
2025-06-18 17:00:00,33.75,85.25
2025-06-18 18:00:00,31.25,78.75
2025-06-18 19:00:00,23.75,60.00
2025-06-18 20:00:00,16.75,41.25
2025-06-18 21:00:00,16.00,39.25
2025-06-18 22:00:00,16.00,39.75
2025-06-18 23:00:00,16.25,39.75
2025-06-19 00:00:00,17.00,42.00
2025-06-19 01:00:00,16.75,41.25
2025-06-19 02:00:00,15.00,36.75
2025-06-19 03:00:00,11.75,29.25
2025-06-19 04:00:00,10.75,26.50
2025-06-19 05:00:00,10.50,26.00
2025-06-19 06:00:00,14.75,36.00
2025-06-19 07:00:00,24.00,59.75
2025-06-19 08:00:00,34.00,85.50
2025-06-19 09:00:00,47.75,120.00
2025-06-19 10:00:00,25.75,65.00
2025-06-19 11:00:00,25.50,63.50
2025-06-19 12:00:00,26.75,67.50
2025-06-19 13:00:00,26.00,66.00
2025-06-19 14:00:00,25.25,63.75
2025-06-19 15:00:00,23.75,59.25
2025-06-19 16:00:00,27.00,68.00
2025-06-19 17:00:00,31.25,77.50
2025-06-19 18:00:00,34.75,87.25
2025-06-19 19:00:00,32.00,80.25
2025-06-19 20:00:00,23.00,58.00
2025-06-19 21:00:00,14.00,34.25
2025-06-19 22:00:00,13.50,34.00
2025-06-19 23:00:00,12.00,30.50
2025-06-20 00:00:00,12.00,29.50
2025-06-20 01:00:00,12.50,32.25
2025-06-20 02:00:00,13.50,34.50
2025-06-20 03:00:00,12.75,32.00
2025-06-20 04:00:00,14.75,37.25
2025-06-20 05:00:00,15.25,38.00
2025-06-20 06:00:00,20.50,51.00
2025-06-20 07:00:00,25.00,63.00
2025-06-20 08:00:00,26.25,66.00
2025-06-20 09:00:00,29.25,73.25
2025-06-20 10:00:00,26.25,66.25
2025-06-20 11:00:00,24.25,61.25
2025-06-20 12:00:00,24.25,60.25
2025-06-20 13:00:00,21.75,54.25
2025-06-20 14:00:00,20.75,51.50
2025-06-20 15:00:00,20.00,50.00
2025-06-20 16:00:00,38.00,95.00
2025-06-20 17:00:00,38.50,96.00
2025-06-20 18:00:00,44.50,110.50
2025-06-20 19:00:00,49.00,122.50
2025-06-20 20:00:00,21.00,52.25
2025-06-20 21:00:00,16.25,39.75
2025-06-20 22:00:00,10.50,25.75
2025-06-20 23:00:00,8.25,20.50
2025-06-21 00:00:00,7.00,18.00
2025-06-21 01:00:00,9.75,23.75
2025-06-21 02:00:00,10.00,25.50
2025-06-21 03:00:00,12.50,31.75
2025-06-21 04:00:00,12.25,31.25
2025-06-21 05:00:00,17.25,43.75
2025-06-21 06:00:00,21.00,52.25
2025-06-21 07:00:00,20.75,52.50
2025-06-21 08:00:00,20.00,50.75
2025-06-21 09:00:00,21.75,54.50
2025-06-21 10:00:00,24.50,61.50
2025-06-21 11:00:00,17.75,44.25
2025-06-21 12:00:00,20.00,51.00
2025-06-21 13:00:00,19.75,50.00
2025-06-21 14:00:00,19.75,49.00
2025-06-21 15:00:00,24.00,59.75
2025-06-21 16:00:00,30.25,75.00
2025-06-21 17:00:00,29.75,75.00
2025-06-21 18:00:00,27.50,69.25
2025-06-21 19:00:00,33.50,83.00
2025-06-21 20:00:00,37.75,94.25
2025-06-21 21:00:00,35.25,87.50
2025-06-21 22:00:00,28.50,70.25
2025-06-21 23:00:00,23.25,57.25
2025-06-22 00:00:00,22.25,55.50
2025-06-22 01:00:00,26.00,66.00
2025-06-22 02:00:00,25.00,63.50
2025-06-22 03:00:00,21.75,55.00
2025-06-22 04:00:00,20.75,51.50
2025-06-22 05:00:00,19.25,48.00
2025-06-22 06:00:00,17.00,42.00
2025-06-22 07:00:00,18.50,45.75
2025-06-22 08:00:00,21.25,53.00
2025-06-22 09:00:00,16.50,41.75
2025-06-22 10:00:00,17.50,43.25
2025-06-22 11:00:00,16.25,41.25
2025-06-22 12:00:00,17.50,43.25
2025-06-22 13:00:00,18.75,46.25
2025-06-22 14:00:00,17.75,43.50
2025-06-22 15:00:00,17.25,42.75
2025-06-22 16:00:00,18.00,44.75
2025-06-22 17:00:00,18.00,44.50
2025-06-22 18:00:00,19.00,48.25
2025-06-22 19:00:00,22.00,55.00
2025-06-22 20:00:00,NA,NA
2025-06-22 21:00:00,NA,NA
2025-06-22 22:00:00,NA,NA
2025-06-22 23:00:00,NA,NA
2025-06-23 00:00:00,NA,NA
2025-06-23 01:00:00,NA,NA
2025-06-23 02:00:00,NA,NA
2025-06-23 03:00:00,NA,NA
2025-06-23 04:00:00,NA,NA
2025-06-23 05:00:00,NA,NA
2025-06-23 06:00:00,NA,NA
2025-06-23 07:00:00,NA,NA
2025-06-23 08:00:00,NA,NA
2025-06-23 09:00:00,NA,NA
2025-06-23 10:00:00,NA,NA
2025-06-23 11:00:00,12.00,30.00
2025-06-23 12:00:00,12.25,31.50
2025-06-23 13:00:00,13.75,35.00
2025-06-23 14:00:00,15.75,40.25
2025-06-23 15:00:00,17.00,43.00
2025-06-23 16:00:00,24.25,60.75
2025-06-23 17:00:00,27.75,68.50
2025-06-23 18:00:00,27.00,67.25
2025-06-23 19:00:00,27.25,68.50
2025-06-23 20:00:00,28.50,71.00
2025-06-23 21:00:00,29.75,73.50
2025-06-23 22:00:00,29.25,72.50
2025-06-23 23:00:00,28.00,69.25
2025-06-24 00:00:00,22.25,55.50
2025-06-24 01:00:00,23.00,57.00
2025-06-24 02:00:00,22.00,54.75
2025-06-24 03:00:00,17.25,43.50
2025-06-24 04:00:00,12.50,31.25
2025-06-24 05:00:00,14.50,36.25
2025-06-24 06:00:00,17.50,43.75
2025-06-24 07:00:00,23.25,58.25
2025-06-24 08:00:00,28.00,70.50
2025-06-24 09:00:00,30.75,77.00
2025-06-24 10:00:00,30.50,75.50
2025-06-24 11:00:00,29.75,74.25
2025-06-24 12:00:00,23.50,58.25
2025-06-24 13:00:00,24.50,60.75
2025-06-24 14:00:00,22.50,55.75
2025-06-24 15:00:00,21.75,54.25
2025-06-24 16:00:00,26.00,65.75
2025-06-24 17:00:00,31.75,79.50
2025-06-24 18:00:00,31.75,80.00
2025-06-24 19:00:00,34.50,87.25
2025-06-24 20:00:00,36.00,91.00
2025-06-24 21:00:00,33.25,84.00
2025-06-24 22:00:00,24.50,61.50
2025-06-24 23:00:00,23.25,57.50
2025-06-25 00:00:00,23.25,57.25
2025-06-25 01:00:00,19.75,49.00
2025-06-25 02:00:00,14.75,37.00
2025-06-25 03:00:00,10.50,26.75
2025-06-25 04:00:00,9.75,24.75
2025-06-25 05:00:00,12.00,29.75
2025-06-25 06:00:00,12.50,30.75
2025-06-25 07:00:00,17.00,43.00
2025-06-25 08:00:00,26.75,66.00
2025-06-25 09:00:00,31.00,77.00
2025-06-25 10:00:00,36.25,90.00
2025-06-25 11:00:00,32.75,81.25
2025-06-25 12:00:00,26.67,67.33
2025-06-25 13:00:00,21.75,55.00
2025-06-25 14:00:00,22.00,54.50
2025-06-25 15:00:00,25.50,63.50
2025-06-25 16:00:00,27.75,69.75
2025-06-25 17:00:00,30.75,77.00
2025-06-25 18:00:00,33.75,85.00
2025-06-25 19:00:00,34.25,86.25
2025-06-25 20:00:00,27.75,69.25
2025-06-25 21:00:00,25.00,63.00
2025-06-25 22:00:00,27.00,67.00
2025-06-25 23:00:00,22.75,57.50
2025-06-26 00:00:00,18.75,46.50
2025-06-26 01:00:00,18.00,44.75
2025-06-26 02:00:00,19.00,46.75
2025-06-26 03:00:00,20.25,50.75
2025-06-26 04:00:00,14.25,36.00
2025-06-26 05:00:00,13.25,33.00
2025-06-26 06:00:00,18.00,44.75
2025-06-26 07:00:00,22.50,56.75
2025-06-26 08:00:00,27.75,69.75
2025-06-26 09:00:00,29.75,74.25
2025-06-26 10:00:00,26.50,65.75
2025-06-26 11:00:00,21.00,52.00
2025-06-26 12:00:00,26.25,65.00
2025-06-26 13:00:00,23.25,57.25
2025-06-26 14:00:00,21.25,53.00
2025-06-26 15:00:00,23.00,58.00
2025-06-26 16:00:00,26.25,65.00
2025-06-26 17:00:00,27.75,69.75
2025-06-26 18:00:00,29.25,73.00
2025-06-26 19:00:00,25.00,62.25
2025-06-26 20:00:00,19.75,49.75
2025-06-26 21:00:00,22.50,56.00
2025-06-26 22:00:00,23.00,56.75
2025-06-26 23:00:00,19.00,47.75
2025-06-27 00:00:00,15.75,40.25
2025-06-27 01:00:00,15.25,38.50
2025-06-27 02:00:00,15.00,37.50
2025-06-27 03:00:00,12.00,29.75
2025-06-27 04:00:00,12.00,29.50
2025-06-27 05:00:00,12.50,31.75
2025-06-27 06:00:00,15.00,36.50
2025-06-27 07:00:00,18.75,46.25
2025-06-27 08:00:00,23.00,57.75
2025-06-27 09:00:00,28.00,69.75
2025-06-27 10:00:00,25.00,63.00
2025-06-27 11:00:00,26.50,66.50
2025-06-27 12:00:00,32.25,80.00
2025-06-27 13:00:00,32.00,79.00
2025-06-27 14:00:00,25.00,61.75
2025-06-27 15:00:00,29.25,73.25
2025-06-27 16:00:00,32.75,82.50
2025-06-27 17:00:00,31.50,79.50
2025-06-27 18:00:00,30.25,75.75
2025-06-27 19:00:00,28.00,70.50
2025-06-27 20:00:00,19.75,49.75
2025-06-27 21:00:00,21.50,54.00
2025-06-27 22:00:00,19.75,50.00
2025-06-27 23:00:00,18.75,46.25
2025-06-28 00:00:00,18.00,44.00
2025-06-28 01:00:00,18.00,44.50
2025-06-28 02:00:00,16.75,42.75
2025-06-28 03:00:00,13.00,33.00
2025-06-28 04:00:00,13.25,33.50
2025-06-28 05:00:00,13.25,33.00
2025-06-28 06:00:00,14.25,35.00
2025-06-28 07:00:00,24.75,61.25
2025-06-28 08:00:00,26.50,66.50
2025-06-28 09:00:00,24.25,60.25
2025-06-28 10:00:00,21.50,54.00
2025-06-28 11:00:00,22.00,55.75
2025-06-28 12:00:00,28.00,70.00
2025-06-28 13:00:00,27.00,67.75
2025-06-28 14:00:00,24.75,62.75
2025-06-28 15:00:00,27.50,69.00
2025-06-28 16:00:00,31.50,78.25
2025-06-28 17:00:00,36.25,90.25
2025-06-28 18:00:00,30.50,76.00
2025-06-28 19:00:00,36.75,91.25
2025-06-28 20:00:00,31.00,77.75
2025-06-28 21:00:00,24.25,60.25
2025-06-28 22:00:00,20.00,49.75
2025-06-28 23:00:00,13.50,32.75
2025-06-29 00:00:00,12.00,29.00
2025-06-29 01:00:00,12.00,29.00
2025-06-29 02:00:00,12.00,29.50
2025-06-29 03:00:00,12.00,31.00
2025-06-29 04:00:00,12.50,32.25
2025-06-29 05:00:00,13.50,34.75
2025-06-29 06:00:00,13.50,34.75
2025-06-29 07:00:00,18.50,47.25
2025-06-29 08:00:00,19.75,50.25
2025-06-29 09:00:00,19.25,48.50
2025-06-29 10:00:00,20.50,51.50
2025-06-29 11:00:00,23.25,58.75
2025-06-29 12:00:00,26.50,65.75
2025-06-29 13:00:00,24.00,59.75
2025-06-29 14:00:00,21.25,53.75
2025-06-29 15:00:00,23.50,59.25
2025-06-29 16:00:00,26.75,66.00
2025-06-29 17:00:00,21.50,53.25
2025-06-29 18:00:00,18.00,44.75
2025-06-29 19:00:00,23.25,58.25
2025-06-29 20:00:00,29.50,73.00
2025-06-29 21:00:00,31.00,77.25
2025-06-29 22:00:00,37.25,92.25
2025-06-29 23:00:00,27.25,68.00
2025-06-30 00:00:00,22.00,55.75
2025-06-30 01:00:00,21.50,53.75
2025-06-30 02:00:00,19.25,48.00
2025-06-30 03:00:00,16.25,40.25
2025-06-30 04:00:00,13.50,34.00
2025-06-30 05:00:00,13.00,33.00
2025-06-30 06:00:00,17.25,42.50
2025-06-30 07:00:00,22.75,57.00
2025-06-30 08:00:00,28.00,69.00
2025-06-30 09:00:00,27.50,68.25
2025-06-30 10:00:00,25.75,65.00
2025-06-30 11:00:00,24.75,61.75
2025-06-30 12:00:00,24.50,62.25
2025-06-30 13:00:00,24.50,62.00
2025-06-30 14:00:00,20.50,51.25
2025-06-30 15:00:00,23.75,59.50
2025-06-30 16:00:00,28.75,72.00
2025-06-30 17:00:00,26.25,65.00
2025-06-30 18:00:00,21.00,53.00
2025-06-30 19:00:00,20.25,50.75
2025-06-30 20:00:00,19.00,46.75
2025-06-30 21:00:00,21.50,54.00
2025-06-30 22:00:00,20.00,50.75
2025-06-30 23:00:00,20.00,50.00
2025-07-01 00:00:00,23.00,57.00
2025-07-01 01:00:00,20.75,51.50
2025-07-01 02:00:00,14.00,35.00
2025-07-01 03:00:00,14.00,35.00
2025-07-01 04:00:00,14.00,35.00
2025-07-01 05:00:00,14.75,36.75
2025-07-01 06:00:00,17.75,44.25
2025-07-01 07:00:00,21.25,54.00
2025-07-01 08:00:00,25.00,63.00
2025-07-01 09:00:00,24.75,62.50
2025-07-01 10:00:00,23.00,58.25
2025-07-01 11:00:00,20.75,51.75
2025-07-01 12:00:00,23.50,58.50
2025-07-01 13:00:00,24.00,60.50
2025-07-01 14:00:00,22.75,57.25
2025-07-01 15:00:00,26.75,66.75
2025-07-01 16:00:00,24.00,59.75
2025-07-01 17:00:00,27.50,69.25
2025-07-01 18:00:00,31.25,78.25
2025-07-01 19:00:00,40.50,100.25
2025-07-01 20:00:00,50.00,124.50
2025-07-01 21:00:00,51.50,129.25
2025-07-01 22:00:00,38.75,96.25
2025-07-01 23:00:00,39.25,98.75
2025-07-02 00:00:00,34.00,86.00
2025-07-02 01:00:00,29.50,74.25
2025-07-02 02:00:00,15.00,36.50
2025-07-02 03:00:00,12.50,30.50
2025-07-02 04:00:00,14.50,36.25
2025-07-02 05:00:00,16.00,39.75
2025-07-02 06:00:00,17.25,42.50
2025-07-02 07:00:00,22.50,56.50
2025-07-02 08:00:00,27.25,67.50
2025-07-02 09:00:00,27.25,67.50
2025-07-02 10:00:00,25.25,63.25
2025-07-02 11:00:00,25.50,63.25
2025-07-02 12:00:00,24.25,61.50
2025-07-02 13:00:00,24.25,61.00
2025-07-02 14:00:00,22.50,56.00
2025-07-02 15:00:00,25.75,63.50
2025-07-02 16:00:00,31.75,79.25
2025-07-02 17:00:00,33.00,83.00
2025-07-02 18:00:00,29.75,73.50
2025-07-02 19:00:00,28.50,71.00
2025-07-02 20:00:00,23.75,59.75
2025-07-02 21:00:00,11.75,29.50
2025-07-02 22:00:00,4.75,12.50
2025-07-02 23:00:00,4.25,11.50
2025-07-03 00:00:00,5.75,14.50
2025-07-03 01:00:00,8.50,20.50
2025-07-03 02:00:00,10.50,26.00
2025-07-03 03:00:00,11.50,28.00
2025-07-03 04:00:00,10.25,25.50
2025-07-03 05:00:00,11.25,28.00
2025-07-03 06:00:00,12.75,32.75
2025-07-03 07:00:00,15.75,40.00
2025-07-03 08:00:00,18.00,45.50
2025-07-03 09:00:00,18.00,44.25
2025-07-03 10:00:00,18.00,45.25
2025-07-03 11:00:00,17.75,45.00
2025-07-03 12:00:00,17.75,44.25
2025-07-03 13:00:00,20.75,52.50
2025-07-03 14:00:00,23.00,57.00
2025-07-03 15:00:00,22.75,56.50
2025-07-03 16:00:00,22.25,55.50
2025-07-03 17:00:00,25.00,62.25
2025-07-03 18:00:00,29.75,75.00
2025-07-03 19:00:00,27.50,69.50
2025-07-03 20:00:00,32.00,80.25
2025-07-03 21:00:00,32.25,81.50
2025-07-03 22:00:00,32.00,80.25
2025-07-03 23:00:00,28.75,71.25
2025-07-04 00:00:00,28.00,69.00
2025-07-04 01:00:00,26.00,64.25
2025-07-04 02:00:00,18.75,47.00
2025-07-04 03:00:00,14.75,37.25
2025-07-04 04:00:00,13.50,34.00
2025-07-04 05:00:00,12.50,32.25
2025-07-04 06:00:00,15.75,40.25
2025-07-04 07:00:00,22.00,55.25
2025-07-04 08:00:00,25.25,63.00
2025-07-04 09:00:00,25.50,64.75
2025-07-04 10:00:00,24.00,61.00
2025-07-04 11:00:00,23.25,59.00
2025-07-04 12:00:00,21.25,53.50
2025-07-04 13:00:00,21.75,54.50
2025-07-04 14:00:00,21.25,53.75
2025-07-04 15:00:00,23.75,60.25
2025-07-04 16:00:00,30.25,75.75
2025-07-04 17:00:00,33.50,82.75
2025-07-04 18:00:00,32.25,80.00
2025-07-04 19:00:00,35.50,89.00
2025-07-04 20:00:00,45.75,113.75
2025-07-04 21:00:00,48.50,120.25
2025-07-04 22:00:00,26.50,65.25
2025-07-04 23:00:00,12.75,31.00
2025-07-05 00:00:00,19.75,49.25
2025-07-05 01:00:00,16.00,40.75
2025-07-05 02:00:00,16.50,41.00
2025-07-05 03:00:00,17.50,43.25
2025-07-05 04:00:00,15.50,39.50
2025-07-05 05:00:00,14.00,34.75
2025-07-05 06:00:00,14.00,34.50
2025-07-05 07:00:00,15.00,38.25
2025-07-05 08:00:00,18.00,45.00
2025-07-05 09:00:00,18.25,45.50
2025-07-05 10:00:00,19.25,48.00
2025-07-05 11:00:00,20.25,51.25
2025-07-05 12:00:00,21.75,53.75
2025-07-05 13:00:00,22.33,55.33
2025-07-05 14:00:00,20.00,50.25
2025-07-05 15:00:00,23.00,57.00
2025-07-05 16:00:00,24.25,60.25
2025-07-05 17:00:00,29.00,72.50
2025-07-05 18:00:00,33.50,84.00
2025-07-05 19:00:00,43.25,108.75
2025-07-05 20:00:00,58.75,146.25
2025-07-05 21:00:00,51.50,128.00
2025-07-05 22:00:00,29.50,73.75
2025-07-05 23:00:00,20.75,51.75
2025-07-06 00:00:00,17.75,44.25
2025-07-06 01:00:00,18.00,45.50
2025-07-06 02:00:00,11.00,26.50
2025-07-06 03:00:00,8.50,20.25
2025-07-06 04:00:00,9.75,23.75
2025-07-06 05:00:00,9.50,24.00
2025-07-06 06:00:00,11.75,29.25
2025-07-06 07:00:00,15.25,39.00
2025-07-06 08:00:00,20.25,50.75
2025-07-06 09:00:00,24.50,60.25
2025-07-06 10:00:00,27.50,68.00
2025-07-06 11:00:00,32.50,81.00
2025-07-06 12:00:00,33.50,83.25
2025-07-06 13:00:00,31.75,80.00
2025-07-06 14:00:00,31.25,77.75
2025-07-06 15:00:00,32.00,79.75
2025-07-06 16:00:00,33.00,81.75
2025-07-06 17:00:00,37.25,93.25
2025-07-06 18:00:00,41.00,102.75
2025-07-06 19:00:00,39.00,97.25
2025-07-06 20:00:00,32.25,80.75
2025-07-06 21:00:00,29.75,73.75
2025-07-06 22:00:00,27.75,70.00
2025-07-06 23:00:00,22.50,57.00
2025-07-07 00:00:00,17.25,43.25
2025-07-07 01:00:00,14.25,36.00
2025-07-07 02:00:00,11.75,29.25
2025-07-07 03:00:00,11.25,27.50
2025-07-07 04:00:00,11.50,27.75
2025-07-07 05:00:00,11.50,28.00
2025-07-07 06:00:00,17.50,43.75
2025-07-07 07:00:00,24.25,60.75
2025-07-07 08:00:00,32.00,80.50
2025-07-07 09:00:00,34.75,87.00
2025-07-07 10:00:00,35.50,87.75
2025-07-07 11:00:00,38.75,96.25
2025-07-07 12:00:00,33.50,84.25
2025-07-07 13:00:00,29.25,73.25
2025-07-07 14:00:00,31.00,77.00
2025-07-07 15:00:00,35.50,89.75
2025-07-07 16:00:00,41.00,103.50
2025-07-07 17:00:00,44.75,112.75
2025-07-07 18:00:00,51.25,128.75
2025-07-07 19:00:00,65.00,163.00
2025-07-07 20:00:00,60.75,151.00
2025-07-07 21:00:00,42.75,106.75
2025-07-07 22:00:00,52.75,132.50
2025-07-07 23:00:00,44.75,111.50
2025-07-08 00:00:00,30.25,75.50
2025-07-08 01:00:00,24.00,59.75
2025-07-08 02:00:00,21.75,54.50
2025-07-08 03:00:00,24.00,59.50
2025-07-08 04:00:00,23.50,59.50
2025-07-08 05:00:00,22.25,55.75
2025-07-08 06:00:00,23.75,60.00
2025-07-08 07:00:00,27.25,68.75
2025-07-08 08:00:00,32.75,81.75
2025-07-08 09:00:00,38.50,96.75
2025-07-08 10:00:00,40.00,99.50
2025-07-08 11:00:00,39.00,98.25
2025-07-08 12:00:00,37.25,93.00
2025-07-08 13:00:00,41.00,102.00
2025-07-08 14:00:00,NA,NA
2025-07-08 15:00:00,NA,103.00
2025-07-08 16:00:00,NA,NA
2025-07-08 17:00:00,NA,100.00
2025-07-08 18:00:00,NA,72.00
2025-07-08 19:00:00,NA,NA
2025-07-08 20:00:00,NA,74.00
2025-07-08 21:00:00,NA,62.00
2025-07-08 22:00:00,NA,55.00
2025-07-08 23:00:00,NA,33.00
2025-07-09 00:00:00,NA,36.00
2025-07-09 01:00:00,NA,34.00
2025-07-09 02:00:00,NA,33.00
2025-07-09 03:00:00,NA,31.50
2025-07-09 04:00:00,NA,36.75
2025-07-09 05:00:00,NA,40.25
2025-07-09 06:00:00,NA,48.75
2025-07-09 07:00:00,NA,65.25
2025-07-09 08:00:00,NA,73.50
2025-07-09 09:00:00,NA,75.50
2025-07-09 10:00:00,NA,69.25
2025-07-09 11:00:00,NA,74.25
2025-07-09 12:00:00,NA,78.33
2025-07-09 13:00:00,NA,79.00
2025-07-09 14:00:00,NA,NA
2025-07-09 15:00:00,NA,96.00
2025-07-09 16:00:00,NA,101.33
2025-07-09 17:00:00,NA,109.00
2025-07-09 18:00:00,NA,98.50
2025-07-09 19:00:00,NA,101.75
2025-07-09 20:00:00,NA,126.25
2025-07-09 21:00:00,NA,123.75
2025-07-09 22:00:00,NA,102.25
2025-07-09 23:00:00,NA,86.00
2025-07-10 00:00:00,NA,65.00
2025-07-10 01:00:00,NA,73.50
2025-07-10 02:00:00,NA,69.75
2025-07-10 03:00:00,NA,61.25
2025-07-10 04:00:00,NA,56.50
2025-07-10 05:00:00,NA,60.50
2025-07-10 06:00:00,NA,71.25
2025-07-10 07:00:00,NA,79.00
2025-07-10 08:00:00,NA,77.25
2025-07-10 09:00:00,NA,90.00
2025-07-10 10:00:00,NA,87.75
2025-07-10 11:00:00,NA,84.25
2025-07-10 12:00:00,NA,92.75
2025-07-10 13:00:00,NA,90.25
2025-07-10 14:00:00,NA,91.50
2025-07-10 15:00:00,NA,85.25
2025-07-10 16:00:00,54.00,89.50
2025-07-10 17:00:00,53.00,87.75
2025-07-10 18:00:00,46.75,77.75
2025-07-10 19:00:00,44.00,73.75
2025-07-10 20:00:00,38.75,65.00
2025-07-10 21:00:00,41.00,68.25
2025-07-10 22:00:00,42.75,71.75
2025-07-10 23:00:00,48.00,80.00
2025-07-11 00:00:00,44.75,74.75
2025-07-11 01:00:00,33.75,56.75
2025-07-11 02:00:00,31.00,51.50
2025-07-11 03:00:00,34.75,57.50
2025-07-11 04:00:00,37.00,62.00
2025-07-11 05:00:00,39.50,66.25
2025-07-11 06:00:00,47.00,79.00
2025-07-11 07:00:00,47.25,79.25
2025-07-11 08:00:00,51.75,86.25
2025-07-11 09:00:00,61.25,102.25
2025-07-11 10:00:00,53.50,89.75
2025-07-11 11:00:00,46.25,77.25
2025-07-11 12:00:00,48.00,79.75
2025-07-11 13:00:00,49.25,82.00
2025-07-11 14:00:00,46.75,77.75
2025-07-11 15:00:00,54.50,91.25
2025-07-11 16:00:00,52.25,87.50
2025-07-11 17:00:00,50.00,83.25
2025-07-11 18:00:00,51.25,85.75
2025-07-11 19:00:00,54.50,90.50
2025-07-11 20:00:00,50.75,85.00
2025-07-11 21:00:00,43.00,71.25
2025-07-11 22:00:00,38.25,63.25
2025-07-11 23:00:00,29.50,49.00
2025-07-12 00:00:00,17.25,28.25
2025-07-12 01:00:00,13.00,21.75
2025-07-12 02:00:00,14.75,25.00
2025-07-12 03:00:00,11.75,20.25
2025-07-12 04:00:00,14.00,24.00
2025-07-12 05:00:00,16.00,27.00
2025-07-12 06:00:00,23.50,38.75
2025-07-12 07:00:00,30.25,50.50
2025-07-12 08:00:00,34.00,56.25
2025-07-12 09:00:00,25.75,43.00
2025-07-12 10:00:00,28.75,47.50
2025-07-12 11:00:00,NA,NA
2025-07-12 12:00:00,NA,NA
2025-07-12 13:00:00,33.25,55.75
2025-07-12 14:00:00,41.75,70.00
2025-07-12 15:00:00,NA,NA
2025-07-12 16:00:00,NA,NA
2025-07-12 17:00:00,55.00,91.00
2025-07-12 18:00:00,50.00,82.75
2025-07-12 19:00:00,32.00,53.00
2025-07-12 20:00:00,27.25,45.25
2025-07-12 21:00:00,43.25,72.50
2025-07-12 22:00:00,52.75,88.25
2025-07-12 23:00:00,54.25,89.75
2025-07-13 00:00:00,56.00,93.00
2025-07-13 01:00:00,41.00,68.75
2025-07-13 02:00:00,39.00,64.75
2025-07-13 03:00:00,30.00,50.00
2025-07-13 04:00:00,20.50,34.00
2025-07-13 05:00:00,20.00,33.00
2025-07-13 06:00:00,25.25,42.50
2025-07-13 07:00:00,34.25,56.75
2025-07-13 08:00:00,40.00,66.25
2025-07-13 09:00:00,37.25,61.75
2025-07-13 10:00:00,38.00,64.00
2025-07-13 11:00:00,39.25,66.00
2025-07-13 12:00:00,42.50,71.00
2025-07-13 13:00:00,41.00,68.00
2025-07-13 14:00:00,42.00,69.75
2025-07-13 15:00:00,44.50,74.25
2025-07-13 16:00:00,41.50,69.25
2025-07-13 17:00:00,37.25,61.50
2025-07-13 18:00:00,36.00,59.75
2025-07-13 19:00:00,29.75,49.50
2025-07-13 20:00:00,27.75,46.00
2025-07-13 21:00:00,23.75,39.75
2025-07-13 22:00:00,25.00,42.25
2025-07-13 23:00:00,29.50,49.25
2025-07-14 00:00:00,22.75,37.50
2025-07-14 01:00:00,15.50,26.25
2025-07-14 02:00:00,14.50,24.75
2025-07-14 03:00:00,14.75,24.75
2025-07-14 04:00:00,11.75,19.50
2025-07-14 05:00:00,14.25,24.25
2025-07-14 06:00:00,16.25,27.00
2025-07-14 07:00:00,21.25,35.00
2025-07-14 08:00:00,26.50,43.75
2025-07-14 09:00:00,33.25,55.75
2025-07-14 10:00:00,39.25,65.75
2025-07-14 11:00:00,38.50,64.50
2025-07-14 12:00:00,43.75,73.25
2025-07-14 13:00:00,44.50,74.50
2025-07-14 14:00:00,38.50,64.50
2025-07-14 15:00:00,37.00,62.00
2025-07-14 16:00:00,50.25,84.00
2025-07-14 17:00:00,59.75,99.75
2025-07-14 18:00:00,48.75,81.75
2025-07-14 19:00:00,46.75,77.75
2025-07-14 20:00:00,56.00,92.75
2025-07-14 21:00:00,57.75,96.00
2025-07-14 22:00:00,22.00,36.75
2025-07-14 23:00:00,8.25,14.00
2025-07-15 00:00:00,11.00,18.25
2025-07-15 01:00:00,9.00,14.75
2025-07-15 02:00:00,12.50,21.00
2025-07-15 03:00:00,16.25,27.75
2025-07-15 04:00:00,22.00,37.00
2025-07-15 05:00:00,19.75,32.25
2025-07-15 06:00:00,26.00,42.75
2025-07-15 07:00:00,37.75,62.50
2025-07-15 08:00:00,36.50,60.25
2025-07-15 09:00:00,34.25,56.75
2025-07-15 10:00:00,31.50,52.25
2025-07-15 11:00:00,28.75,48.00
2025-07-15 12:00:00,26.25,44.00
2025-07-15 13:00:00,28.00,46.50
2025-07-15 14:00:00,22.00,36.00
2025-07-15 15:00:00,24.50,40.25
2025-07-15 16:00:00,36.00,59.75
2025-07-15 17:00:00,43.75,73.00
2025-07-15 18:00:00,33.25,55.75
2025-07-15 19:00:00,43.75,73.25
2025-07-15 20:00:00,54.25,90.50
2025-07-15 21:00:00,50.75,84.00
2025-07-15 22:00:00,44.50,74.00
2025-07-15 23:00:00,35.25,59.00
2025-07-16 00:00:00,27.75,46.25
2025-07-16 01:00:00,20.75,34.75
2025-07-16 02:00:00,21.75,36.75
2025-07-16 03:00:00,26.75,44.75
2025-07-16 04:00:00,25.25,42.75
2025-07-16 05:00:00,24.25,40.75
2025-07-16 06:00:00,28.50,47.00
2025-07-16 07:00:00,30.00,50.00
2025-07-16 08:00:00,32.75,54.50
2025-07-16 09:00:00,40.25,67.00
2025-07-16 10:00:00,37.75,63.25
2025-07-16 11:00:00,38.50,63.75
2025-07-16 12:00:00,42.25,70.50
2025-07-16 13:00:00,43.67,72.33
2025-07-16 14:00:00,49.25,82.25
2025-07-16 15:00:00,44.00,73.75
2025-07-16 16:00:00,44.75,74.25
2025-07-16 17:00:00,44.00,73.00
2025-07-16 18:00:00,34.25,56.75
2025-07-16 19:00:00,32.50,53.75
2025-07-16 20:00:00,37.50,62.00
2025-07-16 21:00:00,48.50,81.00
2025-07-16 22:00:00,44.75,75.00
2025-07-16 23:00:00,27.75,46.00
2025-07-17 00:00:00,24.00,40.00
2025-07-17 01:00:00,20.75,34.50
2025-07-17 02:00:00,10.25,17.00
2025-07-17 03:00:00,8.50,14.75
2025-07-17 04:00:00,9.50,16.00
2025-07-17 05:00:00,9.25,15.25
2025-07-17 06:00:00,15.50,26.00
2025-07-17 07:00:00,25.75,42.50
2025-07-17 08:00:00,37.75,62.25
2025-07-17 09:00:00,47.75,79.00
2025-07-17 10:00:00,44.00,73.00
2025-07-17 11:00:00,40.50,67.25
2025-07-17 12:00:00,31.75,53.00
2025-07-17 13:00:00,36.25,60.75
2025-07-17 14:00:00,35.00,58.50
2025-07-17 15:00:00,38.00,63.25
2025-07-17 16:00:00,36.25,60.75
2025-07-17 17:00:00,31.00,51.00
2025-07-17 18:00:00,30.75,50.75
2025-07-17 19:00:00,32.75,54.75
2025-07-17 20:00:00,36.75,61.75
2025-07-17 21:00:00,24.75,41.25
2025-07-17 22:00:00,27.25,45.50
2025-07-17 23:00:00,27.25,45.75
2025-07-18 00:00:00,23.75,39.75
2025-07-18 01:00:00,19.00,31.50
2025-07-18 02:00:00,16.00,27.00
2025-07-18 03:00:00,16.25,27.25
2025-07-18 04:00:00,14.50,24.00
2025-07-18 05:00:00,8.25,14.00
2025-07-18 06:00:00,12.25,20.50
2025-07-18 07:00:00,14.75,24.75
2025-07-18 08:00:00,20.00,33.25
2025-07-18 09:00:00,21.50,36.50
2025-07-18 10:00:00,27.50,46.25
2025-07-18 11:00:00,31.00,51.50
2025-07-18 12:00:00,27.50,46.25
2025-07-18 13:00:00,27.00,45.50
2025-07-18 14:00:00,31.00,51.75
2025-07-18 15:00:00,39.00,65.25
2025-07-18 16:00:00,51.50,85.75
2025-07-18 17:00:00,41.50,69.00
2025-07-18 18:00:00,34.75,58.25
2025-07-18 19:00:00,38.75,64.75
2025-07-18 20:00:00,45.00,74.75
2025-07-18 21:00:00,46.50,77.50
2025-07-18 22:00:00,42.25,70.50
2025-07-18 23:00:00,38.00,63.50
2025-07-19 00:00:00,17.75,29.25
2025-07-19 01:00:00,3.25,5.25
2025-07-19 02:00:00,7.00,12.00
2025-07-19 03:00:00,7.25,12.50
2025-07-19 04:00:00,8.00,14.00
2025-07-19 05:00:00,10.25,17.50
2025-07-19 06:00:00,16.25,26.75
2025-07-19 07:00:00,15.50,25.75
2025-07-19 08:00:00,20.50,34.50
2025-07-19 09:00:00,23.00,38.00
2025-07-19 10:00:00,23.75,40.00
2025-07-19 11:00:00,17.50,28.75
2025-07-19 12:00:00,19.50,32.00
2025-07-19 13:00:00,21.25,35.25
2025-07-19 14:00:00,22.25,36.75
2025-07-19 15:00:00,28.00,47.25
2025-07-19 16:00:00,37.50,62.75
2025-07-19 17:00:00,22.00,36.50
2025-07-19 18:00:00,27.50,45.50
2025-07-19 19:00:00,34.00,57.00
2025-07-19 20:00:00,35.00,58.00
2025-07-19 21:00:00,46.75,78.50
2025-07-19 22:00:00,45.25,75.75
2025-07-19 23:00:00,38.50,64.50
2025-07-20 00:00:00,22.25,37.50
2025-07-20 01:00:00,13.25,22.75
2025-07-20 02:00:00,11.25,19.25
2025-07-20 03:00:00,12.50,21.00
2025-07-20 04:00:00,14.00,23.75
2025-07-20 05:00:00,14.50,24.00
2025-07-20 06:00:00,16.50,27.75
2025-07-20 07:00:00,18.25,30.25
2025-07-20 08:00:00,21.50,35.25
2025-07-20 09:00:00,29.25,48.50
2025-07-20 10:00:00,29.50,49.25
2025-07-20 11:00:00,28.75,48.00
2025-07-20 12:00:00,31.00,51.00
2025-07-20 13:00:00,31.00,51.00
2025-07-20 14:00:00,30.75,50.75
2025-07-20 15:00:00,31.25,52.00
2025-07-20 16:00:00,35.75,59.50
2025-07-20 17:00:00,38.00,63.75
2025-07-20 18:00:00,37.00,61.50
2025-07-20 19:00:00,36.25,60.75
2025-07-20 20:00:00,44.25,74.00
2025-07-20 21:00:00,48.75,81.25
2025-07-20 22:00:00,48.50,80.75
2025-07-20 23:00:00,36.50,60.50
2025-07-21 00:00:00,20.00,33.00
2025-07-21 01:00:00,11.00,18.00
2025-07-21 02:00:00,11.00,18.00
2025-07-21 03:00:00,10.00,16.50
2025-07-21 04:00:00,8.00,13.50
2025-07-21 05:00:00,11.75,19.25
2025-07-21 06:00:00,13.25,22.00
2025-07-21 07:00:00,11.00,19.00
2025-07-21 08:00:00,12.25,21.00
2025-07-21 09:00:00,17.75,29.75
2025-07-21 10:00:00,23.00,38.00
2025-07-21 11:00:00,23.75,39.50
2025-07-21 12:00:00,25.75,43.50
2025-07-21 13:00:00,25.75,43.00
2025-07-21 14:00:00,26.75,44.00
2025-07-21 15:00:00,24.25,40.00
2025-07-21 16:00:00,28.00,46.00
2025-07-21 17:00:00,NA,NA
2025-07-21 18:00:00,NA,NA
2025-07-21 19:00:00,NA,NA
2025-07-21 20:00:00,NA,NA
2025-07-21 21:00:00,NA,NA
2025-07-21 22:00:00,NA,NA
2025-07-21 23:00:00,NA,NA
2025-07-22 00:00:00,NA,NA
2025-07-22 01:00:00,NA,NA
2025-07-22 02:00:00,NA,NA
2025-07-22 03:00:00,NA,NA
2025-07-22 04:00:00,NA,NA
2025-07-22 05:00:00,NA,NA
2025-07-22 06:00:00,NA,NA
2025-07-22 07:00:00,NA,NA
2025-07-22 08:00:00,NA,NA
2025-07-22 09:00:00,NA,NA
2025-07-22 10:00:00,NA,NA
2025-07-22 11:00:00,NA,NA
2025-07-22 12:00:00,NA,NA
2025-07-22 13:00:00,NA,NA
2025-07-22 14:00:00,NA,NA
2025-07-22 15:00:00,NA,NA
2025-07-22 16:00:00,NA,NA
2025-07-22 17:00:00,NA,NA
2025-07-22 18:00:00,NA,NA
2025-07-22 19:00:00,NA,61.00
2025-07-22 20:00:00,NA,58.50
2025-07-22 21:00:00,NA,51.00
2025-07-22 22:00:00,NA,51.00
2025-07-22 23:00:00,NA,47.00
2025-07-23 00:00:00,NA,35.25
2025-07-23 01:00:00,1.00,35.75
2025-07-23 02:00:00,2.00,35.25
2025-07-23 03:00:00,4.25,34.75
2025-07-23 04:00:00,2.00,30.25
2025-07-23 05:00:00,NA,29.50
2025-07-23 06:00:00,2.00,37.50
2025-07-23 07:00:00,2.33,54.50
2025-07-23 08:00:00,3.00,78.25
2025-07-23 09:00:00,NA,88.50
2025-07-23 10:00:00,NA,75.25
2025-07-23 11:00:00,1.00,61.75
2025-07-23 12:00:00,NA,73.00
2025-07-23 13:00:00,NA,83.00
2025-07-23 14:00:00,NA,78.50
2025-07-23 15:00:00,NA,74.00
2025-07-23 16:00:00,NA,NA
2025-07-23 17:00:00,NA,NA
2025-07-23 18:00:00,39.00,52.00
2025-07-23 19:00:00,34.75,51.00
2025-07-23 20:00:00,23.75,45.50
2025-07-23 21:00:00,26.25,34.50
2025-07-23 22:00:00,17.00,23.50
2025-07-23 23:00:00,13.25,21.25
2025-07-24 00:00:00,11.00,19.00
2025-07-24 01:00:00,9.00,11.00
2025-07-24 02:00:00,8.50,10.50
2025-07-24 03:00:00,7.00,9.00
2025-07-24 04:00:00,8.00,16.00
2025-07-24 05:00:00,7.50,15.50
2025-07-24 06:00:00,9.00,19.00
2025-07-24 07:00:00,20.75,38.75
2025-07-24 08:00:00,31.25,57.75
2025-07-24 09:00:00,35.75,71.00
2025-07-24 10:00:00,28.50,65.50
2025-07-24 11:00:00,25.75,60.50
2025-07-24 12:00:00,21.50,69.00
2025-07-24 13:00:00,21.00,69.75
2025-07-24 14:00:00,23.50,62.50
2025-07-24 15:00:00,22.25,71.50
2025-07-24 16:00:00,23.25,95.75
2025-07-24 17:00:00,25.75,81.75
2025-07-24 18:00:00,32.75,105.75
2025-07-24 19:00:00,38.75,114.50
2025-07-24 20:00:00,44.00,131.75
2025-07-24 21:00:00,47.00,113.00
2025-07-24 22:00:00,26.67,74.75
2025-07-24 23:00:00,21.25,62.25
2025-07-25 00:00:00,17.00,41.25
2025-07-25 01:00:00,11.50,30.75
2025-07-25 02:00:00,13.25,32.25
2025-07-25 03:00:00,14.00,30.25
2025-07-25 04:00:00,16.50,36.50
2025-07-25 05:00:00,22.25,60.00
2025-07-25 06:00:00,16.75,74.75
2025-07-25 07:00:00,19.00,60.50
2025-07-25 08:00:00,27.25,79.75
2025-07-25 09:00:00,25.00,100.75
2025-07-25 10:00:00,27.00,111.00
2025-07-25 11:00:00,24.33,103.75
2025-07-25 12:00:00,21.75,94.50
2025-07-25 13:00:00,NA,NA
2025-07-25 14:00:00,NA,NA
2025-07-25 15:00:00,NA,NA
2025-07-25 16:00:00,NA,NA
2025-07-25 17:00:00,27.00,117.00
2025-07-25 18:00:00,29.00,123.00
2025-07-25 19:00:00,36.75,142.25
2025-07-25 20:00:00,37.50,139.25
2025-07-25 21:00:00,27.00,116.25
2025-07-25 22:00:00,31.50,99.50
2025-07-25 23:00:00,17.50,72.75
2025-07-26 00:00:00,14.00,63.75
2025-07-26 01:00:00,9.50,45.75
2025-07-26 02:00:00,14.00,40.50
2025-07-26 03:00:00,14.50,43.50
2025-07-26 04:00:00,16.50,41.75
2025-07-26 05:00:00,15.75,49.50
2025-07-26 06:00:00,11.75,54.75
2025-07-26 07:00:00,20.75,79.00
2025-07-26 08:00:00,23.00,96.00
2025-07-26 09:00:00,23.25,110.25
2025-07-26 10:00:00,23.50,104.50
2025-07-26 11:00:00,21.00,94.75
2025-07-26 12:00:00,19.00,97.00
2025-07-26 13:00:00,21.25,NA
2025-07-26 14:00:00,18.50,NA
2025-07-26 15:00:00,16.00,NA
2025-07-26 16:00:00,15.00,87.00
2025-07-26 17:00:00,22.00,110.00
2025-07-26 18:00:00,23.50,114.50
2025-07-26 19:00:00,27.25,121.00
2025-07-26 20:00:00,25.50,86.50
2025-07-26 21:00:00,23.50,46.50
2025-07-26 22:00:00,13.25,47.50
2025-07-26 23:00:00,13.50,43.25
2025-07-27 00:00:00,11.75,33.50
2025-07-27 01:00:00,10.50,28.75
2025-07-27 02:00:00,8.75,28.25
2025-07-27 03:00:00,9.00,27.25
2025-07-27 04:00:00,11.00,22.75
2025-07-27 05:00:00,9.25,26.25
2025-07-27 06:00:00,13.75,34.25
2025-07-27 07:00:00,15.50,47.00
2025-07-27 08:00:00,14.75,47.00
2025-07-27 09:00:00,20.25,48.00
2025-07-27 10:00:00,27.25,53.75
2025-07-27 11:00:00,18.50,63.25
2025-07-27 12:00:00,17.00,71.50
2025-07-27 13:00:00,18.25,80.25
2025-07-27 14:00:00,20.75,65.00
2025-07-27 15:00:00,15.50,64.00
2025-07-27 16:00:00,12.25,68.25
2025-07-27 17:00:00,16.75,68.00
2025-07-27 18:00:00,20.00,83.00
2025-07-27 19:00:00,25.75,89.75
2025-07-27 20:00:00,31.75,102.75
2025-07-27 21:00:00,21.75,73.75
2025-07-27 22:00:00,12.00,51.50
2025-07-27 23:00:00,13.00,48.50
2025-07-28 00:00:00,14.00,43.25
2025-07-28 01:00:00,15.75,41.75
2025-07-28 02:00:00,13.50,40.75
2025-07-28 03:00:00,16.25,30.50
2025-07-28 04:00:00,10.50,29.50
2025-07-28 05:00:00,8.75,31.50
2025-07-28 06:00:00,10.00,43.50
2025-07-28 07:00:00,18.00,73.75
2025-07-28 08:00:00,22.75,72.75
2025-07-28 09:00:00,20.00,80.25
2025-07-28 10:00:00,21.75,77.75
2025-07-28 11:00:00,17.50,72.25
2025-07-28 12:00:00,15.50,58.25
2025-07-28 13:00:00,13.25,54.75
2025-07-28 14:00:00,11.00,44.50
2025-07-28 15:00:00,11.00,58.25
2025-07-28 16:00:00,11.75,78.00
2025-07-28 17:00:00,15.00,81.75
2025-07-28 18:00:00,18.50,87.25
2025-07-28 19:00:00,25.50,106.00
2025-07-28 20:00:00,37.25,121.25
2025-07-28 21:00:00,21.50,82.75
2025-07-28 22:00:00,17.25,69.50
2025-07-28 23:00:00,18.25,57.25
2025-07-29 00:00:00,19.00,53.25
2025-07-29 01:00:00,21.50,55.50
2025-07-29 02:00:00,29.00,48.25
2025-07-29 03:00:00,26.75,39.00
2025-07-29 04:00:00,19.50,38.00
2025-07-29 05:00:00,16.50,42.50
2025-07-29 06:00:00,15.25,45.75
2025-07-29 07:00:00,25.50,70.50
2025-07-29 08:00:00,27.75,84.25
2025-07-29 09:00:00,27.50,108.25
2025-07-29 10:00:00,22.25,99.50
2025-07-29 11:00:00,29.00,107.00
2025-07-29 12:00:00,NA,NA
2025-07-29 13:00:00,0.10,NA
2025-07-29 14:00:00,0.10,NA
2025-07-29 15:00:00,29.08,205.20
2025-07-29 16:00:00,21.54,117.12
2025-07-29 17:00:00,33.42,219.35
2025-07-29 18:00:00,22.88,109.81
2025-07-29 19:00:00,11.54,59.38
2025-07-29 20:00:00,NA,NA
2025-07-29 21:00:00,14.57,93.74
2025-07-29 22:00:00,NA,NA
2025-07-29 23:00:00,13.14,59.28
2025-07-30 00:00:00,7.75,37.20
2025-07-30 01:00:00,7.09,38.03
2025-07-30 02:00:00,11.92,42.75
2025-07-30 03:00:00,12.72,31.98
2025-07-30 04:00:00,10.70,28.36
2025-07-30 05:00:00,11.60,33.01
2025-07-30 06:00:00,12.07,37.50
2025-07-30 07:00:00,17.47,62.91
2025-07-30 08:00:00,18.23,89.80
2025-07-30 09:00:00,12.76,97.63
2025-07-30 10:00:00,16.00,103.00
2025-07-30 11:00:00,NA,NA
2025-07-30 12:00:00,17.86,82.20
2025-07-30 13:00:00,2.41,95.80
2025-07-30 14:00:00,21.94,82.60
2025-07-30 15:00:00,8.83,89.68
2025-07-30 16:00:00,8.18,100.93
2025-07-30 17:00:00,15.88,140.56
2025-07-30 18:00:00,24.60,445.34
2025-07-30 19:00:00,27.62,586.46
2025-07-30 20:00:00,40.43,393.76
2025-07-30 21:00:00,54.09,520.27
2025-07-30 22:00:00,34.30,127.91
2025-07-30 23:00:00,16.78,64.54
2025-07-31 00:00:00,19.50,63.20
2025-07-31 01:00:00,17.50,61.74
2025-07-31 02:00:00,48.00,62.15
2025-07-31 03:00:00,16.67,51.16
2025-07-31 04:00:00,17.47,62.44
2025-07-31 05:00:00,22.30,74.93
2025-07-31 06:00:00,35.32,135.48
2025-07-31 07:00:00,30.44,162.34
2025-07-31 08:00:00,26.70,138.14
2025-07-31 09:00:00,20.90,139.93
2025-07-31 10:00:00,20.00,112.00
2025-07-31 11:00:00,NA,NA
2025-07-31 12:00:00,0.02,0.11
2025-07-31 13:00:00,0.01,0.11
2025-07-31 14:00:00,9.32,47.64
2025-07-31 15:00:00,46.04,148.06
2025-07-31 16:00:00,32.86,111.76
2025-07-31 17:00:00,38.74,95.15
2025-07-31 18:00:00,38.64,95.46
2025-07-31 19:00:00,32.09,93.32
2025-07-31 20:00:00,28.26,81.40
2025-07-31 21:00:00,23.41,72.14
2025-07-31 22:00:00,21.88,70.09
2025-07-31 23:00:00,21.15,66.88
2025-08-01 00:00:00,23.85,74.48
2025-08-01 01:00:00,32.54,77.93
2025-08-01 02:00:00,23.40,60.44
2025-08-01 03:00:00,21.90,53.95
2025-08-01 04:00:00,22.28,51.95
2025-08-01 05:00:00,28.92,53.86
2025-08-01 06:00:00,34.83,68.18
2025-08-01 07:00:00,42.22,91.80
2025-08-01 08:00:00,45.63,107.41
2025-08-01 09:00:00,39.69,112.50
2025-08-01 10:00:00,34.68,104.48
2025-08-01 11:00:00,34.51,104.62
2025-08-01 12:00:00,37.29,109.27
2025-08-01 13:00:00,38.53,100.57
2025-08-01 14:00:00,44.39,119.26
2025-08-01 15:00:00,49.74,148.72
2025-08-01 16:00:00,40.94,114.34
2025-08-01 17:00:00,47.25,135.89
2025-08-01 18:00:00,62.73,168.82
2025-08-01 19:00:00,62.26,152.61
2025-08-01 20:00:00,80.46,174.59
2025-08-01 21:00:00,61.10,128.13
2025-08-01 22:00:00,NA,109.61
2025-08-01 23:00:00,44.22,98.60
2025-08-02 00:00:00,39.50,80.52
2025-08-02 01:00:00,32.49,72.32
2025-08-02 02:00:00,39.84,71.48
2025-08-02 03:00:00,23.25,69.77
2025-08-02 04:00:00,24.24,47.66
2025-08-02 05:00:00,21.01,38.35
2025-08-02 06:00:00,20.89,34.45
2025-08-02 07:00:00,13.09,52.93
2025-08-02 08:00:00,22.83,81.00
2025-08-02 09:00:00,27.41,92.68
2025-08-02 10:00:00,37.22,104.06
2025-08-02 11:00:00,37.44,125.74
2025-08-02 12:00:00,41.18,120.07
2025-08-02 13:00:00,43.16,119.82
2025-08-02 14:00:00,59.28,138.20
2025-08-02 15:00:00,51.88,123.26
2025-08-02 16:00:00,43.24,108.98
2025-08-02 17:00:00,46.88,99.42
2025-08-02 18:00:00,52.29,100.38
2025-08-02 19:00:00,49.54,106.54
2025-08-02 20:00:00,38.73,86.29
2025-08-02 21:00:00,34.11,76.54
2025-08-02 22:00:00,32.62,64.51
2025-08-02 23:00:00,32.41,63.63
2025-08-03 00:00:00,34.18,68.59
2025-08-03 01:00:00,32.99,61.18
2025-08-03 02:00:00,19.27,53.63
2025-08-03 03:00:00,21.76,46.64
2025-08-03 04:00:00,19.95,47.89
2025-08-03 05:00:00,25.88,42.12
2025-08-03 06:00:00,28.07,50.45
2025-08-03 07:00:00,24.01,56.42
2025-08-03 08:00:00,28.58,89.52
2025-08-03 09:00:00,32.28,112.73
2025-08-03 10:00:00,27.76,96.05
2025-08-03 11:00:00,43.09,110.40
2025-08-03 12:00:00,28.20,87.49
2025-08-03 13:00:00,37.27,137.24
2025-08-03 14:00:00,37.44,121.14
2025-08-03 15:00:00,27.38,80.54
2025-08-03 16:00:00,27.49,71.30
2025-08-03 17:00:00,39.29,70.87
2025-08-03 18:00:00,26.52,61.61
2025-08-03 19:00:00,24.02,77.90
2025-08-03 20:00:00,33.61,72.33
2025-08-03 21:00:00,33.27,73.42
2025-08-03 22:00:00,33.48,75.93
2025-08-03 23:00:00,21.27,54.07
2025-08-04 00:00:00,17.74,45.41
2025-08-04 01:00:00,16.47,38.01
2025-08-04 02:00:00,12.08,28.94
2025-08-04 03:00:00,17.37,26.90
2025-08-04 04:00:00,13.51,24.76
2025-08-04 05:00:00,11.00,24.99
2025-08-04 06:00:00,13.34,38.96
2025-08-04 07:00:00,23.32,62.31
2025-08-04 08:00:00,21.80,81.78
2025-08-04 09:00:00,26.58,106.42
2025-08-04 10:00:00,24.99,86.93
2025-08-04 11:00:00,28.57,72.38
2025-08-04 12:00:00,32.59,75.57
2025-08-04 13:00:00,37.56,81.84
2025-08-04 14:00:00,28.73,76.24
2025-08-04 15:00:00,29.59,60.51
2025-08-04 16:00:00,28.40,71.91
2025-08-04 17:00:00,29.94,82.83
2025-08-04 18:00:00,40.03,77.98
2025-08-04 19:00:00,39.09,88.69
2025-08-04 20:00:00,38.43,78.65
2025-08-04 21:00:00,29.66,NA
2025-08-04 22:00:00,35.69,62.34
2025-08-04 23:00:00,43.72,65.01
2025-08-05 00:00:00,38.81,53.98
2025-08-05 01:00:00,26.20,46.92
2025-08-05 02:00:00,23.40,55.02
2025-08-05 03:00:00,22.30,44.04
2025-08-05 04:00:00,19.28,26.47
2025-08-05 05:00:00,15.63,22.88
2025-08-05 06:00:00,15.70,29.77
2025-08-05 07:00:00,17.07,44.02
2025-08-05 08:00:00,24.32,63.93
2025-08-05 09:00:00,22.62,91.74
2025-08-05 10:00:00,24.26,74.51
2025-08-05 11:00:00,21.78,65.61
2025-08-05 12:00:00,26.12,93.05
2025-08-05 13:00:00,22.52,175.23
2025-08-05 14:00:00,38.70,92.25
2025-08-05 15:00:00,33.85,83.36
2025-08-05 16:00:00,45.17,72.72
2025-08-05 17:00:00,51.88,76.83
2025-08-05 18:00:00,21.50,39.94
2025-08-05 19:00:00,21.08,36.92
2025-08-05 20:00:00,11.67,32.93
2025-08-05 21:00:00,10.96,35.09
2025-08-05 22:00:00,13.51,39.67
2025-08-05 23:00:00,10.82,33.58
2025-08-06 00:00:00,11.66,31.70
2025-08-06 01:00:00,8.91,29.32
2025-08-06 02:00:00,11.10,23.54
2025-08-06 03:00:00,16.20,23.44
2025-08-06 04:00:00,8.10,16.94
2025-08-06 05:00:00,12.71,16.26
2025-08-06 06:00:00,13.39,31.14
2025-08-06 07:00:00,24.94,61.64
2025-08-06 08:00:00,28.02,67.00
2025-08-06 09:00:00,23.00,88.69
2025-08-06 10:00:00,16.46,65.24
2025-08-06 11:00:00,28.23,73.24
2025-08-06 12:00:00,35.30,88.72
2025-08-06 13:00:00,37.36,81.22
2025-08-06 14:00:00,39.27,81.24
2025-08-06 15:00:00,26.66,68.27
2025-08-06 16:00:00,30.77,69.54
2025-08-06 17:00:00,38.20,82.47
2025-08-06 18:00:00,38.35,86.70
2025-08-06 19:00:00,33.59,66.75
2025-08-06 20:00:00,24.99,45.39
2025-08-06 21:00:00,31.60,46.00
2025-08-06 22:00:00,21.24,44.67
2025-08-06 23:00:00,17.07,NA
2025-08-07 00:00:00,9.19,39.66
2025-08-07 01:00:00,13.48,40.27
2025-08-07 02:00:00,10.87,35.81
2025-08-07 03:00:00,13.05,38.62
2025-08-07 04:00:00,17.52,38.69
2025-08-07 05:00:00,16.34,40.60
2025-08-07 06:00:00,16.19,41.69
2025-08-07 07:00:00,22.98,59.86
2025-08-07 08:00:00,16.05,57.28
2025-08-07 09:00:00,21.91,77.49
2025-08-07 10:00:00,28.30,71.64
2025-08-07 11:00:00,43.23,106.70
2025-08-07 12:00:00,45.75,99.05
2025-08-07 13:00:00,42.41,80.60
2025-08-07 14:00:00,33.80,71.46
2025-08-07 15:00:00,28.46,73.79
2025-08-07 16:00:00,30.10,66.15
2025-08-07 17:00:00,27.71,58.16
2025-08-07 18:00:00,34.13,66.03
2025-08-07 19:00:00,47.19,NA
2025-08-07 20:00:00,71.75,103.36
2025-08-07 21:00:00,75.30,99.00
2025-08-07 22:00:00,48.59,72.54
2025-08-07 23:00:00,29.40,46.18
2025-08-08 00:00:00,30.10,43.62
2025-08-08 01:00:00,27.78,45.16
2025-08-08 02:00:00,31.04,54.27
2025-08-08 03:00:00,1.94,12.80
2025-08-08 04:00:00,NA,NA
2025-08-08 05:00:00,1.10,7.10
2025-08-08 06:00:00,3.07,9.95
2025-08-08 07:00:00,5.50,30.85
2025-08-08 08:00:00,13.68,34.92
2025-08-08 09:00:00,15.46,57.33
2025-08-08 10:00:00,37.14,108.46
2025-08-08 11:00:00,13.67,69.51
2025-08-08 12:00:00,15.18,62.69
2025-08-08 13:00:00,35.18,146.15
2025-08-08 14:00:00,35.61,108.75
2025-08-08 15:00:00,40.96,89.25
2025-08-08 16:00:00,45.89,111.38
2025-08-08 17:00:00,31.16,78.72
2025-08-08 18:00:00,17.45,61.92
2025-08-08 19:00:00,30.58,85.09
2025-08-08 20:00:00,33.10,85.90
2025-08-08 21:00:00,24.43,55.76
2025-08-08 22:00:00,24.43,57.61
2025-08-08 23:00:00,25.11,61.84
2025-08-09 00:00:00,34.95,83.73
2025-08-09 01:00:00,49.97,94.80
2025-08-09 02:00:00,46.91,90.33
2025-08-09 03:00:00,38.61,65.22
2025-08-09 04:00:00,32.37,51.94
2025-08-09 05:00:00,33.06,57.79
2025-08-09 06:00:00,17.31,40.67
2025-08-09 07:00:00,16.81,41.86
2025-08-09 08:00:00,17.01,73.61
2025-08-09 09:00:00,19.88,110.46
2025-08-09 10:00:00,28.57,90.42
2025-08-09 11:00:00,19.32,98.69
2025-08-09 12:00:00,29.72,110.82
2025-08-09 13:00:00,31.19,125.91
2025-08-09 14:00:00,37.91,109.36
2025-08-09 15:00:00,35.25,116.00
2025-08-09 16:00:00,28.78,87.84
2025-08-09 17:00:00,21.98,69.54
2025-08-09 18:00:00,29.01,73.86
2025-08-09 19:00:00,34.47,69.15
2025-08-09 20:00:00,32.39,82.57
2025-08-09 21:00:00,34.32,90.84
2025-08-09 22:00:00,28.91,88.64
2025-08-09 23:00:00,19.47,NA
2025-08-10 00:00:00,30.51,75.17
2025-08-10 01:00:00,27.39,57.16
2025-08-10 02:00:00,13.23,26.86
2025-08-10 03:00:00,9.01,23.44
2025-08-10 04:00:00,10.73,18.85
2025-08-10 05:00:00,8.86,24.52
2025-08-10 06:00:00,12.34,39.75
2025-08-10 07:00:00,18.50,83.28
2025-08-10 08:00:00,17.57,86.15
2025-08-10 09:00:00,13.63,70.54
2025-08-10 10:00:00,10.39,58.21
2025-08-10 11:00:00,4.77,56.07
2025-08-10 12:00:00,1.98,50.99
2025-08-10 13:00:00,2.49,54.79
2025-08-10 14:00:00,11.90,61.75
2025-08-10 15:00:00,27.30,67.73
2025-08-10 16:00:00,14.15,43.50
2025-08-10 17:00:00,20.96,43.17
2025-08-10 18:00:00,16.52,47.07
2025-08-10 19:00:00,12.44,63.06
2025-08-10 20:00:00,10.48,11.00
2025-08-10 21:00:00,12.62,13.76
2025-08-10 22:00:00,10.54,16.35
2025-08-10 23:00:00,4.76,225.05
2025-08-11 00:00:00,1.04,NA
2025-08-11 01:00:00,1.93,8.09
2025-08-11 02:00:00,2.00,12.00
2025-08-11 03:00:00,NA,NA
2025-08-11 04:00:00,NA,NA
2025-08-11 05:00:00,7.77,16.44
2025-08-11 06:00:00,5.80,14.35
2025-08-11 07:00:00,6.47,23.04
2025-08-11 08:00:00,13.50,33.53
2025-08-11 09:00:00,10.99,51.69
2025-08-11 10:00:00,12.91,55.82
2025-08-11 11:00:00,13.26,58.47
2025-08-11 12:00:00,6.86,61.64
2025-08-11 13:00:00,5.72,65.32
2025-08-11 14:00:00,2.87,48.74
2025-08-11 15:00:00,1.98,74.32
2025-08-11 16:00:00,2.04,75.60
2025-08-11 17:00:00,3.82,67.00
2025-08-11 18:00:00,16.91,79.22
2025-08-11 19:00:00,5.34,31.46
2025-08-11 20:00:00,14.10,20.07
2025-08-11 21:00:00,32.93,45.36
2025-08-11 22:00:00,22.60,42.52
2025-08-11 23:00:00,13.83,35.78
2025-08-12 00:00:00,13.57,39.43
2025-08-12 01:00:00,11.81,37.31
2025-08-12 02:00:00,10.75,40.06
2025-08-12 03:00:00,8.62,29.44
2025-08-12 04:00:00,5.65,15.75
2025-08-12 05:00:00,1.70,18.03
2025-08-12 06:00:00,13.33,23.50
2025-08-12 07:00:00,23.96,40.35
2025-08-12 08:00:00,27.19,45.29
2025-08-12 09:00:00,19.15,42.15
2025-08-12 10:00:00,12.80,51.80
2025-08-12 11:00:00,11.86,52.16
2025-08-12 12:00:00,11.73,48.19
2025-08-12 13:00:00,11.86,59.27
2025-08-12 14:00:00,11.68,54.38
2025-08-12 15:00:00,8.74,55.17
2025-08-12 16:00:00,8.14,68.34
2025-08-12 17:00:00,12.33,84.56
2025-08-12 18:00:00,19.66,95.42
2025-08-12 19:00:00,22.15,103.35
2025-08-12 20:00:00,29.73,116.80
2025-08-12 21:00:00,45.22,119.34
2025-08-12 22:00:00,34.38,111.49
2025-08-12 23:00:00,30.57,81.30
2025-08-13 00:00:00,28.92,65.67
2025-08-13 01:00:00,22.40,54.85
2025-08-13 02:00:00,16.86,41.95
2025-08-13 03:00:00,16.78,47.95
2025-08-13 04:00:00,5.70,25.48
2025-08-13 05:00:00,2.88,10.75
2025-08-13 06:00:00,2.15,11.04
2025-08-13 07:00:00,5.42,16.15
2025-08-13 08:00:00,12.87,22.96
2025-08-13 09:00:00,15.70,26.10
2025-08-13 10:00:00,13.48,21.80
2025-08-13 11:00:00,7.82,22.74
2025-08-13 12:00:00,7.91,22.70
2025-08-13 13:00:00,7.29,26.75
2025-08-13 14:00:00,NA,38.10
2025-08-13 15:00:00,16.75,30.81
2025-08-13 16:00:00,15.63,39.93
2025-08-13 17:00:00,12.98,47.62
2025-08-13 18:00:00,18.08,51.15
2025-08-13 19:00:00,22.85,74.88
2025-08-13 20:00:00,24.70,107.73
2025-08-13 21:00:00,30.57,92.24
2025-08-13 22:00:00,45.34,132.35
2025-08-13 23:00:00,46.06,148.22
2025-08-14 00:00:00,41.07,136.56
2025-08-14 01:00:00,32.70,86.38
2025-08-14 02:00:00,23.91,44.34
2025-08-14 03:00:00,16.16,42.08
2025-08-14 04:00:00,18.50,19.27
2025-08-14 05:00:00,11.96,24.08
2025-08-14 06:00:00,26.84,35.80
2025-08-14 07:00:00,34.52,61.90
2025-08-14 08:00:00,39.57,84.51
2025-08-14 09:00:00,23.33,75.31
2025-08-14 10:00:00,21.22,75.80
2025-08-14 11:00:00,17.09,86.38
2025-08-14 12:00:00,21.38,74.65
2025-08-14 13:00:00,19.60,80.58
2025-08-14 14:00:00,16.86,56.16
2025-08-14 15:00:00,17.52,51.98
2025-08-14 16:00:00,17.38,56.86
2025-08-14 17:00:00,26.86,64.49
2025-08-14 18:00:00,29.47,49.68
2025-08-14 19:00:00,32.00,65.12
2025-08-14 20:00:00,21.19,29.56
2025-08-14 21:00:00,13.98,18.11
2025-08-14 22:00:00,22.04,34.86
2025-08-14 23:00:00,26.54,55.09
2025-08-15 00:00:00,29.20,76.89
2025-08-15 01:00:00,33.60,85.78
2025-08-15 02:00:00,32.27,65.15
2025-08-15 03:00:00,19.52,44.20
2025-08-15 04:00:00,19.90,38.67
2025-08-15 05:00:00,21.23,39.39
2025-08-15 06:00:00,16.93,28.12
2025-08-15 07:00:00,17.62,38.65
2025-08-15 08:00:00,27.47,54.24
2025-08-15 09:00:00,23.81,51.18
2025-08-15 10:00:00,16.02,48.46
2025-08-15 11:00:00,54.52,101.42
2025-08-15 12:00:00,19.15,60.02
2025-08-15 13:00:00,16.67,58.10
2025-08-15 14:00:00,16.91,53.01
2025-08-15 15:00:00,10.80,50.88
2025-08-15 16:00:00,13.86,50.42
2025-08-15 17:00:00,19.83,48.70
2025-08-15 18:00:00,24.32,67.07
2025-08-15 19:00:00,27.36,72.54
2025-08-15 20:00:00,27.22,60.52
2025-08-15 21:00:00,29.75,67.44
2025-08-15 22:00:00,20.34,36.99
2025-08-15 23:00:00,6.54,32.80
2025-08-16 00:00:00,17.24,35.76
2025-08-16 01:00:00,12.26,36.94
2025-08-16 02:00:00,8.36,22.68
2025-08-16 03:00:00,15.26,21.33
2025-08-16 04:00:00,7.67,18.57
2025-08-16 05:00:00,6.89,18.52
2025-08-16 06:00:00,5.40,21.48
2025-08-16 07:00:00,13.84,27.72
2025-08-16 08:00:00,13.57,43.91
2025-08-16 09:00:00,16.96,51.50
2025-08-16 10:00:00,20.76,61.34
2025-08-16 11:00:00,20.88,67.18
2025-08-16 12:00:00,10.96,64.52
2025-08-16 13:00:00,18.23,61.39
2025-08-16 14:00:00,13.38,62.52
2025-08-16 15:00:00,24.32,61.11
2025-08-16 16:00:00,26.23,50.36
2025-08-16 17:00:00,19.54,33.89
2025-08-16 18:00:00,36.08,40.30
2025-08-16 19:00:00,53.41,58.59
2025-08-16 20:00:00,48.00,60.18
2025-08-16 21:00:00,18.92,37.14
2025-08-16 22:00:00,27.35,36.76
2025-08-16 23:00:00,23.12,30.43
2025-08-17 00:00:00,21.70,32.93
2025-08-17 01:00:00,8.24,21.16
2025-08-17 02:00:00,14.73,15.50
2025-08-17 03:00:00,7.40,16.39
2025-08-17 04:00:00,NA,NA
2025-08-17 05:00:00,NA,NA
2025-08-17 06:00:00,16.70,20.41
2025-08-17 07:00:00,21.80,33.35
2025-08-17 08:00:00,35.01,52.62
2025-08-17 09:00:00,32.40,56.16
2025-08-17 10:00:00,29.40,60.36
2025-08-17 11:00:00,38.66,59.03
2025-08-17 12:00:00,26.00,45.48
2025-08-17 13:00:00,17.10,37.93
2025-08-17 14:00:00,27.13,33.78
2025-08-17 15:00:00,18.51,34.61
2025-08-17 16:00:00,17.30,53.58
2025-08-17 17:00:00,20.40,43.59
2025-08-17 18:00:00,33.08,44.77
2025-08-17 19:00:00,27.09,50.54
2025-08-17 20:00:00,7.66,11.77
2025-08-17 21:00:00,NA,NA
2025-08-17 22:00:00,NA,7.87
2025-08-17 23:00:00,NA,8.79
2025-08-18 00:00:00,NA,NA
2025-08-18 01:00:00,8.64,12.46
2025-08-18 02:00:00,8.36,10.66
2025-08-18 03:00:00,NA,NA
2025-08-18 04:00:00,10.55,12.36
2025-08-18 05:00:00,8.15,16.07
2025-08-18 06:00:00,NA,NA
2025-08-18 07:00:00,NA,NA
2025-08-18 08:00:00,19.12,19.86
2025-08-18 09:00:00,23.70,26.87
2025-08-18 10:00:00,21.85,236.30
2025-08-18 11:00:00,18.30,NA
2025-08-18 12:00:00,16.60,47.07
2025-08-18 13:00:00,10.58,48.67
2025-08-18 14:00:00,7.57,37.93
2025-08-18 15:00:00,7.24,42.86
2025-08-18 16:00:00,13.26,50.53
2025-08-18 17:00:00,11.82,44.16
2025-08-18 18:00:00,NA,47.61
2025-08-18 19:00:00,18.85,63.50
2025-08-18 20:00:00,24.35,66.69
2025-08-18 21:00:00,33.51,67.96
2025-08-18 22:00:00,18.71,45.90
2025-08-18 23:00:00,NA,37.09
2025-08-19 00:00:00,4.76,16.96
2025-08-19 01:00:00,3.24,22.17
2025-08-19 02:00:00,9.36,22.39
2025-08-19 03:00:00,18.78,34.73
2025-08-19 04:00:00,18.31,34.83
2025-08-19 05:00:00,11.84,37.44
2025-08-19 06:00:00,13.78,34.15
2025-08-19 07:00:00,20.00,49.16
2025-08-19 08:00:00,26.30,67.74
2025-08-19 09:00:00,19.36,72.08
2025-08-19 10:00:00,16.49,65.93
2025-08-19 11:00:00,17.31,71.67
2025-08-19 12:00:00,12.62,56.02
2025-08-19 13:00:00,9.38,57.80
2025-08-19 14:00:00,15.45,62.47
2025-08-19 15:00:00,12.49,54.83
2025-08-19 16:00:00,11.99,60.96
2025-08-19 17:00:00,15.18,75.08
2025-08-19 18:00:00,12.52,71.63
2025-08-19 19:00:00,23.18,89.68
2025-08-19 20:00:00,23.34,83.10
2025-08-19 21:00:00,21.04,100.86
2025-08-19 22:00:00,18.71,80.76
2025-08-19 23:00:00,NA,74.24
2025-08-20 00:00:00,19.11,74.13
2025-08-20 01:00:00,12.90,54.20
2025-08-20 02:00:00,17.73,50.34
2025-08-20 03:00:00,20.27,63.78
2025-08-20 04:00:00,32.98,71.00
2025-08-20 05:00:00,28.09,93.83
2025-08-20 06:00:00,18.12,75.48
2025-08-20 07:00:00,38.98,111.35
2025-08-20 08:00:00,42.69,116.23
2025-08-20 09:00:00,22.92,96.85
2025-08-20 10:00:00,7.43,76.75
2025-08-20 11:00:00,15.45,69.69
2025-08-20 12:00:00,15.45,89.36
2025-08-20 13:00:00,12.83,67.42
2025-08-20 14:00:00,16.10,53.37
2025-08-20 15:00:00,9.24,68.86
2025-08-20 16:00:00,16.39,62.46
2025-08-20 17:00:00,13.48,77.25
2025-08-20 18:00:00,24.82,93.69
2025-08-20 19:00:00,35.59,107.38
2025-08-20 20:00:00,41.39,98.94
2025-08-20 21:00:00,46.28,85.04
2025-08-20 22:00:00,49.39,86.07
2025-08-20 23:00:00,29.78,70.06
2025-08-21 00:00:00,21.73,61.51
2025-08-21 01:00:00,17.73,58.26
2025-08-21 02:00:00,18.80,43.74
2025-08-21 03:00:00,9.65,54.18
2025-08-21 04:00:00,19.91,50.54
2025-08-21 05:00:00,21.23,46.81
2025-08-21 06:00:00,18.56,52.46
2025-08-21 07:00:00,33.66,80.83
2025-08-21 08:00:00,26.22,94.50
2025-08-21 09:00:00,19.21,96.07
2025-08-21 10:00:00,14.09,83.32
2025-08-21 11:00:00,18.97,68.31
2025-08-21 12:00:00,10.61,61.85
2025-08-21 13:00:00,9.12,64.65
2025-08-21 14:00:00,13.61,60.25
2025-08-21 15:00:00,13.76,55.47
2025-08-21 16:00:00,28.48,89.23
2025-08-21 17:00:00,30.07,76.14
2025-08-21 18:00:00,26.52,72.70
2025-08-21 19:00:00,23.46,59.61
2025-08-21 20:00:00,19.72,54.36
2025-08-21 21:00:00,22.48,48.62
2025-08-21 22:00:00,22.10,55.78
2025-08-21 23:00:00,16.68,46.36
2025-08-22 00:00:00,17.52,46.23
2025-08-22 01:00:00,14.09,45.46
2025-08-22 02:00:00,19.41,51.28
2025-08-22 03:00:00,17.53,53.52
2025-08-22 04:00:00,17.02,49.54
2025-08-22 05:00:00,22.80,39.41
2025-08-22 06:00:00,23.17,25.80
2025-08-22 07:00:00,15.41,16.05
2025-08-22 08:00:00,9.54,22.67
2025-08-22 09:00:00,22.04,33.51
2025-08-22 10:00:00,29.32,40.50
2025-08-22 11:00:00,29.66,51.30
2025-08-22 12:00:00,34.41,65.18
2025-08-22 13:00:00,37.25,75.34
2025-08-22 14:00:00,38.48,78.17
2025-08-22 15:00:00,30.23,78.06
2025-08-22 16:00:00,29.93,75.37
2025-08-22 17:00:00,37.50,67.34
2025-08-22 18:00:00,29.66,61.96
2025-08-22 19:00:00,34.09,49.52
2025-08-22 20:00:00,19.48,24.56
2025-08-22 21:00:00,18.09,33.40
2025-08-22 22:00:00,12.14,252.36
2025-08-22 23:00:00,17.99,NA
2025-08-23 00:00:00,24.31,35.82
2025-08-23 01:00:00,19.39,39.23
2025-08-23 02:00:00,29.96,50.48
2025-08-23 03:00:00,21.68,22.07
2025-08-23 04:00:00,NA,NA
2025-08-23 05:00:00,NA,NA
2025-08-23 06:00:00,3.34,5.38
2025-08-23 07:00:00,9.31,16.71
2025-08-23 08:00:00,18.07,19.12
2025-08-23 09:00:00,24.65,29.81
2025-08-23 10:00:00,23.12,29.99
2025-08-23 11:00:00,18.77,61.12
2025-08-23 12:00:00,22.11,69.25
2025-08-23 13:00:00,30.02,95.65
2025-08-23 14:00:00,25.84,57.81
2025-08-23 15:00:00,18.43,76.20
2025-08-23 16:00:00,17.16,61.53
2025-08-23 17:00:00,24.64,75.69
2025-08-23 18:00:00,27.16,55.70
2025-08-23 19:00:00,23.95,49.80
2025-08-23 20:00:00,19.09,52.61
2025-08-23 21:00:00,38.48,91.36
2025-08-23 22:00:00,31.74,65.24
2025-08-23 23:00:00,45.86,76.58
2025-08-24 00:00:00,44.36,84.10
2025-08-24 01:00:00,34.94,65.45
2025-08-24 02:00:00,38.84,67.51
2025-08-24 03:00:00,60.86,86.18
2025-08-24 04:00:00,60.99,87.59
2025-08-24 05:00:00,41.91,61.82
2025-08-24 06:00:00,27.16,48.23
2025-08-24 07:00:00,24.09,50.14
2025-08-24 08:00:00,19.32,48.75
2025-08-24 09:00:00,13.72,32.43
2025-08-24 10:00:00,NA,NA
2025-08-24 11:00:00,NA,NA
2025-08-24 12:00:00,NA,NA
2025-08-24 13:00:00,NA,NA
2025-08-24 14:00:00,NA,NA
2025-08-24 15:00:00,NA,NA
2025-08-24 16:00:00,NA,NA
2025-08-24 17:00:00,NA,NA
2025-08-24 18:00:00,NA,NA
2025-08-24 19:00:00,NA,NA
2025-08-24 20:00:00,NA,NA
2025-08-24 21:00:00,NA,NA
2025-08-24 22:00:00,NA,NA
2025-08-24 23:00:00,NA,NA
2025-08-25 00:00:00,NA,NA
2025-08-25 01:00:00,NA,NA
2025-08-25 02:00:00,NA,NA
2025-08-25 03:00:00,NA,NA
2025-08-25 04:00:00,NA,NA
2025-08-25 05:00:00,NA,NA
2025-08-25 06:00:00,NA,NA
2025-08-25 07:00:00,NA,NA
2025-08-25 08:00:00,NA,NA
2025-08-25 09:00:00,NA,NA
2025-08-25 10:00:00,NA,NA
2025-08-25 11:00:00,NA,997.00
2025-08-25 12:00:00,NA,NA
2025-08-25 13:00:00,7.89,52.11
2025-08-25 14:00:00,9.04,46.80
2025-08-25 15:00:00,11.70,46.20
2025-08-25 16:00:00,24.37,83.76
2025-08-25 17:00:00,28.40,77.75
2025-08-25 18:00:00,24.23,88.94
2025-08-25 19:00:00,21.36,71.66
2025-08-25 20:00:00,19.34,61.73
2025-08-25 21:00:00,17.05,61.07
2025-08-25 22:00:00,28.50,56.93
2025-08-25 23:00:00,38.68,82.65
2025-08-26 00:00:00,32.75,75.50
2025-08-26 01:00:00,26.86,63.39
2025-08-26 02:00:00,32.90,57.48
2025-08-26 03:00:00,34.53,59.61
2025-08-26 04:00:00,32.27,58.89
2025-08-26 05:00:00,19.77,44.76
2025-08-26 06:00:00,28.50,51.02
2025-08-26 07:00:00,40.39,77.12
2025-08-26 08:00:00,57.48,98.42
2025-08-26 09:00:00,43.36,108.30
2025-08-26 10:00:00,40.50,105.79
2025-08-26 11:00:00,39.85,90.09
2025-08-26 12:00:00,27.85,72.93
2025-08-26 13:00:00,16.75,113.14
2025-08-26 14:00:00,18.84,247.82
2025-08-26 15:00:00,19.57,300.23
2025-08-26 16:00:00,17.02,322.96
2025-08-26 17:00:00,22.68,219.59
2025-08-26 18:00:00,23.25,336.30
2025-08-26 19:00:00,42.46,238.54
2025-08-26 20:00:00,35.31,195.58
2025-08-26 21:00:00,30.44,438.46
2025-08-26 22:00:00,27.43,138.25
2025-08-26 23:00:00,28.67,254.49
2025-08-27 00:00:00,28.33,198.25
2025-08-27 01:00:00,23.66,584.61
2025-08-27 02:00:00,26.56,192.04
2025-08-27 03:00:00,24.77,90.64
2025-08-27 04:00:00,28.86,66.46
2025-08-27 05:00:00,27.46,71.09
2025-08-27 06:00:00,32.61,70.66
2025-08-27 07:00:00,24.66,103.66
2025-08-27 08:00:00,23.07,157.86
2025-08-27 09:00:00,21.20,72.10
2025-08-27 10:00:00,14.01,119.62
2025-08-27 11:00:00,16.81,116.02
2025-08-27 12:00:00,16.41,71.35
2025-08-27 13:00:00,13.41,73.98
2025-08-27 14:00:00,12.41,89.00
2025-08-27 15:00:00,19.05,112.90
2025-08-27 16:00:00,16.05,86.91
2025-08-27 17:00:00,21.61,85.77
2025-08-27 18:00:00,43.56,130.07
2025-08-27 19:00:00,20.40,131.91
2025-08-27 20:00:00,31.40,79.04
2025-08-27 21:00:00,39.89,97.06
2025-08-27 22:00:00,28.77,79.61
2025-08-27 23:00:00,17.02,87.12
2025-08-28 00:00:00,22.23,41.22
2025-08-28 01:00:00,14.14,53.54
2025-08-28 02:00:00,21.20,29.89
2025-08-28 03:00:00,13.50,33.42
2025-08-28 04:00:00,11.33,29.46
2025-08-28 05:00:00,18.44,32.34
2025-08-28 06:00:00,13.61,36.65
2025-08-28 07:00:00,13.36,78.73
2025-08-28 08:00:00,21.41,70.46
2025-08-28 09:00:00,17.16,73.07
2025-08-28 10:00:00,24.09,71.41
2025-08-28 11:00:00,14.18,75.02
2025-08-28 12:00:00,18.10,70.68
2025-08-28 13:00:00,7.24,58.93
2025-08-28 14:00:00,13.96,45.68
2025-08-28 15:00:00,15.82,63.09
2025-08-28 16:00:00,15.85,114.94
2025-08-28 17:00:00,23.42,98.25
2025-08-28 18:00:00,32.35,88.99
2025-08-28 19:00:00,39.20,61.34
2025-08-28 20:00:00,33.95,62.34
2025-08-28 21:00:00,37.33,80.64
2025-08-28 22:00:00,32.70,97.86
2025-08-28 23:00:00,17.73,74.95
2025-08-29 00:00:00,16.20,48.46
2025-08-29 01:00:00,13.42,40.57
2025-08-29 02:00:00,22.54,58.64
2025-08-29 03:00:00,22.62,214.68
2025-08-29 04:00:00,19.07,73.93
2025-08-29 05:00:00,23.46,85.34
2025-08-29 06:00:00,19.05,53.56
2025-08-29 07:00:00,18.84,73.92
2025-08-29 08:00:00,19.50,113.30
2025-08-29 09:00:00,15.78,201.22
2025-08-29 10:00:00,17.51,110.12
2025-08-29 11:00:00,12.72,76.75
2025-08-29 12:00:00,10.82,68.35
2025-08-29 13:00:00,11.81,65.74
2025-08-29 14:00:00,11.35,55.41
2025-08-29 15:00:00,19.52,59.08
2025-08-29 16:00:00,50.61,114.61
2025-08-29 17:00:00,38.80,121.19
2025-08-29 18:00:00,53.19,111.11
2025-08-29 19:00:00,27.82,76.30
2025-08-29 20:00:00,14.04,58.19
2025-08-29 21:00:00,16.39,55.18
2025-08-29 22:00:00,12.74,50.73
2025-08-29 23:00:00,11.35,50.48
2025-08-30 00:00:00,17.48,70.62
2025-08-30 01:00:00,15.88,38.34
2025-08-30 02:00:00,16.68,43.64
2025-08-30 03:00:00,17.47,45.30
2025-08-30 04:00:00,18.39,55.09
2025-08-30 05:00:00,12.89,49.80
2025-08-30 06:00:00,25.91,57.96
2025-08-30 07:00:00,23.73,86.80
2025-08-30 08:00:00,23.39,121.99
2025-08-30 09:00:00,18.06,87.78
2025-08-30 10:00:00,11.22,83.59
2025-08-30 11:00:00,16.54,94.59
2025-08-30 12:00:00,12.91,86.54
2025-08-30 13:00:00,16.90,77.94
2025-08-30 14:00:00,33.51,113.94
2025-08-30 15:00:00,19.25,78.42
2025-08-30 16:00:00,31.04,84.00
2025-08-30 17:00:00,37.09,83.31
2025-08-30 18:00:00,29.94,68.76
2025-08-30 19:00:00,31.56,79.11
2025-08-30 20:00:00,45.99,79.86
2025-08-30 21:00:00,37.61,93.62
2025-08-30 22:00:00,14.39,45.80
2025-08-30 23:00:00,21.92,42.54
2025-08-31 00:00:00,20.84,21.57
2025-08-31 01:00:00,10.75,12.52
2025-08-31 02:00:00,NA,NA
2025-08-31 03:00:00,NA,NA
2025-08-31 04:00:00,9.51,19.77
2025-08-31 05:00:00,17.48,19.77
2025-08-31 06:00:00,15.84,24.39
2025-08-31 07:00:00,19.01,31.34
2025-08-31 08:00:00,23.42,64.30
2025-08-31 09:00:00,31.40,41.76
2025-08-31 10:00:00,30.54,77.60
2025-08-31 11:00:00,28.22,65.23
2025-08-31 12:00:00,26.24,55.09
2025-08-31 13:00:00,18.44,49.14
2025-08-31 14:00:00,13.37,54.74
2025-08-31 15:00:00,7.24,27.90
2025-08-31 16:00:00,NA,NA
2025-08-31 17:00:00,NA,NA
2025-08-31 18:00:00,NA,NA
2025-08-31 19:00:00,NA,NA
2025-08-31 20:00:00,NA,NA
2025-08-31 21:00:00,NA,NA
2025-08-31 22:00:00,NA,NA
2025-08-31 23:00:00,NA,NA
2025-09-01 00:00:00,NA,NA
2025-09-01 01:00:00,NA,NA
2025-09-01 02:00:00,NA,NA
2025-09-01 03:00:00,NA,NA
2025-09-01 04:00:00,NA,NA
2025-09-01 05:00:00,NA,NA
2025-09-01 06:00:00,NA,NA
2025-09-01 07:00:00,NA,NA
2025-09-01 08:00:00,NA,NA
2025-09-01 09:00:00,NA,NA
2025-09-01 10:00:00,NA,NA
2025-09-01 11:00:00,NA,NA
2025-09-01 12:00:00,NA,NA
2025-09-01 13:00:00,NA,NA
2025-09-01 14:00:00,NA,NA
2025-09-01 15:00:00,5.86,192.96
2025-09-01 16:00:00,7.15,245.43
2025-09-01 17:00:00,11.08,124.08
2025-09-01 18:00:00,16.57,113.20
2025-09-01 19:00:00,28.91,118.75
2025-09-01 20:00:00,34.83,132.37
2025-09-01 21:00:00,56.36,212.52
2025-09-01 22:00:00,60.46,220.48
2025-09-01 23:00:00,52.81,185.31
