Timestamp,PM2.5 (µg/m³),PM10 (µg/m³)
2025-04-01 00:00:00,47.25,91.25
2025-04-01 01:00:00,45.00,82.75
2025-04-01 02:00:00,45.00,81.75
2025-04-01 03:00:00,44.75,82.75
2025-04-01 04:00:00,44.75,92.25
2025-04-01 05:00:00,50.25,117.25
2025-04-01 06:00:00,62.75,169.50
2025-04-01 07:00:00,72.50,214.50
2025-04-01 08:00:00,72.75,194.75
2025-04-01 09:00:00,56.75,148.00
2025-04-01 10:00:00,46.00,139.50
2025-04-01 11:00:00,43.25,120.50
2025-04-01 12:00:00,42.25,112.50
2025-04-01 13:00:00,38.75,109.50
2025-04-01 14:00:00,42.75,106.25
2025-04-01 15:00:00,40.00,112.00
2025-04-01 16:00:00,41.50,114.50
2025-04-01 17:00:00,36.75,105.25
2025-04-01 18:00:00,37.75,106.75
2025-04-01 19:00:00,43.00,102.50
2025-04-01 20:00:00,40.75,108.75
2025-04-01 21:00:00,32.75,101.25
2025-04-01 22:00:00,29.75,87.50
2025-04-01 23:00:00,31.75,76.50
2025-04-02 00:00:00,31.00,65.25
2025-04-02 01:00:00,31.25,61.25
2025-04-02 02:00:00,30.75,54.25
2025-04-02 03:00:00,27.00,51.75
2025-04-02 04:00:00,26.75,61.25
2025-04-02 05:00:00,27.25,69.25
2025-04-02 06:00:00,34.00,89.50
2025-04-02 07:00:00,45.75,117.75
2025-04-02 08:00:00,53.00,134.00
2025-04-02 09:00:00,47.00,127.50
2025-04-02 10:00:00,35.25,112.75
2025-04-02 11:00:00,26.00,94.00
2025-04-02 12:00:00,22.25,77.00
2025-04-02 13:00:00,20.00,78.25
2025-04-02 14:00:00,20.00,71.25
2025-04-02 15:00:00,20.00,67.25
2025-04-02 16:00:00,20.50,70.75
2025-04-02 17:00:00,21.00,72.50
2025-04-02 18:00:00,20.25,80.50
2025-04-02 19:00:00,26.50,83.50
2025-04-02 20:00:00,23.25,84.25
2025-04-02 21:00:00,19.25,71.00
2025-04-02 22:00:00,22.50,63.25
2025-04-02 23:00:00,21.50,56.00
2025-04-03 00:00:00,21.50,50.00
2025-04-03 01:00:00,18.00,48.75
2025-04-03 02:00:00,21.00,43.75
2025-04-03 03:00:00,21.25,40.25
2025-04-03 04:00:00,20.50,40.75
2025-04-03 05:00:00,15.75,40.00
2025-04-03 06:00:00,15.00,41.00
2025-04-03 07:00:00,16.25,40.25
2025-04-03 08:00:00,17.50,26.50
2025-04-03 09:00:00,10.25,20.25
2025-04-03 10:00:00,11.25,25.50
2025-04-03 11:00:00,15.25,33.75
2025-04-03 12:00:00,24.00,43.75
2025-04-03 13:00:00,18.50,39.75
2025-04-03 14:00:00,11.00,39.25
2025-04-03 15:00:00,11.25,41.75
2025-04-03 16:00:00,13.00,45.50
2025-04-03 17:00:00,15.00,44.25
2025-04-03 18:00:00,13.00,55.50
2025-04-03 19:00:00,16.25,58.75
2025-04-03 20:00:00,16.25,55.50
2025-04-03 21:00:00,14.25,54.75
2025-04-03 22:00:00,15.50,47.50
2025-04-03 23:00:00,16.75,45.25
2025-04-04 00:00:00,15.75,49.00
2025-04-04 01:00:00,16.50,67.75
2025-04-04 02:00:00,19.25,68.00
2025-04-04 03:00:00,16.00,60.75
2025-04-04 04:00:00,21.75,55.00
2025-04-04 05:00:00,20.75,48.00
2025-04-04 06:00:00,22.25,50.75
2025-04-04 07:00:00,30.00,67.50
2025-04-04 08:00:00,30.50,61.50
2025-04-04 09:00:00,21.50,49.75
2025-04-04 10:00:00,20.50,63.75
2025-04-04 11:00:00,35.50,94.50
2025-04-04 12:00:00,42.25,97.25
2025-04-04 13:00:00,23.25,63.00
2025-04-04 14:00:00,27.00,55.50
2025-04-04 15:00:00,26.00,54.00
2025-04-04 16:00:00,23.00,61.00
2025-04-04 17:00:00,21.25,52.75
2025-04-04 18:00:00,16.50,50.75
2025-04-04 19:00:00,19.75,63.00
2025-04-04 20:00:00,22.75,54.50
2025-04-04 21:00:00,14.75,49.00
2025-04-04 22:00:00,13.25,52.50
2025-04-04 23:00:00,18.75,44.00
2025-04-05 00:00:00,15.50,39.00
2025-04-05 01:00:00,18.50,36.50
2025-04-05 02:00:00,21.25,48.25
2025-04-05 03:00:00,19.75,82.25
2025-04-05 04:00:00,29.50,153.25
2025-04-05 05:00:00,24.50,90.75
2025-04-05 06:00:00,24.25,82.25
2025-04-05 07:00:00,28.25,85.00
2025-04-05 08:00:00,26.75,77.25
2025-04-05 09:00:00,20.25,60.75
2025-04-05 10:00:00,21.25,60.50
2025-04-05 11:00:00,19.25,74.75
2025-04-05 12:00:00,12.25,55.25
2025-04-05 13:00:00,14.75,41.75
2025-04-05 14:00:00,10.50,35.25
2025-04-05 15:00:00,9.75,36.25
2025-04-05 16:00:00,11.50,41.25
2025-04-05 17:00:00,10.00,52.25
2025-04-05 18:00:00,11.50,49.75
2025-04-05 19:00:00,17.00,58.50
2025-04-05 20:00:00,17.25,58.00
2025-04-05 21:00:00,9.50,51.00
2025-04-05 22:00:00,11.00,45.00
2025-04-05 23:00:00,10.00,38.50
2025-04-06 00:00:00,9.00,44.75
2025-04-06 01:00:00,14.75,47.75
2025-04-06 02:00:00,14.75,97.75
2025-04-06 03:00:00,19.25,168.50
2025-04-06 04:00:00,25.25,106.25
2025-04-06 05:00:00,22.50,82.50
2025-04-06 06:00:00,24.75,71.00
2025-04-06 07:00:00,33.25,66.75
2025-04-06 08:00:00,24.00,60.50
2025-04-06 09:00:00,18.75,48.25
2025-04-06 10:00:00,14.25,40.50
2025-04-06 11:00:00,19.50,60.25
2025-04-06 12:00:00,14.25,57.00
2025-04-06 13:00:00,12.00,46.00
2025-04-06 14:00:00,12.75,47.00
2025-04-06 15:00:00,14.00,39.75
2025-04-06 16:00:00,11.25,36.00
2025-04-06 17:00:00,12.50,37.50
2025-04-06 18:00:00,16.25,44.50
2025-04-06 19:00:00,21.75,50.00
2025-04-06 20:00:00,16.50,41.25
2025-04-06 21:00:00,11.25,32.75
2025-04-06 22:00:00,8.50,30.00
2025-04-06 23:00:00,6.75,23.75
2025-04-07 00:00:00,7.50,21.00
2025-04-07 01:00:00,11.75,17.75
2025-04-07 02:00:00,10.00,25.75
2025-04-07 03:00:00,7.50,34.25
2025-04-07 04:00:00,10.50,75.75
2025-04-07 05:00:00,15.50,105.00
2025-04-07 06:00:00,18.00,64.75
2025-04-07 07:00:00,22.50,54.75
2025-04-07 08:00:00,24.50,60.50
2025-04-07 09:00:00,29.50,74.00
2025-04-07 10:00:00,54.50,131.50
2025-04-07 11:00:00,15.50,97.25
2025-04-07 12:00:00,9.50,44.75
2025-04-07 13:00:00,5.50,47.25
2025-04-07 14:00:00,7.00,48.00
2025-04-07 15:00:00,6.75,47.00
2025-04-07 16:00:00,6.75,42.50
2025-04-07 17:00:00,9.25,40.50
2025-04-07 18:00:00,11.25,96.50
2025-04-07 19:00:00,14.25,191.75
2025-04-07 20:00:00,11.50,43.75
2025-04-07 21:00:00,9.75,46.50
2025-04-07 22:00:00,8.50,31.75
2025-04-07 23:00:00,8.00,33.75
2025-04-08 00:00:00,10.75,24.50
2025-04-08 01:00:00,9.25,24.00
2025-04-08 02:00:00,6.50,17.75
2025-04-08 03:00:00,5.00,19.00
2025-04-08 04:00:00,5.00,23.50
2025-04-08 05:00:00,5.00,19.75
2025-04-08 06:00:00,14.75,39.50
2025-04-08 07:00:00,42.75,89.75
2025-04-08 08:00:00,36.50,87.75
2025-04-08 09:00:00,25.50,96.50
2025-04-08 10:00:00,16.75,78.00
2025-04-08 11:00:00,18.00,71.25
2025-04-08 12:00:00,7.25,64.25
2025-04-08 13:00:00,10.50,49.50
2025-04-08 14:00:00,8.00,45.75
2025-04-08 15:00:00,5.25,41.00
2025-04-08 16:00:00,7.25,47.00
2025-04-08 17:00:00,10.50,46.75
2025-04-08 18:00:00,9.00,49.75
2025-04-08 19:00:00,9.25,59.50
2025-04-08 20:00:00,10.00,52.25
2025-04-08 21:00:00,12.00,46.25
2025-04-08 22:00:00,17.00,50.75
2025-04-08 23:00:00,14.25,44.75
2025-04-09 00:00:00,13.75,44.75
2025-04-09 01:00:00,9.25,35.75
2025-04-09 02:00:00,9.00,28.75
2025-04-09 03:00:00,15.50,31.75
2025-04-09 04:00:00,17.75,42.25
2025-04-09 05:00:00,20.25,42.75
2025-04-09 06:00:00,22.00,61.75
2025-04-09 07:00:00,27.75,91.75
2025-04-09 08:00:00,34.25,88.75
2025-04-09 09:00:00,28.00,99.75
2025-04-09 10:00:00,20.50,97.00
2025-04-09 11:00:00,7.75,83.25
2025-04-09 12:00:00,10.00,60.00
2025-04-09 13:00:00,50.00,51.00
2025-04-09 14:00:00,47.25,50.75
2025-04-09 15:00:00,30.75,50.25
2025-04-09 16:00:00,8.25,52.50
2025-04-09 17:00:00,15.25,57.50
2025-04-09 18:00:00,14.75,58.25
2025-04-09 19:00:00,11.00,54.00
2025-04-09 20:00:00,10.75,49.00
2025-04-09 21:00:00,9.25,51.25
2025-04-09 22:00:00,7.00,47.25
2025-04-09 23:00:00,6.50,37.75
2025-04-10 00:00:00,10.00,62.00
2025-04-10 01:00:00,22.25,143.50
2025-04-10 02:00:00,13.25,51.00
2025-04-10 03:00:00,12.00,44.25
2025-04-10 04:00:00,15.50,59.00
2025-04-10 05:00:00,16.50,55.25
2025-04-10 06:00:00,15.75,53.75
2025-04-10 07:00:00,16.25,54.00
2025-04-10 08:00:00,13.75,58.00
2025-04-10 09:00:00,20.50,93.00
2025-04-10 10:00:00,26.50,164.00
2025-04-10 11:00:00,53.25,281.75
2025-04-10 12:00:00,34.75,124.00
2025-04-10 13:00:00,22.00,99.50
2025-04-10 14:00:00,22.25,87.00
2025-04-10 15:00:00,26.75,84.25
2025-04-10 16:00:00,38.00,95.75
2025-04-10 17:00:00,40.75,101.50
2025-04-10 18:00:00,49.00,163.50
2025-04-10 19:00:00,51.75,343.75
2025-04-10 20:00:00,56.25,282.50
2025-04-10 21:00:00,43.50,105.25
2025-04-10 22:00:00,39.00,89.25
2025-04-10 23:00:00,37.75,82.25
2025-04-11 00:00:00,33.25,73.75
2025-04-11 01:00:00,31.00,64.00
2025-04-11 02:00:00,45.00,72.00
2025-04-11 03:00:00,43.75,136.25
2025-04-11 04:00:00,45.50,280.00
2025-04-11 05:00:00,59.25,120.75
2025-04-11 06:00:00,47.25,81.25
2025-04-11 07:00:00,36.25,82.75
2025-04-11 08:00:00,34.25,100.75
2025-04-11 09:00:00,31.75,115.25
2025-04-11 10:00:00,44.75,222.75
2025-04-11 11:00:00,32.00,106.50
2025-04-11 12:00:00,33.00,95.25
2025-04-11 13:00:00,36.25,105.00
2025-04-11 14:00:00,37.50,110.50
2025-04-11 15:00:00,40.50,98.25
2025-04-11 16:00:00,42.75,95.50
2025-04-11 17:00:00,34.00,102.50
2025-04-11 18:00:00,30.00,97.75
2025-04-11 19:00:00,35.50,88.00
2025-04-11 20:00:00,35.50,344.00
2025-04-11 21:00:00,40.75,279.00
2025-04-11 22:00:00,43.00,84.00
2025-04-11 23:00:00,34.00,65.00
2025-04-12 00:00:00,32.75,71.75
2025-04-12 01:00:00,35.75,105.00
2025-04-12 02:00:00,54.75,140.00
2025-04-12 03:00:00,49.25,119.75
2025-04-12 04:00:00,44.00,92.25
2025-04-12 05:00:00,42.75,89.75
2025-04-12 06:00:00,37.75,110.75
2025-04-12 07:00:00,30.00,114.00
2025-04-12 08:00:00,20.00,92.25
2025-04-12 09:00:00,27.75,108.00
2025-04-12 10:00:00,32.00,138.75
2025-04-12 11:00:00,29.00,147.00
2025-04-12 12:00:00,31.00,140.25
2025-04-12 13:00:00,37.00,140.75
2025-04-12 14:00:00,34.25,114.00
2025-04-12 15:00:00,26.75,88.00
2025-04-12 16:00:00,32.50,89.00
2025-04-12 17:00:00,47.50,112.00
2025-04-12 18:00:00,61.00,121.00
2025-04-12 19:00:00,59.25,127.50
2025-04-12 20:00:00,51.00,136.50
2025-04-12 21:00:00,42.75,173.75
2025-04-12 22:00:00,44.75,122.25
2025-04-12 23:00:00,37.50,71.50
2025-04-13 00:00:00,18.00,49.25
2025-04-13 01:00:00,18.50,44.75
2025-04-13 02:00:00,23.25,56.50
2025-04-13 03:00:00,33.00,60.25
2025-04-13 04:00:00,33.75,111.75
2025-04-13 05:00:00,36.00,201.25
2025-04-13 06:00:00,35.25,72.75
2025-04-13 07:00:00,33.25,89.00
2025-04-13 08:00:00,36.00,88.75
2025-04-13 09:00:00,42.00,99.00
2025-04-13 10:00:00,42.25,106.50
2025-04-13 11:00:00,42.25,108.25
2025-04-13 12:00:00,37.75,113.75
2025-04-13 13:00:00,42.75,149.50
2025-04-13 14:00:00,65.25,118.00
2025-04-13 15:00:00,26.75,69.00
2025-04-13 16:00:00,25.25,57.75
2025-04-13 17:00:00,21.50,63.00
2025-04-13 18:00:00,19.50,72.00
2025-04-13 19:00:00,26.75,126.75
2025-04-13 20:00:00,26.00,291.00
2025-04-13 21:00:00,250.00,346.00
2025-04-13 22:00:00,198.50,271.00
2025-04-13 23:00:00,43.75,47.25
2025-04-14 00:00:00,36.25,49.75
2025-04-14 01:00:00,17.00,44.50
2025-04-14 02:00:00,21.25,44.25
2025-04-14 03:00:00,25.25,58.25
2025-04-14 04:00:00,26.00,78.00
2025-04-14 05:00:00,27.25,125.25
2025-04-14 06:00:00,32.50,111.75
2025-04-14 07:00:00,33.25,72.75
2025-04-14 08:00:00,20.25,59.00
2025-04-14 09:00:00,16.75,66.25
2025-04-14 10:00:00,23.25,71.75
2025-04-14 11:00:00,26.75,80.25
2025-04-14 12:00:00,23.75,86.50
2025-04-14 13:00:00,16.50,74.75
2025-04-14 14:00:00,15.75,68.00
2025-04-14 15:00:00,18.50,63.25
2025-04-14 16:00:00,18.75,72.50
2025-04-14 17:00:00,15.25,62.75
2025-04-14 18:00:00,18.25,67.25
2025-04-14 19:00:00,24.50,71.75
2025-04-14 20:00:00,22.75,63.25
2025-04-14 21:00:00,20.50,79.75
2025-04-14 22:00:00,17.50,120.25
2025-04-14 23:00:00,21.50,44.25
2025-04-15 00:00:00,17.75,40.00
2025-04-15 01:00:00,12.75,42.50
2025-04-15 02:00:00,19.00,41.00
2025-04-15 03:00:00,22.00,41.75
2025-04-15 04:00:00,20.25,43.50
2025-04-15 05:00:00,17.75,44.25
2025-04-15 06:00:00,26.50,56.00
2025-04-15 07:00:00,27.75,72.00
2025-04-15 08:00:00,25.75,77.00
2025-04-15 09:00:00,22.00,87.50
2025-04-15 10:00:00,22.75,98.00
2025-04-15 11:00:00,25.00,86.25
2025-04-15 12:00:00,24.00,77.25
2025-04-15 13:00:00,19.75,75.25
2025-04-15 14:00:00,16.00,73.75
2025-04-15 15:00:00,17.50,68.50
2025-04-15 16:00:00,23.00,74.50
2025-04-15 17:00:00,24.50,77.75
2025-04-15 18:00:00,20.00,73.00
2025-04-15 19:00:00,20.50,74.00
2025-04-15 20:00:00,21.00,81.50
2025-04-15 21:00:00,18.75,70.00
2025-04-15 22:00:00,20.00,104.25
2025-04-15 23:00:00,16.75,152.25
2025-04-16 00:00:00,15.50,42.00
2025-04-16 01:00:00,14.75,42.75
2025-04-16 02:00:00,16.25,44.00
2025-04-16 03:00:00,16.00,41.50
2025-04-16 04:00:00,22.00,42.50
2025-04-16 05:00:00,20.25,43.75
2025-04-16 06:00:00,16.50,54.50
2025-04-16 07:00:00,20.75,65.00
2025-04-16 08:00:00,20.00,79.25
2025-04-16 09:00:00,20.50,103.25
2025-04-16 10:00:00,20.50,116.25
2025-04-16 11:00:00,17.75,76.75
2025-04-16 12:00:00,22.75,55.25
2025-04-16 13:00:00,27.25,38.00
2025-04-16 14:00:00,39.50,60.00
2025-04-16 15:00:00,27.50,46.00
2025-04-16 16:00:00,23.00,53.50
2025-04-16 17:00:00,23.75,64.50
2025-04-16 18:00:00,26.25,56.50
2025-04-16 19:00:00,25.25,55.00
2025-04-16 20:00:00,21.25,57.00
2025-04-16 21:00:00,24.00,61.00
2025-04-16 22:00:00,21.50,54.75
2025-04-16 23:00:00,22.25,52.75
2025-04-17 00:00:00,19.25,47.50
2025-04-17 01:00:00,18.25,42.25
2025-04-17 02:00:00,18.75,41.50
2025-04-17 03:00:00,10.50,45.25
2025-04-17 04:00:00,16.50,44.00
2025-04-17 05:00:00,20.75,46.00
2025-04-17 06:00:00,20.75,47.50
2025-04-17 07:00:00,25.00,60.50
2025-04-17 08:00:00,27.00,57.00
2025-04-17 09:00:00,17.50,53.50
2025-04-17 10:00:00,22.75,63.75
2025-04-17 11:00:00,17.75,73.00
2025-04-17 12:00:00,22.75,75.00
2025-04-17 13:00:00,24.50,75.75
2025-04-17 14:00:00,28.50,81.00
2025-04-17 15:00:00,18.75,64.75
2025-04-17 16:00:00,20.00,71.00
2025-04-17 17:00:00,16.25,72.00
2025-04-17 18:00:00,15.75,67.00
2025-04-17 19:00:00,22.25,68.50
2025-04-17 20:00:00,25.25,64.00
2025-04-17 21:00:00,21.75,66.00
2025-04-17 22:00:00,18.50,69.00
2025-04-17 23:00:00,20.25,59.25
2025-04-18 00:00:00,18.75,55.75
2025-04-18 01:00:00,13.50,52.50
2025-04-18 02:00:00,17.75,52.00
2025-04-18 03:00:00,17.75,47.75
2025-04-18 04:00:00,21.25,51.25
2025-04-18 05:00:00,25.00,48.50
2025-04-18 06:00:00,25.50,59.00
2025-04-18 07:00:00,27.00,69.25
2025-04-18 08:00:00,26.00,71.25
2025-04-18 09:00:00,23.00,72.50
2025-04-18 10:00:00,25.25,108.50
2025-04-18 11:00:00,29.50,138.25
2025-04-18 12:00:00,23.25,79.00
2025-04-18 13:00:00,24.75,79.25
2025-04-18 14:00:00,20.25,77.25
2025-04-18 15:00:00,26.75,68.00
2025-04-18 16:00:00,24.00,64.00
2025-04-18 17:00:00,19.25,62.00
2025-04-18 18:00:00,24.25,67.50
2025-04-18 19:00:00,27.75,74.25
2025-04-18 20:00:00,26.75,72.75
2025-04-18 21:00:00,26.25,73.75
2025-04-18 22:00:00,27.50,87.50
2025-04-18 23:00:00,27.25,197.50
2025-04-19 00:00:00,22.00,370.00
2025-04-19 01:00:00,36.00,52.00
2025-04-19 02:00:00,35.00,51.00
2025-04-19 03:00:00,30.75,47.75
2025-04-19 04:00:00,25.50,47.00
2025-04-19 05:00:00,21.50,52.00
2025-04-19 06:00:00,25.25,67.50
2025-04-19 07:00:00,32.25,78.25
2025-04-19 08:00:00,32.75,100.25
2025-04-19 09:00:00,35.25,99.75
2025-04-19 10:00:00,44.75,144.50
2025-04-19 11:00:00,46.50,154.75
2025-04-19 12:00:00,51.25,203.00
2025-04-19 13:00:00,42.00,105.00
2025-04-19 14:00:00,38.75,111.75
2025-04-19 15:00:00,37.00,156.75
2025-04-19 16:00:00,34.00,208.50
2025-04-19 17:00:00,78.00,249.25
2025-04-19 18:00:00,67.50,87.00
2025-04-19 19:00:00,36.75,82.75
2025-04-19 20:00:00,34.75,77.00
2025-04-19 21:00:00,21.75,70.75
2025-04-19 22:00:00,21.50,145.75
2025-04-19 23:00:00,22.50,335.75
2025-04-20 00:00:00,21.00,224.00
2025-04-20 01:00:00,34.00,51.00
2025-04-20 02:00:00,32.00,52.75
2025-04-20 03:00:00,24.00,57.00
2025-04-20 04:00:00,20.50,53.75
2025-04-20 05:00:00,28.25,57.25
2025-04-20 06:00:00,27.50,67.50
2025-04-20 07:00:00,28.50,119.25
2025-04-20 08:00:00,45.50,249.00
2025-04-20 09:00:00,44.75,100.25
2025-04-20 10:00:00,35.75,86.25
2025-04-20 11:00:00,28.75,88.25
2025-04-20 12:00:00,26.25,91.00
2025-04-20 13:00:00,22.50,88.25
2025-04-20 14:00:00,28.25,113.25
2025-04-20 15:00:00,52.00,174.50
2025-04-20 16:00:00,106.50,146.75
2025-04-20 17:00:00,78.00,142.50
2025-04-20 18:00:00,40.50,66.50
2025-04-20 19:00:00,33.75,60.25
2025-04-20 20:00:00,26.75,63.25
2025-04-20 21:00:00,26.25,61.75
2025-04-20 22:00:00,26.50,79.00
2025-04-20 23:00:00,25.00,124.00
2025-04-21 00:00:00,NA,NA
2025-04-21 01:00:00,45.00,48.00
2025-04-21 02:00:00,38.75,46.75
2025-04-21 03:00:00,20.00,43.25
2025-04-21 04:00:00,19.50,44.75
2025-04-21 05:00:00,18.75,49.50
2025-04-21 06:00:00,23.50,59.75
2025-04-21 07:00:00,31.25,124.25
2025-04-21 08:00:00,31.00,242.25
2025-04-21 09:00:00,27.75,99.50
2025-04-21 10:00:00,28.25,129.50
2025-04-21 11:00:00,30.25,122.75
2025-04-21 12:00:00,24.50,93.25
2025-04-21 13:00:00,23.75,98.25
2025-04-21 14:00:00,26.33,75.00
2025-04-21 15:00:00,26.50,78.75
2025-04-21 16:00:00,29.00,87.50
2025-04-21 17:00:00,31.00,84.50
2025-04-21 18:00:00,25.00,81.00
2025-04-21 19:00:00,25.75,76.75
2025-04-21 20:00:00,24.75,79.25
2025-04-21 21:00:00,16.25,68.75
2025-04-21 22:00:00,19.25,62.00
2025-04-21 23:00:00,17.25,62.00
2025-04-22 00:00:00,18.75,NA
2025-04-22 01:00:00,21.00,NA
2025-04-22 02:00:00,NA,NA
2025-04-22 03:00:00,15.00,51.00
2025-04-22 04:00:00,18.50,55.00
2025-04-22 05:00:00,26.00,64.00
2025-04-22 06:00:00,19.50,63.00
2025-04-22 07:00:00,28.75,86.00
2025-04-22 08:00:00,32.75,84.50
2025-04-22 09:00:00,28.50,97.00
2025-04-22 10:00:00,25.75,116.25
2025-04-22 11:00:00,23.25,102.75
2025-04-22 12:00:00,24.75,101.25
2025-04-22 13:00:00,20.00,88.00
2025-04-22 14:00:00,23.75,82.50
2025-04-22 15:00:00,18.25,82.75
2025-04-22 16:00:00,22.25,77.75
2025-04-22 17:00:00,24.50,73.75
2025-04-22 18:00:00,25.75,74.25
2025-04-22 19:00:00,17.00,75.25
2025-04-22 20:00:00,19.50,64.75
2025-04-22 21:00:00,18.75,57.00
2025-04-22 22:00:00,21.00,56.00
2025-04-22 23:00:00,19.50,62.00
2025-04-23 00:00:00,15.75,73.00
2025-04-23 01:00:00,18.00,67.25
2025-04-23 02:00:00,17.25,46.75
2025-04-23 03:00:00,14.25,41.00
2025-04-23 04:00:00,11.75,51.75
2025-04-23 05:00:00,13.25,50.75
2025-04-23 06:00:00,24.50,64.00
2025-04-23 07:00:00,35.75,75.75
2025-04-23 08:00:00,28.00,70.75
2025-04-23 09:00:00,24.00,106.25
2025-04-23 10:00:00,21.00,161.75
2025-04-23 11:00:00,21.00,123.50
2025-04-23 12:00:00,21.25,83.75
2025-04-23 13:00:00,21.50,80.50
2025-04-23 14:00:00,18.00,64.50
2025-04-23 15:00:00,13.00,67.25
2025-04-23 16:00:00,16.00,72.25
2025-04-23 17:00:00,16.00,70.75
2025-04-23 18:00:00,17.25,56.00
2025-04-23 19:00:00,18.50,59.50
2025-04-23 20:00:00,12.00,58.50
2025-04-23 21:00:00,15.75,51.75
2025-04-23 22:00:00,18.75,52.75
2025-04-23 23:00:00,19.50,48.50
2025-04-24 00:00:00,15.25,50.75
2025-04-24 01:00:00,16.50,63.00
2025-04-24 02:00:00,18.00,59.00
2025-04-24 03:00:00,16.50,38.25
2025-04-24 04:00:00,14.00,41.75
2025-04-24 05:00:00,19.50,50.25
2025-04-24 06:00:00,22.00,61.50
2025-04-24 07:00:00,33.50,90.75
2025-04-24 08:00:00,30.75,86.25
2025-04-24 09:00:00,26.75,103.25
2025-04-24 10:00:00,27.25,136.25
2025-04-24 11:00:00,27.50,142.25
2025-04-24 12:00:00,19.00,131.25
2025-04-24 13:00:00,23.25,101.50
2025-04-24 14:00:00,17.75,87.25
2025-04-24 15:00:00,17.25,77.50
2025-04-24 16:00:00,18.00,108.00
2025-04-24 17:00:00,18.75,173.25
2025-04-24 18:00:00,20.75,120.25
2025-04-24 19:00:00,21.50,77.50
2025-04-24 20:00:00,23.75,77.50
2025-04-24 21:00:00,16.50,63.25
2025-04-24 22:00:00,14.00,59.50
2025-04-24 23:00:00,11.25,75.50
2025-04-25 00:00:00,12.75,142.25
2025-04-25 01:00:00,16.25,155.50
2025-04-25 02:00:00,19.50,121.75
2025-04-25 03:00:00,18.50,46.00
2025-04-25 04:00:00,20.50,53.00
2025-04-25 05:00:00,24.25,51.75
2025-04-25 06:00:00,32.50,66.50
2025-04-25 07:00:00,33.50,69.00
2025-04-25 08:00:00,23.00,76.75
2025-04-25 09:00:00,22.50,105.75
2025-04-25 10:00:00,20.75,151.25
2025-04-25 11:00:00,20.25,143.75
2025-04-25 12:00:00,21.50,105.00
2025-04-25 13:00:00,21.00,89.50
2025-04-25 14:00:00,16.50,86.25
2025-04-25 15:00:00,21.25,78.75
2025-04-25 16:00:00,23.25,72.00
2025-04-25 17:00:00,27.00,202.00
2025-04-25 18:00:00,5.00,172.25
2025-04-25 19:00:00,5.00,83.00
2025-04-25 20:00:00,8.75,77.25
2025-04-25 21:00:00,19.00,59.50
2025-04-25 22:00:00,15.50,58.25
2025-04-25 23:00:00,15.75,58.75
2025-04-26 00:00:00,19.50,59.25
2025-04-26 01:00:00,15.25,71.75
2025-04-26 02:00:00,16.25,83.50
2025-04-26 03:00:00,17.00,42.75
2025-04-26 04:00:00,17.00,50.00
2025-04-26 05:00:00,16.25,51.00
2025-04-26 06:00:00,17.50,62.50
2025-04-26 07:00:00,26.25,61.50
2025-04-26 08:00:00,21.50,65.25
2025-04-26 09:00:00,22.50,80.00
2025-04-26 10:00:00,21.00,101.75
2025-04-26 11:00:00,20.00,98.25
2025-04-26 12:00:00,16.75,103.50
2025-04-26 13:00:00,15.75,85.25
2025-04-26 14:00:00,15.00,68.25
2025-04-26 15:00:00,14.25,57.50
2025-04-26 16:00:00,13.25,148.00
2025-04-26 17:00:00,16.75,375.25
2025-04-26 18:00:00,15.75,146.00
2025-04-26 19:00:00,16.75,62.25
2025-04-26 20:00:00,20.25,68.25
2025-04-26 21:00:00,15.50,56.25
2025-04-26 22:00:00,16.50,52.00
2025-04-26 23:00:00,14.75,44.75
2025-04-27 00:00:00,12.75,46.50
2025-04-27 01:00:00,9.25,66.50
2025-04-27 02:00:00,11.00,67.00
2025-04-27 03:00:00,13.25,37.25
2025-04-27 04:00:00,10.75,36.75
2025-04-27 05:00:00,10.50,44.50
2025-04-27 06:00:00,12.00,72.00
2025-04-27 07:00:00,14.00,51.25
2025-04-27 08:00:00,18.50,51.00
2025-04-27 09:00:00,14.00,50.75
2025-04-27 10:00:00,15.00,63.25
2025-04-27 11:00:00,17.25,77.75
2025-04-27 12:00:00,13.50,81.00
2025-04-27 13:00:00,10.25,74.25
2025-04-27 14:00:00,14.25,69.00
2025-04-27 15:00:00,14.00,58.50
2025-04-27 16:00:00,11.25,53.25
2025-04-27 17:00:00,11.75,53.50
2025-04-27 18:00:00,11.00,59.25
2025-04-27 19:00:00,11.75,54.00
2025-04-27 20:00:00,13.25,54.50
2025-04-27 21:00:00,11.00,54.50
2025-04-27 22:00:00,11.00,47.25
2025-04-27 23:00:00,10.75,37.50
2025-04-28 00:00:00,10.25,32.50
2025-04-28 01:00:00,10.50,29.25
2025-04-28 02:00:00,8.50,27.75
2025-04-28 03:00:00,7.00,36.75
2025-04-28 04:00:00,6.50,27.50
2025-04-28 05:00:00,5.00,23.00
2025-04-28 06:00:00,6.00,34.75
2025-04-28 07:00:00,9.00,41.00
2025-04-28 08:00:00,9.00,38.50
2025-04-28 09:00:00,9.50,58.25
2025-04-28 10:00:00,10.50,84.50
2025-04-28 11:00:00,8.50,78.00
2025-04-28 12:00:00,7.50,70.25
2025-04-28 13:00:00,8.50,59.50
2025-04-28 14:00:00,6.75,45.00
2025-04-28 15:00:00,6.00,51.25
2025-04-28 16:00:00,5.75,50.75
2025-04-28 17:00:00,5.00,47.75
2025-04-28 18:00:00,5.00,53.25
2025-04-28 19:00:00,5.50,63.50
2025-04-28 20:00:00,6.75,60.50
2025-04-28 21:00:00,5.75,43.50
2025-04-28 22:00:00,5.00,33.50
2025-04-28 23:00:00,5.50,34.75
2025-04-29 00:00:00,7.00,33.25
2025-04-29 01:00:00,6.50,71.75
2025-04-29 02:00:00,6.50,154.25
2025-04-29 03:00:00,11.25,37.75
2025-04-29 04:00:00,10.75,40.75
2025-04-29 05:00:00,6.75,34.00
2025-04-29 06:00:00,8.50,59.25
2025-04-29 07:00:00,17.25,52.75
2025-04-29 08:00:00,18.00,51.25
2025-04-29 09:00:00,9.50,65.25
2025-04-29 10:00:00,10.75,83.75
2025-04-29 11:00:00,9.25,69.25
2025-04-29 12:00:00,6.50,56.25
2025-04-29 13:00:00,5.25,57.75
2025-04-29 14:00:00,8.00,51.25
2025-04-29 15:00:00,13.50,53.50
2025-04-29 16:00:00,11.75,58.75
2025-04-29 17:00:00,11.25,123.00
2025-04-29 18:00:00,12.00,309.00
2025-04-29 19:00:00,12.00,66.00
2025-04-29 20:00:00,11.25,62.25
2025-04-29 21:00:00,8.00,48.50
2025-04-29 22:00:00,5.00,40.50
2025-04-29 23:00:00,5.00,37.50
2025-04-30 00:00:00,5.00,33.25
2025-04-30 01:00:00,5.50,42.00
2025-04-30 02:00:00,6.75,57.25
2025-04-30 03:00:00,6.25,29.75
2025-04-30 04:00:00,6.75,27.00
2025-04-30 05:00:00,6.00,30.00
2025-04-30 06:00:00,22.00,65.00
2025-04-30 07:00:00,20.25,63.00
2025-04-30 08:00:00,14.25,59.75
2025-04-30 09:00:00,12.50,88.25
2025-04-30 10:00:00,14.25,149.00
2025-04-30 11:00:00,15.75,138.50
2025-04-30 12:00:00,17.00,106.50
2025-04-30 13:00:00,14.00,99.50
2025-04-30 14:00:00,14.00,87.25
2025-04-30 15:00:00,13.00,97.75
2025-04-30 16:00:00,12.50,91.75
2025-04-30 17:00:00,17.75,105.00
2025-04-30 18:00:00,10.75,142.00
2025-04-30 19:00:00,12.00,132.25
2025-04-30 20:00:00,16.50,63.75
2025-04-30 21:00:00,10.75,55.25
2025-04-30 22:00:00,7.75,58.75
2025-04-30 23:00:00,10.00,58.00
2025-05-01 00:00:00,7.00,42.50
2025-05-01 01:00:00,7.75,87.50
2025-05-01 02:00:00,10.00,168.75
2025-05-01 03:00:00,12.00,63.75
2025-05-01 04:00:00,11.50,29.75
2025-05-01 05:00:00,11.25,30.25
2025-05-01 06:00:00,16.75,41.50
2025-05-01 07:00:00,20.75,61.25
2025-05-01 08:00:00,15.50,56.75
2025-05-01 09:00:00,11.00,70.00
2025-05-01 10:00:00,13.50,87.00
2025-05-01 11:00:00,19.25,113.00
2025-05-01 12:00:00,14.00,87.50
2025-05-01 13:00:00,16.75,77.25
2025-05-01 14:00:00,22.75,86.50
2025-05-01 15:00:00,18.25,84.75
2025-05-01 16:00:00,22.50,78.50
2025-05-01 17:00:00,15.75,94.50
2025-05-01 18:00:00,17.25,170.50
2025-05-01 19:00:00,15.25,94.50
2025-05-01 20:00:00,15.00,57.00
2025-05-01 21:00:00,10.50,47.75
2025-05-01 22:00:00,5.75,43.25
2025-05-01 23:00:00,5.00,34.50
2025-05-02 00:00:00,5.50,41.75
2025-05-02 01:00:00,7.00,54.50
2025-05-02 02:00:00,53.00,126.75
2025-05-02 03:00:00,191.00,222.00
2025-05-02 04:00:00,11.00,37.00
2025-05-02 05:00:00,12.75,38.00
2025-05-02 06:00:00,16.50,42.75
2025-05-02 07:00:00,12.75,54.00
2025-05-02 08:00:00,14.75,75.25
2025-05-02 09:00:00,13.25,87.50
2025-05-02 10:00:00,10.50,96.75
2025-05-02 11:00:00,9.00,105.75
2025-05-02 12:00:00,15.00,120.50
2025-05-02 13:00:00,14.00,121.75
2025-05-02 14:00:00,9.75,87.50
2025-05-02 15:00:00,5.75,70.75
2025-05-02 16:00:00,5.00,74.00
2025-05-02 17:00:00,6.00,59.00
2025-05-02 18:00:00,9.50,61.00
2025-05-02 19:00:00,12.50,64.25
2025-05-02 20:00:00,16.25,52.50
2025-05-02 21:00:00,13.25,44.50
2025-05-02 22:00:00,10.75,49.50
2025-05-02 23:00:00,9.75,39.75
2025-05-03 00:00:00,8.25,34.00
2025-05-03 01:00:00,6.75,37.00
2025-05-03 02:00:00,9.25,36.25
2025-05-03 03:00:00,10.25,33.25
2025-05-03 04:00:00,10.50,33.75
2025-05-03 05:00:00,10.75,42.50
2025-05-03 06:00:00,17.75,48.00
2025-05-03 07:00:00,22.50,59.25
2025-05-03 08:00:00,19.75,59.75
2025-05-03 09:00:00,18.50,80.50
2025-05-03 10:00:00,24.75,119.50
2025-05-03 11:00:00,21.50,124.25
2025-05-03 12:00:00,28.50,131.00
2025-05-03 13:00:00,47.75,148.50
2025-05-03 14:00:00,52.00,143.50
2025-05-03 15:00:00,38.50,129.25
2025-05-03 16:00:00,32.50,113.75
2025-05-03 17:00:00,26.50,98.50
2025-05-03 18:00:00,20.50,88.00
2025-05-03 19:00:00,17.50,77.00
2025-05-03 20:00:00,21.00,69.00
2025-05-03 21:00:00,17.50,59.25
2025-05-03 22:00:00,16.00,47.00
2025-05-03 23:00:00,15.00,43.75
2025-05-04 00:00:00,11.50,41.25
2025-05-04 01:00:00,9.25,35.25
2025-05-04 02:00:00,6.75,34.00
2025-05-04 03:00:00,7.00,39.25
2025-05-04 04:00:00,10.25,45.50
2025-05-04 05:00:00,11.75,42.50
2025-05-04 06:00:00,15.00,41.75
2025-05-04 07:00:00,17.50,61.75
2025-05-04 08:00:00,16.50,84.25
2025-05-04 09:00:00,21.75,81.75
2025-05-04 10:00:00,33.00,111.75
2025-05-04 11:00:00,34.25,127.50
2025-05-04 12:00:00,35.25,134.75
2025-05-04 13:00:00,28.25,115.50
2025-05-04 14:00:00,31.00,110.00
2025-05-04 15:00:00,27.50,95.50
2025-05-04 16:00:00,29.25,134.75
2025-05-04 17:00:00,40.50,222.25
2025-05-04 18:00:00,47.75,67.75
2025-05-04 19:00:00,47.75,74.75
2025-05-04 20:00:00,21.00,54.25
2025-05-04 21:00:00,14.00,31.75
2025-05-04 22:00:00,11.00,34.00
2025-05-04 23:00:00,10.75,34.00
2025-05-05 00:00:00,10.00,32.75
2025-05-05 01:00:00,11.25,31.75
2025-05-05 02:00:00,15.50,41.75
2025-05-05 03:00:00,18.50,46.25
2025-05-05 04:00:00,24.25,42.25
2025-05-05 05:00:00,26.25,36.75
2025-05-05 06:00:00,22.75,37.25
2025-05-05 07:00:00,27.75,41.75
2025-05-05 08:00:00,25.75,45.75
2025-05-05 09:00:00,23.00,52.50
2025-05-05 10:00:00,26.25,59.75
2025-05-05 11:00:00,29.25,70.25
2025-05-05 12:00:00,35.00,78.50
2025-05-05 13:00:00,33.75,81.00
2025-05-05 14:00:00,38.25,74.50
2025-05-05 15:00:00,32.50,70.75
2025-05-05 16:00:00,22.75,66.50
2025-05-05 17:00:00,25.00,77.75
2025-05-05 18:00:00,26.50,84.25
2025-05-05 19:00:00,28.25,68.50
2025-05-05 20:00:00,20.75,63.25
2025-05-05 21:00:00,21.25,59.00
2025-05-05 22:00:00,15.50,62.25
2025-05-05 23:00:00,14.75,79.50
2025-05-06 00:00:00,16.25,46.25
2025-05-06 01:00:00,14.25,40.75
2025-05-06 02:00:00,15.25,38.00
2025-05-06 03:00:00,15.75,38.00
2025-05-06 04:00:00,15.75,52.00
2025-05-06 05:00:00,17.00,40.50
2025-05-06 06:00:00,16.75,44.50
2025-05-06 07:00:00,23.75,57.75
2025-05-06 08:00:00,20.25,70.75
2025-05-06 09:00:00,21.50,72.75
2025-05-06 10:00:00,22.25,115.25
2025-05-06 11:00:00,20.75,101.25
2025-05-06 12:00:00,22.25,72.00
2025-05-06 13:00:00,20.75,64.00
2025-05-06 14:00:00,22.75,68.00
2025-05-06 15:00:00,22.00,68.75
2025-05-06 16:00:00,18.00,61.75
2025-05-06 17:00:00,7.00,60.75
2025-05-06 18:00:00,11.50,62.00
2025-05-06 19:00:00,18.75,69.00
2025-05-06 20:00:00,25.50,84.75
2025-05-06 21:00:00,22.50,129.75
2025-05-06 22:00:00,29.50,148.75
2025-05-06 23:00:00,31.75,122.00
2025-05-07 00:00:00,17.50,49.50
2025-05-07 01:00:00,22.00,37.00
2025-05-07 02:00:00,22.00,32.50
2025-05-07 03:00:00,24.50,38.25
2025-05-07 04:00:00,29.50,40.25
2025-05-07 05:00:00,20.25,33.50
2025-05-07 06:00:00,17.75,32.50
2025-05-07 07:00:00,26.25,46.25
2025-05-07 08:00:00,27.00,57.50
2025-05-07 09:00:00,25.75,70.50
2025-05-07 10:00:00,21.75,90.25
2025-05-07 11:00:00,22.50,77.00
2025-05-07 12:00:00,25.75,84.25
2025-05-07 13:00:00,23.50,67.25
2025-05-07 14:00:00,26.25,58.25
2025-05-07 15:00:00,20.25,54.50
2025-05-07 16:00:00,17.00,51.25
2025-05-07 17:00:00,13.00,56.00
2025-05-07 18:00:00,12.75,59.50
2025-05-07 19:00:00,21.00,64.50
2025-05-07 20:00:00,21.50,76.75
2025-05-07 21:00:00,23.50,82.25
2025-05-07 22:00:00,23.00,77.75
2025-05-07 23:00:00,19.00,61.50
2025-05-08 00:00:00,25.50,57.25
2025-05-08 01:00:00,25.25,50.25
2025-05-08 02:00:00,21.75,51.75
2025-05-08 03:00:00,27.25,51.25
2025-05-08 04:00:00,28.00,68.50
2025-05-08 05:00:00,29.50,64.50
2025-05-08 06:00:00,35.00,67.50
2025-05-08 07:00:00,37.75,70.25
2025-05-08 08:00:00,37.00,66.75
2025-05-08 09:00:00,37.00,96.50
2025-05-08 10:00:00,39.50,163.00
2025-05-08 11:00:00,44.75,134.50
2025-05-08 12:00:00,38.00,108.75
2025-05-08 13:00:00,39.00,95.50
2025-05-08 14:00:00,38.25,82.75
2025-05-08 15:00:00,26.00,74.00
2025-05-08 16:00:00,23.00,70.25
2025-05-08 17:00:00,26.50,82.50
2025-05-08 18:00:00,37.75,102.25
2025-05-08 19:00:00,42.25,113.50
2025-05-08 20:00:00,51.75,117.75
2025-05-08 21:00:00,55.50,113.25
2025-05-08 22:00:00,43.75,111.50
2025-05-08 23:00:00,50.50,157.00
2025-05-09 00:00:00,48.25,184.00
2025-05-09 01:00:00,32.25,148.75
2025-05-09 02:00:00,42.00,236.50
2025-05-09 03:00:00,33.25,149.00
2025-05-09 04:00:00,34.00,95.75
2025-05-09 05:00:00,34.50,111.00
2025-05-09 06:00:00,35.00,88.25
2025-05-09 07:00:00,30.50,66.00
2025-05-09 08:00:00,30.25,83.25
2025-05-09 09:00:00,43.00,133.00
2025-05-09 10:00:00,43.00,150.00
2025-05-09 11:00:00,39.50,135.75
2025-05-09 12:00:00,31.25,123.50
2025-05-09 13:00:00,36.25,103.00
2025-05-09 14:00:00,30.25,89.00
2025-05-09 15:00:00,26.75,80.75
2025-05-09 16:00:00,23.00,70.75
2025-05-09 17:00:00,26.25,66.50
2025-05-09 18:00:00,36.75,86.25
2025-05-09 19:00:00,36.25,95.25
2025-05-09 20:00:00,29.00,91.25
2025-05-09 21:00:00,34.00,88.50
2025-05-09 22:00:00,37.00,88.50
2025-05-09 23:00:00,26.00,62.75
2025-05-10 00:00:00,20.50,54.75
2025-05-10 01:00:00,23.00,58.75
2025-05-10 02:00:00,26.50,58.50
2025-05-10 03:00:00,29.50,70.00
2025-05-10 04:00:00,32.00,69.75
2025-05-10 05:00:00,27.75,62.00
2025-05-10 06:00:00,34.00,71.50
2025-05-10 07:00:00,35.00,88.50
2025-05-10 08:00:00,29.00,104.00
2025-05-10 09:00:00,28.25,97.50
2025-05-10 10:00:00,26.00,110.00
2025-05-10 11:00:00,26.25,99.50
2025-05-10 12:00:00,30.75,104.75
2025-05-10 13:00:00,42.25,107.75
2025-05-10 14:00:00,44.50,111.00
2025-05-10 15:00:00,43.25,107.75
2025-05-10 16:00:00,26.50,90.25
2025-05-10 17:00:00,29.00,93.50
2025-05-10 18:00:00,28.00,90.75
2025-05-10 19:00:00,19.75,87.75
2025-05-10 20:00:00,29.75,87.00
2025-05-10 21:00:00,25.25,80.00
2025-05-10 22:00:00,22.50,82.75
2025-05-10 23:00:00,20.25,71.25
2025-05-11 00:00:00,20.50,66.00
2025-05-11 01:00:00,26.50,63.50
2025-05-11 02:00:00,23.25,58.75
2025-05-11 03:00:00,26.50,63.00
2025-05-11 04:00:00,25.25,53.75
2025-05-11 05:00:00,26.75,61.50
2025-05-11 06:00:00,29.50,62.00
2025-05-11 07:00:00,31.25,73.25
2025-05-11 08:00:00,32.00,88.00
2025-05-11 09:00:00,33.25,87.50
2025-05-11 10:00:00,37.50,99.25
2025-05-11 11:00:00,38.75,112.50
2025-05-11 12:00:00,40.25,118.50
2025-05-11 13:00:00,46.00,138.50
2025-05-11 14:00:00,40.50,147.75
2025-05-11 15:00:00,33.00,117.25
2025-05-11 16:00:00,34.00,119.75
2025-05-11 17:00:00,35.75,122.75
2025-05-11 18:00:00,32.25,110.50
2025-05-11 19:00:00,34.50,93.00
2025-05-11 20:00:00,48.75,103.00
2025-05-11 21:00:00,68.25,129.75
2025-05-11 22:00:00,35.50,87.50
2025-05-11 23:00:00,25.00,67.50
2025-05-12 00:00:00,24.25,56.75
2025-05-12 01:00:00,22.25,55.00
2025-05-12 02:00:00,22.25,51.25
2025-05-12 03:00:00,20.75,49.25
2025-05-12 04:00:00,25.25,52.50
2025-05-12 05:00:00,33.75,64.50
2025-05-12 06:00:00,40.25,76.75
2025-05-12 07:00:00,42.00,79.00
2025-05-12 08:00:00,36.25,98.75
2025-05-12 09:00:00,36.25,126.75
2025-05-12 10:00:00,34.00,173.50
2025-05-12 11:00:00,35.00,110.00
2025-05-12 12:00:00,36.75,112.25
2025-05-12 13:00:00,37.25,113.00
2025-05-12 14:00:00,50.00,120.75
2025-05-12 15:00:00,48.50,116.25
2025-05-12 16:00:00,42.50,112.00
2025-05-12 17:00:00,38.25,115.25
2025-05-12 18:00:00,40.00,147.50
2025-05-12 19:00:00,44.00,164.75
2025-05-12 20:00:00,46.50,172.50
2025-05-12 21:00:00,44.25,161.00
2025-05-12 22:00:00,40.00,144.75
2025-05-12 23:00:00,32.00,95.75
2025-05-13 00:00:00,29.00,65.75
2025-05-13 01:00:00,33.50,57.75
2025-05-13 02:00:00,21.25,55.00
2025-05-13 03:00:00,26.00,59.75
2025-05-13 04:00:00,28.25,64.75
2025-05-13 05:00:00,25.75,64.25
2025-05-13 06:00:00,28.75,76.25
2025-05-13 07:00:00,40.75,112.00
2025-05-13 08:00:00,41.75,118.50
2025-05-13 09:00:00,38.25,132.75
2025-05-13 10:00:00,39.00,164.50
2025-05-13 11:00:00,39.00,141.25
2025-05-13 12:00:00,40.00,124.75
2025-05-13 13:00:00,44.25,114.00
2025-05-13 14:00:00,46.50,124.25
2025-05-13 15:00:00,42.25,110.00
2025-05-13 16:00:00,43.00,107.00
2025-05-13 17:00:00,42.25,100.25
2025-05-13 18:00:00,37.67,108.25
2025-05-13 19:00:00,34.25,112.25
2025-05-13 20:00:00,38.00,111.50
2025-05-13 21:00:00,36.50,104.25
2025-05-13 22:00:00,31.75,92.50
2025-05-13 23:00:00,31.50,78.50
2025-05-14 00:00:00,32.75,66.75
2025-05-14 01:00:00,30.75,61.75
2025-05-14 02:00:00,25.25,54.75
2025-05-14 03:00:00,19.50,46.00
2025-05-14 04:00:00,17.50,49.25
2025-05-14 05:00:00,19.25,51.75
2025-05-14 06:00:00,29.50,59.75
2025-05-14 07:00:00,29.75,68.75
2025-05-14 08:00:00,29.00,75.75
2025-05-14 09:00:00,39.00,95.25
2025-05-14 10:00:00,42.25,114.75
2025-05-14 11:00:00,44.00,122.50
2025-05-14 12:00:00,43.50,110.00
2025-05-14 13:00:00,33.00,100.50
2025-05-14 14:00:00,32.00,89.00
2025-05-14 15:00:00,29.00,85.25
2025-05-14 16:00:00,30.00,83.50
2025-05-14 17:00:00,34.25,88.00
2025-05-14 18:00:00,37.75,100.00
2025-05-14 19:00:00,32.75,105.50
2025-05-14 20:00:00,21.25,94.50
2025-05-14 21:00:00,24.25,90.00
2025-05-14 22:00:00,21.75,77.00
2025-05-14 23:00:00,20.75,62.25
2025-05-15 00:00:00,19.25,53.00
2025-05-15 01:00:00,17.75,47.25
2025-05-15 02:00:00,20.25,41.25
2025-05-15 03:00:00,24.00,53.75
2025-05-15 04:00:00,34.75,84.50
2025-05-15 05:00:00,35.75,106.75
2025-05-15 06:00:00,24.00,57.25
2025-05-15 07:00:00,28.25,77.25
2025-05-15 08:00:00,35.00,97.25
2025-05-15 09:00:00,43.50,131.50
2025-05-15 10:00:00,45.00,168.50
2025-05-15 11:00:00,51.75,156.75
2025-05-15 12:00:00,44.50,121.75
2025-05-15 13:00:00,46.25,109.75
2025-05-15 14:00:00,54.25,110.75
2025-05-15 15:00:00,46.00,102.75
2025-05-15 16:00:00,37.75,90.75
2025-05-15 17:00:00,40.50,94.75
2025-05-15 18:00:00,43.25,101.75
2025-05-15 19:00:00,45.75,107.50
2025-05-15 20:00:00,42.25,103.25
2025-05-15 21:00:00,38.50,81.75
2025-05-15 22:00:00,25.00,67.75
2025-05-15 23:00:00,27.00,64.00
2025-05-16 00:00:00,31.00,62.25
2025-05-16 01:00:00,26.75,59.50
2025-05-16 02:00:00,32.25,67.50
2025-05-16 03:00:00,34.50,69.25
2025-05-16 04:00:00,40.00,70.25
2025-05-16 05:00:00,43.25,70.50
2025-05-16 06:00:00,44.00,74.50
2025-05-16 07:00:00,44.00,90.75
2025-05-16 08:00:00,45.00,98.25
2025-05-16 09:00:00,44.50,121.50
2025-05-16 10:00:00,36.50,123.25
2025-05-16 11:00:00,46.25,161.50
2025-05-16 12:00:00,49.75,202.75
2025-05-16 13:00:00,39.25,140.00
2025-05-16 14:00:00,37.00,105.75
2025-05-16 15:00:00,34.00,98.25
2025-05-16 16:00:00,NA,NA
2025-05-16 17:00:00,31.00,72.00
2025-05-16 18:00:00,31.25,75.50
2025-05-16 19:00:00,30.50,85.25
2025-05-16 20:00:00,24.00,79.75
2025-05-16 21:00:00,21.50,72.25
2025-05-16 22:00:00,33.75,77.25
2025-05-16 23:00:00,40.00,72.75
2025-05-17 00:00:00,44.50,94.00
2025-05-17 01:00:00,39.00,122.75
2025-05-17 02:00:00,9.25,39.50
2025-05-17 03:00:00,9.75,46.25
2025-05-17 04:00:00,9.25,47.50
2025-05-17 05:00:00,11.50,30.50
2025-05-17 06:00:00,15.75,37.25
2025-05-17 07:00:00,15.50,59.50
2025-05-17 08:00:00,17.75,61.75
2025-05-17 09:00:00,21.75,100.50
2025-05-17 10:00:00,28.00,124.25
2025-05-17 11:00:00,33.75,114.75
2025-05-17 12:00:00,45.25,136.25
2025-05-17 13:00:00,50.50,142.75
2025-05-17 14:00:00,34.25,93.00
2025-05-17 15:00:00,27.50,81.50
2025-05-17 16:00:00,31.00,84.25
2025-05-17 17:00:00,29.00,87.50
2025-05-17 18:00:00,30.50,86.75
2025-05-17 19:00:00,29.00,92.25
2025-05-17 20:00:00,35.50,92.75
2025-05-17 21:00:00,29.25,71.50
2025-05-17 22:00:00,31.00,88.00
2025-05-17 23:00:00,23.75,82.75
2025-05-18 00:00:00,21.50,86.50
2025-05-18 01:00:00,25.00,69.25
2025-05-18 02:00:00,22.75,82.50
2025-05-18 03:00:00,24.50,69.25
2025-05-18 04:00:00,22.50,58.75
2025-05-18 05:00:00,18.00,69.00
2025-05-18 06:00:00,10.75,42.25
2025-05-18 07:00:00,17.00,51.75
2025-05-18 08:00:00,24.25,59.00
2025-05-18 09:00:00,37.25,87.25
2025-05-18 10:00:00,40.25,102.00
2025-05-18 11:00:00,45.75,109.75
2025-05-18 12:00:00,39.25,109.25
2025-05-18 13:00:00,28.25,89.00
2025-05-18 14:00:00,19.25,79.25
2025-05-18 15:00:00,22.50,83.25
2025-05-18 16:00:00,35.00,93.25
2025-05-18 17:00:00,23.00,65.25
2025-05-18 18:00:00,25.50,63.00
2025-05-18 19:00:00,28.75,68.00
2025-05-18 20:00:00,15.75,53.50
2025-05-18 21:00:00,15.25,45.75
2025-05-18 22:00:00,15.50,42.50
2025-05-18 23:00:00,12.75,31.50
2025-05-19 00:00:00,11.25,26.50
2025-05-19 01:00:00,20.25,41.00
2025-05-19 02:00:00,24.50,33.25
2025-05-19 03:00:00,18.25,27.00
2025-05-19 04:00:00,20.00,24.00
2025-05-19 05:00:00,14.00,23.75
2025-05-19 06:00:00,14.00,23.00
2025-05-19 07:00:00,21.00,29.00
2025-05-19 08:00:00,22.00,31.25
2025-05-19 09:00:00,25.00,35.50
2025-05-19 10:00:00,26.00,30.25
2025-05-19 11:00:00,28.50,40.00
2025-05-19 12:00:00,30.00,55.25
2025-05-19 13:00:00,39.75,73.50
2025-05-19 14:00:00,34.50,63.75
2025-05-19 15:00:00,16.75,41.75
2025-05-19 16:00:00,28.50,53.75
2025-05-19 17:00:00,17.00,56.75
2025-05-19 18:00:00,5.00,31.25
2025-05-19 19:00:00,6.00,29.50
2025-05-19 20:00:00,8.25,30.50
2025-05-19 21:00:00,6.75,32.75
2025-05-19 22:00:00,13.25,46.25
2025-05-19 23:00:00,28.00,53.75
2025-05-20 00:00:00,34.75,59.25
2025-05-20 01:00:00,36.25,67.25
2025-05-20 02:00:00,32.75,59.75
2025-05-20 03:00:00,29.00,53.00
2025-05-20 04:00:00,31.25,55.25
2025-05-20 05:00:00,37.00,62.50
2025-05-20 06:00:00,34.75,63.75
2025-05-20 07:00:00,38.75,62.50
2025-05-20 08:00:00,44.00,59.25
2025-05-20 09:00:00,39.50,48.50
2025-05-20 10:00:00,26.75,34.25
2025-05-20 11:00:00,29.50,44.50
2025-05-20 12:00:00,35.50,55.00
2025-05-20 13:00:00,48.50,102.00
2025-05-20 14:00:00,42.50,91.00
2025-05-20 15:00:00,32.25,59.25
2025-05-20 16:00:00,42.00,64.00
2025-05-20 17:00:00,35.50,63.75
2025-05-20 18:00:00,23.00,56.75
2025-05-20 19:00:00,37.50,56.25
2025-05-20 20:00:00,17.75,28.75
2025-05-20 21:00:00,16.25,27.50
2025-05-20 22:00:00,12.75,31.25
2025-05-20 23:00:00,10.75,22.25
2025-05-21 00:00:00,14.75,25.75
2025-05-21 01:00:00,10.50,16.50
2025-05-21 02:00:00,9.25,18.50
2025-05-21 03:00:00,10.00,20.00
2025-05-21 04:00:00,14.00,33.00
2025-05-21 05:00:00,13.25,33.00
2025-05-21 06:00:00,12.50,36.50
2025-05-21 07:00:00,18.00,45.50
2025-05-21 08:00:00,18.50,40.50
2025-05-21 09:00:00,11.75,43.50
2025-05-21 10:00:00,16.75,59.75
2025-05-21 11:00:00,24.50,70.00
2025-05-21 12:00:00,20.00,71.50
2025-05-21 13:00:00,10.75,52.00
2025-05-21 14:00:00,9.75,36.50
2025-05-21 15:00:00,9.25,45.25
2025-05-21 16:00:00,9.75,46.50
2025-05-21 17:00:00,8.25,43.00
2025-05-21 18:00:00,9.75,64.00
2025-05-21 19:00:00,22.25,91.25
2025-05-21 20:00:00,26.50,89.75
2025-05-21 21:00:00,31.50,88.25
2025-05-21 22:00:00,40.75,95.25
2025-05-21 23:00:00,33.25,66.75
2025-05-22 00:00:00,22.75,60.25
2025-05-22 01:00:00,25.75,63.75
2025-05-22 02:00:00,30.00,78.25
2025-05-22 03:00:00,35.00,90.75
2025-05-22 04:00:00,30.75,74.75
2025-05-22 05:00:00,29.75,85.75
2025-05-22 06:00:00,35.25,91.50
2025-05-22 07:00:00,28.50,89.75
2025-05-22 08:00:00,32.50,109.75
2025-05-22 09:00:00,30.50,119.25
2025-05-22 10:00:00,29.50,132.25
2025-05-22 11:00:00,30.00,154.75
2025-05-22 12:00:00,27.50,138.50
2025-05-22 13:00:00,29.50,135.75
2025-05-22 14:00:00,32.25,139.25
2025-05-22 15:00:00,36.25,157.25
2025-05-22 16:00:00,34.25,144.25
2025-05-22 17:00:00,26.50,139.50
2025-05-22 18:00:00,27.75,142.00
2025-05-22 19:00:00,30.25,150.00
2025-05-22 20:00:00,39.00,157.75
2025-05-22 21:00:00,38.25,136.75
2025-05-22 22:00:00,43.75,132.00
2025-05-22 23:00:00,38.00,105.50
2025-05-23 00:00:00,30.25,87.00
2025-05-23 01:00:00,22.75,77.75
2025-05-23 02:00:00,17.25,66.50
2025-05-23 03:00:00,21.50,63.00
2025-05-23 04:00:00,21.25,65.50
2025-05-23 05:00:00,16.50,65.75
2025-05-23 06:00:00,23.00,78.75
2025-05-23 07:00:00,37.00,104.00
2025-05-23 08:00:00,33.25,109.75
2025-05-23 09:00:00,31.25,126.50
2025-05-23 10:00:00,30.50,172.25
2025-05-23 11:00:00,26.00,148.00
2025-05-23 12:00:00,27.50,131.75
2025-05-23 13:00:00,31.75,119.50
2025-05-23 14:00:00,31.00,124.75
2025-05-23 15:00:00,30.25,134.75
2025-05-23 16:00:00,32.25,134.75
2025-05-23 17:00:00,40.75,142.50
2025-05-23 18:00:00,27.75,127.00
2025-05-23 19:00:00,25.50,109.75
2025-05-23 20:00:00,21.00,99.25
2025-05-23 21:00:00,18.00,82.50
2025-05-23 22:00:00,9.50,54.00
2025-05-23 23:00:00,10.50,16.75
2025-05-24 00:00:00,8.00,12.50
2025-05-24 01:00:00,5.00,11.00
2025-05-24 02:00:00,6.00,10.00
2025-05-24 03:00:00,6.25,12.25
2025-05-24 04:00:00,7.75,20.25
2025-05-24 05:00:00,9.75,26.25
2025-05-24 06:00:00,13.25,36.00
2025-05-24 07:00:00,25.75,46.25
2025-05-24 08:00:00,22.50,48.25
2025-05-24 09:00:00,14.75,47.50
2025-05-24 10:00:00,13.00,55.75
2025-05-24 11:00:00,9.75,38.00
2025-05-24 12:00:00,9.00,32.50
2025-05-24 13:00:00,9.25,35.25
2025-05-24 14:00:00,10.00,39.50
2025-05-24 15:00:00,10.00,40.50
2025-05-24 16:00:00,10.00,40.25
2025-05-24 17:00:00,11.25,47.25
2025-05-24 18:00:00,15.25,55.50
2025-05-24 19:00:00,15.50,52.25
2025-05-24 20:00:00,13.25,55.25
2025-05-24 21:00:00,12.25,52.50
2025-05-24 22:00:00,15.50,49.00
2025-05-24 23:00:00,13.25,41.75
2025-05-25 00:00:00,12.00,37.75
2025-05-25 01:00:00,14.25,37.25
2025-05-25 02:00:00,11.50,37.00
2025-05-25 03:00:00,9.75,32.50
2025-05-25 04:00:00,9.25,28.00
2025-05-25 05:00:00,10.00,29.50
2025-05-25 06:00:00,9.75,33.50
2025-05-25 07:00:00,9.00,33.00
2025-05-25 08:00:00,8.50,33.00
2025-05-25 09:00:00,7.75,22.75
2025-05-25 10:00:00,10.50,25.25
2025-05-25 11:00:00,12.50,43.00
2025-05-25 12:00:00,13.00,39.25
2025-05-25 13:00:00,10.00,38.00
2025-05-25 14:00:00,9.25,43.00
2025-05-25 15:00:00,7.75,44.50
2025-05-25 16:00:00,11.00,30.50
2025-05-25 17:00:00,13.50,31.25
2025-05-25 18:00:00,14.00,43.00
2025-05-25 19:00:00,21.25,58.75
2025-05-25 20:00:00,21.50,53.00
2025-05-25 21:00:00,10.50,26.50
2025-05-25 22:00:00,8.00,18.00
2025-05-25 23:00:00,5.00,16.00
2025-05-26 00:00:00,5.50,20.00
2025-05-26 01:00:00,7.00,20.50
2025-05-26 02:00:00,6.50,14.00
2025-05-26 03:00:00,5.00,19.00
2025-05-26 04:00:00,5.00,24.50
2025-05-26 05:00:00,5.25,25.00
2025-05-26 06:00:00,6.25,31.50
2025-05-26 07:00:00,7.00,33.00
2025-05-26 08:00:00,7.75,35.75
2025-05-26 09:00:00,11.00,43.00
2025-05-26 10:00:00,12.75,41.00
2025-05-26 11:00:00,11.00,45.25
2025-05-26 12:00:00,15.75,49.75
2025-05-26 13:00:00,10.75,51.50
2025-05-26 14:00:00,6.75,51.00
2025-05-26 15:00:00,7.00,52.25
2025-05-26 16:00:00,9.25,45.75
2025-05-26 17:00:00,7.75,43.00
2025-05-26 18:00:00,12.50,44.50
2025-05-26 19:00:00,20.25,43.00
2025-05-26 20:00:00,19.75,50.50
2025-05-26 21:00:00,14.25,42.00
2025-05-26 22:00:00,8.00,28.25
2025-05-26 23:00:00,5.25,25.75
2025-05-27 00:00:00,6.25,35.25
2025-05-27 01:00:00,7.00,41.25
2025-05-27 02:00:00,7.00,47.00
2025-05-27 03:00:00,7.50,44.25
2025-05-27 04:00:00,8.50,42.50
2025-05-27 05:00:00,8.75,39.50
2025-05-27 06:00:00,14.50,54.25
2025-05-27 07:00:00,15.00,56.25
2025-05-27 08:00:00,11.75,55.75
2025-05-27 09:00:00,11.25,73.50
2025-05-27 10:00:00,11.50,86.50
2025-05-27 11:00:00,10.50,92.25
2025-05-27 12:00:00,13.25,83.50
2025-05-27 13:00:00,17.00,67.75
2025-05-27 14:00:00,15.50,58.00
2025-05-27 15:00:00,12.50,80.50
2025-05-27 16:00:00,17.25,103.50
2025-05-27 17:00:00,17.25,119.00
2025-05-27 18:00:00,18.00,83.50
2025-05-27 19:00:00,26.75,88.75
2025-05-27 20:00:00,25.25,89.00
2025-05-27 21:00:00,23.50,128.75
2025-05-27 22:00:00,26.00,102.50
2025-05-27 23:00:00,26.25,96.50
2025-05-28 00:00:00,17.25,88.00
2025-05-28 01:00:00,14.00,71.00
2025-05-28 02:00:00,11.25,57.00
2025-05-28 03:00:00,11.25,59.75
2025-05-28 04:00:00,9.25,60.50
2025-05-28 05:00:00,11.00,62.50
2025-05-28 06:00:00,16.00,60.00
2025-05-28 07:00:00,20.75,77.50
2025-05-28 08:00:00,17.00,80.50
2025-05-28 09:00:00,17.00,89.50
2025-05-28 10:00:00,16.25,148.00
2025-05-28 11:00:00,13.50,128.75
2025-05-28 12:00:00,11.75,143.25
2025-05-28 13:00:00,11.25,106.25
2025-05-28 14:00:00,12.75,75.00
2025-05-28 15:00:00,14.75,76.25
2025-05-28 16:00:00,14.75,80.75
2025-05-28 17:00:00,17.00,108.00
2025-05-28 18:00:00,19.00,111.25
2025-05-28 19:00:00,30.50,141.75
2025-05-28 20:00:00,41.00,131.50
2025-05-28 21:00:00,20.00,74.25
2025-05-28 22:00:00,10.75,66.50
2025-05-28 23:00:00,9.75,57.25
2025-05-29 00:00:00,9.00,56.25
2025-05-29 01:00:00,9.00,66.50
2025-05-29 02:00:00,9.50,51.75
2025-05-29 03:00:00,10.75,32.50
2025-05-29 04:00:00,10.00,42.00
2025-05-29 05:00:00,11.75,49.75
2025-05-29 06:00:00,15.75,53.50
2025-05-29 07:00:00,11.50,47.75
2025-05-29 08:00:00,11.00,50.00
2025-05-29 09:00:00,15.00,84.75
2025-05-29 10:00:00,17.25,136.00
2025-05-29 11:00:00,13.75,135.00
2025-05-29 12:00:00,10.50,117.50
2025-05-29 13:00:00,11.75,95.75
2025-05-29 14:00:00,10.50,77.00
2025-05-29 15:00:00,9.25,69.25
2025-05-29 16:00:00,9.25,75.25
2025-05-29 17:00:00,7.75,84.50
2025-05-29 18:00:00,11.75,91.25
2025-05-29 19:00:00,24.00,97.00
2025-05-29 20:00:00,39.00,114.25
2025-05-29 21:00:00,19.75,90.00
2025-05-29 22:00:00,16.00,74.75
2025-05-29 23:00:00,16.00,63.50
2025-05-30 00:00:00,16.25,62.50
2025-05-30 01:00:00,19.75,84.50
2025-05-30 02:00:00,24.00,101.50
2025-05-30 03:00:00,11.75,46.50
2025-05-30 04:00:00,12.00,41.75
2025-05-30 05:00:00,15.75,52.50
2025-05-30 06:00:00,17.75,58.75
2025-05-30 07:00:00,16.50,57.50
2025-05-30 08:00:00,17.50,71.00
2025-05-30 09:00:00,22.50,104.75
2025-05-30 10:00:00,15.25,142.00
2025-05-30 11:00:00,17.50,113.25
2025-05-30 12:00:00,21.00,112.50
2025-05-30 13:00:00,17.00,94.50
2025-05-30 14:00:00,14.25,80.25
2025-05-30 15:00:00,15.50,66.25
2025-05-30 16:00:00,15.50,33.00
2025-05-30 17:00:00,13.75,38.75
2025-05-30 18:00:00,20.75,37.25
2025-05-30 19:00:00,20.00,37.75
2025-05-30 20:00:00,29.75,49.00
2025-05-30 21:00:00,32.25,58.75
2025-05-30 22:00:00,29.25,57.25
2025-05-30 23:00:00,19.75,42.00
2025-05-31 00:00:00,22.50,31.00
2025-05-31 01:00:00,15.50,36.25
2025-05-31 02:00:00,16.25,42.50
2025-05-31 03:00:00,15.00,41.75
2025-05-31 04:00:00,18.75,45.75
2025-05-31 05:00:00,21.50,52.25
2025-05-31 06:00:00,23.00,56.50
2025-05-31 07:00:00,22.25,57.75
2025-05-31 08:00:00,20.50,59.25
2025-05-31 09:00:00,21.50,65.25
2025-05-31 10:00:00,19.00,65.25
2025-05-31 11:00:00,18.50,75.75
2025-05-31 12:00:00,27.75,87.75
2025-05-31 13:00:00,28.50,87.75
2025-05-31 14:00:00,15.75,80.25
2025-05-31 15:00:00,20.25,81.00
2025-05-31 16:00:00,26.50,93.50
2025-05-31 17:00:00,30.75,108.50
2025-05-31 18:00:00,44.25,117.25
2025-05-31 19:00:00,31.50,101.00
2025-05-31 20:00:00,26.75,91.25
2025-05-31 21:00:00,23.75,80.50
2025-05-31 22:00:00,16.25,78.25
2025-05-31 23:00:00,14.00,67.00
2025-06-01 00:00:00,14.00,68.00
2025-06-01 01:00:00,14.25,48.50
2025-06-01 02:00:00,16.25,55.75
2025-06-01 03:00:00,19.25,67.25
2025-06-01 04:00:00,19.25,78.50
2025-06-01 05:00:00,26.75,89.75
2025-06-01 06:00:00,28.50,102.50
2025-06-01 07:00:00,24.00,81.75
2025-06-01 08:00:00,16.25,83.00
2025-06-01 09:00:00,20.50,73.00
2025-06-01 10:00:00,22.00,85.50
2025-06-01 11:00:00,23.50,111.25
2025-06-01 12:00:00,25.00,119.75
2025-06-01 13:00:00,15.75,85.75
2025-06-01 14:00:00,15.50,82.75
2025-06-01 15:00:00,16.50,102.00
2025-06-01 16:00:00,16.50,94.25
2025-06-01 17:00:00,22.00,82.50
2025-06-01 18:00:00,23.75,88.50
2025-06-01 19:00:00,20.50,83.00
2025-06-01 20:00:00,23.50,83.25
2025-06-01 21:00:00,30.50,96.00
2025-06-01 22:00:00,36.50,102.75
2025-06-01 23:00:00,27.00,87.50
2025-06-02 00:00:00,13.00,60.25
2025-06-02 01:00:00,16.25,53.75
2025-06-02 02:00:00,26.50,75.00
2025-06-02 03:00:00,48.50,130.25
2025-06-02 04:00:00,28.50,69.75
2025-06-02 05:00:00,25.50,67.25
2025-06-02 06:00:00,21.00,75.50
2025-06-02 07:00:00,20.00,87.75
2025-06-02 08:00:00,17.00,86.50
2025-06-02 09:00:00,17.75,117.25
2025-06-02 10:00:00,20.00,179.25
2025-06-02 11:00:00,18.75,143.25
2025-06-02 12:00:00,15.75,108.75
2025-06-02 13:00:00,18.75,120.25
2025-06-02 14:00:00,20.75,119.50
2025-06-02 15:00:00,20.50,118.25
2025-06-02 16:00:00,22.00,123.50
2025-06-02 17:00:00,21.75,109.50
2025-06-02 18:00:00,28.25,115.25
2025-06-02 19:00:00,49.25,135.50
2025-06-02 20:00:00,43.75,132.75
2025-06-02 21:00:00,29.50,124.75
2025-06-02 22:00:00,16.00,83.00
2025-06-02 23:00:00,15.75,62.75
2025-06-03 00:00:00,14.75,42.25
2025-06-03 01:00:00,14.50,99.00
2025-06-03 02:00:00,17.50,71.25
2025-06-03 03:00:00,21.00,74.50
2025-06-03 04:00:00,18.50,68.25
2025-06-03 05:00:00,20.50,80.75
2025-06-03 06:00:00,22.25,82.00
2025-06-03 07:00:00,23.00,87.75
2025-06-03 08:00:00,21.75,101.00
2025-06-03 09:00:00,19.00,150.75
2025-06-03 10:00:00,23.25,185.75
2025-06-03 11:00:00,26.00,207.25
2025-06-03 12:00:00,23.00,163.00
2025-06-03 13:00:00,21.50,138.00
2025-06-03 14:00:00,17.00,90.00
2025-06-03 15:00:00,16.50,89.25
2025-06-03 16:00:00,17.00,92.75
2025-06-03 17:00:00,23.75,107.50
2025-06-03 18:00:00,30.50,109.00
2025-06-03 19:00:00,44.25,126.25
2025-06-03 20:00:00,40.25,88.50
2025-06-03 21:00:00,25.75,65.25
2025-06-03 22:00:00,23.25,68.50
2025-06-03 23:00:00,17.00,56.25
2025-06-04 00:00:00,15.00,47.50
2025-06-04 01:00:00,17.50,37.50
2025-06-04 02:00:00,15.50,40.00
2025-06-04 03:00:00,14.50,41.75
2025-06-04 04:00:00,18.25,40.00
2025-06-04 05:00:00,25.00,49.00
2025-06-04 06:00:00,24.00,64.00
2025-06-04 07:00:00,20.75,82.75
2025-06-04 08:00:00,19.00,83.50
2025-06-04 09:00:00,16.50,88.50
2025-06-04 10:00:00,17.50,120.75
2025-06-04 11:00:00,17.25,124.25
2025-06-04 12:00:00,20.75,100.00
2025-06-04 13:00:00,20.25,95.75
2025-06-04 14:00:00,21.00,91.50
2025-06-04 15:00:00,22.50,98.50
2025-06-04 16:00:00,35.25,126.25
2025-06-04 17:00:00,57.25,131.50
2025-06-04 18:00:00,56.50,132.75
2025-06-04 19:00:00,72.00,144.50
2025-06-04 20:00:00,49.00,127.50
2025-06-04 21:00:00,42.25,120.50
2025-06-04 22:00:00,35.75,95.75
2025-06-04 23:00:00,20.00,66.75
2025-06-05 00:00:00,10.75,51.25
2025-06-05 01:00:00,10.25,45.00
2025-06-05 02:00:00,12.75,49.00
2025-06-05 03:00:00,20.50,44.50
2025-06-05 04:00:00,25.50,48.50
2025-06-05 05:00:00,17.25,49.00
2025-06-05 06:00:00,18.50,61.50
2025-06-05 07:00:00,28.25,85.00
2025-06-05 08:00:00,25.75,103.25
2025-06-05 09:00:00,25.00,129.50
2025-06-05 10:00:00,22.00,149.25
2025-06-05 11:00:00,22.75,139.75
2025-06-05 12:00:00,26.50,135.25
2025-06-05 13:00:00,32.75,135.25
2025-06-05 14:00:00,37.50,140.75
2025-06-05 15:00:00,34.25,139.75
2025-06-05 16:00:00,28.75,145.50
2025-06-05 17:00:00,27.50,141.00
2025-06-05 18:00:00,25.75,149.75
2025-06-05 19:00:00,25.00,146.50
2025-06-05 20:00:00,26.00,137.00
2025-06-05 21:00:00,28.25,128.25
2025-06-05 22:00:00,24.75,116.25
2025-06-05 23:00:00,21.50,103.75
2025-06-06 00:00:00,24.00,98.25
2025-06-06 01:00:00,25.75,92.25
2025-06-06 02:00:00,22.00,90.00
2025-06-06 03:00:00,23.75,88.00
2025-06-06 04:00:00,30.00,81.00
2025-06-06 05:00:00,32.00,78.00
2025-06-06 06:00:00,28.00,79.75
2025-06-06 07:00:00,23.25,87.25
2025-06-06 08:00:00,19.75,99.75
2025-06-06 09:00:00,27.00,135.50
2025-06-06 10:00:00,32.50,188.25
2025-06-06 11:00:00,35.25,180.75
2025-06-06 12:00:00,46.75,178.50
2025-06-06 13:00:00,42.75,160.25
2025-06-06 14:00:00,42.75,146.00
2025-06-06 15:00:00,44.25,148.75
2025-06-06 16:00:00,42.00,156.50
2025-06-06 17:00:00,40.75,151.25
2025-06-06 18:00:00,35.00,189.25
2025-06-06 19:00:00,29.00,327.75
2025-06-06 20:00:00,NA,298.50
2025-06-06 21:00:00,5.00,243.00
2025-06-06 22:00:00,5.00,89.75
2025-06-06 23:00:00,9.25,95.25
2025-06-07 00:00:00,23.00,111.50
2025-06-07 01:00:00,26.50,98.25
2025-06-07 02:00:00,26.75,82.25
2025-06-07 03:00:00,22.75,89.25
2025-06-07 04:00:00,23.25,97.00
2025-06-07 05:00:00,27.00,86.50
2025-06-07 06:00:00,27.50,78.25
2025-06-07 07:00:00,30.00,92.75
2025-06-07 08:00:00,35.75,94.25
2025-06-07 09:00:00,43.00,115.50
2025-06-07 10:00:00,42.00,136.00
2025-06-07 11:00:00,45.25,154.75
2025-06-07 12:00:00,37.25,174.75
2025-06-07 13:00:00,36.50,167.25
2025-06-07 14:00:00,31.00,143.75
2025-06-07 15:00:00,30.25,136.50
2025-06-07 16:00:00,34.25,139.00
2025-06-07 17:00:00,28.50,137.25
2025-06-07 18:00:00,39.00,178.50
2025-06-07 19:00:00,48.50,203.50
2025-06-07 20:00:00,48.75,277.75
2025-06-07 21:00:00,49.75,275.75
2025-06-07 22:00:00,60.75,152.50
2025-06-07 23:00:00,48.25,133.75
2025-06-08 00:00:00,39.50,95.75
2025-06-08 01:00:00,36.50,84.50
2025-06-08 02:00:00,31.00,109.00
2025-06-08 03:00:00,27.50,158.50
2025-06-08 04:00:00,27.75,153.00
2025-06-08 05:00:00,33.25,197.25
2025-06-08 06:00:00,34.50,94.75
2025-06-08 07:00:00,36.25,102.50
2025-06-08 08:00:00,34.00,123.75
2025-06-08 09:00:00,25.00,81.75
2025-06-08 10:00:00,24.00,85.00
2025-06-08 11:00:00,31.75,115.75
2025-06-08 12:00:00,57.75,117.25
2025-06-08 13:00:00,38.50,113.50
2025-06-08 14:00:00,34.50,103.75
2025-06-08 15:00:00,23.75,92.00
2025-06-08 16:00:00,15.75,98.25
2025-06-08 17:00:00,22.00,83.50
2025-06-08 18:00:00,25.25,91.00
2025-06-08 19:00:00,26.50,87.75
2025-06-08 20:00:00,23.75,71.75
2025-06-08 21:00:00,11.25,51.50
2025-06-08 22:00:00,13.25,50.50
2025-06-08 23:00:00,26.50,68.50
2025-06-09 00:00:00,44.25,80.25
2025-06-09 01:00:00,11.75,45.00
2025-06-09 02:00:00,12.75,37.00
2025-06-09 03:00:00,18.00,39.50
2025-06-09 04:00:00,17.50,36.00
2025-06-09 05:00:00,17.25,34.50
2025-06-09 06:00:00,19.75,50.00
2025-06-09 07:00:00,16.50,60.00
2025-06-09 08:00:00,19.00,85.75
2025-06-09 09:00:00,22.25,139.00
2025-06-09 10:00:00,24.25,187.25
2025-06-09 11:00:00,26.00,202.00
2025-06-09 12:00:00,19.00,127.00
2025-06-09 13:00:00,15.75,91.75
2025-06-09 14:00:00,15.25,76.25
2025-06-09 15:00:00,20.00,162.75
2025-06-09 16:00:00,27.50,264.50
2025-06-09 17:00:00,16.25,51.25
2025-06-09 18:00:00,27.00,90.25
2025-06-09 19:00:00,37.25,114.50
2025-06-09 20:00:00,33.50,108.50
2025-06-09 21:00:00,35.75,87.75
2025-06-09 22:00:00,27.25,66.00
2025-06-09 23:00:00,21.50,62.25
2025-06-10 00:00:00,19.50,52.75
2025-06-10 01:00:00,20.50,55.00
2025-06-10 02:00:00,26.25,44.25
2025-06-10 03:00:00,20.25,40.00
2025-06-10 04:00:00,17.00,42.50
2025-06-10 05:00:00,16.25,42.25
2025-06-10 06:00:00,21.25,53.50
2025-06-10 07:00:00,18.50,73.50
2025-06-10 08:00:00,24.00,74.75
2025-06-10 09:00:00,19.75,113.25
2025-06-10 10:00:00,25.00,150.50
2025-06-10 11:00:00,25.25,152.00
2025-06-10 12:00:00,26.00,147.25
2025-06-10 13:00:00,26.00,121.50
2025-06-10 14:00:00,26.00,90.75
2025-06-10 15:00:00,26.50,104.00
2025-06-10 16:00:00,27.25,110.75
2025-06-10 17:00:00,24.00,93.50
2025-06-10 18:00:00,22.50,41.75
2025-06-10 19:00:00,24.25,56.00
2025-06-10 20:00:00,16.50,38.50
2025-06-10 21:00:00,17.50,37.00
2025-06-10 22:00:00,15.00,28.25
2025-06-10 23:00:00,13.00,31.00
2025-06-11 00:00:00,15.75,35.00
2025-06-11 01:00:00,14.00,29.00
2025-06-11 02:00:00,11.25,31.25
2025-06-11 03:00:00,12.00,39.75
2025-06-11 04:00:00,15.25,43.75
2025-06-11 05:00:00,23.75,39.00
2025-06-11 06:00:00,20.00,37.25
2025-06-11 07:00:00,26.00,47.25
2025-06-11 08:00:00,26.00,69.25
2025-06-11 09:00:00,25.00,79.50
2025-06-11 10:00:00,24.25,87.50
2025-06-11 11:00:00,32.25,106.00
2025-06-11 12:00:00,34.25,102.75
2025-06-11 13:00:00,27.50,95.00
2025-06-11 14:00:00,23.75,76.50
2025-06-11 15:00:00,25.25,89.75
2025-06-11 16:00:00,27.00,112.50
2025-06-11 17:00:00,37.50,131.50
2025-06-11 18:00:00,31.25,133.75
2025-06-11 19:00:00,28.75,118.25
2025-06-11 20:00:00,34.00,102.75
2025-06-11 21:00:00,23.75,50.50
2025-06-11 22:00:00,19.00,44.00
2025-06-11 23:00:00,16.00,49.75
2025-06-12 00:00:00,15.00,28.50
2025-06-12 01:00:00,11.75,22.00
2025-06-12 02:00:00,12.75,25.00
2025-06-12 03:00:00,19.25,27.00
2025-06-12 04:00:00,22.50,34.50
2025-06-12 05:00:00,22.00,37.00
2025-06-12 06:00:00,25.00,37.50
2025-06-12 07:00:00,23.25,55.75
2025-06-12 08:00:00,19.75,54.75
2025-06-12 09:00:00,25.25,73.25
2025-06-12 10:00:00,25.75,103.25
2025-06-12 11:00:00,22.75,100.75
2025-06-12 12:00:00,17.00,95.75
2025-06-12 13:00:00,22.75,80.25
2025-06-12 14:00:00,29.75,72.50
2025-06-12 15:00:00,22.50,76.25
2025-06-12 16:00:00,18.00,88.00
2025-06-12 17:00:00,33.75,99.00
2025-06-12 18:00:00,27.00,88.50
2025-06-12 19:00:00,29.50,97.25
2025-06-12 20:00:00,33.25,129.00
2025-06-12 21:00:00,19.50,158.75
2025-06-12 22:00:00,13.50,70.00
2025-06-12 23:00:00,16.50,48.25
2025-06-13 00:00:00,11.75,47.00
2025-06-13 01:00:00,10.75,64.75
2025-06-13 02:00:00,12.75,109.75
2025-06-13 03:00:00,19.75,93.75
2025-06-13 04:00:00,16.25,41.25
2025-06-13 05:00:00,19.25,49.00
2025-06-13 06:00:00,25.00,60.50
2025-06-13 07:00:00,22.25,82.50
2025-06-13 08:00:00,21.75,75.00
2025-06-13 09:00:00,18.00,106.25
2025-06-13 10:00:00,14.00,156.50
2025-06-13 11:00:00,14.75,107.75
2025-06-13 12:00:00,15.75,107.25
2025-06-13 13:00:00,12.00,91.50
2025-06-13 14:00:00,11.50,72.25
2025-06-13 15:00:00,20.25,96.25
2025-06-13 16:00:00,47.25,131.25
2025-06-13 17:00:00,31.25,102.25
2025-06-13 18:00:00,19.00,89.50
2025-06-13 19:00:00,24.00,96.50
2025-06-13 20:00:00,21.00,127.75
2025-06-13 21:00:00,18.25,228.00
2025-06-13 22:00:00,9.25,56.00
2025-06-13 23:00:00,6.50,8.25
2025-06-14 00:00:00,5.00,11.25
2025-06-14 01:00:00,5.25,17.00
2025-06-14 02:00:00,6.00,14.00
2025-06-14 03:00:00,6.25,16.50
2025-06-14 04:00:00,8.75,26.00
2025-06-14 05:00:00,13.25,31.75
2025-06-14 06:00:00,11.75,33.75
2025-06-14 07:00:00,14.00,43.00
2025-06-14 08:00:00,10.00,45.25
2025-06-14 09:00:00,9.75,40.25
2025-06-14 10:00:00,9.50,35.25
2025-06-14 11:00:00,11.25,45.50
2025-06-14 12:00:00,11.50,49.25
2025-06-14 13:00:00,10.25,53.75
2025-06-14 14:00:00,10.50,51.25
2025-06-14 15:00:00,9.50,64.50
2025-06-14 16:00:00,18.00,75.00
2025-06-14 17:00:00,35.00,102.50
2025-06-14 18:00:00,21.25,100.50
2025-06-14 19:00:00,15.50,84.75
2025-06-14 20:00:00,13.50,127.75
2025-06-14 21:00:00,12.50,244.50
2025-06-14 22:00:00,13.00,56.25
2025-06-14 23:00:00,9.25,25.25
2025-06-15 00:00:00,7.00,21.75
2025-06-15 01:00:00,7.00,26.75
2025-06-15 02:00:00,7.50,25.75
2025-06-15 03:00:00,9.50,25.25
2025-06-15 04:00:00,11.25,26.25
2025-06-15 05:00:00,11.25,27.00
2025-06-15 06:00:00,8.25,27.75
2025-06-15 07:00:00,7.50,30.50
2025-06-15 08:00:00,11.75,35.25
2025-06-15 09:00:00,11.25,44.50
2025-06-15 10:00:00,12.75,45.25
2025-06-15 11:00:00,15.75,54.75
2025-06-15 12:00:00,16.50,59.50
2025-06-15 13:00:00,10.25,51.00
2025-06-15 14:00:00,5.00,56.00
2025-06-15 15:00:00,5.00,50.50
2025-06-15 16:00:00,5.50,49.75
2025-06-15 17:00:00,7.00,67.50
2025-06-15 18:00:00,9.00,61.75
2025-06-15 19:00:00,14.25,66.50
2025-06-15 20:00:00,12.75,65.00
2025-06-15 21:00:00,14.25,40.00
2025-06-15 22:00:00,11.25,36.50
2025-06-15 23:00:00,11.25,27.75
2025-06-16 00:00:00,16.50,31.25
2025-06-16 01:00:00,10.75,23.00
2025-06-16 02:00:00,7.75,17.00
2025-06-16 03:00:00,10.00,23.50
2025-06-16 04:00:00,10.50,18.75
2025-06-16 05:00:00,15.25,29.75
2025-06-16 06:00:00,21.00,35.25
2025-06-16 07:00:00,9.00,29.50
2025-06-16 08:00:00,9.00,41.75
2025-06-16 09:00:00,9.25,64.25
2025-06-16 10:00:00,9.75,91.50
2025-06-16 11:00:00,9.75,111.75
2025-06-16 12:00:00,13.25,140.25
2025-06-16 13:00:00,15.75,109.25
2025-06-16 14:00:00,10.75,98.00
2025-06-16 15:00:00,7.75,87.00
2025-06-16 16:00:00,12.75,114.75
2025-06-16 17:00:00,21.00,141.75
2025-06-16 18:00:00,21.50,160.00
2025-06-16 19:00:00,23.00,147.00
2025-06-16 20:00:00,23.50,122.50
2025-06-16 21:00:00,24.00,103.25
2025-06-16 22:00:00,19.50,74.25
2025-06-16 23:00:00,13.50,61.00
2025-06-17 00:00:00,8.25,50.25
2025-06-17 01:00:00,6.75,60.00
2025-06-17 02:00:00,13.00,54.50
2025-06-17 03:00:00,20.00,59.00
2025-06-17 04:00:00,10.25,44.50
2025-06-17 05:00:00,24.50,56.25
2025-06-17 06:00:00,18.75,62.25
2025-06-17 07:00:00,16.25,70.75
2025-06-17 08:00:00,19.25,93.75
2025-06-17 09:00:00,20.00,179.00
2025-06-17 10:00:00,27.25,253.00
2025-06-17 11:00:00,23.25,182.00
2025-06-17 12:00:00,25.50,163.25
2025-06-17 13:00:00,20.25,139.25
2025-06-17 14:00:00,16.50,101.25
2025-06-17 15:00:00,12.75,105.75
2025-06-17 16:00:00,15.75,118.00
2025-06-17 17:00:00,17.50,123.00
2025-06-17 18:00:00,17.25,136.50
2025-06-17 19:00:00,26.75,160.50
2025-06-17 20:00:00,38.75,156.75
2025-06-17 21:00:00,23.00,124.75
2025-06-17 22:00:00,24.00,101.50
2025-06-17 23:00:00,24.00,89.75
2025-06-18 00:00:00,15.50,69.75
2025-06-18 01:00:00,15.75,70.75
2025-06-18 02:00:00,11.25,57.50
2025-06-18 03:00:00,9.75,55.75
2025-06-18 04:00:00,14.75,56.75
2025-06-18 05:00:00,20.75,60.50
2025-06-18 06:00:00,13.50,61.00
2025-06-18 07:00:00,13.50,76.25
2025-06-18 08:00:00,18.00,96.00
2025-06-18 09:00:00,20.00,178.00
2025-06-18 10:00:00,26.50,253.50
2025-06-18 11:00:00,26.75,238.50
2025-06-18 12:00:00,22.50,182.25
2025-06-18 13:00:00,21.50,160.25
2025-06-18 14:00:00,21.75,145.75
2025-06-18 15:00:00,19.00,126.00
2025-06-18 16:00:00,23.00,155.50
2025-06-18 17:00:00,28.00,169.75
2025-06-18 18:00:00,33.25,158.75
2025-06-18 19:00:00,28.75,148.50
2025-06-18 20:00:00,22.00,149.50
2025-06-18 21:00:00,19.50,125.25
2025-06-18 22:00:00,12.50,105.50
2025-06-18 23:00:00,16.75,85.25
2025-06-19 00:00:00,24.00,68.75
2025-06-19 01:00:00,19.75,50.75
2025-06-19 02:00:00,15.50,43.00
2025-06-19 03:00:00,13.25,41.00
2025-06-19 04:00:00,12.00,45.00
2025-06-19 05:00:00,17.75,48.25
2025-06-19 06:00:00,25.00,56.50
2025-06-19 07:00:00,23.50,84.25
2025-06-19 08:00:00,27.25,112.75
2025-06-19 09:00:00,25.25,184.00
2025-06-19 10:00:00,25.25,269.00
2025-06-19 11:00:00,24.00,219.50
2025-06-19 12:00:00,25.75,183.50
2025-06-19 13:00:00,21.50,143.75
2025-06-19 14:00:00,20.50,144.75
2025-06-19 15:00:00,23.50,152.75
2025-06-19 16:00:00,27.25,180.75
2025-06-19 17:00:00,25.00,158.75
2025-06-19 18:00:00,29.25,160.25
2025-06-19 19:00:00,38.50,157.75
2025-06-19 20:00:00,24.00,122.50
2025-06-19 21:00:00,12.50,153.50
2025-06-19 22:00:00,17.25,275.25
2025-06-19 23:00:00,23.00,133.00
2025-06-20 00:00:00,10.75,52.75
2025-06-20 01:00:00,9.75,45.25
2025-06-20 02:00:00,10.50,43.75
2025-06-20 03:00:00,14.75,46.75
2025-06-20 04:00:00,18.50,52.25
2025-06-20 05:00:00,30.50,67.50
2025-06-20 06:00:00,26.50,90.50
2025-06-20 07:00:00,25.50,108.75
2025-06-20 08:00:00,17.75,120.50
2025-06-20 09:00:00,19.25,179.00
2025-06-20 10:00:00,27.75,213.75
2025-06-20 11:00:00,32.75,241.00
2025-06-20 12:00:00,32.50,329.25
2025-06-20 13:00:00,29.75,263.25
2025-06-20 14:00:00,19.00,110.00
2025-06-20 15:00:00,25.00,125.00
2025-06-20 16:00:00,23.25,156.75
2025-06-20 17:00:00,26.75,178.50
2025-06-20 18:00:00,51.75,199.00
2025-06-20 19:00:00,42.50,179.50
2025-06-20 20:00:00,26.50,132.25
2025-06-20 21:00:00,26.50,123.25
2025-06-20 22:00:00,19.00,123.25
2025-06-20 23:00:00,10.50,23.00
2025-06-21 00:00:00,12.00,26.00
2025-06-21 01:00:00,6.00,15.00
2025-06-21 02:00:00,6.00,18.00
2025-06-21 03:00:00,8.50,30.00
2025-06-21 04:00:00,17.25,41.75
2025-06-21 05:00:00,24.25,53.00
2025-06-21 06:00:00,34.50,65.25
2025-06-21 07:00:00,35.50,73.25
2025-06-21 08:00:00,32.50,63.50
2025-06-21 09:00:00,25.25,51.00
2025-06-21 10:00:00,16.75,53.75
2025-06-21 11:00:00,15.75,53.75
2025-06-21 12:00:00,16.75,59.75
2025-06-21 13:00:00,21.00,69.25
2025-06-21 14:00:00,18.75,64.50
2025-06-21 15:00:00,20.25,66.50
2025-06-21 16:00:00,17.25,73.00
2025-06-21 17:00:00,17.00,91.25
2025-06-21 18:00:00,31.25,109.25
2025-06-21 19:00:00,56.50,133.75
2025-06-21 20:00:00,50.00,119.50
2025-06-21 21:00:00,25.25,80.25
2025-06-21 22:00:00,23.75,80.00
2025-06-21 23:00:00,26.75,65.00
2025-06-22 00:00:00,27.50,54.25
2025-06-22 01:00:00,23.00,50.00
2025-06-22 02:00:00,22.50,58.75
2025-06-22 03:00:00,22.50,76.00
2025-06-22 04:00:00,27.50,73.00
2025-06-22 05:00:00,28.50,64.75
2025-06-22 06:00:00,27.25,66.50
2025-06-22 07:00:00,26.25,65.50
2025-06-22 08:00:00,19.50,63.00
2025-06-22 09:00:00,15.50,50.25
2025-06-22 10:00:00,16.75,48.75
2025-06-22 11:00:00,15.00,51.50
2025-06-22 12:00:00,14.00,56.00
2025-06-22 13:00:00,18.50,60.00
2025-06-22 14:00:00,15.00,48.25
2025-06-22 15:00:00,17.00,58.25
2025-06-22 16:00:00,14.50,58.00
2025-06-22 17:00:00,18.25,59.50
2025-06-22 18:00:00,35.00,85.25
2025-06-22 19:00:00,64.25,119.50
2025-06-22 20:00:00,52.25,101.25
2025-06-22 21:00:00,21.00,68.00
2025-06-22 22:00:00,14.25,53.50
2025-06-22 23:00:00,10.75,18.75
2025-06-23 00:00:00,6.50,17.00
2025-06-23 01:00:00,5.00,14.75
2025-06-23 02:00:00,7.00,18.00
2025-06-23 03:00:00,7.75,20.25
2025-06-23 04:00:00,10.00,18.75
2025-06-23 05:00:00,17.00,24.50
2025-06-23 06:00:00,19.75,36.50
2025-06-23 07:00:00,26.75,41.75
2025-06-23 08:00:00,20.75,44.25
2025-06-23 09:00:00,15.00,52.00
2025-06-23 10:00:00,18.75,71.00
2025-06-23 11:00:00,18.75,62.25
2025-06-23 12:00:00,11.75,55.25
2025-06-23 13:00:00,10.50,56.00
2025-06-23 14:00:00,11.25,49.25
2025-06-23 15:00:00,17.50,64.50
2025-06-23 16:00:00,15.75,84.25
2025-06-23 17:00:00,14.25,74.25
2025-06-23 18:00:00,13.25,91.50
2025-06-23 19:00:00,20.00,76.00
2025-06-23 20:00:00,27.00,67.00
2025-06-23 21:00:00,22.00,58.25
2025-06-23 22:00:00,23.25,58.25
2025-06-23 23:00:00,19.25,60.00
2025-06-24 00:00:00,23.50,76.50
2025-06-24 01:00:00,24.00,85.00
2025-06-24 02:00:00,19.25,72.25
2025-06-24 03:00:00,14.75,81.50
2025-06-24 04:00:00,20.50,101.75
2025-06-24 05:00:00,28.75,124.00
2025-06-24 06:00:00,22.25,78.50
2025-06-24 07:00:00,22.50,82.00
2025-06-24 08:00:00,20.00,76.50
2025-06-24 09:00:00,16.75,105.50
2025-06-24 10:00:00,18.50,133.25
2025-06-24 11:00:00,25.00,132.25
2025-06-24 12:00:00,20.75,124.00
2025-06-24 13:00:00,18.25,85.75
2025-06-24 14:00:00,22.25,85.50
2025-06-24 15:00:00,21.25,109.25
2025-06-24 16:00:00,16.00,117.00
2025-06-24 17:00:00,14.75,102.50
2025-06-24 18:00:00,12.50,109.75
2025-06-24 19:00:00,23.25,137.25
2025-06-24 20:00:00,35.50,155.25
2025-06-24 21:00:00,17.50,114.00
2025-06-24 22:00:00,25.75,102.25
2025-06-24 23:00:00,32.75,87.75
2025-06-25 00:00:00,19.50,68.75
2025-06-25 01:00:00,17.75,69.50
2025-06-25 02:00:00,19.50,72.50
2025-06-25 03:00:00,23.00,64.75
2025-06-25 04:00:00,12.25,54.25
2025-06-25 05:00:00,17.50,57.00
2025-06-25 06:00:00,26.25,80.25
2025-06-25 07:00:00,36.00,110.25
2025-06-25 08:00:00,29.75,141.75
2025-06-25 09:00:00,35.00,207.50
2025-06-25 10:00:00,25.75,249.50
2025-06-25 11:00:00,24.50,186.75
2025-06-25 12:00:00,22.25,120.50
2025-06-25 13:00:00,21.50,120.50
2025-06-25 14:00:00,24.75,111.50
2025-06-25 15:00:00,20.25,104.25
2025-06-25 16:00:00,20.00,126.00
2025-06-25 17:00:00,33.00,144.25
2025-06-25 18:00:00,46.25,168.75
2025-06-25 19:00:00,25.25,162.75
2025-06-25 20:00:00,32.25,161.50
2025-06-25 21:00:00,33.00,121.50
2025-06-25 22:00:00,29.25,107.00
2025-06-25 23:00:00,17.50,84.50
2025-06-26 00:00:00,18.25,84.00
2025-06-26 01:00:00,25.50,92.00
2025-06-26 02:00:00,26.75,83.00
2025-06-26 03:00:00,25.25,88.75
2025-06-26 04:00:00,20.25,75.25
2025-06-26 05:00:00,12.00,69.00
2025-06-26 06:00:00,NA,87.75
2025-06-26 07:00:00,NA,94.75
2025-06-26 08:00:00,NA,88.50
2025-06-26 09:00:00,23.00,140.50
2025-06-26 10:00:00,22.25,225.75
2025-06-26 11:00:00,19.00,178.75
2025-06-26 12:00:00,16.50,145.25
2025-06-26 13:00:00,18.50,131.25
2025-06-26 14:00:00,20.00,119.25
2025-06-26 15:00:00,NA,137.50
2025-06-26 16:00:00,20.00,141.75
2025-06-26 17:00:00,27.00,143.00
2025-06-26 18:00:00,24.50,162.00
2025-06-26 19:00:00,16.25,116.00
2025-06-26 20:00:00,13.00,104.75
2025-06-26 21:00:00,11.50,103.50
2025-06-26 22:00:00,15.50,100.50
2025-06-26 23:00:00,15.50,148.00
2025-06-27 00:00:00,19.00,206.25
2025-06-27 01:00:00,16.00,130.75
2025-06-27 02:00:00,16.50,53.25
2025-06-27 03:00:00,19.00,52.00
2025-06-27 04:00:00,20.25,65.25
2025-06-27 05:00:00,16.50,68.25
2025-06-27 06:00:00,21.50,66.75
2025-06-27 07:00:00,22.75,76.00
2025-06-27 08:00:00,21.00,102.75
2025-06-27 09:00:00,19.75,147.25
2025-06-27 10:00:00,24.25,216.50
2025-06-27 11:00:00,20.00,162.00
2025-06-27 12:00:00,16.25,111.50
2025-06-27 13:00:00,23.50,112.25
2025-06-27 14:00:00,22.50,113.50
2025-06-27 15:00:00,15.50,133.75
2025-06-27 16:00:00,20.75,169.50
2025-06-27 17:00:00,35.25,176.50
2025-06-27 18:00:00,42.00,140.25
2025-06-27 19:00:00,30.50,135.75
2025-06-27 20:00:00,21.50,110.50
2025-06-27 21:00:00,17.75,98.75
2025-06-27 22:00:00,19.00,65.50
2025-06-27 23:00:00,14.75,57.00
2025-06-28 00:00:00,10.50,49.25
2025-06-28 01:00:00,10.25,39.75
2025-06-28 02:00:00,15.75,54.75
2025-06-28 03:00:00,22.25,60.25
2025-06-28 04:00:00,24.75,82.00
2025-06-28 05:00:00,19.25,106.00
2025-06-28 06:00:00,18.50,78.75
2025-06-28 07:00:00,30.75,113.00
2025-06-28 08:00:00,25.50,135.00
2025-06-28 09:00:00,20.00,135.00
2025-06-28 10:00:00,16.25,144.25
2025-06-28 11:00:00,13.50,123.00
2025-06-28 12:00:00,13.50,137.00
2025-06-28 13:00:00,17.00,128.50
2025-06-28 14:00:00,14.50,111.75
2025-06-28 15:00:00,16.00,121.25
2025-06-28 16:00:00,18.25,148.00
2025-06-28 17:00:00,29.50,138.00
2025-06-28 18:00:00,45.00,145.75
2025-06-28 19:00:00,45.25,142.00
2025-06-28 20:00:00,26.00,108.00
2025-06-28 21:00:00,21.75,90.75
2025-06-28 22:00:00,24.75,96.75
2025-06-28 23:00:00,20.75,74.75
2025-06-29 00:00:00,26.00,58.25
2025-06-29 01:00:00,16.25,64.00
2025-06-29 02:00:00,13.25,62.75
2025-06-29 03:00:00,10.75,62.75
2025-06-29 04:00:00,9.75,48.75
2025-06-29 05:00:00,10.25,57.50
2025-06-29 06:00:00,14.00,69.25
2025-06-29 07:00:00,15.50,75.25
2025-06-29 08:00:00,19.50,92.00
2025-06-29 09:00:00,18.75,134.25
2025-06-29 10:00:00,22.00,205.25
2025-06-29 11:00:00,24.50,283.75
2025-06-29 12:00:00,23.75,220.00
2025-06-29 13:00:00,21.75,209.75
2025-06-29 14:00:00,10.75,101.25
2025-06-29 15:00:00,16.25,116.75
2025-06-29 16:00:00,16.75,127.00
2025-06-29 17:00:00,16.25,142.50
2025-06-29 18:00:00,18.50,214.50
2025-06-29 19:00:00,27.25,101.75
2025-06-29 20:00:00,38.25,103.50
2025-06-29 21:00:00,33.75,113.00
2025-06-29 22:00:00,32.50,109.50
2025-06-29 23:00:00,21.50,74.75
2025-06-30 00:00:00,18.50,56.00
2025-06-30 01:00:00,14.00,56.00
2025-06-30 02:00:00,NA,135.00
2025-06-30 03:00:00,58.00,131.50
2025-06-30 04:00:00,48.00,108.50
2025-06-30 05:00:00,17.00,70.25
2025-06-30 06:00:00,16.25,77.50
2025-06-30 07:00:00,22.25,113.00
2025-06-30 08:00:00,21.50,142.25
2025-06-30 09:00:00,25.25,195.25
2025-06-30 10:00:00,24.50,266.50
2025-06-30 11:00:00,28.25,229.00
2025-06-30 12:00:00,26.75,222.25
2025-06-30 13:00:00,26.25,156.00
2025-06-30 14:00:00,18.00,104.50
2025-06-30 15:00:00,17.50,123.75
2025-06-30 16:00:00,15.75,124.00
2025-06-30 17:00:00,16.25,113.50
2025-06-30 18:00:00,19.50,156.50
2025-06-30 19:00:00,20.75,157.50
2025-06-30 20:00:00,28.75,135.50
2025-06-30 21:00:00,28.25,135.25
2025-06-30 22:00:00,29.50,145.25
2025-06-30 23:00:00,31.00,110.00
2025-07-01 00:00:00,30.25,94.75
2025-07-01 01:00:00,26.50,67.75
2025-07-01 02:00:00,20.75,63.75
2025-07-01 03:00:00,15.50,66.00
2025-07-01 04:00:00,10.50,47.75
2025-07-01 05:00:00,10.25,50.25
2025-07-01 06:00:00,15.75,71.25
2025-07-01 07:00:00,18.25,104.25
2025-07-01 08:00:00,13.00,116.25
2025-07-01 09:00:00,23.00,171.50
2025-07-01 10:00:00,27.25,198.75
2025-07-01 11:00:00,33.25,157.00
2025-07-01 12:00:00,35.75,127.00
2025-07-01 13:00:00,21.25,124.50
2025-07-01 14:00:00,16.25,90.50
2025-07-01 15:00:00,18.50,101.50
2025-07-01 16:00:00,22.25,128.25
2025-07-01 17:00:00,20.75,135.50
2025-07-01 18:00:00,24.00,175.50
2025-07-01 19:00:00,26.75,181.50
2025-07-01 20:00:00,26.25,166.50
2025-07-01 21:00:00,25.50,129.75
2025-07-01 22:00:00,20.25,104.25
2025-07-01 23:00:00,19.75,78.75
2025-07-02 00:00:00,26.00,93.00
2025-07-02 01:00:00,28.00,101.00
2025-07-02 02:00:00,26.75,126.00
2025-07-02 03:00:00,32.25,173.25
2025-07-02 04:00:00,27.50,65.25
2025-07-02 05:00:00,12.50,71.00
2025-07-02 06:00:00,16.75,73.00
2025-07-02 07:00:00,17.00,94.75
2025-07-02 08:00:00,18.50,119.25
2025-07-02 09:00:00,19.00,162.75
2025-07-02 10:00:00,33.75,262.25
2025-07-02 11:00:00,31.25,245.75
2025-07-02 12:00:00,24.75,131.00
2025-07-02 13:00:00,18.25,127.00
2025-07-02 14:00:00,11.75,115.75
2025-07-02 15:00:00,16.75,134.00
2025-07-02 16:00:00,20.50,179.50
2025-07-02 17:00:00,34.50,171.75
2025-07-02 18:00:00,34.00,166.25
2025-07-02 19:00:00,25.50,141.50
2025-07-02 20:00:00,19.25,108.75
2025-07-02 21:00:00,20.00,85.25
2025-07-02 22:00:00,12.00,27.00
2025-07-02 23:00:00,15.00,30.75
2025-07-03 00:00:00,14.75,35.75
2025-07-03 01:00:00,15.75,41.75
2025-07-03 02:00:00,19.25,35.75
2025-07-03 03:00:00,14.50,40.25
2025-07-03 04:00:00,15.50,46.00
2025-07-03 05:00:00,14.00,42.50
2025-07-03 06:00:00,17.00,44.25
2025-07-03 07:00:00,27.25,59.25
2025-07-03 08:00:00,29.50,75.50
2025-07-03 09:00:00,23.00,84.75
2025-07-03 10:00:00,18.50,106.25
2025-07-03 11:00:00,20.00,99.50
2025-07-03 12:00:00,12.75,95.00
2025-07-03 13:00:00,17.00,89.25
2025-07-03 14:00:00,12.75,69.75
2025-07-03 15:00:00,9.00,68.00
2025-07-03 16:00:00,10.75,81.75
2025-07-03 17:00:00,16.50,86.00
2025-07-03 18:00:00,17.75,103.25
2025-07-03 19:00:00,20.75,89.75
2025-07-03 20:00:00,29.00,101.50
2025-07-03 21:00:00,18.75,74.75
2025-07-03 22:00:00,17.00,82.50
2025-07-03 23:00:00,22.50,116.50
2025-07-04 00:00:00,21.50,105.25
2025-07-04 01:00:00,24.25,76.50
2025-07-04 02:00:00,24.75,75.00
2025-07-04 03:00:00,15.25,63.50
2025-07-04 04:00:00,15.50,53.75
2025-07-04 05:00:00,13.50,48.50
2025-07-04 06:00:00,13.25,62.00
2025-07-04 07:00:00,17.00,90.50
2025-07-04 08:00:00,18.00,95.75
2025-07-04 09:00:00,20.75,107.75
2025-07-04 10:00:00,23.50,133.25
2025-07-04 11:00:00,28.25,122.00
2025-07-04 12:00:00,11.75,123.75
2025-07-04 13:00:00,14.25,113.75
2025-07-04 14:00:00,14.00,74.25
2025-07-04 15:00:00,12.25,103.25
2025-07-04 16:00:00,16.25,133.25
2025-07-04 17:00:00,17.25,141.00
2025-07-04 18:00:00,18.00,160.25
2025-07-04 19:00:00,22.50,132.75
2025-07-04 20:00:00,33.50,138.50
2025-07-04 21:00:00,25.00,114.50
2025-07-04 22:00:00,19.50,101.00
2025-07-04 23:00:00,13.50,44.75
2025-07-05 00:00:00,17.50,41.25
2025-07-05 01:00:00,20.00,60.00
2025-07-05 02:00:00,32.50,96.00
2025-07-05 03:00:00,31.00,108.50
2025-07-05 04:00:00,20.25,62.00
2025-07-05 05:00:00,14.25,51.00
2025-07-05 06:00:00,13.25,47.00
2025-07-05 07:00:00,16.50,54.00
2025-07-05 08:00:00,14.75,58.25
2025-07-05 09:00:00,14.75,67.50
2025-07-05 10:00:00,16.50,80.75
2025-07-05 11:00:00,15.50,75.25
2025-07-05 12:00:00,15.50,86.00
2025-07-05 13:00:00,10.50,77.75
2025-07-05 14:00:00,10.25,76.50
2025-07-05 15:00:00,14.00,92.75
2025-07-05 16:00:00,18.25,101.00
2025-07-05 17:00:00,29.50,127.00
2025-07-05 18:00:00,23.25,121.00
2025-07-05 19:00:00,19.00,114.25
2025-07-05 20:00:00,23.50,126.25
2025-07-05 21:00:00,26.25,129.25
2025-07-05 22:00:00,19.25,83.25
2025-07-05 23:00:00,13.00,63.00
2025-07-06 00:00:00,11.75,73.25
2025-07-06 01:00:00,15.75,85.00
2025-07-06 02:00:00,11.25,96.50
2025-07-06 03:00:00,8.50,61.25
2025-07-06 04:00:00,7.75,65.00
2025-07-06 05:00:00,9.75,53.00
2025-07-06 06:00:00,11.00,48.75
2025-07-06 07:00:00,18.25,80.25
2025-07-06 08:00:00,24.50,132.25
2025-07-06 09:00:00,27.00,136.50
2025-07-06 10:00:00,14.25,144.50
2025-07-06 11:00:00,21.25,162.50
2025-07-06 12:00:00,19.00,203.25
2025-07-06 13:00:00,9.75,104.75
2025-07-06 14:00:00,9.00,123.00
2025-07-06 15:00:00,9.00,94.75
2025-07-06 16:00:00,9.75,78.75
2025-07-06 17:00:00,11.75,71.75
2025-07-06 18:00:00,11.75,81.75
2025-07-06 19:00:00,17.50,90.25
2025-07-06 20:00:00,24.75,95.00
2025-07-06 21:00:00,15.25,80.00
2025-07-06 22:00:00,15.50,74.75
2025-07-06 23:00:00,13.25,64.50
2025-07-07 00:00:00,11.75,74.75
2025-07-07 01:00:00,14.75,54.75
2025-07-07 02:00:00,15.50,48.75
2025-07-07 03:00:00,10.50,43.75
2025-07-07 04:00:00,9.25,50.50
2025-07-07 05:00:00,10.00,51.50
2025-07-07 06:00:00,11.75,48.25
2025-07-07 07:00:00,19.25,72.00
2025-07-07 08:00:00,23.25,84.50
2025-07-07 09:00:00,15.25,124.25
2025-07-07 10:00:00,16.00,175.25
2025-07-07 11:00:00,15.75,171.50
2025-07-07 12:00:00,16.50,228.75
2025-07-07 13:00:00,20.25,160.50
2025-07-07 14:00:00,19.00,135.00
2025-07-07 15:00:00,20.50,154.00
2025-07-07 16:00:00,17.25,152.25
2025-07-07 17:00:00,23.50,144.75
2025-07-07 18:00:00,33.00,179.00
2025-07-07 19:00:00,40.25,221.25
2025-07-07 20:00:00,41.50,211.25
2025-07-07 21:00:00,32.75,181.25
2025-07-07 22:00:00,29.50,175.50
2025-07-07 23:00:00,29.00,132.75
2025-07-08 00:00:00,22.75,125.50
2025-07-08 01:00:00,24.25,152.25
2025-07-08 02:00:00,29.50,145.75
2025-07-08 03:00:00,25.00,116.75
2025-07-08 04:00:00,24.00,132.50
2025-07-08 05:00:00,21.50,163.75
2025-07-08 06:00:00,21.75,147.25
2025-07-08 07:00:00,19.75,111.75
2025-07-08 08:00:00,24.00,154.00
2025-07-08 09:00:00,24.00,231.75
2025-07-08 10:00:00,33.00,390.75
2025-07-08 11:00:00,31.50,338.50
2025-07-08 12:00:00,28.25,276.50
2025-07-08 13:00:00,27.75,247.25
2025-07-08 14:00:00,16.75,210.50
2025-07-08 15:00:00,26.00,217.25
2025-07-08 16:00:00,39.25,280.25
2025-07-08 17:00:00,39.50,178.00
2025-07-08 18:00:00,29.50,92.50
2025-07-08 19:00:00,29.75,97.50
2025-07-08 20:00:00,24.75,112.25
2025-07-08 21:00:00,18.00,59.75
2025-07-08 22:00:00,9.75,31.25
2025-07-08 23:00:00,12.50,45.75
2025-07-09 00:00:00,12.25,44.00
2025-07-09 01:00:00,6.50,49.00
2025-07-09 02:00:00,6.50,42.00
2025-07-09 03:00:00,11.25,31.25
2025-07-09 04:00:00,11.50,36.50
2025-07-09 05:00:00,8.75,39.75
2025-07-09 06:00:00,9.25,39.50
2025-07-09 07:00:00,23.00,59.25
2025-07-09 08:00:00,25.75,85.50
2025-07-09 09:00:00,25.75,92.75
2025-07-09 10:00:00,27.50,142.75
2025-07-09 11:00:00,26.00,169.50
2025-07-09 12:00:00,26.00,124.00
2025-07-09 13:00:00,23.50,135.25
2025-07-09 14:00:00,20.00,123.50
2025-07-09 15:00:00,37.50,230.00
2025-07-09 16:00:00,48.50,347.00
2025-07-09 17:00:00,31.75,200.75
2025-07-09 18:00:00,32.75,165.00
2025-07-09 19:00:00,37.00,159.00
2025-07-09 20:00:00,33.75,197.00
2025-07-09 21:00:00,29.75,171.75
2025-07-09 22:00:00,18.50,93.50
2025-07-09 23:00:00,14.50,76.50
2025-07-10 00:00:00,17.50,60.25
2025-07-10 01:00:00,24.75,97.75
2025-07-10 02:00:00,29.00,90.00
2025-07-10 03:00:00,21.25,81.50
2025-07-10 04:00:00,35.00,130.75
2025-07-10 05:00:00,34.75,83.00
2025-07-10 06:00:00,25.25,79.25
2025-07-10 07:00:00,25.75,87.75
2025-07-10 08:00:00,22.25,100.25
2025-07-10 09:00:00,14.50,127.75
2025-07-10 10:00:00,17.75,152.25
2025-07-10 11:00:00,23.00,168.75
2025-07-10 12:00:00,24.00,159.00
2025-07-10 13:00:00,23.75,155.00
2025-07-10 14:00:00,14.00,100.00
2025-07-10 15:00:00,16.75,133.50
2025-07-10 16:00:00,22.50,126.25
2025-07-10 17:00:00,17.00,102.25
2025-07-10 18:00:00,23.00,118.00
2025-07-10 19:00:00,21.75,138.75
2025-07-10 20:00:00,20.75,120.50
2025-07-10 21:00:00,28.25,123.50
2025-07-10 22:00:00,30.25,125.25
2025-07-10 23:00:00,39.25,108.50
2025-07-11 00:00:00,26.00,85.00
2025-07-11 01:00:00,20.00,85.25
2025-07-11 02:00:00,20.50,67.00
2025-07-11 03:00:00,22.00,72.25
2025-07-11 04:00:00,23.50,107.00
2025-07-11 05:00:00,28.25,119.75
2025-07-11 06:00:00,27.50,73.50
2025-07-11 07:00:00,23.50,89.00
2025-07-11 08:00:00,23.75,93.25
2025-07-11 09:00:00,20.50,130.25
2025-07-11 10:00:00,22.75,174.25
2025-07-11 11:00:00,28.00,194.25
2025-07-11 12:00:00,36.00,258.25
2025-07-11 13:00:00,30.25,197.75
2025-07-11 14:00:00,21.75,126.50
2025-07-11 15:00:00,20.75,142.00
2025-07-11 16:00:00,19.25,138.25
2025-07-11 17:00:00,17.75,116.50
2025-07-11 18:00:00,21.50,138.00
2025-07-11 19:00:00,26.75,179.00
2025-07-11 20:00:00,29.00,292.50
2025-07-11 21:00:00,29.00,237.00
2025-07-11 22:00:00,12.00,65.00
2025-07-11 23:00:00,11.75,56.25
2025-07-12 00:00:00,10.75,29.25
2025-07-12 01:00:00,11.25,28.50
2025-07-12 02:00:00,14.00,32.50
2025-07-12 03:00:00,11.25,32.25
2025-07-12 04:00:00,13.50,37.25
2025-07-12 05:00:00,17.50,43.00
2025-07-12 06:00:00,19.00,56.25
2025-07-12 07:00:00,26.25,77.50
2025-07-12 08:00:00,19.75,74.75
2025-07-12 09:00:00,15.50,78.00
2025-07-12 10:00:00,15.50,106.75
2025-07-12 11:00:00,20.50,127.50
2025-07-12 12:00:00,22.00,124.50
2025-07-12 13:00:00,20.25,132.00
2025-07-12 14:00:00,15.00,115.50
2025-07-12 15:00:00,15.25,120.75
2025-07-12 16:00:00,16.00,116.00
2025-07-12 17:00:00,15.50,95.50
2025-07-12 18:00:00,14.50,86.25
2025-07-12 19:00:00,15.50,50.00
2025-07-12 20:00:00,14.00,39.50
2025-07-12 21:00:00,15.00,50.50
2025-07-12 22:00:00,17.25,68.75
2025-07-12 23:00:00,14.25,67.25
2025-07-13 00:00:00,13.50,71.00
2025-07-13 01:00:00,17.00,56.00
2025-07-13 02:00:00,13.00,37.25
2025-07-13 03:00:00,12.50,41.25
2025-07-13 04:00:00,20.25,63.75
2025-07-13 05:00:00,25.25,85.50
2025-07-13 06:00:00,38.25,112.00
2025-07-13 07:00:00,33.00,93.25
2025-07-13 08:00:00,15.75,81.25
2025-07-13 09:00:00,18.00,82.50
2025-07-13 10:00:00,19.00,98.50
2025-07-13 11:00:00,20.50,123.75
2025-07-13 12:00:00,15.50,142.00
2025-07-13 13:00:00,14.00,107.00
2025-07-13 14:00:00,14.50,77.25
2025-07-13 15:00:00,16.00,87.00
2025-07-13 16:00:00,16.50,92.75
2025-07-13 17:00:00,18.75,113.25
2025-07-13 18:00:00,20.25,114.50
2025-07-13 19:00:00,18.50,90.50
2025-07-13 20:00:00,20.25,90.75
2025-07-13 21:00:00,20.75,77.25
2025-07-13 22:00:00,18.75,71.50
2025-07-13 23:00:00,14.25,57.50
2025-07-14 00:00:00,12.50,44.00
2025-07-14 01:00:00,14.00,38.25
2025-07-14 02:00:00,14.75,48.25
2025-07-14 03:00:00,18.00,46.00
2025-07-14 04:00:00,18.75,38.25
2025-07-14 05:00:00,12.75,46.00
2025-07-14 06:00:00,24.75,69.50
2025-07-14 07:00:00,45.50,100.25
2025-07-14 08:00:00,19.00,96.25
2025-07-14 09:00:00,16.00,131.00
2025-07-14 10:00:00,18.50,205.00
2025-07-14 11:00:00,26.75,307.50
2025-07-14 12:00:00,28.25,272.50
2025-07-14 13:00:00,25.00,168.75
2025-07-14 14:00:00,21.75,121.50
2025-07-14 15:00:00,22.50,164.50
2025-07-14 16:00:00,24.75,131.75
2025-07-14 17:00:00,16.50,79.25
2025-07-14 18:00:00,14.75,43.00
2025-07-14 19:00:00,24.00,51.00
2025-07-14 20:00:00,25.25,56.75
2025-07-14 21:00:00,19.00,50.75
2025-07-14 22:00:00,17.00,33.00
2025-07-14 23:00:00,16.25,25.50
2025-07-15 00:00:00,5.00,22.25
2025-07-15 01:00:00,5.00,26.50
2025-07-15 02:00:00,5.50,26.50
2025-07-15 03:00:00,8.25,22.75
2025-07-15 04:00:00,13.00,25.75
2025-07-15 05:00:00,15.50,31.25
2025-07-15 06:00:00,16.75,44.25
2025-07-15 07:00:00,22.50,56.00
2025-07-15 08:00:00,16.50,63.00
2025-07-15 09:00:00,19.50,64.75
2025-07-15 10:00:00,15.00,60.25
2025-07-15 11:00:00,14.00,66.25
2025-07-15 12:00:00,11.00,88.50
2025-07-15 13:00:00,11.25,73.25
2025-07-15 14:00:00,14.25,54.50
2025-07-15 15:00:00,20.25,79.50
2025-07-15 16:00:00,21.50,123.75
2025-07-15 17:00:00,28.00,148.75
2025-07-15 18:00:00,30.00,146.00
2025-07-15 19:00:00,68.00,171.75
2025-07-15 20:00:00,48.50,142.25
2025-07-15 21:00:00,25.75,84.00
2025-07-15 22:00:00,24.50,110.50
2025-07-15 23:00:00,19.50,216.50
2025-07-16 00:00:00,8.50,72.00
2025-07-16 01:00:00,8.00,50.00
2025-07-16 02:00:00,10.50,53.25
2025-07-16 03:00:00,8.50,47.75
2025-07-16 04:00:00,9.00,57.25
2025-07-16 05:00:00,15.75,62.25
2025-07-16 06:00:00,19.75,70.50
2025-07-16 07:00:00,23.25,81.75
2025-07-16 08:00:00,17.00,76.75
2025-07-16 09:00:00,14.25,82.50
2025-07-16 10:00:00,14.75,85.75
2025-07-16 11:00:00,13.50,88.50
2025-07-16 12:00:00,10.25,82.00
2025-07-16 13:00:00,5.00,80.50
2025-07-16 14:00:00,8.00,73.25
2025-07-16 15:00:00,16.75,94.00
2025-07-16 16:00:00,15.00,99.25
2025-07-16 17:00:00,11.50,96.50
2025-07-16 18:00:00,11.50,97.00
2025-07-16 19:00:00,17.50,101.75
2025-07-16 20:00:00,33.00,110.25
2025-07-16 21:00:00,53.75,138.50
2025-07-16 22:00:00,17.00,113.00
2025-07-16 23:00:00,NA,NA
2025-07-17 00:00:00,7.00,89.00
2025-07-17 01:00:00,6.50,80.00
2025-07-17 02:00:00,5.00,57.75
2025-07-17 03:00:00,5.00,64.75
2025-07-17 04:00:00,7.25,41.00
2025-07-17 05:00:00,13.25,38.00
2025-07-17 06:00:00,10.75,47.25
2025-07-17 07:00:00,11.25,51.00
2025-07-17 08:00:00,15.50,67.25
2025-07-17 09:00:00,15.75,97.00
2025-07-17 10:00:00,11.75,123.25
2025-07-17 11:00:00,11.25,124.75
2025-07-17 12:00:00,12.00,103.75
2025-07-17 13:00:00,13.00,83.25
2025-07-17 14:00:00,16.00,78.75
2025-07-17 15:00:00,17.50,108.00
2025-07-17 16:00:00,20.25,124.00
2025-07-17 17:00:00,17.00,119.75
2025-07-17 18:00:00,22.25,108.75
2025-07-17 19:00:00,20.50,106.00
2025-07-17 20:00:00,19.50,80.00
2025-07-17 21:00:00,12.50,71.50
2025-07-17 22:00:00,14.25,62.00
2025-07-17 23:00:00,15.25,56.00
2025-07-18 00:00:00,14.75,54.25
2025-07-18 01:00:00,11.75,49.00
2025-07-18 02:00:00,13.00,43.25
2025-07-18 03:00:00,9.00,24.00
2025-07-18 04:00:00,7.50,19.25
2025-07-18 05:00:00,11.75,23.25
2025-07-18 06:00:00,10.75,25.00
2025-07-18 07:00:00,10.50,29.50
2025-07-18 08:00:00,11.25,36.00
2025-07-18 09:00:00,11.75,44.00
2025-07-18 10:00:00,20.75,47.50
2025-07-18 11:00:00,20.75,46.50
2025-07-18 12:00:00,15.75,70.50
2025-07-18 13:00:00,19.75,77.00
2025-07-18 14:00:00,16.50,60.75
2025-07-18 15:00:00,19.25,77.50
2025-07-18 16:00:00,21.00,81.25
2025-07-18 17:00:00,19.25,77.50
2025-07-18 18:00:00,32.00,100.50
2025-07-18 19:00:00,35.75,105.25
2025-07-18 20:00:00,44.25,108.50
2025-07-18 21:00:00,35.25,88.50
2025-07-18 22:00:00,32.75,89.00
2025-07-18 23:00:00,29.75,83.50
2025-07-19 00:00:00,19.50,40.75
2025-07-19 01:00:00,8.00,15.25
2025-07-19 02:00:00,6.25,12.75
2025-07-19 03:00:00,9.75,12.75
2025-07-19 04:00:00,9.00,18.25
2025-07-19 05:00:00,10.75,27.50
2025-07-19 06:00:00,16.50,27.75
2025-07-19 07:00:00,18.00,36.00
2025-07-19 08:00:00,18.50,43.25
2025-07-19 09:00:00,19.00,40.50
2025-07-19 10:00:00,15.00,47.25
2025-07-19 11:00:00,13.50,49.00
2025-07-19 12:00:00,19.25,69.00
2025-07-19 13:00:00,24.00,85.00
2025-07-19 14:00:00,22.50,58.00
2025-07-19 15:00:00,9.75,49.00
2025-07-19 16:00:00,11.75,73.00
2025-07-19 17:00:00,11.25,26.00
2025-07-19 18:00:00,12.00,26.00
2025-07-19 19:00:00,12.00,34.00
2025-07-19 20:00:00,14.25,36.25
2025-07-19 21:00:00,22.75,48.25
2025-07-19 22:00:00,26.75,60.75
2025-07-19 23:00:00,23.50,50.00
2025-07-20 00:00:00,22.75,40.75
2025-07-20 01:00:00,15.00,21.25
2025-07-20 02:00:00,12.00,18.00
2025-07-20 03:00:00,12.00,15.00
2025-07-20 04:00:00,7.00,14.00
2025-07-20 05:00:00,7.75,14.75
2025-07-20 06:00:00,12.75,19.25
2025-07-20 07:00:00,18.75,25.25
2025-07-20 08:00:00,12.75,24.50
2025-07-20 09:00:00,16.50,31.50
2025-07-20 10:00:00,19.50,39.25
2025-07-20 11:00:00,15.00,40.50
2025-07-20 12:00:00,15.50,49.50
2025-07-20 13:00:00,18.50,67.75
2025-07-20 14:00:00,20.00,51.75
2025-07-20 15:00:00,12.00,42.25
2025-07-20 16:00:00,14.25,39.75
2025-07-20 17:00:00,11.25,30.25
2025-07-20 18:00:00,10.50,36.00
2025-07-20 19:00:00,22.25,58.75
2025-07-20 20:00:00,39.75,78.50
2025-07-20 21:00:00,27.00,67.25
2025-07-20 22:00:00,24.25,57.75
2025-07-20 23:00:00,14.50,33.00
2025-07-21 00:00:00,9.75,25.75
2025-07-21 01:00:00,9.00,31.00
2025-07-21 02:00:00,8.50,30.50
2025-07-21 03:00:00,6.75,23.75
2025-07-21 04:00:00,5.75,8.25
2025-07-21 05:00:00,5.00,9.00
2025-07-21 06:00:00,NA,NA
2025-07-21 07:00:00,12.00,26.00
2025-07-21 08:00:00,14.00,31.00
2025-07-21 09:00:00,18.75,47.50
2025-07-21 10:00:00,14.00,55.00
2025-07-21 11:00:00,11.75,58.50
2025-07-21 12:00:00,13.50,45.00
2025-07-21 13:00:00,14.75,55.25
2025-07-21 14:00:00,20.00,58.50
2025-07-21 15:00:00,12.50,55.00
2025-07-21 16:00:00,15.50,52.25
2025-07-21 17:00:00,10.75,65.00
2025-07-21 18:00:00,9.25,70.00
2025-07-21 19:00:00,12.00,56.25
2025-07-21 20:00:00,25.25,53.00
2025-07-21 21:00:00,18.75,56.00
2025-07-21 22:00:00,14.75,43.00
2025-07-21 23:00:00,13.50,32.75
2025-07-22 00:00:00,17.00,55.50
2025-07-22 01:00:00,25.75,87.25
2025-07-22 02:00:00,6.50,20.75
2025-07-22 03:00:00,5.00,9.75
2025-07-22 04:00:00,5.50,15.50
2025-07-22 05:00:00,10.50,20.00
2025-07-22 06:00:00,20.25,31.25
2025-07-22 07:00:00,17.25,40.50
2025-07-22 08:00:00,14.00,51.00
2025-07-22 09:00:00,10.75,75.75
2025-07-22 10:00:00,14.25,118.50
2025-07-22 11:00:00,26.50,109.50
2025-07-22 12:00:00,28.00,122.25
2025-07-22 13:00:00,31.75,105.00
2025-07-22 14:00:00,24.25,112.50
2025-07-22 15:00:00,47.75,252.75
2025-07-22 16:00:00,44.25,210.75
2025-07-22 17:00:00,43.75,234.00
2025-07-22 18:00:00,34.50,193.75
2025-07-22 19:00:00,18.50,106.25
2025-07-22 20:00:00,17.75,42.50
2025-07-22 21:00:00,11.00,38.75
2025-07-22 22:00:00,10.75,41.25
2025-07-22 23:00:00,9.75,46.25
2025-07-23 00:00:00,8.00,56.75
2025-07-23 01:00:00,5.00,49.75
2025-07-23 02:00:00,5.50,45.50
2025-07-23 03:00:00,7.00,34.00
2025-07-23 04:00:00,11.50,38.75
2025-07-23 05:00:00,24.25,58.50
2025-07-23 06:00:00,21.00,46.00
2025-07-23 07:00:00,17.50,47.75
2025-07-23 08:00:00,16.25,69.75
2025-07-23 09:00:00,17.75,95.50
2025-07-23 10:00:00,31.50,220.50
2025-07-23 11:00:00,59.50,307.00
2025-07-23 12:00:00,39.75,238.50
2025-07-23 13:00:00,33.00,191.75
2025-07-23 14:00:00,15.75,61.50
2025-07-23 15:00:00,18.75,95.75
2025-07-23 16:00:00,21.25,74.75
2025-07-23 17:00:00,21.00,88.75
2025-07-23 18:00:00,16.50,68.25
2025-07-23 19:00:00,13.50,57.50
2025-07-23 20:00:00,18.50,41.75
2025-07-23 21:00:00,18.00,36.75
2025-07-23 22:00:00,12.00,15.00
2025-07-23 23:00:00,NA,16.25
2025-07-24 00:00:00,NA,21.25
2025-07-24 01:00:00,NA,18.25
2025-07-24 02:00:00,NA,21.75
2025-07-24 03:00:00,NA,17.50
2025-07-24 04:00:00,NA,35.75
2025-07-24 05:00:00,NA,42.50
2025-07-24 06:00:00,NA,46.25
2025-07-24 07:00:00,NA,52.75
2025-07-24 08:00:00,NA,76.75
2025-07-24 09:00:00,NA,92.25
2025-07-24 10:00:00,NA,164.75
2025-07-24 11:00:00,NA,187.50
2025-07-24 12:00:00,21.00,204.00
2025-07-24 13:00:00,6.00,161.25
2025-07-24 14:00:00,10.00,45.75
2025-07-24 15:00:00,27.00,117.00
2025-07-24 16:00:00,39.25,214.25
2025-07-24 17:00:00,30.00,182.50
2025-07-24 18:00:00,26.75,97.50
2025-07-24 19:00:00,26.50,78.50
2025-07-24 20:00:00,26.25,69.50
2025-07-24 21:00:00,20.25,60.25
2025-07-24 22:00:00,16.50,45.25
2025-07-24 23:00:00,11.25,43.25
2025-07-25 00:00:00,9.50,45.25
2025-07-25 01:00:00,12.00,58.50
2025-07-25 02:00:00,14.00,83.50
2025-07-25 03:00:00,10.00,67.50
2025-07-25 04:00:00,7.75,51.00
2025-07-25 05:00:00,10.00,47.50
2025-07-25 06:00:00,13.75,44.75
2025-07-25 07:00:00,23.75,67.50
2025-07-25 08:00:00,20.75,68.75
2025-07-25 09:00:00,29.75,139.75
2025-07-25 10:00:00,48.50,328.75
2025-07-25 11:00:00,40.75,298.50
2025-07-25 12:00:00,31.00,201.00
2025-07-25 13:00:00,39.75,60.00
2025-07-25 14:00:00,27.67,104.00
2025-07-25 15:00:00,44.00,226.50
2025-07-25 16:00:00,30.33,173.00
2025-07-25 17:00:00,18.33,100.25
2025-07-25 18:00:00,24.33,105.50
2025-07-25 19:00:00,26.67,100.75
2025-07-25 20:00:00,28.00,94.25
2025-07-25 21:00:00,17.33,80.75
2025-07-25 22:00:00,18.33,89.50
2025-07-25 23:00:00,14.00,76.00
2025-07-26 00:00:00,16.33,63.00
2025-07-26 01:00:00,21.00,72.50
2025-07-26 02:00:00,10.25,58.50
2025-07-26 03:00:00,13.00,60.25
2025-07-26 04:00:00,11.00,52.00
2025-07-26 05:00:00,13.25,72.75
2025-07-26 06:00:00,14.75,58.75
2025-07-26 07:00:00,24.50,69.00
2025-07-26 08:00:00,18.75,62.25
2025-07-26 09:00:00,14.75,85.25
2025-07-26 10:00:00,15.50,106.50
2025-07-26 11:00:00,18.00,100.75
2025-07-26 12:00:00,11.75,88.75
2025-07-26 13:00:00,11.00,85.25
2025-07-26 14:00:00,12.00,74.50
2025-07-26 15:00:00,15.00,102.75
2025-07-26 16:00:00,17.00,128.50
2025-07-26 17:00:00,21.25,121.75
2025-07-26 18:00:00,18.50,112.75
2025-07-26 19:00:00,27.75,128.00
2025-07-26 20:00:00,26.50,99.00
2025-07-26 21:00:00,7.50,52.50
2025-07-26 22:00:00,8.50,39.75
2025-07-26 23:00:00,7.00,41.25
2025-07-27 00:00:00,7.75,39.50
2025-07-27 01:00:00,11.25,40.00
2025-07-27 02:00:00,14.25,39.75
2025-07-27 03:00:00,11.25,47.00
2025-07-27 04:00:00,8.00,42.25
2025-07-27 05:00:00,5.00,39.50
2025-07-27 06:00:00,5.25,49.75
2025-07-27 07:00:00,11.00,60.00
2025-07-27 08:00:00,22.50,63.00
2025-07-27 09:00:00,11.75,59.25
2025-07-27 10:00:00,12.00,83.25
2025-07-27 11:00:00,15.00,108.00
2025-07-27 12:00:00,17.00,111.00
2025-07-27 13:00:00,15.50,104.50
2025-07-27 14:00:00,9.75,81.50
2025-07-27 15:00:00,6.25,80.00
2025-07-27 16:00:00,7.00,99.75
2025-07-27 17:00:00,9.25,75.50
2025-07-27 18:00:00,17.25,74.75
2025-07-27 19:00:00,23.00,101.50
2025-07-27 20:00:00,30.75,117.75
2025-07-27 21:00:00,48.00,120.25
2025-07-27 22:00:00,72.50,142.50
2025-07-27 23:00:00,33.50,94.00
2025-07-28 00:00:00,18.50,76.50
2025-07-28 01:00:00,14.50,67.25
2025-07-28 02:00:00,16.50,60.75
2025-07-28 03:00:00,20.00,76.75
2025-07-28 04:00:00,23.00,119.25
2025-07-28 05:00:00,13.00,64.50
2025-07-28 06:00:00,13.00,55.75
2025-07-28 07:00:00,19.50,72.50
2025-07-28 08:00:00,12.75,89.50
2025-07-28 09:00:00,14.25,120.25
2025-07-28 10:00:00,11.25,118.50
2025-07-28 11:00:00,8.00,93.50
2025-07-28 12:00:00,7.25,98.50
2025-07-28 13:00:00,13.00,98.50
2025-07-28 14:00:00,10.50,66.75
2025-07-28 15:00:00,12.00,77.50
2025-07-28 16:00:00,12.50,113.50
2025-07-28 17:00:00,14.25,121.25
2025-07-28 18:00:00,18.50,153.50
2025-07-28 19:00:00,32.50,210.25
2025-07-28 20:00:00,39.00,164.00
2025-07-28 21:00:00,24.25,113.25
2025-07-28 22:00:00,17.25,86.75
2025-07-28 23:00:00,23.00,84.00
2025-07-29 00:00:00,32.25,82.00
2025-07-29 01:00:00,38.25,105.50
2025-07-29 02:00:00,27.00,149.00
2025-07-29 03:00:00,25.25,151.75
2025-07-29 04:00:00,18.00,85.00
2025-07-29 05:00:00,11.75,94.00
2025-07-29 06:00:00,12.25,65.75
2025-07-29 07:00:00,16.25,68.25
2025-07-29 08:00:00,17.75,90.50
2025-07-29 09:00:00,20.75,146.00
2025-07-29 10:00:00,28.50,272.50
2025-07-29 11:00:00,45.00,247.00
2025-07-29 12:00:00,21.50,172.75
2025-07-29 13:00:00,18.75,190.00
2025-07-29 14:00:00,8.75,179.25
2025-07-29 15:00:00,16.25,161.75
2025-07-29 16:00:00,14.75,119.75
2025-07-29 17:00:00,17.00,107.75
2025-07-29 18:00:00,19.25,143.00
2025-07-29 19:00:00,28.00,215.25
2025-07-29 20:00:00,34.00,206.50
2025-07-29 21:00:00,32.75,168.00
2025-07-29 22:00:00,23.25,118.75
2025-07-29 23:00:00,9.50,85.00
2025-07-30 00:00:00,20.25,142.25
2025-07-30 01:00:00,19.25,96.25
2025-07-30 02:00:00,14.75,105.50
2025-07-30 03:00:00,16.50,129.25
2025-07-30 04:00:00,17.50,69.00
2025-07-30 05:00:00,23.25,64.50
2025-07-30 06:00:00,22.50,72.25
2025-07-30 07:00:00,32.25,104.00
2025-07-30 08:00:00,18.75,94.50
2025-07-30 09:00:00,13.00,126.50
2025-07-30 10:00:00,16.50,179.00
2025-07-30 11:00:00,19.25,188.00
2025-07-30 12:00:00,21.75,161.00
2025-07-30 13:00:00,18.00,161.00
2025-07-30 14:00:00,NA,NA
2025-07-30 15:00:00,NA,NA
2025-07-30 16:00:00,22.42,154.63
2025-07-30 17:00:00,17.18,146.27
2025-07-30 18:00:00,12.76,203.21
2025-07-30 19:00:00,29.23,179.59
2025-07-30 20:00:00,39.52,145.29
2025-07-30 21:00:00,24.66,95.77
2025-07-30 22:00:00,14.30,54.72
2025-07-30 23:00:00,11.40,36.87
2025-07-31 00:00:00,9.00,38.48
2025-07-31 01:00:00,11.52,30.77
2025-07-31 02:00:00,8.70,38.11
2025-07-31 03:00:00,10.02,63.30
2025-07-31 04:00:00,26.10,147.82
2025-07-31 05:00:00,25.16,117.86
2025-07-31 06:00:00,8.84,61.04
2025-07-31 07:00:00,11.09,79.02
2025-07-31 08:00:00,15.88,114.51
2025-07-31 09:00:00,20.75,109.84
2025-07-31 10:00:00,10.70,127.42
2025-07-31 11:00:00,11.93,137.55
2025-07-31 12:00:00,14.57,121.19
2025-07-31 13:00:00,15.27,136.50
2025-07-31 14:00:00,NA,NA
2025-07-31 15:00:00,NA,NA
2025-07-31 16:00:00,NA,NA
2025-07-31 17:00:00,NA,NA
2025-07-31 18:00:00,NA,NA
2025-07-31 19:00:00,NA,NA
2025-07-31 20:00:00,NA,NA
2025-07-31 21:00:00,NA,NA
2025-07-31 22:00:00,NA,NA
2025-07-31 23:00:00,NA,NA
2025-08-01 00:00:00,NA,NA
2025-08-01 01:00:00,NA,NA
2025-08-01 02:00:00,NA,NA
2025-08-01 03:00:00,NA,NA
2025-08-01 04:00:00,NA,NA
2025-08-01 05:00:00,NA,NA
2025-08-01 06:00:00,NA,NA
2025-08-01 07:00:00,NA,NA
2025-08-01 08:00:00,NA,NA
2025-08-01 09:00:00,NA,NA
2025-08-01 10:00:00,NA,NA
2025-08-01 11:00:00,NA,NA
2025-08-01 12:00:00,NA,NA
2025-08-01 13:00:00,NA,NA
2025-08-01 14:00:00,910.09,916.82
2025-08-01 15:00:00,21.67,166.24
2025-08-01 16:00:00,27.98,161.43
2025-08-01 17:00:00,25.72,174.76
2025-08-01 18:00:00,37.67,199.49
2025-08-01 19:00:00,38.13,163.28
2025-08-01 20:00:00,36.60,155.10
2025-08-01 21:00:00,28.20,117.22
2025-08-01 22:00:00,20.18,106.44
2025-08-01 23:00:00,11.91,68.62
2025-08-02 00:00:00,19.26,63.38
2025-08-02 01:00:00,14.87,50.98
2025-08-02 02:00:00,23.34,54.82
2025-08-02 03:00:00,18.32,35.13
2025-08-02 04:00:00,15.46,30.96
2025-08-02 05:00:00,14.50,33.06
2025-08-02 06:00:00,1.11,18.52
2025-08-02 07:00:00,6.80,31.46
2025-08-02 08:00:00,9.75,46.84
2025-08-02 09:00:00,16.57,83.25
2025-08-02 10:00:00,12.63,97.73
2025-08-02 11:00:00,17.59,100.96
2025-08-02 12:00:00,17.40,124.44
2025-08-02 13:00:00,16.62,95.01
2025-08-02 14:00:00,16.53,112.56
2025-08-02 15:00:00,24.53,143.73
2025-08-02 16:00:00,32.86,147.78
2025-08-02 17:00:00,30.34,128.85
2025-08-02 18:00:00,33.82,124.70
2025-08-02 19:00:00,30.10,970.12
2025-08-02 20:00:00,14.49,356.08
2025-08-02 21:00:00,97.78,107.94
2025-08-02 22:00:00,19.34,61.15
2025-08-02 23:00:00,19.67,967.22
2025-08-03 00:00:00,24.02,70.21
2025-08-03 01:00:00,12.82,51.70
2025-08-03 02:00:00,17.30,45.73
2025-08-03 03:00:00,10.87,154.48
2025-08-03 04:00:00,15.46,63.61
2025-08-03 05:00:00,14.75,46.00
2025-08-03 06:00:00,22.14,51.40
2025-08-03 07:00:00,13.73,65.46
2025-08-03 08:00:00,17.52,63.73
2025-08-03 09:00:00,13.57,53.75
2025-08-03 10:00:00,17.74,53.49
2025-08-03 11:00:00,23.37,79.59
2025-08-03 12:00:00,31.16,117.61
2025-08-03 13:00:00,25.99,965.91
2025-08-03 14:00:00,18.72,NA
2025-08-03 15:00:00,17.36,73.38
2025-08-03 16:00:00,15.65,71.02
2025-08-03 17:00:00,15.41,53.02
2025-08-03 18:00:00,12.00,44.82
2025-08-03 19:00:00,23.01,36.80
2025-08-03 20:00:00,8.89,45.52
2025-08-03 21:00:00,12.56,67.46
2025-08-03 22:00:00,12.67,54.28
2025-08-03 23:00:00,10.78,31.96
2025-08-04 00:00:00,23.94,38.55
2025-08-04 01:00:00,4.98,28.75
2025-08-04 02:00:00,12.78,63.93
2025-08-04 03:00:00,19.20,96.98
2025-08-04 04:00:00,7.82,40.12
2025-08-04 05:00:00,7.87,44.43
2025-08-04 06:00:00,9.68,41.09
2025-08-04 07:00:00,11.60,44.66
2025-08-04 08:00:00,10.82,59.51
2025-08-04 09:00:00,16.77,50.70
2025-08-04 10:00:00,22.17,86.86
2025-08-04 11:00:00,18.48,76.37
2025-08-04 12:00:00,13.77,76.10
2025-08-04 13:00:00,24.28,137.72
2025-08-04 14:00:00,11.66,86.91
2025-08-04 15:00:00,16.62,77.14
2025-08-04 16:00:00,16.45,70.63
2025-08-04 17:00:00,17.69,75.27
2025-08-04 18:00:00,26.05,76.41
2025-08-04 19:00:00,21.24,79.16
2025-08-04 20:00:00,20.68,967.27
2025-08-04 21:00:00,25.97,74.17
2025-08-04 22:00:00,16.70,65.44
2025-08-04 23:00:00,22.28,55.90
2025-08-05 00:00:00,25.81,40.25
2025-08-05 01:00:00,1.08,9.84
2025-08-05 02:00:00,9.83,15.45
2025-08-05 03:00:00,14.48,29.38
2025-08-05 04:00:00,12.65,33.16
2025-08-05 05:00:00,7.76,27.06
2025-08-05 06:00:00,9.78,26.51
2025-08-05 07:00:00,10.68,36.64
2025-08-05 08:00:00,14.66,28.42
2025-08-05 09:00:00,14.55,35.26
2025-08-05 10:00:00,18.54,74.01
2025-08-05 11:00:00,15.29,51.22
2025-08-05 12:00:00,9.97,55.11
2025-08-05 13:00:00,26.41,84.04
2025-08-05 14:00:00,28.37,96.06
2025-08-05 15:00:00,56.58,114.94
2025-08-05 16:00:00,47.07,103.31
2025-08-05 17:00:00,21.39,74.38
2025-08-05 18:00:00,11.65,71.46
2025-08-05 19:00:00,15.56,77.98
2025-08-05 20:00:00,8.68,70.61
2025-08-05 21:00:00,6.88,966.74
2025-08-05 22:00:00,10.60,70.21
2025-08-05 23:00:00,7.73,38.64
2025-08-06 00:00:00,6.82,42.10
2025-08-06 01:00:00,4.90,46.81
2025-08-06 02:00:00,5.88,38.06
2025-08-06 03:00:00,12.64,67.81
2025-08-06 04:00:00,1.13,16.35
2025-08-06 05:00:00,NA,21.55
2025-08-06 06:00:00,NA,66.33
2025-08-06 07:00:00,NA,39.24
2025-08-06 08:00:00,NA,52.96
2025-08-06 09:00:00,NA,69.59
2025-08-06 10:00:00,NA,85.32
2025-08-06 11:00:00,NA,67.55
2025-08-06 12:00:00,NA,73.65
2025-08-06 13:00:00,44.48,97.20
2025-08-06 14:00:00,NA,NA
2025-08-06 15:00:00,62.21,65.47
2025-08-06 16:00:00,13.57,54.81
2025-08-06 17:00:00,16.54,58.22
2025-08-06 18:00:00,9.88,50.39
2025-08-06 19:00:00,8.80,58.68
2025-08-06 20:00:00,8.67,59.61
2025-08-06 21:00:00,6.84,988.64
2025-08-06 22:00:00,6.79,955.53
2025-08-06 23:00:00,8.67,NA
2025-08-07 00:00:00,5.79,37.00
2025-08-07 01:00:00,4.86,23.42
2025-08-07 02:00:00,3.13,20.99
2025-08-07 03:00:00,11.73,81.73
2025-08-07 04:00:00,23.42,132.04
2025-08-07 05:00:00,20.28,90.12
2025-08-07 06:00:00,20.42,107.58
2025-08-07 07:00:00,14.44,62.70
2025-08-07 08:00:00,10.86,56.82
2025-08-07 09:00:00,20.26,68.06
2025-08-07 10:00:00,NA,108.84
2025-08-07 11:00:00,NA,944.52
2025-08-07 12:00:00,NA,116.60
2025-08-07 13:00:00,NA,106.60
2025-08-07 14:00:00,NA,101.44
2025-08-07 15:00:00,NA,100.38
2025-08-07 16:00:00,NA,112.61
2025-08-07 17:00:00,NA,84.97
2025-08-07 18:00:00,NA,101.94
2025-08-07 19:00:00,NA,126.20
2025-08-07 20:00:00,NA,106.96
2025-08-07 21:00:00,NA,96.43
2025-08-07 22:00:00,NA,97.72
2025-08-07 23:00:00,NA,80.40
2025-08-08 00:00:00,NA,62.72
2025-08-08 01:00:00,NA,58.68
2025-08-08 02:00:00,NA,40.42
2025-08-08 03:00:00,NA,156.87
2025-08-08 04:00:00,NA,57.90
2025-08-08 05:00:00,NA,63.51
2025-08-08 06:00:00,NA,45.14
2025-08-08 07:00:00,NA,21.04
2025-08-08 08:00:00,NA,51.34
2025-08-08 09:00:00,NA,83.05
2025-08-08 10:00:00,NA,100.03
2025-08-08 11:00:00,NA,102.88
2025-08-08 12:00:00,83.33,122.29
2025-08-08 13:00:00,NA,NA
2025-08-08 14:00:00,32.25,113.24
2025-08-08 15:00:00,32.30,102.86
2025-08-08 16:00:00,32.75,112.97
2025-08-08 17:00:00,22.35,100.60
2025-08-08 18:00:00,11.63,94.63
2025-08-08 19:00:00,13.72,84.91
2025-08-08 20:00:00,16.44,74.42
2025-08-08 21:00:00,16.70,72.28
2025-08-08 22:00:00,23.25,68.71
2025-08-08 23:00:00,27.04,73.41
2025-08-09 00:00:00,27.36,94.48
2025-08-09 01:00:00,26.52,63.97
2025-08-09 02:00:00,37.60,100.33
2025-08-09 03:00:00,28.31,81.98
2025-08-09 04:00:00,24.92,71.45
2025-08-09 05:00:00,6.85,63.28
2025-08-09 06:00:00,7.76,42.51
2025-08-09 07:00:00,9.83,40.31
2025-08-09 08:00:00,14.41,59.97
2025-08-09 09:00:00,6.84,62.90
2025-08-09 10:00:00,6.86,91.82
2025-08-09 11:00:00,14.68,90.04
2025-08-09 12:00:00,16.44,99.72
2025-08-09 13:00:00,16.59,111.20
2025-08-09 14:00:00,14.54,92.68
2025-08-09 15:00:00,17.53,82.17
2025-08-09 16:00:00,12.55,87.96
2025-08-09 17:00:00,10.83,87.28
2025-08-09 18:00:00,17.37,112.06
2025-08-09 19:00:00,14.70,104.35
2025-08-09 20:00:00,18.37,84.78
2025-08-09 21:00:00,18.70,59.76
2025-08-09 22:00:00,30.03,71.50
2025-08-09 23:00:00,34.77,66.65
2025-08-10 00:00:00,35.23,72.26
2025-08-10 01:00:00,35.98,56.04
2025-08-10 02:00:00,20.24,83.95
2025-08-10 03:00:00,14.75,71.06
2025-08-10 04:00:00,22.07,127.56
2025-08-10 05:00:00,7.99,41.54
2025-08-10 06:00:00,22.15,81.78
2025-08-10 07:00:00,14.65,48.26
2025-08-10 08:00:00,13.60,79.10
2025-08-10 09:00:00,19.32,64.52
2025-08-10 10:00:00,0.05,65.46
2025-08-10 11:00:00,1.03,41.20
2025-08-10 12:00:00,5.92,54.14
2025-08-10 13:00:00,15.60,54.78
2025-08-10 14:00:00,12.52,59.06
2025-08-10 15:00:00,8.85,66.36
2025-08-10 16:00:00,13.57,68.69
2025-08-10 17:00:00,16.48,966.39
2025-08-10 18:00:00,4.78,40.13
2025-08-10 19:00:00,NA,NA
2025-08-10 20:00:00,NA,NA
2025-08-10 21:00:00,3.88,7.92
2025-08-10 22:00:00,0.98,16.39
2025-08-10 23:00:00,1.93,12.56
2025-08-11 00:00:00,6.84,29.18
2025-08-11 01:00:00,5.84,12.67
2025-08-11 02:00:00,3.91,9.64
2025-08-11 03:00:00,NA,NA
2025-08-11 04:00:00,2.97,19.38
2025-08-11 05:00:00,8.78,23.42
2025-08-11 06:00:00,7.72,20.35
2025-08-11 07:00:00,6.88,24.32
2025-08-11 08:00:00,10.61,14.63
2025-08-11 09:00:00,8.75,25.50
2025-08-11 10:00:00,4.88,33.44
2025-08-11 11:00:00,8.78,81.82
2025-08-11 12:00:00,7.70,58.04
2025-08-11 13:00:00,4.96,60.34
2025-08-11 14:00:00,11.62,39.42
2025-08-11 15:00:00,12.74,102.33
2025-08-11 16:00:00,15.50,77.42
2025-08-11 17:00:00,18.48,84.35
2025-08-11 18:00:00,10.61,108.58
2025-08-11 19:00:00,8.81,51.19
2025-08-11 20:00:00,9.69,17.78
2025-08-11 21:00:00,11.76,32.84
2025-08-11 22:00:00,14.45,38.08
2025-08-11 23:00:00,9.66,32.84
2025-08-12 00:00:00,6.84,24.54
2025-08-12 01:00:00,5.86,28.98
2025-08-12 02:00:00,5.79,47.72
2025-08-12 03:00:00,4.94,30.91
2025-08-12 04:00:00,9.66,36.14
2025-08-12 05:00:00,8.90,33.36
2025-08-12 06:00:00,17.38,44.40
2025-08-12 07:00:00,15.68,37.67
2025-08-12 08:00:00,19.24,39.58
2025-08-12 09:00:00,14.59,32.23
2025-08-12 10:00:00,9.63,39.78
2025-08-12 11:00:00,7.85,51.47
2025-08-12 12:00:00,10.61,55.19
2025-08-12 13:00:00,8.85,62.38
2025-08-12 14:00:00,13.55,47.47
2025-08-12 15:00:00,14.66,55.06
2025-08-12 16:00:00,14.48,114.16
2025-08-12 17:00:00,12.78,92.73
2025-08-12 18:00:00,19.24,82.12
2025-08-12 19:00:00,10.89,80.17
2025-08-12 20:00:00,22.30,93.83
2025-08-12 21:00:00,27.32,89.83
2025-08-12 22:00:00,23.19,83.03
2025-08-12 23:00:00,22.22,75.34
2025-08-13 00:00:00,20.52,62.51
2025-08-13 01:00:00,18.52,48.32
2025-08-13 02:00:00,14.46,37.30
2025-08-13 03:00:00,20.30,46.82
2025-08-13 04:00:00,19.19,38.93
2025-08-13 05:00:00,6.80,23.19
2025-08-13 06:00:00,2.97,15.76
2025-08-13 07:00:00,8.83,25.12
2025-08-13 08:00:00,10.64,27.34
2025-08-13 09:00:00,10.78,24.16
2025-08-13 10:00:00,12.51,31.23
2025-08-13 11:00:00,7.80,26.09
2025-08-13 12:00:00,5.78,31.24
2025-08-13 13:00:00,3.89,27.06
2025-08-13 14:00:00,1.53,19.71
2025-08-13 15:00:00,NA,NA
2025-08-13 16:00:00,13.76,55.98
2025-08-13 17:00:00,20.58,78.27
2025-08-13 18:00:00,23.12,90.80
2025-08-13 19:00:00,16.71,78.27
2025-08-13 20:00:00,23.18,70.42
2025-08-13 21:00:00,21.65,71.51
2025-08-13 22:00:00,31.93,94.39
2025-08-13 23:00:00,33.82,55.08
2025-08-14 00:00:00,20.49,24.54
2025-08-14 01:00:00,14.71,28.99
2025-08-14 02:00:00,17.26,NA
2025-08-14 03:00:00,4.93,NA
2025-08-14 04:00:00,NA,NA
2025-08-14 05:00:00,11.80,18.36
2025-08-14 06:00:00,16.53,31.30
2025-08-14 07:00:00,24.52,31.89
2025-08-14 08:00:00,29.04,54.88
2025-08-14 09:00:00,32.17,64.74
2025-08-14 10:00:00,23.07,62.43
2025-08-14 11:00:00,11.74,49.28
2025-08-14 12:00:00,11.62,63.71
2025-08-14 13:00:00,12.66,76.34
2025-08-14 14:00:00,7.81,42.27
2025-08-14 15:00:00,14.66,60.88
2025-08-14 16:00:00,13.54,59.62
2025-08-14 17:00:00,13.72,57.02
2025-08-14 18:00:00,15.58,86.27
2025-08-14 19:00:00,25.48,104.37
2025-08-14 20:00:00,28.77,83.44
2025-08-14 21:00:00,8.90,28.02
2025-08-14 22:00:00,16.49,64.72
2025-08-14 23:00:00,21.26,79.24
2025-08-15 00:00:00,33.54,209.98
2025-08-15 01:00:00,53.74,477.38
2025-08-15 02:00:00,48.33,227.01
2025-08-15 03:00:00,47.60,156.55
2025-08-15 04:00:00,20.40,69.33
2025-08-15 05:00:00,29.28,60.88
2025-08-15 06:00:00,23.20,51.90
2025-08-15 07:00:00,23.46,57.98
2025-08-15 08:00:00,22.12,57.69
2025-08-15 09:00:00,12.72,57.02
2025-08-15 10:00:00,12.63,56.58
2025-08-15 11:00:00,17.49,44.45
2025-08-15 12:00:00,7.77,55.65
2025-08-15 13:00:00,10.75,48.32
2025-08-15 14:00:00,9.61,53.80
2025-08-15 15:00:00,4.99,55.08
2025-08-15 16:00:00,12.55,55.73
2025-08-15 17:00:00,10.78,55.08
2025-08-15 18:00:00,12.59,79.18
2025-08-15 19:00:00,14.75,76.34
2025-08-15 20:00:00,20.26,76.94
2025-08-15 21:00:00,16.68,50.25
2025-08-15 22:00:00,20.37,54.35
2025-08-15 23:00:00,26.09,101.47
2025-08-16 00:00:00,35.30,271.96
2025-08-16 01:00:00,38.87,170.08
2025-08-16 02:00:00,17.38,50.70
2025-08-16 03:00:00,15.60,37.69
2025-08-16 04:00:00,11.57,39.03
2025-08-16 05:00:00,8.83,31.89
2025-08-16 06:00:00,10.67,35.37
2025-08-16 07:00:00,13.77,49.28
2025-08-16 08:00:00,19.35,63.38
2025-08-16 09:00:00,20.29,48.32
2025-08-16 10:00:00,14.60,46.86
2025-08-16 11:00:00,8.70,40.59
2025-08-16 12:00:00,7.90,58.00
2025-08-16 13:00:00,25.70,92.56
2025-08-16 14:00:00,910.73,912.09
2025-08-16 15:00:00,17.36,64.64
2025-08-16 16:00:00,15.77,75.38
2025-08-16 17:00:00,26.22,49.18
2025-08-16 18:00:00,36.12,73.41
2025-08-16 19:00:00,32.85,69.34
2025-08-16 20:00:00,31.02,61.82
2025-08-16 21:00:00,9.64,22.39
2025-08-16 22:00:00,6.85,13.52
2025-08-16 23:00:00,7.74,35.72
2025-08-17 00:00:00,15.68,44.95
2025-08-17 01:00:00,17.48,26.67
2025-08-17 02:00:00,24.33,49.26
2025-08-17 03:00:00,15.42,36.10
2025-08-17 04:00:00,11.75,28.98
2025-08-17 05:00:00,13.55,37.06
2025-08-17 06:00:00,14.77,28.98
2025-08-17 07:00:00,24.18,45.07
2025-08-17 08:00:00,25.50,52.16
2025-08-17 09:00:00,32.71,65.18
2025-08-17 10:00:00,19.44,36.70
2025-08-17 11:00:00,10.64,39.04
2025-08-17 12:00:00,10.71,32.85
2025-08-17 13:00:00,7.76,32.20
2025-08-17 14:00:00,9.80,26.09
2025-08-17 15:00:00,11.62,27.34
2025-08-17 16:00:00,12.72,24.16
2025-08-17 17:00:00,13.56,35.19
2025-08-17 18:00:00,15.55,33.82
2025-08-17 19:00:00,8.68,31.05
2025-08-17 20:00:00,6.80,10.63
2025-08-17 21:00:00,3.91,7.81
2025-08-17 22:00:00,NA,NA
2025-08-17 23:00:00,4.80,9.74
2025-08-18 00:00:00,5.86,6.36
2025-08-18 01:00:00,8.77,13.67
2025-08-18 02:00:00,6.83,12.56
2025-08-18 03:00:00,5.81,12.70
2025-08-18 04:00:00,6.80,11.45
2025-08-18 05:00:00,2.91,9.75
2025-08-18 06:00:00,3.98,7.64
2025-08-18 07:00:00,9.70,14.74
2025-08-18 08:00:00,12.70,20.05
2025-08-18 09:00:00,12.55,39.12
2025-08-18 10:00:00,10.70,39.60
2025-08-18 11:00:00,6.76,31.55
2025-08-18 12:00:00,5.90,53.12
2025-08-18 13:00:00,8.66,24.42
2025-08-18 14:00:00,4.88,22.22
2025-08-18 15:00:00,3.86,38.16
2025-08-18 16:00:00,3.00,40.57
2025-08-18 17:00:00,8.68,56.63
2025-08-18 18:00:00,16.78,76.34
2025-08-18 19:00:00,29.01,143.26
2025-08-18 20:00:00,29.19,101.47
2025-08-18 21:00:00,16.27,48.88
2025-08-18 22:00:00,2.02,47.35
2025-08-18 23:00:00,6.88,45.42
2025-08-19 00:00:00,16.37,62.28
2025-08-19 01:00:00,10.82,37.11
2025-08-19 02:00:00,16.57,34.79
2025-08-19 03:00:00,11.58,41.91
2025-08-19 04:00:00,9.82,29.96
2025-08-19 05:00:00,12.56,31.32
2025-08-19 06:00:00,11.76,33.82
2025-08-19 07:00:00,14.48,36.19
2025-08-19 08:00:00,12.74,36.72
2025-08-19 09:00:00,14.52,55.92
2025-08-19 10:00:00,15.56,71.51
2025-08-19 11:00:00,7.90,67.44
2025-08-19 12:00:00,22.28,64.74
2025-08-19 13:00:00,3.90,40.07
2025-08-19 14:00:00,6.86,37.69
2025-08-19 15:00:00,7.77,44.93
2025-08-19 16:00:00,10.76,40.59
2025-08-19 17:00:00,10.69,81.94
2025-08-19 18:00:00,15.86,64.74
2025-08-19 19:00:00,31.76,138.17
2025-08-19 20:00:00,19.54,80.21
2025-08-19 21:00:00,17.34,79.06
2025-08-19 22:00:00,11.81,66.68
2025-08-19 23:00:00,17.36,62.82
2025-08-20 00:00:00,13.62,52.30
2025-08-20 01:00:00,20.51,90.80
2025-08-20 02:00:00,19.54,83.10
2025-08-20 03:00:00,17.42,82.04
2025-08-20 04:00:00,18.64,73.44
2025-08-20 05:00:00,22.10,81.78
2025-08-20 06:00:00,10.93,51.22
2025-08-20 07:00:00,24.17,88.93
2025-08-20 08:00:00,24.41,84.07
2025-08-20 09:00:00,20.21,97.95
2025-08-20 10:00:00,12.74,111.13
2025-08-20 11:00:00,14.45,66.61
2025-08-20 12:00:00,9.81,76.34
2025-08-20 13:00:00,11.56,48.96
2025-08-20 14:00:00,7.79,54.11
2025-08-20 15:00:00,4.96,46.17
2025-08-20 16:00:00,15.64,63.78
2025-08-20 17:00:00,14.49,65.73
2025-08-20 18:00:00,13.86,83.10
2025-08-20 19:00:00,27.13,120.07
2025-08-20 20:00:00,32.42,102.43
2025-08-20 21:00:00,43.32,387.52
2025-08-20 22:00:00,27.18,81.18
2025-08-20 23:00:00,9.69,56.05
2025-08-21 00:00:00,11.59,31.18
2025-08-21 01:00:00,10.77,20.66
2025-08-21 02:00:00,12.69,31.89
2025-08-21 03:00:00,10.67,31.26
2025-08-21 04:00:00,13.66,28.99
2025-08-21 05:00:00,10.61,50.67
2025-08-21 06:00:00,8.84,35.76
2025-08-21 07:00:00,11.68,48.10
2025-08-21 08:00:00,18.59,63.78
2025-08-21 09:00:00,18.37,84.20
2025-08-21 10:00:00,18.59,92.77
2025-08-21 11:00:00,18.29,83.14
2025-08-21 12:00:00,11.70,85.04
2025-08-21 13:00:00,8.86,77.36
2025-08-21 14:00:00,22.46,86.05
2025-08-21 15:00:00,19.33,101.76
2025-08-21 16:00:00,18.60,105.00
2025-08-21 17:00:00,21.25,104.44
2025-08-21 18:00:00,19.56,87.90
2025-08-21 19:00:00,20.32,92.80
2025-08-21 20:00:00,21.49,84.04
2025-08-21 21:00:00,20.23,967.15
2025-08-21 22:00:00,13.64,63.75
2025-08-21 23:00:00,9.64,63.78
2025-08-22 00:00:00,6.96,44.95
2025-08-22 01:00:00,15.44,16.71
2025-08-22 02:00:00,12.74,24.15
2025-08-22 03:00:00,15.42,25.46
2025-08-22 04:00:00,10.83,28.01
2025-08-22 05:00:00,17.42,49.74
2025-08-22 06:00:00,19.43,38.64
2025-08-22 07:00:00,NA,NA
2025-08-22 08:00:00,NA,NA
2025-08-22 09:00:00,17.39,20.52
2025-08-22 10:00:00,21.49,39.62
2025-08-22 11:00:00,19.47,65.47
2025-08-22 12:00:00,11.72,36.45
2025-08-22 13:00:00,21.60,58.95
2025-08-22 14:00:00,27.00,65.39
2025-08-22 15:00:00,21.64,54.11
2025-08-22 16:00:00,30.74,74.41
2025-08-22 17:00:00,13.78,53.75
2025-08-22 18:00:00,20.37,65.72
2025-08-22 19:00:00,26.27,85.02
2025-08-22 20:00:00,14.47,28.02
2025-08-22 21:00:00,11.73,30.29
2025-08-22 22:00:00,10.62,16.80
2025-08-22 23:00:00,9.66,31.89
2025-08-23 00:00:00,19.62,45.78
2025-08-23 01:00:00,22.51,261.88
2025-08-23 02:00:00,NA,NA
2025-08-23 03:00:00,33.96,40.59
2025-08-23 04:00:00,10.04,10.52
2025-08-23 05:00:00,NA,NA
2025-08-23 06:00:00,1.02,16.50
2025-08-23 07:00:00,NA,NA
2025-08-23 08:00:00,6.74,8.80
2025-08-23 09:00:00,4.87,8.70
2025-08-23 10:00:00,2.96,7.96
2025-08-23 11:00:00,7.96,19.33
2025-08-23 12:00:00,18.35,27.41
2025-08-23 13:00:00,16.51,29.96
2025-08-23 14:00:00,6.78,28.47
2025-08-23 15:00:00,7.84,37.67
2025-08-23 16:00:00,9.72,29.41
2025-08-23 17:00:00,13.65,35.74
2025-08-23 18:00:00,10.72,56.56
2025-08-23 19:00:00,17.62,43.46
2025-08-23 20:00:00,20.36,60.69
2025-08-23 21:00:00,25.41,65.68
2025-08-23 22:00:00,25.44,69.24
2025-08-23 23:00:00,25.32,55.70
2025-08-24 00:00:00,17.20,40.41
2025-08-24 01:00:00,17.74,27.75
2025-08-24 02:00:00,30.44,59.89
2025-08-24 03:00:00,42.76,75.54
2025-08-24 04:00:00,61.56,95.62
2025-08-24 05:00:00,59.96,99.63
2025-08-24 06:00:00,61.27,89.83
2025-08-24 07:00:00,35.68,63.62
2025-08-24 08:00:00,28.19,67.78
2025-08-24 09:00:00,15.63,33.63
2025-08-24 10:00:00,13.73,44.50
2025-08-24 11:00:00,17.52,44.43
2025-08-24 12:00:00,11.59,39.06
2025-08-24 13:00:00,10.72,34.77
2025-08-24 14:00:00,7.69,44.88
2025-08-24 15:00:00,4.04,35.74
2025-08-24 16:00:00,15.45,68.27
2025-08-24 17:00:00,13.69,53.12
2025-08-24 18:00:00,14.77,57.50
2025-08-24 19:00:00,22.56,68.34
2025-08-24 20:00:00,29.33,77.27
2025-08-24 21:00:00,29.55,85.84
2025-08-24 22:00:00,24.38,65.68
2025-08-24 23:00:00,19.32,50.25
2025-08-25 00:00:00,17.38,53.55
2025-08-25 01:00:00,15.73,34.28
2025-08-25 02:00:00,23.48,40.59
2025-08-25 03:00:00,25.05,45.89
2025-08-25 04:00:00,17.60,39.62
2025-08-25 05:00:00,18.48,37.30
2025-08-25 06:00:00,28.39,49.28
2025-08-25 07:00:00,31.96,58.86
2025-08-25 08:00:00,36.87,74.41
2025-08-25 09:00:00,15.56,59.36
2025-08-25 10:00:00,23.37,281.21
2025-08-25 11:00:00,16.46,74.13
2025-08-25 12:00:00,18.46,57.98
2025-08-25 13:00:00,9.76,64.29
2025-08-25 14:00:00,7.84,52.40
2025-08-25 15:00:00,9.93,49.28
2025-08-25 16:00:00,21.35,117.86
2025-08-25 17:00:00,28.28,78.27
2025-08-25 18:00:00,20.54,101.08
2025-08-25 19:00:00,41.14,131.42
2025-08-25 20:00:00,44.40,141.45
2025-08-25 21:00:00,38.07,112.10
2025-08-25 22:00:00,30.84,95.60
2025-08-25 23:00:00,22.23,76.38
2025-08-26 00:00:00,29.26,69.32
2025-08-26 01:00:00,22.57,57.05
2025-08-26 02:00:00,29.01,72.21
2025-08-26 03:00:00,29.25,58.92
2025-08-26 04:00:00,23.44,46.49
2025-08-26 05:00:00,20.32,41.17
2025-08-26 06:00:00,20.76,53.41
2025-08-26 07:00:00,38.18,85.01
2025-08-26 08:00:00,41.94,78.27
2025-08-26 09:00:00,31.77,104.36
2025-08-26 10:00:00,20.57,81.18
2025-08-26 11:00:00,22.27,56.93
2025-08-26 12:00:00,25.38,74.45
2025-08-26 13:00:00,21.28,85.83
2025-08-26 14:00:00,22.38,66.72
2025-08-26 15:00:00,12.67,74.33
2025-08-26 16:00:00,21.40,75.42
2025-08-26 17:00:00,11.88,62.32
2025-08-26 18:00:00,23.54,101.86
2025-08-26 19:00:00,31.22,102.43
2025-08-26 20:00:00,24.16,90.84
2025-08-26 21:00:00,23.40,82.14
2025-08-26 22:00:00,17.39,56.66
2025-08-26 23:00:00,16.43,51.22
2025-08-27 00:00:00,16.58,27.46
2025-08-27 01:00:00,12.66,32.85
2025-08-27 02:00:00,7.88,29.63
2025-08-27 03:00:00,20.62,54.14
2025-08-27 04:00:00,27.72,73.22
2025-08-27 05:00:00,30.68,73.48
2025-08-27 06:00:00,61.47,100.12
2025-08-27 07:00:00,27.20,49.31
2025-08-27 08:00:00,11.65,41.18
2025-08-27 09:00:00,15.55,50.28
2025-08-27 10:00:00,7.90,38.58
2025-08-27 11:00:00,13.70,97.69
2025-08-27 12:00:00,15.60,80.21
2025-08-27 13:00:00,11.59,80.79
2025-08-27 14:00:00,10.74,49.31
2025-08-27 15:00:00,9.64,26.65
2025-08-27 16:00:00,6.94,47.38
2025-08-27 17:00:00,14.50,159.90
2025-08-27 18:00:00,14.82,119.90
2025-08-27 19:00:00,27.63,104.85
2025-08-27 20:00:00,46.58,91.84
2025-08-27 21:00:00,18.47,81.18
2025-08-27 22:00:00,8.76,46.61
2025-08-27 23:00:00,13.53,19.34
2025-08-28 00:00:00,11.74,29.48
2025-08-28 01:00:00,12.64,40.59
2025-08-28 02:00:00,6.81,20.50
2025-08-28 03:00:00,10.78,17.39
2025-08-28 04:00:00,12.64,36.21
2025-08-28 05:00:00,18.59,38.68
2025-08-28 06:00:00,19.27,44.98
2025-08-28 07:00:00,13.66,44.48
2025-08-28 08:00:00,11.48,48.94
2025-08-28 09:00:00,12.66,87.90
2025-08-28 10:00:00,8.67,56.60
2025-08-28 11:00:00,5.94,46.36
2025-08-28 12:00:00,12.69,54.40
2025-08-28 13:00:00,10.70,63.25
2025-08-28 14:00:00,6.86,59.92
2025-08-28 15:00:00,7.77,53.22
2025-08-28 16:00:00,8.00,54.00
2025-08-28 17:00:00,909.91,958.64
2025-08-28 18:00:00,17.68,86.97
2025-08-28 19:00:00,24.54,96.94
2025-08-28 20:00:00,31.14,93.87
2025-08-28 21:00:00,18.52,74.27
2025-08-28 22:00:00,12.54,54.12
2025-08-28 23:00:00,9.66,720.22
2025-08-29 00:00:00,10.87,59.04
2025-08-29 01:00:00,20.58,65.47
2025-08-29 02:00:00,23.06,80.21
2025-08-29 03:00:00,10.92,51.79
2025-08-29 04:00:00,23.06,57.02
2025-08-29 05:00:00,10.93,29.32
2025-08-29 06:00:00,24.15,38.66
2025-08-29 07:00:00,22.37,38.11
2025-08-29 08:00:00,11.64,42.58
2025-08-29 09:00:00,13.62,53.75
2025-08-29 10:00:00,7.72,55.16
2025-08-29 11:00:00,5.92,51.79
2025-08-29 12:00:00,9.71,69.68
2025-08-29 13:00:00,12.67,59.61
2025-08-29 14:00:00,8.66,44.52
2025-08-29 15:00:00,5.24,64.50
2025-08-29 16:00:00,33.01,118.07
2025-08-29 17:00:00,42.06,120.20
2025-08-29 18:00:00,41.29,120.01
2025-08-29 19:00:00,13.65,977.27
2025-08-29 20:00:00,10.63,111.30
2025-08-29 21:00:00,9.81,96.75
2025-08-29 22:00:00,11.63,82.14
2025-08-29 23:00:00,13.53,58.63
2025-08-30 00:00:00,10.71,33.85
2025-08-30 01:00:00,5.88,24.43
2025-08-30 02:00:00,6.86,24.16
2025-08-30 03:00:00,14.70,37.67
2025-08-30 04:00:00,16.47,43.00
2025-08-30 05:00:00,19.57,50.58
2025-08-30 06:00:00,19.39,59.36
2025-08-30 07:00:00,22.44,60.38
2025-08-30 08:00:00,17.40,62.11
2025-08-30 09:00:00,17.52,85.76
2025-08-30 10:00:00,10.66,59.24
2025-08-30 11:00:00,12.68,73.29
2025-08-30 12:00:00,9.80,62.85
2025-08-30 13:00:00,21.38,83.06
2025-08-30 14:00:00,9.64,62.85
2025-08-30 15:00:00,7.97,74.27
2025-08-30 16:00:00,19.42,87.94
2025-08-30 17:00:00,26.36,115.38
2025-08-30 18:00:00,22.46,94.40
2025-08-30 19:00:00,42.14,138.27
2025-08-30 20:00:00,49.08,127.84
2025-08-30 21:00:00,29.28,105.39
2025-08-30 22:00:00,23.99,138.48
2025-08-30 23:00:00,24.60,120.94
2025-08-31 00:00:00,952.67,952.71
2025-08-31 01:00:00,5.88,6.77
2025-08-31 02:00:00,NA,NA
2025-08-31 03:00:00,5.88,8.70
2025-08-31 04:00:00,6.79,8.94
2025-08-31 05:00:00,8.84,20.30
2025-08-31 06:00:00,12.44,15.74
2025-08-31 07:00:00,13.80,23.20
2025-08-31 08:00:00,23.20,36.27
2025-08-31 09:00:00,23.49,43.51
2025-08-31 10:00:00,25.07,37.35
2025-08-31 11:00:00,19.54,53.18
2025-08-31 12:00:00,18.29,63.24
2025-08-31 13:00:00,11.85,35.78
2025-08-31 14:00:00,21.20,37.17
2025-08-31 15:00:00,15.61,37.71
2025-08-31 16:00:00,12.64,53.74
2025-08-31 17:00:00,18.58,50.28
2025-08-31 18:00:00,18.45,44.08
2025-08-31 19:00:00,25.34,50.28
2025-08-31 20:00:00,18.48,117.78
2025-08-31 21:00:00,27.80,71.55
2025-08-31 22:00:00,62.47,112.80
2025-08-31 23:00:00,30.92,58.98
2025-09-01 00:00:00,20.52,36.13
2025-09-01 01:00:00,19.44,29.97
2025-09-01 02:00:00,9.74,11.86
2025-09-01 03:00:00,15.54,22.24
2025-09-01 04:00:00,6.74,7.84
2025-09-01 05:00:00,3.99,9.67
2025-09-01 06:00:00,10.64,18.66
2025-09-01 07:00:00,10.84,24.17
2025-09-01 08:00:00,18.37,38.14
2025-09-01 09:00:00,18.59,38.68
2025-09-01 10:00:00,19.24,54.76
2025-09-01 11:00:00,10.78,54.14
2025-09-01 12:00:00,12.60,51.90
2025-09-01 13:00:00,15.56,58.01
2025-09-01 14:00:00,8.74,43.49
2025-09-01 15:00:00,11.72,50.84
2025-09-01 16:00:00,10.69,48.97
2025-09-01 17:00:00,15.68,55.11
2025-09-01 18:00:00,18.44,163.73
2025-09-01 19:00:00,24.66,117.00
2025-09-01 20:00:00,42.51,159.74
2025-09-01 21:00:00,39.85,106.36
2025-09-01 22:00:00,19.48,80.20
2025-09-01 23:00:00,30.92,81.22
