Timestamp,PM2.5 (µg/m³),PM10 (µg/m³)
2025-04-01 00:00:00,26.29,86.94
2025-04-01 01:00:00,22.97,77.29
2025-04-01 02:00:00,24.02,69.81
2025-04-01 03:00:00,30.62,60.93
2025-04-01 04:00:00,29.00,65.01
2025-04-01 05:00:00,30.84,74.04
2025-04-01 06:00:00,28.68,71.94
2025-04-01 07:00:00,25.54,72.66
2025-04-01 08:00:00,31.31,82.16
2025-04-01 09:00:00,29.94,93.09
2025-04-01 10:00:00,34.18,NA
2025-04-01 11:00:00,44.99,NA
2025-04-01 12:00:00,44.94,NA
2025-04-01 13:00:00,41.81,98.12
2025-04-01 14:00:00,41.55,85.12
2025-04-01 15:00:00,43.88,86.03
2025-04-01 16:00:00,46.40,80.18
2025-04-01 17:00:00,42.84,79.86
2025-04-01 18:00:00,45.66,78.89
2025-04-01 19:00:00,44.05,83.36
2025-04-01 20:00:00,38.68,75.21
2025-04-01 21:00:00,38.34,73.88
2025-04-01 22:00:00,34.22,74.65
2025-04-01 23:00:00,29.98,71.51
2025-04-02 00:00:00,28.17,71.40
2025-04-02 01:00:00,26.38,66.04
2025-04-02 02:00:00,28.58,56.93
2025-04-02 03:00:00,25.37,51.66
2025-04-02 04:00:00,22.18,58.86
2025-04-02 05:00:00,18.98,58.01
2025-04-02 06:00:00,18.53,52.11
2025-04-02 07:00:00,24.36,64.33
2025-04-02 08:00:00,23.49,75.50
2025-04-02 09:00:00,21.65,83.76
2025-04-02 10:00:00,27.02,85.51
2025-04-02 11:00:00,30.27,77.36
2025-04-02 12:00:00,31.33,78.04
2025-04-02 13:00:00,39.66,79.36
2025-04-02 14:00:00,48.26,72.78
2025-04-02 15:00:00,43.03,61.28
2025-04-02 16:00:00,34.64,54.52
2025-04-02 17:00:00,30.55,46.95
2025-04-02 18:00:00,29.68,50.94
2025-04-02 19:00:00,28.82,50.76
2025-04-02 20:00:00,25.71,57.75
2025-04-02 21:00:00,25.34,51.32
2025-04-02 22:00:00,22.78,47.92
2025-04-02 23:00:00,21.88,52.53
2025-04-03 00:00:00,21.73,58.04
2025-04-03 01:00:00,16.98,52.42
2025-04-03 02:00:00,12.14,43.58
2025-04-03 03:00:00,14.35,41.74
2025-04-03 04:00:00,18.14,42.35
2025-04-03 05:00:00,15.94,38.88
2025-04-03 06:00:00,11.97,42.13
2025-04-03 07:00:00,19.25,40.39
2025-04-03 08:00:00,21.38,36.67
2025-04-03 09:00:00,20.91,36.89
2025-04-03 10:00:00,18.83,42.39
2025-04-03 11:00:00,15.19,49.01
2025-04-03 12:00:00,23.08,47.86
2025-04-03 13:00:00,24.48,56.91
2025-04-03 14:00:00,18.60,54.48
2025-04-03 15:00:00,21.82,51.98
2025-04-03 16:00:00,21.25,43.62
2025-04-03 17:00:00,23.94,43.79
2025-04-03 18:00:00,25.12,42.94
2025-04-03 19:00:00,22.07,53.43
2025-04-03 20:00:00,25.11,47.56
2025-04-03 21:00:00,24.04,52.34
2025-04-03 22:00:00,19.72,54.88
2025-04-03 23:00:00,17.02,60.48
2025-04-04 00:00:00,13.98,60.84
2025-04-04 01:00:00,13.72,51.80
2025-04-04 02:00:00,15.85,43.91
2025-04-04 03:00:00,18.76,38.03
2025-04-04 04:00:00,17.57,45.20
2025-04-04 05:00:00,15.80,47.81
2025-04-04 06:00:00,21.48,50.26
2025-04-04 07:00:00,23.28,48.26
2025-04-04 08:00:00,19.60,52.03
2025-04-04 09:00:00,16.12,54.16
2025-04-04 10:00:00,21.67,52.45
2025-04-04 11:00:00,22.21,59.29
2025-04-04 12:00:00,19.56,73.66
2025-04-04 13:00:00,21.72,69.73
2025-04-04 14:00:00,28.36,61.17
2025-04-04 15:00:00,32.00,50.96
2025-04-04 16:00:00,26.52,56.45
2025-04-04 17:00:00,26.90,53.90
2025-04-04 18:00:00,25.12,44.68
2025-04-04 19:00:00,26.31,47.11
2025-04-04 20:00:00,27.18,40.03
2025-04-04 21:00:00,26.31,39.25
2025-04-04 22:00:00,25.00,37.99
2025-04-04 23:00:00,21.31,38.63
2025-04-05 00:00:00,15.63,36.54
2025-04-05 01:00:00,12.03,41.42
2025-04-05 02:00:00,13.31,36.12
2025-04-05 03:00:00,19.15,32.33
2025-04-05 04:00:00,18.68,30.10
2025-04-05 05:00:00,21.92,32.42
2025-04-05 06:00:00,22.10,33.40
2025-04-05 07:00:00,16.40,45.38
2025-04-05 08:00:00,16.12,47.24
2025-04-05 09:00:00,16.25,55.05
2025-04-05 10:00:00,21.27,55.87
2025-04-05 11:00:00,20.76,59.79
2025-04-05 12:00:00,15.88,64.74
2025-04-05 13:00:00,12.83,57.44
2025-04-05 14:00:00,18.57,48.83
2025-04-05 15:00:00,21.18,48.16
2025-04-05 16:00:00,21.90,41.11
2025-04-05 17:00:00,24.65,40.21
2025-04-05 18:00:00,31.58,38.84
2025-04-05 19:00:00,37.68,39.66
2025-04-05 20:00:00,NA,NA
2025-04-05 21:00:00,NA,NA
2025-04-05 22:00:00,36.17,42.54
2025-04-05 23:00:00,29.73,46.10
2025-04-06 00:00:00,20.63,44.52
2025-04-06 01:00:00,15.55,38.59
2025-04-06 02:00:00,15.60,34.12
2025-04-06 03:00:00,20.75,31.95
2025-04-06 04:00:00,24.77,43.70
2025-04-06 05:00:00,22.15,38.68
2025-04-06 06:00:00,17.31,42.61
2025-04-06 07:00:00,20.37,46.78
2025-04-06 08:00:00,19.46,52.76
2025-04-06 09:00:00,18.45,54.09
2025-04-06 10:00:00,18.17,50.66
2025-04-06 11:00:00,15.08,54.44
2025-04-06 12:00:00,11.92,54.94
2025-04-06 13:00:00,14.30,56.52
2025-04-06 14:00:00,18.44,47.42
2025-04-06 15:00:00,19.74,41.36
2025-04-06 16:00:00,17.10,36.04
2025-04-06 17:00:00,19.24,35.53
2025-04-06 18:00:00,20.93,38.76
2025-04-06 19:00:00,21.34,34.08
2025-04-06 20:00:00,20.04,30.46
2025-04-06 21:00:00,19.67,34.76
2025-04-06 22:00:00,17.88,31.89
2025-04-06 23:00:00,14.65,31.64
2025-04-07 00:00:00,13.05,30.88
2025-04-07 01:00:00,14.30,33.63
2025-04-07 02:00:00,16.30,30.41
2025-04-07 03:00:00,14.37,28.45
2025-04-07 04:00:00,11.60,27.17
2025-04-07 05:00:00,12.19,31.84
2025-04-07 06:00:00,17.79,30.04
2025-04-07 07:00:00,18.04,36.20
2025-04-07 08:00:00,13.37,42.45
2025-04-07 09:00:00,13.68,52.98
2025-04-07 10:00:00,15.75,50.76
2025-04-07 11:00:00,14.45,55.51
2025-04-07 12:00:00,11.56,61.14
2025-04-07 13:00:00,9.07,58.94
2025-04-07 14:00:00,19.43,52.74
2025-04-07 15:00:00,28.48,44.55
2025-04-07 16:00:00,25.50,38.14
2025-04-07 17:00:00,27.80,34.78
2025-04-07 18:00:00,27.86,34.07
2025-04-07 19:00:00,28.44,31.99
2025-04-07 20:00:00,26.03,28.99
2025-04-07 21:00:00,29.14,32.41
2025-04-07 22:00:00,26.46,35.52
2025-04-07 23:00:00,20.33,32.99
2025-04-08 00:00:00,15.70,29.77
2025-04-08 01:00:00,13.36,27.94
2025-04-08 02:00:00,17.13,28.56
2025-04-08 03:00:00,21.02,27.06
2025-04-08 04:00:00,21.20,25.68
2025-04-08 05:00:00,17.96,25.06
2025-04-08 06:00:00,13.28,24.94
2025-04-08 07:00:00,17.98,26.74
2025-04-08 08:00:00,19.34,45.00
2025-04-08 09:00:00,17.32,51.64
2025-04-08 10:00:00,21.01,43.93
2025-04-08 11:00:00,21.46,47.54
2025-04-08 12:00:00,19.29,45.89
2025-04-08 13:00:00,15.70,47.18
2025-04-08 14:00:00,17.08,46.88
2025-04-08 15:00:00,22.08,40.62
2025-04-08 16:00:00,27.64,36.23
2025-04-08 17:00:00,25.64,32.02
2025-04-08 18:00:00,26.00,29.01
2025-04-08 19:00:00,NA,NA
2025-04-08 20:00:00,26.70,31.59
2025-04-08 21:00:00,21.29,32.26
2025-04-08 22:00:00,16.62,34.01
2025-04-08 23:00:00,13.68,38.23
2025-04-09 00:00:00,13.51,38.69
2025-04-09 01:00:00,12.22,40.82
2025-04-09 02:00:00,22.95,36.80
2025-04-09 03:00:00,30.87,35.67
2025-04-09 04:00:00,29.48,35.46
2025-04-09 05:00:00,27.23,37.26
2025-04-09 06:00:00,22.93,35.95
2025-04-09 07:00:00,24.13,48.53
2025-04-09 08:00:00,23.08,54.94
2025-04-09 09:00:00,17.98,66.63
2025-04-09 10:00:00,18.99,63.17
2025-04-09 11:00:00,18.44,60.34
2025-04-09 12:00:00,14.76,54.71
2025-04-09 13:00:00,11.84,50.69
2025-04-09 14:00:00,12.84,48.69
2025-04-09 15:00:00,18.63,41.51
2025-04-09 16:00:00,22.44,36.99
2025-04-09 17:00:00,22.37,38.78
2025-04-09 18:00:00,26.89,38.84
2025-04-09 19:00:00,NA,NA
2025-04-09 20:00:00,31.64,36.50
2025-04-09 21:00:00,31.86,32.56
2025-04-09 22:00:00,26.85,31.36
2025-04-09 23:00:00,27.96,28.98
2025-04-10 00:00:00,25.59,31.35
2025-04-10 01:00:00,20.66,34.23
2025-04-10 02:00:00,25.26,31.06
2025-04-10 03:00:00,23.44,28.77
2025-04-10 04:00:00,19.08,27.52
2025-04-10 05:00:00,15.82,34.69
2025-04-10 06:00:00,15.28,40.03
2025-04-10 07:00:00,16.30,41.72
2025-04-10 08:00:00,15.21,51.61
2025-04-10 09:00:00,13.15,65.18
2025-04-10 10:00:00,18.36,64.47
2025-04-10 11:00:00,22.18,74.20
2025-04-10 12:00:00,18.28,76.60
2025-04-10 13:00:00,14.04,84.46
2025-04-10 14:00:00,12.26,78.56
2025-04-10 15:00:00,29.17,74.62
2025-04-10 16:00:00,39.00,70.56
2025-04-10 17:00:00,45.56,76.98
2025-04-10 18:00:00,51.30,76.65
2025-04-10 19:00:00,47.76,77.96
2025-04-10 20:00:00,49.33,81.98
2025-04-10 21:00:00,48.95,84.43
2025-04-10 22:00:00,42.98,87.97
2025-04-10 23:00:00,39.11,85.66
2025-04-11 00:00:00,35.53,76.32
2025-04-11 01:00:00,32.88,69.22
2025-04-11 02:00:00,30.53,66.76
2025-04-11 03:00:00,29.04,72.73
2025-04-11 04:00:00,27.86,68.95
2025-04-11 05:00:00,33.31,62.58
2025-04-11 06:00:00,39.15,68.95
2025-04-11 07:00:00,33.70,64.44
2025-04-11 08:00:00,28.42,61.82
2025-04-11 09:00:00,23.77,70.03
2025-04-11 10:00:00,24.90,70.29
2025-04-11 11:00:00,29.15,68.57
2025-04-11 12:00:00,25.92,74.95
2025-04-11 13:00:00,20.10,81.78
2025-04-11 14:00:00,19.50,81.60
2025-04-11 15:00:00,31.26,86.39
2025-04-11 16:00:00,47.06,81.85
2025-04-11 17:00:00,51.89,93.28
2025-04-11 18:00:00,51.90,82.34
2025-04-11 19:00:00,46.02,81.01
2025-04-11 20:00:00,41.58,80.79
2025-04-11 21:00:00,38.97,76.14
2025-04-11 22:00:00,32.62,68.78
2025-04-11 23:00:00,26.13,70.58
2025-04-12 00:00:00,19.24,81.66
2025-04-12 01:00:00,22.69,75.26
2025-04-12 02:00:00,28.16,71.07
2025-04-12 03:00:00,30.99,67.32
2025-04-12 04:00:00,36.49,68.14
2025-04-12 05:00:00,39.81,67.53
2025-04-12 06:00:00,34.62,70.62
2025-04-12 07:00:00,27.67,63.09
2025-04-12 08:00:00,28.19,66.18
2025-04-12 09:00:00,29.20,60.74
2025-04-12 10:00:00,31.71,72.65
2025-04-12 11:00:00,37.61,78.07
2025-04-12 12:00:00,37.90,82.33
2025-04-12 13:00:00,37.89,87.62
2025-04-12 14:00:00,45.61,85.98
2025-04-12 15:00:00,49.27,87.20
2025-04-12 16:00:00,47.26,79.74
2025-04-12 17:00:00,48.74,72.08
2025-04-12 18:00:00,44.04,81.42
2025-04-12 19:00:00,33.93,81.60
2025-04-12 20:00:00,24.97,87.52
2025-04-12 21:00:00,36.26,84.42
2025-04-12 22:00:00,38.12,85.47
2025-04-12 23:00:00,31.27,86.38
2025-04-13 00:00:00,35.05,79.40
2025-04-13 01:00:00,34.89,76.59
2025-04-13 02:00:00,32.05,64.33
2025-04-13 03:00:00,26.83,60.64
2025-04-13 04:00:00,23.21,60.00
2025-04-13 05:00:00,24.48,60.88
2025-04-13 06:00:00,27.68,66.30
2025-04-13 07:00:00,29.03,65.37
2025-04-13 08:00:00,28.82,73.00
2025-04-13 09:00:00,28.06,73.04
2025-04-13 10:00:00,29.77,76.61
2025-04-13 11:00:00,36.60,86.96
2025-04-13 12:00:00,34.14,88.54
2025-04-13 13:00:00,31.37,83.93
2025-04-13 14:00:00,32.85,71.73
2025-04-13 15:00:00,33.78,69.46
2025-04-13 16:00:00,29.19,65.82
2025-04-13 17:00:00,22.31,57.55
2025-04-13 18:00:00,17.58,55.05
2025-04-13 19:00:00,17.70,54.43
2025-04-13 20:00:00,23.06,52.95
2025-04-13 21:00:00,28.07,55.59
2025-04-13 22:00:00,29.03,48.12
2025-04-13 23:00:00,29.46,49.59
2025-04-14 00:00:00,25.74,58.81
2025-04-14 01:00:00,18.74,57.12
2025-04-14 02:00:00,13.52,48.35
2025-04-14 03:00:00,23.38,40.74
2025-04-14 04:00:00,25.85,46.96
2025-04-14 05:00:00,20.52,44.36
2025-04-14 06:00:00,21.96,42.24
2025-04-14 07:00:00,20.39,43.84
2025-04-14 08:00:00,18.75,55.76
2025-04-14 09:00:00,16.08,55.82
2025-04-14 10:00:00,17.44,56.43
2025-04-14 11:00:00,18.80,53.58
2025-04-14 12:00:00,15.14,56.78
2025-04-14 13:00:00,11.30,56.88
2025-04-14 14:00:00,8.87,49.52
2025-04-14 15:00:00,13.48,50.04
2025-04-14 16:00:00,17.36,44.74
2025-04-14 17:00:00,15.07,43.12
2025-04-14 18:00:00,17.23,45.47
2025-04-14 19:00:00,16.64,44.66
2025-04-14 20:00:00,22.74,41.96
2025-04-14 21:00:00,27.57,46.68
2025-04-14 22:00:00,22.55,51.84
2025-04-14 23:00:00,19.65,44.66
2025-04-15 00:00:00,16.85,53.16
2025-04-15 01:00:00,13.02,52.88
2025-04-15 02:00:00,16.81,44.77
2025-04-15 03:00:00,20.52,40.73
2025-04-15 04:00:00,28.37,45.59
2025-04-15 05:00:00,28.58,44.72
2025-04-15 06:00:00,27.95,38.92
2025-04-15 07:00:00,29.94,49.17
2025-04-15 08:00:00,28.86,52.86
2025-04-15 09:00:00,28.92,61.33
2025-04-15 10:00:00,28.20,61.58
2025-04-15 11:00:00,33.61,66.97
2025-04-15 12:00:00,41.54,68.56
2025-04-15 13:00:00,39.76,72.23
2025-04-15 14:00:00,38.42,68.35
2025-04-15 15:00:00,38.28,65.24
2025-04-15 16:00:00,32.36,57.61
2025-04-15 17:00:00,37.71,60.29
2025-04-15 18:00:00,36.96,56.56
2025-04-15 19:00:00,28.30,53.95
2025-04-15 20:00:00,22.08,53.59
2025-04-15 21:00:00,16.91,60.64
2025-04-15 22:00:00,13.78,58.46
2025-04-15 23:00:00,15.90,54.06
2025-04-16 00:00:00,22.15,52.26
2025-04-16 01:00:00,20.00,48.82
2025-04-16 02:00:00,15.08,41.03
2025-04-16 03:00:00,18.60,35.32
2025-04-16 04:00:00,24.35,31.32
2025-04-16 05:00:00,21.63,37.90
2025-04-16 06:00:00,21.64,48.06
2025-04-16 07:00:00,25.89,46.68
2025-04-16 08:00:00,23.78,45.94
2025-04-16 09:00:00,21.26,54.95
2025-04-16 10:00:00,22.54,56.52
2025-04-16 11:00:00,20.92,63.69
2025-04-16 12:00:00,24.28,55.17
2025-04-16 13:00:00,24.14,60.64
2025-04-16 14:00:00,37.36,59.03
2025-04-16 15:00:00,51.80,60.10
2025-04-16 16:00:00,47.64,64.40
2025-04-16 17:00:00,42.14,64.80
2025-04-16 18:00:00,42.65,67.87
2025-04-16 19:00:00,39.39,69.52
2025-04-16 20:00:00,34.88,60.79
2025-04-16 21:00:00,33.64,68.92
2025-04-16 22:00:00,29.86,61.11
2025-04-16 23:00:00,24.72,57.11
2025-04-17 00:00:00,18.20,54.16
2025-04-17 01:00:00,18.47,52.89
2025-04-17 02:00:00,22.41,44.84
2025-04-17 03:00:00,24.08,38.40
2025-04-17 04:00:00,20.34,45.66
2025-04-17 05:00:00,20.40,47.97
2025-04-17 06:00:00,25.01,47.73
2025-04-17 07:00:00,22.90,57.52
2025-04-17 08:00:00,19.10,59.24
2025-04-17 09:00:00,17.87,61.91
2025-04-17 10:00:00,20.56,53.61
2025-04-17 11:00:00,19.72,60.85
2025-04-17 12:00:00,19.54,70.76
2025-04-17 13:00:00,20.64,76.49
2025-04-17 14:00:00,34.73,70.82
2025-04-17 15:00:00,46.78,75.86
2025-04-17 16:00:00,43.85,73.30
2025-04-17 17:00:00,41.16,70.96
2025-04-17 18:00:00,38.34,71.50
2025-04-17 19:00:00,36.56,58.94
2025-04-17 20:00:00,34.42,58.90
2025-04-17 21:00:00,32.56,55.57
2025-04-17 22:00:00,27.74,58.58
2025-04-17 23:00:00,25.39,58.38
2025-04-18 00:00:00,23.99,60.62
2025-04-18 01:00:00,18.89,57.69
2025-04-18 02:00:00,21.47,53.58
2025-04-18 03:00:00,24.20,55.30
2025-04-18 04:00:00,23.56,54.20
2025-04-18 05:00:00,25.98,45.34
2025-04-18 06:00:00,23.06,53.24
2025-04-18 07:00:00,16.78,58.86
2025-04-18 08:00:00,20.40,58.93
2025-04-18 09:00:00,21.06,67.87
2025-04-18 10:00:00,24.42,64.31
2025-04-18 11:00:00,24.57,71.00
2025-04-18 12:00:00,23.24,75.65
2025-04-18 13:00:00,22.26,83.27
2025-04-18 14:00:00,20.54,71.55
2025-04-18 15:00:00,23.18,69.24
2025-04-18 16:00:00,21.80,65.49
2025-04-18 17:00:00,19.98,64.22
2025-04-18 18:00:00,34.89,64.70
2025-04-18 19:00:00,44.03,67.74
2025-04-18 20:00:00,37.67,57.95
2025-04-18 21:00:00,33.80,65.90
2025-04-18 22:00:00,32.34,63.72
2025-04-18 23:00:00,34.08,66.46
2025-04-19 00:00:00,34.68,65.14
2025-04-19 01:00:00,28.18,54.52
2025-04-19 02:00:00,28.08,48.54
2025-04-19 03:00:00,26.53,54.03
2025-04-19 04:00:00,20.11,52.75
2025-04-19 05:00:00,16.97,60.52
2025-04-19 06:00:00,28.17,59.25
2025-04-19 07:00:00,30.59,56.44
2025-04-19 08:00:00,22.11,58.05
2025-04-19 09:00:00,22.12,63.98
2025-04-19 10:00:00,22.87,70.69
2025-04-19 11:00:00,20.84,75.92
2025-04-19 12:00:00,39.12,88.99
2025-04-19 13:00:00,45.66,93.12
2025-04-19 14:00:00,42.46,84.51
2025-04-19 15:00:00,43.75,74.79
2025-04-19 16:00:00,41.40,74.80
2025-04-19 17:00:00,43.66,79.65
2025-04-19 18:00:00,38.36,74.29
2025-04-19 19:00:00,36.44,77.60
2025-04-19 20:00:00,33.03,71.62
2025-04-19 21:00:00,28.80,75.60
2025-04-19 22:00:00,27.70,61.95
2025-04-19 23:00:00,23.42,68.95
2025-04-20 00:00:00,19.19,63.82
2025-04-20 01:00:00,15.91,61.56
2025-04-20 02:00:00,21.28,55.14
2025-04-20 03:00:00,22.53,50.34
2025-04-20 04:00:00,28.12,54.33
2025-04-20 05:00:00,27.98,58.93
2025-04-20 06:00:00,26.12,51.09
2025-04-20 07:00:00,23.51,54.31
2025-04-20 08:00:00,24.27,58.59
2025-04-20 09:00:00,25.44,63.81
2025-04-20 10:00:00,20.71,65.25
2025-04-20 11:00:00,18.08,70.08
2025-04-20 12:00:00,14.99,68.06
2025-04-20 13:00:00,18.11,89.08
2025-04-20 14:00:00,30.16,78.21
2025-04-20 15:00:00,37.38,75.86
2025-04-20 16:00:00,42.10,75.10
2025-04-20 17:00:00,46.36,75.81
2025-04-20 18:00:00,44.38,68.95
2025-04-20 19:00:00,35.62,66.72
2025-04-20 20:00:00,29.93,60.24
2025-04-20 21:00:00,24.62,58.46
2025-04-20 22:00:00,27.39,60.93
2025-04-20 23:00:00,27.32,66.72
2025-04-21 00:00:00,20.40,57.57
2025-04-21 01:00:00,16.78,59.69
2025-04-21 02:00:00,17.51,51.70
2025-04-21 03:00:00,20.77,50.34
2025-04-21 04:00:00,25.63,47.18
2025-04-21 05:00:00,24.06,53.55
2025-04-21 06:00:00,24.96,50.23
2025-04-21 07:00:00,32.97,50.28
2025-04-21 08:00:00,30.09,60.24
2025-04-21 09:00:00,22.08,57.22
2025-04-21 10:00:00,24.25,63.51
2025-04-21 11:00:00,29.96,63.83
2025-04-21 12:00:00,25.98,82.97
2025-04-21 13:00:00,24.40,76.16
2025-04-21 14:00:00,39.11,67.60
2025-04-21 15:00:00,47.04,68.32
2025-04-21 16:00:00,38.87,66.09
2025-04-21 17:00:00,39.78,66.40
2025-04-21 18:00:00,38.64,65.54
2025-04-21 19:00:00,27.58,58.40
2025-04-21 20:00:00,30.16,60.66
2025-04-21 21:00:00,28.71,63.75
2025-04-21 22:00:00,28.06,58.91
2025-04-21 23:00:00,28.14,58.60
2025-04-22 00:00:00,22.70,53.36
2025-04-22 01:00:00,17.30,62.56
2025-04-22 02:00:00,16.73,51.98
2025-04-22 03:00:00,25.68,49.04
2025-04-22 04:00:00,26.87,46.47
2025-04-22 05:00:00,22.06,50.14
2025-04-22 06:00:00,22.93,43.18
2025-04-22 07:00:00,27.10,51.09
2025-04-22 08:00:00,26.08,53.70
2025-04-22 09:00:00,21.06,56.36
2025-04-22 10:00:00,15.57,62.10
2025-04-22 11:00:00,10.91,80.61
2025-04-22 12:00:00,12.99,81.04
2025-04-22 13:00:00,17.06,82.36
2025-04-22 14:00:00,32.42,70.36
2025-04-22 15:00:00,34.40,68.48
2025-04-22 16:00:00,33.20,69.59
2025-04-22 17:00:00,34.43,62.33
2025-04-22 18:00:00,31.34,56.26
2025-04-22 19:00:00,25.04,65.48
2025-04-22 20:00:00,18.54,60.20
2025-04-22 21:00:00,14.86,62.35
2025-04-22 22:00:00,16.92,54.47
2025-04-22 23:00:00,19.86,59.66
2025-04-23 00:00:00,18.36,53.44
2025-04-23 01:00:00,15.12,53.16
2025-04-23 02:00:00,19.98,45.02
2025-04-23 03:00:00,26.76,38.66
2025-04-23 04:00:00,24.85,33.80
2025-04-23 05:00:00,27.22,47.48
2025-04-23 06:00:00,36.27,43.74
2025-04-23 07:00:00,NA,NA
2025-04-23 08:00:00,48.36,52.99
2025-04-23 09:00:00,40.44,48.96
2025-04-23 10:00:00,31.30,54.86
2025-04-23 11:00:00,29.41,55.17
2025-04-23 12:00:00,25.32,62.86
2025-04-23 13:00:00,24.10,63.27
2025-04-23 14:00:00,31.18,62.89
2025-04-23 15:00:00,30.63,58.89
2025-04-23 16:00:00,27.05,52.13
2025-04-23 17:00:00,24.06,54.96
2025-04-23 18:00:00,25.96,50.93
2025-04-23 19:00:00,24.44,48.40
2025-04-23 20:00:00,24.49,43.89
2025-04-23 21:00:00,24.70,52.68
2025-04-23 22:00:00,20.71,53.98
2025-04-23 23:00:00,20.39,52.39
2025-04-24 00:00:00,19.75,49.87
2025-04-24 01:00:00,15.25,53.15
2025-04-24 02:00:00,24.89,47.25
2025-04-24 03:00:00,31.11,40.30
2025-04-24 04:00:00,25.58,41.47
2025-04-24 05:00:00,19.76,45.44
2025-04-24 06:00:00,16.98,49.12
2025-04-24 07:00:00,19.83,53.58
2025-04-24 08:00:00,19.08,56.28
2025-04-24 09:00:00,19.72,63.64
2025-04-24 10:00:00,18.00,59.78
2025-04-24 11:00:00,17.95,68.20
2025-04-24 12:00:00,18.24,67.34
2025-04-24 13:00:00,14.27,63.56
2025-04-24 14:00:00,14.26,59.39
2025-04-24 15:00:00,16.03,58.33
2025-04-24 16:00:00,13.71,59.29
2025-04-24 17:00:00,10.95,55.86
2025-04-24 18:00:00,14.24,53.67
2025-04-24 19:00:00,15.06,51.86
2025-04-24 20:00:00,11.99,54.97
2025-04-24 21:00:00,12.50,62.10
2025-04-24 22:00:00,16.15,62.66
2025-04-24 23:00:00,16.33,51.60
2025-04-25 00:00:00,12.61,50.35
2025-04-25 01:00:00,9.43,47.44
2025-04-25 02:00:00,23.08,42.01
2025-04-25 03:00:00,27.76,45.24
2025-04-25 04:00:00,24.31,53.96
2025-04-25 05:00:00,22.86,49.55
2025-04-25 06:00:00,23.88,48.12
2025-04-25 07:00:00,21.96,65.12
2025-04-25 08:00:00,21.98,52.86
2025-04-25 09:00:00,19.82,59.60
2025-04-25 10:00:00,19.36,57.30
2025-04-25 11:00:00,18.14,60.84
2025-04-25 12:00:00,14.63,63.76
2025-04-25 13:00:00,17.44,66.26
2025-04-25 14:00:00,31.34,62.30
2025-04-25 15:00:00,34.20,67.97
2025-04-25 16:00:00,32.50,58.98
2025-04-25 17:00:00,33.94,65.94
2025-04-25 18:00:00,31.73,66.89
2025-04-25 19:00:00,26.02,54.10
2025-04-25 20:00:00,27.55,56.64
2025-04-25 21:00:00,29.09,57.14
2025-04-25 22:00:00,27.19,48.93
2025-04-25 23:00:00,24.60,61.05
2025-04-26 00:00:00,18.41,59.80
2025-04-26 01:00:00,13.71,52.97
2025-04-26 02:00:00,19.37,44.56
2025-04-26 03:00:00,23.85,42.68
2025-04-26 04:00:00,23.54,45.76
2025-04-26 05:00:00,30.21,41.38
2025-04-26 06:00:00,29.32,49.74
2025-04-26 07:00:00,25.00,54.26
2025-04-26 08:00:00,25.55,53.67
2025-04-26 09:00:00,23.19,55.57
2025-04-26 10:00:00,17.09,54.08
2025-04-26 11:00:00,21.26,66.15
2025-04-26 12:00:00,22.00,63.35
2025-04-26 13:00:00,21.50,60.89
2025-04-26 14:00:00,31.55,50.30
2025-04-26 15:00:00,34.15,50.66
2025-04-26 16:00:00,32.48,49.51
2025-04-26 17:00:00,28.67,50.48
2025-04-26 18:00:00,30.24,46.61
2025-04-26 19:00:00,27.72,41.19
2025-04-26 20:00:00,22.87,48.36
2025-04-26 21:00:00,22.19,41.68
2025-04-26 22:00:00,25.14,46.34
2025-04-26 23:00:00,23.64,48.82
2025-04-27 00:00:00,19.48,46.20
2025-04-27 01:00:00,16.95,47.97
2025-04-27 02:00:00,13.51,42.18
2025-04-27 03:00:00,14.52,38.42
2025-04-27 04:00:00,21.84,37.43
2025-04-27 05:00:00,25.18,39.28
2025-04-27 06:00:00,22.52,39.56
2025-04-27 07:00:00,18.47,40.95
2025-04-27 08:00:00,18.18,47.01
2025-04-27 09:00:00,16.48,44.18
2025-04-27 10:00:00,12.39,48.33
2025-04-27 11:00:00,16.70,58.16
2025-04-27 12:00:00,23.46,53.33
2025-04-27 13:00:00,19.62,53.66
2025-04-27 14:00:00,21.83,55.55
2025-04-27 15:00:00,24.29,47.99
2025-04-27 16:00:00,24.70,40.84
2025-04-27 17:00:00,21.01,39.44
2025-04-27 18:00:00,17.87,41.62
2025-04-27 19:00:00,20.08,36.63
2025-04-27 20:00:00,25.04,35.38
2025-04-27 21:00:00,27.98,35.94
2025-04-27 22:00:00,25.61,37.74
2025-04-27 23:00:00,20.43,42.63
2025-04-28 00:00:00,13.84,38.02
2025-04-28 01:00:00,13.59,41.28
2025-04-28 02:00:00,17.10,37.00
2025-04-28 03:00:00,19.31,35.03
2025-04-28 04:00:00,18.14,34.31
2025-04-28 05:00:00,18.48,37.17
2025-04-28 06:00:00,22.18,34.12
2025-04-28 07:00:00,21.24,32.71
2025-04-28 08:00:00,16.66,37.38
2025-04-28 09:00:00,17.11,41.28
2025-04-28 10:00:00,17.95,42.91
2025-04-28 11:00:00,15.42,47.25
2025-04-28 12:00:00,17.52,40.46
2025-04-28 13:00:00,18.04,NA
2025-04-28 14:00:00,17.22,46.14
2025-04-28 15:00:00,16.28,41.66
2025-04-28 16:00:00,17.35,37.72
2025-04-28 17:00:00,21.04,36.03
2025-04-28 18:00:00,23.11,37.86
2025-04-28 19:00:00,19.96,36.72
2025-04-28 20:00:00,17.60,37.44
2025-04-28 21:00:00,15.31,41.32
2025-04-28 22:00:00,14.60,39.81
2025-04-28 23:00:00,13.14,34.98
2025-04-29 00:00:00,9.27,41.14
2025-04-29 01:00:00,6.93,42.06
2025-04-29 02:00:00,10.07,40.56
2025-04-29 03:00:00,12.80,35.63
2025-04-29 04:00:00,10.82,32.14
2025-04-29 05:00:00,7.80,33.00
2025-04-29 06:00:00,5.46,33.57
2025-04-29 07:00:00,3.82,37.52
2025-04-29 08:00:00,2.68,46.10
2025-04-29 09:00:00,1.87,50.29
2025-04-29 10:00:00,1.31,44.29
2025-04-29 11:00:00,22.30,45.89
2025-04-29 12:00:00,31.37,50.00
2025-04-29 13:00:00,22.85,47.44
2025-04-29 14:00:00,39.76,49.30
2025-04-29 15:00:00,37.52,45.83
2025-04-29 16:00:00,34.98,41.61
2025-04-29 17:00:00,31.91,49.80
2025-04-29 18:00:00,25.67,50.05
2025-04-29 19:00:00,23.60,43.79
2025-04-29 20:00:00,20.24,47.82
2025-04-29 21:00:00,15.46,44.84
2025-04-29 22:00:00,11.59,39.85
2025-04-29 23:00:00,9.30,40.59
2025-04-30 00:00:00,7.60,46.60
2025-04-30 01:00:00,6.11,39.98
2025-04-30 02:00:00,8.76,40.48
2025-04-30 03:00:00,14.52,39.83
2025-04-30 04:00:00,15.19,36.83
2025-04-30 05:00:00,12.78,33.36
2025-04-30 06:00:00,10.16,36.11
2025-04-30 07:00:00,15.86,37.44
2025-04-30 08:00:00,17.10,45.80
2025-04-30 09:00:00,15.81,55.78
2025-04-30 10:00:00,15.91,49.37
2025-04-30 11:00:00,16.53,62.64
2025-04-30 12:00:00,15.74,73.07
2025-04-30 13:00:00,20.41,64.22
2025-04-30 14:00:00,30.94,71.31
2025-04-30 15:00:00,34.28,62.28
2025-04-30 16:00:00,31.86,55.91
2025-04-30 17:00:00,25.56,56.28
2025-04-30 18:00:00,20.02,54.40
2025-04-30 19:00:00,22.68,50.94
2025-04-30 20:00:00,25.21,55.98
2025-04-30 21:00:00,21.04,46.62
2025-04-30 22:00:00,16.09,53.85
2025-04-30 23:00:00,13.15,54.31
2025-05-01 00:00:00,15.30,46.17
2025-05-01 01:00:00,19.71,47.18
2025-05-01 02:00:00,25.87,45.06
2025-05-01 03:00:00,24.32,45.72
2025-05-01 04:00:00,18.30,43.76
2025-05-01 05:00:00,15.47,40.94
2025-05-01 06:00:00,14.12,38.20
2025-05-01 07:00:00,20.86,43.82
2025-05-01 08:00:00,21.98,44.73
2025-05-01 09:00:00,16.54,53.61
2025-05-01 10:00:00,22.73,54.81
2025-05-01 11:00:00,23.70,62.05
2025-05-01 12:00:00,17.28,70.07
2025-05-01 13:00:00,16.01,66.17
2025-05-01 14:00:00,30.35,72.42
2025-05-01 15:00:00,34.10,64.88
2025-05-01 16:00:00,34.95,64.11
2025-05-01 17:00:00,39.76,62.40
2025-05-01 18:00:00,34.27,58.44
2025-05-01 19:00:00,26.74,57.46
2025-05-01 20:00:00,20.85,50.95
2025-05-01 21:00:00,24.17,43.61
2025-05-01 22:00:00,27.97,46.73
2025-05-01 23:00:00,27.01,48.54
2025-05-02 00:00:00,21.88,53.16
2025-05-02 01:00:00,15.75,45.24
2025-05-02 02:00:00,13.46,42.14
2025-05-02 03:00:00,25.47,39.90
2025-05-02 04:00:00,27.87,39.52
2025-05-02 05:00:00,23.38,39.55
2025-05-02 06:00:00,22.87,35.31
2025-05-02 07:00:00,23.04,36.90
2025-05-02 08:00:00,19.96,45.46
2025-05-02 09:00:00,20.42,51.48
2025-05-02 10:00:00,35.63,60.04
2025-05-02 11:00:00,37.09,52.75
2025-05-02 12:00:00,34.91,70.48
2025-05-02 13:00:00,37.41,67.61
2025-05-02 14:00:00,41.68,67.81
2025-05-02 15:00:00,43.39,61.50
2025-05-02 16:00:00,44.12,57.68
2025-05-02 17:00:00,37.79,60.11
2025-05-02 18:00:00,27.47,53.68
2025-05-02 19:00:00,22.08,51.04
2025-05-02 20:00:00,17.88,49.27
2025-05-02 21:00:00,18.79,49.72
2025-05-02 22:00:00,17.92,42.72
2025-05-02 23:00:00,14.30,44.19
2025-05-03 00:00:00,11.45,45.10
2025-05-03 01:00:00,9.62,39.18
2025-05-03 02:00:00,20.88,42.71
2025-05-03 03:00:00,24.08,39.44
2025-05-03 04:00:00,17.93,34.46
2025-05-03 05:00:00,20.74,38.09
2025-05-03 06:00:00,24.21,46.95
2025-05-03 07:00:00,21.16,42.88
2025-05-03 08:00:00,20.44,46.98
2025-05-03 09:00:00,23.68,53.54
2025-05-03 10:00:00,36.24,63.86
2025-05-03 11:00:00,46.94,60.82
2025-05-03 12:00:00,46.03,68.46
2025-05-03 13:00:00,43.54,89.04
2025-05-03 14:00:00,49.78,89.64
2025-05-03 15:00:00,52.72,89.57
2025-05-03 16:00:00,50.37,87.96
2025-05-03 17:00:00,51.74,91.14
2025-05-03 18:00:00,44.66,90.07
2025-05-03 19:00:00,31.96,72.11
2025-05-03 20:00:00,27.28,71.68
2025-05-03 21:00:00,26.90,68.42
2025-05-03 22:00:00,28.55,57.53
2025-05-03 23:00:00,26.68,62.96
2025-05-04 00:00:00,22.99,63.32
2025-05-04 01:00:00,19.86,55.94
2025-05-04 02:00:00,18.22,46.25
2025-05-04 03:00:00,15.52,39.52
2025-05-04 04:00:00,18.98,39.14
2025-05-04 05:00:00,20.28,43.10
2025-05-04 06:00:00,18.26,50.53
2025-05-04 07:00:00,20.08,45.58
2025-05-04 08:00:00,21.14,50.20
2025-05-04 09:00:00,17.60,48.94
2025-05-04 10:00:00,13.41,61.43
2025-05-04 11:00:00,12.24,64.00
2025-05-04 12:00:00,15.96,68.51
2025-05-04 13:00:00,21.95,74.20
2025-05-04 14:00:00,27.06,73.07
2025-05-04 15:00:00,36.69,72.51
2025-05-04 16:00:00,44.44,80.59
2025-05-04 17:00:00,41.06,87.59
2025-05-04 18:00:00,39.75,82.95
2025-05-04 19:00:00,44.88,81.79
2025-05-04 20:00:00,43.93,74.56
2025-05-04 21:00:00,38.58,63.13
2025-05-04 22:00:00,32.01,57.06
2025-05-04 23:00:00,26.08,53.77
2025-05-05 00:00:00,19.90,50.14
2025-05-05 01:00:00,14.93,54.38
2025-05-05 02:00:00,16.34,58.82
2025-05-05 03:00:00,16.22,53.10
2025-05-05 04:00:00,18.24,46.82
2025-05-05 05:00:00,17.95,48.75
2025-05-05 06:00:00,21.73,47.08
2025-05-05 07:00:00,22.56,50.81
2025-05-05 08:00:00,19.54,48.63
2025-05-05 09:00:00,26.48,55.01
2025-05-05 10:00:00,32.20,64.68
2025-05-05 11:00:00,36.04,55.62
2025-05-05 12:00:00,40.89,66.54
2025-05-05 13:00:00,36.28,71.07
2025-05-05 14:00:00,37.49,67.86
2025-05-05 15:00:00,45.26,73.92
2025-05-05 16:00:00,49.47,64.20
2025-05-05 17:00:00,46.73,67.89
2025-05-05 18:00:00,44.42,68.94
2025-05-05 19:00:00,37.79,62.31
2025-05-05 20:00:00,27.87,60.85
2025-05-05 21:00:00,21.34,63.27
2025-05-05 22:00:00,20.05,59.64
2025-05-05 23:00:00,21.51,58.25
2025-05-06 00:00:00,24.61,59.73
2025-05-06 01:00:00,23.05,54.88
2025-05-06 02:00:00,35.32,46.24
2025-05-06 03:00:00,33.10,39.59
2025-05-06 04:00:00,29.80,45.16
2025-05-06 05:00:00,30.11,40.32
2025-05-06 06:00:00,32.21,43.26
2025-05-06 07:00:00,31.71,44.98
2025-05-06 08:00:00,26.72,49.36
2025-05-06 09:00:00,19.88,49.34
2025-05-06 10:00:00,19.06,60.71
2025-05-06 11:00:00,17.22,60.76
2025-05-06 12:00:00,14.02,64.53
2025-05-06 13:00:00,12.00,65.26
2025-05-06 14:00:00,18.70,60.43
2025-05-06 15:00:00,21.81,56.45
2025-05-06 16:00:00,27.59,60.28
2025-05-06 17:00:00,27.30,58.32
2025-05-06 18:00:00,30.61,57.46
2025-05-06 19:00:00,34.43,54.76
2025-05-06 20:00:00,32.70,58.16
2025-05-06 21:00:00,30.30,59.15
2025-05-06 22:00:00,27.24,63.96
2025-05-06 23:00:00,25.64,83.18
2025-05-07 00:00:00,21.31,76.07
2025-05-07 01:00:00,21.02,68.15
2025-05-07 02:00:00,33.77,58.30
2025-05-07 03:00:00,34.35,48.42
2025-05-07 04:00:00,31.90,51.13
2025-05-07 05:00:00,29.66,45.31
2025-05-07 06:00:00,25.70,46.18
2025-05-07 07:00:00,21.46,47.45
2025-05-07 08:00:00,19.39,49.89
2025-05-07 09:00:00,22.19,58.72
2025-05-07 10:00:00,20.94,65.40
2025-05-07 11:00:00,16.35,75.86
2025-05-07 12:00:00,19.60,70.02
2025-05-07 13:00:00,23.77,75.06
2025-05-07 14:00:00,31.22,72.13
2025-05-07 15:00:00,34.28,60.95
2025-05-07 16:00:00,35.15,60.23
2025-05-07 17:00:00,33.36,59.10
2025-05-07 18:00:00,32.82,57.28
2025-05-07 19:00:00,35.60,58.02
2025-05-07 20:00:00,30.99,51.12
2025-05-07 21:00:00,24.87,62.41
2025-05-07 22:00:00,24.20,60.90
2025-05-07 23:00:00,26.30,65.75
2025-05-08 00:00:00,23.58,63.64
2025-05-08 01:00:00,20.69,58.78
2025-05-08 02:00:00,21.57,48.85
2025-05-08 03:00:00,29.48,45.49
2025-05-08 04:00:00,28.66,46.76
2025-05-08 05:00:00,20.84,51.14
2025-05-08 06:00:00,22.80,53.01
2025-05-08 07:00:00,20.60,55.72
2025-05-08 08:00:00,24.51,57.93
2025-05-08 09:00:00,25.13,62.02
2025-05-08 10:00:00,29.20,73.02
2025-05-08 11:00:00,42.54,97.38
2025-05-08 12:00:00,45.23,100.96
2025-05-08 13:00:00,43.13,97.96
2025-05-08 14:00:00,41.67,94.26
2025-05-08 15:00:00,38.44,80.61
2025-05-08 16:00:00,32.27,71.19
2025-05-08 17:00:00,29.54,68.19
2025-05-08 18:00:00,25.15,67.05
2025-05-08 19:00:00,25.15,72.57
2025-05-08 20:00:00,30.85,71.61
2025-05-08 21:00:00,31.82,77.83
2025-05-08 22:00:00,25.58,82.56
2025-05-08 23:00:00,26.64,84.87
2025-05-09 00:00:00,26.25,90.02
2025-05-09 01:00:00,22.65,76.35
2025-05-09 02:00:00,18.91,65.43
2025-05-09 03:00:00,20.10,54.79
2025-05-09 04:00:00,18.42,58.96
2025-05-09 05:00:00,13.54,51.81
2025-05-09 06:00:00,10.24,59.44
2025-05-09 07:00:00,21.46,51.02
2025-05-09 08:00:00,25.70,63.30
2025-05-09 09:00:00,23.68,66.42
2025-05-09 10:00:00,21.07,65.56
2025-05-09 11:00:00,16.29,74.11
2025-05-09 12:00:00,17.03,81.52
2025-05-09 13:00:00,15.83,82.78
2025-05-09 14:00:00,21.51,80.15
2025-05-09 15:00:00,24.20,79.39
2025-05-09 16:00:00,24.59,73.92
2025-05-09 17:00:00,27.64,72.20
2025-05-09 18:00:00,29.08,61.83
2025-05-09 19:00:00,31.52,61.76
2025-05-09 20:00:00,28.58,61.83
2025-05-09 21:00:00,22.14,62.42
2025-05-09 22:00:00,16.30,66.01
2025-05-09 23:00:00,12.96,68.89
2025-05-10 00:00:00,11.04,66.16
2025-05-10 01:00:00,9.40,66.32
2025-05-10 02:00:00,13.77,59.83
2025-05-10 03:00:00,20.68,58.59
2025-05-10 04:00:00,25.91,59.09
2025-05-10 05:00:00,25.48,63.29
2025-05-10 06:00:00,24.72,54.97
2025-05-10 07:00:00,29.22,59.35
2025-05-10 08:00:00,26.20,69.21
2025-05-10 09:00:00,26.35,72.60
2025-05-10 10:00:00,26.92,70.61
2025-05-10 11:00:00,25.57,75.17
2025-05-10 12:00:00,27.00,80.42
2025-05-10 13:00:00,27.17,86.89
2025-05-10 14:00:00,38.14,96.04
2025-05-10 15:00:00,47.36,88.95
2025-05-10 16:00:00,48.60,87.64
2025-05-10 17:00:00,44.72,85.30
2025-05-10 18:00:00,38.02,80.21
2025-05-10 19:00:00,38.14,76.44
2025-05-10 20:00:00,36.79,73.78
2025-05-10 21:00:00,34.80,65.12
2025-05-10 22:00:00,32.00,70.48
2025-05-10 23:00:00,26.72,68.12
2025-05-11 00:00:00,25.76,72.55
2025-05-11 01:00:00,25.20,70.60
2025-05-11 02:00:00,24.17,60.29
2025-05-11 03:00:00,23.03,61.91
2025-05-11 04:00:00,24.76,55.60
2025-05-11 05:00:00,29.80,61.05
2025-05-11 06:00:00,27.08,57.97
2025-05-11 07:00:00,25.44,66.39
2025-05-11 08:00:00,23.80,66.40
2025-05-11 09:00:00,27.62,79.05
2025-05-11 10:00:00,29.44,76.32
2025-05-11 11:00:00,23.87,78.15
2025-05-11 12:00:00,26.24,87.04
2025-05-11 13:00:00,25.75,84.51
2025-05-11 14:00:00,33.99,82.29
2025-05-11 15:00:00,35.73,76.06
2025-05-11 16:00:00,35.95,78.77
2025-05-11 17:00:00,34.66,76.82
2025-05-11 18:00:00,29.74,75.33
2025-05-11 19:00:00,26.24,81.53
2025-05-11 20:00:00,25.41,80.50
2025-05-11 21:00:00,36.66,80.89
2025-05-11 22:00:00,37.30,88.18
2025-05-11 23:00:00,36.23,82.62
2025-05-12 00:00:00,36.06,78.71
2025-05-12 01:00:00,28.51,70.92
2025-05-12 02:00:00,26.34,62.47
2025-05-12 03:00:00,22.19,56.84
2025-05-12 04:00:00,22.64,50.79
2025-05-12 05:00:00,21.32,64.50
2025-05-12 06:00:00,22.04,62.55
2025-05-12 07:00:00,21.38,62.56
2025-05-12 08:00:00,17.10,71.09
2025-05-12 09:00:00,21.69,75.73
2025-05-12 10:00:00,26.13,78.28
2025-05-12 11:00:00,23.01,80.71
2025-05-12 12:00:00,19.63,83.42
2025-05-12 13:00:00,17.89,79.76
2025-05-12 14:00:00,31.77,79.34
2025-05-12 15:00:00,34.72,77.46
2025-05-12 16:00:00,31.15,76.62
2025-05-12 17:00:00,33.57,73.38
2025-05-12 18:00:00,36.55,80.68
2025-05-12 19:00:00,38.75,80.25
2025-05-12 20:00:00,33.03,88.65
2025-05-12 21:00:00,26.98,89.96
2025-05-12 22:00:00,34.36,96.98
2025-05-12 23:00:00,37.50,96.46
2025-05-13 00:00:00,29.17,97.67
2025-05-13 01:00:00,22.04,83.58
2025-05-13 02:00:00,20.05,63.87
2025-05-13 03:00:00,22.05,63.71
2025-05-13 04:00:00,24.82,55.29
2025-05-13 05:00:00,22.78,55.18
2025-05-13 06:00:00,26.10,60.23
2025-05-13 07:00:00,27.82,57.23
2025-05-13 08:00:00,24.83,61.25
2025-05-13 09:00:00,22.37,67.84
2025-05-13 10:00:00,27.64,68.19
2025-05-13 11:00:00,27.59,89.62
2025-05-13 12:00:00,24.64,97.39
2025-05-13 13:00:00,33.89,110.56
2025-05-13 14:00:00,50.04,127.52
2025-05-13 15:00:00,61.57,116.24
2025-05-13 16:00:00,58.02,105.71
2025-05-13 17:00:00,53.97,99.92
2025-05-13 18:00:00,51.88,90.39
2025-05-13 19:00:00,49.77,86.90
2025-05-13 20:00:00,45.04,83.26
2025-05-13 21:00:00,39.94,81.00
2025-05-13 22:00:00,34.85,82.21
2025-05-13 23:00:00,30.15,79.38
2025-05-14 00:00:00,26.93,76.41
2025-05-14 01:00:00,22.29,65.59
2025-05-14 02:00:00,21.94,55.75
2025-05-14 03:00:00,22.90,55.63
2025-05-14 04:00:00,29.08,56.03
2025-05-14 05:00:00,29.90,57.59
2025-05-14 06:00:00,27.56,57.59
2025-05-14 07:00:00,29.98,59.00
2025-05-14 08:00:00,26.03,59.68
2025-05-14 09:00:00,21.20,63.85
2025-05-14 10:00:00,20.98,70.66
2025-05-14 11:00:00,35.45,81.87
2025-05-14 12:00:00,59.56,89.88
2025-05-14 13:00:00,51.07,85.22
2025-05-14 14:00:00,40.33,76.94
2025-05-14 15:00:00,48.46,79.74
2025-05-14 16:00:00,46.26,81.83
2025-05-14 17:00:00,37.75,80.62
2025-05-14 18:00:00,33.57,78.07
2025-05-14 19:00:00,36.31,71.76
2025-05-14 20:00:00,34.92,66.72
2025-05-14 21:00:00,32.10,65.97
2025-05-14 22:00:00,35.30,66.02
2025-05-14 23:00:00,33.18,64.96
2025-05-15 00:00:00,24.52,64.68
2025-05-15 01:00:00,18.74,61.31
2025-05-15 02:00:00,19.00,56.57
2025-05-15 03:00:00,25.81,52.35
2025-05-15 04:00:00,25.09,54.49
2025-05-15 05:00:00,22.59,55.79
2025-05-15 06:00:00,24.80,57.15
2025-05-15 07:00:00,25.72,54.61
2025-05-15 08:00:00,21.65,55.44
2025-05-15 09:00:00,21.80,64.44
2025-05-15 10:00:00,21.01,71.76
2025-05-15 11:00:00,27.15,79.67
2025-05-15 12:00:00,28.64,88.03
2025-05-15 13:00:00,34.72,92.59
2025-05-15 14:00:00,48.86,85.85
2025-05-15 15:00:00,43.10,78.18
2025-05-15 16:00:00,56.50,77.68
2025-05-15 17:00:00,71.26,77.87
2025-05-15 18:00:00,57.25,77.14
2025-05-15 19:00:00,42.20,74.91
2025-05-15 20:00:00,41.84,75.11
2025-05-15 21:00:00,37.20,74.45
2025-05-15 22:00:00,36.74,69.65
2025-05-15 23:00:00,34.36,66.15
2025-05-16 00:00:00,23.38,63.44
2025-05-16 01:00:00,16.80,61.96
2025-05-16 02:00:00,26.17,60.46
2025-05-16 03:00:00,36.43,62.55
2025-05-16 04:00:00,31.71,64.42
2025-05-16 05:00:00,26.32,63.81
2025-05-16 06:00:00,28.84,64.44
2025-05-16 07:00:00,27.65,68.09
2025-05-16 08:00:00,28.84,74.11
2025-05-16 09:00:00,30.72,75.94
2025-05-16 10:00:00,34.53,79.38
2025-05-16 11:00:00,35.92,84.56
2025-05-16 12:00:00,34.18,99.22
2025-05-16 13:00:00,65.98,114.71
2025-05-16 14:00:00,92.79,112.72
2025-05-16 15:00:00,81.73,90.09
2025-05-16 16:00:00,56.28,72.13
2025-05-16 17:00:00,43.04,60.98
2025-05-16 18:00:00,38.21,54.05
2025-05-16 19:00:00,30.71,53.58
2025-05-16 20:00:00,24.36,51.28
2025-05-16 21:00:00,25.45,53.17
2025-05-16 22:00:00,24.18,56.22
2025-05-16 23:00:00,24.54,55.29
2025-05-17 00:00:00,28.28,60.28
2025-05-17 01:00:00,29.85,62.14
2025-05-17 02:00:00,34.70,53.27
2025-05-17 03:00:00,35.29,44.00
2025-05-17 04:00:00,28.26,42.34
2025-05-17 05:00:00,30.30,39.99
2025-05-17 06:00:00,29.13,37.12
2025-05-17 07:00:00,22.99,40.46
2025-05-17 08:00:00,18.18,44.99
2025-05-17 09:00:00,15.73,57.60
2025-05-17 10:00:00,18.61,77.74
2025-05-17 11:00:00,27.14,89.52
2025-05-17 12:00:00,35.83,100.04
2025-05-17 13:00:00,31.99,99.26
2025-05-17 14:00:00,40.68,79.91
2025-05-17 15:00:00,46.82,66.88
2025-05-17 16:00:00,52.04,67.76
2025-05-17 17:00:00,58.76,72.58
2025-05-17 18:00:00,48.64,72.31
2025-05-17 19:00:00,40.08,71.56
2025-05-17 20:00:00,43.65,74.25
2025-05-17 21:00:00,39.42,72.74
2025-05-17 22:00:00,32.38,73.25
2025-05-17 23:00:00,28.96,77.17
2025-05-18 00:00:00,26.30,74.00
2025-05-18 01:00:00,23.16,61.87
2025-05-18 02:00:00,22.78,50.86
2025-05-18 03:00:00,29.63,48.32
2025-05-18 04:00:00,27.70,49.20
2025-05-18 05:00:00,19.48,51.61
2025-05-18 06:00:00,23.14,48.33
2025-05-18 07:00:00,24.88,43.28
2025-05-18 08:00:00,20.01,47.39
2025-05-18 09:00:00,14.78,64.54
2025-05-18 10:00:00,14.51,69.96
2025-05-18 11:00:00,19.14,74.32
2025-05-18 12:00:00,18.88,76.86
2025-05-18 13:00:00,16.95,69.92
2025-05-18 14:00:00,18.60,63.67
2025-05-18 15:00:00,26.16,60.87
2025-05-18 16:00:00,28.52,64.31
2025-05-18 17:00:00,24.09,59.74
2025-05-18 18:00:00,19.70,54.86
2025-05-18 19:00:00,17.99,53.13
2025-05-18 20:00:00,23.47,48.53
2025-05-18 21:00:00,23.12,47.26
2025-05-18 22:00:00,20.91,47.12
2025-05-18 23:00:00,18.64,44.67
2025-05-19 00:00:00,13.23,38.92
2025-05-19 01:00:00,16.25,38.89
2025-05-19 02:00:00,30.67,40.49
2025-05-19 03:00:00,34.52,38.39
2025-05-19 04:00:00,31.27,41.07
2025-05-19 05:00:00,26.62,40.16
2025-05-19 06:00:00,26.73,41.02
2025-05-19 07:00:00,24.68,43.27
2025-05-19 08:00:00,18.94,42.15
2025-05-19 09:00:00,18.28,40.87
2025-05-19 10:00:00,22.96,52.12
2025-05-19 11:00:00,30.66,62.16
2025-05-19 12:00:00,39.72,60.47
2025-05-19 13:00:00,44.82,56.52
2025-05-19 14:00:00,NA,NA
2025-05-19 15:00:00,46.98,55.47
2025-05-19 16:00:00,51.42,55.90
2025-05-19 17:00:00,56.11,57.90
2025-05-19 18:00:00,57.06,58.14
2025-05-19 19:00:00,44.20,50.65
2025-05-19 20:00:00,32.67,54.27
2025-05-19 21:00:00,22.86,53.04
2025-05-19 22:00:00,16.34,50.94
2025-05-19 23:00:00,12.33,56.32
2025-05-20 00:00:00,8.42,61.80
2025-05-20 01:00:00,5.95,57.74
2025-05-20 02:00:00,5.07,54.68
2025-05-20 03:00:00,NA,NA
2025-05-20 04:00:00,NA,NA
2025-05-20 05:00:00,NA,NA
2025-05-20 06:00:00,36.47,59.78
2025-05-20 07:00:00,21.80,56.89
2025-05-20 08:00:00,16.95,59.36
2025-05-20 09:00:00,13.42,58.98
2025-05-20 10:00:00,28.65,62.52
2025-05-20 11:00:00,40.45,68.19
2025-05-20 12:00:00,34.24,66.56
2025-05-20 13:00:00,31.17,64.65
2025-05-20 14:00:00,26.29,67.85
2025-05-20 15:00:00,37.99,65.58
2025-05-20 16:00:00,45.48,59.45
2025-05-20 17:00:00,48.80,63.28
2025-05-20 18:00:00,43.96,64.98
2025-05-20 19:00:00,37.54,57.08
2025-05-20 20:00:00,34.79,51.93
2025-05-20 21:00:00,31.72,46.50
2025-05-20 22:00:00,34.52,48.63
2025-05-20 23:00:00,32.68,52.51
2025-05-21 00:00:00,23.16,49.26
2025-05-21 01:00:00,17.63,42.96
2025-05-21 02:00:00,15.16,37.31
2025-05-21 03:00:00,15.02,36.28
2025-05-21 04:00:00,19.84,34.85
2025-05-21 05:00:00,23.60,31.62
2025-05-21 06:00:00,25.92,32.64
2025-05-21 07:00:00,23.46,34.56
2025-05-21 08:00:00,17.53,39.87
2025-05-21 09:00:00,18.50,45.66
2025-05-21 10:00:00,18.16,51.00
2025-05-21 11:00:00,14.45,50.82
2025-05-21 12:00:00,11.82,52.76
2025-05-21 13:00:00,9.30,57.06
2025-05-21 14:00:00,13.28,52.24
2025-05-21 15:00:00,18.44,47.34
2025-05-21 16:00:00,20.45,48.52
2025-05-21 17:00:00,20.92,50.71
2025-05-21 18:00:00,27.08,54.18
2025-05-21 19:00:00,26.49,61.81
2025-05-21 20:00:00,25.15,63.30
2025-05-21 21:00:00,24.96,69.64
2025-05-21 22:00:00,23.87,81.21
2025-05-21 23:00:00,25.94,82.60
2025-05-22 00:00:00,28.05,77.32
2025-05-22 01:00:00,25.04,71.94
2025-05-22 02:00:00,23.26,66.94
2025-05-22 03:00:00,24.30,64.68
2025-05-22 04:00:00,29.14,60.60
2025-05-22 05:00:00,33.77,60.77
2025-05-22 06:00:00,29.40,61.74
2025-05-22 07:00:00,21.78,62.56
2025-05-22 08:00:00,21.24,64.27
2025-05-22 09:00:00,24.94,72.94
2025-05-22 10:00:00,27.53,81.18
2025-05-22 11:00:00,26.39,81.27
2025-05-22 12:00:00,26.42,87.81
2025-05-22 13:00:00,27.17,92.67
2025-05-22 14:00:00,31.94,91.26
2025-05-22 15:00:00,35.42,95.53
2025-05-22 16:00:00,30.87,94.42
2025-05-22 17:00:00,29.50,96.96
2025-05-22 18:00:00,29.38,101.10
2025-05-22 19:00:00,23.83,100.37
2025-05-22 20:00:00,20.41,100.27
2025-05-22 21:00:00,17.71,101.49
2025-05-22 22:00:00,14.21,101.83
2025-05-22 23:00:00,17.04,103.10
2025-05-23 00:00:00,21.24,90.18
2025-05-23 01:00:00,17.20,69.31
2025-05-23 02:00:00,17.19,57.38
2025-05-23 03:00:00,21.78,58.00
2025-05-23 04:00:00,29.24,63.84
2025-05-23 05:00:00,34.11,69.08
2025-05-23 06:00:00,30.03,70.33
2025-05-23 07:00:00,23.07,72.04
2025-05-23 08:00:00,27.57,76.66
2025-05-23 09:00:00,26.92,81.90
2025-05-23 10:00:00,21.88,89.53
2025-05-23 11:00:00,34.11,99.62
2025-05-23 12:00:00,36.38,101.01
2025-05-23 13:00:00,29.31,99.53
2025-05-23 14:00:00,23.28,96.18
2025-05-23 15:00:00,46.74,93.22
2025-05-23 16:00:00,66.54,93.90
2025-05-23 17:00:00,55.01,99.64
2025-05-23 18:00:00,42.98,98.46
2025-05-23 19:00:00,33.40,92.40
2025-05-23 20:00:00,23.36,87.21
2025-05-23 21:00:00,16.35,82.61
2025-05-23 22:00:00,34.28,69.04
2025-05-23 23:00:00,42.13,57.41
2025-05-24 00:00:00,30.26,50.78
2025-05-24 01:00:00,27.85,43.52
2025-05-24 02:00:00,32.52,37.92
2025-05-24 03:00:00,31.71,33.87
2025-05-24 04:00:00,27.20,31.12
2025-05-24 05:00:00,26.08,30.00
2025-05-24 06:00:00,22.47,30.49
2025-05-24 07:00:00,21.75,35.04
2025-05-24 08:00:00,18.93,38.04
2025-05-24 09:00:00,14.48,42.63
2025-05-24 10:00:00,13.77,51.28
2025-05-24 11:00:00,13.58,55.12
2025-05-24 12:00:00,13.21,56.53
2025-05-24 13:00:00,20.34,60.36
2025-05-24 14:00:00,32.79,59.93
2025-05-24 15:00:00,37.85,56.58
2025-05-24 16:00:00,42.64,56.96
2025-05-24 17:00:00,41.04,56.10
2025-05-24 18:00:00,38.34,56.69
2025-05-24 19:00:00,37.78,57.59
2025-05-24 20:00:00,32.22,51.45
2025-05-24 21:00:00,30.77,50.64
2025-05-24 22:00:00,29.52,56.42
2025-05-24 23:00:00,26.75,56.52
2025-05-25 00:00:00,24.01,55.48
2025-05-25 01:00:00,18.38,50.29
2025-05-25 02:00:00,16.08,47.05
2025-05-25 03:00:00,NA,NA
2025-05-25 04:00:00,NA,NA
2025-05-25 05:00:00,23.37,45.09
2025-05-25 06:00:00,24.51,41.43
2025-05-25 07:00:00,22.18,36.42
2025-05-25 08:00:00,14.89,45.91
2025-05-25 09:00:00,12.03,48.08
2025-05-25 10:00:00,11.46,43.54
2025-05-25 11:00:00,14.47,46.04
2025-05-25 12:00:00,17.24,49.48
2025-05-25 13:00:00,15.89,48.69
2025-05-25 14:00:00,15.22,48.10
2025-05-25 15:00:00,14.20,47.42
2025-05-25 16:00:00,19.55,44.39
2025-05-25 17:00:00,21.94,45.50
2025-05-25 18:00:00,18.08,49.00
2025-05-25 19:00:00,23.86,45.62
2025-05-25 20:00:00,27.85,46.32
2025-05-25 21:00:00,22.96,51.16
2025-05-25 22:00:00,21.22,47.82
2025-05-25 23:00:00,20.20,41.87
2025-05-26 00:00:00,15.26,42.96
2025-05-26 01:00:00,10.97,41.92
2025-05-26 02:00:00,13.90,37.21
2025-05-26 03:00:00,14.91,33.75
2025-05-26 04:00:00,17.53,30.64
2025-05-26 05:00:00,20.61,29.22
2025-05-26 06:00:00,17.83,32.45
2025-05-26 07:00:00,13.94,35.74
2025-05-26 08:00:00,16.14,40.01
2025-05-26 09:00:00,16.06,39.96
2025-05-26 10:00:00,13.39,41.15
2025-05-26 11:00:00,11.44,44.39
2025-05-26 12:00:00,9.24,46.86
2025-05-26 13:00:00,14.29,45.48
2025-05-26 14:00:00,NA,NA
2025-05-26 15:00:00,30.91,33.99
2025-05-26 16:00:00,26.67,40.70
2025-05-26 17:00:00,28.45,42.29
2025-05-26 18:00:00,25.64,43.60
2025-05-26 19:00:00,18.33,44.58
2025-05-26 20:00:00,19.30,46.90
2025-05-26 21:00:00,19.43,53.08
2025-05-26 22:00:00,16.04,49.92
2025-05-26 23:00:00,13.46,44.53
2025-05-27 00:00:00,11.72,42.74
2025-05-27 01:00:00,11.81,39.14
2025-05-27 02:00:00,17.95,34.14
2025-05-27 03:00:00,26.06,31.43
2025-05-27 04:00:00,26.75,31.18
2025-05-27 05:00:00,23.74,30.18
2025-05-27 06:00:00,18.86,31.81
2025-05-27 07:00:00,15.89,36.68
2025-05-27 08:00:00,15.71,38.83
2025-05-27 09:00:00,14.34,43.81
2025-05-27 10:00:00,15.70,47.00
2025-05-27 11:00:00,18.68,49.21
2025-05-27 12:00:00,17.24,56.51
2025-05-27 13:00:00,13.54,61.57
2025-05-27 14:00:00,24.97,59.88
2025-05-27 15:00:00,39.59,57.60
2025-05-27 16:00:00,44.45,55.78
2025-05-27 17:00:00,46.25,56.76
2025-05-27 18:00:00,40.15,60.20
2025-05-27 19:00:00,27.95,59.97
2025-05-27 20:00:00,29.44,53.25
2025-05-27 21:00:00,28.84,51.50
2025-05-27 22:00:00,23.38,64.53
2025-05-27 23:00:00,21.73,72.62
2025-05-28 00:00:00,18.54,68.54
2025-05-28 01:00:00,14.48,61.22
2025-05-28 02:00:00,18.11,57.51
2025-05-28 03:00:00,19.22,52.89
2025-05-28 04:00:00,22.53,49.95
2025-05-28 05:00:00,21.40,48.62
2025-05-28 06:00:00,22.73,47.72
2025-05-28 07:00:00,27.91,48.92
2025-05-28 08:00:00,25.09,54.17
2025-05-28 09:00:00,21.10,56.38
2025-05-28 10:00:00,17.62,59.54
2025-05-28 11:00:00,13.73,68.77
2025-05-28 12:00:00,11.30,74.35
2025-05-28 13:00:00,8.99,73.04
2025-05-28 14:00:00,19.59,70.14
2025-05-28 15:00:00,22.96,67.38
2025-05-28 16:00:00,19.09,64.72
2025-05-28 17:00:00,20.10,68.26
2025-05-28 18:00:00,21.42,68.57
2025-05-28 19:00:00,25.70,68.29
2025-05-28 20:00:00,24.02,68.38
2025-05-28 21:00:00,17.59,65.84
2025-05-28 22:00:00,16.58,71.11
2025-05-28 23:00:00,19.75,67.35
2025-05-29 00:00:00,19.10,53.42
2025-05-29 01:00:00,14.07,45.92
2025-05-29 02:00:00,11.83,39.31
2025-05-29 03:00:00,15.92,34.84
2025-05-29 04:00:00,22.87,31.48
2025-05-29 05:00:00,23.81,30.41
2025-05-29 06:00:00,20.68,30.78
2025-05-29 07:00:00,16.70,34.65
2025-05-29 08:00:00,12.89,41.28
2025-05-29 09:00:00,13.28,50.36
2025-05-29 10:00:00,22.10,60.07
2025-05-29 11:00:00,30.63,62.46
2025-05-29 12:00:00,27.08,65.07
2025-05-29 13:00:00,20.68,60.78
2025-05-29 14:00:00,24.27,55.36
2025-05-29 15:00:00,24.07,55.68
2025-05-29 16:00:00,18.86,54.93
2025-05-29 17:00:00,20.34,53.00
2025-05-29 18:00:00,21.42,55.31
2025-05-29 19:00:00,23.05,57.87
2025-05-29 20:00:00,20.38,60.39
2025-05-29 21:00:00,17.88,65.01
2025-05-29 22:00:00,20.07,71.16
2025-05-29 23:00:00,22.49,72.37
2025-05-30 00:00:00,20.06,62.09
2025-05-30 01:00:00,14.63,54.18
2025-05-30 02:00:00,16.35,45.46
2025-05-30 03:00:00,15.68,41.70
2025-05-30 04:00:00,12.65,45.28
2025-05-30 05:00:00,12.96,45.79
2025-05-30 06:00:00,11.98,42.22
2025-05-30 07:00:00,9.08,44.24
2025-05-30 08:00:00,9.46,48.32
2025-05-30 09:00:00,12.91,60.36
2025-05-30 10:00:00,13.21,67.22
2025-05-30 11:00:00,19.86,71.31
2025-05-30 12:00:00,21.46,82.42
2025-05-30 13:00:00,16.92,83.31
2025-05-30 14:00:00,22.85,82.73
2025-05-30 15:00:00,33.59,73.99
2025-05-30 16:00:00,37.72,60.41
2025-05-30 17:00:00,36.72,55.78
2025-05-30 18:00:00,47.77,59.19
2025-05-30 19:00:00,47.22,57.82
2025-05-30 20:00:00,41.42,57.18
2025-05-30 21:00:00,34.38,55.92
2025-05-30 22:00:00,28.31,56.74
2025-05-30 23:00:00,24.63,57.99
2025-05-31 00:00:00,19.30,56.21
2025-05-31 01:00:00,15.95,51.10
2025-05-31 02:00:00,30.68,46.68
2025-05-31 03:00:00,39.13,45.38
2025-05-31 04:00:00,32.13,50.81
2025-05-31 05:00:00,29.94,51.82
2025-05-31 06:00:00,30.87,52.51
2025-05-31 07:00:00,26.96,59.73
2025-05-31 08:00:00,24.14,61.62
2025-05-31 09:00:00,24.24,60.84
2025-05-31 10:00:00,21.46,65.50
2025-05-31 11:00:00,20.25,71.65
2025-05-31 12:00:00,17.26,74.15
2025-05-31 13:00:00,15.97,70.71
2025-05-31 14:00:00,29.80,67.51
2025-05-31 15:00:00,35.74,70.95
2025-05-31 16:00:00,34.20,70.57
2025-05-31 17:00:00,28.99,73.55
2025-05-31 18:00:00,36.85,84.62
2025-05-31 19:00:00,39.04,84.19
2025-05-31 20:00:00,36.85,75.05
2025-05-31 21:00:00,31.58,77.30
2025-05-31 22:00:00,28.13,75.35
2025-05-31 23:00:00,27.80,69.60
2025-06-01 00:00:00,22.84,68.59
2025-06-01 01:00:00,22.60,62.74
2025-06-01 02:00:00,25.62,59.18
2025-06-01 03:00:00,29.66,63.76
2025-06-01 04:00:00,30.19,64.09
2025-06-01 05:00:00,25.30,64.26
2025-06-01 06:00:00,19.02,65.74
2025-06-01 07:00:00,23.20,66.63
2025-06-01 08:00:00,24.80,70.71
2025-06-01 09:00:00,22.10,68.45
2025-06-01 10:00:00,23.04,70.15
2025-06-01 11:00:00,20.79,72.39
2025-06-01 12:00:00,19.19,75.11
2025-06-01 13:00:00,17.41,74.80
2025-06-01 14:00:00,17.73,69.83
2025-06-01 15:00:00,19.54,67.95
2025-06-01 16:00:00,20.92,70.68
2025-06-01 17:00:00,20.92,67.65
2025-06-01 18:00:00,17.24,63.06
2025-06-01 19:00:00,25.83,62.38
2025-06-01 20:00:00,30.75,69.45
2025-06-01 21:00:00,35.46,73.95
2025-06-01 22:00:00,34.04,74.90
2025-06-01 23:00:00,26.01,77.62
2025-06-02 00:00:00,20.99,77.41
2025-06-02 01:00:00,20.68,64.92
2025-06-02 02:00:00,23.70,53.84
2025-06-02 03:00:00,28.82,54.21
2025-06-02 04:00:00,28.10,57.40
2025-06-02 05:00:00,26.98,58.42
2025-06-02 06:00:00,25.42,57.89
2025-06-02 07:00:00,26.83,57.70
2025-06-02 08:00:00,26.39,56.99
2025-06-02 09:00:00,22.71,58.46
2025-06-02 10:00:00,19.89,61.34
2025-06-02 11:00:00,20.86,64.50
2025-06-02 12:00:00,18.76,66.95
2025-06-02 13:00:00,13.83,65.54
2025-06-02 14:00:00,33.22,64.66
2025-06-02 15:00:00,46.40,67.94
2025-06-02 16:00:00,45.66,70.08
2025-06-02 17:00:00,47.17,73.57
2025-06-02 18:00:00,48.07,76.12
2025-06-02 19:00:00,39.72,83.09
2025-06-02 20:00:00,31.52,90.36
2025-06-02 21:00:00,29.01,90.91
2025-06-02 22:00:00,28.52,83.54
2025-06-02 23:00:00,29.57,77.65
2025-06-03 00:00:00,25.54,76.59
2025-06-03 01:00:00,18.47,65.67
2025-06-03 02:00:00,22.91,52.26
2025-06-03 03:00:00,33.08,49.22
2025-06-03 04:00:00,30.90,45.31
2025-06-03 05:00:00,22.36,46.30
2025-06-03 06:00:00,25.44,53.67
2025-06-03 07:00:00,25.92,54.89
2025-06-03 08:00:00,20.63,55.18
2025-06-03 09:00:00,19.21,58.38
2025-06-03 10:00:00,22.63,66.40
2025-06-03 11:00:00,89.98,116.46
2025-06-03 12:00:00,17.10,22.00
2025-06-03 13:00:00,NA,NA
2025-06-03 14:00:00,98.85,NA
2025-06-03 15:00:00,NA,NA
2025-06-03 16:00:00,NA,NA
2025-06-03 17:00:00,62.68,69.65
2025-06-03 18:00:00,56.11,73.37
2025-06-03 19:00:00,56.98,83.44
2025-06-03 20:00:00,55.81,78.79
2025-06-03 21:00:00,53.27,68.02
2025-06-03 22:00:00,43.15,66.22
2025-06-03 23:00:00,36.32,64.54
2025-06-04 00:00:00,42.95,64.15
2025-06-04 01:00:00,42.92,59.77
2025-06-04 02:00:00,45.70,54.87
2025-06-04 03:00:00,NA,NA
2025-06-04 04:00:00,NA,NA
2025-06-04 05:00:00,NA,NA
2025-06-04 06:00:00,42.96,44.49
2025-06-04 07:00:00,38.78,53.22
2025-06-04 08:00:00,37.26,57.11
2025-06-04 09:00:00,32.69,58.34
2025-06-04 10:00:00,35.81,68.92
2025-06-04 11:00:00,38.54,66.64
2025-06-04 12:00:00,34.08,76.70
2025-06-04 13:00:00,43.36,73.63
2025-06-04 14:00:00,53.74,69.01
2025-06-04 15:00:00,51.68,77.72
2025-06-04 16:00:00,57.60,82.15
2025-06-04 17:00:00,57.80,72.62
2025-06-04 18:00:00,57.19,71.29
2025-06-04 19:00:00,60.07,79.08
2025-06-04 20:00:00,61.78,73.08
2025-06-04 21:00:00,50.66,71.68
2025-06-04 22:00:00,42.91,75.34
2025-06-04 23:00:00,45.35,70.44
2025-06-05 00:00:00,36.91,67.24
2025-06-05 01:00:00,36.00,54.89
2025-06-05 02:00:00,40.33,49.71
2025-06-05 03:00:00,42.99,54.86
2025-06-05 04:00:00,37.02,49.79
2025-06-05 05:00:00,40.90,53.21
2025-06-05 06:00:00,35.35,50.65
2025-06-05 07:00:00,31.12,59.76
2025-06-05 08:00:00,37.55,65.73
2025-06-05 09:00:00,49.44,77.29
2025-06-05 10:00:00,71.29,89.54
2025-06-05 11:00:00,87.11,99.31
2025-06-05 12:00:00,59.38,102.50
2025-06-05 13:00:00,51.31,104.06
2025-06-05 14:00:00,45.44,100.75
2025-06-05 15:00:00,57.93,96.15
2025-06-05 16:00:00,51.48,95.04
2025-06-05 17:00:00,54.38,102.46
2025-06-05 18:00:00,50.74,84.97
2025-06-05 19:00:00,43.23,89.40
2025-06-05 20:00:00,41.50,87.95
2025-06-05 21:00:00,36.56,88.68
2025-06-05 22:00:00,38.89,89.92
2025-06-05 23:00:00,38.11,92.11
2025-06-06 00:00:00,34.42,94.70
2025-06-06 01:00:00,47.86,85.80
2025-06-06 02:00:00,54.81,84.82
2025-06-06 03:00:00,47.96,85.09
2025-06-06 04:00:00,39.89,89.51
2025-06-06 05:00:00,34.97,82.00
2025-06-06 06:00:00,33.80,76.29
2025-06-06 07:00:00,36.18,72.18
2025-06-06 08:00:00,32.59,79.19
2025-06-06 09:00:00,37.46,85.86
2025-06-06 10:00:00,43.95,89.62
2025-06-06 11:00:00,55.69,101.50
2025-06-06 12:00:00,48.13,111.52
2025-06-06 13:00:00,64.85,110.47
2025-06-06 14:00:00,66.47,110.16
2025-06-06 15:00:00,65.79,113.63
2025-06-06 16:00:00,60.10,113.40
2025-06-06 17:00:00,68.52,120.73
2025-06-06 18:00:00,65.58,118.18
2025-06-06 19:00:00,63.88,106.56
2025-06-06 20:00:00,51.26,104.17
2025-06-06 21:00:00,53.32,103.53
2025-06-06 22:00:00,49.28,99.72
2025-06-06 23:00:00,45.69,98.43
2025-06-07 00:00:00,43.02,72.74
2025-06-07 01:00:00,46.82,62.62
2025-06-07 02:00:00,53.19,63.67
2025-06-07 03:00:00,44.00,68.40
2025-06-07 04:00:00,45.08,71.31
2025-06-07 05:00:00,41.93,70.88
2025-06-07 06:00:00,44.73,70.56
2025-06-07 07:00:00,40.70,71.44
2025-06-07 08:00:00,41.98,77.53
2025-06-07 09:00:00,45.30,83.94
2025-06-07 10:00:00,43.90,95.21
2025-06-07 11:00:00,50.66,98.88
2025-06-07 12:00:00,46.24,101.64
2025-06-07 13:00:00,38.97,96.03
2025-06-07 14:00:00,38.03,92.29
2025-06-07 15:00:00,44.43,82.89
2025-06-07 16:00:00,38.04,84.98
2025-06-07 17:00:00,41.92,86.98
2025-06-07 18:00:00,43.49,86.59
2025-06-07 19:00:00,52.01,91.87
2025-06-07 20:00:00,43.43,93.96
2025-06-07 21:00:00,42.57,105.87
2025-06-07 22:00:00,49.00,108.42
2025-06-07 23:00:00,47.25,113.77
2025-06-08 00:00:00,42.50,103.46
2025-06-08 01:00:00,40.19,78.60
2025-06-08 02:00:00,42.32,68.96
2025-06-08 03:00:00,35.05,72.34
2025-06-08 04:00:00,31.55,76.58
2025-06-08 05:00:00,30.06,79.51
2025-06-08 06:00:00,30.31,77.98
2025-06-08 07:00:00,29.64,81.35
2025-06-08 08:00:00,37.66,85.53
2025-06-08 09:00:00,34.54,77.49
2025-06-08 10:00:00,31.43,72.90
2025-06-08 11:00:00,31.06,69.12
2025-06-08 12:00:00,29.49,70.80
2025-06-08 13:00:00,35.29,69.56
2025-06-08 14:00:00,30.78,66.28
2025-06-08 15:00:00,28.54,63.01
2025-06-08 16:00:00,29.89,57.07
2025-06-08 17:00:00,28.14,52.57
2025-06-08 18:00:00,26.53,55.93
2025-06-08 19:00:00,36.00,59.83
2025-06-08 20:00:00,30.89,49.91
2025-06-08 21:00:00,31.07,54.01
2025-06-08 22:00:00,30.24,51.08
2025-06-08 23:00:00,27.74,52.90
2025-06-09 00:00:00,26.98,52.40
2025-06-09 01:00:00,32.52,46.83
2025-06-09 02:00:00,34.21,39.88
2025-06-09 03:00:00,31.74,38.41
2025-06-09 04:00:00,36.45,37.92
2025-06-09 05:00:00,NA,NA
2025-06-09 06:00:00,38.82,39.20
2025-06-09 07:00:00,36.14,40.40
2025-06-09 08:00:00,38.42,49.45
2025-06-09 09:00:00,39.19,53.65
2025-06-09 10:00:00,33.53,59.27
2025-06-09 11:00:00,32.22,58.62
2025-06-09 12:00:00,28.90,52.74
2025-06-09 13:00:00,32.44,48.57
2025-06-09 14:00:00,47.34,50.04
2025-06-09 15:00:00,44.84,50.85
2025-06-09 16:00:00,NA,NA
2025-06-09 17:00:00,52.72,56.23
2025-06-09 18:00:00,56.78,67.44
2025-06-09 19:00:00,52.43,65.47
2025-06-09 20:00:00,48.33,65.96
2025-06-09 21:00:00,40.26,72.99
2025-06-09 22:00:00,38.25,69.44
2025-06-09 23:00:00,39.77,74.08
2025-06-10 00:00:00,35.92,66.60
2025-06-10 01:00:00,47.14,54.18
2025-06-10 02:00:00,42.18,45.32
2025-06-10 03:00:00,NA,NA
2025-06-10 04:00:00,NA,NA
2025-06-10 05:00:00,40.96,50.13
2025-06-10 06:00:00,36.26,50.72
2025-06-10 07:00:00,33.75,49.46
2025-06-10 08:00:00,30.37,56.08
2025-06-10 09:00:00,32.60,65.01
2025-06-10 10:00:00,34.40,64.01
2025-06-10 11:00:00,33.87,73.03
2025-06-10 12:00:00,36.39,80.08
2025-06-10 13:00:00,39.84,73.31
2025-06-10 14:00:00,48.11,68.82
2025-06-10 15:00:00,57.39,68.71
2025-06-10 16:00:00,64.72,71.61
2025-06-10 17:00:00,51.65,70.25
2025-06-10 18:00:00,48.51,59.39
2025-06-10 19:00:00,42.22,60.72
2025-06-10 20:00:00,44.97,58.11
2025-06-10 21:00:00,40.92,54.82
2025-06-10 22:00:00,47.48,51.74
2025-06-10 23:00:00,39.52,53.91
2025-06-11 00:00:00,34.18,57.42
2025-06-11 01:00:00,33.47,47.56
2025-06-11 02:00:00,37.11,40.48
2025-06-11 03:00:00,33.97,35.84
2025-06-11 04:00:00,NA,NA
2025-06-11 05:00:00,NA,NA
2025-06-11 06:00:00,41.38,43.01
2025-06-11 07:00:00,38.77,44.32
2025-06-11 08:00:00,38.52,53.37
2025-06-11 09:00:00,35.97,55.94
2025-06-11 10:00:00,40.83,69.28
2025-06-11 11:00:00,49.48,81.59
2025-06-11 12:00:00,44.65,78.70
2025-06-11 13:00:00,49.40,66.45
2025-06-11 14:00:00,49.95,69.10
2025-06-11 15:00:00,49.42,71.88
2025-06-11 16:00:00,46.03,68.78
2025-06-11 17:00:00,55.10,77.48
2025-06-11 18:00:00,53.87,76.26
2025-06-11 19:00:00,49.05,73.26
2025-06-11 20:00:00,41.03,77.13
2025-06-11 21:00:00,39.28,73.12
2025-06-11 22:00:00,38.64,67.25
2025-06-11 23:00:00,33.81,60.33
2025-06-12 00:00:00,37.01,57.11
2025-06-12 01:00:00,31.70,47.60
2025-06-12 02:00:00,31.54,40.97
2025-06-12 03:00:00,27.58,38.58
2025-06-12 04:00:00,25.73,41.74
2025-06-12 05:00:00,30.36,39.04
2025-06-12 06:00:00,30.28,41.76
2025-06-12 07:00:00,26.67,43.30
2025-06-12 08:00:00,25.62,46.90
2025-06-12 09:00:00,24.16,55.92
2025-06-12 10:00:00,27.67,63.37
2025-06-12 11:00:00,31.68,65.37
2025-06-12 12:00:00,33.85,64.81
2025-06-12 13:00:00,34.74,59.41
2025-06-12 14:00:00,42.18,56.68
2025-06-12 15:00:00,37.09,60.00
2025-06-12 16:00:00,34.87,58.45
2025-06-12 17:00:00,45.84,57.00
2025-06-12 18:00:00,39.22,63.65
2025-06-12 19:00:00,36.01,67.03
2025-06-12 20:00:00,37.17,61.88
2025-06-12 21:00:00,32.76,64.00
2025-06-12 22:00:00,33.80,52.93
2025-06-12 23:00:00,36.04,51.10
2025-06-13 00:00:00,30.34,50.04
2025-06-13 01:00:00,26.71,42.51
2025-06-13 02:00:00,25.60,36.76
2025-06-13 03:00:00,23.40,33.97
2025-06-13 04:00:00,22.69,40.22
2025-06-13 05:00:00,22.96,35.83
2025-06-13 06:00:00,22.89,40.33
2025-06-13 07:00:00,21.92,44.92
2025-06-13 08:00:00,21.94,51.33
2025-06-13 09:00:00,25.12,51.31
2025-06-13 10:00:00,24.73,57.72
2025-06-13 11:00:00,28.80,56.00
2025-06-13 12:00:00,29.22,55.83
2025-06-13 13:00:00,40.90,61.00
2025-06-13 14:00:00,38.13,60.26
2025-06-13 15:00:00,33.90,54.80
2025-06-13 16:00:00,33.88,60.46
2025-06-13 17:00:00,42.69,68.88
2025-06-13 18:00:00,41.16,70.88
2025-06-13 19:00:00,36.25,62.34
2025-06-13 20:00:00,46.72,64.53
2025-06-13 21:00:00,38.33,58.19
2025-06-13 22:00:00,34.19,55.06
2025-06-13 23:00:00,31.25,57.23
2025-06-14 00:00:00,29.26,46.43
2025-06-14 01:00:00,38.38,40.57
2025-06-14 02:00:00,NA,NA
2025-06-14 03:00:00,NA,NA
2025-06-14 04:00:00,NA,NA
2025-06-14 05:00:00,NA,NA
2025-06-14 06:00:00,33.66,34.77
2025-06-14 07:00:00,31.63,37.60
2025-06-14 08:00:00,31.83,45.39
2025-06-14 09:00:00,28.17,43.48
2025-06-14 10:00:00,30.04,50.20
2025-06-14 11:00:00,31.11,55.48
2025-06-14 12:00:00,40.72,55.37
2025-06-14 13:00:00,NA,NA
2025-06-14 14:00:00,NA,NA
2025-06-14 15:00:00,52.98,54.26
2025-06-14 16:00:00,NA,NA
2025-06-14 17:00:00,50.51,50.74
2025-06-14 18:00:00,43.67,49.04
2025-06-14 19:00:00,37.22,54.74
2025-06-14 20:00:00,33.77,54.33
2025-06-14 21:00:00,36.85,51.40
2025-06-14 22:00:00,32.86,44.61
2025-06-14 23:00:00,34.70,47.99
2025-06-15 00:00:00,33.10,45.66
2025-06-15 01:00:00,NA,NA
2025-06-15 02:00:00,NA,NA
2025-06-15 03:00:00,NA,NA
2025-06-15 04:00:00,NA,NA
2025-06-15 05:00:00,NA,NA
2025-06-15 06:00:00,32.27,36.39
2025-06-15 07:00:00,30.05,35.24
2025-06-15 08:00:00,31.26,43.46
2025-06-15 09:00:00,29.29,42.50
2025-06-15 10:00:00,27.52,42.09
2025-06-15 11:00:00,25.18,40.76
2025-06-15 12:00:00,26.50,43.54
2025-06-15 13:00:00,NA,NA
2025-06-15 14:00:00,NA,NA
2025-06-15 15:00:00,NA,NA
2025-06-15 16:00:00,38.54,42.27
2025-06-15 17:00:00,34.38,41.84
2025-06-15 18:00:00,31.79,43.51
2025-06-15 19:00:00,27.69,40.11
2025-06-15 20:00:00,26.13,42.30
2025-06-15 21:00:00,32.02,54.49
2025-06-15 22:00:00,29.61,55.27
2025-06-15 23:00:00,40.85,48.86
2025-06-16 00:00:00,34.45,46.40
2025-06-16 01:00:00,39.49,42.01
2025-06-16 02:00:00,NA,NA
2025-06-16 03:00:00,NA,NA
2025-06-16 04:00:00,NA,NA
2025-06-16 05:00:00,NA,NA
2025-06-16 06:00:00,NA,NA
2025-06-16 07:00:00,33.45,33.91
2025-06-16 08:00:00,30.34,37.83
2025-06-16 09:00:00,28.85,40.26
2025-06-16 10:00:00,30.68,58.58
2025-06-16 11:00:00,27.81,57.87
2025-06-16 12:00:00,35.03,62.14
2025-06-16 13:00:00,54.82,60.41
2025-06-16 14:00:00,46.75,57.78
2025-06-16 15:00:00,50.88,56.56
2025-06-16 16:00:00,49.85,58.49
2025-06-16 17:00:00,51.37,53.94
2025-06-16 18:00:00,47.95,61.86
2025-06-16 19:00:00,44.66,65.17
2025-06-16 20:00:00,49.36,63.46
2025-06-16 21:00:00,42.08,61.59
2025-06-16 22:00:00,42.70,62.99
2025-06-16 23:00:00,36.25,53.83
2025-06-17 00:00:00,32.80,53.17
2025-06-17 01:00:00,39.08,44.42
2025-06-17 02:00:00,33.96,38.00
2025-06-17 03:00:00,NA,NA
2025-06-17 04:00:00,NA,NA
2025-06-17 05:00:00,NA,NA
2025-06-17 06:00:00,39.33,45.88
2025-06-17 07:00:00,35.79,43.12
2025-06-17 08:00:00,38.47,51.89
2025-06-17 09:00:00,40.38,56.97
2025-06-17 10:00:00,37.36,60.63
2025-06-17 11:00:00,32.82,61.36
2025-06-17 12:00:00,30.76,64.73
2025-06-17 13:00:00,43.79,57.84
2025-06-17 14:00:00,50.87,60.68
2025-06-17 15:00:00,43.83,59.39
2025-06-17 16:00:00,46.54,63.66
2025-06-17 17:00:00,47.24,60.22
2025-06-17 18:00:00,39.76,53.19
2025-06-17 19:00:00,45.28,56.72
2025-06-17 20:00:00,46.36,57.88
2025-06-17 21:00:00,41.00,67.33
2025-06-17 22:00:00,37.90,62.50
2025-06-17 23:00:00,37.71,61.53
2025-06-18 00:00:00,35.06,53.51
2025-06-18 01:00:00,35.95,45.92
2025-06-18 02:00:00,34.70,41.22
2025-06-18 03:00:00,37.19,40.44
2025-06-18 04:00:00,33.31,42.82
2025-06-18 05:00:00,33.63,45.00
2025-06-18 06:00:00,42.11,46.97
2025-06-18 07:00:00,38.13,50.76
2025-06-18 08:00:00,39.37,56.07
2025-06-18 09:00:00,38.57,63.86
2025-06-18 10:00:00,36.43,64.52
2025-06-18 11:00:00,39.13,68.01
2025-06-18 12:00:00,35.44,68.58
2025-06-18 13:00:00,39.06,68.58
2025-06-18 14:00:00,38.99,68.58
2025-06-18 15:00:00,42.85,68.58
2025-06-18 16:00:00,39.81,68.58
2025-06-18 17:00:00,43.65,68.58
2025-06-18 18:00:00,47.36,68.58
2025-06-18 19:00:00,46.11,68.58
2025-06-18 20:00:00,47.03,68.58
2025-06-18 21:00:00,39.49,68.58
2025-06-18 22:00:00,38.43,68.58
2025-06-18 23:00:00,43.07,68.58
2025-06-19 00:00:00,37.80,68.58
2025-06-19 01:00:00,47.50,68.58
2025-06-19 02:00:00,43.00,68.58
2025-06-19 03:00:00,47.49,68.58
2025-06-19 04:00:00,43.31,68.58
2025-06-19 05:00:00,39.05,68.58
2025-06-19 06:00:00,42.44,68.58
2025-06-19 07:00:00,45.50,68.58
2025-06-19 08:00:00,45.93,68.58
2025-06-19 09:00:00,40.28,68.58
2025-06-19 10:00:00,39.11,68.58
2025-06-19 11:00:00,40.61,68.58
2025-06-19 12:00:00,42.22,68.58
2025-06-19 13:00:00,48.22,68.58
2025-06-19 14:00:00,51.33,68.58
2025-06-19 15:00:00,43.36,68.58
2025-06-19 16:00:00,45.48,68.58
2025-06-19 17:00:00,45.82,139.07
2025-06-19 18:00:00,54.26,828.98
2025-06-19 19:00:00,46.06,828.98
2025-06-19 20:00:00,50.29,828.98
2025-06-19 21:00:00,57.12,828.98
2025-06-19 22:00:00,45.75,828.98
2025-06-19 23:00:00,39.07,828.98
2025-06-20 00:00:00,42.42,828.98
2025-06-20 01:00:00,43.74,828.98
2025-06-20 02:00:00,42.13,828.98
2025-06-20 03:00:00,47.44,828.98
2025-06-20 04:00:00,41.01,828.98
2025-06-20 05:00:00,43.17,828.98
2025-06-20 06:00:00,45.64,828.98
2025-06-20 07:00:00,39.20,828.98
2025-06-20 08:00:00,37.48,828.98
2025-06-20 09:00:00,39.99,701.21
2025-06-20 10:00:00,NA,NA
2025-06-20 11:00:00,NA,NA
2025-06-20 12:00:00,NA,NA
2025-06-20 13:00:00,NA,NA
2025-06-20 14:00:00,NA,NA
2025-06-20 15:00:00,NA,NA
2025-06-20 16:00:00,NA,NA
2025-06-20 17:00:00,NA,NA
2025-06-20 18:00:00,NA,NA
2025-06-20 19:00:00,NA,NA
2025-06-20 20:00:00,NA,NA
2025-06-20 21:00:00,NA,NA
2025-06-20 22:00:00,NA,NA
2025-06-20 23:00:00,NA,NA
2025-06-21 00:00:00,NA,NA
2025-06-21 01:00:00,NA,NA
2025-06-21 02:00:00,NA,NA
2025-06-21 03:00:00,NA,NA
2025-06-21 04:00:00,NA,NA
2025-06-21 05:00:00,NA,NA
2025-06-21 06:00:00,NA,NA
2025-06-21 07:00:00,NA,NA
2025-06-21 08:00:00,NA,NA
2025-06-21 09:00:00,NA,NA
2025-06-21 10:00:00,NA,NA
2025-06-21 11:00:00,NA,NA
2025-06-21 12:00:00,NA,NA
2025-06-21 13:00:00,NA,NA
2025-06-21 14:00:00,NA,NA
2025-06-21 15:00:00,NA,NA
2025-06-21 16:00:00,NA,NA
2025-06-21 17:00:00,NA,NA
2025-06-21 18:00:00,NA,NA
2025-06-21 19:00:00,NA,NA
2025-06-21 20:00:00,NA,NA
2025-06-21 21:00:00,NA,NA
2025-06-21 22:00:00,NA,NA
2025-06-21 23:00:00,NA,NA
2025-06-22 00:00:00,NA,NA
2025-06-22 01:00:00,NA,NA
2025-06-22 02:00:00,NA,NA
2025-06-22 03:00:00,NA,NA
2025-06-22 04:00:00,NA,NA
2025-06-22 05:00:00,NA,NA
2025-06-22 06:00:00,NA,NA
2025-06-22 07:00:00,NA,NA
2025-06-22 08:00:00,NA,NA
2025-06-22 09:00:00,NA,NA
2025-06-22 10:00:00,NA,NA
2025-06-22 11:00:00,NA,NA
2025-06-22 12:00:00,NA,NA
2025-06-22 13:00:00,NA,NA
2025-06-22 14:00:00,NA,NA
2025-06-22 15:00:00,NA,NA
2025-06-22 16:00:00,NA,NA
2025-06-22 17:00:00,NA,NA
2025-06-22 18:00:00,NA,NA
2025-06-22 19:00:00,NA,NA
2025-06-22 20:00:00,NA,NA
2025-06-22 21:00:00,NA,NA
2025-06-22 22:00:00,NA,NA
2025-06-22 23:00:00,NA,NA
2025-06-23 00:00:00,NA,NA
2025-06-23 01:00:00,NA,NA
2025-06-23 02:00:00,NA,NA
2025-06-23 03:00:00,NA,NA
2025-06-23 04:00:00,NA,NA
2025-06-23 05:00:00,NA,NA
2025-06-23 06:00:00,NA,NA
2025-06-23 07:00:00,NA,NA
2025-06-23 08:00:00,NA,NA
2025-06-23 09:00:00,NA,NA
2025-06-23 10:00:00,NA,NA
2025-06-23 11:00:00,NA,NA
2025-06-23 12:00:00,NA,NA
2025-06-23 13:00:00,NA,NA
2025-06-23 14:00:00,NA,NA
2025-06-23 15:00:00,NA,NA
2025-06-23 16:00:00,NA,NA
2025-06-23 17:00:00,NA,NA
2025-06-23 18:00:00,NA,NA
2025-06-23 19:00:00,NA,NA
2025-06-23 20:00:00,NA,NA
2025-06-23 21:00:00,NA,NA
2025-06-23 22:00:00,NA,NA
2025-06-23 23:00:00,NA,NA
2025-06-24 00:00:00,NA,NA
2025-06-24 01:00:00,NA,NA
2025-06-24 02:00:00,NA,NA
2025-06-24 03:00:00,NA,NA
2025-06-24 04:00:00,NA,NA
2025-06-24 05:00:00,NA,NA
2025-06-24 06:00:00,NA,NA
2025-06-24 07:00:00,NA,NA
2025-06-24 08:00:00,NA,NA
2025-06-24 09:00:00,NA,NA
2025-06-24 10:00:00,NA,NA
2025-06-24 11:00:00,NA,NA
2025-06-24 12:00:00,NA,NA
2025-06-24 13:00:00,NA,NA
2025-06-24 14:00:00,NA,NA
2025-06-24 15:00:00,NA,NA
2025-06-24 16:00:00,NA,NA
2025-06-24 17:00:00,NA,NA
2025-06-24 18:00:00,NA,NA
2025-06-24 19:00:00,NA,NA
2025-06-24 20:00:00,NA,NA
2025-06-24 21:00:00,NA,NA
2025-06-24 22:00:00,NA,NA
2025-06-24 23:00:00,NA,NA
2025-06-25 00:00:00,NA,NA
2025-06-25 01:00:00,NA,NA
2025-06-25 02:00:00,NA,NA
2025-06-25 03:00:00,NA,NA
2025-06-25 04:00:00,NA,NA
2025-06-25 05:00:00,NA,NA
2025-06-25 06:00:00,NA,NA
2025-06-25 07:00:00,NA,NA
2025-06-25 08:00:00,NA,NA
2025-06-25 09:00:00,NA,NA
2025-06-25 10:00:00,NA,NA
2025-06-25 11:00:00,NA,NA
2025-06-25 12:00:00,NA,NA
2025-06-25 13:00:00,NA,NA
2025-06-25 14:00:00,NA,NA
2025-06-25 15:00:00,NA,NA
2025-06-25 16:00:00,NA,NA
2025-06-25 17:00:00,NA,NA
2025-06-25 18:00:00,NA,NA
2025-06-25 19:00:00,NA,NA
2025-06-25 20:00:00,NA,NA
2025-06-25 21:00:00,NA,NA
2025-06-25 22:00:00,NA,NA
2025-06-25 23:00:00,NA,NA
2025-06-26 00:00:00,NA,NA
2025-06-26 01:00:00,NA,NA
2025-06-26 02:00:00,NA,NA
2025-06-26 03:00:00,NA,NA
2025-06-26 04:00:00,NA,NA
2025-06-26 05:00:00,NA,NA
2025-06-26 06:00:00,NA,NA
2025-06-26 07:00:00,NA,NA
2025-06-26 08:00:00,NA,NA
2025-06-26 09:00:00,NA,NA
2025-06-26 10:00:00,NA,NA
2025-06-26 11:00:00,NA,NA
2025-06-26 12:00:00,NA,NA
2025-06-26 13:00:00,NA,NA
2025-06-26 14:00:00,NA,NA
2025-06-26 15:00:00,NA,NA
2025-06-26 16:00:00,NA,NA
2025-06-26 17:00:00,NA,NA
2025-06-26 18:00:00,NA,NA
2025-06-26 19:00:00,NA,NA
2025-06-26 20:00:00,NA,NA
2025-06-26 21:00:00,NA,NA
2025-06-26 22:00:00,NA,NA
2025-06-26 23:00:00,NA,NA
2025-06-27 00:00:00,NA,NA
2025-06-27 01:00:00,NA,NA
2025-06-27 02:00:00,NA,NA
2025-06-27 03:00:00,NA,NA
2025-06-27 04:00:00,NA,NA
2025-06-27 05:00:00,NA,NA
2025-06-27 06:00:00,NA,NA
2025-06-27 07:00:00,NA,NA
2025-06-27 08:00:00,NA,NA
2025-06-27 09:00:00,NA,NA
2025-06-27 10:00:00,NA,NA
2025-06-27 11:00:00,NA,NA
2025-06-27 12:00:00,NA,NA
2025-06-27 13:00:00,NA,NA
2025-06-27 14:00:00,NA,NA
2025-06-27 15:00:00,NA,NA
2025-06-27 16:00:00,NA,NA
2025-06-27 17:00:00,NA,NA
2025-06-27 18:00:00,NA,NA
2025-06-27 19:00:00,NA,NA
2025-06-27 20:00:00,NA,NA
2025-06-27 21:00:00,NA,NA
2025-06-27 22:00:00,NA,NA
2025-06-27 23:00:00,NA,NA
2025-06-28 00:00:00,NA,NA
2025-06-28 01:00:00,NA,NA
2025-06-28 02:00:00,NA,NA
2025-06-28 03:00:00,NA,NA
2025-06-28 04:00:00,NA,NA
2025-06-28 05:00:00,NA,NA
2025-06-28 06:00:00,NA,NA
2025-06-28 07:00:00,NA,NA
2025-06-28 08:00:00,NA,NA
2025-06-28 09:00:00,NA,NA
2025-06-28 10:00:00,NA,NA
2025-06-28 11:00:00,NA,NA
2025-06-28 12:00:00,NA,NA
2025-06-28 13:00:00,NA,NA
2025-06-28 14:00:00,NA,NA
2025-06-28 15:00:00,NA,NA
2025-06-28 16:00:00,NA,NA
2025-06-28 17:00:00,NA,NA
2025-06-28 18:00:00,NA,NA
2025-06-28 19:00:00,NA,NA
2025-06-28 20:00:00,NA,NA
2025-06-28 21:00:00,NA,NA
2025-06-28 22:00:00,NA,NA
2025-06-28 23:00:00,NA,NA
2025-06-29 00:00:00,NA,NA
2025-06-29 01:00:00,NA,NA
2025-06-29 02:00:00,NA,NA
2025-06-29 03:00:00,NA,NA
2025-06-29 04:00:00,NA,NA
2025-06-29 05:00:00,NA,NA
2025-06-29 06:00:00,NA,NA
2025-06-29 07:00:00,NA,NA
2025-06-29 08:00:00,NA,NA
2025-06-29 09:00:00,NA,NA
2025-06-29 10:00:00,NA,NA
2025-06-29 11:00:00,NA,NA
2025-06-29 12:00:00,NA,NA
2025-06-29 13:00:00,NA,NA
2025-06-29 14:00:00,NA,NA
2025-06-29 15:00:00,NA,NA
2025-06-29 16:00:00,NA,NA
2025-06-29 17:00:00,NA,NA
2025-06-29 18:00:00,NA,NA
2025-06-29 19:00:00,NA,NA
2025-06-29 20:00:00,NA,NA
2025-06-29 21:00:00,NA,NA
2025-06-29 22:00:00,NA,NA
2025-06-29 23:00:00,NA,NA
2025-06-30 00:00:00,NA,NA
2025-06-30 01:00:00,NA,NA
2025-06-30 02:00:00,NA,NA
2025-06-30 03:00:00,NA,NA
2025-06-30 04:00:00,NA,NA
2025-06-30 05:00:00,NA,NA
2025-06-30 06:00:00,NA,NA
2025-06-30 07:00:00,NA,NA
2025-06-30 08:00:00,NA,NA
2025-06-30 09:00:00,NA,NA
2025-06-30 10:00:00,NA,NA
2025-06-30 11:00:00,NA,NA
2025-06-30 12:00:00,NA,NA
2025-06-30 13:00:00,NA,NA
2025-06-30 14:00:00,NA,NA
2025-06-30 15:00:00,NA,NA
2025-06-30 16:00:00,NA,NA
2025-06-30 17:00:00,NA,NA
2025-06-30 18:00:00,NA,NA
2025-06-30 19:00:00,NA,NA
2025-06-30 20:00:00,NA,NA
2025-06-30 21:00:00,NA,NA
2025-06-30 22:00:00,NA,NA
2025-06-30 23:00:00,NA,NA
2025-07-01 00:00:00,NA,NA
2025-07-01 01:00:00,NA,NA
2025-07-01 02:00:00,NA,NA
2025-07-01 03:00:00,NA,NA
2025-07-01 04:00:00,NA,NA
2025-07-01 05:00:00,NA,NA
2025-07-01 06:00:00,NA,NA
2025-07-01 07:00:00,NA,NA
2025-07-01 08:00:00,NA,NA
2025-07-01 09:00:00,NA,NA
2025-07-01 10:00:00,NA,NA
2025-07-01 11:00:00,NA,NA
2025-07-01 12:00:00,NA,NA
2025-07-01 13:00:00,NA,NA
2025-07-01 14:00:00,NA,NA
2025-07-01 15:00:00,NA,NA
2025-07-01 16:00:00,NA,NA
2025-07-01 17:00:00,NA,NA
2025-07-01 18:00:00,NA,NA
2025-07-01 19:00:00,NA,NA
2025-07-01 20:00:00,NA,NA
2025-07-01 21:00:00,NA,NA
2025-07-01 22:00:00,NA,NA
2025-07-01 23:00:00,NA,NA
2025-07-02 00:00:00,NA,NA
2025-07-02 01:00:00,NA,NA
2025-07-02 02:00:00,NA,NA
2025-07-02 03:00:00,NA,NA
2025-07-02 04:00:00,NA,NA
2025-07-02 05:00:00,NA,NA
2025-07-02 06:00:00,NA,NA
2025-07-02 07:00:00,NA,NA
2025-07-02 08:00:00,NA,NA
2025-07-02 09:00:00,NA,NA
2025-07-02 10:00:00,NA,NA
2025-07-02 11:00:00,NA,NA
2025-07-02 12:00:00,NA,NA
2025-07-02 13:00:00,NA,NA
2025-07-02 14:00:00,NA,NA
2025-07-02 15:00:00,NA,NA
2025-07-02 16:00:00,NA,NA
2025-07-02 17:00:00,NA,NA
2025-07-02 18:00:00,NA,NA
2025-07-02 19:00:00,NA,NA
2025-07-02 20:00:00,NA,NA
2025-07-02 21:00:00,NA,NA
2025-07-02 22:00:00,NA,NA
2025-07-02 23:00:00,NA,NA
2025-07-03 00:00:00,NA,NA
2025-07-03 01:00:00,NA,NA
2025-07-03 02:00:00,NA,NA
2025-07-03 03:00:00,NA,NA
2025-07-03 04:00:00,NA,NA
2025-07-03 05:00:00,NA,NA
2025-07-03 06:00:00,NA,NA
2025-07-03 07:00:00,NA,NA
2025-07-03 08:00:00,NA,NA
2025-07-03 09:00:00,NA,NA
2025-07-03 10:00:00,NA,NA
2025-07-03 11:00:00,NA,NA
2025-07-03 12:00:00,NA,NA
2025-07-03 13:00:00,NA,NA
2025-07-03 14:00:00,NA,NA
2025-07-03 15:00:00,NA,NA
2025-07-03 16:00:00,NA,NA
2025-07-03 17:00:00,NA,NA
2025-07-03 18:00:00,NA,NA
2025-07-03 19:00:00,NA,NA
2025-07-03 20:00:00,NA,NA
2025-07-03 21:00:00,NA,NA
2025-07-03 22:00:00,NA,NA
2025-07-03 23:00:00,NA,NA
2025-07-04 00:00:00,NA,NA
2025-07-04 01:00:00,NA,NA
2025-07-04 02:00:00,NA,NA
2025-07-04 03:00:00,NA,NA
2025-07-04 04:00:00,NA,NA
2025-07-04 05:00:00,NA,NA
2025-07-04 06:00:00,NA,NA
2025-07-04 07:00:00,NA,NA
2025-07-04 08:00:00,NA,NA
2025-07-04 09:00:00,NA,NA
2025-07-04 10:00:00,NA,NA
2025-07-04 11:00:00,NA,NA
2025-07-04 12:00:00,27.54,68.54
2025-07-04 13:00:00,25.57,70.72
2025-07-04 14:00:00,25.85,74.28
2025-07-04 15:00:00,24.06,69.74
2025-07-04 16:00:00,26.11,66.61
2025-07-04 17:00:00,28.24,71.36
2025-07-04 18:00:00,32.92,60.14
2025-07-04 19:00:00,31.04,62.18
2025-07-04 20:00:00,34.14,70.86
2025-07-04 21:00:00,36.07,73.79
2025-07-04 22:00:00,34.40,81.85
2025-07-04 23:00:00,31.48,76.89
2025-07-05 00:00:00,28.20,67.18
2025-07-05 01:00:00,28.94,64.76
2025-07-05 02:00:00,31.25,62.50
2025-07-05 03:00:00,28.15,59.66
2025-07-05 04:00:00,23.42,58.88
2025-07-05 05:00:00,27.79,60.84
2025-07-05 06:00:00,29.82,53.28
2025-07-05 07:00:00,28.21,44.19
2025-07-05 08:00:00,29.56,50.14
2025-07-05 09:00:00,30.27,50.54
2025-07-05 10:00:00,26.36,57.67
2025-07-05 11:00:00,24.90,59.28
2025-07-05 12:00:00,23.58,59.22
2025-07-05 13:00:00,24.67,68.42
2025-07-05 14:00:00,22.64,72.37
2025-07-05 15:00:00,21.30,66.83
2025-07-05 16:00:00,19.62,67.60
2025-07-05 17:00:00,18.34,72.76
2025-07-05 18:00:00,22.29,69.13
2025-07-05 19:00:00,25.72,69.39
2025-07-05 20:00:00,26.28,73.29
2025-07-05 21:00:00,31.54,75.82
2025-07-05 22:00:00,31.79,76.47
2025-07-05 23:00:00,27.46,67.78
2025-07-06 00:00:00,23.94,61.40
2025-07-06 01:00:00,24.68,59.30
2025-07-06 02:00:00,22.86,56.13
2025-07-06 03:00:00,20.74,52.35
2025-07-06 04:00:00,21.59,47.44
2025-07-06 05:00:00,22.21,49.58
2025-07-06 06:00:00,26.96,44.98
2025-07-06 07:00:00,28.25,43.22
2025-07-06 08:00:00,28.40,40.85
2025-07-06 09:00:00,25.71,44.12
2025-07-06 10:00:00,25.99,45.26
2025-07-06 11:00:00,25.20,54.27
2025-07-06 12:00:00,25.12,56.79
2025-07-06 13:00:00,25.88,61.74
2025-07-06 14:00:00,24.37,63.47
2025-07-06 15:00:00,21.06,65.13
2025-07-06 16:00:00,19.12,68.22
2025-07-06 17:00:00,21.28,70.85
2025-07-06 18:00:00,24.23,66.10
2025-07-06 19:00:00,31.01,60.26
2025-07-06 20:00:00,31.17,56.96
2025-07-06 21:00:00,29.20,64.85
2025-07-06 22:00:00,31.51,64.66
2025-07-06 23:00:00,30.00,62.37
2025-07-07 00:00:00,27.97,63.31
2025-07-07 01:00:00,27.97,58.89
2025-07-07 02:00:00,24.76,52.98
2025-07-07 03:00:00,21.68,53.98
2025-07-07 04:00:00,19.54,50.19
2025-07-07 05:00:00,22.13,51.73
2025-07-07 06:00:00,26.55,50.96
2025-07-07 07:00:00,28.54,49.14
2025-07-07 08:00:00,26.07,53.64
2025-07-07 09:00:00,25.34,63.46
2025-07-07 10:00:00,26.54,68.76
2025-07-07 11:00:00,27.62,69.62
2025-07-07 12:00:00,26.84,79.80
2025-07-07 13:00:00,31.57,82.94
2025-07-07 14:00:00,30.09,85.29
2025-07-07 15:00:00,27.53,82.69
2025-07-07 16:00:00,24.02,80.80
2025-07-07 17:00:00,26.93,86.09
2025-07-07 18:00:00,29.42,81.39
2025-07-07 19:00:00,27.88,82.50
2025-07-07 20:00:00,28.74,84.54
2025-07-07 21:00:00,26.60,86.78
2025-07-07 22:00:00,28.94,92.34
2025-07-07 23:00:00,33.16,97.34
2025-07-08 00:00:00,29.68,94.09
2025-07-08 01:00:00,30.59,83.62
2025-07-08 02:00:00,28.39,84.46
2025-07-08 03:00:00,25.72,85.72
2025-07-08 04:00:00,26.00,80.14
2025-07-08 05:00:00,27.16,73.70
2025-07-08 06:00:00,28.64,71.72
2025-07-08 07:00:00,27.29,72.47
2025-07-08 08:00:00,28.40,74.61
2025-07-08 09:00:00,28.75,71.96
2025-07-08 10:00:00,28.66,79.04
2025-07-08 11:00:00,26.43,85.55
2025-07-08 12:00:00,26.34,83.43
2025-07-08 13:00:00,25.30,84.88
2025-07-08 14:00:00,23.92,87.92
2025-07-08 15:00:00,26.00,85.59
2025-07-08 16:00:00,29.88,88.00
2025-07-08 17:00:00,40.44,85.82
2025-07-08 18:00:00,44.67,78.54
2025-07-08 19:00:00,42.12,77.48
2025-07-08 20:00:00,38.06,68.55
2025-07-08 21:00:00,37.46,65.87
2025-07-08 22:00:00,38.21,58.06
2025-07-08 23:00:00,34.49,53.84
2025-07-09 00:00:00,30.42,56.34
2025-07-09 01:00:00,27.26,52.71
2025-07-09 02:00:00,27.31,50.69
2025-07-09 03:00:00,25.23,50.19
2025-07-09 04:00:00,25.06,48.47
2025-07-09 05:00:00,24.97,51.85
2025-07-09 06:00:00,23.05,48.20
2025-07-09 07:00:00,27.64,49.89
2025-07-09 08:00:00,26.57,58.41
2025-07-09 09:00:00,25.44,59.33
2025-07-09 10:00:00,29.92,65.79
2025-07-09 11:00:00,34.50,70.72
2025-07-09 12:00:00,31.35,80.70
2025-07-09 13:00:00,31.34,83.14
2025-07-09 14:00:00,28.46,77.39
2025-07-09 15:00:00,29.19,75.76
2025-07-09 16:00:00,29.86,79.81
2025-07-09 17:00:00,28.88,85.63
2025-07-09 18:00:00,29.86,85.79
2025-07-09 19:00:00,34.30,80.27
2025-07-09 20:00:00,33.52,78.85
2025-07-09 21:00:00,37.88,82.26
2025-07-09 22:00:00,36.92,83.60
2025-07-09 23:00:00,33.95,76.47
2025-07-10 00:00:00,29.13,65.81
2025-07-10 01:00:00,30.05,66.78
2025-07-10 02:00:00,28.07,66.54
2025-07-10 03:00:00,25.38,69.37
2025-07-10 04:00:00,23.13,72.52
2025-07-10 05:00:00,25.70,69.08
2025-07-10 06:00:00,27.48,60.19
2025-07-10 07:00:00,27.96,61.49
2025-07-10 08:00:00,30.37,60.60
2025-07-10 09:00:00,30.74,64.26
2025-07-10 10:00:00,27.10,60.35
2025-07-10 11:00:00,31.31,66.89
2025-07-10 12:00:00,30.31,71.70
2025-07-10 13:00:00,28.14,78.32
2025-07-10 14:00:00,29.84,73.97
2025-07-10 15:00:00,26.94,74.36
2025-07-10 16:00:00,23.80,72.73
2025-07-10 17:00:00,25.08,62.62
2025-07-10 18:00:00,29.96,62.26
2025-07-10 19:00:00,30.85,56.71
2025-07-10 20:00:00,32.15,54.60
2025-07-10 21:00:00,28.87,64.50
2025-07-10 22:00:00,29.61,70.35
2025-07-10 23:00:00,28.21,71.68
2025-07-11 00:00:00,26.65,78.70
2025-07-11 01:00:00,23.94,77.52
2025-07-11 02:00:00,20.63,68.38
2025-07-11 03:00:00,24.23,65.22
2025-07-11 04:00:00,24.40,72.19
2025-07-11 05:00:00,26.22,77.34
2025-07-11 06:00:00,31.98,65.22
2025-07-11 07:00:00,36.45,63.80
2025-07-11 08:00:00,32.32,66.44
2025-07-11 09:00:00,29.91,71.80
2025-07-11 10:00:00,31.56,70.77
2025-07-11 11:00:00,32.51,73.76
2025-07-11 12:00:00,28.75,73.38
2025-07-11 13:00:00,27.61,75.06
2025-07-11 14:00:00,25.93,74.82
2025-07-11 15:00:00,23.84,73.96
2025-07-11 16:00:00,25.57,81.72
2025-07-11 17:00:00,29.05,76.53
2025-07-11 18:00:00,31.44,65.71
2025-07-11 19:00:00,32.01,58.33
2025-07-11 20:00:00,35.35,62.10
2025-07-11 21:00:00,34.12,63.48
2025-07-11 22:00:00,31.40,66.71
2025-07-11 23:00:00,28.16,65.45
2025-07-12 00:00:00,27.54,55.56
2025-07-12 01:00:00,25.45,50.62
2025-07-12 02:00:00,21.88,50.62
2025-07-12 03:00:00,22.58,45.03
2025-07-12 04:00:00,21.29,46.46
2025-07-12 05:00:00,28.15,43.36
2025-07-12 06:00:00,32.98,43.33
2025-07-12 07:00:00,33.74,45.75
2025-07-12 08:00:00,34.16,41.72
2025-07-12 09:00:00,31.43,50.31
2025-07-12 10:00:00,28.96,55.37
2025-07-12 11:00:00,25.88,60.94
2025-07-12 12:00:00,22.75,57.71
2025-07-12 13:00:00,23.12,63.56
2025-07-12 14:00:00,21.39,65.57
2025-07-12 15:00:00,19.40,70.13
2025-07-12 16:00:00,21.00,69.99
2025-07-12 17:00:00,25.33,75.34
2025-07-12 18:00:00,36.37,63.37
2025-07-12 19:00:00,37.97,49.42
2025-07-12 20:00:00,36.39,43.79
2025-07-12 21:00:00,35.10,44.14
2025-07-12 22:00:00,34.24,46.59
2025-07-12 23:00:00,30.51,55.98
2025-07-13 00:00:00,26.92,62.51
2025-07-13 01:00:00,24.87,58.60
2025-07-13 02:00:00,23.08,56.74
2025-07-13 03:00:00,22.53,52.69
2025-07-13 04:00:00,20.78,51.77
2025-07-13 05:00:00,24.71,49.68
2025-07-13 06:00:00,23.76,45.66
2025-07-13 07:00:00,28.24,47.41
2025-07-13 08:00:00,28.37,48.09
2025-07-13 09:00:00,29.95,51.84
2025-07-13 10:00:00,30.49,52.49
2025-07-13 11:00:00,29.22,58.10
2025-07-13 12:00:00,27.96,58.51
2025-07-13 13:00:00,24.30,57.00
2025-07-13 14:00:00,21.87,58.95
2025-07-13 15:00:00,23.17,64.56
2025-07-13 16:00:00,21.64,67.09
2025-07-13 17:00:00,23.40,66.37
2025-07-13 18:00:00,26.40,62.41
2025-07-13 19:00:00,30.70,55.32
2025-07-13 20:00:00,32.26,57.46
2025-07-13 21:00:00,29.47,57.14
2025-07-13 22:00:00,29.26,58.14
2025-07-13 23:00:00,31.05,56.37
2025-07-14 00:00:00,29.32,50.33
2025-07-14 01:00:00,30.04,56.34
2025-07-14 02:00:00,27.45,51.66
2025-07-14 03:00:00,23.41,48.73
2025-07-14 04:00:00,20.65,50.21
2025-07-14 05:00:00,21.93,51.41
2025-07-14 06:00:00,24.51,47.61
2025-07-14 07:00:00,24.52,47.93
2025-07-14 08:00:00,28.00,44.01
2025-07-14 09:00:00,28.08,49.72
2025-07-14 10:00:00,28.00,51.56
2025-07-14 11:00:00,25.45,52.34
2025-07-14 12:00:00,25.64,59.17
2025-07-14 13:00:00,24.13,61.80
2025-07-14 14:00:00,25.70,65.99
2025-07-14 15:00:00,23.88,70.14
2025-07-14 16:00:00,20.58,68.70
2025-07-14 17:00:00,25.44,67.15
2025-07-14 18:00:00,29.76,57.63
2025-07-14 19:00:00,33.96,58.80
2025-07-14 20:00:00,33.76,63.71
2025-07-14 21:00:00,32.98,64.60
2025-07-14 22:00:00,33.82,63.94
2025-07-14 23:00:00,45.52,NA
2025-07-15 00:00:00,46.27,NA
2025-07-15 01:00:00,43.24,NA
2025-07-15 02:00:00,37.29,NA
2025-07-15 03:00:00,30.45,NA
2025-07-15 04:00:00,25.57,45.85
2025-07-15 05:00:00,36.60,52.86
2025-07-15 06:00:00,44.97,NA
2025-07-15 07:00:00,43.78,NA
2025-07-15 08:00:00,40.70,NA
2025-07-15 09:00:00,34.57,NA
2025-07-15 10:00:00,29.78,NA
2025-07-15 11:00:00,33.14,53.84
2025-07-15 12:00:00,39.06,48.88
2025-07-15 13:00:00,35.47,49.26
2025-07-15 14:00:00,29.13,51.93
2025-07-15 15:00:00,28.19,54.39
2025-07-15 16:00:00,26.46,51.59
2025-07-15 17:00:00,27.62,56.09
2025-07-15 18:00:00,31.64,50.26
2025-07-15 19:00:00,37.34,61.58
2025-07-15 20:00:00,41.04,75.08
2025-07-15 21:00:00,42.61,77.83
2025-07-15 22:00:00,38.08,75.12
2025-07-15 23:00:00,36.29,65.61
2025-07-16 00:00:00,33.52,71.16
2025-07-16 01:00:00,28.49,71.20
2025-07-16 02:00:00,24.26,63.12
2025-07-16 03:00:00,21.27,54.94
2025-07-16 04:00:00,20.89,53.80
2025-07-16 05:00:00,22.61,48.33
2025-07-16 06:00:00,27.32,44.94
2025-07-16 07:00:00,28.53,44.58
2025-07-16 08:00:00,29.54,45.37
2025-07-16 09:00:00,32.28,52.73
2025-07-16 10:00:00,29.79,54.35
2025-07-16 11:00:00,26.74,58.40
2025-07-16 12:00:00,27.87,63.94
2025-07-16 13:00:00,25.29,65.57
2025-07-16 14:00:00,24.84,70.34
2025-07-16 15:00:00,22.84,67.75
2025-07-16 16:00:00,19.61,69.46
2025-07-16 17:00:00,24.35,67.87
2025-07-16 18:00:00,30.85,62.46
2025-07-16 19:00:00,33.79,55.40
2025-07-16 20:00:00,31.35,54.94
2025-07-16 21:00:00,28.79,73.63
2025-07-16 22:00:00,32.36,72.82
2025-07-16 23:00:00,31.31,69.24
2025-07-17 00:00:00,27.70,65.24
2025-07-17 01:00:00,26.80,60.39
2025-07-17 02:00:00,24.09,51.69
2025-07-17 03:00:00,20.71,43.60
2025-07-17 04:00:00,19.73,37.50
2025-07-17 05:00:00,27.69,33.06
2025-07-17 06:00:00,31.47,31.99
2025-07-17 07:00:00,NA,NA
2025-07-17 08:00:00,30.59,54.45
2025-07-17 09:00:00,28.29,62.27
2025-07-17 10:00:00,27.25,55.42
2025-07-17 11:00:00,26.46,55.57
2025-07-17 12:00:00,28.08,53.30
2025-07-17 13:00:00,28.70,58.43
2025-07-17 14:00:00,25.33,55.80
2025-07-17 15:00:00,21.72,64.91
2025-07-17 16:00:00,21.62,58.67
2025-07-17 17:00:00,23.44,51.65
2025-07-17 18:00:00,27.19,51.04
2025-07-17 19:00:00,28.10,51.25
2025-07-17 20:00:00,34.10,53.02
2025-07-17 21:00:00,31.84,52.10
2025-07-17 22:00:00,28.16,50.84
2025-07-17 23:00:00,27.66,51.30
2025-07-18 00:00:00,24.66,51.23
2025-07-18 01:00:00,23.90,46.48
2025-07-18 02:00:00,21.99,46.60
2025-07-18 03:00:00,24.20,46.76
2025-07-18 04:00:00,23.49,43.44
2025-07-18 05:00:00,23.44,43.62
2025-07-18 06:00:00,25.77,39.51
2025-07-18 07:00:00,30.06,34.68
2025-07-18 08:00:00,30.27,32.54
2025-07-18 09:00:00,29.11,50.78
2025-07-18 10:00:00,32.91,49.51
2025-07-18 11:00:00,30.91,54.53
2025-07-18 12:00:00,26.10,49.84
2025-07-18 13:00:00,24.58,41.74
2025-07-18 14:00:00,22.83,65.61
2025-07-18 15:00:00,22.14,66.36
2025-07-18 16:00:00,24.19,70.48
2025-07-18 17:00:00,30.09,68.23
2025-07-18 18:00:00,30.74,61.68
2025-07-18 19:00:00,31.65,64.88
2025-07-18 20:00:00,34.31,66.73
2025-07-18 21:00:00,31.32,69.42
2025-07-18 22:00:00,29.05,67.74
2025-07-18 23:00:00,29.44,71.20
2025-07-19 00:00:00,26.74,62.20
2025-07-19 01:00:00,26.15,51.53
2025-07-19 02:00:00,23.56,43.96
2025-07-19 03:00:00,19.96,41.22
2025-07-19 04:00:00,19.88,40.85
2025-07-19 05:00:00,23.74,36.78
2025-07-19 06:00:00,29.40,40.25
2025-07-19 07:00:00,31.98,38.21
2025-07-19 08:00:00,32.62,41.27
2025-07-19 09:00:00,29.37,44.47
2025-07-19 10:00:00,24.78,46.68
2025-07-19 11:00:00,26.92,46.07
2025-07-19 12:00:00,27.78,50.30
2025-07-19 13:00:00,25.12,54.37
2025-07-19 14:00:00,21.83,49.62
2025-07-19 15:00:00,19.59,55.80
2025-07-19 16:00:00,17.45,58.28
2025-07-19 17:00:00,27.17,55.50
2025-07-19 18:00:00,36.34,47.62
2025-07-19 19:00:00,39.11,47.71
2025-07-19 20:00:00,34.48,56.94
2025-07-19 21:00:00,28.57,59.40
2025-07-19 22:00:00,26.21,69.26
2025-07-19 23:00:00,25.54,71.91
2025-07-20 00:00:00,24.15,69.91
2025-07-20 01:00:00,21.08,62.16
2025-07-20 02:00:00,18.91,56.48
2025-07-20 03:00:00,17.16,48.67
2025-07-20 04:00:00,16.46,44.62
2025-07-20 05:00:00,26.28,47.99
2025-07-20 06:00:00,32.66,43.52
2025-07-20 07:00:00,31.75,38.53
2025-07-20 08:00:00,27.88,43.36
2025-07-20 09:00:00,29.32,43.44
2025-07-20 10:00:00,27.16,46.34
2025-07-20 11:00:00,23.00,49.45
2025-07-20 12:00:00,20.55,52.29
2025-07-20 13:00:00,18.71,58.43
2025-07-20 14:00:00,17.07,56.18
2025-07-20 15:00:00,16.88,63.56
2025-07-20 16:00:00,18.08,70.57
2025-07-20 17:00:00,24.47,73.10
2025-07-20 18:00:00,28.73,65.62
2025-07-20 19:00:00,29.42,60.45
2025-07-20 20:00:00,31.96,63.58
2025-07-20 21:00:00,31.39,69.12
2025-07-20 22:00:00,28.17,65.66
2025-07-20 23:00:00,25.81,66.75
2025-07-21 00:00:00,24.29,59.39
2025-07-21 01:00:00,22.04,56.48
2025-07-21 02:00:00,19.99,49.27
2025-07-21 03:00:00,18.71,43.81
2025-07-21 04:00:00,17.61,46.13
2025-07-21 05:00:00,22.22,42.32
2025-07-21 06:00:00,28.25,36.82
2025-07-21 07:00:00,30.67,32.59
2025-07-21 08:00:00,29.86,30.46
2025-07-21 09:00:00,26.54,34.79
2025-07-21 10:00:00,23.03,44.88
2025-07-21 11:00:00,20.67,49.96
2025-07-21 12:00:00,20.93,54.99
2025-07-21 13:00:00,27.04,64.30
2025-07-21 14:00:00,26.06,60.36
2025-07-21 15:00:00,22.75,54.73
2025-07-21 16:00:00,23.33,57.69
2025-07-21 17:00:00,34.18,64.04
2025-07-21 18:00:00,38.10,60.54
2025-07-21 19:00:00,37.12,61.90
2025-07-21 20:00:00,41.80,61.89
2025-07-21 21:00:00,39.25,66.83
2025-07-21 22:00:00,37.30,63.46
2025-07-21 23:00:00,33.72,59.39
2025-07-22 00:00:00,29.85,54.15
2025-07-22 01:00:00,26.04,51.85
2025-07-22 02:00:00,23.17,51.01
2025-07-22 03:00:00,21.17,47.20
2025-07-22 04:00:00,19.42,43.04
2025-07-22 05:00:00,25.16,47.54
2025-07-22 06:00:00,28.40,44.07
2025-07-22 07:00:00,28.07,41.39
2025-07-22 08:00:00,30.05,45.25
2025-07-22 09:00:00,31.88,45.79
2025-07-22 10:00:00,28.40,52.30
2025-07-22 11:00:00,24.32,52.28
2025-07-22 12:00:00,25.76,66.44
2025-07-22 13:00:00,24.33,73.09
2025-07-22 14:00:00,24.28,77.24
2025-07-22 15:00:00,24.80,83.22
2025-07-22 16:00:00,22.49,85.91
2025-07-22 17:00:00,31.20,81.02
2025-07-22 18:00:00,37.44,73.08
2025-07-22 19:00:00,35.12,76.13
2025-07-22 20:00:00,35.92,72.72
2025-07-22 21:00:00,33.09,69.68
2025-07-22 22:00:00,28.00,68.39
2025-07-22 23:00:00,26.04,64.73
2025-07-23 00:00:00,26.88,61.02
2025-07-23 01:00:00,24.60,55.92
2025-07-23 02:00:00,21.78,47.98
2025-07-23 03:00:00,19.78,45.44
2025-07-23 04:00:00,17.86,43.43
2025-07-23 05:00:00,23.94,47.96
2025-07-23 06:00:00,27.29,44.42
2025-07-23 07:00:00,31.35,41.82
2025-07-23 08:00:00,29.17,49.57
2025-07-23 09:00:00,26.46,51.83
2025-07-23 10:00:00,24.32,54.65
2025-07-23 11:00:00,21.76,60.34
2025-07-23 12:00:00,19.12,63.17
2025-07-23 13:00:00,19.34,67.77
2025-07-23 14:00:00,23.92,73.32
2025-07-23 15:00:00,23.52,71.90
2025-07-23 16:00:00,21.85,68.80
2025-07-23 17:00:00,22.20,65.15
2025-07-23 18:00:00,37.85,60.22
2025-07-23 19:00:00,36.11,58.25
2025-07-23 20:00:00,30.62,56.86
2025-07-23 21:00:00,31.34,48.88
2025-07-23 22:00:00,35.55,42.59
2025-07-23 23:00:00,32.90,42.25
2025-07-24 00:00:00,27.27,39.81
2025-07-24 01:00:00,23.22,37.90
2025-07-24 02:00:00,20.71,42.79
2025-07-24 03:00:00,18.53,44.50
2025-07-24 04:00:00,17.19,39.55
2025-07-24 05:00:00,18.50,41.11
2025-07-24 06:00:00,22.55,38.33
2025-07-24 07:00:00,25.21,43.24
2025-07-24 08:00:00,25.96,49.07
2025-07-24 09:00:00,28.94,53.14
2025-07-24 10:00:00,30.31,54.59
2025-07-24 11:00:00,27.48,58.87
2025-07-24 12:00:00,28.09,63.29
2025-07-24 13:00:00,26.40,65.85
2025-07-24 14:00:00,25.99,65.12
2025-07-24 15:00:00,23.73,67.36
2025-07-24 16:00:00,20.75,67.93
2025-07-24 17:00:00,30.58,65.97
2025-07-24 18:00:00,36.09,56.21
2025-07-24 19:00:00,34.53,59.93
2025-07-24 20:00:00,34.99,56.01
2025-07-24 21:00:00,31.63,60.80
2025-07-24 22:00:00,27.98,63.68
2025-07-24 23:00:00,24.66,62.64
2025-07-25 00:00:00,22.21,57.18
2025-07-25 01:00:00,19.56,53.32
2025-07-25 02:00:00,18.01,54.59
2025-07-25 03:00:00,17.05,53.05
2025-07-25 04:00:00,15.71,51.12
2025-07-25 05:00:00,18.07,47.86
2025-07-25 06:00:00,25.54,42.56
2025-07-25 07:00:00,29.24,41.37
2025-07-25 08:00:00,28.07,50.32
2025-07-25 09:00:00,26.09,55.97
2025-07-25 10:00:00,23.28,61.29
2025-07-25 11:00:00,20.19,65.71
2025-07-25 12:00:00,21.32,71.51
2025-07-25 13:00:00,25.10,75.94
2025-07-25 14:00:00,29.48,76.00
2025-07-25 15:00:00,27.22,81.11
2025-07-25 16:00:00,26.70,79.55
2025-07-25 17:00:00,29.20,83.92
2025-07-25 18:00:00,31.66,85.04
2025-07-25 19:00:00,35.78,85.72
2025-07-25 20:00:00,41.12,86.12
2025-07-25 21:00:00,36.78,89.20
2025-07-25 22:00:00,35.46,84.45
2025-07-25 23:00:00,35.31,80.53
2025-07-26 00:00:00,32.49,77.65
2025-07-26 01:00:00,27.48,62.87
2025-07-26 02:00:00,23.40,55.52
2025-07-26 03:00:00,23.59,48.38
2025-07-26 04:00:00,21.72,48.46
2025-07-26 05:00:00,22.46,44.71
2025-07-26 06:00:00,27.71,44.29
2025-07-26 07:00:00,26.94,41.13
2025-07-26 08:00:00,27.33,53.13
2025-07-26 09:00:00,28.17,60.54
2025-07-26 10:00:00,26.51,57.63
2025-07-26 11:00:00,26.03,63.70
2025-07-26 12:00:00,24.48,65.60
2025-07-26 13:00:00,24.81,71.13
2025-07-26 14:00:00,22.58,73.34
2025-07-26 15:00:00,22.14,70.57
2025-07-26 16:00:00,22.88,68.60
2025-07-26 17:00:00,29.79,73.09
2025-07-26 18:00:00,36.14,74.28
2025-07-26 19:00:00,35.89,75.34
2025-07-26 20:00:00,34.00,73.31
2025-07-26 21:00:00,30.85,72.97
2025-07-26 22:00:00,31.34,69.27
2025-07-26 23:00:00,27.95,62.88
2025-07-27 00:00:00,25.67,59.10
2025-07-27 01:00:00,23.56,53.15
2025-07-27 02:00:00,21.24,46.62
2025-07-27 03:00:00,19.68,45.64
2025-07-27 04:00:00,18.21,44.64
2025-07-27 05:00:00,28.89,45.75
2025-07-27 06:00:00,32.30,41.49
2025-07-27 07:00:00,29.98,36.99
2025-07-27 08:00:00,28.72,38.56
2025-07-27 09:00:00,26.98,40.50
2025-07-27 10:00:00,25.67,44.78
2025-07-27 11:00:00,23.04,52.09
2025-07-27 12:00:00,22.90,58.32
2025-07-27 13:00:00,21.78,53.60
2025-07-27 14:00:00,19.61,62.40
2025-07-27 15:00:00,17.42,66.91
2025-07-27 16:00:00,16.46,61.52
2025-07-27 17:00:00,22.18,63.87
2025-07-27 18:00:00,27.41,59.10
2025-07-27 19:00:00,31.91,54.56
2025-07-27 20:00:00,31.40,62.41
2025-07-27 21:00:00,31.17,68.55
2025-07-27 22:00:00,28.34,69.91
2025-07-27 23:00:00,25.53,72.41
2025-07-28 00:00:00,22.69,71.05
2025-07-28 01:00:00,20.17,62.88
2025-07-28 02:00:00,19.90,61.70
2025-07-28 03:00:00,18.99,56.34
2025-07-28 04:00:00,17.57,50.50
2025-07-28 05:00:00,21.05,47.89
2025-07-28 06:00:00,24.63,45.32
2025-07-28 07:00:00,30.11,41.52
2025-07-28 08:00:00,28.20,44.64
2025-07-28 09:00:00,26.22,51.62
2025-07-28 10:00:00,25.49,51.18
2025-07-28 11:00:00,27.69,53.08
2025-07-28 12:00:00,26.09,56.68
2025-07-28 13:00:00,24.78,53.62
2025-07-28 14:00:00,24.02,56.84
2025-07-28 15:00:00,21.54,56.98
2025-07-28 16:00:00,20.29,49.39
2025-07-28 17:00:00,25.04,47.60
2025-07-28 18:00:00,27.36,50.10
2025-07-28 19:00:00,24.63,50.06
2025-07-28 20:00:00,26.12,55.55
2025-07-28 21:00:00,30.69,54.36
2025-07-28 22:00:00,31.41,58.57
2025-07-28 23:00:00,32.26,58.53
2025-07-29 00:00:00,29.14,65.29
2025-07-29 01:00:00,29.90,69.29
2025-07-29 02:00:00,28.12,67.22
2025-07-29 03:00:00,24.20,66.02
2025-07-29 04:00:00,21.67,63.27
2025-07-29 05:00:00,25.01,59.64
2025-07-29 06:00:00,30.86,51.00
2025-07-29 07:00:00,29.40,49.44
2025-07-29 08:00:00,25.02,49.80
2025-07-29 09:00:00,27.62,53.44
2025-07-29 10:00:00,28.71,55.96
2025-07-29 11:00:00,25.60,59.47
2025-07-29 12:00:00,22.82,61.72
2025-07-29 13:00:00,20.84,65.29
2025-07-29 14:00:00,18.65,70.64
2025-07-29 15:00:00,17.87,66.50
2025-07-29 16:00:00,16.59,63.68
2025-07-29 17:00:00,18.18,64.04
2025-07-29 18:00:00,22.09,57.53
2025-07-29 19:00:00,25.58,57.60
2025-07-29 20:00:00,29.47,61.16
2025-07-29 21:00:00,29.61,66.74
2025-07-29 22:00:00,28.05,69.40
2025-07-29 23:00:00,27.42,62.64
2025-07-30 00:00:00,25.67,59.98
2025-07-30 01:00:00,24.71,58.69
2025-07-30 02:00:00,22.66,55.34
2025-07-30 03:00:00,20.11,53.59
2025-07-30 04:00:00,18.86,48.14
2025-07-30 05:00:00,23.51,49.62
2025-07-30 06:00:00,23.17,44.80
2025-07-30 07:00:00,27.62,48.05
2025-07-30 08:00:00,21.99,NA
2025-07-30 09:00:00,21.99,69.89
2025-07-30 10:00:00,22.00,66.77
2025-07-30 11:00:00,21.70,65.14
2025-07-30 12:00:00,22.18,73.96
2025-07-30 13:00:00,27.25,76.76
2025-07-30 14:00:00,27.86,76.14
2025-07-30 15:00:00,24.31,76.57
2025-07-30 16:00:00,20.62,72.68
2025-07-30 17:00:00,22.43,68.02
2025-07-30 18:00:00,NA,NA
2025-07-30 19:00:00,NA,NA
2025-07-30 20:00:00,NA,NA
2025-07-30 21:00:00,NA,NA
2025-07-30 22:00:00,NA,NA
2025-07-30 23:00:00,NA,NA
2025-07-31 00:00:00,NA,NA
2025-07-31 01:00:00,NA,NA
2025-07-31 02:00:00,NA,NA
2025-07-31 03:00:00,NA,NA
2025-07-31 04:00:00,NA,NA
2025-07-31 05:00:00,NA,NA
2025-07-31 06:00:00,NA,NA
2025-07-31 07:00:00,NA,NA
2025-07-31 08:00:00,NA,NA
2025-07-31 09:00:00,NA,NA
2025-07-31 10:00:00,25.96,68.61
2025-07-31 11:00:00,26.17,72.08
2025-07-31 12:00:00,24.79,72.63
2025-07-31 13:00:00,32.20,79.40
2025-07-31 14:00:00,34.24,79.86
2025-07-31 15:00:00,29.68,77.10
2025-07-31 16:00:00,24.74,74.33
2025-07-31 17:00:00,23.76,65.59
2025-07-31 18:00:00,26.51,61.70
2025-07-31 19:00:00,29.50,57.58
2025-07-31 20:00:00,31.72,61.61
2025-07-31 21:00:00,33.13,66.99
2025-07-31 22:00:00,29.47,67.64
2025-07-31 23:00:00,24.58,66.50
2025-08-01 00:00:00,22.50,69.48
2025-08-01 01:00:00,20.86,79.46
2025-08-01 02:00:00,19.36,77.54
2025-08-01 03:00:00,18.13,72.22
2025-08-01 04:00:00,16.60,61.13
2025-08-01 05:00:00,22.33,55.84
2025-08-01 06:00:00,27.81,53.56
2025-08-01 07:00:00,29.33,54.03
2025-08-01 08:00:00,30.19,70.50
2025-08-01 09:00:00,30.79,82.54
2025-08-01 10:00:00,27.18,82.42
2025-08-01 11:00:00,26.01,90.69
2025-08-01 12:00:00,26.82,93.45
2025-08-01 13:00:00,24.56,102.34
2025-08-01 14:00:00,23.10,101.84
2025-08-01 15:00:00,25.76,106.54
2025-08-01 16:00:00,32.17,97.42
2025-08-01 17:00:00,40.65,100.16
2025-08-01 18:00:00,40.91,98.45
2025-08-01 19:00:00,39.96,99.81
2025-08-01 20:00:00,39.46,107.09
2025-08-01 21:00:00,40.71,108.97
2025-08-01 22:00:00,37.11,103.16
2025-08-01 23:00:00,30.82,103.75
2025-08-02 00:00:00,27.68,95.22
2025-08-02 01:00:00,26.86,82.69
2025-08-02 02:00:00,26.86,76.05
2025-08-02 03:00:00,24.34,76.45
2025-08-02 04:00:00,21.67,67.82
2025-08-02 05:00:00,33.09,63.65
2025-08-02 06:00:00,36.53,53.84
2025-08-02 07:00:00,33.33,46.07
2025-08-02 08:00:00,32.62,49.45
2025-08-02 09:00:00,29.18,52.96
2025-08-02 10:00:00,25.45,72.91
2025-08-02 11:00:00,30.86,78.89
2025-08-02 12:00:00,30.47,84.54
2025-08-02 13:00:00,27.90,88.76
2025-08-02 14:00:00,27.43,91.34
2025-08-02 15:00:00,26.83,93.04
2025-08-02 16:00:00,24.61,95.70
2025-08-02 17:00:00,28.71,92.25
2025-08-02 18:00:00,30.98,81.33
2025-08-02 19:00:00,28.34,80.32
2025-08-02 20:00:00,35.83,75.95
2025-08-02 21:00:00,34.47,74.42
2025-08-02 22:00:00,27.65,80.19
2025-08-02 23:00:00,22.70,76.62
2025-08-03 00:00:00,19.23,76.57
2025-08-03 01:00:00,16.81,80.71
2025-08-03 02:00:00,33.89,73.66
2025-08-03 03:00:00,43.87,68.31
2025-08-03 04:00:00,38.73,63.47
2025-08-03 05:00:00,37.16,63.04
2025-08-03 06:00:00,39.35,57.62
2025-08-03 07:00:00,42.61,49.13
2025-08-03 08:00:00,48.40,57.36
2025-08-03 09:00:00,42.00,64.91
2025-08-03 10:00:00,33.48,70.96
2025-08-03 11:00:00,27.39,71.20
2025-08-03 12:00:00,22.58,NA
2025-08-03 13:00:00,19.77,NA
2025-08-03 14:00:00,18.96,NA
2025-08-03 15:00:00,18.73,NA
2025-08-03 16:00:00,17.69,77.27
2025-08-03 17:00:00,39.46,73.94
2025-08-03 18:00:00,46.88,NA
2025-08-03 19:00:00,39.50,NA
2025-08-03 20:00:00,34.20,NA
2025-08-03 21:00:00,32.97,NA
2025-08-03 22:00:00,29.42,NA
2025-08-03 23:00:00,24.75,NA
2025-08-04 00:00:00,21.26,NA
2025-08-04 01:00:00,19.12,NA
2025-08-04 02:00:00,19.73,NA
2025-08-04 03:00:00,20.21,NA
2025-08-04 04:00:00,NA,49.86
2025-08-04 05:00:00,30.00,46.02
2025-08-04 06:00:00,NA,NA
2025-08-04 07:00:00,NA,NA
2025-08-04 08:00:00,NA,NA
2025-08-04 09:00:00,NA,NA
2025-08-04 10:00:00,NA,NA
2025-08-04 11:00:00,35.31,51.21
2025-08-04 12:00:00,40.01,47.25
2025-08-04 13:00:00,36.76,50.28
2025-08-04 14:00:00,32.97,55.42
2025-08-04 15:00:00,30.30,55.51
2025-08-04 16:00:00,NA,NA
2025-08-04 17:00:00,NA,NA
2025-08-04 18:00:00,NA,NA
2025-08-04 19:00:00,NA,NA
2025-08-04 20:00:00,NA,NA
2025-08-04 21:00:00,NA,NA
2025-08-04 22:00:00,NA,NA
2025-08-04 23:00:00,NA,NA
2025-08-05 00:00:00,NA,NA
2025-08-05 01:00:00,NA,NA
2025-08-05 02:00:00,NA,NA
2025-08-05 03:00:00,NA,NA
2025-08-05 04:00:00,NA,NA
2025-08-05 05:00:00,NA,NA
2025-08-05 06:00:00,NA,NA
2025-08-05 07:00:00,NA,NA
2025-08-05 08:00:00,NA,NA
2025-08-05 09:00:00,NA,NA
2025-08-05 10:00:00,28.32,55.46
2025-08-05 11:00:00,31.88,58.94
2025-08-05 12:00:00,29.34,57.84
2025-08-05 13:00:00,27.03,72.54
2025-08-05 14:00:00,26.49,78.10
2025-08-05 15:00:00,24.01,72.30
2025-08-05 16:00:00,22.20,76.38
2025-08-05 17:00:00,30.46,75.90
2025-08-05 18:00:00,39.16,61.41
2025-08-05 19:00:00,38.96,52.94
2025-08-05 20:00:00,32.89,50.50
2025-08-05 21:00:00,31.69,52.45
2025-08-05 22:00:00,31.57,57.49
2025-08-05 23:00:00,27.71,52.88
2025-08-06 00:00:00,24.08,52.58
2025-08-06 01:00:00,21.40,52.70
2025-08-06 02:00:00,19.11,53.45
2025-08-06 03:00:00,17.95,49.36
2025-08-06 04:00:00,18.20,42.69
2025-08-06 05:00:00,29.76,37.38
2025-08-06 06:00:00,35.15,36.10
2025-08-06 07:00:00,NA,NA
2025-08-06 08:00:00,36.10,43.87
2025-08-06 09:00:00,31.67,40.79
2025-08-06 10:00:00,31.98,45.64
2025-08-06 11:00:00,29.56,51.97
2025-08-06 12:00:00,24.77,58.92
2025-08-06 13:00:00,20.94,66.55
2025-08-06 14:00:00,18.39,71.42
2025-08-06 15:00:00,17.24,67.43
2025-08-06 16:00:00,15.90,63.96
2025-08-06 17:00:00,23.55,55.86
2025-08-06 18:00:00,30.32,48.14
2025-08-06 19:00:00,30.73,42.02
2025-08-06 20:00:00,28.25,44.11
2025-08-06 21:00:00,28.64,52.64
2025-08-06 22:00:00,28.98,48.98
2025-08-06 23:00:00,27.14,46.61
2025-08-07 00:00:00,28.26,48.24
2025-08-07 01:00:00,26.26,44.78
2025-08-07 02:00:00,22.62,48.12
2025-08-07 03:00:00,19.62,50.19
2025-08-07 04:00:00,19.47,47.70
2025-08-07 05:00:00,24.83,44.44
2025-08-07 06:00:00,31.26,43.38
2025-08-07 07:00:00,32.86,47.33
2025-08-07 08:00:00,30.38,46.32
2025-08-07 09:00:00,28.09,53.92
2025-08-07 10:00:00,27.19,55.57
2025-08-07 11:00:00,28.50,71.90
2025-08-07 12:00:00,31.34,79.10
2025-08-07 13:00:00,28.84,79.14
2025-08-07 14:00:00,24.12,80.77
2025-08-07 15:00:00,21.38,79.15
2025-08-07 16:00:00,23.69,80.40
2025-08-07 17:00:00,30.30,73.62
2025-08-07 18:00:00,38.66,74.60
2025-08-07 19:00:00,42.60,67.06
2025-08-07 20:00:00,39.00,68.85
2025-08-07 21:00:00,37.22,74.89
2025-08-07 22:00:00,40.03,77.79
2025-08-07 23:00:00,36.38,81.65
2025-08-08 00:00:00,30.35,74.84
2025-08-08 01:00:00,25.28,70.76
2025-08-08 02:00:00,22.68,61.40
2025-08-08 03:00:00,20.27,54.61
2025-08-08 04:00:00,17.88,47.73
2025-08-08 05:00:00,17.84,48.91
2025-08-08 06:00:00,26.27,45.36
2025-08-08 07:00:00,34.58,39.06
2025-08-08 08:00:00,32.11,38.94
2025-08-08 09:00:00,31.08,46.35
2025-08-08 10:00:00,28.26,48.95
2025-08-08 11:00:00,24.14,59.08
2025-08-08 12:00:00,20.55,68.87
2025-08-08 13:00:00,23.04,72.92
2025-08-08 14:00:00,29.66,77.53
2025-08-08 15:00:00,31.70,84.10
2025-08-08 16:00:00,29.50,90.84
2025-08-08 17:00:00,37.42,85.64
2025-08-08 18:00:00,36.78,67.51
2025-08-08 19:00:00,34.57,66.45
2025-08-08 20:00:00,33.62,63.38
2025-08-08 21:00:00,33.73,58.90
2025-08-08 22:00:00,32.52,58.01
2025-08-08 23:00:00,31.47,66.60
2025-08-09 00:00:00,28.00,73.73
2025-08-09 01:00:00,24.93,62.02
2025-08-09 02:00:00,22.23,65.91
2025-08-09 03:00:00,19.79,70.38
2025-08-09 04:00:00,21.13,63.40
2025-08-09 05:00:00,31.20,55.88
2025-08-09 06:00:00,32.07,49.33
2025-08-09 07:00:00,34.22,43.30
2025-08-09 08:00:00,34.48,39.19
2025-08-09 09:00:00,33.98,57.41
2025-08-09 10:00:00,29.52,79.90
2025-08-09 11:00:00,27.68,79.81
2025-08-09 12:00:00,28.40,84.52
2025-08-09 13:00:00,29.36,81.41
2025-08-09 14:00:00,29.25,93.00
2025-08-09 15:00:00,27.12,90.83
2025-08-09 16:00:00,32.00,82.06
2025-08-09 17:00:00,37.30,74.57
2025-08-09 18:00:00,42.47,70.09
2025-08-09 19:00:00,42.77,67.65
2025-08-09 20:00:00,39.34,66.75
2025-08-09 21:00:00,37.56,69.76
2025-08-09 22:00:00,32.24,72.87
2025-08-09 23:00:00,34.21,77.45
2025-08-10 00:00:00,34.85,72.59
2025-08-10 01:00:00,35.50,69.80
2025-08-10 02:00:00,31.12,74.74
2025-08-10 03:00:00,26.47,72.22
2025-08-10 04:00:00,23.58,65.62
2025-08-10 05:00:00,20.67,58.34
2025-08-10 06:00:00,24.33,57.33
2025-08-10 07:00:00,26.92,51.08
2025-08-10 08:00:00,28.36,53.35
2025-08-10 09:00:00,31.64,50.27
2025-08-10 10:00:00,29.28,47.88
2025-08-10 11:00:00,26.92,48.66
2025-08-10 12:00:00,25.48,50.73
2025-08-10 13:00:00,22.69,55.86
2025-08-10 14:00:00,20.08,56.82
2025-08-10 15:00:00,19.91,58.80
2025-08-10 16:00:00,20.95,53.39
2025-08-10 17:00:00,30.88,47.98
2025-08-10 18:00:00,34.82,49.60
2025-08-10 19:00:00,34.50,45.92
2025-08-10 20:00:00,34.26,41.81
2025-08-10 21:00:00,34.46,37.22
2025-08-10 22:00:00,32.18,34.22
2025-08-10 23:00:00,30.11,34.49
2025-08-11 00:00:00,26.92,34.88
2025-08-11 01:00:00,25.86,32.73
2025-08-11 02:00:00,23.20,33.92
2025-08-11 03:00:00,20.75,35.78
2025-08-11 04:00:00,19.19,39.63
2025-08-11 05:00:00,24.67,44.39
2025-08-11 06:00:00,25.24,40.93
2025-08-11 07:00:00,28.60,35.59
2025-08-11 08:00:00,28.11,37.14
2025-08-11 09:00:00,27.40,42.61
2025-08-11 10:00:00,28.30,41.39
2025-08-11 11:00:00,30.52,48.39
2025-08-11 12:00:00,26.07,43.52
2025-08-11 13:00:00,23.08,66.15
2025-08-11 14:00:00,19.58,65.08
2025-08-11 15:00:00,NA,NA
2025-08-11 16:00:00,NA,NA
2025-08-11 17:00:00,NA,NA
2025-08-11 18:00:00,NA,NA
2025-08-11 19:00:00,NA,NA
2025-08-11 20:00:00,NA,NA
2025-08-11 21:00:00,NA,NA
2025-08-11 22:00:00,NA,NA
2025-08-11 23:00:00,NA,NA
2025-08-12 00:00:00,NA,NA
2025-08-12 01:00:00,NA,NA
2025-08-12 02:00:00,NA,NA
2025-08-12 03:00:00,NA,NA
2025-08-12 04:00:00,NA,NA
2025-08-12 05:00:00,NA,NA
2025-08-12 06:00:00,NA,NA
2025-08-12 07:00:00,NA,NA
2025-08-12 08:00:00,NA,NA
2025-08-12 09:00:00,NA,NA
2025-08-12 10:00:00,27.86,54.84
2025-08-12 11:00:00,25.38,57.87
2025-08-12 12:00:00,26.58,61.91
2025-08-12 13:00:00,25.77,62.16
2025-08-12 14:00:00,24.94,62.22
2025-08-12 15:00:00,24.79,58.68
2025-08-12 16:00:00,23.29,52.50
2025-08-12 17:00:00,32.44,59.19
2025-08-12 18:00:00,33.02,53.67
2025-08-12 19:00:00,30.93,69.10
2025-08-12 20:00:00,29.94,77.81
2025-08-12 21:00:00,31.72,78.64
2025-08-12 22:00:00,28.92,85.29
2025-08-12 23:00:00,28.48,88.80
2025-08-13 00:00:00,31.34,82.10
2025-08-13 01:00:00,28.67,75.00
2025-08-13 02:00:00,23.98,63.75
2025-08-13 03:00:00,20.61,63.50
2025-08-13 04:00:00,19.35,63.24
2025-08-13 05:00:00,27.26,54.53
2025-08-13 06:00:00,29.24,45.60
2025-08-13 07:00:00,29.87,42.04
2025-08-13 08:00:00,27.65,39.36
2025-08-13 09:00:00,26.17,43.76
2025-08-13 10:00:00,27.94,44.53
2025-08-13 11:00:00,27.28,46.33
2025-08-13 12:00:00,30.55,42.19
2025-08-13 13:00:00,28.80,43.20
2025-08-13 14:00:00,26.05,46.42
2025-08-13 15:00:00,23.69,46.68
2025-08-13 16:00:00,20.93,50.12
2025-08-13 17:00:00,23.49,45.69
2025-08-13 18:00:00,22.29,52.90
2025-08-13 19:00:00,18.94,52.15
2025-08-13 20:00:00,16.60,65.43
2025-08-13 21:00:00,14.97,72.48
2025-08-13 22:00:00,14.16,78.83
2025-08-13 23:00:00,14.47,81.07
2025-08-14 00:00:00,14.30,77.36
2025-08-14 01:00:00,26.51,72.01
2025-08-14 02:00:00,37.16,61.65
2025-08-14 03:00:00,34.28,56.12
2025-08-14 04:00:00,30.10,49.29
2025-08-14 05:00:00,34.12,45.96
2025-08-14 06:00:00,36.42,45.55
2025-08-14 07:00:00,37.78,45.01
2025-08-14 08:00:00,35.98,47.18
2025-08-14 09:00:00,32.02,62.66
2025-08-14 10:00:00,31.43,69.29
2025-08-14 11:00:00,31.51,71.40
2025-08-14 12:00:00,30.76,71.24
2025-08-14 13:00:00,31.12,87.54
2025-08-14 14:00:00,28.41,74.68
2025-08-14 15:00:00,24.56,71.63
2025-08-14 16:00:00,21.09,77.24
2025-08-14 17:00:00,25.83,74.85
2025-08-14 18:00:00,34.19,70.59
2025-08-14 19:00:00,34.99,75.69
2025-08-14 20:00:00,35.53,74.01
2025-08-14 21:00:00,34.22,66.70
2025-08-14 22:00:00,28.79,59.51
2025-08-14 23:00:00,26.24,58.96
2025-08-15 00:00:00,23.61,54.38
2025-08-15 01:00:00,20.34,60.37
2025-08-15 02:00:00,17.74,57.30
2025-08-15 03:00:00,17.36,60.67
2025-08-15 04:00:00,17.12,68.26
2025-08-15 05:00:00,27.20,73.03
2025-08-15 06:00:00,32.73,67.56
2025-08-15 07:00:00,33.38,67.56
2025-08-15 08:00:00,31.76,68.27
2025-08-15 09:00:00,30.17,72.04
2025-08-15 10:00:00,28.80,74.21
2025-08-15 11:00:00,25.58,73.66
2025-08-15 12:00:00,21.74,75.24
2025-08-15 13:00:00,22.10,78.34
2025-08-15 14:00:00,21.38,82.53
2025-08-15 15:00:00,18.80,75.22
2025-08-15 16:00:00,19.84,74.15
2025-08-15 17:00:00,22.64,65.73
2025-08-15 18:00:00,29.52,63.61
2025-08-15 19:00:00,36.25,67.32
2025-08-15 20:00:00,33.11,65.31
2025-08-15 21:00:00,30.32,66.75
2025-08-15 22:00:00,26.82,70.72
2025-08-15 23:00:00,22.88,62.98
2025-08-16 00:00:00,20.90,62.27
2025-08-16 01:00:00,23.54,60.33
2025-08-16 02:00:00,22.19,53.89
2025-08-16 03:00:00,19.70,56.22
2025-08-16 04:00:00,17.86,56.23
2025-08-16 05:00:00,26.94,51.35
2025-08-16 06:00:00,33.28,46.22
2025-08-16 07:00:00,30.69,48.28
2025-08-16 08:00:00,29.75,50.10
2025-08-16 09:00:00,30.80,56.59
2025-08-16 10:00:00,27.34,58.69
2025-08-16 11:00:00,23.55,59.90
2025-08-16 12:00:00,24.91,64.32
2025-08-16 13:00:00,25.73,71.74
2025-08-16 14:00:00,27.22,75.58
2025-08-16 15:00:00,24.97,69.58
2025-08-16 16:00:00,21.02,73.55
2025-08-16 17:00:00,42.04,62.40
2025-08-16 18:00:00,51.28,52.24
2025-08-16 19:00:00,43.80,55.99
2025-08-16 20:00:00,38.60,55.29
2025-08-16 21:00:00,37.98,56.53
2025-08-16 22:00:00,34.53,55.66
2025-08-16 23:00:00,30.13,55.87
2025-08-17 00:00:00,26.18,54.08
2025-08-17 01:00:00,22.10,55.08
2025-08-17 02:00:00,21.51,51.09
2025-08-17 03:00:00,19.83,47.80
2025-08-17 04:00:00,18.13,44.55
2025-08-17 05:00:00,22.92,48.04
2025-08-17 06:00:00,30.77,44.12
2025-08-17 07:00:00,33.01,38.94
2025-08-17 08:00:00,29.96,38.21
2025-08-17 09:00:00,29.28,42.13
2025-08-17 10:00:00,26.88,48.37
2025-08-17 11:00:00,23.53,52.54
2025-08-17 12:00:00,20.33,54.85
2025-08-17 13:00:00,25.23,60.85
2025-08-17 14:00:00,25.24,62.75
2025-08-17 15:00:00,23.30,61.68
2025-08-17 16:00:00,21.60,66.40
2025-08-17 17:00:00,30.17,61.28
2025-08-17 18:00:00,33.79,55.81
2025-08-17 19:00:00,33.49,50.10
2025-08-17 20:00:00,31.63,47.48
2025-08-17 21:00:00,28.97,42.23
2025-08-17 22:00:00,27.29,46.24
2025-08-17 23:00:00,24.50,43.36
2025-08-18 00:00:00,21.58,37.60
2025-08-18 01:00:00,21.60,39.32
2025-08-18 02:00:00,20.58,39.22
2025-08-18 03:00:00,18.98,37.87
2025-08-18 04:00:00,17.13,37.26
2025-08-18 05:00:00,27.36,33.90
2025-08-18 06:00:00,32.55,32.70
2025-08-18 07:00:00,35.68,28.23
2025-08-18 08:00:00,32.02,35.72
2025-08-18 09:00:00,29.75,40.74
2025-08-18 10:00:00,27.12,38.73
2025-08-18 11:00:00,28.39,45.68
2025-08-18 12:00:00,26.01,50.00
2025-08-18 13:00:00,21.76,56.00
2025-08-18 14:00:00,21.34,52.22
2025-08-18 15:00:00,19.78,49.38
2025-08-18 16:00:00,17.38,56.53
2025-08-18 17:00:00,23.11,68.62
2025-08-18 18:00:00,25.89,68.36
2025-08-18 19:00:00,28.61,62.51
2025-08-18 20:00:00,30.28,68.71
2025-08-18 21:00:00,27.32,69.74
2025-08-18 22:00:00,27.64,63.45
2025-08-18 23:00:00,25.86,68.64
2025-08-19 00:00:00,22.64,65.28
2025-08-19 01:00:00,20.04,57.62
2025-08-19 02:00:00,17.82,53.02
2025-08-19 03:00:00,17.80,52.78
2025-08-19 04:00:00,16.90,50.57
2025-08-19 05:00:00,28.01,51.84
2025-08-19 06:00:00,35.58,46.59
2025-08-19 07:00:00,34.71,45.30
2025-08-19 08:00:00,32.86,46.64
2025-08-19 09:00:00,28.76,54.28
2025-08-19 10:00:00,28.34,59.99
2025-08-19 11:00:00,25.40,69.90
2025-08-19 12:00:00,25.18,73.30
2025-08-19 13:00:00,26.20,76.69
2025-08-19 14:00:00,25.51,72.21
2025-08-19 15:00:00,23.78,67.03
2025-08-19 16:00:00,21.09,74.50
2025-08-19 17:00:00,30.77,84.81
2025-08-19 18:00:00,35.34,87.06
2025-08-19 19:00:00,35.94,84.93
2025-08-19 20:00:00,31.25,81.18
2025-08-19 21:00:00,28.91,76.95
2025-08-19 22:00:00,25.72,74.15
2025-08-19 23:00:00,26.48,72.05
2025-08-20 00:00:00,28.48,73.50
2025-08-20 01:00:00,25.88,72.60
2025-08-20 02:00:00,23.59,70.73
2025-08-20 03:00:00,21.72,67.50
2025-08-20 04:00:00,19.36,64.54
2025-08-20 05:00:00,17.27,66.21
2025-08-20 06:00:00,16.13,57.54
2025-08-20 07:00:00,16.82,60.48
2025-08-20 08:00:00,19.45,63.36
2025-08-20 09:00:00,20.29,68.78
2025-08-20 10:00:00,19.59,71.88
2025-08-20 11:00:00,22.30,86.18
2025-08-20 12:00:00,25.19,91.65
2025-08-20 13:00:00,38.79,90.46
2025-08-20 14:00:00,46.03,85.28
2025-08-20 15:00:00,38.52,83.75
2025-08-20 16:00:00,30.43,82.49
2025-08-20 17:00:00,32.09,87.25
2025-08-20 18:00:00,38.53,86.27
2025-08-20 19:00:00,36.75,81.38
2025-08-20 20:00:00,35.92,82.54
2025-08-20 21:00:00,34.79,76.67
2025-08-20 22:00:00,33.18,80.20
2025-08-20 23:00:00,31.06,80.61
2025-08-21 00:00:00,27.32,71.85
2025-08-21 01:00:00,23.01,73.76
2025-08-21 02:00:00,23.46,62.31
2025-08-21 03:00:00,24.01,62.13
2025-08-21 04:00:00,22.12,59.36
2025-08-21 05:00:00,26.67,55.66
2025-08-21 06:00:00,32.68,48.17
2025-08-21 07:00:00,32.54,49.10
2025-08-21 08:00:00,30.24,48.07
2025-08-21 09:00:00,30.26,58.00
2025-08-21 10:00:00,27.35,62.45
2025-08-21 11:00:00,26.78,58.48
2025-08-21 12:00:00,26.44,75.26
2025-08-21 13:00:00,24.08,75.44
2025-08-21 14:00:00,25.99,75.01
2025-08-21 15:00:00,26.10,73.19
2025-08-21 16:00:00,23.06,81.10
2025-08-21 17:00:00,30.62,80.30
2025-08-21 18:00:00,36.99,69.14
2025-08-21 19:00:00,41.57,66.12
2025-08-21 20:00:00,37.66,62.88
2025-08-21 21:00:00,33.70,60.76
2025-08-21 22:00:00,29.14,55.16
2025-08-21 23:00:00,24.98,60.85
2025-08-22 00:00:00,22.15,58.48
2025-08-22 01:00:00,19.64,62.46
2025-08-22 02:00:00,21.69,56.71
2025-08-22 03:00:00,21.05,51.89
2025-08-22 04:00:00,18.31,58.18
2025-08-22 05:00:00,17.80,55.48
2025-08-22 06:00:00,21.66,46.63
2025-08-22 07:00:00,28.71,40.22
2025-08-22 08:00:00,28.38,37.92
2025-08-22 09:00:00,24.48,38.32
2025-08-22 10:00:00,25.64,40.85
2025-08-22 11:00:00,23.89,48.90
2025-08-22 12:00:00,21.28,50.73
2025-08-22 13:00:00,19.35,58.57
2025-08-22 14:00:00,17.93,68.11
2025-08-22 15:00:00,17.13,64.20
2025-08-22 16:00:00,18.85,65.29
2025-08-22 17:00:00,31.72,61.87
2025-08-22 18:00:00,37.74,60.30
2025-08-22 19:00:00,35.57,54.84
2025-08-22 20:00:00,39.48,57.07
2025-08-22 21:00:00,35.68,51.30
2025-08-22 22:00:00,34.01,46.98
2025-08-22 23:00:00,30.79,50.13
2025-08-23 00:00:00,25.47,55.70
2025-08-23 01:00:00,21.87,57.56
2025-08-23 02:00:00,19.60,61.44
2025-08-23 03:00:00,18.75,57.73
2025-08-23 04:00:00,19.67,48.42
2025-08-23 05:00:00,24.03,41.22
2025-08-23 06:00:00,26.50,36.01
2025-08-23 07:00:00,26.80,34.70
2025-08-23 08:00:00,NA,NA
2025-08-23 09:00:00,NA,NA
2025-08-23 10:00:00,24.81,29.44
2025-08-23 11:00:00,25.26,36.87
2025-08-23 12:00:00,22.87,39.83
2025-08-23 13:00:00,22.04,53.98
2025-08-23 14:00:00,23.83,62.10
2025-08-23 15:00:00,24.42,58.96
2025-08-23 16:00:00,22.43,58.04
2025-08-23 17:00:00,26.98,61.63
2025-08-23 18:00:00,29.35,58.72
2025-08-23 19:00:00,30.30,52.54
2025-08-23 20:00:00,31.88,52.51
2025-08-23 21:00:00,31.56,58.72
2025-08-23 22:00:00,30.51,67.76
2025-08-23 23:00:00,29.57,73.99
2025-08-24 00:00:00,28.16,72.76
2025-08-24 01:00:00,27.11,72.24
2025-08-24 02:00:00,27.39,72.67
2025-08-24 03:00:00,27.01,76.40
2025-08-24 04:00:00,23.84,91.62
2025-08-24 05:00:00,30.93,80.52
2025-08-24 06:00:00,37.04,74.69
2025-08-24 07:00:00,38.72,72.81
2025-08-24 08:00:00,37.35,74.56
2025-08-24 09:00:00,32.70,68.47
2025-08-24 10:00:00,31.52,59.64
2025-08-24 11:00:00,28.34,60.33
2025-08-24 12:00:00,26.92,62.02
2025-08-24 13:00:00,24.22,61.44
2025-08-24 14:00:00,21.30,61.67
2025-08-24 15:00:00,19.39,59.41
2025-08-24 16:00:00,17.57,61.96
2025-08-24 17:00:00,27.24,60.50
2025-08-24 18:00:00,33.52,51.09
2025-08-24 19:00:00,34.07,49.06
2025-08-24 20:00:00,34.26,49.94
2025-08-24 21:00:00,33.72,51.92
2025-08-24 22:00:00,30.86,61.13
2025-08-24 23:00:00,29.14,69.46
2025-08-25 00:00:00,27.40,67.61
2025-08-25 01:00:00,23.95,68.68
2025-08-25 02:00:00,22.17,63.61
2025-08-25 03:00:00,22.62,64.32
2025-08-25 04:00:00,20.71,59.25
2025-08-25 05:00:00,23.32,57.82
2025-08-25 06:00:00,27.57,55.54
2025-08-25 07:00:00,31.66,57.30
2025-08-25 08:00:00,35.10,62.41
2025-08-25 09:00:00,34.06,63.09
2025-08-25 10:00:00,28.99,59.63
2025-08-25 11:00:00,32.33,61.15
2025-08-25 12:00:00,30.20,63.94
2025-08-25 13:00:00,24.72,59.74
2025-08-25 14:00:00,21.14,54.74
2025-08-25 15:00:00,19.10,59.42
2025-08-25 16:00:00,17.92,59.08
2025-08-25 17:00:00,23.64,60.70
2025-08-25 18:00:00,29.38,54.57
2025-08-25 19:00:00,32.96,55.08
2025-08-25 20:00:00,31.58,56.02
2025-08-25 21:00:00,33.27,61.07
2025-08-25 22:00:00,33.46,64.45
2025-08-25 23:00:00,28.78,75.61
2025-08-26 00:00:00,24.57,73.38
2025-08-26 01:00:00,22.19,72.19
2025-08-26 02:00:00,19.94,76.24
2025-08-26 03:00:00,23.50,74.44
2025-08-26 04:00:00,22.83,70.68
2025-08-26 05:00:00,27.05,60.04
2025-08-26 06:00:00,29.53,56.44
2025-08-26 07:00:00,31.16,61.35
2025-08-26 08:00:00,33.51,69.37
2025-08-26 09:00:00,32.34,79.39
2025-08-26 10:00:00,28.12,79.60
2025-08-26 11:00:00,27.48,76.09
2025-08-26 12:00:00,27.14,72.33
2025-08-26 13:00:00,28.56,73.16
2025-08-26 14:00:00,26.33,76.08
2025-08-26 15:00:00,22.92,66.93
2025-08-26 16:00:00,20.43,67.00
2025-08-26 17:00:00,23.67,77.22
2025-08-26 18:00:00,31.94,67.61
2025-08-26 19:00:00,35.00,68.14
2025-08-26 20:00:00,35.17,72.55
2025-08-26 21:00:00,36.20,71.08
2025-08-26 22:00:00,34.02,65.42
2025-08-26 23:00:00,33.11,70.91
2025-08-27 00:00:00,32.16,71.81
2025-08-27 01:00:00,31.94,69.74
2025-08-27 02:00:00,28.57,66.72
2025-08-27 03:00:00,23.91,61.22
2025-08-27 04:00:00,23.34,54.01
2025-08-27 05:00:00,25.57,52.20
2025-08-27 06:00:00,30.89,48.46
2025-08-27 07:00:00,31.62,46.76
2025-08-27 08:00:00,30.87,52.57
2025-08-27 09:00:00,27.36,50.40
2025-08-27 10:00:00,28.53,56.37
2025-08-27 11:00:00,27.12,60.75
2025-08-27 12:00:00,22.89,57.39
2025-08-27 13:00:00,21.46,55.79
2025-08-27 14:00:00,19.46,54.32
2025-08-27 15:00:00,17.69,47.24
2025-08-27 16:00:00,25.32,50.93
2025-08-27 17:00:00,25.98,54.80
2025-08-27 18:00:00,26.28,49.38
2025-08-27 19:00:00,28.82,49.34
2025-08-27 20:00:00,26.59,68.94
2025-08-27 21:00:00,30.74,71.98
2025-08-27 22:00:00,31.48,67.47
2025-08-27 23:00:00,33.28,70.38
2025-08-28 00:00:00,30.14,68.47
2025-08-28 01:00:00,24.63,57.90
2025-08-28 02:00:00,20.84,53.45
2025-08-28 03:00:00,24.91,50.47
2025-08-28 04:00:00,29.75,51.69
2025-08-28 05:00:00,30.15,46.57
2025-08-28 06:00:00,31.17,40.09
2025-08-28 07:00:00,29.70,40.41
2025-08-28 08:00:00,29.27,44.60
2025-08-28 09:00:00,27.78,54.76
2025-08-28 10:00:00,28.24,60.28
2025-08-28 11:00:00,29.39,65.74
2025-08-28 12:00:00,26.78,61.92
2025-08-28 13:00:00,23.53,66.57
2025-08-28 14:00:00,23.50,67.86
2025-08-28 15:00:00,27.86,67.48
2025-08-28 16:00:00,26.71,69.00
2025-08-28 17:00:00,30.54,62.53
2025-08-28 18:00:00,32.71,60.06
2025-08-28 19:00:00,30.54,57.04
2025-08-28 20:00:00,36.27,61.61
2025-08-28 21:00:00,34.10,64.31
2025-08-28 22:00:00,27.97,64.52
2025-08-28 23:00:00,30.14,60.31
2025-08-29 00:00:00,27.95,61.08
2025-08-29 01:00:00,26.42,56.83
2025-08-29 02:00:00,23.62,57.40
2025-08-29 03:00:00,24.06,57.54
2025-08-29 04:00:00,27.84,57.10
2025-08-29 05:00:00,30.69,49.46
2025-08-29 06:00:00,28.49,43.67
2025-08-29 07:00:00,29.78,40.71
2025-08-29 08:00:00,29.70,50.25
2025-08-29 09:00:00,25.97,50.18
2025-08-29 10:00:00,25.69,53.64
2025-08-29 11:00:00,26.40,56.47
2025-08-29 12:00:00,24.30,60.06
2025-08-29 13:00:00,22.14,60.09
2025-08-29 14:00:00,22.42,52.87
2025-08-29 15:00:00,20.74,54.93
2025-08-29 16:00:00,20.14,62.88
2025-08-29 17:00:00,32.89,64.18
2025-08-29 18:00:00,41.42,69.26
2025-08-29 19:00:00,42.72,69.46
2025-08-29 20:00:00,42.17,61.64
2025-08-29 21:00:00,41.07,56.08
2025-08-29 22:00:00,35.03,60.34
2025-08-29 23:00:00,28.30,56.98
2025-08-30 00:00:00,26.88,59.49
2025-08-30 01:00:00,24.27,54.65
2025-08-30 02:00:00,21.47,48.26
2025-08-30 03:00:00,19.00,53.90
2025-08-30 04:00:00,20.35,56.49
2025-08-30 05:00:00,NA,NA
2025-08-30 06:00:00,NA,NA
2025-08-30 07:00:00,NA,NA
2025-08-30 08:00:00,NA,NA
2025-08-30 09:00:00,NA,NA
2025-08-30 10:00:00,26.01,56.54
2025-08-30 11:00:00,24.84,73.02
2025-08-30 12:00:00,21.79,71.23
2025-08-30 13:00:00,19.06,75.90
2025-08-30 14:00:00,19.06,72.02
2025-08-30 15:00:00,18.17,69.49
2025-08-30 16:00:00,21.06,67.79
2025-08-30 17:00:00,24.95,66.96
2025-08-30 18:00:00,37.29,73.93
2025-08-30 19:00:00,48.06,73.50
2025-08-30 20:00:00,50.85,72.78
2025-08-30 21:00:00,50.27,72.66
2025-08-30 22:00:00,41.94,68.02
2025-08-30 23:00:00,36.44,67.57
2025-08-31 00:00:00,34.53,59.26
2025-08-31 01:00:00,29.96,49.45
2025-08-31 02:00:00,25.94,47.62
2025-08-31 03:00:00,22.18,45.53
2025-08-31 04:00:00,19.66,42.70
2025-08-31 05:00:00,19.04,39.93
2025-08-31 06:00:00,24.77,35.44
2025-08-31 07:00:00,27.48,32.77
2025-08-31 08:00:00,24.85,38.58
2025-08-31 09:00:00,25.86,40.92
2025-08-31 10:00:00,27.39,41.82
2025-08-31 11:00:00,27.56,47.20
2025-08-31 12:00:00,24.99,54.77
2025-08-31 13:00:00,21.35,55.27
2025-08-31 14:00:00,24.75,56.04
2025-08-31 15:00:00,24.67,54.02
2025-08-31 16:00:00,21.83,54.03
2025-08-31 17:00:00,30.55,49.43
2025-08-31 18:00:00,33.13,47.05
2025-08-31 19:00:00,34.92,50.59
2025-08-31 20:00:00,35.25,59.01
2025-08-31 21:00:00,34.89,66.79
2025-08-31 22:00:00,37.42,77.33
2025-08-31 23:00:00,36.01,84.24
2025-09-01 00:00:00,32.62,81.32
2025-09-01 01:00:00,31.54,65.27
2025-09-01 02:00:00,27.77,59.59
2025-09-01 03:00:00,25.20,53.14
2025-09-01 04:00:00,25.27,47.02
2025-09-01 05:00:00,29.07,40.72
2025-09-01 06:00:00,31.25,35.69
2025-09-01 07:00:00,28.67,36.84
2025-09-01 08:00:00,30.56,39.50
2025-09-01 09:00:00,33.38,47.76
2025-09-01 10:00:00,29.82,55.02
2025-09-01 11:00:00,26.68,59.18
2025-09-01 12:00:00,28.98,59.68
2025-09-01 13:00:00,27.24,57.66
2025-09-01 14:00:00,23.58,60.77
2025-09-01 15:00:00,20.39,58.26
2025-09-01 16:00:00,18.79,59.79
2025-09-01 17:00:00,26.80,63.74
2025-09-01 18:00:00,30.69,63.21
2025-09-01 19:00:00,32.85,66.97
2025-09-01 20:00:00,33.45,68.65
2025-09-01 21:00:00,29.16,82.37
2025-09-01 22:00:00,28.51,92.97
2025-09-01 23:00:00,27.33,96.02
