Timestamp,PM2.5 (µg/m³),PM10 (µg/m³)
2025-04-01 00:00:00,35.55,59.38
2025-04-01 01:00:00,36.46,58.85
2025-04-01 02:00:00,36.95,57.70
2025-04-01 03:00:00,36.24,56.89
2025-04-01 04:00:00,39.25,56.23
2025-04-01 05:00:00,56.49,69.07
2025-04-01 06:00:00,73.94,89.96
2025-04-01 07:00:00,78.36,100.36
2025-04-01 08:00:00,50.48,85.44
2025-04-01 09:00:00,19.87,63.70
2025-04-01 10:00:00,4.04,44.85
2025-04-01 11:00:00,2.80,34.88
2025-04-01 12:00:00,11.22,37.89
2025-04-01 13:00:00,19.56,44.62
2025-04-01 14:00:00,22.62,48.38
2025-04-01 15:00:00,24.10,51.51
2025-04-01 16:00:00,25.16,54.16
2025-04-01 17:00:00,19.90,53.09
2025-04-01 18:00:00,14.06,54.86
2025-04-01 19:00:00,13.32,55.45
2025-04-01 20:00:00,17.94,51.58
2025-04-01 21:00:00,19.50,40.75
2025-04-01 22:00:00,18.80,37.28
2025-04-01 23:00:00,24.33,41.99
2025-04-02 00:00:00,32.26,49.79
2025-04-02 01:00:00,38.02,53.28
2025-04-02 02:00:00,35.60,53.96
2025-04-02 03:00:00,30.59,47.06
2025-04-02 04:00:00,28.60,36.07
2025-04-02 05:00:00,29.05,35.27
2025-04-02 06:00:00,40.28,54.79
2025-04-02 07:00:00,67.39,89.14
2025-04-02 08:00:00,64.77,96.34
2025-04-02 09:00:00,34.16,72.45
2025-04-02 10:00:00,6.10,45.46
2025-04-02 11:00:00,NA,32.09
2025-04-02 12:00:00,1.33,25.59
2025-04-02 13:00:00,4.63,22.52
2025-04-02 14:00:00,9.30,30.60
2025-04-02 15:00:00,15.16,36.72
2025-04-02 16:00:00,19.49,44.51
2025-04-02 17:00:00,21.72,46.82
2025-04-02 18:00:00,26.20,45.10
2025-04-02 19:00:00,31.13,42.02
2025-04-02 20:00:00,31.54,38.69
2025-04-02 21:00:00,23.75,35.15
2025-04-02 22:00:00,21.99,32.42
2025-04-02 23:00:00,22.61,31.64
2025-04-03 00:00:00,31.42,34.82
2025-04-03 01:00:00,NA,NA
2025-04-03 02:00:00,32.47,35.08
2025-04-03 03:00:00,26.66,32.67
2025-04-03 04:00:00,19.18,24.63
2025-04-03 05:00:00,18.95,27.42
2025-04-03 06:00:00,21.66,29.12
2025-04-03 07:00:00,19.47,33.53
2025-04-03 08:00:00,9.62,30.54
2025-04-03 09:00:00,11.90,31.51
2025-04-03 10:00:00,12.20,32.46
2025-04-03 11:00:00,14.34,36.74
2025-04-03 12:00:00,18.91,42.84
2025-04-03 13:00:00,15.95,38.98
2025-04-03 14:00:00,9.68,33.59
2025-04-03 15:00:00,2.62,29.78
2025-04-03 16:00:00,NA,26.76
2025-04-03 17:00:00,1.40,27.02
2025-04-03 18:00:00,5.62,33.20
2025-04-03 19:00:00,13.20,41.02
2025-04-03 20:00:00,15.60,35.66
2025-04-03 21:00:00,15.02,30.94
2025-04-03 22:00:00,17.33,31.06
2025-04-03 23:00:00,20.37,38.30
2025-04-04 00:00:00,20.18,39.67
2025-04-04 01:00:00,19.59,39.96
2025-04-04 02:00:00,17.33,41.54
2025-04-04 03:00:00,17.51,37.20
2025-04-04 04:00:00,30.74,49.36
2025-04-04 05:00:00,72.82,86.77
2025-04-04 06:00:00,105.15,121.40
2025-04-04 07:00:00,105.84,131.12
2025-04-04 08:00:00,30.19,57.56
2025-04-04 09:00:00,NA,5.96
2025-04-04 10:00:00,0.02,12.31
2025-04-04 11:00:00,3.20,32.04
2025-04-04 12:00:00,11.64,54.44
2025-04-04 13:00:00,14.99,62.05
2025-04-04 14:00:00,15.47,60.09
2025-04-04 15:00:00,19.40,67.02
2025-04-04 16:00:00,26.52,65.89
2025-04-04 17:00:00,27.39,58.01
2025-04-04 18:00:00,23.84,42.08
2025-04-04 19:00:00,20.99,36.48
2025-04-04 20:00:00,18.91,33.21
2025-04-04 21:00:00,13.15,29.31
2025-04-04 22:00:00,9.15,21.06
2025-04-04 23:00:00,11.30,21.99
2025-04-05 00:00:00,19.46,25.88
2025-04-05 01:00:00,21.53,27.10
2025-04-05 02:00:00,21.42,30.89
2025-04-05 03:00:00,18.79,30.68
2025-04-05 04:00:00,32.16,48.28
2025-04-05 05:00:00,91.83,111.84
2025-04-05 06:00:00,118.02,142.57
2025-04-05 07:00:00,98.50,127.54
2025-04-05 08:00:00,52.32,87.72
2025-04-05 09:00:00,10.56,40.90
2025-04-05 10:00:00,30.19,47.82
2025-04-05 11:00:00,18.16,37.83
2025-04-05 12:00:00,NA,7.48
2025-04-05 13:00:00,0.01,0.17
2025-04-05 14:00:00,2.14,4.30
2025-04-05 15:00:00,7.40,15.61
2025-04-05 16:00:00,8.80,20.31
2025-04-05 17:00:00,8.62,19.17
2025-04-05 18:00:00,9.44,20.10
2025-04-05 19:00:00,9.91,25.52
2025-04-05 20:00:00,10.39,28.70
2025-04-05 21:00:00,13.08,28.76
2025-04-05 22:00:00,12.18,28.01
2025-04-05 23:00:00,5.02,29.52
2025-04-06 00:00:00,4.32,38.99
2025-04-06 01:00:00,7.06,42.64
2025-04-06 02:00:00,12.13,38.66
2025-04-06 03:00:00,17.90,42.20
2025-04-06 04:00:00,29.41,51.64
2025-04-06 05:00:00,35.82,60.37
2025-04-06 06:00:00,42.31,67.33
2025-04-06 07:00:00,41.14,67.40
2025-04-06 08:00:00,23.52,51.18
2025-04-06 09:00:00,4.59,28.32
2025-04-06 10:00:00,NA,14.43
2025-04-06 11:00:00,NA,10.64
2025-04-06 12:00:00,NA,15.01
2025-04-06 13:00:00,0.53,17.12
2025-04-06 14:00:00,2.03,14.80
2025-04-06 15:00:00,0.01,12.37
2025-04-06 16:00:00,0.85,13.91
2025-04-06 17:00:00,7.30,19.86
2025-04-06 18:00:00,18.57,27.24
2025-04-06 19:00:00,27.98,34.80
2025-04-06 20:00:00,27.15,30.97
2025-04-06 21:00:00,18.26,19.91
2025-04-06 22:00:00,12.56,15.93
2025-04-06 23:00:00,12.30,14.52
2025-04-07 00:00:00,4.06,10.46
2025-04-07 01:00:00,3.60,13.38
2025-04-07 02:00:00,6.28,17.07
2025-04-07 03:00:00,11.24,21.85
2025-04-07 04:00:00,60.41,71.71
2025-04-07 05:00:00,102.59,116.00
2025-04-07 06:00:00,112.78,129.03
2025-04-07 07:00:00,89.21,114.24
2025-04-07 08:00:00,38.96,68.21
2025-04-07 09:00:00,1.52,17.68
2025-04-07 10:00:00,6.33,NA
2025-04-07 11:00:00,14.88,NA
2025-04-07 12:00:00,12.24,NA
2025-04-07 13:00:00,12.59,NA
2025-04-07 14:00:00,9.23,10.18
2025-04-07 15:00:00,5.70,17.00
2025-04-07 16:00:00,4.31,24.76
2025-04-07 17:00:00,8.41,30.55
2025-04-07 18:00:00,14.29,31.65
2025-04-07 19:00:00,15.25,31.86
2025-04-07 20:00:00,17.26,29.53
2025-04-07 21:00:00,15.52,25.98
2025-04-07 22:00:00,11.49,22.73
2025-04-07 23:00:00,8.53,17.00
2025-04-08 00:00:00,10.05,13.18
2025-04-08 01:00:00,11.29,12.05
2025-04-08 02:00:00,13.87,16.32
2025-04-08 03:00:00,21.28,32.50
2025-04-08 04:00:00,34.73,53.28
2025-04-08 05:00:00,74.76,97.85
2025-04-08 06:00:00,99.90,125.72
2025-04-08 07:00:00,72.62,105.84
2025-04-08 08:00:00,30.10,62.83
2025-04-08 09:00:00,1.10,17.91
2025-04-08 10:00:00,3.85,NA
2025-04-08 11:00:00,11.94,13.52
2025-04-08 12:00:00,14.70,22.74
2025-04-08 13:00:00,15.31,27.26
2025-04-08 14:00:00,13.63,28.98
2025-04-08 15:00:00,12.17,21.84
2025-04-08 16:00:00,12.20,20.93
2025-04-08 17:00:00,13.92,32.80
2025-04-08 18:00:00,15.44,41.85
2025-04-08 19:00:00,17.39,48.34
2025-04-08 20:00:00,17.11,46.90
2025-04-08 21:00:00,16.95,45.82
2025-04-08 22:00:00,14.79,44.73
2025-04-08 23:00:00,17.89,42.55
2025-04-09 00:00:00,22.65,41.58
2025-04-09 01:00:00,21.25,37.66
2025-04-09 02:00:00,18.45,38.36
2025-04-09 03:00:00,24.63,45.18
2025-04-09 04:00:00,33.04,53.76
2025-04-09 05:00:00,31.78,52.32
2025-04-09 06:00:00,28.87,49.24
2025-04-09 07:00:00,23.36,44.14
2025-04-09 08:00:00,13.51,35.20
2025-04-09 09:00:00,5.25,25.03
2025-04-09 10:00:00,0.30,20.05
2025-04-09 11:00:00,NA,24.33
2025-04-09 12:00:00,0.05,33.36
2025-04-09 13:00:00,NA,45.64
2025-04-09 14:00:00,1.46,59.94
2025-04-09 15:00:00,7.24,66.15
2025-04-09 16:00:00,12.38,65.25
2025-04-09 17:00:00,18.53,68.93
2025-04-09 18:00:00,21.85,62.52
2025-04-09 19:00:00,21.16,52.20
2025-04-09 20:00:00,16.33,41.69
2025-04-09 21:00:00,14.61,36.08
2025-04-09 22:00:00,8.42,28.99
2025-04-09 23:00:00,4.90,22.45
2025-04-10 00:00:00,6.15,21.24
2025-04-10 01:00:00,4.56,23.22
2025-04-10 02:00:00,6.80,31.68
2025-04-10 03:00:00,13.48,41.18
2025-04-10 04:00:00,17.22,46.00
2025-04-10 05:00:00,21.80,51.38
2025-04-10 06:00:00,24.06,53.56
2025-04-10 07:00:00,19.52,49.40
2025-04-10 08:00:00,12.32,37.36
2025-04-10 09:00:00,6.96,31.00
2025-04-10 10:00:00,7.91,31.46
2025-04-10 11:00:00,2.96,24.98
2025-04-10 12:00:00,0.10,19.09
2025-04-10 13:00:00,5.60,33.27
2025-04-10 14:00:00,12.51,39.62
2025-04-10 15:00:00,15.14,33.70
2025-04-10 16:00:00,19.78,34.06
2025-04-10 17:00:00,20.99,36.68
2025-04-10 18:00:00,26.47,43.52
2025-04-10 19:00:00,40.24,59.22
2025-04-10 20:00:00,54.56,70.76
2025-04-10 21:00:00,55.05,74.15
2025-04-10 22:00:00,60.27,80.12
2025-04-10 23:00:00,62.00,79.38
2025-04-11 00:00:00,52.10,68.04
2025-04-11 01:00:00,47.59,66.42
2025-04-11 02:00:00,44.24,67.80
2025-04-11 03:00:00,41.33,65.09
2025-04-11 04:00:00,22.60,46.47
2025-04-11 05:00:00,17.82,32.42
2025-04-11 06:00:00,20.84,64.64
2025-04-11 07:00:00,32.72,78.58
2025-04-11 08:00:00,27.93,61.96
2025-04-11 09:00:00,15.53,47.80
2025-04-11 10:00:00,0.85,30.52
2025-04-11 11:00:00,0.42,22.94
2025-04-11 12:00:00,7.68,26.73
2025-04-11 13:00:00,15.12,26.28
2025-04-11 14:00:00,18.48,26.80
2025-04-11 15:00:00,22.31,29.14
2025-04-11 16:00:00,22.49,28.71
2025-04-11 17:00:00,1.44,2.40
2025-04-11 18:00:00,10.15,16.61
2025-04-11 19:00:00,21.29,39.05
2025-04-11 20:00:00,28.08,51.56
2025-04-11 21:00:00,27.95,54.76
2025-04-11 22:00:00,30.46,54.00
2025-04-11 23:00:00,35.25,54.99
2025-04-12 00:00:00,44.52,64.32
2025-04-12 01:00:00,47.00,67.72
2025-04-12 02:00:00,43.78,66.80
2025-04-12 03:00:00,37.12,60.94
2025-04-12 04:00:00,37.89,56.82
2025-04-12 05:00:00,30.82,48.35
2025-04-12 06:00:00,23.69,42.20
2025-04-12 07:00:00,22.49,48.49
2025-04-12 08:00:00,18.34,52.13
2025-04-12 09:00:00,12.17,49.95
2025-04-12 10:00:00,9.75,47.28
2025-04-12 11:00:00,11.38,45.19
2025-04-12 12:00:00,15.01,44.28
2025-04-12 13:00:00,NA,NA
2025-04-12 14:00:00,NA,NA
2025-04-12 15:00:00,NA,NA
2025-04-12 16:00:00,29.23,63.98
2025-04-12 17:00:00,35.43,63.23
2025-04-12 18:00:00,40.79,59.93
2025-04-12 19:00:00,43.34,60.53
2025-04-12 20:00:00,48.70,67.54
2025-04-12 21:00:00,57.20,74.93
2025-04-12 22:00:00,53.99,69.79
2025-04-12 23:00:00,36.01,60.31
2025-04-13 00:00:00,54.96,65.86
2025-04-13 01:00:00,58.68,65.06
2025-04-13 02:00:00,49.71,61.15
2025-04-13 03:00:00,39.38,52.40
2025-04-13 04:00:00,35.98,47.14
2025-04-13 05:00:00,34.54,44.34
2025-04-13 06:00:00,31.87,44.36
2025-04-13 07:00:00,29.33,50.36
2025-04-13 08:00:00,14.40,48.89
2025-04-13 09:00:00,1.48,41.45
2025-04-13 10:00:00,0.41,40.19
2025-04-13 11:00:00,6.46,49.83
2025-04-13 12:00:00,19.13,59.82
2025-04-13 13:00:00,13.46,48.26
2025-04-13 14:00:00,17.14,42.58
2025-04-13 15:00:00,18.52,38.32
2025-04-13 16:00:00,27.57,43.26
2025-04-13 17:00:00,45.87,50.45
2025-04-13 18:00:00,NA,NA
2025-04-13 19:00:00,NA,NA
2025-04-13 20:00:00,49.00,50.70
2025-04-13 21:00:00,38.20,47.31
2025-04-13 22:00:00,24.96,44.05
2025-04-13 23:00:00,32.57,49.83
2025-04-14 00:00:00,47.91,59.58
2025-04-14 01:00:00,50.22,68.67
2025-04-14 02:00:00,36.80,70.89
2025-04-14 03:00:00,32.08,70.72
2025-04-14 04:00:00,44.19,76.85
2025-04-14 05:00:00,63.82,91.10
2025-04-14 06:00:00,78.47,104.95
2025-04-14 07:00:00,101.04,132.08
2025-04-14 08:00:00,73.30,112.90
2025-04-14 09:00:00,23.24,52.73
2025-04-14 10:00:00,NA,7.63
2025-04-14 11:00:00,NA,NA
2025-04-14 12:00:00,NA,NA
2025-04-14 13:00:00,NA,0.36
2025-04-14 14:00:00,NA,3.34
2025-04-14 15:00:00,1.55,8.03
2025-04-14 16:00:00,9.65,15.00
2025-04-14 17:00:00,16.68,21.20
2025-04-14 18:00:00,21.11,24.42
2025-04-14 19:00:00,28.00,29.83
2025-04-14 20:00:00,27.32,29.93
2025-04-14 21:00:00,21.24,24.61
2025-04-14 22:00:00,18.27,20.54
2025-04-14 23:00:00,19.69,22.56
2025-04-15 00:00:00,21.97,27.56
2025-04-15 01:00:00,20.34,28.84
2025-04-15 02:00:00,19.84,29.56
2025-04-15 03:00:00,18.98,26.64
2025-04-15 04:00:00,16.90,23.70
2025-04-15 05:00:00,18.62,24.66
2025-04-15 06:00:00,23.63,35.49
2025-04-15 07:00:00,31.62,48.28
2025-04-15 08:00:00,23.10,45.52
2025-04-15 09:00:00,12.46,37.97
2025-04-15 10:00:00,22.49,48.90
2025-04-15 11:00:00,27.11,53.76
2025-04-15 12:00:00,28.65,50.26
2025-04-15 13:00:00,22.32,42.37
2025-04-15 14:00:00,14.59,32.95
2025-04-15 15:00:00,12.66,28.38
2025-04-15 16:00:00,14.79,28.14
2025-04-15 17:00:00,16.24,29.48
2025-04-15 18:00:00,24.54,34.76
2025-04-15 19:00:00,29.13,36.51
2025-04-15 20:00:00,29.96,35.24
2025-04-15 21:00:00,24.80,29.14
2025-04-15 22:00:00,16.98,23.39
2025-04-15 23:00:00,19.64,22.86
2025-04-16 00:00:00,NA,NA
2025-04-16 01:00:00,26.98,29.17
2025-04-16 02:00:00,22.41,31.34
2025-04-16 03:00:00,19.29,31.98
2025-04-16 04:00:00,18.36,26.66
2025-04-16 05:00:00,18.68,24.30
2025-04-16 06:00:00,19.75,26.17
2025-04-16 07:00:00,21.70,33.25
2025-04-16 08:00:00,15.63,35.21
2025-04-16 09:00:00,20.13,41.91
2025-04-16 10:00:00,22.20,42.37
2025-04-16 11:00:00,19.49,29.15
2025-04-16 12:00:00,29.19,31.46
2025-04-16 13:00:00,25.99,28.37
2025-04-16 14:00:00,16.76,25.79
2025-04-16 15:00:00,12.65,26.66
2025-04-16 16:00:00,8.78,27.13
2025-04-16 17:00:00,8.77,29.35
2025-04-16 18:00:00,39.87,51.88
2025-04-16 19:00:00,65.84,70.09
2025-04-16 20:00:00,58.54,65.94
2025-04-16 21:00:00,33.98,47.49
2025-04-16 22:00:00,24.52,41.81
2025-04-16 23:00:00,32.16,41.82
2025-04-17 00:00:00,NA,NA
2025-04-17 01:00:00,NA,NA
2025-04-17 02:00:00,41.62,45.10
2025-04-17 03:00:00,29.38,40.01
2025-04-17 04:00:00,25.46,38.06
2025-04-17 05:00:00,26.82,41.86
2025-04-17 06:00:00,31.34,47.70
2025-04-17 07:00:00,35.63,55.14
2025-04-17 08:00:00,22.12,48.15
2025-04-17 09:00:00,10.33,37.59
2025-04-17 10:00:00,3.14,29.15
2025-04-17 11:00:00,1.28,32.08
2025-04-17 12:00:00,7.77,36.97
2025-04-17 13:00:00,12.76,33.77
2025-04-17 14:00:00,15.34,30.58
2025-04-17 15:00:00,17.36,28.66
2025-04-17 16:00:00,23.34,39.53
2025-04-17 17:00:00,39.94,57.10
2025-04-17 18:00:00,51.39,67.13
2025-04-17 19:00:00,44.53,63.70
2025-04-17 20:00:00,34.69,57.30
2025-04-17 21:00:00,26.88,49.59
2025-04-17 22:00:00,19.64,42.81
2025-04-17 23:00:00,21.22,41.26
2025-04-18 00:00:00,34.86,45.54
2025-04-18 01:00:00,36.88,49.47
2025-04-18 02:00:00,28.32,47.33
2025-04-18 03:00:00,23.23,40.70
2025-04-18 04:00:00,22.87,38.35
2025-04-18 05:00:00,25.08,38.11
2025-04-18 06:00:00,26.88,41.50
2025-04-18 07:00:00,25.79,44.34
2025-04-18 08:00:00,17.38,42.48
2025-04-18 09:00:00,11.85,37.15
2025-04-18 10:00:00,12.72,36.80
2025-04-18 11:00:00,18.15,43.23
2025-04-18 12:00:00,23.49,46.69
2025-04-18 13:00:00,20.74,42.27
2025-04-18 14:00:00,15.20,36.17
2025-04-18 15:00:00,15.56,33.38
2025-04-18 16:00:00,20.17,39.20
2025-04-18 17:00:00,23.77,43.38
2025-04-18 18:00:00,35.58,53.84
2025-04-18 19:00:00,38.80,55.62
2025-04-18 20:00:00,45.68,59.23
2025-04-18 21:00:00,39.29,55.49
2025-04-18 22:00:00,24.58,49.36
2025-04-18 23:00:00,24.98,47.69
2025-04-19 00:00:00,36.81,51.24
2025-04-19 01:00:00,32.13,49.48
2025-04-19 02:00:00,23.73,44.83
2025-04-19 03:00:00,24.54,44.49
2025-04-19 04:00:00,25.15,45.29
2025-04-19 05:00:00,26.68,45.71
2025-04-19 06:00:00,25.28,45.86
2025-04-19 07:00:00,25.04,49.62
2025-04-19 08:00:00,26.12,55.18
2025-04-19 09:00:00,26.70,60.04
2025-04-19 10:00:00,26.21,63.17
2025-04-19 11:00:00,15.19,53.90
2025-04-19 12:00:00,17.75,54.39
2025-04-19 13:00:00,21.27,53.62
2025-04-19 14:00:00,20.27,46.16
2025-04-19 15:00:00,23.23,45.02
2025-04-19 16:00:00,29.25,51.39
2025-04-19 17:00:00,35.52,59.14
2025-04-19 18:00:00,64.78,73.72
2025-04-19 19:00:00,NA,NA
2025-04-19 20:00:00,68.13,79.04
2025-04-19 21:00:00,41.81,67.45
2025-04-19 22:00:00,28.15,58.49
2025-04-19 23:00:00,30.45,57.46
2025-04-20 00:00:00,36.36,62.51
2025-04-20 01:00:00,38.92,67.89
2025-04-20 02:00:00,36.79,66.17
2025-04-20 03:00:00,27.76,59.84
2025-04-20 04:00:00,19.68,51.91
2025-04-20 05:00:00,14.38,42.64
2025-04-20 06:00:00,18.48,41.92
2025-04-20 07:00:00,24.40,44.33
2025-04-20 08:00:00,15.85,40.95
2025-04-20 09:00:00,7.20,33.40
2025-04-20 10:00:00,3.06,29.12
2025-04-20 11:00:00,3.75,30.96
2025-04-20 12:00:00,21.06,45.46
2025-04-20 13:00:00,24.60,44.67
2025-04-20 14:00:00,22.77,39.65
2025-04-20 15:00:00,23.38,38.84
2025-04-20 16:00:00,29.13,44.45
2025-04-20 17:00:00,40.43,52.86
2025-04-20 18:00:00,56.20,62.82
2025-04-20 19:00:00,NA,NA
2025-04-20 20:00:00,61.32,65.65
2025-04-20 21:00:00,51.45,59.50
2025-04-20 22:00:00,52.87,56.82
2025-04-20 23:00:00,27.91,52.38
2025-04-21 00:00:00,34.83,52.25
2025-04-21 01:00:00,52.11,56.41
2025-04-21 02:00:00,48.04,52.69
2025-04-21 03:00:00,33.63,46.50
2025-04-21 04:00:00,21.19,36.75
2025-04-21 05:00:00,19.83,33.90
2025-04-21 06:00:00,29.22,42.73
2025-04-21 07:00:00,35.94,52.59
2025-04-21 08:00:00,20.02,30.73
2025-04-21 09:00:00,17.41,19.18
2025-04-21 10:00:00,3.57,16.54
2025-04-21 11:00:00,0.41,35.81
2025-04-21 12:00:00,1.32,44.02
2025-04-21 13:00:00,5.50,40.13
2025-04-21 14:00:00,9.88,35.10
2025-04-21 15:00:00,12.29,33.39
2025-04-21 16:00:00,11.39,39.02
2025-04-21 17:00:00,13.82,45.98
2025-04-21 18:00:00,17.00,51.64
2025-04-21 19:00:00,26.09,67.54
2025-04-21 20:00:00,28.78,65.44
2025-04-21 21:00:00,30.71,59.59
2025-04-21 22:00:00,28.63,49.85
2025-04-21 23:00:00,24.95,40.04
2025-04-22 00:00:00,26.79,38.44
2025-04-22 01:00:00,26.54,42.03
2025-04-22 02:00:00,26.53,44.32
2025-04-22 03:00:00,25.72,42.40
2025-04-22 04:00:00,20.29,35.02
2025-04-22 05:00:00,18.90,30.11
2025-04-22 06:00:00,22.76,32.98
2025-04-22 07:00:00,22.88,38.86
2025-04-22 08:00:00,10.91,35.94
2025-04-22 09:00:00,1.02,26.24
2025-04-22 10:00:00,6.24,27.00
2025-04-22 11:00:00,12.54,32.21
2025-04-22 12:00:00,13.80,32.88
2025-04-22 13:00:00,12.64,32.53
2025-04-22 14:00:00,11.72,30.89
2025-04-22 15:00:00,11.00,31.08
2025-04-22 16:00:00,9.92,31.20
2025-04-22 17:00:00,7.58,36.60
2025-04-22 18:00:00,16.54,50.46
2025-04-22 19:00:00,28.46,59.98
2025-04-22 20:00:00,29.14,51.52
2025-04-22 21:00:00,26.23,41.68
2025-04-22 22:00:00,25.29,43.12
2025-04-22 23:00:00,24.61,43.72
2025-04-23 00:00:00,27.16,41.21
2025-04-23 01:00:00,24.58,37.94
2025-04-23 02:00:00,20.12,34.10
2025-04-23 03:00:00,14.67,29.49
2025-04-23 04:00:00,11.74,24.20
2025-04-23 05:00:00,12.95,20.03
2025-04-23 06:00:00,15.55,24.22
2025-04-23 07:00:00,15.99,32.78
2025-04-23 08:00:00,12.53,36.91
2025-04-23 09:00:00,7.95,35.19
2025-04-23 10:00:00,3.68,31.52
2025-04-23 11:00:00,2.20,28.72
2025-04-23 12:00:00,8.23,34.33
2025-04-23 13:00:00,9.98,34.96
2025-04-23 14:00:00,10.06,34.36
2025-04-23 15:00:00,10.63,31.30
2025-04-23 16:00:00,11.57,30.96
2025-04-23 17:00:00,14.77,37.95
2025-04-23 18:00:00,27.51,49.74
2025-04-23 19:00:00,41.47,59.23
2025-04-23 20:00:00,45.38,58.61
2025-04-23 21:00:00,32.49,40.81
2025-04-23 22:00:00,19.83,24.30
2025-04-23 23:00:00,14.60,21.80
2025-04-24 00:00:00,15.34,25.04
2025-04-24 01:00:00,19.97,29.99
2025-04-24 02:00:00,19.06,33.04
2025-04-24 03:00:00,19.00,35.91
2025-04-24 04:00:00,14.57,33.66
2025-04-24 05:00:00,12.06,27.72
2025-04-24 06:00:00,14.84,28.17
2025-04-24 07:00:00,20.33,36.20
2025-04-24 08:00:00,20.58,37.70
2025-04-24 09:00:00,12.72,36.47
2025-04-24 10:00:00,8.63,34.41
2025-04-24 11:00:00,13.12,37.45
2025-04-24 12:00:00,9.18,31.20
2025-04-24 13:00:00,2.99,23.62
2025-04-24 14:00:00,2.93,22.19
2025-04-24 15:00:00,10.10,30.47
2025-04-24 16:00:00,16.20,37.76
2025-04-24 17:00:00,22.72,45.26
2025-04-24 18:00:00,37.90,60.08
2025-04-24 19:00:00,59.51,74.00
2025-04-24 20:00:00,54.84,70.27
2025-04-24 21:00:00,44.02,56.60
2025-04-24 22:00:00,32.52,46.14
2025-04-24 23:00:00,25.36,42.50
2025-04-25 00:00:00,22.66,40.80
2025-04-25 01:00:00,18.19,40.50
2025-04-25 02:00:00,14.37,37.71
2025-04-25 03:00:00,16.66,39.34
2025-04-25 04:00:00,20.81,41.83
2025-04-25 05:00:00,14.64,31.94
2025-04-25 06:00:00,17.77,33.03
2025-04-25 07:00:00,17.55,44.26
2025-04-25 08:00:00,8.92,39.14
2025-04-25 09:00:00,7.91,39.11
2025-04-25 10:00:00,35.92,75.92
2025-04-25 11:00:00,37.64,78.58
2025-04-25 12:00:00,21.15,56.98
2025-04-25 13:00:00,4.67,32.59
2025-04-25 14:00:00,0.63,11.91
2025-04-25 15:00:00,1.46,14.52
2025-04-25 16:00:00,5.12,26.80
2025-04-25 17:00:00,10.49,42.93
2025-04-25 18:00:00,21.38,59.30
2025-04-25 19:00:00,38.04,76.08
2025-04-25 20:00:00,51.51,79.86
2025-04-25 21:00:00,40.86,64.98
2025-04-25 22:00:00,30.46,48.82
2025-04-25 23:00:00,26.04,41.62
2025-04-26 00:00:00,19.07,36.35
2025-04-26 01:00:00,17.04,34.10
2025-04-26 02:00:00,16.95,34.86
2025-04-26 03:00:00,14.38,34.54
2025-04-26 04:00:00,17.26,37.60
2025-04-26 05:00:00,17.99,37.82
2025-04-26 06:00:00,17.54,35.87
2025-04-26 07:00:00,15.85,33.10
2025-04-26 08:00:00,8.76,29.14
2025-04-26 09:00:00,4.22,25.80
2025-04-26 10:00:00,4.07,30.26
2025-04-26 11:00:00,5.28,32.75
2025-04-26 12:00:00,4.30,31.43
2025-04-26 13:00:00,6.33,32.12
2025-04-26 14:00:00,6.35,25.43
2025-04-26 15:00:00,7.59,22.42
2025-04-26 16:00:00,11.23,24.40
2025-04-26 17:00:00,14.13,26.04
2025-04-26 18:00:00,18.03,32.64
2025-04-26 19:00:00,33.39,49.70
2025-04-26 20:00:00,41.37,60.56
2025-04-26 21:00:00,30.15,47.16
2025-04-26 22:00:00,18.64,32.72
2025-04-26 23:00:00,11.39,24.05
2025-04-27 00:00:00,10.16,18.32
2025-04-27 01:00:00,10.50,20.74
2025-04-27 02:00:00,8.96,21.61
2025-04-27 03:00:00,10.60,23.22
2025-04-27 04:00:00,11.24,24.18
2025-04-27 05:00:00,10.72,24.73
2025-04-27 06:00:00,10.78,25.86
2025-04-27 07:00:00,15.71,29.20
2025-04-27 08:00:00,13.26,23.48
2025-04-27 09:00:00,8.62,16.30
2025-04-27 10:00:00,6.68,22.89
2025-04-27 11:00:00,5.46,26.67
2025-04-27 12:00:00,8.19,25.42
2025-04-27 13:00:00,7.80,25.62
2025-04-27 14:00:00,4.95,23.40
2025-04-27 15:00:00,5.62,17.31
2025-04-27 16:00:00,6.03,14.75
2025-04-27 17:00:00,10.41,18.50
2025-04-27 18:00:00,11.79,19.12
2025-04-27 19:00:00,11.24,24.05
2025-04-27 20:00:00,10.52,27.27
2025-04-27 21:00:00,8.72,25.36
2025-04-27 22:00:00,9.95,23.90
2025-04-27 23:00:00,12.41,30.64
2025-04-28 00:00:00,11.59,36.00
2025-04-28 01:00:00,9.01,30.75
2025-04-28 02:00:00,4.49,22.04
2025-04-28 03:00:00,1.32,15.61
2025-04-28 04:00:00,3.11,14.26
2025-04-28 05:00:00,4.42,14.06
2025-04-28 06:00:00,7.37,19.82
2025-04-28 07:00:00,6.82,25.48
2025-04-28 08:00:00,3.24,25.17
2025-04-28 09:00:00,2.00,21.92
2025-04-28 10:00:00,1.20,20.44
2025-04-28 11:00:00,3.23,20.82
2025-04-28 12:00:00,3.85,18.64
2025-04-28 13:00:00,5.17,17.19
2025-04-28 14:00:00,7.22,19.42
2025-04-28 15:00:00,6.20,21.47
2025-04-28 16:00:00,6.49,19.54
2025-04-28 17:00:00,5.90,20.44
2025-04-28 18:00:00,11.72,26.76
2025-04-28 19:00:00,18.25,34.74
2025-04-28 20:00:00,23.10,34.65
2025-04-28 21:00:00,19.23,33.47
2025-04-28 22:00:00,13.56,26.86
2025-04-28 23:00:00,11.38,24.32
2025-04-29 00:00:00,12.65,29.90
2025-04-29 01:00:00,13.14,33.15
2025-04-29 02:00:00,10.26,28.79
2025-04-29 03:00:00,7.71,22.46
2025-04-29 04:00:00,6.36,17.87
2025-04-29 05:00:00,10.18,17.77
2025-04-29 06:00:00,14.27,24.49
2025-04-29 07:00:00,16.61,31.74
2025-04-29 08:00:00,11.82,33.47
2025-04-29 09:00:00,6.25,28.72
2025-04-29 10:00:00,8.09,29.74
2025-04-29 11:00:00,7.14,27.17
2025-04-29 12:00:00,4.34,23.48
2025-04-29 13:00:00,2.43,20.52
2025-04-29 14:00:00,0.61,17.65
2025-04-29 15:00:00,2.08,17.69
2025-04-29 16:00:00,4.63,21.05
2025-04-29 17:00:00,9.10,26.67
2025-04-29 18:00:00,13.65,32.69
2025-04-29 19:00:00,18.70,37.56
2025-04-29 20:00:00,17.55,35.77
2025-04-29 21:00:00,17.10,34.60
2025-04-29 22:00:00,13.52,28.23
2025-04-29 23:00:00,13.51,27.38
2025-04-30 00:00:00,18.56,33.51
2025-04-30 01:00:00,16.85,34.46
2025-04-30 02:00:00,11.34,28.07
2025-04-30 03:00:00,5.19,21.10
2025-04-30 04:00:00,3.79,16.63
2025-04-30 05:00:00,6.01,15.54
2025-04-30 06:00:00,10.98,21.74
2025-04-30 07:00:00,10.40,31.56
2025-04-30 08:00:00,5.78,32.10
2025-04-30 09:00:00,3.25,32.65
2025-04-30 10:00:00,1.64,32.13
2025-04-30 11:00:00,3.06,29.28
2025-04-30 12:00:00,10.83,37.71
2025-04-30 13:00:00,15.74,43.01
2025-04-30 14:00:00,15.12,38.97
2025-04-30 15:00:00,12.99,33.29
2025-04-30 16:00:00,11.92,29.23
2025-04-30 17:00:00,13.68,31.14
2025-04-30 18:00:00,21.92,39.70
2025-04-30 19:00:00,30.83,45.74
2025-04-30 20:00:00,31.36,43.36
2025-04-30 21:00:00,26.11,36.43
2025-04-30 22:00:00,21.02,32.32
2025-04-30 23:00:00,22.61,34.76
2025-05-01 00:00:00,23.40,38.30
2025-05-01 01:00:00,21.87,39.34
2025-05-01 02:00:00,20.22,37.32
2025-05-01 03:00:00,14.97,32.36
2025-05-01 04:00:00,6.82,21.43
2025-05-01 05:00:00,7.05,17.15
2025-05-01 06:00:00,9.87,19.36
2025-05-01 07:00:00,7.62,23.51
2025-05-01 08:00:00,4.54,26.92
2025-05-01 09:00:00,5.07,25.01
2025-05-01 10:00:00,4.68,23.75
2025-05-01 11:00:00,11.46,31.90
2025-05-01 12:00:00,15.76,40.09
2025-05-01 13:00:00,13.74,39.93
2025-05-01 14:00:00,11.12,35.07
2025-05-01 15:00:00,11.66,32.02
2025-05-01 16:00:00,14.29,36.14
2025-05-01 17:00:00,21.36,47.15
2025-05-01 18:00:00,31.17,59.84
2025-05-01 19:00:00,35.97,65.16
2025-05-01 20:00:00,33.20,59.51
2025-05-01 21:00:00,26.92,51.38
2025-05-01 22:00:00,15.53,40.37
2025-05-01 23:00:00,7.84,32.64
2025-05-02 00:00:00,5.66,33.80
2025-05-02 01:00:00,10.88,36.61
2025-05-02 02:00:00,11.65,35.96
2025-05-02 03:00:00,10.42,31.68
2025-05-02 04:00:00,9.45,26.74
2025-05-02 05:00:00,8.62,23.37
2025-05-02 06:00:00,9.36,24.53
2025-05-02 07:00:00,6.65,28.44
2025-05-02 08:00:00,4.44,26.58
2025-05-02 09:00:00,4.84,24.64
2025-05-02 10:00:00,8.25,29.01
2025-05-02 11:00:00,8.50,32.30
2025-05-02 12:00:00,4.60,30.88
2025-05-02 13:00:00,3.93,30.03
2025-05-02 14:00:00,4.24,29.10
2025-05-02 15:00:00,4.90,32.96
2025-05-02 16:00:00,13.17,44.34
2025-05-02 17:00:00,17.60,55.16
2025-05-02 18:00:00,14.90,64.28
2025-05-02 19:00:00,14.76,63.80
2025-05-02 20:00:00,17.21,58.43
2025-05-02 21:00:00,17.90,56.50
2025-05-02 22:00:00,9.09,49.56
2025-05-02 23:00:00,NA,NA
2025-05-03 00:00:00,NA,NA
2025-05-03 01:00:00,NA,NA
2025-05-03 02:00:00,NA,NA
2025-05-03 03:00:00,NA,NA
2025-05-03 04:00:00,NA,NA
2025-05-03 05:00:00,NA,NA
2025-05-03 06:00:00,NA,NA
2025-05-03 07:00:00,NA,NA
2025-05-03 08:00:00,NA,NA
2025-05-03 09:00:00,NA,NA
2025-05-03 10:00:00,NA,NA
2025-05-03 11:00:00,NA,2.69
2025-05-03 12:00:00,3.62,11.71
2025-05-03 13:00:00,11.14,27.86
2025-05-03 14:00:00,18.85,40.82
2025-05-03 15:00:00,21.63,45.66
2025-05-03 16:00:00,21.56,48.48
2025-05-03 17:00:00,29.12,57.84
2025-05-03 18:00:00,38.83,67.39
2025-05-03 19:00:00,51.49,71.76
2025-05-03 20:00:00,47.48,65.64
2025-05-03 21:00:00,41.84,56.73
2025-05-03 22:00:00,34.53,47.87
2025-05-03 23:00:00,24.33,40.90
2025-05-04 00:00:00,10.46,29.88
2025-05-04 01:00:00,2.86,18.67
2025-05-04 02:00:00,2.66,17.32
2025-05-04 03:00:00,2.63,19.95
2025-05-04 04:00:00,5.09,22.89
2025-05-04 05:00:00,7.39,24.02
2025-05-04 06:00:00,12.32,26.16
2025-05-04 07:00:00,12.40,27.80
2025-05-04 08:00:00,11.20,30.40
2025-05-04 09:00:00,9.59,34.91
2025-05-04 10:00:00,9.20,38.52
2025-05-04 11:00:00,9.15,37.23
2025-05-04 12:00:00,5.42,33.72
2025-05-04 13:00:00,6.83,40.48
2025-05-04 14:00:00,15.37,49.37
2025-05-04 15:00:00,19.70,51.02
2025-05-04 16:00:00,13.90,59.36
2025-05-04 17:00:00,37.45,77.89
2025-05-04 18:00:00,47.64,79.09
2025-05-04 19:00:00,26.22,68.51
2025-05-04 20:00:00,29.86,63.26
2025-05-04 21:00:00,27.29,55.46
2025-05-04 22:00:00,17.16,47.14
2025-05-04 23:00:00,6.97,35.33
2025-05-05 00:00:00,4.84,27.97
2025-05-05 01:00:00,11.34,33.88
2025-05-05 02:00:00,15.44,39.85
2025-05-05 03:00:00,17.52,39.03
2025-05-05 04:00:00,16.00,33.14
2025-05-05 05:00:00,12.25,23.63
2025-05-05 06:00:00,10.95,17.31
2025-05-05 07:00:00,10.22,19.66
2025-05-05 08:00:00,8.73,23.56
2025-05-05 09:00:00,10.50,26.62
2025-05-05 10:00:00,14.34,29.55
2025-05-05 11:00:00,17.72,36.61
2025-05-05 12:00:00,18.48,41.01
2025-05-05 13:00:00,20.42,47.57
2025-05-05 14:00:00,22.04,50.30
2025-05-05 15:00:00,23.30,51.23
2025-05-05 16:00:00,23.38,49.63
2025-05-05 17:00:00,22.34,48.52
2025-05-05 18:00:00,24.78,51.20
2025-05-05 19:00:00,44.33,62.17
2025-05-05 20:00:00,64.54,69.89
2025-05-05 21:00:00,56.60,60.78
2025-05-05 22:00:00,40.13,52.89
2025-05-05 23:00:00,39.32,48.22
2025-05-06 00:00:00,37.72,45.27
2025-05-06 01:00:00,28.52,43.82
2025-05-06 02:00:00,24.12,42.92
2025-05-06 03:00:00,21.13,40.02
2025-05-06 04:00:00,16.53,34.05
2025-05-06 05:00:00,12.52,29.87
2025-05-06 06:00:00,8.94,29.64
2025-05-06 07:00:00,3.58,26.58
2025-05-06 08:00:00,2.52,26.12
2025-05-06 09:00:00,4.31,29.54
2025-05-06 10:00:00,6.35,29.75
2025-05-06 11:00:00,11.68,32.54
2025-05-06 12:00:00,19.85,41.31
2025-05-06 13:00:00,19.23,40.84
2025-05-06 14:00:00,20.10,39.67
2025-05-06 15:00:00,22.15,40.67
2025-05-06 16:00:00,23.10,38.88
2025-05-06 17:00:00,24.81,41.65
2025-05-06 18:00:00,35.84,52.40
2025-05-06 19:00:00,45.61,57.02
2025-05-06 20:00:00,36.46,55.13
2025-05-06 21:00:00,4.97,55.43
2025-05-06 22:00:00,0.56,57.00
2025-05-06 23:00:00,12.56,60.58
2025-05-07 00:00:00,15.23,53.12
2025-05-07 01:00:00,21.98,45.16
2025-05-07 02:00:00,24.68,36.80
2025-05-07 03:00:00,21.56,30.43
2025-05-07 04:00:00,16.78,26.36
2025-05-07 05:00:00,15.56,23.79
2025-05-07 06:00:00,18.33,27.90
2025-05-07 07:00:00,18.92,32.58
2025-05-07 08:00:00,12.46,31.74
2025-05-07 09:00:00,4.82,25.76
2025-05-07 10:00:00,4.22,27.06
2025-05-07 11:00:00,7.42,30.76
2025-05-07 12:00:00,12.15,31.46
2025-05-07 13:00:00,16.48,34.85
2025-05-07 14:00:00,13.49,35.45
2025-05-07 15:00:00,13.51,33.19
2025-05-07 16:00:00,13.47,29.60
2025-05-07 17:00:00,12.74,28.90
2025-05-07 18:00:00,18.32,33.70
2025-05-07 19:00:00,20.48,35.34
2025-05-07 20:00:00,21.19,36.04
2025-05-07 21:00:00,16.25,35.41
2025-05-07 22:00:00,38.64,49.82
2025-05-07 23:00:00,62.88,63.59
2025-05-08 00:00:00,58.44,59.98
2025-05-08 01:00:00,47.18,54.29
2025-05-08 02:00:00,34.45,48.62
2025-05-08 03:00:00,28.15,44.83
2025-05-08 04:00:00,27.63,46.72
2025-05-08 05:00:00,27.12,51.88
2025-05-08 06:00:00,31.88,68.06
2025-05-08 07:00:00,25.96,68.47
2025-05-08 08:00:00,11.92,53.79
2025-05-08 09:00:00,6.55,43.82
2025-05-08 10:00:00,3.47,35.30
2025-05-08 11:00:00,14.24,43.63
2025-05-08 12:00:00,22.48,53.76
2025-05-08 13:00:00,26.45,52.92
2025-05-08 14:00:00,31.79,53.33
2025-05-08 15:00:00,24.45,45.26
2025-05-08 16:00:00,17.35,39.98
2025-05-08 17:00:00,19.53,41.30
2025-05-08 18:00:00,23.84,41.34
2025-05-08 19:00:00,35.62,49.30
2025-05-08 20:00:00,40.02,56.63
2025-05-08 21:00:00,34.13,60.45
2025-05-08 22:00:00,21.26,60.10
2025-05-08 23:00:00,18.86,55.50
2025-05-09 00:00:00,21.76,53.71
2025-05-09 01:00:00,22.88,51.48
2025-05-09 02:00:00,24.08,49.92
2025-05-09 03:00:00,27.48,50.32
2025-05-09 04:00:00,31.04,50.72
2025-05-09 05:00:00,29.13,45.12
2025-05-09 06:00:00,26.55,47.34
2025-05-09 07:00:00,24.92,51.52
2025-05-09 08:00:00,18.52,48.31
2025-05-09 09:00:00,15.40,46.87
2025-05-09 10:00:00,12.59,42.49
2025-05-09 11:00:00,20.56,47.81
2025-05-09 12:00:00,28.63,56.33
2025-05-09 13:00:00,33.34,62.76
2025-05-09 14:00:00,40.62,68.89
2025-05-09 15:00:00,43.34,69.36
2025-05-09 16:00:00,38.41,67.99
2025-05-09 17:00:00,40.18,65.82
2025-05-09 18:00:00,35.09,60.18
2025-05-09 19:00:00,34.94,52.13
2025-05-09 20:00:00,47.23,50.86
2025-05-09 21:00:00,44.88,47.06
2025-05-09 22:00:00,37.09,43.76
2025-05-09 23:00:00,35.23,45.14
2025-05-10 00:00:00,37.82,46.49
2025-05-10 01:00:00,34.39,43.54
2025-05-10 02:00:00,30.38,41.63
2025-05-10 03:00:00,34.33,46.70
2025-05-10 04:00:00,42.33,53.49
2025-05-10 05:00:00,38.41,51.93
2025-05-10 06:00:00,15.64,37.69
2025-05-10 07:00:00,9.26,39.30
2025-05-10 08:00:00,16.36,50.22
2025-05-10 09:00:00,18.44,56.06
2025-05-10 10:00:00,10.18,48.53
2025-05-10 11:00:00,22.90,55.37
2025-05-10 12:00:00,28.50,56.55
2025-05-10 13:00:00,20.76,46.87
2025-05-10 14:00:00,16.72,41.76
2025-05-10 15:00:00,16.43,44.18
2025-05-10 16:00:00,16.65,48.48
2025-05-10 17:00:00,16.61,56.95
2025-05-10 18:00:00,22.01,62.29
2025-05-10 19:00:00,43.28,66.24
2025-05-10 20:00:00,47.15,64.90
2025-05-10 21:00:00,35.92,56.94
2025-05-10 22:00:00,21.59,49.66
2025-05-10 23:00:00,28.82,48.02
2025-05-11 00:00:00,50.40,53.25
2025-05-11 01:00:00,NA,NA
2025-05-11 02:00:00,49.86,55.29
2025-05-11 03:00:00,39.04,50.52
2025-05-11 04:00:00,25.93,41.98
2025-05-11 05:00:00,22.73,40.66
2025-05-11 06:00:00,27.62,45.81
2025-05-11 07:00:00,28.73,51.30
2025-05-11 08:00:00,29.64,55.88
2025-05-11 09:00:00,25.83,53.84
2025-05-11 10:00:00,14.94,45.87
2025-05-11 11:00:00,20.06,48.21
2025-05-11 12:00:00,38.53,63.69
2025-05-11 13:00:00,23.50,47.34
2025-05-11 14:00:00,15.53,16.23
2025-05-11 15:00:00,28.52,40.53
2025-05-11 16:00:00,36.53,53.22
2025-05-11 17:00:00,26.10,49.41
2025-05-11 18:00:00,37.83,55.28
2025-05-11 19:00:00,52.20,62.88
2025-05-11 20:00:00,62.89,66.96
2025-05-11 21:00:00,39.09,61.90
2025-05-11 22:00:00,43.56,62.96
2025-05-11 23:00:00,58.42,63.21
2025-05-12 00:00:00,NA,NA
2025-05-12 01:00:00,NA,NA
2025-05-12 02:00:00,56.91,64.76
2025-05-12 03:00:00,44.03,61.27
2025-05-12 04:00:00,36.32,57.39
2025-05-12 05:00:00,30.49,53.08
2025-05-12 06:00:00,27.88,50.23
2025-05-12 07:00:00,37.85,55.14
2025-05-12 08:00:00,40.96,59.68
2025-05-12 09:00:00,9.73,42.75
2025-05-12 10:00:00,NA,25.25
2025-05-12 11:00:00,1.48,19.30
2025-05-12 12:00:00,7.09,18.85
2025-05-12 13:00:00,18.32,30.72
2025-05-12 14:00:00,27.33,44.04
2025-05-12 15:00:00,27.40,43.72
2025-05-12 16:00:00,28.49,45.48
2025-05-12 17:00:00,37.42,55.88
2025-05-12 18:00:00,44.63,66.13
2025-05-12 19:00:00,45.44,73.47
2025-05-12 20:00:00,49.56,81.36
2025-05-12 21:00:00,45.30,82.47
2025-05-12 22:00:00,34.06,80.29
2025-05-12 23:00:00,25.22,73.81
2025-05-13 00:00:00,35.16,67.91
2025-05-13 01:00:00,35.49,58.29
2025-05-13 02:00:00,29.73,51.08
2025-05-13 03:00:00,29.14,47.81
2025-05-13 04:00:00,24.22,43.78
2025-05-13 05:00:00,20.24,40.23
2025-05-13 06:00:00,21.28,43.65
2025-05-13 07:00:00,21.92,52.34
2025-05-13 08:00:00,15.83,51.74
2025-05-13 09:00:00,12.74,48.88
2025-05-13 10:00:00,15.05,47.13
2025-05-13 11:00:00,21.31,46.74
2025-05-13 12:00:00,31.02,53.94
2025-05-13 13:00:00,37.47,61.42
2025-05-13 14:00:00,38.98,60.54
2025-05-13 15:00:00,31.15,52.00
2025-05-13 16:00:00,30.74,51.44
2025-05-13 17:00:00,32.32,52.88
2025-05-13 18:00:00,46.85,57.57
2025-05-13 19:00:00,NA,NA
2025-05-13 20:00:00,71.82,73.03
2025-05-13 21:00:00,55.50,68.21
2025-05-13 22:00:00,27.15,57.43
2025-05-13 23:00:00,7.66,46.24
2025-05-14 00:00:00,13.09,44.12
2025-05-14 01:00:00,20.17,45.21
2025-05-14 02:00:00,27.22,45.55
2025-05-14 03:00:00,30.83,46.01
2025-05-14 04:00:00,31.88,46.38
2025-05-14 05:00:00,38.33,51.68
2025-05-14 06:00:00,37.67,56.91
2025-05-14 07:00:00,49.86,74.72
2025-05-14 08:00:00,38.80,73.90
2025-05-14 09:00:00,6.91,42.83
2025-05-14 10:00:00,NA,29.72
2025-05-14 11:00:00,19.56,55.53
2025-05-14 12:00:00,32.46,64.72
2025-05-14 13:00:00,29.29,59.60
2025-05-14 14:00:00,27.42,55.47
2025-05-14 15:00:00,20.95,46.83
2025-05-14 16:00:00,21.94,50.90
2025-05-14 17:00:00,43.46,59.48
2025-05-14 18:00:00,58.44,63.73
2025-05-14 19:00:00,NA,NA
2025-05-14 20:00:00,63.45,66.33
2025-05-14 21:00:00,37.89,54.62
2025-05-14 22:00:00,29.79,50.66
2025-05-14 23:00:00,27.51,47.42
2025-05-15 00:00:00,4.30,31.62
2025-05-15 01:00:00,NA,28.62
2025-05-15 02:00:00,4.66,31.61
2025-05-15 03:00:00,15.63,39.92
2025-05-15 04:00:00,31.25,51.60
2025-05-15 05:00:00,26.71,49.11
2025-05-15 06:00:00,3.94,28.22
2025-05-15 07:00:00,NA,23.39
2025-05-15 08:00:00,4.49,32.70
2025-05-15 09:00:00,7.46,37.83
2025-05-15 10:00:00,12.98,40.93
2025-05-15 11:00:00,22.06,47.08
2025-05-15 12:00:00,27.00,48.50
2025-05-15 13:00:00,27.24,47.11
2025-05-15 14:00:00,29.36,46.01
2025-05-15 15:00:00,26.48,43.58
2025-05-15 16:00:00,22.23,39.30
2025-05-15 17:00:00,26.24,42.55
2025-05-15 18:00:00,43.00,51.84
2025-05-15 19:00:00,NA,NA
2025-05-15 20:00:00,NA,NA
2025-05-15 21:00:00,52.09,53.72
2025-05-15 22:00:00,25.71,46.53
2025-05-15 23:00:00,NA,38.17
2025-05-16 00:00:00,5.34,40.22
2025-05-16 01:00:00,11.66,38.69
2025-05-16 02:00:00,16.61,38.44
2025-05-16 03:00:00,19.44,40.85
2025-05-16 04:00:00,26.18,45.74
2025-05-16 05:00:00,28.95,47.19
2025-05-16 06:00:00,28.57,50.80
2025-05-16 07:00:00,16.33,57.07
2025-05-16 08:00:00,10.39,56.68
2025-05-16 09:00:00,11.27,53.70
2025-05-16 10:00:00,7.13,44.57
2025-05-16 11:00:00,9.80,55.74
2025-05-16 12:00:00,11.40,56.07
2025-05-16 13:00:00,5.94,41.52
2025-05-16 14:00:00,9.92,38.44
2025-05-16 15:00:00,13.21,35.55
2025-05-16 16:00:00,17.87,36.61
2025-05-16 17:00:00,18.53,35.48
2025-05-16 18:00:00,21.78,35.91
2025-05-16 19:00:00,31.34,38.85
2025-05-16 20:00:00,33.67,36.78
2025-05-16 21:00:00,31.24,34.21
2025-05-16 22:00:00,NA,NA
2025-05-16 23:00:00,NA,NA
2025-05-17 00:00:00,36.88,45.29
2025-05-17 01:00:00,19.97,38.64
2025-05-17 02:00:00,7.71,30.02
2025-05-17 03:00:00,7.36,24.67
2025-05-17 04:00:00,11.58,20.87
2025-05-17 05:00:00,10.73,18.25
2025-05-17 06:00:00,11.52,20.86
2025-05-17 07:00:00,10.88,26.06
2025-05-17 08:00:00,12.45,35.90
2025-05-17 09:00:00,18.19,44.40
2025-05-17 10:00:00,26.47,58.67
2025-05-17 11:00:00,25.07,61.02
2025-05-17 12:00:00,20.27,49.49
2025-05-17 13:00:00,34.09,52.12
2025-05-17 14:00:00,34.48,50.84
2025-05-17 15:00:00,36.59,50.68
2025-05-17 16:00:00,44.50,55.99
2025-05-17 17:00:00,51.74,58.30
2025-05-17 18:00:00,NA,NA
2025-05-17 19:00:00,22.74,66.95
2025-05-17 20:00:00,NA,56.80
2025-05-17 21:00:00,NA,49.70
2025-05-17 22:00:00,2.53,49.80
2025-05-17 23:00:00,5.66,47.08
2025-05-18 00:00:00,3.28,36.08
2025-05-18 01:00:00,2.98,30.47
2025-05-18 02:00:00,6.14,29.61
2025-05-18 03:00:00,11.43,29.80
2025-05-18 04:00:00,14.11,25.53
2025-05-18 05:00:00,14.37,21.90
2025-05-18 06:00:00,15.34,22.24
2025-05-18 07:00:00,22.01,32.63
2025-05-18 08:00:00,30.49,43.72
2025-05-18 09:00:00,21.95,41.34
2025-05-18 10:00:00,10.97,32.15
2025-05-18 11:00:00,5.24,24.58
2025-05-18 12:00:00,4.28,20.13
2025-05-18 13:00:00,14.99,26.04
2025-05-18 14:00:00,19.52,31.32
2025-05-18 15:00:00,21.93,36.94
2025-05-18 16:00:00,39.28,52.97
2025-05-18 17:00:00,64.14,69.92
2025-05-18 18:00:00,57.02,60.30
2025-05-18 19:00:00,45.60,52.24
2025-05-18 20:00:00,28.37,43.50
2025-05-18 21:00:00,23.86,44.02
2025-05-18 22:00:00,19.35,38.47
2025-05-18 23:00:00,21.45,33.97
2025-05-19 00:00:00,3.93,24.77
2025-05-19 01:00:00,3.68,20.38
2025-05-19 02:00:00,12.82,26.41
2025-05-19 03:00:00,31.05,37.86
2025-05-19 04:00:00,34.79,41.63
2025-05-19 05:00:00,32.17,39.09
2025-05-19 06:00:00,33.57,37.85
2025-05-19 07:00:00,NA,NA
2025-05-19 08:00:00,NA,NA
2025-05-19 09:00:00,NA,NA
2025-05-19 10:00:00,NA,NA
2025-05-19 11:00:00,NA,NA
2025-05-19 12:00:00,4.18,8.91
2025-05-19 13:00:00,0.06,0.46
2025-05-19 14:00:00,1.33,2.79
2025-05-19 15:00:00,6.92,10.16
2025-05-19 16:00:00,6.94,13.82
2025-05-19 17:00:00,9.61,17.96
2025-05-19 18:00:00,17.76,25.04
2025-05-19 19:00:00,31.94,34.82
2025-05-19 20:00:00,25.81,40.66
2025-05-19 21:00:00,16.60,43.61
2025-05-19 22:00:00,34.15,59.76
2025-05-19 23:00:00,49.58,72.33
2025-05-20 00:00:00,56.82,71.76
2025-05-20 01:00:00,58.65,62.88
2025-05-20 02:00:00,NA,NA
2025-05-20 03:00:00,NA,NA
2025-05-20 04:00:00,NA,NA
2025-05-20 05:00:00,NA,NA
2025-05-20 06:00:00,NA,NA
2025-05-20 07:00:00,NA,NA
2025-05-20 08:00:00,NA,NA
2025-05-20 09:00:00,NA,NA
2025-05-20 10:00:00,6.42,35.01
2025-05-20 11:00:00,1.00,36.09
2025-05-20 12:00:00,2.06,25.87
2025-05-20 13:00:00,13.39,30.05
2025-05-20 14:00:00,20.11,26.20
2025-05-20 15:00:00,NA,NA
2025-05-20 16:00:00,10.80,11.89
2025-05-20 17:00:00,21.92,24.79
2025-05-20 18:00:00,NA,NA
2025-05-20 19:00:00,NA,NA
2025-05-20 20:00:00,4.92,13.05
2025-05-20 21:00:00,18.20,27.69
2025-05-20 22:00:00,34.05,39.33
2025-05-20 23:00:00,14.19,23.04
2025-05-21 00:00:00,15.13,22.28
2025-05-21 01:00:00,4.70,6.90
2025-05-21 02:00:00,NA,6.84
2025-05-21 03:00:00,6.29,12.80
2025-05-21 04:00:00,16.11,19.26
2025-05-21 05:00:00,NA,NA
2025-05-21 06:00:00,NA,NA
2025-05-21 07:00:00,21.06,30.65
2025-05-21 08:00:00,3.58,25.32
2025-05-21 09:00:00,NA,23.01
2025-05-21 10:00:00,NA,22.82
2025-05-21 11:00:00,NA,18.55
2025-05-21 12:00:00,NA,17.86
2025-05-21 13:00:00,NA,17.10
2025-05-21 14:00:00,0.44,14.38
2025-05-21 15:00:00,3.61,7.66
2025-05-21 16:00:00,NA,NA
2025-05-21 17:00:00,13.86,22.99
2025-05-21 18:00:00,26.34,48.97
2025-05-21 19:00:00,37.62,68.63
2025-05-21 20:00:00,36.18,67.63
2025-05-21 21:00:00,38.40,70.48
2025-05-21 22:00:00,40.92,79.61
2025-05-21 23:00:00,36.60,90.12
2025-05-22 00:00:00,32.32,89.56
2025-05-22 01:00:00,36.14,82.09
2025-05-22 02:00:00,31.28,70.09
2025-05-22 03:00:00,11.65,56.66
2025-05-22 04:00:00,0.92,46.01
2025-05-22 05:00:00,1.69,40.36
2025-05-22 06:00:00,6.23,42.68
2025-05-22 07:00:00,9.34,47.74
2025-05-22 08:00:00,12.84,52.57
2025-05-22 09:00:00,11.42,54.96
2025-05-22 10:00:00,5.97,49.96
2025-05-22 11:00:00,3.61,44.97
2025-05-22 12:00:00,3.30,47.14
2025-05-22 13:00:00,4.44,51.45
2025-05-22 14:00:00,6.35,53.78
2025-05-22 15:00:00,8.72,53.87
2025-05-22 16:00:00,13.43,51.62
2025-05-22 17:00:00,18.85,55.84
2025-05-22 18:00:00,35.66,73.04
2025-05-22 19:00:00,38.62,86.65
2025-05-22 20:00:00,34.58,91.49
2025-05-22 21:00:00,24.96,85.74
2025-05-22 22:00:00,23.76,80.65
2025-05-22 23:00:00,40.28,84.36
2025-05-23 00:00:00,41.86,74.67
2025-05-23 01:00:00,30.39,64.26
2025-05-23 02:00:00,19.26,55.58
2025-05-23 03:00:00,13.07,50.51
2025-05-23 04:00:00,17.51,53.54
2025-05-23 05:00:00,32.84,65.84
2025-05-23 06:00:00,40.38,73.96
2025-05-23 07:00:00,22.23,67.67
2025-05-23 08:00:00,2.12,48.70
2025-05-23 09:00:00,1.24,38.47
2025-05-23 10:00:00,3.39,31.96
2025-05-23 11:00:00,6.29,34.01
2025-05-23 12:00:00,10.78,49.92
2025-05-23 13:00:00,18.59,72.69
2025-05-23 14:00:00,18.82,71.86
2025-05-23 15:00:00,22.19,72.39
2025-05-23 16:00:00,23.28,76.36
2025-05-23 17:00:00,27.28,75.81
2025-05-23 18:00:00,33.54,77.53
2025-05-23 19:00:00,38.78,77.09
2025-05-23 20:00:00,45.27,79.06
2025-05-23 21:00:00,30.68,66.00
2025-05-23 22:00:00,0.16,35.70
2025-05-23 23:00:00,2.06,28.59
2025-05-24 00:00:00,5.00,23.92
2025-05-24 01:00:00,5.82,21.51
2025-05-24 02:00:00,3.30,19.01
2025-05-24 03:00:00,1.77,15.87
2025-05-24 04:00:00,3.06,13.42
2025-05-24 05:00:00,6.61,18.06
2025-05-24 06:00:00,11.71,26.06
2025-05-24 07:00:00,14.58,35.55
2025-05-24 08:00:00,16.29,41.34
2025-05-24 09:00:00,13.94,41.06
2025-05-24 10:00:00,8.72,36.17
2025-05-24 11:00:00,4.76,31.99
2025-05-24 12:00:00,2.25,30.83
2025-05-24 13:00:00,NA,29.62
2025-05-24 14:00:00,NA,27.34
2025-05-24 15:00:00,0.01,28.10
2025-05-24 16:00:00,5.14,33.91
2025-05-24 17:00:00,15.34,42.64
2025-05-24 18:00:00,22.47,46.60
2025-05-24 19:00:00,31.45,55.00
2025-05-24 20:00:00,26.32,50.88
2025-05-24 21:00:00,9.21,38.58
2025-05-24 22:00:00,3.05,31.72
2025-05-24 23:00:00,1.66,27.17
2025-05-25 00:00:00,2.62,25.08
2025-05-25 01:00:00,4.94,26.18
2025-05-25 02:00:00,7.15,27.04
2025-05-25 03:00:00,7.51,26.22
2025-05-25 04:00:00,7.89,22.95
2025-05-25 05:00:00,8.13,22.79
2025-05-25 06:00:00,10.98,27.88
2025-05-25 07:00:00,9.22,31.08
2025-05-25 08:00:00,3.26,28.14
2025-05-25 09:00:00,3.73,24.71
2025-05-25 10:00:00,4.03,24.80
2025-05-25 11:00:00,4.44,25.64
2025-05-25 12:00:00,4.07,26.92
2025-05-25 13:00:00,1.42,29.65
2025-05-25 14:00:00,0.12,30.94
2025-05-25 15:00:00,4.87,32.51
2025-05-25 16:00:00,10.53,33.60
2025-05-25 17:00:00,14.08,29.96
2025-05-25 18:00:00,16.60,27.17
2025-05-25 19:00:00,23.34,36.28
2025-05-25 20:00:00,15.90,34.83
2025-05-25 21:00:00,2.54,27.86
2025-05-25 22:00:00,1.05,24.66
2025-05-25 23:00:00,2.24,22.05
2025-05-26 00:00:00,3.82,21.81
2025-05-26 01:00:00,5.06,19.80
2025-05-26 02:00:00,6.73,14.86
2025-05-26 03:00:00,8.25,13.57
2025-05-26 04:00:00,7.46,12.99
2025-05-26 05:00:00,6.76,15.44
2025-05-26 06:00:00,6.53,18.20
2025-05-26 07:00:00,7.50,24.73
2025-05-26 08:00:00,11.86,34.67
2025-05-26 09:00:00,19.16,43.53
2025-05-26 10:00:00,15.44,43.66
2025-05-26 11:00:00,12.48,40.40
2025-05-26 12:00:00,8.56,37.37
2025-05-26 13:00:00,4.99,39.46
2025-05-26 14:00:00,6.48,42.88
2025-05-26 15:00:00,5.26,42.01
2025-05-26 16:00:00,5.21,37.88
2025-05-26 17:00:00,6.90,32.63
2025-05-26 18:00:00,9.20,35.79
2025-05-26 19:00:00,10.66,40.24
2025-05-26 20:00:00,10.88,42.03
2025-05-26 21:00:00,6.87,42.34
2025-05-26 22:00:00,2.08,39.74
2025-05-26 23:00:00,0.63,34.59
2025-05-27 00:00:00,NA,33.82
2025-05-27 01:00:00,0.91,31.84
2025-05-27 02:00:00,3.26,25.66
2025-05-27 03:00:00,4.67,21.59
2025-05-27 04:00:00,7.38,21.60
2025-05-27 05:00:00,5.65,25.97
2025-05-27 06:00:00,3.46,27.76
2025-05-27 07:00:00,3.26,32.28
2025-05-27 08:00:00,5.23,35.70
2025-05-27 09:00:00,10.14,38.43
2025-05-27 10:00:00,10.18,39.49
2025-05-27 11:00:00,7.49,39.42
2025-05-27 12:00:00,6.66,41.48
2025-05-27 13:00:00,5.84,43.90
2025-05-27 14:00:00,6.47,44.82
2025-05-27 15:00:00,8.57,43.83
2025-05-27 16:00:00,8.54,39.14
2025-05-27 17:00:00,10.31,37.52
2025-05-27 18:00:00,18.98,40.57
2025-05-27 19:00:00,24.37,33.28
2025-05-27 20:00:00,21.66,63.11
2025-05-27 21:00:00,32.68,71.97
2025-05-27 22:00:00,37.26,66.00
2025-05-27 23:00:00,41.47,65.44
2025-05-28 00:00:00,31.84,60.83
2025-05-28 01:00:00,21.06,53.52
2025-05-28 02:00:00,11.04,48.21
2025-05-28 03:00:00,3.67,42.82
2025-05-28 04:00:00,0.27,35.98
2025-05-28 05:00:00,NA,30.37
2025-05-28 06:00:00,1.66,26.78
2025-05-28 07:00:00,3.11,26.44
2025-05-28 08:00:00,3.34,26.16
2025-05-28 09:00:00,4.02,23.14
2025-05-28 10:00:00,6.36,22.75
2025-05-28 11:00:00,7.69,24.68
2025-05-28 12:00:00,7.20,23.88
2025-05-28 13:00:00,3.47,24.08
2025-05-28 14:00:00,1.53,26.43
2025-05-28 15:00:00,2.88,31.65
2025-05-28 16:00:00,4.62,36.77
2025-05-28 17:00:00,10.91,36.25
2025-05-28 18:00:00,16.42,40.10
2025-05-28 19:00:00,18.54,46.04
2025-05-28 20:00:00,20.45,60.61
2025-05-28 21:00:00,22.42,78.21
2025-05-28 22:00:00,21.32,84.07
2025-05-28 23:00:00,14.28,70.14
2025-05-29 00:00:00,8.46,53.13
2025-05-29 01:00:00,4.49,39.64
2025-05-29 02:00:00,4.45,28.51
2025-05-29 03:00:00,7.58,22.76
2025-05-29 04:00:00,6.68,19.60
2025-05-29 05:00:00,4.36,21.68
2025-05-29 06:00:00,4.83,26.47
2025-05-29 07:00:00,6.67,32.44
2025-05-29 08:00:00,9.01,35.29
2025-05-29 09:00:00,15.58,36.92
2025-05-29 10:00:00,17.83,39.74
2025-05-29 11:00:00,10.81,40.85
2025-05-29 12:00:00,5.11,40.39
2025-05-29 13:00:00,3.25,33.97
2025-05-29 14:00:00,3.61,26.47
2025-05-29 15:00:00,5.62,24.41
2025-05-29 16:00:00,8.35,27.78
2025-05-29 17:00:00,9.50,34.56
2025-05-29 18:00:00,8.78,41.50
2025-05-29 19:00:00,7.99,46.59
2025-05-29 20:00:00,6.64,46.33
2025-05-29 21:00:00,10.69,47.96
2025-05-29 22:00:00,15.44,44.80
2025-05-29 23:00:00,15.32,42.05
2025-05-30 00:00:00,17.28,38.16
2025-05-30 01:00:00,16.60,34.86
2025-05-30 02:00:00,11.08,31.59
2025-05-30 03:00:00,6.92,26.58
2025-05-30 04:00:00,5.90,25.35
2025-05-30 05:00:00,6.46,24.57
2025-05-30 06:00:00,7.41,26.93
2025-05-30 07:00:00,10.97,30.61
2025-05-30 08:00:00,12.21,35.92
2025-05-30 09:00:00,10.36,49.61
2025-05-30 10:00:00,9.64,56.94
2025-05-30 11:00:00,10.49,56.72
2025-05-30 12:00:00,11.21,54.99
2025-05-30 13:00:00,16.26,55.74
2025-05-30 14:00:00,24.11,59.38
2025-05-30 15:00:00,32.67,59.88
2025-05-30 16:00:00,33.90,54.47
2025-05-30 17:00:00,23.70,40.82
2025-05-30 18:00:00,28.34,39.47
2025-05-30 19:00:00,NA,NA
2025-05-30 20:00:00,NA,NA
2025-05-30 21:00:00,57.31,57.89
2025-05-30 22:00:00,21.28,48.78
2025-05-30 23:00:00,8.21,39.43
2025-05-31 00:00:00,11.66,37.19
2025-05-31 01:00:00,4.50,32.52
2025-05-31 02:00:00,0.03,28.72
2025-05-31 03:00:00,6.46,29.41
2025-05-31 04:00:00,20.91,36.47
2025-05-31 05:00:00,28.74,42.24
2025-05-31 06:00:00,23.35,40.74
2025-05-31 07:00:00,12.07,32.90
2025-05-31 08:00:00,2.37,26.79
2025-05-31 09:00:00,1.88,28.78
2025-05-31 10:00:00,2.64,34.95
2025-05-31 11:00:00,3.68,40.52
2025-05-31 12:00:00,7.15,47.10
2025-05-31 13:00:00,8.70,48.22
2025-05-31 14:00:00,8.24,42.49
2025-05-31 15:00:00,13.52,46.84
2025-05-31 16:00:00,21.76,58.94
2025-05-31 17:00:00,33.74,74.21
2025-05-31 18:00:00,51.98,84.35
2025-05-31 19:00:00,81.06,93.51
2025-05-31 20:00:00,NA,NA
2025-05-31 21:00:00,NA,NA
2025-05-31 22:00:00,91.42,92.23
2025-05-31 23:00:00,73.23,78.09
2025-06-01 00:00:00,51.33,64.94
2025-06-01 01:00:00,22.85,41.35
2025-06-01 02:00:00,1.46,31.54
2025-06-01 03:00:00,NA,35.46
2025-06-01 04:00:00,1.40,44.33
2025-06-01 05:00:00,7.60,48.60
2025-06-01 06:00:00,12.92,50.72
2025-06-01 07:00:00,11.60,51.92
2025-06-01 08:00:00,8.69,50.78
2025-06-01 09:00:00,7.33,44.26
2025-06-01 10:00:00,4.43,41.66
2025-06-01 11:00:00,3.90,41.36
2025-06-01 12:00:00,6.31,41.80
2025-06-01 13:00:00,7.05,37.95
2025-06-01 14:00:00,5.83,28.52
2025-06-01 15:00:00,7.76,27.95
2025-06-01 16:00:00,10.63,35.72
2025-06-01 17:00:00,24.31,53.69
2025-06-01 18:00:00,32.08,78.42
2025-06-01 19:00:00,43.40,83.84
2025-06-01 20:00:00,48.68,85.84
2025-06-01 21:00:00,45.06,84.89
2025-06-01 22:00:00,22.51,72.77
2025-06-01 23:00:00,27.88,70.76
2025-06-02 00:00:00,55.61,75.70
2025-06-02 01:00:00,69.53,76.94
2025-06-02 02:00:00,48.22,65.30
2025-06-02 03:00:00,33.16,59.78
2025-06-02 04:00:00,34.61,66.03
2025-06-02 05:00:00,36.14,68.45
2025-06-02 06:00:00,27.46,61.92
2025-06-02 07:00:00,6.52,43.26
2025-06-02 08:00:00,NA,32.21
2025-06-02 09:00:00,NA,24.42
2025-06-02 10:00:00,0.29,21.12
2025-06-02 11:00:00,2.92,24.52
2025-06-02 12:00:00,4.90,28.26
2025-06-02 13:00:00,6.45,26.55
2025-06-02 14:00:00,9.64,26.95
2025-06-02 15:00:00,14.83,37.97
2025-06-02 16:00:00,18.99,47.31
2025-06-02 17:00:00,19.98,54.51
2025-06-02 18:00:00,19.15,60.49
2025-06-02 19:00:00,29.50,72.62
2025-06-02 20:00:00,49.02,86.45
2025-06-02 21:00:00,57.75,90.23
2025-06-02 22:00:00,36.35,71.00
2025-06-02 23:00:00,22.17,55.01
2025-06-03 00:00:00,17.47,49.80
2025-06-03 01:00:00,16.44,46.24
2025-06-03 02:00:00,12.00,42.14
2025-06-03 03:00:00,10.57,40.67
2025-06-03 04:00:00,8.32,37.51
2025-06-03 05:00:00,4.03,29.71
2025-06-03 06:00:00,11.74,23.00
2025-06-03 07:00:00,22.45,25.45
2025-06-03 08:00:00,24.41,33.17
2025-06-03 09:00:00,8.68,43.08
2025-06-03 10:00:00,0.92,46.28
2025-06-03 11:00:00,NA,45.10
2025-06-03 12:00:00,NA,41.65
2025-06-03 13:00:00,0.18,39.50
2025-06-03 14:00:00,2.63,35.32
2025-06-03 15:00:00,4.91,32.79
2025-06-03 16:00:00,12.48,40.88
2025-06-03 17:00:00,21.57,54.45
2025-06-03 18:00:00,25.97,63.01
2025-06-03 19:00:00,35.28,70.70
2025-06-03 20:00:00,54.88,68.90
2025-06-03 21:00:00,44.64,60.63
2025-06-03 22:00:00,41.33,57.23
2025-06-03 23:00:00,41.19,53.10
2025-06-04 00:00:00,15.87,39.68
2025-06-04 01:00:00,7.24,31.10
2025-06-04 02:00:00,1.91,23.40
2025-06-04 03:00:00,1.03,21.63
2025-06-04 04:00:00,2.93,22.59
2025-06-04 05:00:00,5.65,23.06
2025-06-04 06:00:00,9.93,26.96
2025-06-04 07:00:00,10.74,28.12
2025-06-04 08:00:00,6.51,28.53
2025-06-04 09:00:00,5.96,29.23
2025-06-04 10:00:00,4.19,33.96
2025-06-04 11:00:00,3.18,37.90
2025-06-04 12:00:00,3.35,39.88
2025-06-04 13:00:00,3.39,38.02
2025-06-04 14:00:00,11.52,40.90
2025-06-04 15:00:00,17.16,43.56
2025-06-04 16:00:00,15.03,39.51
2025-06-04 17:00:00,18.83,44.66
2025-06-04 18:00:00,28.24,61.84
2025-06-04 19:00:00,36.53,74.11
2025-06-04 20:00:00,34.02,69.97
2025-06-04 21:00:00,29.16,53.65
2025-06-04 22:00:00,48.02,54.45
2025-06-04 23:00:00,NA,NA
2025-06-05 00:00:00,25.44,46.06
2025-06-05 01:00:00,4.50,36.06
2025-06-05 02:00:00,1.98,34.90
2025-06-05 03:00:00,2.96,35.28
2025-06-05 04:00:00,NA,33.33
2025-06-05 05:00:00,3.06,43.49
2025-06-05 06:00:00,25.34,62.07
2025-06-05 07:00:00,33.39,70.20
2025-06-05 08:00:00,9.54,47.28
2025-06-05 09:00:00,NA,32.34
2025-06-05 10:00:00,0.12,28.94
2025-06-05 11:00:00,0.86,38.74
2025-06-05 12:00:00,3.99,47.50
2025-06-05 13:00:00,10.89,55.57
2025-06-05 14:00:00,19.26,62.92
2025-06-05 15:00:00,24.85,69.15
2025-06-05 16:00:00,26.01,75.09
2025-06-05 17:00:00,30.57,84.65
2025-06-05 18:00:00,34.95,89.26
2025-06-05 19:00:00,40.63,94.79
2025-06-05 20:00:00,40.15,95.81
2025-06-05 21:00:00,34.46,93.00
2025-06-05 22:00:00,30.62,88.96
2025-06-05 23:00:00,32.69,86.17
2025-06-06 00:00:00,39.87,86.12
2025-06-06 01:00:00,40.96,82.93
2025-06-06 02:00:00,26.81,70.15
2025-06-06 03:00:00,21.72,63.67
2025-06-06 04:00:00,25.52,65.61
2025-06-06 05:00:00,20.94,60.14
2025-06-06 06:00:00,14.62,54.70
2025-06-06 07:00:00,10.30,53.56
2025-06-06 08:00:00,10.00,52.08
2025-06-06 09:00:00,10.04,53.75
2025-06-06 10:00:00,15.73,66.46
2025-06-06 11:00:00,15.48,70.01
2025-06-06 12:00:00,9.73,57.53
2025-06-06 13:00:00,8.15,57.44
2025-06-06 14:00:00,20.83,67.67
2025-06-06 15:00:00,30.15,79.14
2025-06-06 16:00:00,31.26,84.96
2025-06-06 17:00:00,33.39,89.15
2025-06-06 18:00:00,36.79,92.50
2025-06-06 19:00:00,50.36,101.88
2025-06-06 20:00:00,58.08,105.52
2025-06-06 21:00:00,49.97,100.46
2025-06-06 22:00:00,45.22,90.37
2025-06-06 23:00:00,25.78,74.77
2025-06-07 00:00:00,NA,49.50
2025-06-07 01:00:00,NA,42.51
2025-06-07 02:00:00,NA,45.30
2025-06-07 03:00:00,4.81,49.41
2025-06-07 04:00:00,16.63,58.68
2025-06-07 05:00:00,14.63,56.96
2025-06-07 06:00:00,11.84,49.77
2025-06-07 07:00:00,20.96,54.66
2025-06-07 08:00:00,27.21,59.64
2025-06-07 09:00:00,33.39,66.45
2025-06-07 10:00:00,26.10,63.90
2025-06-07 11:00:00,10.49,52.04
2025-06-07 12:00:00,0.33,39.81
2025-06-07 13:00:00,1.92,40.59
2025-06-07 14:00:00,10.46,41.16
2025-06-07 15:00:00,16.76,38.23
2025-06-07 16:00:00,22.93,54.69
2025-06-07 17:00:00,25.11,65.52
2025-06-07 18:00:00,27.78,73.11
2025-06-07 19:00:00,35.91,86.35
2025-06-07 20:00:00,45.61,96.09
2025-06-07 21:00:00,38.01,90.90
2025-06-07 22:00:00,29.06,81.83
2025-06-07 23:00:00,25.46,74.65
2025-06-08 00:00:00,28.41,71.96
2025-06-08 01:00:00,33.13,74.36
2025-06-08 02:00:00,32.86,71.23
2025-06-08 03:00:00,31.62,68.56
2025-06-08 04:00:00,24.65,64.57
2025-06-08 05:00:00,16.06,62.72
2025-06-08 06:00:00,16.84,64.11
2025-06-08 07:00:00,16.00,58.90
2025-06-08 08:00:00,7.49,48.10
2025-06-08 09:00:00,1.72,35.34
2025-06-08 10:00:00,0.08,26.59
2025-06-08 11:00:00,NA,25.34
2025-06-08 12:00:00,0.83,30.57
2025-06-08 13:00:00,7.92,38.55
2025-06-08 14:00:00,18.34,47.58
2025-06-08 15:00:00,17.54,41.06
2025-06-08 16:00:00,17.03,34.21
2025-06-08 17:00:00,12.14,24.66
2025-06-08 18:00:00,14.78,29.51
2025-06-08 19:00:00,18.27,43.65
2025-06-08 20:00:00,18.15,49.06
2025-06-08 21:00:00,15.95,50.32
2025-06-08 22:00:00,11.82,45.57
2025-06-08 23:00:00,10.70,38.35
2025-06-09 00:00:00,11.24,31.61
2025-06-09 01:00:00,13.32,26.83
2025-06-09 02:00:00,13.23,22.36
2025-06-09 03:00:00,13.26,22.74
2025-06-09 04:00:00,14.16,24.00
2025-06-09 05:00:00,12.52,24.10
2025-06-09 06:00:00,12.08,25.30
2025-06-09 07:00:00,10.36,28.56
2025-06-09 08:00:00,9.97,30.62
2025-06-09 09:00:00,10.74,32.94
2025-06-09 10:00:00,6.43,32.55
2025-06-09 11:00:00,3.01,32.51
2025-06-09 12:00:00,2.41,34.03
2025-06-09 13:00:00,1.06,30.33
2025-06-09 14:00:00,7.96,34.39
2025-06-09 15:00:00,18.85,45.25
2025-06-09 16:00:00,30.26,40.93
2025-06-09 17:00:00,39.76,44.06
2025-06-09 18:00:00,31.17,44.02
2025-06-09 19:00:00,28.58,45.22
2025-06-09 20:00:00,38.56,57.61
2025-06-09 21:00:00,33.39,61.34
2025-06-09 22:00:00,21.40,56.76
2025-06-09 23:00:00,18.31,52.54
2025-06-10 00:00:00,19.65,50.54
2025-06-10 01:00:00,21.14,47.83
2025-06-10 02:00:00,20.08,42.36
2025-06-10 03:00:00,19.02,38.01
2025-06-10 04:00:00,17.98,36.92
2025-06-10 05:00:00,17.45,37.39
2025-06-10 06:00:00,16.02,38.01
2025-06-10 07:00:00,15.52,38.81
2025-06-10 08:00:00,11.34,34.86
2025-06-10 09:00:00,7.56,30.65
2025-06-10 10:00:00,6.18,30.12
2025-06-10 11:00:00,5.71,30.84
2025-06-10 12:00:00,6.39,35.48
2025-06-10 13:00:00,6.62,39.24
2025-06-10 14:00:00,6.73,38.49
2025-06-10 15:00:00,14.94,50.48
2025-06-10 16:00:00,28.09,64.68
2025-06-10 17:00:00,28.88,59.00
2025-06-10 18:00:00,65.00,82.39
2025-06-10 19:00:00,81.78,102.07
2025-06-10 20:00:00,49.24,82.85
2025-06-10 21:00:00,30.07,65.16
2025-06-10 22:00:00,11.23,45.95
2025-06-10 23:00:00,6.14,34.92
2025-06-11 00:00:00,13.70,30.77
2025-06-11 01:00:00,19.83,28.89
2025-06-11 02:00:00,22.80,27.24
2025-06-11 03:00:00,20.55,25.44
2025-06-11 04:00:00,18.79,25.94
2025-06-11 05:00:00,16.75,28.23
2025-06-11 06:00:00,16.49,30.76
2025-06-11 07:00:00,16.18,35.82
2025-06-11 08:00:00,17.05,42.05
2025-06-11 09:00:00,17.87,46.14
2025-06-11 10:00:00,16.08,48.94
2025-06-11 11:00:00,13.14,47.83
2025-06-11 12:00:00,9.49,47.15
2025-06-11 13:00:00,6.67,45.97
2025-06-11 14:00:00,11.65,52.52
2025-06-11 15:00:00,14.30,58.36
2025-06-11 16:00:00,23.16,66.61
2025-06-11 17:00:00,37.94,82.68
2025-06-11 18:00:00,51.86,90.01
2025-06-11 19:00:00,87.83,98.84
2025-06-11 20:00:00,NA,NA
2025-06-11 21:00:00,43.24,57.24
2025-06-11 22:00:00,NA,30.45
2025-06-11 23:00:00,0.09,34.99
2025-06-12 00:00:00,8.48,39.10
2025-06-12 01:00:00,14.18,35.36
2025-06-12 02:00:00,14.26,30.10
2025-06-12 03:00:00,15.80,27.89
2025-06-12 04:00:00,13.72,26.16
2025-06-12 05:00:00,12.10,25.27
2025-06-12 06:00:00,13.71,29.89
2025-06-12 07:00:00,17.76,39.22
2025-06-12 08:00:00,16.39,40.90
2025-06-12 09:00:00,13.08,39.74
2025-06-12 10:00:00,9.93,37.91
2025-06-12 11:00:00,5.00,33.23
2025-06-12 12:00:00,6.08,31.98
2025-06-12 13:00:00,7.60,31.20
2025-06-12 14:00:00,9.08,31.87
2025-06-12 15:00:00,23.06,51.58
2025-06-12 16:00:00,39.10,66.90
2025-06-12 17:00:00,61.99,74.33
2025-06-12 18:00:00,67.63,70.92
2025-06-12 19:00:00,NA,NA
2025-06-12 20:00:00,NA,NA
2025-06-12 21:00:00,NA,NA
2025-06-12 22:00:00,8.09,17.54
2025-06-12 23:00:00,NA,11.21
2025-06-13 00:00:00,6.31,17.68
2025-06-13 01:00:00,19.34,23.30
2025-06-13 02:00:00,NA,NA
2025-06-13 03:00:00,NA,NA
2025-06-13 04:00:00,NA,NA
2025-06-13 05:00:00,NA,NA
2025-06-13 06:00:00,NA,NA
2025-06-13 07:00:00,25.76,41.50
2025-06-13 08:00:00,NA,32.89
2025-06-13 09:00:00,1.06,19.58
2025-06-13 10:00:00,3.05,14.08
2025-06-13 11:00:00,1.21,12.42
2025-06-13 12:00:00,2.77,15.44
2025-06-13 13:00:00,3.61,16.07
2025-06-13 14:00:00,2.25,16.74
2025-06-13 15:00:00,3.52,19.73
2025-06-13 16:00:00,20.80,40.92
2025-06-13 17:00:00,39.72,61.06
2025-06-13 18:00:00,38.79,59.98
2025-06-13 19:00:00,33.66,54.15
2025-06-13 20:00:00,39.35,60.02
2025-06-13 21:00:00,51.55,68.63
2025-06-13 22:00:00,12.08,59.31
2025-06-13 23:00:00,NA,42.08
2025-06-14 00:00:00,NA,31.36
2025-06-14 01:00:00,NA,21.98
2025-06-14 02:00:00,3.98,13.24
2025-06-14 03:00:00,10.30,10.51
2025-06-14 04:00:00,NA,NA
2025-06-14 05:00:00,13.40,15.52
2025-06-14 06:00:00,8.12,22.78
2025-06-14 07:00:00,4.94,32.03
2025-06-14 08:00:00,1.41,35.78
2025-06-14 09:00:00,3.13,38.38
2025-06-14 10:00:00,3.28,32.52
2025-06-14 11:00:00,4.09,25.95
2025-06-14 12:00:00,5.17,21.88
2025-06-14 13:00:00,6.38,22.76
2025-06-14 14:00:00,4.18,25.57
2025-06-14 15:00:00,3.63,26.49
2025-06-14 16:00:00,9.75,35.90
2025-06-14 17:00:00,23.77,51.17
2025-06-14 18:00:00,30.41,55.09
2025-06-14 19:00:00,39.70,62.16
2025-06-14 20:00:00,29.82,51.81
2025-06-14 21:00:00,22.66,44.13
2025-06-14 22:00:00,5.39,27.62
2025-06-14 23:00:00,NA,17.71
2025-06-15 00:00:00,NA,17.14
2025-06-15 01:00:00,NA,16.21
2025-06-15 02:00:00,1.86,18.02
2025-06-15 03:00:00,5.32,18.57
2025-06-15 04:00:00,5.93,16.24
2025-06-15 05:00:00,5.99,15.14
2025-06-15 06:00:00,6.52,17.85
2025-06-15 07:00:00,14.76,31.58
2025-06-15 08:00:00,14.08,39.77
2025-06-15 09:00:00,7.82,37.21
2025-06-15 10:00:00,6.35,32.20
2025-06-15 11:00:00,6.09,28.27
2025-06-15 12:00:00,5.32,28.03
2025-06-15 13:00:00,4.91,27.39
2025-06-15 14:00:00,5.31,26.77
2025-06-15 15:00:00,4.88,27.29
2025-06-15 16:00:00,4.87,28.59
2025-06-15 17:00:00,18.57,40.04
2025-06-15 18:00:00,23.74,45.72
2025-06-15 19:00:00,22.79,42.13
2025-06-15 20:00:00,25.85,44.91
2025-06-15 21:00:00,18.91,40.90
2025-06-15 22:00:00,4.73,20.94
2025-06-15 23:00:00,NA,7.57
2025-06-16 00:00:00,NA,8.86
2025-06-16 01:00:00,1.78,16.45
2025-06-16 02:00:00,5.35,18.16
2025-06-16 03:00:00,4.31,17.03
2025-06-16 04:00:00,4.48,14.44
2025-06-16 05:00:00,5.66,14.34
2025-06-16 06:00:00,8.02,18.33
2025-06-16 07:00:00,8.47,26.05
2025-06-16 08:00:00,5.58,30.89
2025-06-16 09:00:00,4.03,33.41
2025-06-16 10:00:00,4.83,34.37
2025-06-16 11:00:00,6.64,34.66
2025-06-16 12:00:00,8.96,34.89
2025-06-16 13:00:00,8.29,32.98
2025-06-16 14:00:00,7.49,35.37
2025-06-16 15:00:00,8.59,37.79
2025-06-16 16:00:00,7.26,38.72
2025-06-16 17:00:00,8.05,40.79
2025-06-16 18:00:00,11.62,44.31
2025-06-16 19:00:00,13.72,45.42
2025-06-16 20:00:00,14.20,44.28
2025-06-16 21:00:00,20.75,52.35
2025-06-16 22:00:00,15.81,45.26
2025-06-16 23:00:00,13.96,29.36
2025-06-17 00:00:00,18.53,22.03
2025-06-17 01:00:00,NA,NA
2025-06-17 02:00:00,9.49,18.40
2025-06-17 03:00:00,1.15,20.33
2025-06-17 04:00:00,NA,21.26
2025-06-17 05:00:00,0.90,22.18
2025-06-17 06:00:00,10.40,22.12
2025-06-17 07:00:00,20.48,23.62
2025-06-17 08:00:00,30.95,33.26
2025-06-17 09:00:00,26.74,42.60
2025-06-17 10:00:00,9.06,50.72
2025-06-17 11:00:00,0.77,48.49
2025-06-17 12:00:00,NA,44.56
2025-06-17 13:00:00,NA,38.39
2025-06-17 14:00:00,1.68,33.65
2025-06-17 15:00:00,4.07,31.04
2025-06-17 16:00:00,4.13,31.83
2025-06-17 17:00:00,6.86,33.30
2025-06-17 18:00:00,9.94,37.12
2025-06-17 19:00:00,13.94,43.72
2025-06-17 20:00:00,15.28,49.08
2025-06-17 21:00:00,15.34,51.04
2025-06-17 22:00:00,17.78,51.05
2025-06-17 23:00:00,17.20,48.70
2025-06-18 00:00:00,13.57,41.85
2025-06-18 01:00:00,11.81,37.08
2025-06-18 02:00:00,11.56,31.50
2025-06-18 03:00:00,9.07,28.16
2025-06-18 04:00:00,7.86,26.53
2025-06-18 05:00:00,7.33,24.96
2025-06-18 06:00:00,8.60,25.31
2025-06-18 07:00:00,10.71,29.54
2025-06-18 08:00:00,10.38,32.54
2025-06-18 09:00:00,9.53,34.72
2025-06-18 10:00:00,8.64,36.36
2025-06-18 11:00:00,5.00,38.17
2025-06-18 12:00:00,2.66,37.89
2025-06-18 13:00:00,4.27,35.54
2025-06-18 14:00:00,5.89,32.25
2025-06-18 15:00:00,6.89,31.18
2025-06-18 16:00:00,9.34,33.37
2025-06-18 17:00:00,21.28,51.66
2025-06-18 18:00:00,32.08,71.53
2025-06-18 19:00:00,30.55,76.64
2025-06-18 20:00:00,25.12,74.05
2025-06-18 21:00:00,19.62,64.21
2025-06-18 22:00:00,10.34,51.30
2025-06-18 23:00:00,6.10,44.06
2025-06-19 00:00:00,6.32,39.50
2025-06-19 01:00:00,4.75,36.22
2025-06-19 02:00:00,4.28,32.74
2025-06-19 03:00:00,7.04,30.69
2025-06-19 04:00:00,7.76,28.92
2025-06-19 05:00:00,7.56,27.65
2025-06-19 06:00:00,7.07,28.80
2025-06-19 07:00:00,5.60,34.98
2025-06-19 08:00:00,4.10,38.69
2025-06-19 09:00:00,4.32,39.29
2025-06-19 10:00:00,7.88,39.79
2025-06-19 11:00:00,10.27,39.43
2025-06-19 12:00:00,12.28,38.95
2025-06-19 13:00:00,10.57,39.51
2025-06-19 14:00:00,7.92,38.75
2025-06-19 15:00:00,5.33,40.88
2025-06-19 16:00:00,5.18,44.17
2025-06-19 17:00:00,9.30,49.79
2025-06-19 18:00:00,22.97,59.17
2025-06-19 19:00:00,50.40,87.54
2025-06-19 20:00:00,60.46,89.68
2025-06-19 21:00:00,52.21,75.84
2025-06-19 22:00:00,21.20,54.92
2025-06-19 23:00:00,6.86,42.74
2025-06-20 00:00:00,3.68,37.70
2025-06-20 01:00:00,5.10,37.43
2025-06-20 02:00:00,8.79,38.94
2025-06-20 03:00:00,8.29,40.62
2025-06-20 04:00:00,8.64,39.96
2025-06-20 05:00:00,8.27,37.38
2025-06-20 06:00:00,10.16,38.53
2025-06-20 07:00:00,5.75,38.65
2025-06-20 08:00:00,1.73,34.71
2025-06-20 09:00:00,1.82,33.14
2025-06-20 10:00:00,3.86,35.80
2025-06-20 11:00:00,3.51,37.45
2025-06-20 12:00:00,1.06,35.36
2025-06-20 13:00:00,5.55,34.24
2025-06-20 14:00:00,12.83,34.89
2025-06-20 15:00:00,10.66,38.17
2025-06-20 16:00:00,16.12,57.13
2025-06-20 17:00:00,30.70,81.28
2025-06-20 18:00:00,37.97,81.68
2025-06-20 19:00:00,47.07,74.93
2025-06-20 20:00:00,72.02,76.09
2025-06-20 21:00:00,NA,NA
2025-06-20 22:00:00,15.91,35.26
2025-06-20 23:00:00,NA,17.12
2025-06-21 00:00:00,1.39,19.23
2025-06-21 01:00:00,9.48,24.07
2025-06-21 02:00:00,18.88,27.27
2025-06-21 03:00:00,20.40,27.74
2025-06-21 04:00:00,21.22,31.79
2025-06-21 05:00:00,23.13,37.38
2025-06-21 06:00:00,20.62,40.32
2025-06-21 07:00:00,17.70,41.42
2025-06-21 08:00:00,13.88,37.76
2025-06-21 09:00:00,8.69,35.36
2025-06-21 10:00:00,4.16,31.87
2025-06-21 11:00:00,1.46,29.52
2025-06-21 12:00:00,4.70,32.88
2025-06-21 13:00:00,5.90,34.81
2025-06-21 14:00:00,5.39,33.66
2025-06-21 15:00:00,3.50,32.50
2025-06-21 16:00:00,4.51,31.04
2025-06-21 17:00:00,20.26,47.56
2025-06-21 18:00:00,37.18,63.44
2025-06-21 19:00:00,55.39,71.57
2025-06-21 20:00:00,77.49,80.98
2025-06-21 21:00:00,73.57,91.47
2025-06-21 22:00:00,17.19,70.01
2025-06-21 23:00:00,NA,46.03
2025-06-22 00:00:00,NA,36.65
2025-06-22 01:00:00,3.58,35.14
2025-06-22 02:00:00,12.52,40.97
2025-06-22 03:00:00,18.34,46.80
2025-06-22 04:00:00,10.59,46.15
2025-06-22 05:00:00,5.49,43.65
2025-06-22 06:00:00,7.59,40.57
2025-06-22 07:00:00,8.10,36.52
2025-06-22 08:00:00,11.29,33.04
2025-06-22 09:00:00,13.84,30.72
2025-06-22 10:00:00,13.82,30.21
2025-06-22 11:00:00,12.37,32.19
2025-06-22 12:00:00,7.78,35.80
2025-06-22 13:00:00,3.88,36.53
2025-06-22 14:00:00,3.66,33.73
2025-06-22 15:00:00,6.62,31.33
2025-06-22 16:00:00,12.22,31.48
2025-06-22 17:00:00,20.58,37.76
2025-06-22 18:00:00,35.06,47.31
2025-06-22 19:00:00,47.44,56.67
2025-06-22 20:00:00,67.70,73.66
2025-06-22 21:00:00,55.32,71.04
2025-06-22 22:00:00,9.62,48.12
2025-06-22 23:00:00,3.26,31.98
2025-06-23 00:00:00,15.09,22.20
2025-06-23 01:00:00,20.08,20.22
2025-06-23 02:00:00,15.94,19.76
2025-06-23 03:00:00,12.64,18.44
2025-06-23 04:00:00,10.69,19.70
2025-06-23 05:00:00,11.61,21.86
2025-06-23 06:00:00,15.96,25.69
2025-06-23 07:00:00,18.14,30.04
2025-06-23 08:00:00,14.63,30.50
2025-06-23 09:00:00,7.32,29.56
2025-06-23 10:00:00,0.55,23.76
2025-06-23 11:00:00,0.82,19.32
2025-06-23 12:00:00,2.28,19.54
2025-06-23 13:00:00,2.77,21.99
2025-06-23 14:00:00,5.16,24.21
2025-06-23 15:00:00,7.26,28.13
2025-06-23 16:00:00,9.56,35.11
2025-06-23 17:00:00,21.69,50.46
2025-06-23 18:00:00,32.66,66.95
2025-06-23 19:00:00,50.08,86.82
2025-06-23 20:00:00,47.78,84.52
2025-06-23 21:00:00,26.84,70.40
2025-06-23 22:00:00,16.26,64.50
2025-06-23 23:00:00,8.90,63.36
2025-06-24 00:00:00,9.64,57.76
2025-06-24 01:00:00,10.86,55.66
2025-06-24 02:00:00,12.61,51.16
2025-06-24 03:00:00,16.02,45.81
2025-06-24 04:00:00,14.11,40.65
2025-06-24 05:00:00,10.99,37.69
2025-06-24 06:00:00,12.11,39.03
2025-06-24 07:00:00,13.70,42.76
2025-06-24 08:00:00,14.66,50.40
2025-06-24 09:00:00,13.16,54.97
2025-06-24 10:00:00,11.06,52.07
2025-06-24 11:00:00,8.69,46.10
2025-06-24 12:00:00,8.91,40.71
2025-06-24 13:00:00,6.97,36.15
2025-06-24 14:00:00,4.61,33.67
2025-06-24 15:00:00,3.10,31.73
2025-06-24 16:00:00,3.73,35.25
2025-06-24 17:00:00,8.81,40.90
2025-06-24 18:00:00,12.01,48.75
2025-06-24 19:00:00,15.08,59.66
2025-06-24 20:00:00,16.64,71.30
2025-06-24 21:00:00,13.72,71.43
2025-06-24 22:00:00,12.01,66.94
2025-06-24 23:00:00,12.10,61.49
2025-06-25 00:00:00,12.28,55.24
2025-06-25 01:00:00,13.13,48.18
2025-06-25 02:00:00,14.22,40.02
2025-06-25 03:00:00,12.36,33.36
2025-06-25 04:00:00,10.96,29.97
2025-06-25 05:00:00,9.55,28.50
2025-06-25 06:00:00,8.53,29.95
2025-06-25 07:00:00,11.04,35.68
2025-06-25 08:00:00,15.11,45.55
2025-06-25 09:00:00,17.25,52.90
2025-06-25 10:00:00,18.10,56.93
2025-06-25 11:00:00,17.32,59.41
2025-06-25 12:00:00,14.79,52.60
2025-06-25 13:00:00,12.56,47.58
2025-06-25 14:00:00,10.96,46.71
2025-06-25 15:00:00,11.84,50.58
2025-06-25 16:00:00,11.61,49.83
2025-06-25 17:00:00,12.28,49.17
2025-06-25 18:00:00,30.38,55.66
2025-06-25 19:00:00,47.60,69.12
2025-06-25 20:00:00,35.69,65.30
2025-06-25 21:00:00,18.72,55.96
2025-06-25 22:00:00,14.70,49.50
2025-06-25 23:00:00,17.31,44.95
2025-06-26 00:00:00,17.96,40.43
2025-06-26 01:00:00,18.95,39.03
2025-06-26 02:00:00,14.49,40.47
2025-06-26 03:00:00,10.57,40.12
2025-06-26 04:00:00,9.56,37.65
2025-06-26 05:00:00,10.28,34.62
2025-06-26 06:00:00,13.80,34.64
2025-06-26 07:00:00,16.41,39.84
2025-06-26 08:00:00,17.84,48.41
2025-06-26 09:00:00,15.93,51.92
2025-06-26 10:00:00,11.43,52.56
2025-06-26 11:00:00,8.73,48.15
2025-06-26 12:00:00,7.72,44.58
2025-06-26 13:00:00,7.26,41.96
2025-06-26 14:00:00,8.00,38.44
2025-06-26 15:00:00,9.82,38.87
2025-06-26 16:00:00,11.40,40.81
2025-06-26 17:00:00,12.49,44.88
2025-06-26 18:00:00,13.64,51.81
2025-06-26 19:00:00,38.37,63.00
2025-06-26 20:00:00,48.99,68.48
2025-06-26 21:00:00,30.32,62.62
2025-06-26 22:00:00,20.34,57.81
2025-06-26 23:00:00,22.92,55.24
2025-06-27 00:00:00,15.69,49.71
2025-06-27 01:00:00,12.71,47.14
2025-06-27 02:00:00,8.03,44.64
2025-06-27 03:00:00,4.44,39.16
2025-06-27 04:00:00,4.72,33.50
2025-06-27 05:00:00,6.86,30.23
2025-06-27 06:00:00,8.88,29.65
2025-06-27 07:00:00,8.53,31.29
2025-06-27 08:00:00,5.48,33.68
2025-06-27 09:00:00,4.92,36.16
2025-06-27 10:00:00,5.98,41.03
2025-06-27 11:00:00,6.43,42.22
2025-06-27 12:00:00,6.30,40.54
2025-06-27 13:00:00,5.46,38.16
2025-06-27 14:00:00,7.50,38.52
2025-06-27 15:00:00,7.97,38.06
2025-06-27 16:00:00,15.76,48.23
2025-06-27 17:00:00,18.72,61.25
2025-06-27 18:00:00,23.27,69.76
2025-06-27 19:00:00,28.22,72.37
2025-06-27 20:00:00,36.82,70.72
2025-06-27 21:00:00,36.70,64.46
2025-06-27 22:00:00,16.08,55.36
2025-06-27 23:00:00,9.55,50.78
2025-06-28 00:00:00,5.06,45.41
2025-06-28 01:00:00,NA,37.13
2025-06-28 02:00:00,NA,34.17
2025-06-28 03:00:00,0.18,32.88
2025-06-28 04:00:00,1.26,30.94
2025-06-28 05:00:00,2.60,29.60
2025-06-28 06:00:00,4.32,30.44
2025-06-28 07:00:00,7.47,33.80
2025-06-28 08:00:00,8.74,38.18
2025-06-28 09:00:00,9.96,40.68
2025-06-28 10:00:00,7.85,42.07
2025-06-28 11:00:00,5.46,35.91
2025-06-28 12:00:00,NA,NA
2025-06-28 13:00:00,0.01,4.26
2025-06-28 14:00:00,2.45,15.29
2025-06-28 15:00:00,6.44,24.81
2025-06-28 16:00:00,7.64,33.18
2025-06-28 17:00:00,11.94,41.94
2025-06-28 18:00:00,25.85,61.89
2025-06-28 19:00:00,36.48,79.48
2025-06-28 20:00:00,37.22,82.16
2025-06-28 21:00:00,25.55,72.19
2025-06-28 22:00:00,13.14,58.13
2025-06-28 23:00:00,16.28,54.85
2025-06-29 00:00:00,24.12,54.17
2025-06-29 01:00:00,12.96,35.85
2025-06-29 02:00:00,5.82,24.07
2025-06-29 03:00:00,4.95,25.27
2025-06-29 04:00:00,8.06,28.53
2025-06-29 05:00:00,9.03,30.67
2025-06-29 06:00:00,8.71,30.38
2025-06-29 07:00:00,9.68,32.15
2025-06-29 08:00:00,9.52,34.12
2025-06-29 09:00:00,8.77,33.77
2025-06-29 10:00:00,9.77,34.20
2025-06-29 11:00:00,11.40,35.07
2025-06-29 12:00:00,11.59,35.49
2025-06-29 13:00:00,9.91,36.41
2025-06-29 14:00:00,8.09,37.39
2025-06-29 15:00:00,9.22,37.66
2025-06-29 16:00:00,16.41,45.59
2025-06-29 17:00:00,29.24,59.34
2025-06-29 18:00:00,29.82,60.35
2025-06-29 19:00:00,31.73,63.70
2025-06-29 20:00:00,31.66,69.17
2025-06-29 21:00:00,29.99,67.14
2025-06-29 22:00:00,20.52,63.16
2025-06-29 23:00:00,12.50,58.14
2025-06-30 00:00:00,9.27,48.47
2025-06-30 01:00:00,6.42,44.76
2025-06-30 02:00:00,18.00,43.70
2025-06-30 03:00:00,26.70,40.49
2025-06-30 04:00:00,19.77,36.88
2025-06-30 05:00:00,11.68,34.94
2025-06-30 06:00:00,5.72,35.67
2025-06-30 07:00:00,12.02,37.45
2025-06-30 08:00:00,19.28,41.92
2025-06-30 09:00:00,7.92,48.71
2025-06-30 10:00:00,12.64,48.46
2025-06-30 11:00:00,9.29,46.67
2025-06-30 12:00:00,4.02,45.14
2025-06-30 13:00:00,3.15,43.55
2025-06-30 14:00:00,1.54,41.98
2025-06-30 15:00:00,2.02,40.93
2025-06-30 16:00:00,9.28,57.84
2025-06-30 17:00:00,21.74,80.05
2025-06-30 18:00:00,27.18,83.11
2025-06-30 19:00:00,34.90,75.06
2025-06-30 20:00:00,33.54,65.88
2025-06-30 21:00:00,26.53,56.32
2025-06-30 22:00:00,26.34,51.79
2025-06-30 23:00:00,17.79,47.59
2025-07-01 00:00:00,4.68,40.56
2025-07-01 01:00:00,NA,32.06
2025-07-01 02:00:00,NA,31.69
2025-07-01 03:00:00,2.49,33.22
2025-07-01 04:00:00,6.57,36.13
2025-07-01 05:00:00,9.57,38.30
2025-07-01 06:00:00,9.46,38.48
2025-07-01 07:00:00,8.56,41.01
2025-07-01 08:00:00,9.05,44.38
2025-07-01 09:00:00,9.55,49.10
2025-07-01 10:00:00,9.50,47.54
2025-07-01 11:00:00,9.86,42.26
2025-07-01 12:00:00,9.62,39.34
2025-07-01 13:00:00,7.52,38.40
2025-07-01 14:00:00,3.63,38.10
2025-07-01 15:00:00,2.62,38.60
2025-07-01 16:00:00,5.04,40.27
2025-07-01 17:00:00,7.99,45.87
2025-07-01 18:00:00,12.62,54.00
2025-07-01 19:00:00,19.52,70.28
2025-07-01 20:00:00,26.66,88.44
2025-07-01 21:00:00,37.57,105.66
2025-07-01 22:00:00,36.20,109.09
2025-07-01 23:00:00,27.18,100.54
2025-07-02 00:00:00,18.28,86.82
2025-07-02 01:00:00,15.82,73.84
2025-07-02 02:00:00,16.12,61.25
2025-07-02 03:00:00,14.37,47.96
2025-07-02 04:00:00,12.41,39.88
2025-07-02 05:00:00,10.56,35.03
2025-07-02 06:00:00,9.22,35.40
2025-07-02 07:00:00,9.08,39.46
2025-07-02 08:00:00,8.99,42.64
2025-07-02 09:00:00,9.22,45.74
2025-07-02 10:00:00,12.39,46.29
2025-07-02 11:00:00,15.41,44.77
2025-07-02 12:00:00,14.78,41.20
2025-07-02 13:00:00,13.01,39.61
2025-07-02 14:00:00,8.40,41.30
2025-07-02 15:00:00,7.27,43.22
2025-07-02 16:00:00,9.99,46.81
2025-07-02 17:00:00,24.52,66.72
2025-07-02 18:00:00,39.26,70.50
2025-07-02 19:00:00,42.18,69.84
2025-07-02 20:00:00,37.22,67.20
2025-07-02 21:00:00,16.32,60.37
2025-07-02 22:00:00,NA,NA
2025-07-02 23:00:00,NA,NA
2025-07-03 00:00:00,10.74,14.98
2025-07-03 01:00:00,11.32,20.12
2025-07-03 02:00:00,10.04,24.93
2025-07-03 03:00:00,11.12,27.04
2025-07-03 04:00:00,10.66,28.69
2025-07-03 05:00:00,9.84,29.88
2025-07-03 06:00:00,11.01,29.37
2025-07-03 07:00:00,16.52,32.17
2025-07-03 08:00:00,15.07,37.06
2025-07-03 09:00:00,10.54,36.54
2025-07-03 10:00:00,7.41,34.38
2025-07-03 11:00:00,4.14,32.98
2025-07-03 12:00:00,4.01,34.32
2025-07-03 13:00:00,3.79,34.08
2025-07-03 14:00:00,5.00,38.64
2025-07-03 15:00:00,3.13,39.49
2025-07-03 16:00:00,1.81,43.05
2025-07-03 17:00:00,5.36,50.68
2025-07-03 18:00:00,10.36,57.63
2025-07-03 19:00:00,13.64,62.24
2025-07-03 20:00:00,16.34,68.37
2025-07-03 21:00:00,16.98,70.33
2025-07-03 22:00:00,15.56,69.13
2025-07-03 23:00:00,16.71,64.51
2025-07-04 00:00:00,16.68,60.02
2025-07-04 01:00:00,15.68,54.29
2025-07-04 02:00:00,15.67,49.48
2025-07-04 03:00:00,16.18,43.74
2025-07-04 04:00:00,15.68,38.25
2025-07-04 05:00:00,12.13,33.08
2025-07-04 06:00:00,9.15,32.56
2025-07-04 07:00:00,8.37,37.86
2025-07-04 08:00:00,6.50,41.72
2025-07-04 09:00:00,4.23,41.92
2025-07-04 10:00:00,2.62,42.69
2025-07-04 11:00:00,5.73,41.64
2025-07-04 12:00:00,9.68,39.93
2025-07-04 13:00:00,10.70,36.22
2025-07-04 14:00:00,6.13,35.12
2025-07-04 15:00:00,7.35,35.97
2025-07-04 16:00:00,10.18,42.46
2025-07-04 17:00:00,10.05,53.62
2025-07-04 18:00:00,10.70,60.19
2025-07-04 19:00:00,14.09,64.67
2025-07-04 20:00:00,21.04,75.54
2025-07-04 21:00:00,30.29,81.50
2025-07-04 22:00:00,50.02,74.03
2025-07-04 23:00:00,57.17,58.90
2025-07-05 00:00:00,43.44,46.12
2025-07-05 01:00:00,26.38,40.27
2025-07-05 02:00:00,19.57,40.20
2025-07-05 03:00:00,16.82,41.08
2025-07-05 04:00:00,11.22,36.87
2025-07-05 05:00:00,3.74,30.76
2025-07-05 06:00:00,4.65,24.03
2025-07-05 07:00:00,7.57,25.08
2025-07-05 08:00:00,4.42,30.24
2025-07-05 09:00:00,2.02,32.34
2025-07-05 10:00:00,2.40,31.51
2025-07-05 11:00:00,4.52,29.47
2025-07-05 12:00:00,6.64,29.92
2025-07-05 13:00:00,7.81,29.97
2025-07-05 14:00:00,8.85,28.80
2025-07-05 15:00:00,15.58,33.92
2025-07-05 16:00:00,24.65,47.58
2025-07-05 17:00:00,30.58,58.56
2025-07-05 18:00:00,35.74,66.76
2025-07-05 19:00:00,46.23,74.21
2025-07-05 20:00:00,53.22,91.34
2025-07-05 21:00:00,27.81,104.40
2025-07-05 22:00:00,0.85,80.14
2025-07-05 23:00:00,NA,56.33
2025-07-06 00:00:00,NA,42.08
2025-07-06 01:00:00,NA,32.64
2025-07-06 02:00:00,1.27,23.62
2025-07-06 03:00:00,3.79,20.06
2025-07-06 04:00:00,4.38,19.43
2025-07-06 05:00:00,6.99,19.83
2025-07-06 06:00:00,6.71,21.68
2025-07-06 07:00:00,6.14,24.70
2025-07-06 08:00:00,4.55,26.96
2025-07-06 09:00:00,5.00,29.32
2025-07-06 10:00:00,5.40,31.26
2025-07-06 11:00:00,6.08,32.33
2025-07-06 12:00:00,7.55,33.95
2025-07-06 13:00:00,9.39,33.94
2025-07-06 14:00:00,9.04,33.48
2025-07-06 15:00:00,9.70,34.22
2025-07-06 16:00:00,12.04,35.45
2025-07-06 17:00:00,16.46,39.09
2025-07-06 18:00:00,16.40,50.69
2025-07-06 19:00:00,16.02,62.70
2025-07-06 20:00:00,15.58,67.38
2025-07-06 21:00:00,17.73,65.65
2025-07-06 22:00:00,20.00,61.79
2025-07-06 23:00:00,18.77,55.42
2025-07-07 00:00:00,15.29,47.53
2025-07-07 01:00:00,13.55,41.51
2025-07-07 02:00:00,11.94,36.83
2025-07-07 03:00:00,11.19,31.85
2025-07-07 04:00:00,10.23,28.14
2025-07-07 05:00:00,9.32,25.81
2025-07-07 06:00:00,8.74,27.49
2025-07-07 07:00:00,9.04,31.12
2025-07-07 08:00:00,9.30,35.28
2025-07-07 09:00:00,9.51,39.38
2025-07-07 10:00:00,10.66,41.50
2025-07-07 11:00:00,11.83,42.26
2025-07-07 12:00:00,10.32,42.32
2025-07-07 13:00:00,9.13,40.96
2025-07-07 14:00:00,8.25,40.33
2025-07-07 15:00:00,9.12,41.82
2025-07-07 16:00:00,9.65,44.85
2025-07-07 17:00:00,12.08,49.49
2025-07-07 18:00:00,15.14,60.46
2025-07-07 19:00:00,18.23,76.81
2025-07-07 20:00:00,24.88,90.77
2025-07-07 21:00:00,30.82,86.66
2025-07-07 22:00:00,31.40,88.92
2025-07-07 23:00:00,22.11,87.41
2025-07-08 00:00:00,16.16,74.88
2025-07-08 01:00:00,14.19,63.33
2025-07-08 02:00:00,13.56,54.64
2025-07-08 03:00:00,13.18,47.56
2025-07-08 04:00:00,10.76,46.79
2025-07-08 05:00:00,9.44,54.38
2025-07-08 06:00:00,11.93,50.67
2025-07-08 07:00:00,11.44,47.95
2025-07-08 08:00:00,11.36,46.46
2025-07-08 09:00:00,11.56,44.90
2025-07-08 10:00:00,9.80,45.68
2025-07-08 11:00:00,9.71,46.58
2025-07-08 12:00:00,9.57,46.10
2025-07-08 13:00:00,11.02,43.63
2025-07-08 14:00:00,11.51,43.18
2025-07-08 15:00:00,12.42,42.84
2025-07-08 16:00:00,15.31,48.23
2025-07-08 17:00:00,26.53,59.62
2025-07-08 18:00:00,30.76,66.06
2025-07-08 19:00:00,37.12,69.94
2025-07-08 20:00:00,38.40,68.95
2025-07-08 21:00:00,17.32,56.28
2025-07-08 22:00:00,15.96,44.96
2025-07-08 23:00:00,22.38,31.62
2025-07-09 00:00:00,NA,NA
2025-07-09 01:00:00,22.28,26.14
2025-07-09 02:00:00,17.55,30.60
2025-07-09 03:00:00,15.23,35.28
2025-07-09 04:00:00,14.40,36.53
2025-07-09 05:00:00,15.52,37.65
2025-07-09 06:00:00,17.66,40.65
2025-07-09 07:00:00,7.67,35.74
2025-07-09 08:00:00,2.47,33.23
2025-07-09 09:00:00,0.89,32.00
2025-07-09 10:00:00,0.01,29.42
2025-07-09 11:00:00,1.58,30.29
2025-07-09 12:00:00,4.98,33.53
2025-07-09 13:00:00,7.38,34.56
2025-07-09 14:00:00,7.11,33.26
2025-07-09 15:00:00,5.54,32.76
2025-07-09 16:00:00,11.22,46.13
2025-07-09 17:00:00,28.80,71.16
2025-07-09 18:00:00,30.62,70.52
2025-07-09 19:00:00,36.92,73.57
2025-07-09 20:00:00,44.44,81.76
2025-07-09 21:00:00,40.10,84.70
2025-07-09 22:00:00,21.82,77.28
2025-07-09 23:00:00,1.53,57.74
2025-07-10 00:00:00,NA,44.42
2025-07-10 01:00:00,0.74,38.31
2025-07-10 02:00:00,3.52,37.54
2025-07-10 03:00:00,7.20,39.16
2025-07-10 04:00:00,15.08,38.66
2025-07-10 05:00:00,21.27,43.73
2025-07-10 06:00:00,18.42,49.15
2025-07-10 07:00:00,12.83,49.14
2025-07-10 08:00:00,8.93,44.91
2025-07-10 09:00:00,8.48,39.28
2025-07-10 10:00:00,10.79,36.09
2025-07-10 11:00:00,12.36,34.68
2025-07-10 12:00:00,12.24,34.30
2025-07-10 13:00:00,6.59,36.28
2025-07-10 14:00:00,5.26,44.51
2025-07-10 15:00:00,11.36,54.78
2025-07-10 16:00:00,13.77,55.27
2025-07-10 17:00:00,20.88,57.89
2025-07-10 18:00:00,25.83,56.57
2025-07-10 19:00:00,36.28,54.38
2025-07-10 20:00:00,28.56,55.34
2025-07-10 21:00:00,21.88,57.49
2025-07-10 22:00:00,29.46,58.42
2025-07-10 23:00:00,29.63,57.03
2025-07-11 00:00:00,34.16,61.66
2025-07-11 01:00:00,41.49,67.15
2025-07-11 02:00:00,41.39,65.83
2025-07-11 03:00:00,51.18,75.16
2025-07-11 04:00:00,68.93,86.35
2025-07-11 05:00:00,77.22,91.06
2025-07-11 06:00:00,57.16,78.06
2025-07-11 07:00:00,15.75,55.41
2025-07-11 08:00:00,NA,31.56
2025-07-11 09:00:00,0.68,20.15
2025-07-11 10:00:00,4.00,15.51
2025-07-11 11:00:00,6.15,13.46
2025-07-11 12:00:00,3.88,15.99
2025-07-11 13:00:00,3.96,17.55
2025-07-11 14:00:00,5.69,23.50
2025-07-11 15:00:00,12.35,35.66
2025-07-11 16:00:00,18.82,46.83
2025-07-11 17:00:00,26.76,57.27
2025-07-11 18:00:00,27.56,60.22
2025-07-11 19:00:00,26.68,61.72
2025-07-11 20:00:00,36.70,65.44
2025-07-11 21:00:00,46.79,63.89
2025-07-11 22:00:00,49.78,59.41
2025-07-11 23:00:00,35.43,48.66
2025-07-12 00:00:00,18.00,33.86
2025-07-12 01:00:00,13.98,21.94
2025-07-12 02:00:00,8.17,20.96
2025-07-12 03:00:00,4.62,21.28
2025-07-12 04:00:00,5.29,20.58
2025-07-12 05:00:00,8.18,21.60
2025-07-12 06:00:00,10.09,24.62
2025-07-12 07:00:00,5.86,28.41
2025-07-12 08:00:00,NA,27.18
2025-07-12 09:00:00,0.70,22.98
2025-07-12 10:00:00,3.22,22.03
2025-07-12 11:00:00,5.31,22.96
2025-07-12 12:00:00,2.26,24.48
2025-07-12 13:00:00,NA,26.30
2025-07-12 14:00:00,2.36,28.96
2025-07-12 15:00:00,9.21,33.36
2025-07-12 16:00:00,16.08,39.39
2025-07-12 17:00:00,21.05,43.77
2025-07-12 18:00:00,30.33,56.99
2025-07-12 19:00:00,29.82,55.42
2025-07-12 20:00:00,25.89,47.08
2025-07-12 21:00:00,22.31,48.38
2025-07-12 22:00:00,16.81,50.83
2025-07-12 23:00:00,16.70,53.56
2025-07-13 00:00:00,14.28,55.39
2025-07-13 01:00:00,11.06,53.90
2025-07-13 02:00:00,10.61,46.97
2025-07-13 03:00:00,2.98,39.98
2025-07-13 04:00:00,NA,34.16
2025-07-13 05:00:00,NA,30.25
2025-07-13 06:00:00,NA,29.14
2025-07-13 07:00:00,1.10,29.75
2025-07-13 08:00:00,3.32,30.90
2025-07-13 09:00:00,6.97,30.53
2025-07-13 10:00:00,11.12,29.60
2025-07-13 11:00:00,12.95,29.62
2025-07-13 12:00:00,10.08,29.08
2025-07-13 13:00:00,5.44,28.56
2025-07-13 14:00:00,1.99,26.90
2025-07-13 15:00:00,5.91,31.53
2025-07-13 16:00:00,12.78,37.93
2025-07-13 17:00:00,22.10,44.87
2025-07-13 18:00:00,43.77,60.88
2025-07-13 19:00:00,45.10,58.18
2025-07-13 20:00:00,32.30,47.20
2025-07-13 21:00:00,15.88,31.39
2025-07-13 22:00:00,10.34,24.47
2025-07-13 23:00:00,3.34,20.56
2025-07-14 00:00:00,7.53,24.24
2025-07-14 01:00:00,10.38,26.17
2025-07-14 02:00:00,13.93,23.36
2025-07-14 03:00:00,14.05,19.76
2025-07-14 04:00:00,12.88,17.11
2025-07-14 05:00:00,11.79,16.77
2025-07-14 06:00:00,9.18,19.67
2025-07-14 07:00:00,6.44,22.25
2025-07-14 08:00:00,3.34,24.94
2025-07-14 09:00:00,2.00,27.48
2025-07-14 10:00:00,4.04,27.71
2025-07-14 11:00:00,4.98,26.55
2025-07-14 12:00:00,4.19,27.57
2025-07-14 13:00:00,4.29,28.80
2025-07-14 14:00:00,2.00,29.04
2025-07-14 15:00:00,2.62,30.80
2025-07-14 16:00:00,11.36,40.20
2025-07-14 17:00:00,26.88,54.99
2025-07-14 18:00:00,32.22,61.63
2025-07-14 19:00:00,20.14,54.54
2025-07-14 20:00:00,25.69,57.40
2025-07-14 21:00:00,39.31,66.36
2025-07-14 22:00:00,34.92,49.78
2025-07-14 23:00:00,33.26,35.66
2025-07-15 00:00:00,NA,NA
2025-07-15 01:00:00,NA,NA
2025-07-15 02:00:00,NA,NA
2025-07-15 03:00:00,NA,NA
2025-07-15 04:00:00,11.95,22.20
2025-07-15 05:00:00,0.12,19.13
2025-07-15 06:00:00,0.03,20.58
2025-07-15 07:00:00,1.69,23.38
2025-07-15 08:00:00,1.29,25.68
2025-07-15 09:00:00,0.06,27.12
2025-07-15 10:00:00,0.45,28.24
2025-07-15 11:00:00,0.79,27.98
2025-07-15 12:00:00,2.99,26.45
2025-07-15 13:00:00,5.37,23.75
2025-07-15 14:00:00,7.02,21.55
2025-07-15 15:00:00,8.97,22.33
2025-07-15 16:00:00,21.08,36.07
2025-07-15 17:00:00,29.56,46.77
2025-07-15 18:00:00,32.54,49.93
2025-07-15 19:00:00,34.90,50.93
2025-07-15 20:00:00,40.72,59.22
2025-07-15 21:00:00,41.62,63.79
2025-07-15 22:00:00,36.27,56.98
2025-07-15 23:00:00,21.02,52.71
2025-07-16 00:00:00,7.54,43.28
2025-07-16 01:00:00,18.49,41.05
2025-07-16 02:00:00,20.77,42.37
2025-07-16 03:00:00,12.98,39.41
2025-07-16 04:00:00,5.16,35.03
2025-07-16 05:00:00,NA,29.70
2025-07-16 06:00:00,NA,27.18
2025-07-16 07:00:00,NA,29.01
2025-07-16 08:00:00,2.95,29.69
2025-07-16 09:00:00,5.18,30.54
2025-07-16 10:00:00,3.79,30.67
2025-07-16 11:00:00,3.90,29.34
2025-07-16 12:00:00,5.64,28.60
2025-07-16 13:00:00,11.26,32.85
2025-07-16 14:00:00,18.23,42.64
2025-07-16 15:00:00,18.60,45.86
2025-07-16 16:00:00,15.45,45.62
2025-07-16 17:00:00,18.36,47.04
2025-07-16 18:00:00,23.24,47.36
2025-07-16 19:00:00,19.02,46.54
2025-07-16 20:00:00,19.14,46.56
2025-07-16 21:00:00,28.14,47.92
2025-07-16 22:00:00,48.86,55.57
2025-07-16 23:00:00,46.76,49.63
2025-07-17 00:00:00,16.52,37.05
2025-07-17 01:00:00,1.83,25.30
2025-07-17 02:00:00,NA,17.88
2025-07-17 03:00:00,NA,13.37
2025-07-17 04:00:00,NA,13.32
2025-07-17 05:00:00,1.50,15.09
2025-07-17 06:00:00,7.30,18.54
2025-07-17 07:00:00,9.91,21.73
2025-07-17 08:00:00,9.12,26.18
2025-07-17 09:00:00,10.96,29.43
2025-07-17 10:00:00,6.29,29.80
2025-07-17 11:00:00,4.27,29.21
2025-07-17 12:00:00,3.65,27.56
2025-07-17 13:00:00,2.76,25.72
2025-07-17 14:00:00,9.52,29.22
2025-07-17 15:00:00,16.21,38.10
2025-07-17 16:00:00,18.95,42.72
2025-07-17 17:00:00,19.81,43.32
2025-07-17 18:00:00,28.62,47.18
2025-07-17 19:00:00,28.92,45.22
2025-07-17 20:00:00,17.21,35.72
2025-07-17 21:00:00,5.86,21.94
2025-07-17 22:00:00,4.34,18.83
2025-07-17 23:00:00,7.56,22.29
2025-07-18 00:00:00,8.00,24.60
2025-07-18 01:00:00,8.68,23.69
2025-07-18 02:00:00,11.37,22.22
2025-07-18 03:00:00,14.20,20.88
2025-07-18 04:00:00,NA,NA
2025-07-18 05:00:00,NA,NA
2025-07-18 06:00:00,18.54,19.97
2025-07-18 07:00:00,18.19,21.57
2025-07-18 08:00:00,13.36,22.87
2025-07-18 09:00:00,9.79,21.30
2025-07-18 10:00:00,8.08,21.97
2025-07-18 11:00:00,3.25,22.27
2025-07-18 12:00:00,3.67,23.14
2025-07-18 13:00:00,2.26,23.63
2025-07-18 14:00:00,3.74,24.10
2025-07-18 15:00:00,15.92,31.83
2025-07-18 16:00:00,26.64,42.59
2025-07-18 17:00:00,42.17,58.84
2025-07-18 18:00:00,53.19,60.24
2025-07-18 19:00:00,55.05,56.53
2025-07-18 20:00:00,61.89,62.06
2025-07-18 21:00:00,38.74,55.76
2025-07-18 22:00:00,12.74,48.82
2025-07-18 23:00:00,6.89,45.61
2025-07-19 00:00:00,5.82,36.52
2025-07-19 01:00:00,10.48,25.28
2025-07-19 02:00:00,14.56,19.40
2025-07-19 03:00:00,NA,NA
2025-07-19 04:00:00,NA,NA
2025-07-19 05:00:00,23.94,24.11
2025-07-19 06:00:00,14.29,25.80
2025-07-19 07:00:00,7.04,25.43
2025-07-19 08:00:00,3.87,23.03
2025-07-19 09:00:00,2.46,19.99
2025-07-19 10:00:00,0.92,14.72
2025-07-19 11:00:00,0.20,13.36
2025-07-19 12:00:00,NA,14.00
2025-07-19 13:00:00,0.54,17.23
2025-07-19 14:00:00,0.16,17.38
2025-07-19 15:00:00,11.42,27.53
2025-07-19 16:00:00,28.96,41.22
2025-07-19 17:00:00,35.12,42.06
2025-07-19 18:00:00,NA,NA
2025-07-19 19:00:00,NA,NA
2025-07-19 20:00:00,33.36,36.89
2025-07-19 21:00:00,22.99,36.61
2025-07-19 22:00:00,3.28,34.26
2025-07-19 23:00:00,2.32,33.97
2025-07-20 00:00:00,6.52,31.10
2025-07-20 01:00:00,8.34,24.35
2025-07-20 02:00:00,7.85,20.05
2025-07-20 03:00:00,5.27,16.77
2025-07-20 04:00:00,1.37,14.80
2025-07-20 05:00:00,0.45,14.70
2025-07-20 06:00:00,1.12,16.41
2025-07-20 07:00:00,7.23,20.49
2025-07-20 08:00:00,9.54,25.05
2025-07-20 09:00:00,10.38,29.09
2025-07-20 10:00:00,8.57,33.34
2025-07-20 11:00:00,3.30,35.98
2025-07-20 12:00:00,5.21,38.12
2025-07-20 13:00:00,9.09,39.73
2025-07-20 14:00:00,8.65,40.04
2025-07-20 15:00:00,12.64,38.44
2025-07-20 16:00:00,15.03,40.32
2025-07-20 17:00:00,15.86,42.77
2025-07-20 18:00:00,12.62,42.51
2025-07-20 19:00:00,8.81,48.39
2025-07-20 20:00:00,6.72,56.59
2025-07-20 21:00:00,9.72,63.24
2025-07-20 22:00:00,4.18,63.49
2025-07-20 23:00:00,5.01,55.36
2025-07-21 00:00:00,8.48,40.76
2025-07-21 01:00:00,10.07,30.04
2025-07-21 02:00:00,14.72,23.15
2025-07-21 03:00:00,20.84,21.90
2025-07-21 04:00:00,NA,NA
2025-07-21 05:00:00,NA,NA
2025-07-21 06:00:00,21.13,29.80
2025-07-21 07:00:00,6.50,24.02
2025-07-21 08:00:00,NA,17.22
2025-07-21 09:00:00,NA,14.66
2025-07-21 10:00:00,NA,12.58
2025-07-21 11:00:00,3.60,14.92
2025-07-21 12:00:00,6.54,21.16
2025-07-21 13:00:00,10.86,27.91
2025-07-21 14:00:00,12.93,30.99
2025-07-21 15:00:00,2.89,27.64
2025-07-21 16:00:00,2.58,24.29
2025-07-21 17:00:00,9.66,32.34
2025-07-21 18:00:00,16.64,44.74
2025-07-21 19:00:00,21.21,55.20
2025-07-21 20:00:00,23.93,62.10
2025-07-21 21:00:00,17.71,58.83
2025-07-21 22:00:00,17.38,53.20
2025-07-21 23:00:00,10.67,41.20
2025-07-22 00:00:00,7.80,30.11
2025-07-22 01:00:00,9.17,24.88
2025-07-22 02:00:00,11.02,22.06
2025-07-22 03:00:00,8.25,18.92
2025-07-22 04:00:00,5.10,17.18
2025-07-22 05:00:00,6.28,19.27
2025-07-22 06:00:00,8.54,23.10
2025-07-22 07:00:00,9.68,28.68
2025-07-22 08:00:00,13.83,37.46
2025-07-22 09:00:00,14.64,42.67
2025-07-22 10:00:00,13.11,42.44
2025-07-22 11:00:00,9.86,40.64
2025-07-22 12:00:00,10.88,43.90
2025-07-22 13:00:00,12.46,44.95
2025-07-22 14:00:00,11.41,44.59
2025-07-22 15:00:00,10.62,48.78
2025-07-22 16:00:00,16.10,54.25
2025-07-22 17:00:00,21.20,61.55
2025-07-22 18:00:00,25.28,72.26
2025-07-22 19:00:00,20.90,73.92
2025-07-22 20:00:00,12.82,59.13
2025-07-22 21:00:00,3.28,43.88
2025-07-22 22:00:00,NA,36.01
2025-07-22 23:00:00,NA,32.92
2025-07-23 00:00:00,2.21,29.11
2025-07-23 01:00:00,3.80,24.61
2025-07-23 02:00:00,9.13,22.65
2025-07-23 03:00:00,11.12,21.61
2025-07-23 04:00:00,9.71,21.32
2025-07-23 05:00:00,7.95,21.48
2025-07-23 06:00:00,4.84,22.02
2025-07-23 07:00:00,7.64,24.12
2025-07-23 08:00:00,9.90,27.52
2025-07-23 09:00:00,13.00,29.50
2025-07-23 10:00:00,14.68,30.19
2025-07-23 11:00:00,14.99,30.80
2025-07-23 12:00:00,23.18,37.60
2025-07-23 13:00:00,21.65,43.75
2025-07-23 14:00:00,8.04,39.93
2025-07-23 15:00:00,3.63,36.17
2025-07-23 16:00:00,6.35,35.35
2025-07-23 17:00:00,17.72,43.51
2025-07-23 18:00:00,41.05,63.77
2025-07-23 19:00:00,53.18,63.01
2025-07-23 20:00:00,48.89,49.86
2025-07-23 21:00:00,39.24,43.74
2025-07-23 22:00:00,NA,NA
2025-07-23 23:00:00,11.70,30.91
2025-07-24 00:00:00,NA,22.30
2025-07-24 01:00:00,NA,16.39
2025-07-24 02:00:00,NA,15.38
2025-07-24 03:00:00,1.24,17.22
2025-07-24 04:00:00,7.10,20.15
2025-07-24 05:00:00,6.02,17.68
2025-07-24 06:00:00,2.34,30.00
2025-07-24 07:00:00,0.33,40.04
2025-07-24 08:00:00,4.98,44.20
2025-07-24 09:00:00,7.43,45.16
2025-07-24 10:00:00,4.95,38.87
2025-07-24 11:00:00,6.68,35.08
2025-07-24 12:00:00,8.59,36.85
2025-07-24 13:00:00,6.76,37.84
2025-07-24 14:00:00,5.39,35.11
2025-07-24 15:00:00,5.66,32.54
2025-07-24 16:00:00,8.62,31.57
2025-07-24 17:00:00,14.64,38.94
2025-07-24 18:00:00,23.10,52.79
2025-07-24 19:00:00,35.14,62.90
2025-07-24 20:00:00,39.22,66.42
2025-07-24 21:00:00,23.84,63.30
2025-07-24 22:00:00,17.02,54.83
2025-07-24 23:00:00,7.38,43.93
2025-07-25 00:00:00,2.68,33.81
2025-07-25 01:00:00,3.58,27.90
2025-07-25 02:00:00,4.71,25.49
2025-07-25 03:00:00,4.18,25.05
2025-07-25 04:00:00,9.46,30.85
2025-07-25 05:00:00,18.90,35.34
2025-07-25 06:00:00,19.44,37.34
2025-07-25 07:00:00,15.61,39.67
2025-07-25 08:00:00,14.50,41.80
2025-07-25 09:00:00,14.29,45.16
2025-07-25 10:00:00,13.96,49.01
2025-07-25 11:00:00,12.06,50.54
2025-07-25 12:00:00,9.33,49.41
2025-07-25 13:00:00,7.94,47.60
2025-07-25 14:00:00,8.55,46.23
2025-07-25 15:00:00,12.45,48.24
2025-07-25 16:00:00,16.40,51.66
2025-07-25 17:00:00,17.17,53.37
2025-07-25 18:00:00,16.74,58.42
2025-07-25 19:00:00,14.30,64.40
2025-07-25 20:00:00,10.12,63.62
2025-07-25 21:00:00,12.09,60.88
2025-07-25 22:00:00,12.13,57.43
2025-07-25 23:00:00,9.13,48.01
2025-07-26 00:00:00,10.70,39.78
2025-07-26 01:00:00,11.90,34.91
2025-07-26 02:00:00,12.24,31.13
2025-07-26 03:00:00,11.98,29.04
2025-07-26 04:00:00,11.02,29.57
2025-07-26 05:00:00,9.16,30.42
2025-07-26 06:00:00,10.65,34.44
2025-07-26 07:00:00,12.20,40.74
2025-07-26 08:00:00,12.96,44.79
2025-07-26 09:00:00,14.52,46.91
2025-07-26 10:00:00,16.18,46.76
2025-07-26 11:00:00,16.27,47.55
2025-07-26 12:00:00,10.22,47.89
2025-07-26 13:00:00,6.97,44.56
2025-07-26 14:00:00,3.92,41.13
2025-07-26 15:00:00,5.19,39.69
2025-07-26 16:00:00,9.72,39.61
2025-07-26 17:00:00,14.73,41.86
2025-07-26 18:00:00,16.41,50.78
2025-07-26 19:00:00,19.48,57.64
2025-07-26 20:00:00,34.00,57.21
2025-07-26 21:00:00,21.02,44.81
2025-07-26 22:00:00,10.57,36.26
2025-07-26 23:00:00,7.00,33.28
2025-07-27 00:00:00,6.74,30.40
2025-07-27 01:00:00,9.01,26.33
2025-07-27 02:00:00,10.43,23.22
2025-07-27 03:00:00,7.68,19.72
2025-07-27 04:00:00,4.08,20.11
2025-07-27 05:00:00,2.51,20.83
2025-07-27 06:00:00,4.62,24.36
2025-07-27 07:00:00,7.59,28.93
2025-07-27 08:00:00,12.51,30.22
2025-07-27 09:00:00,11.88,31.54
2025-07-27 10:00:00,10.18,29.23
2025-07-27 11:00:00,9.19,29.27
2025-07-27 12:00:00,8.08,29.16
2025-07-27 13:00:00,10.66,30.58
2025-07-27 14:00:00,11.63,29.15
2025-07-27 15:00:00,6.37,29.72
2025-07-27 16:00:00,4.14,30.28
2025-07-27 17:00:00,5.33,32.80
2025-07-27 18:00:00,5.93,34.75
2025-07-27 19:00:00,13.27,43.03
2025-07-27 20:00:00,20.70,53.27
2025-07-27 21:00:00,22.47,51.59
2025-07-27 22:00:00,18.99,43.28
2025-07-27 23:00:00,12.68,35.64
2025-07-28 00:00:00,7.98,31.60
2025-07-28 01:00:00,5.94,29.23
2025-07-28 02:00:00,5.77,27.65
2025-07-28 03:00:00,8.57,25.36
2025-07-28 04:00:00,11.89,22.98
2025-07-28 05:00:00,9.10,22.08
2025-07-28 06:00:00,9.63,24.78
2025-07-28 07:00:00,6.57,29.83
2025-07-28 08:00:00,4.54,33.14
2025-07-28 09:00:00,2.18,32.72
2025-07-28 10:00:00,1.61,33.22
2025-07-28 11:00:00,7.59,31.43
2025-07-28 12:00:00,12.47,29.28
2025-07-28 13:00:00,10.67,26.67
2025-07-28 14:00:00,9.50,24.59
2025-07-28 15:00:00,6.93,22.73
2025-07-28 16:00:00,4.29,23.48
2025-07-28 17:00:00,4.32,25.66
2025-07-28 18:00:00,7.04,32.38
2025-07-28 19:00:00,10.44,49.53
2025-07-28 20:00:00,16.43,66.19
2025-07-28 21:00:00,15.27,59.65
2025-07-28 22:00:00,13.59,47.04
2025-07-28 23:00:00,10.94,39.35
2025-07-29 00:00:00,7.30,34.04
2025-07-29 01:00:00,4.90,32.28
2025-07-29 02:00:00,6.90,30.82
2025-07-29 03:00:00,10.67,28.96
2025-07-29 04:00:00,13.57,26.00
2025-07-29 05:00:00,12.75,25.12
2025-07-29 06:00:00,10.60,26.54
2025-07-29 07:00:00,4.97,31.44
2025-07-29 08:00:00,2.16,35.05
2025-07-29 09:00:00,3.80,37.74
2025-07-29 10:00:00,5.16,38.27
2025-07-29 11:00:00,6.06,37.70
2025-07-29 12:00:00,8.16,36.40
2025-07-29 13:00:00,4.86,34.02
2025-07-29 14:00:00,NA,32.42
2025-07-29 15:00:00,1.13,32.10
2025-07-29 16:00:00,5.69,32.12
2025-07-29 17:00:00,10.32,33.96
2025-07-29 18:00:00,12.99,38.48
2025-07-29 19:00:00,18.30,50.54
2025-07-29 20:00:00,22.41,60.21
2025-07-29 21:00:00,25.12,71.44
2025-07-29 22:00:00,21.85,71.24
2025-07-29 23:00:00,14.54,54.24
2025-07-30 00:00:00,8.04,39.52
2025-07-30 01:00:00,6.53,29.56
2025-07-30 02:00:00,4.96,21.93
2025-07-30 03:00:00,5.10,20.88
2025-07-30 04:00:00,9.14,22.00
2025-07-30 05:00:00,12.28,21.95
2025-07-30 06:00:00,13.50,24.51
2025-07-30 07:00:00,8.96,31.31
2025-07-30 08:00:00,2.04,36.54
2025-07-30 09:00:00,0.64,39.68
2025-07-30 10:00:00,0.03,39.91
2025-07-30 11:00:00,1.91,37.92
2025-07-30 12:00:00,8.52,38.67
2025-07-30 13:00:00,12.32,38.51
2025-07-30 14:00:00,10.88,36.37
2025-07-30 15:00:00,8.56,34.31
2025-07-30 16:00:00,6.31,35.27
2025-07-30 17:00:00,12.03,48.46
2025-07-30 18:00:00,25.33,68.44
2025-07-30 19:00:00,29.62,74.99
2025-07-30 20:00:00,32.88,75.50
2025-07-30 21:00:00,41.78,75.29
2025-07-30 22:00:00,20.55,58.36
2025-07-30 23:00:00,12.20,43.48
2025-07-31 00:00:00,20.02,37.74
2025-07-31 01:00:00,24.91,37.04
2025-07-31 02:00:00,26.90,36.57
2025-07-31 03:00:00,17.56,36.81
2025-07-31 04:00:00,7.66,36.91
2025-07-31 05:00:00,3.37,37.39
2025-07-31 06:00:00,3.24,39.22
2025-07-31 07:00:00,6.34,44.58
2025-07-31 08:00:00,5.40,50.71
2025-07-31 09:00:00,5.11,53.11
2025-07-31 10:00:00,6.23,51.46
2025-07-31 11:00:00,8.09,47.57
2025-07-31 12:00:00,12.10,42.48
2025-07-31 13:00:00,14.39,40.20
2025-07-31 14:00:00,17.07,47.17
2025-07-31 15:00:00,24.57,77.65
2025-07-31 16:00:00,35.70,95.15
2025-07-31 17:00:00,53.84,87.26
2025-07-31 18:00:00,56.48,76.81
2025-07-31 19:00:00,37.37,65.88
2025-07-31 20:00:00,20.76,56.30
2025-07-31 21:00:00,17.94,50.62
2025-07-31 22:00:00,12.68,44.46
2025-07-31 23:00:00,7.00,38.95
2025-08-01 00:00:00,8.69,40.82
2025-08-01 01:00:00,21.49,49.31
2025-08-01 02:00:00,26.82,52.34
2025-08-01 03:00:00,23.30,47.49
2025-08-01 04:00:00,24.00,46.74
2025-08-01 05:00:00,25.84,47.64
2025-08-01 06:00:00,26.45,51.18
2025-08-01 07:00:00,27.60,59.03
2025-08-01 08:00:00,19.52,60.20
2025-08-01 09:00:00,8.06,56.24
2025-08-01 10:00:00,1.70,50.32
2025-08-01 11:00:00,2.71,47.96
2025-08-01 12:00:00,10.25,45.21
2025-08-01 13:00:00,15.82,47.73
2025-08-01 14:00:00,18.55,56.79
2025-08-01 15:00:00,19.10,70.38
2025-08-01 16:00:00,17.45,81.39
2025-08-01 17:00:00,17.20,87.04
2025-08-01 18:00:00,21.84,85.78
2025-08-01 19:00:00,25.04,84.25
2025-08-01 20:00:00,30.26,85.04
2025-08-01 21:00:00,33.70,84.27
2025-08-01 22:00:00,33.94,79.86
2025-08-01 23:00:00,33.98,64.12
2025-08-02 00:00:00,30.86,58.78
2025-08-02 01:00:00,26.60,53.78
2025-08-02 02:00:00,21.41,51.14
2025-08-02 03:00:00,17.20,45.95
2025-08-02 04:00:00,15.60,39.60
2025-08-02 05:00:00,14.11,33.22
2025-08-02 06:00:00,11.82,27.80
2025-08-02 07:00:00,10.75,26.62
2025-08-02 08:00:00,5.00,28.62
2025-08-02 09:00:00,2.31,32.46
2025-08-02 10:00:00,4.47,40.39
2025-08-02 11:00:00,6.97,45.44
2025-08-02 12:00:00,6.66,41.61
2025-08-02 13:00:00,11.56,38.01
2025-08-02 14:00:00,23.04,48.00
2025-08-02 15:00:00,25.48,55.60
2025-08-02 16:00:00,25.97,60.78
2025-08-02 17:00:00,26.05,59.12
2025-08-02 18:00:00,30.04,58.16
2025-08-02 19:00:00,43.06,63.66
2025-08-02 20:00:00,45.64,67.05
2025-08-02 21:00:00,37.50,66.96
2025-08-02 22:00:00,37.85,64.96
2025-08-02 23:00:00,26.90,50.30
2025-08-03 00:00:00,28.00,40.82
2025-08-03 01:00:00,28.72,44.71
2025-08-03 02:00:00,26.02,47.72
2025-08-03 03:00:00,21.81,43.84
2025-08-03 04:00:00,18.60,41.58
2025-08-03 05:00:00,15.49,38.66
2025-08-03 06:00:00,10.50,33.80
2025-08-03 07:00:00,6.50,33.90
2025-08-03 08:00:00,3.92,36.39
2025-08-03 09:00:00,2.67,37.03
2025-08-03 10:00:00,8.95,40.10
2025-08-03 11:00:00,7.74,37.10
2025-08-03 12:00:00,13.05,39.95
2025-08-03 13:00:00,25.68,51.99
2025-08-03 14:00:00,22.68,50.16
2025-08-03 15:00:00,20.01,49.04
2025-08-03 16:00:00,16.88,45.74
2025-08-03 17:00:00,31.64,50.65
2025-08-03 18:00:00,30.84,49.19
2025-08-03 19:00:00,17.60,36.29
2025-08-03 20:00:00,26.39,40.42
2025-08-03 21:00:00,21.32,45.01
2025-08-03 22:00:00,12.50,46.66
2025-08-03 23:00:00,13.74,42.01
2025-08-04 00:00:00,20.74,38.50
2025-08-04 01:00:00,17.95,32.35
2025-08-04 02:00:00,13.35,24.98
2025-08-04 03:00:00,13.44,24.71
2025-08-04 04:00:00,11.80,22.60
2025-08-04 05:00:00,14.65,22.59
2025-08-04 06:00:00,15.73,24.84
2025-08-04 07:00:00,19.06,34.42
2025-08-04 08:00:00,16.67,42.00
2025-08-04 09:00:00,14.49,46.23
2025-08-04 10:00:00,15.44,46.93
2025-08-04 11:00:00,14.46,43.45
2025-08-04 12:00:00,22.38,54.19
2025-08-04 13:00:00,27.30,65.24
2025-08-04 14:00:00,23.69,67.31
2025-08-04 15:00:00,19.06,63.72
2025-08-04 16:00:00,16.40,62.38
2025-08-04 17:00:00,23.51,66.31
2025-08-04 18:00:00,29.96,66.61
2025-08-04 19:00:00,36.84,64.19
2025-08-04 20:00:00,38.73,61.34
2025-08-04 21:00:00,32.78,44.17
2025-08-04 22:00:00,39.95,44.86
2025-08-04 23:00:00,37.42,48.12
2025-08-05 00:00:00,22.47,41.04
2025-08-05 01:00:00,18.62,34.57
2025-08-05 02:00:00,19.84,31.84
2025-08-05 03:00:00,20.90,29.77
2025-08-05 04:00:00,18.48,27.30
2025-08-05 05:00:00,16.54,25.02
2025-08-05 06:00:00,17.47,26.82
2025-08-05 07:00:00,11.55,29.60
2025-08-05 08:00:00,NA,28.13
2025-08-05 09:00:00,0.51,26.80
2025-08-05 10:00:00,5.27,29.53
2025-08-05 11:00:00,8.56,32.40
2025-08-05 12:00:00,12.58,34.20
2025-08-05 13:00:00,22.65,43.70
2025-08-05 14:00:00,25.07,45.76
2025-08-05 15:00:00,25.23,45.64
2025-08-05 16:00:00,29.08,49.82
2025-08-05 17:00:00,32.82,51.92
2025-08-05 18:00:00,31.70,45.21
2025-08-05 19:00:00,45.87,49.60
2025-08-05 20:00:00,44.90,47.40
2025-08-05 21:00:00,31.78,39.82
2025-08-05 22:00:00,25.93,43.23
2025-08-05 23:00:00,18.40,41.01
2025-08-06 00:00:00,17.46,38.39
2025-08-06 01:00:00,19.88,36.72
2025-08-06 02:00:00,23.98,36.49
2025-08-06 03:00:00,11.58,29.28
2025-08-06 04:00:00,8.46,24.05
2025-08-06 05:00:00,8.76,22.63
2025-08-06 06:00:00,11.80,26.12
2025-08-06 07:00:00,8.80,29.30
2025-08-06 08:00:00,3.28,29.92
2025-08-06 09:00:00,1.34,29.13
2025-08-06 10:00:00,0.86,27.99
2025-08-06 11:00:00,6.86,33.43
2025-08-06 12:00:00,18.31,45.67
2025-08-06 13:00:00,26.68,59.43
2025-08-06 14:00:00,24.28,60.69
2025-08-06 15:00:00,21.35,59.92
2025-08-06 16:00:00,23.49,60.24
2025-08-06 17:00:00,34.14,71.80
2025-08-06 18:00:00,57.57,78.53
2025-08-06 19:00:00,60.31,70.47
2025-08-06 20:00:00,59.24,61.68
2025-08-06 21:00:00,41.12,49.59
2025-08-06 22:00:00,12.38,39.33
2025-08-06 23:00:00,3.17,32.21
2025-08-07 00:00:00,NA,27.26
2025-08-07 01:00:00,1.13,26.48
2025-08-07 02:00:00,7.12,28.52
2025-08-07 03:00:00,10.64,28.76
2025-08-07 04:00:00,8.61,27.66
2025-08-07 05:00:00,8.93,25.45
2025-08-07 06:00:00,11.93,26.92
2025-08-07 07:00:00,20.74,33.90
2025-08-07 08:00:00,14.76,34.66
2025-08-07 09:00:00,3.55,31.38
2025-08-07 10:00:00,2.20,28.23
2025-08-07 11:00:00,12.27,40.03
2025-08-07 12:00:00,21.43,55.22
2025-08-07 13:00:00,24.74,58.06
2025-08-07 14:00:00,22.96,52.58
2025-08-07 15:00:00,22.19,48.79
2025-08-07 16:00:00,25.19,52.13
2025-08-07 17:00:00,28.21,54.04
2025-08-07 18:00:00,36.32,56.04
2025-08-07 19:00:00,54.26,64.76
2025-08-07 20:00:00,71.26,75.80
2025-08-07 21:00:00,NA,NA
2025-08-07 22:00:00,70.88,75.38
2025-08-07 23:00:00,45.51,56.39
2025-08-08 00:00:00,33.07,43.51
2025-08-08 01:00:00,27.85,38.70
2025-08-08 02:00:00,18.40,34.78
2025-08-08 03:00:00,13.32,23.00
2025-08-08 04:00:00,6.52,17.57
2025-08-08 05:00:00,4.48,14.10
2025-08-08 06:00:00,3.10,12.10
2025-08-08 07:00:00,6.88,16.86
2025-08-08 08:00:00,10.48,22.23
2025-08-08 09:00:00,6.40,23.53
2025-08-08 10:00:00,2.32,24.73
2025-08-08 11:00:00,0.27,21.58
2025-08-08 12:00:00,1.48,23.68
2025-08-08 13:00:00,10.96,42.16
2025-08-08 14:00:00,17.79,54.07
2025-08-08 15:00:00,21.34,61.26
2025-08-08 16:00:00,23.81,67.91
2025-08-08 17:00:00,26.96,74.54
2025-08-08 18:00:00,24.40,62.77
2025-08-08 19:00:00,30.91,55.54
2025-08-08 20:00:00,35.62,51.18
2025-08-08 21:00:00,32.47,48.77
2025-08-08 22:00:00,27.11,49.96
2025-08-08 23:00:00,28.06,54.23
2025-08-09 00:00:00,28.06,56.22
2025-08-09 01:00:00,20.88,53.71
2025-08-09 02:00:00,17.78,48.88
2025-08-09 03:00:00,24.88,49.84
2025-08-09 04:00:00,34.00,53.12
2025-08-09 05:00:00,41.05,54.55
2025-08-09 06:00:00,26.96,41.97
2025-08-09 07:00:00,10.05,33.61
2025-08-09 08:00:00,2.58,30.58
2025-08-09 09:00:00,0.98,30.32
2025-08-09 10:00:00,0.05,29.35
2025-08-09 11:00:00,4.10,32.93
2025-08-09 12:00:00,14.30,45.82
2025-08-09 13:00:00,10.07,49.06
2025-08-09 14:00:00,14.85,51.81
2025-08-09 15:00:00,32.20,63.43
2025-08-09 16:00:00,29.84,65.14
2025-08-09 17:00:00,25.99,55.13
2025-08-09 18:00:00,28.42,52.23
2025-08-09 19:00:00,44.37,57.38
2025-08-09 20:00:00,56.37,66.62
2025-08-09 21:00:00,20.66,62.47
2025-08-09 22:00:00,NA,47.44
2025-08-09 23:00:00,0.82,44.39
2025-08-10 00:00:00,10.48,46.20
2025-08-10 01:00:00,6.81,38.14
2025-08-10 02:00:00,5.94,32.77
2025-08-10 03:00:00,9.97,30.53
2025-08-10 04:00:00,8.12,28.27
2025-08-10 05:00:00,8.82,25.66
2025-08-10 06:00:00,8.58,25.02
2025-08-10 07:00:00,7.23,27.28
2025-08-10 08:00:00,4.11,26.85
2025-08-10 09:00:00,2.32,23.70
2025-08-10 10:00:00,1.95,20.34
2025-08-10 11:00:00,2.30,18.32
2025-08-10 12:00:00,0.76,18.71
2025-08-10 13:00:00,5.65,24.09
2025-08-10 14:00:00,14.03,32.76
2025-08-10 15:00:00,15.29,36.05
2025-08-10 16:00:00,17.62,36.00
2025-08-10 17:00:00,18.53,31.81
2025-08-10 18:00:00,15.72,29.11
2025-08-10 19:00:00,24.47,33.92
2025-08-10 20:00:00,30.47,31.28
2025-08-10 21:00:00,18.01,22.08
2025-08-10 22:00:00,9.57,18.24
2025-08-10 23:00:00,7.42,18.52
2025-08-11 00:00:00,1.20,12.29
2025-08-11 01:00:00,NA,9.09
2025-08-11 02:00:00,NA,10.50
2025-08-11 03:00:00,2.81,11.08
2025-08-11 04:00:00,8.53,14.50
2025-08-11 05:00:00,10.12,22.92
2025-08-11 06:00:00,11.42,24.64
2025-08-11 07:00:00,9.32,23.88
2025-08-11 08:00:00,2.01,19.12
2025-08-11 09:00:00,0.62,18.23
2025-08-11 10:00:00,3.53,21.59
2025-08-11 11:00:00,5.67,25.06
2025-08-11 12:00:00,2.06,26.82
2025-08-11 13:00:00,1.93,27.35
2025-08-11 14:00:00,5.15,27.78
2025-08-11 15:00:00,7.14,26.14
2025-08-11 16:00:00,9.80,23.97
2025-08-11 17:00:00,16.44,27.18
2025-08-11 18:00:00,30.01,35.77
2025-08-11 19:00:00,NA,NA
2025-08-11 20:00:00,NA,NA
2025-08-11 21:00:00,NA,NA
2025-08-11 22:00:00,NA,NA
2025-08-11 23:00:00,NA,NA
2025-08-12 00:00:00,32.45,35.93
2025-08-12 01:00:00,26.34,32.72
2025-08-12 02:00:00,29.69,34.39
2025-08-12 03:00:00,NA,NA
2025-08-12 04:00:00,NA,NA
2025-08-12 05:00:00,22.57,25.27
2025-08-12 06:00:00,22.80,25.37
2025-08-12 07:00:00,33.98,36.12
2025-08-12 08:00:00,27.01,34.02
2025-08-12 09:00:00,3.78,25.01
2025-08-12 10:00:00,NA,18.83
2025-08-12 11:00:00,4.06,22.14
2025-08-12 12:00:00,13.68,29.81
2025-08-12 13:00:00,22.13,35.96
2025-08-12 14:00:00,27.82,37.70
2025-08-12 15:00:00,28.99,40.44
2025-08-12 16:00:00,31.93,48.92
2025-08-12 17:00:00,22.37,41.75
2025-08-12 18:00:00,40.64,46.05
2025-08-12 19:00:00,49.08,81.45
2025-08-12 20:00:00,46.58,136.71
2025-08-12 21:00:00,58.10,132.30
2025-08-12 22:00:00,55.76,117.90
2025-08-12 23:00:00,48.86,106.96
2025-08-13 00:00:00,49.52,85.50
2025-08-13 01:00:00,57.86,73.29
2025-08-13 02:00:00,56.51,79.76
2025-08-13 03:00:00,46.52,75.58
2025-08-13 04:00:00,11.04,39.88
2025-08-13 05:00:00,2.90,28.06
2025-08-13 06:00:00,10.22,29.07
2025-08-13 07:00:00,21.58,41.60
2025-08-13 08:00:00,28.38,32.83
2025-08-13 09:00:00,NA,NA
2025-08-13 10:00:00,21.14,21.21
2025-08-13 11:00:00,17.63,18.62
2025-08-13 12:00:00,9.76,10.31
2025-08-13 13:00:00,2.31,7.33
2025-08-13 14:00:00,NA,8.42
2025-08-13 15:00:00,2.82,12.05
2025-08-13 16:00:00,11.16,19.74
2025-08-13 17:00:00,17.90,28.76
2025-08-13 18:00:00,24.59,37.02
2025-08-13 19:00:00,30.21,44.00
2025-08-13 20:00:00,46.99,58.52
2025-08-13 21:00:00,47.20,69.96
2025-08-13 22:00:00,62.38,82.54
2025-08-13 23:00:00,92.87,102.17
2025-08-14 00:00:00,99.00,102.24
2025-08-14 01:00:00,98.89,99.37
2025-08-14 02:00:00,81.86,83.64
2025-08-14 03:00:00,NA,NA
2025-08-14 04:00:00,NA,NA
2025-08-14 05:00:00,NA,NA
2025-08-14 06:00:00,32.54,32.81
2025-08-14 07:00:00,33.64,38.08
2025-08-14 08:00:00,26.31,38.11
2025-08-14 09:00:00,13.04,36.60
2025-08-14 10:00:00,4.82,33.13
2025-08-14 11:00:00,NA,29.27
2025-08-14 12:00:00,2.52,28.01
2025-08-14 13:00:00,9.23,27.80
2025-08-14 14:00:00,17.62,25.91
2025-08-14 15:00:00,23.29,24.75
2025-08-14 16:00:00,NA,NA
2025-08-14 17:00:00,NA,NA
2025-08-14 18:00:00,NA,NA
2025-08-14 19:00:00,NA,NA
2025-08-14 20:00:00,NA,NA
2025-08-14 21:00:00,NA,NA
2025-08-14 22:00:00,36.13,39.99
2025-08-14 23:00:00,32.99,34.83
2025-08-15 00:00:00,24.54,27.20
2025-08-15 01:00:00,NA,NA
2025-08-15 02:00:00,NA,NA
2025-08-15 03:00:00,NA,NA
2025-08-15 04:00:00,35.67,52.94
2025-08-15 05:00:00,12.90,41.77
2025-08-15 06:00:00,NA,44.93
2025-08-15 07:00:00,3.53,36.16
2025-08-15 08:00:00,12.13,31.80
2025-08-15 09:00:00,12.25,28.07
2025-08-15 10:00:00,9.89,28.02
2025-08-15 11:00:00,6.62,28.12
2025-08-15 12:00:00,7.66,28.83
2025-08-15 13:00:00,8.92,29.81
2025-08-15 14:00:00,6.41,28.61
2025-08-15 15:00:00,9.77,26.74
2025-08-15 16:00:00,12.01,28.30
2025-08-15 17:00:00,13.25,31.32
2025-08-15 18:00:00,26.48,38.43
2025-08-15 19:00:00,43.28,49.03
2025-08-15 20:00:00,69.77,70.15
2025-08-15 21:00:00,64.82,69.99
2025-08-15 22:00:00,34.28,39.81
2025-08-15 23:00:00,22.14,30.91
2025-08-16 00:00:00,14.46,22.40
2025-08-16 01:00:00,12.93,20.62
2025-08-16 02:00:00,17.04,19.88
2025-08-16 03:00:00,NA,NA
2025-08-16 04:00:00,NA,NA
2025-08-16 05:00:00,14.72,20.18
2025-08-16 06:00:00,2.76,17.57
2025-08-16 07:00:00,6.94,18.55
2025-08-16 08:00:00,16.35,23.59
2025-08-16 09:00:00,16.07,25.23
2025-08-16 10:00:00,NA,NA
2025-08-16 11:00:00,NA,NA
2025-08-16 12:00:00,NA,NA
2025-08-16 13:00:00,NA,NA
2025-08-16 14:00:00,NA,NA
2025-08-16 15:00:00,NA,NA
2025-08-16 16:00:00,NA,NA
2025-08-16 17:00:00,NA,NA
2025-08-16 18:00:00,NA,NA
2025-08-16 19:00:00,NA,NA
2025-08-16 20:00:00,NA,NA
2025-08-16 21:00:00,NA,NA
2025-08-16 22:00:00,NA,NA
2025-08-16 23:00:00,NA,NA
2025-08-17 00:00:00,NA,NA
2025-08-17 01:00:00,NA,NA
2025-08-17 02:00:00,NA,NA
2025-08-17 03:00:00,NA,NA
2025-08-17 04:00:00,NA,NA
2025-08-17 05:00:00,NA,NA
2025-08-17 06:00:00,NA,NA
2025-08-17 07:00:00,NA,NA
2025-08-17 08:00:00,NA,NA
2025-08-17 09:00:00,NA,NA
2025-08-17 10:00:00,NA,NA
2025-08-17 11:00:00,NA,NA
2025-08-17 12:00:00,NA,NA
2025-08-17 13:00:00,NA,NA
2025-08-17 14:00:00,NA,NA
2025-08-17 15:00:00,NA,NA
2025-08-17 16:00:00,NA,NA
2025-08-17 17:00:00,NA,NA
2025-08-17 18:00:00,NA,NA
2025-08-17 19:00:00,NA,NA
2025-08-17 20:00:00,NA,NA
2025-08-17 21:00:00,NA,NA
2025-08-17 22:00:00,NA,NA
2025-08-17 23:00:00,NA,NA
2025-08-18 00:00:00,NA,NA
2025-08-18 01:00:00,NA,NA
2025-08-18 02:00:00,NA,NA
2025-08-18 03:00:00,NA,NA
2025-08-18 04:00:00,NA,NA
2025-08-18 05:00:00,NA,NA
2025-08-18 06:00:00,NA,NA
2025-08-18 07:00:00,NA,NA
2025-08-18 08:00:00,NA,NA
2025-08-18 09:00:00,NA,NA
2025-08-18 10:00:00,NA,NA
2025-08-18 11:00:00,NA,NA
2025-08-18 12:00:00,NA,NA
2025-08-18 13:00:00,14.59,25.90
2025-08-18 14:00:00,14.28,26.51
2025-08-18 15:00:00,2.62,33.15
2025-08-18 16:00:00,25.37,45.06
2025-08-18 17:00:00,43.57,45.69
2025-08-18 18:00:00,26.51,33.89
2025-08-18 19:00:00,21.67,27.00
2025-08-18 20:00:00,NA,NA
2025-08-18 21:00:00,33.88,35.06
2025-08-18 22:00:00,23.82,30.33
2025-08-18 23:00:00,7.24,21.65
2025-08-19 00:00:00,0.80,16.73
2025-08-19 01:00:00,2.34,15.10
2025-08-19 02:00:00,11.65,16.23
2025-08-19 03:00:00,19.38,20.25
2025-08-19 04:00:00,19.67,24.55
2025-08-19 05:00:00,12.81,26.94
2025-08-19 06:00:00,9.26,30.07
2025-08-19 07:00:00,16.18,35.35
2025-08-19 08:00:00,23.80,42.15
2025-08-19 09:00:00,21.85,46.66
2025-08-19 10:00:00,24.08,45.89
2025-08-19 11:00:00,NA,NA
2025-08-19 12:00:00,NA,NA
2025-08-19 13:00:00,NA,NA
2025-08-19 14:00:00,NA,NA
2025-08-19 15:00:00,NA,NA
2025-08-19 16:00:00,NA,0.66
2025-08-19 17:00:00,0.01,5.72
2025-08-19 18:00:00,0.94,15.62
2025-08-19 19:00:00,0.29,31.02
2025-08-19 20:00:00,6.89,43.52
2025-08-19 21:00:00,17.52,50.75
2025-08-19 22:00:00,24.47,51.70
2025-08-19 23:00:00,23.58,49.65
2025-08-20 00:00:00,21.94,44.57
2025-08-20 01:00:00,20.64,38.78
2025-08-20 02:00:00,24.00,35.23
2025-08-20 03:00:00,27.27,33.34
2025-08-20 04:00:00,26.04,37.04
2025-08-20 05:00:00,NA,NA
2025-08-20 06:00:00,0.06,0.84
2025-08-20 07:00:00,4.44,15.36
2025-08-20 08:00:00,18.66,39.69
2025-08-20 09:00:00,23.19,47.73
2025-08-20 10:00:00,15.81,46.63
2025-08-20 11:00:00,7.47,45.34
2025-08-20 12:00:00,10.05,43.10
2025-08-20 13:00:00,11.14,38.97
2025-08-20 14:00:00,14.34,33.99
2025-08-20 15:00:00,18.26,30.17
2025-08-20 16:00:00,19.00,31.48
2025-08-20 17:00:00,21.99,35.29
2025-08-20 18:00:00,31.58,46.73
2025-08-20 19:00:00,58.28,76.34
2025-08-20 20:00:00,71.57,85.67
2025-08-20 21:00:00,80.96,84.51
2025-08-20 22:00:00,65.56,76.13
2025-08-20 23:00:00,68.38,71.40
2025-08-21 00:00:00,NA,NA
2025-08-21 01:00:00,NA,NA
2025-08-21 02:00:00,44.90,48.01
2025-08-21 03:00:00,35.08,45.37
2025-08-21 04:00:00,30.81,44.30
2025-08-21 05:00:00,23.62,40.46
2025-08-21 06:00:00,22.90,40.45
2025-08-21 07:00:00,27.01,44.04
2025-08-21 08:00:00,21.71,44.94
2025-08-21 09:00:00,19.85,46.93
2025-08-21 10:00:00,17.65,44.57
2025-08-21 11:00:00,7.78,39.26
2025-08-21 12:00:00,10.59,34.39
2025-08-21 13:00:00,12.05,21.66
2025-08-21 14:00:00,5.93,7.39
2025-08-21 15:00:00,9.51,18.75
2025-08-21 16:00:00,18.42,33.70
2025-08-21 17:00:00,27.83,42.09
2025-08-21 18:00:00,33.03,45.09
2025-08-21 19:00:00,34.15,47.80
2025-08-21 20:00:00,34.62,48.72
2025-08-21 21:00:00,37.08,48.98
2025-08-21 22:00:00,28.63,37.71
2025-08-21 23:00:00,18.67,30.94
2025-08-22 00:00:00,29.64,38.14
2025-08-22 01:00:00,31.80,40.94
2025-08-22 02:00:00,29.02,39.98
2025-08-22 03:00:00,30.41,40.33
2025-08-22 04:00:00,32.78,45.10
2025-08-22 05:00:00,38.52,46.53
2025-08-22 06:00:00,NA,NA
2025-08-22 07:00:00,NA,NA
2025-08-22 08:00:00,NA,NA
2025-08-22 09:00:00,21.06,22.11
2025-08-22 10:00:00,18.79,23.70
2025-08-22 11:00:00,27.34,30.52
2025-08-22 12:00:00,32.19,36.58
2025-08-22 13:00:00,25.48,38.88
2025-08-22 14:00:00,19.97,39.48
2025-08-22 15:00:00,29.22,44.86
2025-08-22 16:00:00,39.80,47.52
2025-08-22 17:00:00,44.86,46.64
2025-08-22 18:00:00,NA,NA
2025-08-22 19:00:00,30.42,32.36
2025-08-22 20:00:00,28.94,29.05
2025-08-22 21:00:00,29.63,35.61
2025-08-22 22:00:00,15.38,33.16
2025-08-22 23:00:00,21.58,31.03
2025-08-23 00:00:00,NA,NA
2025-08-23 01:00:00,NA,NA
2025-08-23 02:00:00,NA,NA
2025-08-23 03:00:00,NA,NA
2025-08-23 04:00:00,NA,NA
2025-08-23 05:00:00,5.09,5.50
2025-08-23 06:00:00,3.90,5.11
2025-08-23 07:00:00,7.08,7.86
2025-08-23 08:00:00,NA,NA
2025-08-23 09:00:00,NA,NA
2025-08-23 10:00:00,NA,NA
2025-08-23 11:00:00,21.26,21.54
2025-08-23 12:00:00,20.45,24.16
2025-08-23 13:00:00,20.69,28.04
2025-08-23 14:00:00,19.36,29.40
2025-08-23 15:00:00,20.32,31.30
2025-08-23 16:00:00,24.25,33.25
2025-08-23 17:00:00,34.31,39.87
2025-08-23 18:00:00,NA,NA
2025-08-23 19:00:00,NA,NA
2025-08-23 20:00:00,26.49,26.79
2025-08-23 21:00:00,36.82,41.52
2025-08-23 22:00:00,42.27,53.06
2025-08-23 23:00:00,53.55,59.62
2025-08-24 00:00:00,NA,NA
2025-08-24 01:00:00,NA,NA
2025-08-24 02:00:00,NA,NA
2025-08-24 03:00:00,NA,NA
2025-08-24 04:00:00,NA,NA
2025-08-24 05:00:00,43.11,47.31
2025-08-24 06:00:00,30.84,40.92
2025-08-24 07:00:00,21.33,36.72
2025-08-24 08:00:00,11.59,34.50
2025-08-24 09:00:00,1.80,29.98
2025-08-24 10:00:00,NA,23.05
2025-08-24 11:00:00,NA,20.70
2025-08-24 12:00:00,NA,21.27
2025-08-24 13:00:00,NA,20.49
2025-08-24 14:00:00,NA,19.71
2025-08-24 15:00:00,2.41,24.08
2025-08-24 16:00:00,0.02,0.74
2025-08-24 17:00:00,3.88,9.46
2025-08-24 18:00:00,19.60,23.28
2025-08-24 19:00:00,NA,NA
2025-08-24 20:00:00,NA,NA
2025-08-24 21:00:00,NA,NA
2025-08-24 22:00:00,NA,NA
2025-08-24 23:00:00,NA,NA
2025-08-25 00:00:00,50.62,51.72
2025-08-25 01:00:00,47.25,47.60
2025-08-25 02:00:00,NA,NA
2025-08-25 03:00:00,NA,NA
2025-08-25 04:00:00,NA,NA
2025-08-25 05:00:00,NA,NA
2025-08-25 06:00:00,NA,NA
2025-08-25 07:00:00,46.78,53.80
2025-08-25 08:00:00,18.78,44.38
2025-08-25 09:00:00,4.18,36.75
2025-08-25 10:00:00,4.12,33.67
2025-08-25 11:00:00,0.99,27.22
2025-08-25 12:00:00,7.87,25.80
2025-08-25 13:00:00,10.66,26.28
2025-08-25 14:00:00,7.84,28.48
2025-08-25 15:00:00,6.29,30.72
2025-08-25 16:00:00,7.04,33.66
2025-08-25 17:00:00,23.56,40.47
2025-08-25 18:00:00,45.50,52.26
2025-08-25 19:00:00,49.88,53.54
2025-08-25 20:00:00,42.88,50.44
2025-08-25 21:00:00,41.69,44.64
2025-08-25 22:00:00,NA,NA
2025-08-25 23:00:00,NA,NA
2025-08-26 00:00:00,NA,NA
2025-08-26 01:00:00,NA,NA
2025-08-26 02:00:00,NA,NA
2025-08-26 03:00:00,NA,NA
2025-08-26 04:00:00,NA,NA
2025-08-26 05:00:00,NA,NA
2025-08-26 06:00:00,43.29,47.76
2025-08-26 07:00:00,44.18,51.50
2025-08-26 08:00:00,NA,NA
2025-08-26 09:00:00,57.81,65.90
2025-08-26 10:00:00,31.81,58.68
2025-08-26 11:00:00,17.94,45.97
2025-08-26 12:00:00,4.24,32.83
2025-08-26 13:00:00,1.76,29.49
2025-08-26 14:00:00,3.43,28.83
2025-08-26 15:00:00,6.96,28.61
2025-08-26 16:00:00,11.21,28.90
2025-08-26 17:00:00,16.20,37.27
2025-08-26 18:00:00,29.55,46.50
2025-08-26 19:00:00,54.96,57.59
2025-08-26 20:00:00,NA,NA
2025-08-26 21:00:00,65.43,66.68
2025-08-26 22:00:00,52.92,60.96
2025-08-26 23:00:00,40.65,55.22
2025-08-27 00:00:00,42.12,54.10
2025-08-27 01:00:00,48.24,55.90
2025-08-27 02:00:00,48.90,54.48
2025-08-27 03:00:00,40.08,50.44
2025-08-27 04:00:00,35.52,48.21
2025-08-27 05:00:00,33.76,45.33
2025-08-27 06:00:00,29.61,44.25
2025-08-27 07:00:00,13.15,38.88
2025-08-27 08:00:00,6.12,31.62
2025-08-27 09:00:00,10.81,28.49
2025-08-27 10:00:00,11.06,30.24
2025-08-27 11:00:00,11.18,30.58
2025-08-27 12:00:00,8.32,27.04
2025-08-27 13:00:00,3.92,25.63
2025-08-27 14:00:00,5.46,26.33
2025-08-27 15:00:00,4.35,26.04
2025-08-27 16:00:00,13.27,30.08
2025-08-27 17:00:00,30.54,38.65
2025-08-27 18:00:00,45.98,45.99
2025-08-27 19:00:00,NA,NA
2025-08-27 20:00:00,NA,NA
2025-08-27 21:00:00,NA,NA
2025-08-27 22:00:00,NA,NA
2025-08-27 23:00:00,NA,NA
2025-08-28 00:00:00,NA,NA
2025-08-28 01:00:00,22.46,25.23
2025-08-28 02:00:00,18.45,23.07
2025-08-28 03:00:00,9.66,21.10
2025-08-28 04:00:00,5.28,19.28
2025-08-28 05:00:00,5.20,18.69
2025-08-28 06:00:00,13.11,20.19
2025-08-28 07:00:00,17.63,25.35
2025-08-28 08:00:00,17.36,30.38
2025-08-28 09:00:00,14.03,35.36
2025-08-28 10:00:00,11.81,37.01
2025-08-28 11:00:00,13.18,33.41
2025-08-28 12:00:00,11.29,29.22
2025-08-28 13:00:00,11.30,28.39
2025-08-28 14:00:00,13.21,30.58
2025-08-28 15:00:00,11.13,35.16
2025-08-28 16:00:00,12.82,41.62
2025-08-28 17:00:00,29.28,51.24
2025-08-28 18:00:00,56.04,62.13
2025-08-28 19:00:00,61.39,61.96
2025-08-28 20:00:00,52.10,52.61
2025-08-28 21:00:00,47.28,53.31
2025-08-28 22:00:00,46.55,64.82
2025-08-28 23:00:00,38.22,69.34
2025-08-29 00:00:00,40.65,58.74
2025-08-29 01:00:00,46.02,54.99
2025-08-29 02:00:00,47.44,51.44
2025-08-29 03:00:00,40.48,46.68
2025-08-29 04:00:00,30.67,38.97
2025-08-29 05:00:00,24.63,34.60
2025-08-29 06:00:00,30.04,36.82
2025-08-29 07:00:00,33.73,44.45
2025-08-29 08:00:00,32.20,53.74
2025-08-29 09:00:00,22.75,56.56
2025-08-29 10:00:00,13.56,51.82
2025-08-29 11:00:00,12.08,44.30
2025-08-29 12:00:00,15.78,37.97
2025-08-29 13:00:00,18.94,35.06
2025-08-29 14:00:00,16.55,33.27
2025-08-29 15:00:00,10.43,35.22
2025-08-29 16:00:00,30.58,47.49
2025-08-29 17:00:00,49.73,55.46
2025-08-29 18:00:00,58.28,58.85
2025-08-29 19:00:00,NA,NA
2025-08-29 20:00:00,NA,NA
2025-08-29 21:00:00,NA,NA
2025-08-29 22:00:00,25.33,35.92
2025-08-29 23:00:00,11.04,31.33
2025-08-30 00:00:00,2.81,27.42
2025-08-30 01:00:00,8.46,28.35
2025-08-30 02:00:00,17.63,30.41
2025-08-30 03:00:00,24.00,31.82
2025-08-30 04:00:00,29.27,32.77
2025-08-30 05:00:00,31.20,36.26
2025-08-30 06:00:00,29.17,41.03
2025-08-30 07:00:00,22.78,45.82
2025-08-30 08:00:00,5.20,41.89
2025-08-30 09:00:00,NA,36.32
2025-08-30 10:00:00,1.08,32.53
2025-08-30 11:00:00,7.70,29.70
2025-08-30 12:00:00,18.83,27.59
2025-08-30 13:00:00,21.82,27.92
2025-08-30 14:00:00,17.05,28.04
2025-08-30 15:00:00,11.37,31.98
2025-08-30 16:00:00,11.46,35.82
2025-08-30 17:00:00,28.81,48.80
2025-08-30 18:00:00,54.28,62.68
2025-08-30 19:00:00,NA,NA
2025-08-30 20:00:00,NA,NA
2025-08-30 21:00:00,NA,NA
2025-08-30 22:00:00,NA,NA
2025-08-30 23:00:00,27.70,NA
2025-08-31 00:00:00,16.58,NA
2025-08-31 01:00:00,4.10,NA
2025-08-31 02:00:00,19.71,NA
2025-08-31 03:00:00,36.93,NA
2025-08-31 04:00:00,46.29,60.68
2025-08-31 05:00:00,50.46,149.59
2025-08-31 06:00:00,48.89,146.23
2025-08-31 07:00:00,42.44,95.44
2025-08-31 08:00:00,25.42,61.31
2025-08-31 09:00:00,2.94,48.89
2025-08-31 10:00:00,NA,44.71
2025-08-31 11:00:00,0.01,39.65
2025-08-31 12:00:00,5.45,36.16
2025-08-31 13:00:00,11.76,28.46
2025-08-31 14:00:00,15.04,25.46
2025-08-31 15:00:00,12.54,22.65
2025-08-31 16:00:00,8.70,19.40
2025-08-31 17:00:00,21.17,27.93
2025-08-31 18:00:00,31.69,35.39
2025-08-31 19:00:00,44.53,45.00
2025-08-31 20:00:00,49.79,51.45
2025-08-31 21:00:00,40.67,48.96
2025-08-31 22:00:00,45.92,54.63
2025-08-31 23:00:00,59.67,62.29
2025-09-01 00:00:00,51.36,56.85
2025-09-01 01:00:00,NA,NA
2025-09-01 02:00:00,NA,NA
2025-09-01 03:00:00,17.29,18.62
2025-09-01 04:00:00,13.66,16.34
2025-09-01 05:00:00,16.13,16.73
2025-09-01 06:00:00,NA,NA
2025-09-01 07:00:00,NA,NA
2025-09-01 08:00:00,26.16,30.10
2025-09-01 09:00:00,14.57,29.71
2025-09-01 10:00:00,10.81,29.90
2025-09-01 11:00:00,11.75,31.82
2025-09-01 12:00:00,8.38,33.10
2025-09-01 13:00:00,2.48,30.51
2025-09-01 14:00:00,1.47,28.54
2025-09-01 15:00:00,9.59,31.26
2025-09-01 16:00:00,13.48,36.75
2025-09-01 17:00:00,19.16,43.78
2025-09-01 18:00:00,34.70,61.54
2025-09-01 19:00:00,47.82,77.33
2025-09-01 20:00:00,60.98,97.22
2025-09-01 21:00:00,67.01,131.00
2025-09-01 22:00:00,72.10,152.86
2025-09-01 23:00:00,77.05,152.60
